payout_id,gateway_name,gateway_reference,gross_amount_minor,processing_fee_minor,refund_amount_minor,chargeback_amount_minor,net_settlement_amount_minor,currency,settlement_timestamp,batch_token
PO_B14_000001,Stripe India,JIOO-INV-434095 PO_B14_000001,40086,996,0,0,39090,INR,2026-08-16T18:47:00Z,BATCH-JIOO-0001
PO_B14_000002,Razorpay Nodal,OLAA-INV-974570 PO_B14_000002,219978,3570,0,0,216408,INR,2026-08-16T18:00:00Z,BATCH-OLAA-0002
PO_B14_000003,PayU Enterprise,MMTR-INV-533421 PO_B14_000003,193059,3913,0,0,189146,INR,2026-08-16T16:10:00Z,BATCH-MMTR-0003
PO_B14_000004,Stripe India,UBER-INV-702980 PO_B14_000004,103294,1617,0,0,101677,INR,2026-08-16T08:42:00Z,BATCH-UBER-0004
PO_B14_000005,Stripe India,MMTR-INV-873981 PO_B14_000005,445035,10394,0,0,434641,INR,2026-08-16T00:49:00Z,BATCH-MMTR-0005
PO_B14_000006,Stripe India,BKMS-EXC-946456-UNRESOLVED,177761,3545,0,0,174216,INR,2026-08-16T22:31:00Z,HOLD-ESCROW
PO_B14_000007,Cashfree Escrow,BKMS-INV-911682 PO_B14_000007,36069,719,0,0,35350,INR,2026-08-16T06:52:00Z,BATCH-BKMS-0007
PO_B14_000008,PayU Enterprise,UBER-INV-736594 PO_B14_000008,123164,2898,0,0,120266,INR,2026-08-16T19:15:00Z,BATCH-UBER-0008
PO_B14_000009,Razorpay Nodal,SWIG-INV-402068 PO_B14_000009,145591,3281,0,0,142310,INR,2026-08-16T07:17:00Z,BATCH-SWIG-0009
PO_B14_000010,Stripe India,ZOMA-INV-589856 PO_B14_000010,117956,1775,0,0,116181,INR,2026-08-16T19:11:00Z,BATCH-ZOMA-0010
PO_B14_000011,Razorpay Nodal,PHNP-EXC-916674-UNRESOLVED,75296,1495,0,0,73801,INR,2026-08-17T03:56:00Z,HOLD-ESCROW
PO_B14_000012,Razorpay Nodal,AMZN-ORD-996688 AMZN-ORD-193846 BATCH-AMZN-0012,366348,7326,0,0,359022,INR,2026-08-16T10:23:00Z,BATCH-AMZN-0012
PO_B14_000013,BillDesk Settlement,PHNP-INV-947837 PO_B14_000013,232979,5363,0,0,227616,INR,2026-08-16T17:22:00Z,BATCH-PHNP-0013
PO_B14_000014,Cashfree Escrow,JIOO-INV-463470 PO_B14_000014,104987,2577,0,0,102410,INR,2026-08-16T17:19:00Z,BATCH-JIOO-0014
PO_B14_000015,Cashfree Escrow,PHNP-INV-754073 PO_B14_000015,143559,2967,0,0,140592,INR,2026-08-16T00:37:00Z,BATCH-PHNP-0015
PO_B14_000016,BillDesk Settlement,NYKA-ORD-984452 NYKA-ORD-302183 BATCH-NYKA-0016,132119,2642,0,0,129477,INR,2026-08-15T22:16:00Z,BATCH-NYKA-0016
PO_B14_000017,Razorpay Nodal,PHNP-INV-858785 PO_B14_000017,239180,4427,0,0,234753,INR,2026-08-15T19:58:00Z,BATCH-PHNP-0017
PO_B14_000018,Cashfree Escrow,UBER-ORD-326834 UBER-ORD-730838 BATCH-UBER-0018,265305,5306,0,0,259999,INR,2026-08-16T00:24:00Z,BATCH-UBER-0018
PO_B14_000019,Razorpay Nodal,BLNK-EXC-870687-UNRESOLVED,261496,5219,0,0,256277,INR,2026-08-16T14:37:00Z,HOLD-ESCROW
PO_B14_000020,BillDesk Settlement,SWIG-INV-934032 PO_B14_000020,168065,2697,0,0,165368,INR,2026-08-16T09:10:00Z,BATCH-SWIG-0020
PO_B14_000021,BillDesk Settlement,PHNP-INV-758823 PO_B14_000021,309542,6026,0,0,303516,INR,2026-08-15T23:53:00Z,BATCH-PHNP-0021
PO_B14_000022,BillDesk Settlement,JIOO-ORD-271697 JIOO-ORD-810648 BATCH-JIOO-0022,156782,3135,0,0,153647,INR,2026-08-16T09:50:00Z,BATCH-JIOO-0022
PO_B14_000023,Razorpay Nodal,PAYT-ORD-358148 PAYT-ORD-397359 PAYT-ORD-747400 BATCH-PAYT-0023,588524,11770,0,0,576754,INR,2026-08-15T22:45:00Z,BATCH-PAYT-0023
PO_B14_000024,PayU Enterprise,PHNP-EXC-201228-UNRESOLVED,186753,3725,0,0,183028,INR,2026-08-17T00:59:00Z,HOLD-ESCROW
PO_B14_000025,PayU Enterprise,OLAA-INV-853809 PO_B14_000025,384099,9545,0,0,374554,INR,2026-08-16T11:52:00Z,BATCH-OLAA-0025
PO_B14_000026,PayU Enterprise,PHNP-ORD-932080 PHNP-ORD-404366 PHNP-ORD-382920 BATCH-PHNP-0026,401635,8032,0,0,393603,INR,2026-08-16T15:54:00Z,BATCH-PHNP-0026
PO_B14_000027,PayU Enterprise,BLNK-INV-334926 PO_B14_000027,124368,2467,0,0,121901,INR,2026-08-16T05:04:00Z,BATCH-BLNK-0027
PO_B14_000028,Stripe India,BKMS-INV-245369 PO_B14_000028,310482,7725,0,0,302757,INR,2026-08-16T03:14:00Z,BATCH-BKMS-0028
PO_B14_000029,Cashfree Escrow,SWIG-INV-518244 PO_B14_000029,37459,587,0,0,36872,INR,2026-08-15T23:59:00Z,BATCH-SWIG-0029
PO_B14_000030,Stripe India,TATA-EXC-971781-UNRESOLVED,106303,2116,0,0,104187,INR,2026-08-17T01:46:00Z,HOLD-ESCROW
PO_B14_000031,PayU Enterprise,UBER-INV-482315 PO_B14_000031,267523,5138,0,0,262385,INR,2026-08-16T13:28:00Z,BATCH-UBER-0031
PO_B14_000032,Razorpay Nodal,FLPK-INV-464051 PO_B14_000032,240960,4471,0,0,236489,INR,2026-08-16T12:12:00Z,BATCH-FLPK-0032
PO_B14_000033,Cashfree Escrow,MYNT-ORD-445890 MYNT-ORD-669303 MYNT-ORD-901529 BATCH-MYNT-0033,448705,8974,0,0,439731,INR,2026-08-16T15:47:00Z,BATCH-MYNT-0033
PO_B14_000034,Stripe India,ZOMA-INV-198592 PO_B14_000034,263339,5263,0,0,258076,INR,2026-08-16T16:57:00Z,BATCH-ZOMA-0034
PO_B14_000035,BillDesk Settlement,AMZN-ORD-149626 AMZN-ORD-108075 BATCH-AMZN-0035,233576,4671,0,0,228905,INR,2026-08-16T19:38:00Z,BATCH-AMZN-0035
PO_B14_000036,Stripe India,BBAS-INV-481890 PO_B14_000036,218083,4794,0,0,213289,INR,2026-08-16T02:19:00Z,BATCH-BBAS-0036
PO_B14_000037,Razorpay Nodal,PHNP-INV-554891 PO_B14_000037,241692,5451,0,0,236241,INR,2026-08-16T06:30:00Z,BATCH-PHNP-0037
PO_B14_000038,Stripe India,JIOO-INV-476237 PO_B14_000038,43016,1013,0,0,42003,INR,2026-08-16T20:47:00Z,BATCH-JIOO-0038
PO_B14_000039,BillDesk Settlement,PHNP-ORD-235375 PHNP-ORD-996839 PHNP-ORD-474012 BATCH-PHNP-0039,572235,11444,0,0,560791,INR,2026-08-16T09:23:00Z,BATCH-PHNP-0039
PO_B14_000040,Stripe India,MMTR-ORD-585275 MMTR-ORD-577333 MMTR-ORD-695214 BATCH-MMTR-0040,540953,10819,0,0,530134,INR,2026-08-15T21:45:00Z,BATCH-MMTR-0040
PO_B14_000041,PayU Enterprise,FLPK-INV-329354 PO_B14_000041,39463,643,0,0,38820,INR,2026-08-16T06:28:00Z,BATCH-FLPK-0041
PO_B14_000042,Cashfree Escrow,OLAA-INV-325914 PO_B14_000042,93222,1587,0,0,91635,INR,2026-08-16T00:22:00Z,BATCH-OLAA-0042
PO_B14_000043,PayU Enterprise,PAYT-INV-379938 PO_B14_000043,135061,2380,0,0,132681,INR,2026-08-16T12:38:00Z,BATCH-PAYT-0043
PO_B14_000044,PayU Enterprise,PAYT-INV-312849 PO_B14_000044,162388,2661,0,0,159727,INR,2026-08-16T03:46:00Z,BATCH-PAYT-0044
PO_B14_000045,Cashfree Escrow,ZOMA-INV-803639 PO_B14_000045,72514,1216,0,0,71298,INR,2026-08-16T14:44:00Z,BATCH-ZOMA-0045
PO_B14_000046,Stripe India,ZOMA-INV-869858 PO_B14_000046,175627,3507,0,0,172120,INR,2026-08-16T04:11:00Z,BATCH-ZOMA-0046
PO_B14_000047,PayU Enterprise,BBAS-INV-355725 PO_B14_000047,107446,2410,0,0,105036,INR,2026-08-16T12:44:00Z,BATCH-BBAS-0047
PO_B14_000048,Cashfree Escrow,UBER-INV-304650 PO_B14_000048,209208,3948,0,0,205260,INR,2026-08-16T12:01:00Z,BATCH-UBER-0048
PO_B14_000049,Stripe India,TATA-INV-958252 PO_B14_000049,44879,731,0,0,44148,INR,2026-08-16T12:37:00Z,BATCH-TATA-0049
PO_B14_000050,Stripe India,BKMS-INV-925308 PO_B14_000050,90941,1605,0,0,89336,INR,2026-08-16T02:07:00Z,BATCH-BKMS-0050
PO_B14_000051,Stripe India,BKMS-ORD-486012 BKMS-ORD-419513 BKMS-ORD-235438 BATCH-BKMS-0051,258535,5170,0,0,253365,INR,2026-08-16T07:47:00Z,BATCH-BKMS-0051
PO_B14_000052,Cashfree Escrow,SWIG-INV-282879 PO_B14_000052,216040,5319,0,0,210721,INR,2026-08-15T22:52:00Z,BATCH-SWIG-0052
PO_B14_000053,Cashfree Escrow,BLNK-ORD-231667 BLNK-ORD-524326 BLNK-ORD-666682 BATCH-BLNK-0053,304685,6093,0,0,298592,INR,2026-08-16T16:15:00Z,BATCH-BLNK-0053
PO_B14_000054,Razorpay Nodal,ZOMA-INV-507394 PO_B14_000054,206905,4283,0,0,202622,INR,2026-08-16T13:33:00Z,BATCH-ZOMA-0054
PO_B14_000055,Stripe India,BLNK-ORD-352129 BLNK-ORD-670799 BATCH-BLNK-0055,64031,1280,0,0,62751,INR,2026-08-16T19:09:00Z,BATCH-BLNK-0055
PO_B14_000056,Cashfree Escrow,AMZN-INV-212380 PO_B14_000056,442486,8607,0,0,433879,INR,2026-08-16T07:12:00Z,BATCH-AMZN-0056
PO_B14_000057,PayU Enterprise,NYKA-ORD-705943 NYKA-ORD-291814 NYKA-ORD-100287 BATCH-NYKA-0057,336696,6733,0,0,329963,INR,2026-08-16T17:43:00Z,BATCH-NYKA-0057
PO_B14_000058,Cashfree Escrow,SWIG-INV-627318 PO_B14_000058,350153,7540,0,0,342613,INR,2026-08-16T07:06:00Z,BATCH-SWIG-0058
PO_B14_000059,BillDesk Settlement,FLPK-INV-286577 PO_B14_000059,304502,6980,0,0,297522,INR,2026-08-16T04:30:00Z,BATCH-FLPK-0059
PO_B14_000060,BillDesk Settlement,FLPK-INV-924573 PO_B14_000060,105428,1891,0,0,103537,INR,2026-08-16T12:14:00Z,BATCH-FLPK-0060
PO_B14_000061,Cashfree Escrow,NYKA-INV-256209 PO_B14_000061,35540,704,0,0,34836,INR,2026-08-16T14:41:00Z,BATCH-NYKA-0061
PO_B14_000062,PayU Enterprise,MYNT-INV-542970 PO_B14_000062,73196,1163,0,0,72033,INR,2026-08-16T13:57:00Z,BATCH-MYNT-0062
PO_B14_000063,BillDesk Settlement,AMZN-INV-930447 PO_B14_000063,42249,900,0,0,41349,INR,2026-08-15T17:17:00Z,BATCH-AMZN-0063
PO_B14_000064,Cashfree Escrow,PHNP-INV-197023 PO_B14_000064,343834,7090,0,0,336744,INR,2026-08-16T18:36:00Z,BATCH-PHNP-0064
PO_B14_000065,PayU Enterprise,JIOO-INV-905910 PO_B14_000065,156383,2571,0,0,153812,INR,2026-08-16T07:19:00Z,BATCH-JIOO-0065
PO_B14_000066,Razorpay Nodal,ZOMA-EXC-839949-UNRESOLVED,75671,1503,0,0,74168,INR,2026-08-17T08:32:00Z,HOLD-ESCROW
PO_B14_000067,PayU Enterprise,FLPK-INV-153501 PO_B14_000067,273257,5792,0,0,267465,INR,2026-08-16T16:32:00Z,BATCH-FLPK-0067
PO_B14_000068,Cashfree Escrow,MMTR-INV-362571 PO_B14_000068,234179,4362,0,0,229817,INR,2026-08-15T23:10:00Z,BATCH-MMTR-0068
PO_B14_000069,PayU Enterprise,BKMS-ORD-248882 BKMS-ORD-382361 BKMS-ORD-749910 BATCH-BKMS-0069,244474,4889,0,0,239585,INR,2026-08-16T02:59:00Z,BATCH-BKMS-0069
PO_B14_000070,Stripe India,PHNP-INV-276911 PO_B14_000070,321698,8007,0,0,313691,INR,2026-08-16T05:19:00Z,BATCH-PHNP-0070
PO_B14_000071,Stripe India,MYNT-INV-844759 PO_B14_000071,141027,2458,0,0,138569,INR,2026-08-16T06:05:00Z,BATCH-MYNT-0071
PO_B14_000072,Razorpay Nodal,NYKA-INV-778117 PO_B14_000072,368812,8329,0,0,360483,INR,2026-08-16T01:31:00Z,BATCH-NYKA-0072
PO_B14_000073,Stripe India,FLPK-INV-745924 PO_B14_000073,363322,8263,0,0,355059,INR,2026-08-16T13:02:00Z,BATCH-FLPK-0073
PO_B14_000074,Razorpay Nodal,BKMS-INV-705576 PO_B14_000074,332625,5705,0,0,326920,INR,2026-08-16T02:33:00Z,BATCH-BKMS-0074
PO_B14_000075,Razorpay Nodal,MYNT-ORD-949535 MYNT-ORD-576811 BATCH-MYNT-0075,188948,3778,0,0,185170,INR,2026-08-15T21:33:00Z,BATCH-MYNT-0075
PO_B14_000076,PayU Enterprise,TATA-INV-842438 PO_B14_000076,358235,5890,0,0,352345,INR,2026-08-15T20:11:00Z,BATCH-TATA-0076
PO_B14_000077,BillDesk Settlement,TATA-INV-723872 PO_B14_000077,313163,6514,0,0,306649,INR,2026-08-15T22:14:00Z,BATCH-TATA-0077
PO_B14_000078,Cashfree Escrow,MMTR-INV-140788 PO_B14_000078,431935,6972,0,0,424963,INR,2026-08-16T10:30:00Z,BATCH-MMTR-0078
PO_B14_000079,BillDesk Settlement,UBER-INV-535789 PO_B14_000079,269117,5049,0,0,264068,INR,2026-08-16T11:48:00Z,BATCH-UBER-0079
PO_B14_000080,Stripe India,UBER-INV-378792 PO_B14_000080,390044,7271,0,0,382773,INR,2026-08-16T06:24:00Z,BATCH-UBER-0080
PO_B14_000081,Cashfree Escrow,FLPK-INV-583686 PO_B14_000081,163838,3207,0,0,160631,INR,2026-08-16T19:11:00Z,BATCH-FLPK-0081
PO_B14_000082,Cashfree Escrow,SWIG-INV-822815 PO_B14_000082,446119,9467,0,0,436652,INR,2026-08-16T16:01:00Z,BATCH-SWIG-0082
PO_B14_000083,BillDesk Settlement,BLNK-INV-983042 PO_B14_000083,304463,5702,0,0,298761,INR,2026-08-16T00:21:00Z,BATCH-BLNK-0083
PO_B14_000084,Cashfree Escrow,BLNK-ORD-433492 BLNK-ORD-426397 BATCH-BLNK-0084,249364,4987,0,0,244377,INR,2026-08-16T00:55:00Z,BATCH-BLNK-0084
PO_B14_000085,PayU Enterprise,MYNT-ORD-629537 MYNT-ORD-641124 MYNT-ORD-660814 BATCH-MYNT-0085,493963,9879,0,0,484084,INR,2026-08-16T11:21:00Z,BATCH-MYNT-0085
PO_B14_000086,BillDesk Settlement,SWIG-EXC-224760-UNRESOLVED,290550,5801,0,0,284749,INR,2026-08-16T20:57:00Z,HOLD-ESCROW
PO_B14_000087,Cashfree Escrow,MYNT-ORD-462122 MYNT-ORD-591371 BATCH-MYNT-0087,334343,6686,0,0,327657,INR,2026-08-16T06:07:00Z,BATCH-MYNT-0087
PO_B14_000088,PayU Enterprise,BLNK-EXC-969323-UNRESOLVED,266559,5321,0,0,261238,INR,2026-08-16T17:38:00Z,HOLD-ESCROW
PO_B14_000089,Cashfree Escrow,FLPK-EXC-183630-UNRESOLVED,201953,4029,0,0,197924,INR,2026-08-17T03:13:00Z,HOLD-ESCROW
PO_B14_000090,Stripe India,AMZN-INV-956697 PO_B14_000090,117261,2544,0,0,114717,INR,2026-08-16T09:01:00Z,BATCH-AMZN-0090
PO_B14_000091,PayU Enterprise,UBER-INV-572679 PO_B14_000091,127252,2295,0,0,124957,INR,2026-08-16T12:38:00Z,BATCH-UBER-0091
PO_B14_000092,Cashfree Escrow,UBER-INV-656808 PO_B14_000092,325300,6311,0,0,318989,INR,2026-08-16T13:04:00Z,BATCH-UBER-0092
PO_B14_000093,Cashfree Escrow,NYKA-INV-863000 PO_B14_000093,262275,6113,0,0,256162,INR,2026-08-16T10:27:00Z,BATCH-NYKA-0093
PO_B14_000094,PayU Enterprise,MYNT-INV-412341 PO_B14_000094,243820,4916,0,0,238904,INR,2026-08-16T03:24:00Z,BATCH-MYNT-0094
PO_B14_000095,Cashfree Escrow,BLNK-INV-449649 PO_B14_000095,154302,3026,0,0,151276,INR,2026-08-15T21:54:00Z,BATCH-BLNK-0095
PO_B14_000096,Stripe India,MMTR-INV-993352 PO_B14_000096,53402,1243,0,0,52159,INR,2026-08-16T22:20:00Z,BATCH-MMTR-0096
PO_B14_000097,PayU Enterprise,BBAS-ORD-622327 BBAS-ORD-639299 BATCH-BBAS-0097,199261,3985,0,0,195276,INR,2026-08-16T03:19:00Z,BATCH-BBAS-0097
PO_B14_000098,Stripe India,MYNT-INV-887890 PO_B14_000098,197262,4560,0,0,192702,INR,2026-08-15T14:17:00Z,BATCH-MYNT-0098
PO_B14_000099,BillDesk Settlement,NYKA-ORD-406025 NYKA-ORD-404373 BATCH-NYKA-0099,292160,5843,0,0,286317,INR,2026-08-16T07:48:00Z,BATCH-NYKA-0099
PO_B14_000100,Stripe India,BLNK-ORD-339488 BLNK-ORD-182284 BLNK-ORD-807002 BATCH-BLNK-0100,296744,5934,0,0,290810,INR,2026-08-16T08:26:00Z,BATCH-BLNK-0100
PO_B14_000101,BillDesk Settlement,ZOMA-ORD-185916 ZOMA-ORD-266498 BATCH-ZOMA-0101,113647,2272,0,0,111375,INR,2026-08-16T03:30:00Z,BATCH-ZOMA-0101
PO_B14_000102,Razorpay Nodal,TATA-INV-512849 PO_B14_000102,380206,8099,0,0,372107,INR,2026-08-16T13:19:00Z,BATCH-TATA-0102
PO_B14_000103,Stripe India,PHNP-INV-199373 PO_B14_000103,322607,5519,0,0,317088,INR,2026-08-15T14:45:00Z,BATCH-PHNP-0103
PO_B14_000104,Razorpay Nodal,ZOMA-INV-340899 PO_B14_000104,76204,1759,0,0,74445,INR,2026-08-15T23:33:00Z,BATCH-ZOMA-0104
PO_B14_000105,Razorpay Nodal,AMZN-ORD-186997 AMZN-ORD-592099 BATCH-AMZN-0105,219289,4385,0,0,214904,INR,2026-08-16T13:21:00Z,BATCH-AMZN-0105
PO_B14_000106,PayU Enterprise,AMZN-ORD-561809 AMZN-ORD-419557 AMZN-ORD-153468 BATCH-AMZN-0106,182701,3654,0,0,179047,INR,2026-08-16T06:37:00Z,BATCH-AMZN-0106
PO_B14_000107,Cashfree Escrow,MYNT-INV-357093 PO_B14_000107,336906,5843,0,0,331063,INR,2026-08-16T01:58:00Z,BATCH-MYNT-0107
PO_B14_000108,Stripe India,MYNT-INV-599103 PO_B14_000108,434724,9631,0,0,425093,INR,2026-08-16T12:56:00Z,BATCH-MYNT-0108
PO_B14_000109,Razorpay Nodal,BKMS-ORD-116340 BKMS-ORD-711349 BATCH-BKMS-0109,146306,2926,0,0,143380,INR,2026-08-16T10:23:00Z,BATCH-BKMS-0109
PO_B14_000110,PayU Enterprise,PAYT-INV-970529 PO_B14_000110,264980,4220,0,0,260760,INR,2026-08-16T16:55:00Z,BATCH-PAYT-0110
PO_B14_000111,Razorpay Nodal,FLPK-INV-540862 PO_B14_000111,347043,8020,0,0,339023,INR,2026-08-16T11:04:00Z,BATCH-FLPK-0111
PO_B14_000112,PayU Enterprise,PHNP-INV-465680 PO_B14_000112,348195,5263,0,0,342932,INR,2026-08-16T02:05:00Z,BATCH-PHNP-0112
PO_B14_000113,PayU Enterprise,FLPK-ORD-569671 FLPK-ORD-706131 BATCH-FLPK-0113,346300,6926,0,0,339374,INR,2026-08-16T17:36:00Z,BATCH-FLPK-0113
PO_B14_000114,PayU Enterprise,SWIG-INV-932253 PO_B14_000114,253446,6309,0,0,247137,INR,2026-08-15T21:44:00Z,BATCH-SWIG-0114
PO_B14_000115,BillDesk Settlement,SWIG-ORD-244735 SWIG-ORD-578628 SWIG-ORD-435265 BATCH-SWIG-0115,414380,8287,0,0,406093,INR,2026-08-16T03:30:00Z,BATCH-SWIG-0115
PO_B14_000116,Razorpay Nodal,FLPK-INV-811512 PO_B14_000116,323404,8029,0,0,315375,INR,2026-08-17T00:16:00Z,BATCH-FLPK-0116
PO_B14_000117,Stripe India,BKMS-ORD-834162 BKMS-ORD-290838 BKMS-ORD-594536 BATCH-BKMS-0117,289999,5799,0,0,284200,INR,2026-08-16T16:10:00Z,BATCH-BKMS-0117
PO_B14_000118,BillDesk Settlement,UBER-INV-120857 PO_B14_000118,173611,3598,0,0,170013,INR,2026-08-15T21:00:00Z,BATCH-UBER-0118
PO_B14_000119,BillDesk Settlement,BLNK-INV-344587 PO_B14_000119,112989,2234,0,0,110755,INR,2026-08-16T11:12:00Z,BATCH-BLNK-0119
PO_B14_000120,Razorpay Nodal,SWIG-INV-217995 PO_B14_000120,278401,5044,0,0,273357,INR,2026-08-16T21:50:00Z,BATCH-SWIG-0120
PO_B14_000121,BillDesk Settlement,MMTR-INV-819346 PO_B14_000121,68773,1194,0,0,67579,INR,2026-08-16T14:29:00Z,BATCH-MMTR-0121
PO_B14_000122,Stripe India,TATA-INV-381560 PO_B14_000122,167434,3944,0,0,163490,INR,2026-08-16T05:30:00Z,BATCH-TATA-0122
PO_B14_000123,Stripe India,BKMS-INV-889044 PO_B14_000123,377029,6333,0,0,370696,INR,2026-08-16T02:13:00Z,BATCH-BKMS-0123
PO_B14_000124,PayU Enterprise,OLAA-INV-302133 PO_B14_000124,247781,5432,0,0,242349,INR,2026-08-15T21:33:00Z,BATCH-OLAA-0124
PO_B14_000125,Cashfree Escrow,PHNP-INV-405933 PO_B14_000125,375169,7046,0,0,368123,INR,2026-08-15T19:02:00Z,BATCH-PHNP-0125
PO_B14_000126,Razorpay Nodal,PAYT-ORD-109866 PAYT-ORD-799881 BATCH-PAYT-0126,174776,3495,0,0,171281,INR,2026-08-16T19:41:00Z,BATCH-PAYT-0126
PO_B14_000127,Razorpay Nodal,UBER-INV-937429 PO_B14_000127,54302,1186,0,0,53116,INR,2026-08-16T08:43:00Z,BATCH-UBER-0127
PO_B14_000128,Razorpay Nodal,OLAA-INV-688343 PO_B14_000128,304049,5748,0,0,298301,INR,2026-08-16T18:55:00Z,BATCH-OLAA-0128
PO_B14_000129,Cashfree Escrow,BKMS-ORD-167150 BKMS-ORD-589612 BATCH-BKMS-0129,212960,4259,0,0,208701,INR,2026-08-16T09:42:00Z,BATCH-BKMS-0129
PO_B14_000130,Razorpay Nodal,BBAS-ORD-365242 BBAS-ORD-708748 BATCH-BBAS-0130,242624,4852,0,0,237772,INR,2026-08-16T10:35:00Z,BATCH-BBAS-0130
PO_B14_000131,Cashfree Escrow,MMTR-INV-468371 PO_B14_000131,26305,544,0,0,25761,INR,2026-08-16T08:32:00Z,BATCH-MMTR-0131
PO_B14_000132,BillDesk Settlement,MYNT-ORD-425766 MYNT-ORD-453244 MYNT-ORD-942782 BATCH-MYNT-0132,579645,11592,0,0,568053,INR,2026-08-16T20:19:00Z,BATCH-MYNT-0132
PO_B14_000133,Stripe India,MMTR-ORD-138783 MMTR-ORD-460769 MMTR-ORD-549836 BATCH-MMTR-0133,415391,8307,0,0,407084,INR,2026-08-16T14:12:00Z,BATCH-MMTR-0133
PO_B14_000134,Razorpay Nodal,BLNK-INV-603246 PO_B14_000134,95481,2101,0,0,93380,INR,2026-08-16T06:31:00Z,BATCH-BLNK-0134
PO_B14_000135,Stripe India,SWIG-INV-406790 PO_B14_000135,187563,3926,0,0,183637,INR,2026-08-15T20:30:00Z,BATCH-SWIG-0135
PO_B14_000136,Stripe India,AMZN-ORD-575196 AMZN-ORD-502004 AMZN-ORD-103459 BATCH-AMZN-0136,469354,9387,0,0,459967,INR,2026-08-16T12:21:00Z,BATCH-AMZN-0136
PO_B14_000137,BillDesk Settlement,NYKA-EXC-315442-UNRESOLVED,167437,3338,0,0,164099,INR,2026-08-17T08:45:00Z,HOLD-ESCROW
PO_B14_000138,Cashfree Escrow,ZOMA-ORD-626710 ZOMA-ORD-976663 BATCH-ZOMA-0138,441179,8823,0,0,432356,INR,2026-08-16T08:38:00Z,BATCH-ZOMA-0138
PO_B14_000139,Cashfree Escrow,MYNT-INV-382785 PO_B14_000139,168458,4170,0,0,164288,INR,2026-08-16T22:13:00Z,BATCH-MYNT-0139
PO_B14_000140,Stripe India,SWIG-ORD-371888 SWIG-ORD-561176 BATCH-SWIG-0140,443494,8869,0,0,434625,INR,2026-08-16T17:35:00Z,BATCH-SWIG-0140
PO_B14_000141,Cashfree Escrow,TATA-INV-320622 PO_B14_000141,378772,7909,0,0,370863,INR,2026-08-16T00:31:00Z,BATCH-TATA-0141
PO_B14_000142,Cashfree Escrow,BBAS-INV-525470 PO_B14_000142,326904,5312,0,0,321592,INR,2026-08-15T18:18:00Z,BATCH-BBAS-0142
PO_B14_000143,Razorpay Nodal,UBER-INV-579684 PO_B14_000143,233560,4945,0,0,228615,INR,2026-08-16T17:38:00Z,BATCH-UBER-0143
PO_B14_000144,Stripe India,FLPK-ORD-308263 FLPK-ORD-321235 BATCH-FLPK-0144,391273,7825,0,0,383448,INR,2026-08-16T03:27:00Z,BATCH-FLPK-0144
PO_B14_000145,BillDesk Settlement,BKMS-INV-812209 PO_B14_000145,364488,8368,0,0,356120,INR,2026-08-16T19:41:00Z,BATCH-BKMS-0145
PO_B14_000146,Cashfree Escrow,UBER-INV-909603 PO_B14_000146,149218,2311,0,0,146907,INR,2026-08-16T05:48:00Z,BATCH-UBER-0146
PO_B14_000147,BillDesk Settlement,SWIG-ORD-502784 SWIG-ORD-420234 BATCH-SWIG-0147,253257,5065,0,0,248192,INR,2026-08-16T19:13:00Z,BATCH-SWIG-0147
PO_B14_000148,Razorpay Nodal,TATA-INV-452036 PO_B14_000148,182721,4527,0,0,178194,INR,2026-08-16T15:35:00Z,BATCH-TATA-0148
PO_B14_000149,BillDesk Settlement,BBAS-INV-576404 PO_B14_000149,151767,2425,0,0,149342,INR,2026-08-16T07:57:00Z,BATCH-BBAS-0149
PO_B14_000150,Stripe India,JIOO-EXC-333697-UNRESOLVED,167397,3337,0,0,164060,INR,2026-08-16T19:16:00Z,HOLD-ESCROW
PO_B14_000151,PayU Enterprise,OLAA-INV-670532 PO_B14_000151,57624,1303,0,0,56321,INR,2026-08-16T18:27:00Z,BATCH-OLAA-0151
PO_B14_000152,PayU Enterprise,AMZN-INV-225068 PO_B14_000152,114828,2619,0,0,112209,INR,2026-08-15T22:46:00Z,BATCH-AMZN-0152
PO_B14_000153,Stripe India,PHNP-INV-189702 PO_B14_000153,45947,749,0,0,45198,INR,2026-08-15T23:24:00Z,BATCH-PHNP-0153
PO_B14_000154,Razorpay Nodal,MMTR-INV-553571 PO_B14_000154,106498,2037,0,0,104461,INR,2026-08-16T00:27:00Z,BATCH-MMTR-0154
PO_B14_000155,Stripe India,NYKA-INV-156686 PO_B14_000155,423690,8563,0,0,415127,INR,2026-08-16T11:25:00Z,BATCH-NYKA-0155
PO_B14_000156,BillDesk Settlement,BLNK-EXC-293333-UNRESOLVED,235243,4694,0,0,230549,INR,2026-08-16T13:45:00Z,HOLD-ESCROW
PO_B14_000157,Cashfree Escrow,PHNP-INV-244972 PO_B14_000157,292670,5067,0,0,287603,INR,2026-08-15T19:13:00Z,BATCH-PHNP-0157
PO_B14_000158,Razorpay Nodal,UBER-INV-530677 PO_B14_000158,148744,3525,0,0,145219,INR,2026-08-16T11:29:00Z,BATCH-UBER-0158
PO_B14_000159,Cashfree Escrow,ZOMA-INV-238800 PO_B14_000159,217626,3508,0,0,214118,INR,2026-08-16T15:06:00Z,BATCH-ZOMA-0159
PO_B14_000160,PayU Enterprise,BBAS-INV-602929 PO_B14_000160,55944,925,0,0,55019,INR,2026-08-16T18:23:00Z,BATCH-BBAS-0160
PO_B14_000161,Razorpay Nodal,JIOO-INV-411753 PO_B14_000161,248815,3845,0,0,244970,INR,2026-08-15T20:48:00Z,BATCH-JIOO-0161
PO_B14_000162,Cashfree Escrow,AMZN-ORD-215063 AMZN-ORD-545956 AMZN-ORD-864178 BATCH-AMZN-0162,494166,9883,0,0,484283,INR,2026-08-16T06:31:00Z,BATCH-AMZN-0162
PO_B14_000163,Stripe India,PAYT-EXC-631717-UNRESOLVED,104567,2081,0,0,102486,INR,2026-08-17T07:29:00Z,HOLD-ESCROW
PO_B14_000164,BillDesk Settlement,SWIG-INV-478331 PO_B14_000164,423618,6929,0,0,416689,INR,2026-08-15T20:14:00Z,BATCH-SWIG-0164
PO_B14_000165,BillDesk Settlement,BKMS-ORD-152390 BKMS-ORD-971950 BATCH-BKMS-0165,146814,2936,0,0,143878,INR,2026-08-16T17:12:00Z,BATCH-BKMS-0165
PO_B14_000166,Stripe India,BBAS-INV-772442 PO_B14_000166,124818,2963,0,0,121855,INR,2026-08-16T10:11:00Z,BATCH-BBAS-0166
PO_B14_000167,Razorpay Nodal,ZOMA-ORD-701929 ZOMA-ORD-667796 ZOMA-ORD-129409 BATCH-ZOMA-0167,530431,10608,0,0,519823,INR,2026-08-16T15:47:00Z,BATCH-ZOMA-0167
PO_B14_000168,Stripe India,MMTR-INV-599439 PO_B14_000168,116533,2276,0,0,114257,INR,2026-08-16T15:23:00Z,BATCH-MMTR-0168
PO_B14_000169,Stripe India,MYNT-INV-408225 PO_B14_000169,286741,6946,0,0,279795,INR,2026-08-16T07:35:00Z,BATCH-MYNT-0169
PO_B14_000170,BillDesk Settlement,NYKA-ORD-581913 NYKA-ORD-909744 NYKA-ORD-424793 BATCH-NYKA-0170,281342,5626,0,0,275716,INR,2026-08-16T13:24:00Z,BATCH-NYKA-0170
PO_B14_000171,BillDesk Settlement,BBAS-ORD-352608 BBAS-ORD-741196 BATCH-BBAS-0171,212519,4250,0,0,208269,INR,2026-08-16T14:00:00Z,BATCH-BBAS-0171
PO_B14_000172,BillDesk Settlement,TATA-INV-596993 PO_B14_000172,305601,4928,0,0,300673,INR,2026-08-16T10:30:00Z,BATCH-TATA-0172
PO_B14_000173,PayU Enterprise,TATA-INV-819608 PO_B14_000173,137039,2195,0,0,134844,INR,2026-08-16T11:15:00Z,BATCH-TATA-0173
PO_B14_000174,BillDesk Settlement,AMZN-ORD-736818 AMZN-ORD-899920 AMZN-ORD-639782 BATCH-AMZN-0174,137771,2755,0,0,135016,INR,2026-08-16T00:52:00Z,BATCH-AMZN-0174
PO_B14_000175,Cashfree Escrow,PHNP-INV-884312 PO_B14_000175,77003,1597,0,0,75406,INR,2026-08-16T02:35:00Z,BATCH-PHNP-0175
PO_B14_000176,PayU Enterprise,MMTR-ORD-765903 MMTR-ORD-565883 BATCH-MMTR-0176,348132,6962,0,0,341170,INR,2026-08-16T04:41:00Z,BATCH-MMTR-0176
PO_B14_000177,Razorpay Nodal,SWIG-INV-468300 PO_B14_000177,179360,2754,0,0,176606,INR,2026-08-16T13:10:00Z,BATCH-SWIG-0177
PO_B14_000178,Razorpay Nodal,JIOO-ORD-228623 JIOO-ORD-118004 BATCH-JIOO-0178,455695,9113,0,0,446582,INR,2026-08-16T18:30:00Z,BATCH-JIOO-0178
PO_B14_000179,BillDesk Settlement,BLNK-INV-235554 PO_B14_000179,414236,6520,0,0,407716,INR,2026-08-16T21:48:00Z,BATCH-BLNK-0179
PO_B14_000180,Cashfree Escrow,BBAS-INV-184451 PO_B14_000180,220653,3760,0,0,216893,INR,2026-08-16T19:53:00Z,BATCH-BBAS-0180
PO_B14_000181,Cashfree Escrow,MYNT-INV-758302 PO_B14_000181,155893,2766,0,0,153127,INR,2026-08-16T22:34:00Z,BATCH-MYNT-0181
PO_B14_000182,PayU Enterprise,TATA-ORD-692469 TATA-ORD-732936 BATCH-TATA-0182,316448,6328,0,0,310120,INR,2026-08-16T10:53:00Z,BATCH-TATA-0182
PO_B14_000183,Stripe India,TATA-INV-656908 PO_B14_000183,102195,2106,0,0,100089,INR,2026-08-16T09:07:00Z,BATCH-TATA-0183
PO_B14_000184,BillDesk Settlement,OLAA-INV-430649 PO_B14_000184,158960,2522,0,0,156438,INR,2026-08-16T07:37:00Z,BATCH-OLAA-0184
PO_B14_000185,Stripe India,TATA-ORD-244294 TATA-ORD-801518 BATCH-TATA-0185,131491,2629,0,0,128862,INR,2026-08-16T00:41:00Z,BATCH-TATA-0185
PO_B14_000186,BillDesk Settlement,FLPK-EXC-524743-UNRESOLVED,50501,1000,0,0,49501,INR,2026-08-16T13:59:00Z,HOLD-ESCROW
PO_B14_000187,PayU Enterprise,FLPK-ORD-257708 FLPK-ORD-469391 FLPK-ORD-753336 BATCH-FLPK-0187,175159,3503,0,0,171656,INR,2026-08-16T05:49:00Z,BATCH-FLPK-0187
PO_B14_000188,PayU Enterprise,ZOMA-INV-825102 PO_B14_000188,327215,6175,0,0,321040,INR,2026-08-17T01:25:00Z,BATCH-ZOMA-0188
PO_B14_000189,PayU Enterprise,SWIG-ORD-144410 SWIG-ORD-697066 BATCH-SWIG-0189,149445,2988,0,0,146457,INR,2026-08-16T05:56:00Z,BATCH-SWIG-0189
PO_B14_000190,BillDesk Settlement,BKMS-ORD-855050 BKMS-ORD-618934 BKMS-ORD-933819 BATCH-BKMS-0190,635750,12715,0,0,623035,INR,2026-08-16T09:44:00Z,BATCH-BKMS-0190
PO_B14_000191,PayU Enterprise,MMTR-INV-844602 PO_B14_000191,57925,1362,0,0,56563,INR,2026-08-16T15:36:00Z,BATCH-MMTR-0191
PO_B14_000192,Razorpay Nodal,UBER-INV-745370 PO_B14_000192,126274,2190,0,0,124084,INR,2026-08-16T15:01:00Z,BATCH-UBER-0192
PO_B14_000193,BillDesk Settlement,PHNP-INV-937266 PO_B14_000193,272041,5474,0,0,266567,INR,2026-08-16T13:25:00Z,BATCH-PHNP-0193
PO_B14_000194,Cashfree Escrow,PHNP-INV-479095 PO_B14_000194,65141,983,0,0,64158,INR,2026-08-15T17:20:00Z,BATCH-PHNP-0194
PO_B14_000195,BillDesk Settlement,JIOO-ORD-212685 JIOO-ORD-780244 JIOO-ORD-355049 BATCH-JIOO-0195,557927,11158,0,0,546769,INR,2026-08-16T12:35:00Z,BATCH-JIOO-0195
PO_B14_000196,Cashfree Escrow,PHNP-INV-538773 PO_B14_000196,254482,4988,0,0,249494,INR,2026-08-16T23:18:00Z,BATCH-PHNP-0196
PO_B14_000197,PayU Enterprise,MYNT-INV-421881 PO_B14_000197,274529,6127,0,0,268402,INR,2026-08-16T21:00:00Z,BATCH-MYNT-0197
PO_B14_000198,BillDesk Settlement,AMZN-INV-941365 PO_B14_000198,181756,3436,0,0,178320,INR,2026-08-15T23:24:00Z,BATCH-AMZN-0198
PO_B14_000199,Razorpay Nodal,AMZN-EXC-503507-UNRESOLVED,265216,5294,0,0,259922,INR,2026-08-17T07:33:00Z,HOLD-ESCROW
PO_B14_000200,PayU Enterprise,PAYT-INV-156167 PO_B14_000200,369341,7675,0,0,361666,INR,2026-08-16T15:54:00Z,BATCH-PAYT-0200
PO_B14_000201,Stripe India,FLPK-INV-348177 PO_B14_000201,389661,6051,0,0,383610,INR,2026-08-16T10:02:00Z,BATCH-FLPK-0201
PO_B14_000202,PayU Enterprise,PHNP-ORD-541956 PHNP-ORD-886486 BATCH-PHNP-0202,163646,3272,0,0,160374,INR,2026-08-16T12:06:00Z,BATCH-PHNP-0202
PO_B14_000203,Razorpay Nodal,JIOO-ORD-768230 JIOO-ORD-345665 JIOO-ORD-926047 BATCH-JIOO-0203,523904,10478,0,0,513426,INR,2026-08-16T17:34:00Z,BATCH-JIOO-0203
PO_B14_000204,Cashfree Escrow,BLNK-ORD-915579 BLNK-ORD-621928 BLNK-ORD-518510 BATCH-BLNK-0204,380152,7603,0,0,372549,INR,2026-08-15T23:48:00Z,BATCH-BLNK-0204
PO_B14_000205,Cashfree Escrow,MMTR-INV-408853 PO_B14_000205,248744,5013,0,0,243731,INR,2026-08-16T18:10:00Z,BATCH-MMTR-0205
PO_B14_000206,Stripe India,UBER-INV-727066 PO_B14_000206,371090,6718,0,0,364372,INR,2026-08-16T11:09:00Z,BATCH-UBER-0206
PO_B14_000207,Razorpay Nodal,AMZN-ORD-664017 AMZN-ORD-479042 AMZN-ORD-836201 BATCH-AMZN-0207,455763,9115,0,0,446648,INR,2026-08-16T07:16:00Z,BATCH-AMZN-0207
PO_B14_000208,BillDesk Settlement,AMZN-INV-758298 PO_B14_000208,77877,1559,0,0,76318,INR,2026-08-16T06:47:00Z,BATCH-AMZN-0208
PO_B14_000209,Razorpay Nodal,TATA-INV-378449 PO_B14_000209,269530,6246,0,0,263284,INR,2026-08-16T11:00:00Z,BATCH-TATA-0209
PO_B14_000210,BillDesk Settlement,JIOO-INV-640378 PO_B14_000210,188814,3705,0,0,185109,INR,2026-08-16T14:15:00Z,BATCH-JIOO-0210
PO_B14_000211,Razorpay Nodal,AMZN-INV-141406 PO_B14_000211,29549,505,0,0,29044,INR,2026-08-16T00:28:00Z,BATCH-AMZN-0211
PO_B14_000212,Stripe India,PHNP-ORD-492419 PHNP-ORD-507370 BATCH-PHNP-0212,116192,2323,0,0,113869,INR,2026-08-16T17:20:00Z,BATCH-PHNP-0212
PO_B14_000213,Stripe India,MYNT-INV-159533 PO_B14_000213,332285,7341,0,0,324944,INR,2026-08-15T22:17:00Z,BATCH-MYNT-0213
PO_B14_000214,Cashfree Escrow,MYNT-INV-361571 PO_B14_000214,40941,805,0,0,40136,INR,2026-08-16T05:35:00Z,BATCH-MYNT-0214
PO_B14_000215,Stripe India,PHNP-INV-926243 PO_B14_000215,303464,5179,0,0,298285,INR,2026-08-16T13:02:00Z,BATCH-PHNP-0215
PO_B14_000216,Stripe India,FLPK-EXC-600601-UNRESOLVED,109446,2178,0,0,107268,INR,2026-08-16T20:27:00Z,HOLD-ESCROW
PO_B14_000217,BillDesk Settlement,AMZN-INV-144437 PO_B14_000217,311435,7140,0,0,304295,INR,2026-08-16T14:06:00Z,BATCH-AMZN-0217
PO_B14_000218,BillDesk Settlement,PAYT-INV-348710 PO_B14_000218,112762,2766,0,0,109996,INR,2026-08-16T09:07:00Z,BATCH-PAYT-0218
PO_B14_000219,Cashfree Escrow,BKMS-INV-448437 PO_B14_000219,449727,6841,0,0,442886,INR,2026-08-16T04:35:00Z,BATCH-BKMS-0219
PO_B14_000220,PayU Enterprise,PHNP-INV-113234 PO_B14_000220,47187,956,0,0,46231,INR,2026-08-15T17:52:00Z,BATCH-PHNP-0220
PO_B14_000221,Razorpay Nodal,TATA-ORD-619970 TATA-ORD-623176 TATA-ORD-762473 BATCH-TATA-0221,419030,8380,0,0,410650,INR,2026-08-16T05:38:00Z,BATCH-TATA-0221
PO_B14_000222,Razorpay Nodal,PAYT-INV-606607 PO_B14_000222,197391,4832,0,0,192559,INR,2026-08-16T04:10:00Z,BATCH-PAYT-0222
PO_B14_000223,Razorpay Nodal,MYNT-ORD-809657 MYNT-ORD-298332 MYNT-ORD-104425 BATCH-MYNT-0223,424806,8496,0,0,416310,INR,2026-08-16T11:59:00Z,BATCH-MYNT-0223
PO_B14_000224,Stripe India,SWIG-ORD-746644 SWIG-ORD-670260 BATCH-SWIG-0224,384354,7687,0,0,376667,INR,2026-08-15T22:46:00Z,BATCH-SWIG-0224
PO_B14_000225,Razorpay Nodal,PHNP-INV-667294 PO_B14_000225,391447,8528,0,0,382919,INR,2026-08-16T06:09:00Z,BATCH-PHNP-0225
PO_B14_000226,PayU Enterprise,SWIG-ORD-621069 SWIG-ORD-963488 BATCH-SWIG-0226,205190,4103,0,0,201087,INR,2026-08-16T16:30:00Z,BATCH-SWIG-0226
PO_B14_000227,Razorpay Nodal,ZOMA-ORD-912327 ZOMA-ORD-566318 ZOMA-ORD-527352 BATCH-ZOMA-0227,602130,12042,0,0,590088,INR,2026-08-16T00:53:00Z,BATCH-ZOMA-0227
PO_B14_000228,BillDesk Settlement,FLPK-ORD-822485 FLPK-ORD-613216 BATCH-FLPK-0228,264071,5281,0,0,258790,INR,2026-08-16T02:50:00Z,BATCH-FLPK-0228
PO_B14_000229,BillDesk Settlement,PAYT-ORD-116342 PAYT-ORD-621655 PAYT-ORD-619793 BATCH-PAYT-0229,475458,9509,0,0,465949,INR,2026-08-16T17:03:00Z,BATCH-PAYT-0229
PO_B14_000230,Stripe India,BLNK-INV-401579 PO_B14_000230,114869,1825,0,0,113044,INR,2026-08-16T03:45:00Z,BATCH-BLNK-0230
PO_B14_000231,BillDesk Settlement,BLNK-INV-139103 PO_B14_000231,169997,2677,0,0,167320,INR,2026-08-15T23:28:00Z,BATCH-BLNK-0231
PO_B14_000232,Stripe India,NYKA-INV-996966 PO_B14_000232,355269,7500,0,0,347769,INR,2026-08-16T12:37:00Z,BATCH-NYKA-0232
PO_B14_000233,Razorpay Nodal,FLPK-INV-244111 PO_B14_000233,413246,6453,0,0,406793,INR,2026-08-16T11:06:00Z,BATCH-FLPK-0233
PO_B14_000234,Cashfree Escrow,PAYT-INV-777723 PO_B14_000234,364589,8232,0,0,356357,INR,2026-08-16T08:36:00Z,BATCH-PAYT-0234
PO_B14_000235,BillDesk Settlement,ZOMA-INV-931360 PO_B14_000235,370813,7196,0,0,363617,INR,2026-08-16T12:33:00Z,BATCH-ZOMA-0235
PO_B14_000236,Cashfree Escrow,UBER-INV-940099 PO_B14_000236,259702,5242,0,0,254460,INR,2026-08-16T13:39:00Z,BATCH-UBER-0236
PO_B14_000237,Stripe India,TATA-INV-722911 PO_B14_000237,150557,3107,0,0,147450,INR,2026-08-15T22:13:00Z,BATCH-TATA-0237
PO_B14_000238,Stripe India,BBAS-INV-650120 PO_B14_000238,313803,5620,0,0,308183,INR,2026-08-16T14:25:00Z,BATCH-BBAS-0238
PO_B14_000239,Stripe India,NYKA-INV-533606 PO_B14_000239,101215,2128,0,0,99087,INR,2026-08-16T06:56:00Z,BATCH-NYKA-0239
PO_B14_000240,BillDesk Settlement,AMZN-INV-167245 PO_B14_000240,347383,6332,0,0,341051,INR,2026-08-15T14:39:00Z,BATCH-AMZN-0240
PO_B14_000241,Stripe India,AMZN-INV-632023 PO_B14_000241,418891,6309,0,0,412582,INR,2026-08-15T17:49:00Z,BATCH-AMZN-0241
PO_B14_000242,Cashfree Escrow,JIOO-ORD-246240 JIOO-ORD-799038 JIOO-ORD-541544 BATCH-JIOO-0242,513224,10264,0,0,502960,INR,2026-08-16T15:48:00Z,BATCH-JIOO-0242
PO_B14_000243,PayU Enterprise,AMZN-INV-238568 PO_B14_000243,363145,6612,0,0,356533,INR,2026-08-16T20:53:00Z,BATCH-AMZN-0243
PO_B14_000244,Cashfree Escrow,UBER-INV-655689 PO_B14_000244,213064,3783,0,0,209281,INR,2026-08-16T00:05:00Z,BATCH-UBER-0244
PO_B14_000245,BillDesk Settlement,AMZN-ORD-463581 AMZN-ORD-604167 AMZN-ORD-387279 BATCH-AMZN-0245,426741,8534,0,0,418207,INR,2026-08-16T19:34:00Z,BATCH-AMZN-0245
PO_B14_000246,BillDesk Settlement,ZOMA-INV-453534 PO_B14_000246,420959,9613,0,0,411346,INR,2026-08-16T07:13:00Z,BATCH-ZOMA-0246
PO_B14_000247,PayU Enterprise,ZOMA-INV-654704 PO_B14_000247,63711,1169,0,0,62542,INR,2026-08-15T20:25:00Z,BATCH-ZOMA-0247
PO_B14_000248,Stripe India,MYNT-ORD-917937 MYNT-ORD-179890 MYNT-ORD-100199 BATCH-MYNT-0248,267623,5352,0,0,262271,INR,2026-08-16T03:46:00Z,BATCH-MYNT-0248
PO_B14_000249,Stripe India,NYKA-ORD-686246 NYKA-ORD-216437 BATCH-NYKA-0249,412203,8244,0,0,403959,INR,2026-08-16T06:52:00Z,BATCH-NYKA-0249
PO_B14_000250,Razorpay Nodal,AMZN-INV-538540 PO_B14_000250,369893,8261,0,0,361632,INR,2026-08-16T13:11:00Z,BATCH-AMZN-0250
PO_B14_000251,Cashfree Escrow,PHNP-ORD-598088 PHNP-ORD-362679 BATCH-PHNP-0251,198412,3968,0,0,194444,INR,2026-08-16T01:50:00Z,BATCH-PHNP-0251
PO_B14_000252,Razorpay Nodal,ZOMA-ORD-434195 ZOMA-ORD-622320 BATCH-ZOMA-0252,189084,3781,0,0,185303,INR,2026-08-16T19:13:00Z,BATCH-ZOMA-0252
PO_B14_000253,PayU Enterprise,OLAA-ORD-495061 OLAA-ORD-941767 BATCH-OLAA-0253,187684,3753,0,0,183931,INR,2026-08-16T05:27:00Z,BATCH-OLAA-0253
PO_B14_000254,PayU Enterprise,MMTR-EXC-784896-UNRESOLVED,162768,3245,0,0,159523,INR,2026-08-16T14:14:00Z,HOLD-ESCROW
PO_B14_000255,Razorpay Nodal,OLAA-INV-673352 PO_B14_000255,114445,2431,0,0,112014,INR,2026-08-15T15:52:00Z,BATCH-OLAA-0255
PO_B14_000256,Stripe India,MYNT-INV-709112 PO_B14_000256,327554,6009,0,0,321545,INR,2026-08-16T22:59:00Z,BATCH-MYNT-0256
PO_B14_000257,BillDesk Settlement,NYKA-INV-847747 PO_B14_000257,218734,5104,0,0,213630,INR,2026-08-16T21:39:00Z,BATCH-NYKA-0257
PO_B14_000258,BillDesk Settlement,PAYT-INV-866509 PO_B14_000258,166780,3596,0,0,163184,INR,2026-08-15T16:19:00Z,BATCH-PAYT-0258
PO_B14_000259,Razorpay Nodal,AMZN-INV-658626 PO_B14_000259,372361,9240,0,0,363121,INR,2026-08-15T21:50:00Z,BATCH-AMZN-0259
PO_B14_000260,Razorpay Nodal,AMZN-INV-439016 PO_B14_000260,157456,3078,0,0,154378,INR,2026-08-16T06:18:00Z,BATCH-AMZN-0260
PO_B14_000261,BillDesk Settlement,MMTR-ORD-458554 MMTR-ORD-881306 MMTR-ORD-890654 BATCH-MMTR-0261,349929,6998,0,0,342931,INR,2026-08-16T16:21:00Z,BATCH-MMTR-0261
PO_B14_000262,PayU Enterprise,PAYT-INV-248095 PO_B14_000262,444568,10588,0,0,433980,INR,2026-08-15T23:02:00Z,BATCH-PAYT-0262
PO_B14_000263,Stripe India,UBER-EXC-440083-UNRESOLVED,80454,1599,0,0,78855,INR,2026-08-16T21:44:00Z,HOLD-ESCROW
PO_B14_000264,Cashfree Escrow,OLAA-ORD-493826 OLAA-ORD-262891 OLAA-ORD-386661 BATCH-OLAA-0264,535526,10710,0,0,524816,INR,2026-08-16T12:28:00Z,BATCH-OLAA-0264
PO_B14_000265,Razorpay Nodal,TATA-INV-804933 PO_B14_000265,44333,1042,0,0,43291,INR,2026-08-16T10:03:00Z,BATCH-TATA-0265
PO_B14_000266,PayU Enterprise,TATA-ORD-169665 TATA-ORD-621800 TATA-ORD-714826 BATCH-TATA-0266,309352,6187,0,0,303165,INR,2026-08-16T17:19:00Z,BATCH-TATA-0266
PO_B14_000267,Cashfree Escrow,AMZN-INV-209033 PO_B14_000267,297629,4721,0,0,292908,INR,2026-08-16T17:35:00Z,BATCH-AMZN-0267
PO_B14_000268,Razorpay Nodal,PAYT-ORD-774672 PAYT-ORD-700151 PAYT-ORD-209550 BATCH-PAYT-0268,569168,11383,0,0,557785,INR,2026-08-16T16:40:00Z,BATCH-PAYT-0268
PO_B14_000269,Stripe India,BKMS-INV-872066 PO_B14_000269,396675,6030,0,0,390645,INR,2026-08-16T01:08:00Z,BATCH-BKMS-0269
PO_B14_000270,BillDesk Settlement,BLNK-INV-203674 PO_B14_000270,417597,8037,0,0,409560,INR,2026-08-16T10:20:00Z,BATCH-BLNK-0270
PO_B14_000271,Stripe India,BKMS-INV-822714 PO_B14_000271,170280,3384,0,0,166896,INR,2026-08-16T01:28:00Z,BATCH-BKMS-0271
PO_B14_000272,BillDesk Settlement,AMZN-ORD-458710 AMZN-ORD-923688 BATCH-AMZN-0272,246504,4930,0,0,241574,INR,2026-08-16T12:24:00Z,BATCH-AMZN-0272
PO_B14_000273,PayU Enterprise,BLNK-INV-650473 PO_B14_000273,182539,4397,0,0,178142,INR,2026-08-16T08:53:00Z,BATCH-BLNK-0273
PO_B14_000274,Razorpay Nodal,SWIG-INV-866586 PO_B14_000274,198885,3251,0,0,195634,INR,2026-08-16T14:00:00Z,BATCH-SWIG-0274
PO_B14_000275,PayU Enterprise,MYNT-INV-812931 PO_B14_000275,389185,7038,0,0,382147,INR,2026-08-15T17:05:00Z,BATCH-MYNT-0275
PO_B14_000276,BillDesk Settlement,PHNP-ORD-807756 PHNP-ORD-701288 PHNP-ORD-473816 BATCH-PHNP-0276,433609,8672,0,0,424937,INR,2026-08-16T04:05:00Z,BATCH-PHNP-0276
PO_B14_000277,Stripe India,ZOMA-ORD-511810 ZOMA-ORD-575256 ZOMA-ORD-691003 BATCH-ZOMA-0277,453195,9063,0,0,444132,INR,2026-08-16T05:45:00Z,BATCH-ZOMA-0277
PO_B14_000278,PayU Enterprise,FLPK-INV-518834 PO_B14_000278,120271,2347,0,0,117924,INR,2026-08-16T03:42:00Z,BATCH-FLPK-0278
PO_B14_000279,Stripe India,PAYT-INV-558827 PO_B14_000279,101988,2510,0,0,99478,INR,2026-08-16T01:21:00Z,BATCH-PAYT-0279
PO_B14_000280,Stripe India,PAYT-INV-556495 PO_B14_000280,99090,1911,0,0,97179,INR,2026-08-16T07:57:00Z,BATCH-PAYT-0280
PO_B14_000281,PayU Enterprise,NYKA-EXC-198663-UNRESOLVED,60860,1207,0,0,59653,INR,2026-08-16T09:29:00Z,HOLD-ESCROW
PO_B14_000282,Razorpay Nodal,UBER-INV-711003 PO_B14_000282,309658,6885,0,0,302773,INR,2026-08-16T05:17:00Z,BATCH-UBER-0282
PO_B14_000283,PayU Enterprise,BBAS-ORD-929845 BBAS-ORD-738966 BBAS-ORD-601167 BATCH-BBAS-0283,274123,5482,0,0,268641,INR,2026-08-16T00:05:00Z,BATCH-BBAS-0283
PO_B14_000284,Cashfree Escrow,MMTR-INV-801756 PO_B14_000284,283358,6803,0,0,276555,INR,2026-08-16T09:58:00Z,BATCH-MMTR-0284
PO_B14_000285,Razorpay Nodal,FLPK-INV-806470 PO_B14_000285,47220,1072,0,0,46148,INR,2026-08-15T19:31:00Z,BATCH-FLPK-0285
PO_B14_000286,Razorpay Nodal,BLNK-INV-328638 PO_B14_000286,412487,7671,0,0,404816,INR,2026-08-17T00:13:00Z,BATCH-BLNK-0286
PO_B14_000287,Cashfree Escrow,MMTR-INV-167346 PO_B14_000287,61953,1088,0,0,60865,INR,2026-08-15T23:15:00Z,BATCH-MMTR-0287
PO_B14_000288,Cashfree Escrow,AMZN-INV-465235 PO_B14_000288,426308,10147,0,0,416161,INR,2026-08-16T05:30:00Z,BATCH-AMZN-0288
PO_B14_000289,Cashfree Escrow,FLPK-ORD-522374 FLPK-ORD-629892 BATCH-FLPK-0289,230454,4609,0,0,225845,INR,2026-08-16T13:40:00Z,BATCH-FLPK-0289
PO_B14_000290,PayU Enterprise,MYNT-INV-853817 PO_B14_000290,328004,6503,0,0,321501,INR,2026-08-16T20:07:00Z,BATCH-MYNT-0290
PO_B14_000291,Razorpay Nodal,BBAS-ORD-704355 BBAS-ORD-517004 BATCH-BBAS-0291,160021,3200,0,0,156821,INR,2026-08-16T16:14:00Z,BATCH-BBAS-0291
PO_B14_000292,BillDesk Settlement,BLNK-ORD-118815 BLNK-ORD-351394 BLNK-ORD-156738 BATCH-BLNK-0292,446225,8924,0,0,437301,INR,2026-08-16T09:26:00Z,BATCH-BLNK-0292
PO_B14_000293,BillDesk Settlement,UBER-INV-243412 PO_B14_000293,403283,6067,0,0,397216,INR,2026-08-16T16:37:00Z,BATCH-UBER-0293
PO_B14_000294,Razorpay Nodal,BKMS-INV-528834 PO_B14_000294,269456,4991,0,0,264465,INR,2026-08-15T22:07:00Z,BATCH-BKMS-0294
PO_B14_000295,Razorpay Nodal,SWIG-EXC-376640-UNRESOLVED,279192,5573,0,0,273619,INR,2026-08-17T01:20:00Z,HOLD-ESCROW
PO_B14_000296,BillDesk Settlement,JIOO-ORD-378008 JIOO-ORD-553305 BATCH-JIOO-0296,289989,5799,0,0,284190,INR,2026-08-16T12:17:00Z,BATCH-JIOO-0296
PO_B14_000297,Stripe India,BBAS-INV-589423 PO_B14_000297,191225,3469,0,0,187756,INR,2026-08-16T11:41:00Z,BATCH-BBAS-0297
PO_B14_000298,BillDesk Settlement,BKMS-INV-611619 PO_B14_000298,437939,8656,0,0,429283,INR,2026-08-15T20:17:00Z,BATCH-BKMS-0298
PO_B14_000299,Cashfree Escrow,JIOO-INV-436373 PO_B14_000299,301551,5895,0,0,295656,INR,2026-08-15T23:43:00Z,BATCH-JIOO-0299
PO_B14_000300,Stripe India,ZOMA-INV-500681 PO_B14_000300,33209,723,0,0,32486,INR,2026-08-16T22:37:00Z,BATCH-ZOMA-0300
PO_B14_000301,Cashfree Escrow,TATA-INV-487581 PO_B14_000301,25169,573,0,0,24596,INR,2026-08-15T22:00:00Z,BATCH-TATA-0301
PO_B14_000302,Razorpay Nodal,OLAA-INV-938613 PO_B14_000302,175039,3612,0,0,171427,INR,2026-08-16T05:14:00Z,BATCH-OLAA-0302
PO_B14_000303,BillDesk Settlement,TATA-INV-260103 PO_B14_000303,379576,6109,0,0,373467,INR,2026-08-16T09:36:00Z,BATCH-TATA-0303
PO_B14_000304,Razorpay Nodal,BLNK-INV-953739 PO_B14_000304,381430,8095,0,0,373335,INR,2026-08-16T06:40:00Z,BATCH-BLNK-0304
PO_B14_000305,PayU Enterprise,PAYT-INV-348933 PO_B14_000305,231332,5778,0,0,225554,INR,2026-08-15T22:49:00Z,BATCH-PAYT-0305
PO_B14_000306,PayU Enterprise,MYNT-ORD-119920 MYNT-ORD-361945 MYNT-ORD-779832 BATCH-MYNT-0306,286269,5725,0,0,280544,INR,2026-08-16T04:51:00Z,BATCH-MYNT-0306
PO_B14_000307,Stripe India,TATA-INV-426072 PO_B14_000307,161836,2554,0,0,159282,INR,2026-08-16T02:59:00Z,BATCH-TATA-0307
PO_B14_000308,BillDesk Settlement,AMZN-INV-839671 PO_B14_000308,155069,3317,0,0,151752,INR,2026-08-15T17:25:00Z,BATCH-AMZN-0308
PO_B14_000309,Cashfree Escrow,FLPK-INV-667977 PO_B14_000309,307340,7475,0,0,299865,INR,2026-08-16T14:03:00Z,BATCH-FLPK-0309
PO_B14_000310,BillDesk Settlement,FLPK-INV-129162 PO_B14_000310,389609,9569,0,0,380040,INR,2026-08-16T07:04:00Z,BATCH-FLPK-0310
PO_B14_000311,Stripe India,BKMS-INV-788930 PO_B14_000311,41229,813,0,0,40416,INR,2026-08-16T20:05:00Z,BATCH-BKMS-0311
PO_B14_000312,Stripe India,ZOMA-ORD-722286 ZOMA-ORD-812070 BATCH-ZOMA-0312,118983,2379,0,0,116604,INR,2026-08-16T10:31:00Z,BATCH-ZOMA-0312
PO_B14_000313,Cashfree Escrow,TATA-ORD-265892 TATA-ORD-750702 BATCH-TATA-0313,274454,5489,0,0,268965,INR,2026-08-16T19:45:00Z,BATCH-TATA-0313
PO_B14_000314,BillDesk Settlement,PHNP-INV-736783 PO_B14_000314,426392,9548,0,0,416844,INR,2026-08-15T15:16:00Z,BATCH-PHNP-0314
PO_B14_000315,Cashfree Escrow,TATA-ORD-663667 TATA-ORD-578486 TATA-ORD-927598 BATCH-TATA-0315,251520,5030,0,0,246490,INR,2026-08-16T09:35:00Z,BATCH-TATA-0315
PO_B14_000316,BillDesk Settlement,BLNK-INV-163809 PO_B14_000316,165304,3275,0,0,162029,INR,2026-08-16T19:33:00Z,BATCH-BLNK-0316
PO_B14_000317,Razorpay Nodal,PAYT-INV-114950 PO_B14_000317,287484,4878,0,0,282606,INR,2026-08-16T05:00:00Z,BATCH-PAYT-0317
PO_B14_000318,Stripe India,BKMS-INV-541214 PO_B14_000318,342509,5635,0,0,336874,INR,2026-08-16T13:51:00Z,BATCH-BKMS-0318
PO_B14_000319,PayU Enterprise,SWIG-ORD-210921 SWIG-ORD-693825 SWIG-ORD-152639 BATCH-SWIG-0319,501398,10027,0,0,491371,INR,2026-08-16T16:58:00Z,BATCH-SWIG-0319
PO_B14_000320,Cashfree Escrow,MMTR-INV-963996 PO_B14_000320,320698,6290,0,0,314408,INR,2026-08-16T07:28:00Z,BATCH-MMTR-0320
PO_B14_000321,Stripe India,AMZN-INV-588348 PO_B14_000321,96414,2079,0,0,94335,INR,2026-08-17T00:00:00Z,BATCH-AMZN-0321
PO_B14_000322,Cashfree Escrow,PHNP-INV-733423 PO_B14_000322,369487,9154,0,0,360333,INR,2026-08-16T15:38:00Z,BATCH-PHNP-0322
PO_B14_000323,Cashfree Escrow,MYNT-INV-117039 PO_B14_000323,39876,600,0,0,39276,INR,2026-08-16T12:33:00Z,BATCH-MYNT-0323
PO_B14_000324,Razorpay Nodal,FLPK-INV-161901 PO_B14_000324,299361,4625,0,0,294736,INR,2026-08-16T00:09:00Z,BATCH-FLPK-0324
PO_B14_000325,Stripe India,BBAS-ORD-491724 BBAS-ORD-373128 BATCH-BBAS-0325,82280,1645,0,0,80635,INR,2026-08-16T00:54:00Z,BATCH-BBAS-0325
PO_B14_000326,Cashfree Escrow,TATA-ORD-560322 TATA-ORD-275582 TATA-ORD-252283 BATCH-TATA-0326,484680,9693,0,0,474987,INR,2026-08-16T19:00:00Z,BATCH-TATA-0326
PO_B14_000327,PayU Enterprise,AMZN-INV-503820 PO_B14_000327,396331,9363,0,0,386968,INR,2026-08-16T04:02:00Z,BATCH-AMZN-0327
PO_B14_000328,PayU Enterprise,SWIG-INV-536509 PO_B14_000328,278535,5264,0,0,273271,INR,2026-08-16T06:37:00Z,BATCH-SWIG-0328
PO_B14_000329,Cashfree Escrow,MMTR-INV-521730 PO_B14_000329,172491,3247,0,0,169244,INR,2026-08-16T19:34:00Z,BATCH-MMTR-0329
PO_B14_000330,BillDesk Settlement,OLAA-ORD-494047 OLAA-ORD-985179 OLAA-ORD-888002 BATCH-OLAA-0330,269450,5389,0,0,264061,INR,2026-08-16T03:20:00Z,BATCH-OLAA-0330
PO_B14_000331,PayU Enterprise,ZOMA-INV-621639 PO_B14_000331,333615,5252,0,0,328363,INR,2026-08-16T08:18:00Z,BATCH-ZOMA-0331
PO_B14_000332,PayU Enterprise,BBAS-INV-704861 PO_B14_000332,375286,6914,0,0,368372,INR,2026-08-16T04:55:00Z,BATCH-BBAS-0332
PO_B14_000333,PayU Enterprise,AMZN-INV-501852 PO_B14_000333,420168,9177,0,0,410991,INR,2026-08-16T05:51:00Z,BATCH-AMZN-0333
PO_B14_000334,BillDesk Settlement,SWIG-INV-744929 PO_B14_000334,433806,6907,0,0,426899,INR,2026-08-16T05:47:00Z,BATCH-SWIG-0334
PO_B14_000335,PayU Enterprise,BKMS-ORD-375135 BKMS-ORD-286066 BKMS-ORD-526451 BATCH-BKMS-0335,382840,7656,0,0,375184,INR,2026-08-16T03:38:00Z,BATCH-BKMS-0335
PO_B14_000336,BillDesk Settlement,UBER-ORD-625715 UBER-ORD-395765 BATCH-UBER-0336,99534,1990,0,0,97544,INR,2026-08-16T06:03:00Z,BATCH-UBER-0336
PO_B14_000337,Stripe India,MMTR-ORD-890800 MMTR-ORD-147334 MMTR-ORD-380890 BATCH-MMTR-0337,429496,8589,0,0,420907,INR,2026-08-16T12:21:00Z,BATCH-MMTR-0337
PO_B14_000338,BillDesk Settlement,BBAS-ORD-508793 BBAS-ORD-673753 BATCH-BBAS-0338,271600,5432,0,0,266168,INR,2026-08-15T21:09:00Z,BATCH-BBAS-0338
PO_B14_000339,Razorpay Nodal,MMTR-INV-551097 PO_B14_000339,356394,7271,0,0,349123,INR,2026-08-16T00:14:00Z,BATCH-MMTR-0339
PO_B14_000340,Stripe India,PHNP-INV-653490 PO_B14_000340,393539,8691,0,0,384848,INR,2026-08-16T15:43:00Z,BATCH-PHNP-0340
PO_B14_000341,BillDesk Settlement,PAYT-INV-377694 PO_B14_000341,436285,9672,0,0,426613,INR,2026-08-16T14:09:00Z,BATCH-PAYT-0341
PO_B14_000342,BillDesk Settlement,BKMS-INV-902482 PO_B14_000342,377194,7743,0,0,369451,INR,2026-08-16T05:24:00Z,BATCH-BKMS-0342
PO_B14_000343,Stripe India,OLAA-INV-703725 PO_B14_000343,354625,6416,0,0,348209,INR,2026-08-15T23:51:00Z,BATCH-OLAA-0343
PO_B14_000344,PayU Enterprise,SWIG-INV-154763 PO_B14_000344,219269,5435,0,0,213834,INR,2026-08-16T15:35:00Z,BATCH-SWIG-0344
PO_B14_000345,BillDesk Settlement,NYKA-INV-185513 PO_B14_000345,402881,8438,0,0,394443,INR,2026-08-16T16:37:00Z,BATCH-NYKA-0345
PO_B14_000346,PayU Enterprise,AMZN-INV-891703 PO_B14_000346,225178,4985,0,0,220193,INR,2026-08-16T05:48:00Z,BATCH-AMZN-0346
PO_B14_000347,Stripe India,AMZN-ORD-687666 AMZN-ORD-706787 AMZN-ORD-996163 BATCH-AMZN-0347,459980,9199,0,0,450781,INR,2026-08-16T13:27:00Z,BATCH-AMZN-0347
PO_B14_000348,Stripe India,FLPK-INV-798321 PO_B14_000348,216661,5326,0,0,211335,INR,2026-08-16T15:50:00Z,BATCH-FLPK-0348
PO_B14_000349,BillDesk Settlement,FLPK-INV-630681 PO_B14_000349,63128,1314,0,0,61814,INR,2026-08-16T06:41:00Z,BATCH-FLPK-0349
PO_B14_000350,BillDesk Settlement,BLNK-INV-807371 PO_B14_000350,321287,7722,0,0,313565,INR,2026-08-16T11:07:00Z,BATCH-BLNK-0350
PO_B14_000351,Stripe India,OLAA-ORD-332552 OLAA-ORD-461892 OLAA-ORD-550132 BATCH-OLAA-0351,577773,11555,0,0,566218,INR,2026-08-16T12:05:00Z,BATCH-OLAA-0351
PO_B14_000352,Stripe India,JIOO-INV-479139 PO_B14_000352,291726,5901,0,0,285825,INR,2026-08-16T12:50:00Z,BATCH-JIOO-0352
PO_B14_000353,Stripe India,BBAS-ORD-751473 BBAS-ORD-663538 BBAS-ORD-314233 BATCH-BBAS-0353,399881,7997,0,0,391884,INR,2026-08-16T20:04:00Z,BATCH-BBAS-0353
PO_B14_000354,Stripe India,AMZN-INV-733357 PO_B14_000354,191743,3365,0,0,188378,INR,2026-08-16T09:12:00Z,BATCH-AMZN-0354
PO_B14_000355,PayU Enterprise,MMTR-ORD-395072 MMTR-ORD-683978 BATCH-MMTR-0355,412424,8248,0,0,404176,INR,2026-08-16T03:05:00Z,BATCH-MMTR-0355
PO_B14_000356,Razorpay Nodal,PAYT-INV-802739 PO_B14_000356,442131,7515,0,0,434616,INR,2026-08-16T16:03:00Z,BATCH-PAYT-0356
PO_B14_000357,BillDesk Settlement,JIOO-INV-129166 PO_B14_000357,386667,8908,0,0,377759,INR,2026-08-16T14:05:00Z,BATCH-JIOO-0357
PO_B14_000358,Stripe India,MYNT-ORD-636747 MYNT-ORD-436030 MYNT-ORD-506595 BATCH-MYNT-0358,491281,9825,0,0,481456,INR,2026-08-16T09:05:00Z,BATCH-MYNT-0358
PO_B14_000359,Stripe India,AMZN-INV-691747 PO_B14_000359,169976,2755,0,0,167221,INR,2026-08-16T11:17:00Z,BATCH-AMZN-0359
PO_B14_000360,BillDesk Settlement,NYKA-ORD-999874 NYKA-ORD-411604 BATCH-NYKA-0360,153965,3079,0,0,150886,INR,2026-08-16T14:09:00Z,BATCH-NYKA-0360
PO_B14_000361,BillDesk Settlement,UBER-INV-775323 PO_B14_000361,273708,5565,0,0,268143,INR,2026-08-16T09:38:00Z,BATCH-UBER-0361
PO_B14_000362,PayU Enterprise,ZOMA-ORD-681641 ZOMA-ORD-210220 BATCH-ZOMA-0362,214284,4285,0,0,209999,INR,2026-08-16T14:31:00Z,BATCH-ZOMA-0362
PO_B14_000363,Stripe India,JIOO-INV-264109 PO_B14_000363,416078,7646,0,0,408432,INR,2026-08-15T18:41:00Z,BATCH-JIOO-0363
PO_B14_000364,BillDesk Settlement,PHNP-INV-635111 PO_B14_000364,92161,1872,0,0,90289,INR,2026-08-16T14:26:00Z,BATCH-PHNP-0364
PO_B14_000365,PayU Enterprise,ZOMA-INV-764884 PO_B14_000365,139506,3207,0,0,136299,INR,2026-08-16T08:32:00Z,BATCH-ZOMA-0365
PO_B14_000366,Stripe India,BKMS-ORD-725298 BKMS-ORD-946500 BATCH-BKMS-0366,272665,5453,0,0,267212,INR,2026-08-16T17:33:00Z,BATCH-BKMS-0366
PO_B14_000367,PayU Enterprise,BBAS-INV-340532 PO_B14_000367,381266,8969,0,0,372297,INR,2026-08-15T22:37:00Z,BATCH-BBAS-0367
PO_B14_000368,Stripe India,BKMS-INV-395981 PO_B14_000368,139314,3226,0,0,136088,INR,2026-08-16T08:11:00Z,BATCH-BKMS-0368
PO_B14_000369,BillDesk Settlement,OLAA-INV-396047 PO_B14_000369,332212,5460,0,0,326752,INR,2026-08-16T10:02:00Z,BATCH-OLAA-0369
PO_B14_000370,Stripe India,BLNK-INV-626336 PO_B14_000370,54710,1040,0,0,53670,INR,2026-08-16T20:41:00Z,BATCH-BLNK-0370
PO_B14_000371,Razorpay Nodal,BLNK-INV-515081 PO_B14_000371,101431,2520,0,0,98911,INR,2026-08-15T17:32:00Z,BATCH-BLNK-0371
PO_B14_000372,Stripe India,SWIG-INV-737375 PO_B14_000372,169387,2570,0,0,166817,INR,2026-08-16T12:55:00Z,BATCH-SWIG-0372
PO_B14_000373,Razorpay Nodal,FLPK-ORD-915660 FLPK-ORD-497488 FLPK-ORD-817380 BATCH-FLPK-0373,318296,6365,0,0,311931,INR,2026-08-16T12:50:00Z,BATCH-FLPK-0373
PO_B14_000374,Stripe India,MYNT-INV-800606 PO_B14_000374,31144,476,0,0,30668,INR,2026-08-16T00:34:00Z,BATCH-MYNT-0374
PO_B14_000375,Razorpay Nodal,FLPK-ORD-297733 FLPK-ORD-734575 BATCH-FLPK-0375,317647,6352,0,0,311295,INR,2026-08-16T20:13:00Z,BATCH-FLPK-0375
PO_B14_000376,Stripe India,PHNP-INV-886856 PO_B14_000376,291648,4775,0,0,286873,INR,2026-08-16T13:59:00Z,BATCH-PHNP-0376
PO_B14_000377,PayU Enterprise,UBER-EXC-238880-UNRESOLVED,195800,3906,0,0,191894,INR,2026-08-16T15:36:00Z,HOLD-ESCROW
PO_B14_000378,Stripe India,PAYT-INV-201874 PO_B14_000378,305000,5838,0,0,299162,INR,2026-08-16T12:15:00Z,BATCH-PAYT-0378
PO_B14_000379,Cashfree Escrow,SWIG-EXC-927924-UNRESOLVED,124640,2482,0,0,122158,INR,2026-08-16T23:18:00Z,HOLD-ESCROW
PO_B14_000380,Razorpay Nodal,JIOO-INV-974548 PO_B14_000380,173517,3242,0,0,170275,INR,2026-08-16T12:23:00Z,BATCH-JIOO-0380
PO_B14_000381,Razorpay Nodal,BLNK-INV-783871 PO_B14_000381,304701,5896,0,0,298805,INR,2026-08-16T17:22:00Z,BATCH-BLNK-0381
PO_B14_000382,Cashfree Escrow,AMZN-ORD-703214 AMZN-ORD-669727 AMZN-ORD-128425 BATCH-AMZN-0382,294254,5885,0,0,288369,INR,2026-08-16T02:41:00Z,BATCH-AMZN-0382
PO_B14_000383,BillDesk Settlement,MMTR-INV-786516 PO_B14_000383,62618,1337,0,0,61281,INR,2026-08-16T00:38:00Z,BATCH-MMTR-0383
PO_B14_000384,Stripe India,MMTR-INV-834214 PO_B14_000384,308214,6546,0,0,301668,INR,2026-08-15T23:30:00Z,BATCH-MMTR-0384
PO_B14_000385,PayU Enterprise,MMTR-ORD-101920 MMTR-ORD-139294 MMTR-ORD-725895 BATCH-MMTR-0385,253783,5075,0,0,248708,INR,2026-08-16T05:19:00Z,BATCH-MMTR-0385
PO_B14_000386,Stripe India,MMTR-ORD-567768 MMTR-ORD-196131 BATCH-MMTR-0386,349580,6991,0,0,342589,INR,2026-08-16T15:42:00Z,BATCH-MMTR-0386
PO_B14_000387,Cashfree Escrow,BLNK-INV-887853 PO_B14_000387,257919,4311,0,0,253608,INR,2026-08-16T00:38:00Z,BATCH-BLNK-0387
PO_B14_000388,PayU Enterprise,JIOO-INV-163212 PO_B14_000388,377776,7362,0,0,370414,INR,2026-08-16T07:14:00Z,BATCH-JIOO-0388
PO_B14_000389,BillDesk Settlement,BLNK-INV-472139 PO_B14_000389,279068,4311,0,0,274757,INR,2026-08-16T21:37:00Z,BATCH-BLNK-0389
PO_B14_000390,Razorpay Nodal,AMZN-INV-270490 PO_B14_000390,254140,6305,0,0,247835,INR,2026-08-16T06:04:00Z,BATCH-AMZN-0390
PO_B14_000391,Stripe India,BLNK-INV-641697 PO_B14_000391,141290,2595,0,0,138695,INR,2026-08-15T23:09:00Z,BATCH-BLNK-0391
PO_B14_000392,Razorpay Nodal,UBER-INV-915662 PO_B14_000392,104410,2317,0,0,102093,INR,2026-08-15T18:12:00Z,BATCH-UBER-0392
PO_B14_000393,PayU Enterprise,AMZN-INV-101353 PO_B14_000393,353735,6032,0,0,347703,INR,2026-08-16T08:19:00Z,BATCH-AMZN-0393
PO_B14_000394,Cashfree Escrow,FLPK-INV-376922 PO_B14_000394,262285,5524,0,0,256761,INR,2026-08-16T18:55:00Z,BATCH-FLPK-0394
PO_B14_000395,BillDesk Settlement,JIOO-INV-741131 PO_B14_000395,143745,2733,0,0,141012,INR,2026-08-16T13:57:00Z,BATCH-JIOO-0395
PO_B14_000396,PayU Enterprise,BKMS-INV-303564 PO_B14_000396,418421,6442,0,0,411979,INR,2026-08-16T17:36:00Z,BATCH-BKMS-0396
PO_B14_000397,Cashfree Escrow,UBER-ORD-875841 UBER-ORD-252751 BATCH-UBER-0397,138055,2761,0,0,135294,INR,2026-08-16T12:18:00Z,BATCH-UBER-0397
PO_B14_000398,PayU Enterprise,BLNK-INV-524537 PO_B14_000398,423800,7103,0,0,416697,INR,2026-08-16T03:00:00Z,BATCH-BLNK-0398
PO_B14_000399,Razorpay Nodal,BBAS-INV-769395 PO_B14_000399,37182,809,0,0,36373,INR,2026-08-16T12:39:00Z,BATCH-BBAS-0399
PO_B14_000400,PayU Enterprise,MYNT-ORD-421255 MYNT-ORD-480269 BATCH-MYNT-0400,161712,3234,0,0,158478,INR,2026-08-16T11:41:00Z,BATCH-MYNT-0400
PO_B14_000401,Razorpay Nodal,MMTR-INV-724380 PO_B14_000401,379686,8731,0,0,370955,INR,2026-08-16T04:12:00Z,BATCH-MMTR-0401
PO_B14_000402,Razorpay Nodal,MYNT-ORD-710846 MYNT-ORD-376414 BATCH-MYNT-0402,349477,6989,0,0,342488,INR,2026-08-15T22:47:00Z,BATCH-MYNT-0402
PO_B14_000403,PayU Enterprise,MYNT-INV-153903 PO_B14_000403,262148,5394,0,0,256754,INR,2026-08-16T03:16:00Z,BATCH-MYNT-0403
PO_B14_000404,Razorpay Nodal,MYNT-INV-313254 PO_B14_000404,42349,988,0,0,41361,INR,2026-08-16T13:13:00Z,BATCH-MYNT-0404
PO_B14_000405,Cashfree Escrow,AMZN-INV-226384 PO_B14_000405,257033,4563,0,0,252470,INR,2026-08-16T00:59:00Z,BATCH-AMZN-0405
PO_B14_000406,PayU Enterprise,MYNT-INV-528151 PO_B14_000406,127837,2952,0,0,124885,INR,2026-08-16T21:16:00Z,BATCH-MYNT-0406
PO_B14_000407,PayU Enterprise,FLPK-INV-917937 PO_B14_000407,121833,2553,0,0,119280,INR,2026-08-16T12:35:00Z,BATCH-FLPK-0407
PO_B14_000408,Cashfree Escrow,ZOMA-ORD-347127 ZOMA-ORD-989867 ZOMA-ORD-388631 BATCH-ZOMA-0408,269120,5382,0,0,263738,INR,2026-08-16T17:46:00Z,BATCH-ZOMA-0408
PO_B14_000409,Cashfree Escrow,SWIG-INV-548386 PO_B14_000409,381816,6409,0,0,375407,INR,2026-08-16T12:45:00Z,BATCH-SWIG-0409
PO_B14_000410,Cashfree Escrow,UBER-INV-269710 PO_B14_000410,36432,774,0,0,35658,INR,2026-08-16T01:31:00Z,BATCH-UBER-0410
PO_B14_000411,PayU Enterprise,OLAA-INV-252862 PO_B14_000411,273265,4883,0,0,268382,INR,2026-08-15T19:19:00Z,BATCH-OLAA-0411
PO_B14_000412,BillDesk Settlement,BBAS-INV-609420 PO_B14_000412,440133,9359,0,0,430774,INR,2026-08-16T03:45:00Z,BATCH-BBAS-0412
PO_B14_000413,Razorpay Nodal,BKMS-ORD-512251 BKMS-ORD-168027 BKMS-ORD-332082 BATCH-BKMS-0413,207872,4157,0,0,203715,INR,2026-08-15T22:02:00Z,BATCH-BKMS-0413
PO_B14_000414,PayU Enterprise,JIOO-INV-311371 PO_B14_000414,42834,644,0,0,42190,INR,2026-08-16T06:55:00Z,BATCH-JIOO-0414
PO_B14_000415,PayU Enterprise,PHNP-INV-838534 PO_B14_000415,361551,8945,0,0,352606,INR,2026-08-15T21:34:00Z,BATCH-PHNP-0415
PO_B14_000416,Stripe India,PAYT-INV-273611 PO_B14_000416,191148,4338,0,0,186810,INR,2026-08-16T13:29:00Z,BATCH-PAYT-0416
PO_B14_000417,PayU Enterprise,UBER-ORD-839631 UBER-ORD-729837 BATCH-UBER-0417,204820,4096,0,0,200724,INR,2026-08-15T21:10:00Z,BATCH-UBER-0417
PO_B14_000418,Cashfree Escrow,SWIG-ORD-599032 SWIG-ORD-843285 BATCH-SWIG-0418,270515,5410,0,0,265105,INR,2026-08-15T21:47:00Z,BATCH-SWIG-0418
PO_B14_000419,Cashfree Escrow,ZOMA-EXC-113727-UNRESOLVED,222496,4439,0,0,218057,INR,2026-08-16T22:43:00Z,HOLD-ESCROW
PO_B14_000420,Stripe India,OLAA-ORD-713279 OLAA-ORD-882424 OLAA-ORD-430026 BATCH-OLAA-0420,320242,6404,0,0,313838,INR,2026-08-16T20:57:00Z,BATCH-OLAA-0420
PO_B14_000421,PayU Enterprise,UBER-INV-628248 PO_B14_000421,439363,8361,0,0,431002,INR,2026-08-16T13:56:00Z,BATCH-UBER-0421
PO_B14_000422,Stripe India,AMZN-INV-967714 PO_B14_000422,333487,6485,0,0,327002,INR,2026-08-16T11:32:00Z,BATCH-AMZN-0422
PO_B14_000423,BillDesk Settlement,BLNK-INV-409296 PO_B14_000423,341432,6109,0,0,335323,INR,2026-08-16T07:25:00Z,BATCH-BLNK-0423
PO_B14_000424,Razorpay Nodal,BLNK-INV-989049 PO_B14_000424,330827,7664,0,0,323163,INR,2026-08-16T09:56:00Z,BATCH-BLNK-0424
PO_B14_000425,PayU Enterprise,BBAS-INV-280939 PO_B14_000425,31707,584,0,0,31123,INR,2026-08-15T17:30:00Z,BATCH-BBAS-0425
PO_B14_000426,Razorpay Nodal,TATA-INV-585536 PO_B14_000426,395125,7330,0,0,387795,INR,2026-08-16T00:21:00Z,BATCH-TATA-0426
PO_B14_000427,Cashfree Escrow,BKMS-INV-465619 PO_B14_000427,125737,2593,0,0,123144,INR,2026-08-15T20:21:00Z,BATCH-BKMS-0427
PO_B14_000428,Razorpay Nodal,MMTR-INV-148519 PO_B14_000428,430830,8580,0,0,422250,INR,2026-08-15T23:16:00Z,BATCH-MMTR-0428
PO_B14_000429,Cashfree Escrow,MYNT-INV-582987 PO_B14_000429,107157,1612,0,0,105545,INR,2026-08-16T15:13:00Z,BATCH-MYNT-0429
PO_B14_000430,Razorpay Nodal,JIOO-INV-801234 PO_B14_000430,234834,4259,0,0,230575,INR,2026-08-16T14:16:00Z,BATCH-JIOO-0430
PO_B14_000431,PayU Enterprise,BBAS-INV-155518 PO_B14_000431,318166,7238,0,0,310928,INR,2026-08-16T05:35:00Z,BATCH-BBAS-0431
PO_B14_000432,BillDesk Settlement,UBER-INV-823551 PO_B14_000432,73486,1401,0,0,72085,INR,2026-08-16T18:49:00Z,BATCH-UBER-0432
PO_B14_000433,BillDesk Settlement,BKMS-ORD-543387 BKMS-ORD-564885 BATCH-BKMS-0433,451438,9028,0,0,442410,INR,2026-08-15T22:02:00Z,BATCH-BKMS-0433
PO_B14_000434,BillDesk Settlement,AMZN-ORD-696030 AMZN-ORD-624441 BATCH-AMZN-0434,153733,3074,0,0,150659,INR,2026-08-16T07:15:00Z,BATCH-AMZN-0434
PO_B14_000435,Cashfree Escrow,OLAA-INV-400402 PO_B14_000435,225192,4197,0,0,220995,INR,2026-08-16T06:30:00Z,BATCH-OLAA-0435
PO_B14_000436,Cashfree Escrow,MYNT-INV-167608 PO_B14_000436,327429,6361,0,0,321068,INR,2026-08-17T00:43:00Z,BATCH-MYNT-0436
PO_B14_000437,PayU Enterprise,PHNP-ORD-483804 PHNP-ORD-176167 BATCH-PHNP-0437,78061,1561,0,0,76500,INR,2026-08-15T21:10:00Z,BATCH-PHNP-0437
PO_B14_000438,Razorpay Nodal,TATA-INV-458018 PO_B14_000438,278132,6272,0,0,271860,INR,2026-08-16T22:37:00Z,BATCH-TATA-0438
PO_B14_000439,Razorpay Nodal,NYKA-INV-816316 PO_B14_000439,409501,7278,0,0,402223,INR,2026-08-16T09:46:00Z,BATCH-NYKA-0439
PO_B14_000440,Cashfree Escrow,BBAS-INV-172860 PO_B14_000440,109174,2622,0,0,106552,INR,2026-08-15T20:53:00Z,BATCH-BBAS-0440
PO_B14_000441,Razorpay Nodal,MMTR-INV-686471 PO_B14_000441,266104,4706,0,0,261398,INR,2026-08-16T04:31:00Z,BATCH-MMTR-0441
PO_B14_000442,Razorpay Nodal,FLPK-INV-118708 PO_B14_000442,218341,3504,0,0,214837,INR,2026-08-16T15:55:00Z,BATCH-FLPK-0442
PO_B14_000443,Stripe India,BBAS-INV-476937 PO_B14_000443,425810,7464,0,0,418346,INR,2026-08-16T03:44:00Z,BATCH-BBAS-0443
PO_B14_000444,PayU Enterprise,AMZN-INV-865939 PO_B14_000444,425428,7613,0,0,417815,INR,2026-08-16T17:12:00Z,BATCH-AMZN-0444
PO_B14_000445,Cashfree Escrow,FLPK-INV-540881 PO_B14_000445,29000,581,0,0,28419,INR,2026-08-16T01:04:00Z,BATCH-FLPK-0445
PO_B14_000446,PayU Enterprise,FLPK-INV-657418 PO_B14_000446,360036,6573,0,0,353463,INR,2026-08-16T13:54:00Z,BATCH-FLPK-0446
PO_B14_000447,PayU Enterprise,ZOMA-ORD-385172 ZOMA-ORD-245052 ZOMA-ORD-496303 BATCH-ZOMA-0447,348182,6963,0,0,341219,INR,2026-08-16T10:01:00Z,BATCH-ZOMA-0447
PO_B14_000448,PayU Enterprise,PHNP-ORD-115273 PHNP-ORD-747294 PHNP-ORD-330441 BATCH-PHNP-0448,654710,13094,0,0,641616,INR,2026-08-16T09:34:00Z,BATCH-PHNP-0448
PO_B14_000449,BillDesk Settlement,BBAS-INV-158775 PO_B14_000449,153025,2676,0,0,150349,INR,2026-08-16T14:37:00Z,BATCH-BBAS-0449
PO_B14_000450,Razorpay Nodal,AMZN-INV-392154 PO_B14_000450,105133,2582,0,0,102551,INR,2026-08-16T16:56:00Z,BATCH-AMZN-0450
PO_B14_000451,Cashfree Escrow,MMTR-INV-834443 PO_B14_000451,329434,4999,0,0,324435,INR,2026-08-16T03:29:00Z,BATCH-MMTR-0451
PO_B14_000452,Cashfree Escrow,BKMS-ORD-394631 BKMS-ORD-554320 BATCH-BKMS-0452,196273,3925,0,0,192348,INR,2026-08-15T22:25:00Z,BATCH-BKMS-0452
PO_B14_000453,BillDesk Settlement,BLNK-EXC-674305-UNRESOLVED,197949,3948,0,0,194001,INR,2026-08-16T21:16:00Z,HOLD-ESCROW
PO_B14_000454,Stripe India,PHNP-INV-602746 PO_B14_000454,170253,4018,0,0,166235,INR,2026-08-16T11:56:00Z,BATCH-PHNP-0454
PO_B14_000455,Cashfree Escrow,TATA-INV-673483 PO_B14_000455,200452,4828,0,0,195624,INR,2026-08-16T05:17:00Z,BATCH-TATA-0455
PO_B14_000456,PayU Enterprise,BLNK-INV-586012 PO_B14_000456,69328,1534,0,0,67794,INR,2026-08-16T20:07:00Z,BATCH-BLNK-0456
PO_B14_000457,PayU Enterprise,MMTR-INV-858100 PO_B14_000457,39575,594,0,0,38981,INR,2026-08-16T08:32:00Z,BATCH-MMTR-0457
PO_B14_000458,Stripe India,NYKA-ORD-363205 NYKA-ORD-533525 BATCH-NYKA-0458,436463,8729,0,0,427734,INR,2026-08-16T16:57:00Z,BATCH-NYKA-0458
PO_B14_000459,Cashfree Escrow,NYKA-INV-314991 PO_B14_000459,85173,1633,0,0,83540,INR,2026-08-16T21:31:00Z,BATCH-NYKA-0459
PO_B14_000460,Razorpay Nodal,ZOMA-INV-927432 PO_B14_000460,293247,6260,0,0,286987,INR,2026-08-16T03:53:00Z,BATCH-ZOMA-0460
PO_B14_000461,BillDesk Settlement,SWIG-INV-345906 PO_B14_000461,166835,4168,0,0,162667,INR,2026-08-15T14:19:00Z,BATCH-SWIG-0461
PO_B14_000462,Stripe India,UBER-ORD-898608 UBER-ORD-582717 BATCH-UBER-0462,254812,5096,0,0,249716,INR,2026-08-15T23:15:00Z,BATCH-UBER-0462
PO_B14_000463,BillDesk Settlement,FLPK-INV-164556 PO_B14_000463,306337,6508,0,0,299829,INR,2026-08-16T13:11:00Z,BATCH-FLPK-0463
PO_B14_000464,Cashfree Escrow,TATA-INV-399614 PO_B14_000464,427399,7865,0,0,419534,INR,2026-08-16T05:31:00Z,BATCH-TATA-0464
PO_B14_000465,Cashfree Escrow,MYNT-INV-170832 PO_B14_000465,263774,6366,0,0,257408,INR,2026-08-15T19:47:00Z,BATCH-MYNT-0465
PO_B14_000466,BillDesk Settlement,PHNP-ORD-699599 PHNP-ORD-716778 PHNP-ORD-836454 BATCH-PHNP-0466,326656,6533,0,0,320123,INR,2026-08-16T18:30:00Z,BATCH-PHNP-0466
PO_B14_000467,BillDesk Settlement,ZOMA-ORD-764120 ZOMA-ORD-288355 BATCH-ZOMA-0467,297683,5953,0,0,291730,INR,2026-08-16T09:12:00Z,BATCH-ZOMA-0467
PO_B14_000468,Cashfree Escrow,AMZN-INV-362217 PO_B14_000468,63321,1190,0,0,62131,INR,2026-08-15T15:02:00Z,BATCH-AMZN-0468
PO_B14_000469,Cashfree Escrow,MMTR-INV-564662 PO_B14_000469,131525,2637,0,0,128888,INR,2026-08-16T18:36:00Z,BATCH-MMTR-0469
PO_B14_000470,Stripe India,TATA-INV-373343 PO_B14_000470,261441,5440,0,0,256001,INR,2026-08-16T03:11:00Z,BATCH-TATA-0470
PO_B14_000471,PayU Enterprise,PHNP-INV-693941 PO_B14_000471,221656,3439,0,0,218217,INR,2026-08-16T07:05:00Z,BATCH-PHNP-0471
PO_B14_000472,PayU Enterprise,MYNT-INV-715695 PO_B14_000472,363934,6795,0,0,357139,INR,2026-08-15T22:58:00Z,BATCH-MYNT-0472
PO_B14_000473,Razorpay Nodal,BLNK-ORD-524509 BLNK-ORD-370256 BATCH-BLNK-0473,320172,6403,0,0,313769,INR,2026-08-16T08:23:00Z,BATCH-BLNK-0473
PO_B14_000474,BillDesk Settlement,NYKA-INV-784632 PO_B14_000474,200031,3234,0,0,196797,INR,2026-08-16T07:34:00Z,BATCH-NYKA-0474
PO_B14_000475,Razorpay Nodal,PHNP-INV-561769 PO_B14_000475,27740,596,0,0,27144,INR,2026-08-16T00:52:00Z,BATCH-PHNP-0475
PO_B14_000476,PayU Enterprise,BBAS-INV-817149 PO_B14_000476,432165,9536,0,0,422629,INR,2026-08-16T03:13:00Z,BATCH-BBAS-0476
PO_B14_000477,Razorpay Nodal,AMZN-INV-556563 PO_B14_000477,323640,6019,0,0,317621,INR,2026-08-16T15:33:00Z,BATCH-AMZN-0477
PO_B14_000478,Stripe India,OLAA-INV-277748 PO_B14_000478,40819,748,0,0,40071,INR,2026-08-16T13:48:00Z,BATCH-OLAA-0478
PO_B14_000479,Stripe India,PAYT-ORD-147127 PAYT-ORD-981409 BATCH-PAYT-0479,272102,5442,0,0,266660,INR,2026-08-15T22:59:00Z,BATCH-PAYT-0479
PO_B14_000480,Cashfree Escrow,PHNP-ORD-586354 PHNP-ORD-251774 BATCH-PHNP-0480,251781,5035,0,0,246746,INR,2026-08-16T16:13:00Z,BATCH-PHNP-0480
PO_B14_000481,Cashfree Escrow,BKMS-INV-587095 PO_B14_000481,424256,8602,0,0,415654,INR,2026-08-16T15:49:00Z,BATCH-BKMS-0481
PO_B14_000482,Razorpay Nodal,AMZN-EXC-194746-UNRESOLVED,272782,5445,0,0,267337,INR,2026-08-17T02:18:00Z,HOLD-ESCROW
PO_B14_000483,PayU Enterprise,SWIG-ORD-647616 SWIG-ORD-935080 BATCH-SWIG-0483,272573,5451,0,0,267122,INR,2026-08-16T00:03:00Z,BATCH-SWIG-0483
PO_B14_000484,BillDesk Settlement,MMTR-INV-355495 PO_B14_000484,321564,6915,0,0,314649,INR,2026-08-16T17:42:00Z,BATCH-MMTR-0484
PO_B14_000485,PayU Enterprise,TATA-INV-251368 PO_B14_000485,194305,4418,0,0,189887,INR,2026-08-16T12:29:00Z,BATCH-TATA-0485
PO_B14_000486,Stripe India,FLPK-INV-346289 PO_B14_000486,441764,8682,0,0,433082,INR,2026-08-16T11:08:00Z,BATCH-FLPK-0486
PO_B14_000487,PayU Enterprise,SWIG-ORD-419832 SWIG-ORD-967395 SWIG-ORD-207420 BATCH-SWIG-0487,425328,8506,0,0,416822,INR,2026-08-16T09:31:00Z,BATCH-SWIG-0487
PO_B14_000488,Cashfree Escrow,PHNP-INV-949385 PO_B14_000488,260158,4090,0,0,256068,INR,2026-08-16T02:47:00Z,BATCH-PHNP-0488
PO_B14_000489,BillDesk Settlement,PAYT-INV-257649 PO_B14_000489,288215,4758,0,0,283457,INR,2026-08-15T20:13:00Z,BATCH-PAYT-0489
PO_B14_000490,Stripe India,ZOMA-INV-430848 PO_B14_000490,374022,7408,0,0,366614,INR,2026-08-15T20:15:00Z,BATCH-ZOMA-0490
PO_B14_000491,Razorpay Nodal,AMZN-INV-971890 PO_B14_000491,159129,3483,0,0,155646,INR,2026-08-16T14:33:00Z,BATCH-AMZN-0491
PO_B14_000492,BillDesk Settlement,ZOMA-EXC-227851-UNRESOLVED,274887,5487,0,0,269400,INR,2026-08-16T21:56:00Z,HOLD-ESCROW
PO_B14_000493,PayU Enterprise,BBAS-ORD-686584 BBAS-ORD-794536 BBAS-ORD-828802 BATCH-BBAS-0493,459623,9192,0,0,450431,INR,2026-08-16T06:56:00Z,BATCH-BBAS-0493
PO_B14_000494,Stripe India,MYNT-INV-334847 PO_B14_000494,318097,7518,0,0,310579,INR,2026-08-16T00:16:00Z,BATCH-MYNT-0494
PO_B14_000495,BillDesk Settlement,FLPK-ORD-570028 FLPK-ORD-847275 FLPK-ORD-544882 BATCH-FLPK-0495,584297,11685,0,0,572612,INR,2026-08-16T14:08:00Z,BATCH-FLPK-0495
PO_B14_000496,Stripe India,OLAA-INV-823618 PO_B14_000496,359367,8431,0,0,350936,INR,2026-08-15T22:55:00Z,BATCH-OLAA-0496
PO_B14_000497,Cashfree Escrow,OLAA-INV-579668 PO_B14_000497,366370,8406,0,0,357964,INR,2026-08-16T14:50:00Z,BATCH-OLAA-0497
PO_B14_000498,PayU Enterprise,AMZN-ORD-151083 AMZN-ORD-922258 BATCH-AMZN-0498,251143,5022,0,0,246121,INR,2026-08-16T03:04:00Z,BATCH-AMZN-0498
PO_B14_000499,Stripe India,ZOMA-INV-223760 PO_B14_000499,228363,3537,0,0,224826,INR,2026-08-15T22:08:00Z,BATCH-ZOMA-0499
PO_B14_000500,Cashfree Escrow,PAYT-INV-374700 PO_B14_000500,194852,4485,0,0,190367,INR,2026-08-16T19:51:00Z,BATCH-PAYT-0500
PO_B14_000501,Cashfree Escrow,FLPK-EXC-260849-UNRESOLVED,51737,1024,0,0,50713,INR,2026-08-16T19:03:00Z,HOLD-ESCROW
PO_B14_000502,Stripe India,AMZN-INV-227713 PO_B14_000502,356362,8883,0,0,347479,INR,2026-08-16T05:19:00Z,BATCH-AMZN-0502
PO_B14_000503,Cashfree Escrow,PHNP-INV-429133 PO_B14_000503,127341,2012,0,0,125329,INR,2026-08-16T06:50:00Z,BATCH-PHNP-0503
PO_B14_000504,BillDesk Settlement,ZOMA-INV-421428 PO_B14_000504,229239,5139,0,0,224100,INR,2026-08-16T15:35:00Z,BATCH-ZOMA-0504
PO_B14_000505,BillDesk Settlement,MMTR-INV-276398 PO_B14_000505,27156,577,0,0,26579,INR,2026-08-16T09:30:00Z,BATCH-MMTR-0505
PO_B14_000506,Razorpay Nodal,JIOO-INV-965302 PO_B14_000506,217983,5155,0,0,212828,INR,2026-08-16T02:27:00Z,BATCH-JIOO-0506
PO_B14_000507,Stripe India,BBAS-ORD-128655 BBAS-ORD-232499 BATCH-BBAS-0507,248288,4965,0,0,243323,INR,2026-08-16T01:45:00Z,BATCH-BBAS-0507
PO_B14_000508,Cashfree Escrow,JIOO-INV-436763 PO_B14_000508,312708,6948,0,0,305760,INR,2026-08-16T23:25:00Z,BATCH-JIOO-0508
PO_B14_000509,BillDesk Settlement,UBER-INV-303303 PO_B14_000509,240406,4973,0,0,235433,INR,2026-08-16T05:16:00Z,BATCH-UBER-0509
PO_B14_000510,Razorpay Nodal,PHNP-INV-357404 PO_B14_000510,152839,2641,0,0,150198,INR,2026-08-16T16:03:00Z,BATCH-PHNP-0510
PO_B14_000511,PayU Enterprise,AMZN-INV-308572 PO_B14_000511,354569,8477,0,0,346092,INR,2026-08-16T19:19:00Z,BATCH-AMZN-0511
PO_B14_000512,Cashfree Escrow,BKMS-INV-652019 PO_B14_000512,277429,5743,0,0,271686,INR,2026-08-15T18:45:00Z,BATCH-BKMS-0512
PO_B14_000513,BillDesk Settlement,OLAA-ORD-763989 OLAA-ORD-177525 BATCH-OLAA-0513,347439,6948,0,0,340491,INR,2026-08-16T17:45:00Z,BATCH-OLAA-0513
PO_B14_000514,Cashfree Escrow,UBER-INV-210295 PO_B14_000514,374332,6500,0,0,367832,INR,2026-08-16T12:25:00Z,BATCH-UBER-0514
PO_B14_000515,BillDesk Settlement,NYKA-INV-259634 PO_B14_000515,144557,3197,0,0,141360,INR,2026-08-16T12:00:00Z,BATCH-NYKA-0515
PO_B14_000516,Cashfree Escrow,MMTR-INV-312383 PO_B14_000516,340381,5563,0,0,334818,INR,2026-08-16T06:19:00Z,BATCH-MMTR-0516
PO_B14_000517,Stripe India,NYKA-INV-990192 PO_B14_000517,316000,6614,0,0,309386,INR,2026-08-16T12:07:00Z,BATCH-NYKA-0517
PO_B14_000518,PayU Enterprise,ZOMA-INV-582188 PO_B14_000518,242778,4712,0,0,238066,INR,2026-08-16T15:54:00Z,BATCH-ZOMA-0518
PO_B14_000519,BillDesk Settlement,UBER-EXC-948560-UNRESOLVED,102888,2047,0,0,100841,INR,2026-08-16T21:48:00Z,HOLD-ESCROW
PO_B14_000520,Razorpay Nodal,TATA-INV-373750 PO_B14_000520,364180,6130,0,0,358050,INR,2026-08-16T13:12:00Z,BATCH-TATA-0520
PO_B14_000521,PayU Enterprise,OLAA-INV-880724 PO_B14_000521,167794,2694,0,0,165100,INR,2026-08-16T11:19:00Z,BATCH-OLAA-0521
PO_B14_000522,Razorpay Nodal,UBER-INV-481406 PO_B14_000522,52236,890,0,0,51346,INR,2026-08-16T11:28:00Z,BATCH-UBER-0522
PO_B14_000523,PayU Enterprise,PAYT-INV-560953 PO_B14_000523,151285,3130,0,0,148155,INR,2026-08-16T02:02:00Z,BATCH-PAYT-0523
PO_B14_000524,PayU Enterprise,BLNK-INV-275797 PO_B14_000524,411615,7343,0,0,404272,INR,2026-08-16T02:54:00Z,BATCH-BLNK-0524
PO_B14_000525,Razorpay Nodal,SWIG-INV-998801 PO_B14_000525,129440,2140,0,0,127300,INR,2026-08-15T19:16:00Z,BATCH-SWIG-0525
PO_B14_000526,Stripe India,TATA-INV-542170 PO_B14_000526,381157,6503,0,0,374654,INR,2026-08-16T22:08:00Z,BATCH-TATA-0526
PO_B14_000527,BillDesk Settlement,TATA-INV-778033 PO_B14_000527,435382,10407,0,0,424975,INR,2026-08-16T01:13:00Z,BATCH-TATA-0527
PO_B14_000528,Razorpay Nodal,SWIG-INV-210838 PO_B14_000528,200906,4640,0,0,196266,INR,2026-08-16T14:16:00Z,BATCH-SWIG-0528
PO_B14_000529,Cashfree Escrow,BLNK-INV-370272 PO_B14_000529,335793,6777,0,0,329016,INR,2026-08-16T02:44:00Z,BATCH-BLNK-0529
PO_B14_000530,Razorpay Nodal,FLPK-INV-870478 PO_B14_000530,155890,3478,0,0,152412,INR,2026-08-16T06:23:00Z,BATCH-FLPK-0530
PO_B14_000531,Razorpay Nodal,OLAA-INV-796462 PO_B14_000531,447582,10464,0,0,437118,INR,2026-08-15T18:01:00Z,BATCH-OLAA-0531
PO_B14_000532,Razorpay Nodal,BBAS-INV-118245 PO_B14_000532,179066,3200,0,0,175866,INR,2026-08-16T00:44:00Z,BATCH-BBAS-0532
PO_B14_000533,PayU Enterprise,BKMS-ORD-722362 BKMS-ORD-492969 BATCH-BKMS-0533,170741,3414,0,0,167327,INR,2026-08-16T14:10:00Z,BATCH-BKMS-0533
PO_B14_000534,BillDesk Settlement,UBER-INV-798560 PO_B14_000534,238788,4394,0,0,234394,INR,2026-08-16T13:50:00Z,BATCH-UBER-0534
PO_B14_000535,Cashfree Escrow,SWIG-INV-515115 PO_B14_000535,278998,5274,0,0,273724,INR,2026-08-16T07:17:00Z,BATCH-SWIG-0535
PO_B14_000536,Razorpay Nodal,OLAA-ORD-726456 OLAA-ORD-388034 BATCH-OLAA-0536,91996,1839,0,0,90157,INR,2026-08-16T12:24:00Z,BATCH-OLAA-0536
PO_B14_000537,Stripe India,MYNT-INV-146601 PO_B14_000537,382456,7507,0,0,374949,INR,2026-08-16T08:18:00Z,BATCH-MYNT-0537
PO_B14_000538,PayU Enterprise,BLNK-INV-636064 PO_B14_000538,175094,3222,0,0,171872,INR,2026-08-16T14:32:00Z,BATCH-BLNK-0538
PO_B14_000539,Stripe India,PHNP-INV-546443 PO_B14_000539,337708,7085,0,0,330623,INR,2026-08-16T04:46:00Z,BATCH-PHNP-0539
PO_B14_000540,Cashfree Escrow,PAYT-INV-686424 PO_B14_000540,37475,901,0,0,36574,INR,2026-08-16T07:10:00Z,BATCH-PAYT-0540
PO_B14_000541,Razorpay Nodal,JIOO-INV-192861 PO_B14_000541,437665,8207,0,0,429458,INR,2026-08-16T20:55:00Z,BATCH-JIOO-0541
PO_B14_000542,BillDesk Settlement,NYKA-ORD-176383 NYKA-ORD-972393 BATCH-NYKA-0542,323584,6471,0,0,317113,INR,2026-08-16T00:47:00Z,BATCH-NYKA-0542
PO_B14_000543,Stripe India,NYKA-EXC-402517-UNRESOLVED,282948,5648,0,0,277300,INR,2026-08-16T14:15:00Z,HOLD-ESCROW
PO_B14_000544,Cashfree Escrow,OLAA-INV-916226 PO_B14_000544,154859,3210,0,0,151649,INR,2026-08-16T10:38:00Z,BATCH-OLAA-0544
PO_B14_000545,BillDesk Settlement,UBER-INV-485332 PO_B14_000545,199053,3962,0,0,195091,INR,2026-08-15T19:48:00Z,BATCH-UBER-0545
PO_B14_000546,Cashfree Escrow,AMZN-INV-231132 PO_B14_000546,334749,5206,0,0,329543,INR,2026-08-16T06:08:00Z,BATCH-AMZN-0546
PO_B14_000547,Cashfree Escrow,BKMS-INV-236558 PO_B14_000547,416744,9253,0,0,407491,INR,2026-08-16T06:47:00Z,BATCH-BKMS-0547
PO_B14_000548,Razorpay Nodal,MMTR-INV-262506 PO_B14_000548,138511,2477,0,0,136034,INR,2026-08-16T02:12:00Z,BATCH-MMTR-0548
PO_B14_000549,Razorpay Nodal,MMTR-INV-851898 PO_B14_000549,411832,7978,0,0,403854,INR,2026-08-16T13:48:00Z,BATCH-MMTR-0549
PO_B14_000550,BillDesk Settlement,TATA-ORD-662943 TATA-ORD-780772 BATCH-TATA-0550,352295,7045,0,0,345250,INR,2026-08-16T05:06:00Z,BATCH-TATA-0550
PO_B14_000551,PayU Enterprise,AMZN-INV-449611 PO_B14_000551,78395,1267,0,0,77128,INR,2026-08-16T15:22:00Z,BATCH-AMZN-0551
PO_B14_000552,Cashfree Escrow,FLPK-ORD-575679 FLPK-ORD-782807 FLPK-ORD-112851 BATCH-FLPK-0552,534376,10687,0,0,523689,INR,2026-08-16T01:18:00Z,BATCH-FLPK-0552
PO_B14_000553,Razorpay Nodal,PAYT-INV-755413 PO_B14_000553,368201,6120,0,0,362081,INR,2026-08-16T04:45:00Z,BATCH-PAYT-0553
PO_B14_000554,PayU Enterprise,PHNP-INV-311296 PO_B14_000554,300324,6309,0,0,294015,INR,2026-08-15T23:28:00Z,BATCH-PHNP-0554
PO_B14_000555,Razorpay Nodal,NYKA-ORD-610262 NYKA-ORD-731691 BATCH-NYKA-0555,244110,4882,0,0,239228,INR,2026-08-16T12:24:00Z,BATCH-NYKA-0555
PO_B14_000556,Razorpay Nodal,BBAS-ORD-157182 BBAS-ORD-626285 BATCH-BBAS-0556,47309,946,0,0,46363,INR,2026-08-16T09:37:00Z,BATCH-BBAS-0556
PO_B14_000557,Razorpay Nodal,ZOMA-INV-912887 PO_B14_000557,389517,8293,0,0,381224,INR,2026-08-15T18:23:00Z,BATCH-ZOMA-0557
PO_B14_000558,BillDesk Settlement,SWIG-INV-969351 PO_B14_000558,333928,6616,0,0,327312,INR,2026-08-16T00:28:00Z,BATCH-SWIG-0558
PO_B14_000559,Stripe India,OLAA-EXC-748855-UNRESOLVED,149317,2976,0,0,146341,INR,2026-08-17T08:10:00Z,HOLD-ESCROW
PO_B14_000560,PayU Enterprise,BBAS-ORD-496842 BBAS-ORD-965329 BBAS-ORD-677634 BATCH-BBAS-0560,318405,6368,0,0,312037,INR,2026-08-16T02:00:00Z,BATCH-BBAS-0560
PO_B14_000561,PayU Enterprise,MYNT-INV-759571 PO_B14_000561,170492,3272,0,0,167220,INR,2026-08-15T21:23:00Z,BATCH-MYNT-0561
PO_B14_000562,Cashfree Escrow,NYKA-INV-807928 PO_B14_000562,216287,4436,0,0,211851,INR,2026-08-15T22:03:00Z,BATCH-NYKA-0562
PO_B14_000563,Cashfree Escrow,PAYT-INV-533955 PO_B14_000563,356488,5441,0,0,351047,INR,2026-08-16T09:27:00Z,BATCH-PAYT-0563
PO_B14_000564,Razorpay Nodal,ZOMA-INV-770852 PO_B14_000564,121954,2768,0,0,119186,INR,2026-08-16T13:16:00Z,BATCH-ZOMA-0564
PO_B14_000565,Cashfree Escrow,BBAS-ORD-447142 BBAS-ORD-865578 BATCH-BBAS-0565,413308,8266,0,0,405042,INR,2026-08-16T19:28:00Z,BATCH-BBAS-0565
PO_B14_000566,BillDesk Settlement,SWIG-INV-729817 PO_B14_000566,293244,5483,0,0,287761,INR,2026-08-15T23:41:00Z,BATCH-SWIG-0566
PO_B14_000567,PayU Enterprise,NYKA-INV-192652 PO_B14_000567,359613,8710,0,0,350903,INR,2026-08-16T12:33:00Z,BATCH-NYKA-0567
PO_B14_000568,BillDesk Settlement,AMZN-INV-173678 PO_B14_000568,432894,9826,0,0,423068,INR,2026-08-16T16:01:00Z,BATCH-AMZN-0568
PO_B14_000569,Stripe India,MYNT-INV-503575 PO_B14_000569,417810,6671,0,0,411139,INR,2026-08-16T19:06:00Z,BATCH-MYNT-0569
PO_B14_000570,Cashfree Escrow,NYKA-INV-320651 PO_B14_000570,111978,2690,0,0,109288,INR,2026-08-15T18:58:00Z,BATCH-NYKA-0570
PO_B14_000571,BillDesk Settlement,PAYT-INV-142732 PO_B14_000571,420297,9699,0,0,410598,INR,2026-08-16T09:23:00Z,BATCH-PAYT-0571
PO_B14_000572,Razorpay Nodal,BLNK-INV-803907 PO_B14_000572,148033,2484,0,0,145549,INR,2026-08-16T09:05:00Z,BATCH-BLNK-0572
PO_B14_000573,Razorpay Nodal,BKMS-INV-286835 PO_B14_000573,86084,1388,0,0,84696,INR,2026-08-16T09:41:00Z,BATCH-BKMS-0573
PO_B14_000574,Cashfree Escrow,FLPK-INV-238870 PO_B14_000574,271692,4880,0,0,266812,INR,2026-08-16T09:54:00Z,BATCH-FLPK-0574
PO_B14_000575,PayU Enterprise,BBAS-ORD-877354 BBAS-ORD-555972 BATCH-BBAS-0575,256412,5128,0,0,251284,INR,2026-08-16T11:16:00Z,BATCH-BBAS-0575
PO_B14_000576,Stripe India,PHNP-INV-169808 PO_B14_000576,323587,4999,0,0,318588,INR,2026-08-16T08:46:00Z,BATCH-PHNP-0576
PO_B14_000577,PayU Enterprise,UBER-EXC-263144-UNRESOLVED,257949,5148,0,0,252801,INR,2026-08-16T22:30:00Z,HOLD-ESCROW
PO_B14_000578,Cashfree Escrow,OLAA-INV-623992 PO_B14_000578,177623,3481,0,0,174142,INR,2026-08-16T10:40:00Z,BATCH-OLAA-0578
PO_B14_000579,Stripe India,BBAS-ORD-367958 BBAS-ORD-683704 BBAS-ORD-571349 BATCH-BBAS-0579,312809,6256,0,0,306553,INR,2026-08-16T08:15:00Z,BATCH-BBAS-0579
PO_B14_000580,Cashfree Escrow,BKMS-INV-311325 PO_B14_000580,301101,5519,0,0,295582,INR,2026-08-16T15:18:00Z,BATCH-BKMS-0580
PO_B14_000581,BillDesk Settlement,TATA-ORD-876979 TATA-ORD-794184 BATCH-TATA-0581,313020,6260,0,0,306760,INR,2026-08-16T17:07:00Z,BATCH-TATA-0581
PO_B14_000582,BillDesk Settlement,ZOMA-INV-803633 PO_B14_000582,98495,1960,0,0,96535,INR,2026-08-16T14:27:00Z,BATCH-ZOMA-0582
PO_B14_000583,PayU Enterprise,AMZN-INV-240508 PO_B14_000583,65263,1021,0,0,64242,INR,2026-08-16T10:03:00Z,BATCH-AMZN-0583
PO_B14_000584,Razorpay Nodal,PAYT-EXC-735281-UNRESOLVED,263961,5269,0,0,258692,INR,2026-08-16T21:24:00Z,HOLD-ESCROW
PO_B14_000585,PayU Enterprise,TATA-INV-815773 PO_B14_000585,294399,4985,0,0,289414,INR,2026-08-16T15:57:00Z,BATCH-TATA-0585
PO_B14_000586,PayU Enterprise,FLPK-INV-626937 PO_B14_000586,183910,2916,0,0,180994,INR,2026-08-16T13:04:00Z,BATCH-FLPK-0586
PO_B14_000587,BillDesk Settlement,MYNT-INV-463007 PO_B14_000587,110785,2158,0,0,108627,INR,2026-08-15T20:01:00Z,BATCH-MYNT-0587
PO_B14_000588,Razorpay Nodal,BBAS-INV-439490 PO_B14_000588,173983,4302,0,0,169681,INR,2026-08-16T14:18:00Z,BATCH-BBAS-0588
PO_B14_000589,Stripe India,MMTR-INV-278244 PO_B14_000589,390359,6859,0,0,383500,INR,2026-08-16T03:50:00Z,BATCH-MMTR-0589
PO_B14_000590,PayU Enterprise,MMTR-EXC-334912-UNRESOLVED,254114,5072,0,0,249042,INR,2026-08-16T13:02:00Z,HOLD-ESCROW
PO_B14_000591,PayU Enterprise,AMZN-INV-138988 PO_B14_000591,171263,2647,0,0,168616,INR,2026-08-16T14:06:00Z,BATCH-AMZN-0591
PO_B14_000592,PayU Enterprise,BKMS-ORD-718867 BKMS-ORD-393156 BATCH-BKMS-0592,75402,1508,0,0,73894,INR,2026-08-15T22:43:00Z,BATCH-BKMS-0592
PO_B14_000593,Cashfree Escrow,PAYT-INV-386074 PO_B14_000593,158892,3281,0,0,155611,INR,2026-08-17T01:14:00Z,BATCH-PAYT-0593
PO_B14_000594,Razorpay Nodal,JIOO-INV-969799 PO_B14_000594,293888,6623,0,0,287265,INR,2026-08-16T13:20:00Z,BATCH-JIOO-0594
PO_B14_000595,Cashfree Escrow,ZOMA-INV-649091 PO_B14_000595,151884,2732,0,0,149152,INR,2026-08-16T02:09:00Z,BATCH-ZOMA-0595
PO_B14_000596,Razorpay Nodal,ZOMA-INV-495153 PO_B14_000596,34518,652,0,0,33866,INR,2026-08-16T04:12:00Z,BATCH-ZOMA-0596
PO_B14_000597,PayU Enterprise,UBER-EXC-393298-UNRESOLVED,207963,4149,0,0,203814,INR,2026-08-17T04:25:00Z,HOLD-ESCROW
PO_B14_000598,Cashfree Escrow,PHNP-EXC-335844-UNRESOLVED,93134,1852,0,0,91282,INR,2026-08-16T20:33:00Z,HOLD-ESCROW
PO_B14_000599,Cashfree Escrow,PAYT-ORD-277986 PAYT-ORD-167919 PAYT-ORD-215099 BATCH-PAYT-0599,226327,4526,0,0,221801,INR,2026-08-16T17:44:00Z,BATCH-PAYT-0599
PO_B14_000600,BillDesk Settlement,PHNP-INV-175528 PO_B14_000600,154296,2634,0,0,151662,INR,2026-08-17T01:53:00Z,BATCH-PHNP-0600
PO_B14_000601,Cashfree Escrow,BBAS-EXC-893041-UNRESOLVED,257284,5135,0,0,252149,INR,2026-08-16T22:25:00Z,HOLD-ESCROW
PO_B14_000602,Razorpay Nodal,PAYT-ORD-624806 PAYT-ORD-819173 BATCH-PAYT-0602,394251,7885,0,0,386366,INR,2026-08-16T14:40:00Z,BATCH-PAYT-0602
PO_B14_000603,Razorpay Nodal,ZOMA-ORD-826781 ZOMA-ORD-910829 BATCH-ZOMA-0603,292267,5845,0,0,286422,INR,2026-08-16T13:18:00Z,BATCH-ZOMA-0603
PO_B14_000604,Razorpay Nodal,UBER-INV-524139 PO_B14_000604,237557,5090,0,0,232467,INR,2026-08-16T03:21:00Z,BATCH-UBER-0604
PO_B14_000605,BillDesk Settlement,UBER-INV-933483 PO_B14_000605,391342,9363,0,0,381979,INR,2026-08-16T15:49:00Z,BATCH-UBER-0605
PO_B14_000606,PayU Enterprise,PAYT-ORD-560880 PAYT-ORD-165612 PAYT-ORD-806117 BATCH-PAYT-0606,434873,8697,0,0,426176,INR,2026-08-16T19:42:00Z,BATCH-PAYT-0606
PO_B14_000607,PayU Enterprise,TATA-INV-863303 PO_B14_000607,412765,9601,0,0,403164,INR,2026-08-16T08:13:00Z,BATCH-TATA-0607
PO_B14_000608,PayU Enterprise,BBAS-INV-645569 PO_B14_000608,248458,4754,0,0,243704,INR,2026-08-16T06:17:00Z,BATCH-BBAS-0608
PO_B14_000609,Razorpay Nodal,PAYT-INV-516632 PO_B14_000609,333815,7408,0,0,326407,INR,2026-08-16T14:03:00Z,BATCH-PAYT-0609
PO_B14_000610,PayU Enterprise,PHNP-INV-629993 PO_B14_000610,54688,866,0,0,53822,INR,2026-08-16T17:14:00Z,BATCH-PHNP-0610
PO_B14_000611,Razorpay Nodal,MMTR-INV-729388 PO_B14_000611,237123,5555,0,0,231568,INR,2026-08-16T15:49:00Z,BATCH-MMTR-0611
PO_B14_000612,Cashfree Escrow,TATA-INV-899988 PO_B14_000612,221997,5126,0,0,216871,INR,2026-08-16T01:33:00Z,BATCH-TATA-0612
PO_B14_000613,Razorpay Nodal,NYKA-INV-965025 PO_B14_000613,158307,3831,0,0,154476,INR,2026-08-16T02:03:00Z,BATCH-NYKA-0613
PO_B14_000614,Stripe India,BKMS-INV-131197 PO_B14_000614,396582,7126,0,0,389456,INR,2026-08-16T16:45:00Z,BATCH-BKMS-0614
PO_B14_000615,Cashfree Escrow,JIOO-EXC-677427-UNRESOLVED,225608,4502,0,0,221106,INR,2026-08-16T18:11:00Z,HOLD-ESCROW
PO_B14_000616,Cashfree Escrow,TATA-INV-649396 PO_B14_000616,243543,5313,0,0,238230,INR,2026-08-16T18:46:00Z,BATCH-TATA-0616
PO_B14_000617,Cashfree Escrow,PAYT-ORD-123210 PAYT-ORD-375247 BATCH-PAYT-0617,212173,4243,0,0,207930,INR,2026-08-16T13:41:00Z,BATCH-PAYT-0617
PO_B14_000618,Razorpay Nodal,ZOMA-INV-314013 PO_B14_000618,354331,5750,0,0,348581,INR,2026-08-16T03:04:00Z,BATCH-ZOMA-0618
PO_B14_000619,Razorpay Nodal,SWIG-INV-677815 PO_B14_000619,222243,3936,0,0,218307,INR,2026-08-16T02:55:00Z,BATCH-SWIG-0619
PO_B14_000620,PayU Enterprise,BLNK-INV-395549 PO_B14_000620,32649,806,0,0,31843,INR,2026-08-16T19:20:00Z,BATCH-BLNK-0620
PO_B14_000621,Stripe India,JIOO-INV-115750 PO_B14_000621,448595,7363,0,0,441232,INR,2026-08-16T03:53:00Z,BATCH-JIOO-0621
PO_B14_000622,Stripe India,AMZN-ORD-268878 AMZN-ORD-855464 BATCH-AMZN-0622,354636,7092,0,0,347544,INR,2026-08-16T12:02:00Z,BATCH-AMZN-0622
PO_B14_000623,Razorpay Nodal,BKMS-ORD-207459 BKMS-ORD-320418 BATCH-BKMS-0623,366855,7337,0,0,359518,INR,2026-08-16T20:00:00Z,BATCH-BKMS-0623
PO_B14_000624,Cashfree Escrow,TATA-INV-312653 PO_B14_000624,334005,6022,0,0,327983,INR,2026-08-16T04:16:00Z,BATCH-TATA-0624
PO_B14_000625,Cashfree Escrow,MYNT-INV-682712 PO_B14_000625,135388,3333,0,0,132055,INR,2026-08-16T09:44:00Z,BATCH-MYNT-0625
PO_B14_000626,BillDesk Settlement,PHNP-INV-337053 PO_B14_000626,123847,2857,0,0,120990,INR,2026-08-16T07:15:00Z,BATCH-PHNP-0626
PO_B14_000627,BillDesk Settlement,MYNT-INV-262454 PO_B14_000627,383242,6273,0,0,376969,INR,2026-08-15T20:56:00Z,BATCH-MYNT-0627
PO_B14_000628,Cashfree Escrow,MMTR-ORD-789184 MMTR-ORD-672870 BATCH-MMTR-0628,237584,4751,0,0,232833,INR,2026-08-16T20:01:00Z,BATCH-MMTR-0628
PO_B14_000629,Razorpay Nodal,UBER-ORD-354474 UBER-ORD-157869 BATCH-UBER-0629,234805,4696,0,0,230109,INR,2026-08-16T07:32:00Z,BATCH-UBER-0629
PO_B14_000630,PayU Enterprise,ZOMA-INV-479049 PO_B14_000630,43407,1047,0,0,42360,INR,2026-08-15T20:06:00Z,BATCH-ZOMA-0630
PO_B14_000631,Razorpay Nodal,TATA-INV-186350 PO_B14_000631,64989,995,0,0,63994,INR,2026-08-16T04:41:00Z,BATCH-TATA-0631
PO_B14_000632,Stripe India,PHNP-INV-486889 PO_B14_000632,164543,3993,0,0,160550,INR,2026-08-16T09:55:00Z,BATCH-PHNP-0632
PO_B14_000633,BillDesk Settlement,BLNK-INV-967727 PO_B14_000633,94799,2199,0,0,92600,INR,2026-08-15T19:07:00Z,BATCH-BLNK-0633
PO_B14_000634,PayU Enterprise,BLNK-INV-687150 PO_B14_000634,406746,7848,0,0,398898,INR,2026-08-16T09:24:00Z,BATCH-BLNK-0634
PO_B14_000635,Razorpay Nodal,SWIG-INV-415355 PO_B14_000635,360249,6028,0,0,354221,INR,2026-08-15T19:49:00Z,BATCH-SWIG-0635
PO_B14_000636,PayU Enterprise,MYNT-ORD-877008 MYNT-ORD-682195 MYNT-ORD-110935 BATCH-MYNT-0636,348631,6972,0,0,341659,INR,2026-08-16T19:19:00Z,BATCH-MYNT-0636
PO_B14_000637,Cashfree Escrow,MYNT-ORD-236830 MYNT-ORD-333165 BATCH-MYNT-0637,327197,6543,0,0,320654,INR,2026-08-16T06:24:00Z,BATCH-MYNT-0637
PO_B14_000638,Razorpay Nodal,BLNK-INV-681996 PO_B14_000638,446548,7525,0,0,439023,INR,2026-08-15T20:28:00Z,BATCH-BLNK-0638
PO_B14_000639,Stripe India,BLNK-INV-306281 PO_B14_000639,45401,914,0,0,44487,INR,2026-08-16T19:37:00Z,BATCH-BLNK-0639
PO_B14_000640,Stripe India,OLAA-ORD-868792 OLAA-ORD-580013 OLAA-ORD-894980 BATCH-OLAA-0640,466906,9338,0,0,457568,INR,2026-08-16T05:20:00Z,BATCH-OLAA-0640
PO_B14_000641,Razorpay Nodal,AMZN-INV-123430 PO_B14_000641,381910,9494,0,0,372416,INR,2026-08-16T13:54:00Z,BATCH-AMZN-0641
PO_B14_000642,BillDesk Settlement,SWIG-ORD-638390 SWIG-ORD-815526 BATCH-SWIG-0642,260082,5201,0,0,254881,INR,2026-08-16T08:45:00Z,BATCH-SWIG-0642
PO_B14_000643,Stripe India,AMZN-INV-799525 PO_B14_000643,359488,6268,0,0,353220,INR,2026-08-16T05:37:00Z,BATCH-AMZN-0643
PO_B14_000644,Razorpay Nodal,SWIG-ORD-813444 SWIG-ORD-378614 BATCH-SWIG-0644,408707,8174,0,0,400533,INR,2026-08-16T05:07:00Z,BATCH-SWIG-0644
PO_B14_000645,BillDesk Settlement,BBAS-INV-102692 PO_B14_000645,245007,4122,0,0,240885,INR,2026-08-16T04:50:00Z,BATCH-BBAS-0645
PO_B14_000646,PayU Enterprise,TATA-INV-321785 PO_B14_000646,286119,6349,0,0,279770,INR,2026-08-16T06:07:00Z,BATCH-TATA-0646
PO_B14_000647,Cashfree Escrow,TATA-INV-188328 PO_B14_000647,435407,10690,0,0,424717,INR,2026-08-15T15:09:00Z,BATCH-TATA-0647
PO_B14_000648,Razorpay Nodal,PAYT-INV-230462 PO_B14_000648,65688,1421,0,0,64267,INR,2026-08-16T11:53:00Z,BATCH-PAYT-0648
PO_B14_000649,Cashfree Escrow,AMZN-INV-452602 PO_B14_000649,314045,6645,0,0,307400,INR,2026-08-16T06:21:00Z,BATCH-AMZN-0649
PO_B14_000650,Stripe India,MMTR-INV-424975 PO_B14_000650,173805,3880,0,0,169925,INR,2026-08-15T18:10:00Z,BATCH-MMTR-0650
PO_B14_000651,Cashfree Escrow,PHNP-INV-354317 PO_B14_000651,322386,5569,0,0,316817,INR,2026-08-16T15:25:00Z,BATCH-PHNP-0651
PO_B14_000652,Stripe India,UBER-INV-856240 PO_B14_000652,417047,9452,0,0,407595,INR,2026-08-16T08:22:00Z,BATCH-UBER-0652
PO_B14_000653,Stripe India,JIOO-INV-678528 PO_B14_000653,188524,4561,0,0,183963,INR,2026-08-16T18:16:00Z,BATCH-JIOO-0653
PO_B14_000654,Stripe India,NYKA-ORD-827707 NYKA-ORD-617451 NYKA-ORD-802473 BATCH-NYKA-0654,313734,6274,0,0,307460,INR,2026-08-16T19:25:00Z,BATCH-NYKA-0654
PO_B14_000655,Stripe India,NYKA-INV-199760 PO_B14_000655,266372,5865,0,0,260507,INR,2026-08-15T23:24:00Z,BATCH-NYKA-0655
PO_B14_000656,Stripe India,SWIG-INV-568432 PO_B14_000656,389221,8161,0,0,381060,INR,2026-08-15T22:22:00Z,BATCH-SWIG-0656
PO_B14_000657,Stripe India,PHNP-ORD-237576 PHNP-ORD-535311 BATCH-PHNP-0657,421644,8432,0,0,413212,INR,2026-08-16T06:58:00Z,BATCH-PHNP-0657
PO_B14_000658,Stripe India,SWIG-INV-291456 PO_B14_000658,387493,6892,0,0,380601,INR,2026-08-16T09:03:00Z,BATCH-SWIG-0658
PO_B14_000659,Cashfree Escrow,PHNP-INV-669141 PO_B14_000659,257092,4308,0,0,252784,INR,2026-08-16T07:52:00Z,BATCH-PHNP-0659
PO_B14_000660,Razorpay Nodal,BBAS-INV-793165 PO_B14_000660,30516,540,0,0,29976,INR,2026-08-16T19:26:00Z,BATCH-BBAS-0660
PO_B14_000661,Stripe India,UBER-INV-820521 PO_B14_000661,98304,1593,0,0,96711,INR,2026-08-16T14:33:00Z,BATCH-UBER-0661
PO_B14_000662,Cashfree Escrow,AMZN-INV-506735 PO_B14_000662,108394,2441,0,0,105953,INR,2026-08-16T01:51:00Z,BATCH-AMZN-0662
PO_B14_000663,Stripe India,NYKA-ORD-813979 NYKA-ORD-125042 BATCH-NYKA-0663,242714,4854,0,0,237860,INR,2026-08-16T06:01:00Z,BATCH-NYKA-0663
PO_B14_000664,Razorpay Nodal,FLPK-ORD-329872 FLPK-ORD-837211 FLPK-ORD-359437 BATCH-FLPK-0664,413208,8264,0,0,404944,INR,2026-08-16T15:38:00Z,BATCH-FLPK-0664
PO_B14_000665,BillDesk Settlement,MYNT-INV-994265 PO_B14_000665,272778,5889,0,0,266889,INR,2026-08-16T04:58:00Z,BATCH-MYNT-0665
PO_B14_000666,Stripe India,BLNK-INV-939523 PO_B14_000666,221064,4188,0,0,216876,INR,2026-08-16T12:42:00Z,BATCH-BLNK-0666
PO_B14_000667,Stripe India,PAYT-ORD-474949 PAYT-ORD-771813 BATCH-PAYT-0667,272722,5454,0,0,267268,INR,2026-08-16T08:56:00Z,BATCH-PAYT-0667
PO_B14_000668,Stripe India,PAYT-INV-238452 PO_B14_000668,233879,5352,0,0,228527,INR,2026-08-16T12:43:00Z,BATCH-PAYT-0668
PO_B14_000669,Razorpay Nodal,FLPK-INV-144475 PO_B14_000669,150978,3461,0,0,147517,INR,2026-08-16T03:48:00Z,BATCH-FLPK-0669
PO_B14_000670,Razorpay Nodal,SWIG-INV-363103 PO_B14_000670,311612,4983,0,0,306629,INR,2026-08-16T21:39:00Z,BATCH-SWIG-0670
PO_B14_000671,Razorpay Nodal,PHNP-INV-106922 PO_B14_000671,51222,933,0,0,50289,INR,2026-08-16T22:59:00Z,BATCH-PHNP-0671
PO_B14_000672,Razorpay Nodal,PAYT-INV-721811 PO_B14_000672,329906,6345,0,0,323561,INR,2026-08-16T21:24:00Z,BATCH-PAYT-0672
PO_B14_000673,Cashfree Escrow,PHNP-INV-792020 PO_B14_000673,206833,4571,0,0,202262,INR,2026-08-16T22:21:00Z,BATCH-PHNP-0673
PO_B14_000674,PayU Enterprise,MMTR-INV-448265 PO_B14_000674,333196,7485,0,0,325711,INR,2026-08-15T16:26:00Z,BATCH-MMTR-0674
PO_B14_000675,BillDesk Settlement,TATA-INV-783446 PO_B14_000675,357583,6305,0,0,351278,INR,2026-08-15T17:01:00Z,BATCH-TATA-0675
PO_B14_000676,Cashfree Escrow,BLNK-INV-259217 PO_B14_000676,198179,4274,0,0,193905,INR,2026-08-15T22:57:00Z,BATCH-BLNK-0676
PO_B14_000677,Cashfree Escrow,OLAA-EXC-225193-UNRESOLVED,274590,5481,0,0,269109,INR,2026-08-17T06:36:00Z,HOLD-ESCROW
PO_B14_000678,Razorpay Nodal,MMTR-INV-352975 PO_B14_000678,334643,7453,0,0,327190,INR,2026-08-16T16:48:00Z,BATCH-MMTR-0678
PO_B14_000679,Stripe India,MMTR-ORD-580862 MMTR-ORD-324126 BATCH-MMTR-0679,239642,4792,0,0,234850,INR,2026-08-16T19:07:00Z,BATCH-MMTR-0679
PO_B14_000680,Razorpay Nodal,NYKA-INV-674678 PO_B14_000680,400524,9406,0,0,391118,INR,2026-08-16T16:05:00Z,BATCH-NYKA-0680
PO_B14_000681,Stripe India,NYKA-EXC-577392-UNRESOLVED,254909,5088,0,0,249821,INR,2026-08-16T17:44:00Z,HOLD-ESCROW
PO_B14_000682,PayU Enterprise,FLPK-ORD-593052 FLPK-ORD-431908 BATCH-FLPK-0682,218283,4365,0,0,213918,INR,2026-08-16T07:21:00Z,BATCH-FLPK-0682
PO_B14_000683,Cashfree Escrow,BKMS-ORD-492576 BKMS-ORD-867934 BATCH-BKMS-0683,357017,7140,0,0,349877,INR,2026-08-16T07:20:00Z,BATCH-BKMS-0683
PO_B14_000684,Cashfree Escrow,PAYT-INV-956007 PO_B14_000684,48389,980,0,0,47409,INR,2026-08-16T08:09:00Z,BATCH-PAYT-0684
PO_B14_000685,Stripe India,OLAA-INV-656122 PO_B14_000685,157639,3101,0,0,154538,INR,2026-08-16T08:16:00Z,BATCH-OLAA-0685
PO_B14_000686,PayU Enterprise,MMTR-INV-883492 PO_B14_000686,378239,7461,0,0,370778,INR,2026-08-16T02:26:00Z,BATCH-MMTR-0686
PO_B14_000687,BillDesk Settlement,FLPK-ORD-987780 FLPK-ORD-901920 FLPK-ORD-945576 BATCH-FLPK-0687,362933,7258,0,0,355675,INR,2026-08-16T12:16:00Z,BATCH-FLPK-0687
PO_B14_000688,Cashfree Escrow,AMZN-INV-235808 PO_B14_000688,144129,3383,0,0,140746,INR,2026-08-16T10:04:00Z,BATCH-AMZN-0688
PO_B14_000689,Stripe India,OLAA-INV-946201 PO_B14_000689,63369,961,0,0,62408,INR,2026-08-16T08:02:00Z,BATCH-OLAA-0689
PO_B14_000690,Razorpay Nodal,PAYT-INV-546912 PO_B14_000690,442359,7024,0,0,435335,INR,2026-08-16T05:38:00Z,BATCH-PAYT-0690
PO_B14_000691,Stripe India,SWIG-INV-975308 PO_B14_000691,40033,650,0,0,39383,INR,2026-08-16T06:57:00Z,BATCH-SWIG-0691
PO_B14_000692,Cashfree Escrow,OLAA-INV-168450 PO_B14_000692,147187,2572,0,0,144615,INR,2026-08-16T00:49:00Z,BATCH-OLAA-0692
PO_B14_000693,Cashfree Escrow,PAYT-INV-446800 PO_B14_000693,127741,1997,0,0,125744,INR,2026-08-16T01:12:00Z,BATCH-PAYT-0693
PO_B14_000694,Razorpay Nodal,JIOO-INV-363580 PO_B14_000694,86841,1698,0,0,85143,INR,2026-08-16T10:49:00Z,BATCH-JIOO-0694
PO_B14_000695,Razorpay Nodal,JIOO-INV-289179 PO_B14_000695,325235,5074,0,0,320161,INR,2026-08-16T10:03:00Z,BATCH-JIOO-0695
PO_B14_000696,BillDesk Settlement,ZOMA-INV-509070 PO_B14_000696,40109,720,0,0,39389,INR,2026-08-16T06:44:00Z,BATCH-ZOMA-0696
PO_B14_000697,PayU Enterprise,UBER-INV-771217 PO_B14_000697,233001,4997,0,0,228004,INR,2026-08-16T05:24:00Z,BATCH-UBER-0697
PO_B14_000698,Cashfree Escrow,NYKA-INV-890448 PO_B14_000698,432068,7409,0,0,424659,INR,2026-08-16T04:59:00Z,BATCH-NYKA-0698
PO_B14_000699,Cashfree Escrow,MYNT-INV-854471 PO_B14_000699,184543,3940,0,0,180603,INR,2026-08-16T10:37:00Z,BATCH-MYNT-0699
PO_B14_000700,Stripe India,JIOO-INV-735986 PO_B14_000700,254701,5559,0,0,249142,INR,2026-08-16T19:21:00Z,BATCH-JIOO-0700
PO_B14_000701,Cashfree Escrow,JIOO-INV-150401 PO_B14_000701,289748,5382,0,0,284366,INR,2026-08-16T06:44:00Z,BATCH-JIOO-0701
PO_B14_000702,BillDesk Settlement,TATA-INV-352510 PO_B14_000702,294433,6218,0,0,288215,INR,2026-08-16T03:49:00Z,BATCH-TATA-0702
PO_B14_000703,Stripe India,UBER-INV-156325 PO_B14_000703,361377,5750,0,0,355627,INR,2026-08-16T15:29:00Z,BATCH-UBER-0703
PO_B14_000704,BillDesk Settlement,AMZN-INV-122492 PO_B14_000704,309202,5504,0,0,303698,INR,2026-08-16T05:42:00Z,BATCH-AMZN-0704
PO_B14_000705,Razorpay Nodal,AMZN-INV-239452 PO_B14_000705,315800,4745,0,0,311055,INR,2026-08-16T07:21:00Z,BATCH-AMZN-0705
PO_B14_000706,PayU Enterprise,MMTR-ORD-258987 MMTR-ORD-721013 BATCH-MMTR-0706,87095,1741,0,0,85354,INR,2026-08-16T06:42:00Z,BATCH-MMTR-0706
PO_B14_000707,Cashfree Escrow,BBAS-INV-654946 PO_B14_000707,73973,1272,0,0,72701,INR,2026-08-16T12:33:00Z,BATCH-BBAS-0707
PO_B14_000708,Cashfree Escrow,FLPK-ORD-187200 FLPK-ORD-655548 BATCH-FLPK-0708,274079,5481,0,0,268598,INR,2026-08-16T14:34:00Z,BATCH-FLPK-0708
PO_B14_000709,Razorpay Nodal,UBER-INV-433993 PO_B14_000709,421568,10534,0,0,411034,INR,2026-08-15T20:54:00Z,BATCH-UBER-0709
PO_B14_000710,PayU Enterprise,JIOO-INV-812982 PO_B14_000710,83688,1790,0,0,81898,INR,2026-08-16T13:48:00Z,BATCH-JIOO-0710
PO_B14_000711,PayU Enterprise,TATA-INV-739022 PO_B14_000711,413536,7920,0,0,405616,INR,2026-08-15T17:08:00Z,BATCH-TATA-0711
PO_B14_000712,Razorpay Nodal,ZOMA-INV-894415 PO_B14_000712,108512,1821,0,0,106691,INR,2026-08-16T06:17:00Z,BATCH-ZOMA-0712
PO_B14_000713,PayU Enterprise,OLAA-ORD-334432 OLAA-ORD-956456 OLAA-ORD-517807 BATCH-OLAA-0713,207235,4144,0,0,203091,INR,2026-08-16T14:40:00Z,BATCH-OLAA-0713
PO_B14_000714,Stripe India,OLAA-INV-929840 PO_B14_000714,296985,7151,0,0,289834,INR,2026-08-16T05:30:00Z,BATCH-OLAA-0714
PO_B14_000715,Cashfree Escrow,BKMS-ORD-349895 BKMS-ORD-394361 BATCH-BKMS-0715,252775,5055,0,0,247720,INR,2026-08-16T03:44:00Z,BATCH-BKMS-0715
PO_B14_000716,Stripe India,UBER-INV-379961 PO_B14_000716,64771,1554,0,0,63217,INR,2026-08-16T10:28:00Z,BATCH-UBER-0716
PO_B14_000717,Cashfree Escrow,BLNK-ORD-937923 BLNK-ORD-875622 BATCH-BLNK-0717,273771,5475,0,0,268296,INR,2026-08-16T19:28:00Z,BATCH-BLNK-0717
PO_B14_000718,PayU Enterprise,BBAS-INV-927394 PO_B14_000718,100540,2041,0,0,98499,INR,2026-08-16T07:59:00Z,BATCH-BBAS-0718
PO_B14_000719,PayU Enterprise,MYNT-INV-104665 PO_B14_000719,327066,7278,0,0,319788,INR,2026-08-16T21:45:00Z,BATCH-MYNT-0719
PO_B14_000720,BillDesk Settlement,UBER-ORD-335445 UBER-ORD-904294 BATCH-UBER-0720,112219,2244,0,0,109975,INR,2026-08-16T02:45:00Z,BATCH-UBER-0720
PO_B14_000721,Cashfree Escrow,SWIG-ORD-889326 SWIG-ORD-816179 BATCH-SWIG-0721,338354,6767,0,0,331587,INR,2026-08-16T18:09:00Z,BATCH-SWIG-0721
PO_B14_000722,BillDesk Settlement,JIOO-EXC-710480-UNRESOLVED,121969,2429,0,0,119540,INR,2026-08-16T17:39:00Z,HOLD-ESCROW
PO_B14_000723,Razorpay Nodal,NYKA-ORD-954347 NYKA-ORD-145868 BATCH-NYKA-0723,121671,2433,0,0,119238,INR,2026-08-16T13:27:00Z,BATCH-NYKA-0723
PO_B14_000724,Cashfree Escrow,MYNT-INV-974102 PO_B14_000724,445782,8528,0,0,437254,INR,2026-08-16T06:51:00Z,BATCH-MYNT-0724
PO_B14_000725,BillDesk Settlement,JIOO-EXC-846120-UNRESOLVED,216184,4313,0,0,211871,INR,2026-08-16T20:41:00Z,HOLD-ESCROW
PO_B14_000726,BillDesk Settlement,MYNT-INV-395092 PO_B14_000726,147481,2851,0,0,144630,INR,2026-08-15T20:30:00Z,BATCH-MYNT-0726
PO_B14_000727,PayU Enterprise,BLNK-INV-194731 PO_B14_000727,429962,6996,0,0,422966,INR,2026-08-15T23:02:00Z,BATCH-BLNK-0727
PO_B14_000728,Cashfree Escrow,NYKA-INV-325512 PO_B14_000728,290372,7034,0,0,283338,INR,2026-08-16T22:21:00Z,BATCH-NYKA-0728
PO_B14_000729,Cashfree Escrow,AMZN-ORD-553918 AMZN-ORD-847112 AMZN-ORD-322691 BATCH-AMZN-0729,368978,7379,0,0,361599,INR,2026-08-15T22:40:00Z,BATCH-AMZN-0729
PO_B14_000730,BillDesk Settlement,BBAS-INV-972487 PO_B14_000730,130844,3062,0,0,127782,INR,2026-08-16T10:16:00Z,BATCH-BBAS-0730
PO_B14_000731,BillDesk Settlement,BKMS-INV-527458 PO_B14_000731,319970,7887,0,0,312083,INR,2026-08-16T05:25:00Z,BATCH-BKMS-0731
PO_B14_000732,BillDesk Settlement,ZOMA-INV-854375 PO_B14_000732,267651,4637,0,0,263014,INR,2026-08-16T02:24:00Z,BATCH-ZOMA-0732
PO_B14_000733,Stripe India,FLPK-INV-825911 PO_B14_000733,245044,4742,0,0,240302,INR,2026-08-16T14:37:00Z,BATCH-FLPK-0733
PO_B14_000734,Stripe India,OLAA-INV-246654 PO_B14_000734,198155,4742,0,0,193413,INR,2026-08-16T03:06:00Z,BATCH-OLAA-0734
PO_B14_000735,BillDesk Settlement,BBAS-ORD-689748 BBAS-ORD-839998 BATCH-BBAS-0735,210121,4202,0,0,205919,INR,2026-08-16T04:25:00Z,BATCH-BBAS-0735
PO_B14_000736,BillDesk Settlement,NYKA-ORD-292100 NYKA-ORD-285899 NYKA-ORD-970515 BATCH-NYKA-0736,611043,12220,0,0,598823,INR,2026-08-16T12:30:00Z,BATCH-NYKA-0736
PO_B14_000737,Razorpay Nodal,TATA-INV-966589 PO_B14_000737,75329,1728,0,0,73601,INR,2026-08-16T02:22:00Z,BATCH-TATA-0737
PO_B14_000738,BillDesk Settlement,BKMS-INV-123221 PO_B14_000738,391199,9269,0,0,381930,INR,2026-08-16T14:46:00Z,BATCH-BKMS-0738
PO_B14_000739,Stripe India,UBER-ORD-447370 UBER-ORD-466130 UBER-ORD-319629 BATCH-UBER-0739,563136,11262,0,0,551874,INR,2026-08-16T12:56:00Z,BATCH-UBER-0739
PO_B14_000740,Stripe India,PAYT-ORD-617718 PAYT-ORD-208738 BATCH-PAYT-0740,190053,3801,0,0,186252,INR,2026-08-16T01:13:00Z,BATCH-PAYT-0740
PO_B14_000741,Cashfree Escrow,UBER-ORD-927272 UBER-ORD-805936 BATCH-UBER-0741,103640,2072,0,0,101568,INR,2026-08-16T13:39:00Z,BATCH-UBER-0741
PO_B14_000742,PayU Enterprise,MYNT-ORD-825157 MYNT-ORD-386114 BATCH-MYNT-0742,225562,4511,0,0,221051,INR,2026-08-16T07:33:00Z,BATCH-MYNT-0742
PO_B14_000743,Cashfree Escrow,BBAS-ORD-112322 BBAS-ORD-665930 BATCH-BBAS-0743,177464,3549,0,0,173915,INR,2026-08-16T01:40:00Z,BATCH-BBAS-0743
PO_B14_000744,BillDesk Settlement,BKMS-INV-526600 PO_B14_000744,223916,4403,0,0,219513,INR,2026-08-16T13:44:00Z,BATCH-BKMS-0744
PO_B14_000745,PayU Enterprise,ZOMA-INV-757096 PO_B14_000745,127524,2461,0,0,125063,INR,2026-08-15T21:48:00Z,BATCH-ZOMA-0745
PO_B14_000746,Cashfree Escrow,ZOMA-INV-508647 PO_B14_000746,281539,5480,0,0,276059,INR,2026-08-16T23:15:00Z,BATCH-ZOMA-0746
PO_B14_000747,BillDesk Settlement,AMZN-INV-123152 PO_B14_000747,345733,5454,0,0,340279,INR,2026-08-16T03:31:00Z,BATCH-AMZN-0747
PO_B14_000748,BillDesk Settlement,OLAA-INV-978164 PO_B14_000748,172970,4015,0,0,168955,INR,2026-08-15T19:52:00Z,BATCH-OLAA-0748
PO_B14_000749,PayU Enterprise,NYKA-INV-736752 PO_B14_000749,245582,4655,0,0,240927,INR,2026-08-16T15:38:00Z,BATCH-NYKA-0749
PO_B14_000750,BillDesk Settlement,JIOO-INV-339033 PO_B14_000750,48157,867,0,0,47290,INR,2026-08-16T09:45:00Z,BATCH-JIOO-0750
PO_B14_000751,Stripe India,JIOO-INV-555710 PO_B14_000751,346149,7014,0,0,339135,INR,2026-08-16T17:19:00Z,BATCH-JIOO-0751
PO_B14_000752,Cashfree Escrow,OLAA-INV-836677 PO_B14_000752,215295,3474,0,0,211821,INR,2026-08-16T15:03:00Z,BATCH-OLAA-0752
PO_B14_000753,BillDesk Settlement,JIOO-INV-217735 PO_B14_000753,141996,3348,0,0,138648,INR,2026-08-16T07:56:00Z,BATCH-JIOO-0753
PO_B14_000754,BillDesk Settlement,NYKA-INV-414559 PO_B14_000754,257024,5946,0,0,251078,INR,2026-08-16T15:06:00Z,BATCH-NYKA-0754
PO_B14_000755,Razorpay Nodal,MMTR-INV-105282 PO_B14_000755,66881,1551,0,0,65330,INR,2026-08-16T10:32:00Z,BATCH-MMTR-0755
PO_B14_000756,BillDesk Settlement,SWIG-INV-940094 PO_B14_000756,250678,5009,0,0,245669,INR,2026-08-16T04:07:00Z,BATCH-SWIG-0756
PO_B14_000757,Cashfree Escrow,NYKA-INV-272482 PO_B14_000757,301117,4978,0,0,296139,INR,2026-08-15T19:06:00Z,BATCH-NYKA-0757
PO_B14_000758,BillDesk Settlement,OLAA-INV-820850 PO_B14_000758,371238,7171,0,0,364067,INR,2026-08-16T20:05:00Z,BATCH-OLAA-0758
PO_B14_000759,BillDesk Settlement,JIOO-ORD-708869 JIOO-ORD-767416 JIOO-ORD-687213 BATCH-JIOO-0759,594690,11893,0,0,582797,INR,2026-08-16T12:31:00Z,BATCH-JIOO-0759
PO_B14_000760,BillDesk Settlement,ZOMA-ORD-528661 ZOMA-ORD-840922 BATCH-ZOMA-0760,302632,6052,0,0,296580,INR,2026-08-16T05:37:00Z,BATCH-ZOMA-0760
PO_B14_000761,Stripe India,NYKA-INV-134484 PO_B14_000761,35599,819,0,0,34780,INR,2026-08-15T23:03:00Z,BATCH-NYKA-0761
PO_B14_000762,PayU Enterprise,BKMS-INV-745463 PO_B14_000762,198385,4737,0,0,193648,INR,2026-08-16T15:03:00Z,BATCH-BKMS-0762
PO_B14_000763,Stripe India,MYNT-INV-603076 PO_B14_000763,40835,850,0,0,39985,INR,2026-08-16T11:13:00Z,BATCH-MYNT-0763
PO_B14_000764,PayU Enterprise,BBAS-EXC-605652-UNRESOLVED,295716,5904,0,0,289812,INR,2026-08-16T09:57:00Z,HOLD-ESCROW
PO_B14_000765,Cashfree Escrow,SWIG-INV-117856 PO_B14_000765,38590,951,0,0,37639,INR,2026-08-16T10:56:00Z,BATCH-SWIG-0765
PO_B14_000766,Stripe India,ZOMA-INV-291570 PO_B14_000766,138826,2244,0,0,136582,INR,2026-08-16T14:04:00Z,BATCH-ZOMA-0766
PO_B14_000767,Cashfree Escrow,BBAS-INV-447130 PO_B14_000767,296131,7129,0,0,289002,INR,2026-08-15T19:05:00Z,BATCH-BBAS-0767
PO_B14_000768,Stripe India,FLPK-ORD-495322 FLPK-ORD-182651 BATCH-FLPK-0768,223278,4465,0,0,218813,INR,2026-08-16T06:18:00Z,BATCH-FLPK-0768
PO_B14_000769,PayU Enterprise,MMTR-INV-914704 PO_B14_000769,180098,3501,0,0,176597,INR,2026-08-16T15:08:00Z,BATCH-MMTR-0769
PO_B14_000770,Stripe India,JIOO-ORD-969069 JIOO-ORD-829009 JIOO-ORD-404808 BATCH-JIOO-0770,372042,7440,0,0,364602,INR,2026-08-16T17:21:00Z,BATCH-JIOO-0770
PO_B14_000771,Stripe India,UBER-INV-523575 PO_B14_000771,105015,2508,0,0,102507,INR,2026-08-15T23:37:00Z,BATCH-UBER-0771
PO_B14_000772,PayU Enterprise,JIOO-INV-350013 PO_B14_000772,112719,2591,0,0,110128,INR,2026-08-16T06:09:00Z,BATCH-JIOO-0772
PO_B14_000773,Cashfree Escrow,NYKA-INV-276225 PO_B14_000773,95772,1928,0,0,93844,INR,2026-08-15T18:25:00Z,BATCH-NYKA-0773
PO_B14_000774,Stripe India,AMZN-INV-969713 PO_B14_000774,383056,6409,0,0,376647,INR,2026-08-16T18:27:00Z,BATCH-AMZN-0774
PO_B14_000775,Stripe India,FLPK-ORD-980379 FLPK-ORD-286575 FLPK-ORD-850357 BATCH-FLPK-0775,370932,7418,0,0,363514,INR,2026-08-15T21:39:00Z,BATCH-FLPK-0775
PO_B14_000776,Razorpay Nodal,FLPK-ORD-498839 FLPK-ORD-866306 BATCH-FLPK-0776,162689,3253,0,0,159436,INR,2026-08-16T04:39:00Z,BATCH-FLPK-0776
PO_B14_000777,Cashfree Escrow,BLNK-INV-497587 PO_B14_000777,402392,6616,0,0,395776,INR,2026-08-16T04:55:00Z,BATCH-BLNK-0777
PO_B14_000778,Razorpay Nodal,AMZN-INV-371022 PO_B14_000778,221944,3794,0,0,218150,INR,2026-08-16T20:21:00Z,BATCH-AMZN-0778
PO_B14_000779,PayU Enterprise,UBER-INV-131908 PO_B14_000779,158848,2741,0,0,156107,INR,2026-08-16T07:32:00Z,BATCH-UBER-0779
PO_B14_000780,PayU Enterprise,MYNT-INV-237257 PO_B14_000780,193760,4641,0,0,189119,INR,2026-08-15T13:19:00Z,BATCH-MYNT-0780
PO_B14_000781,BillDesk Settlement,OLAA-EXC-950516-UNRESOLVED,222261,4435,0,0,217826,INR,2026-08-17T06:24:00Z,HOLD-ESCROW
PO_B14_000782,Cashfree Escrow,SWIG-ORD-903448 SWIG-ORD-669611 BATCH-SWIG-0782,327886,6557,0,0,321329,INR,2026-08-16T15:19:00Z,BATCH-SWIG-0782
PO_B14_000783,Stripe India,BLNK-INV-908128 PO_B14_000783,246788,3775,0,0,243013,INR,2026-08-16T18:49:00Z,BATCH-BLNK-0783
PO_B14_000784,Razorpay Nodal,AMZN-INV-325228 PO_B14_000784,196987,3825,0,0,193162,INR,2026-08-16T03:02:00Z,BATCH-AMZN-0784
PO_B14_000785,Stripe India,OLAA-INV-432695 PO_B14_000785,393615,9601,0,0,384014,INR,2026-08-16T11:04:00Z,BATCH-OLAA-0785
PO_B14_000786,Cashfree Escrow,BKMS-INV-467191 PO_B14_000786,205580,5064,0,0,200516,INR,2026-08-16T04:03:00Z,BATCH-BKMS-0786
PO_B14_000787,Razorpay Nodal,MMTR-ORD-951242 MMTR-ORD-291508 BATCH-MMTR-0787,329299,6585,0,0,322714,INR,2026-08-16T00:59:00Z,BATCH-MMTR-0787
PO_B14_000788,Cashfree Escrow,MMTR-INV-453076 PO_B14_000788,115037,1795,0,0,113242,INR,2026-08-16T02:06:00Z,BATCH-MMTR-0788
PO_B14_000789,PayU Enterprise,AMZN-INV-528177 PO_B14_000789,293114,6518,0,0,286596,INR,2026-08-17T01:41:00Z,BATCH-AMZN-0789
PO_B14_000790,PayU Enterprise,MMTR-ORD-103869 MMTR-ORD-643286 BATCH-MMTR-0790,168417,3368,0,0,165049,INR,2026-08-16T20:48:00Z,BATCH-MMTR-0790
PO_B14_000791,Stripe India,BBAS-INV-571861 PO_B14_000791,151820,3676,0,0,148144,INR,2026-08-16T01:57:00Z,BATCH-BBAS-0791
PO_B14_000792,Stripe India,TATA-ORD-922979 TATA-ORD-326823 BATCH-TATA-0792,194095,3881,0,0,190214,INR,2026-08-16T07:05:00Z,BATCH-TATA-0792
PO_B14_000793,Stripe India,BBAS-INV-852248 PO_B14_000793,97710,2094,0,0,95616,INR,2026-08-16T05:59:00Z,BATCH-BBAS-0793
PO_B14_000794,Stripe India,OLAA-INV-802430 PO_B14_000794,280814,6973,0,0,273841,INR,2026-08-16T14:08:00Z,BATCH-OLAA-0794
PO_B14_000795,Razorpay Nodal,BLNK-INV-209016 PO_B14_000795,105250,2335,0,0,102915,INR,2026-08-16T00:50:00Z,BATCH-BLNK-0795
PO_B14_000796,Razorpay Nodal,BLNK-ORD-760314 BLNK-ORD-121316 BATCH-BLNK-0796,147179,2943,0,0,144236,INR,2026-08-16T10:44:00Z,BATCH-BLNK-0796
PO_B14_000797,PayU Enterprise,NYKA-EXC-921655-UNRESOLVED,147570,2941,0,0,144629,INR,2026-08-16T09:31:00Z,HOLD-ESCROW
PO_B14_000798,Razorpay Nodal,ZOMA-ORD-560926 ZOMA-ORD-345155 ZOMA-ORD-172737 BATCH-ZOMA-0798,269482,5389,0,0,264093,INR,2026-08-16T09:21:00Z,BATCH-ZOMA-0798
PO_B14_000799,Cashfree Escrow,NYKA-INV-383411 PO_B14_000799,376081,7149,0,0,368932,INR,2026-08-15T22:56:00Z,BATCH-NYKA-0799
PO_B14_000800,Cashfree Escrow,UBER-ORD-404891 UBER-ORD-678986 BATCH-UBER-0800,242539,4850,0,0,237689,INR,2026-08-16T15:37:00Z,BATCH-UBER-0800
PO_B14_000801,Cashfree Escrow,ZOMA-INV-283794 PO_B14_000801,394375,6086,0,0,388289,INR,2026-08-16T07:01:00Z,BATCH-ZOMA-0801
PO_B14_000802,Razorpay Nodal,FLPK-ORD-502013 FLPK-ORD-111883 BATCH-FLPK-0802,288222,5764,0,0,282458,INR,2026-08-16T00:54:00Z,BATCH-FLPK-0802
PO_B14_000803,Razorpay Nodal,JIOO-INV-770984 PO_B14_000803,319037,5700,0,0,313337,INR,2026-08-16T03:02:00Z,BATCH-JIOO-0803
PO_B14_000804,BillDesk Settlement,BKMS-INV-953657 PO_B14_000804,166825,3749,0,0,163076,INR,2026-08-16T20:23:00Z,BATCH-BKMS-0804
PO_B14_000805,BillDesk Settlement,NYKA-INV-146009 PO_B14_000805,372281,6640,0,0,365641,INR,2026-08-16T01:38:00Z,BATCH-NYKA-0805
PO_B14_000806,Stripe India,UBER-ORD-423342 UBER-ORD-541740 UBER-ORD-774475 BATCH-UBER-0806,236801,4736,0,0,232065,INR,2026-08-16T18:55:00Z,BATCH-UBER-0806
PO_B14_000807,BillDesk Settlement,OLAA-EXC-819478-UNRESOLVED,205892,4107,0,0,201785,INR,2026-08-17T05:20:00Z,HOLD-ESCROW
PO_B14_000808,Razorpay Nodal,PHNP-INV-516564 PO_B14_000808,269408,6096,0,0,263312,INR,2026-08-16T03:12:00Z,BATCH-PHNP-0808
PO_B14_000809,Stripe India,PHNP-ORD-168029 PHNP-ORD-842091 BATCH-PHNP-0809,386091,7721,0,0,378370,INR,2026-08-16T04:52:00Z,BATCH-PHNP-0809
PO_B14_000810,PayU Enterprise,SWIG-INV-139081 PO_B14_000810,338023,7356,0,0,330667,INR,2026-08-16T13:50:00Z,BATCH-SWIG-0810
PO_B14_000811,Razorpay Nodal,BKMS-INV-303295 PO_B14_000811,238758,4744,0,0,234014,INR,2026-08-16T13:59:00Z,BATCH-BKMS-0811
PO_B14_000812,PayU Enterprise,PHNP-INV-427748 PO_B14_000812,76611,1691,0,0,74920,INR,2026-08-16T05:42:00Z,BATCH-PHNP-0812
PO_B14_000813,PayU Enterprise,FLPK-ORD-901685 FLPK-ORD-342583 BATCH-FLPK-0813,140476,2809,0,0,137667,INR,2026-08-16T04:28:00Z,BATCH-FLPK-0813
PO_B14_000814,Stripe India,UBER-INV-340252 PO_B14_000814,109676,2427,0,0,107249,INR,2026-08-16T04:00:00Z,BATCH-UBER-0814
PO_B14_000815,BillDesk Settlement,OLAA-INV-516382 PO_B14_000815,375569,6375,0,0,369194,INR,2026-08-16T09:59:00Z,BATCH-OLAA-0815
PO_B14_000816,BillDesk Settlement,MYNT-INV-684940 PO_B14_000816,396491,8604,0,0,387887,INR,2026-08-15T22:09:00Z,BATCH-MYNT-0816
PO_B14_000817,Stripe India,BBAS-INV-638950 PO_B14_000817,340405,7293,0,0,333112,INR,2026-08-16T10:25:00Z,BATCH-BBAS-0817
PO_B14_000818,BillDesk Settlement,MMTR-INV-981937 PO_B14_000818,440503,10799,0,0,429704,INR,2026-08-16T09:02:00Z,BATCH-MMTR-0818
PO_B14_000819,Stripe India,PHNP-INV-932797 PO_B14_000819,243889,5310,0,0,238579,INR,2026-08-16T04:03:00Z,BATCH-PHNP-0819
PO_B14_000820,Cashfree Escrow,BKMS-ORD-182659 BKMS-ORD-467661 BKMS-ORD-566738 BATCH-BKMS-0820,442885,8857,0,0,434028,INR,2026-08-16T10:27:00Z,BATCH-BKMS-0820
PO_B14_000821,PayU Enterprise,AMZN-INV-263011 PO_B14_000821,247856,4148,0,0,243708,INR,2026-08-16T02:50:00Z,BATCH-AMZN-0821
PO_B14_000822,Cashfree Escrow,UBER-ORD-781043 UBER-ORD-839326 UBER-ORD-191380 BATCH-UBER-0822,420259,8405,0,0,411854,INR,2026-08-16T06:16:00Z,BATCH-UBER-0822
PO_B14_000823,Stripe India,SWIG-INV-182159 PO_B14_000823,364380,7188,0,0,357192,INR,2026-08-16T11:53:00Z,BATCH-SWIG-0823
PO_B14_000824,Stripe India,OLAA-INV-970542 PO_B14_000824,166791,3486,0,0,163305,INR,2026-08-15T18:44:00Z,BATCH-OLAA-0824
PO_B14_000825,BillDesk Settlement,ZOMA-INV-851628 PO_B14_000825,402337,10054,0,0,392283,INR,2026-08-16T05:29:00Z,BATCH-ZOMA-0825
PO_B14_000826,Cashfree Escrow,AMZN-INV-574270 PO_B14_000826,353772,7810,0,0,345962,INR,2026-08-16T17:04:00Z,BATCH-AMZN-0826
PO_B14_000827,BillDesk Settlement,OLAA-EXC-671018-UNRESOLVED,182686,3643,0,0,179043,INR,2026-08-17T01:03:00Z,HOLD-ESCROW
PO_B14_000828,Stripe India,BLNK-INV-767092 PO_B14_000828,245660,5593,0,0,240067,INR,2026-08-16T15:59:00Z,BATCH-BLNK-0828
PO_B14_000829,Cashfree Escrow,JIOO-INV-515889 PO_B14_000829,263271,5200,0,0,258071,INR,2026-08-15T20:46:00Z,BATCH-JIOO-0829
PO_B14_000830,PayU Enterprise,AMZN-ORD-255438 AMZN-ORD-340099 BATCH-AMZN-0830,407714,8154,0,0,399560,INR,2026-08-15T23:45:00Z,BATCH-AMZN-0830
PO_B14_000831,BillDesk Settlement,MYNT-ORD-566355 MYNT-ORD-546259 BATCH-MYNT-0831,308350,6167,0,0,302183,INR,2026-08-16T03:22:00Z,BATCH-MYNT-0831
PO_B14_000832,PayU Enterprise,MMTR-INV-374213 PO_B14_000832,67395,1585,0,0,65810,INR,2026-08-16T05:36:00Z,BATCH-MMTR-0832
PO_B14_000833,PayU Enterprise,AMZN-ORD-328436 AMZN-ORD-588028 AMZN-ORD-602943 BATCH-AMZN-0833,511549,10230,0,0,501319,INR,2026-08-15T23:29:00Z,BATCH-AMZN-0833
PO_B14_000834,Cashfree Escrow,AMZN-EXC-238627-UNRESOLVED,237909,4748,0,0,233161,INR,2026-08-16T10:59:00Z,HOLD-ESCROW
PO_B14_000835,Cashfree Escrow,UBER-INV-272694 PO_B14_000835,191555,4634,0,0,186921,INR,2026-08-16T15:23:00Z,BATCH-UBER-0835
PO_B14_000836,Stripe India,BBAS-INV-671989 PO_B14_000836,400888,6312,0,0,394576,INR,2026-08-16T08:36:00Z,BATCH-BBAS-0836
PO_B14_000837,BillDesk Settlement,JIOO-ORD-887103 JIOO-ORD-460820 BATCH-JIOO-0837,377949,7558,0,0,370391,INR,2026-08-15T23:58:00Z,BATCH-JIOO-0837
PO_B14_000838,Razorpay Nodal,BLNK-ORD-261668 BLNK-ORD-336606 BATCH-BLNK-0838,229105,4582,0,0,224523,INR,2026-08-15T22:16:00Z,BATCH-BLNK-0838
PO_B14_000839,PayU Enterprise,MMTR-INV-455898 PO_B14_000839,198845,3464,0,0,195381,INR,2026-08-17T01:18:00Z,BATCH-MMTR-0839
PO_B14_000840,PayU Enterprise,BLNK-INV-321040 PO_B14_000840,199122,4890,0,0,194232,INR,2026-08-16T06:54:00Z,BATCH-BLNK-0840
PO_B14_000841,Razorpay Nodal,SWIG-INV-295893 PO_B14_000841,238984,5690,0,0,233294,INR,2026-08-16T01:10:00Z,BATCH-SWIG-0841
PO_B14_000842,PayU Enterprise,BLNK-ORD-332448 BLNK-ORD-954629 BLNK-ORD-412105 BATCH-BLNK-0842,373876,7477,0,0,366399,INR,2026-08-16T19:24:00Z,BATCH-BLNK-0842
PO_B14_000843,Cashfree Escrow,JIOO-INV-840992 PO_B14_000843,380532,7689,0,0,372843,INR,2026-08-16T19:00:00Z,BATCH-JIOO-0843
PO_B14_000844,BillDesk Settlement,PHNP-INV-118766 PO_B14_000844,431276,8154,0,0,423122,INR,2026-08-16T05:51:00Z,BATCH-PHNP-0844
PO_B14_000845,Razorpay Nodal,UBER-INV-300529 PO_B14_000845,93008,1453,0,0,91555,INR,2026-08-16T11:03:00Z,BATCH-UBER-0845
PO_B14_000846,Stripe India,MYNT-ORD-170858 MYNT-ORD-186876 BATCH-MYNT-0846,259868,5197,0,0,254671,INR,2026-08-16T17:39:00Z,BATCH-MYNT-0846
PO_B14_000847,Stripe India,AMZN-INV-714861 PO_B14_000847,447078,8036,0,0,439042,INR,2026-08-16T09:55:00Z,BATCH-AMZN-0847
PO_B14_000848,Cashfree Escrow,BKMS-INV-733976 PO_B14_000848,227184,4820,0,0,222364,INR,2026-08-15T23:06:00Z,BATCH-BKMS-0848
PO_B14_000849,Cashfree Escrow,JIOO-EXC-794095-UNRESOLVED,60054,1191,0,0,58863,INR,2026-08-16T19:29:00Z,HOLD-ESCROW
PO_B14_000850,Stripe India,PHNP-EXC-659526-UNRESOLVED,191835,3826,0,0,188009,INR,2026-08-16T23:27:00Z,HOLD-ESCROW
PO_B14_000851,Cashfree Escrow,FLPK-INV-700579 PO_B14_000851,430593,9901,0,0,420692,INR,2026-08-16T06:55:00Z,BATCH-FLPK-0851
PO_B14_000852,Cashfree Escrow,PAYT-EXC-251393-UNRESOLVED,227718,4544,0,0,223174,INR,2026-08-16T18:31:00Z,HOLD-ESCROW
PO_B14_000853,PayU Enterprise,MYNT-INV-695830 PO_B14_000853,400128,9599,0,0,390529,INR,2026-08-16T03:13:00Z,BATCH-MYNT-0853
PO_B14_000854,Razorpay Nodal,TATA-INV-763584 PO_B14_000854,333029,6724,0,0,326305,INR,2026-08-16T05:38:00Z,BATCH-TATA-0854
PO_B14_000855,Razorpay Nodal,SWIG-ORD-374318 SWIG-ORD-701689 BATCH-SWIG-0855,175386,3507,0,0,171879,INR,2026-08-16T10:08:00Z,BATCH-SWIG-0855
PO_B14_000856,BillDesk Settlement,SWIG-INV-979961 PO_B14_000856,58873,915,0,0,57958,INR,2026-08-16T02:49:00Z,BATCH-SWIG-0856
PO_B14_000857,Stripe India,PAYT-INV-633401 PO_B14_000857,355717,7565,0,0,348152,INR,2026-08-16T07:37:00Z,BATCH-PAYT-0857
PO_B14_000858,PayU Enterprise,TATA-INV-860077 PO_B14_000858,386828,6974,0,0,379854,INR,2026-08-16T05:28:00Z,BATCH-TATA-0858
PO_B14_000859,BillDesk Settlement,TATA-EXC-390499-UNRESOLVED,211799,4225,0,0,207574,INR,2026-08-16T16:37:00Z,HOLD-ESCROW
PO_B14_000860,PayU Enterprise,UBER-INV-858716 PO_B14_000860,103692,2049,0,0,101643,INR,2026-08-15T18:19:00Z,BATCH-UBER-0860
PO_B14_000861,Cashfree Escrow,PHNP-INV-330139 PO_B14_000861,352588,7228,0,0,345360,INR,2026-08-16T11:56:00Z,BATCH-PHNP-0861
PO_B14_000862,Razorpay Nodal,SWIG-INV-795875 PO_B14_000862,108903,2163,0,0,106740,INR,2026-08-15T21:33:00Z,BATCH-SWIG-0862
PO_B14_000863,BillDesk Settlement,MYNT-INV-850837 PO_B14_000863,415520,6561,0,0,408959,INR,2026-08-16T01:21:00Z,BATCH-MYNT-0863
PO_B14_000864,Cashfree Escrow,MMTR-INV-571437 PO_B14_000864,317482,5827,0,0,311655,INR,2026-08-16T09:13:00Z,BATCH-MMTR-0864
PO_B14_000865,BillDesk Settlement,BKMS-INV-241488 PO_B14_000865,361700,5474,0,0,356226,INR,2026-08-16T14:14:00Z,BATCH-BKMS-0865
PO_B14_000866,BillDesk Settlement,BLNK-ORD-292968 BLNK-ORD-576062 BLNK-ORD-333723 BATCH-BLNK-0866,370761,7415,0,0,363346,INR,2026-08-16T18:12:00Z,BATCH-BLNK-0866
PO_B14_000867,Stripe India,TATA-INV-656576 PO_B14_000867,312720,5874,0,0,306846,INR,2026-08-16T00:22:00Z,BATCH-TATA-0867
PO_B14_000868,BillDesk Settlement,MYNT-INV-265885 PO_B14_000868,104191,2558,0,0,101633,INR,2026-08-17T00:09:00Z,BATCH-MYNT-0868
PO_B14_000869,PayU Enterprise,JIOO-EXC-339581-UNRESOLVED,76606,1522,0,0,75084,INR,2026-08-17T06:29:00Z,HOLD-ESCROW
PO_B14_000870,Razorpay Nodal,MMTR-INV-820228 PO_B14_000870,399811,7936,0,0,391875,INR,2026-08-16T12:16:00Z,BATCH-MMTR-0870
PO_B14_000871,Razorpay Nodal,BKMS-ORD-518986 BKMS-ORD-951855 BKMS-ORD-475800 BATCH-BKMS-0871,345641,6912,0,0,338729,INR,2026-08-16T10:24:00Z,BATCH-BKMS-0871
PO_B14_000872,PayU Enterprise,BBAS-INV-225631 PO_B14_000872,301974,5243,0,0,296731,INR,2026-08-16T07:28:00Z,BATCH-BBAS-0872
PO_B14_000873,PayU Enterprise,PAYT-INV-608721 PO_B14_000873,104999,2489,0,0,102510,INR,2026-08-16T09:29:00Z,BATCH-PAYT-0873
PO_B14_000874,PayU Enterprise,AMZN-INV-531557 PO_B14_000874,178161,3203,0,0,174958,INR,2026-08-16T05:25:00Z,BATCH-AMZN-0874
PO_B14_000875,Cashfree Escrow,ZOMA-INV-182150 PO_B14_000875,140504,2976,0,0,137528,INR,2026-08-16T06:39:00Z,BATCH-ZOMA-0875
PO_B14_000876,Cashfree Escrow,TATA-ORD-814762 TATA-ORD-227137 TATA-ORD-577524 BATCH-TATA-0876,249501,4990,0,0,244511,INR,2026-08-15T22:53:00Z,BATCH-TATA-0876
PO_B14_000877,Razorpay Nodal,MYNT-ORD-686934 MYNT-ORD-996316 MYNT-ORD-695550 BATCH-MYNT-0877,541110,10822,0,0,530288,INR,2026-08-15T23:35:00Z,BATCH-MYNT-0877
PO_B14_000878,Cashfree Escrow,ZOMA-INV-868626 PO_B14_000878,147020,2702,0,0,144318,INR,2026-08-16T02:00:00Z,BATCH-ZOMA-0878
PO_B14_000879,Cashfree Escrow,OLAA-INV-487572 PO_B14_000879,420412,10194,0,0,410218,INR,2026-08-16T09:14:00Z,BATCH-OLAA-0879
PO_B14_000880,Razorpay Nodal,PAYT-INV-329782 PO_B14_000880,182276,3627,0,0,178649,INR,2026-08-16T05:15:00Z,BATCH-PAYT-0880
PO_B14_000881,Stripe India,OLAA-ORD-721335 OLAA-ORD-343014 OLAA-ORD-253389 BATCH-OLAA-0881,286967,5739,0,0,281228,INR,2026-08-16T03:42:00Z,BATCH-OLAA-0881
PO_B14_000882,Razorpay Nodal,BBAS-INV-408926 PO_B14_000882,141792,2425,0,0,139367,INR,2026-08-15T13:40:00Z,BATCH-BBAS-0882
PO_B14_000883,PayU Enterprise,ZOMA-ORD-554701 ZOMA-ORD-843881 BATCH-ZOMA-0883,215281,4305,0,0,210976,INR,2026-08-16T06:56:00Z,BATCH-ZOMA-0883
PO_B14_000884,PayU Enterprise,PHNP-INV-440177 PO_B14_000884,338675,6311,0,0,332364,INR,2026-08-16T17:28:00Z,BATCH-PHNP-0884
PO_B14_000885,BillDesk Settlement,BBAS-INV-383390 PO_B14_000885,397053,8046,0,0,389007,INR,2026-08-16T05:41:00Z,BATCH-BBAS-0885
PO_B14_000886,Cashfree Escrow,OLAA-INV-840112 PO_B14_000886,236329,4606,0,0,231723,INR,2026-08-16T09:01:00Z,BATCH-OLAA-0886
PO_B14_000887,Razorpay Nodal,SWIG-INV-499597 PO_B14_000887,440359,7813,0,0,432546,INR,2026-08-16T11:59:00Z,BATCH-SWIG-0887
PO_B14_000888,Cashfree Escrow,UBER-EXC-582833-UNRESOLVED,268668,5363,0,0,263305,INR,2026-08-16T16:34:00Z,HOLD-ESCROW
PO_B14_000889,BillDesk Settlement,NYKA-INV-498375 PO_B14_000889,53237,833,0,0,52404,INR,2026-08-16T11:38:00Z,BATCH-NYKA-0889
PO_B14_000890,BillDesk Settlement,MMTR-INV-704898 PO_B14_000890,385187,7321,0,0,377866,INR,2026-08-16T03:36:00Z,BATCH-MMTR-0890
PO_B14_000891,Cashfree Escrow,OLAA-INV-862351 PO_B14_000891,142518,2638,0,0,139880,INR,2026-08-15T23:14:00Z,BATCH-OLAA-0891
PO_B14_000892,BillDesk Settlement,NYKA-ORD-373247 NYKA-ORD-118307 BATCH-NYKA-0892,214487,4289,0,0,210198,INR,2026-08-15T23:56:00Z,BATCH-NYKA-0892
PO_B14_000893,BillDesk Settlement,BLNK-INV-248952 PO_B14_000893,218968,5262,0,0,213706,INR,2026-08-16T00:57:00Z,BATCH-BLNK-0893
PO_B14_000894,BillDesk Settlement,BLNK-ORD-702573 BLNK-ORD-225479 BLNK-ORD-407728 BATCH-BLNK-0894,299982,5999,0,0,293983,INR,2026-08-16T15:06:00Z,BATCH-BLNK-0894
PO_B14_000895,PayU Enterprise,PHNP-INV-446751 PO_B14_000895,439523,9110,0,0,430413,INR,2026-08-15T15:16:00Z,BATCH-PHNP-0895
PO_B14_000896,Razorpay Nodal,FLPK-ORD-592907 FLPK-ORD-225108 BATCH-FLPK-0896,308453,6169,0,0,302284,INR,2026-08-16T01:03:00Z,BATCH-FLPK-0896
PO_B14_000897,PayU Enterprise,NYKA-INV-737409 PO_B14_000897,72457,1686,0,0,70771,INR,2026-08-16T18:03:00Z,BATCH-NYKA-0897
PO_B14_000898,PayU Enterprise,PAYT-INV-957793 PO_B14_000898,446251,6838,0,0,439413,INR,2026-08-16T03:00:00Z,BATCH-PAYT-0898
PO_B14_000899,PayU Enterprise,TATA-ORD-681982 TATA-ORD-699367 BATCH-TATA-0899,291690,5833,0,0,285857,INR,2026-08-16T15:01:00Z,BATCH-TATA-0899
PO_B14_000900,Stripe India,UBER-INV-779337 PO_B14_000900,245355,4507,0,0,240848,INR,2026-08-15T18:17:00Z,BATCH-UBER-0900
PO_B14_000901,Razorpay Nodal,ZOMA-INV-329702 PO_B14_000901,224698,3942,0,0,220756,INR,2026-08-16T07:06:00Z,BATCH-ZOMA-0901
PO_B14_000902,Razorpay Nodal,JIOO-ORD-582521 JIOO-ORD-797292 BATCH-JIOO-0902,281059,5621,0,0,275438,INR,2026-08-16T19:38:00Z,BATCH-JIOO-0902
PO_B14_000903,Cashfree Escrow,TATA-EXC-513607-UNRESOLVED,277343,5536,0,0,271807,INR,2026-08-16T23:19:00Z,HOLD-ESCROW
PO_B14_000904,BillDesk Settlement,MYNT-ORD-785073 MYNT-ORD-936215 BATCH-MYNT-0904,327591,6551,0,0,321040,INR,2026-08-16T09:29:00Z,BATCH-MYNT-0904
PO_B14_000905,PayU Enterprise,BLNK-INV-967325 PO_B14_000905,45238,948,0,0,44290,INR,2026-08-16T02:46:00Z,BATCH-BLNK-0905
PO_B14_000906,Cashfree Escrow,JIOO-INV-425990 PO_B14_000906,430428,9573,0,0,420855,INR,2026-08-15T18:28:00Z,BATCH-JIOO-0906
PO_B14_000907,PayU Enterprise,UBER-ORD-710847 UBER-ORD-905390 BATCH-UBER-0907,286380,5727,0,0,280653,INR,2026-08-16T16:21:00Z,BATCH-UBER-0907
PO_B14_000908,BillDesk Settlement,PHNP-ORD-469594 PHNP-ORD-445050 BATCH-PHNP-0908,231089,4621,0,0,226468,INR,2026-08-16T05:35:00Z,BATCH-PHNP-0908
PO_B14_000909,PayU Enterprise,BLNK-INV-874667 PO_B14_000909,348787,5418,0,0,343369,INR,2026-08-16T16:06:00Z,BATCH-BLNK-0909
PO_B14_000910,BillDesk Settlement,PHNP-EXC-136700-UNRESOLVED,126058,2511,0,0,123547,INR,2026-08-17T04:19:00Z,HOLD-ESCROW
PO_B14_000911,Stripe India,TATA-INV-333308 PO_B14_000911,295874,4702,0,0,291172,INR,2026-08-16T09:29:00Z,BATCH-TATA-0911
PO_B14_000912,Cashfree Escrow,SWIG-INV-992308 PO_B14_000912,217152,4347,0,0,212805,INR,2026-08-16T12:58:00Z,BATCH-SWIG-0912
PO_B14_000913,Razorpay Nodal,BLNK-INV-531082 PO_B14_000913,399942,9705,0,0,390237,INR,2026-08-16T23:00:00Z,BATCH-BLNK-0913
PO_B14_000914,Stripe India,UBER-INV-636207 PO_B14_000914,93557,2016,0,0,91541,INR,2026-08-16T06:06:00Z,BATCH-UBER-0914
PO_B14_000915,PayU Enterprise,AMZN-ORD-408047 AMZN-ORD-512427 BATCH-AMZN-0915,108581,2171,0,0,106410,INR,2026-08-16T10:11:00Z,BATCH-AMZN-0915
PO_B14_000916,BillDesk Settlement,NYKA-INV-889163 PO_B14_000916,38086,613,0,0,37473,INR,2026-08-16T12:23:00Z,BATCH-NYKA-0916
PO_B14_000917,Cashfree Escrow,SWIG-EXC-166127-UNRESOLVED,94153,1873,0,0,92280,INR,2026-08-16T11:16:00Z,HOLD-ESCROW
PO_B14_000918,BillDesk Settlement,BKMS-INV-599905 PO_B14_000918,375097,6215,0,0,368882,INR,2026-08-15T16:53:00Z,BATCH-BKMS-0918
PO_B14_000919,Stripe India,TATA-INV-160948 PO_B14_000919,84041,1977,0,0,82064,INR,2026-08-16T02:38:00Z,BATCH-TATA-0919
PO_B14_000920,BillDesk Settlement,ZOMA-INV-968602 PO_B14_000920,111140,1716,0,0,109424,INR,2026-08-16T05:17:00Z,BATCH-ZOMA-0920
PO_B14_000921,Cashfree Escrow,NYKA-ORD-452703 NYKA-ORD-692780 NYKA-ORD-894064 BATCH-NYKA-0921,179764,3595,0,0,176169,INR,2026-08-16T01:55:00Z,BATCH-NYKA-0921
PO_B14_000922,Cashfree Escrow,UBER-INV-814598 PO_B14_000922,320843,7508,0,0,313335,INR,2026-08-16T11:46:00Z,BATCH-UBER-0922
PO_B14_000923,BillDesk Settlement,SWIG-INV-769832 PO_B14_000923,382986,5865,0,0,377121,INR,2026-08-16T04:14:00Z,BATCH-SWIG-0923
PO_B14_000924,Razorpay Nodal,UBER-ORD-638196 UBER-ORD-987580 BATCH-UBER-0924,161661,3233,0,0,158428,INR,2026-08-16T00:15:00Z,BATCH-UBER-0924
PO_B14_000925,BillDesk Settlement,BBAS-INV-559716 PO_B14_000925,124451,2052,0,0,122399,INR,2026-08-16T01:31:00Z,BATCH-BBAS-0925
PO_B14_000926,Razorpay Nodal,BKMS-INV-154622 PO_B14_000926,171429,4276,0,0,167153,INR,2026-08-16T02:40:00Z,BATCH-BKMS-0926
PO_B14_000927,Stripe India,NYKA-INV-712434 PO_B14_000927,265716,6342,0,0,259374,INR,2026-08-16T11:45:00Z,BATCH-NYKA-0927
PO_B14_000928,Stripe India,PHNP-INV-531176 PO_B14_000928,381700,9104,0,0,372596,INR,2026-08-16T16:25:00Z,BATCH-PHNP-0928
PO_B14_000929,Cashfree Escrow,SWIG-EXC-626901-UNRESOLVED,186178,3713,0,0,182465,INR,2026-08-16T19:31:00Z,HOLD-ESCROW
PO_B14_000930,Cashfree Escrow,MMTR-ORD-834777 MMTR-ORD-912724 MMTR-ORD-659631 BATCH-MMTR-0930,215433,4308,0,0,211125,INR,2026-08-16T05:44:00Z,BATCH-MMTR-0930
PO_B14_000931,PayU Enterprise,JIOO-INV-365176 PO_B14_000931,44162,913,0,0,43249,INR,2026-08-16T22:53:00Z,BATCH-JIOO-0931
PO_B14_000932,BillDesk Settlement,TATA-ORD-245232 TATA-ORD-526898 BATCH-TATA-0932,346323,6926,0,0,339397,INR,2026-08-16T05:56:00Z,BATCH-TATA-0932
PO_B14_000933,Stripe India,AMZN-INV-590532 PO_B14_000933,338158,7067,0,0,331091,INR,2026-08-16T06:56:00Z,BATCH-AMZN-0933
PO_B14_000934,Stripe India,NYKA-ORD-340562 NYKA-ORD-461132 BATCH-NYKA-0934,236890,4737,0,0,232153,INR,2026-08-15T21:24:00Z,BATCH-NYKA-0934
PO_B14_000935,PayU Enterprise,BLNK-INV-608029 PO_B14_000935,319018,7500,0,0,311518,INR,2026-08-16T19:57:00Z,BATCH-BLNK-0935
PO_B14_000936,BillDesk Settlement,TATA-INV-133669 PO_B14_000936,185432,3331,0,0,182101,INR,2026-08-16T17:05:00Z,BATCH-TATA-0936
PO_B14_000937,Stripe India,PAYT-ORD-818921 PAYT-ORD-748754 BATCH-PAYT-0937,245441,4908,0,0,240533,INR,2026-08-16T01:25:00Z,BATCH-PAYT-0937
PO_B14_000938,Stripe India,NYKA-ORD-868054 NYKA-ORD-350904 NYKA-ORD-757703 BATCH-NYKA-0938,285876,5717,0,0,280159,INR,2026-08-16T16:16:00Z,BATCH-NYKA-0938
PO_B14_000939,BillDesk Settlement,JIOO-INV-756472 PO_B14_000939,265856,5812,0,0,260044,INR,2026-08-15T21:29:00Z,BATCH-JIOO-0939
PO_B14_000940,Cashfree Escrow,NYKA-INV-423597 PO_B14_000940,109229,2416,0,0,106813,INR,2026-08-16T04:32:00Z,BATCH-NYKA-0940
PO_B14_000941,Razorpay Nodal,OLAA-INV-833386 PO_B14_000941,373614,8997,0,0,364617,INR,2026-08-16T16:54:00Z,BATCH-OLAA-0941
PO_B14_000942,BillDesk Settlement,MYNT-ORD-857179 MYNT-ORD-984595 BATCH-MYNT-0942,387237,7744,0,0,379493,INR,2026-08-16T07:15:00Z,BATCH-MYNT-0942
PO_B14_000943,PayU Enterprise,ZOMA-ORD-561321 ZOMA-ORD-622049 ZOMA-ORD-443269 BATCH-ZOMA-0943,266528,5330,0,0,261198,INR,2026-08-16T17:55:00Z,BATCH-ZOMA-0943
PO_B14_000944,PayU Enterprise,BKMS-INV-229178 PO_B14_000944,101532,1715,0,0,99817,INR,2026-08-16T18:18:00Z,BATCH-BKMS-0944
PO_B14_000945,Cashfree Escrow,MMTR-ORD-509864 MMTR-ORD-871945 BATCH-MMTR-0945,447943,8958,0,0,438985,INR,2026-08-16T15:26:00Z,BATCH-MMTR-0945
PO_B14_000946,PayU Enterprise,JIOO-ORD-624224 JIOO-ORD-724596 JIOO-ORD-634892 BATCH-JIOO-0946,379912,7598,0,0,372314,INR,2026-08-16T13:29:00Z,BATCH-JIOO-0946
PO_B14_000947,Razorpay Nodal,PAYT-INV-251384 PO_B14_000947,288692,4496,0,0,284196,INR,2026-08-16T18:25:00Z,BATCH-PAYT-0947
PO_B14_000948,Stripe India,OLAA-INV-932818 PO_B14_000948,117137,1934,0,0,115203,INR,2026-08-16T14:00:00Z,BATCH-OLAA-0948
PO_B14_000949,PayU Enterprise,PAYT-INV-903970 PO_B14_000949,131207,2617,0,0,128590,INR,2026-08-16T05:02:00Z,BATCH-PAYT-0949
PO_B14_000950,BillDesk Settlement,PAYT-INV-168045 PO_B14_000950,79939,1472,0,0,78467,INR,2026-08-16T11:32:00Z,BATCH-PAYT-0950
PO_B14_000951,Razorpay Nodal,MMTR-INV-898541 PO_B14_000951,155475,3577,0,0,151898,INR,2026-08-16T18:20:00Z,BATCH-MMTR-0951
PO_B14_000952,PayU Enterprise,BBAS-INV-851932 PO_B14_000952,242083,5484,0,0,236599,INR,2026-08-16T14:48:00Z,BATCH-BBAS-0952
PO_B14_000953,BillDesk Settlement,JIOO-INV-165643 PO_B14_000953,134697,2099,0,0,132598,INR,2026-08-16T13:24:00Z,BATCH-JIOO-0953
PO_B14_000954,BillDesk Settlement,OLAA-INV-758754 PO_B14_000954,156387,2822,0,0,153565,INR,2026-08-16T05:59:00Z,BATCH-OLAA-0954
PO_B14_000955,Stripe India,SWIG-INV-355400 PO_B14_000955,132469,2749,0,0,129720,INR,2026-08-16T06:21:00Z,BATCH-SWIG-0955
PO_B14_000956,PayU Enterprise,FLPK-INV-986688 PO_B14_000956,402125,9589,0,0,392536,INR,2026-08-16T15:15:00Z,BATCH-FLPK-0956
PO_B14_000957,PayU Enterprise,TATA-INV-930282 PO_B14_000957,338611,5308,0,0,333303,INR,2026-08-16T16:58:00Z,BATCH-TATA-0957
PO_B14_000958,PayU Enterprise,SWIG-INV-379893 PO_B14_000958,330283,8204,0,0,322079,INR,2026-08-16T15:36:00Z,BATCH-SWIG-0958
PO_B14_000959,BillDesk Settlement,JIOO-ORD-331902 JIOO-ORD-669106 BATCH-JIOO-0959,201916,4038,0,0,197878,INR,2026-08-16T19:10:00Z,BATCH-JIOO-0959
PO_B14_000960,BillDesk Settlement,BBAS-INV-896972 PO_B14_000960,262014,4869,0,0,257145,INR,2026-08-15T19:21:00Z,BATCH-BBAS-0960
PO_B14_000961,Stripe India,TATA-ORD-871426 TATA-ORD-244102 BATCH-TATA-0961,279729,5594,0,0,274135,INR,2026-08-16T13:41:00Z,BATCH-TATA-0961
PO_B14_000962,PayU Enterprise,MYNT-INV-848164 PO_B14_000962,416606,9481,0,0,407125,INR,2026-08-16T19:35:00Z,BATCH-MYNT-0962
PO_B14_000963,Cashfree Escrow,SWIG-ORD-116749 SWIG-ORD-839661 SWIG-ORD-404394 BATCH-SWIG-0963,302377,6047,0,0,296330,INR,2026-08-16T03:17:00Z,BATCH-SWIG-0963
PO_B14_000964,Stripe India,ZOMA-ORD-719860 ZOMA-ORD-757459 BATCH-ZOMA-0964,282876,5657,0,0,277219,INR,2026-08-15T22:43:00Z,BATCH-ZOMA-0964
PO_B14_000965,PayU Enterprise,BKMS-ORD-251837 BKMS-ORD-386260 BATCH-BKMS-0965,376311,7526,0,0,368785,INR,2026-08-16T13:08:00Z,BATCH-BKMS-0965
PO_B14_000966,Stripe India,MMTR-ORD-239684 MMTR-ORD-401335 BATCH-MMTR-0966,96842,1936,0,0,94906,INR,2026-08-16T00:31:00Z,BATCH-MMTR-0966
PO_B14_000967,BillDesk Settlement,BBAS-INV-245538 PO_B14_000967,125092,2495,0,0,122597,INR,2026-08-15T19:09:00Z,BATCH-BBAS-0967
PO_B14_000968,Stripe India,PAYT-INV-802193 PO_B14_000968,50845,825,0,0,50020,INR,2026-08-16T10:01:00Z,BATCH-PAYT-0968
PO_B14_000969,Razorpay Nodal,AMZN-INV-474220 PO_B14_000969,278228,5199,0,0,273029,INR,2026-08-15T17:10:00Z,BATCH-AMZN-0969
PO_B14_000970,Stripe India,OLAA-INV-362865 PO_B14_000970,25589,476,0,0,25113,INR,2026-08-16T15:08:00Z,BATCH-OLAA-0970
PO_B14_000971,Stripe India,AMZN-INV-850466 PO_B14_000971,99460,1818,0,0,97642,INR,2026-08-15T21:37:00Z,BATCH-AMZN-0971
PO_B14_000972,PayU Enterprise,MYNT-INV-356544 PO_B14_000972,446104,7501,0,0,438603,INR,2026-08-16T04:07:00Z,BATCH-MYNT-0972
PO_B14_000973,Razorpay Nodal,PAYT-INV-141679 PO_B14_000973,70946,1762,0,0,69184,INR,2026-08-16T22:17:00Z,BATCH-PAYT-0973
PO_B14_000974,Cashfree Escrow,FLPK-INV-786330 PO_B14_000974,374245,8071,0,0,366174,INR,2026-08-16T13:27:00Z,BATCH-FLPK-0974
PO_B14_000975,BillDesk Settlement,ZOMA-INV-687126 PO_B14_000975,307354,6605,0,0,300749,INR,2026-08-16T04:59:00Z,BATCH-ZOMA-0975
PO_B14_000976,PayU Enterprise,FLPK-ORD-978523 FLPK-ORD-576593 BATCH-FLPK-0976,137375,2747,0,0,134628,INR,2026-08-16T06:25:00Z,BATCH-FLPK-0976
PO_B14_000977,Stripe India,UBER-INV-893767 PO_B14_000977,79004,1694,0,0,77310,INR,2026-08-16T03:57:00Z,BATCH-UBER-0977
PO_B14_000978,BillDesk Settlement,BBAS-INV-898427 PO_B14_000978,334669,5141,0,0,329528,INR,2026-08-16T14:45:00Z,BATCH-BBAS-0978
PO_B14_000979,BillDesk Settlement,PAYT-INV-665718 PO_B14_000979,334428,7932,0,0,326496,INR,2026-08-16T19:59:00Z,BATCH-PAYT-0979
PO_B14_000980,Razorpay Nodal,MMTR-EXC-557821-UNRESOLVED,297657,5943,0,0,291714,INR,2026-08-17T01:08:00Z,HOLD-ESCROW
PO_B14_000981,Stripe India,SWIG-ORD-481515 SWIG-ORD-790343 BATCH-SWIG-0981,163962,3279,0,0,160683,INR,2026-08-16T13:32:00Z,BATCH-SWIG-0981
PO_B14_000982,Razorpay Nodal,FLPK-INV-909227 PO_B14_000982,409990,6640,0,0,403350,INR,2026-08-16T17:02:00Z,BATCH-FLPK-0982
PO_B14_000983,Cashfree Escrow,JIOO-INV-440596 PO_B14_000983,95008,1647,0,0,93361,INR,2026-08-15T23:01:00Z,BATCH-JIOO-0983
PO_B14_000984,Stripe India,TATA-INV-589036 PO_B14_000984,73492,1800,0,0,71692,INR,2026-08-16T23:34:00Z,BATCH-TATA-0984
PO_B14_000985,BillDesk Settlement,BLNK-INV-547084 PO_B14_000985,64258,1090,0,0,63168,INR,2026-08-16T04:52:00Z,BATCH-BLNK-0985
PO_B14_000986,BillDesk Settlement,FLPK-INV-579287 PO_B14_000986,389412,7444,0,0,381968,INR,2026-08-16T11:35:00Z,BATCH-FLPK-0986
PO_B14_000987,PayU Enterprise,UBER-INV-810992 PO_B14_000987,346596,6317,0,0,340279,INR,2026-08-16T07:45:00Z,BATCH-UBER-0987
PO_B14_000988,Stripe India,OLAA-INV-986694 PO_B14_000988,148787,3253,0,0,145534,INR,2026-08-16T03:44:00Z,BATCH-OLAA-0988
PO_B14_000989,Cashfree Escrow,TATA-INV-843955 PO_B14_000989,152942,3060,0,0,149882,INR,2026-08-16T16:58:00Z,BATCH-TATA-0989
PO_B14_000990,PayU Enterprise,MMTR-INV-862184 PO_B14_000990,266466,4169,0,0,262297,INR,2026-08-16T01:58:00Z,BATCH-MMTR-0990
PO_B14_000991,Stripe India,MMTR-INV-132365 PO_B14_000991,427241,10640,0,0,416601,INR,2026-08-16T07:27:00Z,BATCH-MMTR-0991
PO_B14_000992,PayU Enterprise,PHNP-INV-410059 PO_B14_000992,42625,965,0,0,41660,INR,2026-08-15T15:07:00Z,BATCH-PHNP-0992
PO_B14_000993,BillDesk Settlement,UBER-ORD-906233 UBER-ORD-583935 BATCH-UBER-0993,282920,5658,0,0,277262,INR,2026-08-16T18:03:00Z,BATCH-UBER-0993
PO_B14_000994,BillDesk Settlement,FLPK-INV-611691 PO_B14_000994,385506,8698,0,0,376808,INR,2026-08-16T14:38:00Z,BATCH-FLPK-0994
PO_B14_000995,Cashfree Escrow,SWIG-INV-157412 PO_B14_000995,116803,2135,0,0,114668,INR,2026-08-16T23:22:00Z,BATCH-SWIG-0995
PO_B14_000996,BillDesk Settlement,OLAA-INV-902970 PO_B14_000996,268698,6671,0,0,262027,INR,2026-08-16T13:54:00Z,BATCH-OLAA-0996
PO_B14_000997,Razorpay Nodal,PAYT-INV-826197 PO_B14_000997,221134,4693,0,0,216441,INR,2026-08-16T19:09:00Z,BATCH-PAYT-0997
PO_B14_000998,BillDesk Settlement,PAYT-INV-431283 PO_B14_000998,155564,2569,0,0,152995,INR,2026-08-15T19:50:00Z,BATCH-PAYT-0998
PO_B14_000999,Cashfree Escrow,JIOO-INV-414150 PO_B14_000999,374629,8664,0,0,365965,INR,2026-08-16T23:13:00Z,BATCH-JIOO-0999
PO_B14_001000,BillDesk Settlement,UBER-INV-922786 PO_B14_001000,113777,2334,0,0,111443,INR,2026-08-15T15:44:00Z,BATCH-UBER-1000
PO_B14_001001,PayU Enterprise,SWIG-EXC-357010-UNRESOLVED,92061,1831,0,0,90230,INR,2026-08-16T10:50:00Z,HOLD-ESCROW
PO_B14_001002,Stripe India,BLNK-INV-757758 PO_B14_001002,288111,4787,0,0,283324,INR,2026-08-15T17:45:00Z,BATCH-BLNK-1002
PO_B14_001003,Razorpay Nodal,MMTR-INV-819427 PO_B14_001003,127581,2278,0,0,125303,INR,2026-08-15T18:56:00Z,BATCH-MMTR-1003
PO_B14_001004,Cashfree Escrow,JIOO-INV-902266 PO_B14_001004,337008,6447,0,0,330561,INR,2026-08-15T21:37:00Z,BATCH-JIOO-1004
PO_B14_001005,Cashfree Escrow,PHNP-INV-402002 PO_B14_001005,141311,2594,0,0,138717,INR,2026-08-16T08:13:00Z,BATCH-PHNP-1005
PO_B14_001006,BillDesk Settlement,UBER-INV-647744 PO_B14_001006,387686,9439,0,0,378247,INR,2026-08-16T14:33:00Z,BATCH-UBER-1006
PO_B14_001007,BillDesk Settlement,SWIG-INV-755956 PO_B14_001007,170649,4104,0,0,166545,INR,2026-08-16T07:29:00Z,BATCH-SWIG-1007
PO_B14_001008,Stripe India,BKMS-INV-456519 PO_B14_001008,314995,4826,0,0,310169,INR,2026-08-16T08:32:00Z,BATCH-BKMS-1008
PO_B14_001009,Cashfree Escrow,MYNT-ORD-697562 MYNT-ORD-777731 BATCH-MYNT-1009,110870,2217,0,0,108653,INR,2026-08-16T05:37:00Z,BATCH-MYNT-1009
PO_B14_001010,Cashfree Escrow,PHNP-INV-442437 PO_B14_001010,42028,861,0,0,41167,INR,2026-08-16T13:05:00Z,BATCH-PHNP-1010
PO_B14_001011,PayU Enterprise,BLNK-INV-798047 PO_B14_001011,68093,1437,0,0,66656,INR,2026-08-15T16:07:00Z,BATCH-BLNK-1011
PO_B14_001012,PayU Enterprise,BKMS-INV-927185 PO_B14_001012,177766,2915,0,0,174851,INR,2026-08-15T22:35:00Z,BATCH-BKMS-1012
PO_B14_001013,BillDesk Settlement,MYNT-INV-517702 PO_B14_001013,110115,2689,0,0,107426,INR,2026-08-16T15:31:00Z,BATCH-MYNT-1013
PO_B14_001014,BillDesk Settlement,UBER-INV-638450 PO_B14_001014,114315,2059,0,0,112256,INR,2026-08-16T16:39:00Z,BATCH-UBER-1014
PO_B14_001015,BillDesk Settlement,UBER-INV-159616 PO_B14_001015,292756,5216,0,0,287540,INR,2026-08-16T06:49:00Z,BATCH-UBER-1015
PO_B14_001016,BillDesk Settlement,AMZN-ORD-884134 AMZN-ORD-783601 BATCH-AMZN-1016,285296,5705,0,0,279591,INR,2026-08-16T10:56:00Z,BATCH-AMZN-1016
PO_B14_001017,Stripe India,TATA-INV-456346 PO_B14_001017,138701,2367,0,0,136334,INR,2026-08-16T21:01:00Z,BATCH-TATA-1017
PO_B14_001018,PayU Enterprise,ZOMA-INV-992556 PO_B14_001018,445731,7586,0,0,438145,INR,2026-08-16T05:14:00Z,BATCH-ZOMA-1018
PO_B14_001019,Cashfree Escrow,SWIG-INV-966010 PO_B14_001019,44558,1102,0,0,43456,INR,2026-08-16T13:08:00Z,BATCH-SWIG-1019
PO_B14_001020,Stripe India,JIOO-INV-799262 PO_B14_001020,327460,7931,0,0,319529,INR,2026-08-16T04:34:00Z,BATCH-JIOO-1020
PO_B14_001021,Razorpay Nodal,MYNT-INV-498998 PO_B14_001021,317489,6180,0,0,311309,INR,2026-08-16T03:17:00Z,BATCH-MYNT-1021
PO_B14_001022,PayU Enterprise,AMZN-ORD-129363 AMZN-ORD-402181 AMZN-ORD-489933 BATCH-AMZN-1022,433420,8668,0,0,424752,INR,2026-08-16T00:00:00Z,BATCH-AMZN-1022
PO_B14_001023,Razorpay Nodal,OLAA-INV-524366 PO_B14_001023,427292,7706,0,0,419586,INR,2026-08-16T10:09:00Z,BATCH-OLAA-1023
PO_B14_001024,BillDesk Settlement,NYKA-INV-203916 PO_B14_001024,30699,760,0,0,29939,INR,2026-08-16T14:34:00Z,BATCH-NYKA-1024
PO_B14_001025,Stripe India,UBER-EXC-253255-UNRESOLVED,103621,2062,0,0,101559,INR,2026-08-16T14:52:00Z,HOLD-ESCROW
PO_B14_001026,Stripe India,TATA-INV-487641 PO_B14_001026,424656,7822,0,0,416834,INR,2026-08-16T02:07:00Z,BATCH-TATA-1026
PO_B14_001027,Stripe India,OLAA-ORD-592149 OLAA-ORD-726358 OLAA-ORD-247170 BATCH-OLAA-1027,450919,9018,0,0,441901,INR,2026-08-15T21:05:00Z,BATCH-OLAA-1027
PO_B14_001028,PayU Enterprise,JIOO-ORD-249928 JIOO-ORD-558185 BATCH-JIOO-1028,146245,2924,0,0,143321,INR,2026-08-16T20:19:00Z,BATCH-JIOO-1028
PO_B14_001029,BillDesk Settlement,TATA-INV-247802 PO_B14_001029,80314,1329,0,0,78985,INR,2026-08-16T00:51:00Z,BATCH-TATA-1029
PO_B14_001030,BillDesk Settlement,PHNP-INV-365063 PO_B14_001030,49121,798,0,0,48323,INR,2026-08-16T15:40:00Z,BATCH-PHNP-1030
PO_B14_001031,Razorpay Nodal,MMTR-INV-696086 PO_B14_001031,302885,6060,0,0,296825,INR,2026-08-15T17:33:00Z,BATCH-MMTR-1031
PO_B14_001032,Razorpay Nodal,JIOO-INV-705874 PO_B14_001032,28870,668,0,0,28202,INR,2026-08-16T14:02:00Z,BATCH-JIOO-1032
PO_B14_001033,PayU Enterprise,TATA-INV-373680 PO_B14_001033,109937,2126,0,0,107811,INR,2026-08-16T01:30:00Z,BATCH-TATA-1033
PO_B14_001034,PayU Enterprise,NYKA-ORD-773810 NYKA-ORD-689854 NYKA-ORD-273845 BATCH-NYKA-1034,376042,7520,0,0,368522,INR,2026-08-15T22:53:00Z,BATCH-NYKA-1034
PO_B14_001035,BillDesk Settlement,OLAA-INV-134977 PO_B14_001035,229871,4648,0,0,225223,INR,2026-08-16T14:42:00Z,BATCH-OLAA-1035
PO_B14_001036,Cashfree Escrow,AMZN-INV-101082 PO_B14_001036,197891,4634,0,0,193257,INR,2026-08-16T16:00:00Z,BATCH-AMZN-1036
PO_B14_001037,Cashfree Escrow,TATA-INV-275447 PO_B14_001037,426310,8168,0,0,418142,INR,2026-08-16T16:36:00Z,BATCH-TATA-1037
PO_B14_001038,PayU Enterprise,UBER-INV-483084 PO_B14_001038,55218,1013,0,0,54205,INR,2026-08-16T01:01:00Z,BATCH-UBER-1038
PO_B14_001039,Cashfree Escrow,ZOMA-INV-148583 PO_B14_001039,187929,4691,0,0,183238,INR,2026-08-16T14:06:00Z,BATCH-ZOMA-1039
PO_B14_001040,Razorpay Nodal,AMZN-ORD-425765 AMZN-ORD-986032 BATCH-AMZN-1040,143233,2864,0,0,140369,INR,2026-08-16T05:48:00Z,BATCH-AMZN-1040
PO_B14_001041,PayU Enterprise,PAYT-INV-165854 PO_B14_001041,163556,3842,0,0,159714,INR,2026-08-16T05:32:00Z,BATCH-PAYT-1041
PO_B14_001042,Cashfree Escrow,TATA-INV-386485 PO_B14_001042,280839,5839,0,0,275000,INR,2026-08-16T15:52:00Z,BATCH-TATA-1042
PO_B14_001043,Cashfree Escrow,OLAA-INV-833087 PO_B14_001043,122523,2190,0,0,120333,INR,2026-08-16T05:11:00Z,BATCH-OLAA-1043
PO_B14_001044,Razorpay Nodal,MMTR-INV-927325 PO_B14_001044,353004,7930,0,0,345074,INR,2026-08-16T17:12:00Z,BATCH-MMTR-1044
PO_B14_001045,Razorpay Nodal,MYNT-INV-440923 PO_B14_001045,313148,6215,0,0,306933,INR,2026-08-16T01:22:00Z,BATCH-MYNT-1045
PO_B14_001046,Razorpay Nodal,MYNT-INV-191976 PO_B14_001046,194500,4069,0,0,190431,INR,2026-08-15T17:14:00Z,BATCH-MYNT-1046
PO_B14_001047,PayU Enterprise,SWIG-INV-864732 PO_B14_001047,198769,4433,0,0,194336,INR,2026-08-16T11:12:00Z,BATCH-SWIG-1047
PO_B14_001048,BillDesk Settlement,BKMS-INV-360328 PO_B14_001048,263028,4059,0,0,258969,INR,2026-08-16T16:11:00Z,BATCH-BKMS-1048
PO_B14_001049,Razorpay Nodal,UBER-INV-978322 PO_B14_001049,436414,7081,0,0,429333,INR,2026-08-15T20:05:00Z,BATCH-UBER-1049
PO_B14_001050,Cashfree Escrow,TATA-INV-299390 PO_B14_001050,94493,2039,0,0,92454,INR,2026-08-16T10:11:00Z,BATCH-TATA-1050
PO_B14_001051,Razorpay Nodal,BLNK-INV-346069 PO_B14_001051,61998,1545,0,0,60453,INR,2026-08-15T23:18:00Z,BATCH-BLNK-1051
PO_B14_001052,Razorpay Nodal,UBER-INV-194146 PO_B14_001052,55591,1097,0,0,54494,INR,2026-08-15T21:54:00Z,BATCH-UBER-1052
PO_B14_001053,BillDesk Settlement,TATA-INV-319509 PO_B14_001053,301807,7203,0,0,294604,INR,2026-08-16T20:41:00Z,BATCH-TATA-1053
PO_B14_001054,Cashfree Escrow,FLPK-EXC-792689-UNRESOLVED,235499,4699,0,0,230800,INR,2026-08-17T07:15:00Z,HOLD-ESCROW
PO_B14_001055,PayU Enterprise,UBER-INV-341935 PO_B14_001055,324925,7264,0,0,317661,INR,2026-08-17T00:03:00Z,BATCH-UBER-1055
PO_B14_001056,Razorpay Nodal,NYKA-INV-749206 PO_B14_001056,368946,9084,0,0,359862,INR,2026-08-16T14:56:00Z,BATCH-NYKA-1056
PO_B14_001057,BillDesk Settlement,MMTR-ORD-745193 MMTR-ORD-809626 MMTR-ORD-800356 BATCH-MMTR-1057,255918,5118,0,0,250800,INR,2026-08-16T00:50:00Z,BATCH-MMTR-1057
PO_B14_001058,Cashfree Escrow,MYNT-INV-869361 PO_B14_001058,433652,7034,0,0,426618,INR,2026-08-16T17:15:00Z,BATCH-MYNT-1058
PO_B14_001059,Cashfree Escrow,TATA-INV-355367 PO_B14_001059,406796,9754,0,0,397042,INR,2026-08-15T22:42:00Z,BATCH-TATA-1059
PO_B14_001060,Cashfree Escrow,MYNT-INV-821038 PO_B14_001060,31276,551,0,0,30725,INR,2026-08-16T10:20:00Z,BATCH-MYNT-1060
PO_B14_001061,PayU Enterprise,PAYT-ORD-929558 PAYT-ORD-832636 BATCH-PAYT-1061,121271,2425,0,0,118846,INR,2026-08-16T16:47:00Z,BATCH-PAYT-1061
PO_B14_001062,Stripe India,TATA-ORD-812486 TATA-ORD-823982 TATA-ORD-113382 BATCH-TATA-1062,387658,7753,0,0,379905,INR,2026-08-16T17:20:00Z,BATCH-TATA-1062
PO_B14_001063,Razorpay Nodal,OLAA-INV-729616 PO_B14_001063,222765,5326,0,0,217439,INR,2026-08-16T14:03:00Z,BATCH-OLAA-1063
PO_B14_001064,Stripe India,MYNT-INV-630832 PO_B14_001064,107677,1707,0,0,105970,INR,2026-08-15T22:47:00Z,BATCH-MYNT-1064
PO_B14_001065,BillDesk Settlement,MMTR-INV-163532 PO_B14_001065,412352,10240,0,0,402112,INR,2026-08-16T22:57:00Z,BATCH-MMTR-1065
PO_B14_001066,BillDesk Settlement,BLNK-INV-513570 PO_B14_001066,231763,4866,0,0,226897,INR,2026-08-15T21:49:00Z,BATCH-BLNK-1066
PO_B14_001067,PayU Enterprise,PAYT-INV-995013 PO_B14_001067,159459,2596,0,0,156863,INR,2026-08-16T05:50:00Z,BATCH-PAYT-1067
PO_B14_001068,Stripe India,BLNK-INV-960796 PO_B14_001068,203198,3493,0,0,199705,INR,2026-08-16T05:40:00Z,BATCH-BLNK-1068
PO_B14_001069,Razorpay Nodal,BLNK-ORD-318887 BLNK-ORD-816918 BATCH-BLNK-1069,280353,5607,0,0,274746,INR,2026-08-15T23:42:00Z,BATCH-BLNK-1069
PO_B14_001070,Stripe India,PHNP-INV-964136 PO_B14_001070,433112,7931,0,0,425181,INR,2026-08-16T13:03:00Z,BATCH-PHNP-1070
PO_B14_001071,Razorpay Nodal,UBER-INV-329944 PO_B14_001071,263463,6437,0,0,257026,INR,2026-08-16T12:52:00Z,BATCH-UBER-1071
PO_B14_001072,PayU Enterprise,TATA-INV-483345 PO_B14_001072,208449,4006,0,0,204443,INR,2026-08-16T21:29:00Z,BATCH-TATA-1072
PO_B14_001073,Cashfree Escrow,NYKA-INV-800286 PO_B14_001073,27649,647,0,0,27002,INR,2026-08-16T07:24:00Z,BATCH-NYKA-1073
PO_B14_001074,BillDesk Settlement,MMTR-INV-700587 PO_B14_001074,135089,2957,0,0,132132,INR,2026-08-16T14:20:00Z,BATCH-MMTR-1074
PO_B14_001075,Cashfree Escrow,NYKA-INV-996832 PO_B14_001075,347213,6624,0,0,340589,INR,2026-08-16T12:19:00Z,BATCH-NYKA-1075
PO_B14_001076,Cashfree Escrow,BLNK-INV-688418 PO_B14_001076,90160,2146,0,0,88014,INR,2026-08-15T23:04:00Z,BATCH-BLNK-1076
PO_B14_001077,Cashfree Escrow,SWIG-ORD-864696 SWIG-ORD-131165 BATCH-SWIG-1077,299410,5988,0,0,293422,INR,2026-08-16T18:28:00Z,BATCH-SWIG-1077
PO_B14_001078,Stripe India,OLAA-INV-448950 PO_B14_001078,133573,2255,0,0,131318,INR,2026-08-15T15:51:00Z,BATCH-OLAA-1078
PO_B14_001079,Razorpay Nodal,BLNK-INV-600536 PO_B14_001079,155460,3685,0,0,151775,INR,2026-08-16T08:50:00Z,BATCH-BLNK-1079
PO_B14_001080,Stripe India,BLNK-INV-408843 PO_B14_001080,438464,10077,0,0,428387,INR,2026-08-16T02:48:00Z,BATCH-BLNK-1080
PO_B14_001081,Razorpay Nodal,AMZN-INV-548567 PO_B14_001081,304956,7076,0,0,297880,INR,2026-08-15T23:10:00Z,BATCH-AMZN-1081
PO_B14_001082,Cashfree Escrow,UBER-ORD-744645 UBER-ORD-549167 BATCH-UBER-1082,231647,4632,0,0,227015,INR,2026-08-15T21:42:00Z,BATCH-UBER-1082
PO_B14_001083,PayU Enterprise,MYNT-INV-788802 PO_B14_001083,89944,2065,0,0,87879,INR,2026-08-16T00:41:00Z,BATCH-MYNT-1083
PO_B14_001084,Cashfree Escrow,JIOO-INV-928514 PO_B14_001084,162536,2540,0,0,159996,INR,2026-08-16T13:08:00Z,BATCH-JIOO-1084
PO_B14_001085,Cashfree Escrow,OLAA-INV-583932 PO_B14_001085,195027,3137,0,0,191890,INR,2026-08-16T09:04:00Z,BATCH-OLAA-1085
PO_B14_001086,PayU Enterprise,ZOMA-INV-362890 PO_B14_001086,243726,4915,0,0,238811,INR,2026-08-16T06:46:00Z,BATCH-ZOMA-1086
PO_B14_001087,PayU Enterprise,NYKA-INV-361888 PO_B14_001087,160922,3985,0,0,156937,INR,2026-08-16T16:18:00Z,BATCH-NYKA-1087
PO_B14_001088,Razorpay Nodal,NYKA-INV-576212 PO_B14_001088,304297,6870,0,0,297427,INR,2026-08-16T21:41:00Z,BATCH-NYKA-1088
PO_B14_001089,Cashfree Escrow,ZOMA-INV-714650 PO_B14_001089,304021,5710,0,0,298311,INR,2026-08-16T03:15:00Z,BATCH-ZOMA-1089
PO_B14_001090,PayU Enterprise,PHNP-INV-831980 PO_B14_001090,220435,4044,0,0,216391,INR,2026-08-16T17:58:00Z,BATCH-PHNP-1090
PO_B14_001091,Cashfree Escrow,NYKA-INV-542845 PO_B14_001091,75385,1580,0,0,73805,INR,2026-08-15T20:02:00Z,BATCH-NYKA-1091
PO_B14_001092,Razorpay Nodal,BLNK-INV-561385 PO_B14_001092,424962,10225,0,0,414737,INR,2026-08-16T11:21:00Z,BATCH-BLNK-1092
PO_B14_001093,Stripe India,OLAA-INV-554485 PO_B14_001093,335951,5982,0,0,329969,INR,2026-08-16T09:46:00Z,BATCH-OLAA-1093
PO_B14_001094,BillDesk Settlement,SWIG-INV-442275 PO_B14_001094,274030,4334,0,0,269696,INR,2026-08-16T15:57:00Z,BATCH-SWIG-1094
PO_B14_001095,Stripe India,ZOMA-ORD-112352 ZOMA-ORD-179052 BATCH-ZOMA-1095,448538,8970,0,0,439568,INR,2026-08-16T01:23:00Z,BATCH-ZOMA-1095
PO_B14_001096,Razorpay Nodal,PAYT-INV-816798 PO_B14_001096,148137,3269,0,0,144868,INR,2026-08-16T11:31:00Z,BATCH-PAYT-1096
PO_B14_001097,Stripe India,TATA-INV-460027 PO_B14_001097,397143,9019,0,0,388124,INR,2026-08-16T04:39:00Z,BATCH-TATA-1097
PO_B14_001098,PayU Enterprise,ZOMA-INV-710793 PO_B14_001098,45843,1006,0,0,44837,INR,2026-08-16T07:46:00Z,BATCH-ZOMA-1098
PO_B14_001099,BillDesk Settlement,BBAS-INV-982629 PO_B14_001099,222544,3469,0,0,219075,INR,2026-08-16T05:22:00Z,BATCH-BBAS-1099
PO_B14_001100,Razorpay Nodal,BBAS-INV-226171 PO_B14_001100,50396,961,0,0,49435,INR,2026-08-16T02:40:00Z,BATCH-BBAS-1100
PO_B14_001101,Razorpay Nodal,BBAS-ORD-422357 BBAS-ORD-198037 BBAS-ORD-307529 BATCH-BBAS-1101,473672,9473,0,0,464199,INR,2026-08-15T23:10:00Z,BATCH-BBAS-1101
PO_B14_001102,Cashfree Escrow,JIOO-ORD-717252 JIOO-ORD-690552 BATCH-JIOO-1102,426525,8530,0,0,417995,INR,2026-08-16T19:28:00Z,BATCH-JIOO-1102
PO_B14_001103,Cashfree Escrow,JIOO-INV-583337 PO_B14_001103,66244,1520,0,0,64724,INR,2026-08-16T03:58:00Z,BATCH-JIOO-1103
PO_B14_001104,Stripe India,ZOMA-INV-876208 PO_B14_001104,440250,8492,0,0,431758,INR,2026-08-16T08:09:00Z,BATCH-ZOMA-1104
PO_B14_001105,PayU Enterprise,AMZN-INV-213319 PO_B14_001105,310543,4725,0,0,305818,INR,2026-08-15T20:30:00Z,BATCH-AMZN-1105
PO_B14_001106,Razorpay Nodal,OLAA-ORD-629921 OLAA-ORD-668862 OLAA-ORD-422496 BATCH-OLAA-1106,408038,8160,0,0,399878,INR,2026-08-16T15:05:00Z,BATCH-OLAA-1106
PO_B14_001107,BillDesk Settlement,MYNT-INV-724278 PO_B14_001107,266480,4451,0,0,262029,INR,2026-08-16T22:41:00Z,BATCH-MYNT-1107
PO_B14_001108,Stripe India,PHNP-INV-672310 PO_B14_001108,283718,5586,0,0,278132,INR,2026-08-16T00:07:00Z,BATCH-PHNP-1108
PO_B14_001109,PayU Enterprise,MYNT-ORD-863274 MYNT-ORD-995649 BATCH-MYNT-1109,360395,7207,0,0,353188,INR,2026-08-16T00:08:00Z,BATCH-MYNT-1109
PO_B14_001110,Razorpay Nodal,BKMS-INV-931858 PO_B14_001110,391477,7635,0,0,383842,INR,2026-08-16T18:02:00Z,BATCH-BKMS-1110
PO_B14_001111,PayU Enterprise,AMZN-ORD-109626 AMZN-ORD-356970 AMZN-ORD-581865 BATCH-AMZN-1111,620641,12412,0,0,608229,INR,2026-08-16T04:54:00Z,BATCH-AMZN-1111
PO_B14_001112,BillDesk Settlement,OLAA-EXC-113873-UNRESOLVED,233861,4667,0,0,229194,INR,2026-08-16T19:58:00Z,HOLD-ESCROW
PO_B14_001113,BillDesk Settlement,AMZN-INV-594514 PO_B14_001113,177889,4176,0,0,173713,INR,2026-08-16T07:23:00Z,BATCH-AMZN-1113
PO_B14_001114,Cashfree Escrow,AMZN-INV-379689 PO_B14_001114,225738,4303,0,0,221435,INR,2026-08-16T05:53:00Z,BATCH-AMZN-1114
PO_B14_001115,Razorpay Nodal,MMTR-INV-352274 PO_B14_001115,88338,2030,0,0,86308,INR,2026-08-15T21:09:00Z,BATCH-MMTR-1115
PO_B14_001116,Cashfree Escrow,NYKA-INV-623976 PO_B14_001116,151314,3768,0,0,147546,INR,2026-08-16T06:12:00Z,BATCH-NYKA-1116
PO_B14_001117,Cashfree Escrow,PAYT-ORD-142927 PAYT-ORD-236611 BATCH-PAYT-1117,183176,3663,0,0,179513,INR,2026-08-16T15:49:00Z,BATCH-PAYT-1117
PO_B14_001118,Razorpay Nodal,OLAA-ORD-296696 OLAA-ORD-132232 OLAA-ORD-931695 BATCH-OLAA-1118,562846,11256,0,0,551590,INR,2026-08-16T01:31:00Z,BATCH-OLAA-1118
PO_B14_001119,BillDesk Settlement,PAYT-INV-808612 PO_B14_001119,58732,1272,0,0,57460,INR,2026-08-16T01:14:00Z,BATCH-PAYT-1119
PO_B14_001120,Razorpay Nodal,BBAS-INV-951997 PO_B14_001120,152502,3688,0,0,148814,INR,2026-08-16T10:26:00Z,BATCH-BBAS-1120
PO_B14_001121,BillDesk Settlement,ZOMA-INV-712629 PO_B14_001121,400980,6802,0,0,394178,INR,2026-08-16T20:36:00Z,BATCH-ZOMA-1121
PO_B14_001122,Cashfree Escrow,MYNT-INV-572352 PO_B14_001122,349196,7042,0,0,342154,INR,2026-08-15T13:27:00Z,BATCH-MYNT-1122
PO_B14_001123,PayU Enterprise,MYNT-INV-272897 PO_B14_001123,382380,8070,0,0,374310,INR,2026-08-16T08:23:00Z,BATCH-MYNT-1123
PO_B14_001124,BillDesk Settlement,NYKA-INV-381728 PO_B14_001124,84018,1383,0,0,82635,INR,2026-08-15T21:42:00Z,BATCH-NYKA-1124
PO_B14_001125,PayU Enterprise,BKMS-INV-615826 PO_B14_001125,441450,7850,0,0,433600,INR,2026-08-16T03:50:00Z,BATCH-BKMS-1125
PO_B14_001126,Razorpay Nodal,PAYT-ORD-386702 PAYT-ORD-731308 BATCH-PAYT-1126,313133,6262,0,0,306871,INR,2026-08-16T08:56:00Z,BATCH-PAYT-1126
PO_B14_001127,Cashfree Escrow,FLPK-ORD-537330 FLPK-ORD-812043 BATCH-FLPK-1127,282474,5649,0,0,276825,INR,2026-08-16T20:40:00Z,BATCH-FLPK-1127
PO_B14_001128,PayU Enterprise,OLAA-ORD-831321 OLAA-ORD-335586 BATCH-OLAA-1128,300534,6010,0,0,294524,INR,2026-08-16T18:00:00Z,BATCH-OLAA-1128
PO_B14_001129,BillDesk Settlement,OLAA-INV-249872 PO_B14_001129,51101,929,0,0,50172,INR,2026-08-16T15:18:00Z,BATCH-OLAA-1129
PO_B14_001130,Stripe India,UBER-INV-521382 PO_B14_001130,32044,788,0,0,31256,INR,2026-08-16T10:33:00Z,BATCH-UBER-1130
PO_B14_001131,PayU Enterprise,TATA-INV-736200 PO_B14_001131,322297,6708,0,0,315589,INR,2026-08-16T01:04:00Z,BATCH-TATA-1131
PO_B14_001132,PayU Enterprise,SWIG-INV-344970 PO_B14_001132,92580,1632,0,0,90948,INR,2026-08-15T22:02:00Z,BATCH-SWIG-1132
PO_B14_001133,Cashfree Escrow,TATA-INV-820682 PO_B14_001133,285858,6425,0,0,279433,INR,2026-08-16T09:18:00Z,BATCH-TATA-1133
PO_B14_001134,Stripe India,BKMS-INV-476364 PO_B14_001134,126991,2232,0,0,124759,INR,2026-08-16T03:33:00Z,BATCH-BKMS-1134
PO_B14_001135,Stripe India,PHNP-INV-123305 PO_B14_001135,102924,2308,0,0,100616,INR,2026-08-16T19:23:00Z,BATCH-PHNP-1135
PO_B14_001136,PayU Enterprise,FLPK-INV-741491 PO_B14_001136,233465,3917,0,0,229548,INR,2026-08-16T12:15:00Z,BATCH-FLPK-1136
PO_B14_001137,Cashfree Escrow,ZOMA-ORD-851165 ZOMA-ORD-541679 ZOMA-ORD-287055 BATCH-ZOMA-1137,324638,6492,0,0,318146,INR,2026-08-16T17:54:00Z,BATCH-ZOMA-1137
PO_B14_001138,PayU Enterprise,BBAS-INV-513144 PO_B14_001138,36787,606,0,0,36181,INR,2026-08-16T12:13:00Z,BATCH-BBAS-1138
PO_B14_001139,PayU Enterprise,BKMS-INV-222318 PO_B14_001139,334156,5690,0,0,328466,INR,2026-08-16T06:48:00Z,BATCH-BKMS-1139
PO_B14_001140,Stripe India,BKMS-INV-963393 PO_B14_001140,78977,1903,0,0,77074,INR,2026-08-16T03:45:00Z,BATCH-BKMS-1140
PO_B14_001141,Stripe India,PAYT-INV-407672 PO_B14_001141,357780,7382,0,0,350398,INR,2026-08-15T20:57:00Z,BATCH-PAYT-1141
PO_B14_001142,Razorpay Nodal,MMTR-ORD-812280 MMTR-ORD-305213 MMTR-ORD-483087 BATCH-MMTR-1142,646352,12927,0,0,633425,INR,2026-08-15T21:39:00Z,BATCH-MMTR-1142
PO_B14_001143,BillDesk Settlement,NYKA-ORD-512424 NYKA-ORD-173616 BATCH-NYKA-1143,177447,3548,0,0,173899,INR,2026-08-16T05:34:00Z,BATCH-NYKA-1143
PO_B14_001144,PayU Enterprise,JIOO-INV-692003 PO_B14_001144,306550,5329,0,0,301221,INR,2026-08-16T01:55:00Z,BATCH-JIOO-1144
PO_B14_001145,Razorpay Nodal,ZOMA-ORD-788114 ZOMA-ORD-602939 BATCH-ZOMA-1145,457107,9142,0,0,447965,INR,2026-08-16T12:47:00Z,BATCH-ZOMA-1145
PO_B14_001146,BillDesk Settlement,PAYT-INV-618601 PO_B14_001146,344792,5973,0,0,338819,INR,2026-08-15T23:21:00Z,BATCH-PAYT-1146
PO_B14_001147,Cashfree Escrow,BBAS-ORD-300548 BBAS-ORD-325804 BATCH-BBAS-1147,255888,5117,0,0,250771,INR,2026-08-15T23:40:00Z,BATCH-BBAS-1147
PO_B14_001148,Razorpay Nodal,MYNT-ORD-708263 MYNT-ORD-569107 BATCH-MYNT-1148,212522,4250,0,0,208272,INR,2026-08-16T01:40:00Z,BATCH-MYNT-1148
PO_B14_001149,PayU Enterprise,MMTR-INV-438062 PO_B14_001149,350253,7245,0,0,343008,INR,2026-08-16T02:43:00Z,BATCH-MMTR-1149
PO_B14_001150,PayU Enterprise,NYKA-INV-889146 PO_B14_001150,150600,2709,0,0,147891,INR,2026-08-16T12:11:00Z,BATCH-NYKA-1150
PO_B14_001151,BillDesk Settlement,SWIG-INV-101424 PO_B14_001151,115023,2749,0,0,112274,INR,2026-08-16T12:59:00Z,BATCH-SWIG-1151
PO_B14_001152,Cashfree Escrow,NYKA-INV-160295 PO_B14_001152,358553,7919,0,0,350634,INR,2026-08-16T03:23:00Z,BATCH-NYKA-1152
PO_B14_001153,Cashfree Escrow,ZOMA-INV-278803 PO_B14_001153,180130,3325,0,0,176805,INR,2026-08-16T10:58:00Z,BATCH-ZOMA-1153
PO_B14_001154,PayU Enterprise,PAYT-ORD-418066 PAYT-ORD-165118 BATCH-PAYT-1154,214779,4295,0,0,210484,INR,2026-08-16T20:14:00Z,BATCH-PAYT-1154
PO_B14_001155,Razorpay Nodal,TATA-INV-753743 PO_B14_001155,448326,10811,0,0,437515,INR,2026-08-16T01:02:00Z,BATCH-TATA-1155
PO_B14_001156,Stripe India,SWIG-ORD-947606 SWIG-ORD-124296 SWIG-ORD-799118 BATCH-SWIG-1156,294006,5880,0,0,288126,INR,2026-08-16T06:42:00Z,BATCH-SWIG-1156
PO_B14_001157,BillDesk Settlement,MYNT-ORD-652066 MYNT-ORD-133505 MYNT-ORD-618534 BATCH-MYNT-1157,346363,6927,0,0,339436,INR,2026-08-16T09:35:00Z,BATCH-MYNT-1157
PO_B14_001158,BillDesk Settlement,BKMS-INV-441627 PO_B14_001158,222682,5206,0,0,217476,INR,2026-08-16T10:16:00Z,BATCH-BKMS-1158
PO_B14_001159,BillDesk Settlement,ZOMA-INV-629038 PO_B14_001159,276695,6373,0,0,270322,INR,2026-08-16T16:36:00Z,BATCH-ZOMA-1159
PO_B14_001160,Stripe India,ZOMA-INV-327277 PO_B14_001160,421056,8864,0,0,412192,INR,2026-08-16T00:46:00Z,BATCH-ZOMA-1160
PO_B14_001161,BillDesk Settlement,NYKA-INV-758455 PO_B14_001161,57411,1157,0,0,56254,INR,2026-08-16T10:21:00Z,BATCH-NYKA-1161
PO_B14_001162,PayU Enterprise,PAYT-INV-382092 PO_B14_001162,320017,6817,0,0,313200,INR,2026-08-16T06:06:00Z,BATCH-PAYT-1162
PO_B14_001163,PayU Enterprise,UBER-ORD-790650 UBER-ORD-215050 UBER-ORD-530931 BATCH-UBER-1163,311000,6220,0,0,304780,INR,2026-08-16T14:35:00Z,BATCH-UBER-1163
PO_B14_001164,Stripe India,AMZN-INV-132292 PO_B14_001164,448776,7864,0,0,440912,INR,2026-08-16T02:18:00Z,BATCH-AMZN-1164
PO_B14_001165,PayU Enterprise,AMZN-INV-679507 PO_B14_001165,172178,3098,0,0,169080,INR,2026-08-16T20:41:00Z,BATCH-AMZN-1165
PO_B14_001166,BillDesk Settlement,FLPK-INV-559201 PO_B14_001166,143535,2878,0,0,140657,INR,2026-08-15T18:39:00Z,BATCH-FLPK-1166
PO_B14_001167,Razorpay Nodal,AMZN-ORD-614414 AMZN-ORD-262412 BATCH-AMZN-1167,207311,4146,0,0,203165,INR,2026-08-16T11:56:00Z,BATCH-AMZN-1167
PO_B14_001168,BillDesk Settlement,FLPK-INV-642903 PO_B14_001168,60246,1244,0,0,59002,INR,2026-08-16T09:46:00Z,BATCH-FLPK-1168
PO_B14_001169,Stripe India,NYKA-INV-531893 PO_B14_001169,325797,6108,0,0,319689,INR,2026-08-16T11:34:00Z,BATCH-NYKA-1169
PO_B14_001170,BillDesk Settlement,PAYT-INV-206511 PO_B14_001170,236375,5230,0,0,231145,INR,2026-08-16T02:56:00Z,BATCH-PAYT-1170
PO_B14_001171,BillDesk Settlement,ZOMA-INV-688919 PO_B14_001171,108993,1888,0,0,107105,INR,2026-08-15T21:09:00Z,BATCH-ZOMA-1171
PO_B14_001172,Razorpay Nodal,ZOMA-INV-134796 PO_B14_001172,432403,9149,0,0,423254,INR,2026-08-16T06:45:00Z,BATCH-ZOMA-1172
PO_B14_001173,Stripe India,BLNK-INV-887492 PO_B14_001173,132902,2003,0,0,130899,INR,2026-08-16T01:50:00Z,BATCH-BLNK-1173
PO_B14_001174,Cashfree Escrow,BBAS-INV-476854 PO_B14_001174,93437,1679,0,0,91758,INR,2026-08-16T13:29:00Z,BATCH-BBAS-1174
PO_B14_001175,Cashfree Escrow,OLAA-INV-436032 PO_B14_001175,177763,4172,0,0,173591,INR,2026-08-16T03:40:00Z,BATCH-OLAA-1175
PO_B14_001176,Stripe India,MYNT-INV-879324 PO_B14_001176,54862,1268,0,0,53594,INR,2026-08-16T10:54:00Z,BATCH-MYNT-1176
PO_B14_001177,BillDesk Settlement,PHNP-INV-691767 PO_B14_001177,399364,8092,0,0,391272,INR,2026-08-16T02:26:00Z,BATCH-PHNP-1177
PO_B14_001178,Stripe India,ZOMA-INV-620425 PO_B14_001178,261607,5445,0,0,256162,INR,2026-08-15T18:20:00Z,BATCH-ZOMA-1178
PO_B14_001179,Cashfree Escrow,TATA-INV-979418 PO_B14_001179,369777,6439,0,0,363338,INR,2026-08-16T16:42:00Z,BATCH-TATA-1179
PO_B14_001180,Razorpay Nodal,AMZN-ORD-152104 AMZN-ORD-577599 BATCH-AMZN-1180,234682,4693,0,0,229989,INR,2026-08-16T08:06:00Z,BATCH-AMZN-1180
PO_B14_001181,Stripe India,JIOO-INV-580431 PO_B14_001181,309624,7152,0,0,302472,INR,2026-08-16T20:22:00Z,BATCH-JIOO-1181
PO_B14_001182,Stripe India,SWIG-INV-507473 PO_B14_001182,125023,2925,0,0,122098,INR,2026-08-16T09:50:00Z,BATCH-SWIG-1182
PO_B14_001183,PayU Enterprise,FLPK-ORD-109735 FLPK-ORD-903551 BATCH-FLPK-1183,318212,6364,0,0,311848,INR,2026-08-16T16:33:00Z,BATCH-FLPK-1183
PO_B14_001184,Cashfree Escrow,BKMS-INV-362860 PO_B14_001184,290760,6778,0,0,283982,INR,2026-08-16T04:00:00Z,BATCH-BKMS-1184
PO_B14_001185,PayU Enterprise,AMZN-INV-191144 PO_B14_001185,310479,5115,0,0,305364,INR,2026-08-15T22:57:00Z,BATCH-AMZN-1185
PO_B14_001186,Razorpay Nodal,FLPK-INV-608645 PO_B14_001186,199929,3565,0,0,196364,INR,2026-08-16T08:46:00Z,BATCH-FLPK-1186
PO_B14_001187,Razorpay Nodal,BKMS-EXC-687011-UNRESOLVED,140001,2790,0,0,137211,INR,2026-08-16T22:36:00Z,HOLD-ESCROW
PO_B14_001188,BillDesk Settlement,UBER-INV-423715 PO_B14_001188,300307,7356,0,0,292951,INR,2026-08-16T00:45:00Z,BATCH-UBER-1188
PO_B14_001189,BillDesk Settlement,TATA-INV-756301 PO_B14_001189,429317,7157,0,0,422160,INR,2026-08-15T15:48:00Z,BATCH-TATA-1189
PO_B14_001190,Razorpay Nodal,FLPK-INV-849056 PO_B14_001190,259240,4253,0,0,254987,INR,2026-08-16T14:52:00Z,BATCH-FLPK-1190
PO_B14_001191,PayU Enterprise,BLNK-ORD-516035 BLNK-ORD-932833 BATCH-BLNK-1191,291109,5822,0,0,285287,INR,2026-08-16T03:20:00Z,BATCH-BLNK-1191
PO_B14_001192,BillDesk Settlement,SWIG-INV-475047 PO_B14_001192,411247,8837,0,0,402410,INR,2026-08-16T06:15:00Z,BATCH-SWIG-1192
PO_B14_001193,Cashfree Escrow,JIOO-EXC-615602-UNRESOLVED,169464,3379,0,0,166085,INR,2026-08-16T18:42:00Z,HOLD-ESCROW
PO_B14_001194,Razorpay Nodal,FLPK-INV-822736 PO_B14_001194,448554,7638,0,0,440916,INR,2026-08-16T19:57:00Z,BATCH-FLPK-1194
PO_B14_001195,Stripe India,BBAS-ORD-619659 BBAS-ORD-317870 BATCH-BBAS-1195,236184,4723,0,0,231461,INR,2026-08-16T12:09:00Z,BATCH-BBAS-1195
PO_B14_001196,Cashfree Escrow,SWIG-INV-355052 PO_B14_001196,103090,1612,0,0,101478,INR,2026-08-15T17:03:00Z,BATCH-SWIG-1196
PO_B14_001197,PayU Enterprise,BLNK-INV-379100 PO_B14_001197,414990,8459,0,0,406531,INR,2026-08-16T04:50:00Z,BATCH-BLNK-1197
PO_B14_001198,Razorpay Nodal,UBER-ORD-250663 UBER-ORD-279669 BATCH-UBER-1198,260888,5217,0,0,255671,INR,2026-08-15T22:49:00Z,BATCH-UBER-1198
PO_B14_001199,Stripe India,PHNP-INV-478373 PO_B14_001199,144908,2235,0,0,142673,INR,2026-08-16T14:44:00Z,BATCH-PHNP-1199
PO_B14_001200,Razorpay Nodal,FLPK-INV-779090 PO_B14_001200,72844,1315,0,0,71529,INR,2026-08-17T00:01:00Z,BATCH-FLPK-1200
PO_B14_001201,Razorpay Nodal,AMZN-ORD-984973 AMZN-ORD-945238 AMZN-ORD-717713 BATCH-AMZN-1201,326238,6524,0,0,319714,INR,2026-08-16T18:16:00Z,BATCH-AMZN-1201
PO_B14_001202,PayU Enterprise,MYNT-INV-713726 PO_B14_001202,320484,6186,0,0,314298,INR,2026-08-16T00:47:00Z,BATCH-MYNT-1202
PO_B14_001203,Razorpay Nodal,TATA-INV-729223 PO_B14_001203,206153,4820,0,0,201333,INR,2026-08-15T19:26:00Z,BATCH-TATA-1203
PO_B14_001204,Cashfree Escrow,SWIG-INV-671679 PO_B14_001204,159537,3840,0,0,155697,INR,2026-08-16T04:08:00Z,BATCH-SWIG-1204
PO_B14_001205,BillDesk Settlement,BKMS-INV-929476 PO_B14_001205,288154,5282,0,0,282872,INR,2026-08-15T14:18:00Z,BATCH-BKMS-1205
PO_B14_001206,Stripe India,ZOMA-INV-545736 PO_B14_001206,423450,9464,0,0,413986,INR,2026-08-16T22:44:00Z,BATCH-ZOMA-1206
PO_B14_001207,Razorpay Nodal,PHNP-EXC-946087-UNRESOLVED,122611,2442,0,0,120169,INR,2026-08-16T23:42:00Z,HOLD-ESCROW
PO_B14_001208,Razorpay Nodal,ZOMA-ORD-510886 ZOMA-ORD-193432 ZOMA-ORD-684108 BATCH-ZOMA-1208,286194,5723,0,0,280471,INR,2026-08-16T05:31:00Z,BATCH-ZOMA-1208
PO_B14_001209,Stripe India,FLPK-INV-825445 PO_B14_001209,283310,6842,0,0,276468,INR,2026-08-16T17:50:00Z,BATCH-FLPK-1209
PO_B14_001210,Stripe India,PAYT-ORD-733537 PAYT-ORD-119194 BATCH-PAYT-1210,254023,5080,0,0,248943,INR,2026-08-15T21:36:00Z,BATCH-PAYT-1210
PO_B14_001211,Stripe India,AMZN-ORD-229390 AMZN-ORD-877410 AMZN-ORD-128499 BATCH-AMZN-1211,288510,5770,0,0,282740,INR,2026-08-15T21:05:00Z,BATCH-AMZN-1211
PO_B14_001212,PayU Enterprise,PHNP-INV-158638 PO_B14_001212,286208,6189,0,0,280019,INR,2026-08-16T05:21:00Z,BATCH-PHNP-1212
PO_B14_001213,Stripe India,OLAA-ORD-276904 OLAA-ORD-600761 BATCH-OLAA-1213,282166,5643,0,0,276523,INR,2026-08-15T22:08:00Z,BATCH-OLAA-1213
PO_B14_001214,Stripe India,PAYT-ORD-113696 PAYT-ORD-648031 BATCH-PAYT-1214,489337,9786,0,0,479551,INR,2026-08-16T16:48:00Z,BATCH-PAYT-1214
PO_B14_001215,Stripe India,JIOO-ORD-315498 JIOO-ORD-823492 JIOO-ORD-101048 BATCH-JIOO-1215,515796,10315,0,0,505481,INR,2026-08-16T16:13:00Z,BATCH-JIOO-1215
PO_B14_001216,Cashfree Escrow,MMTR-INV-363843 PO_B14_001216,314563,5807,0,0,308756,INR,2026-08-16T10:00:00Z,BATCH-MMTR-1216
PO_B14_001217,PayU Enterprise,FLPK-INV-167870 PO_B14_001217,119532,2516,0,0,117016,INR,2026-08-16T15:38:00Z,BATCH-FLPK-1217
PO_B14_001218,Cashfree Escrow,PHNP-INV-664072 PO_B14_001218,33835,595,0,0,33240,INR,2026-08-16T07:40:00Z,BATCH-PHNP-1218
PO_B14_001219,BillDesk Settlement,BKMS-ORD-942709 BKMS-ORD-651165 BATCH-BKMS-1219,272224,5444,0,0,266780,INR,2026-08-15T22:38:00Z,BATCH-BKMS-1219
PO_B14_001220,PayU Enterprise,FLPK-EXC-857115-UNRESOLVED,128194,2553,0,0,125641,INR,2026-08-17T04:54:00Z,HOLD-ESCROW
PO_B14_001221,Cashfree Escrow,PHNP-INV-314451 PO_B14_001221,254155,3883,0,0,250272,INR,2026-08-16T06:40:00Z,BATCH-PHNP-1221
PO_B14_001222,BillDesk Settlement,PHNP-INV-718193 PO_B14_001222,44495,881,0,0,43614,INR,2026-08-16T03:55:00Z,BATCH-PHNP-1222
PO_B14_001223,Stripe India,PHNP-EXC-490133-UNRESOLVED,195390,3897,0,0,191493,INR,2026-08-17T06:09:00Z,HOLD-ESCROW
PO_B14_001224,PayU Enterprise,UBER-INV-698776 PO_B14_001224,236256,4104,0,0,232152,INR,2026-08-16T13:33:00Z,BATCH-UBER-1224
PO_B14_001225,Stripe India,UBER-INV-189189 PO_B14_001225,305690,7576,0,0,298114,INR,2026-08-15T21:08:00Z,BATCH-UBER-1225
PO_B14_001226,Razorpay Nodal,BKMS-INV-344091 PO_B14_001226,158723,2862,0,0,155861,INR,2026-08-15T19:15:00Z,BATCH-BKMS-1226
PO_B14_001227,PayU Enterprise,BKMS-ORD-511244 BKMS-ORD-873553 BATCH-BKMS-1227,160558,3211,0,0,157347,INR,2026-08-16T17:15:00Z,BATCH-BKMS-1227
PO_B14_001228,Stripe India,BLNK-INV-164423 PO_B14_001228,424468,7184,0,0,417284,INR,2026-08-16T08:55:00Z,BATCH-BLNK-1228
PO_B14_001229,BillDesk Settlement,NYKA-ORD-312415 NYKA-ORD-154873 NYKA-ORD-413884 BATCH-NYKA-1229,442160,8843,0,0,433317,INR,2026-08-16T18:16:00Z,BATCH-NYKA-1229
PO_B14_001230,BillDesk Settlement,MMTR-ORD-654484 MMTR-ORD-593671 BATCH-MMTR-1230,259104,5182,0,0,253922,INR,2026-08-16T09:43:00Z,BATCH-MMTR-1230
PO_B14_001231,BillDesk Settlement,OLAA-ORD-159373 OLAA-ORD-876108 OLAA-ORD-839129 BATCH-OLAA-1231,292127,5842,0,0,286285,INR,2026-08-16T05:40:00Z,BATCH-OLAA-1231
PO_B14_001232,Stripe India,PAYT-INV-650504 PO_B14_001232,404328,6904,0,0,397424,INR,2026-08-16T09:19:00Z,BATCH-PAYT-1232
PO_B14_001233,PayU Enterprise,SWIG-INV-923115 PO_B14_001233,379303,8283,0,0,371020,INR,2026-08-16T06:01:00Z,BATCH-SWIG-1233
PO_B14_001234,PayU Enterprise,NYKA-INV-914961 PO_B14_001234,112724,2144,0,0,110580,INR,2026-08-16T16:20:00Z,BATCH-NYKA-1234
PO_B14_001235,PayU Enterprise,BBAS-INV-880381 PO_B14_001235,108262,1948,0,0,106314,INR,2026-08-16T06:33:00Z,BATCH-BBAS-1235
PO_B14_001236,PayU Enterprise,BLNK-INV-851235 PO_B14_001236,213275,3725,0,0,209550,INR,2026-08-15T22:20:00Z,BATCH-BLNK-1236
PO_B14_001237,Razorpay Nodal,PAYT-INV-710758 PO_B14_001237,76473,1148,0,0,75325,INR,2026-08-16T17:42:00Z,BATCH-PAYT-1237
PO_B14_001238,Stripe India,FLPK-INV-456012 PO_B14_001238,348448,7729,0,0,340719,INR,2026-08-16T06:38:00Z,BATCH-FLPK-1238
PO_B14_001239,BillDesk Settlement,BKMS-ORD-400866 BKMS-ORD-750374 BATCH-BKMS-1239,426924,8538,0,0,418386,INR,2026-08-16T11:16:00Z,BATCH-BKMS-1239
PO_B14_001240,PayU Enterprise,BBAS-INV-892706 PO_B14_001240,431123,7137,0,0,423986,INR,2026-08-16T03:25:00Z,BATCH-BBAS-1240
PO_B14_001241,Stripe India,PHNP-INV-627507 PO_B14_001241,218591,3496,0,0,215095,INR,2026-08-16T08:31:00Z,BATCH-PHNP-1241
PO_B14_001242,Razorpay Nodal,TATA-ORD-780992 TATA-ORD-242916 TATA-ORD-520963 BATCH-TATA-1242,473387,9467,0,0,463920,INR,2026-08-16T05:33:00Z,BATCH-TATA-1242
PO_B14_001243,Stripe India,SWIG-INV-279221 PO_B14_001243,245239,3782,0,0,241457,INR,2026-08-16T00:20:00Z,BATCH-SWIG-1243
PO_B14_001244,Razorpay Nodal,OLAA-INV-862641 PO_B14_001244,387486,8821,0,0,378665,INR,2026-08-16T01:47:00Z,BATCH-OLAA-1244
PO_B14_001245,Stripe India,NYKA-INV-720078 PO_B14_001245,324612,6207,0,0,318405,INR,2026-08-16T20:38:00Z,BATCH-NYKA-1245
PO_B14_001246,BillDesk Settlement,OLAA-INV-245589 PO_B14_001246,131650,2622,0,0,129028,INR,2026-08-16T21:32:00Z,BATCH-OLAA-1246
PO_B14_001247,PayU Enterprise,BKMS-INV-952214 PO_B14_001247,59800,1386,0,0,58414,INR,2026-08-16T20:51:00Z,BATCH-BKMS-1247
PO_B14_001248,PayU Enterprise,MMTR-ORD-924388 MMTR-ORD-708836 BATCH-MMTR-1248,278072,5561,0,0,272511,INR,2026-08-15T22:55:00Z,BATCH-MMTR-1248
PO_B14_001249,Razorpay Nodal,MYNT-INV-752425 PO_B14_001249,446917,6771,0,0,440146,INR,2026-08-16T03:39:00Z,BATCH-MYNT-1249
PO_B14_001250,Stripe India,MMTR-ORD-760012 MMTR-ORD-582903 MMTR-ORD-615235 BATCH-MMTR-1250,434815,8696,0,0,426119,INR,2026-08-16T01:54:00Z,BATCH-MMTR-1250
PO_B14_001251,Cashfree Escrow,MMTR-INV-504060 PO_B14_001251,301132,5902,0,0,295230,INR,2026-08-16T04:12:00Z,BATCH-MMTR-1251
PO_B14_001252,Razorpay Nodal,PAYT-INV-886900 PO_B14_001252,187862,4164,0,0,183698,INR,2026-08-15T18:26:00Z,BATCH-PAYT-1252
PO_B14_001253,Razorpay Nodal,BLNK-EXC-997624-UNRESOLVED,124605,2482,0,0,122123,INR,2026-08-16T10:50:00Z,HOLD-ESCROW
PO_B14_001254,Cashfree Escrow,MYNT-EXC-572206-UNRESOLVED,83830,1666,0,0,82164,INR,2026-08-17T06:34:00Z,HOLD-ESCROW
PO_B14_001255,Razorpay Nodal,ZOMA-INV-815500 PO_B14_001255,410166,9158,0,0,401008,INR,2026-08-16T17:29:00Z,BATCH-ZOMA-1255
PO_B14_001256,Razorpay Nodal,MMTR-INV-778978 PO_B14_001256,207663,4888,0,0,202775,INR,2026-08-16T08:04:00Z,BATCH-MMTR-1256
PO_B14_001257,Cashfree Escrow,NYKA-INV-971609 PO_B14_001257,49877,1200,0,0,48677,INR,2026-08-16T11:04:00Z,BATCH-NYKA-1257
PO_B14_001258,Cashfree Escrow,FLPK-ORD-738025 FLPK-ORD-559716 FLPK-ORD-960275 BATCH-FLPK-1258,405356,8107,0,0,397249,INR,2026-08-16T07:08:00Z,BATCH-FLPK-1258
PO_B14_001259,BillDesk Settlement,PHNP-INV-776051 PO_B14_001259,300353,5812,0,0,294541,INR,2026-08-16T09:27:00Z,BATCH-PHNP-1259
PO_B14_001260,Razorpay Nodal,SWIG-INV-246449 PO_B14_001260,357880,6102,0,0,351778,INR,2026-08-16T13:58:00Z,BATCH-SWIG-1260
PO_B14_001261,BillDesk Settlement,PAYT-INV-887630 PO_B14_001261,380327,9013,0,0,371314,INR,2026-08-16T15:06:00Z,BATCH-PAYT-1261
PO_B14_001262,PayU Enterprise,MMTR-INV-725788 PO_B14_001262,238387,4300,0,0,234087,INR,2026-08-16T14:59:00Z,BATCH-MMTR-1262
PO_B14_001263,PayU Enterprise,PHNP-INV-941300 PO_B14_001263,31631,491,0,0,31140,INR,2026-08-16T21:27:00Z,BATCH-PHNP-1263
PO_B14_001264,Razorpay Nodal,PAYT-INV-329776 PO_B14_001264,422182,10333,0,0,411849,INR,2026-08-16T02:54:00Z,BATCH-PAYT-1264
PO_B14_001265,PayU Enterprise,JIOO-ORD-238838 JIOO-ORD-810964 BATCH-JIOO-1265,170880,3417,0,0,167463,INR,2026-08-15T21:31:00Z,BATCH-JIOO-1265
PO_B14_001266,PayU Enterprise,TATA-EXC-908139-UNRESOLVED,120120,2392,0,0,117728,INR,2026-08-16T14:23:00Z,HOLD-ESCROW
PO_B14_001267,Cashfree Escrow,UBER-INV-227025 PO_B14_001267,30359,531,0,0,29828,INR,2026-08-16T19:58:00Z,BATCH-UBER-1267
PO_B14_001268,BillDesk Settlement,OLAA-INV-697636 PO_B14_001268,315017,7718,0,0,307299,INR,2026-08-16T04:45:00Z,BATCH-OLAA-1268
PO_B14_001269,PayU Enterprise,AMZN-INV-913617 PO_B14_001269,360260,6433,0,0,353827,INR,2026-08-16T18:42:00Z,BATCH-AMZN-1269
PO_B14_001270,Cashfree Escrow,PHNP-INV-747603 PO_B14_001270,351561,7290,0,0,344271,INR,2026-08-15T20:28:00Z,BATCH-PHNP-1270
PO_B14_001271,PayU Enterprise,AMZN-ORD-444407 AMZN-ORD-913521 AMZN-ORD-204242 BATCH-AMZN-1271,385891,7717,0,0,378174,INR,2026-08-16T05:57:00Z,BATCH-AMZN-1271
PO_B14_001272,Razorpay Nodal,PHNP-INV-298867 PO_B14_001272,435895,8635,0,0,427260,INR,2026-08-16T03:34:00Z,BATCH-PHNP-1272
PO_B14_001273,Stripe India,PHNP-INV-489148 PO_B14_001273,434230,9704,0,0,424526,INR,2026-08-16T05:20:00Z,BATCH-PHNP-1273
PO_B14_001274,Stripe India,BBAS-INV-931349 PO_B14_001274,270777,4906,0,0,265871,INR,2026-08-15T18:50:00Z,BATCH-BBAS-1274
PO_B14_001275,Stripe India,FLPK-INV-458543 PO_B14_001275,148828,3259,0,0,145569,INR,2026-08-16T12:30:00Z,BATCH-FLPK-1275
PO_B14_001276,Stripe India,FLPK-ORD-913704 FLPK-ORD-129332 BATCH-FLPK-1276,141776,2835,0,0,138941,INR,2026-08-16T04:11:00Z,BATCH-FLPK-1276
PO_B14_001277,BillDesk Settlement,NYKA-INV-756246 PO_B14_001277,223480,3995,0,0,219485,INR,2026-08-15T23:12:00Z,BATCH-NYKA-1277
PO_B14_001278,PayU Enterprise,BLNK-INV-656854 PO_B14_001278,163570,2846,0,0,160724,INR,2026-08-16T02:59:00Z,BATCH-BLNK-1278
PO_B14_001279,BillDesk Settlement,JIOO-INV-925938 PO_B14_001279,345586,6061,0,0,339525,INR,2026-08-16T04:10:00Z,BATCH-JIOO-1279
PO_B14_001280,PayU Enterprise,AMZN-ORD-237086 AMZN-ORD-392996 BATCH-AMZN-1280,147393,2947,0,0,144446,INR,2026-08-16T15:51:00Z,BATCH-AMZN-1280
PO_B14_001281,Razorpay Nodal,OLAA-INV-103109 PO_B14_001281,295682,6947,0,0,288735,INR,2026-08-16T11:39:00Z,BATCH-OLAA-1281
PO_B14_001282,Stripe India,PHNP-INV-266997 PO_B14_001282,271494,5977,0,0,265517,INR,2026-08-16T12:32:00Z,BATCH-PHNP-1282
PO_B14_001283,BillDesk Settlement,UBER-INV-216021 PO_B14_001283,260367,6395,0,0,253972,INR,2026-08-15T18:01:00Z,BATCH-UBER-1283
PO_B14_001284,Cashfree Escrow,FLPK-INV-203686 PO_B14_001284,71567,1266,0,0,70301,INR,2026-08-16T00:54:00Z,BATCH-FLPK-1284
PO_B14_001285,PayU Enterprise,NYKA-INV-576000 PO_B14_001285,221943,4834,0,0,217109,INR,2026-08-16T18:36:00Z,BATCH-NYKA-1285
PO_B14_001286,PayU Enterprise,SWIG-INV-748778 PO_B14_001286,69002,1580,0,0,67422,INR,2026-08-16T05:51:00Z,BATCH-SWIG-1286
PO_B14_001287,Cashfree Escrow,BKMS-INV-918384 PO_B14_001287,282710,4801,0,0,277909,INR,2026-08-16T15:59:00Z,BATCH-BKMS-1287
PO_B14_001288,BillDesk Settlement,MMTR-ORD-534485 MMTR-ORD-260519 BATCH-MMTR-1288,378239,7564,0,0,370675,INR,2026-08-16T12:38:00Z,BATCH-MMTR-1288
PO_B14_001289,Cashfree Escrow,NYKA-INV-358805 PO_B14_001289,134640,2680,0,0,131960,INR,2026-08-16T03:28:00Z,BATCH-NYKA-1289
PO_B14_001290,BillDesk Settlement,JIOO-ORD-526240 JIOO-ORD-154440 BATCH-JIOO-1290,100582,2011,0,0,98571,INR,2026-08-16T05:19:00Z,BATCH-JIOO-1290
PO_B14_001291,Stripe India,AMZN-INV-242013 PO_B14_001291,228855,5229,0,0,223626,INR,2026-08-16T12:19:00Z,BATCH-AMZN-1291
PO_B14_001292,Stripe India,UBER-ORD-518211 UBER-ORD-185547 BATCH-UBER-1292,352240,7044,0,0,345196,INR,2026-08-16T05:52:00Z,BATCH-UBER-1292
PO_B14_001293,Razorpay Nodal,PHNP-INV-140692 PO_B14_001293,447129,6797,0,0,440332,INR,2026-08-16T16:30:00Z,BATCH-PHNP-1293
PO_B14_001294,PayU Enterprise,BLNK-INV-301202 PO_B14_001294,286772,4594,0,0,282178,INR,2026-08-16T06:10:00Z,BATCH-BLNK-1294
PO_B14_001295,Cashfree Escrow,PAYT-INV-544306 PO_B14_001295,95829,2156,0,0,93673,INR,2026-08-16T20:27:00Z,BATCH-PAYT-1295
PO_B14_001296,Razorpay Nodal,OLAA-INV-646178 PO_B14_001296,73530,1665,0,0,71865,INR,2026-08-16T17:48:00Z,BATCH-OLAA-1296
PO_B14_001297,BillDesk Settlement,MYNT-ORD-454242 MYNT-ORD-580941 BATCH-MYNT-1297,213782,4275,0,0,209507,INR,2026-08-16T20:24:00Z,BATCH-MYNT-1297
PO_B14_001298,Cashfree Escrow,PHNP-ORD-852843 PHNP-ORD-347007 PHNP-ORD-334042 BATCH-PHNP-1298,350855,7017,0,0,343838,INR,2026-08-16T18:11:00Z,BATCH-PHNP-1298
PO_B14_001299,PayU Enterprise,BKMS-ORD-173609 BKMS-ORD-979454 BKMS-ORD-343465 BATCH-BKMS-1299,221421,4428,0,0,216993,INR,2026-08-16T02:20:00Z,BATCH-BKMS-1299
PO_B14_001300,BillDesk Settlement,AMZN-INV-725977 PO_B14_001300,51565,1183,0,0,50382,INR,2026-08-16T04:53:00Z,BATCH-AMZN-1300
PO_B14_001301,Stripe India,PHNP-INV-333658 PO_B14_001301,156506,3211,0,0,153295,INR,2026-08-16T17:54:00Z,BATCH-PHNP-1301
PO_B14_001302,BillDesk Settlement,ZOMA-INV-915430 PO_B14_001302,272160,5725,0,0,266435,INR,2026-08-15T20:12:00Z,BATCH-ZOMA-1302
PO_B14_001303,PayU Enterprise,UBER-INV-187139 PO_B14_001303,259398,5252,0,0,254146,INR,2026-08-16T14:49:00Z,BATCH-UBER-1303
PO_B14_001304,Cashfree Escrow,ZOMA-INV-154198 PO_B14_001304,416383,8936,0,0,407447,INR,2026-08-15T21:45:00Z,BATCH-ZOMA-1304
PO_B14_001305,Razorpay Nodal,SWIG-INV-467931 PO_B14_001305,137567,2882,0,0,134685,INR,2026-08-16T18:02:00Z,BATCH-SWIG-1305
PO_B14_001306,BillDesk Settlement,BKMS-ORD-252735 BKMS-ORD-806870 BATCH-BKMS-1306,294055,5881,0,0,288174,INR,2026-08-16T08:25:00Z,BATCH-BKMS-1306
PO_B14_001307,Stripe India,MYNT-INV-969467 PO_B14_001307,64360,1380,0,0,62980,INR,2026-08-15T18:57:00Z,BATCH-MYNT-1307
PO_B14_001308,PayU Enterprise,SWIG-INV-547538 PO_B14_001308,58169,1178,0,0,56991,INR,2026-08-16T00:31:00Z,BATCH-SWIG-1308
PO_B14_001309,Stripe India,AMZN-ORD-493925 AMZN-ORD-884425 BATCH-AMZN-1309,240520,4810,0,0,235710,INR,2026-08-16T03:30:00Z,BATCH-AMZN-1309
PO_B14_001310,PayU Enterprise,AMZN-ORD-255742 AMZN-ORD-257533 AMZN-ORD-232222 BATCH-AMZN-1310,471004,9420,0,0,461584,INR,2026-08-15T22:01:00Z,BATCH-AMZN-1310
PO_B14_001311,Cashfree Escrow,MMTR-INV-547748 PO_B14_001311,375992,6369,0,0,369623,INR,2026-08-16T05:16:00Z,BATCH-MMTR-1311
PO_B14_001312,Cashfree Escrow,PAYT-EXC-888507-UNRESOLVED,251374,5017,0,0,246357,INR,2026-08-17T03:28:00Z,HOLD-ESCROW
PO_B14_001313,BillDesk Settlement,ZOMA-INV-352495 PO_B14_001313,176917,3899,0,0,173018,INR,2026-08-16T19:45:00Z,BATCH-ZOMA-1313
PO_B14_001314,Cashfree Escrow,BLNK-INV-214787 PO_B14_001314,446278,11063,0,0,435215,INR,2026-08-16T16:19:00Z,BATCH-BLNK-1314
PO_B14_001315,BillDesk Settlement,SWIG-INV-329034 PO_B14_001315,267092,4115,0,0,262977,INR,2026-08-15T14:03:00Z,BATCH-SWIG-1315
PO_B14_001316,PayU Enterprise,PHNP-ORD-563158 PHNP-ORD-432753 BATCH-PHNP-1316,132631,2652,0,0,129979,INR,2026-08-16T11:02:00Z,BATCH-PHNP-1316
PO_B14_001317,PayU Enterprise,ZOMA-INV-200833 PO_B14_001317,203005,4992,0,0,198013,INR,2026-08-16T03:27:00Z,BATCH-ZOMA-1317
PO_B14_001318,Razorpay Nodal,SWIG-INV-425456 PO_B14_001318,371315,9245,0,0,362070,INR,2026-08-16T19:45:00Z,BATCH-SWIG-1318
PO_B14_001319,PayU Enterprise,UBER-INV-806222 PO_B14_001319,347858,8534,0,0,339324,INR,2026-08-16T15:08:00Z,BATCH-UBER-1319
PO_B14_001320,Stripe India,TATA-ORD-251696 TATA-ORD-736110 TATA-ORD-119241 BATCH-TATA-1320,427233,8544,0,0,418689,INR,2026-08-16T13:18:00Z,BATCH-TATA-1320
PO_B14_001321,Cashfree Escrow,PHNP-EXC-342532-UNRESOLVED,108813,2166,0,0,106647,INR,2026-08-16T10:31:00Z,HOLD-ESCROW
PO_B14_001322,Stripe India,BKMS-ORD-892310 BKMS-ORD-147373 BKMS-ORD-264050 BATCH-BKMS-1322,367236,7344,0,0,359892,INR,2026-08-15T21:30:00Z,BATCH-BKMS-1322
PO_B14_001323,Razorpay Nodal,AMZN-INV-131329 PO_B14_001323,46710,815,0,0,45895,INR,2026-08-16T09:41:00Z,BATCH-AMZN-1323
PO_B14_001324,BillDesk Settlement,UBER-INV-427001 PO_B14_001324,132731,2077,0,0,130654,INR,2026-08-15T22:59:00Z,BATCH-UBER-1324
PO_B14_001325,Razorpay Nodal,TATA-ORD-661923 TATA-ORD-852905 TATA-ORD-967472 BATCH-TATA-1325,237089,4741,0,0,232348,INR,2026-08-16T18:07:00Z,BATCH-TATA-1325
PO_B14_001326,Cashfree Escrow,PAYT-ORD-391483 PAYT-ORD-371751 PAYT-ORD-655654 BATCH-PAYT-1326,381248,7624,0,0,373624,INR,2026-08-16T12:15:00Z,BATCH-PAYT-1326
PO_B14_001327,BillDesk Settlement,OLAA-ORD-973797 OLAA-ORD-725950 BATCH-OLAA-1327,135938,2718,0,0,133220,INR,2026-08-16T07:46:00Z,BATCH-OLAA-1327
PO_B14_001328,Cashfree Escrow,JIOO-INV-694523 PO_B14_001328,400039,7090,0,0,392949,INR,2026-08-16T04:56:00Z,BATCH-JIOO-1328
PO_B14_001329,BillDesk Settlement,PHNP-ORD-753040 PHNP-ORD-738143 PHNP-ORD-202555 BATCH-PHNP-1329,345174,6903,0,0,338271,INR,2026-08-16T05:09:00Z,BATCH-PHNP-1329
PO_B14_001330,PayU Enterprise,TATA-ORD-918254 TATA-ORD-432524 BATCH-TATA-1330,239720,4794,0,0,234926,INR,2026-08-16T18:23:00Z,BATCH-TATA-1330
PO_B14_001331,Stripe India,MMTR-INV-160793 PO_B14_001331,344519,5445,0,0,339074,INR,2026-08-16T03:45:00Z,BATCH-MMTR-1331
PO_B14_001332,Cashfree Escrow,ZOMA-INV-321945 PO_B14_001332,227099,3592,0,0,223507,INR,2026-08-16T03:18:00Z,BATCH-ZOMA-1332
PO_B14_001333,Razorpay Nodal,BKMS-INV-364246 PO_B14_001333,290682,5354,0,0,285328,INR,2026-08-16T10:34:00Z,BATCH-BKMS-1333
PO_B14_001334,Razorpay Nodal,UBER-INV-554071 PO_B14_001334,87357,1474,0,0,85883,INR,2026-08-16T00:19:00Z,BATCH-UBER-1334
PO_B14_001335,BillDesk Settlement,ZOMA-INV-902636 PO_B14_001335,97322,1973,0,0,95349,INR,2026-08-16T16:38:00Z,BATCH-ZOMA-1335
PO_B14_001336,PayU Enterprise,UBER-INV-850782 PO_B14_001336,184307,3656,0,0,180651,INR,2026-08-16T04:17:00Z,BATCH-UBER-1336
PO_B14_001337,Stripe India,BLNK-INV-868610 PO_B14_001337,140238,3028,0,0,137210,INR,2026-08-16T05:42:00Z,BATCH-BLNK-1337
PO_B14_001338,PayU Enterprise,BBAS-INV-832063 PO_B14_001338,180724,3322,0,0,177402,INR,2026-08-15T19:02:00Z,BATCH-BBAS-1338
PO_B14_001339,Stripe India,NYKA-INV-569607 PO_B14_001339,272466,5308,0,0,267158,INR,2026-08-16T15:19:00Z,BATCH-NYKA-1339
PO_B14_001340,Cashfree Escrow,NYKA-INV-240379 PO_B14_001340,66873,1439,0,0,65434,INR,2026-08-16T01:39:00Z,BATCH-NYKA-1340
PO_B14_001341,Stripe India,FLPK-ORD-505673 FLPK-ORD-953558 BATCH-FLPK-1341,198219,3964,0,0,194255,INR,2026-08-16T14:29:00Z,BATCH-FLPK-1341
PO_B14_001342,PayU Enterprise,MYNT-INV-964602 PO_B14_001342,164171,3062,0,0,161109,INR,2026-08-16T07:59:00Z,BATCH-MYNT-1342
PO_B14_001343,Razorpay Nodal,JIOO-INV-291475 PO_B14_001343,395879,7141,0,0,388738,INR,2026-08-16T13:31:00Z,BATCH-JIOO-1343
PO_B14_001344,BillDesk Settlement,TATA-EXC-879716-UNRESOLVED,206625,4122,0,0,202503,INR,2026-08-16T21:22:00Z,HOLD-ESCROW
PO_B14_001345,Stripe India,MYNT-ORD-739745 MYNT-ORD-734574 MYNT-ORD-869385 BATCH-MYNT-1345,441980,8839,0,0,433141,INR,2026-08-16T16:42:00Z,BATCH-MYNT-1345
PO_B14_001346,PayU Enterprise,UBER-ORD-238879 UBER-ORD-690656 UBER-ORD-990357 BATCH-UBER-1346,228337,4566,0,0,223771,INR,2026-08-16T10:59:00Z,BATCH-UBER-1346
PO_B14_001347,Stripe India,BKMS-INV-690067 PO_B14_001347,300717,5929,0,0,294788,INR,2026-08-16T12:49:00Z,BATCH-BKMS-1347
PO_B14_001348,PayU Enterprise,TATA-INV-400373 PO_B14_001348,284665,6738,0,0,277927,INR,2026-08-16T07:35:00Z,BATCH-TATA-1348
PO_B14_001349,Razorpay Nodal,JIOO-INV-334790 PO_B14_001349,172787,3072,0,0,169715,INR,2026-08-15T22:06:00Z,BATCH-JIOO-1349
PO_B14_001350,BillDesk Settlement,BKMS-INV-233700 PO_B14_001350,387647,8193,0,0,379454,INR,2026-08-16T16:30:00Z,BATCH-BKMS-1350
PO_B14_001351,Razorpay Nodal,ZOMA-INV-778912 PO_B14_001351,225300,5000,0,0,220300,INR,2026-08-16T13:16:00Z,BATCH-ZOMA-1351
PO_B14_001352,Stripe India,BLNK-INV-373482 PO_B14_001352,286130,5182,0,0,280948,INR,2026-08-16T11:33:00Z,BATCH-BLNK-1352
PO_B14_001353,Razorpay Nodal,SWIG-INV-311019 PO_B14_001353,175395,2652,0,0,172743,INR,2026-08-16T07:00:00Z,BATCH-SWIG-1353
PO_B14_001354,Stripe India,UBER-INV-604064 PO_B14_001354,118473,2032,0,0,116441,INR,2026-08-16T11:37:00Z,BATCH-UBER-1354
PO_B14_001355,Stripe India,MMTR-INV-470624 PO_B14_001355,64057,1117,0,0,62940,INR,2026-08-16T03:02:00Z,BATCH-MMTR-1355
PO_B14_001356,Razorpay Nodal,BKMS-INV-637735 PO_B14_001356,360901,6624,0,0,354277,INR,2026-08-16T07:38:00Z,BATCH-BKMS-1356
PO_B14_001357,Stripe India,JIOO-INV-992799 PO_B14_001357,192054,4181,0,0,187873,INR,2026-08-16T18:36:00Z,BATCH-JIOO-1357
PO_B14_001358,Razorpay Nodal,TATA-ORD-932725 TATA-ORD-800467 TATA-ORD-598123 BATCH-TATA-1358,445848,8916,0,0,436932,INR,2026-08-16T20:35:00Z,BATCH-TATA-1358
PO_B14_001359,Razorpay Nodal,SWIG-ORD-890215 SWIG-ORD-106077 SWIG-ORD-903035 BATCH-SWIG-1359,338325,6766,0,0,331559,INR,2026-08-15T21:58:00Z,BATCH-SWIG-1359
PO_B14_001360,Stripe India,PAYT-INV-216268 PO_B14_001360,259487,5063,0,0,254424,INR,2026-08-16T12:40:00Z,BATCH-PAYT-1360
PO_B14_001361,Stripe India,TATA-ORD-873229 TATA-ORD-362855 TATA-ORD-133467 BATCH-TATA-1361,324464,6489,0,0,317975,INR,2026-08-16T00:57:00Z,BATCH-TATA-1361
PO_B14_001362,Stripe India,MYNT-INV-447336 PO_B14_001362,352967,5372,0,0,347595,INR,2026-08-16T00:08:00Z,BATCH-MYNT-1362
PO_B14_001363,BillDesk Settlement,PHNP-INV-367454 PO_B14_001363,445512,9043,0,0,436469,INR,2026-08-15T18:27:00Z,BATCH-PHNP-1363
PO_B14_001364,Razorpay Nodal,ZOMA-ORD-828550 ZOMA-ORD-943929 BATCH-ZOMA-1364,314169,6283,0,0,307886,INR,2026-08-16T01:51:00Z,BATCH-ZOMA-1364
PO_B14_001365,Stripe India,ZOMA-EXC-142641-UNRESOLVED,143490,2859,0,0,140631,INR,2026-08-16T21:51:00Z,HOLD-ESCROW
PO_B14_001366,PayU Enterprise,PHNP-INV-516997 PO_B14_001366,398675,6704,0,0,391971,INR,2026-08-15T18:25:00Z,BATCH-PHNP-1366
PO_B14_001367,PayU Enterprise,PHNP-INV-676753 PO_B14_001367,393424,6145,0,0,387279,INR,2026-08-16T02:35:00Z,BATCH-PHNP-1367
PO_B14_001368,Stripe India,UBER-INV-420462 PO_B14_001368,444204,10197,0,0,434007,INR,2026-08-16T14:40:00Z,BATCH-UBER-1368
PO_B14_001369,PayU Enterprise,TATA-ORD-471904 TATA-ORD-196783 BATCH-TATA-1369,294240,5884,0,0,288356,INR,2026-08-16T01:39:00Z,BATCH-TATA-1369
PO_B14_001370,Razorpay Nodal,MYNT-EXC-732367-UNRESOLVED,72049,1430,0,0,70619,INR,2026-08-17T08:19:00Z,HOLD-ESCROW
PO_B14_001371,BillDesk Settlement,BBAS-ORD-464741 BBAS-ORD-611168 BBAS-ORD-601826 BATCH-BBAS-1371,510229,10204,0,0,500025,INR,2026-08-16T03:43:00Z,BATCH-BBAS-1371
PO_B14_001372,Cashfree Escrow,SWIG-INV-166691 PO_B14_001372,413929,6294,0,0,407635,INR,2026-08-16T16:31:00Z,BATCH-SWIG-1372
PO_B14_001373,Stripe India,OLAA-INV-466652 PO_B14_001373,45528,712,0,0,44816,INR,2026-08-15T17:52:00Z,BATCH-OLAA-1373
PO_B14_001374,Razorpay Nodal,FLPK-INV-218208 PO_B14_001374,227723,4214,0,0,223509,INR,2026-08-15T16:44:00Z,BATCH-FLPK-1374
PO_B14_001375,Stripe India,AMZN-INV-510761 PO_B14_001375,142775,3438,0,0,139337,INR,2026-08-15T21:01:00Z,BATCH-AMZN-1375
PO_B14_001376,BillDesk Settlement,BLNK-EXC-427812-UNRESOLVED,107149,2132,0,0,105017,INR,2026-08-17T03:27:00Z,HOLD-ESCROW
PO_B14_001377,Cashfree Escrow,NYKA-INV-963161 PO_B14_001377,271418,4559,0,0,266859,INR,2026-08-16T14:07:00Z,BATCH-NYKA-1377
PO_B14_001378,BillDesk Settlement,NYKA-INV-504959 PO_B14_001378,307706,5187,0,0,302519,INR,2026-08-16T08:35:00Z,BATCH-NYKA-1378
PO_B14_001379,Cashfree Escrow,MYNT-INV-367132 PO_B14_001379,215850,5335,0,0,210515,INR,2026-08-16T09:59:00Z,BATCH-MYNT-1379
PO_B14_001380,Cashfree Escrow,MMTR-INV-159093 PO_B14_001380,228590,3433,0,0,225157,INR,2026-08-16T02:39:00Z,BATCH-MMTR-1380
PO_B14_001381,PayU Enterprise,UBER-ORD-868180 UBER-ORD-297575 UBER-ORD-391789 BATCH-UBER-1381,395678,7913,0,0,387765,INR,2026-08-16T04:39:00Z,BATCH-UBER-1381
PO_B14_001382,PayU Enterprise,MMTR-INV-756958 PO_B14_001382,66223,1202,0,0,65021,INR,2026-08-16T09:22:00Z,BATCH-MMTR-1382
PO_B14_001383,BillDesk Settlement,FLPK-EXC-848866-UNRESOLVED,181901,3628,0,0,178273,INR,2026-08-16T09:01:00Z,HOLD-ESCROW
PO_B14_001384,BillDesk Settlement,AMZN-ORD-494489 AMZN-ORD-799109 BATCH-AMZN-1384,302784,6055,0,0,296729,INR,2026-08-16T15:33:00Z,BATCH-AMZN-1384
PO_B14_001385,Razorpay Nodal,PHNP-EXC-728843-UNRESOLVED,194061,3871,0,0,190190,INR,2026-08-17T04:10:00Z,HOLD-ESCROW
PO_B14_001386,Stripe India,NYKA-INV-467361 PO_B14_001386,26848,629,0,0,26219,INR,2026-08-16T20:39:00Z,BATCH-NYKA-1386
PO_B14_001387,BillDesk Settlement,MYNT-INV-662793 PO_B14_001387,291993,5941,0,0,286052,INR,2026-08-15T19:19:00Z,BATCH-MYNT-1387
PO_B14_001388,Cashfree Escrow,OLAA-INV-319310 PO_B14_001388,264505,4715,0,0,259790,INR,2026-08-16T07:24:00Z,BATCH-OLAA-1388
PO_B14_001389,Razorpay Nodal,ZOMA-INV-489153 PO_B14_001389,446437,7847,0,0,438590,INR,2026-08-16T05:29:00Z,BATCH-ZOMA-1389
PO_B14_001390,BillDesk Settlement,UBER-ORD-848225 UBER-ORD-526149 BATCH-UBER-1390,297398,5947,0,0,291451,INR,2026-08-16T09:32:00Z,BATCH-UBER-1390
PO_B14_001391,Stripe India,NYKA-INV-925108 PO_B14_001391,125552,1926,0,0,123626,INR,2026-08-16T01:34:00Z,BATCH-NYKA-1391
PO_B14_001392,BillDesk Settlement,FLPK-INV-639761 PO_B14_001392,356580,7990,0,0,348590,INR,2026-08-16T05:29:00Z,BATCH-FLPK-1392
PO_B14_001393,Cashfree Escrow,BKMS-INV-534897 PO_B14_001393,315131,5047,0,0,310084,INR,2026-08-16T03:28:00Z,BATCH-BKMS-1393
PO_B14_001394,Stripe India,TATA-INV-245717 PO_B14_001394,252991,5160,0,0,247831,INR,2026-08-16T11:22:00Z,BATCH-TATA-1394
PO_B14_001395,Cashfree Escrow,BBAS-INV-898141 PO_B14_001395,99500,1879,0,0,97621,INR,2026-08-16T10:40:00Z,BATCH-BBAS-1395
PO_B14_001396,Stripe India,PAYT-INV-625154 PO_B14_001396,387942,8324,0,0,379618,INR,2026-08-17T00:20:00Z,BATCH-PAYT-1396
PO_B14_001397,Razorpay Nodal,ZOMA-INV-988445 PO_B14_001397,196054,3002,0,0,193052,INR,2026-08-15T22:24:00Z,BATCH-ZOMA-1397
PO_B14_001398,PayU Enterprise,FLPK-ORD-376151 FLPK-ORD-769619 FLPK-ORD-604370 BATCH-FLPK-1398,184374,3687,0,0,180687,INR,2026-08-15T23:38:00Z,BATCH-FLPK-1398
PO_B14_001399,Razorpay Nodal,UBER-INV-797814 PO_B14_001399,96407,2017,0,0,94390,INR,2026-08-16T04:12:00Z,BATCH-UBER-1399
PO_B14_001400,Stripe India,PHNP-ORD-727232 PHNP-ORD-125568 BATCH-PHNP-1400,464497,9289,0,0,455208,INR,2026-08-16T01:01:00Z,BATCH-PHNP-1400
PO_B14_001401,PayU Enterprise,TATA-INV-500740 PO_B14_001401,107478,1630,0,0,105848,INR,2026-08-16T10:58:00Z,BATCH-TATA-1401
PO_B14_001402,Cashfree Escrow,FLPK-INV-749030 PO_B14_001402,391676,9340,0,0,382336,INR,2026-08-16T07:36:00Z,BATCH-FLPK-1402
PO_B14_001403,PayU Enterprise,BKMS-INV-502835 PO_B14_001403,276970,6348,0,0,270622,INR,2026-08-16T10:44:00Z,BATCH-BKMS-1403
PO_B14_001404,PayU Enterprise,BKMS-INV-464010 PO_B14_001404,30359,579,0,0,29780,INR,2026-08-16T10:52:00Z,BATCH-BKMS-1404
PO_B14_001405,Razorpay Nodal,PHNP-INV-232863 PO_B14_001405,328831,5860,0,0,322971,INR,2026-08-16T07:26:00Z,BATCH-PHNP-1405
PO_B14_001406,PayU Enterprise,BKMS-INV-748449 PO_B14_001406,212500,5150,0,0,207350,INR,2026-08-16T13:24:00Z,BATCH-BKMS-1406
PO_B14_001407,Cashfree Escrow,BBAS-INV-996460 PO_B14_001407,271152,4495,0,0,266657,INR,2026-08-15T22:06:00Z,BATCH-BBAS-1407
PO_B14_001408,Razorpay Nodal,BBAS-INV-218264 PO_B14_001408,294964,5876,0,0,289088,INR,2026-08-16T12:13:00Z,BATCH-BBAS-1408
PO_B14_001409,Cashfree Escrow,ZOMA-ORD-204482 ZOMA-ORD-540495 BATCH-ZOMA-1409,287310,5746,0,0,281564,INR,2026-08-16T16:55:00Z,BATCH-ZOMA-1409
PO_B14_001410,BillDesk Settlement,UBER-INV-837617 PO_B14_001410,350970,5692,0,0,345278,INR,2026-08-16T22:13:00Z,BATCH-UBER-1410
PO_B14_001411,PayU Enterprise,TATA-ORD-242863 TATA-ORD-547891 BATCH-TATA-1411,223970,4479,0,0,219491,INR,2026-08-16T13:54:00Z,BATCH-TATA-1411
PO_B14_001412,PayU Enterprise,FLPK-INV-495189 PO_B14_001412,157484,2504,0,0,154980,INR,2026-08-16T15:47:00Z,BATCH-FLPK-1412
PO_B14_001413,Stripe India,UBER-INV-294167 PO_B14_001413,142079,2297,0,0,139782,INR,2026-08-16T23:05:00Z,BATCH-UBER-1413
PO_B14_001414,Stripe India,UBER-INV-930400 PO_B14_001414,352309,5713,0,0,346596,INR,2026-08-15T13:51:00Z,BATCH-UBER-1414
PO_B14_001415,Razorpay Nodal,MYNT-INV-552652 PO_B14_001415,286118,6093,0,0,280025,INR,2026-08-16T09:23:00Z,BATCH-MYNT-1415
PO_B14_001416,Stripe India,TATA-INV-329145 PO_B14_001416,180574,2972,0,0,177602,INR,2026-08-15T22:24:00Z,BATCH-TATA-1416
PO_B14_001417,Razorpay Nodal,JIOO-INV-204789 PO_B14_001417,135397,2143,0,0,133254,INR,2026-08-16T00:09:00Z,BATCH-JIOO-1417
PO_B14_001418,Stripe India,SWIG-INV-573973 PO_B14_001418,320882,5451,0,0,315431,INR,2026-08-16T09:58:00Z,BATCH-SWIG-1418
PO_B14_001419,BillDesk Settlement,SWIG-INV-370513 PO_B14_001419,418688,9899,0,0,408789,INR,2026-08-16T16:30:00Z,BATCH-SWIG-1419
PO_B14_001420,PayU Enterprise,NYKA-INV-521122 PO_B14_001420,353673,8243,0,0,345430,INR,2026-08-17T00:00:00Z,BATCH-NYKA-1420
PO_B14_001421,BillDesk Settlement,MYNT-INV-898325 PO_B14_001421,105233,2601,0,0,102632,INR,2026-08-15T19:09:00Z,BATCH-MYNT-1421
PO_B14_001422,BillDesk Settlement,OLAA-INV-178151 PO_B14_001422,368071,7948,0,0,360123,INR,2026-08-16T10:24:00Z,BATCH-OLAA-1422
PO_B14_001423,BillDesk Settlement,TATA-INV-611263 PO_B14_001423,26473,657,0,0,25816,INR,2026-08-16T06:59:00Z,BATCH-TATA-1423
PO_B14_001424,BillDesk Settlement,OLAA-INV-674041 PO_B14_001424,408101,6702,0,0,401399,INR,2026-08-16T05:20:00Z,BATCH-OLAA-1424
PO_B14_001425,PayU Enterprise,JIOO-INV-406756 PO_B14_001425,270464,4637,0,0,265827,INR,2026-08-16T01:29:00Z,BATCH-JIOO-1425
PO_B14_001426,Cashfree Escrow,MMTR-INV-632264 PO_B14_001426,248871,5181,0,0,243690,INR,2026-08-16T11:35:00Z,BATCH-MMTR-1426
PO_B14_001427,Razorpay Nodal,UBER-INV-918161 PO_B14_001427,293135,5146,0,0,287989,INR,2026-08-16T23:48:00Z,BATCH-UBER-1427
PO_B14_001428,Stripe India,SWIG-INV-980493 PO_B14_001428,170180,3226,0,0,166954,INR,2026-08-16T00:31:00Z,BATCH-SWIG-1428
PO_B14_001429,BillDesk Settlement,ZOMA-INV-735199 PO_B14_001429,134902,3161,0,0,131741,INR,2026-08-16T08:57:00Z,BATCH-ZOMA-1429
PO_B14_001430,Stripe India,JIOO-INV-362937 PO_B14_001430,421326,10362,0,0,410964,INR,2026-08-16T19:40:00Z,BATCH-JIOO-1430
PO_B14_001431,Stripe India,FLPK-INV-903544 PO_B14_001431,262227,6218,0,0,256009,INR,2026-08-15T22:48:00Z,BATCH-FLPK-1431
PO_B14_001432,Cashfree Escrow,NYKA-INV-769402 PO_B14_001432,284478,5753,0,0,278725,INR,2026-08-16T02:12:00Z,BATCH-NYKA-1432
PO_B14_001433,Cashfree Escrow,PAYT-ORD-650506 PAYT-ORD-132734 PAYT-ORD-540125 BATCH-PAYT-1433,338652,6773,0,0,331879,INR,2026-08-16T17:42:00Z,BATCH-PAYT-1433
PO_B14_001434,Stripe India,UBER-INV-666762 PO_B14_001434,56018,1076,0,0,54942,INR,2026-08-16T11:41:00Z,BATCH-UBER-1434
PO_B14_001435,Razorpay Nodal,SWIG-EXC-164288-UNRESOLVED,74825,1486,0,0,73339,INR,2026-08-16T17:12:00Z,HOLD-ESCROW
PO_B14_001436,PayU Enterprise,BKMS-INV-886716 PO_B14_001436,50056,768,0,0,49288,INR,2026-08-15T20:48:00Z,BATCH-BKMS-1436
PO_B14_001437,Stripe India,TATA-INV-764066 PO_B14_001437,207935,4895,0,0,203040,INR,2026-08-15T20:35:00Z,BATCH-TATA-1437
PO_B14_001438,BillDesk Settlement,PAYT-ORD-456301 PAYT-ORD-102681 PAYT-ORD-959344 BATCH-PAYT-1438,469790,9395,0,0,460395,INR,2026-08-15T23:11:00Z,BATCH-PAYT-1438
PO_B14_001439,Stripe India,NYKA-INV-802296 PO_B14_001439,161204,2663,0,0,158541,INR,2026-08-16T16:21:00Z,BATCH-NYKA-1439
PO_B14_001440,Razorpay Nodal,AMZN-ORD-838266 AMZN-ORD-516919 AMZN-ORD-734516 BATCH-AMZN-1440,501292,10025,0,0,491267,INR,2026-08-16T12:45:00Z,BATCH-AMZN-1440
PO_B14_001441,BillDesk Settlement,TATA-INV-614851 PO_B14_001441,241622,4175,0,0,237447,INR,2026-08-16T15:29:00Z,BATCH-TATA-1441
PO_B14_001442,PayU Enterprise,MMTR-ORD-264764 MMTR-ORD-805883 MMTR-ORD-399511 BATCH-MMTR-1442,529814,10596,0,0,519218,INR,2026-08-16T10:48:00Z,BATCH-MMTR-1442
PO_B14_001443,Cashfree Escrow,JIOO-INV-463164 PO_B14_001443,199689,4497,0,0,195192,INR,2026-08-15T23:29:00Z,BATCH-JIOO-1443
PO_B14_001444,PayU Enterprise,AMZN-ORD-456430 AMZN-ORD-922871 AMZN-ORD-865162 BATCH-AMZN-1444,549690,10993,0,0,538697,INR,2026-08-16T17:13:00Z,BATCH-AMZN-1444
PO_B14_001445,PayU Enterprise,TATA-INV-821528 PO_B14_001445,439954,9828,0,0,430126,INR,2026-08-15T23:49:00Z,BATCH-TATA-1445
PO_B14_001446,PayU Enterprise,PHNP-INV-935871 PO_B14_001446,30150,598,0,0,29552,INR,2026-08-16T17:19:00Z,BATCH-PHNP-1446
PO_B14_001447,PayU Enterprise,PAYT-INV-869422 PO_B14_001447,73047,1639,0,0,71408,INR,2026-08-16T23:25:00Z,BATCH-PAYT-1447
PO_B14_001448,PayU Enterprise,MYNT-INV-761069 PO_B14_001448,130123,2468,0,0,127655,INR,2026-08-16T19:57:00Z,BATCH-MYNT-1448
PO_B14_001449,Razorpay Nodal,OLAA-ORD-127658 OLAA-ORD-250778 BATCH-OLAA-1449,237756,4755,0,0,233001,INR,2026-08-16T18:22:00Z,BATCH-OLAA-1449
PO_B14_001450,Razorpay Nodal,MYNT-INV-323621 PO_B14_001450,49120,1133,0,0,47987,INR,2026-08-16T03:48:00Z,BATCH-MYNT-1450
PO_B14_001451,Razorpay Nodal,NYKA-INV-233485 PO_B14_001451,184189,2770,0,0,181419,INR,2026-08-16T10:20:00Z,BATCH-NYKA-1451
PO_B14_001452,BillDesk Settlement,ZOMA-INV-877244 PO_B14_001452,442680,10230,0,0,432450,INR,2026-08-16T18:03:00Z,BATCH-ZOMA-1452
PO_B14_001453,Stripe India,SWIG-INV-370964 PO_B14_001453,361119,8529,0,0,352590,INR,2026-08-16T05:29:00Z,BATCH-SWIG-1453
PO_B14_001454,Stripe India,TATA-INV-199693 PO_B14_001454,303803,6044,0,0,297759,INR,2026-08-15T16:03:00Z,BATCH-TATA-1454
PO_B14_001455,Stripe India,ZOMA-EXC-659486-UNRESOLVED,223840,4466,0,0,219374,INR,2026-08-16T22:06:00Z,HOLD-ESCROW
PO_B14_001456,Razorpay Nodal,MMTR-INV-303220 PO_B14_001456,175714,3081,0,0,172633,INR,2026-08-15T19:42:00Z,BATCH-MMTR-1456
PO_B14_001457,BillDesk Settlement,OLAA-INV-840844 PO_B14_001457,274055,4126,0,0,269929,INR,2026-08-16T09:58:00Z,BATCH-OLAA-1457
PO_B14_001458,Cashfree Escrow,BKMS-INV-923463 PO_B14_001458,161520,2623,0,0,158897,INR,2026-08-16T08:54:00Z,BATCH-BKMS-1458
PO_B14_001459,PayU Enterprise,FLPK-INV-739569 PO_B14_001459,216573,3518,0,0,213055,INR,2026-08-16T02:36:00Z,BATCH-FLPK-1459
PO_B14_001460,Cashfree Escrow,MYNT-INV-769421 PO_B14_001460,33533,640,0,0,32893,INR,2026-08-16T21:22:00Z,BATCH-MYNT-1460
PO_B14_001461,Razorpay Nodal,MMTR-INV-979157 PO_B14_001461,347163,6106,0,0,341057,INR,2026-08-15T23:47:00Z,BATCH-MMTR-1461
PO_B14_001462,Stripe India,BKMS-INV-592352 PO_B14_001462,321137,6559,0,0,314578,INR,2026-08-16T03:30:00Z,BATCH-BKMS-1462
PO_B14_001463,Razorpay Nodal,JIOO-INV-615408 PO_B14_001463,423056,9558,0,0,413498,INR,2026-08-16T06:46:00Z,BATCH-JIOO-1463
PO_B14_001464,Stripe India,BKMS-ORD-115046 BKMS-ORD-740319 BKMS-ORD-846148 BATCH-BKMS-1464,270091,5401,0,0,264690,INR,2026-08-15T22:18:00Z,BATCH-BKMS-1464
PO_B14_001465,Razorpay Nodal,BKMS-INV-623514 PO_B14_001465,73807,1450,0,0,72357,INR,2026-08-16T07:13:00Z,BATCH-BKMS-1465
PO_B14_001466,Stripe India,TATA-ORD-583185 TATA-ORD-427204 BATCH-TATA-1466,196498,3929,0,0,192569,INR,2026-08-16T10:10:00Z,BATCH-TATA-1466
PO_B14_001467,Cashfree Escrow,PAYT-INV-989376 PO_B14_001467,136644,2988,0,0,133656,INR,2026-08-16T01:02:00Z,BATCH-PAYT-1467
PO_B14_001468,Cashfree Escrow,OLAA-INV-211879 PO_B14_001468,59490,1404,0,0,58086,INR,2026-08-16T11:48:00Z,BATCH-OLAA-1468
PO_B14_001469,BillDesk Settlement,BLNK-INV-598112 PO_B14_001469,219331,3405,0,0,215926,INR,2026-08-16T07:54:00Z,BATCH-BLNK-1469
PO_B14_001470,Cashfree Escrow,ZOMA-EXC-272860-UNRESOLVED,131776,2625,0,0,129151,INR,2026-08-16T09:48:00Z,HOLD-ESCROW
PO_B14_001471,Cashfree Escrow,NYKA-INV-188377 PO_B14_001471,403740,9669,0,0,394071,INR,2026-08-16T12:44:00Z,BATCH-NYKA-1471
PO_B14_001472,BillDesk Settlement,PAYT-INV-736424 PO_B14_001472,290657,6144,0,0,284513,INR,2026-08-16T01:10:00Z,BATCH-PAYT-1472
PO_B14_001473,BillDesk Settlement,UBER-EXC-228056-UNRESOLVED,280417,5598,0,0,274819,INR,2026-08-16T13:35:00Z,HOLD-ESCROW
PO_B14_001474,BillDesk Settlement,ZOMA-ORD-790146 ZOMA-ORD-728033 ZOMA-ORD-839469 BATCH-ZOMA-1474,529259,10585,0,0,518674,INR,2026-08-15T22:27:00Z,BATCH-ZOMA-1474
PO_B14_001475,Stripe India,BLNK-INV-756011 PO_B14_001475,65264,1522,0,0,63742,INR,2026-08-16T07:01:00Z,BATCH-BLNK-1475
PO_B14_001476,Razorpay Nodal,BBAS-ORD-556885 BBAS-ORD-265637 BATCH-BBAS-1476,192716,3854,0,0,188862,INR,2026-08-16T16:34:00Z,BATCH-BBAS-1476
PO_B14_001477,Razorpay Nodal,UBER-INV-163022 PO_B14_001477,181546,2767,0,0,178779,INR,2026-08-16T19:56:00Z,BATCH-UBER-1477
PO_B14_001478,Cashfree Escrow,TATA-INV-453102 PO_B14_001478,357051,6334,0,0,350717,INR,2026-08-16T14:11:00Z,BATCH-TATA-1478
PO_B14_001479,Stripe India,BKMS-INV-498827 PO_B14_001479,416758,9349,0,0,407409,INR,2026-08-16T00:14:00Z,BATCH-BKMS-1479
PO_B14_001480,PayU Enterprise,OLAA-INV-969635 PO_B14_001480,171111,4143,0,0,166968,INR,2026-08-16T11:02:00Z,BATCH-OLAA-1480
PO_B14_001481,Stripe India,PHNP-INV-351850 PO_B14_001481,241820,5874,0,0,235946,INR,2026-08-16T00:07:00Z,BATCH-PHNP-1481
PO_B14_001482,BillDesk Settlement,AMZN-INV-851305 PO_B14_001482,330914,5970,0,0,324944,INR,2026-08-16T09:25:00Z,BATCH-AMZN-1482
PO_B14_001483,PayU Enterprise,TATA-INV-668865 PO_B14_001483,167647,2613,0,0,165034,INR,2026-08-15T18:06:00Z,BATCH-TATA-1483
PO_B14_001484,Razorpay Nodal,BBAS-INV-530851 PO_B14_001484,61274,948,0,0,60326,INR,2026-08-15T21:35:00Z,BATCH-BBAS-1484
PO_B14_001485,Stripe India,PHNP-INV-581898 PO_B14_001485,379863,6220,0,0,373643,INR,2026-08-16T14:22:00Z,BATCH-PHNP-1485
PO_B14_001486,Razorpay Nodal,MYNT-ORD-929371 MYNT-ORD-779032 MYNT-ORD-231425 BATCH-MYNT-1486,302623,6052,0,0,296571,INR,2026-08-16T19:24:00Z,BATCH-MYNT-1486
PO_B14_001487,BillDesk Settlement,OLAA-ORD-740070 OLAA-ORD-802608 BATCH-OLAA-1487,85329,1706,0,0,83623,INR,2026-08-15T23:13:00Z,BATCH-OLAA-1487
PO_B14_001488,Razorpay Nodal,UBER-INV-284065 PO_B14_001488,164851,2906,0,0,161945,INR,2026-08-15T20:00:00Z,BATCH-UBER-1488
PO_B14_001489,BillDesk Settlement,JIOO-ORD-438539 JIOO-ORD-500424 BATCH-JIOO-1489,162893,3257,0,0,159636,INR,2026-08-15T23:26:00Z,BATCH-JIOO-1489
PO_B14_001490,PayU Enterprise,ZOMA-INV-467531 PO_B14_001490,205306,3160,0,0,202146,INR,2026-08-15T21:48:00Z,BATCH-ZOMA-1490
PO_B14_001491,BillDesk Settlement,SWIG-INV-916908 PO_B14_001491,288116,4345,0,0,283771,INR,2026-08-16T08:24:00Z,BATCH-SWIG-1491
PO_B14_001492,PayU Enterprise,OLAA-INV-979547 PO_B14_001492,99744,2003,0,0,97741,INR,2026-08-16T03:07:00Z,BATCH-OLAA-1492
PO_B14_001493,PayU Enterprise,BBAS-INV-363090 PO_B14_001493,157407,3212,0,0,154195,INR,2026-08-16T03:36:00Z,BATCH-BBAS-1493
PO_B14_001494,Stripe India,PHNP-INV-728715 PO_B14_001494,247138,5468,0,0,241670,INR,2026-08-16T07:07:00Z,BATCH-PHNP-1494
PO_B14_001495,Cashfree Escrow,UBER-INV-755213 PO_B14_001495,101002,1589,0,0,99413,INR,2026-08-15T17:15:00Z,BATCH-UBER-1495
PO_B14_001496,BillDesk Settlement,PAYT-INV-991197 PO_B14_001496,131337,2040,0,0,129297,INR,2026-08-16T07:19:00Z,BATCH-PAYT-1496
PO_B14_001497,Razorpay Nodal,NYKA-INV-232466 PO_B14_001497,190328,4069,0,0,186259,INR,2026-08-16T10:07:00Z,BATCH-NYKA-1497
PO_B14_001498,BillDesk Settlement,BKMS-ORD-728228 BKMS-ORD-890077 BKMS-ORD-919803 BATCH-BKMS-1498,187746,3754,0,0,183992,INR,2026-08-16T05:24:00Z,BATCH-BKMS-1498
PO_B14_001499,Stripe India,MYNT-ORD-111812 MYNT-ORD-508323 MYNT-ORD-273450 BATCH-MYNT-1499,537566,10751,0,0,526815,INR,2026-08-16T19:31:00Z,BATCH-MYNT-1499
PO_B14_001500,Stripe India,UBER-INV-988131 PO_B14_001500,218017,5123,0,0,212894,INR,2026-08-16T03:11:00Z,BATCH-UBER-1500
PO_B14_001501,Cashfree Escrow,UBER-ORD-735210 UBER-ORD-539011 UBER-ORD-137080 BATCH-UBER-1501,403640,8072,0,0,395568,INR,2026-08-16T16:45:00Z,BATCH-UBER-1501
PO_B14_001502,BillDesk Settlement,NYKA-ORD-188088 NYKA-ORD-883867 NYKA-ORD-581052 BATCH-NYKA-1502,443251,8865,0,0,434386,INR,2026-08-16T02:36:00Z,BATCH-NYKA-1502
PO_B14_001503,Razorpay Nodal,TATA-INV-828627 PO_B14_001503,330196,7663,0,0,322533,INR,2026-08-16T02:24:00Z,BATCH-TATA-1503
PO_B14_001504,Razorpay Nodal,MYNT-ORD-281786 MYNT-ORD-306559 BATCH-MYNT-1504,321189,6423,0,0,314766,INR,2026-08-16T08:57:00Z,BATCH-MYNT-1504
PO_B14_001505,Cashfree Escrow,SWIG-ORD-605935 SWIG-ORD-249887 SWIG-ORD-762936 BATCH-SWIG-1505,371382,7427,0,0,363955,INR,2026-08-16T00:36:00Z,BATCH-SWIG-1505
PO_B14_001506,Stripe India,TATA-ORD-340716 TATA-ORD-272630 BATCH-TATA-1506,181397,3627,0,0,177770,INR,2026-08-16T12:26:00Z,BATCH-TATA-1506
PO_B14_001507,PayU Enterprise,SWIG-ORD-857703 SWIG-ORD-217548 BATCH-SWIG-1507,285782,5715,0,0,280067,INR,2026-08-16T05:04:00Z,BATCH-SWIG-1507
PO_B14_001508,Cashfree Escrow,NYKA-INV-707707 PO_B14_001508,208148,4948,0,0,203200,INR,2026-08-16T01:38:00Z,BATCH-NYKA-1508
PO_B14_001509,PayU Enterprise,PAYT-INV-372248 PO_B14_001509,300054,7163,0,0,292891,INR,2026-08-16T22:00:00Z,BATCH-PAYT-1509
PO_B14_001510,BillDesk Settlement,ZOMA-INV-218900 PO_B14_001510,229604,3943,0,0,225661,INR,2026-08-16T05:52:00Z,BATCH-ZOMA-1510
PO_B14_001511,Razorpay Nodal,PHNP-INV-278491 PO_B14_001511,238863,4355,0,0,234508,INR,2026-08-16T23:00:00Z,BATCH-PHNP-1511
PO_B14_001512,Stripe India,PHNP-INV-910573 PO_B14_001512,348185,8208,0,0,339977,INR,2026-08-16T09:25:00Z,BATCH-PHNP-1512
PO_B14_001513,Stripe India,FLPK-INV-989997 PO_B14_001513,188060,4658,0,0,183402,INR,2026-08-16T16:16:00Z,BATCH-FLPK-1513
PO_B14_001514,PayU Enterprise,FLPK-EXC-776125-UNRESOLVED,73865,1467,0,0,72398,INR,2026-08-16T10:54:00Z,HOLD-ESCROW
PO_B14_001515,PayU Enterprise,OLAA-INV-426358 PO_B14_001515,249711,4855,0,0,244856,INR,2026-08-16T13:23:00Z,BATCH-OLAA-1515
PO_B14_001516,PayU Enterprise,TATA-ORD-146089 TATA-ORD-433924 TATA-ORD-735658 BATCH-TATA-1516,319610,6392,0,0,313218,INR,2026-08-16T03:04:00Z,BATCH-TATA-1516
PO_B14_001517,Stripe India,MMTR-ORD-369249 MMTR-ORD-499330 BATCH-MMTR-1517,187859,3757,0,0,184102,INR,2026-08-16T08:04:00Z,BATCH-MMTR-1517
PO_B14_001518,PayU Enterprise,UBER-ORD-844964 UBER-ORD-915805 BATCH-UBER-1518,267808,5356,0,0,262452,INR,2026-08-16T18:32:00Z,BATCH-UBER-1518
PO_B14_001519,Stripe India,PHNP-ORD-259444 PHNP-ORD-234462 BATCH-PHNP-1519,217640,4352,0,0,213288,INR,2026-08-16T17:27:00Z,BATCH-PHNP-1519
PO_B14_001520,BillDesk Settlement,MYNT-INV-633563 PO_B14_001520,32601,584,0,0,32017,INR,2026-08-16T14:36:00Z,BATCH-MYNT-1520
PO_B14_001521,PayU Enterprise,FLPK-INV-218970 PO_B14_001521,342196,7941,0,0,334255,INR,2026-08-16T03:46:00Z,BATCH-FLPK-1521
PO_B14_001522,Razorpay Nodal,UBER-INV-618060 PO_B14_001522,107594,1938,0,0,105656,INR,2026-08-16T13:32:00Z,BATCH-UBER-1522
PO_B14_001523,Stripe India,AMZN-ORD-538567 AMZN-ORD-347957 BATCH-AMZN-1523,291981,5839,0,0,286142,INR,2026-08-16T20:42:00Z,BATCH-AMZN-1523
PO_B14_001524,Razorpay Nodal,SWIG-INV-938731 PO_B14_001524,87470,2111,0,0,85359,INR,2026-08-15T13:38:00Z,BATCH-SWIG-1524
PO_B14_001525,Razorpay Nodal,MYNT-INV-735196 PO_B14_001525,276222,6262,0,0,269960,INR,2026-08-16T13:34:00Z,BATCH-MYNT-1525
PO_B14_001526,BillDesk Settlement,TATA-INV-522710 PO_B14_001526,304260,5153,0,0,299107,INR,2026-08-16T03:55:00Z,BATCH-TATA-1526
PO_B14_001527,BillDesk Settlement,BBAS-ORD-614647 BBAS-ORD-230091 BATCH-BBAS-1527,387145,7742,0,0,379403,INR,2026-08-16T08:54:00Z,BATCH-BBAS-1527
PO_B14_001528,Stripe India,PAYT-INV-987208 PO_B14_001528,363925,7899,0,0,356026,INR,2026-08-16T07:53:00Z,BATCH-PAYT-1528
PO_B14_001529,Cashfree Escrow,TATA-ORD-735834 TATA-ORD-886233 TATA-ORD-760753 BATCH-TATA-1529,343874,6877,0,0,336997,INR,2026-08-15T22:33:00Z,BATCH-TATA-1529
PO_B14_001530,Cashfree Escrow,BLNK-INV-989767 PO_B14_001530,431195,9049,0,0,422146,INR,2026-08-16T16:05:00Z,BATCH-BLNK-1530
PO_B14_001531,Stripe India,PAYT-ORD-158368 PAYT-ORD-698006 PAYT-ORD-419814 BATCH-PAYT-1531,175493,3509,0,0,171984,INR,2026-08-16T02:51:00Z,BATCH-PAYT-1531
PO_B14_001532,Stripe India,BBAS-ORD-201873 BBAS-ORD-951050 BATCH-BBAS-1532,156004,3120,0,0,152884,INR,2026-08-15T23:52:00Z,BATCH-BBAS-1532
PO_B14_001533,Stripe India,MYNT-ORD-836674 MYNT-ORD-383144 MYNT-ORD-417199 BATCH-MYNT-1533,449510,8990,0,0,440520,INR,2026-08-16T00:06:00Z,BATCH-MYNT-1533
PO_B14_001534,Stripe India,MYNT-INV-719312 PO_B14_001534,25250,474,0,0,24776,INR,2026-08-16T18:05:00Z,BATCH-MYNT-1534
PO_B14_001535,Stripe India,JIOO-INV-385239 PO_B14_001535,372414,8610,0,0,363804,INR,2026-08-15T23:56:00Z,BATCH-JIOO-1535
PO_B14_001536,Cashfree Escrow,NYKA-INV-863842 PO_B14_001536,320747,6956,0,0,313791,INR,2026-08-16T04:57:00Z,BATCH-NYKA-1536
PO_B14_001537,Stripe India,UBER-INV-866907 PO_B14_001537,198488,3677,0,0,194811,INR,2026-08-16T11:31:00Z,BATCH-UBER-1537
PO_B14_001538,Razorpay Nodal,ZOMA-INV-463191 PO_B14_001538,437422,10668,0,0,426754,INR,2026-08-15T23:53:00Z,BATCH-ZOMA-1538
PO_B14_001539,Stripe India,NYKA-INV-874096 PO_B14_001539,42861,917,0,0,41944,INR,2026-08-16T17:48:00Z,BATCH-NYKA-1539
PO_B14_001540,Stripe India,FLPK-ORD-793785 FLPK-ORD-922968 FLPK-ORD-982129 BATCH-FLPK-1540,420727,8414,0,0,412313,INR,2026-08-16T19:17:00Z,BATCH-FLPK-1540
PO_B14_001541,PayU Enterprise,OLAA-INV-596121 PO_B14_001541,202822,3739,0,0,199083,INR,2026-08-15T22:19:00Z,BATCH-OLAA-1541
PO_B14_001542,Stripe India,UBER-ORD-792193 UBER-ORD-637284 UBER-ORD-776130 BATCH-UBER-1542,405031,8100,0,0,396931,INR,2026-08-16T04:45:00Z,BATCH-UBER-1542
PO_B14_001543,BillDesk Settlement,AMZN-ORD-654373 AMZN-ORD-662133 BATCH-AMZN-1543,293231,5864,0,0,287367,INR,2026-08-16T15:13:00Z,BATCH-AMZN-1543
PO_B14_001544,PayU Enterprise,JIOO-EXC-816154-UNRESOLVED,155481,3099,0,0,152382,INR,2026-08-17T07:44:00Z,HOLD-ESCROW
PO_B14_001545,BillDesk Settlement,OLAA-INV-646863 PO_B14_001545,161157,3803,0,0,157354,INR,2026-08-16T09:41:00Z,BATCH-OLAA-1545
PO_B14_001546,Razorpay Nodal,SWIG-INV-991473 PO_B14_001546,258470,5780,0,0,252690,INR,2026-08-16T12:32:00Z,BATCH-SWIG-1546
PO_B14_001547,BillDesk Settlement,AMZN-INV-616761 PO_B14_001547,191952,3542,0,0,188410,INR,2026-08-16T09:08:00Z,BATCH-AMZN-1547
PO_B14_001548,Cashfree Escrow,AMZN-INV-809553 PO_B14_001548,434655,7254,0,0,427401,INR,2026-08-15T20:18:00Z,BATCH-AMZN-1548
PO_B14_001549,Razorpay Nodal,TATA-INV-941453 PO_B14_001549,371796,6806,0,0,364990,INR,2026-08-16T09:09:00Z,BATCH-TATA-1549
PO_B14_001550,Cashfree Escrow,BBAS-INV-101567 PO_B14_001550,365342,8238,0,0,357104,INR,2026-08-16T15:17:00Z,BATCH-BBAS-1550
PO_B14_001551,Razorpay Nodal,TATA-ORD-144852 TATA-ORD-737450 TATA-ORD-645590 BATCH-TATA-1551,384670,7693,0,0,376977,INR,2026-08-16T14:51:00Z,BATCH-TATA-1551
PO_B14_001552,PayU Enterprise,MMTR-INV-138527 PO_B14_001552,436306,10184,0,0,426122,INR,2026-08-16T01:59:00Z,BATCH-MMTR-1552
PO_B14_001553,PayU Enterprise,ZOMA-ORD-503572 ZOMA-ORD-889562 BATCH-ZOMA-1553,345525,6910,0,0,338615,INR,2026-08-16T02:45:00Z,BATCH-ZOMA-1553
PO_B14_001554,Stripe India,BKMS-INV-774906 PO_B14_001554,240734,5851,0,0,234883,INR,2026-08-15T20:18:00Z,BATCH-BKMS-1554
PO_B14_001555,Stripe India,NYKA-EXC-531317-UNRESOLVED,262604,5242,0,0,257362,INR,2026-08-17T04:29:00Z,HOLD-ESCROW
PO_B14_001556,Stripe India,TATA-INV-212978 PO_B14_001556,152117,3404,0,0,148713,INR,2026-08-16T14:30:00Z,BATCH-TATA-1556
PO_B14_001557,PayU Enterprise,PHNP-INV-633236 PO_B14_001557,62897,1049,0,0,61848,INR,2026-08-15T19:13:00Z,BATCH-PHNP-1557
PO_B14_001558,Razorpay Nodal,BBAS-INV-369627 PO_B14_001558,185391,4414,0,0,180977,INR,2026-08-15T22:42:00Z,BATCH-BBAS-1558
PO_B14_001559,BillDesk Settlement,OLAA-INV-688536 PO_B14_001559,147307,2625,0,0,144682,INR,2026-08-16T11:11:00Z,BATCH-OLAA-1559
PO_B14_001560,Cashfree Escrow,BBAS-ORD-561344 BBAS-ORD-760346 BBAS-ORD-443402 BATCH-BBAS-1560,461695,9233,0,0,452462,INR,2026-08-15T23:41:00Z,BATCH-BBAS-1560
PO_B14_001561,Cashfree Escrow,BLNK-ORD-661086 BLNK-ORD-420249 BATCH-BLNK-1561,312446,6248,0,0,306198,INR,2026-08-16T17:52:00Z,BATCH-BLNK-1561
PO_B14_001562,Stripe India,BLNK-INV-731997 PO_B14_001562,280167,4967,0,0,275200,INR,2026-08-16T14:25:00Z,BATCH-BLNK-1562
PO_B14_001563,PayU Enterprise,SWIG-INV-565273 PO_B14_001563,71366,1625,0,0,69741,INR,2026-08-16T03:34:00Z,BATCH-SWIG-1563
PO_B14_001564,Cashfree Escrow,FLPK-ORD-589405 FLPK-ORD-119171 FLPK-ORD-567169 BATCH-FLPK-1564,534358,10687,0,0,523671,INR,2026-08-16T15:04:00Z,BATCH-FLPK-1564
PO_B14_001565,Razorpay Nodal,UBER-INV-389942 PO_B14_001565,133849,3043,0,0,130806,INR,2026-08-15T16:55:00Z,BATCH-UBER-1565
PO_B14_001566,Cashfree Escrow,NYKA-INV-617860 PO_B14_001566,267248,5124,0,0,262124,INR,2026-08-16T16:11:00Z,BATCH-NYKA-1566
PO_B14_001567,Razorpay Nodal,BLNK-ORD-348589 BLNK-ORD-259967 BATCH-BLNK-1567,237249,4744,0,0,232505,INR,2026-08-16T08:29:00Z,BATCH-BLNK-1567
PO_B14_001568,Cashfree Escrow,AMZN-INV-651056 PO_B14_001568,166272,4005,0,0,162267,INR,2026-08-16T20:18:00Z,BATCH-AMZN-1568
PO_B14_001569,PayU Enterprise,PAYT-INV-465960 PO_B14_001569,285409,6826,0,0,278583,INR,2026-08-16T08:58:00Z,BATCH-PAYT-1569
PO_B14_001570,PayU Enterprise,BLNK-ORD-354327 BLNK-ORD-105870 BATCH-BLNK-1570,424201,8484,0,0,415717,INR,2026-08-15T23:22:00Z,BATCH-BLNK-1570
PO_B14_001571,Stripe India,TATA-INV-401635 PO_B14_001571,247128,4637,0,0,242491,INR,2026-08-15T22:55:00Z,BATCH-TATA-1571
PO_B14_001572,Stripe India,SWIG-INV-592749 PO_B14_001572,443733,7656,0,0,436077,INR,2026-08-15T18:26:00Z,BATCH-SWIG-1572
PO_B14_001573,Stripe India,UBER-INV-219845 PO_B14_001573,282280,7056,0,0,275224,INR,2026-08-15T16:14:00Z,BATCH-UBER-1573
PO_B14_001574,Razorpay Nodal,ZOMA-INV-742846 PO_B14_001574,307471,7540,0,0,299931,INR,2026-08-15T19:31:00Z,BATCH-ZOMA-1574
PO_B14_001575,Razorpay Nodal,BKMS-INV-898161 PO_B14_001575,354795,6327,0,0,348468,INR,2026-08-16T12:27:00Z,BATCH-BKMS-1575
PO_B14_001576,Cashfree Escrow,OLAA-INV-966320 PO_B14_001576,421997,10460,0,0,411537,INR,2026-08-16T02:48:00Z,BATCH-OLAA-1576
PO_B14_001577,Cashfree Escrow,ZOMA-INV-929890 PO_B14_001577,180912,3065,0,0,177847,INR,2026-08-16T06:15:00Z,BATCH-ZOMA-1577
PO_B14_001578,BillDesk Settlement,JIOO-INV-754362 PO_B14_001578,347408,5469,0,0,341939,INR,2026-08-16T08:38:00Z,BATCH-JIOO-1578
PO_B14_001579,Cashfree Escrow,UBER-INV-574581 PO_B14_001579,326499,6168,0,0,320331,INR,2026-08-15T21:22:00Z,BATCH-UBER-1579
PO_B14_001580,Stripe India,FLPK-INV-477898 PO_B14_001580,70803,1721,0,0,69082,INR,2026-08-16T06:26:00Z,BATCH-FLPK-1580
PO_B14_001581,Cashfree Escrow,MMTR-INV-192736 PO_B14_001581,372458,8155,0,0,364303,INR,2026-08-16T06:18:00Z,BATCH-MMTR-1581
PO_B14_001582,PayU Enterprise,PAYT-INV-472702 PO_B14_001582,93484,2016,0,0,91468,INR,2026-08-16T12:42:00Z,BATCH-PAYT-1582
PO_B14_001583,Stripe India,TATA-INV-507785 PO_B14_001583,164865,2859,0,0,162006,INR,2026-08-16T10:45:00Z,BATCH-TATA-1583
PO_B14_001584,PayU Enterprise,SWIG-ORD-811609 SWIG-ORD-759344 BATCH-SWIG-1584,264666,5293,0,0,259373,INR,2026-08-16T17:02:00Z,BATCH-SWIG-1584
PO_B14_001585,PayU Enterprise,JIOO-ORD-839377 JIOO-ORD-656537 JIOO-ORD-588591 BATCH-JIOO-1585,183012,3660,0,0,179352,INR,2026-08-16T07:56:00Z,BATCH-JIOO-1585
PO_B14_001586,Stripe India,FLPK-INV-296961 PO_B14_001586,134047,2835,0,0,131212,INR,2026-08-16T02:54:00Z,BATCH-FLPK-1586
PO_B14_001587,Cashfree Escrow,ZOMA-ORD-292976 ZOMA-ORD-840317 BATCH-ZOMA-1587,249324,4986,0,0,244338,INR,2026-08-16T09:14:00Z,BATCH-ZOMA-1587
PO_B14_001588,BillDesk Settlement,PAYT-ORD-962374 PAYT-ORD-542865 BATCH-PAYT-1588,283626,5672,0,0,277954,INR,2026-08-16T13:47:00Z,BATCH-PAYT-1588
PO_B14_001589,BillDesk Settlement,UBER-INV-611340 PO_B14_001589,121911,1909,0,0,120002,INR,2026-08-16T09:31:00Z,BATCH-UBER-1589
PO_B14_001590,Cashfree Escrow,PHNP-ORD-104496 PHNP-ORD-170406 BATCH-PHNP-1590,284024,5680,0,0,278344,INR,2026-08-16T17:02:00Z,BATCH-PHNP-1590
PO_B14_001591,Stripe India,BBAS-INV-460825 PO_B14_001591,290737,4885,0,0,285852,INR,2026-08-16T19:43:00Z,BATCH-BBAS-1591
PO_B14_001592,PayU Enterprise,TATA-ORD-464145 TATA-ORD-574149 BATCH-TATA-1592,178931,3578,0,0,175353,INR,2026-08-15T21:21:00Z,BATCH-TATA-1592
PO_B14_001593,Razorpay Nodal,PAYT-INV-697544 PO_B14_001593,88794,1882,0,0,86912,INR,2026-08-16T14:55:00Z,BATCH-PAYT-1593
PO_B14_001594,Cashfree Escrow,BBAS-INV-336817 PO_B14_001594,55689,1271,0,0,54418,INR,2026-08-16T11:34:00Z,BATCH-BBAS-1594
PO_B14_001595,Stripe India,FLPK-ORD-176297 FLPK-ORD-947145 BATCH-FLPK-1595,344075,6881,0,0,337194,INR,2026-08-15T22:25:00Z,BATCH-FLPK-1595
PO_B14_001596,Stripe India,MMTR-INV-151586 PO_B14_001596,420957,9175,0,0,411782,INR,2026-08-16T23:00:00Z,BATCH-MMTR-1596
PO_B14_001597,Cashfree Escrow,MMTR-INV-650542 PO_B14_001597,380677,8317,0,0,372360,INR,2026-08-15T17:04:00Z,BATCH-MMTR-1597
PO_B14_001598,Razorpay Nodal,BLNK-INV-719682 PO_B14_001598,74588,1604,0,0,72984,INR,2026-08-16T12:13:00Z,BATCH-BLNK-1598
PO_B14_001599,BillDesk Settlement,TATA-INV-263547 PO_B14_001599,156889,3227,0,0,153662,INR,2026-08-15T22:57:00Z,BATCH-TATA-1599
PO_B14_001600,Cashfree Escrow,FLPK-INV-382468 PO_B14_001600,368713,7048,0,0,361665,INR,2026-08-15T19:35:00Z,BATCH-FLPK-1600
PO_B14_001601,BillDesk Settlement,MMTR-ORD-895853 MMTR-ORD-618192 BATCH-MMTR-1601,230357,4607,0,0,225750,INR,2026-08-16T17:52:00Z,BATCH-MMTR-1601
PO_B14_001602,Cashfree Escrow,MYNT-ORD-884619 MYNT-ORD-826770 MYNT-ORD-796725 BATCH-MYNT-1602,471984,9439,0,0,462545,INR,2026-08-16T01:55:00Z,BATCH-MYNT-1602
PO_B14_001603,Razorpay Nodal,OLAA-INV-243295 PO_B14_001603,68071,1171,0,0,66900,INR,2026-08-16T10:33:00Z,BATCH-OLAA-1603
PO_B14_001604,Stripe India,BLNK-INV-301957 PO_B14_001604,255385,4349,0,0,251036,INR,2026-08-16T07:31:00Z,BATCH-BLNK-1604
PO_B14_001605,PayU Enterprise,SWIG-INV-474113 PO_B14_001605,134352,3081,0,0,131271,INR,2026-08-16T14:34:00Z,BATCH-SWIG-1605
PO_B14_001606,Stripe India,PAYT-INV-659635 PO_B14_001606,348478,8563,0,0,339915,INR,2026-08-16T16:10:00Z,BATCH-PAYT-1606
PO_B14_001607,Stripe India,OLAA-INV-505662 PO_B14_001607,280394,5416,0,0,274978,INR,2026-08-16T20:32:00Z,BATCH-OLAA-1607
PO_B14_001608,Stripe India,AMZN-INV-790414 PO_B14_001608,262052,4749,0,0,257303,INR,2026-08-15T21:27:00Z,BATCH-AMZN-1608
PO_B14_001609,PayU Enterprise,MMTR-INV-740790 PO_B14_001609,41213,777,0,0,40436,INR,2026-08-16T02:28:00Z,BATCH-MMTR-1609
PO_B14_001610,Razorpay Nodal,BKMS-ORD-561536 BKMS-ORD-888788 BATCH-BKMS-1610,209258,4185,0,0,205073,INR,2026-08-16T02:29:00Z,BATCH-BKMS-1610
PO_B14_001611,Cashfree Escrow,PAYT-INV-199437 PO_B14_001611,433882,9658,0,0,424224,INR,2026-08-15T17:14:00Z,BATCH-PAYT-1611
PO_B14_001612,BillDesk Settlement,OLAA-ORD-291706 OLAA-ORD-285431 BATCH-OLAA-1612,330227,6604,0,0,323623,INR,2026-08-16T06:01:00Z,BATCH-OLAA-1612
PO_B14_001613,Cashfree Escrow,ZOMA-INV-586375 PO_B14_001613,269166,5750,0,0,263416,INR,2026-08-16T10:55:00Z,BATCH-ZOMA-1613
PO_B14_001614,PayU Enterprise,SWIG-INV-675845 PO_B14_001614,428543,10259,0,0,418284,INR,2026-08-16T11:50:00Z,BATCH-SWIG-1614
PO_B14_001615,Cashfree Escrow,FLPK-INV-245588 PO_B14_001615,221030,3957,0,0,217073,INR,2026-08-16T08:16:00Z,BATCH-FLPK-1615
PO_B14_001616,PayU Enterprise,BKMS-ORD-608283 BKMS-ORD-375027 BATCH-BKMS-1616,159592,3191,0,0,156401,INR,2026-08-16T17:49:00Z,BATCH-BKMS-1616
PO_B14_001617,BillDesk Settlement,BKMS-INV-347871 PO_B14_001617,430842,8646,0,0,422196,INR,2026-08-15T16:53:00Z,BATCH-BKMS-1617
PO_B14_001618,PayU Enterprise,BBAS-ORD-346419 BBAS-ORD-660355 BATCH-BBAS-1618,209251,4185,0,0,205066,INR,2026-08-16T19:01:00Z,BATCH-BBAS-1618
PO_B14_001619,BillDesk Settlement,JIOO-INV-733153 PO_B14_001619,115922,2297,0,0,113625,INR,2026-08-16T03:52:00Z,BATCH-JIOO-1619
PO_B14_001620,Cashfree Escrow,TATA-INV-100992 PO_B14_001620,442657,10569,0,0,432088,INR,2026-08-16T19:34:00Z,BATCH-TATA-1620
PO_B14_001621,Razorpay Nodal,MYNT-INV-284564 PO_B14_001621,422528,9406,0,0,413122,INR,2026-08-16T04:50:00Z,BATCH-MYNT-1621
PO_B14_001622,PayU Enterprise,TATA-INV-350856 PO_B14_001622,358890,5827,0,0,353063,INR,2026-08-16T02:48:00Z,BATCH-TATA-1622
PO_B14_001623,Razorpay Nodal,OLAA-ORD-897629 OLAA-ORD-807975 OLAA-ORD-999125 BATCH-OLAA-1623,278522,5570,0,0,272952,INR,2026-08-16T18:57:00Z,BATCH-OLAA-1623
PO_B14_001624,Razorpay Nodal,AMZN-INV-924093 PO_B14_001624,423132,9580,0,0,413552,INR,2026-08-16T01:34:00Z,BATCH-AMZN-1624
PO_B14_001625,Cashfree Escrow,NYKA-INV-246178 PO_B14_001625,348976,5660,0,0,343316,INR,2026-08-15T21:34:00Z,BATCH-NYKA-1625
PO_B14_001626,BillDesk Settlement,PAYT-INV-701466 PO_B14_001626,213611,4613,0,0,208998,INR,2026-08-16T13:28:00Z,BATCH-PAYT-1626
PO_B14_001627,Cashfree Escrow,BKMS-INV-172478 PO_B14_001627,233329,5629,0,0,227700,INR,2026-08-16T14:18:00Z,BATCH-BKMS-1627
PO_B14_001628,PayU Enterprise,BLNK-INV-669157 PO_B14_001628,238348,5256,0,0,233092,INR,2026-08-16T01:33:00Z,BATCH-BLNK-1628
PO_B14_001629,Razorpay Nodal,OLAA-INV-298643 PO_B14_001629,71316,1389,0,0,69927,INR,2026-08-15T19:11:00Z,BATCH-OLAA-1629
PO_B14_001630,Cashfree Escrow,ZOMA-ORD-218780 ZOMA-ORD-287852 BATCH-ZOMA-1630,375728,7514,0,0,368214,INR,2026-08-16T14:37:00Z,BATCH-ZOMA-1630
PO_B14_001631,Razorpay Nodal,OLAA-INV-518535 PO_B14_001631,99123,1865,0,0,97258,INR,2026-08-16T18:28:00Z,BATCH-OLAA-1631
PO_B14_001632,Stripe India,BKMS-INV-102674 PO_B14_001632,66554,1456,0,0,65098,INR,2026-08-16T04:47:00Z,BATCH-BKMS-1632
PO_B14_001633,Razorpay Nodal,BLNK-INV-596638 PO_B14_001633,393244,9049,0,0,384195,INR,2026-08-16T15:56:00Z,BATCH-BLNK-1633
PO_B14_001634,PayU Enterprise,MMTR-INV-662032 PO_B14_001634,309752,5123,0,0,304629,INR,2026-08-16T00:43:00Z,BATCH-MMTR-1634
PO_B14_001635,BillDesk Settlement,MYNT-INV-835852 PO_B14_001635,158947,3252,0,0,155695,INR,2026-08-16T06:56:00Z,BATCH-MYNT-1635
PO_B14_001636,BillDesk Settlement,SWIG-INV-950738 PO_B14_001636,38843,582,0,0,38261,INR,2026-08-16T17:46:00Z,BATCH-SWIG-1636
PO_B14_001637,Stripe India,ZOMA-INV-156283 PO_B14_001637,391733,7273,0,0,384460,INR,2026-08-16T02:12:00Z,BATCH-ZOMA-1637
PO_B14_001638,Razorpay Nodal,FLPK-ORD-652520 FLPK-ORD-918340 FLPK-ORD-616729 BATCH-FLPK-1638,422140,8442,0,0,413698,INR,2026-08-16T10:21:00Z,BATCH-FLPK-1638
PO_B14_001639,Cashfree Escrow,OLAA-ORD-394496 OLAA-ORD-970248 BATCH-OLAA-1639,238732,4774,0,0,233958,INR,2026-08-16T20:01:00Z,BATCH-OLAA-1639
PO_B14_001640,Razorpay Nodal,TATA-EXC-114991-UNRESOLVED,191159,3813,0,0,187346,INR,2026-08-16T15:06:00Z,HOLD-ESCROW
PO_B14_001641,BillDesk Settlement,BBAS-INV-891542 PO_B14_001641,273937,4206,0,0,269731,INR,2026-08-16T14:09:00Z,BATCH-BBAS-1641
PO_B14_001642,Cashfree Escrow,BBAS-ORD-218180 BBAS-ORD-203247 BBAS-ORD-421597 BATCH-BBAS-1642,463239,9264,0,0,453975,INR,2026-08-16T15:38:00Z,BATCH-BBAS-1642
PO_B14_001643,PayU Enterprise,NYKA-INV-419606 PO_B14_001643,58489,988,0,0,57501,INR,2026-08-16T18:54:00Z,BATCH-NYKA-1643
PO_B14_001644,BillDesk Settlement,UBER-INV-505843 PO_B14_001644,134612,2591,0,0,132021,INR,2026-08-16T06:18:00Z,BATCH-UBER-1644
PO_B14_001645,Cashfree Escrow,BLNK-EXC-537531-UNRESOLVED,64784,1285,0,0,63499,INR,2026-08-16T20:59:00Z,HOLD-ESCROW
PO_B14_001646,Stripe India,TATA-INV-427492 PO_B14_001646,170780,4072,0,0,166708,INR,2026-08-16T19:38:00Z,BATCH-TATA-1646
PO_B14_001647,PayU Enterprise,NYKA-INV-295313 PO_B14_001647,293957,5056,0,0,288901,INR,2026-08-16T15:02:00Z,BATCH-NYKA-1647
PO_B14_001648,Stripe India,FLPK-INV-336410 PO_B14_001648,273792,4791,0,0,269001,INR,2026-08-16T11:54:00Z,BATCH-FLPK-1648
PO_B14_001649,BillDesk Settlement,NYKA-ORD-741266 NYKA-ORD-901735 NYKA-ORD-347002 BATCH-NYKA-1649,446289,8925,0,0,437364,INR,2026-08-16T13:33:00Z,BATCH-NYKA-1649
PO_B14_001650,Razorpay Nodal,AMZN-INV-753706 PO_B14_001650,346221,5347,0,0,340874,INR,2026-08-16T02:58:00Z,BATCH-AMZN-1650
PO_B14_001651,PayU Enterprise,TATA-ORD-325706 TATA-ORD-348278 TATA-ORD-947675 BATCH-TATA-1651,482299,9645,0,0,472654,INR,2026-08-16T10:24:00Z,BATCH-TATA-1651
PO_B14_001652,Cashfree Escrow,ZOMA-INV-122140 PO_B14_001652,131350,3202,0,0,128148,INR,2026-08-15T22:18:00Z,BATCH-ZOMA-1652
PO_B14_001653,BillDesk Settlement,OLAA-ORD-304025 OLAA-ORD-426061 BATCH-OLAA-1653,314531,6290,0,0,308241,INR,2026-08-16T13:08:00Z,BATCH-OLAA-1653
PO_B14_001654,Razorpay Nodal,UBER-INV-575747 PO_B14_001654,280409,6474,0,0,273935,INR,2026-08-16T06:12:00Z,BATCH-UBER-1654
PO_B14_001655,PayU Enterprise,NYKA-INV-230183 PO_B14_001655,40363,905,0,0,39458,INR,2026-08-16T17:31:00Z,BATCH-NYKA-1655
PO_B14_001656,Cashfree Escrow,AMZN-INV-957815 PO_B14_001656,46064,707,0,0,45357,INR,2026-08-16T14:02:00Z,BATCH-AMZN-1656
PO_B14_001657,PayU Enterprise,TATA-INV-732292 PO_B14_001657,381509,9307,0,0,372202,INR,2026-08-16T19:18:00Z,BATCH-TATA-1657
PO_B14_001658,BillDesk Settlement,BKMS-INV-964877 PO_B14_001658,133405,3002,0,0,130403,INR,2026-08-16T13:14:00Z,BATCH-BKMS-1658
PO_B14_001659,BillDesk Settlement,ZOMA-INV-879518 PO_B14_001659,346742,7849,0,0,338893,INR,2026-08-16T08:31:00Z,BATCH-ZOMA-1659
PO_B14_001660,Stripe India,MYNT-ORD-986810 MYNT-ORD-338707 BATCH-MYNT-1660,326145,6522,0,0,319623,INR,2026-08-16T13:41:00Z,BATCH-MYNT-1660
PO_B14_001661,BillDesk Settlement,TATA-INV-535941 PO_B14_001661,66700,1126,0,0,65574,INR,2026-08-16T22:37:00Z,BATCH-TATA-1661
PO_B14_001662,PayU Enterprise,OLAA-INV-761728 PO_B14_001662,316356,6595,0,0,309761,INR,2026-08-16T13:04:00Z,BATCH-OLAA-1662
PO_B14_001663,Cashfree Escrow,MMTR-ORD-839427 MMTR-ORD-409572 MMTR-ORD-613982 BATCH-MMTR-1663,701293,14025,0,0,687268,INR,2026-08-16T20:59:00Z,BATCH-MMTR-1663
PO_B14_001664,Cashfree Escrow,MMTR-INV-280064 PO_B14_001664,162270,3045,0,0,159225,INR,2026-08-16T04:10:00Z,BATCH-MMTR-1664
PO_B14_001665,BillDesk Settlement,UBER-INV-808630 PO_B14_001665,164980,3679,0,0,161301,INR,2026-08-16T01:44:00Z,BATCH-UBER-1665
PO_B14_001666,PayU Enterprise,TATA-EXC-341645-UNRESOLVED,241192,4813,0,0,236379,INR,2026-08-17T08:37:00Z,HOLD-ESCROW
PO_B14_001667,Cashfree Escrow,BBAS-INV-340522 PO_B14_001667,442597,11045,0,0,431552,INR,2026-08-16T13:57:00Z,BATCH-BBAS-1667
PO_B14_001668,PayU Enterprise,PAYT-INV-211734 PO_B14_001668,326431,7125,0,0,319306,INR,2026-08-15T20:03:00Z,BATCH-PAYT-1668
PO_B14_001669,Stripe India,PAYT-INV-965774 PO_B14_001669,352984,8171,0,0,344813,INR,2026-08-16T04:00:00Z,BATCH-PAYT-1669
PO_B14_001670,Stripe India,MMTR-INV-634603 PO_B14_001670,162241,3927,0,0,158314,INR,2026-08-16T22:58:00Z,BATCH-MMTR-1670
PO_B14_001671,Razorpay Nodal,AMZN-INV-431705 PO_B14_001671,399478,7142,0,0,392336,INR,2026-08-16T07:46:00Z,BATCH-AMZN-1671
PO_B14_001672,Razorpay Nodal,FLPK-ORD-711371 FLPK-ORD-644763 BATCH-FLPK-1672,247890,4957,0,0,242933,INR,2026-08-15T23:09:00Z,BATCH-FLPK-1672
PO_B14_001673,Stripe India,SWIG-INV-599790 PO_B14_001673,125524,2667,0,0,122857,INR,2026-08-16T21:00:00Z,BATCH-SWIG-1673
PO_B14_001674,Cashfree Escrow,BLNK-ORD-637201 BLNK-ORD-799682 BLNK-ORD-820175 BATCH-BLNK-1674,557401,11148,0,0,546253,INR,2026-08-16T13:38:00Z,BATCH-BLNK-1674
PO_B14_001675,BillDesk Settlement,BLNK-INV-950707 PO_B14_001675,403680,7984,0,0,395696,INR,2026-08-16T05:30:00Z,BATCH-BLNK-1675
PO_B14_001676,Stripe India,UBER-INV-810024 PO_B14_001676,135570,2483,0,0,133087,INR,2026-08-15T21:26:00Z,BATCH-UBER-1676
PO_B14_001677,BillDesk Settlement,UBER-INV-877106 PO_B14_001677,276498,4942,0,0,271556,INR,2026-08-16T10:33:00Z,BATCH-UBER-1677
PO_B14_001678,BillDesk Settlement,BKMS-INV-219636 PO_B14_001678,91422,1421,0,0,90001,INR,2026-08-15T19:42:00Z,BATCH-BKMS-1678
PO_B14_001679,PayU Enterprise,PHNP-INV-611215 PO_B14_001679,316831,7502,0,0,309329,INR,2026-08-16T01:26:00Z,BATCH-PHNP-1679
PO_B14_001680,Cashfree Escrow,OLAA-INV-150607 PO_B14_001680,149080,3215,0,0,145865,INR,2026-08-16T20:35:00Z,BATCH-OLAA-1680
PO_B14_001681,BillDesk Settlement,ZOMA-INV-841588 PO_B14_001681,226747,3980,0,0,222767,INR,2026-08-16T03:54:00Z,BATCH-ZOMA-1681
PO_B14_001682,Stripe India,FLPK-EXC-387765-UNRESOLVED,222318,4436,0,0,217882,INR,2026-08-17T08:07:00Z,HOLD-ESCROW
PO_B14_001683,Stripe India,PAYT-INV-781241 PO_B14_001683,87640,2146,0,0,85494,INR,2026-08-16T04:30:00Z,BATCH-PAYT-1683
PO_B14_001684,Razorpay Nodal,PAYT-INV-793179 PO_B14_001684,256298,5568,0,0,250730,INR,2026-08-15T19:11:00Z,BATCH-PAYT-1684
PO_B14_001685,BillDesk Settlement,SWIG-INV-992597 PO_B14_001685,440220,6690,0,0,433530,INR,2026-08-16T04:18:00Z,BATCH-SWIG-1685
PO_B14_001686,PayU Enterprise,BLNK-ORD-304422 BLNK-ORD-912378 BLNK-ORD-240484 BATCH-BLNK-1686,379148,7582,0,0,371566,INR,2026-08-16T03:39:00Z,BATCH-BLNK-1686
PO_B14_001687,PayU Enterprise,MYNT-INV-574161 PO_B14_001687,120928,2644,0,0,118284,INR,2026-08-16T06:43:00Z,BATCH-MYNT-1687
PO_B14_001688,BillDesk Settlement,BLNK-INV-625913 PO_B14_001688,93124,1688,0,0,91436,INR,2026-08-16T23:48:00Z,BATCH-BLNK-1688
PO_B14_001689,PayU Enterprise,PHNP-INV-940292 PO_B14_001689,411403,7030,0,0,404373,INR,2026-08-16T06:20:00Z,BATCH-PHNP-1689
PO_B14_001690,Stripe India,PAYT-INV-717671 PO_B14_001690,359117,7735,0,0,351382,INR,2026-08-16T05:17:00Z,BATCH-PAYT-1690
PO_B14_001691,Cashfree Escrow,ZOMA-ORD-765808 ZOMA-ORD-427581 ZOMA-ORD-480116 BATCH-ZOMA-1691,291647,5832,0,0,285815,INR,2026-08-16T13:55:00Z,BATCH-ZOMA-1691
PO_B14_001692,Razorpay Nodal,PHNP-ORD-715623 PHNP-ORD-163203 PHNP-ORD-226340 BATCH-PHNP-1692,421607,8432,0,0,413175,INR,2026-08-16T08:41:00Z,BATCH-PHNP-1692
PO_B14_001693,Razorpay Nodal,JIOO-INV-960621 PO_B14_001693,176190,3291,0,0,172899,INR,2026-08-16T01:11:00Z,BATCH-JIOO-1693
PO_B14_001694,Cashfree Escrow,TATA-INV-314138 PO_B14_001694,198622,4740,0,0,193882,INR,2026-08-16T14:42:00Z,BATCH-TATA-1694
PO_B14_001695,Stripe India,NYKA-INV-317746 PO_B14_001695,251199,6262,0,0,244937,INR,2026-08-15T17:59:00Z,BATCH-NYKA-1695
PO_B14_001696,Cashfree Escrow,PAYT-INV-508471 PO_B14_001696,282094,4392,0,0,277702,INR,2026-08-16T05:57:00Z,BATCH-PAYT-1696
PO_B14_001697,BillDesk Settlement,UBER-INV-537966 PO_B14_001697,112445,1937,0,0,110508,INR,2026-08-16T13:08:00Z,BATCH-UBER-1697
PO_B14_001698,PayU Enterprise,OLAA-INV-317346 PO_B14_001698,347777,5260,0,0,342517,INR,2026-08-16T06:04:00Z,BATCH-OLAA-1698
PO_B14_001699,Razorpay Nodal,UBER-INV-335569 PO_B14_001699,65554,1455,0,0,64099,INR,2026-08-16T05:30:00Z,BATCH-UBER-1699
PO_B14_001700,Razorpay Nodal,FLPK-EXC-859202-UNRESOLVED,171701,3424,0,0,168277,INR,2026-08-16T17:21:00Z,HOLD-ESCROW
PO_B14_001701,Cashfree Escrow,SWIG-INV-773598 PO_B14_001701,171170,2783,0,0,168387,INR,2026-08-15T21:49:00Z,BATCH-SWIG-1701
PO_B14_001702,PayU Enterprise,BBAS-INV-571000 PO_B14_001702,91706,1686,0,0,90020,INR,2026-08-15T18:10:00Z,BATCH-BBAS-1702
PO_B14_001703,Cashfree Escrow,PHNP-INV-292214 PO_B14_001703,243514,5914,0,0,237600,INR,2026-08-16T15:42:00Z,BATCH-PHNP-1703
PO_B14_001704,BillDesk Settlement,FLPK-INV-199854 PO_B14_001704,443625,7572,0,0,436053,INR,2026-08-16T12:16:00Z,BATCH-FLPK-1704
PO_B14_001705,Stripe India,TATA-INV-119712 PO_B14_001705,320408,5764,0,0,314644,INR,2026-08-16T06:11:00Z,BATCH-TATA-1705
PO_B14_001706,PayU Enterprise,BLNK-INV-362458 PO_B14_001706,348070,7052,0,0,341018,INR,2026-08-16T07:38:00Z,BATCH-BLNK-1706
PO_B14_001707,Stripe India,UBER-INV-331137 PO_B14_001707,287704,5690,0,0,282014,INR,2026-08-16T07:05:00Z,BATCH-UBER-1707
PO_B14_001708,Razorpay Nodal,MMTR-INV-307878 PO_B14_001708,198168,3737,0,0,194431,INR,2026-08-16T11:13:00Z,BATCH-MMTR-1708
PO_B14_001709,Cashfree Escrow,FLPK-INV-788752 PO_B14_001709,435714,6587,0,0,429127,INR,2026-08-16T14:30:00Z,BATCH-FLPK-1709
PO_B14_001710,Cashfree Escrow,ZOMA-INV-392607 PO_B14_001710,336516,6273,0,0,330243,INR,2026-08-16T08:22:00Z,BATCH-ZOMA-1710
PO_B14_001711,Razorpay Nodal,UBER-INV-724902 PO_B14_001711,240830,5072,0,0,235758,INR,2026-08-16T05:55:00Z,BATCH-UBER-1711
PO_B14_001712,BillDesk Settlement,MMTR-INV-955737 PO_B14_001712,446193,7163,0,0,439030,INR,2026-08-16T13:36:00Z,BATCH-MMTR-1712
PO_B14_001713,Razorpay Nodal,SWIG-INV-814821 PO_B14_001713,110846,1743,0,0,109103,INR,2026-08-16T10:25:00Z,BATCH-SWIG-1713
PO_B14_001714,Cashfree Escrow,MMTR-ORD-619614 MMTR-ORD-450162 BATCH-MMTR-1714,95266,1905,0,0,93361,INR,2026-08-16T12:57:00Z,BATCH-MMTR-1714
PO_B14_001715,Razorpay Nodal,BKMS-INV-994855 PO_B14_001715,95695,1707,0,0,93988,INR,2026-08-16T10:14:00Z,BATCH-BKMS-1715
PO_B14_001716,Cashfree Escrow,TATA-ORD-527872 TATA-ORD-860739 TATA-ORD-767678 BATCH-TATA-1716,527014,10540,0,0,516474,INR,2026-08-16T14:47:00Z,BATCH-TATA-1716
PO_B14_001717,Cashfree Escrow,AMZN-INV-441224 PO_B14_001717,277422,6612,0,0,270810,INR,2026-08-16T13:00:00Z,BATCH-AMZN-1717
PO_B14_001718,BillDesk Settlement,PHNP-ORD-544060 PHNP-ORD-940657 PHNP-ORD-443415 BATCH-PHNP-1718,471793,9435,0,0,462358,INR,2026-08-16T13:01:00Z,BATCH-PHNP-1718
PO_B14_001719,BillDesk Settlement,PHNP-INV-519207 PO_B14_001719,128841,3123,0,0,125718,INR,2026-08-16T18:13:00Z,BATCH-PHNP-1719
PO_B14_001720,Cashfree Escrow,JIOO-INV-926447 PO_B14_001720,170858,3281,0,0,167577,INR,2026-08-16T12:45:00Z,BATCH-JIOO-1720
PO_B14_001721,PayU Enterprise,NYKA-INV-312914 PO_B14_001721,432999,9864,0,0,423135,INR,2026-08-16T02:44:00Z,BATCH-NYKA-1721
PO_B14_001722,BillDesk Settlement,SWIG-INV-449560 PO_B14_001722,325441,4889,0,0,320552,INR,2026-08-16T03:40:00Z,BATCH-SWIG-1722
PO_B14_001723,BillDesk Settlement,SWIG-INV-558124 PO_B14_001723,146940,2433,0,0,144507,INR,2026-08-16T14:28:00Z,BATCH-SWIG-1723
PO_B14_001724,Stripe India,UBER-ORD-200575 UBER-ORD-850875 UBER-ORD-478551 BATCH-UBER-1724,363574,7271,0,0,356303,INR,2026-08-16T07:27:00Z,BATCH-UBER-1724
PO_B14_001725,Cashfree Escrow,FLPK-EXC-786712-UNRESOLVED,210756,4205,0,0,206551,INR,2026-08-16T20:55:00Z,HOLD-ESCROW
PO_B14_001726,Stripe India,PAYT-INV-215323 PO_B14_001726,174251,4240,0,0,170011,INR,2026-08-16T13:16:00Z,BATCH-PAYT-1726
PO_B14_001727,PayU Enterprise,MMTR-ORD-865050 MMTR-ORD-819539 MMTR-ORD-503915 BATCH-MMTR-1727,524389,10487,0,0,513902,INR,2026-08-16T10:14:00Z,BATCH-MMTR-1727
PO_B14_001728,Razorpay Nodal,AMZN-INV-124042 PO_B14_001728,175856,3101,0,0,172755,INR,2026-08-16T21:50:00Z,BATCH-AMZN-1728
PO_B14_001729,Cashfree Escrow,PHNP-INV-889893 PO_B14_001729,349542,8567,0,0,340975,INR,2026-08-16T16:37:00Z,BATCH-PHNP-1729
PO_B14_001730,PayU Enterprise,FLPK-ORD-230158 FLPK-ORD-861282 FLPK-ORD-428517 BATCH-FLPK-1730,375438,7508,0,0,367930,INR,2026-08-16T10:36:00Z,BATCH-FLPK-1730
PO_B14_001731,BillDesk Settlement,MYNT-INV-830376 PO_B14_001731,232021,5566,0,0,226455,INR,2026-08-16T06:29:00Z,BATCH-MYNT-1731
PO_B14_001732,Stripe India,UBER-INV-148290 PO_B14_001732,218773,3618,0,0,215155,INR,2026-08-15T16:12:00Z,BATCH-UBER-1732
PO_B14_001733,Stripe India,UBER-ORD-817879 UBER-ORD-510005 BATCH-UBER-1733,350556,7011,0,0,343545,INR,2026-08-16T14:31:00Z,BATCH-UBER-1733
PO_B14_001734,Stripe India,BLNK-INV-533911 PO_B14_001734,404771,9558,0,0,395213,INR,2026-08-15T16:32:00Z,BATCH-BLNK-1734
PO_B14_001735,BillDesk Settlement,TATA-INV-308522 PO_B14_001735,358977,8667,0,0,350310,INR,2026-08-16T03:42:00Z,BATCH-TATA-1735
PO_B14_001736,BillDesk Settlement,SWIG-INV-231123 PO_B14_001736,330047,5283,0,0,324764,INR,2026-08-16T16:27:00Z,BATCH-SWIG-1736
PO_B14_001737,Cashfree Escrow,FLPK-ORD-718879 FLPK-ORD-241766 FLPK-ORD-199810 BATCH-FLPK-1737,233888,4677,0,0,229211,INR,2026-08-15T22:32:00Z,BATCH-FLPK-1737
PO_B14_001738,PayU Enterprise,OLAA-INV-575876 PO_B14_001738,129677,3113,0,0,126564,INR,2026-08-16T03:42:00Z,BATCH-OLAA-1738
PO_B14_001739,Stripe India,UBER-INV-612297 PO_B14_001739,225912,3989,0,0,221923,INR,2026-08-16T18:12:00Z,BATCH-UBER-1739
PO_B14_001740,BillDesk Settlement,NYKA-ORD-932560 NYKA-ORD-529404 NYKA-ORD-268418 BATCH-NYKA-1740,571908,11438,0,0,560470,INR,2026-08-15T23:33:00Z,BATCH-NYKA-1740
PO_B14_001741,PayU Enterprise,PAYT-INV-450552 PO_B14_001741,436504,9332,0,0,427172,INR,2026-08-16T10:28:00Z,BATCH-PAYT-1741
PO_B14_001742,BillDesk Settlement,BLNK-ORD-762008 BLNK-ORD-307367 BLNK-ORD-697077 BATCH-BLNK-1742,470632,9412,0,0,461220,INR,2026-08-15T23:37:00Z,BATCH-BLNK-1742
PO_B14_001743,Stripe India,UBER-INV-585694 PO_B14_001743,251899,5564,0,0,246335,INR,2026-08-15T15:08:00Z,BATCH-UBER-1743
PO_B14_001744,Stripe India,ZOMA-ORD-878711 ZOMA-ORD-116564 ZOMA-ORD-938541 BATCH-ZOMA-1744,402082,8041,0,0,394041,INR,2026-08-16T10:07:00Z,BATCH-ZOMA-1744
PO_B14_001745,BillDesk Settlement,FLPK-INV-587644 PO_B14_001745,148783,3615,0,0,145168,INR,2026-08-16T11:05:00Z,BATCH-FLPK-1745
PO_B14_001746,Stripe India,FLPK-INV-173656 PO_B14_001746,289837,6639,0,0,283198,INR,2026-08-16T20:58:00Z,BATCH-FLPK-1746
PO_B14_001747,Razorpay Nodal,PHNP-INV-831450 PO_B14_001747,304185,6597,0,0,297588,INR,2026-08-15T21:14:00Z,BATCH-PHNP-1747
PO_B14_001748,PayU Enterprise,PAYT-INV-688247 PO_B14_001748,188190,3231,0,0,184959,INR,2026-08-16T18:10:00Z,BATCH-PAYT-1748
PO_B14_001749,Razorpay Nodal,OLAA-INV-650063 PO_B14_001749,317703,5452,0,0,312251,INR,2026-08-15T17:35:00Z,BATCH-OLAA-1749
PO_B14_001750,Stripe India,SWIG-INV-685410 PO_B14_001750,280133,6002,0,0,274131,INR,2026-08-16T02:13:00Z,BATCH-SWIG-1750
PO_B14_001751,Razorpay Nodal,BBAS-INV-963853 PO_B14_001751,37177,582,0,0,36595,INR,2026-08-16T09:01:00Z,BATCH-BBAS-1751
PO_B14_001752,Razorpay Nodal,UBER-INV-813290 PO_B14_001752,78343,1821,0,0,76522,INR,2026-08-16T08:29:00Z,BATCH-UBER-1752
PO_B14_001753,Stripe India,MYNT-INV-464260 PO_B14_001753,116536,1896,0,0,114640,INR,2026-08-16T14:39:00Z,BATCH-MYNT-1753
PO_B14_001754,Cashfree Escrow,JIOO-INV-280859 PO_B14_001754,286314,6657,0,0,279657,INR,2026-08-16T10:19:00Z,BATCH-JIOO-1754
PO_B14_001755,Cashfree Escrow,BKMS-INV-699589 PO_B14_001755,314252,6532,0,0,307720,INR,2026-08-16T12:25:00Z,BATCH-BKMS-1755
PO_B14_001756,PayU Enterprise,NYKA-INV-674116 PO_B14_001756,219453,4315,0,0,215138,INR,2026-08-17T00:01:00Z,BATCH-NYKA-1756
PO_B14_001757,Stripe India,BKMS-ORD-303535 BKMS-ORD-574354 BKMS-ORD-313751 BATCH-BKMS-1757,363570,7271,0,0,356299,INR,2026-08-16T16:14:00Z,BATCH-BKMS-1757
PO_B14_001758,Stripe India,BLNK-INV-836264 PO_B14_001758,332172,7133,0,0,325039,INR,2026-08-15T15:43:00Z,BATCH-BLNK-1758
PO_B14_001759,Stripe India,ZOMA-ORD-509501 ZOMA-ORD-409570 ZOMA-ORD-840119 BATCH-ZOMA-1759,529978,10599,0,0,519379,INR,2026-08-15T21:46:00Z,BATCH-ZOMA-1759
PO_B14_001760,BillDesk Settlement,MYNT-INV-756075 PO_B14_001760,367588,7528,0,0,360060,INR,2026-08-16T13:47:00Z,BATCH-MYNT-1760
PO_B14_001761,Stripe India,FLPK-INV-907306 PO_B14_001761,428641,9315,0,0,419326,INR,2026-08-15T22:02:00Z,BATCH-FLPK-1761
PO_B14_001762,Stripe India,BBAS-ORD-278024 BBAS-ORD-760131 BBAS-ORD-849920 BATCH-BBAS-1762,342684,6853,0,0,335831,INR,2026-08-16T04:57:00Z,BATCH-BBAS-1762
PO_B14_001763,BillDesk Settlement,SWIG-INV-190186 PO_B14_001763,132423,3176,0,0,129247,INR,2026-08-16T14:23:00Z,BATCH-SWIG-1763
PO_B14_001764,BillDesk Settlement,BLNK-ORD-654316 BLNK-ORD-150940 BLNK-ORD-659681 BATCH-BLNK-1764,697256,13945,0,0,683311,INR,2026-08-16T04:52:00Z,BATCH-BLNK-1764
PO_B14_001765,Cashfree Escrow,ZOMA-INV-279607 PO_B14_001765,198788,4146,0,0,194642,INR,2026-08-16T08:03:00Z,BATCH-ZOMA-1765
PO_B14_001766,BillDesk Settlement,BLNK-INV-935846 PO_B14_001766,78498,1325,0,0,77173,INR,2026-08-16T20:08:00Z,BATCH-BLNK-1766
PO_B14_001767,Razorpay Nodal,TATA-INV-749069 PO_B14_001767,440445,8104,0,0,432341,INR,2026-08-16T04:33:00Z,BATCH-TATA-1767
PO_B14_001768,Stripe India,MMTR-INV-524146 PO_B14_001768,266270,5519,0,0,260751,INR,2026-08-15T18:59:00Z,BATCH-MMTR-1768
PO_B14_001769,Stripe India,NYKA-INV-417347 PO_B14_001769,219298,4196,0,0,215102,INR,2026-08-16T10:17:00Z,BATCH-NYKA-1769
PO_B14_001770,Razorpay Nodal,ZOMA-INV-851137 PO_B14_001770,54862,1325,0,0,53537,INR,2026-08-15T23:38:00Z,BATCH-ZOMA-1770
PO_B14_001771,Stripe India,ZOMA-INV-595625 PO_B14_001771,384067,7611,0,0,376456,INR,2026-08-15T14:05:00Z,BATCH-ZOMA-1771
PO_B14_001772,Stripe India,NYKA-INV-510838 PO_B14_001772,236003,5623,0,0,230380,INR,2026-08-16T13:50:00Z,BATCH-NYKA-1772
PO_B14_001773,Cashfree Escrow,OLAA-INV-124045 PO_B14_001773,306940,7343,0,0,299597,INR,2026-08-16T18:38:00Z,BATCH-OLAA-1773
PO_B14_001774,Cashfree Escrow,JIOO-INV-720540 PO_B14_001774,317045,6620,0,0,310425,INR,2026-08-16T10:09:00Z,BATCH-JIOO-1774
PO_B14_001775,BillDesk Settlement,JIOO-ORD-466857 JIOO-ORD-291949 BATCH-JIOO-1775,175349,3506,0,0,171843,INR,2026-08-16T09:24:00Z,BATCH-JIOO-1775
PO_B14_001776,BillDesk Settlement,SWIG-INV-525028 PO_B14_001776,363718,6416,0,0,357302,INR,2026-08-16T15:15:00Z,BATCH-SWIG-1776
PO_B14_001777,BillDesk Settlement,MMTR-ORD-612691 MMTR-ORD-863163 BATCH-MMTR-1777,261301,5226,0,0,256075,INR,2026-08-16T09:04:00Z,BATCH-MMTR-1777
PO_B14_001778,PayU Enterprise,TATA-ORD-913751 TATA-ORD-473411 BATCH-TATA-1778,239577,4791,0,0,234786,INR,2026-08-16T13:02:00Z,BATCH-TATA-1778
PO_B14_001779,BillDesk Settlement,OLAA-INV-649777 PO_B14_001779,140607,3054,0,0,137553,INR,2026-08-16T05:38:00Z,BATCH-OLAA-1779
PO_B14_001780,Stripe India,TATA-INV-188312 PO_B14_001780,126376,3016,0,0,123360,INR,2026-08-16T14:53:00Z,BATCH-TATA-1780
PO_B14_001781,BillDesk Settlement,BLNK-INV-465410 PO_B14_001781,226902,4358,0,0,222544,INR,2026-08-17T00:58:00Z,BATCH-BLNK-1781
PO_B14_001782,Stripe India,TATA-ORD-348306 TATA-ORD-626383 BATCH-TATA-1782,187194,3743,0,0,183451,INR,2026-08-16T08:57:00Z,BATCH-TATA-1782
PO_B14_001783,Cashfree Escrow,OLAA-ORD-121192 OLAA-ORD-412498 BATCH-OLAA-1783,134940,2698,0,0,132242,INR,2026-08-16T11:21:00Z,BATCH-OLAA-1783
PO_B14_001784,PayU Enterprise,BLNK-INV-539735 PO_B14_001784,255102,6136,0,0,248966,INR,2026-08-15T17:15:00Z,BATCH-BLNK-1784
PO_B14_001785,BillDesk Settlement,TATA-INV-547297 PO_B14_001785,117636,2861,0,0,114775,INR,2026-08-16T13:37:00Z,BATCH-TATA-1785
PO_B14_001786,Stripe India,OLAA-INV-956919 PO_B14_001786,164224,3995,0,0,160229,INR,2026-08-15T22:36:00Z,BATCH-OLAA-1786
PO_B14_001787,Razorpay Nodal,MYNT-EXC-144021-UNRESOLVED,149351,2977,0,0,146374,INR,2026-08-17T04:42:00Z,HOLD-ESCROW
PO_B14_001788,BillDesk Settlement,OLAA-INV-564126 PO_B14_001788,310073,7604,0,0,302469,INR,2026-08-16T01:44:00Z,BATCH-OLAA-1788
PO_B14_001789,Razorpay Nodal,MMTR-INV-163649 PO_B14_001789,109861,2263,0,0,107598,INR,2026-08-16T04:39:00Z,BATCH-MMTR-1789
PO_B14_001790,BillDesk Settlement,PAYT-INV-546076 PO_B14_001790,128435,2848,0,0,125587,INR,2026-08-16T03:40:00Z,BATCH-PAYT-1790
PO_B14_001791,Razorpay Nodal,MYNT-INV-285528 PO_B14_001791,51606,918,0,0,50688,INR,2026-08-16T06:39:00Z,BATCH-MYNT-1791
PO_B14_001792,BillDesk Settlement,ZOMA-INV-902767 PO_B14_001792,288847,5959,0,0,282888,INR,2026-08-16T17:12:00Z,BATCH-ZOMA-1792
PO_B14_001793,BillDesk Settlement,MYNT-INV-179586 PO_B14_001793,361226,5916,0,0,355310,INR,2026-08-16T16:40:00Z,BATCH-MYNT-1793
PO_B14_001794,Stripe India,UBER-INV-623307 PO_B14_001794,79809,1345,0,0,78464,INR,2026-08-16T04:35:00Z,BATCH-UBER-1794
PO_B14_001795,Cashfree Escrow,UBER-INV-905131 PO_B14_001795,39552,835,0,0,38717,INR,2026-08-16T12:02:00Z,BATCH-UBER-1795
PO_B14_001796,Stripe India,ZOMA-ORD-394193 ZOMA-ORD-761671 ZOMA-ORD-885693 BATCH-ZOMA-1796,454443,9088,0,0,445355,INR,2026-08-16T01:02:00Z,BATCH-ZOMA-1796
PO_B14_001797,Stripe India,NYKA-INV-119820 PO_B14_001797,271807,6031,0,0,265776,INR,2026-08-16T05:03:00Z,BATCH-NYKA-1797
PO_B14_001798,Stripe India,ZOMA-ORD-339460 ZOMA-ORD-508950 BATCH-ZOMA-1798,404940,8098,0,0,396842,INR,2026-08-16T11:22:00Z,BATCH-ZOMA-1798
PO_B14_001799,Razorpay Nodal,BKMS-INV-435726 PO_B14_001799,131048,2118,0,0,128930,INR,2026-08-16T03:08:00Z,BATCH-BKMS-1799
PO_B14_001800,BillDesk Settlement,JIOO-INV-253130 PO_B14_001800,223360,5038,0,0,218322,INR,2026-08-16T00:26:00Z,BATCH-JIOO-1800
PO_B14_001801,BillDesk Settlement,BLNK-ORD-732193 BLNK-ORD-277574 BLNK-ORD-790418 BATCH-BLNK-1801,312209,6244,0,0,305965,INR,2026-08-15T21:01:00Z,BATCH-BLNK-1801
PO_B14_001802,BillDesk Settlement,BLNK-ORD-716705 BLNK-ORD-157013 BLNK-ORD-267667 BATCH-BLNK-1802,454232,9084,0,0,445148,INR,2026-08-16T10:59:00Z,BATCH-BLNK-1802
PO_B14_001803,Razorpay Nodal,JIOO-INV-859327 PO_B14_001803,300775,5289,0,0,295486,INR,2026-08-16T02:05:00Z,BATCH-JIOO-1803
PO_B14_001804,Stripe India,NYKA-ORD-383750 NYKA-ORD-630505 BATCH-NYKA-1804,419007,8380,0,0,410627,INR,2026-08-16T15:56:00Z,BATCH-NYKA-1804
PO_B14_001805,Stripe India,NYKA-INV-525110 PO_B14_001805,213792,3874,0,0,209918,INR,2026-08-15T22:28:00Z,BATCH-NYKA-1805
PO_B14_001806,Stripe India,ZOMA-INV-646073 PO_B14_001806,331556,7913,0,0,323643,INR,2026-08-16T03:40:00Z,BATCH-ZOMA-1806
PO_B14_001807,Razorpay Nodal,BKMS-ORD-834940 BKMS-ORD-792838 BATCH-BKMS-1807,185222,3704,0,0,181518,INR,2026-08-16T11:22:00Z,BATCH-BKMS-1807
PO_B14_001808,Cashfree Escrow,FLPK-INV-364981 PO_B14_001808,404562,7324,0,0,397238,INR,2026-08-16T21:06:00Z,BATCH-FLPK-1808
PO_B14_001809,Stripe India,MMTR-INV-978317 PO_B14_001809,314132,5498,0,0,308634,INR,2026-08-16T00:26:00Z,BATCH-MMTR-1809
PO_B14_001810,Stripe India,MMTR-INV-784152 PO_B14_001810,87024,1431,0,0,85593,INR,2026-08-16T17:45:00Z,BATCH-MMTR-1810
PO_B14_001811,Stripe India,ZOMA-ORD-506998 ZOMA-ORD-784899 ZOMA-ORD-445349 BATCH-ZOMA-1811,337223,6744,0,0,330479,INR,2026-08-16T12:08:00Z,BATCH-ZOMA-1811
PO_B14_001812,Stripe India,JIOO-INV-192937 PO_B14_001812,95368,1875,0,0,93493,INR,2026-08-16T16:11:00Z,BATCH-JIOO-1812
PO_B14_001813,Stripe India,BLNK-INV-818816 PO_B14_001813,125433,2699,0,0,122734,INR,2026-08-16T09:48:00Z,BATCH-BLNK-1813
PO_B14_001814,PayU Enterprise,OLAA-ORD-252893 OLAA-ORD-472685 OLAA-ORD-628569 BATCH-OLAA-1814,297442,5948,0,0,291494,INR,2026-08-16T18:37:00Z,BATCH-OLAA-1814
PO_B14_001815,Stripe India,ZOMA-INV-849862 PO_B14_001815,265443,5544,0,0,259899,INR,2026-08-16T00:17:00Z,BATCH-ZOMA-1815
PO_B14_001816,BillDesk Settlement,OLAA-INV-188888 PO_B14_001816,103242,1810,0,0,101432,INR,2026-08-15T22:33:00Z,BATCH-OLAA-1816
PO_B14_001817,Stripe India,BBAS-INV-344165 PO_B14_001817,65082,1182,0,0,63900,INR,2026-08-16T04:13:00Z,BATCH-BBAS-1817
PO_B14_001818,PayU Enterprise,PHNP-INV-817889 PO_B14_001818,377771,8597,0,0,369174,INR,2026-08-16T20:58:00Z,BATCH-PHNP-1818
PO_B14_001819,BillDesk Settlement,BKMS-ORD-172313 BKMS-ORD-197145 BKMS-ORD-121631 BATCH-BKMS-1819,324278,6485,0,0,317793,INR,2026-08-16T10:33:00Z,BATCH-BKMS-1819
PO_B14_001820,BillDesk Settlement,AMZN-INV-427850 PO_B14_001820,286168,5335,0,0,280833,INR,2026-08-16T17:03:00Z,BATCH-AMZN-1820
PO_B14_001821,PayU Enterprise,BLNK-INV-201453 PO_B14_001821,54616,1001,0,0,53615,INR,2026-08-16T11:47:00Z,BATCH-BLNK-1821
PO_B14_001822,Stripe India,UBER-INV-438074 PO_B14_001822,411098,7708,0,0,403390,INR,2026-08-16T04:01:00Z,BATCH-UBER-1822
PO_B14_001823,BillDesk Settlement,BBAS-ORD-481153 BBAS-ORD-756542 BATCH-BBAS-1823,250553,5011,0,0,245542,INR,2026-08-16T06:31:00Z,BATCH-BBAS-1823
PO_B14_001824,Razorpay Nodal,JIOO-INV-238513 PO_B14_001824,121111,2559,0,0,118552,INR,2026-08-16T03:02:00Z,BATCH-JIOO-1824
PO_B14_001825,Stripe India,BBAS-INV-772161 PO_B14_001825,197173,4915,0,0,192258,INR,2026-08-16T08:14:00Z,BATCH-BBAS-1825
PO_B14_001826,Stripe India,AMZN-INV-750780 PO_B14_001826,71091,1726,0,0,69365,INR,2026-08-15T23:40:00Z,BATCH-AMZN-1826
PO_B14_001827,PayU Enterprise,TATA-ORD-548115 TATA-ORD-729177 BATCH-TATA-1827,121624,2432,0,0,119192,INR,2026-08-15T22:42:00Z,BATCH-TATA-1827
PO_B14_001828,BillDesk Settlement,PAYT-INV-490590 PO_B14_001828,401270,6951,0,0,394319,INR,2026-08-16T07:15:00Z,BATCH-PAYT-1828
PO_B14_001829,Cashfree Escrow,BBAS-ORD-404472 BBAS-ORD-636832 BATCH-BBAS-1829,192385,3847,0,0,188538,INR,2026-08-16T14:19:00Z,BATCH-BBAS-1829
PO_B14_001830,BillDesk Settlement,UBER-ORD-524675 UBER-ORD-671759 BATCH-UBER-1830,271060,5421,0,0,265639,INR,2026-08-16T08:01:00Z,BATCH-UBER-1830
PO_B14_001831,PayU Enterprise,OLAA-INV-653721 PO_B14_001831,206112,4155,0,0,201957,INR,2026-08-16T09:10:00Z,BATCH-OLAA-1831
PO_B14_001832,Stripe India,ZOMA-INV-751930 PO_B14_001832,133466,2409,0,0,131057,INR,2026-08-16T05:42:00Z,BATCH-ZOMA-1832
PO_B14_001833,Razorpay Nodal,ZOMA-ORD-614620 ZOMA-ORD-648286 BATCH-ZOMA-1833,409680,8193,0,0,401487,INR,2026-08-16T05:23:00Z,BATCH-ZOMA-1833
PO_B14_001834,Cashfree Escrow,BLNK-INV-348744 PO_B14_001834,88361,1525,0,0,86836,INR,2026-08-16T08:48:00Z,BATCH-BLNK-1834
PO_B14_001835,BillDesk Settlement,UBER-ORD-422340 UBER-ORD-887679 BATCH-UBER-1835,204340,4086,0,0,200254,INR,2026-08-16T20:16:00Z,BATCH-UBER-1835
PO_B14_001836,Razorpay Nodal,TATA-ORD-644501 TATA-ORD-364649 BATCH-TATA-1836,180331,3606,0,0,176725,INR,2026-08-16T08:04:00Z,BATCH-TATA-1836
PO_B14_001837,Cashfree Escrow,SWIG-INV-911635 PO_B14_001837,60342,951,0,0,59391,INR,2026-08-16T01:32:00Z,BATCH-SWIG-1837
PO_B14_001838,BillDesk Settlement,BKMS-ORD-840165 BKMS-ORD-298588 BKMS-ORD-583502 BATCH-BKMS-1838,452078,9041,0,0,443037,INR,2026-08-16T03:00:00Z,BATCH-BKMS-1838
PO_B14_001839,Razorpay Nodal,BBAS-INV-617527 PO_B14_001839,236528,3865,0,0,232663,INR,2026-08-16T15:58:00Z,BATCH-BBAS-1839
PO_B14_001840,Cashfree Escrow,BLNK-INV-489094 PO_B14_001840,281280,5223,0,0,276057,INR,2026-08-16T00:43:00Z,BATCH-BLNK-1840
PO_B14_001841,Cashfree Escrow,BKMS-INV-574677 PO_B14_001841,117910,2612,0,0,115298,INR,2026-08-16T17:35:00Z,BATCH-BKMS-1841
PO_B14_001842,PayU Enterprise,BLNK-INV-776968 PO_B14_001842,130316,2792,0,0,127524,INR,2026-08-16T03:03:00Z,BATCH-BLNK-1842
PO_B14_001843,Cashfree Escrow,TATA-INV-776371 PO_B14_001843,441878,8546,0,0,433332,INR,2026-08-15T21:34:00Z,BATCH-TATA-1843
PO_B14_001844,Cashfree Escrow,SWIG-INV-190562 PO_B14_001844,392892,6058,0,0,386834,INR,2026-08-16T05:57:00Z,BATCH-SWIG-1844
PO_B14_001845,PayU Enterprise,PHNP-ORD-191206 PHNP-ORD-861858 PHNP-ORD-736444 BATCH-PHNP-1845,387531,7750,0,0,379781,INR,2026-08-16T15:48:00Z,BATCH-PHNP-1845
PO_B14_001846,Stripe India,FLPK-INV-812912 PO_B14_001846,93963,2124,0,0,91839,INR,2026-08-16T04:26:00Z,BATCH-FLPK-1846
PO_B14_001847,Razorpay Nodal,BLNK-INV-316231 PO_B14_001847,130113,3143,0,0,126970,INR,2026-08-16T13:51:00Z,BATCH-BLNK-1847
PO_B14_001848,Cashfree Escrow,ZOMA-ORD-269203 ZOMA-ORD-569332 BATCH-ZOMA-1848,233714,4674,0,0,229040,INR,2026-08-16T19:13:00Z,BATCH-ZOMA-1848
PO_B14_001849,BillDesk Settlement,PAYT-ORD-206780 PAYT-ORD-809449 BATCH-PAYT-1849,151478,3029,0,0,148449,INR,2026-08-16T00:30:00Z,BATCH-PAYT-1849
PO_B14_001850,PayU Enterprise,BLNK-INV-114569 PO_B14_001850,381406,8678,0,0,372728,INR,2026-08-16T07:11:00Z,BATCH-BLNK-1850
PO_B14_001851,Stripe India,UBER-INV-358739 PO_B14_001851,290077,4689,0,0,285388,INR,2026-08-16T10:15:00Z,BATCH-UBER-1851
PO_B14_001852,Stripe India,BKMS-INV-434772 PO_B14_001852,189819,3003,0,0,186816,INR,2026-08-16T17:00:00Z,BATCH-BKMS-1852
PO_B14_001853,Cashfree Escrow,PAYT-ORD-415086 PAYT-ORD-446661 BATCH-PAYT-1853,147019,2940,0,0,144079,INR,2026-08-16T11:24:00Z,BATCH-PAYT-1853
PO_B14_001854,PayU Enterprise,FLPK-INV-782868 PO_B14_001854,59921,1078,0,0,58843,INR,2026-08-15T19:32:00Z,BATCH-FLPK-1854
PO_B14_001855,PayU Enterprise,PHNP-INV-182447 PO_B14_001855,434244,10121,0,0,424123,INR,2026-08-15T21:08:00Z,BATCH-PHNP-1855
PO_B14_001856,Razorpay Nodal,PAYT-ORD-144090 PAYT-ORD-254544 BATCH-PAYT-1856,256172,5123,0,0,251049,INR,2026-08-16T09:00:00Z,BATCH-PAYT-1856
PO_B14_001857,BillDesk Settlement,OLAA-INV-300363 PO_B14_001857,99258,1907,0,0,97351,INR,2026-08-15T22:51:00Z,BATCH-OLAA-1857
PO_B14_001858,Razorpay Nodal,BBAS-INV-707859 PO_B14_001858,372168,7757,0,0,364411,INR,2026-08-16T13:31:00Z,BATCH-BBAS-1858
PO_B14_001859,BillDesk Settlement,BKMS-ORD-653281 BKMS-ORD-328550 BKMS-ORD-420726 BATCH-BKMS-1859,237594,4751,0,0,232843,INR,2026-08-16T12:43:00Z,BATCH-BKMS-1859
PO_B14_001860,Cashfree Escrow,OLAA-INV-420021 PO_B14_001860,292023,6832,0,0,285191,INR,2026-08-15T17:27:00Z,BATCH-OLAA-1860
PO_B14_001861,Stripe India,PAYT-ORD-179157 PAYT-ORD-896138 BATCH-PAYT-1861,210735,4214,0,0,206521,INR,2026-08-16T02:44:00Z,BATCH-PAYT-1861
PO_B14_001862,Razorpay Nodal,NYKA-INV-366575 PO_B14_001862,360323,7688,0,0,352635,INR,2026-08-16T15:52:00Z,BATCH-NYKA-1862
PO_B14_001863,Razorpay Nodal,OLAA-INV-689973 PO_B14_001863,177191,3820,0,0,173371,INR,2026-08-16T11:05:00Z,BATCH-OLAA-1863
PO_B14_001864,Cashfree Escrow,AMZN-INV-723669 PO_B14_001864,225904,4597,0,0,221307,INR,2026-08-16T10:14:00Z,BATCH-AMZN-1864
PO_B14_001865,Razorpay Nodal,BBAS-INV-314946 PO_B14_001865,244769,5903,0,0,238866,INR,2026-08-16T03:10:00Z,BATCH-BBAS-1865
PO_B14_001866,Razorpay Nodal,BLNK-ORD-128724 BLNK-ORD-364420 BLNK-ORD-691469 BATCH-BLNK-1866,451523,9030,0,0,442493,INR,2026-08-16T05:35:00Z,BATCH-BLNK-1866
PO_B14_001867,BillDesk Settlement,FLPK-INV-185620 PO_B14_001867,131503,2473,0,0,129030,INR,2026-08-16T14:08:00Z,BATCH-FLPK-1867
PO_B14_001868,Cashfree Escrow,JIOO-ORD-979378 JIOO-ORD-597750 JIOO-ORD-136998 BATCH-JIOO-1868,346873,6937,0,0,339936,INR,2026-08-16T10:18:00Z,BATCH-JIOO-1868
PO_B14_001869,PayU Enterprise,SWIG-INV-984146 PO_B14_001869,375045,8553,0,0,366492,INR,2026-08-15T22:25:00Z,BATCH-SWIG-1869
PO_B14_001870,Razorpay Nodal,PAYT-ORD-621386 PAYT-ORD-282234 BATCH-PAYT-1870,167894,3357,0,0,164537,INR,2026-08-16T20:19:00Z,BATCH-PAYT-1870
PO_B14_001871,BillDesk Settlement,BKMS-INV-880634 PO_B14_001871,82945,1283,0,0,81662,INR,2026-08-16T06:58:00Z,BATCH-BKMS-1871
PO_B14_001872,BillDesk Settlement,UBER-INV-246142 PO_B14_001872,88773,2198,0,0,86575,INR,2026-08-16T05:06:00Z,BATCH-UBER-1872
PO_B14_001873,Razorpay Nodal,PAYT-INV-713082 PO_B14_001873,307620,4764,0,0,302856,INR,2026-08-16T07:41:00Z,BATCH-PAYT-1873
PO_B14_001874,Cashfree Escrow,MMTR-INV-829191 PO_B14_001874,219911,3555,0,0,216356,INR,2026-08-16T12:45:00Z,BATCH-MMTR-1874
PO_B14_001875,Stripe India,ZOMA-EXC-353591-UNRESOLVED,239939,4788,0,0,235151,INR,2026-08-17T01:27:00Z,HOLD-ESCROW
PO_B14_001876,Cashfree Escrow,OLAA-INV-196064 PO_B14_001876,160254,2894,0,0,157360,INR,2026-08-16T22:30:00Z,BATCH-OLAA-1876
PO_B14_001877,PayU Enterprise,UBER-ORD-447220 UBER-ORD-783147 BATCH-UBER-1877,246781,4935,0,0,241846,INR,2026-08-16T07:31:00Z,BATCH-UBER-1877
PO_B14_001878,Cashfree Escrow,FLPK-ORD-843423 FLPK-ORD-263573 BATCH-FLPK-1878,222728,4454,0,0,218274,INR,2026-08-16T03:50:00Z,BATCH-FLPK-1878
PO_B14_001879,BillDesk Settlement,MMTR-INV-310560 PO_B14_001879,259144,4452,0,0,254692,INR,2026-08-16T16:35:00Z,BATCH-MMTR-1879
PO_B14_001880,Cashfree Escrow,PHNP-INV-437075 PO_B14_001880,94671,1675,0,0,92996,INR,2026-08-16T12:47:00Z,BATCH-PHNP-1880
PO_B14_001881,Razorpay Nodal,MMTR-INV-953163 PO_B14_001881,350714,6074,0,0,344640,INR,2026-08-16T08:22:00Z,BATCH-MMTR-1881
PO_B14_001882,Razorpay Nodal,UBER-ORD-603153 UBER-ORD-438262 BATCH-UBER-1882,252664,5053,0,0,247611,INR,2026-08-16T05:25:00Z,BATCH-UBER-1882
PO_B14_001883,BillDesk Settlement,UBER-INV-235744 PO_B14_001883,429959,9607,0,0,420352,INR,2026-08-16T12:35:00Z,BATCH-UBER-1883
PO_B14_001884,BillDesk Settlement,BBAS-INV-594475 PO_B14_001884,89188,2173,0,0,87015,INR,2026-08-16T17:21:00Z,BATCH-BBAS-1884
PO_B14_001885,PayU Enterprise,MYNT-INV-101686 PO_B14_001885,296276,4842,0,0,291434,INR,2026-08-16T07:04:00Z,BATCH-MYNT-1885
PO_B14_001886,Stripe India,TATA-INV-507636 PO_B14_001886,37678,615,0,0,37063,INR,2026-08-15T20:23:00Z,BATCH-TATA-1886
PO_B14_001887,Cashfree Escrow,OLAA-ORD-307675 OLAA-ORD-384880 OLAA-ORD-536317 BATCH-OLAA-1887,332195,6643,0,0,325552,INR,2026-08-16T08:40:00Z,BATCH-OLAA-1887
PO_B14_001888,PayU Enterprise,BLNK-INV-589920 PO_B14_001888,60629,1499,0,0,59130,INR,2026-08-16T12:33:00Z,BATCH-BLNK-1888
PO_B14_001889,Razorpay Nodal,MMTR-ORD-762528 MMTR-ORD-309694 BATCH-MMTR-1889,234052,4681,0,0,229371,INR,2026-08-16T07:37:00Z,BATCH-MMTR-1889
PO_B14_001890,Razorpay Nodal,BKMS-ORD-269383 BKMS-ORD-953494 BATCH-BKMS-1890,158298,3165,0,0,155133,INR,2026-08-16T08:14:00Z,BATCH-BKMS-1890
PO_B14_001891,PayU Enterprise,BBAS-INV-482266 PO_B14_001891,29063,718,0,0,28345,INR,2026-08-16T06:40:00Z,BATCH-BBAS-1891
PO_B14_001892,Razorpay Nodal,OLAA-ORD-311735 OLAA-ORD-722915 OLAA-ORD-847685 BATCH-OLAA-1892,386963,7739,0,0,379224,INR,2026-08-16T16:30:00Z,BATCH-OLAA-1892
PO_B14_001893,Stripe India,BBAS-INV-332651 PO_B14_001893,89633,2154,0,0,87479,INR,2026-08-15T20:07:00Z,BATCH-BBAS-1893
PO_B14_001894,BillDesk Settlement,TATA-INV-421247 PO_B14_001894,298169,5223,0,0,292946,INR,2026-08-16T15:38:00Z,BATCH-TATA-1894
PO_B14_001895,Razorpay Nodal,MMTR-INV-658496 PO_B14_001895,309769,7063,0,0,302706,INR,2026-08-16T20:04:00Z,BATCH-MMTR-1895
PO_B14_001896,Razorpay Nodal,BKMS-INV-966426 PO_B14_001896,114603,2356,0,0,112247,INR,2026-08-15T23:16:00Z,BATCH-BKMS-1896
PO_B14_001897,Razorpay Nodal,BBAS-INV-472920 PO_B14_001897,143530,3239,0,0,140291,INR,2026-08-16T13:40:00Z,BATCH-BBAS-1897
PO_B14_001898,PayU Enterprise,UBER-INV-103074 PO_B14_001898,107034,1783,0,0,105251,INR,2026-08-16T19:02:00Z,BATCH-UBER-1898
PO_B14_001899,BillDesk Settlement,TATA-INV-454841 PO_B14_001899,140680,3342,0,0,137338,INR,2026-08-16T23:21:00Z,BATCH-TATA-1899
PO_B14_001900,Razorpay Nodal,BBAS-INV-537477 PO_B14_001900,242932,5161,0,0,237771,INR,2026-08-16T07:08:00Z,BATCH-BBAS-1900
PO_B14_001901,Razorpay Nodal,TATA-INV-735223 PO_B14_001901,444230,9957,0,0,434273,INR,2026-08-16T19:35:00Z,BATCH-TATA-1901
PO_B14_001902,BillDesk Settlement,BBAS-INV-131567 PO_B14_001902,225796,5355,0,0,220441,INR,2026-08-16T06:00:00Z,BATCH-BBAS-1902
PO_B14_001903,Razorpay Nodal,MYNT-INV-994698 PO_B14_001903,193209,4097,0,0,189112,INR,2026-08-16T09:13:00Z,BATCH-MYNT-1903
PO_B14_001904,PayU Enterprise,NYKA-INV-155887 PO_B14_001904,330030,6616,0,0,323414,INR,2026-08-16T11:57:00Z,BATCH-NYKA-1904
PO_B14_001905,Stripe India,ZOMA-INV-379961 PO_B14_001905,171385,2892,0,0,168493,INR,2026-08-16T09:38:00Z,BATCH-ZOMA-1905
PO_B14_001906,Stripe India,MMTR-ORD-817852 MMTR-ORD-207694 MMTR-ORD-860336 BATCH-MMTR-1906,455082,9101,0,0,445981,INR,2026-08-16T13:05:00Z,BATCH-MMTR-1906
PO_B14_001907,BillDesk Settlement,JIOO-ORD-255807 JIOO-ORD-374086 BATCH-JIOO-1907,261678,5233,0,0,256445,INR,2026-08-16T10:50:00Z,BATCH-JIOO-1907
PO_B14_001908,Cashfree Escrow,MMTR-ORD-122402 MMTR-ORD-920087 BATCH-MMTR-1908,241512,4830,0,0,236682,INR,2026-08-16T10:27:00Z,BATCH-MMTR-1908
PO_B14_001909,PayU Enterprise,FLPK-ORD-853869 FLPK-ORD-803292 FLPK-ORD-273654 BATCH-FLPK-1909,576158,11523,0,0,564635,INR,2026-08-16T15:05:00Z,BATCH-FLPK-1909
PO_B14_001910,Cashfree Escrow,ZOMA-EXC-873624-UNRESOLVED,295981,5909,0,0,290072,INR,2026-08-17T02:47:00Z,HOLD-ESCROW
PO_B14_001911,Razorpay Nodal,PHNP-INV-419551 PO_B14_001911,423954,7718,0,0,416236,INR,2026-08-16T13:56:00Z,BATCH-PHNP-1911
PO_B14_001912,PayU Enterprise,PHNP-ORD-834124 PHNP-ORD-460892 BATCH-PHNP-1912,421942,8438,0,0,413504,INR,2026-08-16T19:55:00Z,BATCH-PHNP-1912
PO_B14_001913,Cashfree Escrow,FLPK-ORD-928843 FLPK-ORD-374249 BATCH-FLPK-1913,215816,4316,0,0,211500,INR,2026-08-16T20:47:00Z,BATCH-FLPK-1913
PO_B14_001914,BillDesk Settlement,TATA-ORD-941992 TATA-ORD-854510 TATA-ORD-868195 BATCH-TATA-1914,402425,8048,0,0,394377,INR,2026-08-16T18:23:00Z,BATCH-TATA-1914
PO_B14_001915,Cashfree Escrow,FLPK-INV-514043 PO_B14_001915,165983,4098,0,0,161885,INR,2026-08-16T05:31:00Z,BATCH-FLPK-1915
PO_B14_001916,PayU Enterprise,AMZN-INV-957602 PO_B14_001916,386844,6071,0,0,380773,INR,2026-08-16T08:57:00Z,BATCH-AMZN-1916
PO_B14_001917,Cashfree Escrow,UBER-INV-707230 PO_B14_001917,174612,3166,0,0,171446,INR,2026-08-16T11:04:00Z,BATCH-UBER-1917
PO_B14_001918,Cashfree Escrow,BBAS-INV-182153 PO_B14_001918,344284,8168,0,0,336116,INR,2026-08-16T11:29:00Z,BATCH-BBAS-1918
PO_B14_001919,Razorpay Nodal,SWIG-INV-365889 PO_B14_001919,387645,7755,0,0,379890,INR,2026-08-16T13:34:00Z,BATCH-SWIG-1919
PO_B14_001920,Stripe India,BKMS-EXC-400312-UNRESOLVED,175304,3496,0,0,171808,INR,2026-08-16T16:10:00Z,HOLD-ESCROW
PO_B14_001921,Razorpay Nodal,BBAS-INV-377774 PO_B14_001921,356976,6329,0,0,350647,INR,2026-08-16T14:18:00Z,BATCH-BBAS-1921
PO_B14_001922,Razorpay Nodal,OLAA-INV-163179 PO_B14_001922,203632,3630,0,0,200002,INR,2026-08-15T22:03:00Z,BATCH-OLAA-1922
PO_B14_001923,Razorpay Nodal,OLAA-INV-769223 PO_B14_001923,187860,3463,0,0,184397,INR,2026-08-16T19:22:00Z,BATCH-OLAA-1923
PO_B14_001924,Stripe India,PAYT-INV-656109 PO_B14_001924,332802,4993,0,0,327809,INR,2026-08-16T10:54:00Z,BATCH-PAYT-1924
PO_B14_001925,Cashfree Escrow,PAYT-ORD-377421 PAYT-ORD-234774 PAYT-ORD-148407 BATCH-PAYT-1925,429055,8581,0,0,420474,INR,2026-08-16T07:29:00Z,BATCH-PAYT-1925
PO_B14_001926,BillDesk Settlement,FLPK-INV-576697 PO_B14_001926,263730,5446,0,0,258284,INR,2026-08-15T23:51:00Z,BATCH-FLPK-1926
PO_B14_001927,Stripe India,PAYT-INV-718912 PO_B14_001927,115640,2519,0,0,113121,INR,2026-08-16T12:27:00Z,BATCH-PAYT-1927
PO_B14_001928,Razorpay Nodal,FLPK-INV-281542 PO_B14_001928,32243,664,0,0,31579,INR,2026-08-16T17:13:00Z,BATCH-FLPK-1928
PO_B14_001929,Stripe India,PAYT-INV-860357 PO_B14_001929,332116,5387,0,0,326729,INR,2026-08-16T20:59:00Z,BATCH-PAYT-1929
PO_B14_001930,BillDesk Settlement,BKMS-ORD-199126 BKMS-ORD-655655 BATCH-BKMS-1930,201614,4032,0,0,197582,INR,2026-08-16T09:29:00Z,BATCH-BKMS-1930
PO_B14_001931,Stripe India,UBER-INV-239857 PO_B14_001931,97438,2012,0,0,95426,INR,2026-08-16T09:38:00Z,BATCH-UBER-1931
PO_B14_001932,PayU Enterprise,PHNP-INV-917675 PO_B14_001932,64923,1256,0,0,63667,INR,2026-08-16T16:02:00Z,BATCH-PHNP-1932
PO_B14_001933,Stripe India,MMTR-ORD-871591 MMTR-ORD-204536 BATCH-MMTR-1933,297573,5951,0,0,291622,INR,2026-08-16T18:45:00Z,BATCH-MMTR-1933
PO_B14_001934,Stripe India,SWIG-INV-891500 PO_B14_001934,316065,6623,0,0,309442,INR,2026-08-16T01:47:00Z,BATCH-SWIG-1934
PO_B14_001935,PayU Enterprise,TATA-ORD-234338 TATA-ORD-189852 BATCH-TATA-1935,364107,7282,0,0,356825,INR,2026-08-15T23:25:00Z,BATCH-TATA-1935
PO_B14_001936,Razorpay Nodal,TATA-INV-335528 PO_B14_001936,408239,6770,0,0,401469,INR,2026-08-16T14:16:00Z,BATCH-TATA-1936
PO_B14_001937,PayU Enterprise,OLAA-INV-238391 PO_B14_001937,115924,2394,0,0,113530,INR,2026-08-16T05:31:00Z,BATCH-OLAA-1937
PO_B14_001938,Razorpay Nodal,FLPK-INV-861242 PO_B14_001938,341218,7878,0,0,333340,INR,2026-08-16T02:02:00Z,BATCH-FLPK-1938
PO_B14_001939,Cashfree Escrow,BBAS-ORD-616132 BBAS-ORD-954326 BATCH-BBAS-1939,164861,3297,0,0,161564,INR,2026-08-15T22:17:00Z,BATCH-BBAS-1939
PO_B14_001940,Cashfree Escrow,MMTR-INV-625664 PO_B14_001940,364596,8539,0,0,356057,INR,2026-08-16T08:19:00Z,BATCH-MMTR-1940
PO_B14_001941,Cashfree Escrow,PAYT-INV-655121 PO_B14_001941,275407,6705,0,0,268702,INR,2026-08-16T07:19:00Z,BATCH-PAYT-1941
PO_B14_001942,Stripe India,PHNP-ORD-669001 PHNP-ORD-336719 PHNP-ORD-422890 BATCH-PHNP-1942,358975,7179,0,0,351796,INR,2026-08-15T23:14:00Z,BATCH-PHNP-1942
PO_B14_001943,PayU Enterprise,AMZN-INV-830739 PO_B14_001943,280113,4569,0,0,275544,INR,2026-08-16T01:36:00Z,BATCH-AMZN-1943
PO_B14_001944,Cashfree Escrow,SWIG-INV-167291 PO_B14_001944,398501,9389,0,0,389112,INR,2026-08-16T11:46:00Z,BATCH-SWIG-1944
PO_B14_001945,Stripe India,BKMS-ORD-769227 BKMS-ORD-391434 BKMS-ORD-770978 BATCH-BKMS-1945,628304,12566,0,0,615738,INR,2026-08-16T05:06:00Z,BATCH-BKMS-1945
PO_B14_001946,Stripe India,BLNK-INV-722454 PO_B14_001946,105801,2342,0,0,103459,INR,2026-08-16T05:08:00Z,BATCH-BLNK-1946
PO_B14_001947,Cashfree Escrow,OLAA-ORD-128632 OLAA-ORD-974206 OLAA-ORD-643611 BATCH-OLAA-1947,408785,8175,0,0,400610,INR,2026-08-16T00:44:00Z,BATCH-OLAA-1947
PO_B14_001948,BillDesk Settlement,FLPK-INV-259917 PO_B14_001948,49000,832,0,0,48168,INR,2026-08-16T12:31:00Z,BATCH-FLPK-1948
PO_B14_001949,PayU Enterprise,MMTR-ORD-120129 MMTR-ORD-899581 MMTR-ORD-663590 BATCH-MMTR-1949,466856,9337,0,0,457519,INR,2026-08-16T01:34:00Z,BATCH-MMTR-1949
PO_B14_001950,PayU Enterprise,TATA-INV-583251 PO_B14_001950,400364,9976,0,0,390388,INR,2026-08-15T19:50:00Z,BATCH-TATA-1950
PO_B14_001951,Cashfree Escrow,BLNK-ORD-424273 BLNK-ORD-719169 BLNK-ORD-123110 BATCH-BLNK-1951,522568,10451,0,0,512117,INR,2026-08-16T05:15:00Z,BATCH-BLNK-1951
PO_B14_001952,Stripe India,TATA-EXC-987825-UNRESOLVED,57030,1130,0,0,55900,INR,2026-08-16T19:17:00Z,HOLD-ESCROW
PO_B14_001953,Cashfree Escrow,AMZN-INV-169366 PO_B14_001953,251402,5429,0,0,245973,INR,2026-08-16T23:34:00Z,BATCH-AMZN-1953
PO_B14_001954,Stripe India,UBER-ORD-313486 UBER-ORD-918121 UBER-ORD-973632 BATCH-UBER-1954,511197,10223,0,0,500974,INR,2026-08-16T13:01:00Z,BATCH-UBER-1954
PO_B14_001955,BillDesk Settlement,SWIG-INV-669104 PO_B14_001955,385451,6249,0,0,379202,INR,2026-08-16T03:13:00Z,BATCH-SWIG-1955
PO_B14_001956,PayU Enterprise,BBAS-INV-741537 PO_B14_001956,429223,6603,0,0,422620,INR,2026-08-16T19:07:00Z,BATCH-BBAS-1956
PO_B14_001957,Cashfree Escrow,FLPK-INV-237754 PO_B14_001957,344231,6701,0,0,337530,INR,2026-08-16T10:14:00Z,BATCH-FLPK-1957
PO_B14_001958,PayU Enterprise,MMTR-INV-751373 PO_B14_001958,112839,2615,0,0,110224,INR,2026-08-16T06:27:00Z,BATCH-MMTR-1958
PO_B14_001959,PayU Enterprise,AMZN-INV-329323 PO_B14_001959,42217,657,0,0,41560,INR,2026-08-16T18:35:00Z,BATCH-AMZN-1959
PO_B14_001960,Razorpay Nodal,FLPK-INV-271174 PO_B14_001960,363454,8945,0,0,354509,INR,2026-08-16T11:07:00Z,BATCH-FLPK-1960
PO_B14_001961,PayU Enterprise,ZOMA-INV-166690 PO_B14_001961,60666,1366,0,0,59300,INR,2026-08-16T19:39:00Z,BATCH-ZOMA-1961
PO_B14_001962,Razorpay Nodal,SWIG-ORD-484390 SWIG-ORD-227982 BATCH-SWIG-1962,137040,2740,0,0,134300,INR,2026-08-15T23:57:00Z,BATCH-SWIG-1962
PO_B14_001963,Razorpay Nodal,AMZN-INV-740960 PO_B14_001963,381908,6644,0,0,375264,INR,2026-08-15T17:26:00Z,BATCH-AMZN-1963
PO_B14_001964,PayU Enterprise,TATA-INV-408216 PO_B14_001964,120394,1953,0,0,118441,INR,2026-08-16T06:35:00Z,BATCH-TATA-1964
PO_B14_001965,Stripe India,BKMS-ORD-587267 BKMS-ORD-580596 BKMS-ORD-455009 BATCH-BKMS-1965,454514,9090,0,0,445424,INR,2026-08-16T09:01:00Z,BATCH-BKMS-1965
PO_B14_001966,PayU Enterprise,OLAA-EXC-248576-UNRESOLVED,291613,5822,0,0,285791,INR,2026-08-16T09:46:00Z,HOLD-ESCROW
PO_B14_001967,BillDesk Settlement,PHNP-EXC-181126-UNRESOLVED,145402,2898,0,0,142504,INR,2026-08-16T09:42:00Z,HOLD-ESCROW
PO_B14_001968,Cashfree Escrow,OLAA-ORD-149243 OLAA-ORD-693776 BATCH-OLAA-1968,394456,7889,0,0,386567,INR,2026-08-16T00:16:00Z,BATCH-OLAA-1968
PO_B14_001969,PayU Enterprise,AMZN-INV-389882 PO_B14_001969,237407,5268,0,0,232139,INR,2026-08-16T02:07:00Z,BATCH-AMZN-1969
PO_B14_001970,PayU Enterprise,BBAS-EXC-929690-UNRESOLVED,59055,1171,0,0,57884,INR,2026-08-16T17:41:00Z,HOLD-ESCROW
PO_B14_001971,Stripe India,ZOMA-INV-390928 PO_B14_001971,246103,5460,0,0,240643,INR,2026-08-15T22:50:00Z,BATCH-ZOMA-1971
PO_B14_001972,Stripe India,NYKA-INV-535296 PO_B14_001972,400503,8237,0,0,392266,INR,2026-08-16T11:28:00Z,BATCH-NYKA-1972
PO_B14_001973,Stripe India,JIOO-ORD-717767 JIOO-ORD-597978 JIOO-ORD-389837 BATCH-JIOO-1973,449356,8987,0,0,440369,INR,2026-08-16T09:11:00Z,BATCH-JIOO-1973
PO_B14_001974,BillDesk Settlement,PHNP-INV-234944 PO_B14_001974,59553,1353,0,0,58200,INR,2026-08-15T22:39:00Z,BATCH-PHNP-1974
PO_B14_001975,Razorpay Nodal,NYKA-INV-631633 PO_B14_001975,194826,3122,0,0,191704,INR,2026-08-16T14:19:00Z,BATCH-NYKA-1975
PO_B14_001976,PayU Enterprise,UBER-ORD-830440 UBER-ORD-505772 UBER-ORD-640225 BATCH-UBER-1976,147544,2950,0,0,144594,INR,2026-08-16T14:21:00Z,BATCH-UBER-1976
PO_B14_001977,Cashfree Escrow,NYKA-INV-481679 PO_B14_001977,449687,10567,0,0,439120,INR,2026-08-15T13:39:00Z,BATCH-NYKA-1977
PO_B14_001978,Razorpay Nodal,MMTR-INV-361168 PO_B14_001978,97913,1767,0,0,96146,INR,2026-08-15T22:10:00Z,BATCH-MMTR-1978
PO_B14_001979,Razorpay Nodal,SWIG-ORD-365972 SWIG-ORD-239308 BATCH-SWIG-1979,140256,2805,0,0,137451,INR,2026-08-16T12:19:00Z,BATCH-SWIG-1979
PO_B14_001980,BillDesk Settlement,MMTR-INV-601387 PO_B14_001980,329152,7572,0,0,321580,INR,2026-08-15T23:00:00Z,BATCH-MMTR-1980
PO_B14_001981,Stripe India,FLPK-INV-921048 PO_B14_001981,35973,881,0,0,35092,INR,2026-08-16T12:32:00Z,BATCH-FLPK-1981
PO_B14_001982,BillDesk Settlement,BKMS-INV-451079 PO_B14_001982,303696,7195,0,0,296501,INR,2026-08-15T13:54:00Z,BATCH-BKMS-1982
PO_B14_001983,Cashfree Escrow,MYNT-EXC-618251-UNRESOLVED,52146,1032,0,0,51114,INR,2026-08-16T22:10:00Z,HOLD-ESCROW
PO_B14_001984,Razorpay Nodal,BLNK-INV-151360 PO_B14_001984,89295,1356,0,0,87939,INR,2026-08-16T17:17:00Z,BATCH-BLNK-1984
PO_B14_001985,Razorpay Nodal,AMZN-EXC-866939-UNRESOLVED,191861,3827,0,0,188034,INR,2026-08-16T14:32:00Z,HOLD-ESCROW
PO_B14_001986,Cashfree Escrow,AMZN-INV-991746 PO_B14_001986,48240,912,0,0,47328,INR,2026-08-16T04:31:00Z,BATCH-AMZN-1986
PO_B14_001987,Cashfree Escrow,OLAA-INV-826352 PO_B14_001987,158756,3418,0,0,155338,INR,2026-08-16T07:42:00Z,BATCH-OLAA-1987
PO_B14_001988,PayU Enterprise,BKMS-INV-287386 PO_B14_001988,425140,10327,0,0,414813,INR,2026-08-15T22:19:00Z,BATCH-BKMS-1988
PO_B14_001989,Cashfree Escrow,FLPK-INV-543908 PO_B14_001989,46790,765,0,0,46025,INR,2026-08-16T04:03:00Z,BATCH-FLPK-1989
PO_B14_001990,BillDesk Settlement,NYKA-INV-657004 PO_B14_001990,190146,4487,0,0,185659,INR,2026-08-16T05:47:00Z,BATCH-NYKA-1990
PO_B14_001991,Razorpay Nodal,PAYT-EXC-927717-UNRESOLVED,230652,4603,0,0,226049,INR,2026-08-17T03:48:00Z,HOLD-ESCROW
PO_B14_001992,BillDesk Settlement,MYNT-ORD-105167 MYNT-ORD-705394 BATCH-MYNT-1992,190536,3810,0,0,186726,INR,2026-08-16T19:46:00Z,BATCH-MYNT-1992
PO_B14_001993,Cashfree Escrow,ZOMA-INV-444467 PO_B14_001993,145398,2840,0,0,142558,INR,2026-08-16T05:18:00Z,BATCH-ZOMA-1993
PO_B14_001994,Razorpay Nodal,MMTR-INV-454022 PO_B14_001994,265265,5091,0,0,260174,INR,2026-08-16T07:21:00Z,BATCH-MMTR-1994
PO_B14_001995,Stripe India,MMTR-INV-550483 PO_B14_001995,259725,5346,0,0,254379,INR,2026-08-16T15:44:00Z,BATCH-MMTR-1995
PO_B14_001996,BillDesk Settlement,MMTR-INV-450905 PO_B14_001996,28983,440,0,0,28543,INR,2026-08-16T19:29:00Z,BATCH-MMTR-1996
PO_B14_001997,Razorpay Nodal,BBAS-EXC-622973-UNRESOLVED,78726,1564,0,0,77162,INR,2026-08-16T16:56:00Z,HOLD-ESCROW
PO_B14_001998,PayU Enterprise,SWIG-INV-303150 PO_B14_001998,270479,6320,0,0,264159,INR,2026-08-16T02:12:00Z,BATCH-SWIG-1998
PO_B14_001999,Stripe India,MYNT-INV-251188 PO_B14_001999,89231,1468,0,0,87763,INR,2026-08-16T01:38:00Z,BATCH-MYNT-1999
PO_B14_002000,Cashfree Escrow,FLPK-ORD-111287 FLPK-ORD-235961 FLPK-ORD-209982 BATCH-FLPK-2000,512696,10253,0,0,502443,INR,2026-08-16T13:33:00Z,BATCH-FLPK-2000
PO_B14_002001,Stripe India,BLNK-ORD-380366 BLNK-ORD-836235 BLNK-ORD-800395 BATCH-BLNK-2001,393229,7864,0,0,385365,INR,2026-08-16T12:04:00Z,BATCH-BLNK-2001
PO_B14_002002,Stripe India,PHNP-INV-519004 PO_B14_002002,278021,5483,0,0,272538,INR,2026-08-16T21:18:00Z,BATCH-PHNP-2002
PO_B14_002003,PayU Enterprise,BLNK-INV-995182 PO_B14_002003,234024,5641,0,0,228383,INR,2026-08-16T01:04:00Z,BATCH-BLNK-2003
PO_B14_002004,Stripe India,UBER-EXC-827134-UNRESOLVED,95172,1893,0,0,93279,INR,2026-08-16T13:34:00Z,HOLD-ESCROW
PO_B14_002005,Stripe India,NYKA-ORD-999389 NYKA-ORD-126393 BATCH-NYKA-2005,262949,5258,0,0,257691,INR,2026-08-16T19:04:00Z,BATCH-NYKA-2005
PO_B14_002006,PayU Enterprise,BLNK-INV-841799 PO_B14_002006,261259,4749,0,0,256510,INR,2026-08-16T09:23:00Z,BATCH-BLNK-2006
PO_B14_002007,Razorpay Nodal,UBER-INV-939554 PO_B14_002007,372225,7251,0,0,364974,INR,2026-08-16T08:19:00Z,BATCH-UBER-2007
PO_B14_002008,Stripe India,AMZN-INV-918560 PO_B14_002008,226461,5179,0,0,221282,INR,2026-08-15T19:13:00Z,BATCH-AMZN-2008
PO_B14_002009,Cashfree Escrow,AMZN-INV-860467 PO_B14_002009,341246,5279,0,0,335967,INR,2026-08-16T01:13:00Z,BATCH-AMZN-2009
PO_B14_002010,Cashfree Escrow,TATA-INV-465758 PO_B14_002010,107080,2219,0,0,104861,INR,2026-08-17T00:49:00Z,BATCH-TATA-2010
PO_B14_002011,BillDesk Settlement,PAYT-INV-823820 PO_B14_002011,353274,8402,0,0,344872,INR,2026-08-15T17:22:00Z,BATCH-PAYT-2011
PO_B14_002012,BillDesk Settlement,JIOO-ORD-222120 JIOO-ORD-709887 BATCH-JIOO-2012,326540,6530,0,0,320010,INR,2026-08-16T08:09:00Z,BATCH-JIOO-2012
PO_B14_002013,Razorpay Nodal,BBAS-INV-971426 PO_B14_002013,416680,8690,0,0,407990,INR,2026-08-16T05:56:00Z,BATCH-BBAS-2013
PO_B14_002014,BillDesk Settlement,PHNP-ORD-895772 PHNP-ORD-571041 PHNP-ORD-684285 BATCH-PHNP-2014,404590,8091,0,0,396499,INR,2026-08-16T04:29:00Z,BATCH-PHNP-2014
PO_B14_002015,Stripe India,NYKA-INV-676295 PO_B14_002015,423279,9216,0,0,414063,INR,2026-08-16T21:21:00Z,BATCH-NYKA-2015
PO_B14_002016,Stripe India,BBAS-INV-462313 PO_B14_002016,379389,8227,0,0,371162,INR,2026-08-15T18:57:00Z,BATCH-BBAS-2016
PO_B14_002017,Cashfree Escrow,PAYT-INV-768539 PO_B14_002017,198116,3703,0,0,194413,INR,2026-08-15T18:48:00Z,BATCH-PAYT-2017
PO_B14_002018,PayU Enterprise,BBAS-INV-145286 PO_B14_002018,393601,6341,0,0,387260,INR,2026-08-16T02:13:00Z,BATCH-BBAS-2018
PO_B14_002019,BillDesk Settlement,SWIG-INV-675485 PO_B14_002019,351495,5297,0,0,346198,INR,2026-08-16T02:14:00Z,BATCH-SWIG-2019
PO_B14_002020,Cashfree Escrow,MYNT-INV-351332 PO_B14_002020,64537,1514,0,0,63023,INR,2026-08-16T13:58:00Z,BATCH-MYNT-2020
PO_B14_002021,Stripe India,FLPK-INV-190995 PO_B14_002021,284475,6935,0,0,277540,INR,2026-08-15T19:19:00Z,BATCH-FLPK-2021
PO_B14_002022,Cashfree Escrow,SWIG-INV-491549 PO_B14_002022,46202,1105,0,0,45097,INR,2026-08-16T03:01:00Z,BATCH-SWIG-2022
PO_B14_002023,Stripe India,TATA-INV-819994 PO_B14_002023,443288,8425,0,0,434863,INR,2026-08-16T12:05:00Z,BATCH-TATA-2023
PO_B14_002024,PayU Enterprise,OLAA-ORD-760787 OLAA-ORD-280730 OLAA-ORD-350983 BATCH-OLAA-2024,533221,10664,0,0,522557,INR,2026-08-15T23:57:00Z,BATCH-OLAA-2024
PO_B14_002025,BillDesk Settlement,BBAS-ORD-424209 BBAS-ORD-826589 BBAS-ORD-998916 BATCH-BBAS-2025,354959,7099,0,0,347860,INR,2026-08-16T14:27:00Z,BATCH-BBAS-2025
PO_B14_002026,Stripe India,JIOO-ORD-680157 JIOO-ORD-903982 JIOO-ORD-907270 BATCH-JIOO-2026,387868,7757,0,0,380111,INR,2026-08-16T08:37:00Z,BATCH-JIOO-2026
PO_B14_002027,PayU Enterprise,NYKA-EXC-540687-UNRESOLVED,146891,2927,0,0,143964,INR,2026-08-16T10:11:00Z,HOLD-ESCROW
PO_B14_002028,PayU Enterprise,ZOMA-ORD-420356 ZOMA-ORD-513558 BATCH-ZOMA-2028,157458,3149,0,0,154309,INR,2026-08-16T00:29:00Z,BATCH-ZOMA-2028
PO_B14_002029,Stripe India,BBAS-EXC-936843-UNRESOLVED,281558,5621,0,0,275937,INR,2026-08-17T02:48:00Z,HOLD-ESCROW
PO_B14_002030,PayU Enterprise,BKMS-INV-264577 PO_B14_002030,126440,2014,0,0,124426,INR,2026-08-16T12:33:00Z,BATCH-BKMS-2030
PO_B14_002031,BillDesk Settlement,BKMS-ORD-221868 BKMS-ORD-754178 BATCH-BKMS-2031,368217,7364,0,0,360853,INR,2026-08-16T16:07:00Z,BATCH-BKMS-2031
PO_B14_002032,Stripe India,MYNT-INV-416267 PO_B14_002032,223787,4988,0,0,218799,INR,2026-08-16T21:43:00Z,BATCH-MYNT-2032
PO_B14_002033,Cashfree Escrow,PHNP-INV-287169 PO_B14_002033,232589,3925,0,0,228664,INR,2026-08-16T11:35:00Z,BATCH-PHNP-2033
PO_B14_002034,Stripe India,UBER-INV-593740 PO_B14_002034,399755,9766,0,0,389989,INR,2026-08-16T05:35:00Z,BATCH-UBER-2034
PO_B14_002035,BillDesk Settlement,MYNT-ORD-763178 MYNT-ORD-804175 BATCH-MYNT-2035,279163,5583,0,0,273580,INR,2026-08-16T15:35:00Z,BATCH-MYNT-2035
PO_B14_002036,Razorpay Nodal,MYNT-ORD-726433 MYNT-ORD-131019 MYNT-ORD-960507 BATCH-MYNT-2036,471318,9426,0,0,461892,INR,2026-08-16T00:55:00Z,BATCH-MYNT-2036
PO_B14_002037,Cashfree Escrow,OLAA-INV-187479 PO_B14_002037,150554,3103,0,0,147451,INR,2026-08-16T05:29:00Z,BATCH-OLAA-2037
PO_B14_002038,Razorpay Nodal,TATA-INV-492896 PO_B14_002038,424551,8519,0,0,416032,INR,2026-08-16T05:55:00Z,BATCH-TATA-2038
PO_B14_002039,Cashfree Escrow,PHNP-INV-146068 PO_B14_002039,32764,703,0,0,32061,INR,2026-08-16T20:43:00Z,BATCH-PHNP-2039
PO_B14_002040,Cashfree Escrow,ZOMA-INV-843926 PO_B14_002040,145493,3095,0,0,142398,INR,2026-08-16T06:17:00Z,BATCH-ZOMA-2040
PO_B14_002041,Stripe India,PAYT-ORD-406613 PAYT-ORD-849708 BATCH-PAYT-2041,237241,4744,0,0,232497,INR,2026-08-16T13:17:00Z,BATCH-PAYT-2041
PO_B14_002042,Razorpay Nodal,UBER-INV-477437 PO_B14_002042,239809,4752,0,0,235057,INR,2026-08-16T04:25:00Z,BATCH-UBER-2042
PO_B14_002043,BillDesk Settlement,PHNP-ORD-917399 PHNP-ORD-524585 BATCH-PHNP-2043,284048,5680,0,0,278368,INR,2026-08-16T12:31:00Z,BATCH-PHNP-2043
PO_B14_002044,Razorpay Nodal,NYKA-INV-751336 PO_B14_002044,115167,2545,0,0,112622,INR,2026-08-16T06:52:00Z,BATCH-NYKA-2044
PO_B14_002045,Razorpay Nodal,UBER-INV-999018 PO_B14_002045,75811,1482,0,0,74329,INR,2026-08-16T22:06:00Z,BATCH-UBER-2045
PO_B14_002046,Stripe India,MMTR-INV-375568 PO_B14_002046,78197,1472,0,0,76725,INR,2026-08-16T09:06:00Z,BATCH-MMTR-2046
PO_B14_002047,Cashfree Escrow,BBAS-INV-739492 PO_B14_002047,57485,1045,0,0,56440,INR,2026-08-16T08:50:00Z,BATCH-BBAS-2047
PO_B14_002048,Razorpay Nodal,MMTR-ORD-336462 MMTR-ORD-742258 BATCH-MMTR-2048,50673,1013,0,0,49660,INR,2026-08-16T00:17:00Z,BATCH-MMTR-2048
PO_B14_002049,BillDesk Settlement,SWIG-INV-514740 PO_B14_002049,304763,6097,0,0,298666,INR,2026-08-16T10:04:00Z,BATCH-SWIG-2049
PO_B14_002050,Stripe India,MYNT-INV-341366 PO_B14_002050,253363,3916,0,0,249447,INR,2026-08-16T16:34:00Z,BATCH-MYNT-2050
PO_B14_002051,Stripe India,AMZN-INV-975485 PO_B14_002051,28030,553,0,0,27477,INR,2026-08-16T06:16:00Z,BATCH-AMZN-2051
PO_B14_002052,Stripe India,FLPK-ORD-514390 FLPK-ORD-391361 BATCH-FLPK-2052,242523,4850,0,0,237673,INR,2026-08-16T06:30:00Z,BATCH-FLPK-2052
PO_B14_002053,Cashfree Escrow,JIOO-ORD-856822 JIOO-ORD-691961 BATCH-JIOO-2053,333216,6664,0,0,326552,INR,2026-08-16T08:58:00Z,BATCH-JIOO-2053
PO_B14_002054,BillDesk Settlement,JIOO-INV-115718 PO_B14_002054,401983,7150,0,0,394833,INR,2026-08-16T08:03:00Z,BATCH-JIOO-2054
PO_B14_002055,Stripe India,AMZN-INV-469970 PO_B14_002055,309637,5802,0,0,303835,INR,2026-08-15T20:25:00Z,BATCH-AMZN-2055
PO_B14_002056,Razorpay Nodal,AMZN-ORD-235808 AMZN-ORD-853635 BATCH-AMZN-2056,390473,7809,0,0,382664,INR,2026-08-16T15:45:00Z,BATCH-AMZN-2056
PO_B14_002057,PayU Enterprise,AMZN-INV-164781 PO_B14_002057,136920,2449,0,0,134471,INR,2026-08-16T16:17:00Z,BATCH-AMZN-2057
PO_B14_002058,Cashfree Escrow,NYKA-INV-265184 PO_B14_002058,120896,2924,0,0,117972,INR,2026-08-15T21:11:00Z,BATCH-NYKA-2058
PO_B14_002059,Cashfree Escrow,OLAA-INV-392213 PO_B14_002059,32973,660,0,0,32313,INR,2026-08-16T06:44:00Z,BATCH-OLAA-2059
PO_B14_002060,PayU Enterprise,ZOMA-INV-683000 PO_B14_002060,247078,4836,0,0,242242,INR,2026-08-16T10:03:00Z,BATCH-ZOMA-2060
PO_B14_002061,Razorpay Nodal,MYNT-EXC-961884-UNRESOLVED,219278,4375,0,0,214903,INR,2026-08-17T05:57:00Z,HOLD-ESCROW
PO_B14_002062,Stripe India,BBAS-INV-321351 PO_B14_002062,389444,8585,0,0,380859,INR,2026-08-16T03:06:00Z,BATCH-BBAS-2062
PO_B14_002063,PayU Enterprise,PHNP-ORD-687369 PHNP-ORD-716465 BATCH-PHNP-2063,66036,1320,0,0,64716,INR,2026-08-16T05:27:00Z,BATCH-PHNP-2063
PO_B14_002064,Stripe India,BBAS-INV-569321 PO_B14_002064,100900,2153,0,0,98747,INR,2026-08-16T15:49:00Z,BATCH-BBAS-2064
PO_B14_002065,BillDesk Settlement,FLPK-INV-892641 PO_B14_002065,286603,6153,0,0,280450,INR,2026-08-16T03:34:00Z,BATCH-FLPK-2065
PO_B14_002066,BillDesk Settlement,MYNT-INV-837238 PO_B14_002066,91808,1694,0,0,90114,INR,2026-08-16T02:11:00Z,BATCH-MYNT-2066
PO_B14_002067,Razorpay Nodal,UBER-INV-204393 PO_B14_002067,31079,702,0,0,30377,INR,2026-08-16T11:27:00Z,BATCH-UBER-2067
PO_B14_002068,PayU Enterprise,MMTR-INV-729652 PO_B14_002068,359528,6140,0,0,353388,INR,2026-08-16T16:26:00Z,BATCH-MMTR-2068
PO_B14_002069,PayU Enterprise,OLAA-INV-578809 PO_B14_002069,91644,1471,0,0,90173,INR,2026-08-16T06:55:00Z,BATCH-OLAA-2069
PO_B14_002070,BillDesk Settlement,MYNT-INV-617510 PO_B14_002070,427353,6644,0,0,420709,INR,2026-08-15T23:23:00Z,BATCH-MYNT-2070
PO_B14_002071,BillDesk Settlement,TATA-INV-470644 PO_B14_002071,310118,5943,0,0,304175,INR,2026-08-15T23:23:00Z,BATCH-TATA-2071
PO_B14_002072,BillDesk Settlement,OLAA-INV-316364 PO_B14_002072,128149,3192,0,0,124957,INR,2026-08-16T02:43:00Z,BATCH-OLAA-2072
PO_B14_002073,PayU Enterprise,PAYT-INV-914430 PO_B14_002073,322805,5930,0,0,316875,INR,2026-08-16T16:46:00Z,BATCH-PAYT-2073
PO_B14_002074,Stripe India,MMTR-INV-767875 PO_B14_002074,356878,8487,0,0,348391,INR,2026-08-16T09:31:00Z,BATCH-MMTR-2074
PO_B14_002075,Cashfree Escrow,UBER-INV-352858 PO_B14_002075,403650,8733,0,0,394917,INR,2026-08-15T22:24:00Z,BATCH-UBER-2075
PO_B14_002076,Razorpay Nodal,ZOMA-INV-436415 PO_B14_002076,73755,1432,0,0,72323,INR,2026-08-16T15:07:00Z,BATCH-ZOMA-2076
PO_B14_002077,PayU Enterprise,BLNK-INV-304026 PO_B14_002077,55319,1363,0,0,53956,INR,2026-08-17T02:30:00Z,BATCH-BLNK-2077
PO_B14_002078,PayU Enterprise,BKMS-INV-366573 PO_B14_002078,374040,6801,0,0,367239,INR,2026-08-16T04:20:00Z,BATCH-BKMS-2078
PO_B14_002079,Cashfree Escrow,UBER-ORD-405768 UBER-ORD-408593 BATCH-UBER-2079,295411,5908,0,0,289503,INR,2026-08-16T03:13:00Z,BATCH-UBER-2079
PO_B14_002080,Stripe India,BKMS-INV-711264 PO_B14_002080,29033,551,0,0,28482,INR,2026-08-16T05:15:00Z,BATCH-BKMS-2080
PO_B14_002081,Cashfree Escrow,BLNK-INV-277288 PO_B14_002081,415662,8868,0,0,406794,INR,2026-08-16T03:57:00Z,BATCH-BLNK-2081
PO_B14_002082,PayU Enterprise,JIOO-INV-931927 PO_B14_002082,71496,1147,0,0,70349,INR,2026-08-16T11:28:00Z,BATCH-JIOO-2082
PO_B14_002083,PayU Enterprise,BBAS-INV-360161 PO_B14_002083,229590,4047,0,0,225543,INR,2026-08-15T18:30:00Z,BATCH-BBAS-2083
PO_B14_002084,PayU Enterprise,SWIG-INV-205164 PO_B14_002084,323335,7997,0,0,315338,INR,2026-08-16T07:56:00Z,BATCH-SWIG-2084
PO_B14_002085,PayU Enterprise,SWIG-INV-593113 PO_B14_002085,213809,4337,0,0,209472,INR,2026-08-15T18:54:00Z,BATCH-SWIG-2085
PO_B14_002086,Razorpay Nodal,PAYT-ORD-783076 PAYT-ORD-208524 BATCH-PAYT-2086,163975,3279,0,0,160696,INR,2026-08-16T01:38:00Z,BATCH-PAYT-2086
PO_B14_002087,Razorpay Nodal,AMZN-INV-515952 PO_B14_002087,72302,1163,0,0,71139,INR,2026-08-16T07:14:00Z,BATCH-AMZN-2087
PO_B14_002088,Razorpay Nodal,FLPK-INV-446469 PO_B14_002088,366931,8779,0,0,358152,INR,2026-08-16T12:28:00Z,BATCH-FLPK-2088
PO_B14_002089,Stripe India,TATA-INV-991444 PO_B14_002089,82158,1967,0,0,80191,INR,2026-08-16T07:08:00Z,BATCH-TATA-2089
PO_B14_002090,BillDesk Settlement,BBAS-ORD-849255 BBAS-ORD-530391 BBAS-ORD-497199 BATCH-BBAS-2090,401959,8039,0,0,393920,INR,2026-08-16T14:48:00Z,BATCH-BBAS-2090
PO_B14_002091,Stripe India,BKMS-INV-529844 PO_B14_002091,148825,2462,0,0,146363,INR,2026-08-16T00:11:00Z,BATCH-BKMS-2091
PO_B14_002092,Cashfree Escrow,BBAS-ORD-214393 BBAS-ORD-471947 BATCH-BBAS-2092,433198,8663,0,0,424535,INR,2026-08-16T18:19:00Z,BATCH-BBAS-2092
PO_B14_002093,PayU Enterprise,NYKA-INV-821009 PO_B14_002093,125160,2351,0,0,122809,INR,2026-08-16T07:14:00Z,BATCH-NYKA-2093
PO_B14_002094,BillDesk Settlement,ZOMA-ORD-635419 ZOMA-ORD-907029 ZOMA-ORD-383362 BATCH-ZOMA-2094,451909,9038,0,0,442871,INR,2026-08-16T16:31:00Z,BATCH-ZOMA-2094
PO_B14_002095,Cashfree Escrow,FLPK-EXC-373588-UNRESOLVED,100609,2002,0,0,98607,INR,2026-08-17T03:12:00Z,HOLD-ESCROW
PO_B14_002096,BillDesk Settlement,PHNP-INV-993763 PO_B14_002096,448272,10238,0,0,438034,INR,2026-08-16T19:25:00Z,BATCH-PHNP-2096
PO_B14_002097,Razorpay Nodal,MMTR-INV-616109 PO_B14_002097,173350,3488,0,0,169862,INR,2026-08-16T15:31:00Z,BATCH-MMTR-2097
PO_B14_002098,Razorpay Nodal,SWIG-ORD-278856 SWIG-ORD-725369 SWIG-ORD-693763 BATCH-SWIG-2098,282411,5648,0,0,276763,INR,2026-08-16T15:01:00Z,BATCH-SWIG-2098
PO_B14_002099,Stripe India,NYKA-ORD-611354 NYKA-ORD-901466 BATCH-NYKA-2099,167805,3356,0,0,164449,INR,2026-08-16T14:22:00Z,BATCH-NYKA-2099
PO_B14_002100,Razorpay Nodal,NYKA-INV-669549 PO_B14_002100,246309,4303,0,0,242006,INR,2026-08-15T17:09:00Z,BATCH-NYKA-2100
PO_B14_002101,Razorpay Nodal,FLPK-ORD-428073 FLPK-ORD-207803 BATCH-FLPK-2101,244768,4895,0,0,239873,INR,2026-08-16T12:10:00Z,BATCH-FLPK-2101
PO_B14_002102,Stripe India,BKMS-INV-193835 PO_B14_002102,398669,9772,0,0,388897,INR,2026-08-16T12:27:00Z,BATCH-BKMS-2102
PO_B14_002103,BillDesk Settlement,BKMS-INV-969949 PO_B14_002103,301830,7484,0,0,294346,INR,2026-08-16T21:33:00Z,BATCH-BKMS-2103
PO_B14_002104,BillDesk Settlement,PHNP-ORD-939479 PHNP-ORD-829291 BATCH-PHNP-2104,302803,6056,0,0,296747,INR,2026-08-16T20:44:00Z,BATCH-PHNP-2104
PO_B14_002105,PayU Enterprise,PAYT-INV-579599 PO_B14_002105,108907,2472,0,0,106435,INR,2026-08-16T08:05:00Z,BATCH-PAYT-2105
PO_B14_002106,Cashfree Escrow,BBAS-INV-168139 PO_B14_002106,189235,3192,0,0,186043,INR,2026-08-16T12:56:00Z,BATCH-BBAS-2106
PO_B14_002107,BillDesk Settlement,BLNK-INV-738005 PO_B14_002107,222642,4265,0,0,218377,INR,2026-08-16T08:53:00Z,BATCH-BLNK-2107
PO_B14_002108,Razorpay Nodal,BBAS-ORD-122584 BBAS-ORD-467342 BBAS-ORD-687582 BATCH-BBAS-2108,517149,10342,0,0,506807,INR,2026-08-16T16:07:00Z,BATCH-BBAS-2108
PO_B14_002109,Stripe India,UBER-EXC-549471-UNRESOLVED,104226,2074,0,0,102152,INR,2026-08-17T01:26:00Z,HOLD-ESCROW
PO_B14_002110,Razorpay Nodal,OLAA-INV-650330 PO_B14_002110,241885,5239,0,0,236646,INR,2026-08-16T08:44:00Z,BATCH-OLAA-2110
PO_B14_002111,Razorpay Nodal,PAYT-INV-207949 PO_B14_002111,52227,1019,0,0,51208,INR,2026-08-16T22:01:00Z,BATCH-PAYT-2111
PO_B14_002112,Cashfree Escrow,BKMS-INV-216968 PO_B14_002112,297202,6301,0,0,290901,INR,2026-08-16T05:53:00Z,BATCH-BKMS-2112
PO_B14_002113,BillDesk Settlement,BKMS-INV-834183 PO_B14_002113,114575,2684,0,0,111891,INR,2026-08-15T23:53:00Z,BATCH-BKMS-2113
PO_B14_002114,Stripe India,MYNT-INV-894155 PO_B14_002114,263265,4121,0,0,259144,INR,2026-08-16T15:43:00Z,BATCH-MYNT-2114
PO_B14_002115,PayU Enterprise,FLPK-ORD-694769 FLPK-ORD-141653 FLPK-ORD-255682 BATCH-FLPK-2115,355187,7103,0,0,348084,INR,2026-08-16T08:35:00Z,BATCH-FLPK-2115
PO_B14_002116,Razorpay Nodal,MYNT-INV-507847 PO_B14_002116,410065,7979,0,0,402086,INR,2026-08-16T06:23:00Z,BATCH-MYNT-2116
PO_B14_002117,Cashfree Escrow,TATA-INV-674308 PO_B14_002117,213228,3980,0,0,209248,INR,2026-08-16T16:20:00Z,BATCH-TATA-2117
PO_B14_002118,Stripe India,PAYT-INV-511275 PO_B14_002118,261915,4533,0,0,257382,INR,2026-08-15T23:41:00Z,BATCH-PAYT-2118
PO_B14_002119,Cashfree Escrow,AMZN-ORD-591375 AMZN-ORD-241147 BATCH-AMZN-2119,289707,5794,0,0,283913,INR,2026-08-16T02:39:00Z,BATCH-AMZN-2119
PO_B14_002120,Stripe India,AMZN-EXC-451501-UNRESOLVED,133875,2667,0,0,131208,INR,2026-08-17T04:04:00Z,HOLD-ESCROW
PO_B14_002121,Stripe India,BLNK-INV-829903 PO_B14_002121,164936,4093,0,0,160843,INR,2026-08-16T01:02:00Z,BATCH-BLNK-2121
PO_B14_002122,Cashfree Escrow,NYKA-ORD-670229 NYKA-ORD-909395 NYKA-ORD-699653 BATCH-NYKA-2122,263504,5270,0,0,258234,INR,2026-08-16T14:58:00Z,BATCH-NYKA-2122
PO_B14_002123,BillDesk Settlement,NYKA-INV-364959 PO_B14_002123,111060,2115,0,0,108945,INR,2026-08-16T14:47:00Z,BATCH-NYKA-2123
PO_B14_002124,Stripe India,ZOMA-INV-782199 PO_B14_002124,362368,6817,0,0,355551,INR,2026-08-15T21:32:00Z,BATCH-ZOMA-2124
PO_B14_002125,Stripe India,UBER-ORD-320529 UBER-ORD-145617 BATCH-UBER-2125,255932,5118,0,0,250814,INR,2026-08-15T21:56:00Z,BATCH-UBER-2125
PO_B14_002126,Cashfree Escrow,BLNK-ORD-241220 BLNK-ORD-767338 BLNK-ORD-701151 BATCH-BLNK-2126,665103,13302,0,0,651801,INR,2026-08-16T08:19:00Z,BATCH-BLNK-2126
PO_B14_002127,Stripe India,BLNK-INV-251490 PO_B14_002127,424853,8995,0,0,415858,INR,2026-08-16T08:23:00Z,BATCH-BLNK-2127
PO_B14_002128,BillDesk Settlement,BKMS-INV-698093 PO_B14_002128,245215,5773,0,0,239442,INR,2026-08-16T12:27:00Z,BATCH-BKMS-2128
PO_B14_002129,BillDesk Settlement,JIOO-ORD-406995 JIOO-ORD-801909 JIOO-ORD-567046 BATCH-JIOO-2129,298978,5979,0,0,292999,INR,2026-08-16T20:00:00Z,BATCH-JIOO-2129
PO_B14_002130,BillDesk Settlement,OLAA-INV-835269 PO_B14_002130,129620,1947,0,0,127673,INR,2026-08-15T20:30:00Z,BATCH-OLAA-2130
PO_B14_002131,Cashfree Escrow,ZOMA-ORD-736869 ZOMA-ORD-453714 BATCH-ZOMA-2131,406211,8124,0,0,398087,INR,2026-08-16T11:03:00Z,BATCH-ZOMA-2131
PO_B14_002132,PayU Enterprise,PHNP-INV-585777 PO_B14_002132,42755,1060,0,0,41695,INR,2026-08-16T16:28:00Z,BATCH-PHNP-2132
PO_B14_002133,BillDesk Settlement,BKMS-INV-782092 PO_B14_002133,325046,6771,0,0,318275,INR,2026-08-16T00:31:00Z,BATCH-BKMS-2133
PO_B14_002134,Stripe India,MYNT-INV-658375 PO_B14_002134,78878,1451,0,0,77427,INR,2026-08-16T11:27:00Z,BATCH-MYNT-2134
PO_B14_002135,Cashfree Escrow,PAYT-ORD-521018 PAYT-ORD-749295 PAYT-ORD-201100 BATCH-PAYT-2135,433517,8670,0,0,424847,INR,2026-08-16T13:34:00Z,BATCH-PAYT-2135
PO_B14_002136,Stripe India,FLPK-ORD-661084 FLPK-ORD-523002 FLPK-ORD-972089 BATCH-FLPK-2136,455454,9109,0,0,446345,INR,2026-08-16T19:54:00Z,BATCH-FLPK-2136
PO_B14_002137,BillDesk Settlement,TATA-INV-914595 PO_B14_002137,147779,3473,0,0,144306,INR,2026-08-16T03:29:00Z,BATCH-TATA-2137
PO_B14_002138,Cashfree Escrow,NYKA-INV-547009 PO_B14_002138,209498,3696,0,0,205802,INR,2026-08-16T12:47:00Z,BATCH-NYKA-2138
PO_B14_002139,PayU Enterprise,PAYT-INV-986087 PO_B14_002139,223342,3977,0,0,219365,INR,2026-08-16T06:05:00Z,BATCH-PAYT-2139
PO_B14_002140,Stripe India,AMZN-ORD-337523 AMZN-ORD-674445 BATCH-AMZN-2140,167475,3349,0,0,164126,INR,2026-08-16T16:18:00Z,BATCH-AMZN-2140
PO_B14_002141,PayU Enterprise,FLPK-ORD-326349 FLPK-ORD-109451 BATCH-FLPK-2141,372968,7459,0,0,365509,INR,2026-08-16T18:22:00Z,BATCH-FLPK-2141
PO_B14_002142,BillDesk Settlement,SWIG-INV-426124 PO_B14_002142,166577,3404,0,0,163173,INR,2026-08-15T22:03:00Z,BATCH-SWIG-2142
PO_B14_002143,Stripe India,PAYT-INV-545701 PO_B14_002143,103756,2306,0,0,101450,INR,2026-08-15T17:34:00Z,BATCH-PAYT-2143
PO_B14_002144,BillDesk Settlement,PHNP-INV-685713 PO_B14_002144,368424,9202,0,0,359222,INR,2026-08-16T23:13:00Z,BATCH-PHNP-2144
PO_B14_002145,Razorpay Nodal,FLPK-INV-478850 PO_B14_002145,270552,5306,0,0,265246,INR,2026-08-16T03:48:00Z,BATCH-FLPK-2145
PO_B14_002146,Cashfree Escrow,FLPK-EXC-497791-UNRESOLVED,256330,5116,0,0,251214,INR,2026-08-17T03:16:00Z,HOLD-ESCROW
PO_B14_002147,Cashfree Escrow,AMZN-INV-256981 PO_B14_002147,57872,1084,0,0,56788,INR,2026-08-16T13:19:00Z,BATCH-AMZN-2147
PO_B14_002148,PayU Enterprise,UBER-INV-709512 PO_B14_002148,333859,5023,0,0,328836,INR,2026-08-16T11:50:00Z,BATCH-UBER-2148
PO_B14_002149,Razorpay Nodal,PHNP-INV-580121 PO_B14_002149,180734,3013,0,0,177721,INR,2026-08-15T19:03:00Z,BATCH-PHNP-2149
PO_B14_002150,PayU Enterprise,OLAA-EXC-872902-UNRESOLVED,228185,4553,0,0,223632,INR,2026-08-16T18:49:00Z,HOLD-ESCROW
PO_B14_002151,Cashfree Escrow,JIOO-INV-780601 PO_B14_002151,62809,1128,0,0,61681,INR,2026-08-16T10:45:00Z,BATCH-JIOO-2151
PO_B14_002152,Razorpay Nodal,BKMS-ORD-681090 BKMS-ORD-453281 BATCH-BKMS-2152,282487,5649,0,0,276838,INR,2026-08-15T22:55:00Z,BATCH-BKMS-2152
PO_B14_002153,BillDesk Settlement,TATA-ORD-131908 TATA-ORD-676358 TATA-ORD-291249 BATCH-TATA-2153,563899,11277,0,0,552622,INR,2026-08-16T14:05:00Z,BATCH-TATA-2153
PO_B14_002154,Cashfree Escrow,MMTR-INV-663804 PO_B14_002154,52767,1276,0,0,51491,INR,2026-08-16T17:30:00Z,BATCH-MMTR-2154
PO_B14_002155,Cashfree Escrow,BBAS-INV-567790 PO_B14_002155,248975,5758,0,0,243217,INR,2026-08-16T05:28:00Z,BATCH-BBAS-2155
PO_B14_002156,Razorpay Nodal,TATA-INV-666436 PO_B14_002156,219286,4518,0,0,214768,INR,2026-08-16T23:31:00Z,BATCH-TATA-2156
PO_B14_002157,PayU Enterprise,MYNT-ORD-766200 MYNT-ORD-798202 BATCH-MYNT-2157,154151,3083,0,0,151068,INR,2026-08-16T15:51:00Z,BATCH-MYNT-2157
PO_B14_002158,BillDesk Settlement,BLNK-INV-835605 PO_B14_002158,398000,7645,0,0,390355,INR,2026-08-16T08:26:00Z,BATCH-BLNK-2158
PO_B14_002159,BillDesk Settlement,MMTR-INV-288614 PO_B14_002159,293999,6307,0,0,287692,INR,2026-08-16T06:34:00Z,BATCH-MMTR-2159
PO_B14_002160,PayU Enterprise,MYNT-ORD-521363 MYNT-ORD-324103 MYNT-ORD-419618 BATCH-MYNT-2160,582651,11653,0,0,570998,INR,2026-08-16T02:30:00Z,BATCH-MYNT-2160
PO_B14_002161,BillDesk Settlement,FLPK-INV-487837 PO_B14_002161,369890,8527,0,0,361363,INR,2026-08-15T23:43:00Z,BATCH-FLPK-2161
PO_B14_002162,Cashfree Escrow,AMZN-INV-455436 PO_B14_002162,227712,3444,0,0,224268,INR,2026-08-16T01:26:00Z,BATCH-AMZN-2162
PO_B14_002163,Cashfree Escrow,PAYT-INV-407349 PO_B14_002163,365589,8321,0,0,357268,INR,2026-08-16T09:07:00Z,BATCH-PAYT-2163
PO_B14_002164,Cashfree Escrow,BLNK-INV-200507 PO_B14_002164,257971,4156,0,0,253815,INR,2026-08-16T12:10:00Z,BATCH-BLNK-2164
PO_B14_002165,Cashfree Escrow,MYNT-INV-179497 PO_B14_002165,305542,6886,0,0,298656,INR,2026-08-16T09:43:00Z,BATCH-MYNT-2165
PO_B14_002166,Stripe India,PAYT-INV-655013 PO_B14_002166,79592,1632,0,0,77960,INR,2026-08-16T00:14:00Z,BATCH-PAYT-2166
PO_B14_002167,Cashfree Escrow,ZOMA-INV-605007 PO_B14_002167,322415,7223,0,0,315192,INR,2026-08-15T23:42:00Z,BATCH-ZOMA-2167
PO_B14_002168,Stripe India,PHNP-INV-400440 PO_B14_002168,373560,6327,0,0,367233,INR,2026-08-15T20:28:00Z,BATCH-PHNP-2168
PO_B14_002169,BillDesk Settlement,FLPK-INV-405247 PO_B14_002169,376237,7221,0,0,369016,INR,2026-08-16T07:00:00Z,BATCH-FLPK-2169
PO_B14_002170,Razorpay Nodal,MMTR-ORD-127807 MMTR-ORD-339264 BATCH-MMTR-2170,168657,3373,0,0,165284,INR,2026-08-15T23:33:00Z,BATCH-MMTR-2170
PO_B14_002171,Razorpay Nodal,PHNP-EXC-481560-UNRESOLVED,127570,2541,0,0,125029,INR,2026-08-17T07:23:00Z,HOLD-ESCROW
PO_B14_002172,PayU Enterprise,PHNP-INV-597523 PO_B14_002172,194295,4530,0,0,189765,INR,2026-08-16T01:58:00Z,BATCH-PHNP-2172
PO_B14_002173,Razorpay Nodal,SWIG-ORD-583959 SWIG-ORD-521539 SWIG-ORD-206173 BATCH-SWIG-2173,190143,3802,0,0,186341,INR,2026-08-16T05:06:00Z,BATCH-SWIG-2173
PO_B14_002174,Razorpay Nodal,BLNK-INV-392064 PO_B14_002174,232521,5379,0,0,227142,INR,2026-08-16T09:43:00Z,BATCH-BLNK-2174
PO_B14_002175,BillDesk Settlement,FLPK-ORD-945975 FLPK-ORD-551569 BATCH-FLPK-2175,72061,1441,0,0,70620,INR,2026-08-16T15:37:00Z,BATCH-FLPK-2175
PO_B14_002176,Cashfree Escrow,NYKA-INV-144286 PO_B14_002176,181464,3436,0,0,178028,INR,2026-08-16T04:14:00Z,BATCH-NYKA-2176
PO_B14_002177,BillDesk Settlement,PAYT-INV-795669 PO_B14_002177,351180,6394,0,0,344786,INR,2026-08-15T18:12:00Z,BATCH-PAYT-2177
PO_B14_002178,BillDesk Settlement,PAYT-INV-872273 PO_B14_002178,29319,712,0,0,28607,INR,2026-08-16T00:24:00Z,BATCH-PAYT-2178
PO_B14_002179,Razorpay Nodal,MMTR-INV-538072 PO_B14_002179,358429,6750,0,0,351679,INR,2026-08-16T19:52:00Z,BATCH-MMTR-2179
PO_B14_002180,BillDesk Settlement,PHNP-INV-930169 PO_B14_002180,27493,636,0,0,26857,INR,2026-08-15T19:28:00Z,BATCH-PHNP-2180
PO_B14_002181,Stripe India,JIOO-INV-748782 PO_B14_002181,63653,1534,0,0,62119,INR,2026-08-16T13:55:00Z,BATCH-JIOO-2181
PO_B14_002182,Razorpay Nodal,SWIG-INV-994693 PO_B14_002182,171807,3009,0,0,168798,INR,2026-08-16T17:41:00Z,BATCH-SWIG-2182
PO_B14_002183,Razorpay Nodal,MMTR-INV-598992 PO_B14_002183,268435,6206,0,0,262229,INR,2026-08-16T10:15:00Z,BATCH-MMTR-2183
PO_B14_002184,Stripe India,BKMS-ORD-396490 BKMS-ORD-951572 BKMS-ORD-552651 BATCH-BKMS-2184,496177,9923,0,0,486254,INR,2026-08-16T05:31:00Z,BATCH-BKMS-2184
PO_B14_002185,PayU Enterprise,OLAA-INV-700698 PO_B14_002185,403211,9432,0,0,393779,INR,2026-08-15T20:34:00Z,BATCH-OLAA-2185
PO_B14_002186,Stripe India,UBER-INV-637026 PO_B14_002186,63778,1553,0,0,62225,INR,2026-08-16T17:03:00Z,BATCH-UBER-2186
PO_B14_002187,Stripe India,BKMS-INV-650551 PO_B14_002187,126131,2446,0,0,123685,INR,2026-08-16T01:14:00Z,BATCH-BKMS-2187
PO_B14_002188,Razorpay Nodal,PHNP-INV-744259 PO_B14_002188,223371,4854,0,0,218517,INR,2026-08-16T15:09:00Z,BATCH-PHNP-2188
PO_B14_002189,BillDesk Settlement,NYKA-INV-161838 PO_B14_002189,276360,5016,0,0,271344,INR,2026-08-16T10:42:00Z,BATCH-NYKA-2189
PO_B14_002190,BillDesk Settlement,JIOO-ORD-345593 JIOO-ORD-308471 BATCH-JIOO-2190,288036,5760,0,0,282276,INR,2026-08-15T23:56:00Z,BATCH-JIOO-2190
PO_B14_002191,Razorpay Nodal,PHNP-ORD-689566 PHNP-ORD-179977 BATCH-PHNP-2191,295163,5903,0,0,289260,INR,2026-08-16T04:33:00Z,BATCH-PHNP-2191
PO_B14_002192,Razorpay Nodal,FLPK-INV-201492 PO_B14_002192,106304,2316,0,0,103988,INR,2026-08-16T10:44:00Z,BATCH-FLPK-2192
PO_B14_002193,Stripe India,BLNK-INV-836877 PO_B14_002193,145900,2404,0,0,143496,INR,2026-08-16T00:21:00Z,BATCH-BLNK-2193
PO_B14_002194,Cashfree Escrow,TATA-ORD-150801 TATA-ORD-381055 TATA-ORD-670593 BATCH-TATA-2194,359487,7189,0,0,352298,INR,2026-08-16T09:42:00Z,BATCH-TATA-2194
PO_B14_002195,BillDesk Settlement,MMTR-INV-451372 PO_B14_002195,435538,6906,0,0,428632,INR,2026-08-16T00:49:00Z,BATCH-MMTR-2195
PO_B14_002196,Stripe India,AMZN-INV-725380 PO_B14_002196,426456,6755,0,0,419701,INR,2026-08-16T03:31:00Z,BATCH-AMZN-2196
PO_B14_002197,Razorpay Nodal,PHNP-EXC-466769-UNRESOLVED,152758,3045,0,0,149713,INR,2026-08-16T11:24:00Z,HOLD-ESCROW
PO_B14_002198,PayU Enterprise,OLAA-INV-654483 PO_B14_002198,39364,706,0,0,38658,INR,2026-08-16T12:22:00Z,BATCH-OLAA-2198
PO_B14_002199,Cashfree Escrow,PHNP-INV-171267 PO_B14_002199,140565,2868,0,0,137697,INR,2026-08-16T10:45:00Z,BATCH-PHNP-2199
PO_B14_002200,Cashfree Escrow,OLAA-INV-528940 PO_B14_002200,31297,626,0,0,30671,INR,2026-08-16T00:44:00Z,BATCH-OLAA-2200
PO_B14_002201,Razorpay Nodal,TATA-EXC-423762-UNRESOLVED,60644,1202,0,0,59442,INR,2026-08-16T13:36:00Z,HOLD-ESCROW
PO_B14_002202,Stripe India,FLPK-INV-783817 PO_B14_002202,225866,3604,0,0,222262,INR,2026-08-16T13:49:00Z,BATCH-FLPK-2202
PO_B14_002203,Stripe India,ZOMA-ORD-494138 ZOMA-ORD-133948 BATCH-ZOMA-2203,398633,7972,0,0,390661,INR,2026-08-16T19:38:00Z,BATCH-ZOMA-2203
PO_B14_002204,Razorpay Nodal,BBAS-ORD-449075 BBAS-ORD-626822 BBAS-ORD-730838 BATCH-BBAS-2204,538428,10768,0,0,527660,INR,2026-08-16T18:36:00Z,BATCH-BBAS-2204
PO_B14_002205,BillDesk Settlement,MMTR-INV-459033 PO_B14_002205,182340,3635,0,0,178705,INR,2026-08-15T19:48:00Z,BATCH-MMTR-2205
PO_B14_002206,BillDesk Settlement,AMZN-INV-857983 PO_B14_002206,269018,6184,0,0,262834,INR,2026-08-16T12:29:00Z,BATCH-AMZN-2206
PO_B14_002207,BillDesk Settlement,PHNP-ORD-927630 PHNP-ORD-166646 PHNP-ORD-506216 BATCH-PHNP-2207,572288,11445,0,0,560843,INR,2026-08-16T04:59:00Z,BATCH-PHNP-2207
PO_B14_002208,BillDesk Settlement,SWIG-INV-984695 PO_B14_002208,156879,3084,0,0,153795,INR,2026-08-15T16:11:00Z,BATCH-SWIG-2208
PO_B14_002209,Cashfree Escrow,TATA-INV-638132 PO_B14_002209,346245,5599,0,0,340646,INR,2026-08-16T18:00:00Z,BATCH-TATA-2209
PO_B14_002210,PayU Enterprise,JIOO-ORD-560922 JIOO-ORD-354469 BATCH-JIOO-2210,198228,3964,0,0,194264,INR,2026-08-16T13:12:00Z,BATCH-JIOO-2210
PO_B14_002211,BillDesk Settlement,SWIG-INV-496083 PO_B14_002211,290404,6947,0,0,283457,INR,2026-08-16T18:07:00Z,BATCH-SWIG-2211
PO_B14_002212,Razorpay Nodal,TATA-ORD-840965 TATA-ORD-844655 TATA-ORD-398083 BATCH-TATA-2212,537958,10759,0,0,527199,INR,2026-08-16T13:21:00Z,BATCH-TATA-2212
PO_B14_002213,PayU Enterprise,JIOO-ORD-329656 JIOO-ORD-291964 JIOO-ORD-215319 BATCH-JIOO-2213,391680,7833,0,0,383847,INR,2026-08-15T23:57:00Z,BATCH-JIOO-2213
PO_B14_002214,PayU Enterprise,TATA-INV-186617 PO_B14_002214,140276,2652,0,0,137624,INR,2026-08-16T11:05:00Z,BATCH-TATA-2214
PO_B14_002215,Razorpay Nodal,BLNK-INV-692013 PO_B14_002215,316008,5384,0,0,310624,INR,2026-08-16T15:13:00Z,BATCH-BLNK-2215
PO_B14_002216,Stripe India,JIOO-INV-862831 PO_B14_002216,193928,4286,0,0,189642,INR,2026-08-16T14:31:00Z,BATCH-JIOO-2216
PO_B14_002217,PayU Enterprise,UBER-INV-628697 PO_B14_002217,154870,3713,0,0,151157,INR,2026-08-16T03:51:00Z,BATCH-UBER-2217
PO_B14_002218,Razorpay Nodal,PAYT-ORD-288119 PAYT-ORD-372035 BATCH-PAYT-2218,314252,6285,0,0,307967,INR,2026-08-16T10:47:00Z,BATCH-PAYT-2218
PO_B14_002219,Stripe India,UBER-ORD-819474 UBER-ORD-334139 UBER-ORD-723327 BATCH-UBER-2219,513582,10271,0,0,503311,INR,2026-08-16T01:13:00Z,BATCH-UBER-2219
PO_B14_002220,Cashfree Escrow,BBAS-INV-858946 PO_B14_002220,49375,752,0,0,48623,INR,2026-08-15T15:54:00Z,BATCH-BBAS-2220
PO_B14_002221,Stripe India,BKMS-INV-589066 PO_B14_002221,43039,926,0,0,42113,INR,2026-08-16T13:44:00Z,BATCH-BKMS-2221
PO_B14_002222,Stripe India,BBAS-INV-595263 PO_B14_002222,425571,10264,0,0,415307,INR,2026-08-16T19:16:00Z,BATCH-BBAS-2222
PO_B14_002223,BillDesk Settlement,BBAS-ORD-653347 BBAS-ORD-380860 BATCH-BBAS-2223,291026,5820,0,0,285206,INR,2026-08-16T01:43:00Z,BATCH-BBAS-2223
PO_B14_002224,Stripe India,MMTR-INV-744692 PO_B14_002224,51952,1200,0,0,50752,INR,2026-08-15T23:12:00Z,BATCH-MMTR-2224
PO_B14_002225,PayU Enterprise,TATA-ORD-796540 TATA-ORD-601918 TATA-ORD-294880 BATCH-TATA-2225,660882,13217,0,0,647665,INR,2026-08-16T06:11:00Z,BATCH-TATA-2225
PO_B14_002226,BillDesk Settlement,FLPK-ORD-894584 FLPK-ORD-399237 BATCH-FLPK-2226,217828,4356,0,0,213472,INR,2026-08-16T05:13:00Z,BATCH-FLPK-2226
PO_B14_002227,Stripe India,ZOMA-INV-275168 PO_B14_002227,126976,2380,0,0,124596,INR,2026-08-16T06:04:00Z,BATCH-ZOMA-2227
PO_B14_002228,Cashfree Escrow,MYNT-INV-446219 PO_B14_002228,83707,1768,0,0,81939,INR,2026-08-16T14:31:00Z,BATCH-MYNT-2228
PO_B14_002229,Stripe India,MYNT-INV-870166 PO_B14_002229,53440,1012,0,0,52428,INR,2026-08-16T02:15:00Z,BATCH-MYNT-2229
PO_B14_002230,PayU Enterprise,FLPK-INV-315617 PO_B14_002230,77447,1364,0,0,76083,INR,2026-08-16T14:32:00Z,BATCH-FLPK-2230
PO_B14_002231,Cashfree Escrow,AMZN-ORD-918809 AMZN-ORD-871857 BATCH-AMZN-2231,144836,2896,0,0,141940,INR,2026-08-16T05:56:00Z,BATCH-AMZN-2231
PO_B14_002232,Cashfree Escrow,MYNT-INV-744633 PO_B14_002232,71120,1079,0,0,70041,INR,2026-08-16T09:08:00Z,BATCH-MYNT-2232
PO_B14_002233,BillDesk Settlement,JIOO-INV-805714 PO_B14_002233,50474,813,0,0,49661,INR,2026-08-15T19:37:00Z,BATCH-JIOO-2233
PO_B14_002234,BillDesk Settlement,PHNP-INV-259093 PO_B14_002234,321344,7431,0,0,313913,INR,2026-08-16T00:57:00Z,BATCH-PHNP-2234
PO_B14_002235,Cashfree Escrow,PHNP-ORD-283500 PHNP-ORD-873403 BATCH-PHNP-2235,194518,3890,0,0,190628,INR,2026-08-15T22:08:00Z,BATCH-PHNP-2235
PO_B14_002236,Stripe India,MYNT-INV-693578 PO_B14_002236,147954,3061,0,0,144893,INR,2026-08-16T22:22:00Z,BATCH-MYNT-2236
PO_B14_002237,BillDesk Settlement,MMTR-ORD-343654 MMTR-ORD-897688 MMTR-ORD-643072 BATCH-MMTR-2237,393218,7864,0,0,385354,INR,2026-08-15T23:02:00Z,BATCH-MMTR-2237
PO_B14_002238,BillDesk Settlement,BBAS-INV-334182 PO_B14_002238,252184,5248,0,0,246936,INR,2026-08-16T03:49:00Z,BATCH-BBAS-2238
PO_B14_002239,Stripe India,MYNT-ORD-240028 MYNT-ORD-768093 MYNT-ORD-296101 BATCH-MYNT-2239,575839,11516,0,0,564323,INR,2026-08-16T07:22:00Z,BATCH-MYNT-2239
PO_B14_002240,Stripe India,JIOO-INV-251004 PO_B14_002240,407030,6262,0,0,400768,INR,2026-08-16T12:08:00Z,BATCH-JIOO-2240
PO_B14_002241,Cashfree Escrow,OLAA-INV-192573 PO_B14_002241,30723,505,0,0,30218,INR,2026-08-15T17:34:00Z,BATCH-OLAA-2241
PO_B14_002242,Razorpay Nodal,ZOMA-EXC-262117-UNRESOLVED,97665,1943,0,0,95722,INR,2026-08-16T13:26:00Z,HOLD-ESCROW
PO_B14_002243,Razorpay Nodal,BBAS-ORD-479071 BBAS-ORD-363853 BBAS-ORD-219887 BATCH-BBAS-2243,462228,9244,0,0,452984,INR,2026-08-16T04:24:00Z,BATCH-BBAS-2243
PO_B14_002244,PayU Enterprise,MMTR-INV-706491 PO_B14_002244,119602,2886,0,0,116716,INR,2026-08-15T22:58:00Z,BATCH-MMTR-2244
PO_B14_002245,BillDesk Settlement,MYNT-INV-868334 PO_B14_002245,156685,2859,0,0,153826,INR,2026-08-16T02:15:00Z,BATCH-MYNT-2245
PO_B14_002246,Razorpay Nodal,BLNK-ORD-257311 BLNK-ORD-970305 BATCH-BLNK-2246,49995,999,0,0,48996,INR,2026-08-16T12:01:00Z,BATCH-BLNK-2246
PO_B14_002247,Stripe India,OLAA-ORD-500041 OLAA-ORD-605526 BATCH-OLAA-2247,181359,3627,0,0,177732,INR,2026-08-16T04:54:00Z,BATCH-OLAA-2247
PO_B14_002248,Stripe India,SWIG-INV-360993 PO_B14_002248,317688,7607,0,0,310081,INR,2026-08-15T22:07:00Z,BATCH-SWIG-2248
PO_B14_002249,PayU Enterprise,TATA-EXC-854127-UNRESOLVED,213765,4265,0,0,209500,INR,2026-08-16T14:49:00Z,HOLD-ESCROW
PO_B14_002250,BillDesk Settlement,SWIG-ORD-154334 SWIG-ORD-228181 SWIG-ORD-386864 BATCH-SWIG-2250,538839,10776,0,0,528063,INR,2026-08-16T03:48:00Z,BATCH-SWIG-2250
PO_B14_002251,Razorpay Nodal,UBER-ORD-100349 UBER-ORD-283289 BATCH-UBER-2251,192727,3854,0,0,188873,INR,2026-08-16T02:08:00Z,BATCH-UBER-2251
PO_B14_002252,Stripe India,AMZN-INV-834087 PO_B14_002252,140739,2813,0,0,137926,INR,2026-08-15T22:47:00Z,BATCH-AMZN-2252
PO_B14_002253,BillDesk Settlement,AMZN-INV-199180 PO_B14_002253,317447,7353,0,0,310094,INR,2026-08-16T13:10:00Z,BATCH-AMZN-2253
PO_B14_002254,Stripe India,SWIG-INV-568834 PO_B14_002254,423833,8303,0,0,415530,INR,2026-08-17T02:25:00Z,BATCH-SWIG-2254
PO_B14_002255,PayU Enterprise,ZOMA-INV-218343 PO_B14_002255,274870,4932,0,0,269938,INR,2026-08-16T06:43:00Z,BATCH-ZOMA-2255
PO_B14_002256,PayU Enterprise,JIOO-ORD-104435 JIOO-ORD-805488 BATCH-JIOO-2256,192204,3844,0,0,188360,INR,2026-08-16T09:44:00Z,BATCH-JIOO-2256
PO_B14_002257,Cashfree Escrow,FLPK-INV-927407 PO_B14_002257,357962,6034,0,0,351928,INR,2026-08-15T20:01:00Z,BATCH-FLPK-2257
PO_B14_002258,PayU Enterprise,TATA-INV-605030 PO_B14_002258,236884,3769,0,0,233115,INR,2026-08-16T21:04:00Z,BATCH-TATA-2258
PO_B14_002259,Stripe India,JIOO-ORD-775072 JIOO-ORD-885225 BATCH-JIOO-2259,261210,5224,0,0,255986,INR,2026-08-16T00:21:00Z,BATCH-JIOO-2259
PO_B14_002260,Razorpay Nodal,OLAA-INV-144316 PO_B14_002260,238393,5149,0,0,233244,INR,2026-08-16T21:48:00Z,BATCH-OLAA-2260
PO_B14_002261,Cashfree Escrow,NYKA-ORD-465018 NYKA-ORD-915274 NYKA-ORD-819286 BATCH-NYKA-2261,493758,9875,0,0,483883,INR,2026-08-16T05:48:00Z,BATCH-NYKA-2261
PO_B14_002262,Stripe India,BBAS-ORD-279273 BBAS-ORD-267261 BBAS-ORD-238890 BATCH-BBAS-2262,304973,6099,0,0,298874,INR,2026-08-16T19:12:00Z,BATCH-BBAS-2262
PO_B14_002263,BillDesk Settlement,PHNP-INV-238267 PO_B14_002263,176654,3530,0,0,173124,INR,2026-08-16T03:01:00Z,BATCH-PHNP-2263
PO_B14_002264,Cashfree Escrow,PAYT-ORD-607044 PAYT-ORD-403607 PAYT-ORD-148300 BATCH-PAYT-2264,493806,9876,0,0,483930,INR,2026-08-16T07:40:00Z,BATCH-PAYT-2264
PO_B14_002265,PayU Enterprise,OLAA-EXC-478352-UNRESOLVED,91562,1821,0,0,89741,INR,2026-08-16T23:44:00Z,HOLD-ESCROW
PO_B14_002266,Stripe India,PAYT-INV-546961 PO_B14_002266,259782,4711,0,0,255071,INR,2026-08-16T13:38:00Z,BATCH-PAYT-2266
PO_B14_002267,PayU Enterprise,NYKA-INV-833997 PO_B14_002267,309741,6550,0,0,303191,INR,2026-08-16T13:39:00Z,BATCH-NYKA-2267
PO_B14_002268,Cashfree Escrow,MYNT-INV-854535 PO_B14_002268,37163,923,0,0,36240,INR,2026-08-15T20:55:00Z,BATCH-MYNT-2268
PO_B14_002269,BillDesk Settlement,AMZN-INV-353449 PO_B14_002269,36308,804,0,0,35504,INR,2026-08-16T08:38:00Z,BATCH-AMZN-2269
PO_B14_002270,Cashfree Escrow,TATA-ORD-494067 TATA-ORD-216078 TATA-ORD-850557 BATCH-TATA-2270,357858,7157,0,0,350701,INR,2026-08-16T13:49:00Z,BATCH-TATA-2270
PO_B14_002271,Stripe India,AMZN-INV-310986 PO_B14_002271,272405,4602,0,0,267803,INR,2026-08-15T18:28:00Z,BATCH-AMZN-2271
PO_B14_002272,Razorpay Nodal,BKMS-INV-870537 PO_B14_002272,171722,2778,0,0,168944,INR,2026-08-16T05:32:00Z,BATCH-BKMS-2272
PO_B14_002273,BillDesk Settlement,UBER-INV-942900 PO_B14_002273,323968,7415,0,0,316553,INR,2026-08-15T18:51:00Z,BATCH-UBER-2273
PO_B14_002274,Stripe India,AMZN-INV-118978 PO_B14_002274,399590,6852,0,0,392738,INR,2026-08-16T06:35:00Z,BATCH-AMZN-2274
PO_B14_002275,Cashfree Escrow,ZOMA-INV-821665 PO_B14_002275,88824,1794,0,0,87030,INR,2026-08-16T05:01:00Z,BATCH-ZOMA-2275
PO_B14_002276,Stripe India,BKMS-INV-879265 PO_B14_002276,45163,975,0,0,44188,INR,2026-08-16T02:52:00Z,BATCH-BKMS-2276
PO_B14_002277,BillDesk Settlement,BKMS-INV-269606 PO_B14_002277,265587,5222,0,0,260365,INR,2026-08-16T06:21:00Z,BATCH-BKMS-2277
PO_B14_002278,PayU Enterprise,NYKA-INV-791524 PO_B14_002278,136890,2137,0,0,134753,INR,2026-08-16T12:53:00Z,BATCH-NYKA-2278
PO_B14_002279,Stripe India,MMTR-ORD-737711 MMTR-ORD-508555 MMTR-ORD-109330 BATCH-MMTR-2279,330032,6600,0,0,323432,INR,2026-08-16T18:12:00Z,BATCH-MMTR-2279
PO_B14_002280,Cashfree Escrow,AMZN-ORD-514308 AMZN-ORD-511807 BATCH-AMZN-2280,222623,4452,0,0,218171,INR,2026-08-16T16:01:00Z,BATCH-AMZN-2280
PO_B14_002281,BillDesk Settlement,BKMS-INV-250102 PO_B14_002281,274914,4226,0,0,270688,INR,2026-08-16T10:56:00Z,BATCH-BKMS-2281
PO_B14_002282,BillDesk Settlement,ZOMA-INV-825304 PO_B14_002282,275778,6578,0,0,269200,INR,2026-08-16T03:19:00Z,BATCH-ZOMA-2282
PO_B14_002283,BillDesk Settlement,AMZN-INV-228756 PO_B14_002283,64378,1247,0,0,63131,INR,2026-08-16T18:39:00Z,BATCH-AMZN-2283
PO_B14_002284,Razorpay Nodal,ZOMA-INV-316032 PO_B14_002284,91986,2203,0,0,89783,INR,2026-08-16T13:29:00Z,BATCH-ZOMA-2284
PO_B14_002285,BillDesk Settlement,OLAA-INV-630630 PO_B14_002285,380697,5935,0,0,374762,INR,2026-08-16T03:00:00Z,BATCH-OLAA-2285
PO_B14_002286,Razorpay Nodal,JIOO-ORD-470559 JIOO-ORD-447053 BATCH-JIOO-2286,194956,3899,0,0,191057,INR,2026-08-16T09:01:00Z,BATCH-JIOO-2286
PO_B14_002287,Stripe India,OLAA-INV-134231 PO_B14_002287,244458,4554,0,0,239904,INR,2026-08-16T07:32:00Z,BATCH-OLAA-2287
PO_B14_002288,Razorpay Nodal,BLNK-EXC-322587-UNRESOLVED,272308,5436,0,0,266872,INR,2026-08-17T08:47:00Z,HOLD-ESCROW
PO_B14_002289,BillDesk Settlement,UBER-INV-558097 PO_B14_002289,97082,2121,0,0,94961,INR,2026-08-15T22:50:00Z,BATCH-UBER-2289
PO_B14_002290,Razorpay Nodal,FLPK-INV-938565 PO_B14_002290,89778,2117,0,0,87661,INR,2026-08-16T08:50:00Z,BATCH-FLPK-2290
PO_B14_002291,BillDesk Settlement,PAYT-EXC-830332-UNRESOLVED,78242,1554,0,0,76688,INR,2026-08-17T05:29:00Z,HOLD-ESCROW
PO_B14_002292,BillDesk Settlement,MYNT-INV-783143 PO_B14_002292,435847,10189,0,0,425658,INR,2026-08-16T11:57:00Z,BATCH-MYNT-2292
PO_B14_002293,BillDesk Settlement,SWIG-ORD-439900 SWIG-ORD-594756 SWIG-ORD-883929 BATCH-SWIG-2293,466079,9321,0,0,456758,INR,2026-08-16T17:47:00Z,BATCH-SWIG-2293
PO_B14_002294,Razorpay Nodal,FLPK-INV-198762 PO_B14_002294,349240,6229,0,0,343011,INR,2026-08-15T14:43:00Z,BATCH-FLPK-2294
PO_B14_002295,BillDesk Settlement,PAYT-INV-756854 PO_B14_002295,42204,642,0,0,41562,INR,2026-08-15T20:08:00Z,BATCH-PAYT-2295
PO_B14_002296,PayU Enterprise,AMZN-INV-110173 PO_B14_002296,54404,960,0,0,53444,INR,2026-08-15T13:05:00Z,BATCH-AMZN-2296
PO_B14_002297,Stripe India,BKMS-ORD-570489 BKMS-ORD-248135 BKMS-ORD-197959 BATCH-BKMS-2297,458481,9169,0,0,449312,INR,2026-08-16T07:30:00Z,BATCH-BKMS-2297
PO_B14_002298,PayU Enterprise,TATA-INV-236551 PO_B14_002298,381185,7117,0,0,374068,INR,2026-08-15T19:52:00Z,BATCH-TATA-2298
PO_B14_002299,BillDesk Settlement,BLNK-INV-738995 PO_B14_002299,326845,5524,0,0,321321,INR,2026-08-15T23:13:00Z,BATCH-BLNK-2299
PO_B14_002300,Cashfree Escrow,FLPK-INV-833468 PO_B14_002300,194570,3271,0,0,191299,INR,2026-08-16T05:49:00Z,BATCH-FLPK-2300
PO_B14_002301,BillDesk Settlement,MYNT-INV-842179 PO_B14_002301,439307,7379,0,0,431928,INR,2026-08-16T10:55:00Z,BATCH-MYNT-2301
PO_B14_002302,Razorpay Nodal,PHNP-ORD-744436 PHNP-ORD-451272 BATCH-PHNP-2302,327358,6547,0,0,320811,INR,2026-08-16T12:37:00Z,BATCH-PHNP-2302
PO_B14_002303,Razorpay Nodal,BBAS-ORD-986997 BBAS-ORD-721363 BATCH-BBAS-2303,381218,7624,0,0,373594,INR,2026-08-16T20:16:00Z,BATCH-BBAS-2303
PO_B14_002304,Razorpay Nodal,SWIG-INV-124594 PO_B14_002304,446642,9768,0,0,436874,INR,2026-08-16T05:06:00Z,BATCH-SWIG-2304
PO_B14_002305,Stripe India,PHNP-INV-524711 PO_B14_002305,422977,8729,0,0,414248,INR,2026-08-16T14:04:00Z,BATCH-PHNP-2305
PO_B14_002306,Stripe India,OLAA-INV-427134 PO_B14_002306,34205,676,0,0,33529,INR,2026-08-16T20:28:00Z,BATCH-OLAA-2306
PO_B14_002307,BillDesk Settlement,PAYT-INV-592707 PO_B14_002307,249577,5644,0,0,243933,INR,2026-08-16T15:02:00Z,BATCH-PAYT-2307
PO_B14_002308,PayU Enterprise,TATA-INV-427358 PO_B14_002308,371149,5614,0,0,365535,INR,2026-08-16T15:14:00Z,BATCH-TATA-2308
PO_B14_002309,Cashfree Escrow,PHNP-INV-816818 PO_B14_002309,83904,1943,0,0,81961,INR,2026-08-16T06:04:00Z,BATCH-PHNP-2309
PO_B14_002310,Razorpay Nodal,MMTR-INV-509199 PO_B14_002310,263678,5822,0,0,257856,INR,2026-08-16T03:50:00Z,BATCH-MMTR-2310
PO_B14_002311,Stripe India,MMTR-INV-208900 PO_B14_002311,316663,5793,0,0,310870,INR,2026-08-16T08:39:00Z,BATCH-MMTR-2311
PO_B14_002312,BillDesk Settlement,SWIG-INV-480622 PO_B14_002312,284656,6824,0,0,277832,INR,2026-08-16T07:21:00Z,BATCH-SWIG-2312
PO_B14_002313,Stripe India,UBER-INV-258416 PO_B14_002313,148679,3346,0,0,145333,INR,2026-08-16T08:32:00Z,BATCH-UBER-2313
PO_B14_002314,BillDesk Settlement,ZOMA-INV-418420 PO_B14_002314,52415,994,0,0,51421,INR,2026-08-15T23:13:00Z,BATCH-ZOMA-2314
PO_B14_002315,Cashfree Escrow,PHNP-INV-641654 PO_B14_002315,330782,7062,0,0,323720,INR,2026-08-16T03:45:00Z,BATCH-PHNP-2315
PO_B14_002316,PayU Enterprise,MMTR-INV-468895 PO_B14_002316,207875,4509,0,0,203366,INR,2026-08-16T09:44:00Z,BATCH-MMTR-2316
PO_B14_002317,Cashfree Escrow,FLPK-INV-874572 PO_B14_002317,174979,4238,0,0,170741,INR,2026-08-16T13:12:00Z,BATCH-FLPK-2317
PO_B14_002318,BillDesk Settlement,TATA-INV-143783 PO_B14_002318,226184,4817,0,0,221367,INR,2026-08-16T04:43:00Z,BATCH-TATA-2318
PO_B14_002319,Razorpay Nodal,NYKA-ORD-803887 NYKA-ORD-600362 BATCH-NYKA-2319,321295,6425,0,0,314870,INR,2026-08-16T03:43:00Z,BATCH-NYKA-2319
PO_B14_002320,Stripe India,JIOO-INV-299696 PO_B14_002320,153564,3198,0,0,150366,INR,2026-08-16T14:54:00Z,BATCH-JIOO-2320
PO_B14_002321,Razorpay Nodal,PHNP-INV-646573 PO_B14_002321,255935,5358,0,0,250577,INR,2026-08-16T08:27:00Z,BATCH-PHNP-2321
PO_B14_002322,BillDesk Settlement,NYKA-INV-454990 PO_B14_002322,441500,6879,0,0,434621,INR,2026-08-15T17:17:00Z,BATCH-NYKA-2322
PO_B14_002323,BillDesk Settlement,OLAA-EXC-515673-UNRESOLVED,114906,2288,0,0,112618,INR,2026-08-16T17:11:00Z,HOLD-ESCROW
PO_B14_002324,Cashfree Escrow,MMTR-INV-800502 PO_B14_002324,398698,7877,0,0,390821,INR,2026-08-16T02:57:00Z,BATCH-MMTR-2324
PO_B14_002325,Stripe India,BKMS-INV-162623 PO_B14_002325,402489,6922,0,0,395567,INR,2026-08-16T23:06:00Z,BATCH-BKMS-2325
PO_B14_002326,BillDesk Settlement,BKMS-EXC-642393-UNRESOLVED,97784,1945,0,0,95839,INR,2026-08-16T16:05:00Z,HOLD-ESCROW
PO_B14_002327,Cashfree Escrow,SWIG-INV-527944 PO_B14_002327,273986,6696,0,0,267290,INR,2026-08-16T06:57:00Z,BATCH-SWIG-2327
PO_B14_002328,Cashfree Escrow,BBAS-ORD-612495 BBAS-ORD-338863 BATCH-BBAS-2328,326414,6528,0,0,319886,INR,2026-08-16T03:39:00Z,BATCH-BBAS-2328
PO_B14_002329,Stripe India,UBER-INV-516285 PO_B14_002329,386531,8081,0,0,378450,INR,2026-08-16T21:01:00Z,BATCH-UBER-2329
PO_B14_002330,Stripe India,AMZN-INV-640207 PO_B14_002330,80015,1596,0,0,78419,INR,2026-08-16T08:14:00Z,BATCH-AMZN-2330
PO_B14_002331,Stripe India,PHNP-INV-971516 PO_B14_002331,206446,3231,0,0,203215,INR,2026-08-15T23:20:00Z,BATCH-PHNP-2331
PO_B14_002332,Razorpay Nodal,SWIG-INV-545031 PO_B14_002332,130505,2429,0,0,128076,INR,2026-08-16T05:06:00Z,BATCH-SWIG-2332
PO_B14_002333,Razorpay Nodal,UBER-INV-773080 PO_B14_002333,228095,4614,0,0,223481,INR,2026-08-15T23:56:00Z,BATCH-UBER-2333
PO_B14_002334,Cashfree Escrow,MMTR-ORD-621617 MMTR-ORD-992184 BATCH-MMTR-2334,311352,6227,0,0,305125,INR,2026-08-16T04:43:00Z,BATCH-MMTR-2334
PO_B14_002335,Razorpay Nodal,OLAA-ORD-374880 OLAA-ORD-525267 BATCH-OLAA-2335,175976,3519,0,0,172457,INR,2026-08-16T03:26:00Z,BATCH-OLAA-2335
PO_B14_002336,BillDesk Settlement,ZOMA-INV-873744 PO_B14_002336,383131,7543,0,0,375588,INR,2026-08-15T23:25:00Z,BATCH-ZOMA-2336
PO_B14_002337,Cashfree Escrow,PAYT-INV-626833 PO_B14_002337,31855,700,0,0,31155,INR,2026-08-16T15:04:00Z,BATCH-PAYT-2337
PO_B14_002338,Stripe India,PAYT-INV-245976 PO_B14_002338,265982,5636,0,0,260346,INR,2026-08-16T13:54:00Z,BATCH-PAYT-2338
PO_B14_002339,Cashfree Escrow,OLAA-EXC-405639-UNRESOLVED,201940,4028,0,0,197912,INR,2026-08-17T05:27:00Z,HOLD-ESCROW
PO_B14_002340,Cashfree Escrow,ZOMA-INV-309600 PO_B14_002340,293524,4842,0,0,288682,INR,2026-08-16T19:27:00Z,BATCH-ZOMA-2340
PO_B14_002341,Stripe India,UBER-INV-501658 PO_B14_002341,65286,1239,0,0,64047,INR,2026-08-16T10:51:00Z,BATCH-UBER-2341
PO_B14_002342,Razorpay Nodal,SWIG-INV-634884 PO_B14_002342,233124,4130,0,0,228994,INR,2026-08-15T23:41:00Z,BATCH-SWIG-2342
PO_B14_002343,Cashfree Escrow,BLNK-INV-256778 PO_B14_002343,330850,7983,0,0,322867,INR,2026-08-16T04:33:00Z,BATCH-BLNK-2343
PO_B14_002344,Cashfree Escrow,PAYT-ORD-253609 PAYT-ORD-685061 BATCH-PAYT-2344,352932,7058,0,0,345874,INR,2026-08-16T03:28:00Z,BATCH-PAYT-2344
PO_B14_002345,PayU Enterprise,SWIG-ORD-984343 SWIG-ORD-821606 SWIG-ORD-292764 BATCH-SWIG-2345,552643,11052,0,0,541591,INR,2026-08-16T12:12:00Z,BATCH-SWIG-2345
PO_B14_002346,Cashfree Escrow,BLNK-ORD-525042 BLNK-ORD-416486 BATCH-BLNK-2346,355686,7113,0,0,348573,INR,2026-08-16T12:50:00Z,BATCH-BLNK-2346
PO_B14_002347,Stripe India,BKMS-INV-974218 PO_B14_002347,151270,2863,0,0,148407,INR,2026-08-16T15:03:00Z,BATCH-BKMS-2347
PO_B14_002348,Razorpay Nodal,NYKA-INV-639749 PO_B14_002348,428118,7635,0,0,420483,INR,2026-08-16T12:48:00Z,BATCH-NYKA-2348
PO_B14_002349,Cashfree Escrow,BBAS-ORD-956670 BBAS-ORD-839874 BATCH-BBAS-2349,369342,7386,0,0,361956,INR,2026-08-16T13:07:00Z,BATCH-BBAS-2349
PO_B14_002350,Cashfree Escrow,MMTR-INV-963714 PO_B14_002350,320286,5715,0,0,314571,INR,2026-08-15T20:40:00Z,BATCH-MMTR-2350
PO_B14_002351,Stripe India,PHNP-INV-845268 PO_B14_002351,235063,4002,0,0,231061,INR,2026-08-16T08:10:00Z,BATCH-PHNP-2351
PO_B14_002352,Cashfree Escrow,MYNT-INV-924117 PO_B14_002352,127535,2338,0,0,125197,INR,2026-08-16T14:11:00Z,BATCH-MYNT-2352
PO_B14_002353,Razorpay Nodal,BLNK-INV-534882 PO_B14_002353,160062,2624,0,0,157438,INR,2026-08-16T03:39:00Z,BATCH-BLNK-2353
PO_B14_002354,BillDesk Settlement,UBER-INV-818060 PO_B14_002354,251273,5984,0,0,245289,INR,2026-08-16T15:02:00Z,BATCH-UBER-2354
PO_B14_002355,Stripe India,NYKA-INV-553064 PO_B14_002355,175145,3901,0,0,171244,INR,2026-08-16T01:28:00Z,BATCH-NYKA-2355
PO_B14_002356,BillDesk Settlement,JIOO-INV-843374 PO_B14_002356,160625,2881,0,0,157744,INR,2026-08-16T15:54:00Z,BATCH-JIOO-2356
PO_B14_002357,Cashfree Escrow,ZOMA-INV-414046 PO_B14_002357,118877,2483,0,0,116394,INR,2026-08-16T00:52:00Z,BATCH-ZOMA-2357
PO_B14_002358,Razorpay Nodal,OLAA-INV-297996 PO_B14_002358,354304,5830,0,0,348474,INR,2026-08-16T06:34:00Z,BATCH-OLAA-2358
PO_B14_002359,Cashfree Escrow,MMTR-INV-238825 PO_B14_002359,429310,6969,0,0,422341,INR,2026-08-16T08:43:00Z,BATCH-MMTR-2359
PO_B14_002360,PayU Enterprise,ZOMA-INV-730212 PO_B14_002360,412921,6841,0,0,406080,INR,2026-08-16T18:03:00Z,BATCH-ZOMA-2360
PO_B14_002361,Stripe India,PAYT-INV-503790 PO_B14_002361,381999,7792,0,0,374207,INR,2026-08-16T09:07:00Z,BATCH-PAYT-2361
PO_B14_002362,PayU Enterprise,TATA-ORD-991371 TATA-ORD-796519 TATA-ORD-704128 BATCH-TATA-2362,592359,11847,0,0,580512,INR,2026-08-16T00:13:00Z,BATCH-TATA-2362
PO_B14_002363,Razorpay Nodal,NYKA-ORD-284897 NYKA-ORD-312059 NYKA-ORD-850563 BATCH-NYKA-2363,240019,4800,0,0,235219,INR,2026-08-16T14:44:00Z,BATCH-NYKA-2363
PO_B14_002364,Razorpay Nodal,TATA-INV-884780 PO_B14_002364,341104,7716,0,0,333388,INR,2026-08-16T06:33:00Z,BATCH-TATA-2364
PO_B14_002365,Cashfree Escrow,FLPK-ORD-802320 FLPK-ORD-306274 BATCH-FLPK-2365,193230,3864,0,0,189366,INR,2026-08-15T21:27:00Z,BATCH-FLPK-2365
PO_B14_002366,Stripe India,BKMS-INV-400766 PO_B14_002366,232015,4011,0,0,228004,INR,2026-08-16T03:41:00Z,BATCH-BKMS-2366
PO_B14_002367,PayU Enterprise,PHNP-INV-994024 PO_B14_002367,208561,4615,0,0,203946,INR,2026-08-16T09:58:00Z,BATCH-PHNP-2367
PO_B14_002368,Stripe India,AMZN-INV-156455 PO_B14_002368,375856,7079,0,0,368777,INR,2026-08-16T02:40:00Z,BATCH-AMZN-2368
PO_B14_002369,Cashfree Escrow,BKMS-INV-109047 PO_B14_002369,373753,7515,0,0,366238,INR,2026-08-15T17:29:00Z,BATCH-BKMS-2369
PO_B14_002370,Razorpay Nodal,PAYT-ORD-383401 PAYT-ORD-643004 BATCH-PAYT-2370,234967,4699,0,0,230268,INR,2026-08-16T02:06:00Z,BATCH-PAYT-2370
PO_B14_002371,Razorpay Nodal,FLPK-EXC-791745-UNRESOLVED,108593,2161,0,0,106432,INR,2026-08-16T18:45:00Z,HOLD-ESCROW
PO_B14_002372,Razorpay Nodal,BLNK-INV-937134 PO_B14_002372,86996,2128,0,0,84868,INR,2026-08-16T06:38:00Z,BATCH-BLNK-2372
PO_B14_002373,BillDesk Settlement,NYKA-INV-898432 PO_B14_002373,57167,1368,0,0,55799,INR,2026-08-16T08:21:00Z,BATCH-NYKA-2373
PO_B14_002374,Stripe India,MMTR-ORD-803041 MMTR-ORD-962066 MMTR-ORD-795502 BATCH-MMTR-2374,345620,6912,0,0,338708,INR,2026-08-16T13:03:00Z,BATCH-MMTR-2374
PO_B14_002375,BillDesk Settlement,OLAA-ORD-470331 OLAA-ORD-726802 BATCH-OLAA-2375,263325,5266,0,0,258059,INR,2026-08-16T08:02:00Z,BATCH-OLAA-2375
PO_B14_002376,Razorpay Nodal,TATA-INV-398276 PO_B14_002376,206256,3423,0,0,202833,INR,2026-08-16T07:19:00Z,BATCH-TATA-2376
PO_B14_002377,Stripe India,MYNT-ORD-515289 MYNT-ORD-542570 MYNT-ORD-825232 BATCH-MYNT-2377,417011,8340,0,0,408671,INR,2026-08-16T13:55:00Z,BATCH-MYNT-2377
PO_B14_002378,PayU Enterprise,MMTR-ORD-554312 MMTR-ORD-570716 MMTR-ORD-149227 BATCH-MMTR-2378,327295,6545,0,0,320750,INR,2026-08-15T23:18:00Z,BATCH-MMTR-2378
PO_B14_002379,Cashfree Escrow,UBER-ORD-439730 UBER-ORD-982707 BATCH-UBER-2379,319507,6390,0,0,313117,INR,2026-08-16T04:28:00Z,BATCH-UBER-2379
PO_B14_002380,PayU Enterprise,TATA-INV-850394 PO_B14_002380,356990,5458,0,0,351532,INR,2026-08-16T03:50:00Z,BATCH-TATA-2380
PO_B14_002381,BillDesk Settlement,AMZN-INV-320572 PO_B14_002381,123829,2590,0,0,121239,INR,2026-08-16T04:20:00Z,BATCH-AMZN-2381
PO_B14_002382,Stripe India,BKMS-INV-901591 PO_B14_002382,286023,4465,0,0,281558,INR,2026-08-16T07:57:00Z,BATCH-BKMS-2382
PO_B14_002383,Cashfree Escrow,BKMS-INV-519207 PO_B14_002383,96545,1834,0,0,94711,INR,2026-08-16T04:37:00Z,BATCH-BKMS-2383
PO_B14_002384,PayU Enterprise,MYNT-ORD-802860 MYNT-ORD-962903 MYNT-ORD-830350 BATCH-MYNT-2384,344391,6887,0,0,337504,INR,2026-08-16T13:44:00Z,BATCH-MYNT-2384
PO_B14_002385,Stripe India,MMTR-ORD-952080 MMTR-ORD-470722 BATCH-MMTR-2385,436378,8727,0,0,427651,INR,2026-08-16T15:46:00Z,BATCH-MMTR-2385
PO_B14_002386,Razorpay Nodal,NYKA-EXC-732459-UNRESOLVED,172315,3436,0,0,168879,INR,2026-08-16T14:10:00Z,HOLD-ESCROW
PO_B14_002387,Razorpay Nodal,PAYT-ORD-703528 PAYT-ORD-296111 PAYT-ORD-139785 BATCH-PAYT-2387,544249,10884,0,0,533365,INR,2026-08-16T02:34:00Z,BATCH-PAYT-2387
PO_B14_002388,Razorpay Nodal,BKMS-INV-291074 PO_B14_002388,190957,4736,0,0,186221,INR,2026-08-16T10:49:00Z,BATCH-BKMS-2388
PO_B14_002389,BillDesk Settlement,BBAS-INV-736058 PO_B14_002389,340816,6945,0,0,333871,INR,2026-08-16T13:38:00Z,BATCH-BBAS-2389
PO_B14_002390,BillDesk Settlement,PHNP-ORD-933201 PHNP-ORD-261062 BATCH-PHNP-2390,354247,7084,0,0,347163,INR,2026-08-16T14:59:00Z,BATCH-PHNP-2390
PO_B14_002391,PayU Enterprise,SWIG-INV-888281 PO_B14_002391,117211,2592,0,0,114619,INR,2026-08-16T08:07:00Z,BATCH-SWIG-2391
PO_B14_002392,Razorpay Nodal,TATA-ORD-543467 TATA-ORD-362543 TATA-ORD-531312 BATCH-TATA-2392,252117,5042,0,0,247075,INR,2026-08-16T20:45:00Z,BATCH-TATA-2392
PO_B14_002393,BillDesk Settlement,BKMS-INV-811146 PO_B14_002393,227657,5308,0,0,222349,INR,2026-08-16T09:23:00Z,BATCH-BKMS-2393
PO_B14_002394,PayU Enterprise,SWIG-ORD-676229 SWIG-ORD-590586 BATCH-SWIG-2394,292827,5856,0,0,286971,INR,2026-08-16T09:38:00Z,BATCH-SWIG-2394
PO_B14_002395,Cashfree Escrow,OLAA-ORD-122835 OLAA-ORD-735064 BATCH-OLAA-2395,79389,1587,0,0,77802,INR,2026-08-16T07:56:00Z,BATCH-OLAA-2395
PO_B14_002396,PayU Enterprise,JIOO-INV-127204 PO_B14_002396,289242,6884,0,0,282358,INR,2026-08-16T02:15:00Z,BATCH-JIOO-2396
PO_B14_002397,Cashfree Escrow,JIOO-ORD-720000 JIOO-ORD-661204 BATCH-JIOO-2397,267903,5358,0,0,262545,INR,2026-08-16T10:15:00Z,BATCH-JIOO-2397
PO_B14_002398,BillDesk Settlement,PHNP-INV-408914 PO_B14_002398,332801,7082,0,0,325719,INR,2026-08-15T22:29:00Z,BATCH-PHNP-2398
PO_B14_002399,Cashfree Escrow,JIOO-INV-162920 PO_B14_002399,64296,1441,0,0,62855,INR,2026-08-16T14:19:00Z,BATCH-JIOO-2399
PO_B14_002400,BillDesk Settlement,JIOO-INV-730956 PO_B14_002400,133053,2218,0,0,130835,INR,2026-08-16T23:21:00Z,BATCH-JIOO-2400
PO_B14_002401,PayU Enterprise,FLPK-INV-447152 PO_B14_002401,310930,6451,0,0,304479,INR,2026-08-15T19:36:00Z,BATCH-FLPK-2401
PO_B14_002402,PayU Enterprise,SWIG-ORD-951612 SWIG-ORD-569962 SWIG-ORD-446819 BATCH-SWIG-2402,453474,9069,0,0,444405,INR,2026-08-16T17:24:00Z,BATCH-SWIG-2402
PO_B14_002403,BillDesk Settlement,UBER-INV-628455 PO_B14_002403,279545,5836,0,0,273709,INR,2026-08-15T21:55:00Z,BATCH-UBER-2403
PO_B14_002404,Razorpay Nodal,SWIG-EXC-609396-UNRESOLVED,285468,5699,0,0,279769,INR,2026-08-16T10:55:00Z,HOLD-ESCROW
PO_B14_002405,BillDesk Settlement,FLPK-INV-468889 PO_B14_002405,338977,7449,0,0,331528,INR,2026-08-16T00:02:00Z,BATCH-FLPK-2405
PO_B14_002406,Stripe India,ZOMA-ORD-311740 ZOMA-ORD-976021 ZOMA-ORD-970380 BATCH-ZOMA-2406,409711,8194,0,0,401517,INR,2026-08-16T00:07:00Z,BATCH-ZOMA-2406
PO_B14_002407,BillDesk Settlement,PHNP-INV-441807 PO_B14_002407,240709,4452,0,0,236257,INR,2026-08-16T14:33:00Z,BATCH-PHNP-2407
PO_B14_002408,Cashfree Escrow,BKMS-ORD-302656 BKMS-ORD-672041 BATCH-BKMS-2408,260270,5205,0,0,255065,INR,2026-08-16T06:55:00Z,BATCH-BKMS-2408
PO_B14_002409,Razorpay Nodal,ZOMA-EXC-964216-UNRESOLVED,270797,5405,0,0,265392,INR,2026-08-16T16:04:00Z,HOLD-ESCROW
PO_B14_002410,Razorpay Nodal,BKMS-INV-779779 PO_B14_002410,146549,2983,0,0,143566,INR,2026-08-16T04:21:00Z,BATCH-BKMS-2410
PO_B14_002411,PayU Enterprise,BBAS-INV-502232 PO_B14_002411,330512,7728,0,0,322784,INR,2026-08-15T23:10:00Z,BATCH-BBAS-2411
PO_B14_002412,Stripe India,JIOO-INV-622113 PO_B14_002412,199161,4831,0,0,194330,INR,2026-08-16T18:19:00Z,BATCH-JIOO-2412
PO_B14_002413,Cashfree Escrow,PHNP-ORD-829425 PHNP-ORD-968045 PHNP-ORD-103917 BATCH-PHNP-2413,352611,7052,0,0,345559,INR,2026-08-16T17:03:00Z,BATCH-PHNP-2413
PO_B14_002414,PayU Enterprise,FLPK-ORD-717789 FLPK-ORD-955361 FLPK-ORD-918604 BATCH-FLPK-2414,140644,2812,0,0,137832,INR,2026-08-16T06:11:00Z,BATCH-FLPK-2414
PO_B14_002415,PayU Enterprise,BBAS-ORD-415491 BBAS-ORD-633778 BATCH-BBAS-2415,319020,6380,0,0,312640,INR,2026-08-15T22:03:00Z,BATCH-BBAS-2415
PO_B14_002416,Stripe India,PHNP-INV-384060 PO_B14_002416,167844,3114,0,0,164730,INR,2026-08-17T02:44:00Z,BATCH-PHNP-2416
PO_B14_002417,Razorpay Nodal,UBER-ORD-127981 UBER-ORD-591763 BATCH-UBER-2417,469610,9392,0,0,460218,INR,2026-08-16T18:02:00Z,BATCH-UBER-2417
PO_B14_002418,Cashfree Escrow,ZOMA-ORD-394224 ZOMA-ORD-932512 BATCH-ZOMA-2418,231635,4632,0,0,227003,INR,2026-08-16T11:57:00Z,BATCH-ZOMA-2418
PO_B14_002419,Cashfree Escrow,OLAA-INV-947107 PO_B14_002419,50410,873,0,0,49537,INR,2026-08-16T05:07:00Z,BATCH-OLAA-2419
PO_B14_002420,Razorpay Nodal,MMTR-INV-189826 PO_B14_002420,180269,3200,0,0,177069,INR,2026-08-16T08:07:00Z,BATCH-MMTR-2420
PO_B14_002421,BillDesk Settlement,UBER-INV-878533 PO_B14_002421,34541,771,0,0,33770,INR,2026-08-16T14:52:00Z,BATCH-UBER-2421
PO_B14_002422,Cashfree Escrow,UBER-INV-786142 PO_B14_002422,411447,6890,0,0,404557,INR,2026-08-15T17:11:00Z,BATCH-UBER-2422
PO_B14_002423,Stripe India,PAYT-INV-894142 PO_B14_002423,114634,2811,0,0,111823,INR,2026-08-15T20:51:00Z,BATCH-PAYT-2423
PO_B14_002424,Razorpay Nodal,AMZN-INV-123851 PO_B14_002424,359256,5563,0,0,353693,INR,2026-08-15T21:15:00Z,BATCH-AMZN-2424
PO_B14_002425,Cashfree Escrow,UBER-INV-916061 PO_B14_002425,415354,9121,0,0,406233,INR,2026-08-16T08:12:00Z,BATCH-UBER-2425
PO_B14_002426,Razorpay Nodal,AMZN-ORD-207089 AMZN-ORD-847181 BATCH-AMZN-2426,73200,1464,0,0,71736,INR,2026-08-16T18:07:00Z,BATCH-AMZN-2426
PO_B14_002427,BillDesk Settlement,AMZN-INV-136434 PO_B14_002427,41479,892,0,0,40587,INR,2026-08-15T16:45:00Z,BATCH-AMZN-2427
PO_B14_002428,Razorpay Nodal,BKMS-INV-924997 PO_B14_002428,201717,3668,0,0,198049,INR,2026-08-16T00:54:00Z,BATCH-BKMS-2428
PO_B14_002429,BillDesk Settlement,PHNP-ORD-184551 PHNP-ORD-698433 PHNP-ORD-505128 BATCH-PHNP-2429,439794,8795,0,0,430999,INR,2026-08-16T05:39:00Z,BATCH-PHNP-2429
PO_B14_002430,BillDesk Settlement,FLPK-INV-431867 PO_B14_002430,105648,2242,0,0,103406,INR,2026-08-16T20:38:00Z,BATCH-FLPK-2430
PO_B14_002431,BillDesk Settlement,NYKA-INV-645767 PO_B14_002431,94031,2277,0,0,91754,INR,2026-08-16T13:59:00Z,BATCH-NYKA-2431
PO_B14_002432,Cashfree Escrow,TATA-INV-347285 PO_B14_002432,157872,2581,0,0,155291,INR,2026-08-16T09:19:00Z,BATCH-TATA-2432
PO_B14_002433,Razorpay Nodal,BKMS-INV-150324 PO_B14_002433,205747,4909,0,0,200838,INR,2026-08-16T01:12:00Z,BATCH-BKMS-2433
PO_B14_002434,Razorpay Nodal,TATA-INV-475808 PO_B14_002434,166882,3418,0,0,163464,INR,2026-08-16T15:41:00Z,BATCH-TATA-2434
PO_B14_002435,Cashfree Escrow,TATA-INV-451450 PO_B14_002435,106992,2392,0,0,104600,INR,2026-08-16T05:03:00Z,BATCH-TATA-2435
PO_B14_002436,PayU Enterprise,MYNT-INV-611778 PO_B14_002436,34682,580,0,0,34102,INR,2026-08-16T21:41:00Z,BATCH-MYNT-2436
PO_B14_002437,Razorpay Nodal,ZOMA-ORD-185530 ZOMA-ORD-193960 ZOMA-ORD-702081 BATCH-ZOMA-2437,64584,1291,0,0,63293,INR,2026-08-16T08:00:00Z,BATCH-ZOMA-2437
PO_B14_002438,PayU Enterprise,TATA-INV-698953 PO_B14_002438,47322,787,0,0,46535,INR,2026-08-16T14:30:00Z,BATCH-TATA-2438
PO_B14_002439,Razorpay Nodal,MYNT-INV-490670 PO_B14_002439,291403,5189,0,0,286214,INR,2026-08-15T23:20:00Z,BATCH-MYNT-2439
PO_B14_002440,PayU Enterprise,OLAA-INV-996343 PO_B14_002440,288279,5197,0,0,283082,INR,2026-08-16T04:04:00Z,BATCH-OLAA-2440
PO_B14_002441,Cashfree Escrow,MMTR-INV-871567 PO_B14_002441,414283,6847,0,0,407436,INR,2026-08-16T15:50:00Z,BATCH-MMTR-2441
PO_B14_002442,PayU Enterprise,FLPK-INV-125935 PO_B14_002442,164463,3376,0,0,161087,INR,2026-08-16T07:37:00Z,BATCH-FLPK-2442
PO_B14_002443,Stripe India,AMZN-EXC-717643-UNRESOLVED,149170,2973,0,0,146197,INR,2026-08-16T14:16:00Z,HOLD-ESCROW
PO_B14_002444,Cashfree Escrow,SWIG-ORD-131546 SWIG-ORD-867901 BATCH-SWIG-2444,204040,4080,0,0,199960,INR,2026-08-16T06:02:00Z,BATCH-SWIG-2444
PO_B14_002445,Stripe India,JIOO-INV-989402 PO_B14_002445,127486,2281,0,0,125205,INR,2026-08-16T10:20:00Z,BATCH-JIOO-2445
PO_B14_002446,PayU Enterprise,FLPK-INV-213753 PO_B14_002446,51175,933,0,0,50242,INR,2026-08-16T20:56:00Z,BATCH-FLPK-2446
PO_B14_002447,PayU Enterprise,FLPK-INV-499710 PO_B14_002447,195381,3503,0,0,191878,INR,2026-08-16T09:04:00Z,BATCH-FLPK-2447
PO_B14_002448,Razorpay Nodal,AMZN-INV-227567 PO_B14_002448,208186,3204,0,0,204982,INR,2026-08-15T18:11:00Z,BATCH-AMZN-2448
PO_B14_002449,Stripe India,BKMS-INV-222122 PO_B14_002449,159956,3838,0,0,156118,INR,2026-08-15T15:39:00Z,BATCH-BKMS-2449
PO_B14_002450,Stripe India,TATA-INV-351222 PO_B14_002450,363703,9055,0,0,354648,INR,2026-08-16T07:40:00Z,BATCH-TATA-2450
PO_B14_002451,Razorpay Nodal,UBER-INV-112245 PO_B14_002451,105939,1969,0,0,103970,INR,2026-08-16T14:49:00Z,BATCH-UBER-2451
PO_B14_002452,Stripe India,SWIG-ORD-750806 SWIG-ORD-658912 BATCH-SWIG-2452,84736,1694,0,0,83042,INR,2026-08-16T14:14:00Z,BATCH-SWIG-2452
PO_B14_002453,BillDesk Settlement,JIOO-ORD-913194 JIOO-ORD-219792 BATCH-JIOO-2453,213439,4268,0,0,209171,INR,2026-08-16T11:12:00Z,BATCH-JIOO-2453
PO_B14_002454,BillDesk Settlement,BBAS-INV-176171 PO_B14_002454,352923,8447,0,0,344476,INR,2026-08-16T01:01:00Z,BATCH-BBAS-2454
PO_B14_002455,Cashfree Escrow,SWIG-INV-152921 PO_B14_002455,248592,5361,0,0,243231,INR,2026-08-16T17:30:00Z,BATCH-SWIG-2455
PO_B14_002456,Stripe India,JIOO-INV-264607 PO_B14_002456,47471,851,0,0,46620,INR,2026-08-15T17:58:00Z,BATCH-JIOO-2456
PO_B14_002457,BillDesk Settlement,PHNP-INV-479184 PO_B14_002457,113361,2378,0,0,110983,INR,2026-08-15T14:58:00Z,BATCH-PHNP-2457
PO_B14_002458,PayU Enterprise,NYKA-INV-220618 PO_B14_002458,358455,6132,0,0,352323,INR,2026-08-16T21:42:00Z,BATCH-NYKA-2458
PO_B14_002459,Stripe India,UBER-INV-257364 PO_B14_002459,277487,6746,0,0,270741,INR,2026-08-16T13:06:00Z,BATCH-UBER-2459
PO_B14_002460,BillDesk Settlement,MYNT-INV-476130 PO_B14_002460,417425,6810,0,0,410615,INR,2026-08-15T23:59:00Z,BATCH-MYNT-2460
PO_B14_002461,Stripe India,PAYT-INV-938057 PO_B14_002461,252464,5195,0,0,247269,INR,2026-08-16T16:25:00Z,BATCH-PAYT-2461
PO_B14_002462,BillDesk Settlement,BLNK-INV-610148 PO_B14_002462,294694,5302,0,0,289392,INR,2026-08-16T07:02:00Z,BATCH-BLNK-2462
PO_B14_002463,Razorpay Nodal,TATA-INV-329423 PO_B14_002463,132851,3314,0,0,129537,INR,2026-08-16T05:30:00Z,BATCH-TATA-2463
PO_B14_002464,BillDesk Settlement,BBAS-ORD-157086 BBAS-ORD-269849 BATCH-BBAS-2464,242730,4854,0,0,237876,INR,2026-08-16T03:53:00Z,BATCH-BBAS-2464
PO_B14_002465,Razorpay Nodal,ZOMA-INV-681808 PO_B14_002465,347969,6253,0,0,341716,INR,2026-08-15T19:23:00Z,BATCH-ZOMA-2465
PO_B14_002466,PayU Enterprise,JIOO-INV-723641 PO_B14_002466,377890,6869,0,0,371021,INR,2026-08-15T22:10:00Z,BATCH-JIOO-2466
PO_B14_002467,Stripe India,UBER-INV-912124 PO_B14_002467,368861,5788,0,0,363073,INR,2026-08-16T00:10:00Z,BATCH-UBER-2467
PO_B14_002468,Stripe India,OLAA-INV-643700 PO_B14_002468,49514,894,0,0,48620,INR,2026-08-15T21:01:00Z,BATCH-OLAA-2468
PO_B14_002469,Cashfree Escrow,PAYT-INV-922665 PO_B14_002469,92788,1585,0,0,91203,INR,2026-08-16T14:43:00Z,BATCH-PAYT-2469
PO_B14_002470,PayU Enterprise,PAYT-INV-545275 PO_B14_002470,273115,4681,0,0,268434,INR,2026-08-16T15:34:00Z,BATCH-PAYT-2470
PO_B14_002471,Cashfree Escrow,BKMS-INV-767425 PO_B14_002471,345005,8100,0,0,336905,INR,2026-08-16T14:50:00Z,BATCH-BKMS-2471
PO_B14_002472,BillDesk Settlement,JIOO-INV-852407 PO_B14_002472,374694,7823,0,0,366871,INR,2026-08-16T13:39:00Z,BATCH-JIOO-2472
PO_B14_002473,Stripe India,ZOMA-INV-939984 PO_B14_002473,234699,4911,0,0,229788,INR,2026-08-15T21:07:00Z,BATCH-ZOMA-2473
PO_B14_002474,Razorpay Nodal,PHNP-ORD-999958 PHNP-ORD-801914 BATCH-PHNP-2474,269260,5385,0,0,263875,INR,2026-08-16T11:40:00Z,BATCH-PHNP-2474
PO_B14_002475,Razorpay Nodal,OLAA-INV-284162 PO_B14_002475,45632,970,0,0,44662,INR,2026-08-16T17:54:00Z,BATCH-OLAA-2475
PO_B14_002476,Cashfree Escrow,MMTR-ORD-575716 MMTR-ORD-113775 MMTR-ORD-953450 BATCH-MMTR-2476,333843,6676,0,0,327167,INR,2026-08-16T04:59:00Z,BATCH-MMTR-2476
PO_B14_002477,PayU Enterprise,BLNK-INV-279489 PO_B14_002477,221215,3398,0,0,217817,INR,2026-08-16T11:22:00Z,BATCH-BLNK-2477
PO_B14_002478,BillDesk Settlement,BLNK-INV-315548 PO_B14_002478,281962,6055,0,0,275907,INR,2026-08-15T23:03:00Z,BATCH-BLNK-2478
PO_B14_002479,Stripe India,JIOO-INV-504612 PO_B14_002479,118503,2210,0,0,116293,INR,2026-08-16T08:29:00Z,BATCH-JIOO-2479
PO_B14_002480,PayU Enterprise,MYNT-INV-313117 PO_B14_002480,418636,9259,0,0,409377,INR,2026-08-16T00:09:00Z,BATCH-MYNT-2480
PO_B14_002481,Cashfree Escrow,NYKA-ORD-754889 NYKA-ORD-367720 NYKA-ORD-757172 BATCH-NYKA-2481,494689,9893,0,0,484796,INR,2026-08-16T01:36:00Z,BATCH-NYKA-2481
PO_B14_002482,Stripe India,UBER-INV-760649 PO_B14_002482,370425,6042,0,0,364383,INR,2026-08-16T08:06:00Z,BATCH-UBER-2482
PO_B14_002483,Razorpay Nodal,BLNK-INV-219946 PO_B14_002483,26419,544,0,0,25875,INR,2026-08-16T08:50:00Z,BATCH-BLNK-2483
PO_B14_002484,Razorpay Nodal,ZOMA-INV-445394 PO_B14_002484,161224,3295,0,0,157929,INR,2026-08-16T08:50:00Z,BATCH-ZOMA-2484
PO_B14_002485,PayU Enterprise,NYKA-INV-161917 PO_B14_002485,92978,1891,0,0,91087,INR,2026-08-16T13:11:00Z,BATCH-NYKA-2485
PO_B14_002486,Stripe India,FLPK-INV-309118 PO_B14_002486,119349,2469,0,0,116880,INR,2026-08-16T08:17:00Z,BATCH-FLPK-2486
PO_B14_002487,PayU Enterprise,BLNK-INV-931176 PO_B14_002487,103260,2140,0,0,101120,INR,2026-08-15T18:27:00Z,BATCH-BLNK-2487
PO_B14_002488,Stripe India,OLAA-INV-292444 PO_B14_002488,304007,4830,0,0,299177,INR,2026-08-15T18:41:00Z,BATCH-OLAA-2488
PO_B14_002489,Razorpay Nodal,JIOO-INV-463846 PO_B14_002489,438234,7487,0,0,430747,INR,2026-08-16T11:57:00Z,BATCH-JIOO-2489
PO_B14_002490,PayU Enterprise,BBAS-INV-671035 PO_B14_002490,347948,7578,0,0,340370,INR,2026-08-15T18:45:00Z,BATCH-BBAS-2490
PO_B14_002491,PayU Enterprise,BKMS-ORD-723995 BKMS-ORD-324614 BATCH-BKMS-2491,143440,2868,0,0,140572,INR,2026-08-16T20:36:00Z,BATCH-BKMS-2491
PO_B14_002492,Cashfree Escrow,ZOMA-ORD-596696 ZOMA-ORD-443189 ZOMA-ORD-320611 BATCH-ZOMA-2492,373607,7472,0,0,366135,INR,2026-08-16T19:20:00Z,BATCH-ZOMA-2492
PO_B14_002493,Razorpay Nodal,JIOO-INV-695591 PO_B14_002493,267773,4842,0,0,262931,INR,2026-08-16T13:09:00Z,BATCH-JIOO-2493
PO_B14_002494,Razorpay Nodal,FLPK-ORD-573523 FLPK-ORD-122182 FLPK-ORD-906833 BATCH-FLPK-2494,390435,7808,0,0,382627,INR,2026-08-16T15:39:00Z,BATCH-FLPK-2494
PO_B14_002495,Cashfree Escrow,PHNP-ORD-963718 PHNP-ORD-423892 BATCH-PHNP-2495,352221,7044,0,0,345177,INR,2026-08-16T17:29:00Z,BATCH-PHNP-2495
PO_B14_002496,Razorpay Nodal,NYKA-INV-859538 PO_B14_002496,208863,3832,0,0,205031,INR,2026-08-17T01:36:00Z,BATCH-NYKA-2496
PO_B14_002497,PayU Enterprise,ZOMA-EXC-917207-UNRESOLVED,116000,2310,0,0,113690,INR,2026-08-16T09:17:00Z,HOLD-ESCROW
PO_B14_002498,Stripe India,OLAA-EXC-913735-UNRESOLVED,99903,1988,0,0,97915,INR,2026-08-17T05:39:00Z,HOLD-ESCROW
PO_B14_002499,Stripe India,JIOO-INV-337542 PO_B14_002499,367587,8261,0,0,359326,INR,2026-08-16T10:28:00Z,BATCH-JIOO-2499
PO_B14_002500,BillDesk Settlement,AMZN-INV-713843 PO_B14_002500,326716,5993,0,0,320723,INR,2026-08-16T14:54:00Z,BATCH-AMZN-2500
PO_B14_002501,BillDesk Settlement,UBER-ORD-656395 UBER-ORD-251773 BATCH-UBER-2501,269987,5399,0,0,264588,INR,2026-08-15T21:39:00Z,BATCH-UBER-2501
PO_B14_002502,Stripe India,UBER-ORD-508940 UBER-ORD-204403 BATCH-UBER-2502,247962,4959,0,0,243003,INR,2026-08-16T15:39:00Z,BATCH-UBER-2502
PO_B14_002503,BillDesk Settlement,PAYT-INV-774604 PO_B14_002503,225098,4385,0,0,220713,INR,2026-08-15T20:33:00Z,BATCH-PAYT-2503
PO_B14_002504,PayU Enterprise,AMZN-INV-344433 PO_B14_002504,32892,786,0,0,32106,INR,2026-08-16T10:31:00Z,BATCH-AMZN-2504
PO_B14_002505,Cashfree Escrow,PAYT-INV-583277 PO_B14_002505,138950,2981,0,0,135969,INR,2026-08-16T09:17:00Z,BATCH-PAYT-2505
PO_B14_002506,Stripe India,BLNK-INV-939145 PO_B14_002506,374474,6347,0,0,368127,INR,2026-08-16T22:41:00Z,BATCH-BLNK-2506
PO_B14_002507,PayU Enterprise,NYKA-ORD-260551 NYKA-ORD-223481 NYKA-ORD-610966 BATCH-NYKA-2507,492034,9840,0,0,482194,INR,2026-08-16T03:25:00Z,BATCH-NYKA-2507
PO_B14_002508,PayU Enterprise,PAYT-ORD-882531 PAYT-ORD-769356 PAYT-ORD-436823 BATCH-PAYT-2508,306942,6138,0,0,300804,INR,2026-08-16T14:35:00Z,BATCH-PAYT-2508
PO_B14_002509,BillDesk Settlement,OLAA-ORD-561702 OLAA-ORD-957762 BATCH-OLAA-2509,179639,3592,0,0,176047,INR,2026-08-16T19:27:00Z,BATCH-OLAA-2509
PO_B14_002510,Razorpay Nodal,MYNT-INV-970122 PO_B14_002510,227671,4871,0,0,222800,INR,2026-08-16T02:13:00Z,BATCH-MYNT-2510
PO_B14_002511,BillDesk Settlement,FLPK-ORD-247009 FLPK-ORD-410179 FLPK-ORD-419666 BATCH-FLPK-2511,510042,10200,0,0,499842,INR,2026-08-16T10:15:00Z,BATCH-FLPK-2511
PO_B14_002512,Razorpay Nodal,BLNK-EXC-628154-UNRESOLVED,199359,3977,0,0,195382,INR,2026-08-16T10:04:00Z,HOLD-ESCROW
PO_B14_002513,Razorpay Nodal,JIOO-INV-887182 PO_B14_002513,382060,6785,0,0,375275,INR,2026-08-16T09:58:00Z,BATCH-JIOO-2513
PO_B14_002514,Razorpay Nodal,ZOMA-ORD-104204 ZOMA-ORD-442319 BATCH-ZOMA-2514,110970,2219,0,0,108751,INR,2026-08-16T03:10:00Z,BATCH-ZOMA-2514
PO_B14_002515,Cashfree Escrow,BLNK-INV-871655 PO_B14_002515,328565,5921,0,0,322644,INR,2026-08-16T14:15:00Z,BATCH-BLNK-2515
PO_B14_002516,PayU Enterprise,MYNT-INV-884438 PO_B14_002516,298492,5611,0,0,292881,INR,2026-08-16T15:38:00Z,BATCH-MYNT-2516
PO_B14_002517,PayU Enterprise,PHNP-ORD-610136 PHNP-ORD-232886 PHNP-ORD-314818 BATCH-PHNP-2517,602019,12040,0,0,589979,INR,2026-08-16T18:54:00Z,BATCH-PHNP-2517
PO_B14_002518,Stripe India,BKMS-INV-846456 PO_B14_002518,188773,4120,0,0,184653,INR,2026-08-15T20:49:00Z,BATCH-BKMS-2518
PO_B14_002519,PayU Enterprise,TATA-INV-123926 PO_B14_002519,118736,2816,0,0,115920,INR,2026-08-16T07:41:00Z,BATCH-TATA-2519
PO_B14_002520,BillDesk Settlement,OLAA-INV-238275 PO_B14_002520,62606,1048,0,0,61558,INR,2026-08-16T13:16:00Z,BATCH-OLAA-2520
PO_B14_002521,BillDesk Settlement,ZOMA-INV-157881 PO_B14_002521,423771,6562,0,0,417209,INR,2026-08-15T22:27:00Z,BATCH-ZOMA-2521
PO_B14_002522,Razorpay Nodal,SWIG-INV-359451 PO_B14_002522,220971,4084,0,0,216887,INR,2026-08-16T00:39:00Z,BATCH-SWIG-2522
PO_B14_002523,Razorpay Nodal,UBER-INV-827105 PO_B14_002523,270504,5425,0,0,265079,INR,2026-08-15T18:18:00Z,BATCH-UBER-2523
PO_B14_002524,Razorpay Nodal,MMTR-ORD-960027 MMTR-ORD-232326 MMTR-ORD-585050 BATCH-MMTR-2524,374507,7490,0,0,367017,INR,2026-08-16T10:32:00Z,BATCH-MMTR-2524
PO_B14_002525,PayU Enterprise,AMZN-ORD-388212 AMZN-ORD-665721 AMZN-ORD-435241 BATCH-AMZN-2525,220778,4415,0,0,216363,INR,2026-08-16T19:32:00Z,BATCH-AMZN-2525
PO_B14_002526,Razorpay Nodal,PHNP-INV-409383 PO_B14_002526,133739,2405,0,0,131334,INR,2026-08-15T17:42:00Z,BATCH-PHNP-2526
PO_B14_002527,BillDesk Settlement,PAYT-INV-242585 PO_B14_002527,203395,3768,0,0,199627,INR,2026-08-16T14:07:00Z,BATCH-PAYT-2527
PO_B14_002528,Razorpay Nodal,BLNK-ORD-379515 BLNK-ORD-968869 BATCH-BLNK-2528,132242,2644,0,0,129598,INR,2026-08-16T05:56:00Z,BATCH-BLNK-2528
PO_B14_002529,BillDesk Settlement,PHNP-INV-992400 PO_B14_002529,188652,3988,0,0,184664,INR,2026-08-16T18:40:00Z,BATCH-PHNP-2529
PO_B14_002530,Razorpay Nodal,PHNP-INV-924744 PO_B14_002530,348026,7186,0,0,340840,INR,2026-08-16T03:52:00Z,BATCH-PHNP-2530
PO_B14_002531,Razorpay Nodal,SWIG-INV-224812 PO_B14_002531,100407,1942,0,0,98465,INR,2026-08-16T14:09:00Z,BATCH-SWIG-2531
PO_B14_002532,BillDesk Settlement,FLPK-INV-421069 PO_B14_002532,238146,5359,0,0,232787,INR,2026-08-16T06:24:00Z,BATCH-FLPK-2532
PO_B14_002533,Stripe India,OLAA-INV-972753 PO_B14_002533,177925,3315,0,0,174610,INR,2026-08-16T15:40:00Z,BATCH-OLAA-2533
PO_B14_002534,Cashfree Escrow,JIOO-ORD-773973 JIOO-ORD-226176 BATCH-JIOO-2534,63257,1265,0,0,61992,INR,2026-08-16T10:57:00Z,BATCH-JIOO-2534
PO_B14_002535,BillDesk Settlement,BKMS-ORD-273048 BKMS-ORD-456347 BATCH-BKMS-2535,331796,6635,0,0,325161,INR,2026-08-16T20:08:00Z,BATCH-BKMS-2535
PO_B14_002536,BillDesk Settlement,UBER-INV-638011 PO_B14_002536,308835,5340,0,0,303495,INR,2026-08-15T20:24:00Z,BATCH-UBER-2536
PO_B14_002537,Razorpay Nodal,BBAS-INV-171702 PO_B14_002537,348201,8135,0,0,340066,INR,2026-08-16T15:29:00Z,BATCH-BBAS-2537
PO_B14_002538,Razorpay Nodal,ZOMA-ORD-586400 ZOMA-ORD-895119 BATCH-ZOMA-2538,400908,8018,0,0,392890,INR,2026-08-16T07:19:00Z,BATCH-ZOMA-2538
PO_B14_002539,PayU Enterprise,ZOMA-ORD-414404 ZOMA-ORD-695611 BATCH-ZOMA-2539,104983,2099,0,0,102884,INR,2026-08-15T22:24:00Z,BATCH-ZOMA-2539
PO_B14_002540,Razorpay Nodal,PAYT-INV-234346 PO_B14_002540,122074,2065,0,0,120009,INR,2026-08-16T13:58:00Z,BATCH-PAYT-2540
PO_B14_002541,BillDesk Settlement,BKMS-INV-145749 PO_B14_002541,119503,2918,0,0,116585,INR,2026-08-16T19:04:00Z,BATCH-BKMS-2541
PO_B14_002542,Cashfree Escrow,AMZN-INV-503729 PO_B14_002542,238826,5968,0,0,232858,INR,2026-08-16T03:58:00Z,BATCH-AMZN-2542
PO_B14_002543,Stripe India,PAYT-INV-109985 PO_B14_002543,90767,1917,0,0,88850,INR,2026-08-16T10:57:00Z,BATCH-PAYT-2543
PO_B14_002544,BillDesk Settlement,FLPK-ORD-288257 FLPK-ORD-694355 BATCH-FLPK-2544,429648,8592,0,0,421056,INR,2026-08-16T04:01:00Z,BATCH-FLPK-2544
PO_B14_002545,Razorpay Nodal,PAYT-ORD-388884 PAYT-ORD-327396 PAYT-ORD-204057 BATCH-PAYT-2545,460826,9216,0,0,451610,INR,2026-08-16T04:09:00Z,BATCH-PAYT-2545
PO_B14_002546,Cashfree Escrow,PAYT-INV-289695 PO_B14_002546,230656,4890,0,0,225766,INR,2026-08-15T22:01:00Z,BATCH-PAYT-2546
PO_B14_002547,PayU Enterprise,ZOMA-ORD-184882 ZOMA-ORD-739057 BATCH-ZOMA-2547,147102,2942,0,0,144160,INR,2026-08-16T14:02:00Z,BATCH-ZOMA-2547
PO_B14_002548,Stripe India,NYKA-INV-584628 PO_B14_002548,348254,8452,0,0,339802,INR,2026-08-16T15:36:00Z,BATCH-NYKA-2548
PO_B14_002549,Cashfree Escrow,BLNK-ORD-969007 BLNK-ORD-779621 BATCH-BLNK-2549,214329,4286,0,0,210043,INR,2026-08-16T04:30:00Z,BATCH-BLNK-2549
PO_B14_002550,Cashfree Escrow,MMTR-INV-334009 PO_B14_002550,160381,3105,0,0,157276,INR,2026-08-16T05:07:00Z,BATCH-MMTR-2550
PO_B14_002551,BillDesk Settlement,OLAA-ORD-647532 OLAA-ORD-744937 BATCH-OLAA-2551,126660,2533,0,0,124127,INR,2026-08-16T18:55:00Z,BATCH-OLAA-2551
PO_B14_002552,PayU Enterprise,TATA-INV-656094 PO_B14_002552,335993,5640,0,0,330353,INR,2026-08-16T07:28:00Z,BATCH-TATA-2552
PO_B14_002553,Cashfree Escrow,AMZN-INV-837664 PO_B14_002553,406599,6935,0,0,399664,INR,2026-08-16T21:39:00Z,BATCH-AMZN-2553
PO_B14_002554,PayU Enterprise,BKMS-INV-431221 PO_B14_002554,201935,4928,0,0,197007,INR,2026-08-15T23:51:00Z,BATCH-BKMS-2554
PO_B14_002555,Razorpay Nodal,TATA-INV-183470 PO_B14_002555,395002,9011,0,0,385991,INR,2026-08-16T18:13:00Z,BATCH-TATA-2555
PO_B14_002556,PayU Enterprise,OLAA-INV-193766 PO_B14_002556,151479,2508,0,0,148971,INR,2026-08-16T14:27:00Z,BATCH-OLAA-2556
PO_B14_002557,BillDesk Settlement,BBAS-ORD-317375 BBAS-ORD-376526 BBAS-ORD-699121 BATCH-BBAS-2557,599003,11980,0,0,587023,INR,2026-08-16T13:57:00Z,BATCH-BBAS-2557
PO_B14_002558,PayU Enterprise,AMZN-INV-357976 PO_B14_002558,287398,5800,0,0,281598,INR,2026-08-16T00:35:00Z,BATCH-AMZN-2558
PO_B14_002559,BillDesk Settlement,UBER-INV-213362 PO_B14_002559,116818,2648,0,0,114170,INR,2026-08-16T08:13:00Z,BATCH-UBER-2559
PO_B14_002560,Stripe India,FLPK-INV-704711 PO_B14_002560,66814,1178,0,0,65636,INR,2026-08-16T09:18:00Z,BATCH-FLPK-2560
PO_B14_002561,PayU Enterprise,MMTR-INV-981477 PO_B14_002561,401065,8018,0,0,393047,INR,2026-08-15T20:49:00Z,BATCH-MMTR-2561
PO_B14_002562,PayU Enterprise,UBER-INV-440054 PO_B14_002562,274793,5726,0,0,269067,INR,2026-08-15T22:25:00Z,BATCH-UBER-2562
PO_B14_002563,PayU Enterprise,MMTR-ORD-667183 MMTR-ORD-528582 MMTR-ORD-808255 BATCH-MMTR-2563,302042,6040,0,0,296002,INR,2026-08-16T18:05:00Z,BATCH-MMTR-2563
PO_B14_002564,PayU Enterprise,MYNT-INV-689077 PO_B14_002564,135455,2425,0,0,133030,INR,2026-08-16T07:28:00Z,BATCH-MYNT-2564
PO_B14_002565,PayU Enterprise,MMTR-INV-737430 PO_B14_002565,347491,8312,0,0,339179,INR,2026-08-16T03:43:00Z,BATCH-MMTR-2565
PO_B14_002566,BillDesk Settlement,NYKA-ORD-199502 NYKA-ORD-320718 BATCH-NYKA-2566,230897,4617,0,0,226280,INR,2026-08-15T22:32:00Z,BATCH-NYKA-2566
PO_B14_002567,Cashfree Escrow,TATA-INV-933086 PO_B14_002567,67393,1043,0,0,66350,INR,2026-08-15T19:13:00Z,BATCH-TATA-2567
PO_B14_002568,Razorpay Nodal,TATA-INV-758258 PO_B14_002568,134525,2866,0,0,131659,INR,2026-08-16T20:12:00Z,BATCH-TATA-2568
PO_B14_002569,Razorpay Nodal,TATA-ORD-116173 TATA-ORD-324613 BATCH-TATA-2569,302324,6046,0,0,296278,INR,2026-08-15T22:01:00Z,BATCH-TATA-2569
PO_B14_002570,BillDesk Settlement,TATA-INV-802789 PO_B14_002570,165226,2850,0,0,162376,INR,2026-08-17T00:46:00Z,BATCH-TATA-2570
PO_B14_002571,BillDesk Settlement,TATA-INV-667177 PO_B14_002571,251199,4655,0,0,246544,INR,2026-08-16T06:10:00Z,BATCH-TATA-2571
PO_B14_002572,Razorpay Nodal,MYNT-INV-449732 PO_B14_002572,320115,7887,0,0,312228,INR,2026-08-16T00:18:00Z,BATCH-MYNT-2572
PO_B14_002573,Cashfree Escrow,BKMS-INV-216501 PO_B14_002573,426890,8252,0,0,418638,INR,2026-08-16T03:06:00Z,BATCH-BKMS-2573
PO_B14_002574,PayU Enterprise,BBAS-INV-398054 PO_B14_002574,356124,6781,0,0,349343,INR,2026-08-16T19:49:00Z,BATCH-BBAS-2574
PO_B14_002575,Stripe India,BBAS-INV-625020 PO_B14_002575,72000,1747,0,0,70253,INR,2026-08-16T06:13:00Z,BATCH-BBAS-2575
PO_B14_002576,Razorpay Nodal,FLPK-ORD-508325 FLPK-ORD-591187 FLPK-ORD-325885 BATCH-FLPK-2576,487220,9744,0,0,477476,INR,2026-08-16T15:26:00Z,BATCH-FLPK-2576
PO_B14_002577,Stripe India,BBAS-INV-344958 PO_B14_002577,194868,4338,0,0,190530,INR,2026-08-16T14:39:00Z,BATCH-BBAS-2577
PO_B14_002578,BillDesk Settlement,FLPK-ORD-922283 FLPK-ORD-685291 FLPK-ORD-719157 BATCH-FLPK-2578,474698,9493,0,0,465205,INR,2026-08-15T22:45:00Z,BATCH-FLPK-2578
PO_B14_002579,Razorpay Nodal,BKMS-ORD-209735 BKMS-ORD-169357 BKMS-ORD-112238 BATCH-BKMS-2579,267157,5343,0,0,261814,INR,2026-08-16T12:55:00Z,BATCH-BKMS-2579
PO_B14_002580,PayU Enterprise,JIOO-INV-622575 PO_B14_002580,177254,3279,0,0,173975,INR,2026-08-15T23:27:00Z,BATCH-JIOO-2580
PO_B14_002581,Stripe India,BKMS-INV-657315 PO_B14_002581,86416,1409,0,0,85007,INR,2026-08-16T09:23:00Z,BATCH-BKMS-2581
PO_B14_002582,Razorpay Nodal,AMZN-ORD-889170 AMZN-ORD-745815 AMZN-ORD-106980 BATCH-AMZN-2582,447774,8955,0,0,438819,INR,2026-08-16T04:36:00Z,BATCH-AMZN-2582
PO_B14_002583,Cashfree Escrow,ZOMA-INV-725357 PO_B14_002583,332035,7230,0,0,324805,INR,2026-08-16T04:54:00Z,BATCH-ZOMA-2583
PO_B14_002584,Cashfree Escrow,ZOMA-ORD-621781 ZOMA-ORD-519324 BATCH-ZOMA-2584,380555,7611,0,0,372944,INR,2026-08-16T15:26:00Z,BATCH-ZOMA-2584
PO_B14_002585,Razorpay Nodal,FLPK-INV-949581 PO_B14_002585,154919,3363,0,0,151556,INR,2026-08-16T19:59:00Z,BATCH-FLPK-2585
PO_B14_002586,Razorpay Nodal,BLNK-EXC-584744-UNRESOLVED,138477,2759,0,0,135718,INR,2026-08-17T06:00:00Z,HOLD-ESCROW
PO_B14_002587,PayU Enterprise,AMZN-ORD-455897 AMZN-ORD-636730 AMZN-ORD-609962 BATCH-AMZN-2587,222276,4445,0,0,217831,INR,2026-08-15T22:39:00Z,BATCH-AMZN-2587
PO_B14_002588,Stripe India,NYKA-INV-973636 PO_B14_002588,160368,3454,0,0,156914,INR,2026-08-16T00:24:00Z,BATCH-NYKA-2588
PO_B14_002589,Cashfree Escrow,NYKA-INV-403152 PO_B14_002589,344037,8060,0,0,335977,INR,2026-08-16T11:52:00Z,BATCH-NYKA-2589
PO_B14_002590,Cashfree Escrow,BBAS-INV-764761 PO_B14_002590,29109,712,0,0,28397,INR,2026-08-16T19:43:00Z,BATCH-BBAS-2590
PO_B14_002591,Cashfree Escrow,NYKA-INV-479816 PO_B14_002591,264011,4199,0,0,259812,INR,2026-08-15T22:00:00Z,BATCH-NYKA-2591
PO_B14_002592,Cashfree Escrow,BKMS-INV-273250 PO_B14_002592,156817,2560,0,0,154257,INR,2026-08-16T14:42:00Z,BATCH-BKMS-2592
PO_B14_002593,PayU Enterprise,OLAA-INV-984798 PO_B14_002593,340767,6456,0,0,334311,INR,2026-08-16T13:54:00Z,BATCH-OLAA-2593
PO_B14_002594,PayU Enterprise,BLNK-EXC-424855-UNRESOLVED,233050,4651,0,0,228399,INR,2026-08-17T00:17:00Z,HOLD-ESCROW
PO_B14_002595,Razorpay Nodal,JIOO-INV-901588 PO_B14_002595,89429,1881,0,0,87548,INR,2026-08-16T09:28:00Z,BATCH-JIOO-2595
PO_B14_002596,PayU Enterprise,PAYT-INV-934108 PO_B14_002596,202476,4555,0,0,197921,INR,2026-08-16T07:11:00Z,BATCH-PAYT-2596
PO_B14_002597,Stripe India,OLAA-ORD-977995 OLAA-ORD-356835 BATCH-OLAA-2597,287973,5759,0,0,282214,INR,2026-08-16T10:34:00Z,BATCH-OLAA-2597
PO_B14_002598,PayU Enterprise,BKMS-INV-832057 PO_B14_002598,447725,10354,0,0,437371,INR,2026-08-16T03:18:00Z,BATCH-BKMS-2598
PO_B14_002599,BillDesk Settlement,JIOO-ORD-369375 JIOO-ORD-154206 BATCH-JIOO-2599,252888,5057,0,0,247831,INR,2026-08-16T04:18:00Z,BATCH-JIOO-2599
PO_B14_002600,BillDesk Settlement,MYNT-INV-625371 PO_B14_002600,37690,618,0,0,37072,INR,2026-08-16T07:50:00Z,BATCH-MYNT-2600
PO_B14_002601,Razorpay Nodal,BBAS-ORD-733608 BBAS-ORD-782023 BATCH-BBAS-2601,375304,7506,0,0,367798,INR,2026-08-16T19:35:00Z,BATCH-BBAS-2601
PO_B14_002602,PayU Enterprise,TATA-INV-924429 PO_B14_002602,227115,5017,0,0,222098,INR,2026-08-16T08:12:00Z,BATCH-TATA-2602
PO_B14_002603,Cashfree Escrow,JIOO-INV-345843 PO_B14_002603,26293,457,0,0,25836,INR,2026-08-16T03:02:00Z,BATCH-JIOO-2603
PO_B14_002604,BillDesk Settlement,MYNT-INV-956628 PO_B14_002604,48017,842,0,0,47175,INR,2026-08-15T23:05:00Z,BATCH-MYNT-2604
PO_B14_002605,Razorpay Nodal,OLAA-INV-115688 PO_B14_002605,240300,5873,0,0,234427,INR,2026-08-16T13:11:00Z,BATCH-OLAA-2605
PO_B14_002606,Cashfree Escrow,UBER-INV-592462 PO_B14_002606,439445,9125,0,0,430320,INR,2026-08-16T00:05:00Z,BATCH-UBER-2606
PO_B14_002607,Razorpay Nodal,ZOMA-INV-275478 PO_B14_002607,202888,4707,0,0,198181,INR,2026-08-16T06:46:00Z,BATCH-ZOMA-2607
PO_B14_002608,PayU Enterprise,FLPK-INV-872326 PO_B14_002608,378622,8563,0,0,370059,INR,2026-08-16T16:00:00Z,BATCH-FLPK-2608
PO_B14_002609,Cashfree Escrow,TATA-ORD-658347 TATA-ORD-782422 TATA-ORD-421732 BATCH-TATA-2609,341277,6825,0,0,334452,INR,2026-08-16T16:08:00Z,BATCH-TATA-2609
PO_B14_002610,PayU Enterprise,ZOMA-INV-405264 PO_B14_002610,439704,10718,0,0,428986,INR,2026-08-16T14:36:00Z,BATCH-ZOMA-2610
PO_B14_002611,Stripe India,AMZN-ORD-173699 AMZN-ORD-369911 BATCH-AMZN-2611,70166,1403,0,0,68763,INR,2026-08-16T03:23:00Z,BATCH-AMZN-2611
PO_B14_002612,Razorpay Nodal,AMZN-INV-315841 PO_B14_002612,233260,3753,0,0,229507,INR,2026-08-16T23:41:00Z,BATCH-AMZN-2612
PO_B14_002613,BillDesk Settlement,JIOO-INV-390522 PO_B14_002613,153599,3141,0,0,150458,INR,2026-08-16T02:08:00Z,BATCH-JIOO-2613
PO_B14_002614,Stripe India,SWIG-INV-219985 PO_B14_002614,90497,1568,0,0,88929,INR,2026-08-16T07:56:00Z,BATCH-SWIG-2614
PO_B14_002615,PayU Enterprise,TATA-INV-556988 PO_B14_002615,263155,4697,0,0,258458,INR,2026-08-16T10:20:00Z,BATCH-TATA-2615
PO_B14_002616,Cashfree Escrow,BBAS-ORD-154377 BBAS-ORD-840772 BATCH-BBAS-2616,405698,8113,0,0,397585,INR,2026-08-16T20:02:00Z,BATCH-BBAS-2616
PO_B14_002617,PayU Enterprise,BBAS-ORD-494726 BBAS-ORD-512724 BBAS-ORD-736519 BATCH-BBAS-2617,435710,8714,0,0,426996,INR,2026-08-16T17:26:00Z,BATCH-BBAS-2617
PO_B14_002618,Cashfree Escrow,TATA-INV-442801 PO_B14_002618,73532,1709,0,0,71823,INR,2026-08-15T15:33:00Z,BATCH-TATA-2618
PO_B14_002619,Stripe India,PHNP-ORD-469429 PHNP-ORD-893589 BATCH-PHNP-2619,282649,5652,0,0,276997,INR,2026-08-16T10:01:00Z,BATCH-PHNP-2619
PO_B14_002620,Razorpay Nodal,AMZN-INV-764573 PO_B14_002620,258516,5657,0,0,252859,INR,2026-08-16T01:32:00Z,BATCH-AMZN-2620
PO_B14_002621,BillDesk Settlement,OLAA-INV-737533 PO_B14_002621,30517,727,0,0,29790,INR,2026-08-16T15:29:00Z,BATCH-OLAA-2621
PO_B14_002622,Stripe India,MYNT-INV-249475 PO_B14_002622,407517,7081,0,0,400436,INR,2026-08-16T14:37:00Z,BATCH-MYNT-2622
PO_B14_002623,Cashfree Escrow,SWIG-INV-383165 PO_B14_002623,178162,3489,0,0,174673,INR,2026-08-15T21:15:00Z,BATCH-SWIG-2623
PO_B14_002624,Razorpay Nodal,JIOO-ORD-141746 JIOO-ORD-925544 JIOO-ORD-509071 BATCH-JIOO-2624,285595,5711,0,0,279884,INR,2026-08-16T01:08:00Z,BATCH-JIOO-2624
PO_B14_002625,Razorpay Nodal,ZOMA-INV-695274 PO_B14_002625,344406,7577,0,0,336829,INR,2026-08-16T04:12:00Z,BATCH-ZOMA-2625
PO_B14_002626,Stripe India,AMZN-INV-841479 PO_B14_002626,63144,1371,0,0,61773,INR,2026-08-16T22:15:00Z,BATCH-AMZN-2626
PO_B14_002627,PayU Enterprise,ZOMA-INV-381203 PO_B14_002627,160792,2512,0,0,158280,INR,2026-08-16T05:23:00Z,BATCH-ZOMA-2627
PO_B14_002628,Stripe India,ZOMA-INV-248055 PO_B14_002628,425356,9960,0,0,415396,INR,2026-08-16T03:36:00Z,BATCH-ZOMA-2628
PO_B14_002629,Razorpay Nodal,UBER-INV-360001 PO_B14_002629,126472,2932,0,0,123540,INR,2026-08-16T02:52:00Z,BATCH-UBER-2629
PO_B14_002630,Cashfree Escrow,ZOMA-INV-506870 PO_B14_002630,339715,6047,0,0,333668,INR,2026-08-16T16:32:00Z,BATCH-ZOMA-2630
PO_B14_002631,PayU Enterprise,TATA-INV-203231 PO_B14_002631,277044,6515,0,0,270529,INR,2026-08-16T01:06:00Z,BATCH-TATA-2631
PO_B14_002632,Cashfree Escrow,PHNP-INV-834859 PO_B14_002632,76397,1887,0,0,74510,INR,2026-08-15T20:46:00Z,BATCH-PHNP-2632
PO_B14_002633,BillDesk Settlement,BLNK-INV-402273 PO_B14_002633,345929,5391,0,0,340538,INR,2026-08-16T06:15:00Z,BATCH-BLNK-2633
PO_B14_002634,PayU Enterprise,PHNP-INV-131094 PO_B14_002634,357855,6722,0,0,351133,INR,2026-08-16T03:39:00Z,BATCH-PHNP-2634
PO_B14_002635,Stripe India,OLAA-ORD-696610 OLAA-ORD-904772 OLAA-ORD-561962 BATCH-OLAA-2635,427733,8554,0,0,419179,INR,2026-08-15T21:51:00Z,BATCH-OLAA-2635
PO_B14_002636,BillDesk Settlement,PAYT-INV-467233 PO_B14_002636,290415,6869,0,0,283546,INR,2026-08-15T22:14:00Z,BATCH-PAYT-2636
PO_B14_002637,Stripe India,PHNP-INV-284390 PO_B14_002637,192258,3383,0,0,188875,INR,2026-08-16T14:33:00Z,BATCH-PHNP-2637
PO_B14_002638,BillDesk Settlement,NYKA-INV-869732 PO_B14_002638,160539,3920,0,0,156619,INR,2026-08-16T20:38:00Z,BATCH-NYKA-2638
PO_B14_002639,PayU Enterprise,ZOMA-INV-874631 PO_B14_002639,136578,3387,0,0,133191,INR,2026-08-16T08:31:00Z,BATCH-ZOMA-2639
PO_B14_002640,Razorpay Nodal,BBAS-INV-968919 PO_B14_002640,75947,1427,0,0,74520,INR,2026-08-16T15:37:00Z,BATCH-BBAS-2640
PO_B14_002641,BillDesk Settlement,ZOMA-EXC-389501-UNRESOLVED,142993,2849,0,0,140144,INR,2026-08-16T10:37:00Z,HOLD-ESCROW
PO_B14_002642,PayU Enterprise,BLNK-ORD-259528 BLNK-ORD-448182 BATCH-BLNK-2642,259037,5180,0,0,253857,INR,2026-08-15T22:03:00Z,BATCH-BLNK-2642
PO_B14_002643,Cashfree Escrow,PAYT-ORD-670664 PAYT-ORD-417807 PAYT-ORD-104827 BATCH-PAYT-2643,376764,7535,0,0,369229,INR,2026-08-16T08:23:00Z,BATCH-PAYT-2643
PO_B14_002644,Razorpay Nodal,BBAS-INV-668946 PO_B14_002644,50303,967,0,0,49336,INR,2026-08-16T04:42:00Z,BATCH-BBAS-2644
PO_B14_002645,PayU Enterprise,PAYT-INV-197391 PO_B14_002645,45930,1050,0,0,44880,INR,2026-08-15T13:35:00Z,BATCH-PAYT-2645
PO_B14_002646,Cashfree Escrow,PHNP-INV-746306 PO_B14_002646,68477,1214,0,0,67263,INR,2026-08-16T05:04:00Z,BATCH-PHNP-2646
PO_B14_002647,Cashfree Escrow,FLPK-INV-106496 PO_B14_002647,61879,1317,0,0,60562,INR,2026-08-15T23:02:00Z,BATCH-FLPK-2647
PO_B14_002648,PayU Enterprise,ZOMA-ORD-256797 ZOMA-ORD-905046 BATCH-ZOMA-2648,121507,2430,0,0,119077,INR,2026-08-16T10:49:00Z,BATCH-ZOMA-2648
PO_B14_002649,Cashfree Escrow,UBER-ORD-364542 UBER-ORD-197951 UBER-ORD-278013 BATCH-UBER-2649,238041,4760,0,0,233281,INR,2026-08-15T21:14:00Z,BATCH-UBER-2649
PO_B14_002650,Razorpay Nodal,UBER-EXC-101868-UNRESOLVED,290184,5793,0,0,284391,INR,2026-08-16T16:26:00Z,HOLD-ESCROW
PO_B14_002651,BillDesk Settlement,FLPK-INV-955182 PO_B14_002651,438334,9400,0,0,428934,INR,2026-08-16T05:22:00Z,BATCH-FLPK-2651
PO_B14_002652,Cashfree Escrow,BKMS-INV-292609 PO_B14_002652,440684,6774,0,0,433910,INR,2026-08-16T00:12:00Z,BATCH-BKMS-2652
PO_B14_002653,Stripe India,AMZN-INV-673820 PO_B14_002653,333473,7572,0,0,325901,INR,2026-08-16T15:46:00Z,BATCH-AMZN-2653
PO_B14_002654,PayU Enterprise,BKMS-ORD-351951 BKMS-ORD-518093 BKMS-ORD-635688 BATCH-BKMS-2654,350942,7018,0,0,343924,INR,2026-08-15T22:15:00Z,BATCH-BKMS-2654
PO_B14_002655,PayU Enterprise,FLPK-INV-903144 PO_B14_002655,220131,3575,0,0,216556,INR,2026-08-16T09:16:00Z,BATCH-FLPK-2655
PO_B14_002656,Cashfree Escrow,ZOMA-EXC-306746-UNRESOLVED,120229,2394,0,0,117835,INR,2026-08-16T13:25:00Z,HOLD-ESCROW
PO_B14_002657,Stripe India,AMZN-ORD-909182 AMZN-ORD-348456 AMZN-ORD-142872 BATCH-AMZN-2657,478164,9563,0,0,468601,INR,2026-08-16T16:08:00Z,BATCH-AMZN-2657
PO_B14_002658,BillDesk Settlement,SWIG-INV-523779 PO_B14_002658,424331,8927,0,0,415404,INR,2026-08-15T22:57:00Z,BATCH-SWIG-2658
PO_B14_002659,Razorpay Nodal,OLAA-INV-550731 PO_B14_002659,105909,2263,0,0,103646,INR,2026-08-16T18:43:00Z,BATCH-OLAA-2659
PO_B14_002660,PayU Enterprise,OLAA-INV-371677 PO_B14_002660,421118,8170,0,0,412948,INR,2026-08-16T09:01:00Z,BATCH-OLAA-2660
PO_B14_002661,Cashfree Escrow,PAYT-INV-937396 PO_B14_002661,350987,5492,0,0,345495,INR,2026-08-16T05:34:00Z,BATCH-PAYT-2661
PO_B14_002662,Cashfree Escrow,FLPK-INV-608275 PO_B14_002662,361161,6393,0,0,354768,INR,2026-08-16T05:50:00Z,BATCH-FLPK-2662
PO_B14_002663,Cashfree Escrow,JIOO-INV-739653 PO_B14_002663,114304,1849,0,0,112455,INR,2026-08-16T11:01:00Z,BATCH-JIOO-2663
PO_B14_002664,PayU Enterprise,PHNP-INV-109847 PO_B14_002664,209641,4007,0,0,205634,INR,2026-08-16T00:40:00Z,BATCH-PHNP-2664
PO_B14_002665,Cashfree Escrow,ZOMA-EXC-923682-UNRESOLVED,72622,1442,0,0,71180,INR,2026-08-16T17:23:00Z,HOLD-ESCROW
PO_B14_002666,PayU Enterprise,OLAA-ORD-999321 OLAA-ORD-776632 OLAA-ORD-718805 BATCH-OLAA-2666,451217,9024,0,0,442193,INR,2026-08-15T23:39:00Z,BATCH-OLAA-2666
PO_B14_002667,Cashfree Escrow,FLPK-ORD-414616 FLPK-ORD-647735 FLPK-ORD-986770 BATCH-FLPK-2667,369303,7386,0,0,361917,INR,2026-08-16T14:08:00Z,BATCH-FLPK-2667
PO_B14_002668,Stripe India,BKMS-INV-977009 PO_B14_002668,334914,8264,0,0,326650,INR,2026-08-16T01:09:00Z,BATCH-BKMS-2668
PO_B14_002669,Stripe India,MYNT-EXC-513276-UNRESOLVED,120906,2408,0,0,118498,INR,2026-08-16T17:43:00Z,HOLD-ESCROW
PO_B14_002670,Razorpay Nodal,UBER-INV-848143 PO_B14_002670,416491,7373,0,0,409118,INR,2026-08-16T06:02:00Z,BATCH-UBER-2670
PO_B14_002671,BillDesk Settlement,BLNK-ORD-355514 BLNK-ORD-657456 BLNK-ORD-868545 BATCH-BLNK-2671,499258,9985,0,0,489273,INR,2026-08-16T05:31:00Z,BATCH-BLNK-2671
PO_B14_002672,Stripe India,JIOO-INV-937333 PO_B14_002672,70683,1454,0,0,69229,INR,2026-08-16T20:20:00Z,BATCH-JIOO-2672
PO_B14_002673,PayU Enterprise,NYKA-INV-171671 PO_B14_002673,337125,6230,0,0,330895,INR,2026-08-16T04:32:00Z,BATCH-NYKA-2673
PO_B14_002674,Stripe India,MMTR-INV-492943 PO_B14_002674,175913,2903,0,0,173010,INR,2026-08-16T10:43:00Z,BATCH-MMTR-2674
PO_B14_002675,PayU Enterprise,BKMS-INV-200098 PO_B14_002675,259577,4229,0,0,255348,INR,2026-08-16T07:54:00Z,BATCH-BKMS-2675
PO_B14_002676,Stripe India,AMZN-INV-831620 PO_B14_002676,91899,1598,0,0,90301,INR,2026-08-16T06:59:00Z,BATCH-AMZN-2676
PO_B14_002677,PayU Enterprise,BBAS-INV-392529 PO_B14_002677,245801,4113,0,0,241688,INR,2026-08-17T00:27:00Z,BATCH-BBAS-2677
PO_B14_002678,Razorpay Nodal,BKMS-INV-579784 PO_B14_002678,380793,6217,0,0,374576,INR,2026-08-16T09:27:00Z,BATCH-BKMS-2678
PO_B14_002679,Razorpay Nodal,MYNT-INV-259426 PO_B14_002679,216371,4054,0,0,212317,INR,2026-08-16T23:52:00Z,BATCH-MYNT-2679
PO_B14_002680,Stripe India,BKMS-INV-895821 PO_B14_002680,249886,4527,0,0,245359,INR,2026-08-16T06:05:00Z,BATCH-BKMS-2680
PO_B14_002681,PayU Enterprise,BBAS-ORD-957855 BBAS-ORD-275127 BATCH-BBAS-2681,267859,5357,0,0,262502,INR,2026-08-16T07:46:00Z,BATCH-BBAS-2681
PO_B14_002682,BillDesk Settlement,UBER-INV-778314 PO_B14_002682,277725,5339,0,0,272386,INR,2026-08-16T20:22:00Z,BATCH-UBER-2682
PO_B14_002683,Stripe India,UBER-INV-945299 PO_B14_002683,206532,4423,0,0,202109,INR,2026-08-16T19:10:00Z,BATCH-UBER-2683
PO_B14_002684,Stripe India,NYKA-INV-242149 PO_B14_002684,139481,2192,0,0,137289,INR,2026-08-16T11:36:00Z,BATCH-NYKA-2684
PO_B14_002685,PayU Enterprise,BBAS-ORD-615296 BBAS-ORD-450751 BATCH-BBAS-2685,141234,2824,0,0,138410,INR,2026-08-16T20:40:00Z,BATCH-BBAS-2685
PO_B14_002686,PayU Enterprise,TATA-INV-954816 PO_B14_002686,149979,2898,0,0,147081,INR,2026-08-16T17:59:00Z,BATCH-TATA-2686
PO_B14_002687,Razorpay Nodal,NYKA-EXC-167335-UNRESOLVED,145882,2907,0,0,142975,INR,2026-08-16T20:41:00Z,HOLD-ESCROW
PO_B14_002688,Stripe India,FLPK-INV-382864 PO_B14_002688,78838,1901,0,0,76937,INR,2026-08-16T03:38:00Z,BATCH-FLPK-2688
PO_B14_002689,PayU Enterprise,JIOO-ORD-753027 JIOO-ORD-364202 JIOO-ORD-217212 BATCH-JIOO-2689,464546,9290,0,0,455256,INR,2026-08-16T13:54:00Z,BATCH-JIOO-2689
PO_B14_002690,Cashfree Escrow,SWIG-ORD-879863 SWIG-ORD-981380 BATCH-SWIG-2690,331878,6637,0,0,325241,INR,2026-08-16T05:27:00Z,BATCH-SWIG-2690
PO_B14_002691,BillDesk Settlement,BBAS-EXC-771703-UNRESOLVED,122612,2442,0,0,120170,INR,2026-08-16T13:21:00Z,HOLD-ESCROW
PO_B14_002692,Cashfree Escrow,BBAS-INV-740053 PO_B14_002692,273657,5870,0,0,267787,INR,2026-08-16T17:12:00Z,BATCH-BBAS-2692
PO_B14_002693,Razorpay Nodal,AMZN-ORD-945137 AMZN-ORD-770274 BATCH-AMZN-2693,274904,5498,0,0,269406,INR,2026-08-16T14:11:00Z,BATCH-AMZN-2693
PO_B14_002694,Razorpay Nodal,PHNP-ORD-922874 PHNP-ORD-327975 PHNP-ORD-814607 BATCH-PHNP-2694,584776,11695,0,0,573081,INR,2026-08-16T14:25:00Z,BATCH-PHNP-2694
PO_B14_002695,PayU Enterprise,SWIG-INV-754147 PO_B14_002695,244016,4649,0,0,239367,INR,2026-08-15T23:20:00Z,BATCH-SWIG-2695
PO_B14_002696,BillDesk Settlement,BLNK-INV-120197 PO_B14_002696,98819,1985,0,0,96834,INR,2026-08-16T15:57:00Z,BATCH-BLNK-2696
PO_B14_002697,Razorpay Nodal,BBAS-INV-284442 PO_B14_002697,422000,9801,0,0,412199,INR,2026-08-16T13:47:00Z,BATCH-BBAS-2697
PO_B14_002698,Cashfree Escrow,NYKA-INV-620602 PO_B14_002698,96756,1756,0,0,95000,INR,2026-08-16T16:39:00Z,BATCH-NYKA-2698
PO_B14_002699,Razorpay Nodal,PAYT-INV-601726 PO_B14_002699,273865,4346,0,0,269519,INR,2026-08-15T16:54:00Z,BATCH-PAYT-2699
PO_B14_002700,PayU Enterprise,PAYT-INV-217880 PO_B14_002700,380362,7061,0,0,373301,INR,2026-08-16T12:24:00Z,BATCH-PAYT-2700
PO_B14_002701,Stripe India,NYKA-INV-636299 PO_B14_002701,275508,4889,0,0,270619,INR,2026-08-16T05:46:00Z,BATCH-NYKA-2701
PO_B14_002702,Stripe India,MMTR-INV-285330 PO_B14_002702,351707,5857,0,0,345850,INR,2026-08-16T17:06:00Z,BATCH-MMTR-2702
PO_B14_002703,Razorpay Nodal,SWIG-ORD-677490 SWIG-ORD-132630 SWIG-ORD-768703 BATCH-SWIG-2703,469647,9392,0,0,460255,INR,2026-08-16T01:21:00Z,BATCH-SWIG-2703
PO_B14_002704,Cashfree Escrow,BKMS-INV-955537 PO_B14_002704,290360,4881,0,0,285479,INR,2026-08-16T01:47:00Z,BATCH-BKMS-2704
PO_B14_002705,Stripe India,PHNP-INV-455495 PO_B14_002705,88120,1465,0,0,86655,INR,2026-08-16T14:12:00Z,BATCH-PHNP-2705
PO_B14_002706,Stripe India,SWIG-INV-426715 PO_B14_002706,110373,1678,0,0,108695,INR,2026-08-16T13:20:00Z,BATCH-SWIG-2706
PO_B14_002707,BillDesk Settlement,MYNT-INV-888036 PO_B14_002707,264159,5484,0,0,258675,INR,2026-08-16T16:43:00Z,BATCH-MYNT-2707
PO_B14_002708,Stripe India,PHNP-ORD-274124 PHNP-ORD-686730 PHNP-ORD-122904 BATCH-PHNP-2708,699386,13987,0,0,685399,INR,2026-08-16T16:00:00Z,BATCH-PHNP-2708
PO_B14_002709,Razorpay Nodal,PAYT-ORD-474619 PAYT-ORD-846795 PAYT-ORD-643719 BATCH-PAYT-2709,494711,9894,0,0,484817,INR,2026-08-16T10:26:00Z,BATCH-PAYT-2709
PO_B14_002710,PayU Enterprise,FLPK-INV-454840 PO_B14_002710,251778,5363,0,0,246415,INR,2026-08-15T18:43:00Z,BATCH-FLPK-2710
PO_B14_002711,BillDesk Settlement,PHNP-INV-526247 PO_B14_002711,45843,1038,0,0,44805,INR,2026-08-16T19:36:00Z,BATCH-PHNP-2711
PO_B14_002712,Cashfree Escrow,BLNK-ORD-606945 BLNK-ORD-912738 BATCH-BLNK-2712,275461,5509,0,0,269952,INR,2026-08-15T22:56:00Z,BATCH-BLNK-2712
PO_B14_002713,Cashfree Escrow,BKMS-INV-658338 PO_B14_002713,107869,1700,0,0,106169,INR,2026-08-16T17:32:00Z,BATCH-BKMS-2713
PO_B14_002714,Stripe India,FLPK-INV-267883 PO_B14_002714,236861,4366,0,0,232495,INR,2026-08-16T11:57:00Z,BATCH-FLPK-2714
PO_B14_002715,Cashfree Escrow,OLAA-INV-831586 PO_B14_002715,60456,1179,0,0,59277,INR,2026-08-16T00:33:00Z,BATCH-OLAA-2715
PO_B14_002716,Razorpay Nodal,MMTR-ORD-573841 MMTR-ORD-696019 BATCH-MMTR-2716,289442,5788,0,0,283654,INR,2026-08-15T23:38:00Z,BATCH-MMTR-2716
PO_B14_002717,Stripe India,SWIG-INV-907438 PO_B14_002717,136449,2497,0,0,133952,INR,2026-08-16T07:25:00Z,BATCH-SWIG-2717
PO_B14_002718,Razorpay Nodal,FLPK-ORD-430749 FLPK-ORD-477484 BATCH-FLPK-2718,275805,5516,0,0,270289,INR,2026-08-15T22:16:00Z,BATCH-FLPK-2718
PO_B14_002719,PayU Enterprise,TATA-ORD-181610 TATA-ORD-700922 BATCH-TATA-2719,204532,4090,0,0,200442,INR,2026-08-16T02:36:00Z,BATCH-TATA-2719
PO_B14_002720,Cashfree Escrow,MYNT-INV-504864 PO_B14_002720,233646,5161,0,0,228485,INR,2026-08-16T09:02:00Z,BATCH-MYNT-2720
PO_B14_002721,Cashfree Escrow,UBER-ORD-887601 UBER-ORD-915030 UBER-ORD-985100 BATCH-UBER-2721,507267,10145,0,0,497122,INR,2026-08-16T02:45:00Z,BATCH-UBER-2721
PO_B14_002722,Razorpay Nodal,TATA-EXC-474762-UNRESOLVED,189265,3775,0,0,185490,INR,2026-08-16T14:58:00Z,HOLD-ESCROW
PO_B14_002723,PayU Enterprise,BBAS-INV-942886 PO_B14_002723,71334,1312,0,0,70022,INR,2026-08-17T00:47:00Z,BATCH-BBAS-2723
PO_B14_002724,BillDesk Settlement,NYKA-INV-599641 PO_B14_002724,375638,9076,0,0,366562,INR,2026-08-16T03:08:00Z,BATCH-NYKA-2724
PO_B14_002725,Stripe India,FLPK-INV-495143 PO_B14_002725,298290,4813,0,0,293477,INR,2026-08-15T21:34:00Z,BATCH-FLPK-2725
PO_B14_002726,Razorpay Nodal,SWIG-EXC-279535-UNRESOLVED,92633,1842,0,0,90791,INR,2026-08-16T10:54:00Z,HOLD-ESCROW
PO_B14_002727,BillDesk Settlement,OLAA-INV-581274 PO_B14_002727,428822,9954,0,0,418868,INR,2026-08-16T04:01:00Z,BATCH-OLAA-2727
PO_B14_002728,Cashfree Escrow,BBAS-ORD-999087 BBAS-ORD-289641 BATCH-BBAS-2728,287009,5740,0,0,281269,INR,2026-08-16T07:09:00Z,BATCH-BBAS-2728
PO_B14_002729,Cashfree Escrow,BBAS-ORD-130727 BBAS-ORD-534973 BATCH-BBAS-2729,188583,3771,0,0,184812,INR,2026-08-16T19:42:00Z,BATCH-BBAS-2729
PO_B14_002730,Razorpay Nodal,TATA-INV-980450 PO_B14_002730,164644,3747,0,0,160897,INR,2026-08-15T19:46:00Z,BATCH-TATA-2730
PO_B14_002731,Cashfree Escrow,FLPK-ORD-716267 FLPK-ORD-923012 BATCH-FLPK-2731,244608,4892,0,0,239716,INR,2026-08-15T23:43:00Z,BATCH-FLPK-2731
PO_B14_002732,Razorpay Nodal,UBER-ORD-652054 UBER-ORD-815329 BATCH-UBER-2732,431851,8637,0,0,423214,INR,2026-08-16T17:51:00Z,BATCH-UBER-2732
PO_B14_002733,Razorpay Nodal,ZOMA-INV-147064 PO_B14_002733,276386,5360,0,0,271026,INR,2026-08-16T17:11:00Z,BATCH-ZOMA-2733
PO_B14_002734,Stripe India,MMTR-INV-202955 PO_B14_002734,396338,6168,0,0,390170,INR,2026-08-16T00:20:00Z,BATCH-MMTR-2734
PO_B14_002735,BillDesk Settlement,AMZN-ORD-715557 AMZN-ORD-450431 AMZN-ORD-977165 BATCH-AMZN-2735,448256,8965,0,0,439291,INR,2026-08-16T04:01:00Z,BATCH-AMZN-2735
PO_B14_002736,BillDesk Settlement,BLNK-INV-797116 PO_B14_002736,398010,6630,0,0,391380,INR,2026-08-16T01:14:00Z,BATCH-BLNK-2736
PO_B14_002737,Cashfree Escrow,MYNT-INV-528868 PO_B14_002737,423538,8308,0,0,415230,INR,2026-08-16T05:22:00Z,BATCH-MYNT-2737
PO_B14_002738,PayU Enterprise,TATA-INV-532982 PO_B14_002738,381577,9387,0,0,372190,INR,2026-08-15T20:37:00Z,BATCH-TATA-2738
PO_B14_002739,PayU Enterprise,AMZN-INV-559293 PO_B14_002739,322758,6613,0,0,316145,INR,2026-08-16T15:11:00Z,BATCH-AMZN-2739
PO_B14_002740,BillDesk Settlement,JIOO-INV-915992 PO_B14_002740,43787,955,0,0,42832,INR,2026-08-16T14:54:00Z,BATCH-JIOO-2740
PO_B14_002741,Stripe India,FLPK-INV-585578 PO_B14_002741,44126,757,0,0,43369,INR,2026-08-16T13:32:00Z,BATCH-FLPK-2741
PO_B14_002742,BillDesk Settlement,PAYT-INV-190562 PO_B14_002742,161859,3390,0,0,158469,INR,2026-08-16T13:17:00Z,BATCH-PAYT-2742
PO_B14_002743,PayU Enterprise,JIOO-EXC-706461-UNRESOLVED,261421,5218,0,0,256203,INR,2026-08-16T17:01:00Z,HOLD-ESCROW
PO_B14_002744,Stripe India,PAYT-INV-196671 PO_B14_002744,391628,7761,0,0,383867,INR,2026-08-16T03:46:00Z,BATCH-PAYT-2744
PO_B14_002745,Cashfree Escrow,BKMS-INV-678674 PO_B14_002745,430188,6511,0,0,423677,INR,2026-08-16T10:00:00Z,BATCH-BKMS-2745
PO_B14_002746,Stripe India,FLPK-INV-788818 PO_B14_002746,59742,1150,0,0,58592,INR,2026-08-16T07:08:00Z,BATCH-FLPK-2746
PO_B14_002747,PayU Enterprise,UBER-INV-775562 PO_B14_002747,167990,3615,0,0,164375,INR,2026-08-16T05:37:00Z,BATCH-UBER-2747
PO_B14_002748,BillDesk Settlement,BBAS-INV-614284 PO_B14_002748,429649,9031,0,0,420618,INR,2026-08-16T20:34:00Z,BATCH-BBAS-2748
PO_B14_002749,Stripe India,PAYT-INV-879008 PO_B14_002749,366752,7108,0,0,359644,INR,2026-08-16T11:55:00Z,BATCH-PAYT-2749
PO_B14_002750,Stripe India,UBER-INV-652059 PO_B14_002750,386346,9580,0,0,376766,INR,2026-08-16T03:14:00Z,BATCH-UBER-2750
PO_B14_002751,Stripe India,AMZN-ORD-943964 AMZN-ORD-426140 AMZN-ORD-757619 BATCH-AMZN-2751,546457,10929,0,0,535528,INR,2026-08-16T01:12:00Z,BATCH-AMZN-2751
PO_B14_002752,PayU Enterprise,MMTR-INV-282720 PO_B14_002752,370205,8995,0,0,361210,INR,2026-08-16T03:05:00Z,BATCH-MMTR-2752
PO_B14_002753,PayU Enterprise,MMTR-INV-964419 PO_B14_002753,261884,4143,0,0,257741,INR,2026-08-15T18:02:00Z,BATCH-MMTR-2753
PO_B14_002754,BillDesk Settlement,OLAA-ORD-568752 OLAA-ORD-399536 OLAA-ORD-609048 BATCH-OLAA-2754,420336,8406,0,0,411930,INR,2026-08-16T02:51:00Z,BATCH-OLAA-2754
PO_B14_002755,BillDesk Settlement,TATA-ORD-937538 TATA-ORD-367557 TATA-ORD-346203 BATCH-TATA-2755,671631,13432,0,0,658199,INR,2026-08-16T18:02:00Z,BATCH-TATA-2755
PO_B14_002756,Razorpay Nodal,NYKA-INV-335053 PO_B14_002756,50930,784,0,0,50146,INR,2026-08-16T13:01:00Z,BATCH-NYKA-2756
PO_B14_002757,BillDesk Settlement,BLNK-INV-580916 PO_B14_002757,185658,3628,0,0,182030,INR,2026-08-15T22:01:00Z,BATCH-BLNK-2757
PO_B14_002758,Cashfree Escrow,NYKA-INV-750992 PO_B14_002758,387666,9267,0,0,378399,INR,2026-08-16T07:40:00Z,BATCH-NYKA-2758
PO_B14_002759,Stripe India,UBER-INV-430499 PO_B14_002759,138803,3410,0,0,135393,INR,2026-08-16T09:43:00Z,BATCH-UBER-2759
PO_B14_002760,BillDesk Settlement,PHNP-ORD-243289 PHNP-ORD-225895 BATCH-PHNP-2760,263487,5269,0,0,258218,INR,2026-08-16T06:14:00Z,BATCH-PHNP-2760
PO_B14_002761,Cashfree Escrow,BBAS-INV-872786 PO_B14_002761,65222,1012,0,0,64210,INR,2026-08-16T07:31:00Z,BATCH-BBAS-2761
PO_B14_002762,Razorpay Nodal,NYKA-ORD-961976 NYKA-ORD-751504 BATCH-NYKA-2762,435458,8709,0,0,426749,INR,2026-08-16T16:01:00Z,BATCH-NYKA-2762
PO_B14_002763,Razorpay Nodal,PHNP-INV-289285 PO_B14_002763,402855,6372,0,0,396483,INR,2026-08-16T14:05:00Z,BATCH-PHNP-2763
PO_B14_002764,Razorpay Nodal,JIOO-INV-108157 PO_B14_002764,434684,9188,0,0,425496,INR,2026-08-16T16:47:00Z,BATCH-JIOO-2764
PO_B14_002765,Stripe India,NYKA-INV-938636 PO_B14_002765,38871,742,0,0,38129,INR,2026-08-16T11:52:00Z,BATCH-NYKA-2765
PO_B14_002766,PayU Enterprise,MYNT-INV-964133 PO_B14_002766,431520,9535,0,0,421985,INR,2026-08-16T16:46:00Z,BATCH-MYNT-2766
PO_B14_002767,Cashfree Escrow,TATA-ORD-250706 TATA-ORD-618068 BATCH-TATA-2767,434039,8680,0,0,425359,INR,2026-08-16T16:07:00Z,BATCH-TATA-2767
PO_B14_002768,BillDesk Settlement,TATA-INV-647297 PO_B14_002768,224332,4221,0,0,220111,INR,2026-08-16T07:48:00Z,BATCH-TATA-2768
PO_B14_002769,Razorpay Nodal,AMZN-ORD-618208 AMZN-ORD-783218 AMZN-ORD-843286 BATCH-AMZN-2769,429573,8591,0,0,420982,INR,2026-08-16T00:34:00Z,BATCH-AMZN-2769
PO_B14_002770,Cashfree Escrow,AMZN-ORD-718240 AMZN-ORD-757951 BATCH-AMZN-2770,278411,5568,0,0,272843,INR,2026-08-16T17:15:00Z,BATCH-AMZN-2770
PO_B14_002771,PayU Enterprise,BLNK-INV-938544 PO_B14_002771,345250,8598,0,0,336652,INR,2026-08-16T20:47:00Z,BATCH-BLNK-2771
PO_B14_002772,BillDesk Settlement,AMZN-INV-266342 PO_B14_002772,237984,4610,0,0,233374,INR,2026-08-16T14:29:00Z,BATCH-AMZN-2772
PO_B14_002773,Cashfree Escrow,PHNP-ORD-345481 PHNP-ORD-984739 PHNP-ORD-975440 BATCH-PHNP-2773,372981,7459,0,0,365522,INR,2026-08-16T05:17:00Z,BATCH-PHNP-2773
PO_B14_002774,BillDesk Settlement,FLPK-ORD-308462 FLPK-ORD-672916 BATCH-FLPK-2774,167839,3356,0,0,164483,INR,2026-08-16T14:43:00Z,BATCH-FLPK-2774
PO_B14_002775,Razorpay Nodal,PAYT-INV-608811 PO_B14_002775,27458,579,0,0,26879,INR,2026-08-16T08:31:00Z,BATCH-PAYT-2775
PO_B14_002776,Razorpay Nodal,FLPK-ORD-130535 FLPK-ORD-122634 BATCH-FLPK-2776,295206,5904,0,0,289302,INR,2026-08-16T00:46:00Z,BATCH-FLPK-2776
PO_B14_002777,BillDesk Settlement,PAYT-INV-171865 PO_B14_002777,251934,6109,0,0,245825,INR,2026-08-16T03:47:00Z,BATCH-PAYT-2777
PO_B14_002778,Cashfree Escrow,PHNP-EXC-977637-UNRESOLVED,104637,2082,0,0,102555,INR,2026-08-17T01:24:00Z,HOLD-ESCROW
PO_B14_002779,BillDesk Settlement,BBAS-EXC-277070-UNRESOLVED,50930,1008,0,0,49922,INR,2026-08-16T22:52:00Z,HOLD-ESCROW
PO_B14_002780,BillDesk Settlement,BLNK-INV-491273 PO_B14_002780,350597,7803,0,0,342794,INR,2026-08-16T16:39:00Z,BATCH-BLNK-2780
PO_B14_002781,Cashfree Escrow,MYNT-INV-606725 PO_B14_002781,433843,9347,0,0,424496,INR,2026-08-16T11:58:00Z,BATCH-MYNT-2781
PO_B14_002782,Razorpay Nodal,AMZN-INV-301504 PO_B14_002782,104841,1661,0,0,103180,INR,2026-08-15T17:12:00Z,BATCH-AMZN-2782
PO_B14_002783,PayU Enterprise,AMZN-INV-835411 PO_B14_002783,278592,5732,0,0,272860,INR,2026-08-16T01:56:00Z,BATCH-AMZN-2783
PO_B14_002784,PayU Enterprise,AMZN-INV-362930 PO_B14_002784,419498,7522,0,0,411976,INR,2026-08-16T04:21:00Z,BATCH-AMZN-2784
PO_B14_002785,Cashfree Escrow,BKMS-INV-169031 PO_B14_002785,161593,3845,0,0,157748,INR,2026-08-16T04:09:00Z,BATCH-BKMS-2785
PO_B14_002786,Cashfree Escrow,TATA-INV-352439 PO_B14_002786,50854,912,0,0,49942,INR,2026-08-16T00:42:00Z,BATCH-TATA-2786
PO_B14_002787,Stripe India,JIOO-INV-677657 PO_B14_002787,127093,2936,0,0,124157,INR,2026-08-16T20:24:00Z,BATCH-JIOO-2787
PO_B14_002788,Cashfree Escrow,TATA-INV-674091 PO_B14_002788,161987,3127,0,0,158860,INR,2026-08-16T03:35:00Z,BATCH-TATA-2788
PO_B14_002789,BillDesk Settlement,SWIG-ORD-518718 SWIG-ORD-935342 BATCH-SWIG-2789,259162,5183,0,0,253979,INR,2026-08-16T18:53:00Z,BATCH-SWIG-2789
PO_B14_002790,Stripe India,AMZN-INV-946832 PO_B14_002790,242214,4118,0,0,238096,INR,2026-08-16T04:11:00Z,BATCH-AMZN-2790
PO_B14_002791,PayU Enterprise,BBAS-INV-564864 PO_B14_002791,440500,9108,0,0,431392,INR,2026-08-15T22:10:00Z,BATCH-BBAS-2791
PO_B14_002792,Cashfree Escrow,NYKA-INV-760432 PO_B14_002792,406479,9816,0,0,396663,INR,2026-08-16T12:25:00Z,BATCH-NYKA-2792
PO_B14_002793,Cashfree Escrow,OLAA-ORD-894492 OLAA-ORD-801957 OLAA-ORD-641611 BATCH-OLAA-2793,336133,6722,0,0,329411,INR,2026-08-16T13:20:00Z,BATCH-OLAA-2793
PO_B14_002794,Stripe India,PAYT-ORD-708533 PAYT-ORD-121766 BATCH-PAYT-2794,187837,3756,0,0,184081,INR,2026-08-16T00:53:00Z,BATCH-PAYT-2794
PO_B14_002795,Stripe India,PHNP-ORD-939257 PHNP-ORD-542823 PHNP-ORD-532183 BATCH-PHNP-2795,238255,4765,0,0,233490,INR,2026-08-16T07:32:00Z,BATCH-PHNP-2795
PO_B14_002796,Stripe India,BLNK-INV-895301 PO_B14_002796,280706,6466,0,0,274240,INR,2026-08-16T00:54:00Z,BATCH-BLNK-2796
PO_B14_002797,BillDesk Settlement,BKMS-INV-979264 PO_B14_002797,275093,4812,0,0,270281,INR,2026-08-16T05:10:00Z,BATCH-BKMS-2797
PO_B14_002798,Cashfree Escrow,AMZN-INV-316170 PO_B14_002798,212502,5022,0,0,207480,INR,2026-08-16T15:36:00Z,BATCH-AMZN-2798
PO_B14_002799,Stripe India,ZOMA-ORD-370352 ZOMA-ORD-131536 BATCH-ZOMA-2799,349981,6999,0,0,342982,INR,2026-08-16T14:32:00Z,BATCH-ZOMA-2799
PO_B14_002800,PayU Enterprise,BBAS-INV-467355 PO_B14_002800,345423,5823,0,0,339600,INR,2026-08-16T02:56:00Z,BATCH-BBAS-2800
PO_B14_002801,Stripe India,BLNK-INV-205177 PO_B14_002801,364452,5663,0,0,358789,INR,2026-08-16T00:20:00Z,BATCH-BLNK-2801
PO_B14_002802,Stripe India,BLNK-INV-990397 PO_B14_002802,312636,5896,0,0,306740,INR,2026-08-16T12:30:00Z,BATCH-BLNK-2802
PO_B14_002803,Cashfree Escrow,TATA-INV-566027 PO_B14_002803,145962,3229,0,0,142733,INR,2026-08-16T00:38:00Z,BATCH-TATA-2803
PO_B14_002804,Stripe India,BLNK-INV-783505 PO_B14_002804,308479,5847,0,0,302632,INR,2026-08-16T14:18:00Z,BATCH-BLNK-2804
PO_B14_002805,PayU Enterprise,OLAA-INV-966121 PO_B14_002805,364520,7691,0,0,356829,INR,2026-08-16T13:20:00Z,BATCH-OLAA-2805
PO_B14_002806,Cashfree Escrow,PAYT-INV-371018 PO_B14_002806,189535,3597,0,0,185938,INR,2026-08-16T04:53:00Z,BATCH-PAYT-2806
PO_B14_002807,PayU Enterprise,UBER-EXC-102649-UNRESOLVED,124566,2481,0,0,122085,INR,2026-08-17T06:06:00Z,HOLD-ESCROW
PO_B14_002808,PayU Enterprise,FLPK-ORD-396326 FLPK-ORD-990933 BATCH-FLPK-2808,261254,5225,0,0,256029,INR,2026-08-16T00:42:00Z,BATCH-FLPK-2808
PO_B14_002809,Razorpay Nodal,PHNP-INV-929033 PO_B14_002809,264408,4499,0,0,259909,INR,2026-08-16T17:55:00Z,BATCH-PHNP-2809
PO_B14_002810,Stripe India,PAYT-INV-341501 PO_B14_002810,247460,3727,0,0,243733,INR,2026-08-16T15:43:00Z,BATCH-PAYT-2810
PO_B14_002811,Stripe India,SWIG-INV-674039 PO_B14_002811,343990,6459,0,0,337531,INR,2026-08-16T02:47:00Z,BATCH-SWIG-2811
PO_B14_002812,Stripe India,PHNP-EXC-275461-UNRESOLVED,86853,1727,0,0,85126,INR,2026-08-17T02:55:00Z,HOLD-ESCROW
PO_B14_002813,Cashfree Escrow,BLNK-ORD-926906 BLNK-ORD-650305 BLNK-ORD-346223 BATCH-BLNK-2813,179193,3583,0,0,175610,INR,2026-08-15T23:16:00Z,BATCH-BLNK-2813
PO_B14_002814,Stripe India,BBAS-INV-324786 PO_B14_002814,362149,6261,0,0,355888,INR,2026-08-16T23:56:00Z,BATCH-BBAS-2814
PO_B14_002815,PayU Enterprise,UBER-INV-994384 PO_B14_002815,446710,8635,0,0,438075,INR,2026-08-16T13:55:00Z,BATCH-UBER-2815
PO_B14_002816,PayU Enterprise,BLNK-ORD-794584 BLNK-ORD-755574 BATCH-BLNK-2816,230866,4617,0,0,226249,INR,2026-08-16T19:18:00Z,BATCH-BLNK-2816
PO_B14_002817,Stripe India,BKMS-ORD-876858 BKMS-ORD-783985 BKMS-ORD-256545 BATCH-BKMS-2817,482238,9644,0,0,472594,INR,2026-08-15T23:52:00Z,BATCH-BKMS-2817
PO_B14_002818,Stripe India,PAYT-INV-845220 PO_B14_002818,383898,7909,0,0,375989,INR,2026-08-17T02:38:00Z,BATCH-PAYT-2818
PO_B14_002819,PayU Enterprise,BBAS-ORD-398198 BBAS-ORD-627047 BATCH-BBAS-2819,269793,5395,0,0,264398,INR,2026-08-16T17:30:00Z,BATCH-BBAS-2819
PO_B14_002820,BillDesk Settlement,AMZN-INV-877082 PO_B14_002820,246451,5472,0,0,240979,INR,2026-08-16T06:07:00Z,BATCH-AMZN-2820
PO_B14_002821,BillDesk Settlement,PAYT-INV-966470 PO_B14_002821,125305,2210,0,0,123095,INR,2026-08-16T05:10:00Z,BATCH-PAYT-2821
PO_B14_002822,BillDesk Settlement,MYNT-EXC-287257-UNRESOLVED,256808,5126,0,0,251682,INR,2026-08-16T15:03:00Z,HOLD-ESCROW
PO_B14_002823,PayU Enterprise,BLNK-INV-648035 PO_B14_002823,395069,8339,0,0,386730,INR,2026-08-16T15:04:00Z,BATCH-BLNK-2823
PO_B14_002824,Stripe India,SWIG-INV-342135 PO_B14_002824,124096,2339,0,0,121757,INR,2026-08-16T18:03:00Z,BATCH-SWIG-2824
PO_B14_002825,Razorpay Nodal,BLNK-ORD-619625 BLNK-ORD-811034 BATCH-BLNK-2825,324209,6484,0,0,317725,INR,2026-08-16T03:51:00Z,BATCH-BLNK-2825
PO_B14_002826,Stripe India,BBAS-EXC-657023-UNRESOLVED,79607,1582,0,0,78025,INR,2026-08-17T08:18:00Z,HOLD-ESCROW
PO_B14_002827,Razorpay Nodal,FLPK-INV-524429 PO_B14_002827,321542,7433,0,0,314109,INR,2026-08-16T08:25:00Z,BATCH-FLPK-2827
PO_B14_002828,Stripe India,TATA-INV-894210 PO_B14_002828,260445,5119,0,0,255326,INR,2026-08-16T13:31:00Z,BATCH-TATA-2828
PO_B14_002829,BillDesk Settlement,BLNK-INV-665034 PO_B14_002829,376518,8971,0,0,367547,INR,2026-08-16T05:38:00Z,BATCH-BLNK-2829
PO_B14_002830,Razorpay Nodal,ZOMA-INV-102681 PO_B14_002830,276621,5749,0,0,270872,INR,2026-08-16T10:00:00Z,BATCH-ZOMA-2830
PO_B14_002831,Stripe India,JIOO-INV-145199 PO_B14_002831,348016,5309,0,0,342707,INR,2026-08-16T07:10:00Z,BATCH-JIOO-2831
PO_B14_002832,Cashfree Escrow,OLAA-INV-824278 PO_B14_002832,264470,5049,0,0,259421,INR,2026-08-16T04:56:00Z,BATCH-OLAA-2832
PO_B14_002833,Stripe India,SWIG-INV-829154 PO_B14_002833,47610,880,0,0,46730,INR,2026-08-15T23:39:00Z,BATCH-SWIG-2833
PO_B14_002834,Stripe India,BLNK-INV-844155 PO_B14_002834,167515,2868,0,0,164647,INR,2026-08-16T15:35:00Z,BATCH-BLNK-2834
PO_B14_002835,PayU Enterprise,BKMS-INV-303354 PO_B14_002835,235337,3922,0,0,231415,INR,2026-08-16T09:35:00Z,BATCH-BKMS-2835
PO_B14_002836,Razorpay Nodal,MYNT-INV-867565 PO_B14_002836,59979,1136,0,0,58843,INR,2026-08-15T22:20:00Z,BATCH-MYNT-2836
PO_B14_002837,BillDesk Settlement,BLNK-INV-974816 PO_B14_002837,432813,7236,0,0,425577,INR,2026-08-16T00:46:00Z,BATCH-BLNK-2837
PO_B14_002838,Cashfree Escrow,SWIG-INV-276505 PO_B14_002838,236576,5650,0,0,230926,INR,2026-08-16T12:42:00Z,BATCH-SWIG-2838
PO_B14_002839,BillDesk Settlement,TATA-INV-532162 PO_B14_002839,28563,536,0,0,28027,INR,2026-08-16T04:59:00Z,BATCH-TATA-2839
PO_B14_002840,Cashfree Escrow,NYKA-ORD-128578 NYKA-ORD-776762 NYKA-ORD-873928 BATCH-NYKA-2840,362192,7243,0,0,354949,INR,2026-08-16T02:06:00Z,BATCH-NYKA-2840
PO_B14_002841,BillDesk Settlement,PHNP-INV-319478 PO_B14_002841,440313,8914,0,0,431399,INR,2026-08-16T03:36:00Z,BATCH-PHNP-2841
PO_B14_002842,Razorpay Nodal,JIOO-INV-648032 PO_B14_002842,108505,1650,0,0,106855,INR,2026-08-16T07:44:00Z,BATCH-JIOO-2842
PO_B14_002843,BillDesk Settlement,ZOMA-INV-358348 PO_B14_002843,438463,9714,0,0,428749,INR,2026-08-16T09:42:00Z,BATCH-ZOMA-2843
PO_B14_002844,Razorpay Nodal,ZOMA-INV-117098 PO_B14_002844,421393,10232,0,0,411161,INR,2026-08-16T07:33:00Z,BATCH-ZOMA-2844
PO_B14_002845,Stripe India,SWIG-INV-459120 PO_B14_002845,396687,9411,0,0,387276,INR,2026-08-16T13:14:00Z,BATCH-SWIG-2845
PO_B14_002846,BillDesk Settlement,BLNK-INV-778280 PO_B14_002846,251076,4021,0,0,247055,INR,2026-08-16T16:00:00Z,BATCH-BLNK-2846
PO_B14_002847,Stripe India,TATA-INV-999902 PO_B14_002847,301502,6232,0,0,295270,INR,2026-08-16T00:38:00Z,BATCH-TATA-2847
PO_B14_002848,Razorpay Nodal,BBAS-INV-218486 PO_B14_002848,113426,1754,0,0,111672,INR,2026-08-16T10:02:00Z,BATCH-BBAS-2848
PO_B14_002849,Stripe India,JIOO-INV-349697 PO_B14_002849,329359,6066,0,0,323293,INR,2026-08-16T11:44:00Z,BATCH-JIOO-2849
PO_B14_002850,Cashfree Escrow,AMZN-ORD-456539 AMZN-ORD-588157 AMZN-ORD-675298 BATCH-AMZN-2850,380702,7614,0,0,373088,INR,2026-08-16T09:49:00Z,BATCH-AMZN-2850
PO_B14_002851,PayU Enterprise,AMZN-ORD-783147 AMZN-ORD-162773 BATCH-AMZN-2851,257915,5158,0,0,252757,INR,2026-08-16T09:33:00Z,BATCH-AMZN-2851
PO_B14_002852,PayU Enterprise,BLNK-INV-871203 PO_B14_002852,106087,1693,0,0,104394,INR,2026-08-15T16:30:00Z,BATCH-BLNK-2852
PO_B14_002853,Stripe India,MMTR-ORD-498832 MMTR-ORD-624812 BATCH-MMTR-2853,415648,8312,0,0,407336,INR,2026-08-16T01:16:00Z,BATCH-MMTR-2853
PO_B14_002854,BillDesk Settlement,BBAS-ORD-423910 BBAS-ORD-927201 BATCH-BBAS-2854,446408,8928,0,0,437480,INR,2026-08-16T14:59:00Z,BATCH-BBAS-2854
PO_B14_002855,Stripe India,TATA-INV-564495 PO_B14_002855,355918,6240,0,0,349678,INR,2026-08-16T19:25:00Z,BATCH-TATA-2855
PO_B14_002856,Cashfree Escrow,FLPK-INV-451993 PO_B14_002856,133536,2087,0,0,131449,INR,2026-08-15T21:30:00Z,BATCH-FLPK-2856
PO_B14_002857,Razorpay Nodal,UBER-ORD-817199 UBER-ORD-359798 BATCH-UBER-2857,163272,3265,0,0,160007,INR,2026-08-16T12:21:00Z,BATCH-UBER-2857
PO_B14_002858,Razorpay Nodal,MMTR-ORD-955257 MMTR-ORD-445199 BATCH-MMTR-2858,117134,2342,0,0,114792,INR,2026-08-16T01:57:00Z,BATCH-MMTR-2858
PO_B14_002859,Razorpay Nodal,AMZN-INV-952911 PO_B14_002859,58728,1216,0,0,57512,INR,2026-08-16T08:41:00Z,BATCH-AMZN-2859
PO_B14_002860,Razorpay Nodal,ZOMA-INV-179024 PO_B14_002860,402776,7257,0,0,395519,INR,2026-08-16T07:49:00Z,BATCH-ZOMA-2860
PO_B14_002861,Cashfree Escrow,UBER-INV-864144 PO_B14_002861,132600,2254,0,0,130346,INR,2026-08-16T05:08:00Z,BATCH-UBER-2861
PO_B14_002862,PayU Enterprise,BBAS-ORD-463402 BBAS-ORD-214698 BBAS-ORD-307801 BATCH-BBAS-2862,118966,2379,0,0,116587,INR,2026-08-16T07:26:00Z,BATCH-BBAS-2862
PO_B14_002863,Cashfree Escrow,MYNT-INV-285529 PO_B14_002863,208461,3205,0,0,205256,INR,2026-08-16T23:44:00Z,BATCH-MYNT-2863
PO_B14_002864,BillDesk Settlement,SWIG-INV-350418 PO_B14_002864,395890,8700,0,0,387190,INR,2026-08-16T18:39:00Z,BATCH-SWIG-2864
PO_B14_002865,Cashfree Escrow,UBER-INV-255675 PO_B14_002865,143471,3032,0,0,140439,INR,2026-08-16T21:13:00Z,BATCH-UBER-2865
PO_B14_002866,Cashfree Escrow,TATA-INV-723956 PO_B14_002866,440480,7945,0,0,432535,INR,2026-08-16T10:09:00Z,BATCH-TATA-2866
PO_B14_002867,Razorpay Nodal,TATA-INV-854720 PO_B14_002867,448267,9083,0,0,439184,INR,2026-08-16T13:15:00Z,BATCH-TATA-2867
PO_B14_002868,Cashfree Escrow,OLAA-INV-793821 PO_B14_002868,133591,3247,0,0,130344,INR,2026-08-16T09:00:00Z,BATCH-OLAA-2868
PO_B14_002869,Stripe India,OLAA-INV-502444 PO_B14_002869,76129,1776,0,0,74353,INR,2026-08-16T19:34:00Z,BATCH-OLAA-2869
PO_B14_002870,PayU Enterprise,PAYT-INV-520167 PO_B14_002870,84560,1436,0,0,83124,INR,2026-08-16T20:47:00Z,BATCH-PAYT-2870
PO_B14_002871,Cashfree Escrow,ZOMA-INV-453274 PO_B14_002871,28166,503,0,0,27663,INR,2026-08-15T19:21:00Z,BATCH-ZOMA-2871
PO_B14_002872,Cashfree Escrow,UBER-ORD-407495 UBER-ORD-790298 BATCH-UBER-2872,305027,6100,0,0,298927,INR,2026-08-16T13:24:00Z,BATCH-UBER-2872
PO_B14_002873,PayU Enterprise,SWIG-ORD-789059 SWIG-ORD-686808 SWIG-ORD-448845 BATCH-SWIG-2873,481329,9626,0,0,471703,INR,2026-08-16T09:42:00Z,BATCH-SWIG-2873
PO_B14_002874,Razorpay Nodal,NYKA-INV-457958 PO_B14_002874,105586,2567,0,0,103019,INR,2026-08-16T08:59:00Z,BATCH-NYKA-2874
PO_B14_002875,PayU Enterprise,NYKA-ORD-960174 NYKA-ORD-277102 BATCH-NYKA-2875,244260,4885,0,0,239375,INR,2026-08-15T21:09:00Z,BATCH-NYKA-2875
PO_B14_002876,PayU Enterprise,PHNP-ORD-132605 PHNP-ORD-113605 BATCH-PHNP-2876,280419,5608,0,0,274811,INR,2026-08-16T09:40:00Z,BATCH-PHNP-2876
PO_B14_002877,PayU Enterprise,PAYT-INV-830402 PO_B14_002877,266711,5840,0,0,260871,INR,2026-08-16T16:13:00Z,BATCH-PAYT-2877
PO_B14_002878,Razorpay Nodal,PAYT-INV-330185 PO_B14_002878,207955,5178,0,0,202777,INR,2026-08-16T08:35:00Z,BATCH-PAYT-2878
PO_B14_002879,PayU Enterprise,PHNP-INV-934949 PO_B14_002879,259143,4389,0,0,254754,INR,2026-08-16T08:42:00Z,BATCH-PHNP-2879
PO_B14_002880,Razorpay Nodal,OLAA-INV-380592 PO_B14_002880,155725,3381,0,0,152344,INR,2026-08-15T16:14:00Z,BATCH-OLAA-2880
PO_B14_002881,Stripe India,MMTR-ORD-116538 MMTR-ORD-393472 BATCH-MMTR-2881,280566,5611,0,0,274955,INR,2026-08-16T12:04:00Z,BATCH-MMTR-2881
PO_B14_002882,Cashfree Escrow,OLAA-ORD-899920 OLAA-ORD-908375 BATCH-OLAA-2882,370160,7403,0,0,362757,INR,2026-08-16T20:36:00Z,BATCH-OLAA-2882
PO_B14_002883,Stripe India,MMTR-INV-444573 PO_B14_002883,348874,6726,0,0,342148,INR,2026-08-16T16:23:00Z,BATCH-MMTR-2883
PO_B14_002884,Razorpay Nodal,SWIG-INV-804134 PO_B14_002884,66881,1592,0,0,65289,INR,2026-08-16T08:21:00Z,BATCH-SWIG-2884
PO_B14_002885,PayU Enterprise,MMTR-ORD-733459 MMTR-ORD-727272 MMTR-ORD-930164 BATCH-MMTR-2885,457160,9143,0,0,448017,INR,2026-08-16T15:33:00Z,BATCH-MMTR-2885
PO_B14_002886,Stripe India,OLAA-INV-673411 PO_B14_002886,382821,9245,0,0,373576,INR,2026-08-16T06:06:00Z,BATCH-OLAA-2886
PO_B14_002887,BillDesk Settlement,PAYT-INV-871008 PO_B14_002887,194411,4604,0,0,189807,INR,2026-08-16T03:43:00Z,BATCH-PAYT-2887
PO_B14_002888,Cashfree Escrow,OLAA-INV-956111 PO_B14_002888,174263,3176,0,0,171087,INR,2026-08-16T10:10:00Z,BATCH-OLAA-2888
PO_B14_002889,BillDesk Settlement,MYNT-INV-892802 PO_B14_002889,423159,6631,0,0,416528,INR,2026-08-16T12:01:00Z,BATCH-MYNT-2889
PO_B14_002890,Stripe India,UBER-INV-615232 PO_B14_002890,73443,1706,0,0,71737,INR,2026-08-16T10:24:00Z,BATCH-UBER-2890
PO_B14_002891,Cashfree Escrow,NYKA-INV-218595 PO_B14_002891,312988,4721,0,0,308267,INR,2026-08-16T15:53:00Z,BATCH-NYKA-2891
PO_B14_002892,BillDesk Settlement,MMTR-INV-482321 PO_B14_002892,248186,4950,0,0,243236,INR,2026-08-16T06:16:00Z,BATCH-MMTR-2892
PO_B14_002893,BillDesk Settlement,NYKA-INV-679897 PO_B14_002893,202054,4081,0,0,197973,INR,2026-08-16T07:03:00Z,BATCH-NYKA-2893
PO_B14_002894,BillDesk Settlement,PAYT-ORD-250821 PAYT-ORD-907382 BATCH-PAYT-2894,352565,7051,0,0,345514,INR,2026-08-16T12:42:00Z,BATCH-PAYT-2894
PO_B14_002895,PayU Enterprise,PAYT-INV-226339 PO_B14_002895,237500,5043,0,0,232457,INR,2026-08-16T15:20:00Z,BATCH-PAYT-2895
PO_B14_002896,PayU Enterprise,PAYT-INV-905564 PO_B14_002896,340621,8347,0,0,332274,INR,2026-08-16T05:10:00Z,BATCH-PAYT-2896
PO_B14_002897,Razorpay Nodal,FLPK-ORD-341575 FLPK-ORD-889632 FLPK-ORD-881923 BATCH-FLPK-2897,454674,9093,0,0,445581,INR,2026-08-16T11:39:00Z,BATCH-FLPK-2897
PO_B14_002898,BillDesk Settlement,BKMS-ORD-289121 BKMS-ORD-105023 BATCH-BKMS-2898,400837,8016,0,0,392821,INR,2026-08-16T09:34:00Z,BATCH-BKMS-2898
PO_B14_002899,Razorpay Nodal,FLPK-INV-247739 PO_B14_002899,121061,1980,0,0,119081,INR,2026-08-16T14:44:00Z,BATCH-FLPK-2899
PO_B14_002900,PayU Enterprise,TATA-ORD-950478 TATA-ORD-299524 TATA-ORD-235404 BATCH-TATA-2900,599195,11983,0,0,587212,INR,2026-08-16T17:47:00Z,BATCH-TATA-2900
PO_B14_002901,BillDesk Settlement,ZOMA-INV-873829 PO_B14_002901,344242,6870,0,0,337372,INR,2026-08-16T13:30:00Z,BATCH-ZOMA-2901
PO_B14_002902,PayU Enterprise,BKMS-ORD-274935 BKMS-ORD-379757 BATCH-BKMS-2902,99909,1998,0,0,97911,INR,2026-08-16T19:20:00Z,BATCH-BKMS-2902
PO_B14_002903,Cashfree Escrow,TATA-INV-491516 PO_B14_002903,61507,958,0,0,60549,INR,2026-08-16T08:17:00Z,BATCH-TATA-2903
PO_B14_002904,Cashfree Escrow,UBER-INV-530410 PO_B14_002904,30904,566,0,0,30338,INR,2026-08-16T02:31:00Z,BATCH-UBER-2904
PO_B14_002905,PayU Enterprise,SWIG-EXC-343296-UNRESOLVED,107198,2133,0,0,105065,INR,2026-08-17T04:45:00Z,HOLD-ESCROW
PO_B14_002906,BillDesk Settlement,UBER-ORD-907207 UBER-ORD-897339 UBER-ORD-738273 BATCH-UBER-2906,313495,6269,0,0,307226,INR,2026-08-16T08:08:00Z,BATCH-UBER-2906
PO_B14_002907,Stripe India,PHNP-INV-345152 PO_B14_002907,422835,9762,0,0,413073,INR,2026-08-16T23:44:00Z,BATCH-PHNP-2907
PO_B14_002908,Razorpay Nodal,TATA-ORD-589255 TATA-ORD-580748 TATA-ORD-150438 BATCH-TATA-2908,441682,8833,0,0,432849,INR,2026-08-16T04:21:00Z,BATCH-TATA-2908
PO_B14_002909,PayU Enterprise,NYKA-INV-414682 PO_B14_002909,197712,4834,0,0,192878,INR,2026-08-15T19:48:00Z,BATCH-NYKA-2909
PO_B14_002910,PayU Enterprise,FLPK-INV-389760 PO_B14_002910,63210,1543,0,0,61667,INR,2026-08-16T11:12:00Z,BATCH-FLPK-2910
PO_B14_002911,BillDesk Settlement,OLAA-INV-637480 PO_B14_002911,200798,3587,0,0,197211,INR,2026-08-16T16:20:00Z,BATCH-OLAA-2911
PO_B14_002912,BillDesk Settlement,MMTR-INV-409493 PO_B14_002912,426802,8393,0,0,418409,INR,2026-08-16T01:16:00Z,BATCH-MMTR-2912
PO_B14_002913,Razorpay Nodal,BBAS-INV-937350 PO_B14_002913,221672,4139,0,0,217533,INR,2026-08-16T01:34:00Z,BATCH-BBAS-2913
PO_B14_002914,Cashfree Escrow,NYKA-INV-438849 PO_B14_002914,218149,3894,0,0,214255,INR,2026-08-16T13:56:00Z,BATCH-NYKA-2914
PO_B14_002915,Razorpay Nodal,JIOO-ORD-457240 JIOO-ORD-892686 BATCH-JIOO-2915,161722,3234,0,0,158488,INR,2026-08-16T09:00:00Z,BATCH-JIOO-2915
PO_B14_002916,Stripe India,FLPK-INV-899092 PO_B14_002916,92585,2128,0,0,90457,INR,2026-08-16T09:08:00Z,BATCH-FLPK-2916
PO_B14_002917,Razorpay Nodal,UBER-INV-597741 PO_B14_002917,292529,6170,0,0,286359,INR,2026-08-16T06:52:00Z,BATCH-UBER-2917
PO_B14_002918,Cashfree Escrow,PAYT-INV-436941 PO_B14_002918,365223,8990,0,0,356233,INR,2026-08-16T12:31:00Z,BATCH-PAYT-2918
PO_B14_002919,Stripe India,JIOO-INV-870297 PO_B14_002919,302642,5814,0,0,296828,INR,2026-08-16T19:43:00Z,BATCH-JIOO-2919
PO_B14_002920,PayU Enterprise,JIOO-ORD-349775 JIOO-ORD-909834 BATCH-JIOO-2920,272855,5457,0,0,267398,INR,2026-08-16T18:41:00Z,BATCH-JIOO-2920
PO_B14_002921,BillDesk Settlement,PHNP-INV-953792 PO_B14_002921,184512,2839,0,0,181673,INR,2026-08-16T07:09:00Z,BATCH-PHNP-2921
PO_B14_002922,Cashfree Escrow,TATA-INV-721202 PO_B14_002922,283636,4629,0,0,279007,INR,2026-08-16T01:28:00Z,BATCH-TATA-2922
PO_B14_002923,PayU Enterprise,NYKA-INV-669491 PO_B14_002923,446897,8816,0,0,438081,INR,2026-08-16T14:26:00Z,BATCH-NYKA-2923
PO_B14_002924,Razorpay Nodal,ZOMA-INV-178578 PO_B14_002924,387639,6974,0,0,380665,INR,2026-08-15T23:15:00Z,BATCH-ZOMA-2924
PO_B14_002925,Stripe India,PAYT-INV-560988 PO_B14_002925,305001,4792,0,0,300209,INR,2026-08-16T07:11:00Z,BATCH-PAYT-2925
PO_B14_002926,Stripe India,PHNP-INV-650904 PO_B14_002926,351270,6716,0,0,344554,INR,2026-08-16T17:15:00Z,BATCH-PHNP-2926
PO_B14_002927,Razorpay Nodal,BKMS-INV-538289 PO_B14_002927,120514,2367,0,0,118147,INR,2026-08-16T08:41:00Z,BATCH-BKMS-2927
PO_B14_002928,Razorpay Nodal,BKMS-INV-848090 PO_B14_002928,94229,1519,0,0,92710,INR,2026-08-15T20:11:00Z,BATCH-BKMS-2928
PO_B14_002929,Cashfree Escrow,OLAA-ORD-462311 OLAA-ORD-108122 BATCH-OLAA-2929,296526,5930,0,0,290596,INR,2026-08-16T20:11:00Z,BATCH-OLAA-2929
PO_B14_002930,Cashfree Escrow,TATA-ORD-611030 TATA-ORD-405235 BATCH-TATA-2930,340280,6805,0,0,333475,INR,2026-08-16T10:51:00Z,BATCH-TATA-2930
PO_B14_002931,PayU Enterprise,ZOMA-ORD-432327 ZOMA-ORD-563432 ZOMA-ORD-251181 BATCH-ZOMA-2931,221386,4427,0,0,216959,INR,2026-08-16T07:37:00Z,BATCH-ZOMA-2931
PO_B14_002932,Cashfree Escrow,BKMS-INV-621158 PO_B14_002932,86740,2074,0,0,84666,INR,2026-08-16T06:02:00Z,BATCH-BKMS-2932
PO_B14_002933,PayU Enterprise,BLNK-INV-132250 PO_B14_002933,52282,887,0,0,51395,INR,2026-08-15T22:01:00Z,BATCH-BLNK-2933
PO_B14_002934,PayU Enterprise,UBER-ORD-128604 UBER-ORD-613223 UBER-ORD-640504 BATCH-UBER-2934,427453,8549,0,0,418904,INR,2026-08-16T14:24:00Z,BATCH-UBER-2934
PO_B14_002935,PayU Enterprise,BBAS-ORD-281585 BBAS-ORD-725128 BBAS-ORD-717593 BATCH-BBAS-2935,631834,12636,0,0,619198,INR,2026-08-16T11:01:00Z,BATCH-BBAS-2935
PO_B14_002936,PayU Enterprise,TATA-INV-444593 PO_B14_002936,361139,7596,0,0,353543,INR,2026-08-15T22:29:00Z,BATCH-TATA-2936
PO_B14_002937,PayU Enterprise,PHNP-INV-379895 PO_B14_002937,203194,3826,0,0,199368,INR,2026-08-15T23:50:00Z,BATCH-PHNP-2937
PO_B14_002938,PayU Enterprise,TATA-ORD-877059 TATA-ORD-147059 TATA-ORD-458742 BATCH-TATA-2938,401210,8024,0,0,393186,INR,2026-08-16T14:10:00Z,BATCH-TATA-2938
PO_B14_002939,Cashfree Escrow,AMZN-INV-914174 PO_B14_002939,198743,4064,0,0,194679,INR,2026-08-16T15:18:00Z,BATCH-AMZN-2939
PO_B14_002940,BillDesk Settlement,MMTR-INV-721601 PO_B14_002940,313133,7380,0,0,305753,INR,2026-08-16T20:40:00Z,BATCH-MMTR-2940
PO_B14_002941,Stripe India,SWIG-INV-789125 PO_B14_002941,33661,832,0,0,32829,INR,2026-08-15T16:53:00Z,BATCH-SWIG-2941
PO_B14_002942,Cashfree Escrow,OLAA-INV-861054 PO_B14_002942,285157,6400,0,0,278757,INR,2026-08-16T23:10:00Z,BATCH-OLAA-2942
PO_B14_002943,Stripe India,JIOO-INV-141727 PO_B14_002943,227456,5564,0,0,221892,INR,2026-08-16T13:47:00Z,BATCH-JIOO-2943
PO_B14_002944,Stripe India,BBAS-INV-129884 PO_B14_002944,210047,3676,0,0,206371,INR,2026-08-16T10:40:00Z,BATCH-BBAS-2944
PO_B14_002945,Stripe India,FLPK-ORD-174934 FLPK-ORD-885106 BATCH-FLPK-2945,336008,6720,0,0,329288,INR,2026-08-16T00:21:00Z,BATCH-FLPK-2945
PO_B14_002946,Razorpay Nodal,BBAS-INV-805487 PO_B14_002946,316790,6063,0,0,310727,INR,2026-08-16T14:54:00Z,BATCH-BBAS-2946
PO_B14_002947,Cashfree Escrow,PHNP-INV-366969 PO_B14_002947,75008,1263,0,0,73745,INR,2026-08-16T12:21:00Z,BATCH-PHNP-2947
PO_B14_002948,PayU Enterprise,AMZN-INV-775518 PO_B14_002948,396789,6084,0,0,390705,INR,2026-08-16T03:13:00Z,BATCH-AMZN-2948
PO_B14_002949,BillDesk Settlement,SWIG-INV-965635 PO_B14_002949,369203,8538,0,0,360665,INR,2026-08-16T13:40:00Z,BATCH-SWIG-2949
PO_B14_002950,Cashfree Escrow,FLPK-INV-434824 PO_B14_002950,325463,5480,0,0,319983,INR,2026-08-15T21:09:00Z,BATCH-FLPK-2950
PO_B14_002951,PayU Enterprise,MYNT-INV-259645 PO_B14_002951,274192,4224,0,0,269968,INR,2026-08-16T13:36:00Z,BATCH-MYNT-2951
PO_B14_002952,PayU Enterprise,SWIG-INV-634822 PO_B14_002952,259350,4958,0,0,254392,INR,2026-08-16T06:59:00Z,BATCH-SWIG-2952
PO_B14_002953,Cashfree Escrow,BKMS-INV-257935 PO_B14_002953,42278,972,0,0,41306,INR,2026-08-16T18:23:00Z,BATCH-BKMS-2953
PO_B14_002954,PayU Enterprise,NYKA-INV-820409 PO_B14_002954,258579,5895,0,0,252684,INR,2026-08-16T08:06:00Z,BATCH-NYKA-2954
PO_B14_002955,PayU Enterprise,MMTR-INV-893916 PO_B14_002955,425123,7356,0,0,417767,INR,2026-08-16T07:32:00Z,BATCH-MMTR-2955
PO_B14_002956,BillDesk Settlement,PAYT-ORD-746240 PAYT-ORD-310289 PAYT-ORD-946630 BATCH-PAYT-2956,436165,8723,0,0,427442,INR,2026-08-15T22:54:00Z,BATCH-PAYT-2956
PO_B14_002957,Razorpay Nodal,ZOMA-INV-684800 PO_B14_002957,135736,2998,0,0,132738,INR,2026-08-15T23:59:00Z,BATCH-ZOMA-2957
PO_B14_002958,Stripe India,PAYT-ORD-888811 PAYT-ORD-954052 PAYT-ORD-880158 BATCH-PAYT-2958,366160,7323,0,0,358837,INR,2026-08-16T16:42:00Z,BATCH-PAYT-2958
PO_B14_002959,Razorpay Nodal,UBER-INV-137211 PO_B14_002959,268344,6145,0,0,262199,INR,2026-08-16T13:07:00Z,BATCH-UBER-2959
PO_B14_002960,Razorpay Nodal,SWIG-INV-797785 PO_B14_002960,266132,4008,0,0,262124,INR,2026-08-15T21:28:00Z,BATCH-SWIG-2960
PO_B14_002961,Stripe India,NYKA-INV-589241 PO_B14_002961,141476,2177,0,0,139299,INR,2026-08-16T21:25:00Z,BATCH-NYKA-2961
PO_B14_002962,BillDesk Settlement,TATA-INV-659116 PO_B14_002962,382810,5949,0,0,376861,INR,2026-08-16T10:16:00Z,BATCH-TATA-2962
PO_B14_002963,Stripe India,NYKA-INV-766028 PO_B14_002963,36829,890,0,0,35939,INR,2026-08-16T09:04:00Z,BATCH-NYKA-2963
PO_B14_002964,Stripe India,PHNP-INV-453364 PO_B14_002964,46111,977,0,0,45134,INR,2026-08-16T17:37:00Z,BATCH-PHNP-2964
PO_B14_002965,Stripe India,BBAS-INV-807359 PO_B14_002965,281508,4378,0,0,277130,INR,2026-08-16T02:03:00Z,BATCH-BBAS-2965
PO_B14_002966,Cashfree Escrow,BKMS-INV-487825 PO_B14_002966,445133,8660,0,0,436473,INR,2026-08-16T18:13:00Z,BATCH-BKMS-2966
PO_B14_002967,Cashfree Escrow,MYNT-INV-403718 PO_B14_002967,114182,2533,0,0,111649,INR,2026-08-16T13:34:00Z,BATCH-MYNT-2967
PO_B14_002968,PayU Enterprise,FLPK-ORD-816072 FLPK-ORD-953835 BATCH-FLPK-2968,229592,4591,0,0,225001,INR,2026-08-16T00:26:00Z,BATCH-FLPK-2968
PO_B14_002969,Stripe India,BLNK-INV-649589 PO_B14_002969,25743,558,0,0,25185,INR,2026-08-16T05:13:00Z,BATCH-BLNK-2969
PO_B14_002970,BillDesk Settlement,NYKA-INV-544355 PO_B14_002970,58786,1124,0,0,57662,INR,2026-08-16T12:50:00Z,BATCH-NYKA-2970
PO_B14_002971,Razorpay Nodal,BLNK-INV-933553 PO_B14_002971,275200,4418,0,0,270782,INR,2026-08-16T09:56:00Z,BATCH-BLNK-2971
PO_B14_002972,Cashfree Escrow,JIOO-INV-411725 PO_B14_002972,29568,454,0,0,29114,INR,2026-08-16T11:37:00Z,BATCH-JIOO-2972
PO_B14_002973,PayU Enterprise,JIOO-ORD-388478 JIOO-ORD-739958 JIOO-ORD-159058 BATCH-JIOO-2973,532074,10641,0,0,521433,INR,2026-08-16T12:09:00Z,BATCH-JIOO-2973
PO_B14_002974,PayU Enterprise,FLPK-INV-342973 PO_B14_002974,199239,3343,0,0,195896,INR,2026-08-15T16:31:00Z,BATCH-FLPK-2974
PO_B14_002975,PayU Enterprise,PHNP-INV-248165 PO_B14_002975,331091,6178,0,0,324913,INR,2026-08-16T16:11:00Z,BATCH-PHNP-2975
PO_B14_002976,BillDesk Settlement,NYKA-INV-347961 PO_B14_002976,237087,5538,0,0,231549,INR,2026-08-16T12:31:00Z,BATCH-NYKA-2976
PO_B14_002977,BillDesk Settlement,FLPK-INV-250195 PO_B14_002977,396190,6580,0,0,389610,INR,2026-08-16T02:35:00Z,BATCH-FLPK-2977
PO_B14_002978,Cashfree Escrow,OLAA-INV-478098 PO_B14_002978,255273,4580,0,0,250693,INR,2026-08-16T05:40:00Z,BATCH-OLAA-2978
PO_B14_002979,Stripe India,BBAS-INV-440237 PO_B14_002979,93634,1487,0,0,92147,INR,2026-08-16T04:11:00Z,BATCH-BBAS-2979
PO_B14_002980,BillDesk Settlement,FLPK-INV-431262 PO_B14_002980,129779,2620,0,0,127159,INR,2026-08-16T18:53:00Z,BATCH-FLPK-2980
PO_B14_002981,BillDesk Settlement,MMTR-INV-690644 PO_B14_002981,240779,3762,0,0,237017,INR,2026-08-16T12:26:00Z,BATCH-MMTR-2981
PO_B14_002982,Razorpay Nodal,PHNP-INV-572561 PO_B14_002982,383300,7752,0,0,375548,INR,2026-08-16T07:53:00Z,BATCH-PHNP-2982
PO_B14_002983,PayU Enterprise,BBAS-INV-351249 PO_B14_002983,322752,5302,0,0,317450,INR,2026-08-16T12:22:00Z,BATCH-BBAS-2983
PO_B14_002984,Cashfree Escrow,ZOMA-INV-838823 PO_B14_002984,401087,7616,0,0,393471,INR,2026-08-16T05:31:00Z,BATCH-ZOMA-2984
PO_B14_002985,Stripe India,BLNK-INV-951796 PO_B14_002985,311146,5186,0,0,305960,INR,2026-08-16T21:06:00Z,BATCH-BLNK-2985
PO_B14_002986,Cashfree Escrow,TATA-ORD-247085 TATA-ORD-874219 BATCH-TATA-2986,172174,3443,0,0,168731,INR,2026-08-15T21:15:00Z,BATCH-TATA-2986
PO_B14_002987,Stripe India,SWIG-ORD-623133 SWIG-ORD-232011 BATCH-SWIG-2987,382693,7653,0,0,375040,INR,2026-08-16T08:40:00Z,BATCH-SWIG-2987
PO_B14_002988,PayU Enterprise,UBER-ORD-284892 UBER-ORD-156715 BATCH-UBER-2988,90620,1812,0,0,88808,INR,2026-08-15T21:52:00Z,BATCH-UBER-2988
PO_B14_002989,BillDesk Settlement,TATA-ORD-798870 TATA-ORD-796544 TATA-ORD-151118 BATCH-TATA-2989,101711,2034,0,0,99677,INR,2026-08-16T19:55:00Z,BATCH-TATA-2989
PO_B14_002990,Stripe India,SWIG-INV-655781 PO_B14_002990,249188,5788,0,0,243400,INR,2026-08-16T04:36:00Z,BATCH-SWIG-2990
PO_B14_002991,Stripe India,BBAS-INV-408053 PO_B14_002991,179749,4139,0,0,175610,INR,2026-08-16T14:30:00Z,BATCH-BBAS-2991
PO_B14_002992,BillDesk Settlement,AMZN-ORD-814365 AMZN-ORD-706107 AMZN-ORD-718504 BATCH-AMZN-2992,220545,4410,0,0,216135,INR,2026-08-16T06:12:00Z,BATCH-AMZN-2992
PO_B14_002993,Cashfree Escrow,PHNP-INV-634996 PO_B14_002993,167830,2651,0,0,165179,INR,2026-08-16T22:08:00Z,BATCH-PHNP-2993
PO_B14_002994,PayU Enterprise,PAYT-INV-764381 PO_B14_002994,327612,7619,0,0,319993,INR,2026-08-15T16:35:00Z,BATCH-PAYT-2994
PO_B14_002995,Razorpay Nodal,TATA-INV-964635 PO_B14_002995,180516,4381,0,0,176135,INR,2026-08-16T09:39:00Z,BATCH-TATA-2995
PO_B14_002996,Cashfree Escrow,FLPK-INV-820908 PO_B14_002996,95444,2019,0,0,93425,INR,2026-08-16T12:26:00Z,BATCH-FLPK-2996
PO_B14_002997,Razorpay Nodal,FLPK-ORD-891942 FLPK-ORD-829110 BATCH-FLPK-2997,258244,5164,0,0,253080,INR,2026-08-16T16:51:00Z,BATCH-FLPK-2997
PO_B14_002998,BillDesk Settlement,AMZN-ORD-304546 AMZN-ORD-913874 AMZN-ORD-260878 BATCH-AMZN-2998,409195,8183,0,0,401012,INR,2026-08-16T06:25:00Z,BATCH-AMZN-2998
PO_B14_002999,Stripe India,SWIG-INV-162057 PO_B14_002999,105953,2101,0,0,103852,INR,2026-08-16T13:03:00Z,BATCH-SWIG-2999
PO_B14_003000,PayU Enterprise,AMZN-INV-167232 PO_B14_003000,225139,5437,0,0,219702,INR,2026-08-16T15:58:00Z,BATCH-AMZN-3000
PO_B14_003001,BillDesk Settlement,BKMS-ORD-321828 BKMS-ORD-461736 BATCH-BKMS-3001,75503,1510,0,0,73993,INR,2026-08-16T03:18:00Z,BATCH-BKMS-3001
PO_B14_003002,Cashfree Escrow,ZOMA-INV-152550 PO_B14_003002,141639,2396,0,0,139243,INR,2026-08-16T20:06:00Z,BATCH-ZOMA-3002
PO_B14_003003,Cashfree Escrow,BLNK-INV-904197 PO_B14_003003,268021,4176,0,0,263845,INR,2026-08-16T20:38:00Z,BATCH-BLNK-3003
PO_B14_003004,PayU Enterprise,AMZN-ORD-898393 AMZN-ORD-688915 AMZN-ORD-454359 BATCH-AMZN-3004,322880,6457,0,0,316423,INR,2026-08-16T06:15:00Z,BATCH-AMZN-3004
PO_B14_003005,Razorpay Nodal,AMZN-INV-332003 PO_B14_003005,55562,1041,0,0,54521,INR,2026-08-15T23:51:00Z,BATCH-AMZN-3005
PO_B14_003006,BillDesk Settlement,UBER-ORD-515013 UBER-ORD-144753 BATCH-UBER-3006,233659,4673,0,0,228986,INR,2026-08-16T11:47:00Z,BATCH-UBER-3006
PO_B14_003007,BillDesk Settlement,MMTR-INV-393674 PO_B14_003007,189827,4440,0,0,185387,INR,2026-08-16T01:20:00Z,BATCH-MMTR-3007
PO_B14_003008,Razorpay Nodal,BLNK-INV-110183 PO_B14_003008,111613,2039,0,0,109574,INR,2026-08-15T15:52:00Z,BATCH-BLNK-3008
PO_B14_003009,Cashfree Escrow,MYNT-ORD-723933 MYNT-ORD-465512 BATCH-MYNT-3009,239180,4783,0,0,234397,INR,2026-08-16T08:19:00Z,BATCH-MYNT-3009
PO_B14_003010,PayU Enterprise,NYKA-INV-682437 PO_B14_003010,313516,6788,0,0,306728,INR,2026-08-16T06:34:00Z,BATCH-NYKA-3010
PO_B14_003011,BillDesk Settlement,UBER-INV-643664 PO_B14_003011,169411,4029,0,0,165382,INR,2026-08-15T22:45:00Z,BATCH-UBER-3011
PO_B14_003012,Razorpay Nodal,AMZN-ORD-932317 AMZN-ORD-398303 AMZN-ORD-781298 BATCH-AMZN-3012,368803,7376,0,0,361427,INR,2026-08-15T23:19:00Z,BATCH-AMZN-3012
PO_B14_003013,BillDesk Settlement,BLNK-INV-929970 PO_B14_003013,444186,10330,0,0,433856,INR,2026-08-16T13:36:00Z,BATCH-BLNK-3013
PO_B14_003014,Stripe India,OLAA-INV-486023 PO_B14_003014,257590,5304,0,0,252286,INR,2026-08-16T08:28:00Z,BATCH-OLAA-3014
PO_B14_003015,BillDesk Settlement,UBER-ORD-521101 UBER-ORD-420188 UBER-ORD-196458 BATCH-UBER-3015,419368,8387,0,0,410981,INR,2026-08-16T20:34:00Z,BATCH-UBER-3015
PO_B14_003016,PayU Enterprise,UBER-INV-768032 PO_B14_003016,209475,4526,0,0,204949,INR,2026-08-16T16:15:00Z,BATCH-UBER-3016
PO_B14_003017,Razorpay Nodal,UBER-ORD-835084 UBER-ORD-160332 BATCH-UBER-3017,161162,3223,0,0,157939,INR,2026-08-16T17:43:00Z,BATCH-UBER-3017
PO_B14_003018,BillDesk Settlement,OLAA-INV-129927 PO_B14_003018,289317,6553,0,0,282764,INR,2026-08-15T19:48:00Z,BATCH-OLAA-3018
PO_B14_003019,BillDesk Settlement,BKMS-INV-381627 PO_B14_003019,166183,3471,0,0,162712,INR,2026-08-16T07:49:00Z,BATCH-BKMS-3019
PO_B14_003020,BillDesk Settlement,MYNT-INV-489479 PO_B14_003020,157019,3145,0,0,153874,INR,2026-08-15T21:35:00Z,BATCH-MYNT-3020
PO_B14_003021,Cashfree Escrow,TATA-ORD-822937 TATA-ORD-392482 BATCH-TATA-3021,295414,5908,0,0,289506,INR,2026-08-16T04:24:00Z,BATCH-TATA-3021
PO_B14_003022,PayU Enterprise,ZOMA-INV-727526 PO_B14_003022,350480,5915,0,0,344565,INR,2026-08-16T07:07:00Z,BATCH-ZOMA-3022
PO_B14_003023,Razorpay Nodal,TATA-ORD-979556 TATA-ORD-976687 BATCH-TATA-3023,279810,5596,0,0,274214,INR,2026-08-16T16:03:00Z,BATCH-TATA-3023
PO_B14_003024,PayU Enterprise,AMZN-ORD-403604 AMZN-ORD-124070 BATCH-AMZN-3024,494229,9884,0,0,484345,INR,2026-08-15T21:35:00Z,BATCH-AMZN-3024
PO_B14_003025,PayU Enterprise,BBAS-INV-341956 PO_B14_003025,304415,5363,0,0,299052,INR,2026-08-16T17:31:00Z,BATCH-BBAS-3025
PO_B14_003026,BillDesk Settlement,PAYT-INV-314507 PO_B14_003026,117504,2592,0,0,114912,INR,2026-08-16T22:31:00Z,BATCH-PAYT-3026
PO_B14_003027,BillDesk Settlement,AMZN-EXC-306390-UNRESOLVED,103183,2053,0,0,101130,INR,2026-08-17T03:49:00Z,HOLD-ESCROW
PO_B14_003028,BillDesk Settlement,OLAA-INV-570729 PO_B14_003028,92448,1941,0,0,90507,INR,2026-08-16T14:55:00Z,BATCH-OLAA-3028
PO_B14_003029,PayU Enterprise,MYNT-INV-939280 PO_B14_003029,50231,1231,0,0,49000,INR,2026-08-15T19:22:00Z,BATCH-MYNT-3029
PO_B14_003030,Stripe India,PHNP-ORD-965385 PHNP-ORD-466964 BATCH-PHNP-3030,333535,6670,0,0,326865,INR,2026-08-16T14:08:00Z,BATCH-PHNP-3030
PO_B14_003031,Razorpay Nodal,BKMS-INV-768909 PO_B14_003031,233396,3698,0,0,229698,INR,2026-08-16T02:18:00Z,BATCH-BKMS-3031
PO_B14_003032,Razorpay Nodal,BLNK-INV-782680 PO_B14_003032,26966,419,0,0,26547,INR,2026-08-16T02:22:00Z,BATCH-BLNK-3032
PO_B14_003033,PayU Enterprise,BBAS-ORD-158070 BBAS-ORD-721403 BBAS-ORD-708297 BATCH-BBAS-3033,467032,9340,0,0,457692,INR,2026-08-16T11:43:00Z,BATCH-BBAS-3033
PO_B14_003034,Razorpay Nodal,AMZN-INV-497087 PO_B14_003034,337352,6911,0,0,330441,INR,2026-08-16T19:53:00Z,BATCH-AMZN-3034
PO_B14_003035,Razorpay Nodal,NYKA-INV-696617 PO_B14_003035,400534,9790,0,0,390744,INR,2026-08-16T16:53:00Z,BATCH-NYKA-3035
PO_B14_003036,Razorpay Nodal,MYNT-INV-958657 PO_B14_003036,277423,4439,0,0,272984,INR,2026-08-16T15:54:00Z,BATCH-MYNT-3036
PO_B14_003037,Razorpay Nodal,SWIG-INV-778591 PO_B14_003037,162643,3616,0,0,159027,INR,2026-08-16T16:29:00Z,BATCH-SWIG-3037
PO_B14_003038,Stripe India,MYNT-ORD-573325 MYNT-ORD-171987 MYNT-ORD-551561 BATCH-MYNT-3038,567640,11352,0,0,556288,INR,2026-08-16T00:24:00Z,BATCH-MYNT-3038
PO_B14_003039,Cashfree Escrow,NYKA-INV-218090 PO_B14_003039,112696,2554,0,0,110142,INR,2026-08-16T13:14:00Z,BATCH-NYKA-3039
PO_B14_003040,BillDesk Settlement,PHNP-INV-984174 PO_B14_003040,373039,8222,0,0,364817,INR,2026-08-16T16:37:00Z,BATCH-PHNP-3040
PO_B14_003041,BillDesk Settlement,TATA-INV-157290 PO_B14_003041,145545,2925,0,0,142620,INR,2026-08-16T11:13:00Z,BATCH-TATA-3041
PO_B14_003042,Cashfree Escrow,AMZN-INV-226803 PO_B14_003042,427240,8187,0,0,419053,INR,2026-08-15T17:58:00Z,BATCH-AMZN-3042
PO_B14_003043,PayU Enterprise,ZOMA-INV-983862 PO_B14_003043,229427,4775,0,0,224652,INR,2026-08-15T21:40:00Z,BATCH-ZOMA-3043
PO_B14_003044,Razorpay Nodal,SWIG-INV-976495 PO_B14_003044,41850,1001,0,0,40849,INR,2026-08-16T22:16:00Z,BATCH-SWIG-3044
PO_B14_003045,Razorpay Nodal,ZOMA-INV-584576 PO_B14_003045,156599,2797,0,0,153802,INR,2026-08-15T21:46:00Z,BATCH-ZOMA-3045
PO_B14_003046,BillDesk Settlement,OLAA-INV-164219 PO_B14_003046,230359,4310,0,0,226049,INR,2026-08-16T15:40:00Z,BATCH-OLAA-3046
PO_B14_003047,BillDesk Settlement,OLAA-ORD-117089 OLAA-ORD-932164 OLAA-ORD-945130 BATCH-OLAA-3047,631483,12629,0,0,618854,INR,2026-08-16T00:45:00Z,BATCH-OLAA-3047
PO_B14_003048,Cashfree Escrow,AMZN-INV-708787 PO_B14_003048,198128,3786,0,0,194342,INR,2026-08-16T08:52:00Z,BATCH-AMZN-3048
PO_B14_003049,PayU Enterprise,UBER-EXC-395013-UNRESOLVED,52055,1031,0,0,51024,INR,2026-08-16T14:34:00Z,HOLD-ESCROW
PO_B14_003050,Stripe India,TATA-INV-723566 PO_B14_003050,258187,4526,0,0,253661,INR,2026-08-16T07:19:00Z,BATCH-TATA-3050
PO_B14_003051,Cashfree Escrow,BKMS-ORD-495356 BKMS-ORD-886824 BKMS-ORD-443849 BATCH-BKMS-3051,297786,5955,0,0,291831,INR,2026-08-16T00:33:00Z,BATCH-BKMS-3051
PO_B14_003052,Stripe India,BLNK-EXC-709746-UNRESOLVED,245389,4897,0,0,240492,INR,2026-08-16T20:32:00Z,HOLD-ESCROW
PO_B14_003053,PayU Enterprise,JIOO-INV-293613 PO_B14_003053,288974,4867,0,0,284107,INR,2026-08-15T20:09:00Z,BATCH-JIOO-3053
PO_B14_003054,Cashfree Escrow,AMZN-INV-781775 PO_B14_003054,100298,1993,0,0,98305,INR,2026-08-16T08:32:00Z,BATCH-AMZN-3054
PO_B14_003055,Stripe India,SWIG-INV-806522 PO_B14_003055,199955,4048,0,0,195907,INR,2026-08-16T12:12:00Z,BATCH-SWIG-3055
PO_B14_003056,BillDesk Settlement,SWIG-INV-334296 PO_B14_003056,417184,8929,0,0,408255,INR,2026-08-16T08:52:00Z,BATCH-SWIG-3056
PO_B14_003057,PayU Enterprise,TATA-INV-485181 PO_B14_003057,327282,7518,0,0,319764,INR,2026-08-16T07:42:00Z,BATCH-TATA-3057
PO_B14_003058,Razorpay Nodal,ZOMA-INV-846160 PO_B14_003058,219693,4182,0,0,215511,INR,2026-08-16T06:54:00Z,BATCH-ZOMA-3058
PO_B14_003059,BillDesk Settlement,BBAS-INV-471798 PO_B14_003059,133517,2776,0,0,130741,INR,2026-08-16T15:50:00Z,BATCH-BBAS-3059
PO_B14_003060,Cashfree Escrow,MYNT-INV-188778 PO_B14_003060,154069,3297,0,0,150772,INR,2026-08-16T09:38:00Z,BATCH-MYNT-3060
PO_B14_003061,PayU Enterprise,UBER-ORD-173853 UBER-ORD-943115 UBER-ORD-993862 BATCH-UBER-3061,447506,8950,0,0,438556,INR,2026-08-16T16:33:00Z,BATCH-UBER-3061
PO_B14_003062,Cashfree Escrow,SWIG-INV-949343 PO_B14_003062,239429,5591,0,0,233838,INR,2026-08-16T00:01:00Z,BATCH-SWIG-3062
PO_B14_003063,BillDesk Settlement,BKMS-INV-602913 PO_B14_003063,199107,4931,0,0,194176,INR,2026-08-16T09:26:00Z,BATCH-BKMS-3063
PO_B14_003064,BillDesk Settlement,BLNK-INV-896418 PO_B14_003064,391442,8102,0,0,383340,INR,2026-08-16T08:36:00Z,BATCH-BLNK-3064
PO_B14_003065,Razorpay Nodal,FLPK-INV-638993 PO_B14_003065,313628,6068,0,0,307560,INR,2026-08-16T16:10:00Z,BATCH-FLPK-3065
PO_B14_003066,Razorpay Nodal,PAYT-INV-600614 PO_B14_003066,435180,7946,0,0,427234,INR,2026-08-15T14:18:00Z,BATCH-PAYT-3066
PO_B14_003067,Cashfree Escrow,OLAA-INV-480129 PO_B14_003067,160362,2875,0,0,157487,INR,2026-08-16T11:08:00Z,BATCH-OLAA-3067
PO_B14_003068,PayU Enterprise,BKMS-EXC-101031-UNRESOLVED,86166,1713,0,0,84453,INR,2026-08-16T20:28:00Z,HOLD-ESCROW
PO_B14_003069,BillDesk Settlement,OLAA-ORD-966128 OLAA-ORD-881722 BATCH-OLAA-3069,256695,5133,0,0,251562,INR,2026-08-16T06:57:00Z,BATCH-OLAA-3069
PO_B14_003070,Cashfree Escrow,ZOMA-ORD-941820 ZOMA-ORD-172831 BATCH-ZOMA-3070,271140,5422,0,0,265718,INR,2026-08-16T01:24:00Z,BATCH-ZOMA-3070
PO_B14_003071,Stripe India,BLNK-INV-320734 PO_B14_003071,277651,6208,0,0,271443,INR,2026-08-16T00:13:00Z,BATCH-BLNK-3071
PO_B14_003072,PayU Enterprise,OLAA-INV-876703 PO_B14_003072,97856,1549,0,0,96307,INR,2026-08-16T01:11:00Z,BATCH-OLAA-3072
PO_B14_003073,Stripe India,BLNK-INV-683481 PO_B14_003073,306450,7357,0,0,299093,INR,2026-08-16T05:53:00Z,BATCH-BLNK-3073
PO_B14_003074,Stripe India,UBER-ORD-456221 UBER-ORD-571764 BATCH-UBER-3074,416965,8339,0,0,408626,INR,2026-08-16T19:01:00Z,BATCH-UBER-3074
PO_B14_003075,Cashfree Escrow,BBAS-INV-852942 PO_B14_003075,318258,6186,0,0,312072,INR,2026-08-16T17:39:00Z,BATCH-BBAS-3075
PO_B14_003076,PayU Enterprise,BBAS-INV-621264 PO_B14_003076,368279,5678,0,0,362601,INR,2026-08-15T23:59:00Z,BATCH-BBAS-3076
PO_B14_003077,Cashfree Escrow,NYKA-INV-273845 PO_B14_003077,355282,5339,0,0,349943,INR,2026-08-16T07:44:00Z,BATCH-NYKA-3077
PO_B14_003078,PayU Enterprise,FLPK-INV-108831 PO_B14_003078,214768,4326,0,0,210442,INR,2026-08-16T07:24:00Z,BATCH-FLPK-3078
PO_B14_003079,PayU Enterprise,BLNK-INV-835604 PO_B14_003079,36760,582,0,0,36178,INR,2026-08-15T22:56:00Z,BATCH-BLNK-3079
PO_B14_003080,Stripe India,TATA-INV-642835 PO_B14_003080,146915,3478,0,0,143437,INR,2026-08-16T07:30:00Z,BATCH-TATA-3080
PO_B14_003081,Stripe India,PHNP-INV-262083 PO_B14_003081,160672,2953,0,0,157719,INR,2026-08-16T11:46:00Z,BATCH-PHNP-3081
PO_B14_003082,Razorpay Nodal,MMTR-INV-224264 PO_B14_003082,271457,6118,0,0,265339,INR,2026-08-16T19:00:00Z,BATCH-MMTR-3082
PO_B14_003083,Razorpay Nodal,OLAA-INV-565834 PO_B14_003083,146551,2230,0,0,144321,INR,2026-08-16T14:43:00Z,BATCH-OLAA-3083
PO_B14_003084,Cashfree Escrow,JIOO-INV-208156 PO_B14_003084,176571,3185,0,0,173386,INR,2026-08-16T15:29:00Z,BATCH-JIOO-3084
PO_B14_003085,Stripe India,UBER-ORD-215655 UBER-ORD-758105 BATCH-UBER-3085,170203,3404,0,0,166799,INR,2026-08-16T14:04:00Z,BATCH-UBER-3085
PO_B14_003086,PayU Enterprise,SWIG-INV-233659 PO_B14_003086,309921,6484,0,0,303437,INR,2026-08-16T04:41:00Z,BATCH-SWIG-3086
PO_B14_003087,Cashfree Escrow,BKMS-INV-329607 PO_B14_003087,103255,1912,0,0,101343,INR,2026-08-16T06:15:00Z,BATCH-BKMS-3087
PO_B14_003088,PayU Enterprise,OLAA-INV-852935 PO_B14_003088,84153,1307,0,0,82846,INR,2026-08-15T17:41:00Z,BATCH-OLAA-3088
PO_B14_003089,Stripe India,SWIG-ORD-163555 SWIG-ORD-627522 BATCH-SWIG-3089,420450,8409,0,0,412041,INR,2026-08-16T00:01:00Z,BATCH-SWIG-3089
PO_B14_003090,PayU Enterprise,SWIG-INV-242231 PO_B14_003090,99595,2139,0,0,97456,INR,2026-08-15T16:20:00Z,BATCH-SWIG-3090
PO_B14_003091,PayU Enterprise,MMTR-INV-903627 PO_B14_003091,416868,8033,0,0,408835,INR,2026-08-16T02:09:00Z,BATCH-MMTR-3091
PO_B14_003092,PayU Enterprise,OLAA-INV-716699 PO_B14_003092,335172,7135,0,0,328037,INR,2026-08-16T13:18:00Z,BATCH-OLAA-3092
PO_B14_003093,PayU Enterprise,ZOMA-INV-517889 PO_B14_003093,42815,1031,0,0,41784,INR,2026-08-16T03:03:00Z,BATCH-ZOMA-3093
PO_B14_003094,Razorpay Nodal,OLAA-ORD-414704 OLAA-ORD-518371 BATCH-OLAA-3094,432583,8651,0,0,423932,INR,2026-08-16T10:02:00Z,BATCH-OLAA-3094
PO_B14_003095,BillDesk Settlement,ZOMA-INV-761285 PO_B14_003095,186557,4032,0,0,182525,INR,2026-08-16T07:21:00Z,BATCH-ZOMA-3095
PO_B14_003096,PayU Enterprise,PAYT-INV-584751 PO_B14_003096,258816,5270,0,0,253546,INR,2026-08-15T14:58:00Z,BATCH-PAYT-3096
PO_B14_003097,Razorpay Nodal,PHNP-INV-253720 PO_B14_003097,333414,6947,0,0,326467,INR,2026-08-16T16:18:00Z,BATCH-PHNP-3097
PO_B14_003098,Cashfree Escrow,SWIG-INV-619543 PO_B14_003098,93683,1687,0,0,91996,INR,2026-08-15T21:24:00Z,BATCH-SWIG-3098
PO_B14_003099,PayU Enterprise,PAYT-INV-582488 PO_B14_003099,407655,8870,0,0,398785,INR,2026-08-16T07:53:00Z,BATCH-PAYT-3099
PO_B14_003100,PayU Enterprise,UBER-INV-716434 PO_B14_003100,105179,2220,0,0,102959,INR,2026-08-16T03:29:00Z,BATCH-UBER-3100
PO_B14_003101,Razorpay Nodal,FLPK-ORD-842707 FLPK-ORD-415731 BATCH-FLPK-3101,408090,8161,0,0,399929,INR,2026-08-16T08:23:00Z,BATCH-FLPK-3101
PO_B14_003102,PayU Enterprise,PHNP-INV-713762 PO_B14_003102,104568,2384,0,0,102184,INR,2026-08-16T12:30:00Z,BATCH-PHNP-3102
PO_B14_003103,PayU Enterprise,FLPK-INV-613443 PO_B14_003103,63943,1102,0,0,62841,INR,2026-08-16T12:26:00Z,BATCH-FLPK-3103
PO_B14_003104,Stripe India,NYKA-INV-626690 PO_B14_003104,359708,8553,0,0,351155,INR,2026-08-16T16:33:00Z,BATCH-NYKA-3104
PO_B14_003105,PayU Enterprise,BLNK-INV-313749 PO_B14_003105,69378,1709,0,0,67669,INR,2026-08-16T22:57:00Z,BATCH-BLNK-3105
PO_B14_003106,Stripe India,OLAA-INV-452438 PO_B14_003106,375489,8969,0,0,366520,INR,2026-08-16T14:16:00Z,BATCH-OLAA-3106
PO_B14_003107,Cashfree Escrow,ZOMA-ORD-421666 ZOMA-ORD-450309 ZOMA-ORD-951502 BATCH-ZOMA-3107,587712,11754,0,0,575958,INR,2026-08-16T20:20:00Z,BATCH-ZOMA-3107
PO_B14_003108,Stripe India,JIOO-INV-160897 PO_B14_003108,62866,1196,0,0,61670,INR,2026-08-16T13:08:00Z,BATCH-JIOO-3108
PO_B14_003109,BillDesk Settlement,NYKA-ORD-597446 NYKA-ORD-971313 BATCH-NYKA-3109,209393,4187,0,0,205206,INR,2026-08-16T08:06:00Z,BATCH-NYKA-3109
PO_B14_003110,Razorpay Nodal,MYNT-INV-389545 PO_B14_003110,239709,5298,0,0,234411,INR,2026-08-15T18:56:00Z,BATCH-MYNT-3110
PO_B14_003111,Cashfree Escrow,UBER-INV-643299 PO_B14_003111,139307,2846,0,0,136461,INR,2026-08-16T23:03:00Z,BATCH-UBER-3111
PO_B14_003112,PayU Enterprise,BBAS-ORD-490043 BBAS-ORD-400852 BBAS-ORD-431393 BATCH-BBAS-3112,343340,6866,0,0,336474,INR,2026-08-16T00:56:00Z,BATCH-BBAS-3112
PO_B14_003113,BillDesk Settlement,FLPK-ORD-525805 FLPK-ORD-626600 BATCH-FLPK-3113,284182,5683,0,0,278499,INR,2026-08-16T01:11:00Z,BATCH-FLPK-3113
PO_B14_003114,Cashfree Escrow,AMZN-INV-691926 PO_B14_003114,258265,6201,0,0,252064,INR,2026-08-16T07:22:00Z,BATCH-AMZN-3114
PO_B14_003115,Razorpay Nodal,BKMS-INV-901564 PO_B14_003115,311521,5546,0,0,305975,INR,2026-08-16T07:44:00Z,BATCH-BKMS-3115
PO_B14_003116,PayU Enterprise,PHNP-INV-699492 PO_B14_003116,170640,2755,0,0,167885,INR,2026-08-15T17:08:00Z,BATCH-PHNP-3116
PO_B14_003117,Cashfree Escrow,ZOMA-INV-354675 PO_B14_003117,180587,4220,0,0,176367,INR,2026-08-16T08:35:00Z,BATCH-ZOMA-3117
PO_B14_003118,Cashfree Escrow,OLAA-INV-785122 PO_B14_003118,238384,5782,0,0,232602,INR,2026-08-15T22:34:00Z,BATCH-OLAA-3118
PO_B14_003119,Stripe India,SWIG-INV-839837 PO_B14_003119,311871,7381,0,0,304490,INR,2026-08-15T22:36:00Z,BATCH-SWIG-3119
PO_B14_003120,BillDesk Settlement,MMTR-INV-590965 PO_B14_003120,138360,2624,0,0,135736,INR,2026-08-16T12:22:00Z,BATCH-MMTR-3120
PO_B14_003121,PayU Enterprise,AMZN-INV-510005 PO_B14_003121,138575,2359,0,0,136216,INR,2026-08-16T14:47:00Z,BATCH-AMZN-3121
PO_B14_003122,Cashfree Escrow,MMTR-INV-457619 PO_B14_003122,429170,8376,0,0,420794,INR,2026-08-16T22:28:00Z,BATCH-MMTR-3122
PO_B14_003123,Cashfree Escrow,MMTR-INV-182706 PO_B14_003123,378297,6657,0,0,371640,INR,2026-08-16T23:43:00Z,BATCH-MMTR-3123
PO_B14_003124,Razorpay Nodal,UBER-INV-874936 PO_B14_003124,127267,2281,0,0,124986,INR,2026-08-16T08:06:00Z,BATCH-UBER-3124
PO_B14_003125,Cashfree Escrow,MYNT-INV-949151 PO_B14_003125,428517,7036,0,0,421481,INR,2026-08-16T21:49:00Z,BATCH-MYNT-3125
PO_B14_003126,BillDesk Settlement,ZOMA-INV-409345 PO_B14_003126,36946,863,0,0,36083,INR,2026-08-16T18:30:00Z,BATCH-ZOMA-3126
PO_B14_003127,Razorpay Nodal,AMZN-INV-291185 PO_B14_003127,67135,1562,0,0,65573,INR,2026-08-15T21:41:00Z,BATCH-AMZN-3127
PO_B14_003128,Stripe India,MYNT-INV-963400 PO_B14_003128,93588,2098,0,0,91490,INR,2026-08-16T20:14:00Z,BATCH-MYNT-3128
PO_B14_003129,Razorpay Nodal,NYKA-INV-489061 PO_B14_003129,83961,1639,0,0,82322,INR,2026-08-16T15:57:00Z,BATCH-NYKA-3129
PO_B14_003130,Razorpay Nodal,PHNP-INV-371163 PO_B14_003130,122383,2209,0,0,120174,INR,2026-08-16T20:08:00Z,BATCH-PHNP-3130
PO_B14_003131,Stripe India,ZOMA-ORD-978617 ZOMA-ORD-342217 BATCH-ZOMA-3131,299151,5983,0,0,293168,INR,2026-08-15T23:20:00Z,BATCH-ZOMA-3131
PO_B14_003132,BillDesk Settlement,UBER-ORD-609179 UBER-ORD-804003 UBER-ORD-722570 BATCH-UBER-3132,312004,6240,0,0,305764,INR,2026-08-16T03:30:00Z,BATCH-UBER-3132
PO_B14_003133,Stripe India,TATA-INV-845241 PO_B14_003133,133106,1998,0,0,131108,INR,2026-08-16T15:10:00Z,BATCH-TATA-3133
PO_B14_003134,PayU Enterprise,TATA-INV-576315 PO_B14_003134,124920,2779,0,0,122141,INR,2026-08-16T06:17:00Z,BATCH-TATA-3134
PO_B14_003135,Stripe India,TATA-ORD-469931 TATA-ORD-549565 TATA-ORD-791034 BATCH-TATA-3135,436205,8724,0,0,427481,INR,2026-08-15T22:46:00Z,BATCH-TATA-3135
PO_B14_003136,PayU Enterprise,MYNT-INV-531038 PO_B14_003136,191556,2901,0,0,188655,INR,2026-08-16T07:35:00Z,BATCH-MYNT-3136
PO_B14_003137,Cashfree Escrow,BLNK-ORD-434552 BLNK-ORD-679353 BLNK-ORD-332344 BATCH-BLNK-3137,562512,11250,0,0,551262,INR,2026-08-15T22:10:00Z,BATCH-BLNK-3137
PO_B14_003138,Cashfree Escrow,ZOMA-ORD-799994 ZOMA-ORD-540514 BATCH-ZOMA-3138,224563,4491,0,0,220072,INR,2026-08-16T10:34:00Z,BATCH-ZOMA-3138
PO_B14_003139,BillDesk Settlement,BLNK-INV-572322 PO_B14_003139,446258,10569,0,0,435689,INR,2026-08-16T03:56:00Z,BATCH-BLNK-3139
PO_B14_003140,PayU Enterprise,MYNT-INV-630903 PO_B14_003140,355387,6910,0,0,348477,INR,2026-08-17T00:45:00Z,BATCH-MYNT-3140
PO_B14_003141,Razorpay Nodal,NYKA-INV-357033 PO_B14_003141,282605,6563,0,0,276042,INR,2026-08-16T03:56:00Z,BATCH-NYKA-3141
PO_B14_003142,Stripe India,PAYT-ORD-600472 PAYT-ORD-597481 PAYT-ORD-217440 BATCH-PAYT-3142,514810,10296,0,0,504514,INR,2026-08-16T06:57:00Z,BATCH-PAYT-3142
PO_B14_003143,Stripe India,BBAS-INV-423429 PO_B14_003143,433072,10378,0,0,422694,INR,2026-08-16T12:30:00Z,BATCH-BBAS-3143
PO_B14_003144,Stripe India,BKMS-EXC-196315-UNRESOLVED,67892,1347,0,0,66545,INR,2026-08-17T00:56:00Z,HOLD-ESCROW
PO_B14_003145,BillDesk Settlement,ZOMA-INV-670067 PO_B14_003145,355856,6266,0,0,349590,INR,2026-08-17T00:49:00Z,BATCH-ZOMA-3145
PO_B14_003146,Cashfree Escrow,PAYT-INV-283532 PO_B14_003146,240734,4741,0,0,235993,INR,2026-08-16T04:22:00Z,BATCH-PAYT-3146
PO_B14_003147,Razorpay Nodal,UBER-EXC-568347-UNRESOLVED,53241,1054,0,0,52187,INR,2026-08-16T22:08:00Z,HOLD-ESCROW
PO_B14_003148,Cashfree Escrow,FLPK-INV-406458 PO_B14_003148,183764,3517,0,0,180247,INR,2026-08-16T21:43:00Z,BATCH-FLPK-3148
PO_B14_003149,Razorpay Nodal,SWIG-ORD-966517 SWIG-ORD-818127 BATCH-SWIG-3149,210380,4207,0,0,206173,INR,2026-08-16T01:33:00Z,BATCH-SWIG-3149
PO_B14_003150,Cashfree Escrow,BKMS-EXC-868554-UNRESOLVED,67965,1349,0,0,66616,INR,2026-08-16T16:53:00Z,HOLD-ESCROW
PO_B14_003151,Stripe India,FLPK-ORD-815021 FLPK-ORD-927581 BATCH-FLPK-3151,437682,8753,0,0,428929,INR,2026-08-16T01:50:00Z,BATCH-FLPK-3151
PO_B14_003152,Razorpay Nodal,PHNP-INV-316247 PO_B14_003152,133667,2961,0,0,130706,INR,2026-08-16T05:36:00Z,BATCH-PHNP-3152
PO_B14_003153,Stripe India,BKMS-ORD-304048 BKMS-ORD-908936 BATCH-BKMS-3153,409175,8183,0,0,400992,INR,2026-08-16T03:40:00Z,BATCH-BKMS-3153
PO_B14_003154,Razorpay Nodal,SWIG-EXC-539902-UNRESOLVED,50917,1008,0,0,49909,INR,2026-08-16T13:29:00Z,HOLD-ESCROW
PO_B14_003155,Cashfree Escrow,MYNT-ORD-963766 MYNT-ORD-453993 BATCH-MYNT-3155,225949,4518,0,0,221431,INR,2026-08-16T00:48:00Z,BATCH-MYNT-3155
PO_B14_003156,Stripe India,TATA-ORD-105105 TATA-ORD-985213 BATCH-TATA-3156,318620,6372,0,0,312248,INR,2026-08-16T08:11:00Z,BATCH-TATA-3156
PO_B14_003157,Cashfree Escrow,JIOO-ORD-294112 JIOO-ORD-671567 BATCH-JIOO-3157,147123,2942,0,0,144181,INR,2026-08-16T15:21:00Z,BATCH-JIOO-3157
PO_B14_003158,Stripe India,JIOO-INV-354722 PO_B14_003158,66747,1054,0,0,65693,INR,2026-08-16T16:44:00Z,BATCH-JIOO-3158
PO_B14_003159,PayU Enterprise,FLPK-INV-191714 PO_B14_003159,122428,2190,0,0,120238,INR,2026-08-16T10:11:00Z,BATCH-FLPK-3159
PO_B14_003160,Razorpay Nodal,FLPK-EXC-678285-UNRESOLVED,156517,3120,0,0,153397,INR,2026-08-17T07:28:00Z,HOLD-ESCROW
PO_B14_003161,Cashfree Escrow,UBER-INV-962417 PO_B14_003161,245582,5974,0,0,239608,INR,2026-08-16T13:51:00Z,BATCH-UBER-3161
PO_B14_003162,BillDesk Settlement,BLNK-INV-187302 PO_B14_003162,194300,3632,0,0,190668,INR,2026-08-16T10:25:00Z,BATCH-BLNK-3162
PO_B14_003163,Cashfree Escrow,BKMS-INV-124473 PO_B14_003163,217417,4803,0,0,212614,INR,2026-08-16T05:33:00Z,BATCH-BKMS-3163
PO_B14_003164,Razorpay Nodal,UBER-ORD-197096 UBER-ORD-346902 BATCH-UBER-3164,231935,4638,0,0,227297,INR,2026-08-16T02:35:00Z,BATCH-UBER-3164
PO_B14_003165,Stripe India,MYNT-INV-552582 PO_B14_003165,235982,3564,0,0,232418,INR,2026-08-15T17:51:00Z,BATCH-MYNT-3165
PO_B14_003166,PayU Enterprise,TATA-EXC-914527-UNRESOLVED,269758,5385,0,0,264373,INR,2026-08-17T02:25:00Z,HOLD-ESCROW
PO_B14_003167,BillDesk Settlement,BBAS-EXC-536106-UNRESOLVED,94625,1882,0,0,92743,INR,2026-08-16T09:50:00Z,HOLD-ESCROW
PO_B14_003168,Stripe India,FLPK-INV-757508 PO_B14_003168,146054,3060,0,0,142994,INR,2026-08-16T05:52:00Z,BATCH-FLPK-3168
PO_B14_003169,Stripe India,SWIG-INV-841524 PO_B14_003169,336522,5462,0,0,331060,INR,2026-08-16T11:09:00Z,BATCH-SWIG-3169
PO_B14_003170,PayU Enterprise,TATA-INV-760709 PO_B14_003170,417179,8299,0,0,408880,INR,2026-08-16T18:36:00Z,BATCH-TATA-3170
PO_B14_003171,Cashfree Escrow,MYNT-INV-554095 PO_B14_003171,128638,1971,0,0,126667,INR,2026-08-16T12:42:00Z,BATCH-MYNT-3171
PO_B14_003172,Stripe India,FLPK-INV-242370 PO_B14_003172,43863,684,0,0,43179,INR,2026-08-16T08:01:00Z,BATCH-FLPK-3172
PO_B14_003173,Cashfree Escrow,TATA-INV-633383 PO_B14_003173,370555,7927,0,0,362628,INR,2026-08-17T01:31:00Z,BATCH-TATA-3173
PO_B14_003174,PayU Enterprise,BKMS-INV-955532 PO_B14_003174,63187,1425,0,0,61762,INR,2026-08-16T05:29:00Z,BATCH-BKMS-3174
PO_B14_003175,BillDesk Settlement,MYNT-INV-794985 PO_B14_003175,258937,4252,0,0,254685,INR,2026-08-16T01:13:00Z,BATCH-MYNT-3175
PO_B14_003176,Cashfree Escrow,SWIG-INV-746821 PO_B14_003176,383239,6479,0,0,376760,INR,2026-08-16T13:22:00Z,BATCH-SWIG-3176
PO_B14_003177,Razorpay Nodal,ZOMA-INV-968848 PO_B14_003177,120245,2392,0,0,117853,INR,2026-08-16T10:38:00Z,BATCH-ZOMA-3177
PO_B14_003178,Stripe India,BKMS-INV-475658 PO_B14_003178,428737,8113,0,0,420624,INR,2026-08-16T07:41:00Z,BATCH-BKMS-3178
PO_B14_003179,Cashfree Escrow,JIOO-ORD-351232 JIOO-ORD-676425 JIOO-ORD-223708 BATCH-JIOO-3179,501773,10035,0,0,491738,INR,2026-08-16T19:18:00Z,BATCH-JIOO-3179
PO_B14_003180,Cashfree Escrow,BBAS-INV-195995 PO_B14_003180,124466,2951,0,0,121515,INR,2026-08-16T13:00:00Z,BATCH-BBAS-3180
PO_B14_003181,PayU Enterprise,BKMS-INV-567881 PO_B14_003181,182728,2856,0,0,179872,INR,2026-08-15T23:17:00Z,BATCH-BKMS-3181
PO_B14_003182,PayU Enterprise,BBAS-EXC-131771-UNRESOLVED,113509,2260,0,0,111249,INR,2026-08-17T05:00:00Z,HOLD-ESCROW
PO_B14_003183,Razorpay Nodal,MYNT-INV-498088 PO_B14_003183,82717,1844,0,0,80873,INR,2026-08-16T20:48:00Z,BATCH-MYNT-3183
PO_B14_003184,Cashfree Escrow,PAYT-ORD-669536 PAYT-ORD-927366 BATCH-PAYT-3184,279491,5589,0,0,273902,INR,2026-08-16T14:02:00Z,BATCH-PAYT-3184
PO_B14_003185,PayU Enterprise,ZOMA-INV-873332 PO_B14_003185,174030,3583,0,0,170447,INR,2026-08-16T03:37:00Z,BATCH-ZOMA-3185
PO_B14_003186,BillDesk Settlement,FLPK-INV-296520 PO_B14_003186,413956,8103,0,0,405853,INR,2026-08-15T15:37:00Z,BATCH-FLPK-3186
PO_B14_003187,BillDesk Settlement,JIOO-ORD-971824 JIOO-ORD-744672 JIOO-ORD-637535 BATCH-JIOO-3187,503446,10068,0,0,493378,INR,2026-08-16T07:58:00Z,BATCH-JIOO-3187
PO_B14_003188,PayU Enterprise,PHNP-INV-438670 PO_B14_003188,449125,10731,0,0,438394,INR,2026-08-16T00:14:00Z,BATCH-PHNP-3188
PO_B14_003189,Cashfree Escrow,FLPK-INV-256321 PO_B14_003189,172599,4186,0,0,168413,INR,2026-08-16T21:41:00Z,BATCH-FLPK-3189
PO_B14_003190,Razorpay Nodal,FLPK-ORD-221649 FLPK-ORD-589898 BATCH-FLPK-3190,296643,5932,0,0,290711,INR,2026-08-16T18:26:00Z,BATCH-FLPK-3190
PO_B14_003191,Cashfree Escrow,BBAS-INV-636634 PO_B14_003191,290592,4958,0,0,285634,INR,2026-08-16T07:21:00Z,BATCH-BBAS-3191
PO_B14_003192,PayU Enterprise,UBER-INV-916735 PO_B14_003192,377280,7557,0,0,369723,INR,2026-08-15T23:09:00Z,BATCH-UBER-3192
PO_B14_003193,Razorpay Nodal,SWIG-INV-724294 PO_B14_003193,210863,3373,0,0,207490,INR,2026-08-16T10:11:00Z,BATCH-SWIG-3193
PO_B14_003194,Razorpay Nodal,BBAS-EXC-792776-UNRESOLVED,116108,2312,0,0,113796,INR,2026-08-17T02:08:00Z,HOLD-ESCROW
PO_B14_003195,Razorpay Nodal,MMTR-INV-853092 PO_B14_003195,176490,4166,0,0,172324,INR,2026-08-16T04:12:00Z,BATCH-MMTR-3195
PO_B14_003196,BillDesk Settlement,JIOO-INV-553564 PO_B14_003196,405993,7531,0,0,398462,INR,2026-08-16T19:26:00Z,BATCH-JIOO-3196
PO_B14_003197,Razorpay Nodal,ZOMA-ORD-204252 ZOMA-ORD-711507 BATCH-ZOMA-3197,239712,4794,0,0,234918,INR,2026-08-15T21:05:00Z,BATCH-ZOMA-3197
PO_B14_003198,Razorpay Nodal,OLAA-INV-155842 PO_B14_003198,171525,4084,0,0,167441,INR,2026-08-16T09:12:00Z,BATCH-OLAA-3198
PO_B14_003199,BillDesk Settlement,MYNT-INV-531445 PO_B14_003199,55918,995,0,0,54923,INR,2026-08-15T23:56:00Z,BATCH-MYNT-3199
PO_B14_003200,Stripe India,SWIG-ORD-911061 SWIG-ORD-158353 BATCH-SWIG-3200,388802,7776,0,0,381026,INR,2026-08-16T06:25:00Z,BATCH-SWIG-3200
PO_B14_003201,Stripe India,PAYT-INV-331858 PO_B14_003201,103974,1922,0,0,102052,INR,2026-08-16T07:06:00Z,BATCH-PAYT-3201
PO_B14_003202,PayU Enterprise,AMZN-ORD-503077 AMZN-ORD-777095 AMZN-ORD-585344 BATCH-AMZN-3202,406856,8137,0,0,398719,INR,2026-08-15T23:07:00Z,BATCH-AMZN-3202
PO_B14_003203,Razorpay Nodal,FLPK-INV-822502 PO_B14_003203,278572,4845,0,0,273727,INR,2026-08-16T17:34:00Z,BATCH-FLPK-3203
PO_B14_003204,PayU Enterprise,BKMS-INV-381907 PO_B14_003204,286725,6325,0,0,280400,INR,2026-08-15T23:56:00Z,BATCH-BKMS-3204
PO_B14_003205,Stripe India,BKMS-INV-439547 PO_B14_003205,268205,5140,0,0,263065,INR,2026-08-16T09:31:00Z,BATCH-BKMS-3205
PO_B14_003206,PayU Enterprise,OLAA-ORD-835585 OLAA-ORD-734904 OLAA-ORD-252231 BATCH-OLAA-3206,462728,9254,0,0,453474,INR,2026-08-16T06:00:00Z,BATCH-OLAA-3206
PO_B14_003207,Razorpay Nodal,FLPK-ORD-234523 FLPK-ORD-960710 BATCH-FLPK-3207,343721,6874,0,0,336847,INR,2026-08-16T17:41:00Z,BATCH-FLPK-3207
PO_B14_003208,Stripe India,ZOMA-INV-457137 PO_B14_003208,210937,3906,0,0,207031,INR,2026-08-16T07:28:00Z,BATCH-ZOMA-3208
PO_B14_003209,BillDesk Settlement,AMZN-ORD-389166 AMZN-ORD-737127 BATCH-AMZN-3209,126707,2534,0,0,124173,INR,2026-08-16T11:21:00Z,BATCH-AMZN-3209
PO_B14_003210,Razorpay Nodal,JIOO-ORD-753507 JIOO-ORD-304627 JIOO-ORD-279840 BATCH-JIOO-3210,412762,8255,0,0,404507,INR,2026-08-16T10:40:00Z,BATCH-JIOO-3210
PO_B14_003211,Stripe India,SWIG-INV-937376 PO_B14_003211,102225,2083,0,0,100142,INR,2026-08-15T21:57:00Z,BATCH-SWIG-3211
PO_B14_003212,Razorpay Nodal,MMTR-INV-225885 PO_B14_003212,268163,5875,0,0,262288,INR,2026-08-16T08:03:00Z,BATCH-MMTR-3212
PO_B14_003213,Razorpay Nodal,PAYT-INV-947723 PO_B14_003213,123231,2920,0,0,120311,INR,2026-08-16T02:01:00Z,BATCH-PAYT-3213
PO_B14_003214,Stripe India,MMTR-ORD-167227 MMTR-ORD-593846 BATCH-MMTR-3214,219192,4383,0,0,214809,INR,2026-08-16T06:18:00Z,BATCH-MMTR-3214
PO_B14_003215,PayU Enterprise,ZOMA-INV-316428 PO_B14_003215,322001,7945,0,0,314056,INR,2026-08-16T09:52:00Z,BATCH-ZOMA-3215
PO_B14_003216,Stripe India,UBER-INV-645595 PO_B14_003216,191173,3600,0,0,187573,INR,2026-08-16T00:20:00Z,BATCH-UBER-3216
PO_B14_003217,Cashfree Escrow,SWIG-EXC-320903-UNRESOLVED,262732,5244,0,0,257488,INR,2026-08-17T02:19:00Z,HOLD-ESCROW
PO_B14_003218,Razorpay Nodal,AMZN-INV-316300 PO_B14_003218,137921,2601,0,0,135320,INR,2026-08-16T06:35:00Z,BATCH-AMZN-3218
PO_B14_003219,Cashfree Escrow,BLNK-INV-924621 PO_B14_003219,272662,6655,0,0,266007,INR,2026-08-16T15:23:00Z,BATCH-BLNK-3219
PO_B14_003220,PayU Enterprise,SWIG-ORD-895329 SWIG-ORD-571881 SWIG-ORD-544890 BATCH-SWIG-3220,595266,11905,0,0,583361,INR,2026-08-15T21:15:00Z,BATCH-SWIG-3220
PO_B14_003221,PayU Enterprise,AMZN-EXC-631689-UNRESOLVED,256304,5116,0,0,251188,INR,2026-08-16T22:43:00Z,HOLD-ESCROW
PO_B14_003222,PayU Enterprise,JIOO-INV-625251 PO_B14_003222,153791,3374,0,0,150417,INR,2026-08-16T10:14:00Z,BATCH-JIOO-3222
PO_B14_003223,Stripe India,AMZN-INV-838082 PO_B14_003223,110663,2266,0,0,108397,INR,2026-08-16T09:35:00Z,BATCH-AMZN-3223
PO_B14_003224,BillDesk Settlement,MYNT-INV-296669 PO_B14_003224,54448,1133,0,0,53315,INR,2026-08-16T09:57:00Z,BATCH-MYNT-3224
PO_B14_003225,Razorpay Nodal,AMZN-INV-513295 PO_B14_003225,258200,4359,0,0,253841,INR,2026-08-15T20:45:00Z,BATCH-AMZN-3225
PO_B14_003226,Cashfree Escrow,BBAS-INV-433332 PO_B14_003226,325162,6853,0,0,318309,INR,2026-08-15T19:14:00Z,BATCH-BBAS-3226
PO_B14_003227,Razorpay Nodal,FLPK-INV-414176 PO_B14_003227,77191,1868,0,0,75323,INR,2026-08-16T07:25:00Z,BATCH-FLPK-3227
PO_B14_003228,Razorpay Nodal,BKMS-ORD-151530 BKMS-ORD-101618 BATCH-BKMS-3228,114187,2283,0,0,111904,INR,2026-08-16T17:38:00Z,BATCH-BKMS-3228
PO_B14_003229,Cashfree Escrow,FLPK-INV-550406 PO_B14_003229,282663,5130,0,0,277533,INR,2026-08-16T17:12:00Z,BATCH-FLPK-3229
PO_B14_003230,BillDesk Settlement,BBAS-ORD-393442 BBAS-ORD-190100 BATCH-BBAS-3230,165612,3312,0,0,162300,INR,2026-08-16T07:29:00Z,BATCH-BBAS-3230
PO_B14_003231,BillDesk Settlement,BBAS-INV-747052 PO_B14_003231,44357,924,0,0,43433,INR,2026-08-16T11:10:00Z,BATCH-BBAS-3231
PO_B14_003232,Stripe India,BLNK-ORD-361499 BLNK-ORD-104451 BATCH-BLNK-3232,472488,9449,0,0,463039,INR,2026-08-16T11:36:00Z,BATCH-BLNK-3232
PO_B14_003233,Razorpay Nodal,JIOO-INV-487622 PO_B14_003233,350062,7155,0,0,342907,INR,2026-08-16T14:19:00Z,BATCH-JIOO-3233
PO_B14_003234,Razorpay Nodal,JIOO-INV-736343 PO_B14_003234,331541,5575,0,0,325966,INR,2026-08-16T07:59:00Z,BATCH-JIOO-3234
PO_B14_003235,Stripe India,MYNT-INV-254027 PO_B14_003235,254210,5956,0,0,248254,INR,2026-08-16T11:11:00Z,BATCH-MYNT-3235
PO_B14_003236,Razorpay Nodal,NYKA-INV-887791 PO_B14_003236,153243,3717,0,0,149526,INR,2026-08-16T18:22:00Z,BATCH-NYKA-3236
PO_B14_003237,PayU Enterprise,MMTR-INV-605919 PO_B14_003237,74861,1465,0,0,73396,INR,2026-08-16T18:50:00Z,BATCH-MMTR-3237
PO_B14_003238,BillDesk Settlement,OLAA-INV-566723 PO_B14_003238,207587,3461,0,0,204126,INR,2026-08-16T09:03:00Z,BATCH-OLAA-3238
PO_B14_003239,Cashfree Escrow,UBER-INV-381897 PO_B14_003239,309955,5704,0,0,304251,INR,2026-08-15T19:57:00Z,BATCH-UBER-3239
PO_B14_003240,Cashfree Escrow,UBER-INV-479981 PO_B14_003240,116509,2705,0,0,113804,INR,2026-08-16T12:36:00Z,BATCH-UBER-3240
PO_B14_003241,Razorpay Nodal,SWIG-INV-227840 PO_B14_003241,247722,4500,0,0,243222,INR,2026-08-15T22:25:00Z,BATCH-SWIG-3241
PO_B14_003242,Cashfree Escrow,MYNT-INV-352553 PO_B14_003242,35945,655,0,0,35290,INR,2026-08-16T16:57:00Z,BATCH-MYNT-3242
PO_B14_003243,PayU Enterprise,SWIG-INV-105047 PO_B14_003243,252461,4249,0,0,248212,INR,2026-08-16T17:13:00Z,BATCH-SWIG-3243
PO_B14_003244,Stripe India,BLNK-INV-103135 PO_B14_003244,57924,1122,0,0,56802,INR,2026-08-15T18:20:00Z,BATCH-BLNK-3244
PO_B14_003245,BillDesk Settlement,OLAA-INV-563802 PO_B14_003245,126402,2492,0,0,123910,INR,2026-08-16T02:10:00Z,BATCH-OLAA-3245
PO_B14_003246,Cashfree Escrow,OLAA-INV-434177 PO_B14_003246,144375,3015,0,0,141360,INR,2026-08-15T17:42:00Z,BATCH-OLAA-3246
PO_B14_003247,Stripe India,PAYT-INV-727544 PO_B14_003247,74088,1330,0,0,72758,INR,2026-08-16T04:55:00Z,BATCH-PAYT-3247
PO_B14_003248,PayU Enterprise,PHNP-ORD-607401 PHNP-ORD-697748 PHNP-ORD-828585 BATCH-PHNP-3248,466771,9335,0,0,457436,INR,2026-08-16T01:26:00Z,BATCH-PHNP-3248
PO_B14_003249,BillDesk Settlement,UBER-ORD-607416 UBER-ORD-741433 BATCH-UBER-3249,283852,5677,0,0,278175,INR,2026-08-16T05:48:00Z,BATCH-UBER-3249
PO_B14_003250,Cashfree Escrow,BKMS-INV-320947 PO_B14_003250,347857,6266,0,0,341591,INR,2026-08-15T23:15:00Z,BATCH-BKMS-3250
PO_B14_003251,PayU Enterprise,AMZN-EXC-471610-UNRESOLVED,129464,2579,0,0,126885,INR,2026-08-16T18:29:00Z,HOLD-ESCROW
PO_B14_003252,Stripe India,TATA-INV-367937 PO_B14_003252,197526,4612,0,0,192914,INR,2026-08-16T12:50:00Z,BATCH-TATA-3252
PO_B14_003253,Cashfree Escrow,TATA-ORD-539883 TATA-ORD-902385 TATA-ORD-124704 BATCH-TATA-3253,309497,6189,0,0,303308,INR,2026-08-15T22:57:00Z,BATCH-TATA-3253
PO_B14_003254,BillDesk Settlement,TATA-ORD-479032 TATA-ORD-225772 TATA-ORD-315671 BATCH-TATA-3254,297553,5951,0,0,291602,INR,2026-08-16T14:47:00Z,BATCH-TATA-3254
PO_B14_003255,Cashfree Escrow,AMZN-INV-436224 PO_B14_003255,185589,3341,0,0,182248,INR,2026-08-16T12:09:00Z,BATCH-AMZN-3255
PO_B14_003256,Stripe India,TATA-INV-412162 PO_B14_003256,272432,5525,0,0,266907,INR,2026-08-16T11:12:00Z,BATCH-TATA-3256
PO_B14_003257,Cashfree Escrow,PHNP-INV-498977 PO_B14_003257,56377,1205,0,0,55172,INR,2026-08-17T02:42:00Z,BATCH-PHNP-3257
PO_B14_003258,BillDesk Settlement,MMTR-INV-212260 PO_B14_003258,54011,934,0,0,53077,INR,2026-08-15T23:08:00Z,BATCH-MMTR-3258
PO_B14_003259,PayU Enterprise,BLNK-INV-397227 PO_B14_003259,49983,1015,0,0,48968,INR,2026-08-16T07:30:00Z,BATCH-BLNK-3259
PO_B14_003260,BillDesk Settlement,BBAS-INV-167294 PO_B14_003260,191896,4538,0,0,187358,INR,2026-08-16T17:27:00Z,BATCH-BBAS-3260
PO_B14_003261,Cashfree Escrow,BKMS-INV-951672 PO_B14_003261,234567,5381,0,0,229186,INR,2026-08-16T11:17:00Z,BATCH-BKMS-3261
PO_B14_003262,Stripe India,OLAA-INV-470010 PO_B14_003262,99093,1737,0,0,97356,INR,2026-08-16T10:10:00Z,BATCH-OLAA-3262
PO_B14_003263,Stripe India,FLPK-ORD-756437 FLPK-ORD-206864 FLPK-ORD-171286 BATCH-FLPK-3263,531818,10636,0,0,521182,INR,2026-08-16T00:19:00Z,BATCH-FLPK-3263
PO_B14_003264,Cashfree Escrow,SWIG-INV-864577 PO_B14_003264,436071,7818,0,0,428253,INR,2026-08-16T11:37:00Z,BATCH-SWIG-3264
PO_B14_003265,BillDesk Settlement,PAYT-EXC-571658-UNRESOLVED,232625,4642,0,0,227983,INR,2026-08-16T13:14:00Z,HOLD-ESCROW
PO_B14_003266,Razorpay Nodal,BLNK-EXC-973513-UNRESOLVED,129380,2577,0,0,126803,INR,2026-08-16T22:36:00Z,HOLD-ESCROW
PO_B14_003267,PayU Enterprise,BLNK-EXC-359260-UNRESOLVED,270048,5390,0,0,264658,INR,2026-08-17T00:55:00Z,HOLD-ESCROW
PO_B14_003268,BillDesk Settlement,MMTR-ORD-162026 MMTR-ORD-226162 BATCH-MMTR-3268,270562,5411,0,0,265151,INR,2026-08-16T02:42:00Z,BATCH-MMTR-3268
PO_B14_003269,Stripe India,OLAA-INV-117660 PO_B14_003269,251259,4034,0,0,247225,INR,2026-08-16T13:31:00Z,BATCH-OLAA-3269
PO_B14_003270,Razorpay Nodal,PHNP-ORD-836788 PHNP-ORD-116226 BATCH-PHNP-3270,130475,2609,0,0,127866,INR,2026-08-16T04:51:00Z,BATCH-PHNP-3270
PO_B14_003271,Razorpay Nodal,MMTR-INV-661584 PO_B14_003271,117879,2670,0,0,115209,INR,2026-08-16T03:50:00Z,BATCH-MMTR-3271
PO_B14_003272,PayU Enterprise,AMZN-INV-362892 PO_B14_003272,39860,604,0,0,39256,INR,2026-08-16T08:06:00Z,BATCH-AMZN-3272
PO_B14_003273,Cashfree Escrow,OLAA-INV-812971 PO_B14_003273,281691,5043,0,0,276648,INR,2026-08-15T21:52:00Z,BATCH-OLAA-3273
PO_B14_003274,BillDesk Settlement,BBAS-INV-347661 PO_B14_003274,158561,3805,0,0,154756,INR,2026-08-15T16:42:00Z,BATCH-BBAS-3274
PO_B14_003275,Cashfree Escrow,BLNK-EXC-839664-UNRESOLVED,260988,5209,0,0,255779,INR,2026-08-17T05:02:00Z,HOLD-ESCROW
PO_B14_003276,Cashfree Escrow,PAYT-INV-624477 PO_B14_003276,253884,5084,0,0,248800,INR,2026-08-16T02:56:00Z,BATCH-PAYT-3276
PO_B14_003277,Stripe India,NYKA-INV-986273 PO_B14_003277,322896,7629,0,0,315267,INR,2026-08-15T20:37:00Z,BATCH-NYKA-3277
PO_B14_003278,Razorpay Nodal,OLAA-INV-835786 PO_B14_003278,139507,2947,0,0,136560,INR,2026-08-16T15:19:00Z,BATCH-OLAA-3278
PO_B14_003279,PayU Enterprise,BKMS-INV-623258 PO_B14_003279,303181,7333,0,0,295848,INR,2026-08-16T11:27:00Z,BATCH-BKMS-3279
PO_B14_003280,PayU Enterprise,ZOMA-ORD-985940 ZOMA-ORD-931305 BATCH-ZOMA-3280,257003,5140,0,0,251863,INR,2026-08-16T07:43:00Z,BATCH-ZOMA-3280
PO_B14_003281,Razorpay Nodal,PHNP-INV-431445 PO_B14_003281,275990,6788,0,0,269202,INR,2026-08-15T21:19:00Z,BATCH-PHNP-3281
PO_B14_003282,BillDesk Settlement,AMZN-ORD-307163 AMZN-ORD-809933 AMZN-ORD-247673 BATCH-AMZN-3282,330889,6617,0,0,324272,INR,2026-08-16T15:49:00Z,BATCH-AMZN-3282
PO_B14_003283,Stripe India,PHNP-INV-198259 PO_B14_003283,388586,6383,0,0,382203,INR,2026-08-16T08:29:00Z,BATCH-PHNP-3283
PO_B14_003284,Razorpay Nodal,TATA-INV-176926 PO_B14_003284,105183,2159,0,0,103024,INR,2026-08-16T00:22:00Z,BATCH-TATA-3284
PO_B14_003285,BillDesk Settlement,BLNK-INV-724687 PO_B14_003285,161925,3370,0,0,158555,INR,2026-08-16T08:57:00Z,BATCH-BLNK-3285
PO_B14_003286,PayU Enterprise,TATA-INV-277297 PO_B14_003286,291493,6230,0,0,285263,INR,2026-08-16T14:18:00Z,BATCH-TATA-3286
PO_B14_003287,PayU Enterprise,JIOO-INV-141594 PO_B14_003287,144277,2923,0,0,141354,INR,2026-08-15T21:19:00Z,BATCH-JIOO-3287
PO_B14_003288,BillDesk Settlement,PHNP-ORD-522628 PHNP-ORD-977214 PHNP-ORD-939595 BATCH-PHNP-3288,376467,7529,0,0,368938,INR,2026-08-16T05:54:00Z,BATCH-PHNP-3288
PO_B14_003289,Cashfree Escrow,PAYT-INV-976008 PO_B14_003289,211794,4546,0,0,207248,INR,2026-08-17T01:35:00Z,BATCH-PAYT-3289
PO_B14_003290,BillDesk Settlement,BKMS-ORD-833180 BKMS-ORD-636259 BKMS-ORD-789184 BATCH-BKMS-3290,407396,8147,0,0,399249,INR,2026-08-16T03:59:00Z,BATCH-BKMS-3290
PO_B14_003291,PayU Enterprise,MYNT-INV-590635 PO_B14_003291,166112,3348,0,0,162764,INR,2026-08-16T13:27:00Z,BATCH-MYNT-3291
PO_B14_003292,Cashfree Escrow,UBER-ORD-909909 UBER-ORD-571602 UBER-ORD-126755 BATCH-UBER-3292,390767,7815,0,0,382952,INR,2026-08-16T11:14:00Z,BATCH-UBER-3292
PO_B14_003293,Razorpay Nodal,AMZN-INV-352632 PO_B14_003293,242823,5648,0,0,237175,INR,2026-08-16T07:39:00Z,BATCH-AMZN-3293
PO_B14_003294,BillDesk Settlement,FLPK-INV-331080 PO_B14_003294,290451,5450,0,0,285001,INR,2026-08-16T07:09:00Z,BATCH-FLPK-3294
PO_B14_003295,Stripe India,JIOO-INV-956810 PO_B14_003295,40800,766,0,0,40034,INR,2026-08-16T03:39:00Z,BATCH-JIOO-3295
PO_B14_003296,Cashfree Escrow,PHNP-INV-781468 PO_B14_003296,443439,8672,0,0,434767,INR,2026-08-16T00:07:00Z,BATCH-PHNP-3296
PO_B14_003297,Stripe India,UBER-ORD-343690 UBER-ORD-811805 BATCH-UBER-3297,381050,7621,0,0,373429,INR,2026-08-16T19:07:00Z,BATCH-UBER-3297
PO_B14_003298,Stripe India,JIOO-INV-597779 PO_B14_003298,373357,6482,0,0,366875,INR,2026-08-16T18:36:00Z,BATCH-JIOO-3298
PO_B14_003299,Stripe India,NYKA-INV-171738 PO_B14_003299,439317,10968,0,0,428349,INR,2026-08-15T23:30:00Z,BATCH-NYKA-3299
PO_B14_003300,PayU Enterprise,OLAA-ORD-417178 OLAA-ORD-295816 BATCH-OLAA-3300,288619,5772,0,0,282847,INR,2026-08-16T05:29:00Z,BATCH-OLAA-3300
PO_B14_003301,BillDesk Settlement,MYNT-INV-569182 PO_B14_003301,196674,4549,0,0,192125,INR,2026-08-15T18:37:00Z,BATCH-MYNT-3301
PO_B14_003302,BillDesk Settlement,JIOO-ORD-299075 JIOO-ORD-195024 BATCH-JIOO-3302,110756,2215,0,0,108541,INR,2026-08-16T04:32:00Z,BATCH-JIOO-3302
PO_B14_003303,Razorpay Nodal,MMTR-INV-542351 PO_B14_003303,183925,3408,0,0,180517,INR,2026-08-16T08:05:00Z,BATCH-MMTR-3303
PO_B14_003304,PayU Enterprise,MMTR-ORD-615993 MMTR-ORD-178957 BATCH-MMTR-3304,378085,7561,0,0,370524,INR,2026-08-16T11:40:00Z,BATCH-MMTR-3304
PO_B14_003305,BillDesk Settlement,BBAS-INV-366025 PO_B14_003305,203327,3232,0,0,200095,INR,2026-08-16T06:13:00Z,BATCH-BBAS-3305
PO_B14_003306,PayU Enterprise,MYNT-ORD-684600 MYNT-ORD-271093 BATCH-MYNT-3306,349749,6994,0,0,342755,INR,2026-08-15T21:35:00Z,BATCH-MYNT-3306
PO_B14_003307,Razorpay Nodal,MMTR-INV-610106 PO_B14_003307,29572,465,0,0,29107,INR,2026-08-16T17:50:00Z,BATCH-MMTR-3307
PO_B14_003308,Razorpay Nodal,MYNT-ORD-731664 MYNT-ORD-270508 MYNT-ORD-323163 BATCH-MYNT-3308,207134,4142,0,0,202992,INR,2026-08-16T11:38:00Z,BATCH-MYNT-3308
PO_B14_003309,Razorpay Nodal,OLAA-EXC-458993-UNRESOLVED,281097,5611,0,0,275486,INR,2026-08-16T22:23:00Z,HOLD-ESCROW
PO_B14_003310,Razorpay Nodal,FLPK-INV-267684 PO_B14_003310,103680,1903,0,0,101777,INR,2026-08-15T21:27:00Z,BATCH-FLPK-3310
PO_B14_003311,PayU Enterprise,NYKA-ORD-918392 NYKA-ORD-806443 BATCH-NYKA-3311,375074,7501,0,0,367573,INR,2026-08-16T04:29:00Z,BATCH-NYKA-3311
PO_B14_003312,PayU Enterprise,BKMS-INV-104215 PO_B14_003312,108342,2489,0,0,105853,INR,2026-08-16T01:51:00Z,BATCH-BKMS-3312
PO_B14_003313,Stripe India,ZOMA-ORD-709111 ZOMA-ORD-793608 ZOMA-ORD-337304 BATCH-ZOMA-3313,140461,2809,0,0,137652,INR,2026-08-16T20:31:00Z,BATCH-ZOMA-3313
PO_B14_003314,Stripe India,MMTR-INV-690516 PO_B14_003314,242339,5099,0,0,237240,INR,2026-08-15T17:53:00Z,BATCH-MMTR-3314
PO_B14_003315,BillDesk Settlement,OLAA-ORD-858250 OLAA-ORD-476969 BATCH-OLAA-3315,349934,6998,0,0,342936,INR,2026-08-16T11:23:00Z,BATCH-OLAA-3315
PO_B14_003316,Cashfree Escrow,UBER-INV-998379 PO_B14_003316,96264,1932,0,0,94332,INR,2026-08-16T15:32:00Z,BATCH-UBER-3316
PO_B14_003317,PayU Enterprise,SWIG-INV-569943 PO_B14_003317,81262,1732,0,0,79530,INR,2026-08-16T20:25:00Z,BATCH-SWIG-3317
PO_B14_003318,PayU Enterprise,OLAA-INV-311884 PO_B14_003318,376684,8325,0,0,368359,INR,2026-08-16T12:54:00Z,BATCH-OLAA-3318
PO_B14_003319,BillDesk Settlement,PHNP-ORD-990062 PHNP-ORD-811400 PHNP-ORD-367961 BATCH-PHNP-3319,299274,5985,0,0,293289,INR,2026-08-15T21:30:00Z,BATCH-PHNP-3319
PO_B14_003320,BillDesk Settlement,OLAA-INV-890389 PO_B14_003320,75133,1372,0,0,73761,INR,2026-08-15T21:34:00Z,BATCH-OLAA-3320
PO_B14_003321,Cashfree Escrow,PAYT-INV-951951 PO_B14_003321,112230,2686,0,0,109544,INR,2026-08-16T12:15:00Z,BATCH-PAYT-3321
PO_B14_003322,PayU Enterprise,PAYT-INV-579905 PO_B14_003322,327159,6808,0,0,320351,INR,2026-08-16T17:31:00Z,BATCH-PAYT-3322
PO_B14_003323,Razorpay Nodal,BLNK-INV-574368 PO_B14_003323,387719,7901,0,0,379818,INR,2026-08-16T18:40:00Z,BATCH-BLNK-3323
PO_B14_003324,BillDesk Settlement,BBAS-ORD-326771 BBAS-ORD-620687 BATCH-BBAS-3324,295859,5917,0,0,289942,INR,2026-08-16T10:03:00Z,BATCH-BBAS-3324
PO_B14_003325,Stripe India,FLPK-INV-186870 PO_B14_003325,270708,4371,0,0,266337,INR,2026-08-16T16:45:00Z,BATCH-FLPK-3325
PO_B14_003326,BillDesk Settlement,ZOMA-INV-108493 PO_B14_003326,393826,6212,0,0,387614,INR,2026-08-16T18:24:00Z,BATCH-ZOMA-3326
PO_B14_003327,PayU Enterprise,MMTR-INV-634156 PO_B14_003327,351568,6673,0,0,344895,INR,2026-08-16T12:19:00Z,BATCH-MMTR-3327
PO_B14_003328,BillDesk Settlement,AMZN-INV-750065 PO_B14_003328,383259,7426,0,0,375833,INR,2026-08-16T20:32:00Z,BATCH-AMZN-3328
PO_B14_003329,Razorpay Nodal,MMTR-INV-973973 PO_B14_003329,397041,6042,0,0,390999,INR,2026-08-16T01:48:00Z,BATCH-MMTR-3329
PO_B14_003330,Razorpay Nodal,AMZN-INV-915334 PO_B14_003330,222326,5164,0,0,217162,INR,2026-08-16T04:45:00Z,BATCH-AMZN-3330
PO_B14_003331,Stripe India,MMTR-INV-466706 PO_B14_003331,233055,5152,0,0,227903,INR,2026-08-16T05:59:00Z,BATCH-MMTR-3331
PO_B14_003332,Cashfree Escrow,MMTR-ORD-684143 MMTR-ORD-610515 MMTR-ORD-895469 BATCH-MMTR-3332,261353,5227,0,0,256126,INR,2026-08-16T16:33:00Z,BATCH-MMTR-3332
PO_B14_003333,Razorpay Nodal,PAYT-INV-657729 PO_B14_003333,59545,1435,0,0,58110,INR,2026-08-15T21:37:00Z,BATCH-PAYT-3333
PO_B14_003334,PayU Enterprise,JIOO-ORD-597904 JIOO-ORD-823391 BATCH-JIOO-3334,75951,1519,0,0,74432,INR,2026-08-16T11:37:00Z,BATCH-JIOO-3334
PO_B14_003335,PayU Enterprise,MMTR-ORD-864941 MMTR-ORD-714001 MMTR-ORD-445717 BATCH-MMTR-3335,324889,6497,0,0,318392,INR,2026-08-16T20:55:00Z,BATCH-MMTR-3335
PO_B14_003336,Razorpay Nodal,MYNT-INV-524946 PO_B14_003336,104257,1927,0,0,102330,INR,2026-08-16T06:17:00Z,BATCH-MYNT-3336
PO_B14_003337,Stripe India,MYNT-ORD-713310 MYNT-ORD-111316 MYNT-ORD-977675 BATCH-MYNT-3337,425671,8513,0,0,417158,INR,2026-08-16T13:17:00Z,BATCH-MYNT-3337
PO_B14_003338,BillDesk Settlement,FLPK-INV-883808 PO_B14_003338,255751,3910,0,0,251841,INR,2026-08-15T18:25:00Z,BATCH-FLPK-3338
PO_B14_003339,Cashfree Escrow,UBER-INV-141909 PO_B14_003339,253340,6318,0,0,247022,INR,2026-08-15T15:40:00Z,BATCH-UBER-3339
PO_B14_003340,PayU Enterprise,UBER-INV-372554 PO_B14_003340,394883,6199,0,0,388684,INR,2026-08-16T08:26:00Z,BATCH-UBER-3340
PO_B14_003341,Razorpay Nodal,PHNP-ORD-320437 PHNP-ORD-356924 BATCH-PHNP-3341,198504,3970,0,0,194534,INR,2026-08-16T11:33:00Z,BATCH-PHNP-3341
PO_B14_003342,Razorpay Nodal,JIOO-ORD-165386 JIOO-ORD-144764 BATCH-JIOO-3342,296859,5937,0,0,290922,INR,2026-08-16T08:09:00Z,BATCH-JIOO-3342
PO_B14_003343,Razorpay Nodal,JIOO-INV-657642 PO_B14_003343,322727,5345,0,0,317382,INR,2026-08-16T07:51:00Z,BATCH-JIOO-3343
PO_B14_003344,Stripe India,ZOMA-INV-611629 PO_B14_003344,143324,3566,0,0,139758,INR,2026-08-16T17:06:00Z,BATCH-ZOMA-3344
PO_B14_003345,PayU Enterprise,BBAS-INV-171694 PO_B14_003345,222837,4887,0,0,217950,INR,2026-08-16T07:30:00Z,BATCH-BBAS-3345
PO_B14_003346,Razorpay Nodal,BBAS-ORD-450086 BBAS-ORD-728394 BATCH-BBAS-3346,73288,1465,0,0,71823,INR,2026-08-15T21:27:00Z,BATCH-BBAS-3346
PO_B14_003347,PayU Enterprise,ZOMA-ORD-179665 ZOMA-ORD-681009 ZOMA-ORD-955495 BATCH-ZOMA-3347,246904,4938,0,0,241966,INR,2026-08-16T13:09:00Z,BATCH-ZOMA-3347
PO_B14_003348,PayU Enterprise,BKMS-ORD-234106 BKMS-ORD-242110 BATCH-BKMS-3348,392531,7850,0,0,384681,INR,2026-08-15T23:57:00Z,BATCH-BKMS-3348
PO_B14_003349,Cashfree Escrow,TATA-INV-923476 PO_B14_003349,233544,4975,0,0,228569,INR,2026-08-16T14:34:00Z,BATCH-TATA-3349
PO_B14_003350,Stripe India,FLPK-INV-987032 PO_B14_003350,151841,2615,0,0,149226,INR,2026-08-16T06:02:00Z,BATCH-FLPK-3350
PO_B14_003351,PayU Enterprise,SWIG-INV-186948 PO_B14_003351,165766,3355,0,0,162411,INR,2026-08-16T12:11:00Z,BATCH-SWIG-3351
PO_B14_003352,BillDesk Settlement,OLAA-INV-214415 PO_B14_003352,125877,2411,0,0,123466,INR,2026-08-16T18:50:00Z,BATCH-OLAA-3352
PO_B14_003353,PayU Enterprise,MMTR-ORD-546216 MMTR-ORD-622138 BATCH-MMTR-3353,375048,7500,0,0,367548,INR,2026-08-16T00:29:00Z,BATCH-MMTR-3353
PO_B14_003354,Cashfree Escrow,UBER-INV-921037 PO_B14_003354,254397,3900,0,0,250497,INR,2026-08-16T07:09:00Z,BATCH-UBER-3354
PO_B14_003355,Cashfree Escrow,BBAS-INV-246034 PO_B14_003355,281703,6316,0,0,275387,INR,2026-08-16T07:20:00Z,BATCH-BBAS-3355
PO_B14_003356,Stripe India,ZOMA-INV-494286 PO_B14_003356,217649,4857,0,0,212792,INR,2026-08-16T20:25:00Z,BATCH-ZOMA-3356
PO_B14_003357,Stripe India,BKMS-INV-302035 PO_B14_003357,275653,4894,0,0,270759,INR,2026-08-16T21:57:00Z,BATCH-BKMS-3357
PO_B14_003358,BillDesk Settlement,JIOO-INV-646603 PO_B14_003358,153933,3280,0,0,150653,INR,2026-08-16T05:32:00Z,BATCH-JIOO-3358
PO_B14_003359,PayU Enterprise,JIOO-INV-566262 PO_B14_003359,89235,1502,0,0,87733,INR,2026-08-16T04:13:00Z,BATCH-JIOO-3359
PO_B14_003360,Cashfree Escrow,AMZN-ORD-111443 AMZN-ORD-227530 BATCH-AMZN-3360,350730,7014,0,0,343716,INR,2026-08-16T04:04:00Z,BATCH-AMZN-3360
PO_B14_003361,PayU Enterprise,TATA-INV-881285 PO_B14_003361,84820,1651,0,0,83169,INR,2026-08-16T07:11:00Z,BATCH-TATA-3361
PO_B14_003362,BillDesk Settlement,UBER-ORD-100968 UBER-ORD-122815 BATCH-UBER-3362,227610,4552,0,0,223058,INR,2026-08-16T12:42:00Z,BATCH-UBER-3362
PO_B14_003363,Cashfree Escrow,MYNT-ORD-129055 MYNT-ORD-788216 BATCH-MYNT-3363,267931,5358,0,0,262573,INR,2026-08-16T02:13:00Z,BATCH-MYNT-3363
PO_B14_003364,Stripe India,NYKA-ORD-260949 NYKA-ORD-850720 BATCH-NYKA-3364,339609,6792,0,0,332817,INR,2026-08-16T17:03:00Z,BATCH-NYKA-3364
PO_B14_003365,PayU Enterprise,SWIG-INV-967438 PO_B14_003365,68568,1480,0,0,67088,INR,2026-08-16T12:53:00Z,BATCH-SWIG-3365
PO_B14_003366,BillDesk Settlement,OLAA-INV-691039 PO_B14_003366,119501,2324,0,0,117177,INR,2026-08-16T02:39:00Z,BATCH-OLAA-3366
PO_B14_003367,Cashfree Escrow,PAYT-ORD-450268 PAYT-ORD-856110 BATCH-PAYT-3367,256026,5120,0,0,250906,INR,2026-08-16T07:43:00Z,BATCH-PAYT-3367
PO_B14_003368,BillDesk Settlement,BLNK-ORD-892656 BLNK-ORD-896789 BATCH-BLNK-3368,161553,3231,0,0,158322,INR,2026-08-16T01:11:00Z,BATCH-BLNK-3368
PO_B14_003369,Razorpay Nodal,JIOO-INV-690802 PO_B14_003369,66875,1151,0,0,65724,INR,2026-08-15T22:11:00Z,BATCH-JIOO-3369
PO_B14_003370,Cashfree Escrow,BLNK-INV-529702 PO_B14_003370,148038,2746,0,0,145292,INR,2026-08-15T19:20:00Z,BATCH-BLNK-3370
PO_B14_003371,Razorpay Nodal,PAYT-ORD-195368 PAYT-ORD-788818 BATCH-PAYT-3371,428983,8579,0,0,420404,INR,2026-08-16T18:07:00Z,BATCH-PAYT-3371
PO_B14_003372,Stripe India,MYNT-ORD-387232 MYNT-ORD-695828 BATCH-MYNT-3372,336918,6738,0,0,330180,INR,2026-08-16T11:35:00Z,BATCH-MYNT-3372
PO_B14_003373,Stripe India,PHNP-ORD-581910 PHNP-ORD-456642 PHNP-ORD-323208 BATCH-PHNP-3373,438197,8763,0,0,429434,INR,2026-08-16T03:18:00Z,BATCH-PHNP-3373
PO_B14_003374,PayU Enterprise,ZOMA-INV-270103 PO_B14_003374,229330,3485,0,0,225845,INR,2026-08-16T04:45:00Z,BATCH-ZOMA-3374
PO_B14_003375,Razorpay Nodal,OLAA-ORD-185344 OLAA-ORD-445326 BATCH-OLAA-3375,127998,2559,0,0,125439,INR,2026-08-16T05:03:00Z,BATCH-OLAA-3375
PO_B14_003376,PayU Enterprise,MMTR-INV-752869 PO_B14_003376,102130,2170,0,0,99960,INR,2026-08-15T20:04:00Z,BATCH-MMTR-3376
PO_B14_003377,Stripe India,BLNK-INV-409650 PO_B14_003377,83593,1743,0,0,81850,INR,2026-08-16T21:05:00Z,BATCH-BLNK-3377
PO_B14_003378,Stripe India,OLAA-INV-509890 PO_B14_003378,54346,1224,0,0,53122,INR,2026-08-16T11:45:00Z,BATCH-OLAA-3378
PO_B14_003379,PayU Enterprise,TATA-EXC-282049-UNRESOLVED,192665,3843,0,0,188822,INR,2026-08-16T15:16:00Z,HOLD-ESCROW
PO_B14_003380,Razorpay Nodal,MMTR-ORD-750328 MMTR-ORD-386576 BATCH-MMTR-3380,133572,2671,0,0,130901,INR,2026-08-15T22:04:00Z,BATCH-MMTR-3380
PO_B14_003381,Razorpay Nodal,NYKA-ORD-995623 NYKA-ORD-471081 BATCH-NYKA-3381,332428,6648,0,0,325780,INR,2026-08-16T00:30:00Z,BATCH-NYKA-3381
PO_B14_003382,BillDesk Settlement,FLPK-INV-533119 PO_B14_003382,443659,7917,0,0,435742,INR,2026-08-16T13:00:00Z,BATCH-FLPK-3382
PO_B14_003383,BillDesk Settlement,TATA-EXC-982195-UNRESOLVED,76847,1526,0,0,75321,INR,2026-08-17T02:14:00Z,HOLD-ESCROW
PO_B14_003384,BillDesk Settlement,BLNK-INV-492777 PO_B14_003384,252618,4221,0,0,248397,INR,2026-08-16T06:31:00Z,BATCH-BLNK-3384
PO_B14_003385,Razorpay Nodal,BKMS-INV-772147 PO_B14_003385,128642,2440,0,0,126202,INR,2026-08-16T01:08:00Z,BATCH-BKMS-3385
PO_B14_003386,PayU Enterprise,AMZN-ORD-676744 AMZN-ORD-147639 BATCH-AMZN-3386,243980,4879,0,0,239101,INR,2026-08-16T17:48:00Z,BATCH-AMZN-3386
PO_B14_003387,PayU Enterprise,UBER-INV-160125 PO_B14_003387,62540,1233,0,0,61307,INR,2026-08-15T18:53:00Z,BATCH-UBER-3387
PO_B14_003388,PayU Enterprise,BLNK-INV-503932 PO_B14_003388,325261,7272,0,0,317989,INR,2026-08-16T19:37:00Z,BATCH-BLNK-3388
PO_B14_003389,Cashfree Escrow,JIOO-INV-111894 PO_B14_003389,155522,3780,0,0,151742,INR,2026-08-16T11:28:00Z,BATCH-JIOO-3389
PO_B14_003390,BillDesk Settlement,BBAS-ORD-267737 BBAS-ORD-793379 BBAS-ORD-666709 BATCH-BBAS-3390,436676,8733,0,0,427943,INR,2026-08-15T22:33:00Z,BATCH-BBAS-3390
PO_B14_003391,BillDesk Settlement,BKMS-INV-888620 PO_B14_003391,372784,7564,0,0,365220,INR,2026-08-16T01:51:00Z,BATCH-BKMS-3391
PO_B14_003392,Razorpay Nodal,PAYT-INV-312396 PO_B14_003392,232153,5731,0,0,226422,INR,2026-08-16T03:41:00Z,BATCH-PAYT-3392
PO_B14_003393,BillDesk Settlement,PHNP-INV-264172 PO_B14_003393,53331,971,0,0,52360,INR,2026-08-16T05:55:00Z,BATCH-PHNP-3393
PO_B14_003394,Stripe India,BBAS-INV-525566 PO_B14_003394,365578,6444,0,0,359134,INR,2026-08-15T21:40:00Z,BATCH-BBAS-3394
PO_B14_003395,BillDesk Settlement,OLAA-INV-409234 PO_B14_003395,266813,4116,0,0,262697,INR,2026-08-16T07:47:00Z,BATCH-OLAA-3395
PO_B14_003396,PayU Enterprise,BKMS-INV-827990 PO_B14_003396,94450,1692,0,0,92758,INR,2026-08-16T16:30:00Z,BATCH-BKMS-3396
PO_B14_003397,Razorpay Nodal,BLNK-INV-439902 PO_B14_003397,414336,6763,0,0,407573,INR,2026-08-16T19:33:00Z,BATCH-BLNK-3397
PO_B14_003398,PayU Enterprise,PAYT-INV-665639 PO_B14_003398,412078,8799,0,0,403279,INR,2026-08-16T10:49:00Z,BATCH-PAYT-3398
PO_B14_003399,Stripe India,JIOO-INV-254012 PO_B14_003399,410027,7612,0,0,402415,INR,2026-08-15T15:29:00Z,BATCH-JIOO-3399
PO_B14_003400,Cashfree Escrow,OLAA-INV-629418 PO_B14_003400,138487,3349,0,0,135138,INR,2026-08-16T13:27:00Z,BATCH-OLAA-3400
PO_B14_003401,BillDesk Settlement,AMZN-INV-561372 PO_B14_003401,395456,6799,0,0,388657,INR,2026-08-16T05:32:00Z,BATCH-AMZN-3401
PO_B14_003402,Razorpay Nodal,BLNK-ORD-445550 BLNK-ORD-218847 BLNK-ORD-981208 BATCH-BLNK-3402,387983,7759,0,0,380224,INR,2026-08-16T11:44:00Z,BATCH-BLNK-3402
PO_B14_003403,Stripe India,MMTR-INV-774572 PO_B14_003403,187794,4059,0,0,183735,INR,2026-08-16T04:06:00Z,BATCH-MMTR-3403
PO_B14_003404,BillDesk Settlement,OLAA-INV-341113 PO_B14_003404,363472,8915,0,0,354557,INR,2026-08-16T22:45:00Z,BATCH-OLAA-3404
PO_B14_003405,PayU Enterprise,OLAA-INV-380940 PO_B14_003405,449173,9110,0,0,440063,INR,2026-08-16T14:56:00Z,BATCH-OLAA-3405
PO_B14_003406,Stripe India,UBER-INV-367933 PO_B14_003406,43862,1056,0,0,42806,INR,2026-08-16T13:57:00Z,BATCH-UBER-3406
PO_B14_003407,BillDesk Settlement,JIOO-INV-796602 PO_B14_003407,353699,6393,0,0,347306,INR,2026-08-15T23:32:00Z,BATCH-JIOO-3407
PO_B14_003408,Razorpay Nodal,NYKA-INV-572027 PO_B14_003408,255609,4152,0,0,251457,INR,2026-08-16T06:46:00Z,BATCH-NYKA-3408
PO_B14_003409,Stripe India,BLNK-ORD-724997 BLNK-ORD-716774 BLNK-ORD-777175 BATCH-BLNK-3409,341400,6828,0,0,334572,INR,2026-08-16T08:09:00Z,BATCH-BLNK-3409
PO_B14_003410,PayU Enterprise,SWIG-INV-475552 PO_B14_003410,125520,2577,0,0,122943,INR,2026-08-16T14:02:00Z,BATCH-SWIG-3410
PO_B14_003411,Razorpay Nodal,SWIG-INV-484738 PO_B14_003411,410858,8406,0,0,402452,INR,2026-08-16T04:30:00Z,BATCH-SWIG-3411
PO_B14_003412,BillDesk Settlement,FLPK-ORD-474718 FLPK-ORD-846343 BATCH-FLPK-3412,140686,2813,0,0,137873,INR,2026-08-15T23:38:00Z,BATCH-FLPK-3412
PO_B14_003413,PayU Enterprise,BLNK-INV-662075 PO_B14_003413,440503,8114,0,0,432389,INR,2026-08-16T14:16:00Z,BATCH-BLNK-3413
PO_B14_003414,Cashfree Escrow,BBAS-INV-927733 PO_B14_003414,48576,818,0,0,47758,INR,2026-08-16T05:41:00Z,BATCH-BBAS-3414
PO_B14_003415,Cashfree Escrow,SWIG-INV-158792 PO_B14_003415,306961,7407,0,0,299554,INR,2026-08-16T02:06:00Z,BATCH-SWIG-3415
PO_B14_003416,PayU Enterprise,MYNT-ORD-333241 MYNT-ORD-803698 BATCH-MYNT-3416,421651,8433,0,0,413218,INR,2026-08-16T12:44:00Z,BATCH-MYNT-3416
PO_B14_003417,PayU Enterprise,OLAA-INV-407873 PO_B14_003417,305928,5070,0,0,300858,INR,2026-08-16T05:17:00Z,BATCH-OLAA-3417
PO_B14_003418,PayU Enterprise,SWIG-ORD-252967 SWIG-ORD-915242 SWIG-ORD-960522 BATCH-SWIG-3418,359501,7190,0,0,352311,INR,2026-08-16T06:55:00Z,BATCH-SWIG-3418
PO_B14_003419,Stripe India,JIOO-ORD-804758 JIOO-ORD-556821 BATCH-JIOO-3419,280084,5601,0,0,274483,INR,2026-08-16T10:32:00Z,BATCH-JIOO-3419
PO_B14_003420,PayU Enterprise,PAYT-INV-383852 PO_B14_003420,389549,8317,0,0,381232,INR,2026-08-16T15:37:00Z,BATCH-PAYT-3420
PO_B14_003421,Razorpay Nodal,PHNP-INV-342189 PO_B14_003421,96220,2390,0,0,93830,INR,2026-08-16T16:05:00Z,BATCH-PHNP-3421
PO_B14_003422,PayU Enterprise,ZOMA-INV-287529 PO_B14_003422,132172,2928,0,0,129244,INR,2026-08-16T02:20:00Z,BATCH-ZOMA-3422
PO_B14_003423,PayU Enterprise,FLPK-ORD-436924 FLPK-ORD-845571 BATCH-FLPK-3423,315086,6301,0,0,308785,INR,2026-08-16T04:43:00Z,BATCH-FLPK-3423
PO_B14_003424,BillDesk Settlement,PAYT-INV-543967 PO_B14_003424,252761,4278,0,0,248483,INR,2026-08-16T04:43:00Z,BATCH-PAYT-3424
PO_B14_003425,PayU Enterprise,BBAS-INV-528466 PO_B14_003425,141674,2805,0,0,138869,INR,2026-08-16T17:48:00Z,BATCH-BBAS-3425
PO_B14_003426,BillDesk Settlement,BLNK-ORD-349456 BLNK-ORD-898784 BATCH-BLNK-3426,230397,4607,0,0,225790,INR,2026-08-16T16:26:00Z,BATCH-BLNK-3426
PO_B14_003427,Stripe India,PAYT-INV-198432 PO_B14_003427,130038,3133,0,0,126905,INR,2026-08-16T15:46:00Z,BATCH-PAYT-3427
PO_B14_003428,Razorpay Nodal,SWIG-INV-806196 PO_B14_003428,388086,8944,0,0,379142,INR,2026-08-16T03:18:00Z,BATCH-SWIG-3428
PO_B14_003429,Cashfree Escrow,BBAS-INV-630563 PO_B14_003429,159357,2828,0,0,156529,INR,2026-08-16T04:11:00Z,BATCH-BBAS-3429
PO_B14_003430,Razorpay Nodal,MMTR-ORD-590402 MMTR-ORD-877817 MMTR-ORD-942100 BATCH-MMTR-3430,442292,8845,0,0,433447,INR,2026-08-16T09:05:00Z,BATCH-MMTR-3430
PO_B14_003431,Stripe India,ZOMA-ORD-492975 ZOMA-ORD-717188 ZOMA-ORD-107957 BATCH-ZOMA-3431,497335,9946,0,0,487389,INR,2026-08-16T09:36:00Z,BATCH-ZOMA-3431
PO_B14_003432,PayU Enterprise,TATA-INV-577012 PO_B14_003432,375251,7204,0,0,368047,INR,2026-08-16T19:03:00Z,BATCH-TATA-3432
PO_B14_003433,BillDesk Settlement,PHNP-INV-680448 PO_B14_003433,168610,2804,0,0,165806,INR,2026-08-16T17:39:00Z,BATCH-PHNP-3433
PO_B14_003434,PayU Enterprise,PAYT-INV-168360 PO_B14_003434,142266,2659,0,0,139607,INR,2026-08-16T04:53:00Z,BATCH-PAYT-3434
PO_B14_003435,Stripe India,MMTR-INV-409700 PO_B14_003435,117990,1825,0,0,116165,INR,2026-08-15T14:51:00Z,BATCH-MMTR-3435
PO_B14_003436,BillDesk Settlement,BLNK-ORD-606934 BLNK-ORD-362066 BLNK-ORD-358980 BATCH-BLNK-3436,392397,7847,0,0,384550,INR,2026-08-16T03:18:00Z,BATCH-BLNK-3436
PO_B14_003437,BillDesk Settlement,UBER-INV-364798 PO_B14_003437,66814,1124,0,0,65690,INR,2026-08-16T20:34:00Z,BATCH-UBER-3437
PO_B14_003438,Cashfree Escrow,UBER-INV-374836 PO_B14_003438,68897,1577,0,0,67320,INR,2026-08-16T12:55:00Z,BATCH-UBER-3438
PO_B14_003439,BillDesk Settlement,BBAS-EXC-159772-UNRESOLVED,299566,5981,0,0,293585,INR,2026-08-16T16:43:00Z,HOLD-ESCROW
PO_B14_003440,Razorpay Nodal,BKMS-INV-379117 PO_B14_003440,355086,5495,0,0,349591,INR,2026-08-16T05:03:00Z,BATCH-BKMS-3440
PO_B14_003441,Stripe India,FLPK-INV-260422 PO_B14_003441,329616,5362,0,0,324254,INR,2026-08-15T18:49:00Z,BATCH-FLPK-3441
PO_B14_003442,PayU Enterprise,OLAA-ORD-456037 OLAA-ORD-637538 BATCH-OLAA-3442,190442,3808,0,0,186634,INR,2026-08-15T22:27:00Z,BATCH-OLAA-3442
PO_B14_003443,Razorpay Nodal,FLPK-ORD-145256 FLPK-ORD-598910 FLPK-ORD-673335 BATCH-FLPK-3443,382725,7654,0,0,375071,INR,2026-08-16T05:37:00Z,BATCH-FLPK-3443
PO_B14_003444,Stripe India,BKMS-INV-268624 PO_B14_003444,434794,6609,0,0,428185,INR,2026-08-16T04:46:00Z,BATCH-BKMS-3444
PO_B14_003445,Razorpay Nodal,PHNP-INV-692668 PO_B14_003445,219792,4363,0,0,215429,INR,2026-08-16T04:41:00Z,BATCH-PHNP-3445
PO_B14_003446,Razorpay Nodal,BBAS-INV-593135 PO_B14_003446,402377,6190,0,0,396187,INR,2026-08-16T04:38:00Z,BATCH-BBAS-3446
PO_B14_003447,PayU Enterprise,SWIG-INV-676302 PO_B14_003447,32013,733,0,0,31280,INR,2026-08-16T06:01:00Z,BATCH-SWIG-3447
PO_B14_003448,Razorpay Nodal,ZOMA-INV-895508 PO_B14_003448,322476,7630,0,0,314846,INR,2026-08-16T09:04:00Z,BATCH-ZOMA-3448
PO_B14_003449,BillDesk Settlement,MMTR-INV-854717 PO_B14_003449,47188,774,0,0,46414,INR,2026-08-16T15:26:00Z,BATCH-MMTR-3449
PO_B14_003450,Razorpay Nodal,ZOMA-INV-853824 PO_B14_003450,67743,1601,0,0,66142,INR,2026-08-16T13:27:00Z,BATCH-ZOMA-3450
PO_B14_003451,PayU Enterprise,PHNP-INV-406270 PO_B14_003451,182396,2958,0,0,179438,INR,2026-08-16T10:27:00Z,BATCH-PHNP-3451
PO_B14_003452,Razorpay Nodal,ZOMA-ORD-551788 ZOMA-ORD-177185 BATCH-ZOMA-3452,312482,6249,0,0,306233,INR,2026-08-15T23:52:00Z,BATCH-ZOMA-3452
PO_B14_003453,Razorpay Nodal,PHNP-ORD-922498 PHNP-ORD-469798 PHNP-ORD-529114 BATCH-PHNP-3453,349645,6992,0,0,342653,INR,2026-08-16T16:28:00Z,BATCH-PHNP-3453
PO_B14_003454,Stripe India,OLAA-INV-142819 PO_B14_003454,439325,10142,0,0,429183,INR,2026-08-15T18:54:00Z,BATCH-OLAA-3454
PO_B14_003455,Cashfree Escrow,MYNT-EXC-921879-UNRESOLVED,284300,5676,0,0,278624,INR,2026-08-17T01:23:00Z,HOLD-ESCROW
PO_B14_003456,Razorpay Nodal,SWIG-INV-236149 PO_B14_003456,214903,4320,0,0,210583,INR,2026-08-16T07:34:00Z,BATCH-SWIG-3456
PO_B14_003457,BillDesk Settlement,TATA-INV-874401 PO_B14_003457,42775,834,0,0,41941,INR,2026-08-16T02:20:00Z,BATCH-TATA-3457
PO_B14_003458,Razorpay Nodal,NYKA-ORD-166377 NYKA-ORD-509484 BATCH-NYKA-3458,246341,4926,0,0,241415,INR,2026-08-16T02:04:00Z,BATCH-NYKA-3458
PO_B14_003459,BillDesk Settlement,BKMS-INV-253216 PO_B14_003459,352640,7774,0,0,344866,INR,2026-08-15T21:58:00Z,BATCH-BKMS-3459
PO_B14_003460,BillDesk Settlement,UBER-INV-830939 PO_B14_003460,40534,1009,0,0,39525,INR,2026-08-16T05:00:00Z,BATCH-UBER-3460
PO_B14_003461,PayU Enterprise,AMZN-INV-915978 PO_B14_003461,90707,1502,0,0,89205,INR,2026-08-15T17:01:00Z,BATCH-AMZN-3461
PO_B14_003462,Razorpay Nodal,ZOMA-INV-497858 PO_B14_003462,299966,7119,0,0,292847,INR,2026-08-16T09:32:00Z,BATCH-ZOMA-3462
PO_B14_003463,PayU Enterprise,FLPK-INV-951535 PO_B14_003463,259275,6270,0,0,253005,INR,2026-08-16T13:58:00Z,BATCH-FLPK-3463
PO_B14_003464,BillDesk Settlement,PHNP-ORD-245174 PHNP-ORD-499280 PHNP-ORD-942334 BATCH-PHNP-3464,634836,12696,0,0,622140,INR,2026-08-16T18:07:00Z,BATCH-PHNP-3464
PO_B14_003465,PayU Enterprise,MMTR-INV-589353 PO_B14_003465,193241,4329,0,0,188912,INR,2026-08-16T05:03:00Z,BATCH-MMTR-3465
PO_B14_003466,Razorpay Nodal,BBAS-INV-642437 PO_B14_003466,438724,9670,0,0,429054,INR,2026-08-16T09:08:00Z,BATCH-BBAS-3466
PO_B14_003467,Razorpay Nodal,BLNK-INV-971324 PO_B14_003467,131590,2811,0,0,128779,INR,2026-08-16T16:12:00Z,BATCH-BLNK-3467
PO_B14_003468,Stripe India,MYNT-ORD-731681 MYNT-ORD-676629 BATCH-MYNT-3468,234196,4683,0,0,229513,INR,2026-08-16T14:58:00Z,BATCH-MYNT-3468
PO_B14_003469,PayU Enterprise,BKMS-EXC-418398-UNRESOLVED,174992,3489,0,0,171503,INR,2026-08-16T18:34:00Z,HOLD-ESCROW
PO_B14_003470,Razorpay Nodal,BLNK-EXC-838511-UNRESOLVED,244905,4888,0,0,240017,INR,2026-08-17T08:14:00Z,HOLD-ESCROW
PO_B14_003471,BillDesk Settlement,JIOO-ORD-616368 JIOO-ORD-954878 JIOO-ORD-740379 BATCH-JIOO-3471,458056,9161,0,0,448895,INR,2026-08-16T09:21:00Z,BATCH-JIOO-3471
PO_B14_003472,PayU Enterprise,BKMS-INV-216063 PO_B14_003472,126548,3021,0,0,123527,INR,2026-08-16T05:19:00Z,BATCH-BKMS-3472
PO_B14_003473,BillDesk Settlement,ZOMA-INV-141628 PO_B14_003473,143116,2168,0,0,140948,INR,2026-08-16T19:40:00Z,BATCH-ZOMA-3473
PO_B14_003474,Cashfree Escrow,BBAS-EXC-149762-UNRESOLVED,206829,4126,0,0,202703,INR,2026-08-17T02:18:00Z,HOLD-ESCROW
PO_B14_003475,BillDesk Settlement,OLAA-INV-261110 PO_B14_003475,254895,3943,0,0,250952,INR,2026-08-16T09:03:00Z,BATCH-OLAA-3475
PO_B14_003476,BillDesk Settlement,OLAA-EXC-291791-UNRESOLVED,160917,3208,0,0,157709,INR,2026-08-17T05:47:00Z,HOLD-ESCROW
PO_B14_003477,BillDesk Settlement,ZOMA-ORD-840189 ZOMA-ORD-346091 ZOMA-ORD-888247 BATCH-ZOMA-3477,454327,9086,0,0,445241,INR,2026-08-16T14:00:00Z,BATCH-ZOMA-3477
PO_B14_003478,BillDesk Settlement,FLPK-INV-908239 PO_B14_003478,426337,10523,0,0,415814,INR,2026-08-15T22:59:00Z,BATCH-FLPK-3478
PO_B14_003479,BillDesk Settlement,BBAS-INV-599615 PO_B14_003479,271478,4839,0,0,266639,INR,2026-08-16T16:36:00Z,BATCH-BBAS-3479
PO_B14_003480,Stripe India,AMZN-ORD-586777 AMZN-ORD-347466 BATCH-AMZN-3480,305098,6101,0,0,298997,INR,2026-08-16T16:16:00Z,BATCH-AMZN-3480
PO_B14_003481,BillDesk Settlement,ZOMA-INV-225854 PO_B14_003481,194786,3446,0,0,191340,INR,2026-08-16T06:57:00Z,BATCH-ZOMA-3481
PO_B14_003482,BillDesk Settlement,PHNP-INV-207653 PO_B14_003482,219630,4588,0,0,215042,INR,2026-08-16T07:38:00Z,BATCH-PHNP-3482
PO_B14_003483,Cashfree Escrow,OLAA-INV-858433 PO_B14_003483,32520,670,0,0,31850,INR,2026-08-16T02:04:00Z,BATCH-OLAA-3483
PO_B14_003484,BillDesk Settlement,FLPK-INV-572794 PO_B14_003484,334969,7902,0,0,327067,INR,2026-08-15T20:53:00Z,BATCH-FLPK-3484
PO_B14_003485,Razorpay Nodal,UBER-ORD-165576 UBER-ORD-117193 BATCH-UBER-3485,432408,8648,0,0,423760,INR,2026-08-16T10:07:00Z,BATCH-UBER-3485
PO_B14_003486,Cashfree Escrow,MYNT-EXC-845603-UNRESOLVED,201927,4028,0,0,197899,INR,2026-08-16T14:02:00Z,HOLD-ESCROW
PO_B14_003487,Cashfree Escrow,JIOO-INV-956698 PO_B14_003487,366818,5616,0,0,361202,INR,2026-08-16T10:32:00Z,BATCH-JIOO-3487
PO_B14_003488,Razorpay Nodal,ZOMA-INV-822267 PO_B14_003488,366153,7235,0,0,358918,INR,2026-08-15T20:12:00Z,BATCH-ZOMA-3488
PO_B14_003489,Razorpay Nodal,BKMS-INV-915212 PO_B14_003489,357474,8178,0,0,349296,INR,2026-08-15T21:26:00Z,BATCH-BKMS-3489
PO_B14_003490,Razorpay Nodal,BLNK-INV-711233 PO_B14_003490,376784,9143,0,0,367641,INR,2026-08-16T20:06:00Z,BATCH-BLNK-3490
PO_B14_003491,Stripe India,MYNT-INV-143757 PO_B14_003491,269053,6264,0,0,262789,INR,2026-08-16T03:09:00Z,BATCH-MYNT-3491
PO_B14_003492,BillDesk Settlement,AMZN-ORD-156259 AMZN-ORD-230064 AMZN-ORD-613089 BATCH-AMZN-3492,181606,3632,0,0,177974,INR,2026-08-16T14:48:00Z,BATCH-AMZN-3492
PO_B14_003493,Razorpay Nodal,BKMS-INV-552804 PO_B14_003493,412830,6865,0,0,405965,INR,2026-08-16T10:01:00Z,BATCH-BKMS-3493
PO_B14_003494,PayU Enterprise,PHNP-ORD-344693 PHNP-ORD-941980 PHNP-ORD-215617 BATCH-PHNP-3494,628074,12561,0,0,615513,INR,2026-08-16T10:57:00Z,BATCH-PHNP-3494
PO_B14_003495,Cashfree Escrow,ZOMA-INV-309734 PO_B14_003495,182295,2973,0,0,179322,INR,2026-08-16T11:38:00Z,BATCH-ZOMA-3495
PO_B14_003496,Stripe India,AMZN-INV-991558 PO_B14_003496,254233,4680,0,0,249553,INR,2026-08-15T18:42:00Z,BATCH-AMZN-3496
PO_B14_003497,PayU Enterprise,NYKA-INV-412350 PO_B14_003497,330590,7835,0,0,322755,INR,2026-08-16T09:34:00Z,BATCH-NYKA-3497
PO_B14_003498,Cashfree Escrow,MMTR-INV-895395 PO_B14_003498,360585,8623,0,0,351962,INR,2026-08-15T22:50:00Z,BATCH-MMTR-3498
PO_B14_003499,BillDesk Settlement,BLNK-INV-492140 PO_B14_003499,281273,6132,0,0,275141,INR,2026-08-17T02:03:00Z,BATCH-BLNK-3499
PO_B14_003500,Cashfree Escrow,UBER-ORD-785489 UBER-ORD-500705 BATCH-UBER-3500,238769,4775,0,0,233994,INR,2026-08-16T06:18:00Z,BATCH-UBER-3500
PO_B14_003501,Stripe India,JIOO-INV-328199 PO_B14_003501,371171,6857,0,0,364314,INR,2026-08-15T20:09:00Z,BATCH-JIOO-3501
PO_B14_003502,Stripe India,AMZN-INV-600594 PO_B14_003502,273033,4106,0,0,268927,INR,2026-08-16T06:37:00Z,BATCH-AMZN-3502
PO_B14_003503,Cashfree Escrow,UBER-INV-738465 PO_B14_003503,293756,6185,0,0,287571,INR,2026-08-16T02:36:00Z,BATCH-UBER-3503
PO_B14_003504,Cashfree Escrow,PAYT-INV-451507 PO_B14_003504,162312,2441,0,0,159871,INR,2026-08-16T13:45:00Z,BATCH-PAYT-3504
PO_B14_003505,BillDesk Settlement,BKMS-INV-893942 PO_B14_003505,384422,8313,0,0,376109,INR,2026-08-16T05:43:00Z,BATCH-BKMS-3505
PO_B14_003506,Cashfree Escrow,PAYT-INV-463123 PO_B14_003506,121448,1921,0,0,119527,INR,2026-08-16T14:21:00Z,BATCH-PAYT-3506
PO_B14_003507,Stripe India,MYNT-INV-929068 PO_B14_003507,205766,3087,0,0,202679,INR,2026-08-16T04:16:00Z,BATCH-MYNT-3507
PO_B14_003508,BillDesk Settlement,JIOO-EXC-718088-UNRESOLVED,239771,4785,0,0,234986,INR,2026-08-17T08:46:00Z,HOLD-ESCROW
PO_B14_003509,BillDesk Settlement,BLNK-INV-596911 PO_B14_003509,200971,3716,0,0,197255,INR,2026-08-16T06:33:00Z,BATCH-BLNK-3509
PO_B14_003510,Stripe India,AMZN-INV-652690 PO_B14_003510,56348,1307,0,0,55041,INR,2026-08-16T17:10:00Z,BATCH-AMZN-3510
PO_B14_003511,PayU Enterprise,NYKA-ORD-998989 NYKA-ORD-179853 BATCH-NYKA-3511,222161,4443,0,0,217718,INR,2026-08-16T05:49:00Z,BATCH-NYKA-3511
PO_B14_003512,Stripe India,SWIG-ORD-172317 SWIG-ORD-876451 SWIG-ORD-394228 BATCH-SWIG-3512,233689,4673,0,0,229016,INR,2026-08-16T02:34:00Z,BATCH-SWIG-3512
PO_B14_003513,BillDesk Settlement,BLNK-ORD-300548 BLNK-ORD-532210 BATCH-BLNK-3513,297724,5954,0,0,291770,INR,2026-08-16T15:55:00Z,BATCH-BLNK-3513
PO_B14_003514,Cashfree Escrow,PHNP-ORD-305855 PHNP-ORD-369963 BATCH-PHNP-3514,196915,3938,0,0,192977,INR,2026-08-16T05:40:00Z,BATCH-PHNP-3514
PO_B14_003515,Razorpay Nodal,NYKA-INV-372150 PO_B14_003515,68685,1680,0,0,67005,INR,2026-08-16T04:24:00Z,BATCH-NYKA-3515
PO_B14_003516,Cashfree Escrow,BBAS-INV-977030 PO_B14_003516,279840,5832,0,0,274008,INR,2026-08-16T16:35:00Z,BATCH-BBAS-3516
PO_B14_003517,Cashfree Escrow,ZOMA-INV-749376 PO_B14_003517,189911,3101,0,0,186810,INR,2026-08-16T15:35:00Z,BATCH-ZOMA-3517
PO_B14_003518,Cashfree Escrow,NYKA-INV-588669 PO_B14_003518,289395,5568,0,0,283827,INR,2026-08-16T00:21:00Z,BATCH-NYKA-3518
PO_B14_003519,Razorpay Nodal,BKMS-INV-857419 PO_B14_003519,96654,2248,0,0,94406,INR,2026-08-16T15:24:00Z,BATCH-BKMS-3519
PO_B14_003520,Stripe India,MYNT-ORD-691167 MYNT-ORD-376732 BATCH-MYNT-3520,327414,6548,0,0,320866,INR,2026-08-16T06:56:00Z,BATCH-MYNT-3520
PO_B14_003521,Stripe India,ZOMA-INV-151409 PO_B14_003521,108777,1898,0,0,106879,INR,2026-08-16T09:46:00Z,BATCH-ZOMA-3521
PO_B14_003522,Cashfree Escrow,BBAS-INV-388800 PO_B14_003522,57384,1120,0,0,56264,INR,2026-08-16T13:28:00Z,BATCH-BBAS-3522
PO_B14_003523,PayU Enterprise,JIOO-INV-926682 PO_B14_003523,155202,2954,0,0,152248,INR,2026-08-16T06:29:00Z,BATCH-JIOO-3523
PO_B14_003524,Stripe India,MMTR-INV-350306 PO_B14_003524,254825,3874,0,0,250951,INR,2026-08-16T04:42:00Z,BATCH-MMTR-3524
PO_B14_003525,Stripe India,FLPK-ORD-145061 FLPK-ORD-706336 BATCH-FLPK-3525,356095,7121,0,0,348974,INR,2026-08-16T20:07:00Z,BATCH-FLPK-3525
PO_B14_003526,Cashfree Escrow,ZOMA-INV-726046 PO_B14_003526,109159,2538,0,0,106621,INR,2026-08-15T22:46:00Z,BATCH-ZOMA-3526
PO_B14_003527,BillDesk Settlement,BLNK-INV-570306 PO_B14_003527,448387,10697,0,0,437690,INR,2026-08-16T07:14:00Z,BATCH-BLNK-3527
PO_B14_003528,Stripe India,TATA-ORD-859669 TATA-ORD-359205 TATA-ORD-209987 BATCH-TATA-3528,380346,7606,0,0,372740,INR,2026-08-16T12:47:00Z,BATCH-TATA-3528
PO_B14_003529,Cashfree Escrow,PHNP-INV-543000 PO_B14_003529,319915,7521,0,0,312394,INR,2026-08-16T18:00:00Z,BATCH-PHNP-3529
PO_B14_003530,Razorpay Nodal,ZOMA-INV-622181 PO_B14_003530,263182,4548,0,0,258634,INR,2026-08-16T03:10:00Z,BATCH-ZOMA-3530
PO_B14_003531,BillDesk Settlement,SWIG-ORD-448063 SWIG-ORD-936070 BATCH-SWIG-3531,150799,3015,0,0,147784,INR,2026-08-16T02:32:00Z,BATCH-SWIG-3531
PO_B14_003532,Cashfree Escrow,NYKA-INV-195719 PO_B14_003532,437416,7898,0,0,429518,INR,2026-08-16T05:31:00Z,BATCH-NYKA-3532
PO_B14_003533,Stripe India,OLAA-INV-463039 PO_B14_003533,437609,6878,0,0,430731,INR,2026-08-15T23:42:00Z,BATCH-OLAA-3533
PO_B14_003534,Cashfree Escrow,MMTR-INV-509732 PO_B14_003534,291390,4569,0,0,286821,INR,2026-08-16T22:03:00Z,BATCH-MMTR-3534
PO_B14_003535,PayU Enterprise,BBAS-ORD-804573 BBAS-ORD-372243 BBAS-ORD-158497 BATCH-BBAS-3535,496676,9933,0,0,486743,INR,2026-08-15T21:50:00Z,BATCH-BBAS-3535
PO_B14_003536,PayU Enterprise,FLPK-INV-798843 PO_B14_003536,90533,1688,0,0,88845,INR,2026-08-16T18:54:00Z,BATCH-FLPK-3536
PO_B14_003537,Stripe India,AMZN-INV-508958 PO_B14_003537,77073,1232,0,0,75841,INR,2026-08-16T10:07:00Z,BATCH-AMZN-3537
PO_B14_003538,BillDesk Settlement,OLAA-INV-157704 PO_B14_003538,233347,4831,0,0,228516,INR,2026-08-17T01:47:00Z,BATCH-OLAA-3538
PO_B14_003539,Stripe India,AMZN-INV-634797 PO_B14_003539,327343,6175,0,0,321168,INR,2026-08-16T21:52:00Z,BATCH-AMZN-3539
PO_B14_003540,PayU Enterprise,NYKA-ORD-659722 NYKA-ORD-171226 BATCH-NYKA-3540,163711,3274,0,0,160437,INR,2026-08-16T18:10:00Z,BATCH-NYKA-3540
PO_B14_003541,Stripe India,SWIG-INV-186409 PO_B14_003541,343354,6802,0,0,336552,INR,2026-08-16T10:13:00Z,BATCH-SWIG-3541
PO_B14_003542,Razorpay Nodal,ZOMA-ORD-381774 ZOMA-ORD-182741 BATCH-ZOMA-3542,320210,6404,0,0,313806,INR,2026-08-16T03:14:00Z,BATCH-ZOMA-3542
PO_B14_003543,Cashfree Escrow,NYKA-INV-643617 PO_B14_003543,344707,8539,0,0,336168,INR,2026-08-16T21:14:00Z,BATCH-NYKA-3543
PO_B14_003544,Cashfree Escrow,BLNK-INV-447277 PO_B14_003544,298011,4977,0,0,293034,INR,2026-08-16T07:51:00Z,BATCH-BLNK-3544
PO_B14_003545,Razorpay Nodal,NYKA-INV-989295 PO_B14_003545,367989,6410,0,0,361579,INR,2026-08-15T21:26:00Z,BATCH-NYKA-3545
PO_B14_003546,BillDesk Settlement,SWIG-ORD-388885 SWIG-ORD-521688 BATCH-SWIG-3546,269533,5390,0,0,264143,INR,2026-08-16T16:35:00Z,BATCH-SWIG-3546
PO_B14_003547,Stripe India,BKMS-INV-591737 PO_B14_003547,219043,4335,0,0,214708,INR,2026-08-16T02:56:00Z,BATCH-BKMS-3547
PO_B14_003548,Stripe India,MYNT-ORD-731027 MYNT-ORD-694375 MYNT-ORD-513214 BATCH-MYNT-3548,377243,7544,0,0,369699,INR,2026-08-16T03:58:00Z,BATCH-MYNT-3548
PO_B14_003549,PayU Enterprise,MMTR-INV-766739 PO_B14_003549,154760,2876,0,0,151884,INR,2026-08-17T01:35:00Z,BATCH-MMTR-3549
PO_B14_003550,Stripe India,NYKA-INV-407403 PO_B14_003550,98850,1889,0,0,96961,INR,2026-08-16T18:50:00Z,BATCH-NYKA-3550
PO_B14_003551,Stripe India,BKMS-INV-308487 PO_B14_003551,181922,2788,0,0,179134,INR,2026-08-16T06:25:00Z,BATCH-BKMS-3551
PO_B14_003552,Razorpay Nodal,UBER-ORD-676422 UBER-ORD-492732 UBER-ORD-882180 BATCH-UBER-3552,519995,10399,0,0,509596,INR,2026-08-16T02:36:00Z,BATCH-UBER-3552
PO_B14_003553,Stripe India,OLAA-INV-306737 PO_B14_003553,71182,1157,0,0,70025,INR,2026-08-16T11:16:00Z,BATCH-OLAA-3553
PO_B14_003554,BillDesk Settlement,AMZN-INV-171507 PO_B14_003554,369506,7439,0,0,362067,INR,2026-08-16T04:54:00Z,BATCH-AMZN-3554
PO_B14_003555,PayU Enterprise,JIOO-INV-624959 PO_B14_003555,304229,5815,0,0,298414,INR,2026-08-16T09:05:00Z,BATCH-JIOO-3555
PO_B14_003556,Cashfree Escrow,PHNP-INV-859342 PO_B14_003556,173141,3347,0,0,169794,INR,2026-08-16T20:17:00Z,BATCH-PHNP-3556
PO_B14_003557,Cashfree Escrow,ZOMA-INV-468690 PO_B14_003557,286621,5906,0,0,280715,INR,2026-08-17T01:24:00Z,BATCH-ZOMA-3557
PO_B14_003558,Stripe India,FLPK-INV-141310 PO_B14_003558,279919,6633,0,0,273286,INR,2026-08-16T14:18:00Z,BATCH-FLPK-3558
PO_B14_003559,Stripe India,MYNT-INV-712049 PO_B14_003559,439864,7520,0,0,432344,INR,2026-08-16T18:19:00Z,BATCH-MYNT-3559
PO_B14_003560,Razorpay Nodal,BKMS-ORD-539160 BKMS-ORD-483368 BKMS-ORD-502240 BATCH-BKMS-3560,406501,8130,0,0,398371,INR,2026-08-16T20:13:00Z,BATCH-BKMS-3560
PO_B14_003561,BillDesk Settlement,PAYT-INV-174380 PO_B14_003561,95761,2021,0,0,93740,INR,2026-08-16T12:50:00Z,BATCH-PAYT-3561
PO_B14_003562,Cashfree Escrow,BLNK-INV-166438 PO_B14_003562,292161,4555,0,0,287606,INR,2026-08-15T14:30:00Z,BATCH-BLNK-3562
PO_B14_003563,Cashfree Escrow,SWIG-ORD-147947 SWIG-ORD-487665 BATCH-SWIG-3563,168059,3361,0,0,164698,INR,2026-08-16T19:17:00Z,BATCH-SWIG-3563
PO_B14_003564,PayU Enterprise,FLPK-ORD-169618 FLPK-ORD-261738 FLPK-ORD-469404 BATCH-FLPK-3564,298273,5965,0,0,292308,INR,2026-08-16T07:04:00Z,BATCH-FLPK-3564
PO_B14_003565,BillDesk Settlement,BLNK-INV-565060 PO_B14_003565,425276,9734,0,0,415542,INR,2026-08-16T13:38:00Z,BATCH-BLNK-3565
PO_B14_003566,PayU Enterprise,PAYT-INV-108380 PO_B14_003566,395558,9025,0,0,386533,INR,2026-08-16T15:19:00Z,BATCH-PAYT-3566
PO_B14_003567,Cashfree Escrow,PAYT-INV-122844 PO_B14_003567,346006,8170,0,0,337836,INR,2026-08-16T14:04:00Z,BATCH-PAYT-3567
PO_B14_003568,BillDesk Settlement,NYKA-INV-904244 PO_B14_003568,174008,4103,0,0,169905,INR,2026-08-16T14:45:00Z,BATCH-NYKA-3568
PO_B14_003569,Stripe India,BBAS-INV-770422 PO_B14_003569,171816,4017,0,0,167799,INR,2026-08-16T16:47:00Z,BATCH-BBAS-3569
PO_B14_003570,Stripe India,PAYT-ORD-286382 PAYT-ORD-828798 BATCH-PAYT-3570,225884,4517,0,0,221367,INR,2026-08-15T21:55:00Z,BATCH-PAYT-3570
PO_B14_003571,Razorpay Nodal,MMTR-INV-575535 PO_B14_003571,352876,6572,0,0,346304,INR,2026-08-15T21:26:00Z,BATCH-MMTR-3571
PO_B14_003572,Razorpay Nodal,ZOMA-INV-227243 PO_B14_003572,297883,6992,0,0,290891,INR,2026-08-16T01:34:00Z,BATCH-ZOMA-3572
PO_B14_003573,Stripe India,MMTR-INV-886937 PO_B14_003573,378774,8271,0,0,370503,INR,2026-08-15T20:02:00Z,BATCH-MMTR-3573
PO_B14_003574,Cashfree Escrow,NYKA-INV-353154 PO_B14_003574,154414,3838,0,0,150576,INR,2026-08-16T13:12:00Z,BATCH-NYKA-3574
PO_B14_003575,BillDesk Settlement,MYNT-ORD-214336 MYNT-ORD-415395 MYNT-ORD-625732 BATCH-MYNT-3575,466385,9327,0,0,457058,INR,2026-08-16T19:09:00Z,BATCH-MYNT-3575
PO_B14_003576,Cashfree Escrow,BKMS-INV-710608 PO_B14_003576,430703,7480,0,0,423223,INR,2026-08-16T10:55:00Z,BATCH-BKMS-3576
PO_B14_003577,BillDesk Settlement,UBER-INV-876127 PO_B14_003577,58372,988,0,0,57384,INR,2026-08-16T12:17:00Z,BATCH-UBER-3577
PO_B14_003578,BillDesk Settlement,PHNP-INV-778614 PO_B14_003578,85026,2008,0,0,83018,INR,2026-08-16T08:13:00Z,BATCH-PHNP-3578
PO_B14_003579,Stripe India,UBER-INV-956364 PO_B14_003579,50600,1224,0,0,49376,INR,2026-08-16T16:41:00Z,BATCH-UBER-3579
PO_B14_003580,PayU Enterprise,TATA-INV-613136 PO_B14_003580,80409,1794,0,0,78615,INR,2026-08-15T23:19:00Z,BATCH-TATA-3580
PO_B14_003581,Cashfree Escrow,NYKA-INV-647601 PO_B14_003581,276389,6777,0,0,269612,INR,2026-08-15T21:04:00Z,BATCH-NYKA-3581
PO_B14_003582,Razorpay Nodal,PAYT-ORD-568788 PAYT-ORD-621537 PAYT-ORD-869586 BATCH-PAYT-3582,293404,5868,0,0,287536,INR,2026-08-16T05:35:00Z,BATCH-PAYT-3582
PO_B14_003583,Stripe India,PAYT-INV-408091 PO_B14_003583,239958,4003,0,0,235955,INR,2026-08-15T20:29:00Z,BATCH-PAYT-3583
PO_B14_003584,Stripe India,OLAA-INV-409073 PO_B14_003584,263828,4713,0,0,259115,INR,2026-08-15T22:12:00Z,BATCH-OLAA-3584
PO_B14_003585,Cashfree Escrow,FLPK-INV-663680 PO_B14_003585,398792,8772,0,0,390020,INR,2026-08-16T00:09:00Z,BATCH-FLPK-3585
PO_B14_003586,Razorpay Nodal,FLPK-ORD-152640 FLPK-ORD-620378 FLPK-ORD-468154 BATCH-FLPK-3586,407980,8159,0,0,399821,INR,2026-08-16T00:39:00Z,BATCH-FLPK-3586
PO_B14_003587,Stripe India,UBER-INV-813812 PO_B14_003587,305151,7193,0,0,297958,INR,2026-08-15T15:26:00Z,BATCH-UBER-3587
PO_B14_003588,Cashfree Escrow,BLNK-INV-709417 PO_B14_003588,226794,4025,0,0,222769,INR,2026-08-16T09:46:00Z,BATCH-BLNK-3588
PO_B14_003589,Cashfree Escrow,AMZN-ORD-462874 AMZN-ORD-142815 BATCH-AMZN-3589,363568,7271,0,0,356297,INR,2026-08-16T14:39:00Z,BATCH-AMZN-3589
PO_B14_003590,Razorpay Nodal,BLNK-INV-491724 PO_B14_003590,261838,5153,0,0,256685,INR,2026-08-16T09:21:00Z,BATCH-BLNK-3590
PO_B14_003591,BillDesk Settlement,FLPK-INV-425775 PO_B14_003591,366030,6287,0,0,359743,INR,2026-08-16T11:09:00Z,BATCH-FLPK-3591
PO_B14_003592,Cashfree Escrow,AMZN-INV-255915 PO_B14_003592,36187,621,0,0,35566,INR,2026-08-16T03:36:00Z,BATCH-AMZN-3592
PO_B14_003593,PayU Enterprise,UBER-INV-565267 PO_B14_003593,207407,3846,0,0,203561,INR,2026-08-16T03:49:00Z,BATCH-UBER-3593
PO_B14_003594,Cashfree Escrow,AMZN-INV-488895 PO_B14_003594,237283,4354,0,0,232929,INR,2026-08-16T12:51:00Z,BATCH-AMZN-3594
PO_B14_003595,Razorpay Nodal,MMTR-INV-475475 PO_B14_003595,35462,631,0,0,34831,INR,2026-08-16T01:50:00Z,BATCH-MMTR-3595
PO_B14_003596,Stripe India,MYNT-INV-780339 PO_B14_003596,351879,7875,0,0,344004,INR,2026-08-16T11:22:00Z,BATCH-MYNT-3596
PO_B14_003597,BillDesk Settlement,JIOO-INV-902554 PO_B14_003597,166407,3684,0,0,162723,INR,2026-08-16T14:32:00Z,BATCH-JIOO-3597
PO_B14_003598,BillDesk Settlement,AMZN-INV-799056 PO_B14_003598,105035,2444,0,0,102591,INR,2026-08-15T22:54:00Z,BATCH-AMZN-3598
PO_B14_003599,Stripe India,OLAA-ORD-715621 OLAA-ORD-756558 BATCH-OLAA-3599,307754,6155,0,0,301599,INR,2026-08-16T08:44:00Z,BATCH-OLAA-3599
PO_B14_003600,Razorpay Nodal,MYNT-INV-669040 PO_B14_003600,228419,5520,0,0,222899,INR,2026-08-16T13:58:00Z,BATCH-MYNT-3600
PO_B14_003601,BillDesk Settlement,PAYT-INV-332233 PO_B14_003601,46521,737,0,0,45784,INR,2026-08-15T15:52:00Z,BATCH-PAYT-3601
PO_B14_003602,BillDesk Settlement,MMTR-INV-330507 PO_B14_003602,344596,8388,0,0,336208,INR,2026-08-15T20:36:00Z,BATCH-MMTR-3602
PO_B14_003603,BillDesk Settlement,FLPK-ORD-208969 FLPK-ORD-588104 BATCH-FLPK-3603,196440,3928,0,0,192512,INR,2026-08-16T03:25:00Z,BATCH-FLPK-3603
PO_B14_003604,Cashfree Escrow,MYNT-INV-185141 PO_B14_003604,351250,8714,0,0,342536,INR,2026-08-16T11:08:00Z,BATCH-MYNT-3604
PO_B14_003605,PayU Enterprise,JIOO-INV-582726 PO_B14_003605,27288,476,0,0,26812,INR,2026-08-16T18:50:00Z,BATCH-JIOO-3605
PO_B14_003606,Cashfree Escrow,UBER-INV-968420 PO_B14_003606,210474,4318,0,0,206156,INR,2026-08-16T07:13:00Z,BATCH-UBER-3606
PO_B14_003607,Razorpay Nodal,ZOMA-INV-126011 PO_B14_003607,267722,4294,0,0,263428,INR,2026-08-16T11:45:00Z,BATCH-ZOMA-3607
PO_B14_003608,Stripe India,SWIG-INV-769264 PO_B14_003608,220097,5213,0,0,214884,INR,2026-08-16T05:16:00Z,BATCH-SWIG-3608
PO_B14_003609,Cashfree Escrow,SWIG-INV-156901 PO_B14_003609,264975,4299,0,0,260676,INR,2026-08-15T19:26:00Z,BATCH-SWIG-3609
PO_B14_003610,BillDesk Settlement,PHNP-INV-994377 PO_B14_003610,136098,2401,0,0,133697,INR,2026-08-16T08:52:00Z,BATCH-PHNP-3610
PO_B14_003611,Cashfree Escrow,SWIG-INV-270709 PO_B14_003611,377756,6252,0,0,371504,INR,2026-08-16T00:05:00Z,BATCH-SWIG-3611
PO_B14_003612,Razorpay Nodal,TATA-INV-817728 PO_B14_003612,27374,474,0,0,26900,INR,2026-08-16T16:26:00Z,BATCH-TATA-3612
PO_B14_003613,PayU Enterprise,MYNT-EXC-445473-UNRESOLVED,55102,1092,0,0,54010,INR,2026-08-17T08:49:00Z,HOLD-ESCROW
PO_B14_003614,Razorpay Nodal,FLPK-INV-802587 PO_B14_003614,269582,4198,0,0,265384,INR,2026-08-16T00:11:00Z,BATCH-FLPK-3614
PO_B14_003615,Razorpay Nodal,ZOMA-INV-258329 PO_B14_003615,349873,6655,0,0,343218,INR,2026-08-16T23:10:00Z,BATCH-ZOMA-3615
PO_B14_003616,PayU Enterprise,OLAA-INV-686735 PO_B14_003616,318380,7736,0,0,310644,INR,2026-08-15T21:55:00Z,BATCH-OLAA-3616
PO_B14_003617,BillDesk Settlement,FLPK-INV-420543 PO_B14_003617,332873,6838,0,0,326035,INR,2026-08-16T06:31:00Z,BATCH-FLPK-3617
PO_B14_003618,Razorpay Nodal,SWIG-ORD-164125 SWIG-ORD-547224 SWIG-ORD-886884 BATCH-SWIG-3618,257706,5154,0,0,252552,INR,2026-08-16T18:11:00Z,BATCH-SWIG-3618
PO_B14_003619,Razorpay Nodal,PHNP-ORD-215183 PHNP-ORD-535905 BATCH-PHNP-3619,403392,8067,0,0,395325,INR,2026-08-16T18:39:00Z,BATCH-PHNP-3619
PO_B14_003620,BillDesk Settlement,TATA-INV-139261 PO_B14_003620,400475,7167,0,0,393308,INR,2026-08-16T04:51:00Z,BATCH-TATA-3620
PO_B14_003621,BillDesk Settlement,BKMS-INV-623152 PO_B14_003621,74266,1649,0,0,72617,INR,2026-08-16T19:35:00Z,BATCH-BKMS-3621
PO_B14_003622,Razorpay Nodal,BKMS-ORD-562008 BKMS-ORD-335365 BATCH-BKMS-3622,292177,5843,0,0,286334,INR,2026-08-16T11:32:00Z,BATCH-BKMS-3622
PO_B14_003623,PayU Enterprise,ZOMA-INV-995281 PO_B14_003623,41059,855,0,0,40204,INR,2026-08-16T04:43:00Z,BATCH-ZOMA-3623
PO_B14_003624,Razorpay Nodal,FLPK-INV-376135 PO_B14_003624,374016,7242,0,0,366774,INR,2026-08-15T16:03:00Z,BATCH-FLPK-3624
PO_B14_003625,PayU Enterprise,BLNK-INV-780693 PO_B14_003625,322386,6690,0,0,315696,INR,2026-08-16T15:42:00Z,BATCH-BLNK-3625
PO_B14_003626,PayU Enterprise,NYKA-INV-977276 PO_B14_003626,400245,6480,0,0,393765,INR,2026-08-16T09:55:00Z,BATCH-NYKA-3626
PO_B14_003627,Cashfree Escrow,MMTR-ORD-167637 MMTR-ORD-375464 BATCH-MMTR-3627,430298,8605,0,0,421693,INR,2026-08-16T19:53:00Z,BATCH-MMTR-3627
PO_B14_003628,Razorpay Nodal,BBAS-INV-161084 PO_B14_003628,97555,1810,0,0,95745,INR,2026-08-15T16:08:00Z,BATCH-BBAS-3628
PO_B14_003629,PayU Enterprise,BBAS-ORD-617058 BBAS-ORD-772821 BATCH-BBAS-3629,426482,8529,0,0,417953,INR,2026-08-16T14:07:00Z,BATCH-BBAS-3629
PO_B14_003630,Razorpay Nodal,SWIG-INV-185144 PO_B14_003630,381742,5971,0,0,375771,INR,2026-08-16T14:39:00Z,BATCH-SWIG-3630
PO_B14_003631,Cashfree Escrow,NYKA-INV-243897 PO_B14_003631,374335,9143,0,0,365192,INR,2026-08-17T00:48:00Z,BATCH-NYKA-3631
PO_B14_003632,Razorpay Nodal,UBER-INV-425863 PO_B14_003632,248586,4608,0,0,243978,INR,2026-08-16T16:16:00Z,BATCH-UBER-3632
PO_B14_003633,Razorpay Nodal,MYNT-ORD-535019 MYNT-ORD-488584 BATCH-MYNT-3633,236019,4720,0,0,231299,INR,2026-08-16T00:57:00Z,BATCH-MYNT-3633
PO_B14_003634,Razorpay Nodal,JIOO-INV-879214 PO_B14_003634,319776,7930,0,0,311846,INR,2026-08-16T05:25:00Z,BATCH-JIOO-3634
PO_B14_003635,Stripe India,MYNT-EXC-640048-UNRESOLVED,118527,2360,0,0,116167,INR,2026-08-16T18:30:00Z,HOLD-ESCROW
PO_B14_003636,Stripe India,BKMS-INV-122149 PO_B14_003636,117859,2575,0,0,115284,INR,2026-08-16T01:39:00Z,BATCH-BKMS-3636
PO_B14_003637,Stripe India,BKMS-INV-538508 PO_B14_003637,170467,3719,0,0,166748,INR,2026-08-16T12:15:00Z,BATCH-BKMS-3637
PO_B14_003638,BillDesk Settlement,NYKA-ORD-640822 NYKA-ORD-602730 BATCH-NYKA-3638,356602,7132,0,0,349470,INR,2026-08-16T16:22:00Z,BATCH-NYKA-3638
PO_B14_003639,Stripe India,MYNT-INV-629787 PO_B14_003639,164057,2805,0,0,161252,INR,2026-08-15T19:41:00Z,BATCH-MYNT-3639
PO_B14_003640,PayU Enterprise,FLPK-INV-984248 PO_B14_003640,215924,3839,0,0,212085,INR,2026-08-16T11:12:00Z,BATCH-FLPK-3640
PO_B14_003641,Cashfree Escrow,PAYT-INV-484384 PO_B14_003641,370885,7834,0,0,363051,INR,2026-08-15T23:04:00Z,BATCH-PAYT-3641
PO_B14_003642,Razorpay Nodal,MMTR-INV-742511 PO_B14_003642,103661,2025,0,0,101636,INR,2026-08-16T00:22:00Z,BATCH-MMTR-3642
PO_B14_003643,Stripe India,TATA-INV-221811 PO_B14_003643,424709,7795,0,0,416914,INR,2026-08-16T10:07:00Z,BATCH-TATA-3643
PO_B14_003644,PayU Enterprise,MMTR-INV-105878 PO_B14_003644,268883,6450,0,0,262433,INR,2026-08-16T10:41:00Z,BATCH-MMTR-3644
PO_B14_003645,Cashfree Escrow,NYKA-INV-257595 PO_B14_003645,207128,3930,0,0,203198,INR,2026-08-16T02:23:00Z,BATCH-NYKA-3645
PO_B14_003646,Razorpay Nodal,BKMS-INV-654238 PO_B14_003646,104212,1956,0,0,102256,INR,2026-08-16T01:46:00Z,BATCH-BKMS-3646
PO_B14_003647,BillDesk Settlement,BLNK-INV-672687 PO_B14_003647,257059,4566,0,0,252493,INR,2026-08-16T08:07:00Z,BATCH-BLNK-3647
PO_B14_003648,PayU Enterprise,BLNK-INV-662433 PO_B14_003648,25729,395,0,0,25334,INR,2026-08-16T13:45:00Z,BATCH-BLNK-3648
PO_B14_003649,BillDesk Settlement,JIOO-INV-202035 PO_B14_003649,144684,2389,0,0,142295,INR,2026-08-16T13:14:00Z,BATCH-JIOO-3649
PO_B14_003650,Cashfree Escrow,JIOO-INV-696191 PO_B14_003650,208792,4642,0,0,204150,INR,2026-08-15T21:46:00Z,BATCH-JIOO-3650
PO_B14_003651,Razorpay Nodal,NYKA-INV-394381 PO_B14_003651,77433,1242,0,0,76191,INR,2026-08-15T15:13:00Z,BATCH-NYKA-3651
PO_B14_003652,Razorpay Nodal,OLAA-ORD-990253 OLAA-ORD-481132 OLAA-ORD-851258 BATCH-OLAA-3652,460278,9205,0,0,451073,INR,2026-08-16T20:29:00Z,BATCH-OLAA-3652
PO_B14_003653,Cashfree Escrow,NYKA-INV-829802 PO_B14_003653,150572,2290,0,0,148282,INR,2026-08-16T02:47:00Z,BATCH-NYKA-3653
PO_B14_003654,Razorpay Nodal,TATA-INV-439810 PO_B14_003654,116370,2809,0,0,113561,INR,2026-08-16T09:33:00Z,BATCH-TATA-3654
PO_B14_003655,BillDesk Settlement,OLAA-ORD-923972 OLAA-ORD-814701 BATCH-OLAA-3655,100136,2002,0,0,98134,INR,2026-08-16T13:31:00Z,BATCH-OLAA-3655
PO_B14_003656,Cashfree Escrow,BKMS-INV-675073 PO_B14_003656,245398,5397,0,0,240001,INR,2026-08-16T17:22:00Z,BATCH-BKMS-3656
PO_B14_003657,BillDesk Settlement,BKMS-INV-435686 PO_B14_003657,146651,3295,0,0,143356,INR,2026-08-16T10:06:00Z,BATCH-BKMS-3657
PO_B14_003658,Razorpay Nodal,BBAS-INV-220223 PO_B14_003658,263979,5905,0,0,258074,INR,2026-08-16T04:08:00Z,BATCH-BBAS-3658
PO_B14_003659,Cashfree Escrow,TATA-INV-159043 PO_B14_003659,393173,9659,0,0,383514,INR,2026-08-16T04:28:00Z,BATCH-TATA-3659
PO_B14_003660,Stripe India,BKMS-ORD-127400 BKMS-ORD-713670 BATCH-BKMS-3660,198744,3974,0,0,194770,INR,2026-08-15T22:23:00Z,BATCH-BKMS-3660
PO_B14_003661,Razorpay Nodal,PAYT-EXC-368189-UNRESOLVED,280935,5608,0,0,275327,INR,2026-08-16T14:18:00Z,HOLD-ESCROW
PO_B14_003662,Stripe India,ZOMA-INV-731446 PO_B14_003662,430738,6544,0,0,424194,INR,2026-08-16T02:03:00Z,BATCH-ZOMA-3662
PO_B14_003663,BillDesk Settlement,OLAA-INV-255164 PO_B14_003663,177138,3347,0,0,173791,INR,2026-08-16T01:35:00Z,BATCH-OLAA-3663
PO_B14_003664,Stripe India,BBAS-INV-304010 PO_B14_003664,360727,8553,0,0,352174,INR,2026-08-16T09:02:00Z,BATCH-BBAS-3664
PO_B14_003665,Stripe India,NYKA-INV-990934 PO_B14_003665,277546,4307,0,0,273239,INR,2026-08-16T19:32:00Z,BATCH-NYKA-3665
PO_B14_003666,Razorpay Nodal,OLAA-ORD-889386 OLAA-ORD-583299 BATCH-OLAA-3666,254881,5097,0,0,249784,INR,2026-08-16T08:33:00Z,BATCH-OLAA-3666
PO_B14_003667,Razorpay Nodal,OLAA-INV-659780 PO_B14_003667,97500,2295,0,0,95205,INR,2026-08-16T11:19:00Z,BATCH-OLAA-3667
PO_B14_003668,Razorpay Nodal,NYKA-INV-248734 PO_B14_003668,329376,8072,0,0,321304,INR,2026-08-16T08:43:00Z,BATCH-NYKA-3668
PO_B14_003669,Cashfree Escrow,BKMS-INV-810758 PO_B14_003669,345802,6444,0,0,339358,INR,2026-08-16T08:02:00Z,BATCH-BKMS-3669
PO_B14_003670,Razorpay Nodal,BBAS-INV-296983 PO_B14_003670,419472,9403,0,0,410069,INR,2026-08-16T09:40:00Z,BATCH-BBAS-3670
PO_B14_003671,PayU Enterprise,UBER-INV-933347 PO_B14_003671,141956,3178,0,0,138778,INR,2026-08-16T02:45:00Z,BATCH-UBER-3671
PO_B14_003672,Razorpay Nodal,AMZN-INV-561960 PO_B14_003672,273446,5400,0,0,268046,INR,2026-08-16T11:07:00Z,BATCH-AMZN-3672
PO_B14_003673,Cashfree Escrow,NYKA-INV-202733 PO_B14_003673,190666,3179,0,0,187487,INR,2026-08-16T14:27:00Z,BATCH-NYKA-3673
PO_B14_003674,PayU Enterprise,JIOO-INV-750596 PO_B14_003674,136564,3168,0,0,133396,INR,2026-08-16T02:08:00Z,BATCH-JIOO-3674
PO_B14_003675,Razorpay Nodal,PHNP-INV-704667 PO_B14_003675,50646,1034,0,0,49612,INR,2026-08-16T11:03:00Z,BATCH-PHNP-3675
PO_B14_003676,Stripe India,BLNK-INV-862759 PO_B14_003676,260821,5258,0,0,255563,INR,2026-08-16T14:08:00Z,BATCH-BLNK-3676
PO_B14_003677,Stripe India,FLPK-INV-853099 PO_B14_003677,194129,2980,0,0,191149,INR,2026-08-15T20:50:00Z,BATCH-FLPK-3677
PO_B14_003678,Stripe India,BLNK-INV-850327 PO_B14_003678,240092,4191,0,0,235901,INR,2026-08-16T05:44:00Z,BATCH-BLNK-3678
PO_B14_003679,BillDesk Settlement,PHNP-INV-954411 PO_B14_003679,412119,7861,0,0,404258,INR,2026-08-16T10:04:00Z,BATCH-PHNP-3679
PO_B14_003680,Cashfree Escrow,BKMS-INV-620323 PO_B14_003680,65830,1341,0,0,64489,INR,2026-08-16T05:42:00Z,BATCH-BKMS-3680
PO_B14_003681,PayU Enterprise,NYKA-INV-714520 PO_B14_003681,137405,3044,0,0,134361,INR,2026-08-16T04:40:00Z,BATCH-NYKA-3681
PO_B14_003682,Stripe India,NYKA-ORD-690023 NYKA-ORD-116806 BATCH-NYKA-3682,255090,5101,0,0,249989,INR,2026-08-16T19:03:00Z,BATCH-NYKA-3682
PO_B14_003683,BillDesk Settlement,OLAA-INV-882021 PO_B14_003683,39535,645,0,0,38890,INR,2026-08-15T17:46:00Z,BATCH-OLAA-3683
PO_B14_003684,Razorpay Nodal,TATA-ORD-345820 TATA-ORD-880942 TATA-ORD-514261 BATCH-TATA-3684,529099,10581,0,0,518518,INR,2026-08-16T04:26:00Z,BATCH-TATA-3684
PO_B14_003685,Razorpay Nodal,BBAS-INV-776543 PO_B14_003685,114385,2756,0,0,111629,INR,2026-08-16T10:26:00Z,BATCH-BBAS-3685
PO_B14_003686,BillDesk Settlement,PAYT-ORD-814246 PAYT-ORD-792190 PAYT-ORD-544529 BATCH-PAYT-3686,215989,4319,0,0,211670,INR,2026-08-16T10:26:00Z,BATCH-PAYT-3686
PO_B14_003687,PayU Enterprise,MMTR-INV-423030 PO_B14_003687,191983,4086,0,0,187897,INR,2026-08-16T12:31:00Z,BATCH-MMTR-3687
PO_B14_003688,Cashfree Escrow,UBER-ORD-742768 UBER-ORD-987482 UBER-ORD-522209 BATCH-UBER-3688,283041,5660,0,0,277381,INR,2026-08-16T05:35:00Z,BATCH-UBER-3688
PO_B14_003689,BillDesk Settlement,UBER-INV-191789 PO_B14_003689,193916,3185,0,0,190731,INR,2026-08-16T10:59:00Z,BATCH-UBER-3689
PO_B14_003690,Cashfree Escrow,UBER-ORD-630062 UBER-ORD-429744 BATCH-UBER-3690,261101,5222,0,0,255879,INR,2026-08-16T13:25:00Z,BATCH-UBER-3690
PO_B14_003691,Razorpay Nodal,TATA-ORD-297190 TATA-ORD-884974 BATCH-TATA-3691,487102,9742,0,0,477360,INR,2026-08-16T03:28:00Z,BATCH-TATA-3691
PO_B14_003692,Razorpay Nodal,AMZN-INV-190403 PO_B14_003692,364119,8689,0,0,355430,INR,2026-08-16T11:35:00Z,BATCH-AMZN-3692
PO_B14_003693,Razorpay Nodal,UBER-ORD-463580 UBER-ORD-439733 BATCH-UBER-3693,286586,5731,0,0,280855,INR,2026-08-16T05:58:00Z,BATCH-UBER-3693
PO_B14_003694,Stripe India,JIOO-INV-568287 PO_B14_003694,400720,7200,0,0,393520,INR,2026-08-15T18:12:00Z,BATCH-JIOO-3694
PO_B14_003695,Cashfree Escrow,TATA-INV-478714 PO_B14_003695,148310,2640,0,0,145670,INR,2026-08-16T03:54:00Z,BATCH-TATA-3695
PO_B14_003696,BillDesk Settlement,PAYT-INV-549825 PO_B14_003696,258062,5012,0,0,253050,INR,2026-08-16T21:18:00Z,BATCH-PAYT-3696
PO_B14_003697,Stripe India,FLPK-INV-634381 PO_B14_003697,328440,5209,0,0,323231,INR,2026-08-16T02:33:00Z,BATCH-FLPK-3697
PO_B14_003698,Stripe India,BBAS-INV-514076 PO_B14_003698,113696,2640,0,0,111056,INR,2026-08-16T21:19:00Z,BATCH-BBAS-3698
PO_B14_003699,Cashfree Escrow,SWIG-INV-274996 PO_B14_003699,26617,652,0,0,25965,INR,2026-08-15T23:12:00Z,BATCH-SWIG-3699
PO_B14_003700,PayU Enterprise,UBER-INV-433860 PO_B14_003700,40070,721,0,0,39349,INR,2026-08-16T03:46:00Z,BATCH-UBER-3700
PO_B14_003701,PayU Enterprise,AMZN-INV-504534 PO_B14_003701,143651,2375,0,0,141276,INR,2026-08-16T12:42:00Z,BATCH-AMZN-3701
PO_B14_003702,Razorpay Nodal,ZOMA-INV-410402 PO_B14_003702,171655,3557,0,0,168098,INR,2026-08-16T10:34:00Z,BATCH-ZOMA-3702
PO_B14_003703,Razorpay Nodal,TATA-INV-559552 PO_B14_003703,343813,5316,0,0,338497,INR,2026-08-16T01:13:00Z,BATCH-TATA-3703
PO_B14_003704,PayU Enterprise,BKMS-ORD-482216 BKMS-ORD-605974 BATCH-BKMS-3704,204902,4098,0,0,200804,INR,2026-08-16T03:14:00Z,BATCH-BKMS-3704
PO_B14_003705,Razorpay Nodal,MMTR-INV-861959 PO_B14_003705,156193,3506,0,0,152687,INR,2026-08-16T12:18:00Z,BATCH-MMTR-3705
PO_B14_003706,Stripe India,SWIG-ORD-420512 SWIG-ORD-166552 BATCH-SWIG-3706,220257,4405,0,0,215852,INR,2026-08-16T19:51:00Z,BATCH-SWIG-3706
PO_B14_003707,Cashfree Escrow,MMTR-INV-600389 PO_B14_003707,38254,930,0,0,37324,INR,2026-08-16T13:57:00Z,BATCH-MMTR-3707
PO_B14_003708,Stripe India,BLNK-INV-583884 PO_B14_003708,102834,2522,0,0,100312,INR,2026-08-16T13:11:00Z,BATCH-BLNK-3708
PO_B14_003709,Cashfree Escrow,PAYT-INV-703317 PO_B14_003709,235866,3805,0,0,232061,INR,2026-08-15T18:00:00Z,BATCH-PAYT-3709
PO_B14_003710,Razorpay Nodal,PHNP-ORD-986077 PHNP-ORD-674679 BATCH-PHNP-3710,276393,5527,0,0,270866,INR,2026-08-16T13:31:00Z,BATCH-PHNP-3710
PO_B14_003711,Razorpay Nodal,PAYT-INV-564627 PO_B14_003711,361221,8951,0,0,352270,INR,2026-08-15T17:08:00Z,BATCH-PAYT-3711
PO_B14_003712,Cashfree Escrow,BBAS-INV-863789 PO_B14_003712,211109,3873,0,0,207236,INR,2026-08-16T04:48:00Z,BATCH-BBAS-3712
PO_B14_003713,Stripe India,BKMS-INV-909662 PO_B14_003713,262021,4714,0,0,257307,INR,2026-08-16T04:01:00Z,BATCH-BKMS-3713
PO_B14_003714,Razorpay Nodal,FLPK-EXC-680442-UNRESOLVED,127249,2534,0,0,124715,INR,2026-08-16T17:11:00Z,HOLD-ESCROW
PO_B14_003715,Cashfree Escrow,BLNK-INV-847670 PO_B14_003715,211363,3690,0,0,207673,INR,2026-08-16T02:15:00Z,BATCH-BLNK-3715
PO_B14_003716,Razorpay Nodal,BKMS-INV-520555 PO_B14_003716,162273,3470,0,0,158803,INR,2026-08-16T10:51:00Z,BATCH-BKMS-3716
PO_B14_003717,Razorpay Nodal,BBAS-ORD-300249 BBAS-ORD-643752 BBAS-ORD-362003 BATCH-BBAS-3717,346942,6938,0,0,340004,INR,2026-08-15T23:09:00Z,BATCH-BBAS-3717
PO_B14_003718,Cashfree Escrow,PAYT-INV-680573 PO_B14_003718,167494,2535,0,0,164959,INR,2026-08-16T07:43:00Z,BATCH-PAYT-3718
PO_B14_003719,PayU Enterprise,ZOMA-INV-952130 PO_B14_003719,95930,2112,0,0,93818,INR,2026-08-16T15:17:00Z,BATCH-ZOMA-3719
PO_B14_003720,Stripe India,BLNK-ORD-210306 BLNK-ORD-764501 BATCH-BLNK-3720,202599,4051,0,0,198548,INR,2026-08-15T22:29:00Z,BATCH-BLNK-3720
PO_B14_003721,Razorpay Nodal,SWIG-INV-114668 PO_B14_003721,76188,1529,0,0,74659,INR,2026-08-17T01:45:00Z,BATCH-SWIG-3721
PO_B14_003722,Cashfree Escrow,MYNT-INV-678766 PO_B14_003722,143530,2788,0,0,140742,INR,2026-08-16T19:47:00Z,BATCH-MYNT-3722
PO_B14_003723,Stripe India,ZOMA-ORD-332940 ZOMA-ORD-490481 ZOMA-ORD-634209 BATCH-ZOMA-3723,472335,9446,0,0,462889,INR,2026-08-16T08:36:00Z,BATCH-ZOMA-3723
PO_B14_003724,PayU Enterprise,BLNK-INV-381166 PO_B14_003724,405300,8776,0,0,396524,INR,2026-08-16T18:58:00Z,BATCH-BLNK-3724
PO_B14_003725,Razorpay Nodal,JIOO-INV-623476 PO_B14_003725,167563,3191,0,0,164372,INR,2026-08-16T17:07:00Z,BATCH-JIOO-3725
PO_B14_003726,Razorpay Nodal,BLNK-ORD-951795 BLNK-ORD-921648 BLNK-ORD-686246 BATCH-BLNK-3726,341693,6833,0,0,334860,INR,2026-08-15T21:55:00Z,BATCH-BLNK-3726
PO_B14_003727,PayU Enterprise,BBAS-ORD-391134 BBAS-ORD-541797 BBAS-ORD-869463 BATCH-BBAS-3727,558802,11176,0,0,547626,INR,2026-08-16T11:52:00Z,BATCH-BBAS-3727
PO_B14_003728,Cashfree Escrow,OLAA-INV-472434 PO_B14_003728,203977,5041,0,0,198936,INR,2026-08-15T16:48:00Z,BATCH-OLAA-3728
PO_B14_003729,Razorpay Nodal,SWIG-INV-827356 PO_B14_003729,92911,2098,0,0,90813,INR,2026-08-16T17:23:00Z,BATCH-SWIG-3729
PO_B14_003730,Cashfree Escrow,JIOO-INV-478525 PO_B14_003730,314340,5753,0,0,308587,INR,2026-08-16T21:44:00Z,BATCH-JIOO-3730
PO_B14_003731,PayU Enterprise,BKMS-INV-938573 PO_B14_003731,396847,9116,0,0,387731,INR,2026-08-16T08:51:00Z,BATCH-BKMS-3731
PO_B14_003732,Stripe India,NYKA-INV-983619 PO_B14_003732,368883,6230,0,0,362653,INR,2026-08-16T03:32:00Z,BATCH-NYKA-3732
PO_B14_003733,PayU Enterprise,UBER-INV-872262 PO_B14_003733,246480,4264,0,0,242216,INR,2026-08-16T09:06:00Z,BATCH-UBER-3733
PO_B14_003734,Razorpay Nodal,MMTR-INV-234359 PO_B14_003734,428095,9903,0,0,418192,INR,2026-08-15T20:46:00Z,BATCH-MMTR-3734
PO_B14_003735,BillDesk Settlement,PHNP-INV-374334 PO_B14_003735,413712,9366,0,0,404346,INR,2026-08-16T06:51:00Z,BATCH-PHNP-3735
PO_B14_003736,PayU Enterprise,PHNP-INV-666018 PO_B14_003736,31886,687,0,0,31199,INR,2026-08-16T10:48:00Z,BATCH-PHNP-3736
PO_B14_003737,Cashfree Escrow,JIOO-INV-503152 PO_B14_003737,37084,815,0,0,36269,INR,2026-08-16T07:53:00Z,BATCH-JIOO-3737
PO_B14_003738,Razorpay Nodal,BLNK-EXC-887546-UNRESOLVED,63531,1260,0,0,62271,INR,2026-08-16T12:40:00Z,HOLD-ESCROW
PO_B14_003739,Razorpay Nodal,BBAS-INV-533280 PO_B14_003739,339298,7261,0,0,332037,INR,2026-08-15T15:20:00Z,BATCH-BBAS-3739
PO_B14_003740,PayU Enterprise,SWIG-INV-949799 PO_B14_003740,231429,4186,0,0,227243,INR,2026-08-16T02:22:00Z,BATCH-SWIG-3740
PO_B14_003741,BillDesk Settlement,UBER-INV-819704 PO_B14_003741,52997,1008,0,0,51989,INR,2026-08-15T23:36:00Z,BATCH-UBER-3741
PO_B14_003742,PayU Enterprise,ZOMA-INV-267618 PO_B14_003742,170526,2982,0,0,167544,INR,2026-08-16T19:45:00Z,BATCH-ZOMA-3742
PO_B14_003743,PayU Enterprise,MMTR-INV-691245 PO_B14_003743,355478,5586,0,0,349892,INR,2026-08-16T08:11:00Z,BATCH-MMTR-3743
PO_B14_003744,BillDesk Settlement,ZOMA-INV-938638 PO_B14_003744,428249,9239,0,0,419010,INR,2026-08-15T18:29:00Z,BATCH-ZOMA-3744
PO_B14_003745,Stripe India,NYKA-INV-848625 PO_B14_003745,427136,8906,0,0,418230,INR,2026-08-16T17:35:00Z,BATCH-NYKA-3745
PO_B14_003746,PayU Enterprise,NYKA-INV-394026 PO_B14_003746,267117,5163,0,0,261954,INR,2026-08-16T13:36:00Z,BATCH-NYKA-3746
PO_B14_003747,Stripe India,AMZN-INV-793162 PO_B14_003747,380473,8668,0,0,371805,INR,2026-08-16T15:09:00Z,BATCH-AMZN-3747
PO_B14_003748,BillDesk Settlement,SWIG-INV-955851 PO_B14_003748,353532,5759,0,0,347773,INR,2026-08-16T08:49:00Z,BATCH-SWIG-3748
PO_B14_003749,PayU Enterprise,AMZN-INV-683707 PO_B14_003749,360688,7779,0,0,352909,INR,2026-08-16T12:56:00Z,BATCH-AMZN-3749
PO_B14_003750,Razorpay Nodal,UBER-INV-263432 PO_B14_003750,207365,3943,0,0,203422,INR,2026-08-16T10:56:00Z,BATCH-UBER-3750
PO_B14_003751,Stripe India,ZOMA-INV-691065 PO_B14_003751,42789,679,0,0,42110,INR,2026-08-17T01:19:00Z,BATCH-ZOMA-3751
PO_B14_003752,BillDesk Settlement,FLPK-INV-550259 PO_B14_003752,360954,7990,0,0,352964,INR,2026-08-15T19:49:00Z,BATCH-FLPK-3752
PO_B14_003753,Razorpay Nodal,PHNP-ORD-657611 PHNP-ORD-529561 PHNP-ORD-263858 BATCH-PHNP-3753,475251,9505,0,0,465746,INR,2026-08-16T01:15:00Z,BATCH-PHNP-3753
PO_B14_003754,Razorpay Nodal,FLPK-INV-591433 PO_B14_003754,354145,5701,0,0,348444,INR,2026-08-15T16:47:00Z,BATCH-FLPK-3754
PO_B14_003755,Razorpay Nodal,OLAA-EXC-615619-UNRESOLVED,93887,1867,0,0,92020,INR,2026-08-16T18:24:00Z,HOLD-ESCROW
PO_B14_003756,Stripe India,BLNK-ORD-505813 BLNK-ORD-315461 BATCH-BLNK-3756,314738,6294,0,0,308444,INR,2026-08-15T23:50:00Z,BATCH-BLNK-3756
PO_B14_003757,Razorpay Nodal,UBER-INV-916213 PO_B14_003757,137052,3200,0,0,133852,INR,2026-08-16T05:46:00Z,BATCH-UBER-3757
PO_B14_003758,Cashfree Escrow,NYKA-ORD-927656 NYKA-ORD-106321 BATCH-NYKA-3758,276649,5532,0,0,271117,INR,2026-08-16T10:24:00Z,BATCH-NYKA-3758
PO_B14_003759,Cashfree Escrow,JIOO-INV-711333 PO_B14_003759,289439,6245,0,0,283194,INR,2026-08-16T17:01:00Z,BATCH-JIOO-3759
PO_B14_003760,Razorpay Nodal,NYKA-INV-930498 PO_B14_003760,164248,3577,0,0,160671,INR,2026-08-16T06:07:00Z,BATCH-NYKA-3760
PO_B14_003761,Razorpay Nodal,UBER-INV-684246 PO_B14_003761,232467,4415,0,0,228052,INR,2026-08-16T04:47:00Z,BATCH-UBER-3761
PO_B14_003762,Razorpay Nodal,FLPK-INV-606033 PO_B14_003762,200148,3611,0,0,196537,INR,2026-08-16T13:18:00Z,BATCH-FLPK-3762
PO_B14_003763,Stripe India,SWIG-INV-739033 PO_B14_003763,67922,1395,0,0,66527,INR,2026-08-16T04:06:00Z,BATCH-SWIG-3763
PO_B14_003764,Razorpay Nodal,AMZN-INV-782871 PO_B14_003764,100435,2378,0,0,98057,INR,2026-08-15T18:20:00Z,BATCH-AMZN-3764
PO_B14_003765,Cashfree Escrow,NYKA-INV-832098 PO_B14_003765,375723,8020,0,0,367703,INR,2026-08-16T13:17:00Z,BATCH-NYKA-3765
PO_B14_003766,Stripe India,BBAS-ORD-486668 BBAS-ORD-599913 BBAS-ORD-767067 BATCH-BBAS-3766,348771,6975,0,0,341796,INR,2026-08-16T14:14:00Z,BATCH-BBAS-3766
PO_B14_003767,Cashfree Escrow,PAYT-INV-107853 PO_B14_003767,434007,9779,0,0,424228,INR,2026-08-16T11:38:00Z,BATCH-PAYT-3767
PO_B14_003768,Razorpay Nodal,BKMS-INV-161836 PO_B14_003768,115420,2640,0,0,112780,INR,2026-08-16T19:52:00Z,BATCH-BKMS-3768
PO_B14_003769,Stripe India,MYNT-INV-727864 PO_B14_003769,276315,4379,0,0,271936,INR,2026-08-16T22:40:00Z,BATCH-MYNT-3769
PO_B14_003770,BillDesk Settlement,TATA-ORD-126158 TATA-ORD-254974 BATCH-TATA-3770,140343,2806,0,0,137537,INR,2026-08-16T08:40:00Z,BATCH-TATA-3770
PO_B14_003771,BillDesk Settlement,PAYT-INV-186056 PO_B14_003771,256043,5309,0,0,250734,INR,2026-08-16T12:34:00Z,BATCH-PAYT-3771
PO_B14_003772,Cashfree Escrow,ZOMA-INV-433983 PO_B14_003772,106537,1801,0,0,104736,INR,2026-08-16T12:29:00Z,BATCH-ZOMA-3772
PO_B14_003773,Cashfree Escrow,PAYT-INV-539208 PO_B14_003773,98242,1500,0,0,96742,INR,2026-08-15T19:30:00Z,BATCH-PAYT-3773
PO_B14_003774,PayU Enterprise,PHNP-INV-828044 PO_B14_003774,30455,627,0,0,29828,INR,2026-08-16T12:58:00Z,BATCH-PHNP-3774
PO_B14_003775,Razorpay Nodal,UBER-INV-693279 PO_B14_003775,437687,7877,0,0,429810,INR,2026-08-16T13:16:00Z,BATCH-UBER-3775
PO_B14_003776,Cashfree Escrow,NYKA-INV-588075 PO_B14_003776,168475,3643,0,0,164832,INR,2026-08-15T18:49:00Z,BATCH-NYKA-3776
PO_B14_003777,Cashfree Escrow,JIOO-INV-212601 PO_B14_003777,215417,3410,0,0,212007,INR,2026-08-15T19:33:00Z,BATCH-JIOO-3777
PO_B14_003778,BillDesk Settlement,SWIG-ORD-641162 SWIG-ORD-422952 BATCH-SWIG-3778,241510,4830,0,0,236680,INR,2026-08-16T02:11:00Z,BATCH-SWIG-3778
PO_B14_003779,PayU Enterprise,PAYT-INV-328708 PO_B14_003779,153197,3682,0,0,149515,INR,2026-08-16T13:15:00Z,BATCH-PAYT-3779
PO_B14_003780,Stripe India,SWIG-ORD-372004 SWIG-ORD-455548 SWIG-ORD-467503 BATCH-SWIG-3780,473687,9473,0,0,464214,INR,2026-08-16T11:54:00Z,BATCH-SWIG-3780
PO_B14_003781,Stripe India,BKMS-ORD-175562 BKMS-ORD-312571 BATCH-BKMS-3781,198432,3968,0,0,194464,INR,2026-08-16T00:55:00Z,BATCH-BKMS-3781
PO_B14_003782,Stripe India,BBAS-ORD-576500 BBAS-ORD-427042 BATCH-BBAS-3782,382958,7659,0,0,375299,INR,2026-08-15T22:59:00Z,BATCH-BBAS-3782
PO_B14_003783,Cashfree Escrow,NYKA-INV-437938 PO_B14_003783,63286,1079,0,0,62207,INR,2026-08-15T23:35:00Z,BATCH-NYKA-3783
PO_B14_003784,Razorpay Nodal,BBAS-INV-261242 PO_B14_003784,48475,899,0,0,47576,INR,2026-08-16T01:25:00Z,BATCH-BBAS-3784
PO_B14_003785,PayU Enterprise,BLNK-INV-456922 PO_B14_003785,78228,1955,0,0,76273,INR,2026-08-15T21:08:00Z,BATCH-BLNK-3785
PO_B14_003786,PayU Enterprise,AMZN-INV-676229 PO_B14_003786,27896,620,0,0,27276,INR,2026-08-16T07:14:00Z,BATCH-AMZN-3786
PO_B14_003787,Cashfree Escrow,BBAS-INV-803989 PO_B14_003787,38025,771,0,0,37254,INR,2026-08-16T02:54:00Z,BATCH-BBAS-3787
PO_B14_003788,PayU Enterprise,SWIG-INV-357706 PO_B14_003788,253081,4768,0,0,248313,INR,2026-08-15T16:20:00Z,BATCH-SWIG-3788
PO_B14_003789,Cashfree Escrow,AMZN-INV-242864 PO_B14_003789,351305,5628,0,0,345677,INR,2026-08-16T10:06:00Z,BATCH-AMZN-3789
PO_B14_003790,PayU Enterprise,UBER-INV-715632 PO_B14_003790,123906,2725,0,0,121181,INR,2026-08-16T06:02:00Z,BATCH-UBER-3790
PO_B14_003791,Cashfree Escrow,PAYT-ORD-465807 PAYT-ORD-680849 BATCH-PAYT-3791,217411,4348,0,0,213063,INR,2026-08-16T06:25:00Z,BATCH-PAYT-3791
PO_B14_003792,Stripe India,BLNK-ORD-939271 BLNK-ORD-814558 BATCH-BLNK-3792,347768,6955,0,0,340813,INR,2026-08-16T06:06:00Z,BATCH-BLNK-3792
PO_B14_003793,Stripe India,BLNK-ORD-681329 BLNK-ORD-790280 BLNK-ORD-877520 BATCH-BLNK-3793,324544,6490,0,0,318054,INR,2026-08-16T11:32:00Z,BATCH-BLNK-3793
PO_B14_003794,Stripe India,MYNT-INV-277205 PO_B14_003794,191967,3258,0,0,188709,INR,2026-08-16T02:12:00Z,BATCH-MYNT-3794
PO_B14_003795,Cashfree Escrow,PHNP-ORD-224603 PHNP-ORD-318003 BATCH-PHNP-3795,389828,7796,0,0,382032,INR,2026-08-16T14:27:00Z,BATCH-PHNP-3795
PO_B14_003796,Razorpay Nodal,TATA-ORD-716760 TATA-ORD-969315 BATCH-TATA-3796,189553,3791,0,0,185762,INR,2026-08-16T08:26:00Z,BATCH-TATA-3796
PO_B14_003797,Stripe India,AMZN-ORD-967768 AMZN-ORD-229377 AMZN-ORD-864145 BATCH-AMZN-3797,333602,6672,0,0,326930,INR,2026-08-15T22:45:00Z,BATCH-AMZN-3797
PO_B14_003798,PayU Enterprise,NYKA-INV-855368 PO_B14_003798,362145,8729,0,0,353416,INR,2026-08-15T13:48:00Z,BATCH-NYKA-3798
PO_B14_003799,Stripe India,OLAA-ORD-411318 OLAA-ORD-709300 OLAA-ORD-170403 BATCH-OLAA-3799,226339,4526,0,0,221813,INR,2026-08-16T20:17:00Z,BATCH-OLAA-3799
PO_B14_003800,Razorpay Nodal,BBAS-INV-667700 PO_B14_003800,390827,8769,0,0,382058,INR,2026-08-16T02:38:00Z,BATCH-BBAS-3800
PO_B14_003801,Cashfree Escrow,MMTR-INV-563743 PO_B14_003801,145453,3208,0,0,142245,INR,2026-08-16T13:28:00Z,BATCH-MMTR-3801
PO_B14_003802,Razorpay Nodal,BLNK-ORD-863397 BLNK-ORD-186659 BATCH-BLNK-3802,304991,6099,0,0,298892,INR,2026-08-16T11:22:00Z,BATCH-BLNK-3802
PO_B14_003803,Cashfree Escrow,FLPK-INV-337274 PO_B14_003803,122680,2768,0,0,119912,INR,2026-08-16T04:40:00Z,BATCH-FLPK-3803
PO_B14_003804,Cashfree Escrow,TATA-EXC-838602-UNRESOLVED,267274,5335,0,0,261939,INR,2026-08-16T22:36:00Z,HOLD-ESCROW
PO_B14_003805,Razorpay Nodal,OLAA-INV-213642 PO_B14_003805,117472,2601,0,0,114871,INR,2026-08-16T23:14:00Z,BATCH-OLAA-3805
PO_B14_003806,Stripe India,BLNK-INV-905191 PO_B14_003806,185617,3039,0,0,182578,INR,2026-08-16T12:35:00Z,BATCH-BLNK-3806
PO_B14_003807,Razorpay Nodal,PAYT-INV-788407 PO_B14_003807,378425,7381,0,0,371044,INR,2026-08-16T04:51:00Z,BATCH-PAYT-3807
PO_B14_003808,Cashfree Escrow,UBER-INV-681663 PO_B14_003808,300703,4837,0,0,295866,INR,2026-08-16T07:44:00Z,BATCH-UBER-3808
PO_B14_003809,PayU Enterprise,PAYT-INV-660525 PO_B14_003809,143051,2634,0,0,140417,INR,2026-08-16T12:40:00Z,BATCH-PAYT-3809
PO_B14_003810,Stripe India,UBER-ORD-917691 UBER-ORD-986241 UBER-ORD-302689 BATCH-UBER-3810,269498,5389,0,0,264109,INR,2026-08-16T02:43:00Z,BATCH-UBER-3810
PO_B14_003811,PayU Enterprise,JIOO-ORD-499676 JIOO-ORD-966178 JIOO-ORD-191779 BATCH-JIOO-3811,174182,3483,0,0,170699,INR,2026-08-16T12:10:00Z,BATCH-JIOO-3811
PO_B14_003812,Razorpay Nodal,PAYT-INV-778367 PO_B14_003812,278951,6022,0,0,272929,INR,2026-08-16T04:58:00Z,BATCH-PAYT-3812
PO_B14_003813,BillDesk Settlement,BKMS-INV-252670 PO_B14_003813,194761,4791,0,0,189970,INR,2026-08-16T02:45:00Z,BATCH-BKMS-3813
PO_B14_003814,Stripe India,SWIG-ORD-168010 SWIG-ORD-551228 BATCH-SWIG-3814,113210,2264,0,0,110946,INR,2026-08-16T15:27:00Z,BATCH-SWIG-3814
PO_B14_003815,Stripe India,PHNP-INV-985954 PO_B14_003815,272007,5705,0,0,266302,INR,2026-08-15T23:05:00Z,BATCH-PHNP-3815
PO_B14_003816,PayU Enterprise,ZOMA-INV-725927 PO_B14_003816,292982,5902,0,0,287080,INR,2026-08-16T09:28:00Z,BATCH-ZOMA-3816
PO_B14_003817,Stripe India,NYKA-INV-202080 PO_B14_003817,371157,6068,0,0,365089,INR,2026-08-15T22:49:00Z,BATCH-NYKA-3817
PO_B14_003818,Cashfree Escrow,BLNK-ORD-843717 BLNK-ORD-383738 BATCH-BLNK-3818,274248,5484,0,0,268764,INR,2026-08-16T13:38:00Z,BATCH-BLNK-3818
PO_B14_003819,BillDesk Settlement,UBER-INV-301624 PO_B14_003819,43062,649,0,0,42413,INR,2026-08-16T12:13:00Z,BATCH-UBER-3819
PO_B14_003820,Stripe India,JIOO-INV-475465 PO_B14_003820,293828,7276,0,0,286552,INR,2026-08-16T23:15:00Z,BATCH-JIOO-3820
PO_B14_003821,Razorpay Nodal,AMZN-ORD-958336 AMZN-ORD-227387 AMZN-ORD-160847 BATCH-AMZN-3821,487247,9744,0,0,477503,INR,2026-08-16T16:04:00Z,BATCH-AMZN-3821
PO_B14_003822,Razorpay Nodal,BBAS-INV-270751 PO_B14_003822,162600,2864,0,0,159736,INR,2026-08-16T11:43:00Z,BATCH-BBAS-3822
PO_B14_003823,Stripe India,FLPK-INV-204803 PO_B14_003823,122888,1871,0,0,121017,INR,2026-08-16T07:07:00Z,BATCH-FLPK-3823
PO_B14_003824,PayU Enterprise,BKMS-INV-381535 PO_B14_003824,104960,2223,0,0,102737,INR,2026-08-16T12:12:00Z,BATCH-BKMS-3824
PO_B14_003825,Cashfree Escrow,MYNT-INV-658782 PO_B14_003825,94093,1992,0,0,92101,INR,2026-08-16T08:00:00Z,BATCH-MYNT-3825
PO_B14_003826,Stripe India,BLNK-INV-679368 PO_B14_003826,274670,5211,0,0,269459,INR,2026-08-16T05:24:00Z,BATCH-BLNK-3826
PO_B14_003827,Stripe India,FLPK-INV-790590 PO_B14_003827,110254,2172,0,0,108082,INR,2026-08-16T15:56:00Z,BATCH-FLPK-3827
PO_B14_003828,Razorpay Nodal,PAYT-INV-558819 PO_B14_003828,203788,4022,0,0,199766,INR,2026-08-16T18:20:00Z,BATCH-PAYT-3828
PO_B14_003829,Razorpay Nodal,AMZN-ORD-696024 AMZN-ORD-501206 AMZN-ORD-533022 BATCH-AMZN-3829,516468,10329,0,0,506139,INR,2026-08-16T20:35:00Z,BATCH-AMZN-3829
PO_B14_003830,PayU Enterprise,PHNP-INV-845342 PO_B14_003830,55813,994,0,0,54819,INR,2026-08-16T08:57:00Z,BATCH-PHNP-3830
PO_B14_003831,BillDesk Settlement,MYNT-INV-773323 PO_B14_003831,158133,3544,0,0,154589,INR,2026-08-16T05:57:00Z,BATCH-MYNT-3831
PO_B14_003832,Stripe India,OLAA-INV-998514 PO_B14_003832,208571,4642,0,0,203929,INR,2026-08-15T21:39:00Z,BATCH-OLAA-3832
PO_B14_003833,BillDesk Settlement,OLAA-INV-654024 PO_B14_003833,306843,5088,0,0,301755,INR,2026-08-15T19:38:00Z,BATCH-OLAA-3833
PO_B14_003834,Cashfree Escrow,MYNT-INV-657208 PO_B14_003834,360966,7638,0,0,353328,INR,2026-08-16T06:25:00Z,BATCH-MYNT-3834
PO_B14_003835,Stripe India,MMTR-INV-412313 PO_B14_003835,345799,6243,0,0,339556,INR,2026-08-16T12:15:00Z,BATCH-MMTR-3835
PO_B14_003836,Cashfree Escrow,PAYT-INV-786627 PO_B14_003836,318074,4997,0,0,313077,INR,2026-08-16T15:58:00Z,BATCH-PAYT-3836
PO_B14_003837,Stripe India,PHNP-INV-746750 PO_B14_003837,129320,1975,0,0,127345,INR,2026-08-16T04:05:00Z,BATCH-PHNP-3837
PO_B14_003838,BillDesk Settlement,ZOMA-ORD-158781 ZOMA-ORD-575840 BATCH-ZOMA-3838,109897,2197,0,0,107700,INR,2026-08-16T10:35:00Z,BATCH-ZOMA-3838
PO_B14_003839,Razorpay Nodal,PHNP-EXC-812417-UNRESOLVED,270223,5394,0,0,264829,INR,2026-08-16T09:05:00Z,HOLD-ESCROW
PO_B14_003840,Cashfree Escrow,FLPK-INV-989150 PO_B14_003840,99407,1920,0,0,97487,INR,2026-08-16T01:11:00Z,BATCH-FLPK-3840
PO_B14_003841,PayU Enterprise,MMTR-INV-901660 PO_B14_003841,106702,2570,0,0,104132,INR,2026-08-15T22:54:00Z,BATCH-MMTR-3841
PO_B14_003842,Stripe India,AMZN-EXC-931373-UNRESOLVED,74646,1482,0,0,73164,INR,2026-08-16T22:27:00Z,HOLD-ESCROW
PO_B14_003843,Razorpay Nodal,BBAS-INV-842832 PO_B14_003843,289791,5705,0,0,284086,INR,2026-08-16T15:37:00Z,BATCH-BBAS-3843
PO_B14_003844,Cashfree Escrow,FLPK-INV-633110 PO_B14_003844,290033,6593,0,0,283440,INR,2026-08-16T11:32:00Z,BATCH-FLPK-3844
PO_B14_003845,PayU Enterprise,SWIG-ORD-627838 SWIG-ORD-669714 BATCH-SWIG-3845,217178,4343,0,0,212835,INR,2026-08-16T12:00:00Z,BATCH-SWIG-3845
PO_B14_003846,BillDesk Settlement,MMTR-ORD-292675 MMTR-ORD-267436 MMTR-ORD-787099 BATCH-MMTR-3846,299745,5994,0,0,293751,INR,2026-08-16T07:35:00Z,BATCH-MMTR-3846
PO_B14_003847,PayU Enterprise,PHNP-ORD-789625 PHNP-ORD-299458 BATCH-PHNP-3847,369739,7394,0,0,362345,INR,2026-08-16T07:52:00Z,BATCH-PHNP-3847
PO_B14_003848,Stripe India,NYKA-INV-879422 PO_B14_003848,118318,2354,0,0,115964,INR,2026-08-16T04:34:00Z,BATCH-NYKA-3848
PO_B14_003849,PayU Enterprise,ZOMA-ORD-422431 ZOMA-ORD-382363 BATCH-ZOMA-3849,239574,4791,0,0,234783,INR,2026-08-16T02:45:00Z,BATCH-ZOMA-3849
PO_B14_003850,PayU Enterprise,UBER-INV-535853 PO_B14_003850,277666,6597,0,0,271069,INR,2026-08-16T09:53:00Z,BATCH-UBER-3850
PO_B14_003851,PayU Enterprise,OLAA-INV-392237 PO_B14_003851,220787,4539,0,0,216248,INR,2026-08-16T04:17:00Z,BATCH-OLAA-3851
PO_B14_003852,PayU Enterprise,FLPK-INV-199188 PO_B14_003852,339855,6538,0,0,333317,INR,2026-08-15T17:25:00Z,BATCH-FLPK-3852
PO_B14_003853,Razorpay Nodal,UBER-INV-160841 PO_B14_003853,103841,1723,0,0,102118,INR,2026-08-16T03:31:00Z,BATCH-UBER-3853
PO_B14_003854,BillDesk Settlement,ZOMA-ORD-802770 ZOMA-ORD-598804 BATCH-ZOMA-3854,365906,7318,0,0,358588,INR,2026-08-16T02:07:00Z,BATCH-ZOMA-3854
PO_B14_003855,Razorpay Nodal,PHNP-ORD-135103 PHNP-ORD-164246 PHNP-ORD-701558 BATCH-PHNP-3855,449096,8981,0,0,440115,INR,2026-08-16T02:22:00Z,BATCH-PHNP-3855
PO_B14_003856,Stripe India,PAYT-INV-385903 PO_B14_003856,404293,9555,0,0,394738,INR,2026-08-16T02:56:00Z,BATCH-PAYT-3856
PO_B14_003857,Cashfree Escrow,JIOO-ORD-201330 JIOO-ORD-735820 BATCH-JIOO-3857,82556,1651,0,0,80905,INR,2026-08-16T06:51:00Z,BATCH-JIOO-3857
PO_B14_003858,BillDesk Settlement,MYNT-ORD-842141 MYNT-ORD-154712 BATCH-MYNT-3858,191854,3837,0,0,188017,INR,2026-08-16T16:05:00Z,BATCH-MYNT-3858
PO_B14_003859,Razorpay Nodal,BLNK-INV-581261 PO_B14_003859,41846,705,0,0,41141,INR,2026-08-16T06:55:00Z,BATCH-BLNK-3859
PO_B14_003860,BillDesk Settlement,TATA-INV-264656 PO_B14_003860,286390,5638,0,0,280752,INR,2026-08-16T07:34:00Z,BATCH-TATA-3860
PO_B14_003861,PayU Enterprise,MMTR-INV-197523 PO_B14_003861,175170,2710,0,0,172460,INR,2026-08-16T00:30:00Z,BATCH-MMTR-3861
PO_B14_003862,Razorpay Nodal,FLPK-INV-915066 PO_B14_003862,400354,8911,0,0,391443,INR,2026-08-16T17:12:00Z,BATCH-FLPK-3862
PO_B14_003863,PayU Enterprise,SWIG-INV-676848 PO_B14_003863,243395,6000,0,0,237395,INR,2026-08-16T03:08:00Z,BATCH-SWIG-3863
PO_B14_003864,Cashfree Escrow,UBER-INV-806150 PO_B14_003864,226778,5063,0,0,221715,INR,2026-08-16T00:26:00Z,BATCH-UBER-3864
PO_B14_003865,Stripe India,AMZN-ORD-140505 AMZN-ORD-480231 BATCH-AMZN-3865,280835,5616,0,0,275219,INR,2026-08-16T09:50:00Z,BATCH-AMZN-3865
PO_B14_003866,Cashfree Escrow,PAYT-INV-703262 PO_B14_003866,354678,5999,0,0,348679,INR,2026-08-16T16:00:00Z,BATCH-PAYT-3866
PO_B14_003867,BillDesk Settlement,AMZN-INV-322216 PO_B14_003867,62054,1419,0,0,60635,INR,2026-08-16T08:35:00Z,BATCH-AMZN-3867
PO_B14_003868,Stripe India,UBER-INV-954528 PO_B14_003868,154971,2790,0,0,152181,INR,2026-08-16T06:32:00Z,BATCH-UBER-3868
PO_B14_003869,PayU Enterprise,FLPK-INV-229887 PO_B14_003869,137181,2889,0,0,134292,INR,2026-08-16T16:39:00Z,BATCH-FLPK-3869
PO_B14_003870,Razorpay Nodal,ZOMA-INV-189573 PO_B14_003870,384476,8134,0,0,376342,INR,2026-08-16T12:21:00Z,BATCH-ZOMA-3870
PO_B14_003871,PayU Enterprise,JIOO-INV-431906 PO_B14_003871,106737,2457,0,0,104280,INR,2026-08-16T13:42:00Z,BATCH-JIOO-3871
PO_B14_003872,Cashfree Escrow,JIOO-ORD-336249 JIOO-ORD-696305 BATCH-JIOO-3872,119829,2396,0,0,117433,INR,2026-08-16T01:17:00Z,BATCH-JIOO-3872
PO_B14_003873,Razorpay Nodal,AMZN-INV-589748 PO_B14_003873,156456,3365,0,0,153091,INR,2026-08-15T18:59:00Z,BATCH-AMZN-3873
PO_B14_003874,BillDesk Settlement,TATA-INV-238971 PO_B14_003874,397792,9811,0,0,387981,INR,2026-08-16T16:36:00Z,BATCH-TATA-3874
PO_B14_003875,PayU Enterprise,MYNT-INV-706269 PO_B14_003875,192276,3287,0,0,188989,INR,2026-08-15T20:12:00Z,BATCH-MYNT-3875
PO_B14_003876,BillDesk Settlement,BBAS-ORD-876684 BBAS-ORD-896591 BATCH-BBAS-3876,370340,7406,0,0,362934,INR,2026-08-16T14:44:00Z,BATCH-BBAS-3876
PO_B14_003877,Cashfree Escrow,FLPK-ORD-488170 FLPK-ORD-259981 FLPK-ORD-588301 BATCH-FLPK-3877,558013,11160,0,0,546853,INR,2026-08-16T13:04:00Z,BATCH-FLPK-3877
PO_B14_003878,BillDesk Settlement,PHNP-EXC-677071-UNRESOLVED,167294,3335,0,0,163959,INR,2026-08-16T21:37:00Z,HOLD-ESCROW
PO_B14_003879,Cashfree Escrow,BKMS-ORD-965832 BKMS-ORD-466353 BKMS-ORD-876324 BATCH-BKMS-3879,317586,6351,0,0,311235,INR,2026-08-16T19:15:00Z,BATCH-BKMS-3879
PO_B14_003880,Cashfree Escrow,TATA-INV-357893 PO_B14_003880,58941,1300,0,0,57641,INR,2026-08-15T16:45:00Z,BATCH-TATA-3880
PO_B14_003881,Razorpay Nodal,MYNT-EXC-696865-UNRESOLVED,199978,3989,0,0,195989,INR,2026-08-17T07:28:00Z,HOLD-ESCROW
PO_B14_003882,Cashfree Escrow,MMTR-INV-490986 PO_B14_003882,132123,2277,0,0,129846,INR,2026-08-16T09:56:00Z,BATCH-MMTR-3882
PO_B14_003883,Stripe India,SWIG-INV-272298 PO_B14_003883,76391,1588,0,0,74803,INR,2026-08-16T08:50:00Z,BATCH-SWIG-3883
PO_B14_003884,Cashfree Escrow,PAYT-INV-886300 PO_B14_003884,169798,2865,0,0,166933,INR,2026-08-16T12:35:00Z,BATCH-PAYT-3884
PO_B14_003885,Cashfree Escrow,SWIG-INV-266755 PO_B14_003885,316548,7733,0,0,308815,INR,2026-08-16T09:26:00Z,BATCH-SWIG-3885
PO_B14_003886,Cashfree Escrow,MMTR-INV-945705 PO_B14_003886,240399,4842,0,0,235557,INR,2026-08-16T11:12:00Z,BATCH-MMTR-3886
PO_B14_003887,Stripe India,ZOMA-INV-895702 PO_B14_003887,424502,10366,0,0,414136,INR,2026-08-16T14:11:00Z,BATCH-ZOMA-3887
PO_B14_003888,Razorpay Nodal,PAYT-INV-481034 PO_B14_003888,135144,3056,0,0,132088,INR,2026-08-15T23:00:00Z,BATCH-PAYT-3888
PO_B14_003889,Razorpay Nodal,JIOO-INV-548033 PO_B14_003889,440383,7822,0,0,432561,INR,2026-08-15T16:32:00Z,BATCH-JIOO-3889
PO_B14_003890,Cashfree Escrow,MMTR-EXC-621434-UNRESOLVED,251381,5017,0,0,246364,INR,2026-08-16T09:41:00Z,HOLD-ESCROW
PO_B14_003891,Razorpay Nodal,BBAS-ORD-969241 BBAS-ORD-735223 BATCH-BBAS-3891,175446,3508,0,0,171938,INR,2026-08-15T22:21:00Z,BATCH-BBAS-3891
PO_B14_003892,Cashfree Escrow,BKMS-INV-626705 PO_B14_003892,313607,6429,0,0,307178,INR,2026-08-16T19:22:00Z,BATCH-BKMS-3892
PO_B14_003893,PayU Enterprise,FLPK-INV-485478 PO_B14_003893,25720,589,0,0,25131,INR,2026-08-16T22:41:00Z,BATCH-FLPK-3893
PO_B14_003894,PayU Enterprise,MYNT-INV-675429 PO_B14_003894,265980,4537,0,0,261443,INR,2026-08-16T11:25:00Z,BATCH-MYNT-3894
PO_B14_003895,Cashfree Escrow,FLPK-INV-522337 PO_B14_003895,264392,4554,0,0,259838,INR,2026-08-16T14:40:00Z,BATCH-FLPK-3895
PO_B14_003896,PayU Enterprise,NYKA-INV-925391 PO_B14_003896,275030,4260,0,0,270770,INR,2026-08-16T17:10:00Z,BATCH-NYKA-3896
PO_B14_003897,Cashfree Escrow,UBER-INV-561598 PO_B14_003897,69841,1357,0,0,68484,INR,2026-08-15T23:12:00Z,BATCH-UBER-3897
PO_B14_003898,Razorpay Nodal,BLNK-INV-860772 PO_B14_003898,206135,3760,0,0,202375,INR,2026-08-16T18:09:00Z,BATCH-BLNK-3898
PO_B14_003899,Razorpay Nodal,SWIG-INV-847045 PO_B14_003899,150593,2630,0,0,147963,INR,2026-08-16T02:15:00Z,BATCH-SWIG-3899
PO_B14_003900,Stripe India,TATA-ORD-267581 TATA-ORD-585341 TATA-ORD-872640 BATCH-TATA-3900,328158,6563,0,0,321595,INR,2026-08-16T10:41:00Z,BATCH-TATA-3900
PO_B14_003901,PayU Enterprise,BKMS-INV-569058 PO_B14_003901,89050,2072,0,0,86978,INR,2026-08-16T06:56:00Z,BATCH-BKMS-3901
PO_B14_003902,Cashfree Escrow,JIOO-INV-318270 PO_B14_003902,379297,9172,0,0,370125,INR,2026-08-17T01:10:00Z,BATCH-JIOO-3902
PO_B14_003903,PayU Enterprise,AMZN-ORD-258260 AMZN-ORD-229184 BATCH-AMZN-3903,247983,4959,0,0,243024,INR,2026-08-16T14:29:00Z,BATCH-AMZN-3903
PO_B14_003904,Stripe India,FLPK-INV-676061 PO_B14_003904,179765,4218,0,0,175547,INR,2026-08-16T10:13:00Z,BATCH-FLPK-3904
PO_B14_003905,PayU Enterprise,OLAA-INV-109919 PO_B14_003905,205237,3664,0,0,201573,INR,2026-08-16T07:22:00Z,BATCH-OLAA-3905
PO_B14_003906,Stripe India,BKMS-INV-315255 PO_B14_003906,294990,6829,0,0,288161,INR,2026-08-15T22:02:00Z,BATCH-BKMS-3906
PO_B14_003907,Razorpay Nodal,MMTR-INV-251404 PO_B14_003907,240659,5719,0,0,234940,INR,2026-08-16T07:33:00Z,BATCH-MMTR-3907
PO_B14_003908,Razorpay Nodal,UBER-EXC-678037-UNRESOLVED,98378,1957,0,0,96421,INR,2026-08-17T04:44:00Z,HOLD-ESCROW
PO_B14_003909,BillDesk Settlement,MYNT-INV-972969 PO_B14_003909,364030,7047,0,0,356983,INR,2026-08-16T19:16:00Z,BATCH-MYNT-3909
PO_B14_003910,Stripe India,FLPK-INV-711301 PO_B14_003910,254424,4740,0,0,249684,INR,2026-08-16T16:40:00Z,BATCH-FLPK-3910
PO_B14_003911,PayU Enterprise,BKMS-INV-189364 PO_B14_003911,392332,7391,0,0,384941,INR,2026-08-16T15:17:00Z,BATCH-BKMS-3911
PO_B14_003912,PayU Enterprise,ZOMA-INV-948868 PO_B14_003912,99183,2207,0,0,96976,INR,2026-08-16T06:10:00Z,BATCH-ZOMA-3912
PO_B14_003913,Cashfree Escrow,OLAA-INV-311245 PO_B14_003913,145592,2832,0,0,142760,INR,2026-08-16T08:40:00Z,BATCH-OLAA-3913
PO_B14_003914,BillDesk Settlement,MYNT-INV-991774 PO_B14_003914,300139,5197,0,0,294942,INR,2026-08-16T02:52:00Z,BATCH-MYNT-3914
PO_B14_003915,Cashfree Escrow,JIOO-INV-280829 PO_B14_003915,403140,6556,0,0,396584,INR,2026-08-15T23:15:00Z,BATCH-JIOO-3915
PO_B14_003916,PayU Enterprise,BBAS-INV-585766 PO_B14_003916,208999,4083,0,0,204916,INR,2026-08-16T08:52:00Z,BATCH-BBAS-3916
PO_B14_003917,Stripe India,FLPK-ORD-498773 FLPK-ORD-434658 BATCH-FLPK-3917,363421,7268,0,0,356153,INR,2026-08-16T19:42:00Z,BATCH-FLPK-3917
PO_B14_003918,Stripe India,FLPK-INV-410761 PO_B14_003918,384084,8433,0,0,375651,INR,2026-08-16T16:32:00Z,BATCH-FLPK-3918
PO_B14_003919,Cashfree Escrow,PHNP-INV-152998 PO_B14_003919,348036,6667,0,0,341369,INR,2026-08-16T13:27:00Z,BATCH-PHNP-3919
PO_B14_003920,BillDesk Settlement,BBAS-INV-967651 PO_B14_003920,59215,1297,0,0,57918,INR,2026-08-16T03:43:00Z,BATCH-BBAS-3920
PO_B14_003921,Razorpay Nodal,BBAS-EXC-223585-UNRESOLVED,145568,2901,0,0,142667,INR,2026-08-16T20:54:00Z,HOLD-ESCROW
PO_B14_003922,BillDesk Settlement,MYNT-INV-757985 PO_B14_003922,168399,2877,0,0,165522,INR,2026-08-15T21:33:00Z,BATCH-MYNT-3922
PO_B14_003923,Stripe India,OLAA-INV-390039 PO_B14_003923,415174,9809,0,0,405365,INR,2026-08-16T18:22:00Z,BATCH-OLAA-3923
PO_B14_003924,PayU Enterprise,ZOMA-INV-384078 PO_B14_003924,445992,9380,0,0,436612,INR,2026-08-15T19:19:00Z,BATCH-ZOMA-3924
PO_B14_003925,Cashfree Escrow,TATA-INV-933024 PO_B14_003925,178721,4381,0,0,174340,INR,2026-08-16T04:21:00Z,BATCH-TATA-3925
PO_B14_003926,Cashfree Escrow,FLPK-ORD-349026 FLPK-ORD-752231 FLPK-ORD-484757 BATCH-FLPK-3926,168168,3363,0,0,164805,INR,2026-08-16T11:33:00Z,BATCH-FLPK-3926
PO_B14_003927,Razorpay Nodal,BKMS-ORD-552698 BKMS-ORD-682275 BATCH-BKMS-3927,405452,8109,0,0,397343,INR,2026-08-16T20:23:00Z,BATCH-BKMS-3927
PO_B14_003928,PayU Enterprise,BKMS-INV-784140 PO_B14_003928,166393,4151,0,0,162242,INR,2026-08-16T08:47:00Z,BATCH-BKMS-3928
PO_B14_003929,Cashfree Escrow,NYKA-ORD-661964 NYKA-ORD-733065 BATCH-NYKA-3929,181062,3621,0,0,177441,INR,2026-08-15T23:52:00Z,BATCH-NYKA-3929
PO_B14_003930,Razorpay Nodal,PAYT-INV-915439 PO_B14_003930,442357,9135,0,0,433222,INR,2026-08-16T02:50:00Z,BATCH-PAYT-3930
PO_B14_003931,BillDesk Settlement,PHNP-INV-837630 PO_B14_003931,375587,8948,0,0,366639,INR,2026-08-16T05:37:00Z,BATCH-PHNP-3931
PO_B14_003932,PayU Enterprise,TATA-INV-654162 PO_B14_003932,421222,7599,0,0,413623,INR,2026-08-16T05:11:00Z,BATCH-TATA-3932
PO_B14_003933,Razorpay Nodal,NYKA-EXC-810999-UNRESOLVED,225773,4505,0,0,221268,INR,2026-08-16T16:43:00Z,HOLD-ESCROW
PO_B14_003934,BillDesk Settlement,JIOO-INV-238368 PO_B14_003934,292309,7074,0,0,285235,INR,2026-08-15T20:18:00Z,BATCH-JIOO-3934
PO_B14_003935,PayU Enterprise,ZOMA-INV-260575 PO_B14_003935,122860,2404,0,0,120456,INR,2026-08-16T10:25:00Z,BATCH-ZOMA-3935
PO_B14_003936,PayU Enterprise,FLPK-ORD-782594 FLPK-ORD-210569 BATCH-FLPK-3936,155792,3115,0,0,152677,INR,2026-08-16T12:48:00Z,BATCH-FLPK-3936
PO_B14_003937,PayU Enterprise,PHNP-INV-715776 PO_B14_003937,202358,5028,0,0,197330,INR,2026-08-16T03:22:00Z,BATCH-PHNP-3937
PO_B14_003938,PayU Enterprise,BKMS-INV-354491 PO_B14_003938,328544,7725,0,0,320819,INR,2026-08-16T00:15:00Z,BATCH-BKMS-3938
PO_B14_003939,PayU Enterprise,FLPK-ORD-417463 FLPK-ORD-494237 FLPK-ORD-524751 BATCH-FLPK-3939,411417,8228,0,0,403189,INR,2026-08-16T08:49:00Z,BATCH-FLPK-3939
PO_B14_003940,Cashfree Escrow,NYKA-ORD-829802 NYKA-ORD-138202 NYKA-ORD-699449 BATCH-NYKA-3940,207580,4151,0,0,203429,INR,2026-08-16T07:21:00Z,BATCH-NYKA-3940
PO_B14_003941,BillDesk Settlement,NYKA-ORD-693635 NYKA-ORD-242919 BATCH-NYKA-3941,384809,7696,0,0,377113,INR,2026-08-16T05:21:00Z,BATCH-NYKA-3941
PO_B14_003942,BillDesk Settlement,BKMS-ORD-183426 BKMS-ORD-712076 BATCH-BKMS-3942,149720,2994,0,0,146726,INR,2026-08-16T13:06:00Z,BATCH-BKMS-3942
PO_B14_003943,Razorpay Nodal,BKMS-INV-154739 PO_B14_003943,32216,609,0,0,31607,INR,2026-08-16T11:57:00Z,BATCH-BKMS-3943
PO_B14_003944,Cashfree Escrow,ZOMA-ORD-482347 ZOMA-ORD-546593 BATCH-ZOMA-3944,329288,6585,0,0,322703,INR,2026-08-16T16:29:00Z,BATCH-ZOMA-3944
PO_B14_003945,Cashfree Escrow,MMTR-INV-100934 PO_B14_003945,418040,8423,0,0,409617,INR,2026-08-16T11:53:00Z,BATCH-MMTR-3945
PO_B14_003946,Cashfree Escrow,NYKA-INV-532867 PO_B14_003946,361524,6731,0,0,354793,INR,2026-08-15T20:10:00Z,BATCH-NYKA-3946
PO_B14_003947,Razorpay Nodal,SWIG-INV-594580 PO_B14_003947,286302,6943,0,0,279359,INR,2026-08-16T10:50:00Z,BATCH-SWIG-3947
PO_B14_003948,Cashfree Escrow,OLAA-INV-106458 PO_B14_003948,179093,3177,0,0,175916,INR,2026-08-16T02:00:00Z,BATCH-OLAA-3948
PO_B14_003949,Cashfree Escrow,TATA-INV-782021 PO_B14_003949,430274,7778,0,0,422496,INR,2026-08-15T22:11:00Z,BATCH-TATA-3949
PO_B14_003950,Cashfree Escrow,OLAA-INV-619088 PO_B14_003950,45956,841,0,0,45115,INR,2026-08-16T15:29:00Z,BATCH-OLAA-3950
PO_B14_003951,Cashfree Escrow,MMTR-ORD-435649 MMTR-ORD-412991 BATCH-MMTR-3951,159180,3183,0,0,155997,INR,2026-08-16T05:18:00Z,BATCH-MMTR-3951
PO_B14_003952,Stripe India,MYNT-INV-752263 PO_B14_003952,282498,4716,0,0,277782,INR,2026-08-16T09:02:00Z,BATCH-MYNT-3952
PO_B14_003953,Stripe India,NYKA-ORD-382523 NYKA-ORD-999460 NYKA-ORD-614556 BATCH-NYKA-3953,212026,4240,0,0,207786,INR,2026-08-16T04:46:00Z,BATCH-NYKA-3953
PO_B14_003954,Stripe India,TATA-ORD-669406 TATA-ORD-307354 TATA-ORD-256196 BATCH-TATA-3954,262202,5244,0,0,256958,INR,2026-08-16T12:54:00Z,BATCH-TATA-3954
PO_B14_003955,Cashfree Escrow,BLNK-INV-253915 PO_B14_003955,291835,6404,0,0,285431,INR,2026-08-15T23:04:00Z,BATCH-BLNK-3955
PO_B14_003956,Razorpay Nodal,FLPK-ORD-579572 FLPK-ORD-811748 FLPK-ORD-435192 BATCH-FLPK-3956,200809,4016,0,0,196793,INR,2026-08-16T06:47:00Z,BATCH-FLPK-3956
PO_B14_003957,PayU Enterprise,MYNT-INV-201909 PO_B14_003957,241106,4306,0,0,236800,INR,2026-08-16T05:26:00Z,BATCH-MYNT-3957
PO_B14_003958,Cashfree Escrow,PAYT-ORD-857165 PAYT-ORD-669236 BATCH-PAYT-3958,211197,4223,0,0,206974,INR,2026-08-15T22:22:00Z,BATCH-PAYT-3958
PO_B14_003959,Razorpay Nodal,NYKA-INV-928870 PO_B14_003959,59878,1489,0,0,58389,INR,2026-08-15T15:37:00Z,BATCH-NYKA-3959
PO_B14_003960,Stripe India,TATA-INV-518956 PO_B14_003960,371257,6130,0,0,365127,INR,2026-08-16T07:20:00Z,BATCH-TATA-3960
PO_B14_003961,Stripe India,UBER-INV-191951 PO_B14_003961,424696,9215,0,0,415481,INR,2026-08-15T21:51:00Z,BATCH-UBER-3961
PO_B14_003962,Cashfree Escrow,MMTR-INV-810147 PO_B14_003962,280984,5600,0,0,275384,INR,2026-08-16T15:07:00Z,BATCH-MMTR-3962
PO_B14_003963,Stripe India,BKMS-INV-262455 PO_B14_003963,424380,7277,0,0,417103,INR,2026-08-15T22:00:00Z,BATCH-BKMS-3963
PO_B14_003964,Razorpay Nodal,MYNT-INV-987238 PO_B14_003964,217885,4110,0,0,213775,INR,2026-08-16T04:36:00Z,BATCH-MYNT-3964
PO_B14_003965,PayU Enterprise,PHNP-INV-181671 PO_B14_003965,105372,2238,0,0,103134,INR,2026-08-16T02:59:00Z,BATCH-PHNP-3965
PO_B14_003966,Cashfree Escrow,FLPK-INV-137004 PO_B14_003966,283950,6627,0,0,277323,INR,2026-08-15T17:52:00Z,BATCH-FLPK-3966
PO_B14_003967,Razorpay Nodal,MMTR-ORD-248770 MMTR-ORD-934429 MMTR-ORD-763726 BATCH-MMTR-3967,447907,8958,0,0,438949,INR,2026-08-16T15:37:00Z,BATCH-MMTR-3967
PO_B14_003968,BillDesk Settlement,NYKA-INV-504398 PO_B14_003968,353957,7534,0,0,346423,INR,2026-08-15T20:02:00Z,BATCH-NYKA-3968
PO_B14_003969,Stripe India,OLAA-INV-939484 PO_B14_003969,179060,3862,0,0,175198,INR,2026-08-16T02:05:00Z,BATCH-OLAA-3969
PO_B14_003970,Razorpay Nodal,NYKA-INV-361993 PO_B14_003970,444284,8419,0,0,435865,INR,2026-08-16T09:59:00Z,BATCH-NYKA-3970
PO_B14_003971,Stripe India,NYKA-ORD-933752 NYKA-ORD-483792 NYKA-ORD-424056 BATCH-NYKA-3971,271272,5425,0,0,265847,INR,2026-08-16T17:41:00Z,BATCH-NYKA-3971
PO_B14_003972,Stripe India,PAYT-INV-217046 PO_B14_003972,155046,2581,0,0,152465,INR,2026-08-16T20:11:00Z,BATCH-PAYT-3972
PO_B14_003973,Cashfree Escrow,BBAS-INV-108465 PO_B14_003973,439381,6992,0,0,432389,INR,2026-08-16T08:20:00Z,BATCH-BBAS-3973
PO_B14_003974,Stripe India,MMTR-ORD-271612 MMTR-ORD-829011 BATCH-MMTR-3974,360703,7214,0,0,353489,INR,2026-08-16T11:35:00Z,BATCH-MMTR-3974
PO_B14_003975,Razorpay Nodal,BLNK-INV-118136 PO_B14_003975,108897,2559,0,0,106338,INR,2026-08-16T15:09:00Z,BATCH-BLNK-3975
PO_B14_003976,Razorpay Nodal,OLAA-INV-933122 PO_B14_003976,104078,1682,0,0,102396,INR,2026-08-16T09:52:00Z,BATCH-OLAA-3976
PO_B14_003977,BillDesk Settlement,TATA-INV-832932 PO_B14_003977,174559,3224,0,0,171335,INR,2026-08-16T12:52:00Z,BATCH-TATA-3977
PO_B14_003978,Razorpay Nodal,AMZN-ORD-228899 AMZN-ORD-618914 BATCH-AMZN-3978,353205,7064,0,0,346141,INR,2026-08-16T05:22:00Z,BATCH-AMZN-3978
PO_B14_003979,BillDesk Settlement,PHNP-INV-389914 PO_B14_003979,184473,4046,0,0,180427,INR,2026-08-15T19:58:00Z,BATCH-PHNP-3979
PO_B14_003980,Razorpay Nodal,MMTR-INV-526408 PO_B14_003980,421269,6497,0,0,414772,INR,2026-08-16T12:20:00Z,BATCH-MMTR-3980
PO_B14_003981,Cashfree Escrow,TATA-INV-769363 PO_B14_003981,384644,6854,0,0,377790,INR,2026-08-16T16:33:00Z,BATCH-TATA-3981
PO_B14_003982,PayU Enterprise,BBAS-INV-210827 PO_B14_003982,102289,1626,0,0,100663,INR,2026-08-16T03:12:00Z,BATCH-BBAS-3982
PO_B14_003983,Razorpay Nodal,BKMS-INV-168910 PO_B14_003983,292869,5617,0,0,287252,INR,2026-08-16T14:23:00Z,BATCH-BKMS-3983
PO_B14_003984,PayU Enterprise,BKMS-INV-232666 PO_B14_003984,107048,2331,0,0,104717,INR,2026-08-16T12:06:00Z,BATCH-BKMS-3984
PO_B14_003985,Cashfree Escrow,NYKA-INV-848530 PO_B14_003985,236080,3840,0,0,232240,INR,2026-08-16T04:21:00Z,BATCH-NYKA-3985
PO_B14_003986,BillDesk Settlement,FLPK-INV-230110 PO_B14_003986,386645,8473,0,0,378172,INR,2026-08-16T00:20:00Z,BATCH-FLPK-3986
PO_B14_003987,Razorpay Nodal,JIOO-INV-892230 PO_B14_003987,175317,3191,0,0,172126,INR,2026-08-16T01:19:00Z,BATCH-JIOO-3987
PO_B14_003988,PayU Enterprise,SWIG-INV-482414 PO_B14_003988,323315,5638,0,0,317677,INR,2026-08-16T15:57:00Z,BATCH-SWIG-3988
PO_B14_003989,PayU Enterprise,OLAA-ORD-652125 OLAA-ORD-334569 OLAA-ORD-867073 BATCH-OLAA-3989,326910,6538,0,0,320372,INR,2026-08-16T12:07:00Z,BATCH-OLAA-3989
PO_B14_003990,Razorpay Nodal,PHNP-ORD-795732 PHNP-ORD-404624 BATCH-PHNP-3990,295789,5915,0,0,289874,INR,2026-08-16T19:47:00Z,BATCH-PHNP-3990
PO_B14_003991,PayU Enterprise,FLPK-INV-935877 PO_B14_003991,413782,8242,0,0,405540,INR,2026-08-15T22:28:00Z,BATCH-FLPK-3991
PO_B14_003992,PayU Enterprise,OLAA-INV-848738 PO_B14_003992,432533,9953,0,0,422580,INR,2026-08-16T08:39:00Z,BATCH-OLAA-3992
PO_B14_003993,Cashfree Escrow,ZOMA-INV-205762 PO_B14_003993,262991,4023,0,0,258968,INR,2026-08-16T13:47:00Z,BATCH-ZOMA-3993
PO_B14_003994,PayU Enterprise,JIOO-ORD-172772 JIOO-ORD-757284 BATCH-JIOO-3994,353444,7068,0,0,346376,INR,2026-08-16T16:08:00Z,BATCH-JIOO-3994
PO_B14_003995,Cashfree Escrow,AMZN-INV-287329 PO_B14_003995,302274,5468,0,0,296806,INR,2026-08-16T04:27:00Z,BATCH-AMZN-3995
PO_B14_003996,Razorpay Nodal,BLNK-INV-859506 PO_B14_003996,174462,3622,0,0,170840,INR,2026-08-16T01:03:00Z,BATCH-BLNK-3996
PO_B14_003997,Stripe India,PAYT-INV-585895 PO_B14_003997,184578,3327,0,0,181251,INR,2026-08-16T06:58:00Z,BATCH-PAYT-3997
PO_B14_003998,Stripe India,SWIG-INV-288471 PO_B14_003998,83514,1906,0,0,81608,INR,2026-08-16T10:08:00Z,BATCH-SWIG-3998
PO_B14_003999,Stripe India,BLNK-INV-749888 PO_B14_003999,161597,2571,0,0,159026,INR,2026-08-16T21:22:00Z,BATCH-BLNK-3999
PO_B14_004000,PayU Enterprise,MYNT-INV-723428 PO_B14_004000,239226,5025,0,0,234201,INR,2026-08-16T06:48:00Z,BATCH-MYNT-4000
PO_B14_004001,Razorpay Nodal,FLPK-INV-622347 PO_B14_004001,264863,4131,0,0,260732,INR,2026-08-16T03:37:00Z,BATCH-FLPK-4001
PO_B14_004002,Cashfree Escrow,AMZN-INV-373421 PO_B14_004002,413523,9182,0,0,404341,INR,2026-08-16T05:35:00Z,BATCH-AMZN-4002
PO_B14_004003,Stripe India,TATA-ORD-278268 TATA-ORD-990834 TATA-ORD-929124 BATCH-TATA-4003,513608,10272,0,0,503336,INR,2026-08-16T14:46:00Z,BATCH-TATA-4003
PO_B14_004004,PayU Enterprise,AMZN-ORD-383271 AMZN-ORD-165747 BATCH-AMZN-4004,186263,3725,0,0,182538,INR,2026-08-16T13:39:00Z,BATCH-AMZN-4004
PO_B14_004005,Cashfree Escrow,OLAA-ORD-662781 OLAA-ORD-971750 BATCH-OLAA-4005,174025,3480,0,0,170545,INR,2026-08-16T00:53:00Z,BATCH-OLAA-4005
PO_B14_004006,BillDesk Settlement,BKMS-INV-644563 PO_B14_004006,78844,1771,0,0,77073,INR,2026-08-16T09:08:00Z,BATCH-BKMS-4006
PO_B14_004007,Stripe India,UBER-INV-882296 PO_B14_004007,62619,1310,0,0,61309,INR,2026-08-16T18:57:00Z,BATCH-UBER-4007
PO_B14_004008,Cashfree Escrow,MMTR-EXC-715684-UNRESOLVED,104774,2085,0,0,102689,INR,2026-08-16T10:16:00Z,HOLD-ESCROW
PO_B14_004009,PayU Enterprise,BLNK-INV-736328 PO_B14_004009,440959,10264,0,0,430695,INR,2026-08-15T15:30:00Z,BATCH-BLNK-4009
PO_B14_004010,Razorpay Nodal,MYNT-INV-686167 PO_B14_004010,145602,2389,0,0,143213,INR,2026-08-16T05:05:00Z,BATCH-MYNT-4010
PO_B14_004011,BillDesk Settlement,BKMS-EXC-466516-UNRESOLVED,118178,2353,0,0,115825,INR,2026-08-16T21:31:00Z,HOLD-ESCROW
PO_B14_004012,Stripe India,BBAS-INV-836320 PO_B14_004012,411331,8050,0,0,403281,INR,2026-08-16T11:44:00Z,BATCH-BBAS-4012
PO_B14_004013,PayU Enterprise,OLAA-INV-313152 PO_B14_004013,88641,1658,0,0,86983,INR,2026-08-16T16:23:00Z,BATCH-OLAA-4013
PO_B14_004014,Stripe India,ZOMA-ORD-931964 ZOMA-ORD-884846 ZOMA-ORD-150380 BATCH-ZOMA-4014,222550,4451,0,0,218099,INR,2026-08-16T10:25:00Z,BATCH-ZOMA-4014
PO_B14_004015,Razorpay Nodal,BBAS-ORD-412418 BBAS-ORD-732958 BATCH-BBAS-4015,360365,7207,0,0,353158,INR,2026-08-16T06:36:00Z,BATCH-BBAS-4015
PO_B14_004016,Stripe India,MMTR-ORD-576902 MMTR-ORD-815852 MMTR-ORD-814994 BATCH-MMTR-4016,321788,6435,0,0,315353,INR,2026-08-16T19:27:00Z,BATCH-MMTR-4016
PO_B14_004017,Stripe India,BLNK-ORD-172056 BLNK-ORD-572289 BLNK-ORD-718280 BATCH-BLNK-4017,442554,8851,0,0,433703,INR,2026-08-16T08:46:00Z,BATCH-BLNK-4017
PO_B14_004018,Cashfree Escrow,BBAS-ORD-838820 BBAS-ORD-835487 BBAS-ORD-388212 BATCH-BBAS-4018,512842,10256,0,0,502586,INR,2026-08-16T09:57:00Z,BATCH-BBAS-4018
PO_B14_004019,Stripe India,MMTR-INV-979813 PO_B14_004019,374392,6644,0,0,367748,INR,2026-08-16T07:27:00Z,BATCH-MMTR-4019
PO_B14_004020,Cashfree Escrow,AMZN-INV-136033 PO_B14_004020,396384,6713,0,0,389671,INR,2026-08-16T02:10:00Z,BATCH-AMZN-4020
PO_B14_004021,Cashfree Escrow,NYKA-EXC-659233-UNRESOLVED,181676,3623,0,0,178053,INR,2026-08-17T05:59:00Z,HOLD-ESCROW
PO_B14_004022,Cashfree Escrow,OLAA-ORD-135612 OLAA-ORD-117414 BATCH-OLAA-4022,425593,8511,0,0,417082,INR,2026-08-16T18:39:00Z,BATCH-OLAA-4022
PO_B14_004023,Stripe India,JIOO-INV-734347 PO_B14_004023,328267,6711,0,0,321556,INR,2026-08-16T17:06:00Z,BATCH-JIOO-4023
PO_B14_004024,Stripe India,BKMS-ORD-712998 BKMS-ORD-304226 BATCH-BKMS-4024,324375,6487,0,0,317888,INR,2026-08-16T15:26:00Z,BATCH-BKMS-4024
PO_B14_004025,Cashfree Escrow,SWIG-ORD-343248 SWIG-ORD-322168 BATCH-SWIG-4025,383980,7679,0,0,376301,INR,2026-08-16T15:08:00Z,BATCH-SWIG-4025
PO_B14_004026,Cashfree Escrow,AMZN-INV-794128 PO_B14_004026,367070,6034,0,0,361036,INR,2026-08-16T12:35:00Z,BATCH-AMZN-4026
PO_B14_004027,BillDesk Settlement,AMZN-INV-560684 PO_B14_004027,328673,6019,0,0,322654,INR,2026-08-16T07:12:00Z,BATCH-AMZN-4027
PO_B14_004028,PayU Enterprise,ZOMA-EXC-200854-UNRESOLVED,218121,4352,0,0,213769,INR,2026-08-16T16:08:00Z,HOLD-ESCROW
PO_B14_004029,PayU Enterprise,FLPK-INV-545946 PO_B14_004029,301997,7079,0,0,294918,INR,2026-08-16T05:52:00Z,BATCH-FLPK-4029
PO_B14_004030,PayU Enterprise,BKMS-INV-598806 PO_B14_004030,135349,2582,0,0,132767,INR,2026-08-16T11:55:00Z,BATCH-BKMS-4030
PO_B14_004031,BillDesk Settlement,AMZN-INV-252888 PO_B14_004031,393213,8266,0,0,384947,INR,2026-08-15T16:04:00Z,BATCH-AMZN-4031
PO_B14_004032,Cashfree Escrow,BLNK-INV-345238 PO_B14_004032,205645,4497,0,0,201148,INR,2026-08-16T05:06:00Z,BATCH-BLNK-4032
PO_B14_004033,PayU Enterprise,PAYT-INV-847125 PO_B14_004033,169974,3191,0,0,166783,INR,2026-08-16T06:21:00Z,BATCH-PAYT-4033
PO_B14_004034,BillDesk Settlement,NYKA-INV-920063 PO_B14_004034,309833,6493,0,0,303340,INR,2026-08-15T17:55:00Z,BATCH-NYKA-4034
PO_B14_004035,Cashfree Escrow,JIOO-ORD-647450 JIOO-ORD-587640 BATCH-JIOO-4035,310385,6207,0,0,304178,INR,2026-08-16T07:43:00Z,BATCH-JIOO-4035
PO_B14_004036,Razorpay Nodal,UBER-ORD-387025 UBER-ORD-311011 UBER-ORD-549478 BATCH-UBER-4036,455747,9114,0,0,446633,INR,2026-08-16T19:19:00Z,BATCH-UBER-4036
PO_B14_004037,BillDesk Settlement,MMTR-ORD-786981 MMTR-ORD-392571 MMTR-ORD-320194 BATCH-MMTR-4037,359366,7187,0,0,352179,INR,2026-08-16T02:51:00Z,BATCH-MMTR-4037
PO_B14_004038,PayU Enterprise,ZOMA-ORD-689160 ZOMA-ORD-984494 BATCH-ZOMA-4038,408193,8163,0,0,400030,INR,2026-08-16T08:10:00Z,BATCH-ZOMA-4038
PO_B14_004039,BillDesk Settlement,BKMS-INV-754351 PO_B14_004039,447479,10412,0,0,437067,INR,2026-08-16T14:36:00Z,BATCH-BKMS-4039
PO_B14_004040,Stripe India,BBAS-INV-226872 PO_B14_004040,61631,1270,0,0,60361,INR,2026-08-15T23:09:00Z,BATCH-BBAS-4040
PO_B14_004041,Razorpay Nodal,BLNK-INV-175387 PO_B14_004041,83920,1996,0,0,81924,INR,2026-08-16T09:32:00Z,BATCH-BLNK-4041
PO_B14_004042,PayU Enterprise,PHNP-INV-550117 PO_B14_004042,239911,4708,0,0,235203,INR,2026-08-16T05:11:00Z,BATCH-PHNP-4042
PO_B14_004043,BillDesk Settlement,PHNP-EXC-811426-UNRESOLVED,82966,1649,0,0,81317,INR,2026-08-16T09:21:00Z,HOLD-ESCROW
PO_B14_004044,Razorpay Nodal,PAYT-ORD-242723 PAYT-ORD-260667 BATCH-PAYT-4044,174850,3497,0,0,171353,INR,2026-08-16T00:57:00Z,BATCH-PAYT-4044
PO_B14_004045,Cashfree Escrow,NYKA-ORD-784589 NYKA-ORD-974181 BATCH-NYKA-4045,239808,4796,0,0,235012,INR,2026-08-16T00:59:00Z,BATCH-NYKA-4045
PO_B14_004046,PayU Enterprise,FLPK-ORD-335165 FLPK-ORD-537814 FLPK-ORD-814970 BATCH-FLPK-4046,292956,5859,0,0,287097,INR,2026-08-16T02:16:00Z,BATCH-FLPK-4046
PO_B14_004047,Razorpay Nodal,AMZN-ORD-792562 AMZN-ORD-767327 BATCH-AMZN-4047,220650,4413,0,0,216237,INR,2026-08-16T13:27:00Z,BATCH-AMZN-4047
PO_B14_004048,BillDesk Settlement,ZOMA-INV-599766 PO_B14_004048,329668,6702,0,0,322966,INR,2026-08-16T12:16:00Z,BATCH-ZOMA-4048
PO_B14_004049,Stripe India,BKMS-ORD-919503 BKMS-ORD-307056 BATCH-BKMS-4049,161096,3221,0,0,157875,INR,2026-08-16T18:27:00Z,BATCH-BKMS-4049
PO_B14_004050,Cashfree Escrow,TATA-INV-406757 PO_B14_004050,289834,5957,0,0,283877,INR,2026-08-16T17:39:00Z,BATCH-TATA-4050
PO_B14_004051,PayU Enterprise,MYNT-ORD-755717 MYNT-ORD-606683 BATCH-MYNT-4051,381601,7632,0,0,373969,INR,2026-08-15T21:30:00Z,BATCH-MYNT-4051
PO_B14_004052,Stripe India,NYKA-ORD-170801 NYKA-ORD-205110 NYKA-ORD-871870 BATCH-NYKA-4052,555662,11113,0,0,544549,INR,2026-08-16T19:26:00Z,BATCH-NYKA-4052
PO_B14_004053,Stripe India,SWIG-ORD-182352 SWIG-ORD-427661 SWIG-ORD-946506 BATCH-SWIG-4053,230207,4604,0,0,225603,INR,2026-08-16T13:42:00Z,BATCH-SWIG-4053
PO_B14_004054,BillDesk Settlement,MMTR-ORD-514900 MMTR-ORD-374363 MMTR-ORD-699927 BATCH-MMTR-4054,291485,5829,0,0,285656,INR,2026-08-16T09:08:00Z,BATCH-MMTR-4054
PO_B14_004055,Razorpay Nodal,SWIG-ORD-756855 SWIG-ORD-139327 SWIG-ORD-243436 BATCH-SWIG-4055,441241,8824,0,0,432417,INR,2026-08-16T16:41:00Z,BATCH-SWIG-4055
PO_B14_004056,PayU Enterprise,MYNT-INV-168485 PO_B14_004056,390808,9373,0,0,381435,INR,2026-08-15T14:54:00Z,BATCH-MYNT-4056
PO_B14_004057,BillDesk Settlement,SWIG-INV-601048 PO_B14_004057,155421,3208,0,0,152213,INR,2026-08-15T17:24:00Z,BATCH-SWIG-4057
PO_B14_004058,Razorpay Nodal,AMZN-ORD-319641 AMZN-ORD-329486 AMZN-ORD-248168 BATCH-AMZN-4058,433782,8675,0,0,425107,INR,2026-08-16T05:15:00Z,BATCH-AMZN-4058
PO_B14_004059,Cashfree Escrow,PHNP-INV-361082 PO_B14_004059,25357,564,0,0,24793,INR,2026-08-16T05:37:00Z,BATCH-PHNP-4059
PO_B14_004060,Cashfree Escrow,MMTR-INV-264528 PO_B14_004060,266648,6242,0,0,260406,INR,2026-08-16T18:25:00Z,BATCH-MMTR-4060
PO_B14_004061,Stripe India,FLPK-ORD-797239 FLPK-ORD-734627 BATCH-FLPK-4061,162583,3251,0,0,159332,INR,2026-08-16T02:23:00Z,BATCH-FLPK-4061
PO_B14_004062,BillDesk Settlement,FLPK-INV-525209 PO_B14_004062,80966,1552,0,0,79414,INR,2026-08-16T16:18:00Z,BATCH-FLPK-4062
PO_B14_004063,PayU Enterprise,MMTR-ORD-544178 MMTR-ORD-237457 BATCH-MMTR-4063,147022,2940,0,0,144082,INR,2026-08-16T17:12:00Z,BATCH-MMTR-4063
PO_B14_004064,Cashfree Escrow,PHNP-INV-283561 PO_B14_004064,32111,772,0,0,31339,INR,2026-08-16T14:12:00Z,BATCH-PHNP-4064
PO_B14_004065,Razorpay Nodal,AMZN-ORD-943066 AMZN-ORD-831768 BATCH-AMZN-4065,241896,4837,0,0,237059,INR,2026-08-15T21:15:00Z,BATCH-AMZN-4065
PO_B14_004066,PayU Enterprise,MMTR-INV-649489 PO_B14_004066,272306,4432,0,0,267874,INR,2026-08-15T19:43:00Z,BATCH-MMTR-4066
PO_B14_004067,BillDesk Settlement,BLNK-ORD-675813 BLNK-ORD-274397 BATCH-BLNK-4067,462986,9259,0,0,453727,INR,2026-08-16T13:19:00Z,BATCH-BLNK-4067
PO_B14_004068,Razorpay Nodal,BBAS-ORD-763607 BBAS-ORD-443258 BBAS-ORD-670029 BATCH-BBAS-4068,403161,8063,0,0,395098,INR,2026-08-16T17:29:00Z,BATCH-BBAS-4068
PO_B14_004069,Razorpay Nodal,UBER-INV-330782 PO_B14_004069,402552,6564,0,0,395988,INR,2026-08-16T05:06:00Z,BATCH-UBER-4069
PO_B14_004070,Stripe India,JIOO-ORD-748629 JIOO-ORD-755219 BATCH-JIOO-4070,337647,6752,0,0,330895,INR,2026-08-16T18:24:00Z,BATCH-JIOO-4070
PO_B14_004071,BillDesk Settlement,FLPK-EXC-895404-UNRESOLVED,72006,1430,0,0,70576,INR,2026-08-17T08:35:00Z,HOLD-ESCROW
PO_B14_004072,Razorpay Nodal,SWIG-INV-760246 PO_B14_004072,169505,3543,0,0,165962,INR,2026-08-16T01:15:00Z,BATCH-SWIG-4072
PO_B14_004073,Stripe India,NYKA-INV-248701 PO_B14_004073,228760,5201,0,0,223559,INR,2026-08-16T08:50:00Z,BATCH-NYKA-4073
PO_B14_004074,Razorpay Nodal,JIOO-EXC-567165-UNRESOLVED,232892,4647,0,0,228245,INR,2026-08-17T04:12:00Z,HOLD-ESCROW
PO_B14_004075,BillDesk Settlement,UBER-INV-641255 PO_B14_004075,380862,7835,0,0,373027,INR,2026-08-15T20:08:00Z,BATCH-UBER-4075
PO_B14_004076,BillDesk Settlement,BKMS-INV-192311 PO_B14_004076,309475,6900,0,0,302575,INR,2026-08-16T15:28:00Z,BATCH-BKMS-4076
PO_B14_004077,PayU Enterprise,BBAS-ORD-843083 BBAS-ORD-507617 BATCH-BBAS-4077,432292,8645,0,0,423647,INR,2026-08-16T09:40:00Z,BATCH-BBAS-4077
PO_B14_004078,Cashfree Escrow,MYNT-EXC-566397-UNRESOLVED,181986,3629,0,0,178357,INR,2026-08-16T16:57:00Z,HOLD-ESCROW
PO_B14_004079,Razorpay Nodal,BKMS-INV-974277 PO_B14_004079,165074,3660,0,0,161414,INR,2026-08-16T13:52:00Z,BATCH-BKMS-4079
PO_B14_004080,Razorpay Nodal,BBAS-EXC-622142-UNRESOLVED,214813,4286,0,0,210527,INR,2026-08-17T00:32:00Z,HOLD-ESCROW
PO_B14_004081,BillDesk Settlement,PHNP-INV-625685 PO_B14_004081,43367,822,0,0,42545,INR,2026-08-16T18:54:00Z,BATCH-PHNP-4081
PO_B14_004082,PayU Enterprise,AMZN-ORD-602887 AMZN-ORD-601937 AMZN-ORD-834851 BATCH-AMZN-4082,300500,6010,0,0,294490,INR,2026-08-16T04:59:00Z,BATCH-AMZN-4082
PO_B14_004083,Cashfree Escrow,FLPK-ORD-140083 FLPK-ORD-422644 BATCH-FLPK-4083,388896,7777,0,0,381119,INR,2026-08-15T22:04:00Z,BATCH-FLPK-4083
PO_B14_004084,Razorpay Nodal,BKMS-INV-426218 PO_B14_004084,425318,10434,0,0,414884,INR,2026-08-16T10:28:00Z,BATCH-BKMS-4084
PO_B14_004085,PayU Enterprise,OLAA-INV-517923 PO_B14_004085,239394,4341,0,0,235053,INR,2026-08-16T07:41:00Z,BATCH-OLAA-4085
PO_B14_004086,PayU Enterprise,BLNK-INV-619693 PO_B14_004086,330368,7138,0,0,323230,INR,2026-08-16T04:23:00Z,BATCH-BLNK-4086
PO_B14_004087,BillDesk Settlement,BKMS-INV-473019 PO_B14_004087,125120,2753,0,0,122367,INR,2026-08-16T03:58:00Z,BATCH-BKMS-4087
PO_B14_004088,Razorpay Nodal,AMZN-INV-102170 PO_B14_004088,228338,5127,0,0,223211,INR,2026-08-16T00:57:00Z,BATCH-AMZN-4088
PO_B14_004089,Stripe India,NYKA-ORD-203911 NYKA-ORD-108409 NYKA-ORD-123467 BATCH-NYKA-4089,394212,7884,0,0,386328,INR,2026-08-16T03:36:00Z,BATCH-NYKA-4089
PO_B14_004090,BillDesk Settlement,TATA-INV-560271 PO_B14_004090,359885,7387,0,0,352498,INR,2026-08-16T01:50:00Z,BATCH-TATA-4090
PO_B14_004091,Cashfree Escrow,PAYT-INV-538637 PO_B14_004091,45957,1092,0,0,44865,INR,2026-08-16T05:49:00Z,BATCH-PAYT-4091
PO_B14_004092,Stripe India,TATA-INV-642790 PO_B14_004092,100769,1694,0,0,99075,INR,2026-08-16T05:04:00Z,BATCH-TATA-4092
PO_B14_004093,Cashfree Escrow,TATA-INV-936549 PO_B14_004093,251852,6126,0,0,245726,INR,2026-08-16T05:13:00Z,BATCH-TATA-4093
PO_B14_004094,Cashfree Escrow,AMZN-INV-518206 PO_B14_004094,45791,1105,0,0,44686,INR,2026-08-16T12:15:00Z,BATCH-AMZN-4094
PO_B14_004095,Stripe India,BBAS-INV-598231 PO_B14_004095,403978,6842,0,0,397136,INR,2026-08-16T07:41:00Z,BATCH-BBAS-4095
PO_B14_004096,PayU Enterprise,BBAS-INV-723510 PO_B14_004096,45887,1062,0,0,44825,INR,2026-08-16T06:09:00Z,BATCH-BBAS-4096
PO_B14_004097,PayU Enterprise,MMTR-EXC-681966-UNRESOLVED,295683,5903,0,0,289780,INR,2026-08-17T01:32:00Z,HOLD-ESCROW
PO_B14_004098,PayU Enterprise,OLAA-ORD-819326 OLAA-ORD-577643 BATCH-OLAA-4098,123554,2471,0,0,121083,INR,2026-08-16T02:36:00Z,BATCH-OLAA-4098
PO_B14_004099,PayU Enterprise,BLNK-INV-916105 PO_B14_004099,62650,1312,0,0,61338,INR,2026-08-16T14:41:00Z,BATCH-BLNK-4099
PO_B14_004100,PayU Enterprise,TATA-INV-303453 PO_B14_004100,448697,7730,0,0,440967,INR,2026-08-16T16:43:00Z,BATCH-TATA-4100
PO_B14_004101,Stripe India,BLNK-INV-795223 PO_B14_004101,111263,1737,0,0,109526,INR,2026-08-16T04:05:00Z,BATCH-BLNK-4101
PO_B14_004102,PayU Enterprise,UBER-INV-671873 PO_B14_004102,212650,5179,0,0,207471,INR,2026-08-16T18:20:00Z,BATCH-UBER-4102
PO_B14_004103,PayU Enterprise,ZOMA-INV-393296 PO_B14_004103,204916,3756,0,0,201160,INR,2026-08-16T06:24:00Z,BATCH-ZOMA-4103
PO_B14_004104,Cashfree Escrow,PHNP-ORD-608345 PHNP-ORD-157169 PHNP-ORD-424179 BATCH-PHNP-4104,421553,8431,0,0,413122,INR,2026-08-16T19:41:00Z,BATCH-PHNP-4104
PO_B14_004105,BillDesk Settlement,ZOMA-INV-292846 PO_B14_004105,49394,875,0,0,48519,INR,2026-08-16T11:14:00Z,BATCH-ZOMA-4105
PO_B14_004106,Stripe India,PAYT-ORD-211044 PAYT-ORD-433175 PAYT-ORD-306091 BATCH-PAYT-4106,413658,8273,0,0,405385,INR,2026-08-16T11:04:00Z,BATCH-PAYT-4106
PO_B14_004107,Stripe India,TATA-INV-876171 PO_B14_004107,125948,2135,0,0,123813,INR,2026-08-16T13:42:00Z,BATCH-TATA-4107
PO_B14_004108,Stripe India,OLAA-INV-972088 PO_B14_004108,114435,2024,0,0,112411,INR,2026-08-16T09:52:00Z,BATCH-OLAA-4108
PO_B14_004109,Razorpay Nodal,BKMS-INV-125959 PO_B14_004109,166292,2987,0,0,163305,INR,2026-08-16T02:21:00Z,BATCH-BKMS-4109
PO_B14_004110,Razorpay Nodal,TATA-ORD-396405 TATA-ORD-346448 BATCH-TATA-4110,379806,7596,0,0,372210,INR,2026-08-15T23:13:00Z,BATCH-TATA-4110
PO_B14_004111,PayU Enterprise,ZOMA-INV-717571 PO_B14_004111,158998,2984,0,0,156014,INR,2026-08-16T12:24:00Z,BATCH-ZOMA-4111
PO_B14_004112,Stripe India,MYNT-INV-301317 PO_B14_004112,221964,3711,0,0,218253,INR,2026-08-16T00:56:00Z,BATCH-MYNT-4112
PO_B14_004113,Stripe India,NYKA-INV-472984 PO_B14_004113,392968,9467,0,0,383501,INR,2026-08-16T11:56:00Z,BATCH-NYKA-4113
PO_B14_004114,PayU Enterprise,OLAA-INV-813081 PO_B14_004114,127967,2398,0,0,125569,INR,2026-08-16T20:09:00Z,BATCH-OLAA-4114
PO_B14_004115,Stripe India,TATA-INV-213395 PO_B14_004115,161883,3294,0,0,158589,INR,2026-08-16T17:40:00Z,BATCH-TATA-4115
PO_B14_004116,BillDesk Settlement,AMZN-INV-367144 PO_B14_004116,224944,3401,0,0,221543,INR,2026-08-16T06:09:00Z,BATCH-AMZN-4116
PO_B14_004117,Razorpay Nodal,SWIG-INV-529137 PO_B14_004117,191412,3498,0,0,187914,INR,2026-08-16T11:51:00Z,BATCH-SWIG-4117
PO_B14_004118,Stripe India,PHNP-INV-950523 PO_B14_004118,356573,6196,0,0,350377,INR,2026-08-16T05:34:00Z,BATCH-PHNP-4118
PO_B14_004119,PayU Enterprise,SWIG-INV-691733 PO_B14_004119,195233,3322,0,0,191911,INR,2026-08-16T02:48:00Z,BATCH-SWIG-4119
PO_B14_004120,BillDesk Settlement,UBER-ORD-211359 UBER-ORD-263773 UBER-ORD-252988 BATCH-UBER-4120,527371,10547,0,0,516824,INR,2026-08-16T03:04:00Z,BATCH-UBER-4120
PO_B14_004121,PayU Enterprise,JIOO-ORD-433742 JIOO-ORD-400987 BATCH-JIOO-4121,124981,2499,0,0,122482,INR,2026-08-16T17:31:00Z,BATCH-JIOO-4121
PO_B14_004122,Stripe India,AMZN-INV-512021 PO_B14_004122,288452,4371,0,0,284081,INR,2026-08-16T02:47:00Z,BATCH-AMZN-4122
PO_B14_004123,Razorpay Nodal,MMTR-INV-912547 PO_B14_004123,200104,3527,0,0,196577,INR,2026-08-16T15:30:00Z,BATCH-MMTR-4123
PO_B14_004124,Razorpay Nodal,PAYT-INV-400007 PO_B14_004124,55566,1082,0,0,54484,INR,2026-08-16T01:31:00Z,BATCH-PAYT-4124
PO_B14_004125,Razorpay Nodal,PAYT-ORD-779240 PAYT-ORD-697593 PAYT-ORD-139181 BATCH-PAYT-4125,634974,12699,0,0,622275,INR,2026-08-16T14:48:00Z,BATCH-PAYT-4125
PO_B14_004126,Cashfree Escrow,BLNK-INV-236724 PO_B14_004126,256005,6282,0,0,249723,INR,2026-08-16T03:43:00Z,BATCH-BLNK-4126
PO_B14_004127,PayU Enterprise,BKMS-INV-425687 PO_B14_004127,88551,2111,0,0,86440,INR,2026-08-16T04:35:00Z,BATCH-BKMS-4127
PO_B14_004128,Cashfree Escrow,NYKA-INV-701817 PO_B14_004128,182777,3930,0,0,178847,INR,2026-08-15T18:19:00Z,BATCH-NYKA-4128
PO_B14_004129,PayU Enterprise,PHNP-ORD-635419 PHNP-ORD-484947 BATCH-PHNP-4129,225118,4502,0,0,220616,INR,2026-08-16T11:50:00Z,BATCH-PHNP-4129
PO_B14_004130,Razorpay Nodal,OLAA-INV-154402 PO_B14_004130,158128,2384,0,0,155744,INR,2026-08-16T13:28:00Z,BATCH-OLAA-4130
PO_B14_004131,Cashfree Escrow,UBER-INV-648220 PO_B14_004131,57355,1153,0,0,56202,INR,2026-08-16T08:38:00Z,BATCH-UBER-4131
PO_B14_004132,Stripe India,SWIG-INV-136379 PO_B14_004132,190890,3310,0,0,187580,INR,2026-08-16T17:20:00Z,BATCH-SWIG-4132
PO_B14_004133,PayU Enterprise,BKMS-INV-160665 PO_B14_004133,28115,488,0,0,27627,INR,2026-08-16T12:01:00Z,BATCH-BKMS-4133
PO_B14_004134,BillDesk Settlement,BKMS-ORD-991688 BKMS-ORD-380287 BATCH-BKMS-4134,463667,9273,0,0,454394,INR,2026-08-16T14:42:00Z,BATCH-BKMS-4134
PO_B14_004135,Cashfree Escrow,PAYT-ORD-564410 PAYT-ORD-827957 BATCH-PAYT-4135,378919,7578,0,0,371341,INR,2026-08-16T04:44:00Z,BATCH-PAYT-4135
PO_B14_004136,Cashfree Escrow,SWIG-INV-989456 PO_B14_004136,334864,8309,0,0,326555,INR,2026-08-16T00:18:00Z,BATCH-SWIG-4136
PO_B14_004137,PayU Enterprise,PHNP-ORD-683476 PHNP-ORD-754021 BATCH-PHNP-4137,310672,6213,0,0,304459,INR,2026-08-16T16:27:00Z,BATCH-PHNP-4137
PO_B14_004138,Razorpay Nodal,BKMS-ORD-417548 BKMS-ORD-135577 BKMS-ORD-804818 BATCH-BKMS-4138,588315,11766,0,0,576549,INR,2026-08-16T08:05:00Z,BATCH-BKMS-4138
PO_B14_004139,PayU Enterprise,TATA-INV-345617 PO_B14_004139,391645,7095,0,0,384550,INR,2026-08-16T13:51:00Z,BATCH-TATA-4139
PO_B14_004140,Cashfree Escrow,TATA-INV-983914 PO_B14_004140,66361,1286,0,0,65075,INR,2026-08-16T01:19:00Z,BATCH-TATA-4140
PO_B14_004141,Stripe India,SWIG-ORD-495514 SWIG-ORD-846580 BATCH-SWIG-4141,231564,4631,0,0,226933,INR,2026-08-16T18:37:00Z,BATCH-SWIG-4141
PO_B14_004142,Cashfree Escrow,AMZN-ORD-320393 AMZN-ORD-958380 BATCH-AMZN-4142,127370,2547,0,0,124823,INR,2026-08-16T16:10:00Z,BATCH-AMZN-4142
PO_B14_004143,Stripe India,JIOO-INV-783408 PO_B14_004143,391468,6927,0,0,384541,INR,2026-08-16T12:44:00Z,BATCH-JIOO-4143
PO_B14_004144,Stripe India,BKMS-INV-264954 PO_B14_004144,80262,1268,0,0,78994,INR,2026-08-15T23:12:00Z,BATCH-BKMS-4144
PO_B14_004145,BillDesk Settlement,PAYT-INV-747594 PO_B14_004145,215725,4919,0,0,210806,INR,2026-08-16T07:12:00Z,BATCH-PAYT-4145
PO_B14_004146,Stripe India,TATA-INV-462082 PO_B14_004146,328412,7666,0,0,320746,INR,2026-08-16T03:11:00Z,BATCH-TATA-4146
PO_B14_004147,Stripe India,FLPK-INV-233122 PO_B14_004147,231067,5136,0,0,225931,INR,2026-08-16T13:58:00Z,BATCH-FLPK-4147
PO_B14_004148,BillDesk Settlement,PHNP-ORD-565559 PHNP-ORD-379000 PHNP-ORD-891351 BATCH-PHNP-4148,422497,8449,0,0,414048,INR,2026-08-16T06:43:00Z,BATCH-PHNP-4148
PO_B14_004149,Cashfree Escrow,TATA-ORD-498447 TATA-ORD-362653 TATA-ORD-697917 BATCH-TATA-4149,209228,4184,0,0,205044,INR,2026-08-16T05:47:00Z,BATCH-TATA-4149
PO_B14_004150,Razorpay Nodal,AMZN-ORD-520876 AMZN-ORD-240077 BATCH-AMZN-4150,149556,2991,0,0,146565,INR,2026-08-16T04:40:00Z,BATCH-AMZN-4150
PO_B14_004151,PayU Enterprise,ZOMA-INV-412872 PO_B14_004151,49208,777,0,0,48431,INR,2026-08-16T20:29:00Z,BATCH-ZOMA-4151
PO_B14_004152,Cashfree Escrow,UBER-ORD-889805 UBER-ORD-929498 UBER-ORD-887190 BATCH-UBER-4152,422602,8452,0,0,414150,INR,2026-08-16T05:58:00Z,BATCH-UBER-4152
PO_B14_004153,BillDesk Settlement,PAYT-ORD-774128 PAYT-ORD-840724 PAYT-ORD-390722 BATCH-PAYT-4153,435787,8715,0,0,427072,INR,2026-08-15T22:09:00Z,BATCH-PAYT-4153
PO_B14_004154,Stripe India,NYKA-INV-791435 PO_B14_004154,127450,2901,0,0,124549,INR,2026-08-15T18:54:00Z,BATCH-NYKA-4154
PO_B14_004155,BillDesk Settlement,FLPK-INV-130402 PO_B14_004155,173552,3745,0,0,169807,INR,2026-08-16T14:50:00Z,BATCH-FLPK-4155
PO_B14_004156,Stripe India,OLAA-INV-219218 PO_B14_004156,404385,7889,0,0,396496,INR,2026-08-16T09:08:00Z,BATCH-OLAA-4156
PO_B14_004157,BillDesk Settlement,PHNP-INV-597834 PO_B14_004157,84571,1573,0,0,82998,INR,2026-08-15T22:15:00Z,BATCH-PHNP-4157
PO_B14_004158,Razorpay Nodal,TATA-EXC-630775-UNRESOLVED,52364,1037,0,0,51327,INR,2026-08-16T17:02:00Z,HOLD-ESCROW
PO_B14_004159,BillDesk Settlement,BKMS-INV-300475 PO_B14_004159,134612,2535,0,0,132077,INR,2026-08-16T02:44:00Z,BATCH-BKMS-4159
PO_B14_004160,Stripe India,MMTR-INV-224810 PO_B14_004160,146160,3394,0,0,142766,INR,2026-08-16T03:22:00Z,BATCH-MMTR-4160
PO_B14_004161,BillDesk Settlement,BLNK-INV-600437 PO_B14_004161,396574,8020,0,0,388554,INR,2026-08-16T15:19:00Z,BATCH-BLNK-4161
PO_B14_004162,Razorpay Nodal,SWIG-ORD-433540 SWIG-ORD-141935 BATCH-SWIG-4162,192661,3853,0,0,188808,INR,2026-08-15T22:26:00Z,BATCH-SWIG-4162
PO_B14_004163,Razorpay Nodal,FLPK-ORD-714515 FLPK-ORD-240486 BATCH-FLPK-4163,392387,7847,0,0,384540,INR,2026-08-16T17:38:00Z,BATCH-FLPK-4163
PO_B14_004164,Stripe India,MYNT-ORD-828504 MYNT-ORD-462271 MYNT-ORD-840931 BATCH-MYNT-4164,483618,9672,0,0,473946,INR,2026-08-16T02:31:00Z,BATCH-MYNT-4164
PO_B14_004165,Cashfree Escrow,PHNP-INV-606036 PO_B14_004165,129297,3090,0,0,126207,INR,2026-08-15T21:36:00Z,BATCH-PHNP-4165
PO_B14_004166,PayU Enterprise,MYNT-ORD-189162 MYNT-ORD-114799 BATCH-MYNT-4166,330153,6603,0,0,323550,INR,2026-08-16T10:02:00Z,BATCH-MYNT-4166
PO_B14_004167,BillDesk Settlement,JIOO-INV-592265 PO_B14_004167,363800,8652,0,0,355148,INR,2026-08-16T10:17:00Z,BATCH-JIOO-4167
PO_B14_004168,Stripe India,PHNP-INV-162804 PO_B14_004168,409241,6683,0,0,402558,INR,2026-08-16T10:34:00Z,BATCH-PHNP-4168
PO_B14_004169,BillDesk Settlement,BKMS-INV-647186 PO_B14_004169,288273,5046,0,0,283227,INR,2026-08-16T10:20:00Z,BATCH-BKMS-4169
PO_B14_004170,Stripe India,BLNK-INV-591260 PO_B14_004170,345528,5753,0,0,339775,INR,2026-08-16T10:34:00Z,BATCH-BLNK-4170
PO_B14_004171,Razorpay Nodal,MYNT-ORD-385949 MYNT-ORD-227556 MYNT-ORD-636968 BATCH-MYNT-4171,444016,8880,0,0,435136,INR,2026-08-16T03:14:00Z,BATCH-MYNT-4171
PO_B14_004172,Cashfree Escrow,BKMS-INV-778906 PO_B14_004172,286455,5230,0,0,281225,INR,2026-08-16T12:32:00Z,BATCH-BKMS-4172
PO_B14_004173,Razorpay Nodal,NYKA-ORD-180302 NYKA-ORD-513646 BATCH-NYKA-4173,51674,1033,0,0,50641,INR,2026-08-16T13:38:00Z,BATCH-NYKA-4173
PO_B14_004174,Razorpay Nodal,TATA-INV-822388 PO_B14_004174,283127,6578,0,0,276549,INR,2026-08-16T17:32:00Z,BATCH-TATA-4174
PO_B14_004175,Cashfree Escrow,BKMS-INV-985421 PO_B14_004175,118766,2270,0,0,116496,INR,2026-08-15T23:54:00Z,BATCH-BKMS-4175
PO_B14_004176,Cashfree Escrow,BLNK-ORD-693088 BLNK-ORD-131181 BLNK-ORD-462272 BATCH-BLNK-4176,402095,8041,0,0,394054,INR,2026-08-16T20:35:00Z,BATCH-BLNK-4176
PO_B14_004177,Razorpay Nodal,UBER-INV-392777 PO_B14_004177,209516,4341,0,0,205175,INR,2026-08-16T08:41:00Z,BATCH-UBER-4177
PO_B14_004178,Stripe India,OLAA-INV-187234 PO_B14_004178,178127,2707,0,0,175420,INR,2026-08-16T10:35:00Z,BATCH-OLAA-4178
PO_B14_004179,BillDesk Settlement,NYKA-INV-100770 PO_B14_004179,203413,3629,0,0,199784,INR,2026-08-16T01:02:00Z,BATCH-NYKA-4179
PO_B14_004180,Cashfree Escrow,PAYT-ORD-904837 PAYT-ORD-635704 BATCH-PAYT-4180,354826,7096,0,0,347730,INR,2026-08-16T14:16:00Z,BATCH-PAYT-4180
PO_B14_004181,PayU Enterprise,UBER-INV-590475 PO_B14_004181,159347,2537,0,0,156810,INR,2026-08-16T03:49:00Z,BATCH-UBER-4181
PO_B14_004182,Razorpay Nodal,AMZN-INV-765390 PO_B14_004182,175710,3436,0,0,172274,INR,2026-08-16T12:57:00Z,BATCH-AMZN-4182
PO_B14_004183,Cashfree Escrow,UBER-INV-766261 PO_B14_004183,50901,1079,0,0,49822,INR,2026-08-16T13:11:00Z,BATCH-UBER-4183
PO_B14_004184,BillDesk Settlement,ZOMA-INV-817414 PO_B14_004184,353669,5541,0,0,348128,INR,2026-08-16T06:50:00Z,BATCH-ZOMA-4184
PO_B14_004185,Razorpay Nodal,SWIG-INV-449589 PO_B14_004185,363220,6720,0,0,356500,INR,2026-08-16T09:31:00Z,BATCH-SWIG-4185
PO_B14_004186,Razorpay Nodal,FLPK-EXC-740623-UNRESOLVED,95156,1893,0,0,93263,INR,2026-08-16T09:55:00Z,HOLD-ESCROW
PO_B14_004187,PayU Enterprise,PHNP-ORD-920108 PHNP-ORD-527483 BATCH-PHNP-4187,398290,7965,0,0,390325,INR,2026-08-16T13:33:00Z,BATCH-PHNP-4187
PO_B14_004188,Cashfree Escrow,ZOMA-ORD-912099 ZOMA-ORD-335722 BATCH-ZOMA-4188,143498,2869,0,0,140629,INR,2026-08-16T07:02:00Z,BATCH-ZOMA-4188
PO_B14_004189,Razorpay Nodal,FLPK-INV-372143 PO_B14_004189,249271,3939,0,0,245332,INR,2026-08-16T17:39:00Z,BATCH-FLPK-4189
PO_B14_004190,Cashfree Escrow,PHNP-INV-912637 PO_B14_004190,397527,6495,0,0,391032,INR,2026-08-16T06:14:00Z,BATCH-PHNP-4190
PO_B14_004191,Cashfree Escrow,FLPK-INV-454839 PO_B14_004191,205973,4784,0,0,201189,INR,2026-08-15T20:24:00Z,BATCH-FLPK-4191
PO_B14_004192,Cashfree Escrow,MMTR-ORD-379079 MMTR-ORD-226414 BATCH-MMTR-4192,275368,5507,0,0,269861,INR,2026-08-16T13:31:00Z,BATCH-MMTR-4192
PO_B14_004193,Stripe India,SWIG-INV-812980 PO_B14_004193,361540,5997,0,0,355543,INR,2026-08-16T12:42:00Z,BATCH-SWIG-4193
PO_B14_004194,Razorpay Nodal,PHNP-ORD-961814 PHNP-ORD-859817 BATCH-PHNP-4194,269289,5385,0,0,263904,INR,2026-08-16T04:44:00Z,BATCH-PHNP-4194
PO_B14_004195,Razorpay Nodal,BBAS-INV-867097 PO_B14_004195,377243,7221,0,0,370022,INR,2026-08-16T09:21:00Z,BATCH-BBAS-4195
PO_B14_004196,Cashfree Escrow,SWIG-INV-511457 PO_B14_004196,403679,7633,0,0,396046,INR,2026-08-16T13:37:00Z,BATCH-SWIG-4196
PO_B14_004197,BillDesk Settlement,NYKA-ORD-533677 NYKA-ORD-728330 NYKA-ORD-443098 BATCH-NYKA-4197,575345,11506,0,0,563839,INR,2026-08-16T10:01:00Z,BATCH-NYKA-4197
PO_B14_004198,PayU Enterprise,TATA-ORD-573647 TATA-ORD-706818 BATCH-TATA-4198,340111,6802,0,0,333309,INR,2026-08-16T08:49:00Z,BATCH-TATA-4198
PO_B14_004199,PayU Enterprise,MYNT-ORD-851783 MYNT-ORD-313929 BATCH-MYNT-4199,446048,8920,0,0,437128,INR,2026-08-16T06:30:00Z,BATCH-MYNT-4199
PO_B14_004200,Cashfree Escrow,TATA-ORD-347457 TATA-ORD-175556 BATCH-TATA-4200,334136,6682,0,0,327454,INR,2026-08-15T22:37:00Z,BATCH-TATA-4200
PO_B14_004201,Razorpay Nodal,TATA-ORD-191502 TATA-ORD-930963 TATA-ORD-381295 BATCH-TATA-4201,223017,4460,0,0,218557,INR,2026-08-16T11:57:00Z,BATCH-TATA-4201
PO_B14_004202,Stripe India,PAYT-INV-730132 PO_B14_004202,287018,6513,0,0,280505,INR,2026-08-16T18:37:00Z,BATCH-PAYT-4202
PO_B14_004203,PayU Enterprise,AMZN-ORD-132331 AMZN-ORD-210558 BATCH-AMZN-4203,406942,8138,0,0,398804,INR,2026-08-16T08:19:00Z,BATCH-AMZN-4203
PO_B14_004204,Stripe India,NYKA-INV-335962 PO_B14_004204,378988,7096,0,0,371892,INR,2026-08-16T07:22:00Z,BATCH-NYKA-4204
PO_B14_004205,Cashfree Escrow,TATA-INV-841623 PO_B14_004205,429640,10475,0,0,419165,INR,2026-08-16T06:13:00Z,BATCH-TATA-4205
PO_B14_004206,BillDesk Settlement,FLPK-INV-928134 PO_B14_004206,381231,8878,0,0,372353,INR,2026-08-16T13:38:00Z,BATCH-FLPK-4206
PO_B14_004207,Cashfree Escrow,ZOMA-INV-190547 PO_B14_004207,282271,6538,0,0,275733,INR,2026-08-16T12:37:00Z,BATCH-ZOMA-4207
PO_B14_004208,Cashfree Escrow,TATA-INV-597715 PO_B14_004208,177536,4305,0,0,173231,INR,2026-08-16T03:49:00Z,BATCH-TATA-4208
PO_B14_004209,BillDesk Settlement,BKMS-INV-909795 PO_B14_004209,184102,4525,0,0,179577,INR,2026-08-16T13:32:00Z,BATCH-BKMS-4209
PO_B14_004210,BillDesk Settlement,SWIG-INV-566203 PO_B14_004210,39359,848,0,0,38511,INR,2026-08-16T03:41:00Z,BATCH-SWIG-4210
PO_B14_004211,Razorpay Nodal,TATA-INV-271672 PO_B14_004211,280370,4561,0,0,275809,INR,2026-08-16T15:19:00Z,BATCH-TATA-4211
PO_B14_004212,PayU Enterprise,OLAA-INV-960792 PO_B14_004212,119277,1902,0,0,117375,INR,2026-08-16T21:34:00Z,BATCH-OLAA-4212
PO_B14_004213,Cashfree Escrow,BBAS-ORD-518136 BBAS-ORD-518161 BBAS-ORD-504534 BATCH-BBAS-4213,523414,10468,0,0,512946,INR,2026-08-16T03:48:00Z,BATCH-BBAS-4213
PO_B14_004214,Cashfree Escrow,ZOMA-INV-162453 PO_B14_004214,137275,2997,0,0,134278,INR,2026-08-16T19:19:00Z,BATCH-ZOMA-4214
PO_B14_004215,PayU Enterprise,PHNP-ORD-964258 PHNP-ORD-213715 BATCH-PHNP-4215,255149,5102,0,0,250047,INR,2026-08-16T05:11:00Z,BATCH-PHNP-4215
PO_B14_004216,Stripe India,TATA-ORD-700965 TATA-ORD-932573 BATCH-TATA-4216,270525,5410,0,0,265115,INR,2026-08-16T01:17:00Z,BATCH-TATA-4216
PO_B14_004217,Cashfree Escrow,TATA-INV-235981 PO_B14_004217,81384,1908,0,0,79476,INR,2026-08-16T13:40:00Z,BATCH-TATA-4217
PO_B14_004218,BillDesk Settlement,FLPK-INV-780193 PO_B14_004218,199768,4443,0,0,195325,INR,2026-08-16T00:46:00Z,BATCH-FLPK-4218
PO_B14_004219,Cashfree Escrow,FLPK-INV-764923 PO_B14_004219,376630,8709,0,0,367921,INR,2026-08-15T13:49:00Z,BATCH-FLPK-4219
PO_B14_004220,Razorpay Nodal,MYNT-INV-486042 PO_B14_004220,142524,2447,0,0,140077,INR,2026-08-16T10:04:00Z,BATCH-MYNT-4220
PO_B14_004221,BillDesk Settlement,PAYT-INV-885201 PO_B14_004221,235647,5710,0,0,229937,INR,2026-08-15T23:39:00Z,BATCH-PAYT-4221
PO_B14_004222,Cashfree Escrow,PHNP-INV-960423 PO_B14_004222,320973,6007,0,0,314966,INR,2026-08-16T15:15:00Z,BATCH-PHNP-4222
PO_B14_004223,Razorpay Nodal,OLAA-INV-383175 PO_B14_004223,323361,6933,0,0,316428,INR,2026-08-15T20:40:00Z,BATCH-OLAA-4223
PO_B14_004224,Stripe India,OLAA-INV-943523 PO_B14_004224,359631,6227,0,0,353404,INR,2026-08-16T16:05:00Z,BATCH-OLAA-4224
PO_B14_004225,Stripe India,TATA-INV-998970 PO_B14_004225,271919,6304,0,0,265615,INR,2026-08-16T09:34:00Z,BATCH-TATA-4225
PO_B14_004226,Cashfree Escrow,TATA-ORD-930093 TATA-ORD-721463 TATA-ORD-270861 BATCH-TATA-4226,267791,5355,0,0,262436,INR,2026-08-16T17:50:00Z,BATCH-TATA-4226
PO_B14_004227,PayU Enterprise,OLAA-EXC-645850-UNRESOLVED,240270,4795,0,0,235475,INR,2026-08-17T08:17:00Z,HOLD-ESCROW
PO_B14_004228,Stripe India,ZOMA-INV-636314 PO_B14_004228,160963,3588,0,0,157375,INR,2026-08-16T06:20:00Z,BATCH-ZOMA-4228
PO_B14_004229,PayU Enterprise,MMTR-INV-517600 PO_B14_004229,230147,3588,0,0,226559,INR,2026-08-16T06:13:00Z,BATCH-MMTR-4229
PO_B14_004230,PayU Enterprise,FLPK-INV-921927 PO_B14_004230,58100,1199,0,0,56901,INR,2026-08-16T12:31:00Z,BATCH-FLPK-4230
PO_B14_004231,Cashfree Escrow,NYKA-INV-626681 PO_B14_004231,340522,5118,0,0,335404,INR,2026-08-16T18:54:00Z,BATCH-NYKA-4231
PO_B14_004232,PayU Enterprise,SWIG-INV-765013 PO_B14_004232,59618,1198,0,0,58420,INR,2026-08-16T11:18:00Z,BATCH-SWIG-4232
PO_B14_004233,Razorpay Nodal,ZOMA-INV-349574 PO_B14_004233,166740,2540,0,0,164200,INR,2026-08-16T11:41:00Z,BATCH-ZOMA-4233
PO_B14_004234,Stripe India,FLPK-INV-543067 PO_B14_004234,285994,4828,0,0,281166,INR,2026-08-16T09:36:00Z,BATCH-FLPK-4234
PO_B14_004235,Razorpay Nodal,SWIG-EXC-150903-UNRESOLVED,55188,1093,0,0,54095,INR,2026-08-16T23:57:00Z,HOLD-ESCROW
PO_B14_004236,BillDesk Settlement,NYKA-INV-989194 PO_B14_004236,172477,4154,0,0,168323,INR,2026-08-16T02:10:00Z,BATCH-NYKA-4236
PO_B14_004237,Cashfree Escrow,JIOO-EXC-590566-UNRESOLVED,145575,2901,0,0,142674,INR,2026-08-16T12:20:00Z,HOLD-ESCROW
PO_B14_004238,Stripe India,MMTR-INV-201726 PO_B14_004238,272761,5365,0,0,267396,INR,2026-08-17T01:48:00Z,BATCH-MMTR-4238
PO_B14_004239,Razorpay Nodal,UBER-INV-138413 PO_B14_004239,385341,7129,0,0,378212,INR,2026-08-16T06:40:00Z,BATCH-UBER-4239
PO_B14_004240,Stripe India,NYKA-INV-346329 PO_B14_004240,364564,6830,0,0,357734,INR,2026-08-16T17:22:00Z,BATCH-NYKA-4240
PO_B14_004241,Razorpay Nodal,OLAA-EXC-180348-UNRESOLVED,138897,2767,0,0,136130,INR,2026-08-17T04:56:00Z,HOLD-ESCROW
PO_B14_004242,Cashfree Escrow,MMTR-ORD-720021 MMTR-ORD-523594 MMTR-ORD-981625 BATCH-MMTR-4242,432201,8644,0,0,423557,INR,2026-08-16T14:13:00Z,BATCH-MMTR-4242
PO_B14_004243,Stripe India,MMTR-ORD-506130 MMTR-ORD-448373 BATCH-MMTR-4243,149810,2996,0,0,146814,INR,2026-08-16T18:10:00Z,BATCH-MMTR-4243
PO_B14_004244,PayU Enterprise,BKMS-INV-945138 PO_B14_004244,88757,1567,0,0,87190,INR,2026-08-15T19:01:00Z,BATCH-BKMS-4244
PO_B14_004245,PayU Enterprise,PHNP-EXC-469378-UNRESOLVED,115389,2297,0,0,113092,INR,2026-08-17T02:51:00Z,HOLD-ESCROW
PO_B14_004246,Stripe India,ZOMA-INV-832967 PO_B14_004246,219188,3591,0,0,215597,INR,2026-08-16T16:45:00Z,BATCH-ZOMA-4246
PO_B14_004247,Cashfree Escrow,ZOMA-INV-135055 PO_B14_004247,67860,1027,0,0,66833,INR,2026-08-16T01:18:00Z,BATCH-ZOMA-4247
PO_B14_004248,BillDesk Settlement,MYNT-INV-296070 PO_B14_004248,240872,4987,0,0,235885,INR,2026-08-16T23:38:00Z,BATCH-MYNT-4248
PO_B14_004249,Razorpay Nodal,PHNP-INV-176035 PO_B14_004249,31566,640,0,0,30926,INR,2026-08-16T04:40:00Z,BATCH-PHNP-4249
PO_B14_004250,PayU Enterprise,JIOO-INV-163533 PO_B14_004250,253753,5672,0,0,248081,INR,2026-08-15T21:53:00Z,BATCH-JIOO-4250
PO_B14_004251,Razorpay Nodal,SWIG-INV-812844 PO_B14_004251,421709,9597,0,0,412112,INR,2026-08-16T12:31:00Z,BATCH-SWIG-4251
PO_B14_004252,Cashfree Escrow,BBAS-INV-739835 PO_B14_004252,310142,5716,0,0,304426,INR,2026-08-15T20:27:00Z,BATCH-BBAS-4252
PO_B14_004253,PayU Enterprise,JIOO-ORD-817231 JIOO-ORD-902719 BATCH-JIOO-4253,252828,5056,0,0,247772,INR,2026-08-16T10:12:00Z,BATCH-JIOO-4253
PO_B14_004254,Stripe India,BBAS-INV-438720 PO_B14_004254,216453,3469,0,0,212984,INR,2026-08-15T23:03:00Z,BATCH-BBAS-4254
PO_B14_004255,PayU Enterprise,BLNK-INV-306160 PO_B14_004255,165700,3720,0,0,161980,INR,2026-08-15T16:50:00Z,BATCH-BLNK-4255
PO_B14_004256,PayU Enterprise,AMZN-EXC-433760-UNRESOLVED,294151,5873,0,0,288278,INR,2026-08-17T02:26:00Z,HOLD-ESCROW
PO_B14_004257,Stripe India,NYKA-INV-281565 PO_B14_004257,243795,4041,0,0,239754,INR,2026-08-15T23:59:00Z,BATCH-NYKA-4257
PO_B14_004258,PayU Enterprise,UBER-INV-740359 PO_B14_004258,440402,6673,0,0,433729,INR,2026-08-16T04:02:00Z,BATCH-UBER-4258
PO_B14_004259,Stripe India,JIOO-INV-780261 PO_B14_004259,73014,1535,0,0,71479,INR,2026-08-16T08:17:00Z,BATCH-JIOO-4259
PO_B14_004260,PayU Enterprise,OLAA-INV-128276 PO_B14_004260,142747,3201,0,0,139546,INR,2026-08-16T19:33:00Z,BATCH-OLAA-4260
PO_B14_004261,Stripe India,BBAS-ORD-590198 BBAS-ORD-728567 BBAS-ORD-516833 BATCH-BBAS-4261,322309,6446,0,0,315863,INR,2026-08-16T02:30:00Z,BATCH-BBAS-4261
PO_B14_004262,Cashfree Escrow,OLAA-ORD-772251 OLAA-ORD-728519 BATCH-OLAA-4262,267448,5348,0,0,262100,INR,2026-08-16T14:33:00Z,BATCH-OLAA-4262
PO_B14_004263,Razorpay Nodal,ZOMA-INV-625859 PO_B14_004263,73523,1268,0,0,72255,INR,2026-08-15T20:49:00Z,BATCH-ZOMA-4263
PO_B14_004264,BillDesk Settlement,ZOMA-INV-219867 PO_B14_004264,148765,3529,0,0,145236,INR,2026-08-15T14:51:00Z,BATCH-ZOMA-4264
PO_B14_004265,Stripe India,MMTR-ORD-463929 MMTR-ORD-571493 MMTR-ORD-410771 BATCH-MMTR-4265,513009,10260,0,0,502749,INR,2026-08-16T07:20:00Z,BATCH-MMTR-4265
PO_B14_004266,PayU Enterprise,ZOMA-INV-284778 PO_B14_004266,31262,591,0,0,30671,INR,2026-08-16T01:10:00Z,BATCH-ZOMA-4266
PO_B14_004267,Stripe India,FLPK-INV-457152 PO_B14_004267,335915,5317,0,0,330598,INR,2026-08-16T06:30:00Z,BATCH-FLPK-4267
PO_B14_004268,Razorpay Nodal,NYKA-ORD-890587 NYKA-ORD-228090 NYKA-ORD-553603 BATCH-NYKA-4268,447823,8956,0,0,438867,INR,2026-08-16T19:03:00Z,BATCH-NYKA-4268
PO_B14_004269,Cashfree Escrow,SWIG-INV-704475 PO_B14_004269,236224,3990,0,0,232234,INR,2026-08-16T03:19:00Z,BATCH-SWIG-4269
PO_B14_004270,Stripe India,PAYT-ORD-906324 PAYT-ORD-325401 BATCH-PAYT-4270,177124,3542,0,0,173582,INR,2026-08-16T09:56:00Z,BATCH-PAYT-4270
PO_B14_004271,BillDesk Settlement,MMTR-INV-184113 PO_B14_004271,150058,2283,0,0,147775,INR,2026-08-16T07:30:00Z,BATCH-MMTR-4271
PO_B14_004272,Stripe India,TATA-INV-998586 PO_B14_004272,237449,3639,0,0,233810,INR,2026-08-16T06:03:00Z,BATCH-TATA-4272
PO_B14_004273,Stripe India,ZOMA-ORD-654847 ZOMA-ORD-637820 BATCH-ZOMA-4273,344323,6886,0,0,337437,INR,2026-08-16T13:33:00Z,BATCH-ZOMA-4273
PO_B14_004274,BillDesk Settlement,JIOO-ORD-929979 JIOO-ORD-312840 BATCH-JIOO-4274,251494,5029,0,0,246465,INR,2026-08-15T21:20:00Z,BATCH-JIOO-4274
PO_B14_004275,Cashfree Escrow,OLAA-INV-300965 PO_B14_004275,445271,10552,0,0,434719,INR,2026-08-16T04:22:00Z,BATCH-OLAA-4275
PO_B14_004276,Cashfree Escrow,JIOO-INV-983427 PO_B14_004276,291096,4952,0,0,286144,INR,2026-08-16T13:28:00Z,BATCH-JIOO-4276
PO_B14_004277,PayU Enterprise,AMZN-INV-466341 PO_B14_004277,134228,2641,0,0,131587,INR,2026-08-16T08:11:00Z,BATCH-AMZN-4277
PO_B14_004278,Razorpay Nodal,BLNK-INV-199274 PO_B14_004278,171946,3250,0,0,168696,INR,2026-08-16T19:15:00Z,BATCH-BLNK-4278
PO_B14_004279,Razorpay Nodal,BKMS-INV-237492 PO_B14_004279,52681,1251,0,0,51430,INR,2026-08-16T01:55:00Z,BATCH-BKMS-4279
PO_B14_004280,Cashfree Escrow,TATA-ORD-995209 TATA-ORD-120385 TATA-ORD-401649 BATCH-TATA-4280,350159,7003,0,0,343156,INR,2026-08-16T19:14:00Z,BATCH-TATA-4280
PO_B14_004281,PayU Enterprise,BBAS-INV-864059 PO_B14_004281,429256,9931,0,0,419325,INR,2026-08-16T03:51:00Z,BATCH-BBAS-4281
PO_B14_004282,Cashfree Escrow,MMTR-INV-282699 PO_B14_004282,342014,5849,0,0,336165,INR,2026-08-16T08:24:00Z,BATCH-MMTR-4282
PO_B14_004283,Cashfree Escrow,SWIG-INV-323475 PO_B14_004283,199743,4030,0,0,195713,INR,2026-08-16T18:16:00Z,BATCH-SWIG-4283
PO_B14_004284,Stripe India,SWIG-INV-636231 PO_B14_004284,181059,2964,0,0,178095,INR,2026-08-16T10:32:00Z,BATCH-SWIG-4284
PO_B14_004285,Razorpay Nodal,MMTR-ORD-395243 MMTR-ORD-831270 MMTR-ORD-930334 BATCH-MMTR-4285,570044,11400,0,0,558644,INR,2026-08-16T03:03:00Z,BATCH-MMTR-4285
PO_B14_004286,Cashfree Escrow,BBAS-INV-846033 PO_B14_004286,435852,9291,0,0,426561,INR,2026-08-16T18:27:00Z,BATCH-BBAS-4286
PO_B14_004287,BillDesk Settlement,BLNK-INV-770987 PO_B14_004287,368065,7251,0,0,360814,INR,2026-08-16T03:24:00Z,BATCH-BLNK-4287
PO_B14_004288,Cashfree Escrow,BKMS-ORD-978023 BKMS-ORD-413916 BATCH-BKMS-4288,323374,6467,0,0,316907,INR,2026-08-16T19:00:00Z,BATCH-BKMS-4288
PO_B14_004289,Cashfree Escrow,ZOMA-ORD-276491 ZOMA-ORD-217890 ZOMA-ORD-351415 BATCH-ZOMA-4289,602408,12048,0,0,590360,INR,2026-08-16T02:59:00Z,BATCH-ZOMA-4289
PO_B14_004290,PayU Enterprise,NYKA-INV-236262 PO_B14_004290,133148,2814,0,0,130334,INR,2026-08-16T07:18:00Z,BATCH-NYKA-4290
PO_B14_004291,BillDesk Settlement,UBER-INV-511067 PO_B14_004291,274120,5776,0,0,268344,INR,2026-08-16T10:14:00Z,BATCH-UBER-4291
PO_B14_004292,Cashfree Escrow,NYKA-INV-220252 PO_B14_004292,395758,6047,0,0,389711,INR,2026-08-16T11:48:00Z,BATCH-NYKA-4292
PO_B14_004293,PayU Enterprise,UBER-INV-743100 PO_B14_004293,310919,6689,0,0,304230,INR,2026-08-15T13:18:00Z,BATCH-UBER-4293
PO_B14_004294,BillDesk Settlement,TATA-ORD-935060 TATA-ORD-787057 TATA-ORD-925960 BATCH-TATA-4294,446570,8931,0,0,437639,INR,2026-08-16T12:00:00Z,BATCH-TATA-4294
PO_B14_004295,Cashfree Escrow,PHNP-ORD-387494 PHNP-ORD-275682 BATCH-PHNP-4295,352378,7047,0,0,345331,INR,2026-08-16T13:35:00Z,BATCH-PHNP-4295
PO_B14_004296,BillDesk Settlement,OLAA-INV-221288 PO_B14_004296,203440,3411,0,0,200029,INR,2026-08-16T10:13:00Z,BATCH-OLAA-4296
PO_B14_004297,PayU Enterprise,NYKA-EXC-274501-UNRESOLVED,178372,3557,0,0,174815,INR,2026-08-17T04:09:00Z,HOLD-ESCROW
PO_B14_004298,PayU Enterprise,SWIG-INV-849798 PO_B14_004298,50016,862,0,0,49154,INR,2026-08-16T17:12:00Z,BATCH-SWIG-4298
PO_B14_004299,PayU Enterprise,OLAA-ORD-558844 OLAA-ORD-913873 BATCH-OLAA-4299,306208,6124,0,0,300084,INR,2026-08-16T10:54:00Z,BATCH-OLAA-4299
PO_B14_004300,BillDesk Settlement,BBAS-INV-736700 PO_B14_004300,132881,2930,0,0,129951,INR,2026-08-16T02:49:00Z,BATCH-BBAS-4300
PO_B14_004301,BillDesk Settlement,UBER-ORD-661819 UBER-ORD-729184 BATCH-UBER-4301,168450,3369,0,0,165081,INR,2026-08-15T21:37:00Z,BATCH-UBER-4301
PO_B14_004302,Cashfree Escrow,ZOMA-ORD-876066 ZOMA-ORD-600288 ZOMA-ORD-627918 BATCH-ZOMA-4302,526343,10526,0,0,515817,INR,2026-08-16T13:17:00Z,BATCH-ZOMA-4302
PO_B14_004303,Cashfree Escrow,BKMS-INV-597185 PO_B14_004303,127621,2181,0,0,125440,INR,2026-08-16T07:22:00Z,BATCH-BKMS-4303
PO_B14_004304,PayU Enterprise,JIOO-INV-573613 PO_B14_004304,319174,7660,0,0,311514,INR,2026-08-16T00:46:00Z,BATCH-JIOO-4304
PO_B14_004305,PayU Enterprise,ZOMA-ORD-617769 ZOMA-ORD-343536 ZOMA-ORD-285347 BATCH-ZOMA-4305,518414,10368,0,0,508046,INR,2026-08-16T06:29:00Z,BATCH-ZOMA-4305
PO_B14_004306,PayU Enterprise,TATA-INV-614349 PO_B14_004306,54170,1117,0,0,53053,INR,2026-08-16T08:18:00Z,BATCH-TATA-4306
PO_B14_004307,PayU Enterprise,ZOMA-ORD-979143 ZOMA-ORD-668105 ZOMA-ORD-990968 BATCH-ZOMA-4307,343676,6873,0,0,336803,INR,2026-08-16T15:51:00Z,BATCH-ZOMA-4307
PO_B14_004308,Stripe India,SWIG-INV-806712 PO_B14_004308,112200,2136,0,0,110064,INR,2026-08-16T22:53:00Z,BATCH-SWIG-4308
PO_B14_004309,PayU Enterprise,SWIG-EXC-247862-UNRESOLVED,278378,5557,0,0,272821,INR,2026-08-17T03:24:00Z,HOLD-ESCROW
PO_B14_004310,Cashfree Escrow,UBER-INV-678925 PO_B14_004310,416138,8464,0,0,407674,INR,2026-08-16T02:56:00Z,BATCH-UBER-4310
PO_B14_004311,Cashfree Escrow,JIOO-INV-623682 PO_B14_004311,307588,4874,0,0,302714,INR,2026-08-16T01:22:00Z,BATCH-JIOO-4311
PO_B14_004312,Stripe India,PHNP-INV-412131 PO_B14_004312,113969,1998,0,0,111971,INR,2026-08-16T10:04:00Z,BATCH-PHNP-4312
PO_B14_004313,Razorpay Nodal,BBAS-ORD-195357 BBAS-ORD-841013 BATCH-BBAS-4313,163048,3260,0,0,159788,INR,2026-08-15T21:56:00Z,BATCH-BBAS-4313
PO_B14_004314,Cashfree Escrow,NYKA-ORD-477242 NYKA-ORD-577810 BATCH-NYKA-4314,402947,8058,0,0,394889,INR,2026-08-16T07:45:00Z,BATCH-NYKA-4314
PO_B14_004315,PayU Enterprise,NYKA-INV-186304 PO_B14_004315,371104,6387,0,0,364717,INR,2026-08-16T04:50:00Z,BATCH-NYKA-4315
PO_B14_004316,PayU Enterprise,PAYT-INV-111300 PO_B14_004316,87441,1582,0,0,85859,INR,2026-08-16T09:56:00Z,BATCH-PAYT-4316
PO_B14_004317,BillDesk Settlement,FLPK-INV-906060 PO_B14_004317,65942,1414,0,0,64528,INR,2026-08-16T14:53:00Z,BATCH-FLPK-4317
PO_B14_004318,Razorpay Nodal,FLPK-INV-108420 PO_B14_004318,398835,7186,0,0,391649,INR,2026-08-16T05:39:00Z,BATCH-FLPK-4318
PO_B14_004319,BillDesk Settlement,TATA-INV-740572 PO_B14_004319,424884,8372,0,0,416512,INR,2026-08-16T00:05:00Z,BATCH-TATA-4319
PO_B14_004320,PayU Enterprise,BBAS-INV-592093 PO_B14_004320,346332,5956,0,0,340376,INR,2026-08-16T02:07:00Z,BATCH-BBAS-4320
PO_B14_004321,Razorpay Nodal,PHNP-INV-279952 PO_B14_004321,297086,4703,0,0,292383,INR,2026-08-16T02:17:00Z,BATCH-PHNP-4321
PO_B14_004322,Stripe India,BBAS-INV-799480 PO_B14_004322,40475,613,0,0,39862,INR,2026-08-16T15:36:00Z,BATCH-BBAS-4322
PO_B14_004323,Razorpay Nodal,FLPK-INV-944868 PO_B14_004323,390657,9685,0,0,380972,INR,2026-08-16T12:14:00Z,BATCH-FLPK-4323
PO_B14_004324,Stripe India,NYKA-INV-134730 PO_B14_004324,58100,1007,0,0,57093,INR,2026-08-16T08:27:00Z,BATCH-NYKA-4324
PO_B14_004325,Stripe India,BKMS-INV-302455 PO_B14_004325,343048,7585,0,0,335463,INR,2026-08-16T13:55:00Z,BATCH-BKMS-4325
PO_B14_004326,Stripe India,MYNT-INV-431651 PO_B14_004326,119179,2856,0,0,116323,INR,2026-08-16T02:52:00Z,BATCH-MYNT-4326
PO_B14_004327,Stripe India,BBAS-INV-205338 PO_B14_004327,41328,684,0,0,40644,INR,2026-08-16T21:44:00Z,BATCH-BBAS-4327
PO_B14_004328,Cashfree Escrow,ZOMA-INV-767289 PO_B14_004328,419290,6939,0,0,412351,INR,2026-08-16T03:45:00Z,BATCH-ZOMA-4328
PO_B14_004329,Razorpay Nodal,BKMS-INV-590358 PO_B14_004329,294179,5619,0,0,288560,INR,2026-08-16T15:17:00Z,BATCH-BKMS-4329
PO_B14_004330,Razorpay Nodal,PAYT-INV-155703 PO_B14_004330,204020,4998,0,0,199022,INR,2026-08-16T22:23:00Z,BATCH-PAYT-4330
PO_B14_004331,PayU Enterprise,TATA-INV-286098 PO_B14_004331,106979,2435,0,0,104544,INR,2026-08-17T01:01:00Z,BATCH-TATA-4331
PO_B14_004332,PayU Enterprise,OLAA-INV-503302 PO_B14_004332,104225,2008,0,0,102217,INR,2026-08-16T12:43:00Z,BATCH-OLAA-4332
PO_B14_004333,PayU Enterprise,TATA-INV-677012 PO_B14_004333,231869,5082,0,0,226787,INR,2026-08-16T05:14:00Z,BATCH-TATA-4333
PO_B14_004334,Stripe India,BKMS-INV-734333 PO_B14_004334,307125,5465,0,0,301660,INR,2026-08-16T10:49:00Z,BATCH-BKMS-4334
PO_B14_004335,BillDesk Settlement,SWIG-ORD-715339 SWIG-ORD-279188 BATCH-SWIG-4335,299840,5996,0,0,293844,INR,2026-08-15T22:07:00Z,BATCH-SWIG-4335
PO_B14_004336,PayU Enterprise,MYNT-INV-380848 PO_B14_004336,70490,1200,0,0,69290,INR,2026-08-16T06:26:00Z,BATCH-MYNT-4336
PO_B14_004337,Razorpay Nodal,NYKA-INV-576690 PO_B14_004337,341868,6193,0,0,335675,INR,2026-08-15T18:57:00Z,BATCH-NYKA-4337
PO_B14_004338,PayU Enterprise,MMTR-INV-724282 PO_B14_004338,255564,4709,0,0,250855,INR,2026-08-16T09:26:00Z,BATCH-MMTR-4338
PO_B14_004339,PayU Enterprise,NYKA-ORD-492445 NYKA-ORD-293545 BATCH-NYKA-4339,282954,5659,0,0,277295,INR,2026-08-16T10:18:00Z,BATCH-NYKA-4339
PO_B14_004340,Cashfree Escrow,BBAS-INV-801103 PO_B14_004340,360686,6911,0,0,353775,INR,2026-08-16T10:47:00Z,BATCH-BBAS-4340
PO_B14_004341,Cashfree Escrow,NYKA-INV-238990 PO_B14_004341,76883,1695,0,0,75188,INR,2026-08-15T20:52:00Z,BATCH-NYKA-4341
PO_B14_004342,Stripe India,BBAS-INV-100260 PO_B14_004342,374253,7795,0,0,366458,INR,2026-08-16T13:19:00Z,BATCH-BBAS-4342
PO_B14_004343,Razorpay Nodal,AMZN-INV-122086 PO_B14_004343,178440,4410,0,0,174030,INR,2026-08-16T05:11:00Z,BATCH-AMZN-4343
PO_B14_004344,PayU Enterprise,ZOMA-ORD-740875 ZOMA-ORD-776442 BATCH-ZOMA-4344,236248,4724,0,0,231524,INR,2026-08-16T00:24:00Z,BATCH-ZOMA-4344
PO_B14_004345,PayU Enterprise,JIOO-ORD-706282 JIOO-ORD-843806 BATCH-JIOO-4345,329923,6598,0,0,323325,INR,2026-08-15T23:49:00Z,BATCH-JIOO-4345
PO_B14_004346,BillDesk Settlement,NYKA-ORD-635955 NYKA-ORD-311285 BATCH-NYKA-4346,284445,5688,0,0,278757,INR,2026-08-15T21:02:00Z,BATCH-NYKA-4346
PO_B14_004347,Stripe India,PHNP-ORD-307854 PHNP-ORD-779109 BATCH-PHNP-4347,254680,5093,0,0,249587,INR,2026-08-16T17:37:00Z,BATCH-PHNP-4347
PO_B14_004348,Cashfree Escrow,FLPK-INV-140325 PO_B14_004348,171104,3624,0,0,167480,INR,2026-08-16T14:09:00Z,BATCH-FLPK-4348
PO_B14_004349,Razorpay Nodal,UBER-EXC-254897-UNRESOLVED,244000,4870,0,0,239130,INR,2026-08-16T19:16:00Z,HOLD-ESCROW
PO_B14_004350,PayU Enterprise,TATA-ORD-395880 TATA-ORD-445168 BATCH-TATA-4350,139499,2789,0,0,136710,INR,2026-08-15T21:23:00Z,BATCH-TATA-4350
PO_B14_004351,Stripe India,BLNK-ORD-846167 BLNK-ORD-534981 BATCH-BLNK-4351,107879,2157,0,0,105722,INR,2026-08-16T08:07:00Z,BATCH-BLNK-4351
PO_B14_004352,BillDesk Settlement,BLNK-INV-710226 PO_B14_004352,190350,3321,0,0,187029,INR,2026-08-15T23:07:00Z,BATCH-BLNK-4352
PO_B14_004353,Cashfree Escrow,BKMS-INV-756947 PO_B14_004353,285359,6840,0,0,278519,INR,2026-08-16T15:05:00Z,BATCH-BKMS-4353
PO_B14_004354,Cashfree Escrow,MMTR-INV-924694 PO_B14_004354,396272,7816,0,0,388456,INR,2026-08-16T02:53:00Z,BATCH-MMTR-4354
PO_B14_004355,BillDesk Settlement,PHNP-ORD-752612 PHNP-ORD-727103 PHNP-ORD-632565 BATCH-PHNP-4355,286788,5735,0,0,281053,INR,2026-08-16T03:57:00Z,BATCH-PHNP-4355
PO_B14_004356,PayU Enterprise,UBER-INV-253646 PO_B14_004356,384489,7018,0,0,377471,INR,2026-08-16T15:05:00Z,BATCH-UBER-4356
PO_B14_004357,Cashfree Escrow,MMTR-INV-342226 PO_B14_004357,235867,4290,0,0,231577,INR,2026-08-16T15:26:00Z,BATCH-MMTR-4357
PO_B14_004358,Stripe India,PAYT-ORD-411485 PAYT-ORD-585443 BATCH-PAYT-4358,190721,3814,0,0,186907,INR,2026-08-16T00:22:00Z,BATCH-PAYT-4358
PO_B14_004359,Stripe India,BKMS-ORD-831407 BKMS-ORD-513402 BATCH-BKMS-4359,333625,6672,0,0,326953,INR,2026-08-16T09:20:00Z,BATCH-BKMS-4359
PO_B14_004360,Cashfree Escrow,BBAS-ORD-466973 BBAS-ORD-833141 BATCH-BBAS-4360,134881,2697,0,0,132184,INR,2026-08-16T11:04:00Z,BATCH-BBAS-4360
PO_B14_004361,BillDesk Settlement,FLPK-ORD-473379 FLPK-ORD-330190 FLPK-ORD-739831 BATCH-FLPK-4361,271651,5433,0,0,266218,INR,2026-08-16T19:57:00Z,BATCH-FLPK-4361
PO_B14_004362,PayU Enterprise,SWIG-INV-591596 PO_B14_004362,417299,7314,0,0,409985,INR,2026-08-15T23:37:00Z,BATCH-SWIG-4362
PO_B14_004363,BillDesk Settlement,BLNK-INV-975200 PO_B14_004363,81732,1479,0,0,80253,INR,2026-08-16T11:41:00Z,BATCH-BLNK-4363
PO_B14_004364,Razorpay Nodal,PHNP-ORD-311844 PHNP-ORD-754164 BATCH-PHNP-4364,317282,6345,0,0,310937,INR,2026-08-16T08:37:00Z,BATCH-PHNP-4364
PO_B14_004365,Razorpay Nodal,PAYT-ORD-609357 PAYT-ORD-141697 PAYT-ORD-632073 BATCH-PAYT-4365,248246,4964,0,0,243282,INR,2026-08-16T20:56:00Z,BATCH-PAYT-4365
PO_B14_004366,Stripe India,SWIG-INV-275610 PO_B14_004366,116462,2409,0,0,114053,INR,2026-08-16T05:38:00Z,BATCH-SWIG-4366
PO_B14_004367,Cashfree Escrow,AMZN-INV-142026 PO_B14_004367,388492,8822,0,0,379670,INR,2026-08-16T07:01:00Z,BATCH-AMZN-4367
PO_B14_004368,BillDesk Settlement,OLAA-INV-245573 PO_B14_004368,331461,6016,0,0,325445,INR,2026-08-16T08:46:00Z,BATCH-OLAA-4368
PO_B14_004369,Stripe India,BBAS-INV-436908 PO_B14_004369,91109,2198,0,0,88911,INR,2026-08-16T23:50:00Z,BATCH-BBAS-4369
PO_B14_004370,BillDesk Settlement,TATA-INV-880432 PO_B14_004370,167519,3556,0,0,163963,INR,2026-08-16T05:01:00Z,BATCH-TATA-4370
PO_B14_004371,Razorpay Nodal,SWIG-INV-707725 PO_B14_004371,135622,2391,0,0,133231,INR,2026-08-17T01:41:00Z,BATCH-SWIG-4371
PO_B14_004372,Cashfree Escrow,BBAS-INV-722109 PO_B14_004372,62885,981,0,0,61904,INR,2026-08-15T15:31:00Z,BATCH-BBAS-4372
PO_B14_004373,PayU Enterprise,JIOO-INV-887740 PO_B14_004373,330246,5431,0,0,324815,INR,2026-08-16T07:27:00Z,BATCH-JIOO-4373
PO_B14_004374,BillDesk Settlement,JIOO-INV-418098 PO_B14_004374,158695,2643,0,0,156052,INR,2026-08-16T22:53:00Z,BATCH-JIOO-4374
PO_B14_004375,Stripe India,PAYT-INV-385081 PO_B14_004375,203205,4104,0,0,199101,INR,2026-08-16T04:26:00Z,BATCH-PAYT-4375
PO_B14_004376,Stripe India,BLNK-INV-613795 PO_B14_004376,86307,1903,0,0,84404,INR,2026-08-16T02:40:00Z,BATCH-BLNK-4376
PO_B14_004377,Razorpay Nodal,BKMS-INV-711932 PO_B14_004377,239218,4797,0,0,234421,INR,2026-08-16T03:37:00Z,BATCH-BKMS-4377
PO_B14_004378,Razorpay Nodal,MMTR-ORD-742305 MMTR-ORD-761902 BATCH-MMTR-4378,160394,3207,0,0,157187,INR,2026-08-16T19:52:00Z,BATCH-MMTR-4378
PO_B14_004379,PayU Enterprise,PHNP-ORD-581043 PHNP-ORD-230534 PHNP-ORD-269114 BATCH-PHNP-4379,452417,9048,0,0,443369,INR,2026-08-16T18:12:00Z,BATCH-PHNP-4379
PO_B14_004380,Cashfree Escrow,NYKA-EXC-366676-UNRESOLVED,172501,3440,0,0,169061,INR,2026-08-16T13:04:00Z,HOLD-ESCROW
PO_B14_004381,Stripe India,TATA-INV-855236 PO_B14_004381,264604,4404,0,0,260200,INR,2026-08-16T03:22:00Z,BATCH-TATA-4381
PO_B14_004382,Stripe India,PHNP-INV-235697 PO_B14_004382,332172,6349,0,0,325823,INR,2026-08-16T08:46:00Z,BATCH-PHNP-4382
PO_B14_004383,Cashfree Escrow,AMZN-INV-404035 PO_B14_004383,141224,2949,0,0,138275,INR,2026-08-16T13:09:00Z,BATCH-AMZN-4383
PO_B14_004384,PayU Enterprise,OLAA-INV-510163 PO_B14_004384,401649,7350,0,0,394299,INR,2026-08-16T12:45:00Z,BATCH-OLAA-4384
PO_B14_004385,Stripe India,SWIG-INV-210058 PO_B14_004385,284688,4762,0,0,279926,INR,2026-08-16T15:41:00Z,BATCH-SWIG-4385
PO_B14_004386,Cashfree Escrow,MMTR-INV-635334 PO_B14_004386,263432,5401,0,0,258031,INR,2026-08-16T11:24:00Z,BATCH-MMTR-4386
PO_B14_004387,Cashfree Escrow,FLPK-INV-932170 PO_B14_004387,212602,3729,0,0,208873,INR,2026-08-16T10:30:00Z,BATCH-FLPK-4387
PO_B14_004388,Razorpay Nodal,BBAS-INV-182414 PO_B14_004388,182236,4386,0,0,177850,INR,2026-08-15T22:02:00Z,BATCH-BBAS-4388
PO_B14_004389,Razorpay Nodal,TATA-INV-121823 PO_B14_004389,353805,8703,0,0,345102,INR,2026-08-15T14:39:00Z,BATCH-TATA-4389
PO_B14_004390,BillDesk Settlement,AMZN-INV-649119 PO_B14_004390,133759,3339,0,0,130420,INR,2026-08-16T02:20:00Z,BATCH-AMZN-4390
PO_B14_004391,Razorpay Nodal,PHNP-INV-190916 PO_B14_004391,343574,8194,0,0,335380,INR,2026-08-16T08:49:00Z,BATCH-PHNP-4391
PO_B14_004392,Stripe India,BLNK-INV-175695 PO_B14_004392,163854,3327,0,0,160527,INR,2026-08-16T01:17:00Z,BATCH-BLNK-4392
PO_B14_004393,BillDesk Settlement,PHNP-INV-209826 PO_B14_004393,47044,842,0,0,46202,INR,2026-08-16T10:37:00Z,BATCH-PHNP-4393
PO_B14_004394,BillDesk Settlement,UBER-INV-876411 PO_B14_004394,64870,1516,0,0,63354,INR,2026-08-16T20:58:00Z,BATCH-UBER-4394
PO_B14_004395,Razorpay Nodal,UBER-INV-150269 PO_B14_004395,324645,5367,0,0,319278,INR,2026-08-16T14:16:00Z,BATCH-UBER-4395
PO_B14_004396,Stripe India,BBAS-INV-577847 PO_B14_004396,117324,1891,0,0,115433,INR,2026-08-15T20:04:00Z,BATCH-BBAS-4396
PO_B14_004397,Razorpay Nodal,AMZN-INV-133309 PO_B14_004397,109146,2150,0,0,106996,INR,2026-08-16T15:50:00Z,BATCH-AMZN-4397
PO_B14_004398,PayU Enterprise,BLNK-INV-197134 PO_B14_004398,356946,6446,0,0,350500,INR,2026-08-16T12:10:00Z,BATCH-BLNK-4398
PO_B14_004399,Stripe India,BLNK-ORD-929980 BLNK-ORD-576122 BATCH-BLNK-4399,348047,6960,0,0,341087,INR,2026-08-16T12:34:00Z,BATCH-BLNK-4399
PO_B14_004400,BillDesk Settlement,BLNK-ORD-162347 BLNK-ORD-515443 BATCH-BLNK-4400,199484,3989,0,0,195495,INR,2026-08-16T19:11:00Z,BATCH-BLNK-4400
PO_B14_004401,Stripe India,UBER-INV-839014 PO_B14_004401,345813,8445,0,0,337368,INR,2026-08-16T03:57:00Z,BATCH-UBER-4401
PO_B14_004402,BillDesk Settlement,BBAS-INV-530873 PO_B14_004402,254188,5044,0,0,249144,INR,2026-08-16T14:26:00Z,BATCH-BBAS-4402
PO_B14_004403,PayU Enterprise,OLAA-INV-610537 PO_B14_004403,117187,2201,0,0,114986,INR,2026-08-16T06:30:00Z,BATCH-OLAA-4403
PO_B14_004404,BillDesk Settlement,PAYT-ORD-604667 PAYT-ORD-494865 BATCH-PAYT-4404,415237,8304,0,0,406933,INR,2026-08-15T23:33:00Z,BATCH-PAYT-4404
PO_B14_004405,Stripe India,UBER-INV-736919 PO_B14_004405,158456,3150,0,0,155306,INR,2026-08-16T01:39:00Z,BATCH-UBER-4405
PO_B14_004406,PayU Enterprise,TATA-INV-816747 PO_B14_004406,351205,6184,0,0,345021,INR,2026-08-16T10:48:00Z,BATCH-TATA-4406
PO_B14_004407,Razorpay Nodal,PHNP-INV-232533 PO_B14_004407,59572,912,0,0,58660,INR,2026-08-16T14:09:00Z,BATCH-PHNP-4407
PO_B14_004408,Cashfree Escrow,MMTR-INV-129619 PO_B14_004408,396608,9369,0,0,387239,INR,2026-08-15T16:10:00Z,BATCH-MMTR-4408
PO_B14_004409,PayU Enterprise,MYNT-INV-771181 PO_B14_004409,128074,1987,0,0,126087,INR,2026-08-15T23:52:00Z,BATCH-MYNT-4409
PO_B14_004410,PayU Enterprise,PAYT-INV-685072 PO_B14_004410,52264,822,0,0,51442,INR,2026-08-16T08:51:00Z,BATCH-PAYT-4410
PO_B14_004411,Stripe India,PAYT-ORD-384816 PAYT-ORD-590042 BATCH-PAYT-4411,291369,5827,0,0,285542,INR,2026-08-16T02:54:00Z,BATCH-PAYT-4411
PO_B14_004412,PayU Enterprise,MMTR-INV-336101 PO_B14_004412,219237,3765,0,0,215472,INR,2026-08-16T16:50:00Z,BATCH-MMTR-4412
PO_B14_004413,Razorpay Nodal,NYKA-INV-576043 PO_B14_004413,265143,5613,0,0,259530,INR,2026-08-16T04:18:00Z,BATCH-NYKA-4413
PO_B14_004414,Stripe India,PAYT-INV-525218 PO_B14_004414,167156,4091,0,0,163065,INR,2026-08-16T00:40:00Z,BATCH-PAYT-4414
PO_B14_004415,Stripe India,NYKA-INV-168655 PO_B14_004415,406495,7162,0,0,399333,INR,2026-08-16T09:17:00Z,BATCH-NYKA-4415
PO_B14_004416,BillDesk Settlement,BLNK-ORD-895077 BLNK-ORD-969861 BATCH-BLNK-4416,358314,7166,0,0,351148,INR,2026-08-16T04:06:00Z,BATCH-BLNK-4416
PO_B14_004417,PayU Enterprise,AMZN-INV-271634 PO_B14_004417,348509,6016,0,0,342493,INR,2026-08-16T11:13:00Z,BATCH-AMZN-4417
PO_B14_004418,BillDesk Settlement,ZOMA-INV-495668 PO_B14_004418,405828,8055,0,0,397773,INR,2026-08-16T09:57:00Z,BATCH-ZOMA-4418
PO_B14_004419,Razorpay Nodal,NYKA-INV-527213 PO_B14_004419,61418,1175,0,0,60243,INR,2026-08-16T14:22:00Z,BATCH-NYKA-4419
PO_B14_004420,BillDesk Settlement,NYKA-INV-258326 PO_B14_004420,361714,6306,0,0,355408,INR,2026-08-16T01:27:00Z,BATCH-NYKA-4420
PO_B14_004421,BillDesk Settlement,TATA-ORD-253012 TATA-ORD-418710 BATCH-TATA-4421,283040,5660,0,0,277380,INR,2026-08-16T15:56:00Z,BATCH-TATA-4421
PO_B14_004422,Stripe India,AMZN-INV-638931 PO_B14_004422,399115,6814,0,0,392301,INR,2026-08-16T14:22:00Z,BATCH-AMZN-4422
PO_B14_004423,Cashfree Escrow,PAYT-INV-760190 PO_B14_004423,111105,2723,0,0,108382,INR,2026-08-16T15:48:00Z,BATCH-PAYT-4423
PO_B14_004424,Stripe India,ZOMA-ORD-932215 ZOMA-ORD-126448 ZOMA-ORD-734159 BATCH-ZOMA-4424,495758,9915,0,0,485843,INR,2026-08-16T15:44:00Z,BATCH-ZOMA-4424
PO_B14_004425,Stripe India,NYKA-INV-389985 PO_B14_004425,224840,4455,0,0,220385,INR,2026-08-16T19:13:00Z,BATCH-NYKA-4425
PO_B14_004426,BillDesk Settlement,BLNK-INV-332741 PO_B14_004426,340458,7836,0,0,332622,INR,2026-08-16T07:54:00Z,BATCH-BLNK-4426
PO_B14_004427,Cashfree Escrow,NYKA-ORD-192914 NYKA-ORD-856260 NYKA-ORD-399025 BATCH-NYKA-4427,293605,5872,0,0,287733,INR,2026-08-16T03:34:00Z,BATCH-NYKA-4427
PO_B14_004428,Cashfree Escrow,PAYT-INV-299443 PO_B14_004428,48228,726,0,0,47502,INR,2026-08-15T23:44:00Z,BATCH-PAYT-4428
PO_B14_004429,Razorpay Nodal,MYNT-INV-270130 PO_B14_004429,422800,6426,0,0,416374,INR,2026-08-16T01:41:00Z,BATCH-MYNT-4429
PO_B14_004430,BillDesk Settlement,ZOMA-INV-962511 PO_B14_004430,48183,1003,0,0,47180,INR,2026-08-16T07:42:00Z,BATCH-ZOMA-4430
PO_B14_004431,BillDesk Settlement,SWIG-ORD-761312 SWIG-ORD-823536 SWIG-ORD-393305 BATCH-SWIG-4431,501787,10035,0,0,491752,INR,2026-08-16T00:36:00Z,BATCH-SWIG-4431
PO_B14_004432,PayU Enterprise,OLAA-ORD-367995 OLAA-ORD-554529 BATCH-OLAA-4432,387966,7759,0,0,380207,INR,2026-08-16T16:02:00Z,BATCH-OLAA-4432
PO_B14_004433,BillDesk Settlement,BKMS-INV-247606 PO_B14_004433,413604,8067,0,0,405537,INR,2026-08-16T14:18:00Z,BATCH-BKMS-4433
PO_B14_004434,Razorpay Nodal,MMTR-INV-499586 PO_B14_004434,114232,2241,0,0,111991,INR,2026-08-15T23:14:00Z,BATCH-MMTR-4434
PO_B14_004435,Cashfree Escrow,PHNP-INV-599565 PO_B14_004435,121538,2897,0,0,118641,INR,2026-08-16T13:15:00Z,BATCH-PHNP-4435
PO_B14_004436,Razorpay Nodal,BKMS-INV-356427 PO_B14_004436,112512,2363,0,0,110149,INR,2026-08-16T09:40:00Z,BATCH-BKMS-4436
PO_B14_004437,BillDesk Settlement,SWIG-INV-441583 PO_B14_004437,444239,7636,0,0,436603,INR,2026-08-16T17:21:00Z,BATCH-SWIG-4437
PO_B14_004438,PayU Enterprise,AMZN-ORD-559371 AMZN-ORD-517581 AMZN-ORD-779706 BATCH-AMZN-4438,453590,9071,0,0,444519,INR,2026-08-16T12:38:00Z,BATCH-AMZN-4438
PO_B14_004439,BillDesk Settlement,JIOO-ORD-435645 JIOO-ORD-628190 JIOO-ORD-115097 BATCH-JIOO-4439,215083,4301,0,0,210782,INR,2026-08-15T23:17:00Z,BATCH-JIOO-4439
PO_B14_004440,Cashfree Escrow,MMTR-INV-202345 PO_B14_004440,219781,5364,0,0,214417,INR,2026-08-16T02:36:00Z,BATCH-MMTR-4440
PO_B14_004441,Razorpay Nodal,ZOMA-INV-317290 PO_B14_004441,393804,7315,0,0,386489,INR,2026-08-16T11:13:00Z,BATCH-ZOMA-4441
PO_B14_004442,BillDesk Settlement,BBAS-ORD-905230 BBAS-ORD-592362 BATCH-BBAS-4442,415809,8316,0,0,407493,INR,2026-08-15T21:26:00Z,BATCH-BBAS-4442
PO_B14_004443,Razorpay Nodal,UBER-INV-557158 PO_B14_004443,28213,574,0,0,27639,INR,2026-08-16T14:09:00Z,BATCH-UBER-4443
PO_B14_004444,Cashfree Escrow,MYNT-INV-838521 PO_B14_004444,132589,2336,0,0,130253,INR,2026-08-16T12:18:00Z,BATCH-MYNT-4444
PO_B14_004445,Stripe India,BLNK-INV-107027 PO_B14_004445,434224,9048,0,0,425176,INR,2026-08-16T08:48:00Z,BATCH-BLNK-4445
PO_B14_004446,BillDesk Settlement,AMZN-ORD-923277 AMZN-ORD-384085 AMZN-ORD-765785 BATCH-AMZN-4446,357357,7147,0,0,350210,INR,2026-08-16T13:31:00Z,BATCH-AMZN-4446
PO_B14_004447,BillDesk Settlement,BKMS-INV-132579 PO_B14_004447,109028,1687,0,0,107341,INR,2026-08-15T21:15:00Z,BATCH-BKMS-4447
PO_B14_004448,Stripe India,PAYT-INV-524118 PO_B14_004448,36265,837,0,0,35428,INR,2026-08-16T19:56:00Z,BATCH-PAYT-4448
PO_B14_004449,BillDesk Settlement,FLPK-ORD-346493 FLPK-ORD-702456 BATCH-FLPK-4449,393312,7866,0,0,385446,INR,2026-08-16T05:03:00Z,BATCH-FLPK-4449
PO_B14_004450,Razorpay Nodal,PAYT-INV-719627 PO_B14_004450,104606,1937,0,0,102669,INR,2026-08-16T14:55:00Z,BATCH-PAYT-4450
PO_B14_004451,Stripe India,MYNT-INV-303867 PO_B14_004451,79467,1235,0,0,78232,INR,2026-08-16T10:07:00Z,BATCH-MYNT-4451
PO_B14_004452,Stripe India,BLNK-INV-943074 PO_B14_004452,245035,4210,0,0,240825,INR,2026-08-16T06:56:00Z,BATCH-BLNK-4452
PO_B14_004453,Razorpay Nodal,UBER-INV-224759 PO_B14_004453,167036,4077,0,0,162959,INR,2026-08-16T11:33:00Z,BATCH-UBER-4453
PO_B14_004454,Razorpay Nodal,TATA-INV-353271 PO_B14_004454,295226,7340,0,0,287886,INR,2026-08-16T05:41:00Z,BATCH-TATA-4454
PO_B14_004455,Stripe India,PHNP-INV-810978 PO_B14_004455,372559,8501,0,0,364058,INR,2026-08-15T21:42:00Z,BATCH-PHNP-4455
PO_B14_004456,BillDesk Settlement,OLAA-EXC-349796-UNRESOLVED,282508,5640,0,0,276868,INR,2026-08-17T03:26:00Z,HOLD-ESCROW
PO_B14_004457,Stripe India,PAYT-INV-666186 PO_B14_004457,204407,4555,0,0,199852,INR,2026-08-16T07:01:00Z,BATCH-PAYT-4457
PO_B14_004458,Cashfree Escrow,MMTR-INV-201753 PO_B14_004458,49759,1049,0,0,48710,INR,2026-08-16T11:57:00Z,BATCH-MMTR-4458
PO_B14_004459,Razorpay Nodal,FLPK-ORD-703657 FLPK-ORD-235932 BATCH-FLPK-4459,273412,5468,0,0,267944,INR,2026-08-16T17:53:00Z,BATCH-FLPK-4459
PO_B14_004460,PayU Enterprise,UBER-INV-186912 PO_B14_004460,294439,4666,0,0,289773,INR,2026-08-16T05:55:00Z,BATCH-UBER-4460
PO_B14_004461,PayU Enterprise,ZOMA-INV-431921 PO_B14_004461,57203,1144,0,0,56059,INR,2026-08-16T10:40:00Z,BATCH-ZOMA-4461
PO_B14_004462,BillDesk Settlement,FLPK-INV-560510 PO_B14_004462,232070,3782,0,0,228288,INR,2026-08-16T21:00:00Z,BATCH-FLPK-4462
PO_B14_004463,BillDesk Settlement,MYNT-INV-462111 PO_B14_004463,264161,4857,0,0,259304,INR,2026-08-16T00:55:00Z,BATCH-MYNT-4463
PO_B14_004464,BillDesk Settlement,MMTR-ORD-299032 MMTR-ORD-945355 BATCH-MMTR-4464,156149,3122,0,0,153027,INR,2026-08-16T16:57:00Z,BATCH-MMTR-4464
PO_B14_004465,Stripe India,BBAS-EXC-573406-UNRESOLVED,298762,5965,0,0,292797,INR,2026-08-17T01:31:00Z,HOLD-ESCROW
PO_B14_004466,BillDesk Settlement,ZOMA-INV-672017 PO_B14_004466,27979,584,0,0,27395,INR,2026-08-16T17:51:00Z,BATCH-ZOMA-4466
PO_B14_004467,Razorpay Nodal,SWIG-ORD-670700 SWIG-ORD-369694 BATCH-SWIG-4467,280262,5605,0,0,274657,INR,2026-08-16T02:12:00Z,BATCH-SWIG-4467
PO_B14_004468,Cashfree Escrow,UBER-INV-264650 PO_B14_004468,52230,1182,0,0,51048,INR,2026-08-16T15:56:00Z,BATCH-UBER-4468
PO_B14_004469,Cashfree Escrow,UBER-INV-106989 PO_B14_004469,381346,9095,0,0,372251,INR,2026-08-16T11:46:00Z,BATCH-UBER-4469
PO_B14_004470,Cashfree Escrow,FLPK-INV-634829 PO_B14_004470,235796,5513,0,0,230283,INR,2026-08-16T14:38:00Z,BATCH-FLPK-4470
PO_B14_004471,BillDesk Settlement,ZOMA-INV-203707 PO_B14_004471,395579,9506,0,0,386073,INR,2026-08-16T06:04:00Z,BATCH-ZOMA-4471
PO_B14_004472,Stripe India,PHNP-INV-206032 PO_B14_004472,422824,6418,0,0,416406,INR,2026-08-16T01:23:00Z,BATCH-PHNP-4472
PO_B14_004473,Stripe India,JIOO-INV-646535 PO_B14_004473,227825,4250,0,0,223575,INR,2026-08-16T05:14:00Z,BATCH-JIOO-4473
PO_B14_004474,BillDesk Settlement,AMZN-INV-782794 PO_B14_004474,152292,3511,0,0,148781,INR,2026-08-16T21:10:00Z,BATCH-AMZN-4474
PO_B14_004475,BillDesk Settlement,AMZN-INV-277553 PO_B14_004475,254790,5458,0,0,249332,INR,2026-08-16T13:38:00Z,BATCH-AMZN-4475
PO_B14_004476,BillDesk Settlement,BKMS-INV-667769 PO_B14_004476,204491,4472,0,0,200019,INR,2026-08-16T01:19:00Z,BATCH-BKMS-4476
PO_B14_004477,Stripe India,UBER-INV-731551 PO_B14_004477,175662,3454,0,0,172208,INR,2026-08-16T14:21:00Z,BATCH-UBER-4477
PO_B14_004478,Cashfree Escrow,SWIG-INV-684890 PO_B14_004478,163047,3020,0,0,160027,INR,2026-08-15T23:34:00Z,BATCH-SWIG-4478
PO_B14_004479,Razorpay Nodal,MYNT-INV-150260 PO_B14_004479,139939,2532,0,0,137407,INR,2026-08-15T15:49:00Z,BATCH-MYNT-4479
PO_B14_004480,PayU Enterprise,MYNT-INV-870406 PO_B14_004480,158718,2961,0,0,155757,INR,2026-08-15T23:40:00Z,BATCH-MYNT-4480
PO_B14_004481,Cashfree Escrow,TATA-EXC-223314-UNRESOLVED,60678,1203,0,0,59475,INR,2026-08-16T13:32:00Z,HOLD-ESCROW
PO_B14_004482,PayU Enterprise,NYKA-INV-914783 PO_B14_004482,290222,5534,0,0,284688,INR,2026-08-15T14:21:00Z,BATCH-NYKA-4482
PO_B14_004483,Razorpay Nodal,JIOO-INV-184866 PO_B14_004483,368877,6985,0,0,361892,INR,2026-08-16T06:02:00Z,BATCH-JIOO-4483
PO_B14_004484,Cashfree Escrow,MYNT-INV-756067 PO_B14_004484,193637,3444,0,0,190193,INR,2026-08-15T22:41:00Z,BATCH-MYNT-4484
PO_B14_004485,PayU Enterprise,PHNP-INV-762306 PO_B14_004485,226560,4963,0,0,221597,INR,2026-08-16T02:05:00Z,BATCH-PHNP-4485
PO_B14_004486,Stripe India,MYNT-INV-466278 PO_B14_004486,184359,3259,0,0,181100,INR,2026-08-16T19:11:00Z,BATCH-MYNT-4486
PO_B14_004487,Stripe India,PAYT-INV-825078 PO_B14_004487,280133,6476,0,0,273657,INR,2026-08-16T09:23:00Z,BATCH-PAYT-4487
PO_B14_004488,Stripe India,PHNP-INV-301983 PO_B14_004488,82755,1943,0,0,80812,INR,2026-08-16T09:29:00Z,BATCH-PHNP-4488
PO_B14_004489,Razorpay Nodal,FLPK-ORD-394174 FLPK-ORD-347576 FLPK-ORD-200038 BATCH-FLPK-4489,471126,9422,0,0,461704,INR,2026-08-16T13:21:00Z,BATCH-FLPK-4489
PO_B14_004490,Cashfree Escrow,BKMS-ORD-662439 BKMS-ORD-747687 BATCH-BKMS-4490,277300,5546,0,0,271754,INR,2026-08-16T02:18:00Z,BATCH-BKMS-4490
PO_B14_004491,PayU Enterprise,MMTR-INV-832283 PO_B14_004491,284585,4675,0,0,279910,INR,2026-08-16T15:01:00Z,BATCH-MMTR-4491
PO_B14_004492,BillDesk Settlement,JIOO-ORD-235946 JIOO-ORD-358544 BATCH-JIOO-4492,334708,6694,0,0,328014,INR,2026-08-16T06:55:00Z,BATCH-JIOO-4492
PO_B14_004493,PayU Enterprise,AMZN-INV-992372 PO_B14_004493,85348,1970,0,0,83378,INR,2026-08-16T11:24:00Z,BATCH-AMZN-4493
PO_B14_004494,BillDesk Settlement,MYNT-INV-415279 PO_B14_004494,69838,1499,0,0,68339,INR,2026-08-16T12:10:00Z,BATCH-MYNT-4494
PO_B14_004495,Cashfree Escrow,FLPK-INV-250512 PO_B14_004495,119888,2471,0,0,117417,INR,2026-08-15T22:45:00Z,BATCH-FLPK-4495
PO_B14_004496,PayU Enterprise,UBER-ORD-238471 UBER-ORD-955986 BATCH-UBER-4496,191396,3827,0,0,187569,INR,2026-08-16T06:04:00Z,BATCH-UBER-4496
PO_B14_004497,PayU Enterprise,FLPK-INV-803346 PO_B14_004497,270639,5710,0,0,264929,INR,2026-08-16T07:48:00Z,BATCH-FLPK-4497
PO_B14_004498,Cashfree Escrow,PHNP-EXC-281873-UNRESOLVED,286076,5711,0,0,280365,INR,2026-08-16T17:47:00Z,HOLD-ESCROW
PO_B14_004499,Stripe India,BLNK-INV-800835 PO_B14_004499,292272,6168,0,0,286104,INR,2026-08-16T03:50:00Z,BATCH-BLNK-4499
PO_B14_004500,Cashfree Escrow,JIOO-ORD-417835 JIOO-ORD-183153 JIOO-ORD-145516 BATCH-JIOO-4500,382914,7658,0,0,375256,INR,2026-08-16T00:33:00Z,BATCH-JIOO-4500
PO_B14_004501,Stripe India,UBER-INV-678435 PO_B14_004501,306262,6946,0,0,299316,INR,2026-08-16T11:56:00Z,BATCH-UBER-4501
PO_B14_004502,Razorpay Nodal,MMTR-ORD-498639 MMTR-ORD-739221 BATCH-MMTR-4502,264728,5294,0,0,259434,INR,2026-08-16T11:24:00Z,BATCH-MMTR-4502
PO_B14_004503,Cashfree Escrow,TATA-INV-175102 PO_B14_004503,158131,2545,0,0,155586,INR,2026-08-16T05:35:00Z,BATCH-TATA-4503
PO_B14_004504,PayU Enterprise,TATA-INV-208331 PO_B14_004504,319884,7892,0,0,311992,INR,2026-08-16T16:57:00Z,BATCH-TATA-4504
PO_B14_004505,Cashfree Escrow,MYNT-INV-618430 PO_B14_004505,213540,3759,0,0,209781,INR,2026-08-16T07:45:00Z,BATCH-MYNT-4505
PO_B14_004506,PayU Enterprise,FLPK-ORD-717096 FLPK-ORD-836544 FLPK-ORD-230456 BATCH-FLPK-4506,620849,12416,0,0,608433,INR,2026-08-16T03:09:00Z,BATCH-FLPK-4506
PO_B14_004507,Razorpay Nodal,MYNT-INV-723072 PO_B14_004507,327759,7186,0,0,320573,INR,2026-08-15T16:53:00Z,BATCH-MYNT-4507
PO_B14_004508,Razorpay Nodal,PHNP-INV-467563 PO_B14_004508,96902,1683,0,0,95219,INR,2026-08-15T22:38:00Z,BATCH-PHNP-4508
PO_B14_004509,BillDesk Settlement,BLNK-INV-196850 PO_B14_004509,99206,1953,0,0,97253,INR,2026-08-16T15:15:00Z,BATCH-BLNK-4509
PO_B14_004510,BillDesk Settlement,OLAA-INV-862660 PO_B14_004510,210085,4970,0,0,205115,INR,2026-08-16T15:25:00Z,BATCH-OLAA-4510
PO_B14_004511,BillDesk Settlement,NYKA-INV-432525 PO_B14_004511,398852,7259,0,0,391593,INR,2026-08-15T17:49:00Z,BATCH-NYKA-4511
PO_B14_004512,Cashfree Escrow,TATA-INV-471900 PO_B14_004512,36083,656,0,0,35427,INR,2026-08-16T02:32:00Z,BATCH-TATA-4512
PO_B14_004513,Razorpay Nodal,NYKA-ORD-209112 NYKA-ORD-150499 BATCH-NYKA-4513,304400,6088,0,0,298312,INR,2026-08-16T00:04:00Z,BATCH-NYKA-4513
PO_B14_004514,Razorpay Nodal,JIOO-INV-511338 PO_B14_004514,54591,1199,0,0,53392,INR,2026-08-15T22:37:00Z,BATCH-JIOO-4514
PO_B14_004515,Stripe India,PAYT-INV-372009 PO_B14_004515,326607,5418,0,0,321189,INR,2026-08-15T18:14:00Z,BATCH-PAYT-4515
PO_B14_004516,PayU Enterprise,FLPK-ORD-786268 FLPK-ORD-627479 FLPK-ORD-344098 BATCH-FLPK-4516,266997,5339,0,0,261658,INR,2026-08-15T23:59:00Z,BATCH-FLPK-4516
PO_B14_004517,BillDesk Settlement,MYNT-INV-108268 PO_B14_004517,391003,9379,0,0,381624,INR,2026-08-16T12:20:00Z,BATCH-MYNT-4517
PO_B14_004518,Cashfree Escrow,BLNK-INV-320365 PO_B14_004518,142506,3252,0,0,139254,INR,2026-08-16T06:18:00Z,BATCH-BLNK-4518
PO_B14_004519,PayU Enterprise,NYKA-INV-697355 PO_B14_004519,34762,538,0,0,34224,INR,2026-08-16T15:03:00Z,BATCH-NYKA-4519
PO_B14_004520,Stripe India,OLAA-ORD-303705 OLAA-ORD-699397 BATCH-OLAA-4520,314277,6285,0,0,307992,INR,2026-08-16T11:49:00Z,BATCH-OLAA-4520
PO_B14_004521,Cashfree Escrow,OLAA-ORD-588124 OLAA-ORD-188542 BATCH-OLAA-4521,344534,6890,0,0,337644,INR,2026-08-16T07:01:00Z,BATCH-OLAA-4521
PO_B14_004522,Stripe India,FLPK-ORD-533902 FLPK-ORD-427753 BATCH-FLPK-4522,94925,1898,0,0,93027,INR,2026-08-16T10:03:00Z,BATCH-FLPK-4522
PO_B14_004523,Razorpay Nodal,AMZN-INV-126012 PO_B14_004523,262695,6540,0,0,256155,INR,2026-08-16T22:30:00Z,BATCH-AMZN-4523
PO_B14_004524,Cashfree Escrow,MYNT-ORD-744067 MYNT-ORD-293151 MYNT-ORD-916184 BATCH-MYNT-4524,509078,10181,0,0,498897,INR,2026-08-16T09:14:00Z,BATCH-MYNT-4524
PO_B14_004525,Cashfree Escrow,JIOO-ORD-232595 JIOO-ORD-228036 JIOO-ORD-916835 BATCH-JIOO-4525,269236,5384,0,0,263852,INR,2026-08-16T03:10:00Z,BATCH-JIOO-4525
PO_B14_004526,Stripe India,JIOO-ORD-875842 JIOO-ORD-509607 BATCH-JIOO-4526,496112,9922,0,0,486190,INR,2026-08-16T01:50:00Z,BATCH-JIOO-4526
PO_B14_004527,BillDesk Settlement,OLAA-INV-598392 PO_B14_004527,226913,5388,0,0,221525,INR,2026-08-16T04:40:00Z,BATCH-OLAA-4527
PO_B14_004528,PayU Enterprise,FLPK-ORD-707331 FLPK-ORD-117026 FLPK-ORD-350181 BATCH-FLPK-4528,355734,7114,0,0,348620,INR,2026-08-16T09:39:00Z,BATCH-FLPK-4528
PO_B14_004529,BillDesk Settlement,TATA-INV-404387 PO_B14_004529,426364,6937,0,0,419427,INR,2026-08-16T20:10:00Z,BATCH-TATA-4529
PO_B14_004530,Stripe India,TATA-INV-648535 PO_B14_004530,332820,5681,0,0,327139,INR,2026-08-16T11:59:00Z,BATCH-TATA-4530
PO_B14_004531,Razorpay Nodal,BBAS-INV-823898 PO_B14_004531,345101,5640,0,0,339461,INR,2026-08-16T06:28:00Z,BATCH-BBAS-4531
PO_B14_004532,PayU Enterprise,MYNT-INV-669390 PO_B14_004532,372998,8269,0,0,364729,INR,2026-08-15T22:00:00Z,BATCH-MYNT-4532
PO_B14_004533,Stripe India,ZOMA-INV-514272 PO_B14_004533,131167,2375,0,0,128792,INR,2026-08-16T00:05:00Z,BATCH-ZOMA-4533
PO_B14_004534,Cashfree Escrow,PAYT-ORD-698370 PAYT-ORD-790801 BATCH-PAYT-4534,145225,2904,0,0,142321,INR,2026-08-16T18:07:00Z,BATCH-PAYT-4534
PO_B14_004535,BillDesk Settlement,UBER-ORD-269370 UBER-ORD-770468 UBER-ORD-311004 BATCH-UBER-4535,417621,8352,0,0,409269,INR,2026-08-15T21:19:00Z,BATCH-UBER-4535
PO_B14_004536,BillDesk Settlement,SWIG-INV-232162 PO_B14_004536,381164,8211,0,0,372953,INR,2026-08-15T22:46:00Z,BATCH-SWIG-4536
PO_B14_004537,BillDesk Settlement,TATA-ORD-416843 TATA-ORD-666762 BATCH-TATA-4537,346182,6923,0,0,339259,INR,2026-08-16T08:27:00Z,BATCH-TATA-4537
PO_B14_004538,PayU Enterprise,AMZN-INV-125371 PO_B14_004538,52280,1123,0,0,51157,INR,2026-08-16T17:28:00Z,BATCH-AMZN-4538
PO_B14_004539,Stripe India,NYKA-INV-541043 PO_B14_004539,216028,4571,0,0,211457,INR,2026-08-16T10:15:00Z,BATCH-NYKA-4539
PO_B14_004540,BillDesk Settlement,SWIG-ORD-466956 SWIG-ORD-757142 BATCH-SWIG-4540,309371,6187,0,0,303184,INR,2026-08-16T07:00:00Z,BATCH-SWIG-4540
PO_B14_004541,Cashfree Escrow,AMZN-INV-594031 PO_B14_004541,107158,2395,0,0,104763,INR,2026-08-16T01:03:00Z,BATCH-AMZN-4541
PO_B14_004542,BillDesk Settlement,PHNP-INV-627698 PO_B14_004542,347455,5819,0,0,341636,INR,2026-08-16T06:21:00Z,BATCH-PHNP-4542
PO_B14_004543,BillDesk Settlement,ZOMA-INV-287550 PO_B14_004543,300357,6870,0,0,293487,INR,2026-08-16T12:57:00Z,BATCH-ZOMA-4543
PO_B14_004544,PayU Enterprise,MMTR-INV-284807 PO_B14_004544,167880,2654,0,0,165226,INR,2026-08-16T06:58:00Z,BATCH-MMTR-4544
PO_B14_004545,Cashfree Escrow,BLNK-INV-582676 PO_B14_004545,415578,6961,0,0,408617,INR,2026-08-15T22:20:00Z,BATCH-BLNK-4545
PO_B14_004546,Razorpay Nodal,AMZN-INV-306787 PO_B14_004546,163217,3800,0,0,159417,INR,2026-08-16T16:48:00Z,BATCH-AMZN-4546
PO_B14_004547,BillDesk Settlement,BLNK-ORD-636955 BLNK-ORD-164624 BATCH-BLNK-4547,315787,6315,0,0,309472,INR,2026-08-15T21:36:00Z,BATCH-BLNK-4547
PO_B14_004548,BillDesk Settlement,TATA-INV-900632 PO_B14_004548,206758,3787,0,0,202971,INR,2026-08-16T11:54:00Z,BATCH-TATA-4548
PO_B14_004549,PayU Enterprise,SWIG-INV-216004 PO_B14_004549,114313,2284,0,0,112029,INR,2026-08-16T17:42:00Z,BATCH-SWIG-4549
PO_B14_004550,Razorpay Nodal,SWIG-INV-425611 PO_B14_004550,351523,5819,0,0,345704,INR,2026-08-16T19:14:00Z,BATCH-SWIG-4550
PO_B14_004551,Stripe India,AMZN-ORD-352932 AMZN-ORD-448957 BATCH-AMZN-4551,365610,7312,0,0,358298,INR,2026-08-16T17:49:00Z,BATCH-AMZN-4551
PO_B14_004552,Cashfree Escrow,TATA-INV-861484 PO_B14_004552,368231,6863,0,0,361368,INR,2026-08-16T13:13:00Z,BATCH-TATA-4552
PO_B14_004553,Razorpay Nodal,NYKA-ORD-964254 NYKA-ORD-211401 BATCH-NYKA-4553,224168,4483,0,0,219685,INR,2026-08-16T17:42:00Z,BATCH-NYKA-4553
PO_B14_004554,PayU Enterprise,NYKA-EXC-961076-UNRESOLVED,122865,2447,0,0,120418,INR,2026-08-16T17:43:00Z,HOLD-ESCROW
PO_B14_004555,Stripe India,NYKA-ORD-905734 NYKA-ORD-655467 NYKA-ORD-341420 BATCH-NYKA-4555,517548,10350,0,0,507198,INR,2026-08-16T20:21:00Z,BATCH-NYKA-4555
PO_B14_004556,Stripe India,ZOMA-ORD-142090 ZOMA-ORD-179931 BATCH-ZOMA-4556,277136,5542,0,0,271594,INR,2026-08-16T01:46:00Z,BATCH-ZOMA-4556
PO_B14_004557,BillDesk Settlement,FLPK-INV-288325 PO_B14_004557,391497,8112,0,0,383385,INR,2026-08-16T00:00:00Z,BATCH-FLPK-4557
PO_B14_004558,Stripe India,BKMS-EXC-862618-UNRESOLVED,70721,1404,0,0,69317,INR,2026-08-17T00:59:00Z,HOLD-ESCROW
PO_B14_004559,Stripe India,OLAA-ORD-265906 OLAA-ORD-536060 OLAA-ORD-586305 BATCH-OLAA-4559,389058,7781,0,0,381277,INR,2026-08-16T09:12:00Z,BATCH-OLAA-4559
PO_B14_004560,PayU Enterprise,ZOMA-ORD-690639 ZOMA-ORD-245267 BATCH-ZOMA-4560,313583,6271,0,0,307312,INR,2026-08-16T02:09:00Z,BATCH-ZOMA-4560
PO_B14_004561,Razorpay Nodal,NYKA-ORD-817260 NYKA-ORD-812649 NYKA-ORD-672664 BATCH-NYKA-4561,294218,5884,0,0,288334,INR,2026-08-16T11:06:00Z,BATCH-NYKA-4561
PO_B14_004562,Cashfree Escrow,UBER-INV-463804 PO_B14_004562,203443,3865,0,0,199578,INR,2026-08-16T02:44:00Z,BATCH-UBER-4562
PO_B14_004563,Stripe India,PAYT-INV-540361 PO_B14_004563,89557,2201,0,0,87356,INR,2026-08-16T01:52:00Z,BATCH-PAYT-4563
PO_B14_004564,PayU Enterprise,PAYT-INV-231242 PO_B14_004564,327292,7004,0,0,320288,INR,2026-08-15T19:02:00Z,BATCH-PAYT-4564
PO_B14_004565,Stripe India,BKMS-ORD-324036 BKMS-ORD-677632 BATCH-BKMS-4565,310194,6203,0,0,303991,INR,2026-08-16T10:36:00Z,BATCH-BKMS-4565
PO_B14_004566,Cashfree Escrow,FLPK-INV-300676 PO_B14_004566,266654,4852,0,0,261802,INR,2026-08-15T17:57:00Z,BATCH-FLPK-4566
PO_B14_004567,PayU Enterprise,FLPK-INV-707951 PO_B14_004567,79993,1979,0,0,78014,INR,2026-08-16T16:15:00Z,BATCH-FLPK-4567
PO_B14_004568,Stripe India,ZOMA-INV-387531 PO_B14_004568,256748,4931,0,0,251817,INR,2026-08-16T01:40:00Z,BATCH-ZOMA-4568
PO_B14_004569,Stripe India,BLNK-INV-411527 PO_B14_004569,158557,3500,0,0,155057,INR,2026-08-16T22:47:00Z,BATCH-BLNK-4569
PO_B14_004570,Razorpay Nodal,JIOO-INV-493494 PO_B14_004570,429047,6795,0,0,422252,INR,2026-08-16T15:41:00Z,BATCH-JIOO-4570
PO_B14_004571,BillDesk Settlement,TATA-INV-938799 PO_B14_004571,350810,8237,0,0,342573,INR,2026-08-15T15:47:00Z,BATCH-TATA-4571
PO_B14_004572,Stripe India,AMZN-INV-638944 PO_B14_004572,303651,6834,0,0,296817,INR,2026-08-16T01:13:00Z,BATCH-AMZN-4572
PO_B14_004573,Stripe India,AMZN-ORD-629228 AMZN-ORD-570502 BATCH-AMZN-4573,297871,5957,0,0,291914,INR,2026-08-16T12:31:00Z,BATCH-AMZN-4573
PO_B14_004574,BillDesk Settlement,TATA-INV-192089 PO_B14_004574,93996,2010,0,0,91986,INR,2026-08-16T20:39:00Z,BATCH-TATA-4574
PO_B14_004575,Stripe India,OLAA-ORD-876661 OLAA-ORD-684988 OLAA-ORD-649765 BATCH-OLAA-4575,509477,10189,0,0,499288,INR,2026-08-15T21:12:00Z,BATCH-OLAA-4575
PO_B14_004576,PayU Enterprise,BKMS-INV-124931 PO_B14_004576,273655,5463,0,0,268192,INR,2026-08-16T06:33:00Z,BATCH-BKMS-4576
PO_B14_004577,BillDesk Settlement,SWIG-ORD-302900 SWIG-ORD-660957 SWIG-ORD-872782 BATCH-SWIG-4577,423606,8472,0,0,415134,INR,2026-08-15T21:41:00Z,BATCH-SWIG-4577
PO_B14_004578,Razorpay Nodal,OLAA-INV-262923 PO_B14_004578,288752,5219,0,0,283533,INR,2026-08-15T17:53:00Z,BATCH-OLAA-4578
PO_B14_004579,BillDesk Settlement,TATA-ORD-810581 TATA-ORD-945437 TATA-ORD-283897 BATCH-TATA-4579,492492,9849,0,0,482643,INR,2026-08-16T07:38:00Z,BATCH-TATA-4579
PO_B14_004580,BillDesk Settlement,BLNK-INV-409421 PO_B14_004580,440406,8528,0,0,431878,INR,2026-08-16T16:35:00Z,BATCH-BLNK-4580
PO_B14_004581,Stripe India,NYKA-INV-298857 PO_B14_004581,316764,6576,0,0,310188,INR,2026-08-16T14:01:00Z,BATCH-NYKA-4581
PO_B14_004582,Stripe India,OLAA-ORD-751806 OLAA-ORD-862505 BATCH-OLAA-4582,192428,3848,0,0,188580,INR,2026-08-16T12:10:00Z,BATCH-OLAA-4582
PO_B14_004583,PayU Enterprise,FLPK-INV-724313 PO_B14_004583,272344,6341,0,0,266003,INR,2026-08-15T15:06:00Z,BATCH-FLPK-4583
PO_B14_004584,Razorpay Nodal,SWIG-INV-870562 PO_B14_004584,159078,3007,0,0,156071,INR,2026-08-16T07:24:00Z,BATCH-SWIG-4584
PO_B14_004585,Razorpay Nodal,OLAA-INV-875876 PO_B14_004585,344709,7886,0,0,336823,INR,2026-08-16T14:01:00Z,BATCH-OLAA-4585
PO_B14_004586,PayU Enterprise,MMTR-INV-389855 PO_B14_004586,282230,5884,0,0,276346,INR,2026-08-16T20:26:00Z,BATCH-MMTR-4586
PO_B14_004587,Stripe India,BBAS-ORD-285161 BBAS-ORD-553882 BATCH-BBAS-4587,186089,3721,0,0,182368,INR,2026-08-16T10:19:00Z,BATCH-BBAS-4587
PO_B14_004588,Cashfree Escrow,NYKA-INV-221201 PO_B14_004588,372383,6309,0,0,366074,INR,2026-08-16T18:41:00Z,BATCH-NYKA-4588
PO_B14_004589,Cashfree Escrow,ZOMA-INV-170819 PO_B14_004589,81780,1373,0,0,80407,INR,2026-08-15T23:51:00Z,BATCH-ZOMA-4589
PO_B14_004590,Cashfree Escrow,OLAA-INV-398760 PO_B14_004590,224987,5510,0,0,219477,INR,2026-08-16T14:11:00Z,BATCH-OLAA-4590
PO_B14_004591,Stripe India,BKMS-ORD-311541 BKMS-ORD-869388 BKMS-ORD-737757 BATCH-BKMS-4591,245857,4917,0,0,240940,INR,2026-08-16T16:52:00Z,BATCH-BKMS-4591
PO_B14_004592,Cashfree Escrow,TATA-INV-824499 PO_B14_004592,338368,6001,0,0,332367,INR,2026-08-16T01:48:00Z,BATCH-TATA-4592
PO_B14_004593,Cashfree Escrow,AMZN-ORD-478470 AMZN-ORD-160108 AMZN-ORD-970094 BATCH-AMZN-4593,466174,9323,0,0,456851,INR,2026-08-16T00:12:00Z,BATCH-AMZN-4593
PO_B14_004594,PayU Enterprise,UBER-INV-956483 PO_B14_004594,275310,5533,0,0,269777,INR,2026-08-15T15:11:00Z,BATCH-UBER-4594
PO_B14_004595,Cashfree Escrow,FLPK-INV-588887 PO_B14_004595,368759,6519,0,0,362240,INR,2026-08-16T02:52:00Z,BATCH-FLPK-4595
PO_B14_004596,PayU Enterprise,SWIG-ORD-913569 SWIG-ORD-834023 SWIG-ORD-546089 BATCH-SWIG-4596,418395,8367,0,0,410028,INR,2026-08-16T13:34:00Z,BATCH-SWIG-4596
PO_B14_004597,Razorpay Nodal,PAYT-INV-643574 PO_B14_004597,88323,2130,0,0,86193,INR,2026-08-16T16:41:00Z,BATCH-PAYT-4597
PO_B14_004598,Cashfree Escrow,ZOMA-INV-568879 PO_B14_004598,80646,1956,0,0,78690,INR,2026-08-16T16:18:00Z,BATCH-ZOMA-4598
PO_B14_004599,PayU Enterprise,PHNP-INV-335509 PO_B14_004599,353752,5425,0,0,348327,INR,2026-08-15T19:55:00Z,BATCH-PHNP-4599
PO_B14_004600,PayU Enterprise,JIOO-ORD-486761 JIOO-ORD-177874 JIOO-ORD-465247 BATCH-JIOO-4600,393756,7875,0,0,385881,INR,2026-08-16T09:01:00Z,BATCH-JIOO-4600
PO_B14_004601,Stripe India,MYNT-ORD-388564 MYNT-ORD-657744 MYNT-ORD-945676 BATCH-MYNT-4601,290515,5810,0,0,284705,INR,2026-08-16T18:55:00Z,BATCH-MYNT-4601
PO_B14_004602,Razorpay Nodal,BBAS-INV-541569 PO_B14_004602,208884,3155,0,0,205729,INR,2026-08-16T17:27:00Z,BATCH-BBAS-4602
PO_B14_004603,BillDesk Settlement,MYNT-INV-950926 PO_B14_004603,149947,2480,0,0,147467,INR,2026-08-16T04:06:00Z,BATCH-MYNT-4603
PO_B14_004604,Stripe India,OLAA-INV-313905 PO_B14_004604,71396,1361,0,0,70035,INR,2026-08-16T02:06:00Z,BATCH-OLAA-4604
PO_B14_004605,Cashfree Escrow,MMTR-INV-115143 PO_B14_004605,277004,6098,0,0,270906,INR,2026-08-16T03:19:00Z,BATCH-MMTR-4605
PO_B14_004606,Razorpay Nodal,JIOO-INV-521342 PO_B14_004606,418123,9912,0,0,408211,INR,2026-08-15T19:05:00Z,BATCH-JIOO-4606
PO_B14_004607,BillDesk Settlement,SWIG-INV-841982 PO_B14_004607,169514,2962,0,0,166552,INR,2026-08-15T22:55:00Z,BATCH-SWIG-4607
PO_B14_004608,Stripe India,MYNT-INV-223551 PO_B14_004608,117165,1797,0,0,115368,INR,2026-08-16T03:04:00Z,BATCH-MYNT-4608
PO_B14_004609,Razorpay Nodal,MYNT-ORD-883859 MYNT-ORD-915573 MYNT-ORD-865283 BATCH-MYNT-4609,218748,4374,0,0,214374,INR,2026-08-16T14:53:00Z,BATCH-MYNT-4609
PO_B14_004610,Cashfree Escrow,OLAA-INV-467475 PO_B14_004610,255261,5544,0,0,249717,INR,2026-08-16T21:05:00Z,BATCH-OLAA-4610
PO_B14_004611,Stripe India,BBAS-INV-917893 PO_B14_004611,404876,7374,0,0,397502,INR,2026-08-16T03:03:00Z,BATCH-BBAS-4611
PO_B14_004612,Stripe India,OLAA-INV-135585 PO_B14_004612,430903,6512,0,0,424391,INR,2026-08-16T12:24:00Z,BATCH-OLAA-4612
PO_B14_004613,BillDesk Settlement,MYNT-INV-932576 PO_B14_004613,384831,6341,0,0,378490,INR,2026-08-16T09:04:00Z,BATCH-MYNT-4613
PO_B14_004614,Stripe India,MMTR-INV-301425 PO_B14_004614,346322,7330,0,0,338992,INR,2026-08-16T11:36:00Z,BATCH-MMTR-4614
PO_B14_004615,PayU Enterprise,ZOMA-ORD-301907 ZOMA-ORD-873979 ZOMA-ORD-798547 BATCH-ZOMA-4615,564607,11292,0,0,553315,INR,2026-08-16T19:46:00Z,BATCH-ZOMA-4615
PO_B14_004616,Stripe India,BLNK-INV-600412 PO_B14_004616,141212,2170,0,0,139042,INR,2026-08-16T15:45:00Z,BATCH-BLNK-4616
PO_B14_004617,Stripe India,BKMS-ORD-186532 BKMS-ORD-256215 BKMS-ORD-846867 BATCH-BKMS-4617,486928,9738,0,0,477190,INR,2026-08-16T15:16:00Z,BATCH-BKMS-4617
PO_B14_004618,Razorpay Nodal,BLNK-INV-429966 PO_B14_004618,293752,5724,0,0,288028,INR,2026-08-16T20:43:00Z,BATCH-BLNK-4618
PO_B14_004619,PayU Enterprise,MMTR-INV-228149 PO_B14_004619,277263,6531,0,0,270732,INR,2026-08-15T19:10:00Z,BATCH-MMTR-4619
PO_B14_004620,PayU Enterprise,MYNT-INV-609040 PO_B14_004620,352796,7026,0,0,345770,INR,2026-08-16T15:22:00Z,BATCH-MYNT-4620
PO_B14_004621,Cashfree Escrow,BBAS-ORD-997530 BBAS-ORD-401700 BATCH-BBAS-4621,153283,3065,0,0,150218,INR,2026-08-16T06:47:00Z,BATCH-BBAS-4621
PO_B14_004622,Cashfree Escrow,BLNK-INV-313667 PO_B14_004622,396658,7486,0,0,389172,INR,2026-08-16T00:47:00Z,BATCH-BLNK-4622
PO_B14_004623,Stripe India,JIOO-ORD-808078 JIOO-ORD-459554 JIOO-ORD-878546 BATCH-JIOO-4623,362514,7250,0,0,355264,INR,2026-08-16T05:15:00Z,BATCH-JIOO-4623
PO_B14_004624,PayU Enterprise,NYKA-INV-461250 PO_B14_004624,325425,5278,0,0,320147,INR,2026-08-15T23:10:00Z,BATCH-NYKA-4624
PO_B14_004625,BillDesk Settlement,UBER-INV-501679 PO_B14_004625,124711,2655,0,0,122056,INR,2026-08-16T02:50:00Z,BATCH-UBER-4625
PO_B14_004626,Razorpay Nodal,MYNT-INV-642103 PO_B14_004626,74936,1462,0,0,73474,INR,2026-08-16T06:03:00Z,BATCH-MYNT-4626
PO_B14_004627,Razorpay Nodal,BLNK-ORD-347754 BLNK-ORD-177210 BATCH-BLNK-4627,228599,4571,0,0,224028,INR,2026-08-16T10:14:00Z,BATCH-BLNK-4627
PO_B14_004628,Stripe India,BLNK-INV-397213 PO_B14_004628,218342,5319,0,0,213023,INR,2026-08-16T13:34:00Z,BATCH-BLNK-4628
PO_B14_004629,Stripe India,OLAA-ORD-452382 OLAA-ORD-278935 OLAA-ORD-738826 BATCH-OLAA-4629,448637,8972,0,0,439665,INR,2026-08-16T13:35:00Z,BATCH-OLAA-4629
PO_B14_004630,BillDesk Settlement,SWIG-INV-898340 PO_B14_004630,32562,545,0,0,32017,INR,2026-08-16T13:52:00Z,BATCH-SWIG-4630
PO_B14_004631,Cashfree Escrow,PHNP-INV-190242 PO_B14_004631,284235,4411,0,0,279824,INR,2026-08-16T02:47:00Z,BATCH-PHNP-4631
PO_B14_004632,PayU Enterprise,AMZN-INV-658641 PO_B14_004632,270460,5990,0,0,264470,INR,2026-08-16T14:03:00Z,BATCH-AMZN-4632
PO_B14_004633,Razorpay Nodal,PHNP-ORD-924699 PHNP-ORD-913586 PHNP-ORD-700155 BATCH-PHNP-4633,471305,9426,0,0,461879,INR,2026-08-16T07:03:00Z,BATCH-PHNP-4633
PO_B14_004634,BillDesk Settlement,SWIG-INV-391710 PO_B14_004634,439572,8296,0,0,431276,INR,2026-08-16T16:04:00Z,BATCH-SWIG-4634
PO_B14_004635,Cashfree Escrow,BKMS-INV-569849 PO_B14_004635,161213,3682,0,0,157531,INR,2026-08-16T03:37:00Z,BATCH-BKMS-4635
PO_B14_004636,Razorpay Nodal,PAYT-ORD-616539 PAYT-ORD-548801 PAYT-ORD-499389 BATCH-PAYT-4636,277284,5545,0,0,271739,INR,2026-08-16T03:35:00Z,BATCH-PAYT-4636
PO_B14_004637,BillDesk Settlement,NYKA-INV-459764 PO_B14_004637,27594,666,0,0,26928,INR,2026-08-16T16:41:00Z,BATCH-NYKA-4637
PO_B14_004638,Cashfree Escrow,BKMS-ORD-550591 BKMS-ORD-476563 BATCH-BKMS-4638,332282,6645,0,0,325637,INR,2026-08-16T02:37:00Z,BATCH-BKMS-4638
PO_B14_004639,Razorpay Nodal,PAYT-INV-206101 PO_B14_004639,159780,3813,0,0,155967,INR,2026-08-15T19:27:00Z,BATCH-PAYT-4639
PO_B14_004640,Stripe India,BBAS-INV-890453 PO_B14_004640,35619,625,0,0,34994,INR,2026-08-16T12:52:00Z,BATCH-BBAS-4640
PO_B14_004641,BillDesk Settlement,PAYT-INV-875340 PO_B14_004641,229947,4829,0,0,225118,INR,2026-08-16T08:14:00Z,BATCH-PAYT-4641
PO_B14_004642,PayU Enterprise,JIOO-ORD-985411 JIOO-ORD-111267 BATCH-JIOO-4642,422444,8448,0,0,413996,INR,2026-08-16T13:44:00Z,BATCH-JIOO-4642
PO_B14_004643,BillDesk Settlement,BKMS-INV-616795 PO_B14_004643,169504,3190,0,0,166314,INR,2026-08-16T18:14:00Z,BATCH-BKMS-4643
PO_B14_004644,PayU Enterprise,PHNP-INV-207616 PO_B14_004644,152288,3338,0,0,148950,INR,2026-08-16T11:22:00Z,BATCH-PHNP-4644
PO_B14_004645,BillDesk Settlement,MYNT-INV-353258 PO_B14_004645,274483,4633,0,0,269850,INR,2026-08-16T05:22:00Z,BATCH-MYNT-4645
PO_B14_004646,BillDesk Settlement,JIOO-INV-894560 PO_B14_004646,125581,2565,0,0,123016,INR,2026-08-16T02:22:00Z,BATCH-JIOO-4646
PO_B14_004647,Razorpay Nodal,PAYT-INV-552785 PO_B14_004647,359506,6857,0,0,352649,INR,2026-08-15T21:31:00Z,BATCH-PAYT-4647
PO_B14_004648,PayU Enterprise,MYNT-INV-930560 PO_B14_004648,200620,4373,0,0,196247,INR,2026-08-16T10:40:00Z,BATCH-MYNT-4648
PO_B14_004649,Stripe India,BBAS-INV-372992 PO_B14_004649,73765,1598,0,0,72167,INR,2026-08-15T20:55:00Z,BATCH-BBAS-4649
PO_B14_004650,Cashfree Escrow,SWIG-INV-832207 PO_B14_004650,434110,10688,0,0,423422,INR,2026-08-15T22:04:00Z,BATCH-SWIG-4650
PO_B14_004651,Stripe India,ZOMA-INV-817139 PO_B14_004651,253249,5699,0,0,247550,INR,2026-08-16T01:57:00Z,BATCH-ZOMA-4651
PO_B14_004652,Stripe India,JIOO-ORD-500205 JIOO-ORD-134858 BATCH-JIOO-4652,293727,5874,0,0,287853,INR,2026-08-16T08:34:00Z,BATCH-JIOO-4652
PO_B14_004653,Stripe India,FLPK-INV-118946 PO_B14_004653,396158,5973,0,0,390185,INR,2026-08-16T06:49:00Z,BATCH-FLPK-4653
PO_B14_004654,PayU Enterprise,PAYT-INV-672894 PO_B14_004654,307438,5344,0,0,302094,INR,2026-08-16T14:56:00Z,BATCH-PAYT-4654
PO_B14_004655,Cashfree Escrow,AMZN-INV-423432 PO_B14_004655,124094,2837,0,0,121257,INR,2026-08-16T01:37:00Z,BATCH-AMZN-4655
PO_B14_004656,Razorpay Nodal,MMTR-INV-359832 PO_B14_004656,150788,3269,0,0,147519,INR,2026-08-16T15:21:00Z,BATCH-MMTR-4656
PO_B14_004657,BillDesk Settlement,NYKA-ORD-532580 NYKA-ORD-505149 BATCH-NYKA-4657,212195,4243,0,0,207952,INR,2026-08-16T02:01:00Z,BATCH-NYKA-4657
PO_B14_004658,Stripe India,BBAS-INV-109359 PO_B14_004658,196477,4142,0,0,192335,INR,2026-08-16T00:15:00Z,BATCH-BBAS-4658
PO_B14_004659,Stripe India,TATA-INV-585452 PO_B14_004659,392329,8472,0,0,383857,INR,2026-08-16T05:08:00Z,BATCH-TATA-4659
PO_B14_004660,BillDesk Settlement,BLNK-ORD-508620 BLNK-ORD-259483 BLNK-ORD-707787 BATCH-BLNK-4660,466278,9325,0,0,456953,INR,2026-08-16T18:57:00Z,BATCH-BLNK-4660
PO_B14_004661,Razorpay Nodal,AMZN-INV-255907 PO_B14_004661,271168,4791,0,0,266377,INR,2026-08-16T20:43:00Z,BATCH-AMZN-4661
PO_B14_004662,Stripe India,OLAA-EXC-753364-UNRESOLVED,61421,1218,0,0,60203,INR,2026-08-17T05:18:00Z,HOLD-ESCROW
PO_B14_004663,PayU Enterprise,MMTR-INV-457038 PO_B14_004663,100678,2152,0,0,98526,INR,2026-08-16T03:25:00Z,BATCH-MMTR-4663
PO_B14_004664,PayU Enterprise,OLAA-INV-205311 PO_B14_004664,60576,991,0,0,59585,INR,2026-08-16T10:53:00Z,BATCH-OLAA-4664
PO_B14_004665,Cashfree Escrow,AMZN-ORD-105264 AMZN-ORD-877796 AMZN-ORD-865156 BATCH-AMZN-4665,294902,5898,0,0,289004,INR,2026-08-16T00:46:00Z,BATCH-AMZN-4665
PO_B14_004666,Cashfree Escrow,FLPK-INV-754923 PO_B14_004666,107459,1826,0,0,105633,INR,2026-08-15T17:43:00Z,BATCH-FLPK-4666
PO_B14_004667,Stripe India,FLPK-INV-916002 PO_B14_004667,198600,3661,0,0,194939,INR,2026-08-16T07:07:00Z,BATCH-FLPK-4667
PO_B14_004668,PayU Enterprise,FLPK-INV-613198 PO_B14_004668,430051,7395,0,0,422656,INR,2026-08-16T15:19:00Z,BATCH-FLPK-4668
PO_B14_004669,Cashfree Escrow,PAYT-INV-360209 PO_B14_004669,148570,3064,0,0,145506,INR,2026-08-16T22:14:00Z,BATCH-PAYT-4669
PO_B14_004670,Stripe India,ZOMA-INV-792745 PO_B14_004670,115587,2618,0,0,112969,INR,2026-08-15T22:51:00Z,BATCH-ZOMA-4670
PO_B14_004671,BillDesk Settlement,BBAS-ORD-208447 BBAS-ORD-808820 BATCH-BBAS-4671,224132,4482,0,0,219650,INR,2026-08-16T04:33:00Z,BATCH-BBAS-4671
PO_B14_004672,Stripe India,MMTR-ORD-296436 MMTR-ORD-857683 MMTR-ORD-665011 BATCH-MMTR-4672,274069,5481,0,0,268588,INR,2026-08-16T06:48:00Z,BATCH-MMTR-4672
PO_B14_004673,PayU Enterprise,BBAS-ORD-276166 BBAS-ORD-110445 BATCH-BBAS-4673,278730,5574,0,0,273156,INR,2026-08-16T03:13:00Z,BATCH-BBAS-4673
PO_B14_004674,Stripe India,AMZN-INV-394038 PO_B14_004674,155390,3129,0,0,152261,INR,2026-08-16T10:18:00Z,BATCH-AMZN-4674
PO_B14_004675,Cashfree Escrow,ZOMA-INV-291410 PO_B14_004675,356875,6103,0,0,350772,INR,2026-08-16T07:10:00Z,BATCH-ZOMA-4675
PO_B14_004676,Stripe India,AMZN-INV-441432 PO_B14_004676,159347,3359,0,0,155988,INR,2026-08-15T19:22:00Z,BATCH-AMZN-4676
PO_B14_004677,Stripe India,PAYT-INV-354401 PO_B14_004677,210629,4464,0,0,206165,INR,2026-08-16T07:53:00Z,BATCH-PAYT-4677
PO_B14_004678,PayU Enterprise,OLAA-INV-427939 PO_B14_004678,370758,5781,0,0,364977,INR,2026-08-16T06:48:00Z,BATCH-OLAA-4678
PO_B14_004679,Stripe India,AMZN-INV-653857 PO_B14_004679,161422,2616,0,0,158806,INR,2026-08-16T13:19:00Z,BATCH-AMZN-4679
PO_B14_004680,Razorpay Nodal,MMTR-INV-732294 PO_B14_004680,423852,7437,0,0,416415,INR,2026-08-16T02:50:00Z,BATCH-MMTR-4680
PO_B14_004681,Razorpay Nodal,SWIG-ORD-911058 SWIG-ORD-945253 BATCH-SWIG-4681,216118,4322,0,0,211796,INR,2026-08-16T09:21:00Z,BATCH-SWIG-4681
PO_B14_004682,BillDesk Settlement,MYNT-INV-314637 PO_B14_004682,80306,1441,0,0,78865,INR,2026-08-16T22:39:00Z,BATCH-MYNT-4682
PO_B14_004683,Stripe India,JIOO-INV-212923 PO_B14_004683,117073,2808,0,0,114265,INR,2026-08-16T01:30:00Z,BATCH-JIOO-4683
PO_B14_004684,Razorpay Nodal,BBAS-EXC-188374-UNRESOLVED,133856,2667,0,0,131189,INR,2026-08-16T15:46:00Z,HOLD-ESCROW
PO_B14_004685,Cashfree Escrow,BLNK-INV-504394 PO_B14_004685,272950,6117,0,0,266833,INR,2026-08-15T21:58:00Z,BATCH-BLNK-4685
PO_B14_004686,Cashfree Escrow,UBER-INV-473829 PO_B14_004686,38191,904,0,0,37287,INR,2026-08-15T13:17:00Z,BATCH-UBER-4686
PO_B14_004687,Cashfree Escrow,SWIG-INV-760046 PO_B14_004687,275683,4798,0,0,270885,INR,2026-08-16T16:04:00Z,BATCH-SWIG-4687
PO_B14_004688,Stripe India,AMZN-INV-234818 PO_B14_004688,383066,6428,0,0,376638,INR,2026-08-16T11:35:00Z,BATCH-AMZN-4688
PO_B14_004689,Stripe India,OLAA-INV-673541 PO_B14_004689,378294,6244,0,0,372050,INR,2026-08-16T13:21:00Z,BATCH-OLAA-4689
PO_B14_004690,Razorpay Nodal,NYKA-ORD-525215 NYKA-ORD-614499 NYKA-ORD-829327 BATCH-NYKA-4690,442542,8850,0,0,433692,INR,2026-08-16T18:44:00Z,BATCH-NYKA-4690
PO_B14_004691,Razorpay Nodal,ZOMA-INV-378518 PO_B14_004691,86284,1482,0,0,84802,INR,2026-08-16T01:55:00Z,BATCH-ZOMA-4691
PO_B14_004692,Razorpay Nodal,TATA-INV-926926 PO_B14_004692,341269,5181,0,0,336088,INR,2026-08-16T16:29:00Z,BATCH-TATA-4692
PO_B14_004693,BillDesk Settlement,BKMS-ORD-633592 BKMS-ORD-691956 BATCH-BKMS-4693,197349,3946,0,0,193403,INR,2026-08-16T01:28:00Z,BATCH-BKMS-4693
PO_B14_004694,Cashfree Escrow,TATA-INV-951488 PO_B14_004694,47637,908,0,0,46729,INR,2026-08-16T09:08:00Z,BATCH-TATA-4694
PO_B14_004695,Cashfree Escrow,PAYT-INV-807638 PO_B14_004695,295288,4820,0,0,290468,INR,2026-08-16T05:12:00Z,BATCH-PAYT-4695
PO_B14_004696,Razorpay Nodal,PAYT-ORD-396396 PAYT-ORD-615264 BATCH-PAYT-4696,171654,3433,0,0,168221,INR,2026-08-16T13:01:00Z,BATCH-PAYT-4696
PO_B14_004697,PayU Enterprise,BLNK-INV-504645 PO_B14_004697,116254,2626,0,0,113628,INR,2026-08-16T14:13:00Z,BATCH-BLNK-4697
PO_B14_004698,Razorpay Nodal,BLNK-INV-267441 PO_B14_004698,397336,6532,0,0,390804,INR,2026-08-16T19:18:00Z,BATCH-BLNK-4698
PO_B14_004699,Razorpay Nodal,TATA-ORD-445437 TATA-ORD-560546 BATCH-TATA-4699,270355,5407,0,0,264948,INR,2026-08-15T22:40:00Z,BATCH-TATA-4699
PO_B14_004700,Cashfree Escrow,UBER-ORD-769505 UBER-ORD-732290 BATCH-UBER-4700,211496,4229,0,0,207267,INR,2026-08-16T10:31:00Z,BATCH-UBER-4700
PO_B14_004701,BillDesk Settlement,BLNK-INV-373281 PO_B14_004701,60633,1486,0,0,59147,INR,2026-08-15T17:19:00Z,BATCH-BLNK-4701
PO_B14_004702,Razorpay Nodal,ZOMA-INV-530150 PO_B14_004702,208500,3217,0,0,205283,INR,2026-08-16T01:26:00Z,BATCH-ZOMA-4702
PO_B14_004703,BillDesk Settlement,OLAA-INV-602630 PO_B14_004703,319824,7466,0,0,312358,INR,2026-08-15T19:32:00Z,BATCH-OLAA-4703
PO_B14_004704,PayU Enterprise,ZOMA-INV-142037 PO_B14_004704,330842,5912,0,0,324930,INR,2026-08-16T11:09:00Z,BATCH-ZOMA-4704
PO_B14_004705,Cashfree Escrow,PAYT-INV-119390 PO_B14_004705,174322,3528,0,0,170794,INR,2026-08-15T22:56:00Z,BATCH-PAYT-4705
PO_B14_004706,Cashfree Escrow,JIOO-INV-656261 PO_B14_004706,368127,7702,0,0,360425,INR,2026-08-16T14:34:00Z,BATCH-JIOO-4706
PO_B14_004707,Stripe India,MYNT-INV-865028 PO_B14_004707,236001,3551,0,0,232450,INR,2026-08-16T19:55:00Z,BATCH-MYNT-4707
PO_B14_004708,BillDesk Settlement,OLAA-INV-637238 PO_B14_004708,279866,4776,0,0,275090,INR,2026-08-16T05:17:00Z,BATCH-OLAA-4708
PO_B14_004709,PayU Enterprise,OLAA-INV-950274 PO_B14_004709,370677,7427,0,0,363250,INR,2026-08-15T21:21:00Z,BATCH-OLAA-4709
PO_B14_004710,PayU Enterprise,NYKA-INV-797311 PO_B14_004710,443241,10537,0,0,432704,INR,2026-08-16T00:52:00Z,BATCH-NYKA-4710
PO_B14_004711,Razorpay Nodal,BBAS-INV-447298 PO_B14_004711,210704,3349,0,0,207355,INR,2026-08-16T00:00:00Z,BATCH-BBAS-4711
PO_B14_004712,PayU Enterprise,OLAA-ORD-287462 OLAA-ORD-252875 BATCH-OLAA-4712,257883,5157,0,0,252726,INR,2026-08-16T09:36:00Z,BATCH-OLAA-4712
PO_B14_004713,PayU Enterprise,BKMS-INV-811318 PO_B14_004713,241706,3847,0,0,237859,INR,2026-08-15T20:59:00Z,BATCH-BKMS-4713
PO_B14_004714,Razorpay Nodal,JIOO-INV-437524 PO_B14_004714,411282,8122,0,0,403160,INR,2026-08-15T20:22:00Z,BATCH-JIOO-4714
PO_B14_004715,Cashfree Escrow,MYNT-INV-309453 PO_B14_004715,215635,4327,0,0,211308,INR,2026-08-16T13:26:00Z,BATCH-MYNT-4715
PO_B14_004716,PayU Enterprise,UBER-INV-589804 PO_B14_004716,227017,4642,0,0,222375,INR,2026-08-16T05:17:00Z,BATCH-UBER-4716
PO_B14_004717,Cashfree Escrow,OLAA-ORD-555522 OLAA-ORD-142537 BATCH-OLAA-4717,319982,6399,0,0,313583,INR,2026-08-16T13:37:00Z,BATCH-OLAA-4717
PO_B14_004718,Stripe India,SWIG-INV-482226 PO_B14_004718,270552,5864,0,0,264688,INR,2026-08-16T05:11:00Z,BATCH-SWIG-4718
PO_B14_004719,PayU Enterprise,PHNP-INV-109492 PO_B14_004719,246436,4965,0,0,241471,INR,2026-08-16T12:39:00Z,BATCH-PHNP-4719
PO_B14_004720,Razorpay Nodal,PHNP-ORD-422409 PHNP-ORD-726760 BATCH-PHNP-4720,353751,7075,0,0,346676,INR,2026-08-16T18:17:00Z,BATCH-PHNP-4720
PO_B14_004721,Razorpay Nodal,BKMS-INV-684519 PO_B14_004721,326296,5541,0,0,320755,INR,2026-08-16T14:06:00Z,BATCH-BKMS-4721
PO_B14_004722,PayU Enterprise,BBAS-INV-872777 PO_B14_004722,257854,4195,0,0,253659,INR,2026-08-16T01:59:00Z,BATCH-BBAS-4722
PO_B14_004723,Cashfree Escrow,SWIG-INV-632264 PO_B14_004723,204089,3282,0,0,200807,INR,2026-08-16T11:07:00Z,BATCH-SWIG-4723
PO_B14_004724,Stripe India,BKMS-INV-428518 PO_B14_004724,311397,7013,0,0,304384,INR,2026-08-16T02:25:00Z,BATCH-BKMS-4724
PO_B14_004725,Razorpay Nodal,BLNK-INV-298011 PO_B14_004725,141286,2222,0,0,139064,INR,2026-08-16T03:59:00Z,BATCH-BLNK-4725
PO_B14_004726,PayU Enterprise,BKMS-INV-225007 PO_B14_004726,130372,1974,0,0,128398,INR,2026-08-15T21:00:00Z,BATCH-BKMS-4726
PO_B14_004727,Stripe India,BBAS-INV-740573 PO_B14_004727,287319,6382,0,0,280937,INR,2026-08-15T23:32:00Z,BATCH-BBAS-4727
PO_B14_004728,Stripe India,PAYT-INV-950453 PO_B14_004728,278142,5182,0,0,272960,INR,2026-08-16T00:33:00Z,BATCH-PAYT-4728
PO_B14_004729,Stripe India,BKMS-INV-623546 PO_B14_004729,420316,8307,0,0,412009,INR,2026-08-16T10:06:00Z,BATCH-BKMS-4729
PO_B14_004730,Cashfree Escrow,UBER-INV-381124 PO_B14_004730,278340,5165,0,0,273175,INR,2026-08-16T11:28:00Z,BATCH-UBER-4730
PO_B14_004731,Cashfree Escrow,JIOO-INV-896936 PO_B14_004731,135935,2172,0,0,133763,INR,2026-08-17T01:50:00Z,BATCH-JIOO-4731
PO_B14_004732,Cashfree Escrow,OLAA-INV-142755 PO_B14_004732,362496,8347,0,0,354149,INR,2026-08-16T15:07:00Z,BATCH-OLAA-4732
PO_B14_004733,Razorpay Nodal,FLPK-ORD-267003 FLPK-ORD-160940 BATCH-FLPK-4733,409878,8197,0,0,401681,INR,2026-08-16T11:13:00Z,BATCH-FLPK-4733
PO_B14_004734,BillDesk Settlement,MMTR-ORD-805858 MMTR-ORD-113628 BATCH-MMTR-4734,207479,4149,0,0,203330,INR,2026-08-16T00:27:00Z,BATCH-MMTR-4734
PO_B14_004735,Cashfree Escrow,ZOMA-ORD-387001 ZOMA-ORD-172795 BATCH-ZOMA-4735,100107,2002,0,0,98105,INR,2026-08-15T23:25:00Z,BATCH-ZOMA-4735
PO_B14_004736,Stripe India,BBAS-INV-168785 PO_B14_004736,342736,7229,0,0,335507,INR,2026-08-16T00:33:00Z,BATCH-BBAS-4736
PO_B14_004737,Razorpay Nodal,BLNK-INV-623515 PO_B14_004737,275310,5041,0,0,270269,INR,2026-08-16T07:35:00Z,BATCH-BLNK-4737
PO_B14_004738,Stripe India,MMTR-INV-211768 PO_B14_004738,222476,4249,0,0,218227,INR,2026-08-16T16:27:00Z,BATCH-MMTR-4738
PO_B14_004739,Cashfree Escrow,PAYT-INV-251768 PO_B14_004739,33832,836,0,0,32996,INR,2026-08-16T19:26:00Z,BATCH-PAYT-4739
PO_B14_004740,Razorpay Nodal,BKMS-ORD-177618 BKMS-ORD-774609 BATCH-BKMS-4740,163227,3264,0,0,159963,INR,2026-08-16T16:52:00Z,BATCH-BKMS-4740
PO_B14_004741,BillDesk Settlement,ZOMA-ORD-178464 ZOMA-ORD-672287 ZOMA-ORD-107348 BATCH-ZOMA-4741,245191,4903,0,0,240288,INR,2026-08-16T05:51:00Z,BATCH-ZOMA-4741
PO_B14_004742,Razorpay Nodal,FLPK-ORD-183529 FLPK-ORD-186869 BATCH-FLPK-4742,270444,5408,0,0,265036,INR,2026-08-16T02:17:00Z,BATCH-FLPK-4742
PO_B14_004743,PayU Enterprise,PAYT-INV-325847 PO_B14_004743,117322,1974,0,0,115348,INR,2026-08-16T09:22:00Z,BATCH-PAYT-4743
PO_B14_004744,Stripe India,FLPK-ORD-934923 FLPK-ORD-450129 FLPK-ORD-642556 BATCH-FLPK-4744,319660,6393,0,0,313267,INR,2026-08-15T23:50:00Z,BATCH-FLPK-4744
PO_B14_004745,Cashfree Escrow,MMTR-INV-402057 PO_B14_004745,230509,3672,0,0,226837,INR,2026-08-16T06:53:00Z,BATCH-MMTR-4745
PO_B14_004746,Cashfree Escrow,AMZN-INV-318612 PO_B14_004746,275502,6430,0,0,269072,INR,2026-08-16T19:54:00Z,BATCH-AMZN-4746
PO_B14_004747,Stripe India,MMTR-INV-199035 PO_B14_004747,181377,3951,0,0,177426,INR,2026-08-16T11:44:00Z,BATCH-MMTR-4747
PO_B14_004748,Cashfree Escrow,BLNK-ORD-371265 BLNK-ORD-142839 BATCH-BLNK-4748,104019,2080,0,0,101939,INR,2026-08-16T00:14:00Z,BATCH-BLNK-4748
PO_B14_004749,Razorpay Nodal,BLNK-INV-706697 PO_B14_004749,449830,8688,0,0,441142,INR,2026-08-15T21:35:00Z,BATCH-BLNK-4749
PO_B14_004750,PayU Enterprise,FLPK-INV-639531 PO_B14_004750,199606,3272,0,0,196334,INR,2026-08-16T08:07:00Z,BATCH-FLPK-4750
PO_B14_004751,Razorpay Nodal,ZOMA-INV-863206 PO_B14_004751,323310,7887,0,0,315423,INR,2026-08-16T17:44:00Z,BATCH-ZOMA-4751
PO_B14_004752,Stripe India,AMZN-INV-976534 PO_B14_004752,421762,8409,0,0,413353,INR,2026-08-16T13:06:00Z,BATCH-AMZN-4752
PO_B14_004753,Razorpay Nodal,ZOMA-INV-743089 PO_B14_004753,258442,5068,0,0,253374,INR,2026-08-15T17:20:00Z,BATCH-ZOMA-4753
PO_B14_004754,Stripe India,FLPK-ORD-342643 FLPK-ORD-219635 BATCH-FLPK-4754,307244,6144,0,0,301100,INR,2026-08-16T09:16:00Z,BATCH-FLPK-4754
PO_B14_004755,Stripe India,UBER-ORD-370009 UBER-ORD-517239 UBER-ORD-539170 BATCH-UBER-4755,435649,8712,0,0,426937,INR,2026-08-16T09:48:00Z,BATCH-UBER-4755
PO_B14_004756,PayU Enterprise,NYKA-INV-360476 PO_B14_004756,371787,6082,0,0,365705,INR,2026-08-16T22:31:00Z,BATCH-NYKA-4756
PO_B14_004757,Cashfree Escrow,PHNP-INV-417931 PO_B14_004757,445113,9995,0,0,435118,INR,2026-08-16T07:19:00Z,BATCH-PHNP-4757
PO_B14_004758,Cashfree Escrow,MMTR-INV-114924 PO_B14_004758,71276,1112,0,0,70164,INR,2026-08-16T07:04:00Z,BATCH-MMTR-4758
PO_B14_004759,Stripe India,AMZN-INV-903041 PO_B14_004759,282173,5038,0,0,277135,INR,2026-08-15T21:48:00Z,BATCH-AMZN-4759
PO_B14_004760,PayU Enterprise,UBER-INV-919293 PO_B14_004760,214914,3372,0,0,211542,INR,2026-08-15T23:56:00Z,BATCH-UBER-4760
PO_B14_004761,Stripe India,BLNK-ORD-909161 BLNK-ORD-652339 BLNK-ORD-845845 BATCH-BLNK-4761,556751,11135,0,0,545616,INR,2026-08-16T05:24:00Z,BATCH-BLNK-4761
PO_B14_004762,BillDesk Settlement,NYKA-ORD-237675 NYKA-ORD-927224 NYKA-ORD-660950 BATCH-NYKA-4762,326054,6521,0,0,319533,INR,2026-08-15T22:46:00Z,BATCH-NYKA-4762
PO_B14_004763,BillDesk Settlement,BBAS-INV-907010 PO_B14_004763,81931,1814,0,0,80117,INR,2026-08-15T22:48:00Z,BATCH-BBAS-4763
PO_B14_004764,PayU Enterprise,BBAS-INV-875900 PO_B14_004764,167364,3637,0,0,163727,INR,2026-08-15T21:19:00Z,BATCH-BBAS-4764
PO_B14_004765,PayU Enterprise,UBER-INV-319671 PO_B14_004765,385914,7600,0,0,378314,INR,2026-08-16T05:38:00Z,BATCH-UBER-4765
PO_B14_004766,Cashfree Escrow,TATA-INV-712005 PO_B14_004766,175373,3143,0,0,172230,INR,2026-08-16T18:47:00Z,BATCH-TATA-4766
PO_B14_004767,Razorpay Nodal,SWIG-INV-490731 PO_B14_004767,146272,2812,0,0,143460,INR,2026-08-16T09:48:00Z,BATCH-SWIG-4767
PO_B14_004768,PayU Enterprise,FLPK-INV-696935 PO_B14_004768,79099,1799,0,0,77300,INR,2026-08-16T09:10:00Z,BATCH-FLPK-4768
PO_B14_004769,PayU Enterprise,BKMS-INV-575695 PO_B14_004769,228625,4347,0,0,224278,INR,2026-08-16T11:28:00Z,BATCH-BKMS-4769
PO_B14_004770,Stripe India,UBER-ORD-727001 UBER-ORD-134796 UBER-ORD-117664 BATCH-UBER-4770,340470,6809,0,0,333661,INR,2026-08-16T11:06:00Z,BATCH-UBER-4770
PO_B14_004771,PayU Enterprise,NYKA-INV-569140 PO_B14_004771,296225,7128,0,0,289097,INR,2026-08-16T07:30:00Z,BATCH-NYKA-4771
PO_B14_004772,Stripe India,OLAA-INV-425419 PO_B14_004772,359306,7225,0,0,352081,INR,2026-08-16T13:20:00Z,BATCH-OLAA-4772
PO_B14_004773,Cashfree Escrow,MMTR-ORD-142074 MMTR-ORD-131925 BATCH-MMTR-4773,268773,5375,0,0,263398,INR,2026-08-16T16:32:00Z,BATCH-MMTR-4773
PO_B14_004774,PayU Enterprise,BBAS-INV-726351 PO_B14_004774,361924,6123,0,0,355801,INR,2026-08-16T08:28:00Z,BATCH-BBAS-4774
PO_B14_004775,Cashfree Escrow,BLNK-INV-396158 PO_B14_004775,282778,5006,0,0,277772,INR,2026-08-15T23:50:00Z,BATCH-BLNK-4775
PO_B14_004776,Razorpay Nodal,PAYT-ORD-381123 PAYT-ORD-141583 BATCH-PAYT-4776,88007,1760,0,0,86247,INR,2026-08-16T12:07:00Z,BATCH-PAYT-4776
PO_B14_004777,PayU Enterprise,PAYT-INV-515636 PO_B14_004777,405540,8469,0,0,397071,INR,2026-08-16T18:11:00Z,BATCH-PAYT-4777
PO_B14_004778,Razorpay Nodal,SWIG-INV-292928 PO_B14_004778,31878,759,0,0,31119,INR,2026-08-16T11:50:00Z,BATCH-SWIG-4778
PO_B14_004779,Razorpay Nodal,BKMS-INV-111852 PO_B14_004779,255173,5623,0,0,249550,INR,2026-08-16T04:19:00Z,BATCH-BKMS-4779
PO_B14_004780,Cashfree Escrow,OLAA-INV-851822 PO_B14_004780,415601,7757,0,0,407844,INR,2026-08-15T19:27:00Z,BATCH-OLAA-4780
PO_B14_004781,Stripe India,BLNK-INV-768189 PO_B14_004781,110831,1920,0,0,108911,INR,2026-08-16T03:33:00Z,BATCH-BLNK-4781
PO_B14_004782,Razorpay Nodal,PAYT-ORD-741914 PAYT-ORD-578440 BATCH-PAYT-4782,66480,1329,0,0,65151,INR,2026-08-16T04:24:00Z,BATCH-PAYT-4782
PO_B14_004783,BillDesk Settlement,TATA-INV-117172 PO_B14_004783,217820,3781,0,0,214039,INR,2026-08-16T08:09:00Z,BATCH-TATA-4783
PO_B14_004784,Stripe India,BKMS-EXC-877653-UNRESOLVED,152041,3030,0,0,149011,INR,2026-08-16T11:36:00Z,HOLD-ESCROW
PO_B14_004785,Razorpay Nodal,BBAS-INV-111309 PO_B14_004785,383902,8403,0,0,375499,INR,2026-08-16T14:26:00Z,BATCH-BBAS-4785
PO_B14_004786,BillDesk Settlement,SWIG-INV-387645 PO_B14_004786,312794,7442,0,0,305352,INR,2026-08-15T20:52:00Z,BATCH-SWIG-4786
PO_B14_004787,Razorpay Nodal,TATA-ORD-509306 TATA-ORD-956797 TATA-ORD-915356 BATCH-TATA-4787,470791,9415,0,0,461376,INR,2026-08-16T20:00:00Z,BATCH-TATA-4787
PO_B14_004788,BillDesk Settlement,NYKA-INV-344673 PO_B14_004788,289189,5713,0,0,283476,INR,2026-08-16T02:45:00Z,BATCH-NYKA-4788
PO_B14_004789,Cashfree Escrow,TATA-INV-499869 PO_B14_004789,261063,5437,0,0,255626,INR,2026-08-16T16:06:00Z,BATCH-TATA-4789
PO_B14_004790,BillDesk Settlement,MYNT-INV-985915 PO_B14_004790,249021,6172,0,0,242849,INR,2026-08-16T13:39:00Z,BATCH-MYNT-4790
PO_B14_004791,PayU Enterprise,BLNK-INV-358657 PO_B14_004791,261249,3931,0,0,257318,INR,2026-08-16T07:51:00Z,BATCH-BLNK-4791
PO_B14_004792,Razorpay Nodal,ZOMA-ORD-504567 ZOMA-ORD-233767 ZOMA-ORD-931544 BATCH-ZOMA-4792,479983,9599,0,0,470384,INR,2026-08-16T03:24:00Z,BATCH-ZOMA-4792
PO_B14_004793,Stripe India,BKMS-INV-242856 PO_B14_004793,54661,844,0,0,53817,INR,2026-08-16T11:42:00Z,BATCH-BKMS-4793
PO_B14_004794,PayU Enterprise,PAYT-INV-497645 PO_B14_004794,424609,9850,0,0,414759,INR,2026-08-16T08:31:00Z,BATCH-PAYT-4794
PO_B14_004795,Razorpay Nodal,BBAS-INV-271945 PO_B14_004795,287295,6480,0,0,280815,INR,2026-08-16T07:40:00Z,BATCH-BBAS-4795
PO_B14_004796,Razorpay Nodal,FLPK-INV-622041 PO_B14_004796,375696,8787,0,0,366909,INR,2026-08-16T02:56:00Z,BATCH-FLPK-4796
PO_B14_004797,Cashfree Escrow,MYNT-INV-911826 PO_B14_004797,239181,5443,0,0,233738,INR,2026-08-16T16:21:00Z,BATCH-MYNT-4797
PO_B14_004798,Stripe India,FLPK-INV-293210 PO_B14_004798,61690,1450,0,0,60240,INR,2026-08-16T05:35:00Z,BATCH-FLPK-4798
PO_B14_004799,Cashfree Escrow,ZOMA-ORD-969201 ZOMA-ORD-953989 ZOMA-ORD-801709 BATCH-ZOMA-4799,420312,8406,0,0,411906,INR,2026-08-16T03:16:00Z,BATCH-ZOMA-4799
PO_B14_004800,Razorpay Nodal,BLNK-INV-530458 PO_B14_004800,217128,4226,0,0,212902,INR,2026-08-16T14:07:00Z,BATCH-BLNK-4800
PO_B14_004801,Stripe India,UBER-INV-323235 PO_B14_004801,342754,5177,0,0,337577,INR,2026-08-16T06:19:00Z,BATCH-UBER-4801
PO_B14_004802,PayU Enterprise,MYNT-INV-461652 PO_B14_004802,439699,7909,0,0,431790,INR,2026-08-16T18:22:00Z,BATCH-MYNT-4802
PO_B14_004803,Stripe India,BBAS-INV-353258 PO_B14_004803,132191,3060,0,0,129131,INR,2026-08-16T15:41:00Z,BATCH-BBAS-4803
PO_B14_004804,BillDesk Settlement,OLAA-INV-109602 PO_B14_004804,186258,3088,0,0,183170,INR,2026-08-15T18:38:00Z,BATCH-OLAA-4804
PO_B14_004805,BillDesk Settlement,SWIG-INV-835633 PO_B14_004805,420798,6627,0,0,414171,INR,2026-08-16T06:49:00Z,BATCH-SWIG-4805
PO_B14_004806,PayU Enterprise,FLPK-INV-587938 PO_B14_004806,103705,1820,0,0,101885,INR,2026-08-16T11:47:00Z,BATCH-FLPK-4806
PO_B14_004807,PayU Enterprise,BKMS-INV-863646 PO_B14_004807,440955,9229,0,0,431726,INR,2026-08-16T14:54:00Z,BATCH-BKMS-4807
PO_B14_004808,Cashfree Escrow,SWIG-INV-255728 PO_B14_004808,236872,3947,0,0,232925,INR,2026-08-16T12:28:00Z,BATCH-SWIG-4808
PO_B14_004809,Cashfree Escrow,MYNT-INV-465843 PO_B14_004809,111449,2741,0,0,108708,INR,2026-08-16T02:08:00Z,BATCH-MYNT-4809
PO_B14_004810,BillDesk Settlement,PHNP-ORD-452720 PHNP-ORD-393546 PHNP-ORD-571111 BATCH-PHNP-4810,184392,3687,0,0,180705,INR,2026-08-15T21:39:00Z,BATCH-PHNP-4810
PO_B14_004811,Stripe India,NYKA-ORD-929425 NYKA-ORD-979006 BATCH-NYKA-4811,117454,2349,0,0,115105,INR,2026-08-16T19:18:00Z,BATCH-NYKA-4811
PO_B14_004812,Stripe India,BBAS-ORD-721305 BBAS-ORD-760504 BATCH-BBAS-4812,150870,3017,0,0,147853,INR,2026-08-16T19:45:00Z,BATCH-BBAS-4812
PO_B14_004813,Cashfree Escrow,ZOMA-ORD-355312 ZOMA-ORD-408421 ZOMA-ORD-634648 BATCH-ZOMA-4813,126318,2526,0,0,123792,INR,2026-08-16T13:32:00Z,BATCH-ZOMA-4813
PO_B14_004814,BillDesk Settlement,BBAS-ORD-964222 BBAS-ORD-101708 BATCH-BBAS-4814,290303,5806,0,0,284497,INR,2026-08-16T06:15:00Z,BATCH-BBAS-4814
PO_B14_004815,Razorpay Nodal,BKMS-ORD-925522 BKMS-ORD-707535 BKMS-ORD-518542 BATCH-BKMS-4815,460901,9218,0,0,451683,INR,2026-08-16T01:29:00Z,BATCH-BKMS-4815
PO_B14_004816,BillDesk Settlement,AMZN-ORD-174937 AMZN-ORD-630772 BATCH-AMZN-4816,216920,4338,0,0,212582,INR,2026-08-16T04:29:00Z,BATCH-AMZN-4816
PO_B14_004817,PayU Enterprise,BKMS-INV-510919 PO_B14_004817,150564,2533,0,0,148031,INR,2026-08-16T05:48:00Z,BATCH-BKMS-4817
PO_B14_004818,PayU Enterprise,BKMS-INV-158802 PO_B14_004818,211036,4262,0,0,206774,INR,2026-08-16T03:22:00Z,BATCH-BKMS-4818
PO_B14_004819,Cashfree Escrow,ZOMA-ORD-136517 ZOMA-ORD-116049 ZOMA-ORD-350234 BATCH-ZOMA-4819,582339,11646,0,0,570693,INR,2026-08-15T22:59:00Z,BATCH-ZOMA-4819
PO_B14_004820,PayU Enterprise,SWIG-INV-807036 PO_B14_004820,54615,1016,0,0,53599,INR,2026-08-16T02:05:00Z,BATCH-SWIG-4820
PO_B14_004821,PayU Enterprise,BLNK-INV-283808 PO_B14_004821,277814,4533,0,0,273281,INR,2026-08-16T19:08:00Z,BATCH-BLNK-4821
PO_B14_004822,Stripe India,AMZN-INV-612612 PO_B14_004822,256179,6114,0,0,250065,INR,2026-08-16T02:09:00Z,BATCH-AMZN-4822
PO_B14_004823,PayU Enterprise,UBER-ORD-156271 UBER-ORD-848218 BATCH-UBER-4823,161791,3235,0,0,158556,INR,2026-08-16T08:21:00Z,BATCH-UBER-4823
PO_B14_004824,Cashfree Escrow,BKMS-ORD-964498 BKMS-ORD-642474 BATCH-BKMS-4824,200694,4013,0,0,196681,INR,2026-08-16T12:17:00Z,BATCH-BKMS-4824
PO_B14_004825,Razorpay Nodal,SWIG-INV-528423 PO_B14_004825,84997,1574,0,0,83423,INR,2026-08-16T21:21:00Z,BATCH-SWIG-4825
PO_B14_004826,Stripe India,FLPK-INV-744235 PO_B14_004826,385059,8981,0,0,376078,INR,2026-08-16T01:20:00Z,BATCH-FLPK-4826
PO_B14_004827,BillDesk Settlement,BKMS-INV-564924 PO_B14_004827,28488,642,0,0,27846,INR,2026-08-16T08:22:00Z,BATCH-BKMS-4827
PO_B14_004828,Stripe India,AMZN-INV-769489 PO_B14_004828,67369,1377,0,0,65992,INR,2026-08-16T14:18:00Z,BATCH-AMZN-4828
PO_B14_004829,Cashfree Escrow,BLNK-INV-622418 PO_B14_004829,439451,8002,0,0,431449,INR,2026-08-16T02:42:00Z,BATCH-BLNK-4829
PO_B14_004830,Stripe India,SWIG-INV-950166 PO_B14_004830,119891,2877,0,0,117014,INR,2026-08-16T08:57:00Z,BATCH-SWIG-4830
PO_B14_004831,PayU Enterprise,OLAA-ORD-121500 OLAA-ORD-393383 BATCH-OLAA-4831,80827,1616,0,0,79211,INR,2026-08-16T20:32:00Z,BATCH-OLAA-4831
PO_B14_004832,BillDesk Settlement,TATA-INV-549168 PO_B14_004832,210415,5049,0,0,205366,INR,2026-08-16T02:15:00Z,BATCH-TATA-4832
PO_B14_004833,Stripe India,JIOO-ORD-144224 JIOO-ORD-340905 BATCH-JIOO-4833,267561,5351,0,0,262210,INR,2026-08-15T22:46:00Z,BATCH-JIOO-4833
PO_B14_004834,Stripe India,PHNP-INV-831743 PO_B14_004834,74053,1187,0,0,72866,INR,2026-08-16T08:17:00Z,BATCH-PHNP-4834
PO_B14_004835,Stripe India,BLNK-ORD-782058 BLNK-ORD-569743 BLNK-ORD-133069 BATCH-BLNK-4835,313053,6261,0,0,306792,INR,2026-08-15T21:12:00Z,BATCH-BLNK-4835
PO_B14_004836,Razorpay Nodal,BBAS-ORD-635978 BBAS-ORD-455882 BATCH-BBAS-4836,331522,6630,0,0,324892,INR,2026-08-16T02:26:00Z,BATCH-BBAS-4836
PO_B14_004837,Razorpay Nodal,BLNK-INV-666802 PO_B14_004837,395419,9683,0,0,385736,INR,2026-08-16T08:18:00Z,BATCH-BLNK-4837
PO_B14_004838,PayU Enterprise,BLNK-INV-296815 PO_B14_004838,326684,7459,0,0,319225,INR,2026-08-16T15:00:00Z,BATCH-BLNK-4838
PO_B14_004839,Stripe India,JIOO-INV-746341 PO_B14_004839,362655,5720,0,0,356935,INR,2026-08-16T19:36:00Z,BATCH-JIOO-4839
PO_B14_004840,BillDesk Settlement,FLPK-ORD-186948 FLPK-ORD-856213 BATCH-FLPK-4840,137547,2750,0,0,134797,INR,2026-08-15T21:54:00Z,BATCH-FLPK-4840
PO_B14_004841,Stripe India,BBAS-INV-240529 PO_B14_004841,195908,4257,0,0,191651,INR,2026-08-16T03:56:00Z,BATCH-BBAS-4841
PO_B14_004842,Cashfree Escrow,FLPK-INV-610318 PO_B14_004842,236568,5181,0,0,231387,INR,2026-08-16T21:58:00Z,BATCH-FLPK-4842
PO_B14_004843,BillDesk Settlement,BLNK-INV-967966 PO_B14_004843,137690,2207,0,0,135483,INR,2026-08-16T13:12:00Z,BATCH-BLNK-4843
PO_B14_004844,BillDesk Settlement,OLAA-INV-815266 PO_B14_004844,427528,7031,0,0,420497,INR,2026-08-15T14:12:00Z,BATCH-OLAA-4844
PO_B14_004845,Stripe India,FLPK-ORD-289297 FLPK-ORD-807303 FLPK-ORD-152007 BATCH-FLPK-4845,511323,10226,0,0,501097,INR,2026-08-16T05:13:00Z,BATCH-FLPK-4845
PO_B14_004846,BillDesk Settlement,OLAA-INV-757523 PO_B14_004846,137059,3047,0,0,134012,INR,2026-08-16T19:44:00Z,BATCH-OLAA-4846
PO_B14_004847,Razorpay Nodal,SWIG-INV-573154 PO_B14_004847,83782,2018,0,0,81764,INR,2026-08-15T20:12:00Z,BATCH-SWIG-4847
PO_B14_004848,BillDesk Settlement,PAYT-EXC-585981-UNRESOLVED,239963,4789,0,0,235174,INR,2026-08-17T06:45:00Z,HOLD-ESCROW
PO_B14_004849,BillDesk Settlement,MYNT-ORD-636112 MYNT-ORD-384466 BATCH-MYNT-4849,389663,7793,0,0,381870,INR,2026-08-16T00:23:00Z,BATCH-MYNT-4849
PO_B14_004850,PayU Enterprise,ZOMA-ORD-245615 ZOMA-ORD-150874 BATCH-ZOMA-4850,263632,5272,0,0,258360,INR,2026-08-15T22:48:00Z,BATCH-ZOMA-4850
PO_B14_004851,Cashfree Escrow,BLNK-INV-228952 PO_B14_004851,405051,6469,0,0,398582,INR,2026-08-15T23:07:00Z,BATCH-BLNK-4851
PO_B14_004852,BillDesk Settlement,MMTR-INV-750816 PO_B14_004852,44835,888,0,0,43947,INR,2026-08-16T03:24:00Z,BATCH-MMTR-4852
PO_B14_004853,PayU Enterprise,PHNP-INV-665584 PO_B14_004853,333227,6253,0,0,326974,INR,2026-08-16T20:46:00Z,BATCH-PHNP-4853
PO_B14_004854,Razorpay Nodal,OLAA-ORD-997789 OLAA-ORD-171144 OLAA-ORD-585311 BATCH-OLAA-4854,333848,6676,0,0,327172,INR,2026-08-16T18:26:00Z,BATCH-OLAA-4854
PO_B14_004855,PayU Enterprise,AMZN-INV-431708 PO_B14_004855,341956,6612,0,0,335344,INR,2026-08-16T09:03:00Z,BATCH-AMZN-4855
PO_B14_004856,Stripe India,FLPK-INV-536596 PO_B14_004856,146777,3415,0,0,143362,INR,2026-08-16T06:02:00Z,BATCH-FLPK-4856
PO_B14_004857,BillDesk Settlement,SWIG-INV-406815 PO_B14_004857,32027,720,0,0,31307,INR,2026-08-16T06:21:00Z,BATCH-SWIG-4857
PO_B14_004858,BillDesk Settlement,TATA-INV-115714 PO_B14_004858,281563,5712,0,0,275851,INR,2026-08-15T19:09:00Z,BATCH-TATA-4858
PO_B14_004859,Cashfree Escrow,NYKA-INV-597215 PO_B14_004859,406681,9778,0,0,396903,INR,2026-08-16T12:03:00Z,BATCH-NYKA-4859
PO_B14_004860,PayU Enterprise,ZOMA-INV-969103 PO_B14_004860,103791,2551,0,0,101240,INR,2026-08-16T20:11:00Z,BATCH-ZOMA-4860
PO_B14_004861,BillDesk Settlement,BKMS-INV-833514 PO_B14_004861,441840,10007,0,0,431833,INR,2026-08-16T20:24:00Z,BATCH-BKMS-4861
PO_B14_004862,Cashfree Escrow,AMZN-ORD-473138 AMZN-ORD-786624 BATCH-AMZN-4862,219788,4395,0,0,215393,INR,2026-08-16T18:00:00Z,BATCH-AMZN-4862
PO_B14_004863,BillDesk Settlement,AMZN-INV-716074 PO_B14_004863,177502,2719,0,0,174783,INR,2026-08-16T08:57:00Z,BATCH-AMZN-4863
PO_B14_004864,PayU Enterprise,BKMS-INV-508348 PO_B14_004864,111758,2371,0,0,109387,INR,2026-08-16T00:53:00Z,BATCH-BKMS-4864
PO_B14_004865,Cashfree Escrow,AMZN-INV-438014 PO_B14_004865,321949,4840,0,0,317109,INR,2026-08-16T03:01:00Z,BATCH-AMZN-4865
PO_B14_004866,Stripe India,JIOO-ORD-462345 JIOO-ORD-930853 BATCH-JIOO-4866,179096,3581,0,0,175515,INR,2026-08-16T20:55:00Z,BATCH-JIOO-4866
PO_B14_004867,Razorpay Nodal,UBER-ORD-692554 UBER-ORD-817464 UBER-ORD-712462 BATCH-UBER-4867,252223,5044,0,0,247179,INR,2026-08-16T09:32:00Z,BATCH-UBER-4867
PO_B14_004868,Stripe India,ZOMA-INV-800250 PO_B14_004868,209097,3790,0,0,205307,INR,2026-08-16T03:46:00Z,BATCH-ZOMA-4868
PO_B14_004869,Razorpay Nodal,FLPK-INV-623738 PO_B14_004869,52194,1209,0,0,50985,INR,2026-08-16T03:37:00Z,BATCH-FLPK-4869
PO_B14_004870,PayU Enterprise,UBER-INV-715945 PO_B14_004870,309817,7295,0,0,302522,INR,2026-08-16T09:02:00Z,BATCH-UBER-4870
PO_B14_004871,Cashfree Escrow,MYNT-INV-350002 PO_B14_004871,415851,9475,0,0,406376,INR,2026-08-16T22:44:00Z,BATCH-MYNT-4871
PO_B14_004872,PayU Enterprise,BLNK-INV-364531 PO_B14_004872,415188,9869,0,0,405319,INR,2026-08-16T17:43:00Z,BATCH-BLNK-4872
PO_B14_004873,Razorpay Nodal,MMTR-INV-167928 PO_B14_004873,137659,2474,0,0,135185,INR,2026-08-16T20:25:00Z,BATCH-MMTR-4873
PO_B14_004874,Cashfree Escrow,UBER-ORD-851001 UBER-ORD-236033 BATCH-UBER-4874,236044,4720,0,0,231324,INR,2026-08-15T22:26:00Z,BATCH-UBER-4874
PO_B14_004875,PayU Enterprise,PHNP-INV-245437 PO_B14_004875,428481,7776,0,0,420705,INR,2026-08-16T10:03:00Z,BATCH-PHNP-4875
PO_B14_004876,Stripe India,NYKA-INV-911201 PO_B14_004876,423656,6837,0,0,416819,INR,2026-08-15T15:56:00Z,BATCH-NYKA-4876
PO_B14_004877,PayU Enterprise,OLAA-ORD-708880 OLAA-ORD-313250 OLAA-ORD-586261 BATCH-OLAA-4877,311851,6237,0,0,305614,INR,2026-08-16T06:26:00Z,BATCH-OLAA-4877
PO_B14_004878,PayU Enterprise,SWIG-INV-744188 PO_B14_004878,197633,3501,0,0,194132,INR,2026-08-16T08:35:00Z,BATCH-SWIG-4878
PO_B14_004879,Razorpay Nodal,PHNP-ORD-978793 PHNP-ORD-661582 BATCH-PHNP-4879,213096,4261,0,0,208835,INR,2026-08-16T19:41:00Z,BATCH-PHNP-4879
PO_B14_004880,PayU Enterprise,PHNP-INV-989603 PO_B14_004880,397793,8915,0,0,388878,INR,2026-08-16T16:18:00Z,BATCH-PHNP-4880
PO_B14_004881,PayU Enterprise,FLPK-ORD-862816 FLPK-ORD-484100 BATCH-FLPK-4881,124400,2488,0,0,121912,INR,2026-08-16T15:41:00Z,BATCH-FLPK-4881
PO_B14_004882,BillDesk Settlement,TATA-INV-783898 PO_B14_004882,276865,4645,0,0,272220,INR,2026-08-15T20:43:00Z,BATCH-TATA-4882
PO_B14_004883,Stripe India,SWIG-INV-139775 PO_B14_004883,273576,4120,0,0,269456,INR,2026-08-16T16:50:00Z,BATCH-SWIG-4883
PO_B14_004884,BillDesk Settlement,ZOMA-INV-832819 PO_B14_004884,67352,1564,0,0,65788,INR,2026-08-15T20:36:00Z,BATCH-ZOMA-4884
PO_B14_004885,PayU Enterprise,SWIG-INV-271209 PO_B14_004885,121675,2756,0,0,118919,INR,2026-08-16T08:47:00Z,BATCH-SWIG-4885
PO_B14_004886,BillDesk Settlement,BLNK-EXC-545028-UNRESOLVED,78576,1561,0,0,77015,INR,2026-08-16T12:34:00Z,HOLD-ESCROW
PO_B14_004887,Stripe India,FLPK-INV-701572 PO_B14_004887,366524,8961,0,0,357563,INR,2026-08-16T04:47:00Z,BATCH-FLPK-4887
PO_B14_004888,Stripe India,PHNP-EXC-773975-UNRESOLVED,97732,1944,0,0,95788,INR,2026-08-16T12:51:00Z,HOLD-ESCROW
PO_B14_004889,Razorpay Nodal,ZOMA-INV-387153 PO_B14_004889,273211,6599,0,0,266612,INR,2026-08-16T21:11:00Z,BATCH-ZOMA-4889
PO_B14_004890,PayU Enterprise,ZOMA-INV-161412 PO_B14_004890,435654,7976,0,0,427678,INR,2026-08-16T01:01:00Z,BATCH-ZOMA-4890
PO_B14_004891,Cashfree Escrow,BBAS-INV-665209 PO_B14_004891,324765,5573,0,0,319192,INR,2026-08-16T06:43:00Z,BATCH-BBAS-4891
PO_B14_004892,Razorpay Nodal,JIOO-ORD-163139 JIOO-ORD-997047 JIOO-ORD-135014 BATCH-JIOO-4892,455561,9111,0,0,446450,INR,2026-08-16T12:12:00Z,BATCH-JIOO-4892
PO_B14_004893,Razorpay Nodal,JIOO-INV-762469 PO_B14_004893,392405,6979,0,0,385426,INR,2026-08-15T18:13:00Z,BATCH-JIOO-4893
PO_B14_004894,Razorpay Nodal,BLNK-ORD-606475 BLNK-ORD-926575 BLNK-ORD-798409 BATCH-BLNK-4894,234601,4692,0,0,229909,INR,2026-08-16T10:48:00Z,BATCH-BLNK-4894
PO_B14_004895,BillDesk Settlement,NYKA-ORD-605373 NYKA-ORD-491460 BATCH-NYKA-4895,272990,5459,0,0,267531,INR,2026-08-16T20:36:00Z,BATCH-NYKA-4895
PO_B14_004896,PayU Enterprise,PAYT-ORD-766558 PAYT-ORD-106740 PAYT-ORD-451699 BATCH-PAYT-4896,301805,6036,0,0,295769,INR,2026-08-16T20:26:00Z,BATCH-PAYT-4896
PO_B14_004897,Cashfree Escrow,UBER-ORD-393654 UBER-ORD-528223 BATCH-UBER-4897,211768,4235,0,0,207533,INR,2026-08-16T08:37:00Z,BATCH-UBER-4897
PO_B14_004898,PayU Enterprise,OLAA-INV-135207 PO_B14_004898,123835,1876,0,0,121959,INR,2026-08-16T08:45:00Z,BATCH-OLAA-4898
PO_B14_004899,PayU Enterprise,FLPK-EXC-733440-UNRESOLVED,138950,2769,0,0,136181,INR,2026-08-16T09:27:00Z,HOLD-ESCROW
PO_B14_004900,Cashfree Escrow,BBAS-ORD-879832 BBAS-ORD-504512 BATCH-BBAS-4900,278523,5570,0,0,272953,INR,2026-08-16T05:59:00Z,BATCH-BBAS-4900
PO_B14_004901,BillDesk Settlement,TATA-INV-651903 PO_B14_004901,252648,4849,0,0,247799,INR,2026-08-16T03:25:00Z,BATCH-TATA-4901
PO_B14_004902,Razorpay Nodal,BLNK-INV-750125 PO_B14_004902,38387,599,0,0,37788,INR,2026-08-16T00:48:00Z,BATCH-BLNK-4902
PO_B14_004903,Cashfree Escrow,PHNP-INV-376071 PO_B14_004903,83986,1956,0,0,82030,INR,2026-08-15T21:18:00Z,BATCH-PHNP-4903
PO_B14_004904,PayU Enterprise,BLNK-ORD-840170 BLNK-ORD-101010 BLNK-ORD-543443 BATCH-BLNK-4904,301019,6020,0,0,294999,INR,2026-08-16T11:08:00Z,BATCH-BLNK-4904
PO_B14_004905,Cashfree Escrow,OLAA-INV-700893 PO_B14_004905,92303,2055,0,0,90248,INR,2026-08-16T16:39:00Z,BATCH-OLAA-4905
PO_B14_004906,Razorpay Nodal,JIOO-INV-846608 PO_B14_004906,162800,2498,0,0,160302,INR,2026-08-15T22:32:00Z,BATCH-JIOO-4906
PO_B14_004907,Razorpay Nodal,JIOO-INV-198126 PO_B14_004907,163131,3070,0,0,160061,INR,2026-08-16T06:42:00Z,BATCH-JIOO-4907
PO_B14_004908,PayU Enterprise,PHNP-INV-320497 PO_B14_004908,437115,9110,0,0,428005,INR,2026-08-16T02:54:00Z,BATCH-PHNP-4908
PO_B14_004909,PayU Enterprise,PAYT-INV-259391 PO_B14_004909,190046,4458,0,0,185588,INR,2026-08-16T09:42:00Z,BATCH-PAYT-4909
PO_B14_004910,PayU Enterprise,FLPK-INV-445929 PO_B14_004910,237413,4043,0,0,233370,INR,2026-08-16T22:22:00Z,BATCH-FLPK-4910
PO_B14_004911,Razorpay Nodal,OLAA-INV-746515 PO_B14_004911,201643,3642,0,0,198001,INR,2026-08-15T21:50:00Z,BATCH-OLAA-4911
PO_B14_004912,BillDesk Settlement,SWIG-INV-646505 PO_B14_004912,149767,2782,0,0,146985,INR,2026-08-16T14:43:00Z,BATCH-SWIG-4912
PO_B14_004913,BillDesk Settlement,SWIG-INV-949815 PO_B14_004913,35587,756,0,0,34831,INR,2026-08-16T14:00:00Z,BATCH-SWIG-4913
PO_B14_004914,PayU Enterprise,OLAA-INV-716925 PO_B14_004914,169612,2784,0,0,166828,INR,2026-08-16T07:18:00Z,BATCH-OLAA-4914
PO_B14_004915,Cashfree Escrow,FLPK-INV-343146 PO_B14_004915,230852,5090,0,0,225762,INR,2026-08-16T17:28:00Z,BATCH-FLPK-4915
PO_B14_004916,Stripe India,FLPK-INV-809267 PO_B14_004916,444069,9023,0,0,435046,INR,2026-08-16T02:11:00Z,BATCH-FLPK-4916
PO_B14_004917,PayU Enterprise,OLAA-INV-406191 PO_B14_004917,147803,3580,0,0,144223,INR,2026-08-16T14:32:00Z,BATCH-OLAA-4917
PO_B14_004918,PayU Enterprise,FLPK-INV-855591 PO_B14_004918,227032,4527,0,0,222505,INR,2026-08-16T01:24:00Z,BATCH-FLPK-4918
PO_B14_004919,Razorpay Nodal,AMZN-INV-907653 PO_B14_004919,91704,1666,0,0,90038,INR,2026-08-16T18:37:00Z,BATCH-AMZN-4919
PO_B14_004920,PayU Enterprise,PAYT-ORD-961962 PAYT-ORD-926104 BATCH-PAYT-4920,353781,7075,0,0,346706,INR,2026-08-15T21:56:00Z,BATCH-PAYT-4920
PO_B14_004921,Cashfree Escrow,FLPK-INV-723730 PO_B14_004921,220860,3384,0,0,217476,INR,2026-08-16T15:43:00Z,BATCH-FLPK-4921
PO_B14_004922,PayU Enterprise,UBER-INV-807913 PO_B14_004922,446816,9820,0,0,436996,INR,2026-08-16T21:57:00Z,BATCH-UBER-4922
PO_B14_004923,Cashfree Escrow,BBAS-INV-210059 PO_B14_004923,110416,2153,0,0,108263,INR,2026-08-16T05:11:00Z,BATCH-BBAS-4923
PO_B14_004924,Razorpay Nodal,PHNP-INV-813081 PO_B14_004924,86156,1588,0,0,84568,INR,2026-08-15T23:44:00Z,BATCH-PHNP-4924
PO_B14_004925,Cashfree Escrow,MMTR-ORD-119393 MMTR-ORD-892050 BATCH-MMTR-4925,252193,5043,0,0,247150,INR,2026-08-16T08:15:00Z,BATCH-MMTR-4925
PO_B14_004926,Stripe India,OLAA-INV-977830 PO_B14_004926,130822,2482,0,0,128340,INR,2026-08-16T01:21:00Z,BATCH-OLAA-4926
PO_B14_004927,BillDesk Settlement,JIOO-INV-238453 PO_B14_004927,79054,1816,0,0,77238,INR,2026-08-16T19:56:00Z,BATCH-JIOO-4927
PO_B14_004928,PayU Enterprise,MMTR-ORD-190291 MMTR-ORD-513643 BATCH-MMTR-4928,175261,3505,0,0,171756,INR,2026-08-16T16:45:00Z,BATCH-MMTR-4928
PO_B14_004929,BillDesk Settlement,MYNT-ORD-365439 MYNT-ORD-774274 MYNT-ORD-602684 BATCH-MYNT-4929,450208,9004,0,0,441204,INR,2026-08-16T06:21:00Z,BATCH-MYNT-4929
PO_B14_004930,Stripe India,BLNK-ORD-399436 BLNK-ORD-751121 BLNK-ORD-199039 BATCH-BLNK-4930,506688,10133,0,0,496555,INR,2026-08-16T06:58:00Z,BATCH-BLNK-4930
PO_B14_004931,BillDesk Settlement,AMZN-INV-276217 PO_B14_004931,272847,4608,0,0,268239,INR,2026-08-16T10:04:00Z,BATCH-AMZN-4931
PO_B14_004932,Razorpay Nodal,NYKA-INV-351215 PO_B14_004932,282470,5210,0,0,277260,INR,2026-08-16T08:51:00Z,BATCH-NYKA-4932
PO_B14_004933,Stripe India,BLNK-INV-106491 PO_B14_004933,448148,7937,0,0,440211,INR,2026-08-16T21:29:00Z,BATCH-BLNK-4933
PO_B14_004934,Stripe India,ZOMA-INV-890851 PO_B14_004934,290828,6936,0,0,283892,INR,2026-08-15T21:30:00Z,BATCH-ZOMA-4934
PO_B14_004935,Cashfree Escrow,PAYT-INV-836558 PO_B14_004935,37003,700,0,0,36303,INR,2026-08-16T06:48:00Z,BATCH-PAYT-4935
PO_B14_004936,PayU Enterprise,ZOMA-ORD-273762 ZOMA-ORD-115895 ZOMA-ORD-253880 BATCH-ZOMA-4936,482533,9650,0,0,472883,INR,2026-08-16T08:09:00Z,BATCH-ZOMA-4936
PO_B14_004937,Stripe India,ZOMA-INV-973403 PO_B14_004937,327437,5325,0,0,322112,INR,2026-08-16T06:47:00Z,BATCH-ZOMA-4937
PO_B14_004938,Cashfree Escrow,BKMS-INV-274249 PO_B14_004938,29918,618,0,0,29300,INR,2026-08-16T11:42:00Z,BATCH-BKMS-4938
PO_B14_004939,Cashfree Escrow,BBAS-INV-700450 PO_B14_004939,365696,6392,0,0,359304,INR,2026-08-16T03:49:00Z,BATCH-BBAS-4939
PO_B14_004940,PayU Enterprise,BLNK-ORD-300589 BLNK-ORD-719862 BATCH-BLNK-4940,243864,4877,0,0,238987,INR,2026-08-16T19:23:00Z,BATCH-BLNK-4940
PO_B14_004941,Cashfree Escrow,TATA-INV-359249 PO_B14_004941,113111,2012,0,0,111099,INR,2026-08-15T17:13:00Z,BATCH-TATA-4941
PO_B14_004942,Stripe India,AMZN-ORD-663618 AMZN-ORD-364269 BATCH-AMZN-4942,317694,6353,0,0,311341,INR,2026-08-16T03:04:00Z,BATCH-AMZN-4942
PO_B14_004943,BillDesk Settlement,BKMS-ORD-684897 BKMS-ORD-427750 BATCH-BKMS-4943,88500,1770,0,0,86730,INR,2026-08-16T13:45:00Z,BATCH-BKMS-4943
PO_B14_004944,Razorpay Nodal,BKMS-ORD-932264 BKMS-ORD-969509 BKMS-ORD-369134 BATCH-BKMS-4944,367434,7348,0,0,360086,INR,2026-08-16T07:32:00Z,BATCH-BKMS-4944
PO_B14_004945,Cashfree Escrow,AMZN-ORD-373377 AMZN-ORD-224423 AMZN-ORD-101699 BATCH-AMZN-4945,456375,9127,0,0,447248,INR,2026-08-16T16:17:00Z,BATCH-AMZN-4945
PO_B14_004946,Razorpay Nodal,BBAS-ORD-919059 BBAS-ORD-159375 BBAS-ORD-307402 BATCH-BBAS-4946,369538,7390,0,0,362148,INR,2026-08-16T03:26:00Z,BATCH-BBAS-4946
PO_B14_004947,Razorpay Nodal,JIOO-INV-824781 PO_B14_004947,229418,4697,0,0,224721,INR,2026-08-16T14:12:00Z,BATCH-JIOO-4947
PO_B14_004948,PayU Enterprise,MYNT-ORD-627152 MYNT-ORD-112209 BATCH-MYNT-4948,296436,5928,0,0,290508,INR,2026-08-16T00:21:00Z,BATCH-MYNT-4948
PO_B14_004949,BillDesk Settlement,BKMS-ORD-248909 BKMS-ORD-235510 BATCH-BKMS-4949,145977,2919,0,0,143058,INR,2026-08-16T01:37:00Z,BATCH-BKMS-4949
PO_B14_004950,Razorpay Nodal,PAYT-INV-740602 PO_B14_004950,175834,2941,0,0,172893,INR,2026-08-16T03:14:00Z,BATCH-PAYT-4950
PO_B14_004951,Razorpay Nodal,UBER-INV-467346 PO_B14_004951,340416,6577,0,0,333839,INR,2026-08-16T10:15:00Z,BATCH-UBER-4951
PO_B14_004952,BillDesk Settlement,JIOO-INV-452367 PO_B14_004952,430116,7182,0,0,422934,INR,2026-08-16T11:44:00Z,BATCH-JIOO-4952
PO_B14_004953,Cashfree Escrow,TATA-INV-804505 PO_B14_004953,400799,7499,0,0,393300,INR,2026-08-16T05:33:00Z,BATCH-TATA-4953
PO_B14_004954,Razorpay Nodal,NYKA-ORD-484567 NYKA-ORD-651754 BATCH-NYKA-4954,312442,6248,0,0,306194,INR,2026-08-16T14:11:00Z,BATCH-NYKA-4954
PO_B14_004955,Stripe India,NYKA-INV-258818 PO_B14_004955,244001,5886,0,0,238115,INR,2026-08-16T04:37:00Z,BATCH-NYKA-4955
PO_B14_004956,Razorpay Nodal,FLPK-ORD-171072 FLPK-ORD-837200 FLPK-ORD-491491 BATCH-FLPK-4956,324300,6486,0,0,317814,INR,2026-08-16T20:37:00Z,BATCH-FLPK-4956
PO_B14_004957,BillDesk Settlement,OLAA-INV-386176 PO_B14_004957,268015,4176,0,0,263839,INR,2026-08-16T00:19:00Z,BATCH-OLAA-4957
PO_B14_004958,Cashfree Escrow,FLPK-INV-346627 PO_B14_004958,50954,1026,0,0,49928,INR,2026-08-16T08:10:00Z,BATCH-FLPK-4958
PO_B14_004959,Stripe India,PAYT-INV-267200 PO_B14_004959,328099,6687,0,0,321412,INR,2026-08-16T15:04:00Z,BATCH-PAYT-4959
PO_B14_004960,BillDesk Settlement,SWIG-INV-461149 PO_B14_004960,272270,5401,0,0,266869,INR,2026-08-16T01:34:00Z,BATCH-SWIG-4960
PO_B14_004961,Cashfree Escrow,TATA-INV-386353 PO_B14_004961,315072,6904,0,0,308168,INR,2026-08-16T14:45:00Z,BATCH-TATA-4961
PO_B14_004962,BillDesk Settlement,NYKA-ORD-795542 NYKA-ORD-196158 NYKA-ORD-144303 BATCH-NYKA-4962,416019,8320,0,0,407699,INR,2026-08-16T05:07:00Z,BATCH-NYKA-4962
PO_B14_004963,Razorpay Nodal,BLNK-INV-364849 PO_B14_004963,354205,8852,0,0,345353,INR,2026-08-16T11:06:00Z,BATCH-BLNK-4963
PO_B14_004964,Razorpay Nodal,ZOMA-INV-845714 PO_B14_004964,351180,5713,0,0,345467,INR,2026-08-16T12:36:00Z,BATCH-ZOMA-4964
PO_B14_004965,BillDesk Settlement,ZOMA-INV-710614 PO_B14_004965,61058,1102,0,0,59956,INR,2026-08-15T19:02:00Z,BATCH-ZOMA-4965
PO_B14_004966,PayU Enterprise,ZOMA-INV-415024 PO_B14_004966,383954,6917,0,0,377037,INR,2026-08-16T05:41:00Z,BATCH-ZOMA-4966
PO_B14_004967,Stripe India,SWIG-INV-115505 PO_B14_004967,431408,9746,0,0,421662,INR,2026-08-16T06:11:00Z,BATCH-SWIG-4967
PO_B14_004968,PayU Enterprise,JIOO-INV-781797 PO_B14_004968,395372,9714,0,0,385658,INR,2026-08-16T04:41:00Z,BATCH-JIOO-4968
PO_B14_004969,Cashfree Escrow,NYKA-INV-867053 PO_B14_004969,193917,4359,0,0,189558,INR,2026-08-16T10:22:00Z,BATCH-NYKA-4969
PO_B14_004970,Stripe India,MYNT-INV-650992 PO_B14_004970,92581,2039,0,0,90542,INR,2026-08-16T19:58:00Z,BATCH-MYNT-4970
PO_B14_004971,Cashfree Escrow,AMZN-EXC-345654-UNRESOLVED,105827,2106,0,0,103721,INR,2026-08-17T06:35:00Z,HOLD-ESCROW
PO_B14_004972,Stripe India,OLAA-INV-649449 PO_B14_004972,329343,6879,0,0,322464,INR,2026-08-16T10:52:00Z,BATCH-OLAA-4972
PO_B14_004973,Cashfree Escrow,PAYT-INV-595549 PO_B14_004973,115282,1828,0,0,113454,INR,2026-08-16T18:24:00Z,BATCH-PAYT-4973
PO_B14_004974,Cashfree Escrow,OLAA-INV-613659 PO_B14_004974,83042,1642,0,0,81400,INR,2026-08-16T09:19:00Z,BATCH-OLAA-4974
PO_B14_004975,Stripe India,SWIG-INV-453578 PO_B14_004975,438379,9847,0,0,428532,INR,2026-08-16T07:58:00Z,BATCH-SWIG-4975
PO_B14_004976,Razorpay Nodal,NYKA-INV-631494 PO_B14_004976,174313,3719,0,0,170594,INR,2026-08-16T15:56:00Z,BATCH-NYKA-4976
PO_B14_004977,PayU Enterprise,MYNT-INV-124080 PO_B14_004977,399692,7231,0,0,392461,INR,2026-08-16T05:59:00Z,BATCH-MYNT-4977
PO_B14_004978,Cashfree Escrow,BBAS-INV-709807 PO_B14_004978,255584,3887,0,0,251697,INR,2026-08-16T10:56:00Z,BATCH-BBAS-4978
PO_B14_004979,PayU Enterprise,OLAA-INV-549809 PO_B14_004979,145002,3288,0,0,141714,INR,2026-08-16T18:46:00Z,BATCH-OLAA-4979
PO_B14_004980,Razorpay Nodal,UBER-INV-457757 PO_B14_004980,257777,4267,0,0,253510,INR,2026-08-16T07:03:00Z,BATCH-UBER-4980
PO_B14_004981,Cashfree Escrow,FLPK-INV-203971 PO_B14_004981,212392,4720,0,0,207672,INR,2026-08-16T14:13:00Z,BATCH-FLPK-4981
PO_B14_004982,BillDesk Settlement,OLAA-INV-110373 PO_B14_004982,188565,4102,0,0,184463,INR,2026-08-16T08:10:00Z,BATCH-OLAA-4982
PO_B14_004983,BillDesk Settlement,OLAA-INV-830359 PO_B14_004983,168480,2792,0,0,165688,INR,2026-08-16T10:54:00Z,BATCH-OLAA-4983
PO_B14_004984,Stripe India,AMZN-EXC-288981-UNRESOLVED,240363,4797,0,0,235566,INR,2026-08-17T00:57:00Z,HOLD-ESCROW
PO_B14_004985,PayU Enterprise,OLAA-ORD-248240 OLAA-ORD-207777 OLAA-ORD-714244 BATCH-OLAA-4985,503495,10069,0,0,493426,INR,2026-08-16T11:04:00Z,BATCH-OLAA-4985
PO_B14_004986,BillDesk Settlement,PAYT-ORD-989590 PAYT-ORD-325523 BATCH-PAYT-4986,322250,6445,0,0,315805,INR,2026-08-16T11:11:00Z,BATCH-PAYT-4986
PO_B14_004987,Razorpay Nodal,MYNT-INV-780525 PO_B14_004987,57302,1094,0,0,56208,INR,2026-08-16T12:25:00Z,BATCH-MYNT-4987
PO_B14_004988,Cashfree Escrow,BBAS-INV-189129 PO_B14_004988,73444,1112,0,0,72332,INR,2026-08-15T21:46:00Z,BATCH-BBAS-4988
PO_B14_004989,Cashfree Escrow,UBER-ORD-920243 UBER-ORD-199548 BATCH-UBER-4989,379008,7580,0,0,371428,INR,2026-08-16T11:07:00Z,BATCH-UBER-4989
PO_B14_004990,BillDesk Settlement,ZOMA-ORD-180658 ZOMA-ORD-393308 BATCH-ZOMA-4990,354529,7090,0,0,347439,INR,2026-08-16T16:22:00Z,BATCH-ZOMA-4990
PO_B14_004991,Cashfree Escrow,MYNT-INV-382833 PO_B14_004991,235100,5107,0,0,229993,INR,2026-08-16T01:24:00Z,BATCH-MYNT-4991
PO_B14_004992,Cashfree Escrow,BLNK-INV-193366 PO_B14_004992,293591,7147,0,0,286444,INR,2026-08-16T09:51:00Z,BATCH-BLNK-4992
PO_B14_004993,Stripe India,BKMS-INV-320587 PO_B14_004993,265701,4600,0,0,261101,INR,2026-08-16T15:56:00Z,BATCH-BKMS-4993
PO_B14_004994,Razorpay Nodal,MMTR-INV-742145 PO_B14_004994,370796,9201,0,0,361595,INR,2026-08-16T11:38:00Z,BATCH-MMTR-4994
PO_B14_004995,BillDesk Settlement,BLNK-INV-637200 PO_B14_004995,330783,7675,0,0,323108,INR,2026-08-16T09:37:00Z,BATCH-BLNK-4995
PO_B14_004996,PayU Enterprise,MMTR-ORD-399278 MMTR-ORD-506838 MMTR-ORD-758742 BATCH-MMTR-4996,210978,4219,0,0,206759,INR,2026-08-16T18:52:00Z,BATCH-MMTR-4996
PO_B14_004997,Stripe India,ZOMA-INV-144082 PO_B14_004997,144248,3110,0,0,141138,INR,2026-08-16T04:29:00Z,BATCH-ZOMA-4997
PO_B14_004998,PayU Enterprise,BBAS-ORD-558049 BBAS-ORD-195648 BATCH-BBAS-4998,226917,4538,0,0,222379,INR,2026-08-16T01:17:00Z,BATCH-BBAS-4998
PO_B14_004999,BillDesk Settlement,AMZN-ORD-665593 AMZN-ORD-377657 AMZN-ORD-429122 BATCH-AMZN-4999,294837,5896,0,0,288941,INR,2026-08-15T22:30:00Z,BATCH-AMZN-4999
PO_B14_005000,Razorpay Nodal,JIOO-INV-173734 PO_B14_005000,231388,5387,0,0,226001,INR,2026-08-15T20:55:00Z,BATCH-JIOO-5000
PO_B14_005001,Cashfree Escrow,SWIG-INV-765270 PO_B14_005001,143694,2301,0,0,141393,INR,2026-08-16T13:24:00Z,BATCH-SWIG-5001
PO_B14_005002,PayU Enterprise,BBAS-INV-857563 PO_B14_005002,347997,8160,0,0,339837,INR,2026-08-15T21:03:00Z,BATCH-BBAS-5002
PO_B14_005003,Stripe India,ZOMA-ORD-170642 ZOMA-ORD-625441 ZOMA-ORD-785166 BATCH-ZOMA-5003,382100,7642,0,0,374458,INR,2026-08-16T14:04:00Z,BATCH-ZOMA-5003
PO_B14_005004,Razorpay Nodal,BBAS-INV-184497 PO_B14_005004,50895,795,0,0,50100,INR,2026-08-16T11:11:00Z,BATCH-BBAS-5004
PO_B14_005005,BillDesk Settlement,BKMS-INV-496328 PO_B14_005005,44972,943,0,0,44029,INR,2026-08-15T20:05:00Z,BATCH-BKMS-5005
PO_B14_005006,Razorpay Nodal,BBAS-INV-363063 PO_B14_005006,67459,1128,0,0,66331,INR,2026-08-16T03:01:00Z,BATCH-BBAS-5006
PO_B14_005007,BillDesk Settlement,AMZN-INV-453073 PO_B14_005007,53476,1299,0,0,52177,INR,2026-08-16T17:31:00Z,BATCH-AMZN-5007
PO_B14_005008,BillDesk Settlement,PAYT-INV-947130 PO_B14_005008,351749,6774,0,0,344975,INR,2026-08-15T20:46:00Z,BATCH-PAYT-5008
PO_B14_005009,Razorpay Nodal,UBER-INV-812512 PO_B14_005009,26615,454,0,0,26161,INR,2026-08-16T11:04:00Z,BATCH-UBER-5009
PO_B14_005010,Cashfree Escrow,AMZN-INV-112974 PO_B14_005010,443640,10236,0,0,433404,INR,2026-08-16T11:37:00Z,BATCH-AMZN-5010
PO_B14_005011,PayU Enterprise,MYNT-INV-123845 PO_B14_005011,307639,7635,0,0,300004,INR,2026-08-15T23:16:00Z,BATCH-MYNT-5011
PO_B14_005012,Stripe India,NYKA-INV-623033 PO_B14_005012,382455,9223,0,0,373232,INR,2026-08-15T22:24:00Z,BATCH-NYKA-5012
PO_B14_005013,BillDesk Settlement,BKMS-INV-969864 PO_B14_005013,346231,6286,0,0,339945,INR,2026-08-16T00:29:00Z,BATCH-BKMS-5013
PO_B14_005014,Cashfree Escrow,MMTR-ORD-814960 MMTR-ORD-144693 MMTR-ORD-339213 BATCH-MMTR-5014,447533,8950,0,0,438583,INR,2026-08-16T05:35:00Z,BATCH-MMTR-5014
PO_B14_005015,BillDesk Settlement,OLAA-INV-582994 PO_B14_005015,413593,7074,0,0,406519,INR,2026-08-16T06:48:00Z,BATCH-OLAA-5015
PO_B14_005016,PayU Enterprise,ZOMA-INV-407996 PO_B14_005016,250887,5282,0,0,245605,INR,2026-08-16T12:51:00Z,BATCH-ZOMA-5016
PO_B14_005017,Razorpay Nodal,SWIG-INV-125859 PO_B14_005017,424109,6642,0,0,417467,INR,2026-08-15T18:36:00Z,BATCH-SWIG-5017
PO_B14_005018,Razorpay Nodal,SWIG-INV-930501 PO_B14_005018,162493,2938,0,0,159555,INR,2026-08-16T04:56:00Z,BATCH-SWIG-5018
PO_B14_005019,Razorpay Nodal,MMTR-INV-613662 PO_B14_005019,237344,5163,0,0,232181,INR,2026-08-16T20:14:00Z,BATCH-MMTR-5019
PO_B14_005020,BillDesk Settlement,NYKA-ORD-130195 NYKA-ORD-624060 BATCH-NYKA-5020,248828,4976,0,0,243852,INR,2026-08-16T13:13:00Z,BATCH-NYKA-5020
PO_B14_005021,Cashfree Escrow,SWIG-ORD-550356 SWIG-ORD-220435 SWIG-ORD-716707 BATCH-SWIG-5021,385782,7715,0,0,378067,INR,2026-08-16T15:22:00Z,BATCH-SWIG-5021
PO_B14_005022,PayU Enterprise,AMZN-INV-141248 PO_B14_005022,428463,10627,0,0,417836,INR,2026-08-16T01:19:00Z,BATCH-AMZN-5022
PO_B14_005023,Stripe India,FLPK-ORD-439116 FLPK-ORD-103831 FLPK-ORD-744540 BATCH-FLPK-5023,476033,9520,0,0,466513,INR,2026-08-16T11:33:00Z,BATCH-FLPK-5023
PO_B14_005024,PayU Enterprise,PAYT-ORD-579842 PAYT-ORD-614834 BATCH-PAYT-5024,286173,5723,0,0,280450,INR,2026-08-16T00:17:00Z,BATCH-PAYT-5024
PO_B14_005025,Stripe India,BKMS-ORD-888005 BKMS-ORD-543878 BATCH-BKMS-5025,240189,4803,0,0,235386,INR,2026-08-16T03:32:00Z,BATCH-BKMS-5025
PO_B14_005026,Cashfree Escrow,BKMS-INV-871900 PO_B14_005026,416681,9640,0,0,407041,INR,2026-08-16T05:34:00Z,BATCH-BKMS-5026
PO_B14_005027,BillDesk Settlement,NYKA-INV-817738 PO_B14_005027,416911,6910,0,0,410001,INR,2026-08-16T08:28:00Z,BATCH-NYKA-5027
PO_B14_005028,BillDesk Settlement,UBER-INV-302045 PO_B14_005028,266616,4277,0,0,262339,INR,2026-08-15T16:48:00Z,BATCH-UBER-5028
PO_B14_005029,Stripe India,SWIG-INV-177638 PO_B14_005029,398569,6161,0,0,392408,INR,2026-08-16T20:00:00Z,BATCH-SWIG-5029
PO_B14_005030,BillDesk Settlement,MMTR-ORD-421590 MMTR-ORD-172306 BATCH-MMTR-5030,254747,5094,0,0,249653,INR,2026-08-16T10:37:00Z,BATCH-MMTR-5030
PO_B14_005031,PayU Enterprise,BBAS-INV-960752 PO_B14_005031,173731,3810,0,0,169921,INR,2026-08-16T12:33:00Z,BATCH-BBAS-5031
PO_B14_005032,Cashfree Escrow,PAYT-ORD-733531 PAYT-ORD-512966 BATCH-PAYT-5032,59012,1180,0,0,57832,INR,2026-08-16T13:27:00Z,BATCH-PAYT-5032
PO_B14_005033,Razorpay Nodal,BBAS-ORD-665761 BBAS-ORD-174940 BBAS-ORD-122748 BATCH-BBAS-5033,395908,7918,0,0,387990,INR,2026-08-16T02:28:00Z,BATCH-BBAS-5033
PO_B14_005034,BillDesk Settlement,MYNT-INV-890536 PO_B14_005034,236021,3542,0,0,232479,INR,2026-08-16T19:33:00Z,BATCH-MYNT-5034
PO_B14_005035,PayU Enterprise,BBAS-EXC-892020-UNRESOLVED,247284,4935,0,0,242349,INR,2026-08-17T01:55:00Z,HOLD-ESCROW
PO_B14_005036,Stripe India,PHNP-ORD-257438 PHNP-ORD-401944 PHNP-ORD-256846 BATCH-PHNP-5036,593917,11878,0,0,582039,INR,2026-08-16T16:31:00Z,BATCH-PHNP-5036
PO_B14_005037,PayU Enterprise,FLPK-ORD-258734 FLPK-ORD-353332 BATCH-FLPK-5037,204865,4097,0,0,200768,INR,2026-08-16T08:46:00Z,BATCH-FLPK-5037
PO_B14_005038,PayU Enterprise,PAYT-INV-416267 PO_B14_005038,75233,1175,0,0,74058,INR,2026-08-16T21:10:00Z,BATCH-PAYT-5038
PO_B14_005039,Razorpay Nodal,FLPK-INV-421132 PO_B14_005039,123117,2166,0,0,120951,INR,2026-08-16T03:43:00Z,BATCH-FLPK-5039
PO_B14_005040,Razorpay Nodal,AMZN-ORD-451644 AMZN-ORD-311449 BATCH-AMZN-5040,248656,4973,0,0,243683,INR,2026-08-16T04:06:00Z,BATCH-AMZN-5040
PO_B14_005041,Cashfree Escrow,ZOMA-INV-972289 PO_B14_005041,271596,4972,0,0,266624,INR,2026-08-16T10:57:00Z,BATCH-ZOMA-5041
PO_B14_005042,Razorpay Nodal,OLAA-ORD-837883 OLAA-ORD-889472 BATCH-OLAA-5042,344865,6897,0,0,337968,INR,2026-08-15T22:23:00Z,BATCH-OLAA-5042
PO_B14_005043,Razorpay Nodal,OLAA-INV-739553 PO_B14_005043,211263,5060,0,0,206203,INR,2026-08-15T13:18:00Z,BATCH-OLAA-5043
PO_B14_005044,Razorpay Nodal,JIOO-ORD-101574 JIOO-ORD-375926 JIOO-ORD-639337 BATCH-JIOO-5044,490626,9812,0,0,480814,INR,2026-08-15T22:19:00Z,BATCH-JIOO-5044
PO_B14_005045,Cashfree Escrow,PAYT-INV-602346 PO_B14_005045,398177,9329,0,0,388848,INR,2026-08-16T08:19:00Z,BATCH-PAYT-5045
PO_B14_005046,Stripe India,PAYT-INV-553526 PO_B14_005046,121283,2791,0,0,118492,INR,2026-08-15T15:42:00Z,BATCH-PAYT-5046
PO_B14_005047,Razorpay Nodal,UBER-EXC-181085-UNRESOLVED,107217,2134,0,0,105083,INR,2026-08-16T09:10:00Z,HOLD-ESCROW
PO_B14_005048,PayU Enterprise,BLNK-INV-494846 PO_B14_005048,84114,2056,0,0,82058,INR,2026-08-16T16:46:00Z,BATCH-BLNK-5048
PO_B14_005049,BillDesk Settlement,UBER-ORD-930220 UBER-ORD-881954 BATCH-UBER-5049,160328,3206,0,0,157122,INR,2026-08-16T18:20:00Z,BATCH-UBER-5049
PO_B14_005050,PayU Enterprise,BKMS-ORD-154820 BKMS-ORD-358008 BKMS-ORD-213982 BATCH-BKMS-5050,316195,6323,0,0,309872,INR,2026-08-16T19:52:00Z,BATCH-BKMS-5050
PO_B14_005051,Razorpay Nodal,BBAS-INV-471003 PO_B14_005051,59649,968,0,0,58681,INR,2026-08-16T18:02:00Z,BATCH-BBAS-5051
PO_B14_005052,BillDesk Settlement,OLAA-INV-436156 PO_B14_005052,326614,5824,0,0,320790,INR,2026-08-16T14:22:00Z,BATCH-OLAA-5052
PO_B14_005053,Razorpay Nodal,SWIG-INV-249130 PO_B14_005053,234035,3622,0,0,230413,INR,2026-08-15T21:57:00Z,BATCH-SWIG-5053
PO_B14_005054,Cashfree Escrow,MYNT-ORD-971651 MYNT-ORD-650033 MYNT-ORD-160855 BATCH-MYNT-5054,365469,7309,0,0,358160,INR,2026-08-16T07:33:00Z,BATCH-MYNT-5054
PO_B14_005055,Stripe India,UBER-INV-304765 PO_B14_005055,188260,3822,0,0,184438,INR,2026-08-16T07:23:00Z,BATCH-UBER-5055
PO_B14_005056,PayU Enterprise,UBER-ORD-262068 UBER-ORD-866437 BATCH-UBER-5056,222306,4446,0,0,217860,INR,2026-08-16T09:00:00Z,BATCH-UBER-5056
PO_B14_005057,BillDesk Settlement,PAYT-ORD-291770 PAYT-ORD-982469 PAYT-ORD-834276 BATCH-PAYT-5057,283862,5677,0,0,278185,INR,2026-08-16T07:50:00Z,BATCH-PAYT-5057
PO_B14_005058,BillDesk Settlement,OLAA-INV-399652 PO_B14_005058,200012,3526,0,0,196486,INR,2026-08-16T20:23:00Z,BATCH-OLAA-5058
PO_B14_005059,BillDesk Settlement,TATA-INV-513188 PO_B14_005059,276359,5771,0,0,270588,INR,2026-08-15T16:15:00Z,BATCH-TATA-5059
PO_B14_005060,Stripe India,PHNP-INV-724783 PO_B14_005060,66242,1081,0,0,65161,INR,2026-08-16T20:11:00Z,BATCH-PHNP-5060
PO_B14_005061,Razorpay Nodal,MMTR-ORD-262520 MMTR-ORD-411441 MMTR-ORD-819752 BATCH-MMTR-5061,404562,8091,0,0,396471,INR,2026-08-15T21:05:00Z,BATCH-MMTR-5061
PO_B14_005062,Cashfree Escrow,MYNT-INV-356469 PO_B14_005062,330797,6340,0,0,324457,INR,2026-08-15T22:19:00Z,BATCH-MYNT-5062
PO_B14_005063,Razorpay Nodal,PHNP-ORD-834022 PHNP-ORD-876564 BATCH-PHNP-5063,298906,5978,0,0,292928,INR,2026-08-16T02:15:00Z,BATCH-PHNP-5063
PO_B14_005064,BillDesk Settlement,TATA-ORD-651865 TATA-ORD-171400 TATA-ORD-959047 BATCH-TATA-5064,459255,9185,0,0,450070,INR,2026-08-15T23:17:00Z,BATCH-TATA-5064
PO_B14_005065,Cashfree Escrow,AMZN-INV-967947 PO_B14_005065,441979,10460,0,0,431519,INR,2026-08-16T03:35:00Z,BATCH-AMZN-5065
PO_B14_005066,Razorpay Nodal,FLPK-INV-184376 PO_B14_005066,314552,6233,0,0,308319,INR,2026-08-16T00:40:00Z,BATCH-FLPK-5066
PO_B14_005067,PayU Enterprise,MYNT-INV-640166 PO_B14_005067,439845,8570,0,0,431275,INR,2026-08-15T18:49:00Z,BATCH-MYNT-5067
PO_B14_005068,BillDesk Settlement,BBAS-INV-160638 PO_B14_005068,422653,7964,0,0,414689,INR,2026-08-16T20:46:00Z,BATCH-BBAS-5068
PO_B14_005069,Stripe India,UBER-INV-805971 PO_B14_005069,437833,10658,0,0,427175,INR,2026-08-16T03:20:00Z,BATCH-UBER-5069
PO_B14_005070,PayU Enterprise,OLAA-ORD-367331 OLAA-ORD-134583 OLAA-ORD-790083 BATCH-OLAA-5070,320136,6402,0,0,313734,INR,2026-08-16T15:22:00Z,BATCH-OLAA-5070
PO_B14_005071,Razorpay Nodal,ZOMA-ORD-464285 ZOMA-ORD-574655 ZOMA-ORD-531152 BATCH-ZOMA-5071,287721,5754,0,0,281967,INR,2026-08-16T06:24:00Z,BATCH-ZOMA-5071
PO_B14_005072,PayU Enterprise,MMTR-ORD-781615 MMTR-ORD-351463 BATCH-MMTR-5072,181890,3637,0,0,178253,INR,2026-08-16T19:46:00Z,BATCH-MMTR-5072
PO_B14_005073,Stripe India,TATA-INV-671825 PO_B14_005073,243476,5191,0,0,238285,INR,2026-08-16T02:06:00Z,BATCH-TATA-5073
PO_B14_005074,BillDesk Settlement,FLPK-ORD-734844 FLPK-ORD-933445 FLPK-ORD-120216 BATCH-FLPK-5074,295274,5905,0,0,289369,INR,2026-08-16T11:05:00Z,BATCH-FLPK-5074
PO_B14_005075,PayU Enterprise,BKMS-INV-397784 PO_B14_005075,96102,1614,0,0,94488,INR,2026-08-16T18:40:00Z,BATCH-BKMS-5075
PO_B14_005076,Razorpay Nodal,BBAS-INV-365338 PO_B14_005076,87044,1528,0,0,85516,INR,2026-08-16T03:43:00Z,BATCH-BBAS-5076
PO_B14_005077,Stripe India,JIOO-INV-601298 PO_B14_005077,103268,1997,0,0,101271,INR,2026-08-16T04:40:00Z,BATCH-JIOO-5077
PO_B14_005078,Cashfree Escrow,TATA-INV-386482 PO_B14_005078,66086,1357,0,0,64729,INR,2026-08-16T05:22:00Z,BATCH-TATA-5078
PO_B14_005079,BillDesk Settlement,BBAS-INV-134452 PO_B14_005079,292385,5674,0,0,286711,INR,2026-08-16T13:14:00Z,BATCH-BBAS-5079
PO_B14_005080,Cashfree Escrow,JIOO-INV-704347 PO_B14_005080,339570,8168,0,0,331402,INR,2026-08-16T13:40:00Z,BATCH-JIOO-5080
PO_B14_005081,PayU Enterprise,PAYT-ORD-502255 PAYT-ORD-272960 BATCH-PAYT-5081,283146,5662,0,0,277484,INR,2026-08-16T16:39:00Z,BATCH-PAYT-5081
PO_B14_005082,BillDesk Settlement,UBER-INV-109381 PO_B14_005082,202277,3570,0,0,198707,INR,2026-08-15T19:24:00Z,BATCH-UBER-5082
PO_B14_005083,Razorpay Nodal,TATA-INV-524862 PO_B14_005083,429874,7765,0,0,422109,INR,2026-08-16T01:37:00Z,BATCH-TATA-5083
PO_B14_005084,PayU Enterprise,SWIG-INV-718354 PO_B14_005084,279330,4997,0,0,274333,INR,2026-08-15T13:36:00Z,BATCH-SWIG-5084
PO_B14_005085,Stripe India,JIOO-ORD-677067 JIOO-ORD-652421 JIOO-ORD-268051 BATCH-JIOO-5085,224246,4484,0,0,219762,INR,2026-08-16T02:57:00Z,BATCH-JIOO-5085
PO_B14_005086,BillDesk Settlement,BBAS-INV-549592 PO_B14_005086,189146,4232,0,0,184914,INR,2026-08-15T23:57:00Z,BATCH-BBAS-5086
PO_B14_005087,Cashfree Escrow,TATA-INV-119489 PO_B14_005087,57481,1214,0,0,56267,INR,2026-08-16T13:24:00Z,BATCH-TATA-5087
PO_B14_005088,PayU Enterprise,ZOMA-INV-579664 PO_B14_005088,303793,6793,0,0,297000,INR,2026-08-15T21:43:00Z,BATCH-ZOMA-5088
PO_B14_005089,Cashfree Escrow,BLNK-INV-331464 PO_B14_005089,220772,5296,0,0,215476,INR,2026-08-16T13:33:00Z,BATCH-BLNK-5089
PO_B14_005090,BillDesk Settlement,FLPK-INV-577191 PO_B14_005090,114910,2809,0,0,112101,INR,2026-08-16T22:27:00Z,BATCH-FLPK-5090
PO_B14_005091,PayU Enterprise,JIOO-ORD-344435 JIOO-ORD-313813 JIOO-ORD-575454 BATCH-JIOO-5091,552435,11048,0,0,541387,INR,2026-08-16T01:32:00Z,BATCH-JIOO-5091
PO_B14_005092,BillDesk Settlement,SWIG-INV-718111 PO_B14_005092,28665,476,0,0,28189,INR,2026-08-16T09:38:00Z,BATCH-SWIG-5092
PO_B14_005093,Cashfree Escrow,OLAA-ORD-953629 OLAA-ORD-979036 OLAA-ORD-833267 BATCH-OLAA-5093,180333,3606,0,0,176727,INR,2026-08-16T01:00:00Z,BATCH-OLAA-5093
PO_B14_005094,BillDesk Settlement,JIOO-ORD-872826 JIOO-ORD-968194 JIOO-ORD-484339 BATCH-JIOO-5094,241280,4825,0,0,236455,INR,2026-08-16T00:17:00Z,BATCH-JIOO-5094
PO_B14_005095,PayU Enterprise,PAYT-INV-158420 PO_B14_005095,436448,10816,0,0,425632,INR,2026-08-15T18:41:00Z,BATCH-PAYT-5095
PO_B14_005096,Razorpay Nodal,OLAA-ORD-669297 OLAA-ORD-688704 OLAA-ORD-716361 BATCH-OLAA-5096,432821,8656,0,0,424165,INR,2026-08-16T06:19:00Z,BATCH-OLAA-5096
PO_B14_005097,Stripe India,BKMS-ORD-758099 BKMS-ORD-189401 BATCH-BKMS-5097,174087,3481,0,0,170606,INR,2026-08-16T09:02:00Z,BATCH-BKMS-5097
PO_B14_005098,Stripe India,BLNK-INV-422752 PO_B14_005098,251327,5125,0,0,246202,INR,2026-08-15T20:04:00Z,BATCH-BLNK-5098
PO_B14_005099,PayU Enterprise,ZOMA-INV-363149 PO_B14_005099,51616,859,0,0,50757,INR,2026-08-15T16:19:00Z,BATCH-ZOMA-5099
PO_B14_005100,Razorpay Nodal,NYKA-INV-767127 PO_B14_005100,297606,4591,0,0,293015,INR,2026-08-15T23:32:00Z,BATCH-NYKA-5100
PO_B14_005101,Razorpay Nodal,AMZN-ORD-201095 AMZN-ORD-375159 BATCH-AMZN-5101,269546,5390,0,0,264156,INR,2026-08-16T09:33:00Z,BATCH-AMZN-5101
PO_B14_005102,BillDesk Settlement,FLPK-INV-507187 PO_B14_005102,287672,6220,0,0,281452,INR,2026-08-16T01:07:00Z,BATCH-FLPK-5102
PO_B14_005103,Razorpay Nodal,UBER-ORD-714932 UBER-ORD-677715 BATCH-UBER-5103,282752,5655,0,0,277097,INR,2026-08-16T18:05:00Z,BATCH-UBER-5103
PO_B14_005104,Stripe India,NYKA-INV-874534 PO_B14_005104,385183,9418,0,0,375765,INR,2026-08-16T01:08:00Z,BATCH-NYKA-5104
PO_B14_005105,PayU Enterprise,TATA-INV-621563 PO_B14_005105,117844,2936,0,0,114908,INR,2026-08-15T17:35:00Z,BATCH-TATA-5105
PO_B14_005106,Razorpay Nodal,OLAA-INV-715224 PO_B14_005106,347200,5626,0,0,341574,INR,2026-08-16T05:04:00Z,BATCH-OLAA-5106
PO_B14_005107,Cashfree Escrow,MMTR-INV-848360 PO_B14_005107,214977,3343,0,0,211634,INR,2026-08-16T16:36:00Z,BATCH-MMTR-5107
PO_B14_005108,PayU Enterprise,PAYT-INV-351354 PO_B14_005108,65688,1067,0,0,64621,INR,2026-08-16T13:38:00Z,BATCH-PAYT-5108
PO_B14_005109,PayU Enterprise,UBER-INV-144432 PO_B14_005109,269891,4488,0,0,265403,INR,2026-08-16T16:12:00Z,BATCH-UBER-5109
PO_B14_005110,Stripe India,MYNT-EXC-832845-UNRESOLVED,117482,2339,0,0,115143,INR,2026-08-17T07:46:00Z,HOLD-ESCROW
PO_B14_005111,Cashfree Escrow,OLAA-ORD-855111 OLAA-ORD-459137 BATCH-OLAA-5111,315278,6305,0,0,308973,INR,2026-08-16T16:38:00Z,BATCH-OLAA-5111
PO_B14_005112,Cashfree Escrow,TATA-EXC-683524-UNRESOLVED,68471,1359,0,0,67112,INR,2026-08-16T19:15:00Z,HOLD-ESCROW
PO_B14_005113,Razorpay Nodal,TATA-INV-791043 PO_B14_005113,129877,2929,0,0,126948,INR,2026-08-15T19:48:00Z,BATCH-TATA-5113
PO_B14_005114,Razorpay Nodal,TATA-INV-824151 PO_B14_005114,346759,7589,0,0,339170,INR,2026-08-16T00:07:00Z,BATCH-TATA-5114
PO_B14_005115,Cashfree Escrow,BLNK-INV-262590 PO_B14_005115,371862,5878,0,0,365984,INR,2026-08-15T22:39:00Z,BATCH-BLNK-5115
PO_B14_005116,BillDesk Settlement,UBER-INV-785320 PO_B14_005116,289095,5407,0,0,283688,INR,2026-08-16T12:06:00Z,BATCH-UBER-5116
PO_B14_005117,BillDesk Settlement,SWIG-INV-103419 PO_B14_005117,48585,749,0,0,47836,INR,2026-08-16T00:59:00Z,BATCH-SWIG-5117
PO_B14_005118,Razorpay Nodal,BBAS-ORD-491497 BBAS-ORD-580560 BATCH-BBAS-5118,337447,6748,0,0,330699,INR,2026-08-16T07:06:00Z,BATCH-BBAS-5118
PO_B14_005119,Razorpay Nodal,PHNP-INV-146204 PO_B14_005119,422769,8287,0,0,414482,INR,2026-08-16T16:31:00Z,BATCH-PHNP-5119
PO_B14_005120,Stripe India,ZOMA-INV-911653 PO_B14_005120,243414,3917,0,0,239497,INR,2026-08-16T06:38:00Z,BATCH-ZOMA-5120
PO_B14_005121,PayU Enterprise,UBER-INV-223390 PO_B14_005121,213364,4929,0,0,208435,INR,2026-08-16T03:55:00Z,BATCH-UBER-5121
PO_B14_005122,Razorpay Nodal,BBAS-ORD-228927 BBAS-ORD-132114 BATCH-BBAS-5122,405937,8118,0,0,397819,INR,2026-08-16T01:21:00Z,BATCH-BBAS-5122
PO_B14_005123,BillDesk Settlement,BKMS-INV-270257 PO_B14_005123,388143,6352,0,0,381791,INR,2026-08-16T10:34:00Z,BATCH-BKMS-5123
PO_B14_005124,Cashfree Escrow,MMTR-ORD-376007 MMTR-ORD-895176 MMTR-ORD-525812 BATCH-MMTR-5124,390694,7813,0,0,382881,INR,2026-08-16T17:49:00Z,BATCH-MMTR-5124
PO_B14_005125,BillDesk Settlement,NYKA-INV-872118 PO_B14_005125,436877,7541,0,0,429336,INR,2026-08-16T05:29:00Z,BATCH-NYKA-5125
PO_B14_005126,PayU Enterprise,NYKA-INV-751298 PO_B14_005126,446888,9465,0,0,437423,INR,2026-08-16T11:16:00Z,BATCH-NYKA-5126
PO_B14_005127,PayU Enterprise,ZOMA-INV-829022 PO_B14_005127,160165,3447,0,0,156718,INR,2026-08-16T06:26:00Z,BATCH-ZOMA-5127
PO_B14_005128,BillDesk Settlement,JIOO-INV-237273 PO_B14_005128,231378,5379,0,0,225999,INR,2026-08-16T06:02:00Z,BATCH-JIOO-5128
PO_B14_005129,PayU Enterprise,ZOMA-INV-525322 PO_B14_005129,388611,6121,0,0,382490,INR,2026-08-16T02:55:00Z,BATCH-ZOMA-5129
PO_B14_005130,Razorpay Nodal,BKMS-INV-516917 PO_B14_005130,357977,5610,0,0,352367,INR,2026-08-16T07:04:00Z,BATCH-BKMS-5130
PO_B14_005131,Cashfree Escrow,TATA-INV-764311 PO_B14_005131,401771,6917,0,0,394854,INR,2026-08-16T16:41:00Z,BATCH-TATA-5131
PO_B14_005132,BillDesk Settlement,TATA-ORD-409999 TATA-ORD-526020 TATA-ORD-873436 BATCH-TATA-5132,442598,8851,0,0,433747,INR,2026-08-16T18:53:00Z,BATCH-TATA-5132
PO_B14_005133,PayU Enterprise,ZOMA-INV-827057 PO_B14_005133,286797,4778,0,0,282019,INR,2026-08-16T06:39:00Z,BATCH-ZOMA-5133
PO_B14_005134,PayU Enterprise,BBAS-INV-465765 PO_B14_005134,250706,4903,0,0,245803,INR,2026-08-17T00:51:00Z,BATCH-BBAS-5134
PO_B14_005135,Cashfree Escrow,BLNK-INV-678462 PO_B14_005135,105922,1758,0,0,104164,INR,2026-08-16T20:53:00Z,BATCH-BLNK-5135
PO_B14_005136,BillDesk Settlement,AMZN-ORD-837035 AMZN-ORD-498314 BATCH-AMZN-5136,186122,3722,0,0,182400,INR,2026-08-16T20:30:00Z,BATCH-AMZN-5136
PO_B14_005137,Stripe India,BLNK-INV-907311 PO_B14_005137,235377,3782,0,0,231595,INR,2026-08-16T14:16:00Z,BATCH-BLNK-5137
PO_B14_005138,BillDesk Settlement,JIOO-INV-740072 PO_B14_005138,421316,9174,0,0,412142,INR,2026-08-15T20:45:00Z,BATCH-JIOO-5138
PO_B14_005139,BillDesk Settlement,UBER-EXC-701863-UNRESOLVED,72034,1430,0,0,70604,INR,2026-08-16T21:07:00Z,HOLD-ESCROW
PO_B14_005140,Stripe India,AMZN-INV-297066 PO_B14_005140,221646,4061,0,0,217585,INR,2026-08-16T06:50:00Z,BATCH-AMZN-5140
PO_B14_005141,Razorpay Nodal,MMTR-INV-703206 PO_B14_005141,413582,7425,0,0,406157,INR,2026-08-15T23:04:00Z,BATCH-MMTR-5141
PO_B14_005142,PayU Enterprise,AMZN-INV-421958 PO_B14_005142,315131,5769,0,0,309362,INR,2026-08-15T18:28:00Z,BATCH-AMZN-5142
PO_B14_005143,BillDesk Settlement,BLNK-INV-410076 PO_B14_005143,314464,6234,0,0,308230,INR,2026-08-16T04:58:00Z,BATCH-BLNK-5143
PO_B14_005144,PayU Enterprise,BLNK-EXC-832540-UNRESOLVED,187444,3738,0,0,183706,INR,2026-08-17T01:15:00Z,HOLD-ESCROW
PO_B14_005145,Stripe India,BBAS-INV-686204 PO_B14_005145,190223,4645,0,0,185578,INR,2026-08-15T17:43:00Z,BATCH-BBAS-5145
PO_B14_005146,PayU Enterprise,MYNT-ORD-289445 MYNT-ORD-806162 MYNT-ORD-283957 BATCH-MYNT-5146,360956,7219,0,0,353737,INR,2026-08-16T15:04:00Z,BATCH-MYNT-5146
PO_B14_005147,Stripe India,FLPK-INV-119795 PO_B14_005147,41221,814,0,0,40407,INR,2026-08-15T22:23:00Z,BATCH-FLPK-5147
PO_B14_005148,Stripe India,BLNK-ORD-650074 BLNK-ORD-144897 BATCH-BLNK-5148,309208,6184,0,0,303024,INR,2026-08-16T04:31:00Z,BATCH-BLNK-5148
PO_B14_005149,Razorpay Nodal,PAYT-INV-186051 PO_B14_005149,60691,1137,0,0,59554,INR,2026-08-16T01:03:00Z,BATCH-PAYT-5149
PO_B14_005150,BillDesk Settlement,PHNP-ORD-645054 PHNP-ORD-715430 BATCH-PHNP-5150,186979,3739,0,0,183240,INR,2026-08-16T15:17:00Z,BATCH-PHNP-5150
PO_B14_005151,Razorpay Nodal,SWIG-INV-538191 PO_B14_005151,385994,9442,0,0,376552,INR,2026-08-15T16:28:00Z,BATCH-SWIG-5151
PO_B14_005152,Stripe India,JIOO-INV-737465 PO_B14_005152,374968,7478,0,0,367490,INR,2026-08-16T19:34:00Z,BATCH-JIOO-5152
PO_B14_005153,Cashfree Escrow,SWIG-ORD-176100 SWIG-ORD-473114 BATCH-SWIG-5153,38124,762,0,0,37362,INR,2026-08-16T01:26:00Z,BATCH-SWIG-5153
PO_B14_005154,PayU Enterprise,TATA-ORD-276837 TATA-ORD-824627 BATCH-TATA-5154,167119,3342,0,0,163777,INR,2026-08-15T23:47:00Z,BATCH-TATA-5154
PO_B14_005155,PayU Enterprise,MMTR-INV-146076 PO_B14_005155,287446,7057,0,0,280389,INR,2026-08-16T17:28:00Z,BATCH-MMTR-5155
PO_B14_005156,BillDesk Settlement,NYKA-INV-290038 PO_B14_005156,276187,5557,0,0,270630,INR,2026-08-16T17:12:00Z,BATCH-NYKA-5156
PO_B14_005157,PayU Enterprise,SWIG-INV-372116 PO_B14_005157,56909,1365,0,0,55544,INR,2026-08-16T12:06:00Z,BATCH-SWIG-5157
PO_B14_005158,Stripe India,PHNP-INV-536363 PO_B14_005158,373217,5688,0,0,367529,INR,2026-08-16T17:29:00Z,BATCH-PHNP-5158
PO_B14_005159,Razorpay Nodal,ZOMA-INV-609955 PO_B14_005159,127098,2155,0,0,124943,INR,2026-08-16T15:05:00Z,BATCH-ZOMA-5159
PO_B14_005160,Razorpay Nodal,BKMS-INV-304776 PO_B14_005160,339662,6201,0,0,333461,INR,2026-08-16T19:11:00Z,BATCH-BKMS-5160
PO_B14_005161,PayU Enterprise,BKMS-INV-378998 PO_B14_005161,110311,2390,0,0,107921,INR,2026-08-16T16:46:00Z,BATCH-BKMS-5161
PO_B14_005162,Razorpay Nodal,FLPK-INV-638926 PO_B14_005162,323783,7332,0,0,316451,INR,2026-08-16T07:19:00Z,BATCH-FLPK-5162
PO_B14_005163,Stripe India,PHNP-ORD-378618 PHNP-ORD-163534 PHNP-ORD-451859 BATCH-PHNP-5163,332598,6651,0,0,325947,INR,2026-08-16T07:03:00Z,BATCH-PHNP-5163
PO_B14_005164,Stripe India,BLNK-INV-783763 PO_B14_005164,25335,481,0,0,24854,INR,2026-08-16T21:01:00Z,BATCH-BLNK-5164
PO_B14_005165,BillDesk Settlement,AMZN-EXC-803370-UNRESOLVED,208757,4165,0,0,204592,INR,2026-08-16T16:54:00Z,HOLD-ESCROW
PO_B14_005166,Stripe India,AMZN-INV-382752 PO_B14_005166,312904,5185,0,0,307719,INR,2026-08-16T15:09:00Z,BATCH-AMZN-5166
PO_B14_005167,PayU Enterprise,SWIG-ORD-656404 SWIG-ORD-784790 BATCH-SWIG-5167,263768,5275,0,0,258493,INR,2026-08-15T21:50:00Z,BATCH-SWIG-5167
PO_B14_005168,Stripe India,OLAA-ORD-263124 OLAA-ORD-831147 BATCH-OLAA-5168,236396,4727,0,0,231669,INR,2026-08-16T04:54:00Z,BATCH-OLAA-5168
PO_B14_005169,Cashfree Escrow,UBER-INV-251661 PO_B14_005169,85825,1444,0,0,84381,INR,2026-08-16T05:32:00Z,BATCH-UBER-5169
PO_B14_005170,Stripe India,BBAS-INV-932203 PO_B14_005170,355077,8693,0,0,346384,INR,2026-08-16T01:47:00Z,BATCH-BBAS-5170
PO_B14_005171,BillDesk Settlement,UBER-INV-473901 PO_B14_005171,314733,4829,0,0,309904,INR,2026-08-15T23:41:00Z,BATCH-UBER-5171
PO_B14_005172,PayU Enterprise,TATA-INV-358062 PO_B14_005172,212340,5210,0,0,207130,INR,2026-08-16T17:24:00Z,BATCH-TATA-5172
PO_B14_005173,Stripe India,BLNK-EXC-442404-UNRESOLVED,238701,4764,0,0,233937,INR,2026-08-16T11:05:00Z,HOLD-ESCROW
PO_B14_005174,Cashfree Escrow,MMTR-INV-629543 PO_B14_005174,68864,1298,0,0,67566,INR,2026-08-16T01:33:00Z,BATCH-MMTR-5174
PO_B14_005175,PayU Enterprise,AMZN-ORD-415343 AMZN-ORD-350738 BATCH-AMZN-5175,344174,6883,0,0,337291,INR,2026-08-16T15:48:00Z,BATCH-AMZN-5175
PO_B14_005176,Cashfree Escrow,BKMS-INV-920085 PO_B14_005176,162297,2898,0,0,159399,INR,2026-08-16T13:27:00Z,BATCH-BKMS-5176
PO_B14_005177,PayU Enterprise,FLPK-INV-295272 PO_B14_005177,131461,1978,0,0,129483,INR,2026-08-16T02:08:00Z,BATCH-FLPK-5177
PO_B14_005178,PayU Enterprise,MMTR-INV-496306 PO_B14_005178,316781,6303,0,0,310478,INR,2026-08-16T03:07:00Z,BATCH-MMTR-5178
PO_B14_005179,Stripe India,TATA-INV-265409 PO_B14_005179,62831,1550,0,0,61281,INR,2026-08-15T22:39:00Z,BATCH-TATA-5179
PO_B14_005180,Stripe India,TATA-INV-254550 PO_B14_005180,431037,10364,0,0,420673,INR,2026-08-16T21:38:00Z,BATCH-TATA-5180
PO_B14_005181,PayU Enterprise,AMZN-INV-300901 PO_B14_005181,335317,6762,0,0,328555,INR,2026-08-15T17:48:00Z,BATCH-AMZN-5181
PO_B14_005182,Cashfree Escrow,BKMS-INV-726068 PO_B14_005182,75134,1309,0,0,73825,INR,2026-08-16T15:22:00Z,BATCH-BKMS-5182
PO_B14_005183,BillDesk Settlement,JIOO-INV-303120 PO_B14_005183,390070,8243,0,0,381827,INR,2026-08-16T10:28:00Z,BATCH-JIOO-5183
PO_B14_005184,PayU Enterprise,MMTR-INV-832157 PO_B14_005184,428649,9128,0,0,419521,INR,2026-08-16T22:42:00Z,BATCH-MMTR-5184
PO_B14_005185,Razorpay Nodal,BKMS-INV-298306 PO_B14_005185,143317,2254,0,0,141063,INR,2026-08-16T08:17:00Z,BATCH-BKMS-5185
PO_B14_005186,BillDesk Settlement,BLNK-ORD-511790 BLNK-ORD-468364 BATCH-BLNK-5186,118529,2370,0,0,116159,INR,2026-08-16T02:36:00Z,BATCH-BLNK-5186
PO_B14_005187,BillDesk Settlement,SWIG-INV-790857 PO_B14_005187,307633,5019,0,0,302614,INR,2026-08-16T08:04:00Z,BATCH-SWIG-5187
PO_B14_005188,BillDesk Settlement,BKMS-INV-366847 PO_B14_005188,257904,4612,0,0,253292,INR,2026-08-16T08:05:00Z,BATCH-BKMS-5188
PO_B14_005189,Razorpay Nodal,SWIG-INV-728239 PO_B14_005189,171755,4104,0,0,167651,INR,2026-08-16T11:00:00Z,BATCH-SWIG-5189
PO_B14_005190,Razorpay Nodal,PHNP-ORD-171917 PHNP-ORD-993212 PHNP-ORD-478375 BATCH-PHNP-5190,360418,7208,0,0,353210,INR,2026-08-16T02:46:00Z,BATCH-PHNP-5190
PO_B14_005191,Cashfree Escrow,TATA-INV-399747 PO_B14_005191,27882,475,0,0,27407,INR,2026-08-16T06:15:00Z,BATCH-TATA-5191
PO_B14_005192,BillDesk Settlement,BLNK-INV-129129 PO_B14_005192,93187,2008,0,0,91179,INR,2026-08-16T22:03:00Z,BATCH-BLNK-5192
PO_B14_005193,BillDesk Settlement,SWIG-ORD-821104 SWIG-ORD-591518 BATCH-SWIG-5193,214594,4291,0,0,210303,INR,2026-08-16T17:01:00Z,BATCH-SWIG-5193
PO_B14_005194,Razorpay Nodal,MMTR-ORD-513500 MMTR-ORD-389059 BATCH-MMTR-5194,393858,7877,0,0,385981,INR,2026-08-16T13:40:00Z,BATCH-MMTR-5194
PO_B14_005195,Stripe India,ZOMA-ORD-409130 ZOMA-ORD-292802 BATCH-ZOMA-5195,242166,4843,0,0,237323,INR,2026-08-16T06:32:00Z,BATCH-ZOMA-5195
PO_B14_005196,Razorpay Nodal,PHNP-INV-121995 PO_B14_005196,255992,5277,0,0,250715,INR,2026-08-16T21:20:00Z,BATCH-PHNP-5196
PO_B14_005197,Cashfree Escrow,PAYT-EXC-155493-UNRESOLVED,119928,2388,0,0,117540,INR,2026-08-17T03:36:00Z,HOLD-ESCROW
PO_B14_005198,Cashfree Escrow,BKMS-INV-500703 PO_B14_005198,123146,2996,0,0,120150,INR,2026-08-16T15:17:00Z,BATCH-BKMS-5198
PO_B14_005199,Razorpay Nodal,AMZN-INV-937514 PO_B14_005199,54621,1122,0,0,53499,INR,2026-08-16T07:46:00Z,BATCH-AMZN-5199
PO_B14_005200,BillDesk Settlement,MYNT-INV-267806 PO_B14_005200,326872,5606,0,0,321266,INR,2026-08-16T09:07:00Z,BATCH-MYNT-5200
PO_B14_005201,Cashfree Escrow,FLPK-INV-376359 PO_B14_005201,346081,5628,0,0,340453,INR,2026-08-16T15:30:00Z,BATCH-FLPK-5201
PO_B14_005202,Cashfree Escrow,FLPK-INV-530575 PO_B14_005202,168990,2898,0,0,166092,INR,2026-08-16T01:20:00Z,BATCH-FLPK-5202
PO_B14_005203,BillDesk Settlement,SWIG-INV-665915 PO_B14_005203,73837,1727,0,0,72110,INR,2026-08-15T18:16:00Z,BATCH-SWIG-5203
PO_B14_005204,Razorpay Nodal,OLAA-INV-210410 PO_B14_005204,180827,4050,0,0,176777,INR,2026-08-16T09:27:00Z,BATCH-OLAA-5204
PO_B14_005205,BillDesk Settlement,JIOO-INV-717602 PO_B14_005205,124751,1956,0,0,122795,INR,2026-08-16T03:53:00Z,BATCH-JIOO-5205
PO_B14_005206,Cashfree Escrow,PAYT-ORD-198716 PAYT-ORD-326223 BATCH-PAYT-5206,432452,8649,0,0,423803,INR,2026-08-16T08:59:00Z,BATCH-PAYT-5206
PO_B14_005207,BillDesk Settlement,JIOO-INV-160707 PO_B14_005207,189131,3126,0,0,186005,INR,2026-08-16T07:07:00Z,BATCH-JIOO-5207
PO_B14_005208,Stripe India,MMTR-ORD-250609 MMTR-ORD-844897 BATCH-MMTR-5208,352334,7046,0,0,345288,INR,2026-08-16T16:02:00Z,BATCH-MMTR-5208
PO_B14_005209,PayU Enterprise,FLPK-ORD-400515 FLPK-ORD-513295 BATCH-FLPK-5209,213594,4271,0,0,209323,INR,2026-08-16T11:50:00Z,BATCH-FLPK-5209
PO_B14_005210,Stripe India,FLPK-ORD-878704 FLPK-ORD-858727 FLPK-ORD-626807 BATCH-FLPK-5210,418130,8362,0,0,409768,INR,2026-08-16T15:53:00Z,BATCH-FLPK-5210
PO_B14_005211,BillDesk Settlement,JIOO-INV-745791 PO_B14_005211,399533,6229,0,0,393304,INR,2026-08-16T08:17:00Z,BATCH-JIOO-5211
PO_B14_005212,BillDesk Settlement,ZOMA-ORD-580025 ZOMA-ORD-204625 ZOMA-ORD-335490 BATCH-ZOMA-5212,269222,5384,0,0,263838,INR,2026-08-15T22:01:00Z,BATCH-ZOMA-5212
PO_B14_005213,Stripe India,OLAA-INV-152426 PO_B14_005213,403474,6321,0,0,397153,INR,2026-08-16T11:30:00Z,BATCH-OLAA-5213
PO_B14_005214,Cashfree Escrow,BKMS-EXC-687699-UNRESOLVED,262203,5234,0,0,256969,INR,2026-08-17T07:04:00Z,HOLD-ESCROW
PO_B14_005215,PayU Enterprise,FLPK-INV-256430 PO_B14_005215,330452,7124,0,0,323328,INR,2026-08-16T10:15:00Z,BATCH-FLPK-5215
PO_B14_005216,Cashfree Escrow,BLNK-INV-744638 PO_B14_005216,30371,757,0,0,29614,INR,2026-08-16T05:30:00Z,BATCH-BLNK-5216
PO_B14_005217,PayU Enterprise,FLPK-ORD-113038 FLPK-ORD-638830 FLPK-ORD-894821 BATCH-FLPK-5217,439264,8785,0,0,430479,INR,2026-08-16T02:56:00Z,BATCH-FLPK-5217
PO_B14_005218,Cashfree Escrow,PAYT-INV-996194 PO_B14_005218,61299,1145,0,0,60154,INR,2026-08-16T15:42:00Z,BATCH-PAYT-5218
PO_B14_005219,BillDesk Settlement,PHNP-ORD-526215 PHNP-ORD-809132 BATCH-PHNP-5219,194200,3884,0,0,190316,INR,2026-08-16T16:02:00Z,BATCH-PHNP-5219
PO_B14_005220,BillDesk Settlement,TATA-INV-352203 PO_B14_005220,349669,8647,0,0,341022,INR,2026-08-16T08:32:00Z,BATCH-TATA-5220
PO_B14_005221,Stripe India,FLPK-INV-232081 PO_B14_005221,105194,2606,0,0,102588,INR,2026-08-16T07:16:00Z,BATCH-FLPK-5221
PO_B14_005222,Stripe India,TATA-ORD-415983 TATA-ORD-752935 TATA-ORD-722189 BATCH-TATA-5222,523081,10461,0,0,512620,INR,2026-08-16T16:21:00Z,BATCH-TATA-5222
PO_B14_005223,BillDesk Settlement,PHNP-INV-908693 PO_B14_005223,144060,3121,0,0,140939,INR,2026-08-16T10:25:00Z,BATCH-PHNP-5223
PO_B14_005224,Stripe India,BKMS-INV-618215 PO_B14_005224,153893,2639,0,0,151254,INR,2026-08-16T06:57:00Z,BATCH-BKMS-5224
PO_B14_005225,Cashfree Escrow,JIOO-INV-701957 PO_B14_005225,103533,2211,0,0,101322,INR,2026-08-16T00:31:00Z,BATCH-JIOO-5225
PO_B14_005226,Razorpay Nodal,BBAS-ORD-263936 BBAS-ORD-517337 BBAS-ORD-348498 BATCH-BBAS-5226,363819,7276,0,0,356543,INR,2026-08-16T18:21:00Z,BATCH-BBAS-5226
PO_B14_005227,Stripe India,ZOMA-INV-483289 PO_B14_005227,287625,4780,0,0,282845,INR,2026-08-16T06:24:00Z,BATCH-ZOMA-5227
PO_B14_005228,Cashfree Escrow,UBER-ORD-705352 UBER-ORD-346290 BATCH-UBER-5228,165501,3310,0,0,162191,INR,2026-08-15T22:54:00Z,BATCH-UBER-5228
PO_B14_005229,PayU Enterprise,AMZN-INV-528430 PO_B14_005229,122538,2992,0,0,119546,INR,2026-08-15T20:39:00Z,BATCH-AMZN-5229
PO_B14_005230,Razorpay Nodal,OLAA-INV-930106 PO_B14_005230,291427,4880,0,0,286547,INR,2026-08-16T17:57:00Z,BATCH-OLAA-5230
PO_B14_005231,Razorpay Nodal,BLNK-INV-860994 PO_B14_005231,154133,2993,0,0,151140,INR,2026-08-15T21:02:00Z,BATCH-BLNK-5231
PO_B14_005232,Stripe India,FLPK-INV-285508 PO_B14_005232,384695,7705,0,0,376990,INR,2026-08-16T13:41:00Z,BATCH-FLPK-5232
PO_B14_005233,Cashfree Escrow,PAYT-ORD-574289 PAYT-ORD-867984 BATCH-PAYT-5233,203411,4068,0,0,199343,INR,2026-08-16T12:29:00Z,BATCH-PAYT-5233
PO_B14_005234,BillDesk Settlement,NYKA-INV-626073 PO_B14_005234,113996,1778,0,0,112218,INR,2026-08-16T04:57:00Z,BATCH-NYKA-5234
PO_B14_005235,Stripe India,PHNP-ORD-174160 PHNP-ORD-467098 BATCH-PHNP-5235,253128,5062,0,0,248066,INR,2026-08-16T20:03:00Z,BATCH-PHNP-5235
PO_B14_005236,Stripe India,PHNP-INV-977024 PO_B14_005236,33498,756,0,0,32742,INR,2026-08-16T09:15:00Z,BATCH-PHNP-5236
PO_B14_005237,Stripe India,AMZN-EXC-391193-UNRESOLVED,263577,5261,0,0,258316,INR,2026-08-17T07:02:00Z,HOLD-ESCROW
PO_B14_005238,BillDesk Settlement,AMZN-INV-186741 PO_B14_005238,347580,6673,0,0,340907,INR,2026-08-16T14:23:00Z,BATCH-AMZN-5238
PO_B14_005239,PayU Enterprise,MYNT-EXC-778939-UNRESOLVED,266872,5327,0,0,261545,INR,2026-08-16T16:28:00Z,HOLD-ESCROW
PO_B14_005240,Stripe India,JIOO-INV-359764 PO_B14_005240,192841,3388,0,0,189453,INR,2026-08-16T20:51:00Z,BATCH-JIOO-5240
PO_B14_005241,Cashfree Escrow,TATA-INV-239573 PO_B14_005241,312082,6107,0,0,305975,INR,2026-08-16T16:57:00Z,BATCH-TATA-5241
PO_B14_005242,Stripe India,TATA-INV-404111 PO_B14_005242,405916,9946,0,0,395970,INR,2026-08-16T07:18:00Z,BATCH-TATA-5242
PO_B14_005243,Stripe India,AMZN-INV-716237 PO_B14_005243,83522,1510,0,0,82012,INR,2026-08-16T16:39:00Z,BATCH-AMZN-5243
PO_B14_005244,BillDesk Settlement,FLPK-INV-208990 PO_B14_005244,34066,615,0,0,33451,INR,2026-08-15T23:27:00Z,BATCH-FLPK-5244
PO_B14_005245,Razorpay Nodal,TATA-INV-928417 PO_B14_005245,291147,5054,0,0,286093,INR,2026-08-16T12:21:00Z,BATCH-TATA-5245
PO_B14_005246,Cashfree Escrow,PAYT-INV-383152 PO_B14_005246,223507,4056,0,0,219451,INR,2026-08-16T10:30:00Z,BATCH-PAYT-5246
PO_B14_005247,PayU Enterprise,SWIG-INV-936987 PO_B14_005247,169414,3397,0,0,166017,INR,2026-08-16T08:45:00Z,BATCH-SWIG-5247
PO_B14_005248,Stripe India,BKMS-INV-310931 PO_B14_005248,156044,2427,0,0,153617,INR,2026-08-15T22:48:00Z,BATCH-BKMS-5248
PO_B14_005249,BillDesk Settlement,ZOMA-ORD-362236 ZOMA-ORD-847357 BATCH-ZOMA-5249,410613,8212,0,0,402401,INR,2026-08-16T00:09:00Z,BATCH-ZOMA-5249
PO_B14_005250,Stripe India,SWIG-INV-790582 PO_B14_005250,157961,3024,0,0,154937,INR,2026-08-16T06:35:00Z,BATCH-SWIG-5250
PO_B14_005251,Stripe India,BLNK-INV-716473 PO_B14_005251,273210,5614,0,0,267596,INR,2026-08-17T00:08:00Z,BATCH-BLNK-5251
PO_B14_005252,Cashfree Escrow,FLPK-INV-240933 PO_B14_005252,433466,7806,0,0,425660,INR,2026-08-15T18:16:00Z,BATCH-FLPK-5252
PO_B14_005253,Razorpay Nodal,OLAA-INV-689783 PO_B14_005253,183723,4550,0,0,179173,INR,2026-08-15T20:35:00Z,BATCH-OLAA-5253
PO_B14_005254,BillDesk Settlement,TATA-ORD-639702 TATA-ORD-211137 TATA-ORD-882930 BATCH-TATA-5254,423335,8466,0,0,414869,INR,2026-08-16T19:34:00Z,BATCH-TATA-5254
PO_B14_005255,Razorpay Nodal,AMZN-INV-875589 PO_B14_005255,396867,6843,0,0,390024,INR,2026-08-16T19:21:00Z,BATCH-AMZN-5255
PO_B14_005256,PayU Enterprise,BLNK-ORD-353486 BLNK-ORD-339675 BLNK-ORD-162758 BATCH-BLNK-5256,380173,7603,0,0,372570,INR,2026-08-16T19:32:00Z,BATCH-BLNK-5256
PO_B14_005257,BillDesk Settlement,PAYT-INV-461645 PO_B14_005257,425951,9317,0,0,416634,INR,2026-08-16T14:57:00Z,BATCH-PAYT-5257
PO_B14_005258,PayU Enterprise,UBER-INV-338740 PO_B14_005258,210731,4003,0,0,206728,INR,2026-08-16T08:36:00Z,BATCH-UBER-5258
PO_B14_005259,Cashfree Escrow,SWIG-ORD-607596 SWIG-ORD-842391 BATCH-SWIG-5259,300694,6013,0,0,294681,INR,2026-08-16T16:28:00Z,BATCH-SWIG-5259
PO_B14_005260,Razorpay Nodal,MMTR-INV-496875 PO_B14_005260,370267,7047,0,0,363220,INR,2026-08-16T18:27:00Z,BATCH-MMTR-5260
PO_B14_005261,Cashfree Escrow,UBER-ORD-828764 UBER-ORD-867684 BATCH-UBER-5261,469264,9385,0,0,459879,INR,2026-08-16T06:46:00Z,BATCH-UBER-5261
PO_B14_005262,BillDesk Settlement,NYKA-INV-245411 PO_B14_005262,385940,6600,0,0,379340,INR,2026-08-16T00:33:00Z,BATCH-NYKA-5262
PO_B14_005263,Razorpay Nodal,FLPK-INV-174136 PO_B14_005263,66212,1313,0,0,64899,INR,2026-08-17T01:08:00Z,BATCH-FLPK-5263
PO_B14_005264,BillDesk Settlement,JIOO-INV-714835 PO_B14_005264,421426,9585,0,0,411841,INR,2026-08-16T13:47:00Z,BATCH-JIOO-5264
PO_B14_005265,PayU Enterprise,MYNT-EXC-415509-UNRESOLVED,67504,1340,0,0,66164,INR,2026-08-16T11:22:00Z,HOLD-ESCROW
PO_B14_005266,Stripe India,OLAA-INV-806376 PO_B14_005266,350216,6013,0,0,344203,INR,2026-08-16T00:04:00Z,BATCH-OLAA-5266
PO_B14_005267,Razorpay Nodal,MMTR-ORD-141849 MMTR-ORD-412758 BATCH-MMTR-5267,230201,4604,0,0,225597,INR,2026-08-16T18:50:00Z,BATCH-MMTR-5267
PO_B14_005268,Cashfree Escrow,AMZN-INV-289837 PO_B14_005268,125015,2290,0,0,122725,INR,2026-08-16T06:19:00Z,BATCH-AMZN-5268
PO_B14_005269,Cashfree Escrow,TATA-INV-687944 PO_B14_005269,51915,907,0,0,51008,INR,2026-08-16T17:59:00Z,BATCH-TATA-5269
PO_B14_005270,Cashfree Escrow,MYNT-INV-546729 PO_B14_005270,370433,7684,0,0,362749,INR,2026-08-16T10:44:00Z,BATCH-MYNT-5270
PO_B14_005271,PayU Enterprise,OLAA-INV-823440 PO_B14_005271,146838,2951,0,0,143887,INR,2026-08-16T04:48:00Z,BATCH-OLAA-5271
PO_B14_005272,PayU Enterprise,SWIG-INV-312655 PO_B14_005272,397783,7374,0,0,390409,INR,2026-08-16T05:21:00Z,BATCH-SWIG-5272
PO_B14_005273,BillDesk Settlement,OLAA-INV-972079 PO_B14_005273,135153,2374,0,0,132779,INR,2026-08-16T03:23:00Z,BATCH-OLAA-5273
PO_B14_005274,Razorpay Nodal,NYKA-EXC-113720-UNRESOLVED,275676,5503,0,0,270173,INR,2026-08-16T23:10:00Z,HOLD-ESCROW
PO_B14_005275,Stripe India,UBER-ORD-831869 UBER-ORD-762069 UBER-ORD-141111 BATCH-UBER-5275,534057,10681,0,0,523376,INR,2026-08-16T07:33:00Z,BATCH-UBER-5275
PO_B14_005276,Razorpay Nodal,FLPK-ORD-149451 FLPK-ORD-648397 FLPK-ORD-156387 BATCH-FLPK-5276,566819,11336,0,0,555483,INR,2026-08-15T23:26:00Z,BATCH-FLPK-5276
PO_B14_005277,Stripe India,BLNK-ORD-134289 BLNK-ORD-567492 BLNK-ORD-452779 BATCH-BLNK-5277,455277,9105,0,0,446172,INR,2026-08-16T10:43:00Z,BATCH-BLNK-5277
PO_B14_005278,Cashfree Escrow,SWIG-INV-726666 PO_B14_005278,379514,7824,0,0,371690,INR,2026-08-16T17:19:00Z,BATCH-SWIG-5278
PO_B14_005279,Cashfree Escrow,PAYT-INV-549489 PO_B14_005279,150648,2602,0,0,148046,INR,2026-08-16T11:06:00Z,BATCH-PAYT-5279
PO_B14_005280,PayU Enterprise,PAYT-INV-205206 PO_B14_005280,250969,5345,0,0,245624,INR,2026-08-15T17:08:00Z,BATCH-PAYT-5280
PO_B14_005281,Stripe India,ZOMA-ORD-417285 ZOMA-ORD-303424 ZOMA-ORD-559692 BATCH-ZOMA-5281,375990,7519,0,0,368471,INR,2026-08-15T22:22:00Z,BATCH-ZOMA-5281
PO_B14_005282,BillDesk Settlement,TATA-ORD-105055 TATA-ORD-942459 TATA-ORD-280480 BATCH-TATA-5282,417370,8347,0,0,409023,INR,2026-08-16T02:49:00Z,BATCH-TATA-5282
PO_B14_005283,Razorpay Nodal,UBER-EXC-789156-UNRESOLVED,274475,5479,0,0,268996,INR,2026-08-17T00:52:00Z,HOLD-ESCROW
PO_B14_005284,Razorpay Nodal,UBER-INV-569665 PO_B14_005284,121516,2659,0,0,118857,INR,2026-08-15T21:56:00Z,BATCH-UBER-5284
PO_B14_005285,BillDesk Settlement,ZOMA-INV-741838 PO_B14_005285,238564,5250,0,0,233314,INR,2026-08-16T15:41:00Z,BATCH-ZOMA-5285
PO_B14_005286,Stripe India,UBER-INV-104706 PO_B14_005286,273823,5226,0,0,268597,INR,2026-08-15T20:47:00Z,BATCH-UBER-5286
PO_B14_005287,Razorpay Nodal,SWIG-INV-478584 PO_B14_005287,260922,6220,0,0,254702,INR,2026-08-15T20:15:00Z,BATCH-SWIG-5287
PO_B14_005288,PayU Enterprise,MMTR-ORD-614781 MMTR-ORD-482274 MMTR-ORD-182016 BATCH-MMTR-5288,489626,9792,0,0,479834,INR,2026-08-16T10:02:00Z,BATCH-MMTR-5288
PO_B14_005289,Cashfree Escrow,BLNK-INV-608201 PO_B14_005289,351231,5957,0,0,345274,INR,2026-08-16T22:41:00Z,BATCH-BLNK-5289
PO_B14_005290,Cashfree Escrow,SWIG-INV-297019 PO_B14_005290,425161,7581,0,0,417580,INR,2026-08-15T19:56:00Z,BATCH-SWIG-5290
PO_B14_005291,Razorpay Nodal,NYKA-INV-913157 PO_B14_005291,127295,2182,0,0,125113,INR,2026-08-15T19:54:00Z,BATCH-NYKA-5291
PO_B14_005292,PayU Enterprise,BLNK-ORD-814492 BLNK-ORD-583767 BLNK-ORD-193570 BATCH-BLNK-5292,470493,9409,0,0,461084,INR,2026-08-16T08:26:00Z,BATCH-BLNK-5292
PO_B14_005293,Cashfree Escrow,FLPK-ORD-519656 FLPK-ORD-143622 BATCH-FLPK-5293,322559,6451,0,0,316108,INR,2026-08-16T19:25:00Z,BATCH-FLPK-5293
PO_B14_005294,PayU Enterprise,NYKA-ORD-456372 NYKA-ORD-595448 NYKA-ORD-773020 BATCH-NYKA-5294,388256,7765,0,0,380491,INR,2026-08-16T15:18:00Z,BATCH-NYKA-5294
PO_B14_005295,PayU Enterprise,PAYT-INV-970336 PO_B14_005295,25526,592,0,0,24934,INR,2026-08-16T16:47:00Z,BATCH-PAYT-5295
PO_B14_005296,PayU Enterprise,PHNP-INV-789017 PO_B14_005296,417977,9392,0,0,408585,INR,2026-08-16T19:18:00Z,BATCH-PHNP-5296
PO_B14_005297,Razorpay Nodal,ZOMA-EXC-510622-UNRESOLVED,286009,5710,0,0,280299,INR,2026-08-16T21:55:00Z,HOLD-ESCROW
PO_B14_005298,PayU Enterprise,PHNP-INV-318325 PO_B14_005298,78629,1589,0,0,77040,INR,2026-08-16T14:29:00Z,BATCH-PHNP-5298
PO_B14_005299,Stripe India,MYNT-INV-670049 PO_B14_005299,158759,3621,0,0,155138,INR,2026-08-16T16:42:00Z,BATCH-MYNT-5299
PO_B14_005300,PayU Enterprise,PAYT-INV-783587 PO_B14_005300,388501,8239,0,0,380262,INR,2026-08-15T21:58:00Z,BATCH-PAYT-5300
PO_B14_005301,Razorpay Nodal,SWIG-INV-317342 PO_B14_005301,435368,9235,0,0,426133,INR,2026-08-16T19:54:00Z,BATCH-SWIG-5301
PO_B14_005302,BillDesk Settlement,MMTR-ORD-357460 MMTR-ORD-425184 BATCH-MMTR-5302,121245,2424,0,0,118821,INR,2026-08-16T02:52:00Z,BATCH-MMTR-5302
PO_B14_005303,Razorpay Nodal,BLNK-INV-930690 PO_B14_005303,386934,7361,0,0,379573,INR,2026-08-16T04:26:00Z,BATCH-BLNK-5303
PO_B14_005304,Stripe India,NYKA-INV-639604 PO_B14_005304,246072,5835,0,0,240237,INR,2026-08-16T21:30:00Z,BATCH-NYKA-5304
PO_B14_005305,Stripe India,PAYT-INV-469051 PO_B14_005305,389395,7220,0,0,382175,INR,2026-08-16T04:10:00Z,BATCH-PAYT-5305
PO_B14_005306,Stripe India,TATA-EXC-166041-UNRESOLVED,104389,2077,0,0,102312,INR,2026-08-16T18:38:00Z,HOLD-ESCROW
PO_B14_005307,Razorpay Nodal,SWIG-INV-352535 PO_B14_005307,391447,7576,0,0,383871,INR,2026-08-16T22:29:00Z,BATCH-SWIG-5307
PO_B14_005308,Cashfree Escrow,AMZN-INV-515958 PO_B14_005308,198040,3920,0,0,194120,INR,2026-08-16T02:08:00Z,BATCH-AMZN-5308
PO_B14_005309,BillDesk Settlement,FLPK-INV-246606 PO_B14_005309,142518,2196,0,0,140322,INR,2026-08-16T14:17:00Z,BATCH-FLPK-5309
PO_B14_005310,Stripe India,UBER-INV-868603 PO_B14_005310,355973,8074,0,0,347899,INR,2026-08-16T06:37:00Z,BATCH-UBER-5310
PO_B14_005311,Razorpay Nodal,ZOMA-INV-545652 PO_B14_005311,46059,842,0,0,45217,INR,2026-08-16T13:41:00Z,BATCH-ZOMA-5311
PO_B14_005312,PayU Enterprise,UBER-INV-172702 PO_B14_005312,393340,8143,0,0,385197,INR,2026-08-15T22:12:00Z,BATCH-UBER-5312
PO_B14_005313,BillDesk Settlement,ZOMA-ORD-528312 ZOMA-ORD-667289 BATCH-ZOMA-5313,101475,2029,0,0,99446,INR,2026-08-16T07:04:00Z,BATCH-ZOMA-5313
PO_B14_005314,BillDesk Settlement,JIOO-INV-264919 PO_B14_005314,34082,684,0,0,33398,INR,2026-08-16T18:05:00Z,BATCH-JIOO-5314
PO_B14_005315,PayU Enterprise,MMTR-EXC-159885-UNRESOLVED,244571,4881,0,0,239690,INR,2026-08-17T00:54:00Z,HOLD-ESCROW
PO_B14_005316,Stripe India,BLNK-INV-191004 PO_B14_005316,135981,2681,0,0,133300,INR,2026-08-16T19:58:00Z,BATCH-BLNK-5316
PO_B14_005317,Razorpay Nodal,BLNK-INV-770976 PO_B14_005317,247968,4960,0,0,243008,INR,2026-08-15T22:27:00Z,BATCH-BLNK-5317
PO_B14_005318,Cashfree Escrow,PAYT-INV-114198 PO_B14_005318,57897,1103,0,0,56794,INR,2026-08-16T14:16:00Z,BATCH-PAYT-5318
PO_B14_005319,BillDesk Settlement,PHNP-ORD-671937 PHNP-ORD-342776 BATCH-PHNP-5319,262974,5259,0,0,257715,INR,2026-08-16T09:15:00Z,BATCH-PHNP-5319
PO_B14_005320,BillDesk Settlement,SWIG-INV-495885 PO_B14_005320,163853,3705,0,0,160148,INR,2026-08-15T21:21:00Z,BATCH-SWIG-5320
PO_B14_005321,Stripe India,MMTR-ORD-713312 MMTR-ORD-649608 MMTR-ORD-680641 BATCH-MMTR-5321,349275,6985,0,0,342290,INR,2026-08-16T19:09:00Z,BATCH-MMTR-5321
PO_B14_005322,PayU Enterprise,PAYT-ORD-525689 PAYT-ORD-956023 BATCH-PAYT-5322,359896,7197,0,0,352699,INR,2026-08-16T15:42:00Z,BATCH-PAYT-5322
PO_B14_005323,BillDesk Settlement,AMZN-ORD-321246 AMZN-ORD-391462 BATCH-AMZN-5323,106465,2129,0,0,104336,INR,2026-08-15T21:24:00Z,BATCH-AMZN-5323
PO_B14_005324,Cashfree Escrow,NYKA-INV-597622 PO_B14_005324,355209,6689,0,0,348520,INR,2026-08-16T12:37:00Z,BATCH-NYKA-5324
PO_B14_005325,Stripe India,NYKA-ORD-424791 NYKA-ORD-988463 BATCH-NYKA-5325,172455,3449,0,0,169006,INR,2026-08-15T21:10:00Z,BATCH-NYKA-5325
PO_B14_005326,PayU Enterprise,PAYT-ORD-275305 PAYT-ORD-307621 BATCH-PAYT-5326,306228,6124,0,0,300104,INR,2026-08-16T09:22:00Z,BATCH-PAYT-5326
PO_B14_005327,Cashfree Escrow,OLAA-INV-930297 PO_B14_005327,150484,3052,0,0,147432,INR,2026-08-15T17:05:00Z,BATCH-OLAA-5327
PO_B14_005328,PayU Enterprise,UBER-EXC-913025-UNRESOLVED,233951,4669,0,0,229282,INR,2026-08-16T17:56:00Z,HOLD-ESCROW
PO_B14_005329,Razorpay Nodal,BBAS-INV-555768 PO_B14_005329,259415,5348,0,0,254067,INR,2026-08-16T02:02:00Z,BATCH-BBAS-5329
PO_B14_005330,BillDesk Settlement,OLAA-INV-214033 PO_B14_005330,354572,5379,0,0,349193,INR,2026-08-16T12:16:00Z,BATCH-OLAA-5330
PO_B14_005331,PayU Enterprise,BLNK-INV-284348 PO_B14_005331,61894,1356,0,0,60538,INR,2026-08-16T13:10:00Z,BATCH-BLNK-5331
PO_B14_005332,Cashfree Escrow,BKMS-INV-903606 PO_B14_005332,374282,9017,0,0,365265,INR,2026-08-15T18:40:00Z,BATCH-BKMS-5332
PO_B14_005333,BillDesk Settlement,MMTR-INV-554459 PO_B14_005333,445068,6958,0,0,438110,INR,2026-08-16T02:42:00Z,BATCH-MMTR-5333
PO_B14_005334,Cashfree Escrow,ZOMA-INV-474664 PO_B14_005334,303736,6745,0,0,296991,INR,2026-08-16T03:02:00Z,BATCH-ZOMA-5334
PO_B14_005335,BillDesk Settlement,NYKA-INV-858673 PO_B14_005335,38130,758,0,0,37372,INR,2026-08-16T08:33:00Z,BATCH-NYKA-5335
PO_B14_005336,Cashfree Escrow,BLNK-ORD-336821 BLNK-ORD-617280 BATCH-BLNK-5336,306890,6137,0,0,300753,INR,2026-08-16T18:48:00Z,BATCH-BLNK-5336
PO_B14_005337,Stripe India,BBAS-ORD-380511 BBAS-ORD-905650 BBAS-ORD-634888 BATCH-BBAS-5337,387669,7753,0,0,379916,INR,2026-08-16T13:01:00Z,BATCH-BBAS-5337
PO_B14_005338,BillDesk Settlement,SWIG-INV-401066 PO_B14_005338,252660,4879,0,0,247781,INR,2026-08-16T11:07:00Z,BATCH-SWIG-5338
PO_B14_005339,Stripe India,UBER-INV-293894 PO_B14_005339,25497,417,0,0,25080,INR,2026-08-16T15:20:00Z,BATCH-UBER-5339
PO_B14_005340,Stripe India,AMZN-INV-725256 PO_B14_005340,67169,1017,0,0,66152,INR,2026-08-16T07:55:00Z,BATCH-AMZN-5340
PO_B14_005341,PayU Enterprise,FLPK-INV-342314 PO_B14_005341,403792,9313,0,0,394479,INR,2026-08-16T00:18:00Z,BATCH-FLPK-5341
PO_B14_005342,Stripe India,BBAS-INV-937945 PO_B14_005342,399370,6889,0,0,392481,INR,2026-08-16T01:29:00Z,BATCH-BBAS-5342
PO_B14_005343,Razorpay Nodal,MYNT-INV-156088 PO_B14_005343,56150,1150,0,0,55000,INR,2026-08-15T23:31:00Z,BATCH-MYNT-5343
PO_B14_005344,PayU Enterprise,NYKA-INV-424223 PO_B14_005344,156987,3739,0,0,153248,INR,2026-08-16T16:32:00Z,BATCH-NYKA-5344
PO_B14_005345,Stripe India,PAYT-ORD-157605 PAYT-ORD-950713 BATCH-PAYT-5345,336140,6722,0,0,329418,INR,2026-08-16T17:05:00Z,BATCH-PAYT-5345
PO_B14_005346,BillDesk Settlement,MMTR-ORD-767542 MMTR-ORD-394832 MMTR-ORD-265125 BATCH-MMTR-5346,551298,11025,0,0,540273,INR,2026-08-16T11:44:00Z,BATCH-MMTR-5346
PO_B14_005347,Cashfree Escrow,MMTR-INV-565088 PO_B14_005347,412924,9764,0,0,403160,INR,2026-08-16T12:36:00Z,BATCH-MMTR-5347
PO_B14_005348,Razorpay Nodal,ZOMA-INV-133841 PO_B14_005348,272113,5881,0,0,266232,INR,2026-08-16T15:24:00Z,BATCH-ZOMA-5348
PO_B14_005349,Cashfree Escrow,UBER-INV-713023 PO_B14_005349,368728,6728,0,0,362000,INR,2026-08-16T19:53:00Z,BATCH-UBER-5349
PO_B14_005350,Cashfree Escrow,ZOMA-INV-661275 PO_B14_005350,174051,4271,0,0,169780,INR,2026-08-16T10:46:00Z,BATCH-ZOMA-5350
PO_B14_005351,BillDesk Settlement,PHNP-INV-680930 PO_B14_005351,230794,5602,0,0,225192,INR,2026-08-15T15:59:00Z,BATCH-PHNP-5351
PO_B14_005352,BillDesk Settlement,MMTR-INV-157862 PO_B14_005352,283141,5125,0,0,278016,INR,2026-08-15T18:33:00Z,BATCH-MMTR-5352
PO_B14_005353,PayU Enterprise,OLAA-INV-683378 PO_B14_005353,198283,4564,0,0,193719,INR,2026-08-16T11:02:00Z,BATCH-OLAA-5353
PO_B14_005354,BillDesk Settlement,OLAA-INV-238279 PO_B14_005354,274811,4851,0,0,269960,INR,2026-08-15T18:15:00Z,BATCH-OLAA-5354
PO_B14_005355,PayU Enterprise,MYNT-ORD-123052 MYNT-ORD-139552 MYNT-ORD-915688 BATCH-MYNT-5355,485274,9705,0,0,475569,INR,2026-08-16T09:15:00Z,BATCH-MYNT-5355
PO_B14_005356,Razorpay Nodal,BBAS-ORD-901218 BBAS-ORD-203030 BATCH-BBAS-5356,260837,5216,0,0,255621,INR,2026-08-16T16:47:00Z,BATCH-BBAS-5356
PO_B14_005357,Stripe India,MMTR-ORD-700496 MMTR-ORD-481263 MMTR-ORD-776023 BATCH-MMTR-5357,577379,11547,0,0,565832,INR,2026-08-16T06:36:00Z,BATCH-MMTR-5357
PO_B14_005358,Razorpay Nodal,PHNP-ORD-924528 PHNP-ORD-713718 BATCH-PHNP-5358,198732,3974,0,0,194758,INR,2026-08-16T19:34:00Z,BATCH-PHNP-5358
PO_B14_005359,Stripe India,SWIG-ORD-414884 SWIG-ORD-902932 BATCH-SWIG-5359,231288,4625,0,0,226663,INR,2026-08-16T15:08:00Z,BATCH-SWIG-5359
PO_B14_005360,Stripe India,PAYT-ORD-844095 PAYT-ORD-577624 BATCH-PAYT-5360,71752,1435,0,0,70317,INR,2026-08-16T17:32:00Z,BATCH-PAYT-5360
PO_B14_005361,BillDesk Settlement,JIOO-INV-613489 PO_B14_005361,84328,1623,0,0,82705,INR,2026-08-15T14:15:00Z,BATCH-JIOO-5361
PO_B14_005362,Cashfree Escrow,UBER-EXC-336199-UNRESOLVED,233285,4655,0,0,228630,INR,2026-08-16T16:11:00Z,HOLD-ESCROW
PO_B14_005363,Stripe India,OLAA-INV-891304 PO_B14_005363,226483,5627,0,0,220856,INR,2026-08-16T08:25:00Z,BATCH-OLAA-5363
PO_B14_005364,PayU Enterprise,BBAS-ORD-499376 BBAS-ORD-834318 BBAS-ORD-489679 BATCH-BBAS-5364,212590,4251,0,0,208339,INR,2026-08-15T23:03:00Z,BATCH-BBAS-5364
PO_B14_005365,Cashfree Escrow,FLPK-INV-922892 PO_B14_005365,87259,1767,0,0,85492,INR,2026-08-16T00:26:00Z,BATCH-FLPK-5365
PO_B14_005366,BillDesk Settlement,FLPK-INV-176178 PO_B14_005366,316854,5156,0,0,311698,INR,2026-08-16T21:44:00Z,BATCH-FLPK-5366
PO_B14_005367,Cashfree Escrow,PHNP-ORD-379504 PHNP-ORD-370631 BATCH-PHNP-5367,454184,9083,0,0,445101,INR,2026-08-16T01:37:00Z,BATCH-PHNP-5367
PO_B14_005368,Razorpay Nodal,OLAA-ORD-109970 OLAA-ORD-589061 BATCH-OLAA-5368,317292,6345,0,0,310947,INR,2026-08-16T10:38:00Z,BATCH-OLAA-5368
PO_B14_005369,BillDesk Settlement,PAYT-INV-597833 PO_B14_005369,116306,2432,0,0,113874,INR,2026-08-16T00:52:00Z,BATCH-PAYT-5369
PO_B14_005370,Stripe India,JIOO-INV-887281 PO_B14_005370,251760,4752,0,0,247008,INR,2026-08-16T09:24:00Z,BATCH-JIOO-5370
PO_B14_005371,Cashfree Escrow,FLPK-INV-314099 PO_B14_005371,342818,8200,0,0,334618,INR,2026-08-16T07:26:00Z,BATCH-FLPK-5371
PO_B14_005372,PayU Enterprise,JIOO-INV-256731 PO_B14_005372,422744,6971,0,0,415773,INR,2026-08-16T17:52:00Z,BATCH-JIOO-5372
PO_B14_005373,BillDesk Settlement,MYNT-INV-390539 PO_B14_005373,370212,8739,0,0,361473,INR,2026-08-16T16:23:00Z,BATCH-MYNT-5373
PO_B14_005374,BillDesk Settlement,BBAS-INV-900238 PO_B14_005374,418156,9987,0,0,408169,INR,2026-08-16T02:35:00Z,BATCH-BBAS-5374
PO_B14_005375,PayU Enterprise,UBER-INV-581326 PO_B14_005375,368458,5532,0,0,362926,INR,2026-08-15T20:09:00Z,BATCH-UBER-5375
PO_B14_005376,BillDesk Settlement,NYKA-ORD-447523 NYKA-ORD-716041 BATCH-NYKA-5376,186965,3739,0,0,183226,INR,2026-08-15T23:58:00Z,BATCH-NYKA-5376
PO_B14_005377,Stripe India,SWIG-INV-819880 PO_B14_005377,255603,5043,0,0,250560,INR,2026-08-16T11:42:00Z,BATCH-SWIG-5377
PO_B14_005378,PayU Enterprise,BKMS-INV-801298 PO_B14_005378,193315,4667,0,0,188648,INR,2026-08-16T00:52:00Z,BATCH-BKMS-5378
PO_B14_005379,Stripe India,OLAA-ORD-484544 OLAA-ORD-334450 BATCH-OLAA-5379,453486,9069,0,0,444417,INR,2026-08-15T23:54:00Z,BATCH-OLAA-5379
PO_B14_005380,Cashfree Escrow,SWIG-INV-380823 PO_B14_005380,251481,3983,0,0,247498,INR,2026-08-17T00:48:00Z,BATCH-SWIG-5380
PO_B14_005381,Stripe India,BKMS-INV-626852 PO_B14_005381,149893,3029,0,0,146864,INR,2026-08-16T08:59:00Z,BATCH-BKMS-5381
PO_B14_005382,Cashfree Escrow,SWIG-INV-281691 PO_B14_005382,333635,7261,0,0,326374,INR,2026-08-16T10:24:00Z,BATCH-SWIG-5382
PO_B14_005383,Cashfree Escrow,OLAA-INV-823192 PO_B14_005383,309201,5424,0,0,303777,INR,2026-08-16T08:27:00Z,BATCH-OLAA-5383
PO_B14_005384,PayU Enterprise,TATA-INV-689136 PO_B14_005384,215719,3425,0,0,212294,INR,2026-08-16T02:11:00Z,BATCH-TATA-5384
PO_B14_005385,Stripe India,AMZN-INV-684053 PO_B14_005385,233710,4420,0,0,229290,INR,2026-08-15T14:41:00Z,BATCH-AMZN-5385
PO_B14_005386,PayU Enterprise,ZOMA-INV-809523 PO_B14_005386,350176,7085,0,0,343091,INR,2026-08-15T22:46:00Z,BATCH-ZOMA-5386
PO_B14_005387,Razorpay Nodal,BKMS-INV-761351 PO_B14_005387,27296,656,0,0,26640,INR,2026-08-16T07:16:00Z,BATCH-BKMS-5387
PO_B14_005388,Cashfree Escrow,NYKA-INV-693259 PO_B14_005388,276796,4811,0,0,271985,INR,2026-08-16T10:21:00Z,BATCH-NYKA-5388
PO_B14_005389,Stripe India,PHNP-INV-492912 PO_B14_005389,316859,6881,0,0,309978,INR,2026-08-16T11:58:00Z,BATCH-PHNP-5389
PO_B14_005390,Razorpay Nodal,BKMS-INV-312652 PO_B14_005390,315133,4741,0,0,310392,INR,2026-08-16T07:41:00Z,BATCH-BKMS-5390
PO_B14_005391,Cashfree Escrow,FLPK-INV-428462 PO_B14_005391,312738,5234,0,0,307504,INR,2026-08-16T13:43:00Z,BATCH-FLPK-5391
PO_B14_005392,BillDesk Settlement,UBER-INV-799882 PO_B14_005392,426955,7190,0,0,419765,INR,2026-08-16T17:23:00Z,BATCH-UBER-5392
PO_B14_005393,Razorpay Nodal,NYKA-INV-439420 PO_B14_005393,87789,1894,0,0,85895,INR,2026-08-16T11:59:00Z,BATCH-NYKA-5393
PO_B14_005394,Cashfree Escrow,TATA-INV-489452 PO_B14_005394,204942,4057,0,0,200885,INR,2026-08-16T11:04:00Z,BATCH-TATA-5394
PO_B14_005395,Stripe India,NYKA-INV-212737 PO_B14_005395,419060,6418,0,0,412642,INR,2026-08-16T01:56:00Z,BATCH-NYKA-5395
PO_B14_005396,PayU Enterprise,PAYT-INV-132992 PO_B14_005396,78158,1234,0,0,76924,INR,2026-08-17T01:08:00Z,BATCH-PAYT-5396
PO_B14_005397,Stripe India,MMTR-INV-101987 PO_B14_005397,411972,8449,0,0,403523,INR,2026-08-16T11:12:00Z,BATCH-MMTR-5397
PO_B14_005398,BillDesk Settlement,PHNP-ORD-485336 PHNP-ORD-793132 BATCH-PHNP-5398,314946,6298,0,0,308648,INR,2026-08-16T01:22:00Z,BATCH-PHNP-5398
PO_B14_005399,BillDesk Settlement,MYNT-INV-464480 PO_B14_005399,75520,1871,0,0,73649,INR,2026-08-16T19:55:00Z,BATCH-MYNT-5399
PO_B14_005400,Cashfree Escrow,JIOO-INV-611723 PO_B14_005400,166374,2918,0,0,163456,INR,2026-08-16T01:30:00Z,BATCH-JIOO-5400
PO_B14_005401,Razorpay Nodal,AMZN-INV-918719 PO_B14_005401,110109,2100,0,0,108009,INR,2026-08-16T20:36:00Z,BATCH-AMZN-5401
PO_B14_005402,Razorpay Nodal,ZOMA-ORD-211233 ZOMA-ORD-907097 BATCH-ZOMA-5402,234148,4682,0,0,229466,INR,2026-08-16T09:36:00Z,BATCH-ZOMA-5402
PO_B14_005403,BillDesk Settlement,TATA-INV-484458 PO_B14_005403,214912,3553,0,0,211359,INR,2026-08-16T06:15:00Z,BATCH-TATA-5403
PO_B14_005404,PayU Enterprise,MMTR-INV-309864 PO_B14_005404,284113,5663,0,0,278450,INR,2026-08-16T11:06:00Z,BATCH-MMTR-5404
PO_B14_005405,Cashfree Escrow,ZOMA-EXC-724256-UNRESOLVED,198230,3954,0,0,194276,INR,2026-08-16T18:54:00Z,HOLD-ESCROW
PO_B14_005406,Razorpay Nodal,PHNP-ORD-221228 PHNP-ORD-243294 BATCH-PHNP-5406,328231,6564,0,0,321667,INR,2026-08-16T03:55:00Z,BATCH-PHNP-5406
PO_B14_005407,Stripe India,SWIG-ORD-914374 SWIG-ORD-550321 SWIG-ORD-796952 BATCH-SWIG-5407,388256,7765,0,0,380491,INR,2026-08-16T01:47:00Z,BATCH-SWIG-5407
PO_B14_005408,BillDesk Settlement,AMZN-ORD-663217 AMZN-ORD-483752 BATCH-AMZN-5408,224370,4487,0,0,219883,INR,2026-08-16T18:20:00Z,BATCH-AMZN-5408
PO_B14_005409,PayU Enterprise,BLNK-ORD-202194 BLNK-ORD-830542 BLNK-ORD-806220 BATCH-BLNK-5409,493282,9865,0,0,483417,INR,2026-08-16T01:49:00Z,BATCH-BLNK-5409
PO_B14_005410,BillDesk Settlement,JIOO-INV-312902 PO_B14_005410,326653,6068,0,0,320585,INR,2026-08-16T04:56:00Z,BATCH-JIOO-5410
PO_B14_005411,Cashfree Escrow,OLAA-ORD-919526 OLAA-ORD-253238 BATCH-OLAA-5411,321245,6424,0,0,314821,INR,2026-08-16T10:23:00Z,BATCH-OLAA-5411
PO_B14_005412,Razorpay Nodal,AMZN-ORD-485787 AMZN-ORD-831153 BATCH-AMZN-5412,301945,6038,0,0,295907,INR,2026-08-16T01:01:00Z,BATCH-AMZN-5412
PO_B14_005413,BillDesk Settlement,BBAS-INV-737166 PO_B14_005413,73463,1129,0,0,72334,INR,2026-08-16T14:52:00Z,BATCH-BBAS-5413
PO_B14_005414,BillDesk Settlement,FLPK-INV-588529 PO_B14_005414,348871,8017,0,0,340854,INR,2026-08-16T07:59:00Z,BATCH-FLPK-5414
PO_B14_005415,BillDesk Settlement,TATA-INV-872970 PO_B14_005415,416197,7633,0,0,408564,INR,2026-08-16T04:39:00Z,BATCH-TATA-5415
PO_B14_005416,Razorpay Nodal,NYKA-ORD-151445 NYKA-ORD-498617 BATCH-NYKA-5416,323002,6460,0,0,316542,INR,2026-08-16T00:09:00Z,BATCH-NYKA-5416
PO_B14_005417,Stripe India,PHNP-EXC-418696-UNRESOLVED,273601,5462,0,0,268139,INR,2026-08-16T18:36:00Z,HOLD-ESCROW
PO_B14_005418,BillDesk Settlement,NYKA-ORD-597647 NYKA-ORD-727204 BATCH-NYKA-5418,162454,3249,0,0,159205,INR,2026-08-16T05:17:00Z,BATCH-NYKA-5418
PO_B14_005419,Stripe India,MYNT-ORD-530543 MYNT-ORD-732606 MYNT-ORD-803597 BATCH-MYNT-5419,259193,5183,0,0,254010,INR,2026-08-15T21:39:00Z,BATCH-MYNT-5419
PO_B14_005420,Cashfree Escrow,AMZN-INV-501773 PO_B14_005420,217082,4479,0,0,212603,INR,2026-08-16T01:35:00Z,BATCH-AMZN-5420
PO_B14_005421,Razorpay Nodal,TATA-ORD-517959 TATA-ORD-933964 TATA-ORD-476695 BATCH-TATA-5421,377686,7553,0,0,370133,INR,2026-08-16T03:47:00Z,BATCH-TATA-5421
PO_B14_005422,PayU Enterprise,BLNK-INV-465998 PO_B14_005422,154414,3295,0,0,151119,INR,2026-08-16T22:37:00Z,BATCH-BLNK-5422
PO_B14_005423,PayU Enterprise,UBER-ORD-258837 UBER-ORD-812692 UBER-ORD-922627 BATCH-UBER-5423,386904,7738,0,0,379166,INR,2026-08-15T22:50:00Z,BATCH-UBER-5423
PO_B14_005424,BillDesk Settlement,FLPK-INV-447216 PO_B14_005424,240572,5817,0,0,234755,INR,2026-08-16T14:47:00Z,BATCH-FLPK-5424
PO_B14_005425,BillDesk Settlement,MYNT-INV-482568 PO_B14_005425,234489,4056,0,0,230433,INR,2026-08-16T03:03:00Z,BATCH-MYNT-5425
PO_B14_005426,Stripe India,BBAS-INV-716828 PO_B14_005426,76900,1184,0,0,75716,INR,2026-08-15T19:47:00Z,BATCH-BBAS-5426
PO_B14_005427,BillDesk Settlement,MYNT-ORD-319478 MYNT-ORD-555744 MYNT-ORD-506563 BATCH-MYNT-5427,466875,9337,0,0,457538,INR,2026-08-15T21:56:00Z,BATCH-MYNT-5427
PO_B14_005428,Stripe India,TATA-INV-550639 PO_B14_005428,419921,6607,0,0,413314,INR,2026-08-15T22:38:00Z,BATCH-TATA-5428
PO_B14_005429,Stripe India,MYNT-INV-133902 PO_B14_005429,242941,4774,0,0,238167,INR,2026-08-16T20:55:00Z,BATCH-MYNT-5429
PO_B14_005430,PayU Enterprise,UBER-INV-509274 PO_B14_005430,355918,8634,0,0,347284,INR,2026-08-16T11:21:00Z,BATCH-UBER-5430
PO_B14_005431,Cashfree Escrow,OLAA-INV-203642 PO_B14_005431,50150,869,0,0,49281,INR,2026-08-16T01:52:00Z,BATCH-OLAA-5431
PO_B14_005432,Razorpay Nodal,NYKA-ORD-328239 NYKA-ORD-830069 BATCH-NYKA-5432,220604,4412,0,0,216192,INR,2026-08-16T11:46:00Z,BATCH-NYKA-5432
PO_B14_005433,PayU Enterprise,AMZN-ORD-807224 AMZN-ORD-796339 BATCH-AMZN-5433,296615,5932,0,0,290683,INR,2026-08-15T21:41:00Z,BATCH-AMZN-5433
PO_B14_005434,PayU Enterprise,FLPK-INV-146698 PO_B14_005434,144306,3468,0,0,140838,INR,2026-08-15T23:56:00Z,BATCH-FLPK-5434
PO_B14_005435,Cashfree Escrow,MMTR-INV-704211 PO_B14_005435,104953,2590,0,0,102363,INR,2026-08-16T14:33:00Z,BATCH-MMTR-5435
PO_B14_005436,Razorpay Nodal,JIOO-INV-602745 PO_B14_005436,219789,4739,0,0,215050,INR,2026-08-16T17:45:00Z,BATCH-JIOO-5436
PO_B14_005437,Cashfree Escrow,MMTR-INV-966183 PO_B14_005437,380635,6881,0,0,373754,INR,2026-08-16T06:37:00Z,BATCH-MMTR-5437
PO_B14_005438,Stripe India,JIOO-ORD-663227 JIOO-ORD-333747 BATCH-JIOO-5438,148939,2978,0,0,145961,INR,2026-08-16T14:13:00Z,BATCH-JIOO-5438
PO_B14_005439,PayU Enterprise,JIOO-INV-418299 PO_B14_005439,427504,7881,0,0,419623,INR,2026-08-16T01:29:00Z,BATCH-JIOO-5439
PO_B14_005440,Stripe India,SWIG-INV-279558 PO_B14_005440,256771,3922,0,0,252849,INR,2026-08-16T02:13:00Z,BATCH-SWIG-5440
PO_B14_005441,BillDesk Settlement,MYNT-INV-296236 PO_B14_005441,299291,4670,0,0,294621,INR,2026-08-16T08:15:00Z,BATCH-MYNT-5441
PO_B14_005442,PayU Enterprise,OLAA-INV-846346 PO_B14_005442,211274,3719,0,0,207555,INR,2026-08-16T13:32:00Z,BATCH-OLAA-5442
PO_B14_005443,BillDesk Settlement,PHNP-INV-702312 PO_B14_005443,318027,7623,0,0,310404,INR,2026-08-15T19:33:00Z,BATCH-PHNP-5443
PO_B14_005444,Razorpay Nodal,JIOO-ORD-545555 JIOO-ORD-333464 JIOO-ORD-151264 BATCH-JIOO-5444,579390,11587,0,0,567803,INR,2026-08-16T03:05:00Z,BATCH-JIOO-5444
PO_B14_005445,Stripe India,NYKA-INV-965369 PO_B14_005445,232282,5648,0,0,226634,INR,2026-08-16T09:03:00Z,BATCH-NYKA-5445
PO_B14_005446,Cashfree Escrow,SWIG-INV-548296 PO_B14_005446,108901,2502,0,0,106399,INR,2026-08-16T03:08:00Z,BATCH-SWIG-5446
PO_B14_005447,Stripe India,PHNP-ORD-706683 PHNP-ORD-314997 PHNP-ORD-150658 BATCH-PHNP-5447,253884,5077,0,0,248807,INR,2026-08-16T10:00:00Z,BATCH-PHNP-5447
PO_B14_005448,Cashfree Escrow,BLNK-INV-985390 PO_B14_005448,275434,4543,0,0,270891,INR,2026-08-16T15:44:00Z,BATCH-BLNK-5448
PO_B14_005449,Cashfree Escrow,SWIG-ORD-625002 SWIG-ORD-688982 BATCH-SWIG-5449,395870,7917,0,0,387953,INR,2026-08-16T12:47:00Z,BATCH-SWIG-5449
PO_B14_005450,Razorpay Nodal,AMZN-EXC-642638-UNRESOLVED,201429,4018,0,0,197411,INR,2026-08-16T18:29:00Z,HOLD-ESCROW
PO_B14_005451,Cashfree Escrow,MYNT-ORD-530658 MYNT-ORD-856267 BATCH-MYNT-5451,271536,5430,0,0,266106,INR,2026-08-16T06:01:00Z,BATCH-MYNT-5451
PO_B14_005452,Razorpay Nodal,MYNT-ORD-472751 MYNT-ORD-899471 BATCH-MYNT-5452,341572,6831,0,0,334741,INR,2026-08-16T10:46:00Z,BATCH-MYNT-5452
PO_B14_005453,PayU Enterprise,OLAA-INV-669278 PO_B14_005453,289243,5075,0,0,284168,INR,2026-08-16T14:04:00Z,BATCH-OLAA-5453
PO_B14_005454,BillDesk Settlement,MYNT-INV-158975 PO_B14_005454,348804,5235,0,0,343569,INR,2026-08-17T01:36:00Z,BATCH-MYNT-5454
PO_B14_005455,BillDesk Settlement,MYNT-INV-526398 PO_B14_005455,439668,7231,0,0,432437,INR,2026-08-16T06:55:00Z,BATCH-MYNT-5455
PO_B14_005456,BillDesk Settlement,FLPK-ORD-673875 FLPK-ORD-824605 FLPK-ORD-979691 BATCH-FLPK-5456,508881,10177,0,0,498704,INR,2026-08-16T17:49:00Z,BATCH-FLPK-5456
PO_B14_005457,BillDesk Settlement,JIOO-INV-307766 PO_B14_005457,324292,6235,0,0,318057,INR,2026-08-16T06:21:00Z,BATCH-JIOO-5457
PO_B14_005458,BillDesk Settlement,JIOO-INV-231939 PO_B14_005458,123965,2774,0,0,121191,INR,2026-08-15T19:09:00Z,BATCH-JIOO-5458
PO_B14_005459,Cashfree Escrow,BKMS-ORD-451442 BKMS-ORD-474327 BKMS-ORD-752462 BATCH-BKMS-5459,405175,8103,0,0,397072,INR,2026-08-16T10:06:00Z,BATCH-BKMS-5459
PO_B14_005460,Stripe India,BKMS-INV-399806 PO_B14_005460,121379,2372,0,0,119007,INR,2026-08-16T07:21:00Z,BATCH-BKMS-5460
PO_B14_005461,Cashfree Escrow,BKMS-INV-966744 PO_B14_005461,429620,8281,0,0,421339,INR,2026-08-16T10:04:00Z,BATCH-BKMS-5461
PO_B14_005462,Cashfree Escrow,BBAS-INV-319489 PO_B14_005462,318270,7327,0,0,310943,INR,2026-08-16T18:35:00Z,BATCH-BBAS-5462
PO_B14_005463,PayU Enterprise,PHNP-INV-506758 PO_B14_005463,222160,4207,0,0,217953,INR,2026-08-16T01:30:00Z,BATCH-PHNP-5463
PO_B14_005464,Cashfree Escrow,SWIG-INV-750288 PO_B14_005464,360411,5520,0,0,354891,INR,2026-08-16T18:29:00Z,BATCH-SWIG-5464
PO_B14_005465,Cashfree Escrow,BLNK-ORD-269966 BLNK-ORD-860738 BLNK-ORD-442255 BATCH-BLNK-5465,477685,9553,0,0,468132,INR,2026-08-15T21:26:00Z,BATCH-BLNK-5465
PO_B14_005466,Razorpay Nodal,MMTR-EXC-253004-UNRESOLVED,293061,5851,0,0,287210,INR,2026-08-17T07:32:00Z,HOLD-ESCROW
PO_B14_005467,BillDesk Settlement,MYNT-INV-493149 PO_B14_005467,363630,6616,0,0,357014,INR,2026-08-16T13:27:00Z,BATCH-MYNT-5467
PO_B14_005468,Cashfree Escrow,SWIG-INV-884511 PO_B14_005468,206474,3906,0,0,202568,INR,2026-08-16T07:06:00Z,BATCH-SWIG-5468
PO_B14_005469,PayU Enterprise,BKMS-INV-711187 PO_B14_005469,161534,3374,0,0,158160,INR,2026-08-16T14:24:00Z,BATCH-BKMS-5469
PO_B14_005470,Cashfree Escrow,UBER-INV-210944 PO_B14_005470,75258,1807,0,0,73451,INR,2026-08-16T15:12:00Z,BATCH-UBER-5470
PO_B14_005471,PayU Enterprise,ZOMA-INV-394382 PO_B14_005471,26892,505,0,0,26387,INR,2026-08-16T21:22:00Z,BATCH-ZOMA-5471
PO_B14_005472,BillDesk Settlement,UBER-INV-133852 PO_B14_005472,422809,8935,0,0,413874,INR,2026-08-16T07:25:00Z,BATCH-UBER-5472
PO_B14_005473,PayU Enterprise,BBAS-INV-877420 PO_B14_005473,319827,5554,0,0,314273,INR,2026-08-15T19:45:00Z,BATCH-BBAS-5473
PO_B14_005474,Stripe India,BLNK-INV-753383 PO_B14_005474,54402,897,0,0,53505,INR,2026-08-16T00:52:00Z,BATCH-BLNK-5474
PO_B14_005475,PayU Enterprise,ZOMA-INV-641350 PO_B14_005475,67588,1052,0,0,66536,INR,2026-08-16T05:27:00Z,BATCH-ZOMA-5475
PO_B14_005476,Stripe India,ZOMA-INV-362971 PO_B14_005476,389562,9595,0,0,379967,INR,2026-08-16T14:38:00Z,BATCH-ZOMA-5476
PO_B14_005477,Cashfree Escrow,MMTR-INV-566693 PO_B14_005477,419743,7913,0,0,411830,INR,2026-08-15T18:22:00Z,BATCH-MMTR-5477
PO_B14_005478,Cashfree Escrow,OLAA-INV-636825 PO_B14_005478,109875,2026,0,0,107849,INR,2026-08-16T11:31:00Z,BATCH-OLAA-5478
PO_B14_005479,PayU Enterprise,JIOO-ORD-787337 JIOO-ORD-231727 BATCH-JIOO-5479,157058,3141,0,0,153917,INR,2026-08-16T16:13:00Z,BATCH-JIOO-5479
PO_B14_005480,BillDesk Settlement,OLAA-INV-281572 PO_B14_005480,261208,4945,0,0,256263,INR,2026-08-15T19:53:00Z,BATCH-OLAA-5480
PO_B14_005481,PayU Enterprise,TATA-ORD-610092 TATA-ORD-343154 BATCH-TATA-5481,261712,5234,0,0,256478,INR,2026-08-16T11:21:00Z,BATCH-TATA-5481
PO_B14_005482,Cashfree Escrow,PHNP-INV-436924 PO_B14_005482,433544,9210,0,0,424334,INR,2026-08-16T00:40:00Z,BATCH-PHNP-5482
PO_B14_005483,Cashfree Escrow,SWIG-ORD-715066 SWIG-ORD-445667 BATCH-SWIG-5483,362620,7252,0,0,355368,INR,2026-08-16T15:55:00Z,BATCH-SWIG-5483
PO_B14_005484,BillDesk Settlement,MYNT-INV-378818 PO_B14_005484,199654,3548,0,0,196106,INR,2026-08-16T15:05:00Z,BATCH-MYNT-5484
PO_B14_005485,Cashfree Escrow,FLPK-ORD-359379 FLPK-ORD-826291 BATCH-FLPK-5485,358669,7173,0,0,351496,INR,2026-08-16T08:14:00Z,BATCH-FLPK-5485
PO_B14_005486,Razorpay Nodal,SWIG-ORD-832922 SWIG-ORD-484318 BATCH-SWIG-5486,313887,6277,0,0,307610,INR,2026-08-16T20:34:00Z,BATCH-SWIG-5486
PO_B14_005487,Razorpay Nodal,BBAS-ORD-462767 BBAS-ORD-640894 BATCH-BBAS-5487,204739,4094,0,0,200645,INR,2026-08-16T19:03:00Z,BATCH-BBAS-5487
PO_B14_005488,Razorpay Nodal,BLNK-INV-492668 PO_B14_005488,309628,6570,0,0,303058,INR,2026-08-16T10:17:00Z,BATCH-BLNK-5488
PO_B14_005489,BillDesk Settlement,JIOO-EXC-311996-UNRESOLVED,56923,1128,0,0,55795,INR,2026-08-17T00:12:00Z,HOLD-ESCROW
PO_B14_005490,Cashfree Escrow,PHNP-INV-684610 PO_B14_005490,271069,5006,0,0,266063,INR,2026-08-15T22:13:00Z,BATCH-PHNP-5490
PO_B14_005491,Cashfree Escrow,BBAS-INV-137966 PO_B14_005491,28098,675,0,0,27423,INR,2026-08-16T09:02:00Z,BATCH-BBAS-5491
PO_B14_005492,Cashfree Escrow,PHNP-INV-610630 PO_B14_005492,106037,2090,0,0,103947,INR,2026-08-16T08:29:00Z,BATCH-PHNP-5492
PO_B14_005493,BillDesk Settlement,SWIG-ORD-424508 SWIG-ORD-147178 BATCH-SWIG-5493,303337,6066,0,0,297271,INR,2026-08-16T08:03:00Z,BATCH-SWIG-5493
PO_B14_005494,BillDesk Settlement,SWIG-INV-639484 PO_B14_005494,224217,4106,0,0,220111,INR,2026-08-16T17:33:00Z,BATCH-SWIG-5494
PO_B14_005495,BillDesk Settlement,BKMS-INV-390988 PO_B14_005495,210636,3744,0,0,206892,INR,2026-08-16T01:06:00Z,BATCH-BKMS-5495
PO_B14_005496,Razorpay Nodal,PAYT-INV-649941 PO_B14_005496,105889,2272,0,0,103617,INR,2026-08-16T15:43:00Z,BATCH-PAYT-5496
PO_B14_005497,Cashfree Escrow,ZOMA-INV-296435 PO_B14_005497,72866,1653,0,0,71213,INR,2026-08-16T15:37:00Z,BATCH-ZOMA-5497
PO_B14_005498,PayU Enterprise,TATA-INV-351021 PO_B14_005498,337104,5800,0,0,331304,INR,2026-08-15T21:34:00Z,BATCH-TATA-5498
PO_B14_005499,PayU Enterprise,AMZN-INV-638106 PO_B14_005499,83317,1739,0,0,81578,INR,2026-08-16T15:48:00Z,BATCH-AMZN-5499
PO_B14_005500,PayU Enterprise,NYKA-INV-256246 PO_B14_005500,55071,1174,0,0,53897,INR,2026-08-16T10:22:00Z,BATCH-NYKA-5500
PO_B14_005501,Stripe India,AMZN-ORD-710526 AMZN-ORD-857913 AMZN-ORD-536555 BATCH-AMZN-5501,542006,10840,0,0,531166,INR,2026-08-16T09:08:00Z,BATCH-AMZN-5501
PO_B14_005502,PayU Enterprise,UBER-EXC-446901-UNRESOLVED,178064,3551,0,0,174513,INR,2026-08-16T10:30:00Z,HOLD-ESCROW
PO_B14_005503,Cashfree Escrow,PHNP-INV-396184 PO_B14_005503,174610,2750,0,0,171860,INR,2026-08-16T14:36:00Z,BATCH-PHNP-5503
PO_B14_005504,Stripe India,TATA-INV-380328 PO_B14_005504,103672,1603,0,0,102069,INR,2026-08-16T12:18:00Z,BATCH-TATA-5504
PO_B14_005505,Stripe India,AMZN-INV-119750 PO_B14_005505,81015,1881,0,0,79134,INR,2026-08-16T07:34:00Z,BATCH-AMZN-5505
PO_B14_005506,PayU Enterprise,NYKA-INV-748630 PO_B14_005506,365906,8605,0,0,357301,INR,2026-08-16T05:41:00Z,BATCH-NYKA-5506
PO_B14_005507,Razorpay Nodal,FLPK-ORD-872489 FLPK-ORD-974443 BATCH-FLPK-5507,239524,4790,0,0,234734,INR,2026-08-16T04:53:00Z,BATCH-FLPK-5507
PO_B14_005508,Cashfree Escrow,ZOMA-INV-874379 PO_B14_005508,59787,1051,0,0,58736,INR,2026-08-16T16:29:00Z,BATCH-ZOMA-5508
PO_B14_005509,Razorpay Nodal,AMZN-ORD-702259 AMZN-ORD-631424 BATCH-AMZN-5509,324122,6482,0,0,317640,INR,2026-08-16T05:04:00Z,BATCH-AMZN-5509
PO_B14_005510,BillDesk Settlement,NYKA-INV-646727 PO_B14_005510,42634,718,0,0,41916,INR,2026-08-16T05:35:00Z,BATCH-NYKA-5510
PO_B14_005511,PayU Enterprise,UBER-ORD-997500 UBER-ORD-485986 BATCH-UBER-5511,465965,9319,0,0,456646,INR,2026-08-16T16:14:00Z,BATCH-UBER-5511
PO_B14_005512,Cashfree Escrow,MYNT-INV-561944 PO_B14_005512,228483,5607,0,0,222876,INR,2026-08-16T07:25:00Z,BATCH-MYNT-5512
PO_B14_005513,Cashfree Escrow,SWIG-INV-598295 PO_B14_005513,197716,3936,0,0,193780,INR,2026-08-16T12:55:00Z,BATCH-SWIG-5513
PO_B14_005514,Razorpay Nodal,PAYT-INV-100160 PO_B14_005514,91700,1727,0,0,89973,INR,2026-08-16T10:23:00Z,BATCH-PAYT-5514
PO_B14_005515,Stripe India,ZOMA-INV-532526 PO_B14_005515,281619,4765,0,0,276854,INR,2026-08-16T15:53:00Z,BATCH-ZOMA-5515
PO_B14_005516,PayU Enterprise,JIOO-INV-430320 PO_B14_005516,324958,5133,0,0,319825,INR,2026-08-16T17:57:00Z,BATCH-JIOO-5516
PO_B14_005517,Razorpay Nodal,NYKA-ORD-529365 NYKA-ORD-315304 NYKA-ORD-975452 BATCH-NYKA-5517,371056,7421,0,0,363635,INR,2026-08-16T19:09:00Z,BATCH-NYKA-5517
PO_B14_005518,BillDesk Settlement,SWIG-INV-581094 PO_B14_005518,75124,1480,0,0,73644,INR,2026-08-16T01:50:00Z,BATCH-SWIG-5518
PO_B14_005519,BillDesk Settlement,PHNP-INV-837455 PO_B14_005519,366293,6348,0,0,359945,INR,2026-08-16T09:56:00Z,BATCH-PHNP-5519
PO_B14_005520,BillDesk Settlement,AMZN-INV-898092 PO_B14_005520,197824,4228,0,0,193596,INR,2026-08-16T18:43:00Z,BATCH-AMZN-5520
PO_B14_005521,BillDesk Settlement,BKMS-INV-664195 PO_B14_005521,166686,3639,0,0,163047,INR,2026-08-16T18:33:00Z,BATCH-BKMS-5521
PO_B14_005522,PayU Enterprise,ZOMA-INV-183431 PO_B14_005522,225056,5567,0,0,219489,INR,2026-08-16T08:38:00Z,BATCH-ZOMA-5522
PO_B14_005523,Stripe India,MMTR-INV-443463 PO_B14_005523,364709,5926,0,0,358783,INR,2026-08-15T16:40:00Z,BATCH-MMTR-5523
PO_B14_005524,BillDesk Settlement,SWIG-ORD-830190 SWIG-ORD-408753 BATCH-SWIG-5524,267062,5341,0,0,261721,INR,2026-08-16T01:47:00Z,BATCH-SWIG-5524
PO_B14_005525,Stripe India,BBAS-INV-983055 PO_B14_005525,146189,2694,0,0,143495,INR,2026-08-16T07:34:00Z,BATCH-BBAS-5525
PO_B14_005526,PayU Enterprise,AMZN-INV-519894 PO_B14_005526,328087,6192,0,0,321895,INR,2026-08-16T13:19:00Z,BATCH-AMZN-5526
PO_B14_005527,Razorpay Nodal,JIOO-INV-311067 PO_B14_005527,367723,6355,0,0,361368,INR,2026-08-16T14:12:00Z,BATCH-JIOO-5527
PO_B14_005528,Razorpay Nodal,BBAS-INV-922142 PO_B14_005528,165605,3020,0,0,162585,INR,2026-08-16T13:52:00Z,BATCH-BBAS-5528
PO_B14_005529,Razorpay Nodal,NYKA-INV-315698 PO_B14_005529,348606,6127,0,0,342479,INR,2026-08-16T20:22:00Z,BATCH-NYKA-5529
PO_B14_005530,PayU Enterprise,TATA-INV-238386 PO_B14_005530,146294,3633,0,0,142661,INR,2026-08-16T14:24:00Z,BATCH-TATA-5530
PO_B14_005531,Razorpay Nodal,MMTR-ORD-151401 MMTR-ORD-577875 MMTR-ORD-828718 BATCH-MMTR-5531,338128,6762,0,0,331366,INR,2026-08-16T09:00:00Z,BATCH-MMTR-5531
PO_B14_005532,BillDesk Settlement,ZOMA-INV-836448 PO_B14_005532,256291,5400,0,0,250891,INR,2026-08-16T14:19:00Z,BATCH-ZOMA-5532
PO_B14_005533,Razorpay Nodal,JIOO-INV-355736 PO_B14_005533,83582,1875,0,0,81707,INR,2026-08-16T14:50:00Z,BATCH-JIOO-5533
PO_B14_005534,Razorpay Nodal,UBER-ORD-810142 UBER-ORD-346131 UBER-ORD-474261 BATCH-UBER-5534,541437,10828,0,0,530609,INR,2026-08-16T05:20:00Z,BATCH-UBER-5534
PO_B14_005535,Cashfree Escrow,MMTR-INV-138037 PO_B14_005535,179208,3682,0,0,175526,INR,2026-08-15T19:58:00Z,BATCH-MMTR-5535
PO_B14_005536,PayU Enterprise,FLPK-EXC-250743-UNRESOLVED,286846,5726,0,0,281120,INR,2026-08-16T19:21:00Z,HOLD-ESCROW
PO_B14_005537,Stripe India,BKMS-INV-244193 PO_B14_005537,203928,3667,0,0,200261,INR,2026-08-16T16:55:00Z,BATCH-BKMS-5537
PO_B14_005538,Cashfree Escrow,UBER-ORD-262201 UBER-ORD-487705 BATCH-UBER-5538,295171,5903,0,0,289268,INR,2026-08-16T12:16:00Z,BATCH-UBER-5538
PO_B14_005539,Cashfree Escrow,BBAS-INV-964922 PO_B14_005539,409975,8297,0,0,401678,INR,2026-08-16T09:11:00Z,BATCH-BBAS-5539
PO_B14_005540,Razorpay Nodal,PHNP-INV-528691 PO_B14_005540,373160,7535,0,0,365625,INR,2026-08-16T04:09:00Z,BATCH-PHNP-5540
PO_B14_005541,Cashfree Escrow,AMZN-INV-139719 PO_B14_005541,314701,4790,0,0,309911,INR,2026-08-16T10:06:00Z,BATCH-AMZN-5541
PO_B14_005542,Cashfree Escrow,SWIG-INV-617589 PO_B14_005542,158314,3847,0,0,154467,INR,2026-08-16T01:07:00Z,BATCH-SWIG-5542
PO_B14_005543,PayU Enterprise,AMZN-INV-277262 PO_B14_005543,200333,3237,0,0,197096,INR,2026-08-16T02:15:00Z,BATCH-AMZN-5543
PO_B14_005544,BillDesk Settlement,AMZN-INV-253990 PO_B14_005544,190654,4470,0,0,186184,INR,2026-08-15T23:09:00Z,BATCH-AMZN-5544
PO_B14_005545,Cashfree Escrow,FLPK-ORD-814509 FLPK-ORD-737574 BATCH-FLPK-5545,383153,7663,0,0,375490,INR,2026-08-15T22:17:00Z,BATCH-FLPK-5545
PO_B14_005546,Razorpay Nodal,SWIG-ORD-355918 SWIG-ORD-739281 SWIG-ORD-525255 BATCH-SWIG-5546,522457,10449,0,0,512008,INR,2026-08-16T07:22:00Z,BATCH-SWIG-5546
PO_B14_005547,Cashfree Escrow,MMTR-INV-218273 PO_B14_005547,149949,2488,0,0,147461,INR,2026-08-16T05:53:00Z,BATCH-MMTR-5547
PO_B14_005548,PayU Enterprise,ZOMA-ORD-175790 ZOMA-ORD-197952 BATCH-ZOMA-5548,300524,6010,0,0,294514,INR,2026-08-16T13:08:00Z,BATCH-ZOMA-5548
PO_B14_005549,PayU Enterprise,NYKA-INV-979942 PO_B14_005549,332021,7836,0,0,324185,INR,2026-08-16T13:57:00Z,BATCH-NYKA-5549
PO_B14_005550,BillDesk Settlement,PHNP-INV-966379 PO_B14_005550,51248,984,0,0,50264,INR,2026-08-16T11:13:00Z,BATCH-PHNP-5550
PO_B14_005551,Stripe India,PAYT-INV-230583 PO_B14_005551,34936,707,0,0,34229,INR,2026-08-16T04:38:00Z,BATCH-PAYT-5551
PO_B14_005552,Stripe India,BLNK-INV-320966 PO_B14_005552,404211,6468,0,0,397743,INR,2026-08-16T05:53:00Z,BATCH-BLNK-5552
PO_B14_005553,Stripe India,BKMS-ORD-961021 BKMS-ORD-202267 BATCH-BKMS-5553,146275,2925,0,0,143350,INR,2026-08-16T08:49:00Z,BATCH-BKMS-5553
PO_B14_005554,Razorpay Nodal,PHNP-INV-824042 PO_B14_005554,420790,6371,0,0,414419,INR,2026-08-16T03:05:00Z,BATCH-PHNP-5554
PO_B14_005555,BillDesk Settlement,JIOO-INV-540025 PO_B14_005555,65399,1092,0,0,64307,INR,2026-08-16T07:29:00Z,BATCH-JIOO-5555
PO_B14_005556,PayU Enterprise,BBAS-INV-279007 PO_B14_005556,186092,3675,0,0,182417,INR,2026-08-16T09:50:00Z,BATCH-BBAS-5556
PO_B14_005557,PayU Enterprise,FLPK-EXC-857481-UNRESOLVED,250694,5003,0,0,245691,INR,2026-08-17T02:13:00Z,HOLD-ESCROW
PO_B14_005558,Stripe India,AMZN-ORD-406029 AMZN-ORD-647744 BATCH-AMZN-5558,330896,6617,0,0,324279,INR,2026-08-16T10:40:00Z,BATCH-AMZN-5558
PO_B14_005559,PayU Enterprise,FLPK-INV-176885 PO_B14_005559,399471,7354,0,0,392117,INR,2026-08-16T16:35:00Z,BATCH-FLPK-5559
PO_B14_005560,PayU Enterprise,NYKA-INV-949116 PO_B14_005560,263893,5285,0,0,258608,INR,2026-08-16T00:59:00Z,BATCH-NYKA-5560
PO_B14_005561,BillDesk Settlement,BLNK-EXC-682502-UNRESOLVED,220990,4409,0,0,216581,INR,2026-08-16T15:00:00Z,HOLD-ESCROW
PO_B14_005562,PayU Enterprise,BLNK-ORD-599837 BLNK-ORD-155874 BLNK-ORD-271801 BATCH-BLNK-5562,300844,6016,0,0,294828,INR,2026-08-16T02:23:00Z,BATCH-BLNK-5562
PO_B14_005563,Razorpay Nodal,PAYT-INV-371741 PO_B14_005563,41159,847,0,0,40312,INR,2026-08-15T21:41:00Z,BATCH-PAYT-5563
PO_B14_005564,Razorpay Nodal,UBER-INV-157906 PO_B14_005564,324341,5633,0,0,318708,INR,2026-08-16T04:44:00Z,BATCH-UBER-5564
PO_B14_005565,BillDesk Settlement,UBER-INV-291787 PO_B14_005565,225940,5511,0,0,220429,INR,2026-08-16T04:38:00Z,BATCH-UBER-5565
PO_B14_005566,Razorpay Nodal,TATA-ORD-880209 TATA-ORD-468951 BATCH-TATA-5566,208035,4160,0,0,203875,INR,2026-08-15T21:10:00Z,BATCH-TATA-5566
PO_B14_005567,PayU Enterprise,SWIG-INV-913098 PO_B14_005567,283267,5775,0,0,277492,INR,2026-08-15T19:37:00Z,BATCH-SWIG-5567
PO_B14_005568,Stripe India,BBAS-INV-620272 PO_B14_005568,54795,1029,0,0,53766,INR,2026-08-16T11:50:00Z,BATCH-BBAS-5568
PO_B14_005569,PayU Enterprise,BBAS-INV-260902 PO_B14_005569,180796,3284,0,0,177512,INR,2026-08-16T14:36:00Z,BATCH-BBAS-5569
PO_B14_005570,Stripe India,FLPK-ORD-469134 FLPK-ORD-316650 FLPK-ORD-392150 BATCH-FLPK-5570,400391,8007,0,0,392384,INR,2026-08-16T19:11:00Z,BATCH-FLPK-5570
PO_B14_005571,Cashfree Escrow,MMTR-ORD-943185 MMTR-ORD-605212 BATCH-MMTR-5571,205410,4108,0,0,201302,INR,2026-08-16T10:46:00Z,BATCH-MMTR-5571
PO_B14_005572,PayU Enterprise,BBAS-INV-669008 PO_B14_005572,193856,4284,0,0,189572,INR,2026-08-16T07:16:00Z,BATCH-BBAS-5572
PO_B14_005573,BillDesk Settlement,TATA-INV-604522 PO_B14_005573,212337,5187,0,0,207150,INR,2026-08-16T04:51:00Z,BATCH-TATA-5573
PO_B14_005574,PayU Enterprise,UBER-ORD-508860 UBER-ORD-762520 UBER-ORD-774677 BATCH-UBER-5574,316918,6338,0,0,310580,INR,2026-08-16T17:53:00Z,BATCH-UBER-5574
PO_B14_005575,PayU Enterprise,MMTR-INV-959074 PO_B14_005575,348699,6903,0,0,341796,INR,2026-08-16T18:07:00Z,BATCH-MMTR-5575
PO_B14_005576,Cashfree Escrow,BBAS-INV-250303 PO_B14_005576,396353,9858,0,0,386495,INR,2026-08-15T14:50:00Z,BATCH-BBAS-5576
PO_B14_005577,Razorpay Nodal,TATA-ORD-439881 TATA-ORD-168864 BATCH-TATA-5577,86165,1723,0,0,84442,INR,2026-08-16T05:48:00Z,BATCH-TATA-5577
PO_B14_005578,PayU Enterprise,OLAA-ORD-111295 OLAA-ORD-189946 BATCH-OLAA-5578,484263,9685,0,0,474578,INR,2026-08-16T13:08:00Z,BATCH-OLAA-5578
PO_B14_005579,BillDesk Settlement,SWIG-INV-286667 PO_B14_005579,46136,910,0,0,45226,INR,2026-08-16T07:35:00Z,BATCH-SWIG-5579
PO_B14_005580,PayU Enterprise,MMTR-INV-716098 PO_B14_005580,124335,2779,0,0,121556,INR,2026-08-16T14:38:00Z,BATCH-MMTR-5580
PO_B14_005581,Cashfree Escrow,PAYT-INV-572608 PO_B14_005581,401475,8657,0,0,392818,INR,2026-08-16T13:57:00Z,BATCH-PAYT-5581
PO_B14_005582,Stripe India,PAYT-INV-438586 PO_B14_005582,221302,5019,0,0,216283,INR,2026-08-16T06:08:00Z,BATCH-PAYT-5582
PO_B14_005583,Stripe India,SWIG-ORD-883892 SWIG-ORD-470708 BATCH-SWIG-5583,101799,2035,0,0,99764,INR,2026-08-16T01:15:00Z,BATCH-SWIG-5583
PO_B14_005584,Razorpay Nodal,JIOO-INV-106888 PO_B14_005584,26135,479,0,0,25656,INR,2026-08-16T06:32:00Z,BATCH-JIOO-5584
PO_B14_005585,PayU Enterprise,AMZN-ORD-921140 AMZN-ORD-479404 BATCH-AMZN-5585,254452,5089,0,0,249363,INR,2026-08-16T19:41:00Z,BATCH-AMZN-5585
PO_B14_005586,Cashfree Escrow,SWIG-ORD-772897 SWIG-ORD-170993 BATCH-SWIG-5586,207409,4148,0,0,203261,INR,2026-08-16T09:39:00Z,BATCH-SWIG-5586
PO_B14_005587,Cashfree Escrow,SWIG-INV-870813 PO_B14_005587,67962,1209,0,0,66753,INR,2026-08-16T06:08:00Z,BATCH-SWIG-5587
PO_B14_005588,Stripe India,MMTR-ORD-760598 MMTR-ORD-739200 BATCH-MMTR-5588,253549,5070,0,0,248479,INR,2026-08-16T18:55:00Z,BATCH-MMTR-5588
PO_B14_005589,Cashfree Escrow,UBER-INV-604920 PO_B14_005589,322030,5459,0,0,316571,INR,2026-08-15T15:32:00Z,BATCH-UBER-5589
PO_B14_005590,Cashfree Escrow,PHNP-INV-444659 PO_B14_005590,149040,3584,0,0,145456,INR,2026-08-16T07:55:00Z,BATCH-PHNP-5590
PO_B14_005591,BillDesk Settlement,PAYT-INV-766915 PO_B14_005591,55814,1231,0,0,54583,INR,2026-08-15T22:56:00Z,BATCH-PAYT-5591
PO_B14_005592,PayU Enterprise,MMTR-EXC-148522-UNRESOLVED,180039,3590,0,0,176449,INR,2026-08-17T03:44:00Z,HOLD-ESCROW
PO_B14_005593,BillDesk Settlement,JIOO-INV-561862 PO_B14_005593,319603,5167,0,0,314436,INR,2026-08-16T04:53:00Z,BATCH-JIOO-5593
PO_B14_005594,Razorpay Nodal,SWIG-INV-198637 PO_B14_005594,118336,2025,0,0,116311,INR,2026-08-16T03:56:00Z,BATCH-SWIG-5594
PO_B14_005595,Razorpay Nodal,JIOO-INV-682372 PO_B14_005595,385595,8828,0,0,376767,INR,2026-08-16T22:45:00Z,BATCH-JIOO-5595
PO_B14_005596,Razorpay Nodal,BKMS-ORD-961839 BKMS-ORD-444645 BKMS-ORD-439073 BATCH-BKMS-5596,551005,11020,0,0,539985,INR,2026-08-16T17:24:00Z,BATCH-BKMS-5596
PO_B14_005597,Stripe India,FLPK-INV-247239 PO_B14_005597,136819,2318,0,0,134501,INR,2026-08-16T18:50:00Z,BATCH-FLPK-5597
PO_B14_005598,PayU Enterprise,BLNK-INV-791219 PO_B14_005598,248204,5756,0,0,242448,INR,2026-08-16T07:58:00Z,BATCH-BLNK-5598
PO_B14_005599,Stripe India,TATA-INV-456529 PO_B14_005599,378040,8549,0,0,369491,INR,2026-08-16T04:20:00Z,BATCH-TATA-5599
PO_B14_005600,PayU Enterprise,BKMS-EXC-477397-UNRESOLVED,213783,4265,0,0,209518,INR,2026-08-17T07:36:00Z,HOLD-ESCROW
PO_B14_005601,Cashfree Escrow,NYKA-INV-774904 PO_B14_005601,174791,2625,0,0,172166,INR,2026-08-16T04:35:00Z,BATCH-NYKA-5601
PO_B14_005602,PayU Enterprise,OLAA-ORD-389550 OLAA-ORD-661284 OLAA-ORD-153914 BATCH-OLAA-5602,503175,10063,0,0,493112,INR,2026-08-16T19:29:00Z,BATCH-OLAA-5602
PO_B14_005603,BillDesk Settlement,MYNT-INV-950182 PO_B14_005603,165813,3756,0,0,162057,INR,2026-08-16T06:05:00Z,BATCH-MYNT-5603
PO_B14_005604,Razorpay Nodal,AMZN-INV-815098 PO_B14_005604,194890,4380,0,0,190510,INR,2026-08-15T23:11:00Z,BATCH-AMZN-5604
PO_B14_005605,BillDesk Settlement,BLNK-INV-846306 PO_B14_005605,135591,2964,0,0,132627,INR,2026-08-16T21:57:00Z,BATCH-BLNK-5605
PO_B14_005606,Razorpay Nodal,PAYT-ORD-259052 PAYT-ORD-213241 BATCH-PAYT-5606,229791,4595,0,0,225196,INR,2026-08-16T10:41:00Z,BATCH-PAYT-5606
PO_B14_005607,Stripe India,BLNK-INV-791439 PO_B14_005607,171922,3608,0,0,168314,INR,2026-08-16T23:13:00Z,BATCH-BLNK-5607
PO_B14_005608,Razorpay Nodal,PAYT-EXC-471190-UNRESOLVED,156246,3114,0,0,153132,INR,2026-08-17T00:46:00Z,HOLD-ESCROW
PO_B14_005609,Stripe India,UBER-INV-180814 PO_B14_005609,53326,1150,0,0,52176,INR,2026-08-15T22:07:00Z,BATCH-UBER-5609
PO_B14_005610,Cashfree Escrow,SWIG-ORD-894644 SWIG-ORD-184280 BATCH-SWIG-5610,285547,5710,0,0,279837,INR,2026-08-16T15:04:00Z,BATCH-SWIG-5610
PO_B14_005611,Cashfree Escrow,PAYT-ORD-103128 PAYT-ORD-312220 BATCH-PAYT-5611,150416,3008,0,0,147408,INR,2026-08-16T13:34:00Z,BATCH-PAYT-5611
PO_B14_005612,Cashfree Escrow,PHNP-ORD-755620 PHNP-ORD-980480 BATCH-PHNP-5612,413593,8271,0,0,405322,INR,2026-08-16T17:57:00Z,BATCH-PHNP-5612
PO_B14_005613,BillDesk Settlement,BKMS-INV-980093 PO_B14_005613,408048,7339,0,0,400709,INR,2026-08-16T05:36:00Z,BATCH-BKMS-5613
PO_B14_005614,BillDesk Settlement,PHNP-INV-211562 PO_B14_005614,448776,9076,0,0,439700,INR,2026-08-15T21:50:00Z,BATCH-PHNP-5614
PO_B14_005615,BillDesk Settlement,JIOO-INV-694809 PO_B14_005615,43375,683,0,0,42692,INR,2026-08-16T10:13:00Z,BATCH-JIOO-5615
PO_B14_005616,BillDesk Settlement,BLNK-INV-756505 PO_B14_005616,28460,643,0,0,27817,INR,2026-08-16T22:20:00Z,BATCH-BLNK-5616
PO_B14_005617,BillDesk Settlement,BKMS-INV-326800 PO_B14_005617,343492,8210,0,0,335282,INR,2026-08-16T13:49:00Z,BATCH-BKMS-5617
PO_B14_005618,PayU Enterprise,FLPK-INV-637044 PO_B14_005618,105166,2140,0,0,103026,INR,2026-08-16T00:37:00Z,BATCH-FLPK-5618
PO_B14_005619,BillDesk Settlement,BBAS-INV-914007 PO_B14_005619,85687,1604,0,0,84083,INR,2026-08-16T12:53:00Z,BATCH-BBAS-5619
PO_B14_005620,BillDesk Settlement,JIOO-ORD-113904 JIOO-ORD-180339 JIOO-ORD-786928 BATCH-JIOO-5620,615841,12316,0,0,603525,INR,2026-08-15T22:47:00Z,BATCH-JIOO-5620
PO_B14_005621,Razorpay Nodal,MMTR-INV-116224 PO_B14_005621,357213,7206,0,0,350007,INR,2026-08-15T22:36:00Z,BATCH-MMTR-5621
PO_B14_005622,PayU Enterprise,ZOMA-INV-357130 PO_B14_005622,357473,6775,0,0,350698,INR,2026-08-16T19:53:00Z,BATCH-ZOMA-5622
PO_B14_005623,Razorpay Nodal,ZOMA-INV-734795 PO_B14_005623,239099,3794,0,0,235305,INR,2026-08-16T12:16:00Z,BATCH-ZOMA-5623
PO_B14_005624,BillDesk Settlement,MYNT-INV-279982 PO_B14_005624,235539,4084,0,0,231455,INR,2026-08-16T11:27:00Z,BATCH-MYNT-5624
PO_B14_005625,Stripe India,TATA-ORD-201376 TATA-ORD-864088 BATCH-TATA-5625,201880,4037,0,0,197843,INR,2026-08-16T08:39:00Z,BATCH-TATA-5625
PO_B14_005626,BillDesk Settlement,BLNK-INV-282326 PO_B14_005626,225299,4884,0,0,220415,INR,2026-08-16T00:01:00Z,BATCH-BLNK-5626
PO_B14_005627,Razorpay Nodal,ZOMA-INV-443341 PO_B14_005627,65597,1136,0,0,64461,INR,2026-08-16T20:30:00Z,BATCH-ZOMA-5627
PO_B14_005628,Cashfree Escrow,BLNK-INV-593291 PO_B14_005628,401537,8656,0,0,392881,INR,2026-08-16T19:30:00Z,BATCH-BLNK-5628
PO_B14_005629,PayU Enterprise,TATA-INV-793413 PO_B14_005629,358852,8937,0,0,349915,INR,2026-08-15T20:02:00Z,BATCH-TATA-5629
PO_B14_005630,PayU Enterprise,PHNP-INV-433452 PO_B14_005630,128382,2295,0,0,126087,INR,2026-08-15T20:20:00Z,BATCH-PHNP-5630
PO_B14_005631,Razorpay Nodal,TATA-INV-822291 PO_B14_005631,355728,6741,0,0,348987,INR,2026-08-16T13:21:00Z,BATCH-TATA-5631
PO_B14_005632,Razorpay Nodal,BLNK-INV-767772 PO_B14_005632,103561,2234,0,0,101327,INR,2026-08-16T00:07:00Z,BATCH-BLNK-5632
PO_B14_005633,PayU Enterprise,NYKA-INV-662001 PO_B14_005633,339027,5723,0,0,333304,INR,2026-08-16T07:27:00Z,BATCH-NYKA-5633
PO_B14_005634,BillDesk Settlement,ZOMA-ORD-399691 ZOMA-ORD-281641 BATCH-ZOMA-5634,395172,7903,0,0,387269,INR,2026-08-16T01:05:00Z,BATCH-ZOMA-5634
PO_B14_005635,Stripe India,NYKA-INV-210036 PO_B14_005635,409873,8039,0,0,401834,INR,2026-08-15T20:47:00Z,BATCH-NYKA-5635
PO_B14_005636,PayU Enterprise,AMZN-INV-990832 PO_B14_005636,34751,582,0,0,34169,INR,2026-08-16T22:39:00Z,BATCH-AMZN-5636
PO_B14_005637,Stripe India,AMZN-ORD-695904 AMZN-ORD-758547 BATCH-AMZN-5637,273970,5479,0,0,268491,INR,2026-08-16T04:49:00Z,BATCH-AMZN-5637
PO_B14_005638,Stripe India,OLAA-INV-921731 PO_B14_005638,441894,7115,0,0,434779,INR,2026-08-16T02:50:00Z,BATCH-OLAA-5638
PO_B14_005639,BillDesk Settlement,FLPK-INV-818112 PO_B14_005639,369992,9192,0,0,360800,INR,2026-08-16T10:56:00Z,BATCH-FLPK-5639
PO_B14_005640,Cashfree Escrow,FLPK-INV-256846 PO_B14_005640,39635,921,0,0,38714,INR,2026-08-16T07:00:00Z,BATCH-FLPK-5640
PO_B14_005641,PayU Enterprise,ZOMA-INV-866152 PO_B14_005641,103311,1811,0,0,101500,INR,2026-08-16T10:33:00Z,BATCH-ZOMA-5641
PO_B14_005642,BillDesk Settlement,OLAA-INV-293747 PO_B14_005642,41963,692,0,0,41271,INR,2026-08-16T14:33:00Z,BATCH-OLAA-5642
PO_B14_005643,Cashfree Escrow,MYNT-ORD-268703 MYNT-ORD-273991 BATCH-MYNT-5643,308484,6169,0,0,302315,INR,2026-08-15T23:07:00Z,BATCH-MYNT-5643
PO_B14_005644,PayU Enterprise,FLPK-INV-590818 PO_B14_005644,314721,5368,0,0,309353,INR,2026-08-17T00:14:00Z,BATCH-FLPK-5644
PO_B14_005645,Cashfree Escrow,PHNP-INV-772242 PO_B14_005645,380498,9353,0,0,371145,INR,2026-08-16T09:28:00Z,BATCH-PHNP-5645
PO_B14_005646,PayU Enterprise,JIOO-INV-578375 PO_B14_005646,220274,4092,0,0,216182,INR,2026-08-16T05:50:00Z,BATCH-JIOO-5646
PO_B14_005647,Razorpay Nodal,UBER-ORD-229573 UBER-ORD-677456 UBER-ORD-701985 BATCH-UBER-5647,214862,4297,0,0,210565,INR,2026-08-16T10:14:00Z,BATCH-UBER-5647
PO_B14_005648,BillDesk Settlement,UBER-INV-261998 PO_B14_005648,246353,5572,0,0,240781,INR,2026-08-16T08:23:00Z,BATCH-UBER-5648
PO_B14_005649,Razorpay Nodal,JIOO-INV-430048 PO_B14_005649,424232,6381,0,0,417851,INR,2026-08-15T20:06:00Z,BATCH-JIOO-5649
PO_B14_005650,Cashfree Escrow,ZOMA-ORD-198866 ZOMA-ORD-952173 ZOMA-ORD-450032 BATCH-ZOMA-5650,392271,7845,0,0,384426,INR,2026-08-16T02:48:00Z,BATCH-ZOMA-5650
PO_B14_005651,Stripe India,FLPK-INV-833751 PO_B14_005651,428989,9870,0,0,419119,INR,2026-08-16T13:30:00Z,BATCH-FLPK-5651
PO_B14_005652,Razorpay Nodal,SWIG-INV-580017 PO_B14_005652,199612,3822,0,0,195790,INR,2026-08-16T07:00:00Z,BATCH-SWIG-5652
PO_B14_005653,Cashfree Escrow,JIOO-ORD-670986 JIOO-ORD-495565 BATCH-JIOO-5653,242046,4840,0,0,237206,INR,2026-08-16T00:59:00Z,BATCH-JIOO-5653
PO_B14_005654,BillDesk Settlement,NYKA-INV-652758 PO_B14_005654,340459,6551,0,0,333908,INR,2026-08-15T17:42:00Z,BATCH-NYKA-5654
PO_B14_005655,Razorpay Nodal,BKMS-ORD-250834 BKMS-ORD-278953 BATCH-BKMS-5655,175474,3509,0,0,171965,INR,2026-08-16T11:36:00Z,BATCH-BKMS-5655
PO_B14_005656,BillDesk Settlement,BLNK-INV-744759 PO_B14_005656,331311,5105,0,0,326206,INR,2026-08-16T19:12:00Z,BATCH-BLNK-5656
PO_B14_005657,Cashfree Escrow,JIOO-INV-639126 PO_B14_005657,220577,4847,0,0,215730,INR,2026-08-15T16:10:00Z,BATCH-JIOO-5657
PO_B14_005658,Razorpay Nodal,ZOMA-INV-563739 PO_B14_005658,157142,3164,0,0,153978,INR,2026-08-16T13:06:00Z,BATCH-ZOMA-5658
PO_B14_005659,Razorpay Nodal,PAYT-ORD-517446 PAYT-ORD-883664 BATCH-PAYT-5659,312212,6244,0,0,305968,INR,2026-08-16T11:26:00Z,BATCH-PAYT-5659
PO_B14_005660,Cashfree Escrow,BLNK-INV-128226 PO_B14_005660,258620,5274,0,0,253346,INR,2026-08-16T23:42:00Z,BATCH-BLNK-5660
PO_B14_005661,BillDesk Settlement,BKMS-INV-100481 PO_B14_005661,286461,4587,0,0,281874,INR,2026-08-16T07:30:00Z,BATCH-BKMS-5661
PO_B14_005662,Stripe India,NYKA-INV-792234 PO_B14_005662,307560,5844,0,0,301716,INR,2026-08-15T20:01:00Z,BATCH-NYKA-5662
PO_B14_005663,PayU Enterprise,BKMS-INV-584219 PO_B14_005663,394899,9129,0,0,385770,INR,2026-08-16T12:19:00Z,BATCH-BKMS-5663
PO_B14_005664,Cashfree Escrow,AMZN-INV-963470 PO_B14_005664,100115,2427,0,0,97688,INR,2026-08-15T20:16:00Z,BATCH-AMZN-5664
PO_B14_005665,Razorpay Nodal,JIOO-INV-393279 PO_B14_005665,321567,6078,0,0,315489,INR,2026-08-15T19:53:00Z,BATCH-JIOO-5665
PO_B14_005666,Cashfree Escrow,MMTR-INV-710980 PO_B14_005666,406516,6646,0,0,399870,INR,2026-08-16T03:18:00Z,BATCH-MMTR-5666
PO_B14_005667,BillDesk Settlement,TATA-INV-656139 PO_B14_005667,185169,3301,0,0,181868,INR,2026-08-16T22:48:00Z,BATCH-TATA-5667
PO_B14_005668,Stripe India,FLPK-EXC-378691-UNRESOLVED,107680,2143,0,0,105537,INR,2026-08-16T23:55:00Z,HOLD-ESCROW
PO_B14_005669,Cashfree Escrow,PHNP-INV-816778 PO_B14_005669,433067,10053,0,0,423014,INR,2026-08-16T10:39:00Z,BATCH-PHNP-5669
PO_B14_005670,PayU Enterprise,OLAA-INV-783026 PO_B14_005670,301335,5463,0,0,295872,INR,2026-08-16T15:06:00Z,BATCH-OLAA-5670
PO_B14_005671,Razorpay Nodal,BKMS-ORD-744775 BKMS-ORD-101672 BKMS-ORD-262557 BATCH-BKMS-5671,507991,10159,0,0,497832,INR,2026-08-16T09:02:00Z,BATCH-BKMS-5671
PO_B14_005672,PayU Enterprise,BKMS-ORD-154478 BKMS-ORD-104503 BATCH-BKMS-5672,280761,5615,0,0,275146,INR,2026-08-16T19:16:00Z,BATCH-BKMS-5672
PO_B14_005673,PayU Enterprise,UBER-INV-821685 PO_B14_005673,361771,8220,0,0,353551,INR,2026-08-15T13:37:00Z,BATCH-UBER-5673
PO_B14_005674,Cashfree Escrow,JIOO-EXC-249558-UNRESOLVED,108279,2155,0,0,106124,INR,2026-08-17T04:22:00Z,HOLD-ESCROW
PO_B14_005675,Stripe India,NYKA-INV-242010 PO_B14_005675,266037,4497,0,0,261540,INR,2026-08-17T00:58:00Z,BATCH-NYKA-5675
PO_B14_005676,Cashfree Escrow,OLAA-ORD-484963 OLAA-ORD-298835 BATCH-OLAA-5676,336779,6735,0,0,330044,INR,2026-08-15T21:48:00Z,BATCH-OLAA-5676
PO_B14_005677,Stripe India,TATA-ORD-809423 TATA-ORD-853670 TATA-ORD-493692 BATCH-TATA-5677,345648,6912,0,0,338736,INR,2026-08-16T07:06:00Z,BATCH-TATA-5677
PO_B14_005678,Cashfree Escrow,FLPK-ORD-956512 FLPK-ORD-902612 FLPK-ORD-496391 BATCH-FLPK-5678,454371,9087,0,0,445284,INR,2026-08-16T04:28:00Z,BATCH-FLPK-5678
PO_B14_005679,PayU Enterprise,JIOO-INV-344735 PO_B14_005679,353413,7643,0,0,345770,INR,2026-08-16T05:38:00Z,BATCH-JIOO-5679
PO_B14_005680,PayU Enterprise,OLAA-EXC-258027-UNRESOLVED,115539,2300,0,0,113239,INR,2026-08-16T11:05:00Z,HOLD-ESCROW
PO_B14_005681,BillDesk Settlement,SWIG-INV-564547 PO_B14_005681,30735,678,0,0,30057,INR,2026-08-16T19:40:00Z,BATCH-SWIG-5681
PO_B14_005682,Cashfree Escrow,OLAA-INV-672314 PO_B14_005682,353113,7759,0,0,345354,INR,2026-08-16T03:56:00Z,BATCH-OLAA-5682
PO_B14_005683,Razorpay Nodal,NYKA-INV-951191 PO_B14_005683,125079,2372,0,0,122707,INR,2026-08-16T15:17:00Z,BATCH-NYKA-5683
PO_B14_005684,PayU Enterprise,NYKA-INV-934370 PO_B14_005684,430316,8159,0,0,422157,INR,2026-08-15T23:47:00Z,BATCH-NYKA-5684
PO_B14_005685,Cashfree Escrow,BLNK-INV-117320 PO_B14_005685,342380,8507,0,0,333873,INR,2026-08-16T06:14:00Z,BATCH-BLNK-5685
PO_B14_005686,BillDesk Settlement,UBER-ORD-824119 UBER-ORD-764419 UBER-ORD-275373 BATCH-UBER-5686,261417,5228,0,0,256189,INR,2026-08-16T09:50:00Z,BATCH-UBER-5686
PO_B14_005687,Stripe India,PAYT-ORD-741495 PAYT-ORD-904577 BATCH-PAYT-5687,297120,5942,0,0,291178,INR,2026-08-15T21:05:00Z,BATCH-PAYT-5687
PO_B14_005688,Cashfree Escrow,BLNK-ORD-903681 BLNK-ORD-700034 BLNK-ORD-764482 BATCH-BLNK-5688,250088,5001,0,0,245087,INR,2026-08-16T05:47:00Z,BATCH-BLNK-5688
PO_B14_005689,Stripe India,PAYT-ORD-469098 PAYT-ORD-322541 BATCH-PAYT-5689,73595,1471,0,0,72124,INR,2026-08-16T12:42:00Z,BATCH-PAYT-5689
PO_B14_005690,Cashfree Escrow,FLPK-ORD-759960 FLPK-ORD-373529 BATCH-FLPK-5690,283745,5674,0,0,278071,INR,2026-08-16T06:39:00Z,BATCH-FLPK-5690
PO_B14_005691,PayU Enterprise,JIOO-ORD-901906 JIOO-ORD-916829 BATCH-JIOO-5691,307238,6144,0,0,301094,INR,2026-08-16T09:40:00Z,BATCH-JIOO-5691
PO_B14_005692,Razorpay Nodal,PHNP-INV-321446 PO_B14_005692,397143,7998,0,0,389145,INR,2026-08-16T13:01:00Z,BATCH-PHNP-5692
PO_B14_005693,PayU Enterprise,TATA-INV-792295 PO_B14_005693,306371,4619,0,0,301752,INR,2026-08-16T11:35:00Z,BATCH-TATA-5693
PO_B14_005694,BillDesk Settlement,BBAS-INV-183197 PO_B14_005694,34325,625,0,0,33700,INR,2026-08-16T06:03:00Z,BATCH-BBAS-5694
PO_B14_005695,Cashfree Escrow,BLNK-INV-201106 PO_B14_005695,251406,5675,0,0,245731,INR,2026-08-15T16:52:00Z,BATCH-BLNK-5695
PO_B14_005696,PayU Enterprise,BBAS-INV-274053 PO_B14_005696,416567,10066,0,0,406501,INR,2026-08-15T14:38:00Z,BATCH-BBAS-5696
PO_B14_005697,Cashfree Escrow,JIOO-INV-647016 PO_B14_005697,366328,8700,0,0,357628,INR,2026-08-16T10:32:00Z,BATCH-JIOO-5697
PO_B14_005698,PayU Enterprise,PAYT-ORD-554133 PAYT-ORD-258096 BATCH-PAYT-5698,318915,6378,0,0,312537,INR,2026-08-16T01:03:00Z,BATCH-PAYT-5698
PO_B14_005699,Razorpay Nodal,BBAS-INV-715070 PO_B14_005699,28115,485,0,0,27630,INR,2026-08-16T13:39:00Z,BATCH-BBAS-5699
PO_B14_005700,Razorpay Nodal,TATA-INV-642023 PO_B14_005700,305312,7349,0,0,297963,INR,2026-08-16T17:23:00Z,BATCH-TATA-5700
PO_B14_005701,Razorpay Nodal,PAYT-INV-816179 PO_B14_005701,416211,10359,0,0,405852,INR,2026-08-16T01:18:00Z,BATCH-PAYT-5701
PO_B14_005702,PayU Enterprise,UBER-INV-459199 PO_B14_005702,288756,5561,0,0,283195,INR,2026-08-16T15:40:00Z,BATCH-UBER-5702
PO_B14_005703,Cashfree Escrow,BKMS-INV-562748 PO_B14_005703,105012,1860,0,0,103152,INR,2026-08-16T07:02:00Z,BATCH-BKMS-5703
PO_B14_005704,Cashfree Escrow,UBER-ORD-577572 UBER-ORD-919270 BATCH-UBER-5704,323547,6470,0,0,317077,INR,2026-08-16T15:35:00Z,BATCH-UBER-5704
PO_B14_005705,Razorpay Nodal,PAYT-INV-820953 PO_B14_005705,44827,1025,0,0,43802,INR,2026-08-17T00:22:00Z,BATCH-PAYT-5705
PO_B14_005706,PayU Enterprise,ZOMA-INV-854660 PO_B14_005706,281941,6368,0,0,275573,INR,2026-08-15T19:32:00Z,BATCH-ZOMA-5706
PO_B14_005707,Stripe India,JIOO-INV-600945 PO_B14_005707,211845,5200,0,0,206645,INR,2026-08-16T23:38:00Z,BATCH-JIOO-5707
PO_B14_005708,BillDesk Settlement,BLNK-INV-530993 PO_B14_005708,313262,6015,0,0,307247,INR,2026-08-15T19:13:00Z,BATCH-BLNK-5708
PO_B14_005709,Stripe India,BKMS-INV-475767 PO_B14_005709,80913,1503,0,0,79410,INR,2026-08-15T17:22:00Z,BATCH-BKMS-5709
PO_B14_005710,Cashfree Escrow,BKMS-INV-890075 PO_B14_005710,416293,9646,0,0,406647,INR,2026-08-16T10:27:00Z,BATCH-BKMS-5710
PO_B14_005711,BillDesk Settlement,MYNT-INV-122226 PO_B14_005711,294779,4774,0,0,290005,INR,2026-08-16T06:15:00Z,BATCH-MYNT-5711
PO_B14_005712,BillDesk Settlement,BLNK-INV-394482 PO_B14_005712,380790,7248,0,0,373542,INR,2026-08-16T00:25:00Z,BATCH-BLNK-5712
PO_B14_005713,Razorpay Nodal,SWIG-ORD-526650 SWIG-ORD-872827 SWIG-ORD-153822 BATCH-SWIG-5713,317946,6358,0,0,311588,INR,2026-08-16T09:33:00Z,BATCH-SWIG-5713
PO_B14_005714,Razorpay Nodal,NYKA-INV-380165 PO_B14_005714,394054,7080,0,0,386974,INR,2026-08-16T06:41:00Z,BATCH-NYKA-5714
PO_B14_005715,BillDesk Settlement,ZOMA-ORD-866223 ZOMA-ORD-751829 BATCH-ZOMA-5715,126628,2532,0,0,124096,INR,2026-08-16T14:20:00Z,BATCH-ZOMA-5715
PO_B14_005716,BillDesk Settlement,JIOO-ORD-338354 JIOO-ORD-568979 JIOO-ORD-853659 BATCH-JIOO-5716,447860,8957,0,0,438903,INR,2026-08-16T11:24:00Z,BATCH-JIOO-5716
PO_B14_005717,Cashfree Escrow,PAYT-INV-678953 PO_B14_005717,208173,4185,0,0,203988,INR,2026-08-16T23:28:00Z,BATCH-PAYT-5717
PO_B14_005718,Cashfree Escrow,NYKA-INV-463709 PO_B14_005718,424900,9940,0,0,414960,INR,2026-08-15T23:01:00Z,BATCH-NYKA-5718
PO_B14_005719,BillDesk Settlement,MMTR-ORD-308337 MMTR-ORD-663787 BATCH-MMTR-5719,104400,2088,0,0,102312,INR,2026-08-16T06:25:00Z,BATCH-MMTR-5719
PO_B14_005720,BillDesk Settlement,OLAA-ORD-926135 OLAA-ORD-721613 BATCH-OLAA-5720,212967,4259,0,0,208708,INR,2026-08-16T10:02:00Z,BATCH-OLAA-5720
PO_B14_005721,BillDesk Settlement,UBER-INV-384550 PO_B14_005721,398843,9647,0,0,389196,INR,2026-08-16T09:06:00Z,BATCH-UBER-5721
PO_B14_005722,Stripe India,FLPK-INV-773081 PO_B14_005722,220483,4736,0,0,215747,INR,2026-08-16T15:37:00Z,BATCH-FLPK-5722
PO_B14_005723,PayU Enterprise,PHNP-ORD-289317 PHNP-ORD-825344 PHNP-ORD-384687 BATCH-PHNP-5723,489260,9785,0,0,479475,INR,2026-08-16T20:50:00Z,BATCH-PHNP-5723
PO_B14_005724,Cashfree Escrow,SWIG-INV-593820 PO_B14_005724,184891,4525,0,0,180366,INR,2026-08-16T15:58:00Z,BATCH-SWIG-5724
PO_B14_005725,Stripe India,SWIG-INV-385459 PO_B14_005725,271134,5160,0,0,265974,INR,2026-08-16T09:18:00Z,BATCH-SWIG-5725
PO_B14_005726,Stripe India,PHNP-ORD-200931 PHNP-ORD-298599 BATCH-PHNP-5726,474623,9492,0,0,465131,INR,2026-08-16T13:45:00Z,BATCH-PHNP-5726
PO_B14_005727,Cashfree Escrow,TATA-INV-180968 PO_B14_005727,300417,5741,0,0,294676,INR,2026-08-16T15:57:00Z,BATCH-TATA-5727
PO_B14_005728,Cashfree Escrow,PHNP-ORD-965657 PHNP-ORD-534913 BATCH-PHNP-5728,113394,2267,0,0,111127,INR,2026-08-15T21:23:00Z,BATCH-PHNP-5728
PO_B14_005729,PayU Enterprise,TATA-INV-232032 PO_B14_005729,228643,5171,0,0,223472,INR,2026-08-15T22:41:00Z,BATCH-TATA-5729
PO_B14_005730,Cashfree Escrow,FLPK-INV-102756 PO_B14_005730,318122,6260,0,0,311862,INR,2026-08-16T15:50:00Z,BATCH-FLPK-5730
PO_B14_005731,BillDesk Settlement,UBER-INV-962091 PO_B14_005731,143295,2755,0,0,140540,INR,2026-08-16T05:52:00Z,BATCH-UBER-5731
PO_B14_005732,Razorpay Nodal,PHNP-INV-756204 PO_B14_005732,188906,3745,0,0,185161,INR,2026-08-16T01:30:00Z,BATCH-PHNP-5732
PO_B14_005733,Stripe India,PAYT-INV-559936 PO_B14_005733,188942,3359,0,0,185583,INR,2026-08-16T12:38:00Z,BATCH-PAYT-5733
PO_B14_005734,Razorpay Nodal,BKMS-INV-295561 PO_B14_005734,123156,2070,0,0,121086,INR,2026-08-17T00:57:00Z,BATCH-BKMS-5734
PO_B14_005735,Stripe India,FLPK-INV-746456 PO_B14_005735,227164,5060,0,0,222104,INR,2026-08-16T15:48:00Z,BATCH-FLPK-5735
PO_B14_005736,BillDesk Settlement,MMTR-INV-356014 PO_B14_005736,105109,2072,0,0,103037,INR,2026-08-16T02:34:00Z,BATCH-MMTR-5736
PO_B14_005737,Razorpay Nodal,OLAA-INV-590541 PO_B14_005737,170140,3382,0,0,166758,INR,2026-08-16T15:29:00Z,BATCH-OLAA-5737
PO_B14_005738,Cashfree Escrow,UBER-INV-680214 PO_B14_005738,394466,8353,0,0,386113,INR,2026-08-16T02:55:00Z,BATCH-UBER-5738
PO_B14_005739,Cashfree Escrow,NYKA-ORD-250171 NYKA-ORD-879001 BATCH-NYKA-5739,163934,3278,0,0,160656,INR,2026-08-16T15:45:00Z,BATCH-NYKA-5739
PO_B14_005740,Stripe India,PHNP-ORD-810944 PHNP-ORD-380420 PHNP-ORD-114735 BATCH-PHNP-5740,475285,9505,0,0,465780,INR,2026-08-16T08:19:00Z,BATCH-PHNP-5740
PO_B14_005741,Stripe India,MMTR-INV-957841 PO_B14_005741,338716,6552,0,0,332164,INR,2026-08-16T03:22:00Z,BATCH-MMTR-5741
PO_B14_005742,Stripe India,MMTR-INV-958259 PO_B14_005742,26861,628,0,0,26233,INR,2026-08-15T22:33:00Z,BATCH-MMTR-5742
PO_B14_005743,PayU Enterprise,ZOMA-INV-270400 PO_B14_005743,369795,8289,0,0,361506,INR,2026-08-16T13:24:00Z,BATCH-ZOMA-5743
PO_B14_005744,Razorpay Nodal,MMTR-INV-770504 PO_B14_005744,275367,6043,0,0,269324,INR,2026-08-16T12:05:00Z,BATCH-MMTR-5744
PO_B14_005745,Cashfree Escrow,NYKA-EXC-577883-UNRESOLVED,190662,3803,0,0,186859,INR,2026-08-16T11:15:00Z,HOLD-ESCROW
PO_B14_005746,PayU Enterprise,MMTR-INV-167473 PO_B14_005746,238173,4820,0,0,233353,INR,2026-08-15T23:40:00Z,BATCH-MMTR-5746
PO_B14_005747,Cashfree Escrow,UBER-INV-126653 PO_B14_005747,368130,7324,0,0,360806,INR,2026-08-15T20:54:00Z,BATCH-UBER-5747
PO_B14_005748,Razorpay Nodal,PAYT-INV-541325 PO_B14_005748,297140,4802,0,0,292338,INR,2026-08-16T16:38:00Z,BATCH-PAYT-5748
PO_B14_005749,Razorpay Nodal,OLAA-INV-645688 PO_B14_005749,188372,3548,0,0,184824,INR,2026-08-16T14:55:00Z,BATCH-OLAA-5749
PO_B14_005750,Cashfree Escrow,SWIG-INV-572207 PO_B14_005750,143794,2706,0,0,141088,INR,2026-08-16T18:38:00Z,BATCH-SWIG-5750
PO_B14_005751,PayU Enterprise,BBAS-INV-806041 PO_B14_005751,133175,2620,0,0,130555,INR,2026-08-16T06:30:00Z,BATCH-BBAS-5751
PO_B14_005752,Razorpay Nodal,JIOO-INV-807786 PO_B14_005752,90446,1465,0,0,88981,INR,2026-08-16T08:02:00Z,BATCH-JIOO-5752
PO_B14_005753,Stripe India,MYNT-INV-216099 PO_B14_005753,305678,7349,0,0,298329,INR,2026-08-16T08:37:00Z,BATCH-MYNT-5753
PO_B14_005754,Razorpay Nodal,AMZN-INV-280390 PO_B14_005754,283403,6428,0,0,276975,INR,2026-08-15T23:13:00Z,BATCH-AMZN-5754
PO_B14_005755,BillDesk Settlement,ZOMA-ORD-701037 ZOMA-ORD-756904 ZOMA-ORD-221724 BATCH-ZOMA-5755,266321,5326,0,0,260995,INR,2026-08-16T16:41:00Z,BATCH-ZOMA-5755
PO_B14_005756,BillDesk Settlement,PAYT-ORD-752636 PAYT-ORD-594397 BATCH-PAYT-5756,137464,2749,0,0,134715,INR,2026-08-16T01:39:00Z,BATCH-PAYT-5756
PO_B14_005757,Stripe India,JIOO-INV-924665 PO_B14_005757,377238,6751,0,0,370487,INR,2026-08-16T00:51:00Z,BATCH-JIOO-5757
PO_B14_005758,Stripe India,AMZN-INV-582893 PO_B14_005758,448843,6798,0,0,442045,INR,2026-08-16T18:20:00Z,BATCH-AMZN-5758
PO_B14_005759,Stripe India,AMZN-INV-637177 PO_B14_005759,138333,3119,0,0,135214,INR,2026-08-16T06:53:00Z,BATCH-AMZN-5759
PO_B14_005760,Razorpay Nodal,MMTR-INV-506608 PO_B14_005760,318256,7485,0,0,310771,INR,2026-08-16T07:07:00Z,BATCH-MMTR-5760
PO_B14_005761,PayU Enterprise,BKMS-INV-978423 PO_B14_005761,394186,8376,0,0,385810,INR,2026-08-16T02:34:00Z,BATCH-BKMS-5761
PO_B14_005762,Stripe India,OLAA-ORD-800079 OLAA-ORD-529092 BATCH-OLAA-5762,448090,8961,0,0,439129,INR,2026-08-16T01:17:00Z,BATCH-OLAA-5762
PO_B14_005763,Stripe India,MMTR-INV-902096 PO_B14_005763,90826,1700,0,0,89126,INR,2026-08-16T13:09:00Z,BATCH-MMTR-5763
PO_B14_005764,Razorpay Nodal,ZOMA-INV-914863 PO_B14_005764,47853,980,0,0,46873,INR,2026-08-16T14:54:00Z,BATCH-ZOMA-5764
PO_B14_005765,PayU Enterprise,PHNP-INV-447687 PO_B14_005765,194589,4074,0,0,190515,INR,2026-08-15T20:21:00Z,BATCH-PHNP-5765
PO_B14_005766,PayU Enterprise,FLPK-INV-121385 PO_B14_005766,369656,6505,0,0,363151,INR,2026-08-16T21:39:00Z,BATCH-FLPK-5766
PO_B14_005767,BillDesk Settlement,UBER-INV-600629 PO_B14_005767,259413,4708,0,0,254705,INR,2026-08-16T15:59:00Z,BATCH-UBER-5767
PO_B14_005768,BillDesk Settlement,SWIG-ORD-818334 SWIG-ORD-407301 BATCH-SWIG-5768,409955,8199,0,0,401756,INR,2026-08-16T09:01:00Z,BATCH-SWIG-5768
PO_B14_005769,Cashfree Escrow,PAYT-INV-568683 PO_B14_005769,138318,3420,0,0,134898,INR,2026-08-16T10:04:00Z,BATCH-PAYT-5769
PO_B14_005770,BillDesk Settlement,PHNP-INV-919808 PO_B14_005770,168110,3075,0,0,165035,INR,2026-08-16T04:34:00Z,BATCH-PHNP-5770
PO_B14_005771,Stripe India,MMTR-INV-431332 PO_B14_005771,274048,6681,0,0,267367,INR,2026-08-16T10:31:00Z,BATCH-MMTR-5771
PO_B14_005772,PayU Enterprise,ZOMA-INV-605662 PO_B14_005772,412926,7357,0,0,405569,INR,2026-08-16T12:39:00Z,BATCH-ZOMA-5772
PO_B14_005773,Stripe India,FLPK-INV-287781 PO_B14_005773,311856,5951,0,0,305905,INR,2026-08-16T14:14:00Z,BATCH-FLPK-5773
PO_B14_005774,BillDesk Settlement,AMZN-INV-243301 PO_B14_005774,425129,6823,0,0,418306,INR,2026-08-16T04:18:00Z,BATCH-AMZN-5774
PO_B14_005775,BillDesk Settlement,PAYT-ORD-762821 PAYT-ORD-617302 BATCH-PAYT-5775,107080,2141,0,0,104939,INR,2026-08-16T05:11:00Z,BATCH-PAYT-5775
PO_B14_005776,BillDesk Settlement,MMTR-INV-993382 PO_B14_005776,75306,1574,0,0,73732,INR,2026-08-16T00:44:00Z,BATCH-MMTR-5776
PO_B14_005777,BillDesk Settlement,UBER-INV-208413 PO_B14_005777,351041,6090,0,0,344951,INR,2026-08-16T01:57:00Z,BATCH-UBER-5777
PO_B14_005778,Stripe India,PAYT-INV-574344 PO_B14_005778,299865,5560,0,0,294305,INR,2026-08-16T18:47:00Z,BATCH-PAYT-5778
PO_B14_005779,BillDesk Settlement,AMZN-INV-825342 PO_B14_005779,203839,3253,0,0,200586,INR,2026-08-15T20:14:00Z,BATCH-AMZN-5779
PO_B14_005780,PayU Enterprise,BBAS-INV-655524 PO_B14_005780,366520,7753,0,0,358767,INR,2026-08-16T11:00:00Z,BATCH-BBAS-5780
PO_B14_005781,PayU Enterprise,JIOO-INV-354844 PO_B14_005781,51967,1067,0,0,50900,INR,2026-08-16T05:43:00Z,BATCH-JIOO-5781
PO_B14_005782,PayU Enterprise,SWIG-INV-978905 PO_B14_005782,164685,3914,0,0,160771,INR,2026-08-16T12:19:00Z,BATCH-SWIG-5782
PO_B14_005783,BillDesk Settlement,OLAA-INV-964043 PO_B14_005783,239479,4853,0,0,234626,INR,2026-08-16T02:18:00Z,BATCH-OLAA-5783
PO_B14_005784,BillDesk Settlement,PHNP-INV-195988 PO_B14_005784,125602,2299,0,0,123303,INR,2026-08-16T06:24:00Z,BATCH-PHNP-5784
PO_B14_005785,Stripe India,FLPK-INV-668438 PO_B14_005785,112066,2116,0,0,109950,INR,2026-08-15T18:38:00Z,BATCH-FLPK-5785
PO_B14_005786,BillDesk Settlement,FLPK-ORD-850171 FLPK-ORD-104048 BATCH-FLPK-5786,441001,8820,0,0,432181,INR,2026-08-16T16:31:00Z,BATCH-FLPK-5786
PO_B14_005787,Stripe India,FLPK-INV-525406 PO_B14_005787,389780,6144,0,0,383636,INR,2026-08-16T05:02:00Z,BATCH-FLPK-5787
PO_B14_005788,Razorpay Nodal,BKMS-INV-434981 PO_B14_005788,264679,5922,0,0,258757,INR,2026-08-16T23:51:00Z,BATCH-BKMS-5788
PO_B14_005789,BillDesk Settlement,BBAS-INV-423895 PO_B14_005789,337897,7274,0,0,330623,INR,2026-08-16T14:45:00Z,BATCH-BBAS-5789
PO_B14_005790,PayU Enterprise,BLNK-INV-508236 PO_B14_005790,140147,2936,0,0,137211,INR,2026-08-15T20:03:00Z,BATCH-BLNK-5790
PO_B14_005791,Razorpay Nodal,PAYT-INV-686304 PO_B14_005791,73773,1715,0,0,72058,INR,2026-08-15T14:37:00Z,BATCH-PAYT-5791
PO_B14_005792,BillDesk Settlement,FLPK-INV-702076 PO_B14_005792,167770,2581,0,0,165189,INR,2026-08-16T01:00:00Z,BATCH-FLPK-5792
PO_B14_005793,Razorpay Nodal,FLPK-INV-213684 PO_B14_005793,287614,6111,0,0,281503,INR,2026-08-15T21:54:00Z,BATCH-FLPK-5793
PO_B14_005794,BillDesk Settlement,NYKA-EXC-109284-UNRESOLVED,182692,3643,0,0,179049,INR,2026-08-16T12:13:00Z,HOLD-ESCROW
PO_B14_005795,Razorpay Nodal,JIOO-INV-774906 PO_B14_005795,181873,4065,0,0,177808,INR,2026-08-16T19:14:00Z,BATCH-JIOO-5795
PO_B14_005796,PayU Enterprise,ZOMA-INV-425371 PO_B14_005796,392008,7930,0,0,384078,INR,2026-08-15T19:08:00Z,BATCH-ZOMA-5796
PO_B14_005797,PayU Enterprise,MMTR-INV-298929 PO_B14_005797,123484,2580,0,0,120904,INR,2026-08-15T17:17:00Z,BATCH-MMTR-5797
PO_B14_005798,Razorpay Nodal,PHNP-INV-247120 PO_B14_005798,338476,6059,0,0,332417,INR,2026-08-16T03:36:00Z,BATCH-PHNP-5798
PO_B14_005799,Cashfree Escrow,PHNP-ORD-406964 PHNP-ORD-789020 PHNP-ORD-631166 BATCH-PHNP-5799,580914,11618,0,0,569296,INR,2026-08-16T19:17:00Z,BATCH-PHNP-5799
PO_B14_005800,Razorpay Nodal,PAYT-INV-929495 PO_B14_005800,339269,8279,0,0,330990,INR,2026-08-16T00:16:00Z,BATCH-PAYT-5800
PO_B14_005801,Cashfree Escrow,PHNP-INV-512084 PO_B14_005801,44638,1008,0,0,43630,INR,2026-08-16T04:31:00Z,BATCH-PHNP-5801
PO_B14_005802,Stripe India,UBER-EXC-110128-UNRESOLVED,284181,5673,0,0,278508,INR,2026-08-17T06:30:00Z,HOLD-ESCROW
PO_B14_005803,Stripe India,SWIG-INV-364189 PO_B14_005803,96079,1888,0,0,94191,INR,2026-08-16T00:50:00Z,BATCH-SWIG-5803
PO_B14_005804,Cashfree Escrow,SWIG-ORD-266880 SWIG-ORD-173582 BATCH-SWIG-5804,407795,8155,0,0,399640,INR,2026-08-16T04:09:00Z,BATCH-SWIG-5804
PO_B14_005805,PayU Enterprise,TATA-INV-914669 PO_B14_005805,398347,6672,0,0,391675,INR,2026-08-16T12:10:00Z,BATCH-TATA-5805
PO_B14_005806,BillDesk Settlement,MYNT-ORD-413759 MYNT-ORD-342738 MYNT-ORD-476592 BATCH-MYNT-5806,188325,3766,0,0,184559,INR,2026-08-16T14:42:00Z,BATCH-MYNT-5806
PO_B14_005807,Stripe India,AMZN-ORD-399175 AMZN-ORD-527828 BATCH-AMZN-5807,297784,5955,0,0,291829,INR,2026-08-16T06:48:00Z,BATCH-AMZN-5807
PO_B14_005808,Cashfree Escrow,UBER-INV-108784 PO_B14_005808,48402,957,0,0,47445,INR,2026-08-16T01:39:00Z,BATCH-UBER-5808
PO_B14_005809,Razorpay Nodal,PAYT-INV-374925 PO_B14_005809,40059,833,0,0,39226,INR,2026-08-16T17:32:00Z,BATCH-PAYT-5809
PO_B14_005810,Cashfree Escrow,FLPK-INV-694184 PO_B14_005810,29380,477,0,0,28903,INR,2026-08-16T05:26:00Z,BATCH-FLPK-5810
PO_B14_005811,Cashfree Escrow,JIOO-INV-271648 PO_B14_005811,117150,2250,0,0,114900,INR,2026-08-15T18:16:00Z,BATCH-JIOO-5811
PO_B14_005812,PayU Enterprise,NYKA-INV-452152 PO_B14_005812,264946,4325,0,0,260621,INR,2026-08-16T11:50:00Z,BATCH-NYKA-5812
PO_B14_005813,BillDesk Settlement,NYKA-INV-965451 PO_B14_005813,117992,2864,0,0,115128,INR,2026-08-15T21:08:00Z,BATCH-NYKA-5813
PO_B14_005814,PayU Enterprise,ZOMA-INV-760369 PO_B14_005814,146668,2354,0,0,144314,INR,2026-08-16T23:15:00Z,BATCH-ZOMA-5814
PO_B14_005815,BillDesk Settlement,SWIG-INV-279099 PO_B14_005815,326809,6408,0,0,320401,INR,2026-08-15T17:24:00Z,BATCH-SWIG-5815
PO_B14_005816,Stripe India,JIOO-INV-269614 PO_B14_005816,114533,2637,0,0,111896,INR,2026-08-15T16:25:00Z,BATCH-JIOO-5816
PO_B14_005817,Stripe India,ZOMA-INV-438588 PO_B14_005817,166366,2767,0,0,163599,INR,2026-08-15T21:59:00Z,BATCH-ZOMA-5817
PO_B14_005818,PayU Enterprise,UBER-INV-778677 PO_B14_005818,256787,6001,0,0,250786,INR,2026-08-16T00:56:00Z,BATCH-UBER-5818
PO_B14_005819,Cashfree Escrow,BLNK-INV-249621 PO_B14_005819,425843,9679,0,0,416164,INR,2026-08-16T00:22:00Z,BATCH-BLNK-5819
PO_B14_005820,PayU Enterprise,MYNT-ORD-828333 MYNT-ORD-513613 MYNT-ORD-535962 BATCH-MYNT-5820,474811,9496,0,0,465315,INR,2026-08-16T03:13:00Z,BATCH-MYNT-5820
PO_B14_005821,Stripe India,BBAS-INV-445794 PO_B14_005821,140335,3249,0,0,137086,INR,2026-08-16T04:08:00Z,BATCH-BBAS-5821
PO_B14_005822,Cashfree Escrow,AMZN-INV-696871 PO_B14_005822,300544,5764,0,0,294780,INR,2026-08-16T01:35:00Z,BATCH-AMZN-5822
PO_B14_005823,PayU Enterprise,MMTR-INV-794466 PO_B14_005823,27490,443,0,0,27047,INR,2026-08-16T12:31:00Z,BATCH-MMTR-5823
PO_B14_005824,Cashfree Escrow,MMTR-INV-138305 PO_B14_005824,206451,4924,0,0,201527,INR,2026-08-16T13:20:00Z,BATCH-MMTR-5824
PO_B14_005825,Cashfree Escrow,OLAA-INV-265894 PO_B14_005825,398019,9503,0,0,388516,INR,2026-08-16T09:04:00Z,BATCH-OLAA-5825
PO_B14_005826,BillDesk Settlement,PAYT-ORD-926048 PAYT-ORD-946872 BATCH-PAYT-5826,270813,5416,0,0,265397,INR,2026-08-16T19:43:00Z,BATCH-PAYT-5826
PO_B14_005827,PayU Enterprise,MYNT-ORD-751594 MYNT-ORD-638118 BATCH-MYNT-5827,396366,7927,0,0,388439,INR,2026-08-15T23:34:00Z,BATCH-MYNT-5827
PO_B14_005828,Cashfree Escrow,BLNK-ORD-908600 BLNK-ORD-311445 BLNK-ORD-833814 BATCH-BLNK-5828,622577,12451,0,0,610126,INR,2026-08-15T21:15:00Z,BATCH-BLNK-5828
PO_B14_005829,Stripe India,OLAA-ORD-272419 OLAA-ORD-505179 BATCH-OLAA-5829,158652,3173,0,0,155479,INR,2026-08-16T16:09:00Z,BATCH-OLAA-5829
PO_B14_005830,PayU Enterprise,BKMS-INV-433616 PO_B14_005830,163593,2562,0,0,161031,INR,2026-08-16T12:53:00Z,BATCH-BKMS-5830
PO_B14_005831,Razorpay Nodal,ZOMA-INV-706308 PO_B14_005831,334838,6595,0,0,328243,INR,2026-08-16T07:22:00Z,BATCH-ZOMA-5831
PO_B14_005832,Cashfree Escrow,SWIG-INV-299211 PO_B14_005832,116656,2426,0,0,114230,INR,2026-08-16T01:34:00Z,BATCH-SWIG-5832
PO_B14_005833,Stripe India,OLAA-INV-907181 PO_B14_005833,265475,5250,0,0,260225,INR,2026-08-16T10:54:00Z,BATCH-OLAA-5833
PO_B14_005834,Cashfree Escrow,BKMS-INV-776819 PO_B14_005834,288083,6338,0,0,281745,INR,2026-08-16T11:33:00Z,BATCH-BKMS-5834
PO_B14_005835,Razorpay Nodal,MYNT-INV-154174 PO_B14_005835,231372,4148,0,0,227224,INR,2026-08-16T00:05:00Z,BATCH-MYNT-5835
PO_B14_005836,Razorpay Nodal,PHNP-ORD-498943 PHNP-ORD-517572 BATCH-PHNP-5836,288955,5779,0,0,283176,INR,2026-08-16T08:25:00Z,BATCH-PHNP-5836
PO_B14_005837,Cashfree Escrow,MMTR-INV-634959 PO_B14_005837,255271,3962,0,0,251309,INR,2026-08-16T22:29:00Z,BATCH-MMTR-5837
PO_B14_005838,Razorpay Nodal,AMZN-INV-127879 PO_B14_005838,227119,4056,0,0,223063,INR,2026-08-16T12:58:00Z,BATCH-AMZN-5838
PO_B14_005839,PayU Enterprise,PHNP-ORD-312539 PHNP-ORD-547510 BATCH-PHNP-5839,417052,8341,0,0,408711,INR,2026-08-16T02:51:00Z,BATCH-PHNP-5839
PO_B14_005840,BillDesk Settlement,SWIG-INV-156687 PO_B14_005840,35315,783,0,0,34532,INR,2026-08-16T10:43:00Z,BATCH-SWIG-5840
PO_B14_005841,PayU Enterprise,BBAS-INV-575312 PO_B14_005841,394915,8882,0,0,386033,INR,2026-08-16T17:26:00Z,BATCH-BBAS-5841
PO_B14_005842,Cashfree Escrow,BBAS-ORD-740136 BBAS-ORD-391933 BBAS-ORD-225996 BATCH-BBAS-5842,439195,8783,0,0,430412,INR,2026-08-16T10:02:00Z,BATCH-BBAS-5842
PO_B14_005843,Stripe India,BKMS-ORD-205217 BKMS-ORD-157693 BATCH-BKMS-5843,405261,8105,0,0,397156,INR,2026-08-16T13:25:00Z,BATCH-BKMS-5843
PO_B14_005844,BillDesk Settlement,MMTR-INV-768298 PO_B14_005844,426123,10501,0,0,415622,INR,2026-08-16T05:43:00Z,BATCH-MMTR-5844
PO_B14_005845,Stripe India,MYNT-INV-617969 PO_B14_005845,142978,3446,0,0,139532,INR,2026-08-16T17:36:00Z,BATCH-MYNT-5845
PO_B14_005846,Razorpay Nodal,OLAA-ORD-447545 OLAA-ORD-172346 OLAA-ORD-363609 BATCH-OLAA-5846,502085,10041,0,0,492044,INR,2026-08-16T09:05:00Z,BATCH-OLAA-5846
PO_B14_005847,Stripe India,SWIG-INV-466442 PO_B14_005847,66399,1215,0,0,65184,INR,2026-08-16T09:45:00Z,BATCH-SWIG-5847
PO_B14_005848,PayU Enterprise,SWIG-ORD-445179 SWIG-ORD-381751 BATCH-SWIG-5848,177161,3543,0,0,173618,INR,2026-08-16T19:34:00Z,BATCH-SWIG-5848
PO_B14_005849,Cashfree Escrow,MMTR-INV-175835 PO_B14_005849,295230,7373,0,0,287857,INR,2026-08-15T22:57:00Z,BATCH-MMTR-5849
PO_B14_005850,Razorpay Nodal,BBAS-INV-105840 PO_B14_005850,73532,1692,0,0,71840,INR,2026-08-16T14:46:00Z,BATCH-BBAS-5850
PO_B14_005851,Razorpay Nodal,BKMS-INV-513252 PO_B14_005851,40933,669,0,0,40264,INR,2026-08-16T17:33:00Z,BATCH-BKMS-5851
PO_B14_005852,PayU Enterprise,TATA-EXC-713138-UNRESOLVED,176255,3515,0,0,172740,INR,2026-08-17T06:23:00Z,HOLD-ESCROW
PO_B14_005853,Razorpay Nodal,MMTR-ORD-743890 MMTR-ORD-605654 MMTR-ORD-849228 BATCH-MMTR-5853,566880,11337,0,0,555543,INR,2026-08-15T23:44:00Z,BATCH-MMTR-5853
PO_B14_005854,PayU Enterprise,BKMS-ORD-383978 BKMS-ORD-285251 BKMS-ORD-499105 BATCH-BKMS-5854,291379,5827,0,0,285552,INR,2026-08-16T20:39:00Z,BATCH-BKMS-5854
PO_B14_005855,PayU Enterprise,MMTR-INV-761652 PO_B14_005855,399366,9009,0,0,390357,INR,2026-08-15T16:46:00Z,BATCH-MMTR-5855
PO_B14_005856,PayU Enterprise,PAYT-ORD-270328 PAYT-ORD-596509 BATCH-PAYT-5856,350208,7004,0,0,343204,INR,2026-08-16T10:17:00Z,BATCH-PAYT-5856
PO_B14_005857,Razorpay Nodal,MYNT-ORD-516880 MYNT-ORD-466292 BATCH-MYNT-5857,235495,4709,0,0,230786,INR,2026-08-16T04:26:00Z,BATCH-MYNT-5857
PO_B14_005858,Cashfree Escrow,FLPK-INV-954440 PO_B14_005858,285806,6288,0,0,279518,INR,2026-08-16T05:50:00Z,BATCH-FLPK-5858
PO_B14_005859,PayU Enterprise,MYNT-INV-666510 PO_B14_005859,191807,4716,0,0,187091,INR,2026-08-16T09:03:00Z,BATCH-MYNT-5859
PO_B14_005860,BillDesk Settlement,TATA-INV-744140 PO_B14_005860,127338,3136,0,0,124202,INR,2026-08-15T22:26:00Z,BATCH-TATA-5860
PO_B14_005861,Stripe India,MMTR-INV-179500 PO_B14_005861,251533,5928,0,0,245605,INR,2026-08-15T19:58:00Z,BATCH-MMTR-5861
PO_B14_005862,Razorpay Nodal,BBAS-INV-163254 PO_B14_005862,296920,6898,0,0,290022,INR,2026-08-17T01:47:00Z,BATCH-BBAS-5862
PO_B14_005863,Stripe India,TATA-INV-486628 PO_B14_005863,36703,790,0,0,35913,INR,2026-08-16T02:31:00Z,BATCH-TATA-5863
PO_B14_005864,PayU Enterprise,ZOMA-ORD-429651 ZOMA-ORD-645171 ZOMA-ORD-378193 BATCH-ZOMA-5864,258469,5169,0,0,253300,INR,2026-08-16T12:55:00Z,BATCH-ZOMA-5864
PO_B14_005865,BillDesk Settlement,TATA-ORD-926415 TATA-ORD-176381 BATCH-TATA-5865,302033,6040,0,0,295993,INR,2026-08-16T15:30:00Z,BATCH-TATA-5865
PO_B14_005866,PayU Enterprise,AMZN-ORD-595754 AMZN-ORD-793673 BATCH-AMZN-5866,250001,5000,0,0,245001,INR,2026-08-16T18:00:00Z,BATCH-AMZN-5866
PO_B14_005867,Cashfree Escrow,AMZN-INV-876316 PO_B14_005867,427701,8112,0,0,419589,INR,2026-08-16T22:16:00Z,BATCH-AMZN-5867
PO_B14_005868,Stripe India,BKMS-EXC-296461-UNRESOLVED,164518,3280,0,0,161238,INR,2026-08-16T19:55:00Z,HOLD-ESCROW
PO_B14_005869,PayU Enterprise,ZOMA-INV-552894 PO_B14_005869,211000,3759,0,0,207241,INR,2026-08-16T10:02:00Z,BATCH-ZOMA-5869
PO_B14_005870,BillDesk Settlement,PAYT-INV-695252 PO_B14_005870,408472,8718,0,0,399754,INR,2026-08-16T08:32:00Z,BATCH-PAYT-5870
PO_B14_005871,BillDesk Settlement,FLPK-INV-438455 PO_B14_005871,137324,2082,0,0,135242,INR,2026-08-16T00:36:00Z,BATCH-FLPK-5871
PO_B14_005872,Razorpay Nodal,BLNK-INV-804164 PO_B14_005872,121192,2871,0,0,118321,INR,2026-08-15T19:49:00Z,BATCH-BLNK-5872
PO_B14_005873,Cashfree Escrow,PHNP-ORD-715611 PHNP-ORD-354358 BATCH-PHNP-5873,114223,2284,0,0,111939,INR,2026-08-16T01:46:00Z,BATCH-PHNP-5873
PO_B14_005874,Stripe India,JIOO-INV-867904 PO_B14_005874,436193,9111,0,0,427082,INR,2026-08-15T21:19:00Z,BATCH-JIOO-5874
PO_B14_005875,Cashfree Escrow,JIOO-ORD-797762 JIOO-ORD-976963 JIOO-ORD-214051 BATCH-JIOO-5875,366012,7320,0,0,358692,INR,2026-08-16T18:37:00Z,BATCH-JIOO-5875
PO_B14_005876,Stripe India,BBAS-INV-202551 PO_B14_005876,263209,4273,0,0,258936,INR,2026-08-16T17:25:00Z,BATCH-BBAS-5876
PO_B14_005877,PayU Enterprise,NYKA-INV-386178 PO_B14_005877,293428,7215,0,0,286213,INR,2026-08-16T22:55:00Z,BATCH-NYKA-5877
PO_B14_005878,Stripe India,PHNP-ORD-909985 PHNP-ORD-460495 BATCH-PHNP-5878,133701,2674,0,0,131027,INR,2026-08-16T19:56:00Z,BATCH-PHNP-5878
PO_B14_005879,Stripe India,BBAS-INV-221768 PO_B14_005879,322948,5924,0,0,317024,INR,2026-08-16T11:24:00Z,BATCH-BBAS-5879
PO_B14_005880,Cashfree Escrow,BLNK-INV-481287 PO_B14_005880,296222,7393,0,0,288829,INR,2026-08-16T13:54:00Z,BATCH-BLNK-5880
PO_B14_005881,BillDesk Settlement,TATA-INV-919129 PO_B14_005881,112207,1870,0,0,110337,INR,2026-08-16T22:34:00Z,BATCH-TATA-5881
PO_B14_005882,Stripe India,BBAS-ORD-592859 BBAS-ORD-656579 BATCH-BBAS-5882,163134,3262,0,0,159872,INR,2026-08-16T04:49:00Z,BATCH-BBAS-5882
PO_B14_005883,PayU Enterprise,ZOMA-INV-730890 PO_B14_005883,213122,5066,0,0,208056,INR,2026-08-16T19:28:00Z,BATCH-ZOMA-5883
PO_B14_005884,Razorpay Nodal,FLPK-INV-497552 PO_B14_005884,242462,4232,0,0,238230,INR,2026-08-16T20:54:00Z,BATCH-FLPK-5884
PO_B14_005885,Razorpay Nodal,MYNT-INV-942871 PO_B14_005885,64147,1088,0,0,63059,INR,2026-08-16T01:07:00Z,BATCH-MYNT-5885
PO_B14_005886,Cashfree Escrow,PHNP-ORD-170051 PHNP-ORD-513293 BATCH-PHNP-5886,282002,5640,0,0,276362,INR,2026-08-16T09:44:00Z,BATCH-PHNP-5886
PO_B14_005887,Stripe India,NYKA-ORD-399627 NYKA-ORD-550795 BATCH-NYKA-5887,281699,5633,0,0,276066,INR,2026-08-16T10:17:00Z,BATCH-NYKA-5887
PO_B14_005888,Cashfree Escrow,BLNK-INV-358911 PO_B14_005888,441225,6647,0,0,434578,INR,2026-08-16T02:03:00Z,BATCH-BLNK-5888
PO_B14_005889,BillDesk Settlement,OLAA-INV-871196 PO_B14_005889,203548,4302,0,0,199246,INR,2026-08-16T13:37:00Z,BATCH-OLAA-5889
PO_B14_005890,BillDesk Settlement,BBAS-INV-734381 PO_B14_005890,216465,5093,0,0,211372,INR,2026-08-16T18:24:00Z,BATCH-BBAS-5890
PO_B14_005891,BillDesk Settlement,FLPK-ORD-650425 FLPK-ORD-689089 FLPK-ORD-325878 BATCH-FLPK-5891,453916,9078,0,0,444838,INR,2026-08-15T21:44:00Z,BATCH-FLPK-5891
PO_B14_005892,PayU Enterprise,BLNK-EXC-248438-UNRESOLVED,76770,1525,0,0,75245,INR,2026-08-16T11:55:00Z,HOLD-ESCROW
PO_B14_005893,Razorpay Nodal,NYKA-INV-828155 PO_B14_005893,263073,4924,0,0,258149,INR,2026-08-16T17:33:00Z,BATCH-NYKA-5893
PO_B14_005894,BillDesk Settlement,BBAS-ORD-191545 BBAS-ORD-443753 BATCH-BBAS-5894,341791,6835,0,0,334956,INR,2026-08-16T07:58:00Z,BATCH-BBAS-5894
PO_B14_005895,Razorpay Nodal,UBER-INV-332956 PO_B14_005895,205202,3349,0,0,201853,INR,2026-08-16T14:47:00Z,BATCH-UBER-5895
PO_B14_005896,Stripe India,MMTR-ORD-649121 MMTR-ORD-607624 MMTR-ORD-336586 BATCH-MMTR-5896,509450,10189,0,0,499261,INR,2026-08-15T22:34:00Z,BATCH-MMTR-5896
PO_B14_005897,PayU Enterprise,SWIG-INV-804256 PO_B14_005897,322961,5259,0,0,317702,INR,2026-08-16T07:06:00Z,BATCH-SWIG-5897
PO_B14_005898,Razorpay Nodal,OLAA-INV-451222 PO_B14_005898,164866,4061,0,0,160805,INR,2026-08-16T07:11:00Z,BATCH-OLAA-5898
PO_B14_005899,Razorpay Nodal,MYNT-INV-188143 PO_B14_005899,125267,2426,0,0,122841,INR,2026-08-16T02:36:00Z,BATCH-MYNT-5899
PO_B14_005900,Stripe India,FLPK-INV-555622 PO_B14_005900,84432,1553,0,0,82879,INR,2026-08-15T17:46:00Z,BATCH-FLPK-5900
PO_B14_005901,BillDesk Settlement,OLAA-ORD-689914 OLAA-ORD-324702 BATCH-OLAA-5901,127410,2548,0,0,124862,INR,2026-08-16T06:36:00Z,BATCH-OLAA-5901
PO_B14_005902,BillDesk Settlement,UBER-INV-725833 PO_B14_005902,404966,6476,0,0,398490,INR,2026-08-16T15:27:00Z,BATCH-UBER-5902
PO_B14_005903,PayU Enterprise,TATA-ORD-797936 TATA-ORD-167780 BATCH-TATA-5903,277472,5549,0,0,271923,INR,2026-08-16T04:19:00Z,BATCH-TATA-5903
PO_B14_005904,Stripe India,BKMS-INV-706624 PO_B14_005904,117080,1792,0,0,115288,INR,2026-08-15T15:37:00Z,BATCH-BKMS-5904
PO_B14_005905,BillDesk Settlement,FLPK-INV-565295 PO_B14_005905,56008,1379,0,0,54629,INR,2026-08-16T03:21:00Z,BATCH-FLPK-5905
PO_B14_005906,PayU Enterprise,BBAS-ORD-785603 BBAS-ORD-931171 BATCH-BBAS-5906,393146,7862,0,0,385284,INR,2026-08-16T15:06:00Z,BATCH-BBAS-5906
PO_B14_005907,Stripe India,NYKA-ORD-120694 NYKA-ORD-764349 NYKA-ORD-736968 BATCH-NYKA-5907,543929,10878,0,0,533051,INR,2026-08-16T00:10:00Z,BATCH-NYKA-5907
PO_B14_005908,Stripe India,MYNT-INV-180269 PO_B14_005908,296046,7392,0,0,288654,INR,2026-08-15T23:21:00Z,BATCH-MYNT-5908
PO_B14_005909,PayU Enterprise,TATA-INV-730310 PO_B14_005909,37087,906,0,0,36181,INR,2026-08-16T02:32:00Z,BATCH-TATA-5909
PO_B14_005910,PayU Enterprise,FLPK-INV-670613 PO_B14_005910,57024,987,0,0,56037,INR,2026-08-15T17:21:00Z,BATCH-FLPK-5910
PO_B14_005911,Razorpay Nodal,MYNT-INV-697393 PO_B14_005911,128819,2757,0,0,126062,INR,2026-08-16T16:22:00Z,BATCH-MYNT-5911
PO_B14_005912,PayU Enterprise,AMZN-INV-640010 PO_B14_005912,211689,5168,0,0,206521,INR,2026-08-15T18:51:00Z,BATCH-AMZN-5912
PO_B14_005913,Stripe India,BBAS-ORD-220368 BBAS-ORD-461723 BATCH-BBAS-5913,112049,2240,0,0,109809,INR,2026-08-16T18:47:00Z,BATCH-BBAS-5913
PO_B14_005914,Razorpay Nodal,AMZN-INV-838542 PO_B14_005914,238591,5088,0,0,233503,INR,2026-08-16T09:20:00Z,BATCH-AMZN-5914
PO_B14_005915,Cashfree Escrow,PHNP-INV-308801 PO_B14_005915,244279,4397,0,0,239882,INR,2026-08-17T00:23:00Z,BATCH-PHNP-5915
PO_B14_005916,Stripe India,MYNT-INV-597045 PO_B14_005916,123310,2204,0,0,121106,INR,2026-08-16T12:32:00Z,BATCH-MYNT-5916
PO_B14_005917,Razorpay Nodal,BLNK-ORD-304135 BLNK-ORD-617938 BATCH-BLNK-5917,82596,1651,0,0,80945,INR,2026-08-16T18:57:00Z,BATCH-BLNK-5917
PO_B14_005918,Cashfree Escrow,AMZN-EXC-191955-UNRESOLVED,114733,2284,0,0,112449,INR,2026-08-17T03:33:00Z,HOLD-ESCROW
PO_B14_005919,Cashfree Escrow,ZOMA-INV-745378 PO_B14_005919,420132,6948,0,0,413184,INR,2026-08-15T13:01:00Z,BATCH-ZOMA-5919
PO_B14_005920,Stripe India,ZOMA-INV-348925 PO_B14_005920,282084,5940,0,0,276144,INR,2026-08-16T12:46:00Z,BATCH-ZOMA-5920
PO_B14_005921,BillDesk Settlement,BLNK-ORD-577255 BLNK-ORD-264553 BATCH-BLNK-5921,457443,9148,0,0,448295,INR,2026-08-15T21:25:00Z,BATCH-BLNK-5921
PO_B14_005922,Cashfree Escrow,OLAA-ORD-402048 OLAA-ORD-753074 BATCH-OLAA-5922,309585,6191,0,0,303394,INR,2026-08-16T18:36:00Z,BATCH-OLAA-5922
PO_B14_005923,Cashfree Escrow,OLAA-INV-882958 PO_B14_005923,135555,2928,0,0,132627,INR,2026-08-16T04:47:00Z,BATCH-OLAA-5923
PO_B14_005924,Razorpay Nodal,MYNT-EXC-459937-UNRESOLVED,215698,4303,0,0,211395,INR,2026-08-17T08:18:00Z,HOLD-ESCROW
PO_B14_005925,Stripe India,ZOMA-INV-210899 PO_B14_005925,336533,5162,0,0,331371,INR,2026-08-16T07:19:00Z,BATCH-ZOMA-5925
PO_B14_005926,BillDesk Settlement,OLAA-ORD-195942 OLAA-ORD-313248 OLAA-ORD-970980 BATCH-OLAA-5926,519395,10387,0,0,509008,INR,2026-08-16T05:31:00Z,BATCH-OLAA-5926
PO_B14_005927,Stripe India,MMTR-ORD-324066 MMTR-ORD-680240 BATCH-MMTR-5927,293505,5870,0,0,287635,INR,2026-08-16T11:09:00Z,BATCH-MMTR-5927
PO_B14_005928,Stripe India,TATA-INV-760391 PO_B14_005928,46590,1112,0,0,45478,INR,2026-08-16T20:14:00Z,BATCH-TATA-5928
PO_B14_005929,Stripe India,MMTR-ORD-830284 MMTR-ORD-450608 BATCH-MMTR-5929,248240,4964,0,0,243276,INR,2026-08-16T17:09:00Z,BATCH-MMTR-5929
PO_B14_005930,BillDesk Settlement,NYKA-INV-586931 PO_B14_005930,165396,3779,0,0,161617,INR,2026-08-16T07:34:00Z,BATCH-NYKA-5930
PO_B14_005931,BillDesk Settlement,UBER-EXC-726761-UNRESOLVED,242407,4838,0,0,237569,INR,2026-08-17T00:50:00Z,HOLD-ESCROW
PO_B14_005932,Cashfree Escrow,AMZN-INV-352610 PO_B14_005932,419963,9247,0,0,410716,INR,2026-08-15T21:53:00Z,BATCH-AMZN-5932
PO_B14_005933,PayU Enterprise,JIOO-EXC-545986-UNRESOLVED,158825,3166,0,0,155659,INR,2026-08-17T02:51:00Z,HOLD-ESCROW
PO_B14_005934,PayU Enterprise,TATA-INV-907284 PO_B14_005934,413680,9729,0,0,403951,INR,2026-08-16T10:28:00Z,BATCH-TATA-5934
PO_B14_005935,PayU Enterprise,NYKA-INV-964722 PO_B14_005935,268021,5173,0,0,262848,INR,2026-08-15T20:08:00Z,BATCH-NYKA-5935
PO_B14_005936,Razorpay Nodal,JIOO-INV-859942 PO_B14_005936,202523,3767,0,0,198756,INR,2026-08-15T23:55:00Z,BATCH-JIOO-5936
PO_B14_005937,PayU Enterprise,AMZN-INV-210814 PO_B14_005937,296722,6329,0,0,290393,INR,2026-08-16T11:01:00Z,BATCH-AMZN-5937
PO_B14_005938,Razorpay Nodal,ZOMA-INV-823896 PO_B14_005938,159992,3086,0,0,156906,INR,2026-08-16T13:50:00Z,BATCH-ZOMA-5938
PO_B14_005939,Stripe India,BLNK-INV-849190 PO_B14_005939,98274,1619,0,0,96655,INR,2026-08-16T18:13:00Z,BATCH-BLNK-5939
PO_B14_005940,PayU Enterprise,MYNT-INV-157004 PO_B14_005940,235343,5424,0,0,229919,INR,2026-08-16T19:14:00Z,BATCH-MYNT-5940
PO_B14_005941,PayU Enterprise,PHNP-ORD-562636 PHNP-ORD-424852 BATCH-PHNP-5941,412935,8258,0,0,404677,INR,2026-08-16T06:49:00Z,BATCH-PHNP-5941
PO_B14_005942,Razorpay Nodal,OLAA-INV-779873 PO_B14_005942,111772,2712,0,0,109060,INR,2026-08-16T01:33:00Z,BATCH-OLAA-5942
PO_B14_005943,BillDesk Settlement,TATA-INV-682959 PO_B14_005943,92509,1845,0,0,90664,INR,2026-08-15T14:29:00Z,BATCH-TATA-5943
PO_B14_005944,Razorpay Nodal,MYNT-ORD-369392 MYNT-ORD-181667 MYNT-ORD-798780 BATCH-MYNT-5944,329747,6594,0,0,323153,INR,2026-08-16T15:10:00Z,BATCH-MYNT-5944
PO_B14_005945,BillDesk Settlement,AMZN-ORD-407393 AMZN-ORD-528501 BATCH-AMZN-5945,306603,6132,0,0,300471,INR,2026-08-15T22:31:00Z,BATCH-AMZN-5945
PO_B14_005946,PayU Enterprise,JIOO-INV-145316 PO_B14_005946,77558,1292,0,0,76266,INR,2026-08-16T14:51:00Z,BATCH-JIOO-5946
PO_B14_005947,Stripe India,PAYT-ORD-446275 PAYT-ORD-505437 BATCH-PAYT-5947,409298,8185,0,0,401113,INR,2026-08-16T01:54:00Z,BATCH-PAYT-5947
PO_B14_005948,BillDesk Settlement,PHNP-INV-674500 PO_B14_005948,237816,5089,0,0,232727,INR,2026-08-16T19:05:00Z,BATCH-PHNP-5948
PO_B14_005949,PayU Enterprise,MMTR-INV-523964 PO_B14_005949,86263,2150,0,0,84113,INR,2026-08-16T07:29:00Z,BATCH-MMTR-5949
PO_B14_005950,Cashfree Escrow,MYNT-ORD-399284 MYNT-ORD-234741 BATCH-MYNT-5950,250334,5006,0,0,245328,INR,2026-08-16T09:30:00Z,BATCH-MYNT-5950
PO_B14_005951,Razorpay Nodal,MMTR-INV-723255 PO_B14_005951,210090,4078,0,0,206012,INR,2026-08-17T00:49:00Z,BATCH-MMTR-5951
PO_B14_005952,Cashfree Escrow,BBAS-INV-699964 PO_B14_005952,135559,2485,0,0,133074,INR,2026-08-16T03:15:00Z,BATCH-BBAS-5952
PO_B14_005953,Stripe India,PAYT-INV-924278 PO_B14_005953,260635,6237,0,0,254398,INR,2026-08-16T13:21:00Z,BATCH-PAYT-5953
PO_B14_005954,Cashfree Escrow,AMZN-ORD-256213 AMZN-ORD-849314 BATCH-AMZN-5954,263948,5278,0,0,258670,INR,2026-08-16T00:52:00Z,BATCH-AMZN-5954
PO_B14_005955,Stripe India,UBER-INV-961882 PO_B14_005955,190903,3817,0,0,187086,INR,2026-08-16T12:32:00Z,BATCH-UBER-5955
PO_B14_005956,Cashfree Escrow,BKMS-ORD-845047 BKMS-ORD-207554 BATCH-BKMS-5956,433760,8675,0,0,425085,INR,2026-08-16T13:06:00Z,BATCH-BKMS-5956
PO_B14_005957,Razorpay Nodal,AMZN-INV-335951 PO_B14_005957,176631,3969,0,0,172662,INR,2026-08-16T03:12:00Z,BATCH-AMZN-5957
PO_B14_005958,Razorpay Nodal,ZOMA-INV-615627 PO_B14_005958,239730,5536,0,0,234194,INR,2026-08-16T16:47:00Z,BATCH-ZOMA-5958
PO_B14_005959,Cashfree Escrow,MMTR-INV-552588 PO_B14_005959,95390,2305,0,0,93085,INR,2026-08-16T08:12:00Z,BATCH-MMTR-5959
PO_B14_005960,Razorpay Nodal,NYKA-INV-542036 PO_B14_005960,412768,8093,0,0,404675,INR,2026-08-16T09:49:00Z,BATCH-NYKA-5960
PO_B14_005961,Razorpay Nodal,BKMS-INV-971395 PO_B14_005961,215261,4659,0,0,210602,INR,2026-08-16T06:29:00Z,BATCH-BKMS-5961
PO_B14_005962,PayU Enterprise,SWIG-INV-679660 PO_B14_005962,344861,7534,0,0,337327,INR,2026-08-16T14:21:00Z,BATCH-SWIG-5962
PO_B14_005963,Cashfree Escrow,JIOO-INV-579273 PO_B14_005963,217353,4399,0,0,212954,INR,2026-08-16T11:23:00Z,BATCH-JIOO-5963
PO_B14_005964,BillDesk Settlement,JIOO-INV-474950 PO_B14_005964,70517,1194,0,0,69323,INR,2026-08-16T09:57:00Z,BATCH-JIOO-5964
PO_B14_005965,Stripe India,NYKA-INV-423514 PO_B14_005965,375971,8509,0,0,367462,INR,2026-08-16T11:53:00Z,BATCH-NYKA-5965
PO_B14_005966,BillDesk Settlement,BKMS-INV-260746 PO_B14_005966,32091,599,0,0,31492,INR,2026-08-16T16:51:00Z,BATCH-BKMS-5966
PO_B14_005967,Stripe India,FLPK-INV-686310 PO_B14_005967,263457,5017,0,0,258440,INR,2026-08-16T17:40:00Z,BATCH-FLPK-5967
PO_B14_005968,Cashfree Escrow,BKMS-INV-314222 PO_B14_005968,405463,6892,0,0,398571,INR,2026-08-16T08:03:00Z,BATCH-BKMS-5968
PO_B14_005969,Stripe India,OLAA-INV-995104 PO_B14_005969,243864,3881,0,0,239983,INR,2026-08-16T05:22:00Z,BATCH-OLAA-5969
PO_B14_005970,PayU Enterprise,MMTR-INV-673588 PO_B14_005970,138924,2830,0,0,136094,INR,2026-08-15T21:37:00Z,BATCH-MMTR-5970
PO_B14_005971,Cashfree Escrow,FLPK-ORD-854739 FLPK-ORD-945831 BATCH-FLPK-5971,196221,3924,0,0,192297,INR,2026-08-16T15:13:00Z,BATCH-FLPK-5971
PO_B14_005972,Razorpay Nodal,BKMS-ORD-816802 BKMS-ORD-296957 BKMS-ORD-945544 BATCH-BKMS-5972,357348,7146,0,0,350202,INR,2026-08-16T18:55:00Z,BATCH-BKMS-5972
PO_B14_005973,Razorpay Nodal,FLPK-INV-437667 PO_B14_005973,136724,3242,0,0,133482,INR,2026-08-16T01:07:00Z,BATCH-FLPK-5973
PO_B14_005974,BillDesk Settlement,PHNP-ORD-315396 PHNP-ORD-122634 BATCH-PHNP-5974,247574,4951,0,0,242623,INR,2026-08-16T04:00:00Z,BATCH-PHNP-5974
PO_B14_005975,PayU Enterprise,PAYT-ORD-776772 PAYT-ORD-639433 PAYT-ORD-185216 BATCH-PAYT-5975,447447,8948,0,0,438499,INR,2026-08-16T08:44:00Z,BATCH-PAYT-5975
PO_B14_005976,Cashfree Escrow,OLAA-INV-607715 PO_B14_005976,242582,6041,0,0,236541,INR,2026-08-16T13:45:00Z,BATCH-OLAA-5976
PO_B14_005977,PayU Enterprise,FLPK-INV-463017 PO_B14_005977,392645,7907,0,0,384738,INR,2026-08-16T08:53:00Z,BATCH-FLPK-5977
PO_B14_005978,Stripe India,TATA-INV-601652 PO_B14_005978,35294,622,0,0,34672,INR,2026-08-15T21:06:00Z,BATCH-TATA-5978
PO_B14_005979,PayU Enterprise,BBAS-ORD-993449 BBAS-ORD-239189 BBAS-ORD-559525 BATCH-BBAS-5979,350225,7004,0,0,343221,INR,2026-08-16T03:28:00Z,BATCH-BBAS-5979
PO_B14_005980,Cashfree Escrow,FLPK-INV-967536 PO_B14_005980,81064,1770,0,0,79294,INR,2026-08-16T03:05:00Z,BATCH-FLPK-5980
PO_B14_005981,Stripe India,AMZN-INV-333715 PO_B14_005981,137274,2076,0,0,135198,INR,2026-08-15T22:51:00Z,BATCH-AMZN-5981
PO_B14_005982,PayU Enterprise,PHNP-ORD-717572 PHNP-ORD-633569 PHNP-ORD-206602 BATCH-PHNP-5982,238817,4776,0,0,234041,INR,2026-08-16T09:07:00Z,BATCH-PHNP-5982
PO_B14_005983,PayU Enterprise,UBER-INV-352523 PO_B14_005983,423044,7771,0,0,415273,INR,2026-08-16T03:17:00Z,BATCH-UBER-5983
PO_B14_005984,BillDesk Settlement,AMZN-INV-332269 PO_B14_005984,28692,530,0,0,28162,INR,2026-08-16T17:11:00Z,BATCH-AMZN-5984
PO_B14_005985,Stripe India,PAYT-INV-887350 PO_B14_005985,57820,1193,0,0,56627,INR,2026-08-15T19:25:00Z,BATCH-PAYT-5985
PO_B14_005986,PayU Enterprise,MYNT-INV-859536 PO_B14_005986,384355,9012,0,0,375343,INR,2026-08-16T21:52:00Z,BATCH-MYNT-5986
PO_B14_005987,Cashfree Escrow,SWIG-EXC-840217-UNRESOLVED,214402,4278,0,0,210124,INR,2026-08-16T19:41:00Z,HOLD-ESCROW
PO_B14_005988,BillDesk Settlement,TATA-INV-435850 PO_B14_005988,241746,6018,0,0,235728,INR,2026-08-16T11:51:00Z,BATCH-TATA-5988
PO_B14_005989,Cashfree Escrow,BLNK-INV-519234 PO_B14_005989,416285,7683,0,0,408602,INR,2026-08-16T02:50:00Z,BATCH-BLNK-5989
PO_B14_005990,Cashfree Escrow,UBER-INV-972214 PO_B14_005990,234381,5813,0,0,228568,INR,2026-08-16T11:26:00Z,BATCH-UBER-5990
PO_B14_005991,Stripe India,BBAS-ORD-535618 BBAS-ORD-216740 BBAS-ORD-711313 BATCH-BBAS-5991,349653,6993,0,0,342660,INR,2026-08-16T01:03:00Z,BATCH-BBAS-5991
PO_B14_005992,Cashfree Escrow,FLPK-ORD-923191 FLPK-ORD-364508 BATCH-FLPK-5992,310214,6204,0,0,304010,INR,2026-08-16T01:35:00Z,BATCH-FLPK-5992
PO_B14_005993,Cashfree Escrow,BBAS-INV-272044 PO_B14_005993,117893,2642,0,0,115251,INR,2026-08-15T20:07:00Z,BATCH-BBAS-5993
PO_B14_005994,Razorpay Nodal,TATA-INV-860193 PO_B14_005994,180172,3001,0,0,177171,INR,2026-08-15T17:28:00Z,BATCH-TATA-5994
PO_B14_005995,Cashfree Escrow,SWIG-ORD-441189 SWIG-ORD-744512 BATCH-SWIG-5995,241709,4834,0,0,236875,INR,2026-08-16T11:03:00Z,BATCH-SWIG-5995
PO_B14_005996,PayU Enterprise,JIOO-EXC-253789-UNRESOLVED,195704,3904,0,0,191800,INR,2026-08-16T15:14:00Z,HOLD-ESCROW
PO_B14_005997,Cashfree Escrow,PAYT-INV-280838 PO_B14_005997,173368,2935,0,0,170433,INR,2026-08-16T00:05:00Z,BATCH-PAYT-5997
PO_B14_005998,BillDesk Settlement,PHNP-INV-806523 PO_B14_005998,326503,7726,0,0,318777,INR,2026-08-16T05:20:00Z,BATCH-PHNP-5998
PO_B14_005999,PayU Enterprise,PHNP-ORD-798844 PHNP-ORD-553116 BATCH-PHNP-5999,177473,3549,0,0,173924,INR,2026-08-16T10:14:00Z,BATCH-PHNP-5999
PO_B14_006000,BillDesk Settlement,NYKA-INV-915268 PO_B14_006000,52391,820,0,0,51571,INR,2026-08-15T21:49:00Z,BATCH-NYKA-6000
PO_B14_006001,PayU Enterprise,BLNK-ORD-627311 BLNK-ORD-778696 BATCH-BLNK-6001,347074,6941,0,0,340133,INR,2026-08-16T14:42:00Z,BATCH-BLNK-6001
PO_B14_006002,Stripe India,BKMS-ORD-206799 BKMS-ORD-926922 BATCH-BKMS-6002,172658,3453,0,0,169205,INR,2026-08-16T13:52:00Z,BATCH-BKMS-6002
PO_B14_006003,Razorpay Nodal,BBAS-INV-959185 PO_B14_006003,130866,2541,0,0,128325,INR,2026-08-16T13:23:00Z,BATCH-BBAS-6003
PO_B14_006004,Cashfree Escrow,PAYT-ORD-824302 PAYT-ORD-896736 BATCH-PAYT-6004,87941,1758,0,0,86183,INR,2026-08-16T08:42:00Z,BATCH-PAYT-6004
PO_B14_006005,Cashfree Escrow,UBER-INV-144543 PO_B14_006005,333406,6958,0,0,326448,INR,2026-08-16T19:56:00Z,BATCH-UBER-6005
PO_B14_006006,BillDesk Settlement,BBAS-INV-534313 PO_B14_006006,331256,6950,0,0,324306,INR,2026-08-16T12:27:00Z,BATCH-BBAS-6006
PO_B14_006007,Cashfree Escrow,FLPK-ORD-895523 FLPK-ORD-779185 FLPK-ORD-923661 BATCH-FLPK-6007,260299,5205,0,0,255094,INR,2026-08-16T02:30:00Z,BATCH-FLPK-6007
PO_B14_006008,PayU Enterprise,BLNK-INV-638132 PO_B14_006008,192704,3484,0,0,189220,INR,2026-08-16T09:53:00Z,BATCH-BLNK-6008
PO_B14_006009,Stripe India,JIOO-ORD-564659 JIOO-ORD-703484 JIOO-ORD-717143 BATCH-JIOO-6009,636952,12739,0,0,624213,INR,2026-08-16T10:29:00Z,BATCH-JIOO-6009
PO_B14_006010,Razorpay Nodal,ZOMA-INV-622585 PO_B14_006010,369739,7071,0,0,362668,INR,2026-08-15T20:34:00Z,BATCH-ZOMA-6010
PO_B14_006011,Razorpay Nodal,JIOO-INV-889313 PO_B14_006011,132257,2297,0,0,129960,INR,2026-08-16T21:27:00Z,BATCH-JIOO-6011
PO_B14_006012,Cashfree Escrow,MMTR-INV-740861 PO_B14_006012,40255,941,0,0,39314,INR,2026-08-16T02:01:00Z,BATCH-MMTR-6012
PO_B14_006013,PayU Enterprise,TATA-INV-175057 PO_B14_006013,79891,1470,0,0,78421,INR,2026-08-16T04:29:00Z,BATCH-TATA-6013
PO_B14_006014,Razorpay Nodal,BBAS-ORD-886700 BBAS-ORD-224024 BATCH-BBAS-6014,373683,7473,0,0,366210,INR,2026-08-16T18:55:00Z,BATCH-BBAS-6014
PO_B14_006015,Stripe India,ZOMA-ORD-804877 ZOMA-ORD-333604 BATCH-ZOMA-6015,178380,3567,0,0,174813,INR,2026-08-16T01:28:00Z,BATCH-ZOMA-6015
PO_B14_006016,BillDesk Settlement,TATA-ORD-886931 TATA-ORD-722344 TATA-ORD-404945 BATCH-TATA-6016,342362,6847,0,0,335515,INR,2026-08-16T01:15:00Z,BATCH-TATA-6016
PO_B14_006017,Cashfree Escrow,AMZN-INV-231472 PO_B14_006017,317164,4896,0,0,312268,INR,2026-08-15T21:40:00Z,BATCH-AMZN-6017
PO_B14_006018,Razorpay Nodal,OLAA-INV-256336 PO_B14_006018,327006,5596,0,0,321410,INR,2026-08-16T02:46:00Z,BATCH-OLAA-6018
PO_B14_006019,BillDesk Settlement,BKMS-INV-903470 PO_B14_006019,207310,3968,0,0,203342,INR,2026-08-16T00:05:00Z,BATCH-BKMS-6019
PO_B14_006020,BillDesk Settlement,PAYT-ORD-911669 PAYT-ORD-565858 BATCH-PAYT-6020,364520,7290,0,0,357230,INR,2026-08-16T19:26:00Z,BATCH-PAYT-6020
PO_B14_006021,PayU Enterprise,ZOMA-INV-602515 PO_B14_006021,240365,4039,0,0,236326,INR,2026-08-16T08:17:00Z,BATCH-ZOMA-6021
PO_B14_006022,Cashfree Escrow,NYKA-INV-955648 PO_B14_006022,115640,2872,0,0,112768,INR,2026-08-16T07:26:00Z,BATCH-NYKA-6022
PO_B14_006023,BillDesk Settlement,BBAS-INV-196245 PO_B14_006023,79802,1760,0,0,78042,INR,2026-08-16T01:04:00Z,BATCH-BBAS-6023
PO_B14_006024,Cashfree Escrow,OLAA-INV-417239 PO_B14_006024,257976,6391,0,0,251585,INR,2026-08-16T01:09:00Z,BATCH-OLAA-6024
PO_B14_006025,PayU Enterprise,OLAA-INV-124732 PO_B14_006025,398168,9582,0,0,388586,INR,2026-08-15T16:02:00Z,BATCH-OLAA-6025
PO_B14_006026,Razorpay Nodal,OLAA-INV-882268 PO_B14_006026,159433,2756,0,0,156677,INR,2026-08-16T04:40:00Z,BATCH-OLAA-6026
PO_B14_006027,Razorpay Nodal,MMTR-INV-841171 PO_B14_006027,47944,1177,0,0,46767,INR,2026-08-16T02:50:00Z,BATCH-MMTR-6027
PO_B14_006028,Stripe India,PAYT-INV-665230 PO_B14_006028,59383,1294,0,0,58089,INR,2026-08-16T01:01:00Z,BATCH-PAYT-6028
PO_B14_006029,PayU Enterprise,FLPK-INV-903365 PO_B14_006029,240005,4075,0,0,235930,INR,2026-08-16T03:59:00Z,BATCH-FLPK-6029
PO_B14_006030,Cashfree Escrow,BBAS-INV-812434 PO_B14_006030,269130,6199,0,0,262931,INR,2026-08-16T15:27:00Z,BATCH-BBAS-6030
PO_B14_006031,Cashfree Escrow,AMZN-INV-313342 PO_B14_006031,387263,6252,0,0,381011,INR,2026-08-16T09:38:00Z,BATCH-AMZN-6031
PO_B14_006032,BillDesk Settlement,PAYT-ORD-134271 PAYT-ORD-672244 BATCH-PAYT-6032,307786,6155,0,0,301631,INR,2026-08-16T04:20:00Z,BATCH-PAYT-6032
PO_B14_006033,Stripe India,BLNK-INV-418549 PO_B14_006033,383800,8328,0,0,375472,INR,2026-08-15T21:17:00Z,BATCH-BLNK-6033
PO_B14_006034,BillDesk Settlement,TATA-ORD-475803 TATA-ORD-914003 BATCH-TATA-6034,253739,5074,0,0,248665,INR,2026-08-16T05:39:00Z,BATCH-TATA-6034
PO_B14_006035,Cashfree Escrow,PAYT-INV-928602 PO_B14_006035,382329,6701,0,0,375628,INR,2026-08-16T03:54:00Z,BATCH-PAYT-6035
PO_B14_006036,BillDesk Settlement,PHNP-INV-335467 PO_B14_006036,26553,513,0,0,26040,INR,2026-08-16T05:37:00Z,BATCH-PHNP-6036
PO_B14_006037,BillDesk Settlement,BKMS-ORD-400361 BKMS-ORD-563489 BATCH-BKMS-6037,121480,2429,0,0,119051,INR,2026-08-16T18:33:00Z,BATCH-BKMS-6037
PO_B14_006038,Stripe India,BBAS-INV-861647 PO_B14_006038,253994,6184,0,0,247810,INR,2026-08-16T03:03:00Z,BATCH-BBAS-6038
PO_B14_006039,PayU Enterprise,PAYT-INV-308414 PO_B14_006039,436415,7863,0,0,428552,INR,2026-08-16T15:57:00Z,BATCH-PAYT-6039
PO_B14_006040,Cashfree Escrow,ZOMA-ORD-775219 ZOMA-ORD-908625 BATCH-ZOMA-6040,287716,5754,0,0,281962,INR,2026-08-16T10:09:00Z,BATCH-ZOMA-6040
PO_B14_006041,PayU Enterprise,JIOO-EXC-673376-UNRESOLVED,122861,2447,0,0,120414,INR,2026-08-16T20:04:00Z,HOLD-ESCROW
PO_B14_006042,PayU Enterprise,NYKA-INV-763402 PO_B14_006042,185770,4571,0,0,181199,INR,2026-08-15T23:10:00Z,BATCH-NYKA-6042
PO_B14_006043,BillDesk Settlement,MYNT-INV-298041 PO_B14_006043,148334,2985,0,0,145349,INR,2026-08-16T05:43:00Z,BATCH-MYNT-6043
PO_B14_006044,Cashfree Escrow,BKMS-INV-173667 PO_B14_006044,320394,5368,0,0,315026,INR,2026-08-15T16:25:00Z,BATCH-BKMS-6044
PO_B14_006045,Cashfree Escrow,JIOO-ORD-842086 JIOO-ORD-684061 BATCH-JIOO-6045,345488,6909,0,0,338579,INR,2026-08-16T05:31:00Z,BATCH-JIOO-6045
PO_B14_006046,PayU Enterprise,PHNP-INV-893989 PO_B14_006046,445880,8082,0,0,437798,INR,2026-08-16T11:15:00Z,BATCH-PHNP-6046
PO_B14_006047,Cashfree Escrow,OLAA-ORD-656586 OLAA-ORD-553755 BATCH-OLAA-6047,146055,2921,0,0,143134,INR,2026-08-16T08:16:00Z,BATCH-OLAA-6047
PO_B14_006048,Razorpay Nodal,MYNT-ORD-557169 MYNT-ORD-148395 MYNT-ORD-195129 BATCH-MYNT-6048,303486,6069,0,0,297417,INR,2026-08-16T19:23:00Z,BATCH-MYNT-6048
PO_B14_006049,PayU Enterprise,BLNK-INV-486972 PO_B14_006049,115245,1732,0,0,113513,INR,2026-08-16T05:23:00Z,BATCH-BLNK-6049
PO_B14_006050,Stripe India,BBAS-INV-334343 PO_B14_006050,251234,4455,0,0,246779,INR,2026-08-16T11:28:00Z,BATCH-BBAS-6050
PO_B14_006051,BillDesk Settlement,MYNT-INV-298943 PO_B14_006051,360014,8966,0,0,351048,INR,2026-08-16T02:08:00Z,BATCH-MYNT-6051
PO_B14_006052,BillDesk Settlement,TATA-INV-452714 PO_B14_006052,143504,2822,0,0,140682,INR,2026-08-16T15:15:00Z,BATCH-TATA-6052
PO_B14_006053,Razorpay Nodal,AMZN-INV-415296 PO_B14_006053,38323,819,0,0,37504,INR,2026-08-16T15:50:00Z,BATCH-AMZN-6053
PO_B14_006054,Cashfree Escrow,PAYT-INV-122291 PO_B14_006054,193111,4053,0,0,189058,INR,2026-08-16T17:38:00Z,BATCH-PAYT-6054
PO_B14_006055,Razorpay Nodal,BLNK-INV-476203 PO_B14_006055,435734,8628,0,0,427106,INR,2026-08-15T19:26:00Z,BATCH-BLNK-6055
PO_B14_006056,Stripe India,BBAS-INV-320590 PO_B14_006056,424765,8987,0,0,415778,INR,2026-08-16T02:33:00Z,BATCH-BBAS-6056
PO_B14_006057,Cashfree Escrow,OLAA-INV-977565 PO_B14_006057,366725,7521,0,0,359204,INR,2026-08-15T22:05:00Z,BATCH-OLAA-6057
PO_B14_006058,BillDesk Settlement,AMZN-ORD-203160 AMZN-ORD-276510 BATCH-AMZN-6058,231331,4626,0,0,226705,INR,2026-08-16T20:31:00Z,BATCH-AMZN-6058
PO_B14_006059,Cashfree Escrow,BLNK-INV-821048 PO_B14_006059,273253,6239,0,0,267014,INR,2026-08-16T13:04:00Z,BATCH-BLNK-6059
PO_B14_006060,Razorpay Nodal,FLPK-INV-671895 PO_B14_006060,70783,1216,0,0,69567,INR,2026-08-16T02:16:00Z,BATCH-FLPK-6060
PO_B14_006061,Razorpay Nodal,BBAS-INV-715174 PO_B14_006061,447516,6875,0,0,440641,INR,2026-08-16T02:16:00Z,BATCH-BBAS-6061
PO_B14_006062,BillDesk Settlement,FLPK-INV-559068 PO_B14_006062,180201,3768,0,0,176433,INR,2026-08-16T07:08:00Z,BATCH-FLPK-6062
PO_B14_006063,BillDesk Settlement,MYNT-INV-168560 PO_B14_006063,183955,4348,0,0,179607,INR,2026-08-16T12:14:00Z,BATCH-MYNT-6063
PO_B14_006064,Cashfree Escrow,UBER-ORD-917101 UBER-ORD-282637 UBER-ORD-495465 BATCH-UBER-6064,357852,7157,0,0,350695,INR,2026-08-16T04:59:00Z,BATCH-UBER-6064
PO_B14_006065,BillDesk Settlement,MMTR-ORD-360036 MMTR-ORD-995263 BATCH-MMTR-6065,356772,7135,0,0,349637,INR,2026-08-16T17:22:00Z,BATCH-MMTR-6065
PO_B14_006066,PayU Enterprise,PHNP-INV-259396 PO_B14_006066,382771,6313,0,0,376458,INR,2026-08-16T09:45:00Z,BATCH-PHNP-6066
PO_B14_006067,BillDesk Settlement,BKMS-ORD-496581 BKMS-ORD-491766 BKMS-ORD-820935 BATCH-BKMS-6067,420698,8413,0,0,412285,INR,2026-08-15T23:17:00Z,BATCH-BKMS-6067
PO_B14_006068,PayU Enterprise,BKMS-INV-871313 PO_B14_006068,325209,6939,0,0,318270,INR,2026-08-16T10:43:00Z,BATCH-BKMS-6068
PO_B14_006069,Stripe India,TATA-EXC-783627-UNRESOLVED,127215,2534,0,0,124681,INR,2026-08-16T22:05:00Z,HOLD-ESCROW
PO_B14_006070,Razorpay Nodal,UBER-INV-873239 PO_B14_006070,257308,4629,0,0,252679,INR,2026-08-16T10:08:00Z,BATCH-UBER-6070
PO_B14_006071,PayU Enterprise,NYKA-INV-596592 PO_B14_006071,272136,5916,0,0,266220,INR,2026-08-16T14:33:00Z,BATCH-NYKA-6071
PO_B14_006072,PayU Enterprise,JIOO-INV-255045 PO_B14_006072,342506,5915,0,0,336591,INR,2026-08-16T01:54:00Z,BATCH-JIOO-6072
PO_B14_006073,Razorpay Nodal,MYNT-ORD-264830 MYNT-ORD-870607 MYNT-ORD-614223 BATCH-MYNT-6073,508966,10179,0,0,498787,INR,2026-08-16T13:37:00Z,BATCH-MYNT-6073
PO_B14_006074,Razorpay Nodal,TATA-ORD-941723 TATA-ORD-381592 BATCH-TATA-6074,298824,5976,0,0,292848,INR,2026-08-16T20:24:00Z,BATCH-TATA-6074
PO_B14_006075,BillDesk Settlement,JIOO-ORD-696341 JIOO-ORD-332439 BATCH-JIOO-6075,218883,4377,0,0,214506,INR,2026-08-16T09:56:00Z,BATCH-JIOO-6075
PO_B14_006076,Cashfree Escrow,SWIG-INV-895887 PO_B14_006076,264329,4381,0,0,259948,INR,2026-08-15T22:40:00Z,BATCH-SWIG-6076
PO_B14_006077,Stripe India,FLPK-INV-644762 PO_B14_006077,378494,8779,0,0,369715,INR,2026-08-15T23:57:00Z,BATCH-FLPK-6077
PO_B14_006078,BillDesk Settlement,SWIG-ORD-989186 SWIG-ORD-495405 SWIG-ORD-452480 BATCH-SWIG-6078,391068,7821,0,0,383247,INR,2026-08-16T20:09:00Z,BATCH-SWIG-6078
PO_B14_006079,BillDesk Settlement,OLAA-INV-489589 PO_B14_006079,380171,6059,0,0,374112,INR,2026-08-16T04:40:00Z,BATCH-OLAA-6079
PO_B14_006080,Stripe India,JIOO-ORD-251582 JIOO-ORD-462871 JIOO-ORD-110318 BATCH-JIOO-6080,422439,8448,0,0,413991,INR,2026-08-16T18:38:00Z,BATCH-JIOO-6080
PO_B14_006081,Razorpay Nodal,BLNK-INV-262632 PO_B14_006081,373870,6791,0,0,367079,INR,2026-08-16T05:24:00Z,BATCH-BLNK-6081
PO_B14_006082,PayU Enterprise,PHNP-INV-434737 PO_B14_006082,154823,3241,0,0,151582,INR,2026-08-16T02:41:00Z,BATCH-PHNP-6082
PO_B14_006083,Cashfree Escrow,ZOMA-INV-318306 PO_B14_006083,388653,8736,0,0,379917,INR,2026-08-15T20:41:00Z,BATCH-ZOMA-6083
PO_B14_006084,Stripe India,BKMS-INV-695895 PO_B14_006084,192761,3107,0,0,189654,INR,2026-08-16T16:24:00Z,BATCH-BKMS-6084
PO_B14_006085,PayU Enterprise,MMTR-INV-233356 PO_B14_006085,444853,9676,0,0,435177,INR,2026-08-16T11:04:00Z,BATCH-MMTR-6085
PO_B14_006086,Razorpay Nodal,BKMS-INV-715495 PO_B14_006086,187007,3943,0,0,183064,INR,2026-08-16T14:36:00Z,BATCH-BKMS-6086
PO_B14_006087,BillDesk Settlement,OLAA-INV-668692 PO_B14_006087,356786,7393,0,0,349393,INR,2026-08-16T00:55:00Z,BATCH-OLAA-6087
PO_B14_006088,Stripe India,TATA-INV-466363 PO_B14_006088,371045,5677,0,0,365368,INR,2026-08-16T03:01:00Z,BATCH-TATA-6088
PO_B14_006089,PayU Enterprise,SWIG-INV-669022 PO_B14_006089,149178,3687,0,0,145491,INR,2026-08-16T09:03:00Z,BATCH-SWIG-6089
PO_B14_006090,BillDesk Settlement,TATA-ORD-907712 TATA-ORD-858281 TATA-ORD-909805 BATCH-TATA-6090,232178,4643,0,0,227535,INR,2026-08-16T06:54:00Z,BATCH-TATA-6090
PO_B14_006091,Razorpay Nodal,NYKA-INV-536339 PO_B14_006091,129927,3050,0,0,126877,INR,2026-08-16T18:06:00Z,BATCH-NYKA-6091
PO_B14_006092,Razorpay Nodal,ZOMA-EXC-522739-UNRESOLVED,124031,2470,0,0,121561,INR,2026-08-16T10:47:00Z,HOLD-ESCROW
PO_B14_006093,Razorpay Nodal,ZOMA-INV-385825 PO_B14_006093,104791,2232,0,0,102559,INR,2026-08-16T13:30:00Z,BATCH-ZOMA-6093
PO_B14_006094,Razorpay Nodal,AMZN-INV-754415 PO_B14_006094,87871,1930,0,0,85941,INR,2026-08-15T21:11:00Z,BATCH-AMZN-6094
PO_B14_006095,Stripe India,PAYT-INV-911739 PO_B14_006095,242402,4023,0,0,238379,INR,2026-08-16T14:51:00Z,BATCH-PAYT-6095
PO_B14_006096,Stripe India,MYNT-INV-997839 PO_B14_006096,397050,9425,0,0,387625,INR,2026-08-15T14:22:00Z,BATCH-MYNT-6096
PO_B14_006097,PayU Enterprise,OLAA-INV-607774 PO_B14_006097,149935,2252,0,0,147683,INR,2026-08-16T19:11:00Z,BATCH-OLAA-6097
PO_B14_006098,BillDesk Settlement,FLPK-INV-689660 PO_B14_006098,424518,7839,0,0,416679,INR,2026-08-16T13:23:00Z,BATCH-FLPK-6098
PO_B14_006099,Stripe India,TATA-INV-240652 PO_B14_006099,121829,2540,0,0,119289,INR,2026-08-16T07:29:00Z,BATCH-TATA-6099
PO_B14_006100,BillDesk Settlement,NYKA-ORD-390523 NYKA-ORD-535699 BATCH-NYKA-6100,390937,7818,0,0,383119,INR,2026-08-16T13:35:00Z,BATCH-NYKA-6100
PO_B14_006101,Razorpay Nodal,NYKA-ORD-761299 NYKA-ORD-336592 BATCH-NYKA-6101,214705,4294,0,0,210411,INR,2026-08-16T11:04:00Z,BATCH-NYKA-6101
PO_B14_006102,Stripe India,MMTR-INV-108065 PO_B14_006102,170569,3165,0,0,167404,INR,2026-08-15T16:02:00Z,BATCH-MMTR-6102
PO_B14_006103,Cashfree Escrow,JIOO-ORD-241752 JIOO-ORD-542508 JIOO-ORD-510145 BATCH-JIOO-6103,304449,6088,0,0,298361,INR,2026-08-16T19:48:00Z,BATCH-JIOO-6103
PO_B14_006104,PayU Enterprise,OLAA-EXC-805202-UNRESOLVED,80392,1597,0,0,78795,INR,2026-08-17T00:45:00Z,HOLD-ESCROW
PO_B14_006105,Razorpay Nodal,PHNP-INV-573319 PO_B14_006105,110793,1993,0,0,108800,INR,2026-08-16T04:21:00Z,BATCH-PHNP-6105
PO_B14_006106,BillDesk Settlement,ZOMA-ORD-338707 ZOMA-ORD-276990 BATCH-ZOMA-6106,334730,6694,0,0,328036,INR,2026-08-16T10:45:00Z,BATCH-ZOMA-6106
PO_B14_006107,BillDesk Settlement,NYKA-INV-456179 PO_B14_006107,273933,4544,0,0,269389,INR,2026-08-16T04:38:00Z,BATCH-NYKA-6107
PO_B14_006108,Cashfree Escrow,MMTR-INV-745709 PO_B14_006108,299909,6937,0,0,292972,INR,2026-08-16T14:03:00Z,BATCH-MMTR-6108
PO_B14_006109,PayU Enterprise,FLPK-ORD-205782 FLPK-ORD-940921 BATCH-FLPK-6109,287998,5759,0,0,282239,INR,2026-08-15T23:56:00Z,BATCH-FLPK-6109
PO_B14_006110,Stripe India,SWIG-INV-703767 PO_B14_006110,325132,4889,0,0,320243,INR,2026-08-17T01:04:00Z,BATCH-SWIG-6110
PO_B14_006111,PayU Enterprise,AMZN-INV-331301 PO_B14_006111,114864,2235,0,0,112629,INR,2026-08-16T03:08:00Z,BATCH-AMZN-6111
PO_B14_006112,Razorpay Nodal,BBAS-INV-786843 PO_B14_006112,83222,1249,0,0,81973,INR,2026-08-16T10:05:00Z,BATCH-BBAS-6112
PO_B14_006113,BillDesk Settlement,JIOO-INV-476494 PO_B14_006113,382368,9052,0,0,373316,INR,2026-08-16T14:03:00Z,BATCH-JIOO-6113
PO_B14_006114,Cashfree Escrow,TATA-INV-648488 PO_B14_006114,228905,5691,0,0,223214,INR,2026-08-16T05:11:00Z,BATCH-TATA-6114
PO_B14_006115,Cashfree Escrow,OLAA-INV-544918 PO_B14_006115,45068,747,0,0,44321,INR,2026-08-16T09:19:00Z,BATCH-OLAA-6115
PO_B14_006116,PayU Enterprise,AMZN-INV-580805 PO_B14_006116,29360,665,0,0,28695,INR,2026-08-16T02:55:00Z,BATCH-AMZN-6116
PO_B14_006117,PayU Enterprise,BKMS-INV-492853 PO_B14_006117,37760,760,0,0,37000,INR,2026-08-15T17:54:00Z,BATCH-BKMS-6117
PO_B14_006118,Razorpay Nodal,ZOMA-EXC-996447-UNRESOLVED,139733,2784,0,0,136949,INR,2026-08-16T15:36:00Z,HOLD-ESCROW
PO_B14_006119,Stripe India,JIOO-INV-802581 PO_B14_006119,365430,7037,0,0,358393,INR,2026-08-16T21:16:00Z,BATCH-JIOO-6119
PO_B14_006120,Cashfree Escrow,ZOMA-ORD-714347 ZOMA-ORD-689454 BATCH-ZOMA-6120,358738,7174,0,0,351564,INR,2026-08-16T06:53:00Z,BATCH-ZOMA-6120
PO_B14_006121,PayU Enterprise,PAYT-ORD-920802 PAYT-ORD-113321 BATCH-PAYT-6121,86240,1724,0,0,84516,INR,2026-08-16T18:14:00Z,BATCH-PAYT-6121
PO_B14_006122,Stripe India,UBER-INV-887727 PO_B14_006122,113098,2772,0,0,110326,INR,2026-08-16T15:22:00Z,BATCH-UBER-6122
PO_B14_006123,Cashfree Escrow,NYKA-INV-376571 PO_B14_006123,216054,4555,0,0,211499,INR,2026-08-16T03:50:00Z,BATCH-NYKA-6123
PO_B14_006124,BillDesk Settlement,PHNP-INV-740860 PO_B14_006124,381447,6967,0,0,374480,INR,2026-08-16T12:23:00Z,BATCH-PHNP-6124
PO_B14_006125,Stripe India,PAYT-ORD-971558 PAYT-ORD-740417 PAYT-ORD-116360 BATCH-PAYT-6125,289528,5790,0,0,283738,INR,2026-08-16T07:25:00Z,BATCH-PAYT-6125
PO_B14_006126,Cashfree Escrow,JIOO-INV-668483 PO_B14_006126,254333,5745,0,0,248588,INR,2026-08-16T00:09:00Z,BATCH-JIOO-6126
PO_B14_006127,Cashfree Escrow,MMTR-INV-535112 PO_B14_006127,431339,9119,0,0,422220,INR,2026-08-16T12:38:00Z,BATCH-MMTR-6127
PO_B14_006128,Cashfree Escrow,MYNT-ORD-111757 MYNT-ORD-208778 BATCH-MYNT-6128,234080,4681,0,0,229399,INR,2026-08-16T15:18:00Z,BATCH-MYNT-6128
PO_B14_006129,Cashfree Escrow,FLPK-INV-865954 PO_B14_006129,115297,2523,0,0,112774,INR,2026-08-16T08:00:00Z,BATCH-FLPK-6129
PO_B14_006130,Cashfree Escrow,NYKA-INV-822468 PO_B14_006130,212652,4760,0,0,207892,INR,2026-08-16T11:48:00Z,BATCH-NYKA-6130
PO_B14_006131,Cashfree Escrow,PHNP-INV-948210 PO_B14_006131,305993,5062,0,0,300931,INR,2026-08-16T15:21:00Z,BATCH-PHNP-6131
PO_B14_006132,Razorpay Nodal,AMZN-INV-990389 PO_B14_006132,112020,2798,0,0,109222,INR,2026-08-16T13:00:00Z,BATCH-AMZN-6132
PO_B14_006133,BillDesk Settlement,TATA-ORD-130389 TATA-ORD-872892 BATCH-TATA-6133,178441,3568,0,0,174873,INR,2026-08-16T10:06:00Z,BATCH-TATA-6133
PO_B14_006134,Razorpay Nodal,PAYT-INV-336882 PO_B14_006134,153119,3414,0,0,149705,INR,2026-08-16T11:03:00Z,BATCH-PAYT-6134
PO_B14_006135,PayU Enterprise,BKMS-ORD-516363 BKMS-ORD-581024 BATCH-BKMS-6135,292334,5846,0,0,286488,INR,2026-08-16T08:01:00Z,BATCH-BKMS-6135
PO_B14_006136,Razorpay Nodal,UBER-INV-995842 PO_B14_006136,169192,2648,0,0,166544,INR,2026-08-16T09:03:00Z,BATCH-UBER-6136
PO_B14_006137,Cashfree Escrow,MMTR-INV-720368 PO_B14_006137,77895,1395,0,0,76500,INR,2026-08-16T20:09:00Z,BATCH-MMTR-6137
PO_B14_006138,Cashfree Escrow,TATA-INV-634184 PO_B14_006138,329553,7497,0,0,322056,INR,2026-08-16T13:31:00Z,BATCH-TATA-6138
PO_B14_006139,Stripe India,UBER-ORD-165109 UBER-ORD-543303 BATCH-UBER-6139,401002,8020,0,0,392982,INR,2026-08-16T10:58:00Z,BATCH-UBER-6139
PO_B14_006140,Razorpay Nodal,PAYT-INV-226409 PO_B14_006140,208820,3133,0,0,205687,INR,2026-08-15T18:57:00Z,BATCH-PAYT-6140
PO_B14_006141,Razorpay Nodal,AMZN-INV-727755 PO_B14_006141,399850,7612,0,0,392238,INR,2026-08-15T16:58:00Z,BATCH-AMZN-6141
PO_B14_006142,BillDesk Settlement,JIOO-INV-633826 PO_B14_006142,130599,3216,0,0,127383,INR,2026-08-15T23:52:00Z,BATCH-JIOO-6142
PO_B14_006143,BillDesk Settlement,MMTR-INV-786322 PO_B14_006143,398059,6261,0,0,391798,INR,2026-08-16T16:53:00Z,BATCH-MMTR-6143
PO_B14_006144,PayU Enterprise,JIOO-INV-485142 PO_B14_006144,319965,7057,0,0,312908,INR,2026-08-15T19:44:00Z,BATCH-JIOO-6144
PO_B14_006145,PayU Enterprise,NYKA-EXC-219201-UNRESOLVED,98197,1953,0,0,96244,INR,2026-08-16T18:35:00Z,HOLD-ESCROW
PO_B14_006146,Stripe India,BBAS-INV-121960 PO_B14_006146,187736,3655,0,0,184081,INR,2026-08-16T01:01:00Z,BATCH-BBAS-6146
PO_B14_006147,Razorpay Nodal,FLPK-ORD-387907 FLPK-ORD-226830 FLPK-ORD-460012 BATCH-FLPK-6147,334857,6697,0,0,328160,INR,2026-08-16T16:48:00Z,BATCH-FLPK-6147
PO_B14_006148,Razorpay Nodal,MMTR-INV-103673 PO_B14_006148,80094,1327,0,0,78767,INR,2026-08-16T11:50:00Z,BATCH-MMTR-6148
PO_B14_006149,BillDesk Settlement,JIOO-INV-315860 PO_B14_006149,430408,10140,0,0,420268,INR,2026-08-16T05:57:00Z,BATCH-JIOO-6149
PO_B14_006150,Stripe India,MYNT-INV-573797 PO_B14_006150,324515,6759,0,0,317756,INR,2026-08-16T07:56:00Z,BATCH-MYNT-6150
PO_B14_006151,PayU Enterprise,JIOO-INV-391286 PO_B14_006151,219518,3740,0,0,215778,INR,2026-08-16T10:28:00Z,BATCH-JIOO-6151
PO_B14_006152,Razorpay Nodal,AMZN-INV-634777 PO_B14_006152,294563,6314,0,0,288249,INR,2026-08-16T04:47:00Z,BATCH-AMZN-6152
PO_B14_006153,Cashfree Escrow,UBER-INV-718649 PO_B14_006153,223457,5007,0,0,218450,INR,2026-08-16T11:18:00Z,BATCH-UBER-6153
PO_B14_006154,Razorpay Nodal,BLNK-ORD-123300 BLNK-ORD-454028 BATCH-BLNK-6154,426173,8523,0,0,417650,INR,2026-08-15T22:05:00Z,BATCH-BLNK-6154
PO_B14_006155,Stripe India,BKMS-INV-616407 PO_B14_006155,88884,1505,0,0,87379,INR,2026-08-16T12:46:00Z,BATCH-BKMS-6155
PO_B14_006156,PayU Enterprise,SWIG-INV-203608 PO_B14_006156,240770,4747,0,0,236023,INR,2026-08-16T15:20:00Z,BATCH-SWIG-6156
PO_B14_006157,Stripe India,ZOMA-INV-214497 PO_B14_006157,316118,5121,0,0,310997,INR,2026-08-16T03:25:00Z,BATCH-ZOMA-6157
PO_B14_006158,Cashfree Escrow,FLPK-EXC-828661-UNRESOLVED,225506,4500,0,0,221006,INR,2026-08-17T04:54:00Z,HOLD-ESCROW
PO_B14_006159,PayU Enterprise,ZOMA-ORD-413104 ZOMA-ORD-289892 BATCH-ZOMA-6159,229900,4598,0,0,225302,INR,2026-08-16T05:20:00Z,BATCH-ZOMA-6159
PO_B14_006160,Cashfree Escrow,SWIG-INV-260020 PO_B14_006160,149853,2459,0,0,147394,INR,2026-08-15T15:40:00Z,BATCH-SWIG-6160
PO_B14_006161,Stripe India,FLPK-INV-554191 PO_B14_006161,327158,5135,0,0,322023,INR,2026-08-16T10:18:00Z,BATCH-FLPK-6161
PO_B14_006162,PayU Enterprise,FLPK-INV-459929 PO_B14_006162,252773,4232,0,0,248541,INR,2026-08-16T08:43:00Z,BATCH-FLPK-6162
PO_B14_006163,PayU Enterprise,MMTR-INV-333986 PO_B14_006163,209623,4032,0,0,205591,INR,2026-08-16T01:38:00Z,BATCH-MMTR-6163
PO_B14_006164,Cashfree Escrow,FLPK-INV-540689 PO_B14_006164,366892,8206,0,0,358686,INR,2026-08-15T22:58:00Z,BATCH-FLPK-6164
PO_B14_006165,BillDesk Settlement,BKMS-INV-509165 PO_B14_006165,159799,3877,0,0,155922,INR,2026-08-16T23:24:00Z,BATCH-BKMS-6165
PO_B14_006166,Stripe India,PHNP-INV-720833 PO_B14_006166,263650,5678,0,0,257972,INR,2026-08-15T15:35:00Z,BATCH-PHNP-6166
PO_B14_006167,Cashfree Escrow,PAYT-INV-733031 PO_B14_006167,231524,5103,0,0,226421,INR,2026-08-16T02:41:00Z,BATCH-PAYT-6167
PO_B14_006168,Razorpay Nodal,TATA-ORD-976425 TATA-ORD-590196 BATCH-TATA-6168,418351,8367,0,0,409984,INR,2026-08-16T13:40:00Z,BATCH-TATA-6168
PO_B14_006169,Stripe India,MMTR-EXC-233271-UNRESOLVED,193513,3860,0,0,189653,INR,2026-08-17T08:41:00Z,HOLD-ESCROW
PO_B14_006170,Razorpay Nodal,JIOO-INV-691820 PO_B14_006170,369369,7903,0,0,361466,INR,2026-08-15T17:01:00Z,BATCH-JIOO-6170
PO_B14_006171,BillDesk Settlement,FLPK-EXC-716330-UNRESOLVED,260094,5191,0,0,254903,INR,2026-08-16T16:50:00Z,HOLD-ESCROW
PO_B14_006172,BillDesk Settlement,BKMS-INV-229599 PO_B14_006172,409707,7670,0,0,402037,INR,2026-08-16T09:30:00Z,BATCH-BKMS-6172
PO_B14_006173,PayU Enterprise,ZOMA-INV-308083 PO_B14_006173,45650,963,0,0,44687,INR,2026-08-16T13:21:00Z,BATCH-ZOMA-6173
PO_B14_006174,Stripe India,PHNP-EXC-271749-UNRESOLVED,72974,1449,0,0,71525,INR,2026-08-16T23:42:00Z,HOLD-ESCROW
PO_B14_006175,Razorpay Nodal,PHNP-INV-387040 PO_B14_006175,196438,4366,0,0,192072,INR,2026-08-16T12:59:00Z,BATCH-PHNP-6175
PO_B14_006176,Stripe India,TATA-INV-627365 PO_B14_006176,350289,8380,0,0,341909,INR,2026-08-16T01:33:00Z,BATCH-TATA-6176
PO_B14_006177,PayU Enterprise,PHNP-INV-213606 PO_B14_006177,39692,744,0,0,38948,INR,2026-08-16T00:43:00Z,BATCH-PHNP-6177
PO_B14_006178,Cashfree Escrow,AMZN-EXC-414541-UNRESOLVED,243692,4863,0,0,238829,INR,2026-08-16T18:02:00Z,HOLD-ESCROW
PO_B14_006179,Razorpay Nodal,BKMS-INV-483148 PO_B14_006179,70524,1141,0,0,69383,INR,2026-08-16T20:08:00Z,BATCH-BKMS-6179
PO_B14_006180,Cashfree Escrow,BKMS-ORD-410855 BKMS-ORD-263283 BATCH-BKMS-6180,187253,3745,0,0,183508,INR,2026-08-16T06:15:00Z,BATCH-BKMS-6180
PO_B14_006181,PayU Enterprise,AMZN-INV-170972 PO_B14_006181,290554,6669,0,0,283885,INR,2026-08-16T07:43:00Z,BATCH-AMZN-6181
PO_B14_006182,Razorpay Nodal,MMTR-INV-165435 PO_B14_006182,107890,2686,0,0,105204,INR,2026-08-15T21:40:00Z,BATCH-MMTR-6182
PO_B14_006183,Razorpay Nodal,BBAS-INV-651047 PO_B14_006183,393884,7885,0,0,385999,INR,2026-08-16T05:18:00Z,BATCH-BBAS-6183
PO_B14_006184,Cashfree Escrow,BKMS-INV-317438 PO_B14_006184,428982,6664,0,0,422318,INR,2026-08-16T04:41:00Z,BATCH-BKMS-6184
PO_B14_006185,PayU Enterprise,AMZN-INV-564073 PO_B14_006185,47077,846,0,0,46231,INR,2026-08-16T10:48:00Z,BATCH-AMZN-6185
PO_B14_006186,BillDesk Settlement,ZOMA-INV-574771 PO_B14_006186,380426,6370,0,0,374056,INR,2026-08-16T10:50:00Z,BATCH-ZOMA-6186
PO_B14_006187,BillDesk Settlement,BLNK-INV-228206 PO_B14_006187,228008,5124,0,0,222884,INR,2026-08-16T10:44:00Z,BATCH-BLNK-6187
PO_B14_006188,BillDesk Settlement,BBAS-INV-742079 PO_B14_006188,210700,4067,0,0,206633,INR,2026-08-16T23:02:00Z,BATCH-BBAS-6188
PO_B14_006189,PayU Enterprise,PAYT-INV-740838 PO_B14_006189,358316,6977,0,0,351339,INR,2026-08-16T18:15:00Z,BATCH-PAYT-6189
PO_B14_006190,Stripe India,BBAS-INV-685634 PO_B14_006190,178833,3849,0,0,174984,INR,2026-08-16T15:34:00Z,BATCH-BBAS-6190
PO_B14_006191,Stripe India,BBAS-INV-336964 PO_B14_006191,122511,2649,0,0,119862,INR,2026-08-16T03:10:00Z,BATCH-BBAS-6191
PO_B14_006192,Cashfree Escrow,BBAS-INV-946228 PO_B14_006192,216795,4893,0,0,211902,INR,2026-08-16T06:03:00Z,BATCH-BBAS-6192
PO_B14_006193,Razorpay Nodal,NYKA-INV-637850 PO_B14_006193,126446,2198,0,0,124248,INR,2026-08-15T18:09:00Z,BATCH-NYKA-6193
PO_B14_006194,Stripe India,UBER-INV-413423 PO_B14_006194,65789,1547,0,0,64242,INR,2026-08-16T10:08:00Z,BATCH-UBER-6194
PO_B14_006195,PayU Enterprise,PHNP-INV-147419 PO_B14_006195,120687,2894,0,0,117793,INR,2026-08-16T04:21:00Z,BATCH-PHNP-6195
PO_B14_006196,Cashfree Escrow,MMTR-INV-370811 PO_B14_006196,201792,3890,0,0,197902,INR,2026-08-16T17:28:00Z,BATCH-MMTR-6196
PO_B14_006197,Razorpay Nodal,PHNP-INV-875448 PO_B14_006197,175896,2891,0,0,173005,INR,2026-08-16T08:52:00Z,BATCH-PHNP-6197
PO_B14_006198,PayU Enterprise,NYKA-ORD-508900 NYKA-ORD-910621 BATCH-NYKA-6198,310435,6208,0,0,304227,INR,2026-08-16T01:34:00Z,BATCH-NYKA-6198
PO_B14_006199,Stripe India,NYKA-ORD-836340 NYKA-ORD-164904 BATCH-NYKA-6199,399855,7997,0,0,391858,INR,2026-08-16T05:57:00Z,BATCH-NYKA-6199
PO_B14_006200,Stripe India,BLNK-INV-624203 PO_B14_006200,291988,6833,0,0,285155,INR,2026-08-16T08:01:00Z,BATCH-BLNK-6200
PO_B14_006201,Razorpay Nodal,BBAS-INV-838033 PO_B14_006201,271896,6228,0,0,265668,INR,2026-08-16T08:02:00Z,BATCH-BBAS-6201
PO_B14_006202,PayU Enterprise,MMTR-ORD-809793 MMTR-ORD-562650 BATCH-MMTR-6202,253428,5068,0,0,248360,INR,2026-08-16T10:30:00Z,BATCH-MMTR-6202
PO_B14_006203,PayU Enterprise,JIOO-ORD-945082 JIOO-ORD-601965 JIOO-ORD-423907 BATCH-JIOO-6203,390538,7810,0,0,382728,INR,2026-08-16T14:39:00Z,BATCH-JIOO-6203
PO_B14_006204,PayU Enterprise,PAYT-INV-613207 PO_B14_006204,305593,6705,0,0,298888,INR,2026-08-15T19:58:00Z,BATCH-PAYT-6204
PO_B14_006205,BillDesk Settlement,SWIG-ORD-498158 SWIG-ORD-903578 SWIG-ORD-927171 BATCH-SWIG-6205,364732,7294,0,0,357438,INR,2026-08-16T01:19:00Z,BATCH-SWIG-6205
PO_B14_006206,Stripe India,OLAA-INV-391073 PO_B14_006206,318389,7702,0,0,310687,INR,2026-08-16T12:38:00Z,BATCH-OLAA-6206
PO_B14_006207,PayU Enterprise,MYNT-INV-557892 PO_B14_006207,63008,1303,0,0,61705,INR,2026-08-15T20:54:00Z,BATCH-MYNT-6207
PO_B14_006208,BillDesk Settlement,JIOO-INV-504735 PO_B14_006208,224825,4892,0,0,219933,INR,2026-08-15T16:44:00Z,BATCH-JIOO-6208
PO_B14_006209,PayU Enterprise,NYKA-INV-367462 PO_B14_006209,48791,1011,0,0,47780,INR,2026-08-16T10:27:00Z,BATCH-NYKA-6209
PO_B14_006210,Cashfree Escrow,AMZN-INV-616151 PO_B14_006210,392386,9278,0,0,383108,INR,2026-08-15T18:32:00Z,BATCH-AMZN-6210
PO_B14_006211,PayU Enterprise,MYNT-INV-212254 PO_B14_006211,113587,1811,0,0,111776,INR,2026-08-16T12:23:00Z,BATCH-MYNT-6211
PO_B14_006212,PayU Enterprise,OLAA-INV-290716 PO_B14_006212,325934,6506,0,0,319428,INR,2026-08-15T23:24:00Z,BATCH-OLAA-6212
PO_B14_006213,Stripe India,BBAS-INV-437276 PO_B14_006213,155471,2472,0,0,152999,INR,2026-08-16T17:29:00Z,BATCH-BBAS-6213
PO_B14_006214,Cashfree Escrow,MYNT-ORD-528302 MYNT-ORD-387859 MYNT-ORD-475136 BATCH-MYNT-6214,402672,8053,0,0,394619,INR,2026-08-16T08:13:00Z,BATCH-MYNT-6214
PO_B14_006215,Razorpay Nodal,NYKA-INV-330629 PO_B14_006215,74818,1386,0,0,73432,INR,2026-08-16T06:33:00Z,BATCH-NYKA-6215
PO_B14_006216,BillDesk Settlement,ZOMA-INV-763167 PO_B14_006216,388215,6745,0,0,381470,INR,2026-08-16T01:26:00Z,BATCH-ZOMA-6216
PO_B14_006217,Cashfree Escrow,SWIG-ORD-748937 SWIG-ORD-178917 BATCH-SWIG-6217,183806,3676,0,0,180130,INR,2026-08-16T12:50:00Z,BATCH-SWIG-6217
PO_B14_006218,Stripe India,PHNP-ORD-861401 PHNP-ORD-110786 PHNP-ORD-463363 BATCH-PHNP-6218,423437,8468,0,0,414969,INR,2026-08-16T14:05:00Z,BATCH-PHNP-6218
PO_B14_006219,BillDesk Settlement,SWIG-INV-885983 PO_B14_006219,121603,1851,0,0,119752,INR,2026-08-16T23:00:00Z,BATCH-SWIG-6219
PO_B14_006220,Razorpay Nodal,MMTR-ORD-531704 MMTR-ORD-570636 BATCH-MMTR-6220,245162,4903,0,0,240259,INR,2026-08-16T01:09:00Z,BATCH-MMTR-6220
PO_B14_006221,Stripe India,ZOMA-INV-741622 PO_B14_006221,449386,10713,0,0,438673,INR,2026-08-15T19:23:00Z,BATCH-ZOMA-6221
PO_B14_006222,PayU Enterprise,BBAS-INV-649479 PO_B14_006222,412821,6858,0,0,405963,INR,2026-08-16T15:32:00Z,BATCH-BBAS-6222
PO_B14_006223,PayU Enterprise,JIOO-INV-887884 PO_B14_006223,282542,5240,0,0,277302,INR,2026-08-16T20:05:00Z,BATCH-JIOO-6223
PO_B14_006224,Cashfree Escrow,JIOO-INV-853822 PO_B14_006224,174577,3108,0,0,171469,INR,2026-08-15T21:47:00Z,BATCH-JIOO-6224
PO_B14_006225,PayU Enterprise,FLPK-ORD-166799 FLPK-ORD-360970 BATCH-FLPK-6225,287652,5753,0,0,281899,INR,2026-08-16T06:20:00Z,BATCH-FLPK-6225
PO_B14_006226,PayU Enterprise,AMZN-ORD-706982 AMZN-ORD-275901 BATCH-AMZN-6226,306424,6128,0,0,300296,INR,2026-08-16T17:13:00Z,BATCH-AMZN-6226
PO_B14_006227,BillDesk Settlement,BLNK-ORD-440213 BLNK-ORD-442844 BLNK-ORD-246019 BATCH-BLNK-6227,583762,11675,0,0,572087,INR,2026-08-16T10:46:00Z,BATCH-BLNK-6227
PO_B14_006228,Cashfree Escrow,JIOO-INV-289966 PO_B14_006228,265029,4258,0,0,260771,INR,2026-08-16T20:19:00Z,BATCH-JIOO-6228
PO_B14_006229,BillDesk Settlement,SWIG-INV-502147 PO_B14_006229,133533,2691,0,0,130842,INR,2026-08-16T05:40:00Z,BATCH-SWIG-6229
PO_B14_006230,PayU Enterprise,FLPK-ORD-419522 FLPK-ORD-467346 BATCH-FLPK-6230,115122,2302,0,0,112820,INR,2026-08-16T01:47:00Z,BATCH-FLPK-6230
PO_B14_006231,Razorpay Nodal,UBER-ORD-134028 UBER-ORD-888644 UBER-ORD-538933 BATCH-UBER-6231,365227,7304,0,0,357923,INR,2026-08-16T14:53:00Z,BATCH-UBER-6231
PO_B14_006232,BillDesk Settlement,PHNP-INV-651201 PO_B14_006232,29935,510,0,0,29425,INR,2026-08-15T21:43:00Z,BATCH-PHNP-6232
PO_B14_006233,Stripe India,FLPK-ORD-988652 FLPK-ORD-835947 BATCH-FLPK-6233,267084,5341,0,0,261743,INR,2026-08-16T20:02:00Z,BATCH-FLPK-6233
PO_B14_006234,Razorpay Nodal,ZOMA-INV-144901 PO_B14_006234,58184,1085,0,0,57099,INR,2026-08-16T08:32:00Z,BATCH-ZOMA-6234
PO_B14_006235,PayU Enterprise,MMTR-INV-308638 PO_B14_006235,145372,3489,0,0,141883,INR,2026-08-15T23:54:00Z,BATCH-MMTR-6235
PO_B14_006236,Stripe India,ZOMA-INV-962214 PO_B14_006236,226678,3932,0,0,222746,INR,2026-08-15T18:41:00Z,BATCH-ZOMA-6236
PO_B14_006237,BillDesk Settlement,JIOO-INV-235434 PO_B14_006237,351400,8654,0,0,342746,INR,2026-08-15T23:37:00Z,BATCH-JIOO-6237
PO_B14_006238,Stripe India,AMZN-ORD-868759 AMZN-ORD-914721 BATCH-AMZN-6238,216488,4329,0,0,212159,INR,2026-08-16T20:34:00Z,BATCH-AMZN-6238
PO_B14_006239,PayU Enterprise,BKMS-INV-585586 PO_B14_006239,359705,6412,0,0,353293,INR,2026-08-16T08:47:00Z,BATCH-BKMS-6239
PO_B14_006240,Razorpay Nodal,MMTR-INV-411485 PO_B14_006240,97285,1939,0,0,95346,INR,2026-08-15T21:25:00Z,BATCH-MMTR-6240
PO_B14_006241,Cashfree Escrow,MYNT-INV-371614 PO_B14_006241,152212,3575,0,0,148637,INR,2026-08-15T20:13:00Z,BATCH-MYNT-6241
PO_B14_006242,BillDesk Settlement,SWIG-INV-871374 PO_B14_006242,181366,2867,0,0,178499,INR,2026-08-16T10:04:00Z,BATCH-SWIG-6242
PO_B14_006243,BillDesk Settlement,MYNT-ORD-387145 MYNT-ORD-999662 BATCH-MYNT-6243,270226,5404,0,0,264822,INR,2026-08-16T04:54:00Z,BATCH-MYNT-6243
PO_B14_006244,PayU Enterprise,TATA-INV-914486 PO_B14_006244,268742,5435,0,0,263307,INR,2026-08-16T05:39:00Z,BATCH-TATA-6244
PO_B14_006245,BillDesk Settlement,UBER-ORD-636630 UBER-ORD-690600 UBER-ORD-771670 BATCH-UBER-6245,334746,6694,0,0,328052,INR,2026-08-16T15:25:00Z,BATCH-UBER-6245
PO_B14_006246,PayU Enterprise,BKMS-EXC-324908-UNRESOLVED,105802,2106,0,0,103696,INR,2026-08-16T09:04:00Z,HOLD-ESCROW
PO_B14_006247,Stripe India,AMZN-INV-806225 PO_B14_006247,56116,984,0,0,55132,INR,2026-08-15T21:29:00Z,BATCH-AMZN-6247
PO_B14_006248,BillDesk Settlement,MMTR-ORD-863672 MMTR-ORD-874461 MMTR-ORD-514102 BATCH-MMTR-6248,526103,10522,0,0,515581,INR,2026-08-16T15:28:00Z,BATCH-MMTR-6248
PO_B14_006249,BillDesk Settlement,UBER-INV-169461 PO_B14_006249,382563,8902,0,0,373661,INR,2026-08-16T05:31:00Z,BATCH-UBER-6249
PO_B14_006250,Cashfree Escrow,JIOO-ORD-414243 JIOO-ORD-834537 BATCH-JIOO-6250,200308,4006,0,0,196302,INR,2026-08-16T20:41:00Z,BATCH-JIOO-6250
PO_B14_006251,BillDesk Settlement,BKMS-INV-744696 PO_B14_006251,181277,3779,0,0,177498,INR,2026-08-16T00:49:00Z,BATCH-BKMS-6251
PO_B14_006252,Cashfree Escrow,TATA-INV-200680 PO_B14_006252,241726,4963,0,0,236763,INR,2026-08-16T09:57:00Z,BATCH-TATA-6252
PO_B14_006253,Cashfree Escrow,AMZN-ORD-724269 AMZN-ORD-482986 BATCH-AMZN-6253,227637,4552,0,0,223085,INR,2026-08-16T01:04:00Z,BATCH-AMZN-6253
PO_B14_006254,Cashfree Escrow,MMTR-INV-748879 PO_B14_006254,185021,4429,0,0,180592,INR,2026-08-16T01:45:00Z,BATCH-MMTR-6254
PO_B14_006255,Stripe India,ZOMA-ORD-154943 ZOMA-ORD-610287 ZOMA-ORD-112549 BATCH-ZOMA-6255,333401,6668,0,0,326733,INR,2026-08-16T02:51:00Z,BATCH-ZOMA-6255
PO_B14_006256,Stripe India,BLNK-ORD-181012 BLNK-ORD-315106 BATCH-BLNK-6256,128071,2561,0,0,125510,INR,2026-08-16T09:01:00Z,BATCH-BLNK-6256
PO_B14_006257,Stripe India,UBER-INV-761444 PO_B14_006257,54742,886,0,0,53856,INR,2026-08-16T10:40:00Z,BATCH-UBER-6257
PO_B14_006258,BillDesk Settlement,OLAA-ORD-916122 OLAA-ORD-749519 BATCH-OLAA-6258,325087,6501,0,0,318586,INR,2026-08-16T19:33:00Z,BATCH-OLAA-6258
PO_B14_006259,Stripe India,AMZN-INV-613908 PO_B14_006259,361519,8034,0,0,353485,INR,2026-08-16T06:16:00Z,BATCH-AMZN-6259
PO_B14_006260,BillDesk Settlement,OLAA-INV-589051 PO_B14_006260,157972,2422,0,0,155550,INR,2026-08-16T05:23:00Z,BATCH-OLAA-6260
PO_B14_006261,Cashfree Escrow,TATA-ORD-714300 TATA-ORD-516308 BATCH-TATA-6261,256514,5130,0,0,251384,INR,2026-08-16T01:18:00Z,BATCH-TATA-6261
PO_B14_006262,Cashfree Escrow,MMTR-INV-270923 PO_B14_006262,293403,6695,0,0,286708,INR,2026-08-16T20:19:00Z,BATCH-MMTR-6262
PO_B14_006263,PayU Enterprise,TATA-ORD-181298 TATA-ORD-332709 BATCH-TATA-6263,343751,6875,0,0,336876,INR,2026-08-16T13:31:00Z,BATCH-TATA-6263
PO_B14_006264,PayU Enterprise,NYKA-ORD-949874 NYKA-ORD-853402 NYKA-ORD-287600 BATCH-NYKA-6264,338663,6773,0,0,331890,INR,2026-08-16T13:03:00Z,BATCH-NYKA-6264
PO_B14_006265,PayU Enterprise,MMTR-ORD-639246 MMTR-ORD-125780 BATCH-MMTR-6265,334818,6696,0,0,328122,INR,2026-08-16T18:47:00Z,BATCH-MMTR-6265
PO_B14_006266,Cashfree Escrow,BBAS-INV-944195 PO_B14_006266,169428,3853,0,0,165575,INR,2026-08-15T18:55:00Z,BATCH-BBAS-6266
PO_B14_006267,BillDesk Settlement,UBER-INV-966833 PO_B14_006267,301835,4642,0,0,297193,INR,2026-08-16T06:41:00Z,BATCH-UBER-6267
PO_B14_006268,Cashfree Escrow,MYNT-INV-831645 PO_B14_006268,91260,1560,0,0,89700,INR,2026-08-17T01:20:00Z,BATCH-MYNT-6268
PO_B14_006269,PayU Enterprise,BBAS-INV-972983 PO_B14_006269,370404,6833,0,0,363571,INR,2026-08-15T21:09:00Z,BATCH-BBAS-6269
PO_B14_006270,Cashfree Escrow,BBAS-INV-820273 PO_B14_006270,140485,2735,0,0,137750,INR,2026-08-16T23:49:00Z,BATCH-BBAS-6270
PO_B14_006271,BillDesk Settlement,PHNP-INV-913898 PO_B14_006271,269880,5723,0,0,264157,INR,2026-08-16T17:06:00Z,BATCH-PHNP-6271
PO_B14_006272,Cashfree Escrow,AMZN-INV-714972 PO_B14_006272,136728,2783,0,0,133945,INR,2026-08-16T02:51:00Z,BATCH-AMZN-6272
PO_B14_006273,Razorpay Nodal,FLPK-INV-801619 PO_B14_006273,407078,8044,0,0,399034,INR,2026-08-16T03:13:00Z,BATCH-FLPK-6273
PO_B14_006274,BillDesk Settlement,MMTR-INV-447096 PO_B14_006274,352878,6146,0,0,346732,INR,2026-08-15T17:51:00Z,BATCH-MMTR-6274
PO_B14_006275,PayU Enterprise,SWIG-INV-631605 PO_B14_006275,268740,5222,0,0,263518,INR,2026-08-16T12:13:00Z,BATCH-SWIG-6275
PO_B14_006276,PayU Enterprise,JIOO-INV-791884 PO_B14_006276,51510,822,0,0,50688,INR,2026-08-16T08:58:00Z,BATCH-JIOO-6276
PO_B14_006277,BillDesk Settlement,BBAS-INV-333301 PO_B14_006277,239712,3895,0,0,235817,INR,2026-08-16T19:19:00Z,BATCH-BBAS-6277
PO_B14_006278,BillDesk Settlement,BBAS-ORD-900251 BBAS-ORD-669210 BATCH-BBAS-6278,452935,9058,0,0,443877,INR,2026-08-16T18:59:00Z,BATCH-BBAS-6278
PO_B14_006279,Razorpay Nodal,JIOO-INV-170662 PO_B14_006279,222497,4351,0,0,218146,INR,2026-08-16T18:01:00Z,BATCH-JIOO-6279
PO_B14_006280,Razorpay Nodal,PHNP-INV-509293 PO_B14_006280,102379,2046,0,0,100333,INR,2026-08-16T18:53:00Z,BATCH-PHNP-6280
PO_B14_006281,PayU Enterprise,OLAA-INV-704726 PO_B14_006281,325049,5244,0,0,319805,INR,2026-08-16T15:36:00Z,BATCH-OLAA-6281
PO_B14_006282,BillDesk Settlement,JIOO-ORD-121036 JIOO-ORD-247086 BATCH-JIOO-6282,369086,7381,0,0,361705,INR,2026-08-16T14:23:00Z,BATCH-JIOO-6282
PO_B14_006283,PayU Enterprise,PAYT-INV-794378 PO_B14_006283,418752,7575,0,0,411177,INR,2026-08-16T10:06:00Z,BATCH-PAYT-6283
PO_B14_006284,Stripe India,BBAS-ORD-803264 BBAS-ORD-170212 BBAS-ORD-375485 BATCH-BBAS-6284,472677,9453,0,0,463224,INR,2026-08-16T17:44:00Z,BATCH-BBAS-6284
PO_B14_006285,PayU Enterprise,BKMS-INV-817480 PO_B14_006285,260647,5262,0,0,255385,INR,2026-08-16T07:43:00Z,BATCH-BKMS-6285
PO_B14_006286,Cashfree Escrow,AMZN-INV-170025 PO_B14_006286,422418,9883,0,0,412535,INR,2026-08-16T02:47:00Z,BATCH-AMZN-6286
PO_B14_006287,Cashfree Escrow,ZOMA-INV-325053 PO_B14_006287,279026,5853,0,0,273173,INR,2026-08-16T05:32:00Z,BATCH-ZOMA-6287
PO_B14_006288,PayU Enterprise,UBER-INV-621078 PO_B14_006288,363570,8046,0,0,355524,INR,2026-08-16T17:11:00Z,BATCH-UBER-6288
PO_B14_006289,PayU Enterprise,FLPK-EXC-982195-UNRESOLVED,237101,4732,0,0,232369,INR,2026-08-16T12:50:00Z,HOLD-ESCROW
PO_B14_006290,Stripe India,ZOMA-INV-694561 PO_B14_006290,367272,6509,0,0,360763,INR,2026-08-16T03:07:00Z,BATCH-ZOMA-6290
PO_B14_006291,PayU Enterprise,TATA-INV-736020 PO_B14_006291,193424,4319,0,0,189105,INR,2026-08-15T23:26:00Z,BATCH-TATA-6291
PO_B14_006292,BillDesk Settlement,AMZN-EXC-453870-UNRESOLVED,184950,3689,0,0,181261,INR,2026-08-17T02:48:00Z,HOLD-ESCROW
PO_B14_006293,BillDesk Settlement,BLNK-ORD-239660 BLNK-ORD-465767 BATCH-BLNK-6293,282739,5654,0,0,277085,INR,2026-08-16T20:25:00Z,BATCH-BLNK-6293
PO_B14_006294,Cashfree Escrow,MYNT-INV-936164 PO_B14_006294,153729,2567,0,0,151162,INR,2026-08-16T03:22:00Z,BATCH-MYNT-6294
PO_B14_006295,PayU Enterprise,BLNK-ORD-957137 BLNK-ORD-469879 BATCH-BLNK-6295,239173,4783,0,0,234390,INR,2026-08-16T19:12:00Z,BATCH-BLNK-6295
PO_B14_006296,BillDesk Settlement,BKMS-INV-534260 PO_B14_006296,139022,2463,0,0,136559,INR,2026-08-16T14:39:00Z,BATCH-BKMS-6296
PO_B14_006297,Razorpay Nodal,BBAS-INV-486248 PO_B14_006297,224145,3395,0,0,220750,INR,2026-08-16T23:28:00Z,BATCH-BBAS-6297
PO_B14_006298,Stripe India,ZOMA-INV-395093 PO_B14_006298,105853,1610,0,0,104243,INR,2026-08-16T02:36:00Z,BATCH-ZOMA-6298
PO_B14_006299,Cashfree Escrow,AMZN-ORD-615494 AMZN-ORD-446730 BATCH-AMZN-6299,231540,4630,0,0,226910,INR,2026-08-16T13:43:00Z,BATCH-AMZN-6299
PO_B14_006300,Razorpay Nodal,JIOO-INV-568457 PO_B14_006300,97353,1714,0,0,95639,INR,2026-08-16T17:43:00Z,BATCH-JIOO-6300
PO_B14_006301,BillDesk Settlement,UBER-EXC-386633-UNRESOLVED,158118,3152,0,0,154966,INR,2026-08-16T14:53:00Z,HOLD-ESCROW
PO_B14_006302,Cashfree Escrow,BLNK-INV-390179 PO_B14_006302,75118,1614,0,0,73504,INR,2026-08-16T03:56:00Z,BATCH-BLNK-6302
PO_B14_006303,Stripe India,JIOO-ORD-467342 JIOO-ORD-943053 BATCH-JIOO-6303,424795,8495,0,0,416300,INR,2026-08-16T13:53:00Z,BATCH-JIOO-6303
PO_B14_006304,BillDesk Settlement,ZOMA-INV-886129 PO_B14_006304,327496,6904,0,0,320592,INR,2026-08-16T23:39:00Z,BATCH-ZOMA-6304
PO_B14_006305,BillDesk Settlement,NYKA-INV-494643 PO_B14_006305,249384,5179,0,0,244205,INR,2026-08-15T16:38:00Z,BATCH-NYKA-6305
PO_B14_006306,Razorpay Nodal,BKMS-INV-242876 PO_B14_006306,140823,2310,0,0,138513,INR,2026-08-16T06:23:00Z,BATCH-BKMS-6306
PO_B14_006307,PayU Enterprise,PAYT-INV-350649 PO_B14_006307,30432,743,0,0,29689,INR,2026-08-16T05:05:00Z,BATCH-PAYT-6307
PO_B14_006308,Cashfree Escrow,FLPK-INV-391667 PO_B14_006308,193971,4837,0,0,189134,INR,2026-08-16T03:15:00Z,BATCH-FLPK-6308
PO_B14_006309,Cashfree Escrow,UBER-INV-560905 PO_B14_006309,272515,4100,0,0,268415,INR,2026-08-16T05:30:00Z,BATCH-UBER-6309
PO_B14_006310,PayU Enterprise,JIOO-ORD-192258 JIOO-ORD-451067 JIOO-ORD-394132 BATCH-JIOO-6310,348368,6967,0,0,341401,INR,2026-08-16T08:32:00Z,BATCH-JIOO-6310
PO_B14_006311,BillDesk Settlement,ZOMA-INV-571983 PO_B14_006311,433826,9237,0,0,424589,INR,2026-08-15T21:41:00Z,BATCH-ZOMA-6311
PO_B14_006312,Stripe India,TATA-INV-500028 PO_B14_006312,169246,3835,0,0,165411,INR,2026-08-15T23:41:00Z,BATCH-TATA-6312
PO_B14_006313,Razorpay Nodal,UBER-EXC-463317-UNRESOLVED,157731,3144,0,0,154587,INR,2026-08-17T01:58:00Z,HOLD-ESCROW
PO_B14_006314,Cashfree Escrow,BLNK-INV-898858 PO_B14_006314,40014,690,0,0,39324,INR,2026-08-17T00:35:00Z,BATCH-BLNK-6314
PO_B14_006315,BillDesk Settlement,TATA-INV-912303 PO_B14_006315,54535,959,0,0,53576,INR,2026-08-16T10:37:00Z,BATCH-TATA-6315
PO_B14_006316,Stripe India,PAYT-ORD-710582 PAYT-ORD-731460 BATCH-PAYT-6316,247829,4956,0,0,242873,INR,2026-08-16T04:33:00Z,BATCH-PAYT-6316
PO_B14_006317,PayU Enterprise,PAYT-INV-886556 PO_B14_006317,273695,6690,0,0,267005,INR,2026-08-15T22:08:00Z,BATCH-PAYT-6317
PO_B14_006318,Cashfree Escrow,TATA-EXC-705883-UNRESOLVED,201734,4024,0,0,197710,INR,2026-08-17T07:07:00Z,HOLD-ESCROW
PO_B14_006319,Cashfree Escrow,MMTR-INV-115662 PO_B14_006319,307652,6410,0,0,301242,INR,2026-08-16T23:41:00Z,BATCH-MMTR-6319
PO_B14_006320,BillDesk Settlement,PHNP-INV-219111 PO_B14_006320,186612,4216,0,0,182396,INR,2026-08-16T22:26:00Z,BATCH-PHNP-6320
PO_B14_006321,Cashfree Escrow,UBER-ORD-946468 UBER-ORD-898558 UBER-ORD-553852 BATCH-UBER-6321,632790,12655,0,0,620135,INR,2026-08-16T10:31:00Z,BATCH-UBER-6321
PO_B14_006322,Cashfree Escrow,PAYT-ORD-894600 PAYT-ORD-990371 BATCH-PAYT-6322,184898,3697,0,0,181201,INR,2026-08-15T23:04:00Z,BATCH-PAYT-6322
PO_B14_006323,BillDesk Settlement,MMTR-ORD-377261 MMTR-ORD-462209 MMTR-ORD-300534 BATCH-MMTR-6323,332132,6642,0,0,325490,INR,2026-08-15T21:45:00Z,BATCH-MMTR-6323
PO_B14_006324,PayU Enterprise,PAYT-INV-770537 PO_B14_006324,309544,4893,0,0,304651,INR,2026-08-16T01:50:00Z,BATCH-PAYT-6324
PO_B14_006325,Stripe India,NYKA-ORD-911606 NYKA-ORD-422161 BATCH-NYKA-6325,206076,4121,0,0,201955,INR,2026-08-16T14:34:00Z,BATCH-NYKA-6325
PO_B14_006326,PayU Enterprise,PAYT-ORD-449025 PAYT-ORD-894944 PAYT-ORD-210301 BATCH-PAYT-6326,361844,7236,0,0,354608,INR,2026-08-16T12:39:00Z,BATCH-PAYT-6326
PO_B14_006327,BillDesk Settlement,FLPK-INV-780250 PO_B14_006327,301946,6928,0,0,295018,INR,2026-08-15T19:53:00Z,BATCH-FLPK-6327
PO_B14_006328,PayU Enterprise,BKMS-INV-250994 PO_B14_006328,162181,3355,0,0,158826,INR,2026-08-16T10:15:00Z,BATCH-BKMS-6328
PO_B14_006329,PayU Enterprise,FLPK-INV-220273 PO_B14_006329,208858,4614,0,0,204244,INR,2026-08-16T01:09:00Z,BATCH-FLPK-6329
PO_B14_006330,BillDesk Settlement,AMZN-INV-979655 PO_B14_006330,166694,3097,0,0,163597,INR,2026-08-15T20:35:00Z,BATCH-AMZN-6330
PO_B14_006331,Razorpay Nodal,BBAS-INV-722370 PO_B14_006331,380995,8455,0,0,372540,INR,2026-08-16T16:31:00Z,BATCH-BBAS-6331
PO_B14_006332,PayU Enterprise,MYNT-INV-649718 PO_B14_006332,182310,3725,0,0,178585,INR,2026-08-15T19:35:00Z,BATCH-MYNT-6332
PO_B14_006333,Razorpay Nodal,BLNK-INV-986432 PO_B14_006333,43980,874,0,0,43106,INR,2026-08-16T02:48:00Z,BATCH-BLNK-6333
PO_B14_006334,BillDesk Settlement,SWIG-INV-584460 PO_B14_006334,186824,4568,0,0,182256,INR,2026-08-15T20:54:00Z,BATCH-SWIG-6334
PO_B14_006335,Stripe India,JIOO-EXC-646260-UNRESOLVED,120321,2396,0,0,117925,INR,2026-08-16T12:09:00Z,HOLD-ESCROW
PO_B14_006336,PayU Enterprise,UBER-INV-888053 PO_B14_006336,421914,8460,0,0,413454,INR,2026-08-16T14:25:00Z,BATCH-UBER-6336
PO_B14_006337,PayU Enterprise,NYKA-INV-692450 PO_B14_006337,135825,3064,0,0,132761,INR,2026-08-16T16:01:00Z,BATCH-NYKA-6337
PO_B14_006338,Cashfree Escrow,ZOMA-ORD-962224 ZOMA-ORD-679275 BATCH-ZOMA-6338,241811,4836,0,0,236975,INR,2026-08-16T00:14:00Z,BATCH-ZOMA-6338
PO_B14_006339,Razorpay Nodal,ZOMA-ORD-545291 ZOMA-ORD-484615 ZOMA-ORD-446963 BATCH-ZOMA-6339,483999,9679,0,0,474320,INR,2026-08-16T20:28:00Z,BATCH-ZOMA-6339
PO_B14_006340,Razorpay Nodal,ZOMA-ORD-275570 ZOMA-ORD-654055 BATCH-ZOMA-6340,409344,8186,0,0,401158,INR,2026-08-16T19:46:00Z,BATCH-ZOMA-6340
PO_B14_006341,PayU Enterprise,BBAS-INV-889875 PO_B14_006341,295244,5789,0,0,289455,INR,2026-08-16T10:29:00Z,BATCH-BBAS-6341
PO_B14_006342,BillDesk Settlement,MMTR-INV-336683 PO_B14_006342,196835,4414,0,0,192421,INR,2026-08-16T02:50:00Z,BATCH-MMTR-6342
PO_B14_006343,Stripe India,BBAS-INV-667592 PO_B14_006343,241568,5906,0,0,235662,INR,2026-08-16T22:39:00Z,BATCH-BBAS-6343
PO_B14_006344,BillDesk Settlement,ZOMA-INV-988555 PO_B14_006344,346038,7775,0,0,338263,INR,2026-08-16T09:30:00Z,BATCH-ZOMA-6344
PO_B14_006345,BillDesk Settlement,BKMS-ORD-527783 BKMS-ORD-961634 BATCH-BKMS-6345,263944,5278,0,0,258666,INR,2026-08-16T15:30:00Z,BATCH-BKMS-6345
PO_B14_006346,Cashfree Escrow,ZOMA-INV-166970 PO_B14_006346,169537,2840,0,0,166697,INR,2026-08-16T05:11:00Z,BATCH-ZOMA-6346
PO_B14_006347,Stripe India,AMZN-INV-443162 PO_B14_006347,125409,1954,0,0,123455,INR,2026-08-16T19:31:00Z,BATCH-AMZN-6347
PO_B14_006348,Razorpay Nodal,JIOO-ORD-146113 JIOO-ORD-147493 JIOO-ORD-354240 BATCH-JIOO-6348,281407,5628,0,0,275779,INR,2026-08-16T09:09:00Z,BATCH-JIOO-6348
PO_B14_006349,Cashfree Escrow,AMZN-INV-904057 PO_B14_006349,235725,3555,0,0,232170,INR,2026-08-16T15:56:00Z,BATCH-AMZN-6349
PO_B14_006350,Razorpay Nodal,BBAS-INV-485162 PO_B14_006350,45637,686,0,0,44951,INR,2026-08-16T13:19:00Z,BATCH-BBAS-6350
PO_B14_006351,PayU Enterprise,TATA-INV-453451 PO_B14_006351,128190,2898,0,0,125292,INR,2026-08-16T22:24:00Z,BATCH-TATA-6351
PO_B14_006352,BillDesk Settlement,ZOMA-INV-480519 PO_B14_006352,346273,8582,0,0,337691,INR,2026-08-16T02:21:00Z,BATCH-ZOMA-6352
PO_B14_006353,Stripe India,BKMS-ORD-653734 BKMS-ORD-614748 BKMS-ORD-183158 BATCH-BKMS-6353,288533,5770,0,0,282763,INR,2026-08-16T15:28:00Z,BATCH-BKMS-6353
PO_B14_006354,PayU Enterprise,BKMS-INV-244964 PO_B14_006354,212889,5144,0,0,207745,INR,2026-08-16T06:15:00Z,BATCH-BKMS-6354
PO_B14_006355,PayU Enterprise,UBER-INV-997464 PO_B14_006355,149977,2589,0,0,147388,INR,2026-08-16T22:43:00Z,BATCH-UBER-6355
PO_B14_006356,Stripe India,PAYT-INV-922531 PO_B14_006356,81724,1503,0,0,80221,INR,2026-08-16T13:06:00Z,BATCH-PAYT-6356
PO_B14_006357,PayU Enterprise,OLAA-INV-384364 PO_B14_006357,253524,4834,0,0,248690,INR,2026-08-16T02:51:00Z,BATCH-OLAA-6357
PO_B14_006358,Cashfree Escrow,NYKA-INV-843618 PO_B14_006358,186628,4289,0,0,182339,INR,2026-08-16T12:27:00Z,BATCH-NYKA-6358
PO_B14_006359,Cashfree Escrow,ZOMA-INV-376878 PO_B14_006359,364533,7167,0,0,357366,INR,2026-08-16T13:18:00Z,BATCH-ZOMA-6359
PO_B14_006360,PayU Enterprise,ZOMA-INV-660184 PO_B14_006360,406154,9251,0,0,396903,INR,2026-08-16T10:30:00Z,BATCH-ZOMA-6360
PO_B14_006361,PayU Enterprise,BKMS-INV-536496 PO_B14_006361,196069,3375,0,0,192694,INR,2026-08-15T19:09:00Z,BATCH-BKMS-6361
PO_B14_006362,PayU Enterprise,BLNK-INV-405341 PO_B14_006362,56648,1169,0,0,55479,INR,2026-08-16T23:07:00Z,BATCH-BLNK-6362
PO_B14_006363,Razorpay Nodal,MYNT-INV-384034 PO_B14_006363,61526,1192,0,0,60334,INR,2026-08-15T20:20:00Z,BATCH-MYNT-6363
PO_B14_006364,Stripe India,ZOMA-INV-330868 PO_B14_006364,157133,2908,0,0,154225,INR,2026-08-16T03:09:00Z,BATCH-ZOMA-6364
PO_B14_006365,PayU Enterprise,PAYT-INV-515890 PO_B14_006365,208009,3291,0,0,204718,INR,2026-08-16T12:35:00Z,BATCH-PAYT-6365
PO_B14_006366,Razorpay Nodal,OLAA-INV-873382 PO_B14_006366,37172,895,0,0,36277,INR,2026-08-16T13:02:00Z,BATCH-OLAA-6366
PO_B14_006367,Stripe India,AMZN-ORD-271241 AMZN-ORD-732675 AMZN-ORD-486670 BATCH-AMZN-6367,335003,6700,0,0,328303,INR,2026-08-16T08:51:00Z,BATCH-AMZN-6367
PO_B14_006368,Cashfree Escrow,TATA-ORD-671293 TATA-ORD-544964 TATA-ORD-428771 BATCH-TATA-6368,345770,6915,0,0,338855,INR,2026-08-16T05:57:00Z,BATCH-TATA-6368
PO_B14_006369,Cashfree Escrow,UBER-INV-783292 PO_B14_006369,304654,6701,0,0,297953,INR,2026-08-16T10:03:00Z,BATCH-UBER-6369
PO_B14_006370,Cashfree Escrow,MYNT-INV-597010 PO_B14_006370,200828,4914,0,0,195914,INR,2026-08-16T11:30:00Z,BATCH-MYNT-6370
PO_B14_006371,PayU Enterprise,PHNP-INV-674630 PO_B14_006371,140374,3117,0,0,137257,INR,2026-08-16T16:59:00Z,BATCH-PHNP-6371
PO_B14_006372,Razorpay Nodal,BKMS-INV-333210 PO_B14_006372,348038,6332,0,0,341706,INR,2026-08-15T19:49:00Z,BATCH-BKMS-6372
PO_B14_006373,BillDesk Settlement,BLNK-INV-843792 PO_B14_006373,59791,1375,0,0,58416,INR,2026-08-16T01:57:00Z,BATCH-BLNK-6373
PO_B14_006374,BillDesk Settlement,NYKA-ORD-192146 NYKA-ORD-682358 BATCH-NYKA-6374,387939,7758,0,0,380181,INR,2026-08-16T15:57:00Z,BATCH-NYKA-6374
PO_B14_006375,Stripe India,SWIG-INV-437651 PO_B14_006375,337043,6662,0,0,330381,INR,2026-08-16T02:36:00Z,BATCH-SWIG-6375
PO_B14_006376,Cashfree Escrow,UBER-ORD-912736 UBER-ORD-219717 BATCH-UBER-6376,408292,8165,0,0,400127,INR,2026-08-15T22:24:00Z,BATCH-UBER-6376
PO_B14_006377,Stripe India,AMZN-INV-463396 PO_B14_006377,64541,1398,0,0,63143,INR,2026-08-15T19:12:00Z,BATCH-AMZN-6377
PO_B14_006378,Stripe India,UBER-INV-285423 PO_B14_006378,389277,7005,0,0,382272,INR,2026-08-16T15:32:00Z,BATCH-UBER-6378
PO_B14_006379,PayU Enterprise,JIOO-INV-935168 PO_B14_006379,375686,7858,0,0,367828,INR,2026-08-16T03:03:00Z,BATCH-JIOO-6379
PO_B14_006380,Stripe India,MYNT-INV-841555 PO_B14_006380,223060,3827,0,0,219233,INR,2026-08-16T08:11:00Z,BATCH-MYNT-6380
PO_B14_006381,Cashfree Escrow,AMZN-ORD-898672 AMZN-ORD-960737 BATCH-AMZN-6381,317640,6352,0,0,311288,INR,2026-08-16T13:27:00Z,BATCH-AMZN-6381
PO_B14_006382,Stripe India,BBAS-INV-462345 PO_B14_006382,222233,4189,0,0,218044,INR,2026-08-17T00:50:00Z,BATCH-BBAS-6382
PO_B14_006383,BillDesk Settlement,ZOMA-INV-979961 PO_B14_006383,113086,1774,0,0,111312,INR,2026-08-16T05:40:00Z,BATCH-ZOMA-6383
PO_B14_006384,Razorpay Nodal,BKMS-ORD-772175 BKMS-ORD-373331 BATCH-BKMS-6384,359769,7195,0,0,352574,INR,2026-08-16T09:28:00Z,BATCH-BKMS-6384
PO_B14_006385,Razorpay Nodal,SWIG-INV-319576 PO_B14_006385,176317,3746,0,0,172571,INR,2026-08-16T00:29:00Z,BATCH-SWIG-6385
PO_B14_006386,Stripe India,JIOO-ORD-125731 JIOO-ORD-687257 JIOO-ORD-156208 BATCH-JIOO-6386,504307,10086,0,0,494221,INR,2026-08-16T07:57:00Z,BATCH-JIOO-6386
PO_B14_006387,Cashfree Escrow,PHNP-INV-307948 PO_B14_006387,238964,3809,0,0,235155,INR,2026-08-16T15:50:00Z,BATCH-PHNP-6387
PO_B14_006388,BillDesk Settlement,OLAA-ORD-245589 OLAA-ORD-818532 BATCH-OLAA-6388,253157,5063,0,0,248094,INR,2026-08-16T07:52:00Z,BATCH-OLAA-6388
PO_B14_006389,Razorpay Nodal,BLNK-INV-571259 PO_B14_006389,439671,10694,0,0,428977,INR,2026-08-16T14:21:00Z,BATCH-BLNK-6389
PO_B14_006390,Cashfree Escrow,AMZN-INV-191689 PO_B14_006390,282597,5096,0,0,277501,INR,2026-08-16T13:15:00Z,BATCH-AMZN-6390
PO_B14_006391,Stripe India,UBER-INV-210720 PO_B14_006391,36164,750,0,0,35414,INR,2026-08-16T02:50:00Z,BATCH-UBER-6391
PO_B14_006392,Stripe India,BLNK-EXC-178327-UNRESOLVED,165592,3301,0,0,162291,INR,2026-08-17T07:25:00Z,HOLD-ESCROW
PO_B14_006393,Razorpay Nodal,AMZN-INV-249996 PO_B14_006393,61207,1528,0,0,59679,INR,2026-08-16T13:31:00Z,BATCH-AMZN-6393
PO_B14_006394,Stripe India,MYNT-INV-419623 PO_B14_006394,351239,7776,0,0,343463,INR,2026-08-16T08:57:00Z,BATCH-MYNT-6394
PO_B14_006395,Stripe India,UBER-ORD-599927 UBER-ORD-322566 BATCH-UBER-6395,104139,2082,0,0,102057,INR,2026-08-16T17:16:00Z,BATCH-UBER-6395
PO_B14_006396,Stripe India,PAYT-ORD-424169 PAYT-ORD-720595 BATCH-PAYT-6396,174848,3496,0,0,171352,INR,2026-08-15T22:00:00Z,BATCH-PAYT-6396
PO_B14_006397,BillDesk Settlement,BLNK-INV-656675 PO_B14_006397,422544,9377,0,0,413167,INR,2026-08-16T02:00:00Z,BATCH-BLNK-6397
PO_B14_006398,Cashfree Escrow,OLAA-INV-836557 PO_B14_006398,271861,4904,0,0,266957,INR,2026-08-16T03:26:00Z,BATCH-OLAA-6398
PO_B14_006399,BillDesk Settlement,OLAA-INV-442210 PO_B14_006399,420584,8540,0,0,412044,INR,2026-08-17T00:44:00Z,BATCH-OLAA-6399
PO_B14_006400,PayU Enterprise,OLAA-INV-774683 PO_B14_006400,335596,8236,0,0,327360,INR,2026-08-16T05:11:00Z,BATCH-OLAA-6400
PO_B14_006401,Stripe India,SWIG-INV-949307 PO_B14_006401,63079,1385,0,0,61694,INR,2026-08-15T15:13:00Z,BATCH-SWIG-6401
PO_B14_006402,PayU Enterprise,MYNT-ORD-255416 MYNT-ORD-480825 MYNT-ORD-389000 BATCH-MYNT-6402,414863,8297,0,0,406566,INR,2026-08-16T15:52:00Z,BATCH-MYNT-6402
PO_B14_006403,Cashfree Escrow,MMTR-INV-325698 PO_B14_006403,102220,1881,0,0,100339,INR,2026-08-16T17:38:00Z,BATCH-MMTR-6403
PO_B14_006404,PayU Enterprise,BKMS-INV-115799 PO_B14_006404,423601,7675,0,0,415926,INR,2026-08-16T23:48:00Z,BATCH-BKMS-6404
PO_B14_006405,Cashfree Escrow,AMZN-INV-256486 PO_B14_006405,104409,1986,0,0,102423,INR,2026-08-16T02:06:00Z,BATCH-AMZN-6405
PO_B14_006406,Stripe India,FLPK-ORD-695531 FLPK-ORD-401507 FLPK-ORD-219841 BATCH-FLPK-6406,358341,7166,0,0,351175,INR,2026-08-16T19:21:00Z,BATCH-FLPK-6406
PO_B14_006407,BillDesk Settlement,TATA-ORD-311397 TATA-ORD-852433 BATCH-TATA-6407,91091,1821,0,0,89270,INR,2026-08-16T12:25:00Z,BATCH-TATA-6407
PO_B14_006408,Razorpay Nodal,JIOO-INV-705292 PO_B14_006408,157574,2576,0,0,154998,INR,2026-08-16T01:56:00Z,BATCH-JIOO-6408
PO_B14_006409,PayU Enterprise,TATA-INV-920308 PO_B14_006409,108034,2433,0,0,105601,INR,2026-08-16T04:50:00Z,BATCH-TATA-6409
PO_B14_006410,BillDesk Settlement,PHNP-INV-874970 PO_B14_006410,243301,4565,0,0,238736,INR,2026-08-16T17:10:00Z,BATCH-PHNP-6410
PO_B14_006411,BillDesk Settlement,MMTR-INV-712818 PO_B14_006411,104544,2489,0,0,102055,INR,2026-08-16T08:22:00Z,BATCH-MMTR-6411
PO_B14_006412,Cashfree Escrow,FLPK-INV-227012 PO_B14_006412,151979,2696,0,0,149283,INR,2026-08-16T07:21:00Z,BATCH-FLPK-6412
PO_B14_006413,Stripe India,JIOO-ORD-516029 JIOO-ORD-898365 BATCH-JIOO-6413,340737,6814,0,0,333923,INR,2026-08-15T22:22:00Z,BATCH-JIOO-6413
PO_B14_006414,Stripe India,MMTR-INV-778499 PO_B14_006414,253408,4723,0,0,248685,INR,2026-08-16T13:14:00Z,BATCH-MMTR-6414
PO_B14_006415,PayU Enterprise,ZOMA-INV-608027 PO_B14_006415,243034,4915,0,0,238119,INR,2026-08-16T16:00:00Z,BATCH-ZOMA-6415
PO_B14_006416,PayU Enterprise,MMTR-INV-517209 PO_B14_006416,379404,7263,0,0,372141,INR,2026-08-16T13:36:00Z,BATCH-MMTR-6416
PO_B14_006417,Stripe India,BLNK-INV-325161 PO_B14_006417,183555,3135,0,0,180420,INR,2026-08-16T23:57:00Z,BATCH-BLNK-6417
PO_B14_006418,BillDesk Settlement,PAYT-INV-605128 PO_B14_006418,318597,6724,0,0,311873,INR,2026-08-15T17:46:00Z,BATCH-PAYT-6418
PO_B14_006419,Cashfree Escrow,PAYT-INV-189946 PO_B14_006419,251170,4581,0,0,246589,INR,2026-08-16T15:45:00Z,BATCH-PAYT-6419
PO_B14_006420,PayU Enterprise,JIOO-ORD-607953 JIOO-ORD-725418 JIOO-ORD-555811 BATCH-JIOO-6420,385858,7717,0,0,378141,INR,2026-08-16T00:01:00Z,BATCH-JIOO-6420
PO_B14_006421,Stripe India,FLPK-INV-416655 PO_B14_006421,399877,7859,0,0,392018,INR,2026-08-16T15:58:00Z,BATCH-FLPK-6421
PO_B14_006422,Stripe India,BLNK-EXC-193781-UNRESOLVED,175883,3507,0,0,172376,INR,2026-08-17T03:50:00Z,HOLD-ESCROW
PO_B14_006423,Cashfree Escrow,BBAS-ORD-526624 BBAS-ORD-138028 BATCH-BBAS-6423,319439,6388,0,0,313051,INR,2026-08-16T13:30:00Z,BATCH-BBAS-6423
PO_B14_006424,PayU Enterprise,AMZN-ORD-570922 AMZN-ORD-141148 BATCH-AMZN-6424,161757,3235,0,0,158522,INR,2026-08-16T02:55:00Z,BATCH-AMZN-6424
PO_B14_006425,Stripe India,BBAS-ORD-343993 BBAS-ORD-673908 BATCH-BBAS-6425,202580,4051,0,0,198529,INR,2026-08-16T11:53:00Z,BATCH-BBAS-6425
PO_B14_006426,Cashfree Escrow,ZOMA-INV-740273 PO_B14_006426,436315,10129,0,0,426186,INR,2026-08-16T15:52:00Z,BATCH-ZOMA-6426
PO_B14_006427,BillDesk Settlement,FLPK-ORD-756897 FLPK-ORD-161119 FLPK-ORD-318142 BATCH-FLPK-6427,563867,11277,0,0,552590,INR,2026-08-16T15:41:00Z,BATCH-FLPK-6427
PO_B14_006428,BillDesk Settlement,SWIG-INV-464384 PO_B14_006428,246846,5062,0,0,241784,INR,2026-08-16T10:20:00Z,BATCH-SWIG-6428
PO_B14_006429,Cashfree Escrow,MYNT-INV-262724 PO_B14_006429,362937,7011,0,0,355926,INR,2026-08-16T07:01:00Z,BATCH-MYNT-6429
PO_B14_006430,Cashfree Escrow,NYKA-INV-890063 PO_B14_006430,26588,658,0,0,25930,INR,2026-08-16T11:28:00Z,BATCH-NYKA-6430
PO_B14_006431,Razorpay Nodal,PAYT-ORD-642604 PAYT-ORD-450020 PAYT-ORD-678764 BATCH-PAYT-6431,448472,8969,0,0,439503,INR,2026-08-16T09:53:00Z,BATCH-PAYT-6431
PO_B14_006432,Stripe India,NYKA-INV-160097 PO_B14_006432,101427,1951,0,0,99476,INR,2026-08-16T05:31:00Z,BATCH-NYKA-6432
PO_B14_006433,Cashfree Escrow,AMZN-INV-477010 PO_B14_006433,436982,7869,0,0,429113,INR,2026-08-16T22:11:00Z,BATCH-AMZN-6433
PO_B14_006434,Razorpay Nodal,MYNT-INV-670001 PO_B14_006434,285025,4970,0,0,280055,INR,2026-08-16T11:57:00Z,BATCH-MYNT-6434
PO_B14_006435,Razorpay Nodal,PAYT-ORD-638184 PAYT-ORD-588257 PAYT-ORD-657321 BATCH-PAYT-6435,570552,11411,0,0,559141,INR,2026-08-16T06:29:00Z,BATCH-PAYT-6435
PO_B14_006436,BillDesk Settlement,OLAA-INV-904605 PO_B14_006436,203580,3084,0,0,200496,INR,2026-08-16T14:50:00Z,BATCH-OLAA-6436
PO_B14_006437,Stripe India,UBER-INV-351806 PO_B14_006437,208831,3484,0,0,205347,INR,2026-08-17T02:11:00Z,BATCH-UBER-6437
PO_B14_006438,Cashfree Escrow,SWIG-INV-805806 PO_B14_006438,224807,4295,0,0,220512,INR,2026-08-16T03:40:00Z,BATCH-SWIG-6438
PO_B14_006439,BillDesk Settlement,TATA-ORD-422339 TATA-ORD-438805 BATCH-TATA-6439,457355,9147,0,0,448208,INR,2026-08-16T11:17:00Z,BATCH-TATA-6439
PO_B14_006440,Cashfree Escrow,TATA-INV-421585 PO_B14_006440,281945,5794,0,0,276151,INR,2026-08-16T06:51:00Z,BATCH-TATA-6440
PO_B14_006441,Razorpay Nodal,BBAS-INV-685137 PO_B14_006441,380614,5863,0,0,374751,INR,2026-08-15T19:49:00Z,BATCH-BBAS-6441
PO_B14_006442,PayU Enterprise,BBAS-INV-395404 PO_B14_006442,38099,661,0,0,37438,INR,2026-08-16T09:05:00Z,BATCH-BBAS-6442
PO_B14_006443,PayU Enterprise,PHNP-INV-977953 PO_B14_006443,190641,2959,0,0,187682,INR,2026-08-15T17:56:00Z,BATCH-PHNP-6443
PO_B14_006444,Cashfree Escrow,UBER-INV-191912 PO_B14_006444,82311,1432,0,0,80879,INR,2026-08-16T11:10:00Z,BATCH-UBER-6444
PO_B14_006445,PayU Enterprise,BLNK-INV-140564 PO_B14_006445,80421,1863,0,0,78558,INR,2026-08-16T20:43:00Z,BATCH-BLNK-6445
PO_B14_006446,Cashfree Escrow,PHNP-INV-303432 PO_B14_006446,175708,3829,0,0,171879,INR,2026-08-16T06:25:00Z,BATCH-PHNP-6446
PO_B14_006447,PayU Enterprise,BLNK-INV-231021 PO_B14_006447,162037,2534,0,0,159503,INR,2026-08-16T15:16:00Z,BATCH-BLNK-6447
PO_B14_006448,Stripe India,FLPK-INV-830581 PO_B14_006448,406428,9913,0,0,396515,INR,2026-08-16T10:18:00Z,BATCH-FLPK-6448
PO_B14_006449,Cashfree Escrow,MMTR-INV-944214 PO_B14_006449,341914,7244,0,0,334670,INR,2026-08-16T12:54:00Z,BATCH-MMTR-6449
PO_B14_006450,BillDesk Settlement,OLAA-INV-802723 PO_B14_006450,201955,4514,0,0,197441,INR,2026-08-16T19:24:00Z,BATCH-OLAA-6450
PO_B14_006451,Razorpay Nodal,SWIG-ORD-702506 SWIG-ORD-562596 BATCH-SWIG-6451,134115,2682,0,0,131433,INR,2026-08-16T00:36:00Z,BATCH-SWIG-6451
PO_B14_006452,Stripe India,MMTR-INV-525270 PO_B14_006452,372119,6549,0,0,365570,INR,2026-08-16T03:37:00Z,BATCH-MMTR-6452
PO_B14_006453,Cashfree Escrow,BLNK-INV-263607 PO_B14_006453,55142,921,0,0,54221,INR,2026-08-16T00:33:00Z,BATCH-BLNK-6453
PO_B14_006454,Razorpay Nodal,PAYT-ORD-888328 PAYT-ORD-742241 PAYT-ORD-760958 BATCH-PAYT-6454,306511,6130,0,0,300381,INR,2026-08-16T19:14:00Z,BATCH-PAYT-6454
PO_B14_006455,BillDesk Settlement,AMZN-EXC-443441-UNRESOLVED,148647,2962,0,0,145685,INR,2026-08-16T11:29:00Z,HOLD-ESCROW
PO_B14_006456,PayU Enterprise,OLAA-INV-135250 PO_B14_006456,186551,3262,0,0,183289,INR,2026-08-15T20:33:00Z,BATCH-OLAA-6456
PO_B14_006457,Cashfree Escrow,MYNT-INV-702162 PO_B14_006457,449465,7843,0,0,441622,INR,2026-08-15T16:43:00Z,BATCH-MYNT-6457
PO_B14_006458,Razorpay Nodal,PHNP-EXC-314444-UNRESOLVED,139545,2780,0,0,136765,INR,2026-08-17T01:26:00Z,HOLD-ESCROW
PO_B14_006459,Razorpay Nodal,MYNT-INV-520333 PO_B14_006459,267380,4659,0,0,262721,INR,2026-08-16T09:10:00Z,BATCH-MYNT-6459
PO_B14_006460,PayU Enterprise,TATA-INV-155791 PO_B14_006460,242219,3708,0,0,238511,INR,2026-08-15T22:05:00Z,BATCH-TATA-6460
PO_B14_006461,Cashfree Escrow,MMTR-INV-711465 PO_B14_006461,224109,4730,0,0,219379,INR,2026-08-16T17:42:00Z,BATCH-MMTR-6461
PO_B14_006462,PayU Enterprise,AMZN-INV-850011 PO_B14_006462,124193,2262,0,0,121931,INR,2026-08-15T16:51:00Z,BATCH-AMZN-6462
PO_B14_006463,BillDesk Settlement,FLPK-EXC-824067-UNRESOLVED,204144,4072,0,0,200072,INR,2026-08-16T14:47:00Z,HOLD-ESCROW
PO_B14_006464,BillDesk Settlement,ZOMA-INV-601836 PO_B14_006464,300197,6923,0,0,293274,INR,2026-08-16T08:02:00Z,BATCH-ZOMA-6464
PO_B14_006465,BillDesk Settlement,OLAA-INV-174386 PO_B14_006465,27526,638,0,0,26888,INR,2026-08-16T06:43:00Z,BATCH-OLAA-6465
PO_B14_006466,BillDesk Settlement,BLNK-INV-200816 PO_B14_006466,340971,6164,0,0,334807,INR,2026-08-16T09:04:00Z,BATCH-BLNK-6466
PO_B14_006467,Stripe India,FLPK-INV-900322 PO_B14_006467,207077,4260,0,0,202817,INR,2026-08-15T20:43:00Z,BATCH-FLPK-6467
PO_B14_006468,BillDesk Settlement,AMZN-INV-843286 PO_B14_006468,337800,8294,0,0,329506,INR,2026-08-16T02:35:00Z,BATCH-AMZN-6468
PO_B14_006469,PayU Enterprise,BKMS-INV-678447 PO_B14_006469,145200,2964,0,0,142236,INR,2026-08-16T19:48:00Z,BATCH-BKMS-6469
PO_B14_006470,Razorpay Nodal,MYNT-INV-323965 PO_B14_006470,282630,6098,0,0,276532,INR,2026-08-16T08:54:00Z,BATCH-MYNT-6470
PO_B14_006471,Stripe India,ZOMA-ORD-972860 ZOMA-ORD-753587 ZOMA-ORD-204164 BATCH-ZOMA-6471,150205,3004,0,0,147201,INR,2026-08-16T08:30:00Z,BATCH-ZOMA-6471
PO_B14_006472,Cashfree Escrow,TATA-INV-280857 PO_B14_006472,374071,7504,0,0,366567,INR,2026-08-16T18:24:00Z,BATCH-TATA-6472
PO_B14_006473,Razorpay Nodal,UBER-INV-200318 PO_B14_006473,342552,6623,0,0,335929,INR,2026-08-16T08:22:00Z,BATCH-UBER-6473
PO_B14_006474,PayU Enterprise,UBER-INV-470085 PO_B14_006474,157017,2505,0,0,154512,INR,2026-08-16T13:43:00Z,BATCH-UBER-6474
PO_B14_006475,BillDesk Settlement,BKMS-ORD-681736 BKMS-ORD-759623 BATCH-BKMS-6475,145452,2909,0,0,142543,INR,2026-08-16T05:45:00Z,BATCH-BKMS-6475
PO_B14_006476,Cashfree Escrow,ZOMA-ORD-131863 ZOMA-ORD-482237 BATCH-ZOMA-6476,446815,8936,0,0,437879,INR,2026-08-16T04:13:00Z,BATCH-ZOMA-6476
PO_B14_006477,PayU Enterprise,JIOO-INV-295283 PO_B14_006477,329698,6709,0,0,322989,INR,2026-08-16T07:05:00Z,BATCH-JIOO-6477
PO_B14_006478,Cashfree Escrow,MYNT-ORD-361624 MYNT-ORD-729523 MYNT-ORD-679033 BATCH-MYNT-6478,411531,8230,0,0,403301,INR,2026-08-16T15:27:00Z,BATCH-MYNT-6478
PO_B14_006479,Stripe India,SWIG-ORD-791812 SWIG-ORD-295068 SWIG-ORD-913833 BATCH-SWIG-6479,411780,8235,0,0,403545,INR,2026-08-16T02:02:00Z,BATCH-SWIG-6479
PO_B14_006480,BillDesk Settlement,ZOMA-INV-800995 PO_B14_006480,449230,7512,0,0,441718,INR,2026-08-16T11:15:00Z,BATCH-ZOMA-6480
PO_B14_006481,Stripe India,SWIG-INV-395728 PO_B14_006481,32000,629,0,0,31371,INR,2026-08-16T21:12:00Z,BATCH-SWIG-6481
PO_B14_006482,Razorpay Nodal,BLNK-ORD-604554 BLNK-ORD-406753 BATCH-BLNK-6482,94924,1898,0,0,93026,INR,2026-08-16T07:36:00Z,BATCH-BLNK-6482
PO_B14_006483,Cashfree Escrow,BKMS-ORD-544941 BKMS-ORD-509259 BKMS-ORD-873579 BATCH-BKMS-6483,543488,10869,0,0,532619,INR,2026-08-16T14:19:00Z,BATCH-BKMS-6483
PO_B14_006484,Stripe India,MYNT-INV-432183 PO_B14_006484,266510,5477,0,0,261033,INR,2026-08-16T13:55:00Z,BATCH-MYNT-6484
PO_B14_006485,PayU Enterprise,MMTR-INV-865545 PO_B14_006485,105571,2459,0,0,103112,INR,2026-08-16T17:49:00Z,BATCH-MMTR-6485
PO_B14_006486,BillDesk Settlement,OLAA-INV-695969 PO_B14_006486,193318,4071,0,0,189247,INR,2026-08-16T02:22:00Z,BATCH-OLAA-6486
PO_B14_006487,Stripe India,JIOO-INV-613396 PO_B14_006487,124600,2236,0,0,122364,INR,2026-08-16T20:45:00Z,BATCH-JIOO-6487
PO_B14_006488,Cashfree Escrow,FLPK-ORD-131404 FLPK-ORD-341907 FLPK-ORD-638768 BATCH-FLPK-6488,217349,4346,0,0,213003,INR,2026-08-15T21:59:00Z,BATCH-FLPK-6488
PO_B14_006489,Cashfree Escrow,MYNT-ORD-787000 MYNT-ORD-949739 BATCH-MYNT-6489,374453,7489,0,0,366964,INR,2026-08-15T22:25:00Z,BATCH-MYNT-6489
PO_B14_006490,Cashfree Escrow,BKMS-INV-272304 PO_B14_006490,332846,6235,0,0,326611,INR,2026-08-15T19:23:00Z,BATCH-BKMS-6490
PO_B14_006491,Stripe India,OLAA-INV-631402 PO_B14_006491,132805,2082,0,0,130723,INR,2026-08-16T14:03:00Z,BATCH-OLAA-6491
PO_B14_006492,PayU Enterprise,BKMS-INV-365883 PO_B14_006492,394474,6262,0,0,388212,INR,2026-08-15T22:21:00Z,BATCH-BKMS-6492
PO_B14_006493,Cashfree Escrow,OLAA-INV-913432 PO_B14_006493,332043,7826,0,0,324217,INR,2026-08-16T02:59:00Z,BATCH-OLAA-6493
PO_B14_006494,PayU Enterprise,PAYT-ORD-290265 PAYT-ORD-609950 BATCH-PAYT-6494,179123,3582,0,0,175541,INR,2026-08-16T15:41:00Z,BATCH-PAYT-6494
PO_B14_006495,Cashfree Escrow,UBER-ORD-549597 UBER-ORD-132267 BATCH-UBER-6495,179607,3592,0,0,176015,INR,2026-08-16T20:21:00Z,BATCH-UBER-6495
PO_B14_006496,Razorpay Nodal,BLNK-INV-389503 PO_B14_006496,97658,2026,0,0,95632,INR,2026-08-16T02:02:00Z,BATCH-BLNK-6496
PO_B14_006497,PayU Enterprise,ZOMA-INV-638301 PO_B14_006497,197007,2999,0,0,194008,INR,2026-08-16T11:08:00Z,BATCH-ZOMA-6497
PO_B14_006498,Razorpay Nodal,MYNT-INV-326852 PO_B14_006498,134233,2274,0,0,131959,INR,2026-08-16T18:55:00Z,BATCH-MYNT-6498
PO_B14_006499,PayU Enterprise,TATA-INV-608104 PO_B14_006499,217594,3567,0,0,214027,INR,2026-08-16T23:18:00Z,BATCH-TATA-6499
PO_B14_006500,Cashfree Escrow,NYKA-ORD-555576 NYKA-ORD-595345 BATCH-NYKA-6500,227848,4556,0,0,223292,INR,2026-08-16T11:52:00Z,BATCH-NYKA-6500
PO_B14_006501,BillDesk Settlement,BBAS-INV-511761 PO_B14_006501,68891,1660,0,0,67231,INR,2026-08-16T18:40:00Z,BATCH-BBAS-6501
PO_B14_006502,PayU Enterprise,MYNT-INV-868228 PO_B14_006502,141403,3153,0,0,138250,INR,2026-08-16T10:39:00Z,BATCH-MYNT-6502
PO_B14_006503,PayU Enterprise,ZOMA-ORD-698984 ZOMA-ORD-561762 ZOMA-ORD-320801 BATCH-ZOMA-6503,383919,7678,0,0,376241,INR,2026-08-16T06:59:00Z,BATCH-ZOMA-6503
PO_B14_006504,BillDesk Settlement,PHNP-ORD-930151 PHNP-ORD-371189 PHNP-ORD-963545 BATCH-PHNP-6504,235275,4705,0,0,230570,INR,2026-08-16T02:34:00Z,BATCH-PHNP-6504
PO_B14_006505,Razorpay Nodal,SWIG-INV-745164 PO_B14_006505,295354,6367,0,0,288987,INR,2026-08-15T14:42:00Z,BATCH-SWIG-6505
PO_B14_006506,Razorpay Nodal,MYNT-INV-602799 PO_B14_006506,130081,2288,0,0,127793,INR,2026-08-16T03:52:00Z,BATCH-MYNT-6506
PO_B14_006507,BillDesk Settlement,NYKA-ORD-774539 NYKA-ORD-957324 NYKA-ORD-911220 BATCH-NYKA-6507,347511,6950,0,0,340561,INR,2026-08-16T08:27:00Z,BATCH-NYKA-6507
PO_B14_006508,Stripe India,PHNP-INV-289156 PO_B14_006508,141344,2209,0,0,139135,INR,2026-08-15T19:02:00Z,BATCH-PHNP-6508
PO_B14_006509,Stripe India,BLNK-EXC-203416-UNRESOLVED,289918,5788,0,0,284130,INR,2026-08-16T17:26:00Z,HOLD-ESCROW
PO_B14_006510,Stripe India,UBER-INV-763183 PO_B14_006510,71222,1419,0,0,69803,INR,2026-08-16T19:44:00Z,BATCH-UBER-6510
PO_B14_006511,Stripe India,JIOO-INV-294381 PO_B14_006511,274194,4645,0,0,269549,INR,2026-08-16T18:50:00Z,BATCH-JIOO-6511
PO_B14_006512,Stripe India,NYKA-INV-331289 PO_B14_006512,198022,3488,0,0,194534,INR,2026-08-16T05:50:00Z,BATCH-NYKA-6512
PO_B14_006513,PayU Enterprise,TATA-ORD-364365 TATA-ORD-616254 TATA-ORD-117485 BATCH-TATA-6513,311577,6231,0,0,305346,INR,2026-08-16T04:23:00Z,BATCH-TATA-6513
PO_B14_006514,PayU Enterprise,OLAA-ORD-650674 OLAA-ORD-156573 OLAA-ORD-951973 BATCH-OLAA-6514,434568,8691,0,0,425877,INR,2026-08-16T03:57:00Z,BATCH-OLAA-6514
PO_B14_006515,Stripe India,FLPK-INV-280451 PO_B14_006515,276654,5660,0,0,270994,INR,2026-08-16T05:32:00Z,BATCH-FLPK-6515
PO_B14_006516,Cashfree Escrow,MMTR-ORD-990766 MMTR-ORD-431346 MMTR-ORD-205565 BATCH-MMTR-6516,362783,7255,0,0,355528,INR,2026-08-16T02:11:00Z,BATCH-MMTR-6516
PO_B14_006517,Stripe India,PHNP-INV-828602 PO_B14_006517,448864,8295,0,0,440569,INR,2026-08-16T13:02:00Z,BATCH-PHNP-6517
PO_B14_006518,Cashfree Escrow,AMZN-INV-965101 PO_B14_006518,388073,7519,0,0,380554,INR,2026-08-16T04:31:00Z,BATCH-AMZN-6518
PO_B14_006519,Cashfree Escrow,BLNK-INV-139277 PO_B14_006519,207553,4681,0,0,202872,INR,2026-08-16T01:29:00Z,BATCH-BLNK-6519
PO_B14_006520,Razorpay Nodal,BBAS-INV-321952 PO_B14_006520,218468,3471,0,0,214997,INR,2026-08-16T17:45:00Z,BATCH-BBAS-6520
PO_B14_006521,Razorpay Nodal,TATA-INV-944652 PO_B14_006521,319829,7914,0,0,311915,INR,2026-08-16T04:14:00Z,BATCH-TATA-6521
PO_B14_006522,BillDesk Settlement,MYNT-INV-464781 PO_B14_006522,449167,10120,0,0,439047,INR,2026-08-16T13:15:00Z,BATCH-MYNT-6522
PO_B14_006523,PayU Enterprise,MYNT-INV-449065 PO_B14_006523,126529,2469,0,0,124060,INR,2026-08-16T14:39:00Z,BATCH-MYNT-6523
PO_B14_006524,PayU Enterprise,BBAS-INV-444130 PO_B14_006524,349702,6785,0,0,342917,INR,2026-08-16T21:52:00Z,BATCH-BBAS-6524
PO_B14_006525,Razorpay Nodal,NYKA-INV-655993 PO_B14_006525,227451,3570,0,0,223881,INR,2026-08-16T02:44:00Z,BATCH-NYKA-6525
PO_B14_006526,BillDesk Settlement,MYNT-INV-940759 PO_B14_006526,432375,6712,0,0,425663,INR,2026-08-15T20:49:00Z,BATCH-MYNT-6526
PO_B14_006527,PayU Enterprise,BKMS-INV-200904 PO_B14_006527,95010,1860,0,0,93150,INR,2026-08-16T15:04:00Z,BATCH-BKMS-6527
PO_B14_006528,Razorpay Nodal,AMZN-INV-899941 PO_B14_006528,417277,8229,0,0,409048,INR,2026-08-17T00:19:00Z,BATCH-AMZN-6528
PO_B14_006529,PayU Enterprise,ZOMA-INV-624494 PO_B14_006529,264672,5630,0,0,259042,INR,2026-08-15T18:23:00Z,BATCH-ZOMA-6529
PO_B14_006530,Cashfree Escrow,ZOMA-ORD-493322 ZOMA-ORD-699577 ZOMA-ORD-421520 BATCH-ZOMA-6530,514064,10281,0,0,503783,INR,2026-08-16T18:45:00Z,BATCH-ZOMA-6530
PO_B14_006531,Stripe India,FLPK-INV-666173 PO_B14_006531,248882,3856,0,0,245026,INR,2026-08-16T08:35:00Z,BATCH-FLPK-6531
PO_B14_006532,Cashfree Escrow,FLPK-ORD-754114 FLPK-ORD-775552 BATCH-FLPK-6532,477407,9548,0,0,467859,INR,2026-08-16T03:44:00Z,BATCH-FLPK-6532
PO_B14_006533,Razorpay Nodal,TATA-INV-980436 PO_B14_006533,390920,6977,0,0,383943,INR,2026-08-16T11:47:00Z,BATCH-TATA-6533
PO_B14_006534,PayU Enterprise,PHNP-INV-245792 PO_B14_006534,341616,7098,0,0,334518,INR,2026-08-16T10:25:00Z,BATCH-PHNP-6534
PO_B14_006535,Cashfree Escrow,JIOO-INV-600723 PO_B14_006535,217280,3601,0,0,213679,INR,2026-08-16T16:26:00Z,BATCH-JIOO-6535
PO_B14_006536,PayU Enterprise,AMZN-INV-583594 PO_B14_006536,110947,1920,0,0,109027,INR,2026-08-16T09:59:00Z,BATCH-AMZN-6536
PO_B14_006537,Razorpay Nodal,MYNT-INV-162914 PO_B14_006537,86212,1973,0,0,84239,INR,2026-08-16T02:36:00Z,BATCH-MYNT-6537
PO_B14_006538,BillDesk Settlement,FLPK-INV-702096 PO_B14_006538,122743,1851,0,0,120892,INR,2026-08-16T15:16:00Z,BATCH-FLPK-6538
PO_B14_006539,Cashfree Escrow,PAYT-INV-863983 PO_B14_006539,400218,6024,0,0,394194,INR,2026-08-16T04:17:00Z,BATCH-PAYT-6539
PO_B14_006540,Cashfree Escrow,BKMS-INV-906751 PO_B14_006540,240442,4048,0,0,236394,INR,2026-08-16T06:42:00Z,BATCH-BKMS-6540
PO_B14_006541,Stripe India,OLAA-ORD-218035 OLAA-ORD-773395 BATCH-OLAA-6541,271060,5421,0,0,265639,INR,2026-08-15T22:28:00Z,BATCH-OLAA-6541
PO_B14_006542,Razorpay Nodal,BLNK-INV-343190 PO_B14_006542,193721,4286,0,0,189435,INR,2026-08-16T04:38:00Z,BATCH-BLNK-6542
PO_B14_006543,BillDesk Settlement,BBAS-INV-714076 PO_B14_006543,176169,3394,0,0,172775,INR,2026-08-16T19:28:00Z,BATCH-BBAS-6543
PO_B14_006544,BillDesk Settlement,OLAA-ORD-925490 OLAA-ORD-496844 OLAA-ORD-516074 BATCH-OLAA-6544,214428,4288,0,0,210140,INR,2026-08-15T23:55:00Z,BATCH-OLAA-6544
PO_B14_006545,Stripe India,BLNK-INV-946639 PO_B14_006545,366876,7004,0,0,359872,INR,2026-08-15T20:30:00Z,BATCH-BLNK-6545
PO_B14_006546,PayU Enterprise,JIOO-INV-689626 PO_B14_006546,259354,5958,0,0,253396,INR,2026-08-16T12:28:00Z,BATCH-JIOO-6546
PO_B14_006547,PayU Enterprise,FLPK-INV-803438 PO_B14_006547,216370,4696,0,0,211674,INR,2026-08-16T11:31:00Z,BATCH-FLPK-6547
PO_B14_006548,BillDesk Settlement,TATA-INV-573184 PO_B14_006548,211058,5009,0,0,206049,INR,2026-08-16T06:10:00Z,BATCH-TATA-6548
PO_B14_006549,Cashfree Escrow,NYKA-ORD-356089 NYKA-ORD-327750 NYKA-ORD-456527 BATCH-NYKA-6549,525314,10506,0,0,514808,INR,2026-08-15T21:52:00Z,BATCH-NYKA-6549
PO_B14_006550,PayU Enterprise,MYNT-INV-984007 PO_B14_006550,246116,4045,0,0,242071,INR,2026-08-16T18:05:00Z,BATCH-MYNT-6550
PO_B14_006551,Razorpay Nodal,PHNP-INV-872318 PO_B14_006551,220342,4614,0,0,215728,INR,2026-08-16T12:27:00Z,BATCH-PHNP-6551
PO_B14_006552,Stripe India,AMZN-INV-803731 PO_B14_006552,162237,2502,0,0,159735,INR,2026-08-16T08:43:00Z,BATCH-AMZN-6552
PO_B14_006553,PayU Enterprise,AMZN-ORD-654064 AMZN-ORD-218459 AMZN-ORD-395152 BATCH-AMZN-6553,195055,3901,0,0,191154,INR,2026-08-16T02:56:00Z,BATCH-AMZN-6553
PO_B14_006554,Razorpay Nodal,JIOO-EXC-134174-UNRESOLVED,258062,5151,0,0,252911,INR,2026-08-16T12:28:00Z,HOLD-ESCROW
PO_B14_006555,Cashfree Escrow,MYNT-INV-242630 PO_B14_006555,417634,8699,0,0,408935,INR,2026-08-15T18:06:00Z,BATCH-MYNT-6555
PO_B14_006556,Stripe India,BKMS-INV-468594 PO_B14_006556,107919,1905,0,0,106014,INR,2026-08-16T19:36:00Z,BATCH-BKMS-6556
PO_B14_006557,Razorpay Nodal,MMTR-INV-171091 PO_B14_006557,189455,3288,0,0,186167,INR,2026-08-16T19:30:00Z,BATCH-MMTR-6557
PO_B14_006558,BillDesk Settlement,AMZN-ORD-527234 AMZN-ORD-375029 BATCH-AMZN-6558,293726,5874,0,0,287852,INR,2026-08-16T14:50:00Z,BATCH-AMZN-6558
PO_B14_006559,BillDesk Settlement,UBER-INV-476701 PO_B14_006559,356588,8344,0,0,348244,INR,2026-08-16T05:03:00Z,BATCH-UBER-6559
PO_B14_006560,BillDesk Settlement,PAYT-INV-830704 PO_B14_006560,314177,6269,0,0,307908,INR,2026-08-16T05:53:00Z,BATCH-PAYT-6560
PO_B14_006561,Razorpay Nodal,AMZN-INV-775076 PO_B14_006561,395695,8508,0,0,387187,INR,2026-08-16T10:16:00Z,BATCH-AMZN-6561
PO_B14_006562,Razorpay Nodal,MYNT-ORD-703438 MYNT-ORD-603478 BATCH-MYNT-6562,263850,5277,0,0,258573,INR,2026-08-16T00:07:00Z,BATCH-MYNT-6562
PO_B14_006563,PayU Enterprise,TATA-ORD-346507 TATA-ORD-253160 TATA-ORD-767123 BATCH-TATA-6563,181751,3635,0,0,178116,INR,2026-08-16T08:24:00Z,BATCH-TATA-6563
PO_B14_006564,PayU Enterprise,BKMS-INV-876525 PO_B14_006564,253454,5333,0,0,248121,INR,2026-08-16T05:34:00Z,BATCH-BKMS-6564
PO_B14_006565,PayU Enterprise,PAYT-INV-804659 PO_B14_006565,173092,4148,0,0,168944,INR,2026-08-16T08:50:00Z,BATCH-PAYT-6565
PO_B14_006566,Cashfree Escrow,MMTR-INV-715522 PO_B14_006566,157986,3732,0,0,154254,INR,2026-08-16T07:12:00Z,BATCH-MMTR-6566
PO_B14_006567,Cashfree Escrow,NYKA-ORD-695911 NYKA-ORD-877120 BATCH-NYKA-6567,176650,3533,0,0,173117,INR,2026-08-16T17:42:00Z,BATCH-NYKA-6567
PO_B14_006568,Razorpay Nodal,BBAS-INV-207546 PO_B14_006568,52157,1093,0,0,51064,INR,2026-08-16T05:46:00Z,BATCH-BBAS-6568
PO_B14_006569,Cashfree Escrow,JIOO-ORD-689396 JIOO-ORD-831939 JIOO-ORD-871445 BATCH-JIOO-6569,239365,4787,0,0,234578,INR,2026-08-16T10:19:00Z,BATCH-JIOO-6569
PO_B14_006570,BillDesk Settlement,BLNK-INV-800807 PO_B14_006570,251418,5908,0,0,245510,INR,2026-08-15T18:49:00Z,BATCH-BLNK-6570
PO_B14_006571,Stripe India,PAYT-INV-922708 PO_B14_006571,270209,5738,0,0,264471,INR,2026-08-17T00:16:00Z,BATCH-PAYT-6571
PO_B14_006572,Razorpay Nodal,BBAS-INV-347516 PO_B14_006572,281997,4499,0,0,277498,INR,2026-08-16T02:35:00Z,BATCH-BBAS-6572
PO_B14_006573,Razorpay Nodal,PAYT-ORD-633586 PAYT-ORD-739056 PAYT-ORD-504580 BATCH-PAYT-6573,407805,8156,0,0,399649,INR,2026-08-16T12:03:00Z,BATCH-PAYT-6573
PO_B14_006574,Razorpay Nodal,OLAA-INV-799013 PO_B14_006574,444038,10446,0,0,433592,INR,2026-08-16T16:06:00Z,BATCH-OLAA-6574
PO_B14_006575,BillDesk Settlement,FLPK-INV-496305 PO_B14_006575,436340,10569,0,0,425771,INR,2026-08-16T18:57:00Z,BATCH-FLPK-6575
PO_B14_006576,Razorpay Nodal,AMZN-ORD-604783 AMZN-ORD-689602 BATCH-AMZN-6576,144423,2888,0,0,141535,INR,2026-08-16T01:47:00Z,BATCH-AMZN-6576
PO_B14_006577,Stripe India,BBAS-INV-142632 PO_B14_006577,220865,4614,0,0,216251,INR,2026-08-16T17:23:00Z,BATCH-BBAS-6577
PO_B14_006578,BillDesk Settlement,BLNK-INV-290437 PO_B14_006578,268816,5168,0,0,263648,INR,2026-08-16T15:39:00Z,BATCH-BLNK-6578
PO_B14_006579,BillDesk Settlement,AMZN-INV-655292 PO_B14_006579,402907,7290,0,0,395617,INR,2026-08-16T06:39:00Z,BATCH-AMZN-6579
PO_B14_006580,PayU Enterprise,MMTR-INV-694275 PO_B14_006580,197330,4639,0,0,192691,INR,2026-08-16T21:54:00Z,BATCH-MMTR-6580
PO_B14_006581,BillDesk Settlement,SWIG-INV-811208 PO_B14_006581,266216,6632,0,0,259584,INR,2026-08-16T02:02:00Z,BATCH-SWIG-6581
PO_B14_006582,Stripe India,MMTR-INV-244644 PO_B14_006582,91533,1758,0,0,89775,INR,2026-08-16T13:39:00Z,BATCH-MMTR-6582
PO_B14_006583,PayU Enterprise,BBAS-ORD-403297 BBAS-ORD-734770 BATCH-BBAS-6583,283660,5673,0,0,277987,INR,2026-08-16T18:00:00Z,BATCH-BBAS-6583
PO_B14_006584,Cashfree Escrow,BBAS-INV-705037 PO_B14_006584,289511,6674,0,0,282837,INR,2026-08-15T20:55:00Z,BATCH-BBAS-6584
PO_B14_006585,Stripe India,BKMS-INV-200434 PO_B14_006585,312780,5371,0,0,307409,INR,2026-08-16T04:18:00Z,BATCH-BKMS-6585
PO_B14_006586,Stripe India,ZOMA-ORD-843707 ZOMA-ORD-989259 ZOMA-ORD-861679 BATCH-ZOMA-6586,152913,3058,0,0,149855,INR,2026-08-16T04:56:00Z,BATCH-ZOMA-6586
PO_B14_006587,Razorpay Nodal,JIOO-INV-666628 PO_B14_006587,292030,6967,0,0,285063,INR,2026-08-16T04:41:00Z,BATCH-JIOO-6587
PO_B14_006588,Stripe India,ZOMA-ORD-662579 ZOMA-ORD-309760 BATCH-ZOMA-6588,125721,2514,0,0,123207,INR,2026-08-16T17:48:00Z,BATCH-ZOMA-6588
PO_B14_006589,BillDesk Settlement,ZOMA-INV-248234 PO_B14_006589,263269,6361,0,0,256908,INR,2026-08-15T23:11:00Z,BATCH-ZOMA-6589
PO_B14_006590,BillDesk Settlement,ZOMA-INV-163439 PO_B14_006590,81466,1386,0,0,80080,INR,2026-08-16T07:47:00Z,BATCH-ZOMA-6590
PO_B14_006591,BillDesk Settlement,PAYT-ORD-696254 PAYT-ORD-357994 PAYT-ORD-100994 BATCH-PAYT-6591,200319,4006,0,0,196313,INR,2026-08-16T02:45:00Z,BATCH-PAYT-6591
PO_B14_006592,Cashfree Escrow,PAYT-EXC-437993-UNRESOLVED,276214,5514,0,0,270700,INR,2026-08-16T23:09:00Z,HOLD-ESCROW
PO_B14_006593,Cashfree Escrow,OLAA-ORD-311509 OLAA-ORD-831581 BATCH-OLAA-6593,446669,8933,0,0,437736,INR,2026-08-16T17:27:00Z,BATCH-OLAA-6593
PO_B14_006594,Stripe India,TATA-ORD-222320 TATA-ORD-375431 BATCH-TATA-6594,404251,8085,0,0,396166,INR,2026-08-15T21:52:00Z,BATCH-TATA-6594
PO_B14_006595,Stripe India,SWIG-INV-591442 PO_B14_006595,260848,4940,0,0,255908,INR,2026-08-16T06:46:00Z,BATCH-SWIG-6595
PO_B14_006596,Stripe India,SWIG-INV-974789 PO_B14_006596,46686,771,0,0,45915,INR,2026-08-16T10:34:00Z,BATCH-SWIG-6596
PO_B14_006597,PayU Enterprise,BKMS-ORD-715858 BKMS-ORD-970698 BKMS-ORD-545953 BATCH-BKMS-6597,554121,11082,0,0,543039,INR,2026-08-16T05:30:00Z,BATCH-BKMS-6597
PO_B14_006598,Stripe India,UBER-ORD-993091 UBER-ORD-250927 BATCH-UBER-6598,314559,6291,0,0,308268,INR,2026-08-16T18:15:00Z,BATCH-UBER-6598
PO_B14_006599,Stripe India,FLPK-INV-340204 PO_B14_006599,311766,5229,0,0,306537,INR,2026-08-16T10:34:00Z,BATCH-FLPK-6599
PO_B14_006600,Stripe India,BBAS-INV-704873 PO_B14_006600,204628,4972,0,0,199656,INR,2026-08-16T13:35:00Z,BATCH-BBAS-6600
PO_B14_006601,PayU Enterprise,BBAS-ORD-881643 BBAS-ORD-974542 BATCH-BBAS-6601,286557,5731,0,0,280826,INR,2026-08-15T23:30:00Z,BATCH-BBAS-6601
PO_B14_006602,Razorpay Nodal,PHNP-ORD-962267 PHNP-ORD-251045 BATCH-PHNP-6602,272106,5442,0,0,266664,INR,2026-08-15T22:41:00Z,BATCH-PHNP-6602
PO_B14_006603,PayU Enterprise,JIOO-INV-924978 PO_B14_006603,410376,9357,0,0,401019,INR,2026-08-16T22:14:00Z,BATCH-JIOO-6603
PO_B14_006604,BillDesk Settlement,FLPK-INV-346282 PO_B14_006604,274352,5774,0,0,268578,INR,2026-08-16T02:42:00Z,BATCH-FLPK-6604
PO_B14_006605,Stripe India,MYNT-EXC-564187-UNRESOLVED,109014,2170,0,0,106844,INR,2026-08-16T23:12:00Z,HOLD-ESCROW
PO_B14_006606,PayU Enterprise,BKMS-INV-864035 PO_B14_006606,142613,3403,0,0,139210,INR,2026-08-16T03:30:00Z,BATCH-BKMS-6606
PO_B14_006607,PayU Enterprise,UBER-ORD-842132 UBER-ORD-481745 BATCH-UBER-6607,162324,3246,0,0,159078,INR,2026-08-16T17:01:00Z,BATCH-UBER-6607
PO_B14_006608,Cashfree Escrow,JIOO-INV-916640 PO_B14_006608,419615,6562,0,0,413053,INR,2026-08-16T08:50:00Z,BATCH-JIOO-6608
PO_B14_006609,Stripe India,BLNK-ORD-851436 BLNK-ORD-518294 BATCH-BLNK-6609,290660,5813,0,0,284847,INR,2026-08-16T09:53:00Z,BATCH-BLNK-6609
PO_B14_006610,Stripe India,AMZN-INV-692430 PO_B14_006610,85395,2100,0,0,83295,INR,2026-08-16T01:00:00Z,BATCH-AMZN-6610
PO_B14_006611,Stripe India,MMTR-ORD-585980 MMTR-ORD-622866 BATCH-MMTR-6611,285206,5704,0,0,279502,INR,2026-08-16T14:01:00Z,BATCH-MMTR-6611
PO_B14_006612,BillDesk Settlement,BLNK-INV-926002 PO_B14_006612,79632,1491,0,0,78141,INR,2026-08-16T04:10:00Z,BATCH-BLNK-6612
PO_B14_006613,Razorpay Nodal,FLPK-INV-801344 PO_B14_006613,270905,4391,0,0,266514,INR,2026-08-16T21:37:00Z,BATCH-FLPK-6613
PO_B14_006614,BillDesk Settlement,UBER-INV-953339 PO_B14_006614,403811,6353,0,0,397458,INR,2026-08-16T10:10:00Z,BATCH-UBER-6614
PO_B14_006615,Stripe India,TATA-INV-321497 PO_B14_006615,137510,3294,0,0,134216,INR,2026-08-16T15:01:00Z,BATCH-TATA-6615
PO_B14_006616,PayU Enterprise,BKMS-INV-158181 PO_B14_006616,89531,2232,0,0,87299,INR,2026-08-16T13:20:00Z,BATCH-BKMS-6616
PO_B14_006617,BillDesk Settlement,MYNT-ORD-780130 MYNT-ORD-536665 MYNT-ORD-596862 BATCH-MYNT-6617,260318,5206,0,0,255112,INR,2026-08-16T17:54:00Z,BATCH-MYNT-6617
PO_B14_006618,Cashfree Escrow,UBER-INV-884364 PO_B14_006618,94864,2195,0,0,92669,INR,2026-08-16T04:35:00Z,BATCH-UBER-6618
PO_B14_006619,Razorpay Nodal,BBAS-INV-533800 PO_B14_006619,189494,4612,0,0,184882,INR,2026-08-16T13:53:00Z,BATCH-BBAS-6619
PO_B14_006620,BillDesk Settlement,AMZN-INV-330295 PO_B14_006620,222794,3581,0,0,219213,INR,2026-08-16T15:45:00Z,BATCH-AMZN-6620
PO_B14_006621,BillDesk Settlement,ZOMA-EXC-952377-UNRESOLVED,160655,3203,0,0,157452,INR,2026-08-16T17:59:00Z,HOLD-ESCROW
PO_B14_006622,PayU Enterprise,BBAS-INV-140031 PO_B14_006622,233367,4455,0,0,228912,INR,2026-08-16T00:37:00Z,BATCH-BBAS-6622
PO_B14_006623,PayU Enterprise,OLAA-INV-518179 PO_B14_006623,154989,3705,0,0,151284,INR,2026-08-16T04:52:00Z,BATCH-OLAA-6623
PO_B14_006624,BillDesk Settlement,FLPK-INV-476804 PO_B14_006624,234941,4456,0,0,230485,INR,2026-08-16T20:46:00Z,BATCH-FLPK-6624
PO_B14_006625,Razorpay Nodal,FLPK-INV-837701 PO_B14_006625,94901,1555,0,0,93346,INR,2026-08-16T20:47:00Z,BATCH-FLPK-6625
PO_B14_006626,Razorpay Nodal,PHNP-ORD-764153 PHNP-ORD-746975 BATCH-PHNP-6626,194296,3885,0,0,190411,INR,2026-08-16T08:49:00Z,BATCH-PHNP-6626
PO_B14_006627,Razorpay Nodal,MYNT-ORD-386548 MYNT-ORD-201221 MYNT-ORD-934455 BATCH-MYNT-6627,271179,5423,0,0,265756,INR,2026-08-16T04:30:00Z,BATCH-MYNT-6627
PO_B14_006628,Cashfree Escrow,JIOO-INV-308571 PO_B14_006628,307716,7098,0,0,300618,INR,2026-08-16T23:25:00Z,BATCH-JIOO-6628
PO_B14_006629,PayU Enterprise,OLAA-INV-393613 PO_B14_006629,399219,9764,0,0,389455,INR,2026-08-16T09:28:00Z,BATCH-OLAA-6629
PO_B14_006630,Stripe India,PAYT-ORD-108684 PAYT-ORD-552501 PAYT-ORD-936658 BATCH-PAYT-6630,381460,7629,0,0,373831,INR,2026-08-16T03:30:00Z,BATCH-PAYT-6630
PO_B14_006631,BillDesk Settlement,PAYT-INV-373916 PO_B14_006631,95858,2256,0,0,93602,INR,2026-08-16T12:34:00Z,BATCH-PAYT-6631
PO_B14_006632,Cashfree Escrow,SWIG-INV-389187 PO_B14_006632,235539,4686,0,0,230853,INR,2026-08-16T03:12:00Z,BATCH-SWIG-6632
PO_B14_006633,BillDesk Settlement,SWIG-INV-928544 PO_B14_006633,237120,3981,0,0,233139,INR,2026-08-16T12:22:00Z,BATCH-SWIG-6633
PO_B14_006634,Stripe India,AMZN-INV-189896 PO_B14_006634,87878,2019,0,0,85859,INR,2026-08-15T23:47:00Z,BATCH-AMZN-6634
PO_B14_006635,BillDesk Settlement,MMTR-INV-421495 PO_B14_006635,49497,1183,0,0,48314,INR,2026-08-16T00:33:00Z,BATCH-MMTR-6635
PO_B14_006636,Razorpay Nodal,SWIG-INV-195061 PO_B14_006636,409378,7212,0,0,402166,INR,2026-08-15T14:13:00Z,BATCH-SWIG-6636
PO_B14_006637,Stripe India,BKMS-INV-745120 PO_B14_006637,300366,7217,0,0,293149,INR,2026-08-16T13:27:00Z,BATCH-BKMS-6637
PO_B14_006638,BillDesk Settlement,AMZN-INV-453068 PO_B14_006638,154677,2459,0,0,152218,INR,2026-08-16T14:20:00Z,BATCH-AMZN-6638
PO_B14_006639,Stripe India,UBER-INV-522059 PO_B14_006639,211648,3962,0,0,207686,INR,2026-08-15T18:33:00Z,BATCH-UBER-6639
PO_B14_006640,Stripe India,BKMS-INV-900473 PO_B14_006640,391914,8219,0,0,383695,INR,2026-08-15T22:12:00Z,BATCH-BKMS-6640
PO_B14_006641,PayU Enterprise,BKMS-ORD-582739 BKMS-ORD-696800 BKMS-ORD-802281 BATCH-BKMS-6641,353486,7069,0,0,346417,INR,2026-08-16T00:25:00Z,BATCH-BKMS-6641
PO_B14_006642,BillDesk Settlement,SWIG-INV-694491 PO_B14_006642,44217,1043,0,0,43174,INR,2026-08-15T19:24:00Z,BATCH-SWIG-6642
PO_B14_006643,PayU Enterprise,TATA-ORD-303321 TATA-ORD-616230 BATCH-TATA-6643,217728,4354,0,0,213374,INR,2026-08-16T20:18:00Z,BATCH-TATA-6643
PO_B14_006644,PayU Enterprise,PAYT-INV-173382 PO_B14_006644,402631,8007,0,0,394624,INR,2026-08-16T15:58:00Z,BATCH-PAYT-6644
PO_B14_006645,BillDesk Settlement,OLAA-INV-897208 PO_B14_006645,41223,663,0,0,40560,INR,2026-08-16T13:36:00Z,BATCH-OLAA-6645
PO_B14_006646,Razorpay Nodal,UBER-INV-720509 PO_B14_006646,350976,5873,0,0,345103,INR,2026-08-16T07:19:00Z,BATCH-UBER-6646
PO_B14_006647,BillDesk Settlement,PHNP-INV-802964 PO_B14_006647,191852,3390,0,0,188462,INR,2026-08-16T05:50:00Z,BATCH-PHNP-6647
PO_B14_006648,Stripe India,MMTR-INV-306379 PO_B14_006648,213189,4437,0,0,208752,INR,2026-08-16T20:55:00Z,BATCH-MMTR-6648
PO_B14_006649,BillDesk Settlement,BLNK-INV-442776 PO_B14_006649,175919,4058,0,0,171861,INR,2026-08-16T06:06:00Z,BATCH-BLNK-6649
PO_B14_006650,Razorpay Nodal,ZOMA-INV-548276 PO_B14_006650,263408,4623,0,0,258785,INR,2026-08-16T14:16:00Z,BATCH-ZOMA-6650
PO_B14_006651,BillDesk Settlement,NYKA-INV-938666 PO_B14_006651,251885,3934,0,0,247951,INR,2026-08-15T21:47:00Z,BATCH-NYKA-6651
PO_B14_006652,Stripe India,FLPK-ORD-961136 FLPK-ORD-466317 BATCH-FLPK-6652,325246,6504,0,0,318742,INR,2026-08-16T08:46:00Z,BATCH-FLPK-6652
PO_B14_006653,BillDesk Settlement,PAYT-INV-313390 PO_B14_006653,429044,7204,0,0,421840,INR,2026-08-16T04:03:00Z,BATCH-PAYT-6653
PO_B14_006654,PayU Enterprise,FLPK-INV-849870 PO_B14_006654,296839,5785,0,0,291054,INR,2026-08-16T15:46:00Z,BATCH-FLPK-6654
PO_B14_006655,BillDesk Settlement,AMZN-EXC-352210-UNRESOLVED,226860,4527,0,0,222333,INR,2026-08-16T11:39:00Z,HOLD-ESCROW
PO_B14_006656,Cashfree Escrow,BBAS-INV-961621 PO_B14_006656,358318,6486,0,0,351832,INR,2026-08-16T09:25:00Z,BATCH-BBAS-6656
PO_B14_006657,PayU Enterprise,FLPK-ORD-272393 FLPK-ORD-424256 FLPK-ORD-190330 BATCH-FLPK-6657,282864,5657,0,0,277207,INR,2026-08-15T23:54:00Z,BATCH-FLPK-6657
PO_B14_006658,Stripe India,FLPK-INV-441341 PO_B14_006658,376557,8909,0,0,367648,INR,2026-08-16T14:53:00Z,BATCH-FLPK-6658
PO_B14_006659,Razorpay Nodal,FLPK-INV-454654 PO_B14_006659,157336,3125,0,0,154211,INR,2026-08-16T09:26:00Z,BATCH-FLPK-6659
PO_B14_006660,PayU Enterprise,MMTR-INV-268150 PO_B14_006660,278237,5798,0,0,272439,INR,2026-08-16T10:15:00Z,BATCH-MMTR-6660
PO_B14_006661,PayU Enterprise,BKMS-EXC-343482-UNRESOLVED,258131,5152,0,0,252979,INR,2026-08-16T09:06:00Z,HOLD-ESCROW
PO_B14_006662,Stripe India,FLPK-ORD-554273 FLPK-ORD-775318 FLPK-ORD-421477 BATCH-FLPK-6662,197643,3952,0,0,193691,INR,2026-08-15T21:39:00Z,BATCH-FLPK-6662
PO_B14_006663,Cashfree Escrow,JIOO-ORD-410621 JIOO-ORD-294134 BATCH-JIOO-6663,237301,4746,0,0,232555,INR,2026-08-16T03:24:00Z,BATCH-JIOO-6663
PO_B14_006664,PayU Enterprise,NYKA-INV-410030 PO_B14_006664,151130,3745,0,0,147385,INR,2026-08-16T01:29:00Z,BATCH-NYKA-6664
PO_B14_006665,BillDesk Settlement,JIOO-INV-267170 PO_B14_006665,285076,5681,0,0,279395,INR,2026-08-15T22:15:00Z,BATCH-JIOO-6665
PO_B14_006666,PayU Enterprise,MYNT-INV-670360 PO_B14_006666,208224,4016,0,0,204208,INR,2026-08-16T16:03:00Z,BATCH-MYNT-6666
PO_B14_006667,Stripe India,AMZN-INV-488602 PO_B14_006667,400662,8398,0,0,392264,INR,2026-08-16T14:30:00Z,BATCH-AMZN-6667
PO_B14_006668,BillDesk Settlement,AMZN-INV-249135 PO_B14_006668,422995,9833,0,0,413162,INR,2026-08-16T05:16:00Z,BATCH-AMZN-6668
PO_B14_006669,Stripe India,AMZN-INV-543067 PO_B14_006669,329083,7990,0,0,321093,INR,2026-08-16T23:47:00Z,BATCH-AMZN-6669
PO_B14_006670,BillDesk Settlement,BLNK-ORD-197626 BLNK-ORD-384369 BLNK-ORD-365377 BATCH-BLNK-6670,342045,6840,0,0,335205,INR,2026-08-16T18:49:00Z,BATCH-BLNK-6670
PO_B14_006671,Cashfree Escrow,JIOO-INV-551414 PO_B14_006671,277379,4413,0,0,272966,INR,2026-08-15T19:05:00Z,BATCH-JIOO-6671
PO_B14_006672,Cashfree Escrow,NYKA-INV-846889 PO_B14_006672,400388,8083,0,0,392305,INR,2026-08-15T18:25:00Z,BATCH-NYKA-6672
PO_B14_006673,Stripe India,JIOO-INV-166407 PO_B14_006673,301148,5333,0,0,295815,INR,2026-08-16T14:14:00Z,BATCH-JIOO-6673
PO_B14_006674,Stripe India,TATA-ORD-380033 TATA-ORD-251052 BATCH-TATA-6674,231709,4634,0,0,227075,INR,2026-08-16T13:47:00Z,BATCH-TATA-6674
PO_B14_006675,PayU Enterprise,BLNK-ORD-378790 BLNK-ORD-154838 BATCH-BLNK-6675,371335,7426,0,0,363909,INR,2026-08-16T13:15:00Z,BATCH-BLNK-6675
PO_B14_006676,Razorpay Nodal,NYKA-INV-516481 PO_B14_006676,442213,9617,0,0,432596,INR,2026-08-16T03:03:00Z,BATCH-NYKA-6676
PO_B14_006677,Stripe India,AMZN-INV-586908 PO_B14_006677,424651,9524,0,0,415127,INR,2026-08-16T01:58:00Z,BATCH-AMZN-6677
PO_B14_006678,PayU Enterprise,PAYT-INV-415804 PO_B14_006678,363000,5998,0,0,357002,INR,2026-08-15T15:50:00Z,BATCH-PAYT-6678
PO_B14_006679,PayU Enterprise,PHNP-ORD-793479 PHNP-ORD-535680 BATCH-PHNP-6679,163667,3273,0,0,160394,INR,2026-08-16T05:08:00Z,BATCH-PHNP-6679
PO_B14_006680,PayU Enterprise,JIOO-INV-820791 PO_B14_006680,159580,3128,0,0,156452,INR,2026-08-16T15:31:00Z,BATCH-JIOO-6680
PO_B14_006681,Cashfree Escrow,PAYT-INV-537292 PO_B14_006681,224936,4760,0,0,220176,INR,2026-08-16T14:51:00Z,BATCH-PAYT-6681
PO_B14_006682,Razorpay Nodal,FLPK-INV-463498 PO_B14_006682,93381,2169,0,0,91212,INR,2026-08-15T17:03:00Z,BATCH-FLPK-6682
PO_B14_006683,Razorpay Nodal,ZOMA-INV-559324 PO_B14_006683,127487,2423,0,0,125064,INR,2026-08-15T23:53:00Z,BATCH-ZOMA-6683
PO_B14_006684,Cashfree Escrow,MYNT-INV-146324 PO_B14_006684,210374,3278,0,0,207096,INR,2026-08-16T00:57:00Z,BATCH-MYNT-6684
PO_B14_006685,Stripe India,BKMS-ORD-328966 BKMS-ORD-599699 BKMS-ORD-644142 BATCH-BKMS-6685,389810,7796,0,0,382014,INR,2026-08-16T18:47:00Z,BATCH-BKMS-6685
PO_B14_006686,Cashfree Escrow,ZOMA-INV-254747 PO_B14_006686,264862,4656,0,0,260206,INR,2026-08-15T22:11:00Z,BATCH-ZOMA-6686
PO_B14_006687,BillDesk Settlement,TATA-ORD-919295 TATA-ORD-720199 BATCH-TATA-6687,229177,4583,0,0,224594,INR,2026-08-16T09:41:00Z,BATCH-TATA-6687
PO_B14_006688,Cashfree Escrow,BKMS-INV-168197 PO_B14_006688,282090,5593,0,0,276497,INR,2026-08-16T15:44:00Z,BATCH-BKMS-6688
PO_B14_006689,PayU Enterprise,OLAA-ORD-665318 OLAA-ORD-521771 BATCH-OLAA-6689,275115,5502,0,0,269613,INR,2026-08-16T19:57:00Z,BATCH-OLAA-6689
PO_B14_006690,BillDesk Settlement,OLAA-INV-353383 PO_B14_006690,165472,2912,0,0,162560,INR,2026-08-16T07:44:00Z,BATCH-OLAA-6690
PO_B14_006691,Razorpay Nodal,JIOO-ORD-840126 JIOO-ORD-330829 BATCH-JIOO-6691,198993,3979,0,0,195014,INR,2026-08-16T00:43:00Z,BATCH-JIOO-6691
PO_B14_006692,Cashfree Escrow,PHNP-INV-993554 PO_B14_006692,417066,9306,0,0,407760,INR,2026-08-15T21:08:00Z,BATCH-PHNP-6692
PO_B14_006693,Cashfree Escrow,BKMS-INV-809802 PO_B14_006693,81899,1476,0,0,80423,INR,2026-08-15T22:48:00Z,BATCH-BKMS-6693
PO_B14_006694,Cashfree Escrow,ZOMA-INV-904094 PO_B14_006694,62983,1305,0,0,61678,INR,2026-08-16T15:05:00Z,BATCH-ZOMA-6694
PO_B14_006695,Cashfree Escrow,BLNK-ORD-927772 BLNK-ORD-254302 BATCH-BLNK-6695,264502,5290,0,0,259212,INR,2026-08-15T21:13:00Z,BATCH-BLNK-6695
PO_B14_006696,PayU Enterprise,PHNP-ORD-293105 PHNP-ORD-309464 BATCH-PHNP-6696,123042,2460,0,0,120582,INR,2026-08-16T12:43:00Z,BATCH-PHNP-6696
PO_B14_006697,Razorpay Nodal,AMZN-ORD-647705 AMZN-ORD-701868 BATCH-AMZN-6697,287305,5746,0,0,281559,INR,2026-08-16T07:40:00Z,BATCH-AMZN-6697
PO_B14_006698,Cashfree Escrow,BLNK-ORD-428401 BLNK-ORD-206515 BATCH-BLNK-6698,49031,980,0,0,48051,INR,2026-08-16T05:39:00Z,BATCH-BLNK-6698
PO_B14_006699,Stripe India,PHNP-INV-259827 PO_B14_006699,69305,1560,0,0,67745,INR,2026-08-16T12:01:00Z,BATCH-PHNP-6699
PO_B14_006700,Cashfree Escrow,SWIG-INV-491389 PO_B14_006700,278287,5083,0,0,273204,INR,2026-08-16T12:58:00Z,BATCH-SWIG-6700
PO_B14_006701,Cashfree Escrow,BLNK-INV-940321 PO_B14_006701,145348,3522,0,0,141826,INR,2026-08-16T15:30:00Z,BATCH-BLNK-6701
PO_B14_006702,Stripe India,BKMS-INV-876112 PO_B14_006702,341984,7789,0,0,334195,INR,2026-08-16T12:03:00Z,BATCH-BKMS-6702
PO_B14_006703,Stripe India,SWIG-EXC-723455-UNRESOLVED,71530,1420,0,0,70110,INR,2026-08-16T18:11:00Z,HOLD-ESCROW
PO_B14_006704,PayU Enterprise,UBER-INV-914384 PO_B14_006704,368973,8887,0,0,360086,INR,2026-08-16T14:38:00Z,BATCH-UBER-6704
PO_B14_006705,Razorpay Nodal,BLNK-ORD-691136 BLNK-ORD-354937 BLNK-ORD-657650 BATCH-BLNK-6705,477109,9542,0,0,467567,INR,2026-08-16T03:37:00Z,BATCH-BLNK-6705
PO_B14_006706,PayU Enterprise,MMTR-INV-383731 PO_B14_006706,328186,7900,0,0,320286,INR,2026-08-15T17:01:00Z,BATCH-MMTR-6706
PO_B14_006707,PayU Enterprise,SWIG-ORD-187740 SWIG-ORD-432806 BATCH-SWIG-6707,305395,6107,0,0,299288,INR,2026-08-15T22:27:00Z,BATCH-SWIG-6707
PO_B14_006708,PayU Enterprise,PAYT-ORD-233543 PAYT-ORD-712894 BATCH-PAYT-6708,317121,6342,0,0,310779,INR,2026-08-16T03:10:00Z,BATCH-PAYT-6708
PO_B14_006709,Stripe India,ZOMA-INV-449898 PO_B14_006709,315772,7247,0,0,308525,INR,2026-08-15T19:10:00Z,BATCH-ZOMA-6709
PO_B14_006710,BillDesk Settlement,MMTR-EXC-705786-UNRESOLVED,112187,2233,0,0,109954,INR,2026-08-16T12:55:00Z,HOLD-ESCROW
PO_B14_006711,Cashfree Escrow,BLNK-ORD-790536 BLNK-ORD-567507 BLNK-ORD-425166 BATCH-BLNK-6711,423092,8461,0,0,414631,INR,2026-08-16T03:29:00Z,BATCH-BLNK-6711
PO_B14_006712,Stripe India,PHNP-INV-162595 PO_B14_006712,188808,3458,0,0,185350,INR,2026-08-15T13:18:00Z,BATCH-PHNP-6712
PO_B14_006713,Razorpay Nodal,BKMS-INV-978299 PO_B14_006713,188621,4120,0,0,184501,INR,2026-08-16T19:57:00Z,BATCH-BKMS-6713
PO_B14_006714,Cashfree Escrow,BBAS-INV-394879 PO_B14_006714,408404,9848,0,0,398556,INR,2026-08-16T16:01:00Z,BATCH-BBAS-6714
PO_B14_006715,Cashfree Escrow,TATA-INV-625524 PO_B14_006715,286327,4559,0,0,281768,INR,2026-08-16T12:56:00Z,BATCH-TATA-6715
PO_B14_006716,PayU Enterprise,MYNT-INV-252345 PO_B14_006716,244099,4272,0,0,239827,INR,2026-08-16T05:55:00Z,BATCH-MYNT-6716
PO_B14_006717,PayU Enterprise,BKMS-INV-792916 PO_B14_006717,103275,1590,0,0,101685,INR,2026-08-16T08:39:00Z,BATCH-BKMS-6717
PO_B14_006718,BillDesk Settlement,BBAS-INV-684607 PO_B14_006718,276371,6824,0,0,269547,INR,2026-08-16T11:43:00Z,BATCH-BBAS-6718
PO_B14_006719,BillDesk Settlement,BKMS-INV-476044 PO_B14_006719,227830,4269,0,0,223561,INR,2026-08-16T03:33:00Z,BATCH-BKMS-6719
PO_B14_006720,Stripe India,BKMS-INV-841533 PO_B14_006720,45777,951,0,0,44826,INR,2026-08-15T19:42:00Z,BATCH-BKMS-6720
PO_B14_006721,Stripe India,PHNP-ORD-548435 PHNP-ORD-369051 PHNP-ORD-753751 BATCH-PHNP-6721,286433,5728,0,0,280705,INR,2026-08-16T15:26:00Z,BATCH-PHNP-6721
PO_B14_006722,Razorpay Nodal,OLAA-INV-868997 PO_B14_006722,42834,916,0,0,41918,INR,2026-08-16T15:52:00Z,BATCH-OLAA-6722
PO_B14_006723,Cashfree Escrow,BBAS-INV-393000 PO_B14_006723,299317,5028,0,0,294289,INR,2026-08-16T10:20:00Z,BATCH-BBAS-6723
PO_B14_006724,Razorpay Nodal,BKMS-INV-476699 PO_B14_006724,105242,1631,0,0,103611,INR,2026-08-15T21:55:00Z,BATCH-BKMS-6724
PO_B14_006725,Razorpay Nodal,TATA-INV-106939 PO_B14_006725,156993,3823,0,0,153170,INR,2026-08-16T13:45:00Z,BATCH-TATA-6725
PO_B14_006726,Cashfree Escrow,ZOMA-INV-353304 PO_B14_006726,300357,6651,0,0,293706,INR,2026-08-16T21:06:00Z,BATCH-ZOMA-6726
PO_B14_006727,Stripe India,PHNP-ORD-238432 PHNP-ORD-526352 BATCH-PHNP-6727,223934,4478,0,0,219456,INR,2026-08-16T05:23:00Z,BATCH-PHNP-6727
PO_B14_006728,BillDesk Settlement,NYKA-INV-878153 PO_B14_006728,208280,3465,0,0,204815,INR,2026-08-16T11:20:00Z,BATCH-NYKA-6728
PO_B14_006729,Razorpay Nodal,MYNT-INV-699384 PO_B14_006729,440948,10676,0,0,430272,INR,2026-08-16T10:35:00Z,BATCH-MYNT-6729
PO_B14_006730,Razorpay Nodal,PHNP-ORD-513299 PHNP-ORD-115024 BATCH-PHNP-6730,297092,5941,0,0,291151,INR,2026-08-16T00:40:00Z,BATCH-PHNP-6730
PO_B14_006731,Razorpay Nodal,PAYT-ORD-667350 PAYT-ORD-956536 PAYT-ORD-115262 BATCH-PAYT-6731,352717,7054,0,0,345663,INR,2026-08-16T02:28:00Z,BATCH-PAYT-6731
PO_B14_006732,PayU Enterprise,TATA-INV-416195 PO_B14_006732,303862,4886,0,0,298976,INR,2026-08-16T12:03:00Z,BATCH-TATA-6732
PO_B14_006733,Stripe India,OLAA-INV-977385 PO_B14_006733,364988,6656,0,0,358332,INR,2026-08-16T23:29:00Z,BATCH-OLAA-6733
PO_B14_006734,BillDesk Settlement,SWIG-ORD-882045 SWIG-ORD-524976 BATCH-SWIG-6734,173002,3460,0,0,169542,INR,2026-08-16T04:20:00Z,BATCH-SWIG-6734
PO_B14_006735,PayU Enterprise,BBAS-INV-889876 PO_B14_006735,191532,4392,0,0,187140,INR,2026-08-15T21:48:00Z,BATCH-BBAS-6735
PO_B14_006736,Stripe India,OLAA-ORD-927162 OLAA-ORD-486879 OLAA-ORD-540104 BATCH-OLAA-6736,493523,9870,0,0,483653,INR,2026-08-16T11:32:00Z,BATCH-OLAA-6736
PO_B14_006737,Razorpay Nodal,PHNP-INV-112965 PO_B14_006737,64486,1145,0,0,63341,INR,2026-08-16T05:09:00Z,BATCH-PHNP-6737
PO_B14_006738,Stripe India,TATA-INV-799692 PO_B14_006738,180095,4422,0,0,175673,INR,2026-08-16T03:43:00Z,BATCH-TATA-6738
PO_B14_006739,Cashfree Escrow,SWIG-INV-560949 PO_B14_006739,360856,7697,0,0,353159,INR,2026-08-16T12:36:00Z,BATCH-SWIG-6739
PO_B14_006740,Cashfree Escrow,BLNK-ORD-140226 BLNK-ORD-406449 BLNK-ORD-980091 BATCH-BLNK-6740,307097,6141,0,0,300956,INR,2026-08-15T22:46:00Z,BATCH-BLNK-6740
PO_B14_006741,BillDesk Settlement,ZOMA-EXC-573628-UNRESOLVED,65873,1307,0,0,64566,INR,2026-08-16T20:43:00Z,HOLD-ESCROW
PO_B14_006742,BillDesk Settlement,MYNT-INV-795104 PO_B14_006742,128775,3072,0,0,125703,INR,2026-08-15T18:29:00Z,BATCH-MYNT-6742
PO_B14_006743,Razorpay Nodal,MMTR-INV-727355 PO_B14_006743,64255,1550,0,0,62705,INR,2026-08-15T17:28:00Z,BATCH-MMTR-6743
PO_B14_006744,Stripe India,BLNK-INV-544643 PO_B14_006744,53152,965,0,0,52187,INR,2026-08-15T21:45:00Z,BATCH-BLNK-6744
PO_B14_006745,Razorpay Nodal,BLNK-INV-773977 PO_B14_006745,414054,9620,0,0,404434,INR,2026-08-15T18:31:00Z,BATCH-BLNK-6745
PO_B14_006746,Razorpay Nodal,NYKA-INV-159145 PO_B14_006746,47603,878,0,0,46725,INR,2026-08-16T15:08:00Z,BATCH-NYKA-6746
PO_B14_006747,BillDesk Settlement,UBER-ORD-520651 UBER-ORD-410015 BATCH-UBER-6747,429309,8586,0,0,420723,INR,2026-08-16T05:25:00Z,BATCH-UBER-6747
PO_B14_006748,Cashfree Escrow,NYKA-ORD-198948 NYKA-ORD-768232 BATCH-NYKA-6748,230544,4610,0,0,225934,INR,2026-08-16T07:18:00Z,BATCH-NYKA-6748
PO_B14_006749,Cashfree Escrow,SWIG-ORD-400115 SWIG-ORD-603441 SWIG-ORD-534796 BATCH-SWIG-6749,428721,8574,0,0,420147,INR,2026-08-16T20:47:00Z,BATCH-SWIG-6749
PO_B14_006750,Stripe India,SWIG-ORD-726275 SWIG-ORD-213576 BATCH-SWIG-6750,218441,4368,0,0,214073,INR,2026-08-16T20:05:00Z,BATCH-SWIG-6750
PO_B14_006751,Razorpay Nodal,ZOMA-INV-852686 PO_B14_006751,68537,1406,0,0,67131,INR,2026-08-16T11:23:00Z,BATCH-ZOMA-6751
PO_B14_006752,Razorpay Nodal,BKMS-INV-226732 PO_B14_006752,443009,10487,0,0,432522,INR,2026-08-15T17:46:00Z,BATCH-BKMS-6752
PO_B14_006753,PayU Enterprise,SWIG-INV-714247 PO_B14_006753,336479,6204,0,0,330275,INR,2026-08-16T14:40:00Z,BATCH-SWIG-6753
PO_B14_006754,BillDesk Settlement,NYKA-INV-742301 PO_B14_006754,178931,2894,0,0,176037,INR,2026-08-16T04:48:00Z,BATCH-NYKA-6754
PO_B14_006755,Razorpay Nodal,MMTR-INV-482642 PO_B14_006755,236875,4819,0,0,232056,INR,2026-08-16T04:35:00Z,BATCH-MMTR-6755
PO_B14_006756,PayU Enterprise,ZOMA-INV-351243 PO_B14_006756,402285,6766,0,0,395519,INR,2026-08-15T18:32:00Z,BATCH-ZOMA-6756
PO_B14_006757,Cashfree Escrow,BKMS-INV-842817 PO_B14_006757,433870,7145,0,0,426725,INR,2026-08-16T09:20:00Z,BATCH-BKMS-6757
PO_B14_006758,Stripe India,BLNK-INV-166110 PO_B14_006758,318390,5099,0,0,313291,INR,2026-08-16T08:50:00Z,BATCH-BLNK-6758
PO_B14_006759,PayU Enterprise,AMZN-INV-753948 PO_B14_006759,255617,4120,0,0,251497,INR,2026-08-16T17:09:00Z,BATCH-AMZN-6759
PO_B14_006760,PayU Enterprise,JIOO-EXC-652386-UNRESOLVED,196815,3926,0,0,192889,INR,2026-08-17T05:57:00Z,HOLD-ESCROW
PO_B14_006761,Razorpay Nodal,SWIG-INV-902843 PO_B14_006761,276581,6702,0,0,269879,INR,2026-08-15T23:51:00Z,BATCH-SWIG-6761
PO_B14_006762,PayU Enterprise,BBAS-INV-179756 PO_B14_006762,241378,3974,0,0,237404,INR,2026-08-16T07:02:00Z,BATCH-BBAS-6762
PO_B14_006763,Cashfree Escrow,TATA-ORD-946300 TATA-ORD-866630 BATCH-TATA-6763,243872,4877,0,0,238995,INR,2026-08-16T19:02:00Z,BATCH-TATA-6763
PO_B14_006764,Razorpay Nodal,BLNK-INV-119398 PO_B14_006764,126453,2230,0,0,124223,INR,2026-08-16T05:38:00Z,BATCH-BLNK-6764
PO_B14_006765,PayU Enterprise,MMTR-INV-672194 PO_B14_006765,121770,2797,0,0,118973,INR,2026-08-16T05:13:00Z,BATCH-MMTR-6765
PO_B14_006766,Razorpay Nodal,AMZN-INV-546043 PO_B14_006766,329976,6405,0,0,323571,INR,2026-08-16T21:47:00Z,BATCH-AMZN-6766
PO_B14_006767,BillDesk Settlement,AMZN-INV-654608 PO_B14_006767,288117,6122,0,0,281995,INR,2026-08-16T16:19:00Z,BATCH-AMZN-6767
PO_B14_006768,Razorpay Nodal,UBER-INV-701569 PO_B14_006768,211923,3786,0,0,208137,INR,2026-08-16T02:28:00Z,BATCH-UBER-6768
PO_B14_006769,PayU Enterprise,PHNP-INV-412530 PO_B14_006769,200327,4604,0,0,195723,INR,2026-08-16T11:49:00Z,BATCH-PHNP-6769
PO_B14_006770,Cashfree Escrow,SWIG-INV-875278 PO_B14_006770,36046,684,0,0,35362,INR,2026-08-15T16:12:00Z,BATCH-SWIG-6770
PO_B14_006771,Stripe India,UBER-ORD-246350 UBER-ORD-148312 BATCH-UBER-6771,223035,4460,0,0,218575,INR,2026-08-16T14:15:00Z,BATCH-UBER-6771
PO_B14_006772,Razorpay Nodal,ZOMA-INV-988931 PO_B14_006772,37941,832,0,0,37109,INR,2026-08-16T04:41:00Z,BATCH-ZOMA-6772
PO_B14_006773,Razorpay Nodal,JIOO-ORD-518665 JIOO-ORD-862127 BATCH-JIOO-6773,352704,7054,0,0,345650,INR,2026-08-16T03:45:00Z,BATCH-JIOO-6773
PO_B14_006774,Cashfree Escrow,BKMS-INV-961731 PO_B14_006774,202653,3542,0,0,199111,INR,2026-08-16T16:50:00Z,BATCH-BKMS-6774
PO_B14_006775,BillDesk Settlement,MYNT-INV-263473 PO_B14_006775,168477,4188,0,0,164289,INR,2026-08-16T05:09:00Z,BATCH-MYNT-6775
PO_B14_006776,Razorpay Nodal,PAYT-INV-148241 PO_B14_006776,387906,9257,0,0,378649,INR,2026-08-16T16:52:00Z,BATCH-PAYT-6776
PO_B14_006777,BillDesk Settlement,MYNT-INV-376130 PO_B14_006777,111511,2027,0,0,109484,INR,2026-08-15T23:08:00Z,BATCH-MYNT-6777
PO_B14_006778,Cashfree Escrow,MYNT-ORD-518902 MYNT-ORD-579736 BATCH-MYNT-6778,431680,8633,0,0,423047,INR,2026-08-16T14:51:00Z,BATCH-MYNT-6778
PO_B14_006779,Razorpay Nodal,BBAS-INV-561068 PO_B14_006779,355741,7749,0,0,347992,INR,2026-08-16T04:37:00Z,BATCH-BBAS-6779
PO_B14_006780,Razorpay Nodal,PHNP-INV-696357 PO_B14_006780,402875,9126,0,0,393749,INR,2026-08-16T01:25:00Z,BATCH-PHNP-6780
PO_B14_006781,Razorpay Nodal,ZOMA-INV-174227 PO_B14_006781,199758,3823,0,0,195935,INR,2026-08-16T17:55:00Z,BATCH-ZOMA-6781
PO_B14_006782,BillDesk Settlement,PHNP-INV-443152 PO_B14_006782,280225,5138,0,0,275087,INR,2026-08-16T04:44:00Z,BATCH-PHNP-6782
PO_B14_006783,PayU Enterprise,PAYT-INV-437595 PO_B14_006783,396749,7128,0,0,389621,INR,2026-08-15T23:54:00Z,BATCH-PAYT-6783
PO_B14_006784,Cashfree Escrow,BLNK-INV-463682 PO_B14_006784,369575,7892,0,0,361683,INR,2026-08-15T23:50:00Z,BATCH-BLNK-6784
PO_B14_006785,Stripe India,MMTR-ORD-675499 MMTR-ORD-460358 MMTR-ORD-906347 BATCH-MMTR-6785,408183,8163,0,0,400020,INR,2026-08-16T18:27:00Z,BATCH-MMTR-6785
PO_B14_006786,Cashfree Escrow,FLPK-ORD-864710 FLPK-ORD-293402 BATCH-FLPK-6786,279303,5586,0,0,273717,INR,2026-08-16T15:39:00Z,BATCH-FLPK-6786
PO_B14_006787,PayU Enterprise,BLNK-INV-833689 PO_B14_006787,439277,9786,0,0,429491,INR,2026-08-15T21:32:00Z,BATCH-BLNK-6787
PO_B14_006788,PayU Enterprise,SWIG-INV-119246 PO_B14_006788,72066,1274,0,0,70792,INR,2026-08-16T20:22:00Z,BATCH-SWIG-6788
PO_B14_006789,Cashfree Escrow,NYKA-INV-348300 PO_B14_006789,54149,1262,0,0,52887,INR,2026-08-16T12:59:00Z,BATCH-NYKA-6789
PO_B14_006790,Cashfree Escrow,BKMS-INV-694757 PO_B14_006790,88443,1629,0,0,86814,INR,2026-08-16T18:35:00Z,BATCH-BKMS-6790
PO_B14_006791,Cashfree Escrow,OLAA-INV-360271 PO_B14_006791,265265,5953,0,0,259312,INR,2026-08-16T05:36:00Z,BATCH-OLAA-6791
PO_B14_006792,Stripe India,BBAS-INV-974999 PO_B14_006792,153466,3000,0,0,150466,INR,2026-08-16T19:37:00Z,BATCH-BBAS-6792
PO_B14_006793,BillDesk Settlement,PHNP-ORD-672717 PHNP-ORD-416791 BATCH-PHNP-6793,69420,1388,0,0,68032,INR,2026-08-16T06:34:00Z,BATCH-PHNP-6793
PO_B14_006794,Razorpay Nodal,ZOMA-INV-806636 PO_B14_006794,201196,3864,0,0,197332,INR,2026-08-16T10:46:00Z,BATCH-ZOMA-6794
PO_B14_006795,PayU Enterprise,PAYT-INV-170693 PO_B14_006795,197709,4162,0,0,193547,INR,2026-08-16T11:14:00Z,BATCH-PAYT-6795
PO_B14_006796,Razorpay Nodal,SWIG-INV-478749 PO_B14_006796,198279,4256,0,0,194023,INR,2026-08-16T13:57:00Z,BATCH-SWIG-6796
PO_B14_006797,BillDesk Settlement,SWIG-INV-803573 PO_B14_006797,69914,1440,0,0,68474,INR,2026-08-16T07:47:00Z,BATCH-SWIG-6797
PO_B14_006798,Razorpay Nodal,JIOO-INV-533472 PO_B14_006798,281534,4457,0,0,277077,INR,2026-08-16T02:09:00Z,BATCH-JIOO-6798
PO_B14_006799,PayU Enterprise,TATA-ORD-736188 TATA-ORD-188718 BATCH-TATA-6799,260782,5215,0,0,255567,INR,2026-08-15T22:52:00Z,BATCH-TATA-6799
PO_B14_006800,PayU Enterprise,BBAS-INV-683542 PO_B14_006800,306682,6675,0,0,300007,INR,2026-08-16T16:23:00Z,BATCH-BBAS-6800
PO_B14_006801,PayU Enterprise,MYNT-EXC-595680-UNRESOLVED,63388,1257,0,0,62131,INR,2026-08-17T08:08:00Z,HOLD-ESCROW
PO_B14_006802,PayU Enterprise,MMTR-INV-350999 PO_B14_006802,335624,7988,0,0,327636,INR,2026-08-16T06:35:00Z,BATCH-MMTR-6802
PO_B14_006803,Stripe India,MMTR-INV-979558 PO_B14_006803,386292,6128,0,0,380164,INR,2026-08-16T03:22:00Z,BATCH-MMTR-6803
PO_B14_006804,Stripe India,BLNK-INV-860850 PO_B14_006804,378889,7983,0,0,370906,INR,2026-08-16T07:00:00Z,BATCH-BLNK-6804
PO_B14_006805,Stripe India,SWIG-INV-888931 PO_B14_006805,255581,5387,0,0,250194,INR,2026-08-16T04:10:00Z,BATCH-SWIG-6805
PO_B14_006806,Cashfree Escrow,BKMS-EXC-891755-UNRESOLVED,132894,2647,0,0,130247,INR,2026-08-17T01:15:00Z,HOLD-ESCROW
PO_B14_006807,Razorpay Nodal,SWIG-ORD-605984 SWIG-ORD-334824 BATCH-SWIG-6807,170442,3408,0,0,167034,INR,2026-08-15T22:07:00Z,BATCH-SWIG-6807
PO_B14_006808,Razorpay Nodal,MYNT-INV-644514 PO_B14_006808,174414,3861,0,0,170553,INR,2026-08-16T08:32:00Z,BATCH-MYNT-6808
PO_B14_006809,Razorpay Nodal,BBAS-INV-480858 PO_B14_006809,185286,4253,0,0,181033,INR,2026-08-15T14:36:00Z,BATCH-BBAS-6809
PO_B14_006810,Razorpay Nodal,BKMS-INV-548014 PO_B14_006810,206058,3397,0,0,202661,INR,2026-08-16T14:11:00Z,BATCH-BKMS-6810
PO_B14_006811,Cashfree Escrow,MMTR-INV-352097 PO_B14_006811,295150,7193,0,0,287957,INR,2026-08-16T11:32:00Z,BATCH-MMTR-6811
PO_B14_006812,Cashfree Escrow,NYKA-ORD-622853 NYKA-ORD-883144 BATCH-NYKA-6812,331643,6632,0,0,325011,INR,2026-08-16T17:41:00Z,BATCH-NYKA-6812
PO_B14_006813,Razorpay Nodal,ZOMA-INV-126110 PO_B14_006813,173773,3257,0,0,170516,INR,2026-08-16T00:02:00Z,BATCH-ZOMA-6813
PO_B14_006814,BillDesk Settlement,NYKA-INV-375666 PO_B14_006814,284949,6200,0,0,278749,INR,2026-08-16T20:45:00Z,BATCH-NYKA-6814
PO_B14_006815,Stripe India,PHNP-ORD-342129 PHNP-ORD-836249 BATCH-PHNP-6815,231004,4620,0,0,226384,INR,2026-08-15T22:57:00Z,BATCH-PHNP-6815
PO_B14_006816,Cashfree Escrow,AMZN-INV-639826 PO_B14_006816,344823,8156,0,0,336667,INR,2026-08-16T12:40:00Z,BATCH-AMZN-6816
PO_B14_006817,Razorpay Nodal,OLAA-INV-102753 PO_B14_006817,231551,5011,0,0,226540,INR,2026-08-15T23:06:00Z,BATCH-OLAA-6817
PO_B14_006818,Stripe India,OLAA-ORD-168094 OLAA-ORD-619293 BATCH-OLAA-6818,161642,3232,0,0,158410,INR,2026-08-16T10:51:00Z,BATCH-OLAA-6818
PO_B14_006819,BillDesk Settlement,BKMS-INV-298212 PO_B14_006819,141852,2919,0,0,138933,INR,2026-08-16T05:08:00Z,BATCH-BKMS-6819
PO_B14_006820,PayU Enterprise,JIOO-ORD-918108 JIOO-ORD-535387 BATCH-JIOO-6820,303563,6071,0,0,297492,INR,2026-08-16T08:21:00Z,BATCH-JIOO-6820
PO_B14_006821,Razorpay Nodal,PHNP-INV-880402 PO_B14_006821,397691,7799,0,0,389892,INR,2026-08-16T13:51:00Z,BATCH-PHNP-6821
PO_B14_006822,PayU Enterprise,PAYT-INV-709752 PO_B14_006822,244826,5742,0,0,239084,INR,2026-08-15T23:26:00Z,BATCH-PAYT-6822
PO_B14_006823,Cashfree Escrow,OLAA-ORD-587479 OLAA-ORD-323776 OLAA-ORD-526114 BATCH-OLAA-6823,298564,5971,0,0,292593,INR,2026-08-16T14:06:00Z,BATCH-OLAA-6823
PO_B14_006824,PayU Enterprise,SWIG-INV-567507 PO_B14_006824,286558,5764,0,0,280794,INR,2026-08-15T19:40:00Z,BATCH-SWIG-6824
PO_B14_006825,PayU Enterprise,FLPK-INV-592228 PO_B14_006825,116999,2595,0,0,114404,INR,2026-08-16T08:08:00Z,BATCH-FLPK-6825
PO_B14_006826,Stripe India,OLAA-ORD-336085 OLAA-ORD-997339 BATCH-OLAA-6826,227487,4549,0,0,222938,INR,2026-08-16T09:48:00Z,BATCH-OLAA-6826
PO_B14_006827,BillDesk Settlement,AMZN-INV-968715 PO_B14_006827,276593,5420,0,0,271173,INR,2026-08-16T13:02:00Z,BATCH-AMZN-6827
PO_B14_006828,Razorpay Nodal,BBAS-INV-189574 PO_B14_006828,301193,6650,0,0,294543,INR,2026-08-15T13:24:00Z,BATCH-BBAS-6828
PO_B14_006829,Cashfree Escrow,PHNP-EXC-475949-UNRESOLVED,283782,5665,0,0,278117,INR,2026-08-17T03:03:00Z,HOLD-ESCROW
PO_B14_006830,PayU Enterprise,SWIG-INV-966422 PO_B14_006830,339039,7404,0,0,331635,INR,2026-08-16T19:33:00Z,BATCH-SWIG-6830
PO_B14_006831,Cashfree Escrow,MYNT-ORD-391477 MYNT-ORD-189776 BATCH-MYNT-6831,258525,5170,0,0,253355,INR,2026-08-16T19:47:00Z,BATCH-MYNT-6831
PO_B14_006832,PayU Enterprise,AMZN-INV-872465 PO_B14_006832,40875,858,0,0,40017,INR,2026-08-16T03:51:00Z,BATCH-AMZN-6832
PO_B14_006833,Razorpay Nodal,NYKA-ORD-473254 NYKA-ORD-611731 BATCH-NYKA-6833,275959,5519,0,0,270440,INR,2026-08-16T19:53:00Z,BATCH-NYKA-6833
PO_B14_006834,PayU Enterprise,BKMS-ORD-747600 BKMS-ORD-866435 BATCH-BKMS-6834,125360,2507,0,0,122853,INR,2026-08-16T12:52:00Z,BATCH-BKMS-6834
PO_B14_006835,Stripe India,PAYT-INV-574787 PO_B14_006835,364464,6355,0,0,358109,INR,2026-08-16T19:35:00Z,BATCH-PAYT-6835
PO_B14_006836,Razorpay Nodal,MMTR-INV-508754 PO_B14_006836,47469,912,0,0,46557,INR,2026-08-15T22:44:00Z,BATCH-MMTR-6836
PO_B14_006837,Stripe India,MYNT-INV-422866 PO_B14_006837,302663,7404,0,0,295259,INR,2026-08-16T11:48:00Z,BATCH-MYNT-6837
PO_B14_006838,Razorpay Nodal,TATA-INV-915095 PO_B14_006838,50893,1131,0,0,49762,INR,2026-08-16T03:20:00Z,BATCH-TATA-6838
PO_B14_006839,Cashfree Escrow,ZOMA-INV-936452 PO_B14_006839,118064,2167,0,0,115897,INR,2026-08-16T00:42:00Z,BATCH-ZOMA-6839
PO_B14_006840,Razorpay Nodal,SWIG-ORD-144008 SWIG-ORD-880585 SWIG-ORD-241382 BATCH-SWIG-6840,515775,10315,0,0,505460,INR,2026-08-16T00:28:00Z,BATCH-SWIG-6840
PO_B14_006841,BillDesk Settlement,MYNT-INV-966722 PO_B14_006841,376297,6324,0,0,369973,INR,2026-08-16T20:36:00Z,BATCH-MYNT-6841
PO_B14_006842,PayU Enterprise,OLAA-INV-750951 PO_B14_006842,344456,8433,0,0,336023,INR,2026-08-16T11:19:00Z,BATCH-OLAA-6842
PO_B14_006843,Cashfree Escrow,MYNT-INV-687480 PO_B14_006843,143038,2950,0,0,140088,INR,2026-08-16T14:01:00Z,BATCH-MYNT-6843
PO_B14_006844,Stripe India,MYNT-INV-113712 PO_B14_006844,155394,2866,0,0,152528,INR,2026-08-16T13:34:00Z,BATCH-MYNT-6844
PO_B14_006845,Razorpay Nodal,BKMS-ORD-605644 BKMS-ORD-648400 BKMS-ORD-606333 BATCH-BKMS-6845,555270,11105,0,0,544165,INR,2026-08-16T19:38:00Z,BATCH-BKMS-6845
PO_B14_006846,BillDesk Settlement,PAYT-ORD-543015 PAYT-ORD-300225 BATCH-PAYT-6846,218351,4367,0,0,213984,INR,2026-08-16T02:49:00Z,BATCH-PAYT-6846
PO_B14_006847,Razorpay Nodal,BLNK-INV-628300 PO_B14_006847,225742,4896,0,0,220846,INR,2026-08-16T05:14:00Z,BATCH-BLNK-6847
PO_B14_006848,Stripe India,SWIG-INV-808644 PO_B14_006848,382854,7264,0,0,375590,INR,2026-08-16T14:02:00Z,BATCH-SWIG-6848
PO_B14_006849,BillDesk Settlement,FLPK-ORD-632671 FLPK-ORD-143437 FLPK-ORD-862274 BATCH-FLPK-6849,290285,5805,0,0,284480,INR,2026-08-16T01:54:00Z,BATCH-FLPK-6849
PO_B14_006850,Razorpay Nodal,ZOMA-INV-995179 PO_B14_006850,340339,6523,0,0,333816,INR,2026-08-16T08:03:00Z,BATCH-ZOMA-6850
PO_B14_006851,Stripe India,BKMS-ORD-606049 BKMS-ORD-849024 BATCH-BKMS-6851,202519,4050,0,0,198469,INR,2026-08-16T13:32:00Z,BATCH-BKMS-6851
PO_B14_006852,BillDesk Settlement,NYKA-INV-695847 PO_B14_006852,374126,8946,0,0,365180,INR,2026-08-16T06:14:00Z,BATCH-NYKA-6852
PO_B14_006853,PayU Enterprise,BKMS-ORD-582567 BKMS-ORD-732819 BATCH-BKMS-6853,274807,5496,0,0,269311,INR,2026-08-16T17:50:00Z,BATCH-BKMS-6853
PO_B14_006854,BillDesk Settlement,BLNK-ORD-378555 BLNK-ORD-614088 BLNK-ORD-778644 BATCH-BLNK-6854,400797,8015,0,0,392782,INR,2026-08-16T02:43:00Z,BATCH-BLNK-6854
PO_B14_006855,BillDesk Settlement,MYNT-INV-194725 PO_B14_006855,393097,7845,0,0,385252,INR,2026-08-17T00:00:00Z,BATCH-MYNT-6855
PO_B14_006856,Razorpay Nodal,BLNK-ORD-783025 BLNK-ORD-807198 BLNK-ORD-927794 BATCH-BLNK-6856,447072,8941,0,0,438131,INR,2026-08-16T04:57:00Z,BATCH-BLNK-6856
PO_B14_006857,Cashfree Escrow,UBER-INV-167093 PO_B14_006857,329443,6359,0,0,323084,INR,2026-08-15T15:00:00Z,BATCH-UBER-6857
PO_B14_006858,Stripe India,BLNK-INV-462115 PO_B14_006858,28292,445,0,0,27847,INR,2026-08-15T19:11:00Z,BATCH-BLNK-6858
PO_B14_006859,Razorpay Nodal,MMTR-INV-266270 PO_B14_006859,177269,3071,0,0,174198,INR,2026-08-16T08:18:00Z,BATCH-MMTR-6859
PO_B14_006860,PayU Enterprise,AMZN-INV-239386 PO_B14_006860,314395,5720,0,0,308675,INR,2026-08-15T19:17:00Z,BATCH-AMZN-6860
PO_B14_006861,Razorpay Nodal,BBAS-EXC-991688-UNRESOLVED,142494,2839,0,0,139655,INR,2026-08-16T19:38:00Z,HOLD-ESCROW
PO_B14_006862,PayU Enterprise,NYKA-INV-242830 PO_B14_006862,445374,8356,0,0,437018,INR,2026-08-16T15:32:00Z,BATCH-NYKA-6862
PO_B14_006863,BillDesk Settlement,UBER-INV-741116 PO_B14_006863,160070,3252,0,0,156818,INR,2026-08-16T00:31:00Z,BATCH-UBER-6863
PO_B14_006864,BillDesk Settlement,UBER-INV-936281 PO_B14_006864,63139,1413,0,0,61726,INR,2026-08-16T09:12:00Z,BATCH-UBER-6864
PO_B14_006865,Stripe India,MMTR-INV-498174 PO_B14_006865,439338,7314,0,0,432024,INR,2026-08-15T19:53:00Z,BATCH-MMTR-6865
PO_B14_006866,BillDesk Settlement,BBAS-INV-429440 PO_B14_006866,204846,3936,0,0,200910,INR,2026-08-15T16:06:00Z,BATCH-BBAS-6866
PO_B14_006867,Cashfree Escrow,TATA-INV-324362 PO_B14_006867,438851,7149,0,0,431702,INR,2026-08-15T20:12:00Z,BATCH-TATA-6867
PO_B14_006868,PayU Enterprise,TATA-INV-451285 PO_B14_006868,409805,6646,0,0,403159,INR,2026-08-16T04:02:00Z,BATCH-TATA-6868
PO_B14_006869,BillDesk Settlement,PHNP-EXC-569001-UNRESOLVED,176367,3517,0,0,172850,INR,2026-08-16T13:27:00Z,HOLD-ESCROW
PO_B14_006870,PayU Enterprise,BLNK-ORD-640950 BLNK-ORD-498405 BATCH-BLNK-6870,253037,5060,0,0,247977,INR,2026-08-16T17:37:00Z,BATCH-BLNK-6870
PO_B14_006871,BillDesk Settlement,MYNT-INV-261145 PO_B14_006871,71766,1605,0,0,70161,INR,2026-08-16T06:01:00Z,BATCH-MYNT-6871
PO_B14_006872,Cashfree Escrow,ZOMA-ORD-297302 ZOMA-ORD-498314 BATCH-ZOMA-6872,448972,8979,0,0,439993,INR,2026-08-16T12:58:00Z,BATCH-ZOMA-6872
PO_B14_006873,PayU Enterprise,MMTR-ORD-327146 MMTR-ORD-479963 BATCH-MMTR-6873,317627,6352,0,0,311275,INR,2026-08-16T18:32:00Z,BATCH-MMTR-6873
PO_B14_006874,PayU Enterprise,MYNT-INV-878276 PO_B14_006874,400195,8147,0,0,392048,INR,2026-08-16T04:07:00Z,BATCH-MYNT-6874
PO_B14_006875,BillDesk Settlement,SWIG-INV-978084 PO_B14_006875,286575,4947,0,0,281628,INR,2026-08-16T01:30:00Z,BATCH-SWIG-6875
PO_B14_006876,Cashfree Escrow,TATA-EXC-736066-UNRESOLVED,266567,5321,0,0,261246,INR,2026-08-16T14:12:00Z,HOLD-ESCROW
PO_B14_006877,PayU Enterprise,PAYT-INV-527165 PO_B14_006877,196950,4737,0,0,192213,INR,2026-08-15T22:53:00Z,BATCH-PAYT-6877
PO_B14_006878,BillDesk Settlement,UBER-ORD-905888 UBER-ORD-945988 BATCH-UBER-6878,298127,5962,0,0,292165,INR,2026-08-16T11:29:00Z,BATCH-UBER-6878
PO_B14_006879,PayU Enterprise,JIOO-INV-349599 PO_B14_006879,119149,1923,0,0,117226,INR,2026-08-16T08:23:00Z,BATCH-JIOO-6879
PO_B14_006880,Razorpay Nodal,PAYT-ORD-578631 PAYT-ORD-154765 BATCH-PAYT-6880,245678,4913,0,0,240765,INR,2026-08-16T08:21:00Z,BATCH-PAYT-6880
PO_B14_006881,Stripe India,BLNK-INV-968641 PO_B14_006881,444064,10277,0,0,433787,INR,2026-08-16T12:50:00Z,BATCH-BLNK-6881
PO_B14_006882,Razorpay Nodal,UBER-INV-166970 PO_B14_006882,449939,8502,0,0,441437,INR,2026-08-16T14:48:00Z,BATCH-UBER-6882
PO_B14_006883,BillDesk Settlement,PHNP-INV-218754 PO_B14_006883,110451,2084,0,0,108367,INR,2026-08-16T17:52:00Z,BATCH-PHNP-6883
PO_B14_006884,BillDesk Settlement,PHNP-INV-448314 PO_B14_006884,239699,4456,0,0,235243,INR,2026-08-15T23:51:00Z,BATCH-PHNP-6884
PO_B14_006885,BillDesk Settlement,BBAS-INV-948448 PO_B14_006885,163864,2948,0,0,160916,INR,2026-08-16T12:41:00Z,BATCH-BBAS-6885
PO_B14_006886,BillDesk Settlement,BKMS-INV-260861 PO_B14_006886,188677,4375,0,0,184302,INR,2026-08-16T03:02:00Z,BATCH-BKMS-6886
PO_B14_006887,Cashfree Escrow,MYNT-INV-633709 PO_B14_006887,209850,4200,0,0,205650,INR,2026-08-16T05:46:00Z,BATCH-MYNT-6887
PO_B14_006888,Razorpay Nodal,JIOO-INV-540957 PO_B14_006888,166131,2997,0,0,163134,INR,2026-08-16T03:20:00Z,BATCH-JIOO-6888
PO_B14_006889,PayU Enterprise,SWIG-INV-143169 PO_B14_006889,322268,7668,0,0,314600,INR,2026-08-15T22:57:00Z,BATCH-SWIG-6889
PO_B14_006890,Cashfree Escrow,MMTR-ORD-965595 MMTR-ORD-243030 MMTR-ORD-138645 BATCH-MMTR-6890,558333,11166,0,0,547167,INR,2026-08-15T22:59:00Z,BATCH-MMTR-6890
PO_B14_006891,Cashfree Escrow,PHNP-INV-578032 PO_B14_006891,391522,8290,0,0,383232,INR,2026-08-16T16:59:00Z,BATCH-PHNP-6891
PO_B14_006892,Cashfree Escrow,BKMS-EXC-778730-UNRESOLVED,56307,1116,0,0,55191,INR,2026-08-16T20:55:00Z,HOLD-ESCROW
PO_B14_006893,Razorpay Nodal,NYKA-INV-606206 PO_B14_006893,403394,7196,0,0,396198,INR,2026-08-15T19:21:00Z,BATCH-NYKA-6893
PO_B14_006894,Cashfree Escrow,FLPK-INV-702585 PO_B14_006894,36826,826,0,0,36000,INR,2026-08-16T13:14:00Z,BATCH-FLPK-6894
PO_B14_006895,Stripe India,FLPK-ORD-793430 FLPK-ORD-186113 FLPK-ORD-825523 BATCH-FLPK-6895,549689,10993,0,0,538696,INR,2026-08-16T04:12:00Z,BATCH-FLPK-6895
PO_B14_006896,Stripe India,ZOMA-INV-956356 PO_B14_006896,190278,3155,0,0,187123,INR,2026-08-16T05:06:00Z,BATCH-ZOMA-6896
PO_B14_006897,Razorpay Nodal,PHNP-INV-275912 PO_B14_006897,435481,9309,0,0,426172,INR,2026-08-16T04:29:00Z,BATCH-PHNP-6897
PO_B14_006898,Razorpay Nodal,FLPK-EXC-407984-UNRESOLVED,218718,4364,0,0,214354,INR,2026-08-17T03:04:00Z,HOLD-ESCROW
PO_B14_006899,BillDesk Settlement,OLAA-INV-784742 PO_B14_006899,142471,2895,0,0,139576,INR,2026-08-16T07:28:00Z,BATCH-OLAA-6899
PO_B14_006900,Razorpay Nodal,JIOO-INV-546582 PO_B14_006900,403701,6073,0,0,397628,INR,2026-08-15T16:58:00Z,BATCH-JIOO-6900
PO_B14_006901,Cashfree Escrow,SWIG-INV-186735 PO_B14_006901,185958,3888,0,0,182070,INR,2026-08-16T08:40:00Z,BATCH-SWIG-6901
PO_B14_006902,Cashfree Escrow,AMZN-ORD-243362 AMZN-ORD-345344 AMZN-ORD-605823 BATCH-AMZN-6902,534612,10692,0,0,523920,INR,2026-08-16T17:05:00Z,BATCH-AMZN-6902
PO_B14_006903,BillDesk Settlement,MYNT-INV-649019 PO_B14_006903,276155,6827,0,0,269328,INR,2026-08-16T02:16:00Z,BATCH-MYNT-6903
PO_B14_006904,Cashfree Escrow,MMTR-INV-162670 PO_B14_006904,210494,4836,0,0,205658,INR,2026-08-16T09:07:00Z,BATCH-MMTR-6904
PO_B14_006905,Cashfree Escrow,NYKA-INV-918037 PO_B14_006905,240729,3837,0,0,236892,INR,2026-08-16T12:55:00Z,BATCH-NYKA-6905
PO_B14_006906,Cashfree Escrow,SWIG-INV-662092 PO_B14_006906,210489,4651,0,0,205838,INR,2026-08-16T13:52:00Z,BATCH-SWIG-6906
PO_B14_006907,Cashfree Escrow,FLPK-ORD-114550 FLPK-ORD-931476 BATCH-FLPK-6907,327131,6542,0,0,320589,INR,2026-08-16T16:56:00Z,BATCH-FLPK-6907
PO_B14_006908,Stripe India,SWIG-INV-380776 PO_B14_006908,255912,5759,0,0,250153,INR,2026-08-16T15:39:00Z,BATCH-SWIG-6908
PO_B14_006909,Razorpay Nodal,BLNK-INV-363866 PO_B14_006909,420716,9914,0,0,410802,INR,2026-08-16T11:08:00Z,BATCH-BLNK-6909
PO_B14_006910,PayU Enterprise,ZOMA-ORD-200660 ZOMA-ORD-190439 BATCH-ZOMA-6910,274438,5488,0,0,268950,INR,2026-08-15T22:48:00Z,BATCH-ZOMA-6910
PO_B14_006911,PayU Enterprise,OLAA-INV-957121 PO_B14_006911,90264,2194,0,0,88070,INR,2026-08-16T13:18:00Z,BATCH-OLAA-6911
PO_B14_006912,Stripe India,MMTR-INV-398597 PO_B14_006912,207936,3500,0,0,204436,INR,2026-08-16T15:38:00Z,BATCH-MMTR-6912
PO_B14_006913,BillDesk Settlement,FLPK-INV-731143 PO_B14_006913,239339,5315,0,0,234024,INR,2026-08-16T10:52:00Z,BATCH-FLPK-6913
PO_B14_006914,BillDesk Settlement,FLPK-INV-737269 PO_B14_006914,411169,7896,0,0,403273,INR,2026-08-16T01:34:00Z,BATCH-FLPK-6914
PO_B14_006915,BillDesk Settlement,MYNT-EXC-195180-UNRESOLVED,184545,3680,0,0,180865,INR,2026-08-16T14:18:00Z,HOLD-ESCROW
PO_B14_006916,Razorpay Nodal,MMTR-ORD-158361 MMTR-ORD-336553 BATCH-MMTR-6916,383070,7661,0,0,375409,INR,2026-08-16T13:49:00Z,BATCH-MMTR-6916
PO_B14_006917,PayU Enterprise,UBER-EXC-640587-UNRESOLVED,123986,2469,0,0,121517,INR,2026-08-16T11:20:00Z,HOLD-ESCROW
PO_B14_006918,Stripe India,PAYT-INV-911917 PO_B14_006918,155974,3149,0,0,152825,INR,2026-08-16T13:46:00Z,BATCH-PAYT-6918
PO_B14_006919,BillDesk Settlement,JIOO-INV-157447 PO_B14_006919,233441,4685,0,0,228756,INR,2026-08-16T06:54:00Z,BATCH-JIOO-6919
PO_B14_006920,Razorpay Nodal,PHNP-INV-805577 PO_B14_006920,328840,6207,0,0,322633,INR,2026-08-16T13:02:00Z,BATCH-PHNP-6920
PO_B14_006921,Cashfree Escrow,AMZN-INV-600217 PO_B14_006921,177984,2992,0,0,174992,INR,2026-08-16T13:12:00Z,BATCH-AMZN-6921
PO_B14_006922,PayU Enterprise,UBER-INV-419321 PO_B14_006922,136114,2856,0,0,133258,INR,2026-08-16T13:52:00Z,BATCH-UBER-6922
PO_B14_006923,PayU Enterprise,MMTR-INV-622917 PO_B14_006923,28248,472,0,0,27776,INR,2026-08-16T04:24:00Z,BATCH-MMTR-6923
PO_B14_006924,BillDesk Settlement,ZOMA-INV-486846 PO_B14_006924,34896,685,0,0,34211,INR,2026-08-15T23:06:00Z,BATCH-ZOMA-6924
PO_B14_006925,Cashfree Escrow,MMTR-INV-811266 PO_B14_006925,250306,5970,0,0,244336,INR,2026-08-16T05:34:00Z,BATCH-MMTR-6925
PO_B14_006926,Cashfree Escrow,PHNP-INV-463387 PO_B14_006926,106505,1885,0,0,104620,INR,2026-08-16T13:15:00Z,BATCH-PHNP-6926
PO_B14_006927,Cashfree Escrow,UBER-INV-257416 PO_B14_006927,293670,4750,0,0,288920,INR,2026-08-15T21:09:00Z,BATCH-UBER-6927
PO_B14_006928,Cashfree Escrow,PAYT-INV-462360 PO_B14_006928,394194,7164,0,0,387030,INR,2026-08-16T12:40:00Z,BATCH-PAYT-6928
PO_B14_006929,Cashfree Escrow,FLPK-INV-550891 PO_B14_006929,178654,3701,0,0,174953,INR,2026-08-15T22:16:00Z,BATCH-FLPK-6929
PO_B14_006930,BillDesk Settlement,TATA-ORD-159490 TATA-ORD-462468 BATCH-TATA-6930,417203,8344,0,0,408859,INR,2026-08-16T04:02:00Z,BATCH-TATA-6930
PO_B14_006931,PayU Enterprise,PAYT-ORD-365509 PAYT-ORD-422127 BATCH-PAYT-6931,354691,7093,0,0,347598,INR,2026-08-16T10:02:00Z,BATCH-PAYT-6931
PO_B14_006932,Razorpay Nodal,MMTR-INV-653342 PO_B14_006932,256532,5528,0,0,251004,INR,2026-08-16T11:04:00Z,BATCH-MMTR-6932
PO_B14_006933,Razorpay Nodal,SWIG-INV-545676 PO_B14_006933,389616,6933,0,0,382683,INR,2026-08-15T14:58:00Z,BATCH-SWIG-6933
PO_B14_006934,Cashfree Escrow,SWIG-EXC-799049-UNRESOLVED,225238,4494,0,0,220744,INR,2026-08-16T11:28:00Z,HOLD-ESCROW
PO_B14_006935,Razorpay Nodal,JIOO-EXC-225460-UNRESOLVED,248526,4960,0,0,243566,INR,2026-08-16T19:43:00Z,HOLD-ESCROW
PO_B14_006936,PayU Enterprise,ZOMA-INV-708014 PO_B14_006936,326509,7829,0,0,318680,INR,2026-08-16T14:52:00Z,BATCH-ZOMA-6936
PO_B14_006937,Cashfree Escrow,SWIG-INV-201182 PO_B14_006937,261824,6339,0,0,255485,INR,2026-08-16T03:18:00Z,BATCH-SWIG-6937
PO_B14_006938,Razorpay Nodal,PHNP-ORD-984848 PHNP-ORD-998539 BATCH-PHNP-6938,255610,5112,0,0,250498,INR,2026-08-16T11:30:00Z,BATCH-PHNP-6938
PO_B14_006939,PayU Enterprise,UBER-INV-743871 PO_B14_006939,49715,893,0,0,48822,INR,2026-08-16T03:30:00Z,BATCH-UBER-6939
PO_B14_006940,Cashfree Escrow,TATA-INV-948568 PO_B14_006940,26196,464,0,0,25732,INR,2026-08-16T05:14:00Z,BATCH-TATA-6940
PO_B14_006941,Stripe India,JIOO-INV-789449 PO_B14_006941,115836,2661,0,0,113175,INR,2026-08-15T15:05:00Z,BATCH-JIOO-6941
PO_B14_006942,Stripe India,OLAA-INV-316132 PO_B14_006942,209213,3654,0,0,205559,INR,2026-08-16T03:25:00Z,BATCH-OLAA-6942
PO_B14_006943,Cashfree Escrow,JIOO-INV-510813 PO_B14_006943,279764,4622,0,0,275142,INR,2026-08-16T16:30:00Z,BATCH-JIOO-6943
PO_B14_006944,Stripe India,PAYT-INV-747243 PO_B14_006944,166757,2669,0,0,164088,INR,2026-08-16T11:43:00Z,BATCH-PAYT-6944
PO_B14_006945,Stripe India,UBER-INV-857376 PO_B14_006945,262911,4971,0,0,257940,INR,2026-08-16T09:33:00Z,BATCH-UBER-6945
PO_B14_006946,BillDesk Settlement,BBAS-INV-600397 PO_B14_006946,242562,4882,0,0,237680,INR,2026-08-16T02:26:00Z,BATCH-BBAS-6946
PO_B14_006947,Stripe India,PAYT-INV-760515 PO_B14_006947,308079,7323,0,0,300756,INR,2026-08-16T14:14:00Z,BATCH-PAYT-6947
PO_B14_006948,Razorpay Nodal,BBAS-ORD-952923 BBAS-ORD-954775 BATCH-BBAS-6948,226824,4536,0,0,222288,INR,2026-08-15T23:21:00Z,BATCH-BBAS-6948
PO_B14_006949,Cashfree Escrow,OLAA-ORD-125564 OLAA-ORD-959942 BATCH-OLAA-6949,256000,5120,0,0,250880,INR,2026-08-16T16:38:00Z,BATCH-OLAA-6949
PO_B14_006950,BillDesk Settlement,BLNK-INV-301928 PO_B14_006950,306227,7004,0,0,299223,INR,2026-08-16T07:21:00Z,BATCH-BLNK-6950
PO_B14_006951,Razorpay Nodal,BBAS-INV-571298 PO_B14_006951,110040,2318,0,0,107722,INR,2026-08-16T09:23:00Z,BATCH-BBAS-6951
PO_B14_006952,BillDesk Settlement,ZOMA-ORD-951278 ZOMA-ORD-571669 BATCH-ZOMA-6952,73638,1472,0,0,72166,INR,2026-08-16T12:42:00Z,BATCH-ZOMA-6952
PO_B14_006953,BillDesk Settlement,SWIG-INV-131925 PO_B14_006953,57363,1096,0,0,56267,INR,2026-08-16T07:41:00Z,BATCH-SWIG-6953
PO_B14_006954,Cashfree Escrow,FLPK-INV-912324 PO_B14_006954,154843,2975,0,0,151868,INR,2026-08-16T16:41:00Z,BATCH-FLPK-6954
PO_B14_006955,Stripe India,MMTR-ORD-618802 MMTR-ORD-109666 BATCH-MMTR-6955,264426,5288,0,0,259138,INR,2026-08-16T19:13:00Z,BATCH-MMTR-6955
PO_B14_006956,Stripe India,NYKA-INV-822908 PO_B14_006956,301795,6707,0,0,295088,INR,2026-08-16T11:30:00Z,BATCH-NYKA-6956
PO_B14_006957,Stripe India,SWIG-INV-903678 PO_B14_006957,278069,4642,0,0,273427,INR,2026-08-16T15:40:00Z,BATCH-SWIG-6957
PO_B14_006958,BillDesk Settlement,AMZN-EXC-200770-UNRESOLVED,94658,1883,0,0,92775,INR,2026-08-16T19:01:00Z,HOLD-ESCROW
PO_B14_006959,BillDesk Settlement,FLPK-ORD-610240 FLPK-ORD-815744 BATCH-FLPK-6959,84733,1694,0,0,83039,INR,2026-08-16T20:39:00Z,BATCH-FLPK-6959
PO_B14_006960,BillDesk Settlement,AMZN-INV-863533 PO_B14_006960,196815,4342,0,0,192473,INR,2026-08-15T15:22:00Z,BATCH-AMZN-6960
PO_B14_006961,Stripe India,OLAA-ORD-890582 OLAA-ORD-389150 BATCH-OLAA-6961,256349,5126,0,0,251223,INR,2026-08-15T23:35:00Z,BATCH-OLAA-6961
PO_B14_006962,Cashfree Escrow,PHNP-INV-361934 PO_B14_006962,47019,968,0,0,46051,INR,2026-08-16T15:31:00Z,BATCH-PHNP-6962
PO_B14_006963,PayU Enterprise,BLNK-ORD-809084 BLNK-ORD-408707 BLNK-ORD-849292 BATCH-BLNK-6963,448094,8961,0,0,439133,INR,2026-08-16T16:13:00Z,BATCH-BLNK-6963
PO_B14_006964,Cashfree Escrow,PAYT-INV-561995 PO_B14_006964,222063,4443,0,0,217620,INR,2026-08-16T17:24:00Z,BATCH-PAYT-6964
PO_B14_006965,Razorpay Nodal,TATA-INV-264265 PO_B14_006965,386097,9287,0,0,376810,INR,2026-08-16T08:37:00Z,BATCH-TATA-6965
PO_B14_006966,PayU Enterprise,UBER-EXC-576320-UNRESOLVED,200346,3996,0,0,196350,INR,2026-08-16T21:01:00Z,HOLD-ESCROW
PO_B14_006967,BillDesk Settlement,SWIG-INV-846034 PO_B14_006967,208362,4529,0,0,203833,INR,2026-08-16T04:08:00Z,BATCH-SWIG-6967
PO_B14_006968,Razorpay Nodal,NYKA-INV-917924 PO_B14_006968,415722,7176,0,0,408546,INR,2026-08-15T17:43:00Z,BATCH-NYKA-6968
PO_B14_006969,Stripe India,ZOMA-INV-766550 PO_B14_006969,213587,5113,0,0,208474,INR,2026-08-16T02:49:00Z,BATCH-ZOMA-6969
PO_B14_006970,BillDesk Settlement,ZOMA-INV-413131 PO_B14_006970,352028,8728,0,0,343300,INR,2026-08-16T22:48:00Z,BATCH-ZOMA-6970
PO_B14_006971,Cashfree Escrow,BBAS-INV-728257 PO_B14_006971,170855,4246,0,0,166609,INR,2026-08-16T12:36:00Z,BATCH-BBAS-6971
PO_B14_006972,BillDesk Settlement,MYNT-INV-888013 PO_B14_006972,375332,8944,0,0,366388,INR,2026-08-16T05:47:00Z,BATCH-MYNT-6972
PO_B14_006973,Stripe India,SWIG-EXC-652684-UNRESOLVED,140868,2807,0,0,138061,INR,2026-08-16T17:16:00Z,HOLD-ESCROW
PO_B14_006974,Stripe India,PHNP-ORD-963819 PHNP-ORD-107480 PHNP-ORD-599366 BATCH-PHNP-6974,446755,8935,0,0,437820,INR,2026-08-16T08:12:00Z,BATCH-PHNP-6974
PO_B14_006975,BillDesk Settlement,MMTR-ORD-830580 MMTR-ORD-584778 BATCH-MMTR-6975,256567,5131,0,0,251436,INR,2026-08-16T17:54:00Z,BATCH-MMTR-6975
PO_B14_006976,PayU Enterprise,BLNK-INV-126462 PO_B14_006976,31369,565,0,0,30804,INR,2026-08-16T20:23:00Z,BATCH-BLNK-6976
PO_B14_006977,PayU Enterprise,PAYT-INV-905601 PO_B14_006977,228367,5395,0,0,222972,INR,2026-08-16T08:21:00Z,BATCH-PAYT-6977
PO_B14_006978,PayU Enterprise,OLAA-INV-759360 PO_B14_006978,385169,8207,0,0,376962,INR,2026-08-15T17:53:00Z,BATCH-OLAA-6978
PO_B14_006979,Cashfree Escrow,BBAS-INV-835804 PO_B14_006979,42549,832,0,0,41717,INR,2026-08-15T20:17:00Z,BATCH-BBAS-6979
PO_B14_006980,Cashfree Escrow,TATA-ORD-339286 TATA-ORD-567543 BATCH-TATA-6980,192438,3848,0,0,188590,INR,2026-08-16T18:24:00Z,BATCH-TATA-6980
PO_B14_006981,BillDesk Settlement,BLNK-INV-691424 PO_B14_006981,444554,8648,0,0,435906,INR,2026-08-16T11:01:00Z,BATCH-BLNK-6981
PO_B14_006982,PayU Enterprise,PAYT-ORD-940996 PAYT-ORD-335902 BATCH-PAYT-6982,418686,8373,0,0,410313,INR,2026-08-16T18:54:00Z,BATCH-PAYT-6982
PO_B14_006983,BillDesk Settlement,ZOMA-INV-859051 PO_B14_006983,77849,1201,0,0,76648,INR,2026-08-16T01:11:00Z,BATCH-ZOMA-6983
PO_B14_006984,PayU Enterprise,PAYT-INV-683750 PO_B14_006984,141847,3413,0,0,138434,INR,2026-08-15T19:50:00Z,BATCH-PAYT-6984
PO_B14_006985,PayU Enterprise,BBAS-INV-118057 PO_B14_006985,128673,2491,0,0,126182,INR,2026-08-16T09:08:00Z,BATCH-BBAS-6985
PO_B14_006986,Cashfree Escrow,SWIG-INV-924675 PO_B14_006986,46951,1153,0,0,45798,INR,2026-08-16T06:51:00Z,BATCH-SWIG-6986
PO_B14_006987,BillDesk Settlement,OLAA-ORD-942718 OLAA-ORD-551611 OLAA-ORD-226407 BATCH-OLAA-6987,272511,5450,0,0,267061,INR,2026-08-16T11:10:00Z,BATCH-OLAA-6987
PO_B14_006988,Razorpay Nodal,JIOO-INV-315873 PO_B14_006988,167130,3751,0,0,163379,INR,2026-08-16T03:26:00Z,BATCH-JIOO-6988
PO_B14_006989,Cashfree Escrow,UBER-INV-950867 PO_B14_006989,282688,5348,0,0,277340,INR,2026-08-16T04:09:00Z,BATCH-UBER-6989
PO_B14_006990,Stripe India,MMTR-INV-725089 PO_B14_006990,56707,1286,0,0,55421,INR,2026-08-16T14:53:00Z,BATCH-MMTR-6990
PO_B14_006991,PayU Enterprise,TATA-INV-708973 PO_B14_006991,322952,6607,0,0,316345,INR,2026-08-16T17:56:00Z,BATCH-TATA-6991
PO_B14_006992,Cashfree Escrow,ZOMA-INV-369212 PO_B14_006992,355276,8869,0,0,346407,INR,2026-08-15T20:18:00Z,BATCH-ZOMA-6992
PO_B14_006993,BillDesk Settlement,UBER-INV-287812 PO_B14_006993,301629,4830,0,0,296799,INR,2026-08-16T08:08:00Z,BATCH-UBER-6993
PO_B14_006994,Cashfree Escrow,NYKA-INV-598965 PO_B14_006994,275800,5305,0,0,270495,INR,2026-08-16T08:17:00Z,BATCH-NYKA-6994
PO_B14_006995,Stripe India,OLAA-ORD-424446 OLAA-ORD-141244 BATCH-OLAA-6995,328596,6571,0,0,322025,INR,2026-08-16T01:10:00Z,BATCH-OLAA-6995
PO_B14_006996,Stripe India,BKMS-ORD-186912 BKMS-ORD-755109 BKMS-ORD-333740 BATCH-BKMS-6996,261864,5237,0,0,256627,INR,2026-08-16T20:51:00Z,BATCH-BKMS-6996
PO_B14_006997,BillDesk Settlement,FLPK-ORD-748969 FLPK-ORD-879481 FLPK-ORD-225785 BATCH-FLPK-6997,226873,4537,0,0,222336,INR,2026-08-15T22:10:00Z,BATCH-FLPK-6997
PO_B14_006998,BillDesk Settlement,MYNT-INV-763846 PO_B14_006998,176347,3606,0,0,172741,INR,2026-08-16T16:08:00Z,BATCH-MYNT-6998
PO_B14_006999,Stripe India,BBAS-INV-198468 PO_B14_006999,426103,8871,0,0,417232,INR,2026-08-16T17:41:00Z,BATCH-BBAS-6999
PO_B14_007000,Stripe India,PAYT-INV-243223 PO_B14_007000,77233,1883,0,0,75350,INR,2026-08-16T07:15:00Z,BATCH-PAYT-7000
PO_B14_007001,PayU Enterprise,ZOMA-ORD-330455 ZOMA-ORD-101380 ZOMA-ORD-838443 BATCH-ZOMA-7001,470875,9417,0,0,461458,INR,2026-08-16T18:45:00Z,BATCH-ZOMA-7001
PO_B14_007002,Razorpay Nodal,PAYT-INV-989303 PO_B14_007002,270999,6529,0,0,264470,INR,2026-08-16T11:26:00Z,BATCH-PAYT-7002
PO_B14_007003,PayU Enterprise,BKMS-INV-564122 PO_B14_007003,327970,5961,0,0,322009,INR,2026-08-16T01:39:00Z,BATCH-BKMS-7003
PO_B14_007004,PayU Enterprise,UBER-INV-420007 PO_B14_007004,305961,7123,0,0,298838,INR,2026-08-16T11:18:00Z,BATCH-UBER-7004
PO_B14_007005,PayU Enterprise,PAYT-ORD-980207 PAYT-ORD-482259 BATCH-PAYT-7005,53188,1063,0,0,52125,INR,2026-08-16T04:21:00Z,BATCH-PAYT-7005
PO_B14_007006,Stripe India,BLNK-INV-396845 PO_B14_007006,218819,4327,0,0,214492,INR,2026-08-16T16:22:00Z,BATCH-BLNK-7006
PO_B14_007007,Stripe India,MYNT-ORD-984280 MYNT-ORD-783231 BATCH-MYNT-7007,252781,5055,0,0,247726,INR,2026-08-15T22:48:00Z,BATCH-MYNT-7007
PO_B14_007008,Cashfree Escrow,UBER-INV-803334 PO_B14_007008,397829,9141,0,0,388688,INR,2026-08-16T10:08:00Z,BATCH-UBER-7008
PO_B14_007009,Cashfree Escrow,OLAA-INV-134968 PO_B14_007009,185070,2969,0,0,182101,INR,2026-08-16T13:42:00Z,BATCH-OLAA-7009
PO_B14_007010,PayU Enterprise,ZOMA-INV-131737 PO_B14_007010,393773,6586,0,0,387187,INR,2026-08-16T08:21:00Z,BATCH-ZOMA-7010
PO_B14_007011,Stripe India,MYNT-INV-217157 PO_B14_007011,397538,7923,0,0,389615,INR,2026-08-16T15:55:00Z,BATCH-MYNT-7011
PO_B14_007012,BillDesk Settlement,NYKA-INV-657664 PO_B14_007012,380256,6290,0,0,373966,INR,2026-08-16T04:34:00Z,BATCH-NYKA-7012
PO_B14_007013,Razorpay Nodal,PHNP-INV-897515 PO_B14_007013,173737,3319,0,0,170418,INR,2026-08-16T17:41:00Z,BATCH-PHNP-7013
PO_B14_007014,Stripe India,AMZN-ORD-697830 AMZN-ORD-393883 BATCH-AMZN-7014,260953,5219,0,0,255734,INR,2026-08-15T23:15:00Z,BATCH-AMZN-7014
PO_B14_007015,BillDesk Settlement,UBER-EXC-911258-UNRESOLVED,244668,4883,0,0,239785,INR,2026-08-17T02:48:00Z,HOLD-ESCROW
PO_B14_007016,PayU Enterprise,UBER-INV-666768 PO_B14_007016,381713,7925,0,0,373788,INR,2026-08-16T20:54:00Z,BATCH-UBER-7016
PO_B14_007017,Razorpay Nodal,JIOO-INV-895887 PO_B14_007017,255300,4150,0,0,251150,INR,2026-08-16T02:47:00Z,BATCH-JIOO-7017
PO_B14_007018,Cashfree Escrow,PHNP-INV-105280 PO_B14_007018,427755,9512,0,0,418243,INR,2026-08-16T18:27:00Z,BATCH-PHNP-7018
PO_B14_007019,Stripe India,BBAS-ORD-458343 BBAS-ORD-819235 BBAS-ORD-277334 BATCH-BBAS-7019,482816,9656,0,0,473160,INR,2026-08-16T10:49:00Z,BATCH-BBAS-7019
PO_B14_007020,Razorpay Nodal,MYNT-INV-294145 PO_B14_007020,249874,5053,0,0,244821,INR,2026-08-16T21:49:00Z,BATCH-MYNT-7020
PO_B14_007021,Stripe India,SWIG-ORD-531005 SWIG-ORD-878599 BATCH-SWIG-7021,266243,5324,0,0,260919,INR,2026-08-15T21:12:00Z,BATCH-SWIG-7021
PO_B14_007022,Stripe India,OLAA-INV-687958 PO_B14_007022,58937,1187,0,0,57750,INR,2026-08-15T16:17:00Z,BATCH-OLAA-7022
PO_B14_007023,Razorpay Nodal,MMTR-INV-696861 PO_B14_007023,103226,2578,0,0,100648,INR,2026-08-15T21:14:00Z,BATCH-MMTR-7023
PO_B14_007024,Stripe India,SWIG-ORD-645965 SWIG-ORD-832669 BATCH-SWIG-7024,215895,4317,0,0,211578,INR,2026-08-16T18:58:00Z,BATCH-SWIG-7024
PO_B14_007025,PayU Enterprise,UBER-INV-547167 PO_B14_007025,340816,5245,0,0,335571,INR,2026-08-16T14:08:00Z,BATCH-UBER-7025
PO_B14_007026,Razorpay Nodal,BLNK-ORD-129514 BLNK-ORD-353170 BATCH-BLNK-7026,315709,6314,0,0,309395,INR,2026-08-16T15:12:00Z,BATCH-BLNK-7026
PO_B14_007027,PayU Enterprise,UBER-INV-487840 PO_B14_007027,432408,9558,0,0,422850,INR,2026-08-16T17:37:00Z,BATCH-UBER-7027
PO_B14_007028,Razorpay Nodal,FLPK-INV-583271 PO_B14_007028,83546,1273,0,0,82273,INR,2026-08-16T01:36:00Z,BATCH-FLPK-7028
PO_B14_007029,Cashfree Escrow,BKMS-INV-323652 PO_B14_007029,302927,5206,0,0,297721,INR,2026-08-16T01:32:00Z,BATCH-BKMS-7029
PO_B14_007030,Stripe India,UBER-INV-161160 PO_B14_007030,124426,2568,0,0,121858,INR,2026-08-16T23:04:00Z,BATCH-UBER-7030
PO_B14_007031,Razorpay Nodal,AMZN-INV-121834 PO_B14_007031,178006,4253,0,0,173753,INR,2026-08-15T20:35:00Z,BATCH-AMZN-7031
PO_B14_007032,Razorpay Nodal,AMZN-ORD-708484 AMZN-ORD-313826 BATCH-AMZN-7032,391418,7828,0,0,383590,INR,2026-08-16T00:20:00Z,BATCH-AMZN-7032
PO_B14_007033,Razorpay Nodal,MMTR-INV-844580 PO_B14_007033,99186,1944,0,0,97242,INR,2026-08-16T18:59:00Z,BATCH-MMTR-7033
PO_B14_007034,Razorpay Nodal,SWIG-INV-418668 PO_B14_007034,312418,5400,0,0,307018,INR,2026-08-15T22:32:00Z,BATCH-SWIG-7034
PO_B14_007035,PayU Enterprise,PAYT-INV-924397 PO_B14_007035,112476,1811,0,0,110665,INR,2026-08-16T11:15:00Z,BATCH-PAYT-7035
PO_B14_007036,Stripe India,SWIG-INV-207607 PO_B14_007036,297692,7206,0,0,290486,INR,2026-08-16T16:21:00Z,BATCH-SWIG-7036
PO_B14_007037,Stripe India,BBAS-ORD-818007 BBAS-ORD-294552 BATCH-BBAS-7037,187114,3742,0,0,183372,INR,2026-08-16T11:02:00Z,BATCH-BBAS-7037
PO_B14_007038,Razorpay Nodal,SWIG-INV-580259 PO_B14_007038,441935,11032,0,0,430903,INR,2026-08-15T18:22:00Z,BATCH-SWIG-7038
PO_B14_007039,Razorpay Nodal,MYNT-EXC-176246-UNRESOLVED,155309,3096,0,0,152213,INR,2026-08-16T10:54:00Z,HOLD-ESCROW
PO_B14_007040,Cashfree Escrow,UBER-INV-676510 PO_B14_007040,266074,4349,0,0,261725,INR,2026-08-15T23:59:00Z,BATCH-UBER-7040
PO_B14_007041,BillDesk Settlement,SWIG-ORD-457279 SWIG-ORD-196005 SWIG-ORD-133151 BATCH-SWIG-7041,370683,7413,0,0,363270,INR,2026-08-16T15:41:00Z,BATCH-SWIG-7041
PO_B14_007042,PayU Enterprise,ZOMA-INV-645269 PO_B14_007042,86121,1452,0,0,84669,INR,2026-08-15T17:06:00Z,BATCH-ZOMA-7042
PO_B14_007043,PayU Enterprise,MMTR-INV-908859 PO_B14_007043,335539,6977,0,0,328562,INR,2026-08-16T13:35:00Z,BATCH-MMTR-7043
PO_B14_007044,Cashfree Escrow,SWIG-INV-379185 PO_B14_007044,167102,3462,0,0,163640,INR,2026-08-16T21:59:00Z,BATCH-SWIG-7044
PO_B14_007045,BillDesk Settlement,OLAA-ORD-358860 OLAA-ORD-353440 BATCH-OLAA-7045,337539,6750,0,0,330789,INR,2026-08-15T22:54:00Z,BATCH-OLAA-7045
PO_B14_007046,Cashfree Escrow,BLNK-INV-130004 PO_B14_007046,226919,3946,0,0,222973,INR,2026-08-16T01:33:00Z,BATCH-BLNK-7046
PO_B14_007047,Stripe India,AMZN-INV-590181 PO_B14_007047,126150,2756,0,0,123394,INR,2026-08-16T06:39:00Z,BATCH-AMZN-7047
PO_B14_007048,BillDesk Settlement,NYKA-INV-456646 PO_B14_007048,40101,999,0,0,39102,INR,2026-08-15T17:38:00Z,BATCH-NYKA-7048
PO_B14_007049,Razorpay Nodal,UBER-ORD-203355 UBER-ORD-553805 BATCH-UBER-7049,221202,4424,0,0,216778,INR,2026-08-16T17:56:00Z,BATCH-UBER-7049
PO_B14_007050,BillDesk Settlement,FLPK-ORD-536814 FLPK-ORD-294454 BATCH-FLPK-7050,211978,4239,0,0,207739,INR,2026-08-16T10:00:00Z,BATCH-FLPK-7050
PO_B14_007051,PayU Enterprise,BKMS-INV-755115 PO_B14_007051,436801,10081,0,0,426720,INR,2026-08-16T05:59:00Z,BATCH-BKMS-7051
PO_B14_007052,PayU Enterprise,SWIG-INV-545618 PO_B14_007052,121662,2921,0,0,118741,INR,2026-08-15T23:30:00Z,BATCH-SWIG-7052
PO_B14_007053,BillDesk Settlement,FLPK-ORD-851881 FLPK-ORD-795669 FLPK-ORD-102256 BATCH-FLPK-7053,223068,4461,0,0,218607,INR,2026-08-16T09:58:00Z,BATCH-FLPK-7053
PO_B14_007054,Stripe India,BLNK-INV-288733 PO_B14_007054,170301,3540,0,0,166761,INR,2026-08-16T02:25:00Z,BATCH-BLNK-7054
PO_B14_007055,Razorpay Nodal,FLPK-ORD-339383 FLPK-ORD-802951 BATCH-FLPK-7055,123625,2472,0,0,121153,INR,2026-08-16T01:03:00Z,BATCH-FLPK-7055
PO_B14_007056,Cashfree Escrow,OLAA-INV-134533 PO_B14_007056,421264,9910,0,0,411354,INR,2026-08-15T19:00:00Z,BATCH-OLAA-7056
PO_B14_007057,BillDesk Settlement,JIOO-INV-664221 PO_B14_007057,213045,4272,0,0,208773,INR,2026-08-16T07:12:00Z,BATCH-JIOO-7057
PO_B14_007058,BillDesk Settlement,AMZN-INV-101572 PO_B14_007058,435325,10455,0,0,424870,INR,2026-08-16T14:39:00Z,BATCH-AMZN-7058
PO_B14_007059,Cashfree Escrow,AMZN-INV-939690 PO_B14_007059,276644,4645,0,0,271999,INR,2026-08-16T02:05:00Z,BATCH-AMZN-7059
PO_B14_007060,Cashfree Escrow,BKMS-ORD-766412 BKMS-ORD-239584 BATCH-BKMS-7060,225338,4506,0,0,220832,INR,2026-08-16T20:56:00Z,BATCH-BKMS-7060
PO_B14_007061,Razorpay Nodal,OLAA-ORD-231575 OLAA-ORD-742304 BATCH-OLAA-7061,312011,6240,0,0,305771,INR,2026-08-16T08:57:00Z,BATCH-OLAA-7061
PO_B14_007062,Razorpay Nodal,PAYT-INV-356307 PO_B14_007062,242838,5438,0,0,237400,INR,2026-08-16T10:16:00Z,BATCH-PAYT-7062
PO_B14_007063,Razorpay Nodal,JIOO-INV-329853 PO_B14_007063,170739,3689,0,0,167050,INR,2026-08-16T08:22:00Z,BATCH-JIOO-7063
PO_B14_007064,Razorpay Nodal,MYNT-ORD-307553 MYNT-ORD-353833 BATCH-MYNT-7064,323735,6474,0,0,317261,INR,2026-08-16T19:46:00Z,BATCH-MYNT-7064
PO_B14_007065,Stripe India,BBAS-ORD-765074 BBAS-ORD-773562 BBAS-ORD-812364 BATCH-BBAS-7065,333793,6675,0,0,327118,INR,2026-08-16T02:18:00Z,BATCH-BBAS-7065
PO_B14_007066,Cashfree Escrow,BLNK-INV-896690 PO_B14_007066,101075,1555,0,0,99520,INR,2026-08-16T03:20:00Z,BATCH-BLNK-7066
PO_B14_007067,Cashfree Escrow,BBAS-INV-324949 PO_B14_007067,319018,7249,0,0,311769,INR,2026-08-15T19:05:00Z,BATCH-BBAS-7067
PO_B14_007068,Razorpay Nodal,OLAA-EXC-848317-UNRESOLVED,59337,1176,0,0,58161,INR,2026-08-16T12:47:00Z,HOLD-ESCROW
PO_B14_007069,PayU Enterprise,UBER-EXC-681360-UNRESOLVED,284203,5674,0,0,278529,INR,2026-08-17T03:51:00Z,HOLD-ESCROW
PO_B14_007070,Razorpay Nodal,BBAS-INV-605475 PO_B14_007070,313314,5663,0,0,307651,INR,2026-08-16T13:16:00Z,BATCH-BBAS-7070
PO_B14_007071,Razorpay Nodal,BLNK-INV-635771 PO_B14_007071,113447,1902,0,0,111545,INR,2026-08-15T22:10:00Z,BATCH-BLNK-7071
PO_B14_007072,BillDesk Settlement,OLAA-INV-197830 PO_B14_007072,372751,7248,0,0,365503,INR,2026-08-16T03:19:00Z,BATCH-OLAA-7072
PO_B14_007073,Razorpay Nodal,BKMS-INV-496378 PO_B14_007073,384295,8909,0,0,375386,INR,2026-08-15T22:42:00Z,BATCH-BKMS-7073
PO_B14_007074,Razorpay Nodal,BLNK-ORD-826555 BLNK-ORD-350306 BATCH-BLNK-7074,209647,4192,0,0,205455,INR,2026-08-16T11:50:00Z,BATCH-BLNK-7074
PO_B14_007075,PayU Enterprise,NYKA-INV-360028 PO_B14_007075,197858,4814,0,0,193044,INR,2026-08-16T09:16:00Z,BATCH-NYKA-7075
PO_B14_007076,Cashfree Escrow,BKMS-INV-291192 PO_B14_007076,397765,6194,0,0,391571,INR,2026-08-16T10:53:00Z,BATCH-BKMS-7076
PO_B14_007077,PayU Enterprise,MYNT-ORD-902411 MYNT-ORD-590955 MYNT-ORD-172136 BATCH-MYNT-7077,455998,9119,0,0,446879,INR,2026-08-16T06:02:00Z,BATCH-MYNT-7077
PO_B14_007078,PayU Enterprise,FLPK-INV-366368 PO_B14_007078,374564,6514,0,0,368050,INR,2026-08-16T05:11:00Z,BATCH-FLPK-7078
PO_B14_007079,Razorpay Nodal,TATA-INV-351692 PO_B14_007079,83579,1490,0,0,82089,INR,2026-08-16T01:35:00Z,BATCH-TATA-7079
PO_B14_007080,Stripe India,BBAS-INV-467927 PO_B14_007080,408998,8048,0,0,400950,INR,2026-08-15T16:17:00Z,BATCH-BBAS-7080
PO_B14_007081,BillDesk Settlement,UBER-INV-190531 PO_B14_007081,372686,7232,0,0,365454,INR,2026-08-16T00:32:00Z,BATCH-UBER-7081
PO_B14_007082,BillDesk Settlement,FLPK-INV-808617 PO_B14_007082,197946,3781,0,0,194165,INR,2026-08-16T08:31:00Z,BATCH-FLPK-7082
PO_B14_007083,PayU Enterprise,UBER-ORD-378706 UBER-ORD-161409 UBER-ORD-208401 BATCH-UBER-7083,371770,7435,0,0,364335,INR,2026-08-16T15:58:00Z,BATCH-UBER-7083
PO_B14_007084,PayU Enterprise,MYNT-INV-531681 PO_B14_007084,120435,2910,0,0,117525,INR,2026-08-15T22:58:00Z,BATCH-MYNT-7084
PO_B14_007085,Stripe India,PHNP-INV-217456 PO_B14_007085,345588,5997,0,0,339591,INR,2026-08-17T00:11:00Z,BATCH-PHNP-7085
PO_B14_007086,Cashfree Escrow,AMZN-INV-566575 PO_B14_007086,345541,8299,0,0,337242,INR,2026-08-16T23:49:00Z,BATCH-AMZN-7086
PO_B14_007087,PayU Enterprise,SWIG-INV-883662 PO_B14_007087,259157,4970,0,0,254187,INR,2026-08-15T21:20:00Z,BATCH-SWIG-7087
PO_B14_007088,Stripe India,MMTR-INV-691744 PO_B14_007088,374484,7022,0,0,367462,INR,2026-08-16T08:20:00Z,BATCH-MMTR-7088
PO_B14_007089,PayU Enterprise,ZOMA-ORD-710126 ZOMA-ORD-912621 ZOMA-ORD-237096 BATCH-ZOMA-7089,362541,7250,0,0,355291,INR,2026-08-15T23:44:00Z,BATCH-ZOMA-7089
PO_B14_007090,Razorpay Nodal,FLPK-ORD-148841 FLPK-ORD-725503 BATCH-FLPK-7090,346539,6930,0,0,339609,INR,2026-08-16T13:12:00Z,BATCH-FLPK-7090
PO_B14_007091,BillDesk Settlement,UBER-INV-768575 PO_B14_007091,438921,9258,0,0,429663,INR,2026-08-16T05:17:00Z,BATCH-UBER-7091
PO_B14_007092,Stripe India,ZOMA-INV-863055 PO_B14_007092,250987,4548,0,0,246439,INR,2026-08-15T23:07:00Z,BATCH-ZOMA-7092
PO_B14_007093,PayU Enterprise,TATA-INV-149664 PO_B14_007093,387712,8756,0,0,378956,INR,2026-08-16T06:16:00Z,BATCH-TATA-7093
PO_B14_007094,Stripe India,BBAS-INV-226911 PO_B14_007094,169624,4217,0,0,165407,INR,2026-08-16T07:50:00Z,BATCH-BBAS-7094
PO_B14_007095,Razorpay Nodal,TATA-INV-862956 PO_B14_007095,349893,5569,0,0,344324,INR,2026-08-16T17:53:00Z,BATCH-TATA-7095
PO_B14_007096,BillDesk Settlement,BLNK-EXC-308868-UNRESOLVED,208458,4159,0,0,204299,INR,2026-08-16T21:08:00Z,HOLD-ESCROW
PO_B14_007097,Cashfree Escrow,MMTR-INV-402738 PO_B14_007097,98443,2053,0,0,96390,INR,2026-08-16T11:48:00Z,BATCH-MMTR-7097
PO_B14_007098,PayU Enterprise,PAYT-ORD-776793 PAYT-ORD-284215 BATCH-PAYT-7098,323529,6470,0,0,317059,INR,2026-08-16T04:05:00Z,BATCH-PAYT-7098
PO_B14_007099,Stripe India,ZOMA-ORD-808300 ZOMA-ORD-710663 BATCH-ZOMA-7099,365540,7310,0,0,358230,INR,2026-08-16T01:53:00Z,BATCH-ZOMA-7099
PO_B14_007100,Stripe India,TATA-INV-990192 PO_B14_007100,439764,10324,0,0,429440,INR,2026-08-15T23:35:00Z,BATCH-TATA-7100
PO_B14_007101,Stripe India,BBAS-INV-476917 PO_B14_007101,305707,4880,0,0,300827,INR,2026-08-15T23:41:00Z,BATCH-BBAS-7101
PO_B14_007102,Cashfree Escrow,PHNP-INV-528370 PO_B14_007102,319751,7450,0,0,312301,INR,2026-08-16T11:15:00Z,BATCH-PHNP-7102
PO_B14_007103,Stripe India,AMZN-ORD-534566 AMZN-ORD-339630 BATCH-AMZN-7103,316717,6334,0,0,310383,INR,2026-08-16T02:14:00Z,BATCH-AMZN-7103
PO_B14_007104,Razorpay Nodal,SWIG-ORD-776225 SWIG-ORD-897858 SWIG-ORD-780525 BATCH-SWIG-7104,123678,2473,0,0,121205,INR,2026-08-16T17:19:00Z,BATCH-SWIG-7104
PO_B14_007105,Stripe India,BBAS-INV-218562 PO_B14_007105,182369,3602,0,0,178767,INR,2026-08-16T13:01:00Z,BATCH-BBAS-7105
PO_B14_007106,Cashfree Escrow,TATA-ORD-740267 TATA-ORD-175306 BATCH-TATA-7106,308645,6172,0,0,302473,INR,2026-08-16T10:51:00Z,BATCH-TATA-7106
PO_B14_007107,Razorpay Nodal,BKMS-INV-957614 PO_B14_007107,273263,5789,0,0,267474,INR,2026-08-17T02:24:00Z,BATCH-BKMS-7107
PO_B14_007108,Cashfree Escrow,PAYT-ORD-307795 PAYT-ORD-774223 PAYT-ORD-365750 BATCH-PAYT-7108,558763,11175,0,0,547588,INR,2026-08-16T14:27:00Z,BATCH-PAYT-7108
PO_B14_007109,Stripe India,JIOO-INV-335598 PO_B14_007109,105547,2078,0,0,103469,INR,2026-08-15T20:55:00Z,BATCH-JIOO-7109
PO_B14_007110,BillDesk Settlement,BLNK-INV-732498 PO_B14_007110,418626,8151,0,0,410475,INR,2026-08-16T05:43:00Z,BATCH-BLNK-7110
PO_B14_007111,Cashfree Escrow,SWIG-INV-745510 PO_B14_007111,181611,3995,0,0,177616,INR,2026-08-15T18:39:00Z,BATCH-SWIG-7111
PO_B14_007112,Razorpay Nodal,BBAS-INV-913918 PO_B14_007112,45259,930,0,0,44329,INR,2026-08-16T16:34:00Z,BATCH-BBAS-7112
PO_B14_007113,BillDesk Settlement,MYNT-INV-351200 PO_B14_007113,153999,3537,0,0,150462,INR,2026-08-16T06:38:00Z,BATCH-MYNT-7113
PO_B14_007114,Stripe India,BBAS-INV-529754 PO_B14_007114,317552,5270,0,0,312282,INR,2026-08-16T21:57:00Z,BATCH-BBAS-7114
PO_B14_007115,Cashfree Escrow,PHNP-INV-353942 PO_B14_007115,166725,3248,0,0,163477,INR,2026-08-16T07:34:00Z,BATCH-PHNP-7115
PO_B14_007116,BillDesk Settlement,MYNT-ORD-755808 MYNT-ORD-684633 BATCH-MYNT-7116,292968,5859,0,0,287109,INR,2026-08-16T03:18:00Z,BATCH-MYNT-7116
PO_B14_007117,PayU Enterprise,ZOMA-INV-346004 PO_B14_007117,147763,3289,0,0,144474,INR,2026-08-16T16:28:00Z,BATCH-ZOMA-7117
PO_B14_007118,BillDesk Settlement,PAYT-ORD-207990 PAYT-ORD-773268 BATCH-PAYT-7118,439790,8795,0,0,430995,INR,2026-08-15T21:46:00Z,BATCH-PAYT-7118
PO_B14_007119,Cashfree Escrow,BKMS-INV-817743 PO_B14_007119,300322,4923,0,0,295399,INR,2026-08-16T13:42:00Z,BATCH-BKMS-7119
PO_B14_007120,Razorpay Nodal,NYKA-INV-616696 PO_B14_007120,318458,4981,0,0,313477,INR,2026-08-16T08:32:00Z,BATCH-NYKA-7120
PO_B14_007121,Razorpay Nodal,MYNT-INV-425905 PO_B14_007121,124630,2459,0,0,122171,INR,2026-08-16T03:17:00Z,BATCH-MYNT-7121
PO_B14_007122,BillDesk Settlement,BLNK-INV-604196 PO_B14_007122,208210,4528,0,0,203682,INR,2026-08-16T12:32:00Z,BATCH-BLNK-7122
PO_B14_007123,Razorpay Nodal,MMTR-INV-249839 PO_B14_007123,333522,7170,0,0,326352,INR,2026-08-15T19:03:00Z,BATCH-MMTR-7123
PO_B14_007124,Cashfree Escrow,OLAA-ORD-386768 OLAA-ORD-287520 BATCH-OLAA-7124,375783,7515,0,0,368268,INR,2026-08-16T13:04:00Z,BATCH-OLAA-7124
PO_B14_007125,Stripe India,AMZN-INV-909953 PO_B14_007125,274783,6006,0,0,268777,INR,2026-08-16T17:09:00Z,BATCH-AMZN-7125
PO_B14_007126,Cashfree Escrow,BBAS-ORD-576919 BBAS-ORD-357716 BBAS-ORD-351286 BATCH-BBAS-7126,463082,9261,0,0,453821,INR,2026-08-16T20:42:00Z,BATCH-BBAS-7126
PO_B14_007127,PayU Enterprise,OLAA-INV-729653 PO_B14_007127,85745,1413,0,0,84332,INR,2026-08-16T10:20:00Z,BATCH-OLAA-7127
PO_B14_007128,PayU Enterprise,UBER-ORD-810964 UBER-ORD-215515 BATCH-UBER-7128,173977,3479,0,0,170498,INR,2026-08-16T03:59:00Z,BATCH-UBER-7128
PO_B14_007129,Stripe India,AMZN-INV-458514 PO_B14_007129,150090,3433,0,0,146657,INR,2026-08-16T01:50:00Z,BATCH-AMZN-7129
PO_B14_007130,PayU Enterprise,PAYT-ORD-591388 PAYT-ORD-532312 BATCH-PAYT-7130,311651,6233,0,0,305418,INR,2026-08-16T02:12:00Z,BATCH-PAYT-7130
PO_B14_007131,Stripe India,UBER-ORD-985445 UBER-ORD-263855 BATCH-UBER-7131,215553,4311,0,0,211242,INR,2026-08-16T17:08:00Z,BATCH-UBER-7131
PO_B14_007132,Stripe India,MYNT-ORD-952178 MYNT-ORD-965324 BATCH-MYNT-7132,354263,7085,0,0,347178,INR,2026-08-16T04:40:00Z,BATCH-MYNT-7132
PO_B14_007133,Razorpay Nodal,FLPK-INV-484095 PO_B14_007133,241825,4665,0,0,237160,INR,2026-08-15T19:42:00Z,BATCH-FLPK-7133
PO_B14_007134,Stripe India,OLAA-INV-784500 PO_B14_007134,212334,3824,0,0,208510,INR,2026-08-16T23:19:00Z,BATCH-OLAA-7134
PO_B14_007135,PayU Enterprise,JIOO-ORD-167932 JIOO-ORD-737767 BATCH-JIOO-7135,200588,4011,0,0,196577,INR,2026-08-16T04:44:00Z,BATCH-JIOO-7135
PO_B14_007136,PayU Enterprise,BBAS-ORD-175967 BBAS-ORD-648194 BBAS-ORD-731068 BATCH-BBAS-7136,347938,6958,0,0,340980,INR,2026-08-16T10:32:00Z,BATCH-BBAS-7136
PO_B14_007137,BillDesk Settlement,TATA-INV-430248 PO_B14_007137,267001,6097,0,0,260904,INR,2026-08-16T03:05:00Z,BATCH-TATA-7137
PO_B14_007138,PayU Enterprise,BBAS-ORD-178097 BBAS-ORD-562110 BBAS-ORD-772509 BATCH-BBAS-7138,404593,8091,0,0,396502,INR,2026-08-16T06:21:00Z,BATCH-BBAS-7138
PO_B14_007139,BillDesk Settlement,AMZN-INV-654303 PO_B14_007139,178847,3364,0,0,175483,INR,2026-08-16T02:32:00Z,BATCH-AMZN-7139
PO_B14_007140,Cashfree Escrow,BLNK-ORD-610949 BLNK-ORD-540862 BATCH-BLNK-7140,205382,4107,0,0,201275,INR,2026-08-16T16:04:00Z,BATCH-BLNK-7140
PO_B14_007141,Cashfree Escrow,OLAA-ORD-836796 OLAA-ORD-682605 OLAA-ORD-671133 BATCH-OLAA-7141,246217,4924,0,0,241293,INR,2026-08-16T11:08:00Z,BATCH-OLAA-7141
PO_B14_007142,Cashfree Escrow,MMTR-INV-601542 PO_B14_007142,283559,6008,0,0,277551,INR,2026-08-16T03:11:00Z,BATCH-MMTR-7142
PO_B14_007143,BillDesk Settlement,SWIG-INV-740831 PO_B14_007143,136191,3061,0,0,133130,INR,2026-08-16T09:14:00Z,BATCH-SWIG-7143
PO_B14_007144,Cashfree Escrow,SWIG-EXC-914009-UNRESOLVED,72511,1440,0,0,71071,INR,2026-08-16T22:38:00Z,HOLD-ESCROW
PO_B14_007145,Stripe India,TATA-INV-992706 PO_B14_007145,136864,3068,0,0,133796,INR,2026-08-17T00:51:00Z,BATCH-TATA-7145
PO_B14_007146,Cashfree Escrow,PHNP-INV-785100 PO_B14_007146,340236,5299,0,0,334937,INR,2026-08-16T13:06:00Z,BATCH-PHNP-7146
PO_B14_007147,Razorpay Nodal,TATA-INV-406791 PO_B14_007147,141887,2853,0,0,139034,INR,2026-08-16T08:21:00Z,BATCH-TATA-7147
PO_B14_007148,PayU Enterprise,PHNP-INV-558122 PO_B14_007148,130207,2319,0,0,127888,INR,2026-08-15T15:49:00Z,BATCH-PHNP-7148
PO_B14_007149,Stripe India,OLAA-ORD-860093 OLAA-ORD-330664 BATCH-OLAA-7149,209995,4199,0,0,205796,INR,2026-08-16T06:56:00Z,BATCH-OLAA-7149
PO_B14_007150,BillDesk Settlement,JIOO-INV-171840 PO_B14_007150,421209,10259,0,0,410950,INR,2026-08-15T22:45:00Z,BATCH-JIOO-7150
PO_B14_007151,Razorpay Nodal,BKMS-INV-681644 PO_B14_007151,229155,4551,0,0,224604,INR,2026-08-16T16:31:00Z,BATCH-BKMS-7151
PO_B14_007152,Razorpay Nodal,MMTR-ORD-769144 MMTR-ORD-389767 MMTR-ORD-487660 BATCH-MMTR-7152,340797,6815,0,0,333982,INR,2026-08-15T21:50:00Z,BATCH-MMTR-7152
PO_B14_007153,BillDesk Settlement,MYNT-INV-318462 PO_B14_007153,430469,9449,0,0,421020,INR,2026-08-16T02:45:00Z,BATCH-MYNT-7153
PO_B14_007154,Cashfree Escrow,OLAA-INV-518498 PO_B14_007154,150248,2461,0,0,147787,INR,2026-08-17T00:51:00Z,BATCH-OLAA-7154
PO_B14_007155,PayU Enterprise,BKMS-INV-130282 PO_B14_007155,364399,8392,0,0,356007,INR,2026-08-16T11:55:00Z,BATCH-BKMS-7155
PO_B14_007156,Cashfree Escrow,TATA-ORD-582304 TATA-ORD-205092 TATA-ORD-330078 BATCH-TATA-7156,528278,10565,0,0,517713,INR,2026-08-16T13:24:00Z,BATCH-TATA-7156
PO_B14_007157,Razorpay Nodal,BBAS-EXC-144542-UNRESOLVED,140999,2809,0,0,138190,INR,2026-08-17T08:09:00Z,HOLD-ESCROW
PO_B14_007158,Razorpay Nodal,TATA-INV-700754 PO_B14_007158,202316,3788,0,0,198528,INR,2026-08-15T21:47:00Z,BATCH-TATA-7158
PO_B14_007159,Cashfree Escrow,MMTR-ORD-944203 MMTR-ORD-874604 BATCH-MMTR-7159,171692,3433,0,0,168259,INR,2026-08-16T06:19:00Z,BATCH-MMTR-7159
PO_B14_007160,Cashfree Escrow,FLPK-EXC-357985-UNRESOLVED,177454,3539,0,0,173915,INR,2026-08-16T10:51:00Z,HOLD-ESCROW
PO_B14_007161,Cashfree Escrow,ZOMA-INV-249385 PO_B14_007161,308454,6087,0,0,302367,INR,2026-08-16T15:05:00Z,BATCH-ZOMA-7161
PO_B14_007162,Stripe India,BKMS-INV-671127 PO_B14_007162,270102,6223,0,0,263879,INR,2026-08-16T17:38:00Z,BATCH-BKMS-7162
PO_B14_007163,Cashfree Escrow,TATA-INV-858162 PO_B14_007163,288804,5990,0,0,282814,INR,2026-08-15T15:13:00Z,BATCH-TATA-7163
PO_B14_007164,BillDesk Settlement,BBAS-ORD-101465 BBAS-ORD-143748 BATCH-BBAS-7164,371755,7435,0,0,364320,INR,2026-08-16T13:36:00Z,BATCH-BBAS-7164
PO_B14_007165,BillDesk Settlement,PAYT-EXC-281688-UNRESOLVED,289660,5783,0,0,283877,INR,2026-08-17T07:46:00Z,HOLD-ESCROW
PO_B14_007166,Stripe India,NYKA-INV-984330 PO_B14_007166,119332,2470,0,0,116862,INR,2026-08-16T12:50:00Z,BATCH-NYKA-7166
PO_B14_007167,PayU Enterprise,TATA-INV-126062 PO_B14_007167,310992,7665,0,0,303327,INR,2026-08-15T18:24:00Z,BATCH-TATA-7167
PO_B14_007168,PayU Enterprise,PAYT-INV-513633 PO_B14_007168,342177,8084,0,0,334093,INR,2026-08-15T23:31:00Z,BATCH-PAYT-7168
PO_B14_007169,Razorpay Nodal,OLAA-ORD-893273 OLAA-ORD-214239 BATCH-OLAA-7169,312343,6246,0,0,306097,INR,2026-08-16T18:24:00Z,BATCH-OLAA-7169
PO_B14_007170,BillDesk Settlement,BLNK-INV-123833 PO_B14_007170,91722,1635,0,0,90087,INR,2026-08-16T02:17:00Z,BATCH-BLNK-7170
PO_B14_007171,BillDesk Settlement,JIOO-EXC-220602-UNRESOLVED,189860,3787,0,0,186073,INR,2026-08-17T03:45:00Z,HOLD-ESCROW
PO_B14_007172,Cashfree Escrow,MMTR-INV-339474 PO_B14_007172,83341,1898,0,0,81443,INR,2026-08-16T18:49:00Z,BATCH-MMTR-7172
PO_B14_007173,Cashfree Escrow,UBER-INV-958441 PO_B14_007173,288208,5257,0,0,282951,INR,2026-08-16T05:21:00Z,BATCH-UBER-7173
PO_B14_007174,Razorpay Nodal,TATA-ORD-451166 TATA-ORD-804477 BATCH-TATA-7174,81092,1621,0,0,79471,INR,2026-08-16T20:53:00Z,BATCH-TATA-7174
PO_B14_007175,PayU Enterprise,TATA-INV-542372 PO_B14_007175,145716,3245,0,0,142471,INR,2026-08-16T14:46:00Z,BATCH-TATA-7175
PO_B14_007176,Stripe India,BLNK-ORD-178285 BLNK-ORD-760736 BLNK-ORD-356674 BATCH-BLNK-7176,318153,6363,0,0,311790,INR,2026-08-15T23:12:00Z,BATCH-BLNK-7176
PO_B14_007177,BillDesk Settlement,BKMS-INV-375670 PO_B14_007177,184512,4429,0,0,180083,INR,2026-08-16T03:46:00Z,BATCH-BKMS-7177
PO_B14_007178,Cashfree Escrow,FLPK-INV-884290 PO_B14_007178,314631,6515,0,0,308116,INR,2026-08-16T05:29:00Z,BATCH-FLPK-7178
PO_B14_007179,Stripe India,PAYT-ORD-828421 PAYT-ORD-720696 BATCH-PAYT-7179,340791,6815,0,0,333976,INR,2026-08-15T22:25:00Z,BATCH-PAYT-7179
PO_B14_007180,PayU Enterprise,TATA-ORD-683547 TATA-ORD-635163 BATCH-TATA-7180,156533,3130,0,0,153403,INR,2026-08-16T11:57:00Z,BATCH-TATA-7180
PO_B14_007181,PayU Enterprise,ZOMA-ORD-808589 ZOMA-ORD-252427 BATCH-ZOMA-7181,409668,8193,0,0,401475,INR,2026-08-16T13:38:00Z,BATCH-ZOMA-7181
PO_B14_007182,Cashfree Escrow,BKMS-INV-543329 PO_B14_007182,92837,1424,0,0,91413,INR,2026-08-16T00:02:00Z,BATCH-BKMS-7182
PO_B14_007183,Razorpay Nodal,BBAS-INV-352519 PO_B14_007183,28522,645,0,0,27877,INR,2026-08-16T17:48:00Z,BATCH-BBAS-7183
PO_B14_007184,Razorpay Nodal,UBER-INV-759851 PO_B14_007184,412470,8321,0,0,404149,INR,2026-08-16T18:27:00Z,BATCH-UBER-7184
PO_B14_007185,Razorpay Nodal,SWIG-ORD-561355 SWIG-ORD-646076 BATCH-SWIG-7185,237898,4757,0,0,233141,INR,2026-08-16T12:42:00Z,BATCH-SWIG-7185
PO_B14_007186,BillDesk Settlement,BLNK-INV-221951 PO_B14_007186,215691,4504,0,0,211187,INR,2026-08-16T19:51:00Z,BATCH-BLNK-7186
PO_B14_007187,BillDesk Settlement,MMTR-INV-747489 PO_B14_007187,43598,894,0,0,42704,INR,2026-08-16T16:53:00Z,BATCH-MMTR-7187
PO_B14_007188,Cashfree Escrow,BBAS-INV-750653 PO_B14_007188,267629,4412,0,0,263217,INR,2026-08-16T20:09:00Z,BATCH-BBAS-7188
PO_B14_007189,PayU Enterprise,BKMS-ORD-489644 BKMS-ORD-646067 BKMS-ORD-373839 BATCH-BKMS-7189,394914,7898,0,0,387016,INR,2026-08-16T03:11:00Z,BATCH-BKMS-7189
PO_B14_007190,Cashfree Escrow,BBAS-INV-819511 PO_B14_007190,383909,9553,0,0,374356,INR,2026-08-16T04:02:00Z,BATCH-BBAS-7190
PO_B14_007191,Stripe India,OLAA-INV-892575 PO_B14_007191,249333,4872,0,0,244461,INR,2026-08-16T05:50:00Z,BATCH-OLAA-7191
PO_B14_007192,Stripe India,SWIG-INV-478842 PO_B14_007192,317499,5749,0,0,311750,INR,2026-08-15T17:54:00Z,BATCH-SWIG-7192
PO_B14_007193,PayU Enterprise,AMZN-ORD-696379 AMZN-ORD-890932 BATCH-AMZN-7193,130782,2615,0,0,128167,INR,2026-08-15T22:30:00Z,BATCH-AMZN-7193
PO_B14_007194,PayU Enterprise,TATA-ORD-729669 TATA-ORD-572254 TATA-ORD-122132 BATCH-TATA-7194,614117,12282,0,0,601835,INR,2026-08-16T16:46:00Z,BATCH-TATA-7194
PO_B14_007195,Cashfree Escrow,NYKA-ORD-594515 NYKA-ORD-804000 NYKA-ORD-911425 BATCH-NYKA-7195,419437,8388,0,0,411049,INR,2026-08-16T17:21:00Z,BATCH-NYKA-7195
PO_B14_007196,PayU Enterprise,FLPK-INV-928813 PO_B14_007196,417528,9284,0,0,408244,INR,2026-08-16T16:34:00Z,BATCH-FLPK-7196
PO_B14_007197,Razorpay Nodal,SWIG-INV-902900 PO_B14_007197,308188,6355,0,0,301833,INR,2026-08-15T19:54:00Z,BATCH-SWIG-7197
PO_B14_007198,Stripe India,TATA-INV-401607 PO_B14_007198,273277,4833,0,0,268444,INR,2026-08-16T21:49:00Z,BATCH-TATA-7198
PO_B14_007199,PayU Enterprise,BKMS-INV-683568 PO_B14_007199,66660,1458,0,0,65202,INR,2026-08-16T02:01:00Z,BATCH-BKMS-7199
PO_B14_007200,Razorpay Nodal,AMZN-INV-709114 PO_B14_007200,264024,4785,0,0,259239,INR,2026-08-16T00:25:00Z,BATCH-AMZN-7200
PO_B14_007201,Stripe India,NYKA-ORD-989286 NYKA-ORD-518193 NYKA-ORD-175859 BATCH-NYKA-7201,489167,9783,0,0,479384,INR,2026-08-16T11:53:00Z,BATCH-NYKA-7201
PO_B14_007202,Stripe India,NYKA-INV-488003 PO_B14_007202,345711,7559,0,0,338152,INR,2026-08-16T06:47:00Z,BATCH-NYKA-7202
PO_B14_007203,PayU Enterprise,ZOMA-INV-757272 PO_B14_007203,438636,7626,0,0,431010,INR,2026-08-15T21:56:00Z,BATCH-ZOMA-7203
PO_B14_007204,Cashfree Escrow,NYKA-ORD-392041 NYKA-ORD-500507 BATCH-NYKA-7204,59156,1183,0,0,57973,INR,2026-08-16T06:48:00Z,BATCH-NYKA-7204
PO_B14_007205,Cashfree Escrow,OLAA-INV-744035 PO_B14_007205,203613,4941,0,0,198672,INR,2026-08-16T03:35:00Z,BATCH-OLAA-7205
PO_B14_007206,BillDesk Settlement,TATA-INV-972772 PO_B14_007206,445248,9117,0,0,436131,INR,2026-08-16T12:14:00Z,BATCH-TATA-7206
PO_B14_007207,Cashfree Escrow,BBAS-ORD-409817 BBAS-ORD-971642 BATCH-BBAS-7207,248365,4967,0,0,243398,INR,2026-08-16T06:15:00Z,BATCH-BBAS-7207
PO_B14_007208,PayU Enterprise,FLPK-EXC-664983-UNRESOLVED,232931,4648,0,0,228283,INR,2026-08-16T21:00:00Z,HOLD-ESCROW
PO_B14_007209,PayU Enterprise,JIOO-INV-698823 PO_B14_007209,361472,7566,0,0,353906,INR,2026-08-16T04:45:00Z,BATCH-JIOO-7209
PO_B14_007210,Stripe India,OLAA-INV-271545 PO_B14_007210,51501,982,0,0,50519,INR,2026-08-16T04:54:00Z,BATCH-OLAA-7210
PO_B14_007211,PayU Enterprise,BBAS-ORD-136688 BBAS-ORD-266695 BATCH-BBAS-7211,101211,2024,0,0,99187,INR,2026-08-16T17:10:00Z,BATCH-BBAS-7211
PO_B14_007212,BillDesk Settlement,BBAS-INV-603460 PO_B14_007212,396698,7002,0,0,389696,INR,2026-08-16T16:16:00Z,BATCH-BBAS-7212
PO_B14_007213,Cashfree Escrow,MYNT-ORD-714059 MYNT-ORD-703997 BATCH-MYNT-7213,96418,1928,0,0,94490,INR,2026-08-15T22:03:00Z,BATCH-MYNT-7213
PO_B14_007214,Stripe India,ZOMA-ORD-396655 ZOMA-ORD-986304 ZOMA-ORD-813397 BATCH-ZOMA-7214,220249,4404,0,0,215845,INR,2026-08-15T22:11:00Z,BATCH-ZOMA-7214
PO_B14_007215,Cashfree Escrow,BBAS-INV-886868 PO_B14_007215,34788,689,0,0,34099,INR,2026-08-16T08:44:00Z,BATCH-BBAS-7215
PO_B14_007216,Razorpay Nodal,NYKA-INV-382234 PO_B14_007216,150897,2739,0,0,148158,INR,2026-08-16T05:08:00Z,BATCH-NYKA-7216
PO_B14_007217,Razorpay Nodal,TATA-INV-198155 PO_B14_007217,224120,4743,0,0,219377,INR,2026-08-16T02:46:00Z,BATCH-TATA-7217
PO_B14_007218,Cashfree Escrow,PAYT-INV-540562 PO_B14_007218,94915,2224,0,0,92691,INR,2026-08-16T03:41:00Z,BATCH-PAYT-7218
PO_B14_007219,PayU Enterprise,MMTR-INV-264162 PO_B14_007219,71673,1592,0,0,70081,INR,2026-08-16T16:50:00Z,BATCH-MMTR-7219
PO_B14_007220,Cashfree Escrow,MYNT-INV-560024 PO_B14_007220,137160,2458,0,0,134702,INR,2026-08-16T03:59:00Z,BATCH-MYNT-7220
PO_B14_007221,Cashfree Escrow,FLPK-INV-619441 PO_B14_007221,153667,2530,0,0,151137,INR,2026-08-15T23:14:00Z,BATCH-FLPK-7221
PO_B14_007222,Stripe India,JIOO-INV-916721 PO_B14_007222,233256,3925,0,0,229331,INR,2026-08-15T22:46:00Z,BATCH-JIOO-7222
PO_B14_007223,PayU Enterprise,SWIG-ORD-998759 SWIG-ORD-487247 SWIG-ORD-265105 BATCH-SWIG-7223,231760,4635,0,0,227125,INR,2026-08-15T22:53:00Z,BATCH-SWIG-7223
PO_B14_007224,Cashfree Escrow,OLAA-ORD-601092 OLAA-ORD-835918 OLAA-ORD-130227 BATCH-OLAA-7224,536746,10734,0,0,526012,INR,2026-08-16T16:37:00Z,BATCH-OLAA-7224
PO_B14_007225,PayU Enterprise,FLPK-EXC-787526-UNRESOLVED,108742,2164,0,0,106578,INR,2026-08-16T18:14:00Z,HOLD-ESCROW
PO_B14_007226,Stripe India,NYKA-INV-258031 PO_B14_007226,331979,6066,0,0,325913,INR,2026-08-15T23:24:00Z,BATCH-NYKA-7226
PO_B14_007227,Stripe India,BKMS-INV-199740 PO_B14_007227,115316,2406,0,0,112910,INR,2026-08-16T10:57:00Z,BATCH-BKMS-7227
PO_B14_007228,Razorpay Nodal,UBER-ORD-734134 UBER-ORD-448519 BATCH-UBER-7228,205140,4102,0,0,201038,INR,2026-08-16T09:36:00Z,BATCH-UBER-7228
PO_B14_007229,Stripe India,BBAS-EXC-928621-UNRESOLVED,215005,4290,0,0,210715,INR,2026-08-17T06:20:00Z,HOLD-ESCROW
PO_B14_007230,Cashfree Escrow,NYKA-INV-579686 PO_B14_007230,296427,5677,0,0,290750,INR,2026-08-15T20:49:00Z,BATCH-NYKA-7230
PO_B14_007231,Stripe India,PAYT-ORD-322918 PAYT-ORD-565742 PAYT-ORD-700141 BATCH-PAYT-7231,329769,6595,0,0,323174,INR,2026-08-16T11:25:00Z,BATCH-PAYT-7231
PO_B14_007232,Razorpay Nodal,UBER-INV-575802 PO_B14_007232,208305,5070,0,0,203235,INR,2026-08-16T03:56:00Z,BATCH-UBER-7232
PO_B14_007233,BillDesk Settlement,AMZN-INV-864768 PO_B14_007233,27101,640,0,0,26461,INR,2026-08-16T09:51:00Z,BATCH-AMZN-7233
PO_B14_007234,BillDesk Settlement,BKMS-INV-588781 PO_B14_007234,250874,4772,0,0,246102,INR,2026-08-16T13:44:00Z,BATCH-BKMS-7234
PO_B14_007235,Cashfree Escrow,NYKA-INV-638974 PO_B14_007235,309314,5082,0,0,304232,INR,2026-08-16T02:48:00Z,BATCH-NYKA-7235
PO_B14_007236,Razorpay Nodal,AMZN-INV-438186 PO_B14_007236,340854,7424,0,0,333430,INR,2026-08-16T07:36:00Z,BATCH-AMZN-7236
PO_B14_007237,Razorpay Nodal,AMZN-ORD-626356 AMZN-ORD-505014 AMZN-ORD-944356 BATCH-AMZN-7237,647587,12951,0,0,634636,INR,2026-08-15T22:22:00Z,BATCH-AMZN-7237
PO_B14_007238,PayU Enterprise,NYKA-INV-212409 PO_B14_007238,448483,9933,0,0,438550,INR,2026-08-16T06:30:00Z,BATCH-NYKA-7238
PO_B14_007239,Cashfree Escrow,BLNK-INV-950963 PO_B14_007239,340285,7092,0,0,333193,INR,2026-08-16T11:44:00Z,BATCH-BLNK-7239
PO_B14_007240,Razorpay Nodal,BLNK-INV-798158 PO_B14_007240,223117,5091,0,0,218026,INR,2026-08-16T14:03:00Z,BATCH-BLNK-7240
PO_B14_007241,Razorpay Nodal,JIOO-INV-919571 PO_B14_007241,348551,5797,0,0,342754,INR,2026-08-16T07:12:00Z,BATCH-JIOO-7241
PO_B14_007242,PayU Enterprise,TATA-INV-310275 PO_B14_007242,163277,2629,0,0,160648,INR,2026-08-15T19:54:00Z,BATCH-TATA-7242
PO_B14_007243,Razorpay Nodal,UBER-INV-499311 PO_B14_007243,393480,7581,0,0,385899,INR,2026-08-16T05:19:00Z,BATCH-UBER-7243
PO_B14_007244,BillDesk Settlement,MYNT-INV-153272 PO_B14_007244,362611,6526,0,0,356085,INR,2026-08-15T23:21:00Z,BATCH-MYNT-7244
PO_B14_007245,PayU Enterprise,AMZN-INV-826367 PO_B14_007245,34850,716,0,0,34134,INR,2026-08-16T08:40:00Z,BATCH-AMZN-7245
PO_B14_007246,Cashfree Escrow,ZOMA-INV-256818 PO_B14_007246,383757,6978,0,0,376779,INR,2026-08-16T10:46:00Z,BATCH-ZOMA-7246
PO_B14_007247,Stripe India,TATA-INV-957874 PO_B14_007247,53240,879,0,0,52361,INR,2026-08-15T20:49:00Z,BATCH-TATA-7247
PO_B14_007248,Razorpay Nodal,FLPK-INV-100694 PO_B14_007248,189780,2874,0,0,186906,INR,2026-08-17T00:32:00Z,BATCH-FLPK-7248
PO_B14_007249,BillDesk Settlement,BKMS-INV-203378 PO_B14_007249,329902,5909,0,0,323993,INR,2026-08-16T00:22:00Z,BATCH-BKMS-7249
PO_B14_007250,Razorpay Nodal,AMZN-INV-761561 PO_B14_007250,352134,8612,0,0,343522,INR,2026-08-16T08:06:00Z,BATCH-AMZN-7250
PO_B14_007251,PayU Enterprise,AMZN-INV-184231 PO_B14_007251,82549,1389,0,0,81160,INR,2026-08-16T09:30:00Z,BATCH-AMZN-7251
PO_B14_007252,BillDesk Settlement,OLAA-ORD-426933 OLAA-ORD-361108 BATCH-OLAA-7252,378408,7568,0,0,370840,INR,2026-08-16T16:45:00Z,BATCH-OLAA-7252
PO_B14_007253,Cashfree Escrow,BKMS-INV-691551 PO_B14_007253,27541,681,0,0,26860,INR,2026-08-16T06:55:00Z,BATCH-BKMS-7253
PO_B14_007254,Razorpay Nodal,SWIG-ORD-895884 SWIG-ORD-992216 BATCH-SWIG-7254,113900,2278,0,0,111622,INR,2026-08-16T20:16:00Z,BATCH-SWIG-7254
PO_B14_007255,PayU Enterprise,MYNT-INV-864655 PO_B14_007255,44779,986,0,0,43793,INR,2026-08-16T00:27:00Z,BATCH-MYNT-7255
PO_B14_007256,Cashfree Escrow,TATA-INV-299015 PO_B14_007256,365700,8681,0,0,357019,INR,2026-08-15T22:50:00Z,BATCH-TATA-7256
PO_B14_007257,Cashfree Escrow,BKMS-INV-544883 PO_B14_007257,252828,4222,0,0,248606,INR,2026-08-16T10:08:00Z,BATCH-BKMS-7257
PO_B14_007258,Stripe India,BKMS-INV-982317 PO_B14_007258,227986,3462,0,0,224524,INR,2026-08-16T16:42:00Z,BATCH-BKMS-7258
PO_B14_007259,Stripe India,PAYT-ORD-863324 PAYT-ORD-604623 BATCH-PAYT-7259,303932,6078,0,0,297854,INR,2026-08-16T13:16:00Z,BATCH-PAYT-7259
PO_B14_007260,Razorpay Nodal,AMZN-INV-909248 PO_B14_007260,232535,5205,0,0,227330,INR,2026-08-16T09:57:00Z,BATCH-AMZN-7260
PO_B14_007261,PayU Enterprise,NYKA-INV-944456 PO_B14_007261,338762,8004,0,0,330758,INR,2026-08-16T00:14:00Z,BATCH-NYKA-7261
PO_B14_007262,Stripe India,ZOMA-INV-375861 PO_B14_007262,60254,941,0,0,59313,INR,2026-08-15T16:19:00Z,BATCH-ZOMA-7262
PO_B14_007263,Stripe India,OLAA-EXC-616821-UNRESOLVED,242972,4849,0,0,238123,INR,2026-08-17T05:14:00Z,HOLD-ESCROW
PO_B14_007264,Stripe India,TATA-ORD-573465 TATA-ORD-466041 BATCH-TATA-7264,466179,9323,0,0,456856,INR,2026-08-15T22:46:00Z,BATCH-TATA-7264
PO_B14_007265,Razorpay Nodal,FLPK-INV-167468 PO_B14_007265,326090,6199,0,0,319891,INR,2026-08-15T18:22:00Z,BATCH-FLPK-7265
PO_B14_007266,PayU Enterprise,AMZN-ORD-746934 AMZN-ORD-748613 AMZN-ORD-589860 BATCH-AMZN-7266,431017,8620,0,0,422397,INR,2026-08-15T21:49:00Z,BATCH-AMZN-7266
PO_B14_007267,PayU Enterprise,OLAA-INV-575100 PO_B14_007267,382133,9020,0,0,373113,INR,2026-08-16T19:25:00Z,BATCH-OLAA-7267
PO_B14_007268,Cashfree Escrow,NYKA-ORD-306767 NYKA-ORD-527752 BATCH-NYKA-7268,89638,1792,0,0,87846,INR,2026-08-16T11:42:00Z,BATCH-NYKA-7268
PO_B14_007269,PayU Enterprise,BLNK-INV-673062 PO_B14_007269,294774,5688,0,0,289086,INR,2026-08-16T22:58:00Z,BATCH-BLNK-7269
PO_B14_007270,Cashfree Escrow,PAYT-ORD-718747 PAYT-ORD-936283 PAYT-ORD-880133 BATCH-PAYT-7270,348872,6977,0,0,341895,INR,2026-08-16T14:18:00Z,BATCH-PAYT-7270
PO_B14_007271,Stripe India,AMZN-INV-241290 PO_B14_007271,255646,6006,0,0,249640,INR,2026-08-16T08:38:00Z,BATCH-AMZN-7271
PO_B14_007272,BillDesk Settlement,PAYT-ORD-661924 PAYT-ORD-932429 PAYT-ORD-893257 BATCH-PAYT-7272,502688,10053,0,0,492635,INR,2026-08-16T11:44:00Z,BATCH-PAYT-7272
PO_B14_007273,Cashfree Escrow,FLPK-ORD-353033 FLPK-ORD-503490 BATCH-FLPK-7273,295521,5910,0,0,289611,INR,2026-08-16T12:51:00Z,BATCH-FLPK-7273
PO_B14_007274,Cashfree Escrow,PHNP-INV-794682 PO_B14_007274,85980,1975,0,0,84005,INR,2026-08-16T13:41:00Z,BATCH-PHNP-7274
PO_B14_007275,BillDesk Settlement,OLAA-INV-785067 PO_B14_007275,75233,1274,0,0,73959,INR,2026-08-16T10:55:00Z,BATCH-OLAA-7275
PO_B14_007276,Razorpay Nodal,ZOMA-INV-628060 PO_B14_007276,120349,2909,0,0,117440,INR,2026-08-16T15:04:00Z,BATCH-ZOMA-7276
PO_B14_007277,Razorpay Nodal,BKMS-INV-981878 PO_B14_007277,399417,6435,0,0,392982,INR,2026-08-16T03:50:00Z,BATCH-BKMS-7277
PO_B14_007278,Stripe India,TATA-INV-823090 PO_B14_007278,365206,7575,0,0,357631,INR,2026-08-16T11:00:00Z,BATCH-TATA-7278
PO_B14_007279,BillDesk Settlement,PAYT-INV-390506 PO_B14_007279,51293,1193,0,0,50100,INR,2026-08-15T22:34:00Z,BATCH-PAYT-7279
PO_B14_007280,Cashfree Escrow,MMTR-INV-691005 PO_B14_007280,55607,1026,0,0,54581,INR,2026-08-16T10:02:00Z,BATCH-MMTR-7280
PO_B14_007281,PayU Enterprise,BLNK-INV-254366 PO_B14_007281,299778,7434,0,0,292344,INR,2026-08-16T03:49:00Z,BATCH-BLNK-7281
PO_B14_007282,Cashfree Escrow,ZOMA-INV-347074 PO_B14_007282,204787,4543,0,0,200244,INR,2026-08-16T02:11:00Z,BATCH-ZOMA-7282
PO_B14_007283,Cashfree Escrow,MMTR-ORD-373920 MMTR-ORD-799066 BATCH-MMTR-7283,382802,7656,0,0,375146,INR,2026-08-16T05:50:00Z,BATCH-MMTR-7283
PO_B14_007284,BillDesk Settlement,JIOO-ORD-992386 JIOO-ORD-788789 JIOO-ORD-492537 BATCH-JIOO-7284,176031,3520,0,0,172511,INR,2026-08-16T13:53:00Z,BATCH-JIOO-7284
PO_B14_007285,Stripe India,JIOO-INV-552971 PO_B14_007285,92174,1890,0,0,90284,INR,2026-08-16T11:18:00Z,BATCH-JIOO-7285
PO_B14_007286,Razorpay Nodal,BLNK-INV-644919 PO_B14_007286,114337,2658,0,0,111679,INR,2026-08-16T12:52:00Z,BATCH-BLNK-7286
PO_B14_007287,Stripe India,JIOO-INV-790094 PO_B14_007287,327565,5716,0,0,321849,INR,2026-08-16T07:00:00Z,BATCH-JIOO-7287
PO_B14_007288,PayU Enterprise,AMZN-INV-116171 PO_B14_007288,437735,6823,0,0,430912,INR,2026-08-15T23:35:00Z,BATCH-AMZN-7288
PO_B14_007289,Stripe India,FLPK-INV-977473 PO_B14_007289,212709,3268,0,0,209441,INR,2026-08-16T03:09:00Z,BATCH-FLPK-7289
PO_B14_007290,PayU Enterprise,FLPK-INV-517254 PO_B14_007290,315666,5363,0,0,310303,INR,2026-08-16T12:33:00Z,BATCH-FLPK-7290
PO_B14_007291,Stripe India,ZOMA-INV-261173 PO_B14_007291,248279,4684,0,0,243595,INR,2026-08-15T22:39:00Z,BATCH-ZOMA-7291
PO_B14_007292,BillDesk Settlement,NYKA-INV-357140 PO_B14_007292,365761,7846,0,0,357915,INR,2026-08-16T23:47:00Z,BATCH-NYKA-7292
PO_B14_007293,Stripe India,AMZN-INV-615545 PO_B14_007293,409145,7325,0,0,401820,INR,2026-08-16T00:54:00Z,BATCH-AMZN-7293
PO_B14_007294,Cashfree Escrow,JIOO-EXC-439236-UNRESOLVED,178167,3553,0,0,174614,INR,2026-08-16T19:45:00Z,HOLD-ESCROW
PO_B14_007295,BillDesk Settlement,OLAA-INV-609799 PO_B14_007295,392690,9782,0,0,382908,INR,2026-08-16T16:17:00Z,BATCH-OLAA-7295
PO_B14_007296,Razorpay Nodal,MMTR-INV-561258 PO_B14_007296,102335,2233,0,0,100102,INR,2026-08-15T15:18:00Z,BATCH-MMTR-7296
PO_B14_007297,Cashfree Escrow,SWIG-ORD-491261 SWIG-ORD-246383 BATCH-SWIG-7297,390547,7810,0,0,382737,INR,2026-08-16T02:45:00Z,BATCH-SWIG-7297
PO_B14_007298,Cashfree Escrow,PHNP-INV-668407 PO_B14_007298,80263,1262,0,0,79001,INR,2026-08-16T01:36:00Z,BATCH-PHNP-7298
PO_B14_007299,Cashfree Escrow,AMZN-INV-242804 PO_B14_007299,312322,7386,0,0,304936,INR,2026-08-15T21:09:00Z,BATCH-AMZN-7299
PO_B14_007300,Razorpay Nodal,BBAS-INV-746407 PO_B14_007300,62039,1237,0,0,60802,INR,2026-08-16T04:57:00Z,BATCH-BBAS-7300
PO_B14_007301,Cashfree Escrow,BBAS-INV-181966 PO_B14_007301,99095,2359,0,0,96736,INR,2026-08-16T03:27:00Z,BATCH-BBAS-7301
PO_B14_007302,Razorpay Nodal,OLAA-INV-419052 PO_B14_007302,52568,1197,0,0,51371,INR,2026-08-16T21:58:00Z,BATCH-OLAA-7302
PO_B14_007303,Cashfree Escrow,FLPK-ORD-164411 FLPK-ORD-554554 BATCH-FLPK-7303,155064,3101,0,0,151963,INR,2026-08-16T16:50:00Z,BATCH-FLPK-7303
PO_B14_007304,BillDesk Settlement,JIOO-ORD-572169 JIOO-ORD-329332 BATCH-JIOO-7304,242305,4846,0,0,237459,INR,2026-08-16T00:08:00Z,BATCH-JIOO-7304
PO_B14_007305,Razorpay Nodal,BBAS-INV-590436 PO_B14_007305,311079,5859,0,0,305220,INR,2026-08-15T19:54:00Z,BATCH-BBAS-7305
PO_B14_007306,PayU Enterprise,FLPK-INV-969304 PO_B14_007306,53326,1023,0,0,52303,INR,2026-08-16T14:01:00Z,BATCH-FLPK-7306
PO_B14_007307,BillDesk Settlement,PHNP-INV-950095 PO_B14_007307,227555,5305,0,0,222250,INR,2026-08-15T18:03:00Z,BATCH-PHNP-7307
PO_B14_007308,Cashfree Escrow,UBER-INV-515731 PO_B14_007308,88119,1905,0,0,86214,INR,2026-08-16T09:55:00Z,BATCH-UBER-7308
PO_B14_007309,PayU Enterprise,BBAS-INV-143069 PO_B14_007309,234348,5099,0,0,229249,INR,2026-08-16T09:13:00Z,BATCH-BBAS-7309
PO_B14_007310,Stripe India,AMZN-INV-588780 PO_B14_007310,161161,3734,0,0,157427,INR,2026-08-16T00:48:00Z,BATCH-AMZN-7310
PO_B14_007311,Stripe India,MYNT-INV-869462 PO_B14_007311,276808,4985,0,0,271823,INR,2026-08-17T00:26:00Z,BATCH-MYNT-7311
PO_B14_007312,PayU Enterprise,BKMS-INV-536579 PO_B14_007312,114243,2819,0,0,111424,INR,2026-08-16T13:57:00Z,BATCH-BKMS-7312
PO_B14_007313,Cashfree Escrow,FLPK-ORD-858564 FLPK-ORD-858425 BATCH-FLPK-7313,222810,4456,0,0,218354,INR,2026-08-16T06:27:00Z,BATCH-FLPK-7313
PO_B14_007314,Razorpay Nodal,SWIG-ORD-305881 SWIG-ORD-855598 BATCH-SWIG-7314,168919,3378,0,0,165541,INR,2026-08-16T08:17:00Z,BATCH-SWIG-7314
PO_B14_007315,Stripe India,BBAS-INV-344110 PO_B14_007315,329141,5112,0,0,324029,INR,2026-08-16T14:13:00Z,BATCH-BBAS-7315
PO_B14_007316,PayU Enterprise,SWIG-INV-663233 PO_B14_007316,258984,5542,0,0,253442,INR,2026-08-15T18:28:00Z,BATCH-SWIG-7316
PO_B14_007317,BillDesk Settlement,BLNK-INV-209065 PO_B14_007317,54750,1329,0,0,53421,INR,2026-08-16T05:54:00Z,BATCH-BLNK-7317
PO_B14_007318,Stripe India,TATA-ORD-259163 TATA-ORD-836291 TATA-ORD-394396 BATCH-TATA-7318,450925,9018,0,0,441907,INR,2026-08-16T07:55:00Z,BATCH-TATA-7318
PO_B14_007319,Razorpay Nodal,BKMS-INV-594558 PO_B14_007319,166366,3068,0,0,163298,INR,2026-08-16T19:21:00Z,BATCH-BKMS-7319
PO_B14_007320,BillDesk Settlement,SWIG-INV-108425 PO_B14_007320,173894,2877,0,0,171017,INR,2026-08-16T16:20:00Z,BATCH-SWIG-7320
PO_B14_007321,Razorpay Nodal,AMZN-ORD-989221 AMZN-ORD-730043 AMZN-ORD-516441 BATCH-AMZN-7321,209502,4190,0,0,205312,INR,2026-08-15T23:15:00Z,BATCH-AMZN-7321
PO_B14_007322,Cashfree Escrow,BLNK-INV-513844 PO_B14_007322,349803,8684,0,0,341119,INR,2026-08-16T00:39:00Z,BATCH-BLNK-7322
PO_B14_007323,Razorpay Nodal,MMTR-INV-466403 PO_B14_007323,202671,4999,0,0,197672,INR,2026-08-16T10:48:00Z,BATCH-MMTR-7323
PO_B14_007324,Stripe India,MYNT-INV-825876 PO_B14_007324,425652,8000,0,0,417652,INR,2026-08-16T09:05:00Z,BATCH-MYNT-7324
PO_B14_007325,Razorpay Nodal,PHNP-ORD-543885 PHNP-ORD-869206 PHNP-ORD-218121 BATCH-PHNP-7325,516810,10336,0,0,506474,INR,2026-08-16T01:20:00Z,BATCH-PHNP-7325
PO_B14_007326,Cashfree Escrow,MMTR-ORD-968569 MMTR-ORD-868084 BATCH-MMTR-7326,159084,3181,0,0,155903,INR,2026-08-16T08:49:00Z,BATCH-MMTR-7326
PO_B14_007327,PayU Enterprise,PHNP-INV-422527 PO_B14_007327,345903,8440,0,0,337463,INR,2026-08-17T02:40:00Z,BATCH-PHNP-7327
PO_B14_007328,PayU Enterprise,JIOO-INV-250726 PO_B14_007328,59676,1115,0,0,58561,INR,2026-08-15T23:49:00Z,BATCH-JIOO-7328
PO_B14_007329,Stripe India,BKMS-ORD-932089 BKMS-ORD-846116 BKMS-ORD-568671 BATCH-BKMS-7329,622691,12453,0,0,610238,INR,2026-08-16T12:48:00Z,BATCH-BKMS-7329
PO_B14_007330,Razorpay Nodal,JIOO-INV-891925 PO_B14_007330,123157,2495,0,0,120662,INR,2026-08-15T23:59:00Z,BATCH-JIOO-7330
PO_B14_007331,Cashfree Escrow,MMTR-INV-783682 PO_B14_007331,171602,2834,0,0,168768,INR,2026-08-16T08:31:00Z,BATCH-MMTR-7331
PO_B14_007332,Stripe India,PAYT-ORD-277870 PAYT-ORD-887747 PAYT-ORD-544942 BATCH-PAYT-7332,422658,8453,0,0,414205,INR,2026-08-16T06:47:00Z,BATCH-PAYT-7332
PO_B14_007333,Stripe India,AMZN-INV-494469 PO_B14_007333,97383,1640,0,0,95743,INR,2026-08-15T20:11:00Z,BATCH-AMZN-7333
PO_B14_007334,BillDesk Settlement,SWIG-INV-405797 PO_B14_007334,374429,6652,0,0,367777,INR,2026-08-16T15:38:00Z,BATCH-SWIG-7334
PO_B14_007335,Razorpay Nodal,MYNT-INV-348858 PO_B14_007335,418103,6340,0,0,411763,INR,2026-08-15T22:52:00Z,BATCH-MYNT-7335
PO_B14_007336,Stripe India,PHNP-INV-417115 PO_B14_007336,348296,6059,0,0,342237,INR,2026-08-16T05:35:00Z,BATCH-PHNP-7336
PO_B14_007337,Stripe India,PAYT-INV-267478 PO_B14_007337,356891,6792,0,0,350099,INR,2026-08-16T04:48:00Z,BATCH-PAYT-7337
PO_B14_007338,BillDesk Settlement,JIOO-INV-454239 PO_B14_007338,150073,3052,0,0,147021,INR,2026-08-16T20:52:00Z,BATCH-JIOO-7338
PO_B14_007339,Stripe India,AMZN-INV-401517 PO_B14_007339,296982,6463,0,0,290519,INR,2026-08-16T18:33:00Z,BATCH-AMZN-7339
PO_B14_007340,Stripe India,SWIG-INV-321697 PO_B14_007340,126886,2349,0,0,124537,INR,2026-08-15T22:29:00Z,BATCH-SWIG-7340
PO_B14_007341,Stripe India,OLAA-INV-234209 PO_B14_007341,110088,2379,0,0,107709,INR,2026-08-16T15:52:00Z,BATCH-OLAA-7341
PO_B14_007342,BillDesk Settlement,ZOMA-INV-867473 PO_B14_007342,447450,11155,0,0,436295,INR,2026-08-16T06:16:00Z,BATCH-ZOMA-7342
PO_B14_007343,Razorpay Nodal,JIOO-INV-456100 PO_B14_007343,26848,422,0,0,26426,INR,2026-08-16T13:18:00Z,BATCH-JIOO-7343
PO_B14_007344,PayU Enterprise,FLPK-INV-325607 PO_B14_007344,390907,9205,0,0,381702,INR,2026-08-16T12:20:00Z,BATCH-FLPK-7344
PO_B14_007345,Razorpay Nodal,TATA-INV-881934 PO_B14_007345,174075,3052,0,0,171023,INR,2026-08-16T13:51:00Z,BATCH-TATA-7345
PO_B14_007346,PayU Enterprise,ZOMA-ORD-117547 ZOMA-ORD-808850 BATCH-ZOMA-7346,353751,7075,0,0,346676,INR,2026-08-16T20:15:00Z,BATCH-ZOMA-7346
PO_B14_007347,Razorpay Nodal,PHNP-INV-549445 PO_B14_007347,427533,8448,0,0,419085,INR,2026-08-16T08:13:00Z,BATCH-PHNP-7347
