payout_id,gateway_name,gateway_reference,gross_amount_minor,processing_fee_minor,refund_amount_minor,chargeback_amount_minor,net_settlement_amount_minor,currency,settlement_timestamp,batch_token
PO_B12_000001,Razorpay Nodal,UBER-ORD-393035 UBER-ORD-481852 UBER-ORD-432163 BATCH-UBER-0001,368829,7376,0,0,361453,INR,2026-08-13T23:02:00Z,BATCH-UBER-0001
PO_B12_000002,PayU Enterprise,MYNT-INV-118689 PO_B12_000002,273422,5787,0,0,267635,INR,2026-08-13T23:50:00Z,BATCH-MYNT-0002
PO_B12_000003,Cashfree Escrow,MMTR-INV-473748 PO_B12_000003,428097,10120,0,0,417977,INR,2026-08-14T11:22:00Z,BATCH-MMTR-0003
PO_B12_000004,Razorpay Nodal,MMTR-ORD-794322 MMTR-ORD-217518 MMTR-ORD-696063 BATCH-MMTR-0004,491720,9834,0,0,481886,INR,2026-08-14T14:31:00Z,BATCH-MMTR-0004
PO_B12_000005,Stripe India,PAYT-INV-929897 PO_B12_000005,417848,8495,0,0,409353,INR,2026-08-13T23:30:00Z,BATCH-PAYT-0005
PO_B12_000006,BillDesk Settlement,FLPK-ORD-584568 FLPK-ORD-281293 BATCH-FLPK-0006,252801,5056,0,0,247745,INR,2026-08-14T17:11:00Z,BATCH-FLPK-0006
PO_B12_000007,Razorpay Nodal,ZOMA-INV-745598 PO_B12_000007,300062,4803,0,0,295259,INR,2026-08-14T17:03:00Z,BATCH-ZOMA-0007
PO_B12_000008,Stripe India,PAYT-INV-349681 PO_B12_000008,406344,6210,0,0,400134,INR,2026-08-14T12:43:00Z,BATCH-PAYT-0008
PO_B12_000009,PayU Enterprise,JIOO-EXC-558703-UNRESOLVED,174266,3475,0,0,170791,INR,2026-08-14T14:18:00Z,HOLD-ESCROW
PO_B12_000010,PayU Enterprise,PAYT-INV-363230 PO_B12_000010,53978,1262,0,0,52716,INR,2026-08-14T03:21:00Z,BATCH-PAYT-0010
PO_B12_000011,Stripe India,MMTR-ORD-770655 MMTR-ORD-902166 MMTR-ORD-186092 BATCH-MMTR-0011,233689,4673,0,0,229016,INR,2026-08-14T03:53:00Z,BATCH-MMTR-0011
PO_B12_000012,Cashfree Escrow,FLPK-ORD-197082 FLPK-ORD-311971 BATCH-FLPK-0012,129238,2584,0,0,126654,INR,2026-08-14T16:26:00Z,BATCH-FLPK-0012
PO_B12_000013,BillDesk Settlement,MYNT-ORD-155477 MYNT-ORD-192390 BATCH-MYNT-0013,422698,8453,0,0,414245,INR,2026-08-13T21:03:00Z,BATCH-MYNT-0013
PO_B12_000014,Razorpay Nodal,PHNP-INV-330084 PO_B12_000014,244712,4105,0,0,240607,INR,2026-08-14T05:44:00Z,BATCH-PHNP-0014
PO_B12_000015,Razorpay Nodal,JIOO-INV-648782 PO_B12_000015,412473,8985,0,0,403488,INR,2026-08-14T12:44:00Z,BATCH-JIOO-0015
PO_B12_000016,Stripe India,NYKA-ORD-962259 NYKA-ORD-862328 NYKA-ORD-230947 BATCH-NYKA-0016,247986,4959,0,0,243027,INR,2026-08-14T18:38:00Z,BATCH-NYKA-0016
PO_B12_000017,Stripe India,PHNP-EXC-435842-UNRESOLVED,132988,2649,0,0,130339,INR,2026-08-14T18:49:00Z,HOLD-ESCROW
PO_B12_000018,Razorpay Nodal,PAYT-EXC-788262-UNRESOLVED,53909,1068,0,0,52841,INR,2026-08-15T00:18:00Z,HOLD-ESCROW
PO_B12_000019,Cashfree Escrow,BBAS-INV-759725 PO_B12_000019,391735,7615,0,0,384120,INR,2026-08-14T07:59:00Z,BATCH-BBAS-0019
PO_B12_000020,BillDesk Settlement,OLAA-INV-224575 PO_B12_000020,57571,1332,0,0,56239,INR,2026-08-14T02:56:00Z,BATCH-OLAA-0020
PO_B12_000021,BillDesk Settlement,BKMS-INV-936203 PO_B12_000021,277150,5336,0,0,271814,INR,2026-08-14T14:00:00Z,BATCH-BKMS-0021
PO_B12_000022,Cashfree Escrow,TATA-ORD-457863 TATA-ORD-582701 BATCH-TATA-0022,116167,2323,0,0,113844,INR,2026-08-14T20:12:00Z,BATCH-TATA-0022
PO_B12_000023,PayU Enterprise,MYNT-ORD-261112 MYNT-ORD-589731 MYNT-ORD-553437 BATCH-MYNT-0023,362630,7252,0,0,355378,INR,2026-08-13T23:38:00Z,BATCH-MYNT-0023
PO_B12_000024,BillDesk Settlement,BLNK-ORD-793309 BLNK-ORD-490882 BLNK-ORD-661253 BATCH-BLNK-0024,187895,3757,0,0,184138,INR,2026-08-13T21:25:00Z,BATCH-BLNK-0024
PO_B12_000025,PayU Enterprise,NYKA-INV-255831 PO_B12_000025,69042,1402,0,0,67640,INR,2026-08-14T07:03:00Z,BATCH-NYKA-0025
PO_B12_000026,PayU Enterprise,BLNK-INV-576622 PO_B12_000026,246648,5711,0,0,240937,INR,2026-08-14T10:58:00Z,BATCH-BLNK-0026
PO_B12_000027,BillDesk Settlement,ZOMA-ORD-926511 ZOMA-ORD-206518 BATCH-ZOMA-0027,249864,4997,0,0,244867,INR,2026-08-14T18:18:00Z,BATCH-ZOMA-0027
PO_B12_000028,Stripe India,TATA-INV-208284 PO_B12_000028,103066,2534,0,0,100532,INR,2026-08-14T07:00:00Z,BATCH-TATA-0028
PO_B12_000029,BillDesk Settlement,AMZN-INV-763673 PO_B12_000029,419805,10456,0,0,409349,INR,2026-08-14T01:41:00Z,BATCH-AMZN-0029
PO_B12_000030,Razorpay Nodal,MYNT-INV-125712 PO_B12_000030,167162,3492,0,0,163670,INR,2026-08-14T21:01:00Z,BATCH-MYNT-0030
PO_B12_000031,Cashfree Escrow,BLNK-INV-170180 PO_B12_000031,287398,6038,0,0,281360,INR,2026-08-13T22:00:00Z,BATCH-BLNK-0031
PO_B12_000032,BillDesk Settlement,PAYT-EXC-629091-UNRESOLVED,196855,3927,0,0,192928,INR,2026-08-14T19:57:00Z,HOLD-ESCROW
PO_B12_000033,Stripe India,FLPK-INV-698347 PO_B12_000033,350245,8389,0,0,341856,INR,2026-08-14T04:58:00Z,BATCH-FLPK-0033
PO_B12_000034,Razorpay Nodal,TATA-INV-108531 PO_B12_000034,246910,5849,0,0,241061,INR,2026-08-14T05:47:00Z,BATCH-TATA-0034
PO_B12_000035,BillDesk Settlement,AMZN-INV-105614 PO_B12_000035,434318,8544,0,0,425774,INR,2026-08-14T00:55:00Z,BATCH-AMZN-0035
PO_B12_000036,Razorpay Nodal,PHNP-INV-216637 PO_B12_000036,239447,5468,0,0,233979,INR,2026-08-14T16:42:00Z,BATCH-PHNP-0036
PO_B12_000037,PayU Enterprise,TATA-INV-584159 PO_B12_000037,29520,471,0,0,29049,INR,2026-08-14T02:53:00Z,BATCH-TATA-0037
PO_B12_000038,Stripe India,MYNT-INV-958638 PO_B12_000038,375936,5814,0,0,370122,INR,2026-08-14T21:17:00Z,BATCH-MYNT-0038
PO_B12_000039,Razorpay Nodal,PHNP-INV-445184 PO_B12_000039,326748,6346,0,0,320402,INR,2026-08-14T06:31:00Z,BATCH-PHNP-0039
PO_B12_000040,PayU Enterprise,BLNK-INV-841369 PO_B12_000040,86119,1436,0,0,84683,INR,2026-08-14T14:35:00Z,BATCH-BLNK-0040
PO_B12_000041,BillDesk Settlement,ZOMA-INV-548629 PO_B12_000041,381322,6635,0,0,374687,INR,2026-08-14T01:38:00Z,BATCH-ZOMA-0041
PO_B12_000042,Cashfree Escrow,UBER-INV-105674 PO_B12_000042,92070,2220,0,0,89850,INR,2026-08-14T06:07:00Z,BATCH-UBER-0042
PO_B12_000043,PayU Enterprise,SWIG-ORD-862344 SWIG-ORD-807819 BATCH-SWIG-0043,361728,7234,0,0,354494,INR,2026-08-14T00:43:00Z,BATCH-SWIG-0043
PO_B12_000044,Stripe India,BLNK-INV-876900 PO_B12_000044,203623,3716,0,0,199907,INR,2026-08-14T01:23:00Z,BATCH-BLNK-0044
PO_B12_000045,PayU Enterprise,FLPK-INV-510258 PO_B12_000045,160869,2470,0,0,158399,INR,2026-08-15T00:45:00Z,BATCH-FLPK-0045
PO_B12_000046,Razorpay Nodal,NYKA-INV-728552 PO_B12_000046,355697,7154,0,0,348543,INR,2026-08-13T23:14:00Z,BATCH-NYKA-0046
PO_B12_000047,BillDesk Settlement,BBAS-INV-638769 PO_B12_000047,379961,6598,0,0,373363,INR,2026-08-14T13:03:00Z,BATCH-BBAS-0047
PO_B12_000048,BillDesk Settlement,BBAS-INV-273239 PO_B12_000048,406680,9285,0,0,397395,INR,2026-08-14T12:10:00Z,BATCH-BBAS-0048
PO_B12_000049,PayU Enterprise,PHNP-INV-188012 PO_B12_000049,217074,5313,0,0,211761,INR,2026-08-14T03:12:00Z,BATCH-PHNP-0049
PO_B12_000050,BillDesk Settlement,UBER-ORD-750997 UBER-ORD-878546 BATCH-UBER-0050,274333,5486,0,0,268847,INR,2026-08-14T01:45:00Z,BATCH-UBER-0050
PO_B12_000051,BillDesk Settlement,BLNK-INV-917804 PO_B12_000051,82469,1977,0,0,80492,INR,2026-08-14T16:05:00Z,BATCH-BLNK-0051
PO_B12_000052,PayU Enterprise,OLAA-ORD-384125 OLAA-ORD-611928 BATCH-OLAA-0052,409933,8198,0,0,401735,INR,2026-08-14T15:20:00Z,BATCH-OLAA-0052
PO_B12_000053,Stripe India,FLPK-INV-390204 PO_B12_000053,204327,3313,0,0,201014,INR,2026-08-13T14:59:00Z,BATCH-FLPK-0053
PO_B12_000054,Razorpay Nodal,MMTR-INV-398395 PO_B12_000054,34092,564,0,0,33528,INR,2026-08-14T11:50:00Z,BATCH-MMTR-0054
PO_B12_000055,BillDesk Settlement,SWIG-ORD-864173 SWIG-ORD-417550 SWIG-ORD-772024 BATCH-SWIG-0055,421015,8420,0,0,412595,INR,2026-08-14T20:06:00Z,BATCH-SWIG-0055
PO_B12_000056,Stripe India,AMZN-INV-227786 PO_B12_000056,143214,3417,0,0,139797,INR,2026-08-13T21:46:00Z,BATCH-AMZN-0056
PO_B12_000057,PayU Enterprise,PHNP-ORD-474834 PHNP-ORD-393121 PHNP-ORD-361191 BATCH-PHNP-0057,519277,10385,0,0,508892,INR,2026-08-14T05:53:00Z,BATCH-PHNP-0057
PO_B12_000058,Cashfree Escrow,BKMS-INV-831779 PO_B12_000058,125693,2371,0,0,123322,INR,2026-08-13T21:43:00Z,BATCH-BKMS-0058
PO_B12_000059,Stripe India,MMTR-ORD-938169 MMTR-ORD-145649 BATCH-MMTR-0059,305010,6100,0,0,298910,INR,2026-08-14T20:58:00Z,BATCH-MMTR-0059
PO_B12_000060,Cashfree Escrow,OLAA-ORD-114137 OLAA-ORD-933199 BATCH-OLAA-0060,438333,8766,0,0,429567,INR,2026-08-14T06:34:00Z,BATCH-OLAA-0060
PO_B12_000061,Stripe India,AMZN-ORD-546459 AMZN-ORD-965474 BATCH-AMZN-0061,308142,6162,0,0,301980,INR,2026-08-14T17:13:00Z,BATCH-AMZN-0061
PO_B12_000062,Cashfree Escrow,NYKA-INV-527418 PO_B12_000062,36170,879,0,0,35291,INR,2026-08-14T05:38:00Z,BATCH-NYKA-0062
PO_B12_000063,Stripe India,BBAS-ORD-717295 BBAS-ORD-467110 BATCH-BBAS-0063,196964,3939,0,0,193025,INR,2026-08-14T07:13:00Z,BATCH-BBAS-0063
PO_B12_000064,Stripe India,PHNP-INV-213848 PO_B12_000064,390594,6811,0,0,383783,INR,2026-08-14T17:01:00Z,BATCH-PHNP-0064
PO_B12_000065,BillDesk Settlement,BKMS-INV-419762 PO_B12_000065,106809,1907,0,0,104902,INR,2026-08-14T15:06:00Z,BATCH-BKMS-0065
PO_B12_000066,PayU Enterprise,BLNK-INV-886615 PO_B12_000066,348715,8096,0,0,340619,INR,2026-08-14T09:08:00Z,BATCH-BLNK-0066
PO_B12_000067,PayU Enterprise,FLPK-ORD-275292 FLPK-ORD-847121 BATCH-FLPK-0067,401297,8025,0,0,393272,INR,2026-08-14T08:18:00Z,BATCH-FLPK-0067
PO_B12_000068,Stripe India,OLAA-INV-240725 PO_B12_000068,199075,3416,0,0,195659,INR,2026-08-14T05:04:00Z,BATCH-OLAA-0068
PO_B12_000069,Cashfree Escrow,MMTR-INV-693125 PO_B12_000069,196651,3008,0,0,193643,INR,2026-08-14T15:21:00Z,BATCH-MMTR-0069
PO_B12_000070,Stripe India,MMTR-INV-626713 PO_B12_000070,349648,7096,0,0,342552,INR,2026-08-14T08:05:00Z,BATCH-MMTR-0070
PO_B12_000071,Razorpay Nodal,PHNP-INV-881791 PO_B12_000071,190287,3987,0,0,186300,INR,2026-08-14T16:48:00Z,BATCH-PHNP-0071
PO_B12_000072,Stripe India,TATA-INV-837328 PO_B12_000072,59478,956,0,0,58522,INR,2026-08-14T16:22:00Z,BATCH-TATA-0072
PO_B12_000073,Razorpay Nodal,UBER-INV-484358 PO_B12_000073,177496,3746,0,0,173750,INR,2026-08-14T14:31:00Z,BATCH-UBER-0073
PO_B12_000074,Razorpay Nodal,FLPK-INV-585280 PO_B12_000074,35640,685,0,0,34955,INR,2026-08-14T07:46:00Z,BATCH-FLPK-0074
PO_B12_000075,Cashfree Escrow,OLAA-INV-568899 PO_B12_000075,87220,1603,0,0,85617,INR,2026-08-14T17:53:00Z,BATCH-OLAA-0075
PO_B12_000076,PayU Enterprise,FLPK-INV-272154 PO_B12_000076,188412,3734,0,0,184678,INR,2026-08-14T05:58:00Z,BATCH-FLPK-0076
PO_B12_000077,Razorpay Nodal,BBAS-EXC-870753-UNRESOLVED,221801,4426,0,0,217375,INR,2026-08-14T17:58:00Z,HOLD-ESCROW
PO_B12_000078,Razorpay Nodal,BLNK-INV-409156 PO_B12_000078,434074,7674,0,0,426400,INR,2026-08-14T07:06:00Z,BATCH-BLNK-0078
PO_B12_000079,BillDesk Settlement,PHNP-ORD-374236 PHNP-ORD-788838 PHNP-ORD-970428 BATCH-PHNP-0079,459144,9182,0,0,449962,INR,2026-08-14T15:51:00Z,BATCH-PHNP-0079
PO_B12_000080,Razorpay Nodal,JIOO-INV-455842 PO_B12_000080,160478,3135,0,0,157343,INR,2026-08-14T22:25:00Z,BATCH-JIOO-0080
PO_B12_000081,Razorpay Nodal,UBER-ORD-925079 UBER-ORD-227435 BATCH-UBER-0081,128209,2564,0,0,125645,INR,2026-08-14T18:44:00Z,BATCH-UBER-0081
PO_B12_000082,BillDesk Settlement,UBER-INV-673976 PO_B12_000082,360561,5850,0,0,354711,INR,2026-08-13T18:08:00Z,BATCH-UBER-0082
PO_B12_000083,PayU Enterprise,PHNP-INV-714225 PO_B12_000083,249679,6144,0,0,243535,INR,2026-08-14T07:43:00Z,BATCH-PHNP-0083
PO_B12_000084,Cashfree Escrow,OLAA-INV-793495 PO_B12_000084,135447,3365,0,0,132082,INR,2026-08-13T13:23:00Z,BATCH-OLAA-0084
PO_B12_000085,Razorpay Nodal,BBAS-EXC-147365-UNRESOLVED,233296,4655,0,0,228641,INR,2026-08-15T01:13:00Z,HOLD-ESCROW
PO_B12_000086,Cashfree Escrow,TATA-INV-179456 PO_B12_000086,114728,2145,0,0,112583,INR,2026-08-14T12:06:00Z,BATCH-TATA-0086
PO_B12_000087,Razorpay Nodal,TATA-ORD-630792 TATA-ORD-421251 BATCH-TATA-0087,359555,7191,0,0,352364,INR,2026-08-14T14:08:00Z,BATCH-TATA-0087
PO_B12_000088,PayU Enterprise,BLNK-ORD-249742 BLNK-ORD-231081 BATCH-BLNK-0088,205262,4105,0,0,201157,INR,2026-08-14T18:16:00Z,BATCH-BLNK-0088
PO_B12_000089,BillDesk Settlement,JIOO-ORD-399793 JIOO-ORD-435400 BATCH-JIOO-0089,450006,9000,0,0,441006,INR,2026-08-14T13:25:00Z,BATCH-JIOO-0089
PO_B12_000090,BillDesk Settlement,TATA-INV-902270 PO_B12_000090,58678,1291,0,0,57387,INR,2026-08-14T04:54:00Z,BATCH-TATA-0090
PO_B12_000091,Cashfree Escrow,BBAS-ORD-884373 BBAS-ORD-452351 BBAS-ORD-314541 BATCH-BBAS-0091,588601,11772,0,0,576829,INR,2026-08-14T08:38:00Z,BATCH-BBAS-0091
PO_B12_000092,Stripe India,ZOMA-INV-436059 PO_B12_000092,34208,750,0,0,33458,INR,2026-08-14T13:32:00Z,BATCH-ZOMA-0092
PO_B12_000093,PayU Enterprise,NYKA-INV-169832 PO_B12_000093,77685,1494,0,0,76191,INR,2026-08-14T06:46:00Z,BATCH-NYKA-0093
PO_B12_000094,BillDesk Settlement,BLNK-INV-230382 PO_B12_000094,353034,7729,0,0,345305,INR,2026-08-13T21:46:00Z,BATCH-BLNK-0094
PO_B12_000095,Stripe India,MYNT-INV-349173 PO_B12_000095,328037,6442,0,0,321595,INR,2026-08-14T00:24:00Z,BATCH-MYNT-0095
PO_B12_000096,PayU Enterprise,BLNK-INV-858469 PO_B12_000096,52202,1149,0,0,51053,INR,2026-08-14T19:50:00Z,BATCH-BLNK-0096
PO_B12_000097,Stripe India,SWIG-INV-726438 PO_B12_000097,271694,5904,0,0,265790,INR,2026-08-13T16:43:00Z,BATCH-SWIG-0097
PO_B12_000098,PayU Enterprise,FLPK-INV-184367 PO_B12_000098,176425,2891,0,0,173534,INR,2026-08-13T15:47:00Z,BATCH-FLPK-0098
PO_B12_000099,PayU Enterprise,NYKA-INV-204948 PO_B12_000099,378013,9205,0,0,368808,INR,2026-08-13T21:09:00Z,BATCH-NYKA-0099
PO_B12_000100,Cashfree Escrow,MYNT-INV-739739 PO_B12_000100,38821,805,0,0,38016,INR,2026-08-14T03:11:00Z,BATCH-MYNT-0100
PO_B12_000101,PayU Enterprise,SWIG-INV-689505 PO_B12_000101,323857,7645,0,0,316212,INR,2026-08-14T05:00:00Z,BATCH-SWIG-0101
PO_B12_000102,PayU Enterprise,PAYT-INV-641219 PO_B12_000102,36468,680,0,0,35788,INR,2026-08-14T20:01:00Z,BATCH-PAYT-0102
PO_B12_000103,PayU Enterprise,TATA-EXC-206779-UNRESOLVED,152406,3038,0,0,149368,INR,2026-08-14T17:15:00Z,HOLD-ESCROW
PO_B12_000104,Cashfree Escrow,OLAA-INV-147664 PO_B12_000104,348063,7489,0,0,340574,INR,2026-08-13T20:39:00Z,BATCH-OLAA-0104
PO_B12_000105,Razorpay Nodal,NYKA-INV-840468 PO_B12_000105,36497,593,0,0,35904,INR,2026-08-13T23:25:00Z,BATCH-NYKA-0105
PO_B12_000106,Cashfree Escrow,MYNT-ORD-141476 MYNT-ORD-183562 BATCH-MYNT-0106,335311,6706,0,0,328605,INR,2026-08-14T20:28:00Z,BATCH-MYNT-0106
PO_B12_000107,PayU Enterprise,PHNP-EXC-557347-UNRESOLVED,180872,3607,0,0,177265,INR,2026-08-14T10:04:00Z,HOLD-ESCROW
PO_B12_000108,Stripe India,TATA-INV-236230 PO_B12_000108,335783,6467,0,0,329316,INR,2026-08-14T11:04:00Z,BATCH-TATA-0108
PO_B12_000109,BillDesk Settlement,MMTR-INV-419449 PO_B12_000109,414044,10189,0,0,403855,INR,2026-08-14T19:58:00Z,BATCH-MMTR-0109
PO_B12_000110,Stripe India,BKMS-ORD-387340 BKMS-ORD-562915 BATCH-BKMS-0110,118228,2364,0,0,115864,INR,2026-08-14T03:22:00Z,BATCH-BKMS-0110
PO_B12_000111,Stripe India,SWIG-INV-578294 PO_B12_000111,294232,4659,0,0,289573,INR,2026-08-13T22:13:00Z,BATCH-SWIG-0111
PO_B12_000112,BillDesk Settlement,AMZN-INV-300487 PO_B12_000112,420731,8360,0,0,412371,INR,2026-08-14T19:52:00Z,BATCH-AMZN-0112
PO_B12_000113,Cashfree Escrow,FLPK-INV-107105 PO_B12_000113,392180,6333,0,0,385847,INR,2026-08-14T23:51:00Z,BATCH-FLPK-0113
PO_B12_000114,BillDesk Settlement,UBER-INV-255269 PO_B12_000114,117823,2547,0,0,115276,INR,2026-08-14T04:35:00Z,BATCH-UBER-0114
PO_B12_000115,BillDesk Settlement,UBER-INV-361478 PO_B12_000115,97488,2400,0,0,95088,INR,2026-08-14T03:22:00Z,BATCH-UBER-0115
PO_B12_000116,BillDesk Settlement,UBER-INV-377820 PO_B12_000116,121624,2538,0,0,119086,INR,2026-08-14T00:47:00Z,BATCH-UBER-0116
PO_B12_000117,Cashfree Escrow,NYKA-ORD-324159 NYKA-ORD-557660 NYKA-ORD-484308 BATCH-NYKA-0117,346259,6925,0,0,339334,INR,2026-08-14T14:44:00Z,BATCH-NYKA-0117
PO_B12_000118,BillDesk Settlement,NYKA-INV-605060 PO_B12_000118,447226,9353,0,0,437873,INR,2026-08-14T02:59:00Z,BATCH-NYKA-0118
PO_B12_000119,Cashfree Escrow,MMTR-INV-500713 PO_B12_000119,292224,6852,0,0,285372,INR,2026-08-14T11:00:00Z,BATCH-MMTR-0119
PO_B12_000120,Cashfree Escrow,BKMS-ORD-224564 BKMS-ORD-894538 BATCH-BKMS-0120,211381,4227,0,0,207154,INR,2026-08-14T11:49:00Z,BATCH-BKMS-0120
PO_B12_000121,BillDesk Settlement,OLAA-INV-477718 PO_B12_000121,376122,6831,0,0,369291,INR,2026-08-14T07:11:00Z,BATCH-OLAA-0121
PO_B12_000122,Razorpay Nodal,BBAS-INV-543611 PO_B12_000122,407470,9857,0,0,397613,INR,2026-08-14T00:08:00Z,BATCH-BBAS-0122
PO_B12_000123,Stripe India,AMZN-ORD-902565 AMZN-ORD-329341 BATCH-AMZN-0123,419979,8399,0,0,411580,INR,2026-08-14T19:49:00Z,BATCH-AMZN-0123
PO_B12_000124,PayU Enterprise,MYNT-ORD-316325 MYNT-ORD-847350 MYNT-ORD-114877 BATCH-MYNT-0124,186195,3723,0,0,182472,INR,2026-08-14T17:06:00Z,BATCH-MYNT-0124
PO_B12_000125,Razorpay Nodal,PAYT-INV-998687 PO_B12_000125,264526,4523,0,0,260003,INR,2026-08-14T11:47:00Z,BATCH-PAYT-0125
PO_B12_000126,PayU Enterprise,MYNT-INV-309666 PO_B12_000126,420049,9390,0,0,410659,INR,2026-08-14T05:59:00Z,BATCH-MYNT-0126
PO_B12_000127,Razorpay Nodal,NYKA-ORD-688071 NYKA-ORD-843956 BATCH-NYKA-0127,350494,7009,0,0,343485,INR,2026-08-13T23:24:00Z,BATCH-NYKA-0127
PO_B12_000128,Stripe India,BLNK-INV-715886 PO_B12_000128,115905,2564,0,0,113341,INR,2026-08-14T14:23:00Z,BATCH-BLNK-0128
PO_B12_000129,Cashfree Escrow,BLNK-INV-545118 PO_B12_000129,320594,5591,0,0,315003,INR,2026-08-14T12:11:00Z,BATCH-BLNK-0129
PO_B12_000130,Stripe India,SWIG-INV-420780 PO_B12_000130,421587,8452,0,0,413135,INR,2026-08-14T17:01:00Z,BATCH-SWIG-0130
PO_B12_000131,BillDesk Settlement,AMZN-INV-605243 PO_B12_000131,447943,7343,0,0,440600,INR,2026-08-14T17:18:00Z,BATCH-AMZN-0131
PO_B12_000132,PayU Enterprise,AMZN-ORD-800844 AMZN-ORD-517945 BATCH-AMZN-0132,189751,3795,0,0,185956,INR,2026-08-14T02:46:00Z,BATCH-AMZN-0132
PO_B12_000133,BillDesk Settlement,JIOO-EXC-891692-UNRESOLVED,265613,5302,0,0,260311,INR,2026-08-15T07:05:00Z,HOLD-ESCROW
PO_B12_000134,Cashfree Escrow,NYKA-INV-491567 PO_B12_000134,234337,4889,0,0,229448,INR,2026-08-13T19:24:00Z,BATCH-NYKA-0134
PO_B12_000135,Razorpay Nodal,OLAA-INV-690537 PO_B12_000135,49246,1146,0,0,48100,INR,2026-08-14T07:17:00Z,BATCH-OLAA-0135
PO_B12_000136,Razorpay Nodal,MYNT-INV-606697 PO_B12_000136,407663,7612,0,0,400051,INR,2026-08-14T15:10:00Z,BATCH-MYNT-0136
PO_B12_000137,BillDesk Settlement,FLPK-INV-911220 PO_B12_000137,320882,7853,0,0,313029,INR,2026-08-14T01:06:00Z,BATCH-FLPK-0137
PO_B12_000138,PayU Enterprise,NYKA-INV-515802 PO_B12_000138,103218,2187,0,0,101031,INR,2026-08-13T13:26:00Z,BATCH-NYKA-0138
PO_B12_000139,Cashfree Escrow,MYNT-INV-700007 PO_B12_000139,405017,7007,0,0,398010,INR,2026-08-14T08:54:00Z,BATCH-MYNT-0139
PO_B12_000140,Cashfree Escrow,MMTR-ORD-758839 MMTR-ORD-870577 BATCH-MMTR-0140,259526,5190,0,0,254336,INR,2026-08-14T10:03:00Z,BATCH-MMTR-0140
PO_B12_000141,Cashfree Escrow,BKMS-INV-537734 PO_B12_000141,26799,462,0,0,26337,INR,2026-08-14T20:42:00Z,BATCH-BKMS-0141
PO_B12_000142,PayU Enterprise,JIOO-INV-467315 PO_B12_000142,50578,799,0,0,49779,INR,2026-08-13T20:56:00Z,BATCH-JIOO-0142
PO_B12_000143,PayU Enterprise,AMZN-INV-967821 PO_B12_000143,241017,5348,0,0,235669,INR,2026-08-13T20:12:00Z,BATCH-AMZN-0143
PO_B12_000144,Razorpay Nodal,PAYT-INV-646645 PO_B12_000144,224047,3666,0,0,220381,INR,2026-08-14T06:56:00Z,BATCH-PAYT-0144
PO_B12_000145,PayU Enterprise,AMZN-INV-264599 PO_B12_000145,370825,7298,0,0,363527,INR,2026-08-14T12:50:00Z,BATCH-AMZN-0145
PO_B12_000146,PayU Enterprise,BLNK-EXC-181546-UNRESOLVED,119032,2370,0,0,116662,INR,2026-08-14T13:03:00Z,HOLD-ESCROW
PO_B12_000147,PayU Enterprise,TATA-EXC-152930-UNRESOLVED,197496,3939,0,0,193557,INR,2026-08-15T05:44:00Z,HOLD-ESCROW
PO_B12_000148,PayU Enterprise,PAYT-ORD-801408 PAYT-ORD-219470 PAYT-ORD-435039 BATCH-PAYT-0148,176492,3529,0,0,172963,INR,2026-08-14T21:00:00Z,BATCH-PAYT-0148
PO_B12_000149,PayU Enterprise,MMTR-ORD-918892 MMTR-ORD-723210 BATCH-MMTR-0149,327110,6542,0,0,320568,INR,2026-08-14T07:46:00Z,BATCH-MMTR-0149
PO_B12_000150,PayU Enterprise,OLAA-ORD-332247 OLAA-ORD-746139 OLAA-ORD-585323 BATCH-OLAA-0150,415137,8302,0,0,406835,INR,2026-08-14T09:23:00Z,BATCH-OLAA-0150
PO_B12_000151,Stripe India,AMZN-ORD-283549 AMZN-ORD-951024 AMZN-ORD-112711 BATCH-AMZN-0151,310320,6206,0,0,304114,INR,2026-08-14T05:21:00Z,BATCH-AMZN-0151
PO_B12_000152,BillDesk Settlement,PAYT-ORD-294908 PAYT-ORD-419654 PAYT-ORD-964560 BATCH-PAYT-0152,439770,8795,0,0,430975,INR,2026-08-14T05:40:00Z,BATCH-PAYT-0152
PO_B12_000153,BillDesk Settlement,PAYT-ORD-408984 PAYT-ORD-969419 PAYT-ORD-661077 BATCH-PAYT-0153,539060,10781,0,0,528279,INR,2026-08-14T06:11:00Z,BATCH-PAYT-0153
PO_B12_000154,Cashfree Escrow,UBER-INV-518866 PO_B12_000154,183505,4341,0,0,179164,INR,2026-08-14T10:14:00Z,BATCH-UBER-0154
PO_B12_000155,Razorpay Nodal,JIOO-ORD-183351 JIOO-ORD-414737 BATCH-JIOO-0155,239871,4797,0,0,235074,INR,2026-08-14T17:12:00Z,BATCH-JIOO-0155
PO_B12_000156,BillDesk Settlement,PHNP-ORD-306300 PHNP-ORD-514849 BATCH-PHNP-0156,397755,7955,0,0,389800,INR,2026-08-14T01:51:00Z,BATCH-PHNP-0156
PO_B12_000157,Stripe India,BKMS-ORD-113311 BKMS-ORD-124563 BKMS-ORD-297107 BATCH-BKMS-0157,370160,7403,0,0,362757,INR,2026-08-14T10:13:00Z,BATCH-BKMS-0157
PO_B12_000158,Stripe India,FLPK-INV-297876 PO_B12_000158,232397,5433,0,0,226964,INR,2026-08-14T05:31:00Z,BATCH-FLPK-0158
PO_B12_000159,Cashfree Escrow,TATA-INV-229563 PO_B12_000159,395929,8734,0,0,387195,INR,2026-08-14T05:54:00Z,BATCH-TATA-0159
PO_B12_000160,BillDesk Settlement,OLAA-INV-245292 PO_B12_000160,326864,7069,0,0,319795,INR,2026-08-14T05:34:00Z,BATCH-OLAA-0160
PO_B12_000161,Stripe India,FLPK-INV-566089 PO_B12_000161,145013,2653,0,0,142360,INR,2026-08-14T07:47:00Z,BATCH-FLPK-0161
PO_B12_000162,Stripe India,SWIG-INV-161147 PO_B12_000162,439137,8751,0,0,430386,INR,2026-08-14T11:17:00Z,BATCH-SWIG-0162
PO_B12_000163,PayU Enterprise,SWIG-INV-795206 PO_B12_000163,324943,7325,0,0,317618,INR,2026-08-14T16:20:00Z,BATCH-SWIG-0163
PO_B12_000164,Razorpay Nodal,SWIG-ORD-159883 SWIG-ORD-230227 BATCH-SWIG-0164,270568,5411,0,0,265157,INR,2026-08-14T16:19:00Z,BATCH-SWIG-0164
PO_B12_000165,PayU Enterprise,PAYT-INV-493690 PO_B12_000165,424613,6501,0,0,418112,INR,2026-08-13T16:48:00Z,BATCH-PAYT-0165
PO_B12_000166,PayU Enterprise,MYNT-ORD-786472 MYNT-ORD-181546 MYNT-ORD-936890 BATCH-MYNT-0166,397074,7941,0,0,389133,INR,2026-08-14T09:17:00Z,BATCH-MYNT-0166
PO_B12_000167,PayU Enterprise,TATA-INV-224968 PO_B12_000167,187892,3344,0,0,184548,INR,2026-08-14T10:05:00Z,BATCH-TATA-0167
PO_B12_000168,Cashfree Escrow,BKMS-INV-323541 PO_B12_000168,315597,6208,0,0,309389,INR,2026-08-14T12:34:00Z,BATCH-BKMS-0168
PO_B12_000169,PayU Enterprise,AMZN-INV-320109 PO_B12_000169,75899,1771,0,0,74128,INR,2026-08-14T21:06:00Z,BATCH-AMZN-0169
PO_B12_000170,Stripe India,BKMS-INV-384496 PO_B12_000170,388780,8688,0,0,380092,INR,2026-08-14T08:33:00Z,BATCH-BKMS-0170
PO_B12_000171,BillDesk Settlement,OLAA-INV-795681 PO_B12_000171,116906,2579,0,0,114327,INR,2026-08-13T18:17:00Z,BATCH-OLAA-0171
PO_B12_000172,Stripe India,TATA-ORD-380748 TATA-ORD-197013 TATA-ORD-560126 BATCH-TATA-0172,301169,6023,0,0,295146,INR,2026-08-14T05:01:00Z,BATCH-TATA-0172
PO_B12_000173,Cashfree Escrow,PAYT-INV-633621 PO_B12_000173,243266,5145,0,0,238121,INR,2026-08-15T00:15:00Z,BATCH-PAYT-0173
PO_B12_000174,BillDesk Settlement,TATA-INV-327510 PO_B12_000174,373762,6669,0,0,367093,INR,2026-08-14T00:19:00Z,BATCH-TATA-0174
PO_B12_000175,Razorpay Nodal,SWIG-ORD-725237 SWIG-ORD-690498 BATCH-SWIG-0175,227404,4548,0,0,222856,INR,2026-08-14T18:31:00Z,BATCH-SWIG-0175
PO_B12_000176,PayU Enterprise,MMTR-INV-667682 PO_B12_000176,440255,10146,0,0,430109,INR,2026-08-13T19:11:00Z,BATCH-MMTR-0176
PO_B12_000177,Razorpay Nodal,MYNT-INV-711331 PO_B12_000177,28646,617,0,0,28029,INR,2026-08-14T12:38:00Z,BATCH-MYNT-0177
PO_B12_000178,Stripe India,PHNP-INV-272188 PO_B12_000178,181699,3176,0,0,178523,INR,2026-08-14T02:48:00Z,BATCH-PHNP-0178
PO_B12_000179,BillDesk Settlement,BKMS-EXC-982746-UNRESOLVED,115721,2304,0,0,113417,INR,2026-08-14T23:53:00Z,HOLD-ESCROW
PO_B12_000180,BillDesk Settlement,SWIG-INV-563089 PO_B12_000180,113847,2461,0,0,111386,INR,2026-08-13T22:04:00Z,BATCH-SWIG-0180
PO_B12_000181,Razorpay Nodal,BLNK-INV-777698 PO_B12_000181,88885,1937,0,0,86948,INR,2026-08-14T06:26:00Z,BATCH-BLNK-0181
PO_B12_000182,PayU Enterprise,BLNK-INV-357441 PO_B12_000182,135040,2605,0,0,132435,INR,2026-08-14T10:23:00Z,BATCH-BLNK-0182
PO_B12_000183,PayU Enterprise,BKMS-INV-329703 PO_B12_000183,370756,6886,0,0,363870,INR,2026-08-14T07:15:00Z,BATCH-BKMS-0183
PO_B12_000184,BillDesk Settlement,MMTR-INV-380507 PO_B12_000184,106916,1990,0,0,104926,INR,2026-08-14T21:03:00Z,BATCH-MMTR-0184
PO_B12_000185,Cashfree Escrow,PAYT-INV-435171 PO_B12_000185,234987,5834,0,0,229153,INR,2026-08-13T19:35:00Z,BATCH-PAYT-0185
PO_B12_000186,Cashfree Escrow,SWIG-INV-277733 PO_B12_000186,38975,852,0,0,38123,INR,2026-08-14T18:19:00Z,BATCH-SWIG-0186
PO_B12_000187,BillDesk Settlement,MYNT-EXC-380642-UNRESOLVED,120530,2400,0,0,118130,INR,2026-08-15T04:46:00Z,HOLD-ESCROW
PO_B12_000188,BillDesk Settlement,NYKA-INV-355381 PO_B12_000188,95205,2133,0,0,93072,INR,2026-08-15T00:43:00Z,BATCH-NYKA-0188
PO_B12_000189,Stripe India,AMZN-INV-869258 PO_B12_000189,73244,1825,0,0,71419,INR,2026-08-13T18:20:00Z,BATCH-AMZN-0189
PO_B12_000190,BillDesk Settlement,AMZN-INV-375488 PO_B12_000190,110044,1795,0,0,108249,INR,2026-08-14T12:10:00Z,BATCH-AMZN-0190
PO_B12_000191,Razorpay Nodal,BKMS-INV-969656 PO_B12_000191,162468,3933,0,0,158535,INR,2026-08-14T01:50:00Z,BATCH-BKMS-0191
PO_B12_000192,Stripe India,MMTR-INV-201021 PO_B12_000192,261352,4820,0,0,256532,INR,2026-08-14T00:13:00Z,BATCH-MMTR-0192
PO_B12_000193,Razorpay Nodal,PHNP-ORD-942861 PHNP-ORD-212480 PHNP-ORD-905178 BATCH-PHNP-0193,356392,7127,0,0,349265,INR,2026-08-14T15:31:00Z,BATCH-PHNP-0193
PO_B12_000194,PayU Enterprise,BKMS-INV-497550 PO_B12_000194,445185,8961,0,0,436224,INR,2026-08-13T16:07:00Z,BATCH-BKMS-0194
PO_B12_000195,Cashfree Escrow,NYKA-INV-795615 PO_B12_000195,244570,4690,0,0,239880,INR,2026-08-14T16:03:00Z,BATCH-NYKA-0195
PO_B12_000196,Stripe India,ZOMA-INV-498597 PO_B12_000196,217842,3634,0,0,214208,INR,2026-08-14T06:05:00Z,BATCH-ZOMA-0196
PO_B12_000197,Stripe India,UBER-INV-766264 PO_B12_000197,131639,3065,0,0,128574,INR,2026-08-14T02:02:00Z,BATCH-UBER-0197
PO_B12_000198,Cashfree Escrow,BKMS-INV-582633 PO_B12_000198,441195,10936,0,0,430259,INR,2026-08-14T21:03:00Z,BATCH-BKMS-0198
PO_B12_000199,PayU Enterprise,FLPK-INV-165436 PO_B12_000199,199192,3778,0,0,195414,INR,2026-08-14T12:56:00Z,BATCH-FLPK-0199
PO_B12_000200,PayU Enterprise,TATA-INV-245494 PO_B12_000200,152741,2975,0,0,149766,INR,2026-08-14T04:47:00Z,BATCH-TATA-0200
PO_B12_000201,Stripe India,UBER-ORD-310563 UBER-ORD-762678 BATCH-UBER-0201,222412,4448,0,0,217964,INR,2026-08-13T23:55:00Z,BATCH-UBER-0201
PO_B12_000202,Cashfree Escrow,BKMS-INV-642487 PO_B12_000202,346605,6528,0,0,340077,INR,2026-08-14T09:46:00Z,BATCH-BKMS-0202
PO_B12_000203,Razorpay Nodal,PAYT-EXC-670307-UNRESOLVED,161446,3218,0,0,158228,INR,2026-08-15T08:55:00Z,HOLD-ESCROW
PO_B12_000204,Razorpay Nodal,TATA-ORD-836574 TATA-ORD-593441 BATCH-TATA-0204,402537,8050,0,0,394487,INR,2026-08-14T12:07:00Z,BATCH-TATA-0204
PO_B12_000205,Razorpay Nodal,NYKA-INV-949663 PO_B12_000205,36695,699,0,0,35996,INR,2026-08-14T00:50:00Z,BATCH-NYKA-0205
PO_B12_000206,BillDesk Settlement,MYNT-INV-775776 PO_B12_000206,347510,7149,0,0,340361,INR,2026-08-13T23:18:00Z,BATCH-MYNT-0206
PO_B12_000207,BillDesk Settlement,TATA-INV-618132 PO_B12_000207,79519,1755,0,0,77764,INR,2026-08-14T04:57:00Z,BATCH-TATA-0207
PO_B12_000208,Razorpay Nodal,BBAS-INV-637780 PO_B12_000208,150542,2388,0,0,148154,INR,2026-08-14T21:27:00Z,BATCH-BBAS-0208
PO_B12_000209,Stripe India,ZOMA-INV-652539 PO_B12_000209,389518,6830,0,0,382688,INR,2026-08-14T00:09:00Z,BATCH-ZOMA-0209
PO_B12_000210,BillDesk Settlement,BKMS-INV-316531 PO_B12_000210,294263,5652,0,0,288611,INR,2026-08-14T07:39:00Z,BATCH-BKMS-0210
PO_B12_000211,BillDesk Settlement,MMTR-INV-504243 PO_B12_000211,270467,5442,0,0,265025,INR,2026-08-14T06:51:00Z,BATCH-MMTR-0211
PO_B12_000212,Stripe India,PHNP-INV-263904 PO_B12_000212,201048,3329,0,0,197719,INR,2026-08-14T00:09:00Z,BATCH-PHNP-0212
PO_B12_000213,Stripe India,OLAA-EXC-848053-UNRESOLVED,56668,1123,0,0,55545,INR,2026-08-14T21:48:00Z,HOLD-ESCROW
PO_B12_000214,Razorpay Nodal,MYNT-ORD-232117 MYNT-ORD-636590 BATCH-MYNT-0214,346688,6933,0,0,339755,INR,2026-08-13T21:04:00Z,BATCH-MYNT-0214
PO_B12_000215,PayU Enterprise,AMZN-INV-135373 PO_B12_000215,256229,4104,0,0,252125,INR,2026-08-14T22:28:00Z,BATCH-AMZN-0215
PO_B12_000216,PayU Enterprise,PAYT-ORD-901643 PAYT-ORD-438258 BATCH-PAYT-0216,251475,5029,0,0,246446,INR,2026-08-14T13:34:00Z,BATCH-PAYT-0216
PO_B12_000217,Razorpay Nodal,TATA-INV-861089 PO_B12_000217,384847,7938,0,0,376909,INR,2026-08-14T11:15:00Z,BATCH-TATA-0217
PO_B12_000218,BillDesk Settlement,PHNP-ORD-896404 PHNP-ORD-545308 PHNP-ORD-210780 BATCH-PHNP-0218,232115,4642,0,0,227473,INR,2026-08-14T12:52:00Z,BATCH-PHNP-0218
PO_B12_000219,Razorpay Nodal,OLAA-INV-368698 PO_B12_000219,388474,9384,0,0,379090,INR,2026-08-14T03:01:00Z,BATCH-OLAA-0219
PO_B12_000220,Razorpay Nodal,OLAA-INV-404038 PO_B12_000220,442739,7027,0,0,435712,INR,2026-08-14T08:25:00Z,BATCH-OLAA-0220
PO_B12_000221,PayU Enterprise,AMZN-EXC-581354-UNRESOLVED,103691,2063,0,0,101628,INR,2026-08-15T08:13:00Z,HOLD-ESCROW
PO_B12_000222,Stripe India,PAYT-ORD-882748 PAYT-ORD-992024 BATCH-PAYT-0222,304291,6085,0,0,298206,INR,2026-08-14T09:21:00Z,BATCH-PAYT-0222
PO_B12_000223,Cashfree Escrow,AMZN-ORD-565350 AMZN-ORD-200334 BATCH-AMZN-0223,179272,3585,0,0,175687,INR,2026-08-14T09:32:00Z,BATCH-AMZN-0223
PO_B12_000224,Stripe India,JIOO-INV-722628 PO_B12_000224,236266,5251,0,0,231015,INR,2026-08-14T19:39:00Z,BATCH-JIOO-0224
PO_B12_000225,PayU Enterprise,ZOMA-INV-510430 PO_B12_000225,179986,3595,0,0,176391,INR,2026-08-14T14:33:00Z,BATCH-ZOMA-0225
PO_B12_000226,BillDesk Settlement,BKMS-INV-615878 PO_B12_000226,71629,1215,0,0,70414,INR,2026-08-14T12:44:00Z,BATCH-BKMS-0226
PO_B12_000227,BillDesk Settlement,OLAA-ORD-170716 OLAA-ORD-582223 OLAA-ORD-449527 BATCH-OLAA-0227,290669,5813,0,0,284856,INR,2026-08-14T02:59:00Z,BATCH-OLAA-0227
PO_B12_000228,PayU Enterprise,PHNP-INV-929245 PO_B12_000228,111571,1942,0,0,109629,INR,2026-08-14T05:46:00Z,BATCH-PHNP-0228
PO_B12_000229,Cashfree Escrow,BKMS-ORD-789794 BKMS-ORD-282094 BKMS-ORD-811973 BATCH-BKMS-0229,132844,2656,0,0,130188,INR,2026-08-14T00:57:00Z,BATCH-BKMS-0229
PO_B12_000230,BillDesk Settlement,BKMS-INV-631237 PO_B12_000230,387582,6522,0,0,381060,INR,2026-08-14T13:25:00Z,BATCH-BKMS-0230
PO_B12_000231,Razorpay Nodal,SWIG-INV-982535 PO_B12_000231,31200,759,0,0,30441,INR,2026-08-14T03:21:00Z,BATCH-SWIG-0231
PO_B12_000232,Cashfree Escrow,BLNK-INV-874313 PO_B12_000232,401858,9596,0,0,392262,INR,2026-08-14T15:05:00Z,BATCH-BLNK-0232
PO_B12_000233,PayU Enterprise,PHNP-ORD-479414 PHNP-ORD-304967 BATCH-PHNP-0233,378610,7572,0,0,371038,INR,2026-08-14T02:01:00Z,BATCH-PHNP-0233
PO_B12_000234,PayU Enterprise,ZOMA-INV-772056 PO_B12_000234,402489,6253,0,0,396236,INR,2026-08-14T16:04:00Z,BATCH-ZOMA-0234
PO_B12_000235,Stripe India,OLAA-ORD-430690 OLAA-ORD-520472 OLAA-ORD-675693 BATCH-OLAA-0235,395970,7919,0,0,388051,INR,2026-08-14T01:53:00Z,BATCH-OLAA-0235
PO_B12_000236,PayU Enterprise,PHNP-INV-949439 PO_B12_000236,324319,7474,0,0,316845,INR,2026-08-14T12:35:00Z,BATCH-PHNP-0236
PO_B12_000237,PayU Enterprise,OLAA-ORD-451933 OLAA-ORD-921111 BATCH-OLAA-0237,402197,8043,0,0,394154,INR,2026-08-14T12:38:00Z,BATCH-OLAA-0237
PO_B12_000238,Cashfree Escrow,FLPK-INV-767663 PO_B12_000238,41364,745,0,0,40619,INR,2026-08-14T11:40:00Z,BATCH-FLPK-0238
PO_B12_000239,PayU Enterprise,FLPK-INV-399659 PO_B12_000239,148637,3532,0,0,145105,INR,2026-08-14T20:08:00Z,BATCH-FLPK-0239
PO_B12_000240,Stripe India,FLPK-INV-663265 PO_B12_000240,336846,5309,0,0,331537,INR,2026-08-14T08:00:00Z,BATCH-FLPK-0240
PO_B12_000241,Stripe India,NYKA-INV-705300 PO_B12_000241,182850,3325,0,0,179525,INR,2026-08-14T04:02:00Z,BATCH-NYKA-0241
PO_B12_000242,Cashfree Escrow,PHNP-ORD-615506 PHNP-ORD-113547 PHNP-ORD-627579 BATCH-PHNP-0242,494321,9886,0,0,484435,INR,2026-08-14T08:59:00Z,BATCH-PHNP-0242
PO_B12_000243,Stripe India,MYNT-INV-807815 PO_B12_000243,326785,5927,0,0,320858,INR,2026-08-14T09:10:00Z,BATCH-MYNT-0243
PO_B12_000244,BillDesk Settlement,JIOO-ORD-344758 JIOO-ORD-409789 BATCH-JIOO-0244,197610,3952,0,0,193658,INR,2026-08-14T20:24:00Z,BATCH-JIOO-0244
PO_B12_000245,Razorpay Nodal,SWIG-INV-824040 PO_B12_000245,83434,1368,0,0,82066,INR,2026-08-14T04:08:00Z,BATCH-SWIG-0245
PO_B12_000246,Cashfree Escrow,ZOMA-EXC-692160-UNRESOLVED,134209,2674,0,0,131535,INR,2026-08-14T20:14:00Z,HOLD-ESCROW
PO_B12_000247,PayU Enterprise,SWIG-ORD-241565 SWIG-ORD-794582 BATCH-SWIG-0247,116756,2335,0,0,114421,INR,2026-08-14T01:02:00Z,BATCH-SWIG-0247
PO_B12_000248,Stripe India,FLPK-INV-750087 PO_B12_000248,301352,6325,0,0,295027,INR,2026-08-13T23:27:00Z,BATCH-FLPK-0248
PO_B12_000249,Cashfree Escrow,BBAS-ORD-542145 BBAS-ORD-124797 BATCH-BBAS-0249,248051,4961,0,0,243090,INR,2026-08-14T04:48:00Z,BATCH-BBAS-0249
PO_B12_000250,Razorpay Nodal,TATA-INV-649165 PO_B12_000250,284099,4958,0,0,279141,INR,2026-08-14T03:52:00Z,BATCH-TATA-0250
PO_B12_000251,Cashfree Escrow,FLPK-ORD-236966 FLPK-ORD-202004 FLPK-ORD-319195 BATCH-FLPK-0251,345241,6904,0,0,338337,INR,2026-08-14T11:44:00Z,BATCH-FLPK-0251
PO_B12_000252,PayU Enterprise,BBAS-EXC-615543-UNRESOLVED,125547,2500,0,0,123047,INR,2026-08-14T11:34:00Z,HOLD-ESCROW
PO_B12_000253,Stripe India,BBAS-INV-139934 PO_B12_000253,220632,4351,0,0,216281,INR,2026-08-14T13:38:00Z,BATCH-BBAS-0253
PO_B12_000254,BillDesk Settlement,JIOO-INV-530381 PO_B12_000254,56014,913,0,0,55101,INR,2026-08-14T18:12:00Z,BATCH-JIOO-0254
PO_B12_000255,Razorpay Nodal,PHNP-INV-479129 PO_B12_000255,404133,9354,0,0,394779,INR,2026-08-14T12:35:00Z,BATCH-PHNP-0255
PO_B12_000256,Cashfree Escrow,ZOMA-INV-579124 PO_B12_000256,194906,3859,0,0,191047,INR,2026-08-14T12:51:00Z,BATCH-ZOMA-0256
PO_B12_000257,BillDesk Settlement,MMTR-INV-728192 PO_B12_000257,139020,3054,0,0,135966,INR,2026-08-14T18:33:00Z,BATCH-MMTR-0257
PO_B12_000258,PayU Enterprise,BBAS-INV-673884 PO_B12_000258,393178,8128,0,0,385050,INR,2026-08-14T07:50:00Z,BATCH-BBAS-0258
PO_B12_000259,PayU Enterprise,BKMS-INV-375523 PO_B12_000259,319929,7035,0,0,312894,INR,2026-08-14T06:20:00Z,BATCH-BKMS-0259
PO_B12_000260,Razorpay Nodal,PHNP-EXC-758598-UNRESOLVED,201721,4024,0,0,197697,INR,2026-08-15T03:34:00Z,HOLD-ESCROW
PO_B12_000261,Stripe India,MMTR-INV-107388 PO_B12_000261,338137,5380,0,0,332757,INR,2026-08-14T20:37:00Z,BATCH-MMTR-0261
PO_B12_000262,PayU Enterprise,UBER-INV-986686 PO_B12_000262,105062,2377,0,0,102685,INR,2026-08-14T03:51:00Z,BATCH-UBER-0262
PO_B12_000263,PayU Enterprise,JIOO-ORD-451717 JIOO-ORD-403526 BATCH-JIOO-0263,215313,4306,0,0,211007,INR,2026-08-14T13:23:00Z,BATCH-JIOO-0263
PO_B12_000264,Stripe India,OLAA-INV-315216 PO_B12_000264,227061,4331,0,0,222730,INR,2026-08-14T03:32:00Z,BATCH-OLAA-0264
PO_B12_000265,Cashfree Escrow,BKMS-INV-353726 PO_B12_000265,124776,2365,0,0,122411,INR,2026-08-14T00:35:00Z,BATCH-BKMS-0265
PO_B12_000266,Cashfree Escrow,PHNP-INV-460263 PO_B12_000266,362270,6860,0,0,355410,INR,2026-08-14T09:53:00Z,BATCH-PHNP-0266
PO_B12_000267,Cashfree Escrow,MYNT-ORD-719595 MYNT-ORD-116069 MYNT-ORD-199151 BATCH-MYNT-0267,544221,10884,0,0,533337,INR,2026-08-14T12:24:00Z,BATCH-MYNT-0267
PO_B12_000268,Cashfree Escrow,AMZN-INV-875236 PO_B12_000268,232409,5006,0,0,227403,INR,2026-08-14T08:16:00Z,BATCH-AMZN-0268
PO_B12_000269,Razorpay Nodal,BKMS-INV-603880 PO_B12_000269,83035,1657,0,0,81378,INR,2026-08-14T18:09:00Z,BATCH-BKMS-0269
PO_B12_000270,Cashfree Escrow,PAYT-ORD-289399 PAYT-ORD-631755 PAYT-ORD-528782 BATCH-PAYT-0270,516004,10320,0,0,505684,INR,2026-08-14T11:26:00Z,BATCH-PAYT-0270
PO_B12_000271,Razorpay Nodal,ZOMA-INV-452476 PO_B12_000271,420742,9761,0,0,410981,INR,2026-08-14T03:37:00Z,BATCH-ZOMA-0271
PO_B12_000272,BillDesk Settlement,PHNP-INV-386618 PO_B12_000272,39400,870,0,0,38530,INR,2026-08-13T22:07:00Z,BATCH-PHNP-0272
PO_B12_000273,Cashfree Escrow,BLNK-EXC-513569-UNRESOLVED,229381,4577,0,0,224804,INR,2026-08-15T00:29:00Z,HOLD-ESCROW
PO_B12_000274,PayU Enterprise,NYKA-ORD-538793 NYKA-ORD-454213 BATCH-NYKA-0274,404646,8092,0,0,396554,INR,2026-08-14T14:35:00Z,BATCH-NYKA-0274
PO_B12_000275,Stripe India,OLAA-ORD-500346 OLAA-ORD-946861 BATCH-OLAA-0275,281541,5630,0,0,275911,INR,2026-08-14T06:07:00Z,BATCH-OLAA-0275
PO_B12_000276,BillDesk Settlement,PHNP-ORD-953728 PHNP-ORD-174560 BATCH-PHNP-0276,388351,7767,0,0,380584,INR,2026-08-14T17:16:00Z,BATCH-PHNP-0276
PO_B12_000277,Stripe India,UBER-INV-126933 PO_B12_000277,59159,1427,0,0,57732,INR,2026-08-14T15:07:00Z,BATCH-UBER-0277
PO_B12_000278,Razorpay Nodal,PAYT-INV-964952 PO_B12_000278,323337,7700,0,0,315637,INR,2026-08-14T04:08:00Z,BATCH-PAYT-0278
PO_B12_000279,PayU Enterprise,BLNK-INV-896490 PO_B12_000279,419773,6494,0,0,413279,INR,2026-08-14T17:46:00Z,BATCH-BLNK-0279
PO_B12_000280,Razorpay Nodal,SWIG-INV-167169 PO_B12_000280,231357,5715,0,0,225642,INR,2026-08-14T00:21:00Z,BATCH-SWIG-0280
PO_B12_000281,Stripe India,MMTR-INV-158364 PO_B12_000281,204921,3690,0,0,201231,INR,2026-08-14T03:27:00Z,BATCH-MMTR-0281
PO_B12_000282,BillDesk Settlement,BBAS-ORD-600483 BBAS-ORD-826673 BBAS-ORD-796470 BATCH-BBAS-0282,549894,10997,0,0,538897,INR,2026-08-14T19:52:00Z,BATCH-BBAS-0282
PO_B12_000283,PayU Enterprise,PHNP-INV-724563 PO_B12_000283,219194,4524,0,0,214670,INR,2026-08-14T03:00:00Z,BATCH-PHNP-0283
PO_B12_000284,Razorpay Nodal,AMZN-INV-933347 PO_B12_000284,130739,2748,0,0,127991,INR,2026-08-13T16:43:00Z,BATCH-AMZN-0284
PO_B12_000285,Cashfree Escrow,ZOMA-ORD-504144 ZOMA-ORD-118670 ZOMA-ORD-231132 BATCH-ZOMA-0285,483561,9671,0,0,473890,INR,2026-08-14T03:24:00Z,BATCH-ZOMA-0285
PO_B12_000286,Cashfree Escrow,ZOMA-INV-387152 PO_B12_000286,90301,2128,0,0,88173,INR,2026-08-14T04:47:00Z,BATCH-ZOMA-0286
PO_B12_000287,BillDesk Settlement,MMTR-EXC-281316-UNRESOLVED,147039,2930,0,0,144109,INR,2026-08-14T21:13:00Z,HOLD-ESCROW
PO_B12_000288,BillDesk Settlement,ZOMA-INV-591752 PO_B12_000288,30398,540,0,0,29858,INR,2026-08-14T09:09:00Z,BATCH-ZOMA-0288
PO_B12_000289,BillDesk Settlement,BBAS-INV-780414 PO_B12_000289,205872,4710,0,0,201162,INR,2026-08-13T19:56:00Z,BATCH-BBAS-0289
PO_B12_000290,BillDesk Settlement,ZOMA-INV-954126 PO_B12_000290,401102,8994,0,0,392108,INR,2026-08-14T05:57:00Z,BATCH-ZOMA-0290
PO_B12_000291,BillDesk Settlement,BLNK-ORD-360198 BLNK-ORD-102913 BATCH-BLNK-0291,199412,3988,0,0,195424,INR,2026-08-14T03:57:00Z,BATCH-BLNK-0291
PO_B12_000292,Razorpay Nodal,UBER-ORD-750559 UBER-ORD-287254 UBER-ORD-991151 BATCH-UBER-0292,498973,9979,0,0,488994,INR,2026-08-14T17:34:00Z,BATCH-UBER-0292
PO_B12_000293,Stripe India,PHNP-INV-535633 PO_B12_000293,210473,5085,0,0,205388,INR,2026-08-14T06:31:00Z,BATCH-PHNP-0293
PO_B12_000294,Razorpay Nodal,UBER-INV-960109 PO_B12_000294,376926,8967,0,0,367959,INR,2026-08-13T21:41:00Z,BATCH-UBER-0294
PO_B12_000295,Stripe India,MMTR-ORD-495265 MMTR-ORD-313369 BATCH-MMTR-0295,101046,2020,0,0,99026,INR,2026-08-14T06:28:00Z,BATCH-MMTR-0295
PO_B12_000296,PayU Enterprise,PAYT-ORD-960495 PAYT-ORD-150224 PAYT-ORD-851195 BATCH-PAYT-0296,359733,7194,0,0,352539,INR,2026-08-14T00:21:00Z,BATCH-PAYT-0296
PO_B12_000297,BillDesk Settlement,ZOMA-ORD-822093 ZOMA-ORD-340651 BATCH-ZOMA-0297,298466,5969,0,0,292497,INR,2026-08-14T18:37:00Z,BATCH-ZOMA-0297
PO_B12_000298,Razorpay Nodal,AMZN-ORD-177203 AMZN-ORD-282429 BATCH-AMZN-0298,124698,2493,0,0,122205,INR,2026-08-14T15:18:00Z,BATCH-AMZN-0298
PO_B12_000299,BillDesk Settlement,BKMS-INV-371334 PO_B12_000299,310681,5763,0,0,304918,INR,2026-08-14T21:46:00Z,BATCH-BKMS-0299
PO_B12_000300,BillDesk Settlement,PAYT-ORD-386789 PAYT-ORD-785105 BATCH-PAYT-0300,413768,8275,0,0,405493,INR,2026-08-14T15:55:00Z,BATCH-PAYT-0300
PO_B12_000301,Stripe India,SWIG-INV-696200 PO_B12_000301,259279,6105,0,0,253174,INR,2026-08-14T14:54:00Z,BATCH-SWIG-0301
PO_B12_000302,Razorpay Nodal,MYNT-INV-999853 PO_B12_000302,409870,8745,0,0,401125,INR,2026-08-13T17:53:00Z,BATCH-MYNT-0302
PO_B12_000303,BillDesk Settlement,OLAA-INV-629354 PO_B12_000303,330310,7789,0,0,322521,INR,2026-08-14T16:08:00Z,BATCH-OLAA-0303
PO_B12_000304,Razorpay Nodal,AMZN-ORD-504256 AMZN-ORD-328346 BATCH-AMZN-0304,67139,1342,0,0,65797,INR,2026-08-14T02:27:00Z,BATCH-AMZN-0304
PO_B12_000305,BillDesk Settlement,JIOO-INV-226208 PO_B12_000305,44503,721,0,0,43782,INR,2026-08-14T03:49:00Z,BATCH-JIOO-0305
PO_B12_000306,BillDesk Settlement,BKMS-INV-539530 PO_B12_000306,115160,2447,0,0,112713,INR,2026-08-14T11:56:00Z,BATCH-BKMS-0306
PO_B12_000307,PayU Enterprise,MMTR-ORD-738404 MMTR-ORD-215780 MMTR-ORD-207825 BATCH-MMTR-0307,320893,6417,0,0,314476,INR,2026-08-14T06:41:00Z,BATCH-MMTR-0307
PO_B12_000308,Cashfree Escrow,BBAS-INV-628831 PO_B12_000308,44028,991,0,0,43037,INR,2026-08-14T11:59:00Z,BATCH-BBAS-0308
PO_B12_000309,Stripe India,MMTR-INV-699915 PO_B12_000309,406710,6106,0,0,400604,INR,2026-08-14T12:29:00Z,BATCH-MMTR-0309
PO_B12_000310,Stripe India,PAYT-ORD-565147 PAYT-ORD-753829 BATCH-PAYT-0310,231035,4620,0,0,226415,INR,2026-08-14T05:11:00Z,BATCH-PAYT-0310
PO_B12_000311,PayU Enterprise,JIOO-INV-890733 PO_B12_000311,134889,3262,0,0,131627,INR,2026-08-14T21:42:00Z,BATCH-JIOO-0311
PO_B12_000312,BillDesk Settlement,ZOMA-INV-434960 PO_B12_000312,390972,9464,0,0,381508,INR,2026-08-14T18:48:00Z,BATCH-ZOMA-0312
PO_B12_000313,PayU Enterprise,BBAS-INV-828848 PO_B12_000313,309757,5991,0,0,303766,INR,2026-08-14T06:46:00Z,BATCH-BBAS-0313
PO_B12_000314,Stripe India,BLNK-INV-731020 PO_B12_000314,331169,5532,0,0,325637,INR,2026-08-13T23:09:00Z,BATCH-BLNK-0314
PO_B12_000315,BillDesk Settlement,OLAA-INV-194807 PO_B12_000315,174942,3501,0,0,171441,INR,2026-08-14T14:22:00Z,BATCH-OLAA-0315
PO_B12_000316,BillDesk Settlement,SWIG-INV-500545 PO_B12_000316,327535,8008,0,0,319527,INR,2026-08-14T01:42:00Z,BATCH-SWIG-0316
PO_B12_000317,PayU Enterprise,NYKA-INV-163103 PO_B12_000317,401137,7588,0,0,393549,INR,2026-08-15T01:22:00Z,BATCH-NYKA-0317
PO_B12_000318,Cashfree Escrow,TATA-INV-770155 PO_B12_000318,307570,4715,0,0,302855,INR,2026-08-14T15:06:00Z,BATCH-TATA-0318
PO_B12_000319,BillDesk Settlement,MMTR-ORD-530334 MMTR-ORD-572825 BATCH-MMTR-0319,214512,4290,0,0,210222,INR,2026-08-14T18:06:00Z,BATCH-MMTR-0319
PO_B12_000320,Stripe India,MMTR-EXC-511013-UNRESOLVED,155062,3091,0,0,151971,INR,2026-08-14T14:45:00Z,HOLD-ESCROW
PO_B12_000321,PayU Enterprise,PHNP-INV-345634 PO_B12_000321,36181,776,0,0,35405,INR,2026-08-14T09:00:00Z,BATCH-PHNP-0321
PO_B12_000322,BillDesk Settlement,MMTR-INV-929402 PO_B12_000322,435039,7716,0,0,427323,INR,2026-08-14T15:20:00Z,BATCH-MMTR-0322
PO_B12_000323,PayU Enterprise,FLPK-INV-925555 PO_B12_000323,108755,1704,0,0,107051,INR,2026-08-14T09:25:00Z,BATCH-FLPK-0323
PO_B12_000324,Cashfree Escrow,PHNP-INV-132490 PO_B12_000324,183692,4365,0,0,179327,INR,2026-08-13T23:45:00Z,BATCH-PHNP-0324
PO_B12_000325,Cashfree Escrow,SWIG-ORD-319180 SWIG-ORD-551944 BATCH-SWIG-0325,337328,6746,0,0,330582,INR,2026-08-13T22:02:00Z,BATCH-SWIG-0325
PO_B12_000326,BillDesk Settlement,MYNT-INV-368979 PO_B12_000326,191409,4597,0,0,186812,INR,2026-08-14T01:41:00Z,BATCH-MYNT-0326
PO_B12_000327,Cashfree Escrow,PAYT-INV-750561 PO_B12_000327,229725,5028,0,0,224697,INR,2026-08-14T19:00:00Z,BATCH-PAYT-0327
PO_B12_000328,Cashfree Escrow,PAYT-INV-131813 PO_B12_000328,231676,3634,0,0,228042,INR,2026-08-14T16:32:00Z,BATCH-PAYT-0328
PO_B12_000329,Razorpay Nodal,TATA-INV-329774 PO_B12_000329,112873,1928,0,0,110945,INR,2026-08-14T08:48:00Z,BATCH-TATA-0329
PO_B12_000330,Cashfree Escrow,MMTR-INV-212233 PO_B12_000330,152334,3352,0,0,148982,INR,2026-08-14T00:47:00Z,BATCH-MMTR-0330
PO_B12_000331,BillDesk Settlement,NYKA-INV-952961 PO_B12_000331,73803,1611,0,0,72192,INR,2026-08-14T02:34:00Z,BATCH-NYKA-0331
PO_B12_000332,PayU Enterprise,NYKA-INV-846320 PO_B12_000332,388507,8021,0,0,380486,INR,2026-08-14T06:01:00Z,BATCH-NYKA-0332
PO_B12_000333,Stripe India,BBAS-ORD-462688 BBAS-ORD-144182 BATCH-BBAS-0333,122598,2451,0,0,120147,INR,2026-08-14T09:11:00Z,BATCH-BBAS-0333
PO_B12_000334,Cashfree Escrow,ZOMA-ORD-364751 ZOMA-ORD-656039 BATCH-ZOMA-0334,391187,7823,0,0,383364,INR,2026-08-14T13:38:00Z,BATCH-ZOMA-0334
PO_B12_000335,Cashfree Escrow,FLPK-INV-117763 PO_B12_000335,292323,6297,0,0,286026,INR,2026-08-14T10:40:00Z,BATCH-FLPK-0335
PO_B12_000336,Razorpay Nodal,PAYT-ORD-410966 PAYT-ORD-450197 BATCH-PAYT-0336,92374,1847,0,0,90527,INR,2026-08-14T02:51:00Z,BATCH-PAYT-0336
PO_B12_000337,Cashfree Escrow,TATA-INV-315576 PO_B12_000337,261065,5012,0,0,256053,INR,2026-08-14T03:12:00Z,BATCH-TATA-0337
PO_B12_000338,Stripe India,ZOMA-INV-458065 PO_B12_000338,105497,1901,0,0,103596,INR,2026-08-14T09:26:00Z,BATCH-ZOMA-0338
PO_B12_000339,Razorpay Nodal,BLNK-INV-821687 PO_B12_000339,76767,1193,0,0,75574,INR,2026-08-15T00:35:00Z,BATCH-BLNK-0339
PO_B12_000340,Cashfree Escrow,MYNT-EXC-792484-UNRESOLVED,158016,3150,0,0,154866,INR,2026-08-14T13:57:00Z,HOLD-ESCROW
PO_B12_000341,Cashfree Escrow,SWIG-INV-609446 PO_B12_000341,225160,4752,0,0,220408,INR,2026-08-15T02:47:00Z,BATCH-SWIG-0341
PO_B12_000342,Stripe India,MYNT-INV-825970 PO_B12_000342,271735,5343,0,0,266392,INR,2026-08-14T12:09:00Z,BATCH-MYNT-0342
PO_B12_000343,Razorpay Nodal,MMTR-ORD-440020 MMTR-ORD-874478 BATCH-MMTR-0343,223065,4461,0,0,218604,INR,2026-08-14T18:10:00Z,BATCH-MMTR-0343
PO_B12_000344,PayU Enterprise,TATA-EXC-565684-UNRESOLVED,228112,4552,0,0,223560,INR,2026-08-15T05:52:00Z,HOLD-ESCROW
PO_B12_000345,BillDesk Settlement,ZOMA-ORD-348343 ZOMA-ORD-961802 BATCH-ZOMA-0345,283218,5664,0,0,277554,INR,2026-08-14T01:06:00Z,BATCH-ZOMA-0345
PO_B12_000346,PayU Enterprise,MMTR-INV-300205 PO_B12_000346,303409,5275,0,0,298134,INR,2026-08-14T08:41:00Z,BATCH-MMTR-0346
PO_B12_000347,Cashfree Escrow,BBAS-INV-427527 PO_B12_000347,132632,2430,0,0,130202,INR,2026-08-14T02:28:00Z,BATCH-BBAS-0347
PO_B12_000348,BillDesk Settlement,BBAS-INV-236087 PO_B12_000348,425994,10606,0,0,415388,INR,2026-08-14T01:35:00Z,BATCH-BBAS-0348
PO_B12_000349,BillDesk Settlement,NYKA-INV-656186 PO_B12_000349,30033,527,0,0,29506,INR,2026-08-14T19:55:00Z,BATCH-NYKA-0349
PO_B12_000350,BillDesk Settlement,BBAS-INV-836963 PO_B12_000350,363620,8173,0,0,355447,INR,2026-08-13T19:38:00Z,BATCH-BBAS-0350
PO_B12_000351,PayU Enterprise,PHNP-INV-366574 PO_B12_000351,396618,9285,0,0,387333,INR,2026-08-14T10:46:00Z,BATCH-PHNP-0351
PO_B12_000352,BillDesk Settlement,MYNT-INV-451914 PO_B12_000352,211102,3728,0,0,207374,INR,2026-08-13T19:12:00Z,BATCH-MYNT-0352
PO_B12_000353,Stripe India,BKMS-INV-519530 PO_B12_000353,344202,8292,0,0,335910,INR,2026-08-13T22:14:00Z,BATCH-BKMS-0353
PO_B12_000354,BillDesk Settlement,JIOO-EXC-706640-UNRESOLVED,258963,5169,0,0,253794,INR,2026-08-14T10:16:00Z,HOLD-ESCROW
PO_B12_000355,Cashfree Escrow,MYNT-ORD-964179 MYNT-ORD-279676 MYNT-ORD-448031 BATCH-MYNT-0355,135205,2704,0,0,132501,INR,2026-08-14T17:02:00Z,BATCH-MYNT-0355
PO_B12_000356,BillDesk Settlement,MYNT-INV-945768 PO_B12_000356,215056,4477,0,0,210579,INR,2026-08-13T18:46:00Z,BATCH-MYNT-0356
PO_B12_000357,Razorpay Nodal,FLPK-INV-710647 PO_B12_000357,222646,4160,0,0,218486,INR,2026-08-14T18:40:00Z,BATCH-FLPK-0357
PO_B12_000358,Razorpay Nodal,TATA-ORD-630588 TATA-ORD-769702 BATCH-TATA-0358,257819,5156,0,0,252663,INR,2026-08-14T06:59:00Z,BATCH-TATA-0358
PO_B12_000359,Razorpay Nodal,UBER-INV-837409 PO_B12_000359,236006,5417,0,0,230589,INR,2026-08-14T09:13:00Z,BATCH-UBER-0359
PO_B12_000360,BillDesk Settlement,ZOMA-INV-902396 PO_B12_000360,233685,3899,0,0,229786,INR,2026-08-15T01:16:00Z,BATCH-ZOMA-0360
PO_B12_000361,Stripe India,AMZN-INV-519105 PO_B12_000361,215155,5319,0,0,209836,INR,2026-08-14T03:27:00Z,BATCH-AMZN-0361
PO_B12_000362,Stripe India,BKMS-INV-594590 PO_B12_000362,166043,3129,0,0,162914,INR,2026-08-14T01:29:00Z,BATCH-BKMS-0362
PO_B12_000363,Stripe India,OLAA-INV-112486 PO_B12_000363,195428,3365,0,0,192063,INR,2026-08-14T21:51:00Z,BATCH-OLAA-0363
PO_B12_000364,Cashfree Escrow,PHNP-INV-121528 PO_B12_000364,373725,6673,0,0,367052,INR,2026-08-14T11:14:00Z,BATCH-PHNP-0364
PO_B12_000365,Stripe India,AMZN-INV-225284 PO_B12_000365,250354,6177,0,0,244177,INR,2026-08-14T12:20:00Z,BATCH-AMZN-0365
PO_B12_000366,PayU Enterprise,NYKA-INV-687850 PO_B12_000366,246326,4150,0,0,242176,INR,2026-08-15T02:37:00Z,BATCH-NYKA-0366
PO_B12_000367,Cashfree Escrow,BKMS-INV-373573 PO_B12_000367,282914,6411,0,0,276503,INR,2026-08-14T12:39:00Z,BATCH-BKMS-0367
PO_B12_000368,Cashfree Escrow,OLAA-INV-821377 PO_B12_000368,391704,7077,0,0,384627,INR,2026-08-13T18:36:00Z,BATCH-OLAA-0368
PO_B12_000369,Cashfree Escrow,JIOO-ORD-920486 JIOO-ORD-792587 BATCH-JIOO-0369,177741,3554,0,0,174187,INR,2026-08-14T18:20:00Z,BATCH-JIOO-0369
PO_B12_000370,BillDesk Settlement,FLPK-INV-332247 PO_B12_000370,219423,4718,0,0,214705,INR,2026-08-15T02:23:00Z,BATCH-FLPK-0370
PO_B12_000371,BillDesk Settlement,FLPK-INV-641024 PO_B12_000371,255172,6089,0,0,249083,INR,2026-08-14T06:56:00Z,BATCH-FLPK-0371
PO_B12_000372,Cashfree Escrow,MYNT-ORD-937600 MYNT-ORD-884030 BATCH-MYNT-0372,360191,7203,0,0,352988,INR,2026-08-14T08:59:00Z,BATCH-MYNT-0372
PO_B12_000373,PayU Enterprise,BBAS-ORD-409009 BBAS-ORD-317100 BATCH-BBAS-0373,176173,3523,0,0,172650,INR,2026-08-14T05:00:00Z,BATCH-BBAS-0373
PO_B12_000374,Razorpay Nodal,SWIG-ORD-674872 SWIG-ORD-264329 SWIG-ORD-233087 BATCH-SWIG-0374,661569,13231,0,0,648338,INR,2026-08-14T03:04:00Z,BATCH-SWIG-0374
PO_B12_000375,Cashfree Escrow,BLNK-INV-671677 PO_B12_000375,359954,7166,0,0,352788,INR,2026-08-13T14:13:00Z,BATCH-BLNK-0375
PO_B12_000376,BillDesk Settlement,BBAS-INV-269028 PO_B12_000376,234423,4100,0,0,230323,INR,2026-08-14T08:58:00Z,BATCH-BBAS-0376
PO_B12_000377,Stripe India,BLNK-INV-653534 PO_B12_000377,45630,1086,0,0,44544,INR,2026-08-14T18:13:00Z,BATCH-BLNK-0377
PO_B12_000378,Cashfree Escrow,SWIG-INV-886309 PO_B12_000378,126665,2030,0,0,124635,INR,2026-08-14T10:29:00Z,BATCH-SWIG-0378
PO_B12_000379,BillDesk Settlement,JIOO-INV-607254 PO_B12_000379,342793,8099,0,0,334694,INR,2026-08-14T06:50:00Z,BATCH-JIOO-0379
PO_B12_000380,Cashfree Escrow,TATA-INV-432874 PO_B12_000380,157881,2418,0,0,155463,INR,2026-08-14T02:30:00Z,BATCH-TATA-0380
PO_B12_000381,Cashfree Escrow,MMTR-INV-938317 PO_B12_000381,418309,9714,0,0,408595,INR,2026-08-14T11:44:00Z,BATCH-MMTR-0381
PO_B12_000382,Cashfree Escrow,SWIG-INV-392551 PO_B12_000382,417258,9573,0,0,407685,INR,2026-08-14T08:49:00Z,BATCH-SWIG-0382
PO_B12_000383,PayU Enterprise,MMTR-INV-936553 PO_B12_000383,136506,2072,0,0,134434,INR,2026-08-13T18:09:00Z,BATCH-MMTR-0383
PO_B12_000384,Razorpay Nodal,MMTR-INV-111429 PO_B12_000384,250049,4042,0,0,246007,INR,2026-08-14T20:12:00Z,BATCH-MMTR-0384
PO_B12_000385,Stripe India,AMZN-ORD-353537 AMZN-ORD-773195 AMZN-ORD-969748 BATCH-AMZN-0385,429381,8587,0,0,420794,INR,2026-08-14T11:43:00Z,BATCH-AMZN-0385
PO_B12_000386,BillDesk Settlement,BBAS-ORD-918393 BBAS-ORD-366679 BATCH-BBAS-0386,285899,5717,0,0,280182,INR,2026-08-14T17:22:00Z,BATCH-BBAS-0386
PO_B12_000387,BillDesk Settlement,BLNK-EXC-245313-UNRESOLVED,270848,5406,0,0,265442,INR,2026-08-14T19:53:00Z,HOLD-ESCROW
PO_B12_000388,Stripe India,PAYT-INV-363075 PO_B12_000388,165873,3401,0,0,162472,INR,2026-08-14T06:41:00Z,BATCH-PAYT-0388
PO_B12_000389,Cashfree Escrow,PAYT-ORD-111420 PAYT-ORD-384665 BATCH-PAYT-0389,340792,6815,0,0,333977,INR,2026-08-14T10:17:00Z,BATCH-PAYT-0389
PO_B12_000390,Cashfree Escrow,BKMS-INV-642777 PO_B12_000390,25649,609,0,0,25040,INR,2026-08-14T03:45:00Z,BATCH-BKMS-0390
PO_B12_000391,Stripe India,AMZN-INV-188556 PO_B12_000391,382898,6254,0,0,376644,INR,2026-08-14T06:25:00Z,BATCH-AMZN-0391
PO_B12_000392,Razorpay Nodal,PHNP-INV-420698 PO_B12_000392,397943,9601,0,0,388342,INR,2026-08-14T18:58:00Z,BATCH-PHNP-0392
PO_B12_000393,BillDesk Settlement,BBAS-ORD-913653 BBAS-ORD-367717 BBAS-ORD-687300 BATCH-BBAS-0393,293751,5875,0,0,287876,INR,2026-08-14T19:08:00Z,BATCH-BBAS-0393
PO_B12_000394,Stripe India,JIOO-INV-157667 PO_B12_000394,214592,4752,0,0,209840,INR,2026-08-14T04:54:00Z,BATCH-JIOO-0394
PO_B12_000395,BillDesk Settlement,PHNP-INV-293298 PO_B12_000395,42079,997,0,0,41082,INR,2026-08-14T08:04:00Z,BATCH-PHNP-0395
PO_B12_000396,BillDesk Settlement,ZOMA-INV-756432 PO_B12_000396,182834,2852,0,0,179982,INR,2026-08-13T23:31:00Z,BATCH-ZOMA-0396
PO_B12_000397,BillDesk Settlement,PAYT-INV-914665 PO_B12_000397,310970,4772,0,0,306198,INR,2026-08-14T09:06:00Z,BATCH-PAYT-0397
PO_B12_000398,Stripe India,NYKA-INV-379379 PO_B12_000398,78098,1262,0,0,76836,INR,2026-08-14T16:31:00Z,BATCH-NYKA-0398
PO_B12_000399,BillDesk Settlement,MYNT-INV-689505 PO_B12_000399,59886,1150,0,0,58736,INR,2026-08-14T12:53:00Z,BATCH-MYNT-0399
PO_B12_000400,PayU Enterprise,TATA-INV-403522 PO_B12_000400,142275,2745,0,0,139530,INR,2026-08-14T04:21:00Z,BATCH-TATA-0400
PO_B12_000401,Cashfree Escrow,UBER-INV-255485 PO_B12_000401,271547,6263,0,0,265284,INR,2026-08-13T20:08:00Z,BATCH-UBER-0401
PO_B12_000402,Cashfree Escrow,PAYT-ORD-220598 PAYT-ORD-653723 PAYT-ORD-191662 BATCH-PAYT-0402,380031,7600,0,0,372431,INR,2026-08-14T04:55:00Z,BATCH-PAYT-0402
PO_B12_000403,Stripe India,BKMS-INV-835417 PO_B12_000403,30066,635,0,0,29431,INR,2026-08-13T21:45:00Z,BATCH-BKMS-0403
PO_B12_000404,Stripe India,PAYT-INV-208202 PO_B12_000404,257276,4632,0,0,252644,INR,2026-08-14T13:45:00Z,BATCH-PAYT-0404
PO_B12_000405,BillDesk Settlement,BLNK-ORD-169695 BLNK-ORD-500699 BLNK-ORD-394242 BATCH-BLNK-0405,380835,7616,0,0,373219,INR,2026-08-14T00:28:00Z,BATCH-BLNK-0405
PO_B12_000406,BillDesk Settlement,JIOO-INV-603442 PO_B12_000406,189649,3305,0,0,186344,INR,2026-08-14T03:20:00Z,BATCH-JIOO-0406
PO_B12_000407,Razorpay Nodal,AMZN-INV-436378 PO_B12_000407,421812,7009,0,0,414803,INR,2026-08-14T09:24:00Z,BATCH-AMZN-0407
PO_B12_000408,Razorpay Nodal,BLNK-INV-925733 PO_B12_000408,357780,7475,0,0,350305,INR,2026-08-13T21:22:00Z,BATCH-BLNK-0408
PO_B12_000409,Razorpay Nodal,PHNP-ORD-515226 PHNP-ORD-241082 BATCH-PHNP-0409,291961,5839,0,0,286122,INR,2026-08-14T16:33:00Z,BATCH-PHNP-0409
PO_B12_000410,PayU Enterprise,UBER-INV-786667 PO_B12_000410,103186,2388,0,0,100798,INR,2026-08-13T18:45:00Z,BATCH-UBER-0410
PO_B12_000411,Cashfree Escrow,AMZN-INV-249918 PO_B12_000411,291437,5301,0,0,286136,INR,2026-08-14T14:40:00Z,BATCH-AMZN-0411
PO_B12_000412,Razorpay Nodal,BBAS-ORD-415705 BBAS-ORD-162178 BBAS-ORD-922646 BATCH-BBAS-0412,238695,4773,0,0,233922,INR,2026-08-14T20:24:00Z,BATCH-BBAS-0412
PO_B12_000413,Razorpay Nodal,SWIG-INV-118107 PO_B12_000413,202959,4602,0,0,198357,INR,2026-08-14T13:03:00Z,BATCH-SWIG-0413
PO_B12_000414,Cashfree Escrow,AMZN-INV-405008 PO_B12_000414,296916,4575,0,0,292341,INR,2026-08-15T00:28:00Z,BATCH-AMZN-0414
PO_B12_000415,BillDesk Settlement,BKMS-INV-857521 PO_B12_000415,78485,1348,0,0,77137,INR,2026-08-14T19:22:00Z,BATCH-BKMS-0415
PO_B12_000416,BillDesk Settlement,NYKA-ORD-754640 NYKA-ORD-680217 NYKA-ORD-287948 BATCH-NYKA-0416,216424,4328,0,0,212096,INR,2026-08-14T10:04:00Z,BATCH-NYKA-0416
PO_B12_000417,Razorpay Nodal,BKMS-INV-622594 PO_B12_000417,236438,5243,0,0,231195,INR,2026-08-14T06:10:00Z,BATCH-BKMS-0417
PO_B12_000418,Cashfree Escrow,BKMS-INV-295054 PO_B12_000418,55201,1257,0,0,53944,INR,2026-08-14T21:29:00Z,BATCH-BKMS-0418
PO_B12_000419,PayU Enterprise,OLAA-ORD-173373 OLAA-ORD-275240 OLAA-ORD-315491 BATCH-OLAA-0419,265986,5319,0,0,260667,INR,2026-08-14T12:01:00Z,BATCH-OLAA-0419
PO_B12_000420,Stripe India,PHNP-INV-928695 PO_B12_000420,346688,5634,0,0,341054,INR,2026-08-13T18:29:00Z,BATCH-PHNP-0420
PO_B12_000421,Stripe India,SWIG-INV-956466 PO_B12_000421,393022,9143,0,0,383879,INR,2026-08-14T11:21:00Z,BATCH-SWIG-0421
PO_B12_000422,Razorpay Nodal,UBER-INV-218393 PO_B12_000422,328390,6719,0,0,321671,INR,2026-08-14T17:11:00Z,BATCH-UBER-0422
PO_B12_000423,BillDesk Settlement,PHNP-INV-440782 PO_B12_000423,95635,2257,0,0,93378,INR,2026-08-13T21:32:00Z,BATCH-PHNP-0423
PO_B12_000424,Cashfree Escrow,JIOO-ORD-358525 JIOO-ORD-696206 JIOO-ORD-657015 BATCH-JIOO-0424,292999,5859,0,0,287140,INR,2026-08-14T01:04:00Z,BATCH-JIOO-0424
PO_B12_000425,PayU Enterprise,OLAA-INV-343837 PO_B12_000425,151614,2898,0,0,148716,INR,2026-08-14T22:11:00Z,BATCH-OLAA-0425
PO_B12_000426,PayU Enterprise,ZOMA-INV-490309 PO_B12_000426,272939,6126,0,0,266813,INR,2026-08-13T14:51:00Z,BATCH-ZOMA-0426
PO_B12_000427,Cashfree Escrow,JIOO-INV-357534 PO_B12_000427,329344,7434,0,0,321910,INR,2026-08-14T22:19:00Z,BATCH-JIOO-0427
PO_B12_000428,BillDesk Settlement,JIOO-INV-645776 PO_B12_000428,124577,2304,0,0,122273,INR,2026-08-13T22:11:00Z,BATCH-JIOO-0428
PO_B12_000429,BillDesk Settlement,UBER-ORD-612865 UBER-ORD-831928 BATCH-UBER-0429,258915,5178,0,0,253737,INR,2026-08-14T13:04:00Z,BATCH-UBER-0429
PO_B12_000430,Cashfree Escrow,PHNP-INV-521191 PO_B12_000430,155686,3358,0,0,152328,INR,2026-08-14T21:07:00Z,BATCH-PHNP-0430
PO_B12_000431,Stripe India,TATA-ORD-270570 TATA-ORD-807019 TATA-ORD-714988 BATCH-TATA-0431,534248,10684,0,0,523564,INR,2026-08-14T05:43:00Z,BATCH-TATA-0431
PO_B12_000432,Razorpay Nodal,MMTR-INV-940614 PO_B12_000432,305465,6265,0,0,299200,INR,2026-08-14T15:10:00Z,BATCH-MMTR-0432
PO_B12_000433,BillDesk Settlement,TATA-ORD-925220 TATA-ORD-582767 TATA-ORD-912044 BATCH-TATA-0433,511189,10223,0,0,500966,INR,2026-08-14T01:22:00Z,BATCH-TATA-0433
PO_B12_000434,Cashfree Escrow,JIOO-INV-929785 PO_B12_000434,52400,1053,0,0,51347,INR,2026-08-14T06:15:00Z,BATCH-JIOO-0434
PO_B12_000435,BillDesk Settlement,SWIG-INV-729254 PO_B12_000435,48287,1169,0,0,47118,INR,2026-08-14T17:11:00Z,BATCH-SWIG-0435
PO_B12_000436,BillDesk Settlement,PHNP-INV-699567 PO_B12_000436,168021,3993,0,0,164028,INR,2026-08-14T13:16:00Z,BATCH-PHNP-0436
PO_B12_000437,PayU Enterprise,MMTR-INV-640408 PO_B12_000437,280665,6885,0,0,273780,INR,2026-08-14T10:26:00Z,BATCH-MMTR-0437
PO_B12_000438,Stripe India,SWIG-INV-749800 PO_B12_000438,170675,3771,0,0,166904,INR,2026-08-14T21:17:00Z,BATCH-SWIG-0438
PO_B12_000439,Stripe India,JIOO-INV-351793 PO_B12_000439,376234,8476,0,0,367758,INR,2026-08-14T12:58:00Z,BATCH-JIOO-0439
PO_B12_000440,Razorpay Nodal,PAYT-INV-488371 PO_B12_000440,346729,8539,0,0,338190,INR,2026-08-14T04:11:00Z,BATCH-PAYT-0440
PO_B12_000441,Razorpay Nodal,JIOO-INV-429814 PO_B12_000441,211779,4323,0,0,207456,INR,2026-08-14T12:03:00Z,BATCH-JIOO-0441
PO_B12_000442,Razorpay Nodal,JIOO-INV-183932 PO_B12_000442,120166,2809,0,0,117357,INR,2026-08-14T16:40:00Z,BATCH-JIOO-0442
PO_B12_000443,Stripe India,NYKA-ORD-741707 NYKA-ORD-837382 NYKA-ORD-698683 BATCH-NYKA-0443,295865,5917,0,0,289948,INR,2026-08-14T00:14:00Z,BATCH-NYKA-0443
PO_B12_000444,Razorpay Nodal,OLAA-INV-700615 PO_B12_000444,139002,3368,0,0,135634,INR,2026-08-14T06:15:00Z,BATCH-OLAA-0444
PO_B12_000445,PayU Enterprise,SWIG-ORD-233960 SWIG-ORD-836081 BATCH-SWIG-0445,91327,1826,0,0,89501,INR,2026-08-14T14:45:00Z,BATCH-SWIG-0445
PO_B12_000446,Cashfree Escrow,PHNP-INV-970641 PO_B12_000446,446410,11001,0,0,435409,INR,2026-08-14T13:41:00Z,BATCH-PHNP-0446
PO_B12_000447,BillDesk Settlement,MYNT-INV-132044 PO_B12_000447,33547,641,0,0,32906,INR,2026-08-14T09:14:00Z,BATCH-MYNT-0447
PO_B12_000448,Stripe India,ZOMA-ORD-270321 ZOMA-ORD-643403 ZOMA-ORD-228919 BATCH-ZOMA-0448,546924,10938,0,0,535986,INR,2026-08-14T07:24:00Z,BATCH-ZOMA-0448
PO_B12_000449,Stripe India,TATA-INV-911162 PO_B12_000449,172460,4070,0,0,168390,INR,2026-08-14T18:27:00Z,BATCH-TATA-0449
PO_B12_000450,Razorpay Nodal,BLNK-INV-566213 PO_B12_000450,191727,4003,0,0,187724,INR,2026-08-14T17:46:00Z,BATCH-BLNK-0450
PO_B12_000451,Razorpay Nodal,BBAS-EXC-951877-UNRESOLVED,137713,2744,0,0,134969,INR,2026-08-15T05:26:00Z,HOLD-ESCROW
PO_B12_000452,Razorpay Nodal,UBER-INV-973866 PO_B12_000452,434400,9754,0,0,424646,INR,2026-08-14T02:37:00Z,BATCH-UBER-0452
PO_B12_000453,BillDesk Settlement,AMZN-ORD-872256 AMZN-ORD-462712 AMZN-ORD-934430 BATCH-AMZN-0453,463738,9274,0,0,454464,INR,2026-08-14T13:13:00Z,BATCH-AMZN-0453
PO_B12_000454,PayU Enterprise,FLPK-ORD-353301 FLPK-ORD-552710 FLPK-ORD-448083 BATCH-FLPK-0454,632793,12655,0,0,620138,INR,2026-08-14T02:27:00Z,BATCH-FLPK-0454
PO_B12_000455,BillDesk Settlement,TATA-INV-174329 PO_B12_000455,325730,7900,0,0,317830,INR,2026-08-14T12:20:00Z,BATCH-TATA-0455
PO_B12_000456,PayU Enterprise,SWIG-INV-814345 PO_B12_000456,344422,7213,0,0,337209,INR,2026-08-14T15:04:00Z,BATCH-SWIG-0456
PO_B12_000457,Cashfree Escrow,MMTR-EXC-379236-UNRESOLVED,281066,5611,0,0,275455,INR,2026-08-14T23:48:00Z,HOLD-ESCROW
PO_B12_000458,Stripe India,SWIG-INV-147667 PO_B12_000458,353279,5586,0,0,347693,INR,2026-08-14T02:03:00Z,BATCH-SWIG-0458
PO_B12_000459,Razorpay Nodal,OLAA-INV-490728 PO_B12_000459,251033,5295,0,0,245738,INR,2026-08-14T09:01:00Z,BATCH-OLAA-0459
PO_B12_000460,Stripe India,BKMS-INV-792161 PO_B12_000460,335652,7772,0,0,327880,INR,2026-08-14T12:06:00Z,BATCH-BKMS-0460
PO_B12_000461,Cashfree Escrow,JIOO-ORD-442110 JIOO-ORD-427044 JIOO-ORD-825075 BATCH-JIOO-0461,396961,7939,0,0,389022,INR,2026-08-14T00:56:00Z,BATCH-JIOO-0461
PO_B12_000462,PayU Enterprise,MMTR-INV-718907 PO_B12_000462,159308,3060,0,0,156248,INR,2026-08-14T04:56:00Z,BATCH-MMTR-0462
PO_B12_000463,PayU Enterprise,MMTR-INV-376954 PO_B12_000463,364498,7833,0,0,356665,INR,2026-08-13T19:01:00Z,BATCH-MMTR-0463
PO_B12_000464,Stripe India,MMTR-INV-104081 PO_B12_000464,431832,9558,0,0,422274,INR,2026-08-14T09:38:00Z,BATCH-MMTR-0464
PO_B12_000465,BillDesk Settlement,FLPK-ORD-935505 FLPK-ORD-148470 FLPK-ORD-226292 BATCH-FLPK-0465,311343,6226,0,0,305117,INR,2026-08-14T11:47:00Z,BATCH-FLPK-0465
PO_B12_000466,Cashfree Escrow,NYKA-INV-969229 PO_B12_000466,58153,1057,0,0,57096,INR,2026-08-14T23:46:00Z,BATCH-NYKA-0466
PO_B12_000467,PayU Enterprise,JIOO-ORD-927109 JIOO-ORD-533622 BATCH-JIOO-0467,318597,6371,0,0,312226,INR,2026-08-13T21:50:00Z,BATCH-JIOO-0467
PO_B12_000468,Stripe India,BKMS-INV-168034 PO_B12_000468,161157,2792,0,0,158365,INR,2026-08-13T23:00:00Z,BATCH-BKMS-0468
PO_B12_000469,BillDesk Settlement,FLPK-EXC-520693-UNRESOLVED,218260,4355,0,0,213905,INR,2026-08-15T05:15:00Z,HOLD-ESCROW
PO_B12_000470,BillDesk Settlement,NYKA-INV-888406 PO_B12_000470,146664,3196,0,0,143468,INR,2026-08-14T11:18:00Z,BATCH-NYKA-0470
PO_B12_000471,Cashfree Escrow,OLAA-INV-799838 PO_B12_000471,70637,1116,0,0,69521,INR,2026-08-13T22:02:00Z,BATCH-OLAA-0471
PO_B12_000472,Stripe India,AMZN-INV-983283 PO_B12_000472,378147,8252,0,0,369895,INR,2026-08-13T19:56:00Z,BATCH-AMZN-0472
PO_B12_000473,Stripe India,BBAS-EXC-100566-UNRESOLVED,147080,2931,0,0,144149,INR,2026-08-14T18:19:00Z,HOLD-ESCROW
PO_B12_000474,PayU Enterprise,MYNT-INV-838597 PO_B12_000474,448048,7745,0,0,440303,INR,2026-08-14T16:58:00Z,BATCH-MYNT-0474
PO_B12_000475,Razorpay Nodal,UBER-INV-778445 PO_B12_000475,55278,975,0,0,54303,INR,2026-08-14T21:21:00Z,BATCH-UBER-0475
PO_B12_000476,Cashfree Escrow,BKMS-INV-308840 PO_B12_000476,210960,3392,0,0,207568,INR,2026-08-14T16:09:00Z,BATCH-BKMS-0476
PO_B12_000477,Cashfree Escrow,OLAA-INV-772086 PO_B12_000477,196993,3116,0,0,193877,INR,2026-08-14T16:05:00Z,BATCH-OLAA-0477
PO_B12_000478,Razorpay Nodal,BKMS-INV-252781 PO_B12_000478,277700,6717,0,0,270983,INR,2026-08-14T14:46:00Z,BATCH-BKMS-0478
PO_B12_000479,Stripe India,BBAS-INV-428798 PO_B12_000479,325604,8003,0,0,317601,INR,2026-08-14T06:00:00Z,BATCH-BBAS-0479
PO_B12_000480,Stripe India,AMZN-INV-209920 PO_B12_000480,123432,2910,0,0,120522,INR,2026-08-14T06:54:00Z,BATCH-AMZN-0480
PO_B12_000481,PayU Enterprise,PAYT-INV-249372 PO_B12_000481,40184,620,0,0,39564,INR,2026-08-14T11:44:00Z,BATCH-PAYT-0481
PO_B12_000482,Stripe India,NYKA-INV-650529 PO_B12_000482,430046,8831,0,0,421215,INR,2026-08-14T07:40:00Z,BATCH-NYKA-0482
PO_B12_000483,Cashfree Escrow,TATA-INV-324094 PO_B12_000483,395918,6515,0,0,389403,INR,2026-08-14T15:54:00Z,BATCH-TATA-0483
PO_B12_000484,Razorpay Nodal,PHNP-ORD-541911 PHNP-ORD-222392 BATCH-PHNP-0484,195161,3903,0,0,191258,INR,2026-08-14T01:54:00Z,BATCH-PHNP-0484
PO_B12_000485,PayU Enterprise,FLPK-INV-784854 PO_B12_000485,414365,6255,0,0,408110,INR,2026-08-14T12:22:00Z,BATCH-FLPK-0485
PO_B12_000486,BillDesk Settlement,TATA-INV-665177 PO_B12_000486,257677,5566,0,0,252111,INR,2026-08-14T03:52:00Z,BATCH-TATA-0486
PO_B12_000487,BillDesk Settlement,PHNP-INV-907524 PO_B12_000487,361120,5560,0,0,355560,INR,2026-08-13T20:10:00Z,BATCH-PHNP-0487
PO_B12_000488,PayU Enterprise,PHNP-INV-633048 PO_B12_000488,319157,7092,0,0,312065,INR,2026-08-14T03:55:00Z,BATCH-PHNP-0488
PO_B12_000489,Stripe India,BLNK-INV-901083 PO_B12_000489,371154,6566,0,0,364588,INR,2026-08-14T18:30:00Z,BATCH-BLNK-0489
PO_B12_000490,PayU Enterprise,ZOMA-INV-289285 PO_B12_000490,99456,2361,0,0,97095,INR,2026-08-14T09:28:00Z,BATCH-ZOMA-0490
PO_B12_000491,Razorpay Nodal,UBER-INV-763395 PO_B12_000491,25346,415,0,0,24931,INR,2026-08-14T01:03:00Z,BATCH-UBER-0491
PO_B12_000492,PayU Enterprise,SWIG-ORD-139827 SWIG-ORD-103349 BATCH-SWIG-0492,294904,5898,0,0,289006,INR,2026-08-14T03:21:00Z,BATCH-SWIG-0492
PO_B12_000493,PayU Enterprise,PAYT-INV-144625 PO_B12_000493,321378,7734,0,0,313644,INR,2026-08-14T12:42:00Z,BATCH-PAYT-0493
PO_B12_000494,BillDesk Settlement,NYKA-INV-969917 PO_B12_000494,183532,4258,0,0,179274,INR,2026-08-14T01:27:00Z,BATCH-NYKA-0494
PO_B12_000495,PayU Enterprise,JIOO-INV-249585 PO_B12_000495,171848,3684,0,0,168164,INR,2026-08-14T14:04:00Z,BATCH-JIOO-0495
PO_B12_000496,PayU Enterprise,TATA-INV-223747 PO_B12_000496,266374,4118,0,0,262256,INR,2026-08-13T22:40:00Z,BATCH-TATA-0496
PO_B12_000497,PayU Enterprise,UBER-INV-261389 PO_B12_000497,427885,7689,0,0,420196,INR,2026-08-14T23:02:00Z,BATCH-UBER-0497
PO_B12_000498,BillDesk Settlement,PAYT-INV-246435 PO_B12_000498,370054,5874,0,0,364180,INR,2026-08-14T08:31:00Z,BATCH-PAYT-0498
PO_B12_000499,Stripe India,OLAA-INV-394401 PO_B12_000499,45840,739,0,0,45101,INR,2026-08-14T07:10:00Z,BATCH-OLAA-0499
PO_B12_000500,Razorpay Nodal,OLAA-INV-720400 PO_B12_000500,111400,1903,0,0,109497,INR,2026-08-14T13:00:00Z,BATCH-OLAA-0500
PO_B12_000501,Razorpay Nodal,BLNK-INV-532439 PO_B12_000501,266641,6509,0,0,260132,INR,2026-08-13T18:17:00Z,BATCH-BLNK-0501
PO_B12_000502,Razorpay Nodal,PAYT-INV-840829 PO_B12_000502,250745,5321,0,0,245424,INR,2026-08-13T23:18:00Z,BATCH-PAYT-0502
PO_B12_000503,Stripe India,BKMS-INV-894267 PO_B12_000503,365316,8864,0,0,356452,INR,2026-08-13T19:36:00Z,BATCH-BKMS-0503
PO_B12_000504,Cashfree Escrow,NYKA-INV-891393 PO_B12_000504,36992,564,0,0,36428,INR,2026-08-13T23:02:00Z,BATCH-NYKA-0504
PO_B12_000505,BillDesk Settlement,ZOMA-INV-586269 PO_B12_000505,289078,7123,0,0,281955,INR,2026-08-14T12:10:00Z,BATCH-ZOMA-0505
PO_B12_000506,BillDesk Settlement,ZOMA-ORD-112960 ZOMA-ORD-807501 BATCH-ZOMA-0506,319677,6393,0,0,313284,INR,2026-08-14T16:27:00Z,BATCH-ZOMA-0506
PO_B12_000507,BillDesk Settlement,ZOMA-INV-974895 PO_B12_000507,247911,5921,0,0,241990,INR,2026-08-14T08:22:00Z,BATCH-ZOMA-0507
PO_B12_000508,BillDesk Settlement,JIOO-INV-922551 PO_B12_000508,430473,9823,0,0,420650,INR,2026-08-14T03:58:00Z,BATCH-JIOO-0508
PO_B12_000509,PayU Enterprise,NYKA-INV-559396 PO_B12_000509,382224,6333,0,0,375891,INR,2026-08-13T17:24:00Z,BATCH-NYKA-0509
PO_B12_000510,Razorpay Nodal,OLAA-INV-689132 PO_B12_000510,88037,2134,0,0,85903,INR,2026-08-14T08:34:00Z,BATCH-OLAA-0510
PO_B12_000511,Razorpay Nodal,FLPK-INV-113985 PO_B12_000511,184386,3511,0,0,180875,INR,2026-08-14T20:20:00Z,BATCH-FLPK-0511
PO_B12_000512,Cashfree Escrow,ZOMA-ORD-342209 ZOMA-ORD-331654 BATCH-ZOMA-0512,330784,6615,0,0,324169,INR,2026-08-14T08:09:00Z,BATCH-ZOMA-0512
PO_B12_000513,BillDesk Settlement,PHNP-INV-734463 PO_B12_000513,353327,7890,0,0,345437,INR,2026-08-14T05:41:00Z,BATCH-PHNP-0513
PO_B12_000514,BillDesk Settlement,PHNP-INV-386739 PO_B12_000514,333250,5498,0,0,327752,INR,2026-08-14T19:27:00Z,BATCH-PHNP-0514
PO_B12_000515,Stripe India,NYKA-ORD-799573 NYKA-ORD-739353 NYKA-ORD-908587 BATCH-NYKA-0515,338000,6760,0,0,331240,INR,2026-08-14T16:31:00Z,BATCH-NYKA-0515
PO_B12_000516,BillDesk Settlement,JIOO-ORD-259781 JIOO-ORD-860808 JIOO-ORD-867593 BATCH-JIOO-0516,498977,9979,0,0,488998,INR,2026-08-14T13:05:00Z,BATCH-JIOO-0516
PO_B12_000517,Cashfree Escrow,FLPK-INV-693587 PO_B12_000517,359754,5926,0,0,353828,INR,2026-08-14T14:48:00Z,BATCH-FLPK-0517
PO_B12_000518,PayU Enterprise,PHNP-ORD-746566 PHNP-ORD-795487 PHNP-ORD-608623 BATCH-PHNP-0518,537108,10742,0,0,526366,INR,2026-08-14T03:33:00Z,BATCH-PHNP-0518
PO_B12_000519,BillDesk Settlement,BBAS-ORD-893947 BBAS-ORD-911932 BATCH-BBAS-0519,171948,3438,0,0,168510,INR,2026-08-14T07:35:00Z,BATCH-BBAS-0519
PO_B12_000520,BillDesk Settlement,TATA-INV-772799 PO_B12_000520,264384,4065,0,0,260319,INR,2026-08-13T21:10:00Z,BATCH-TATA-0520
PO_B12_000521,BillDesk Settlement,MMTR-ORD-299515 MMTR-ORD-132205 MMTR-ORD-740689 BATCH-MMTR-0521,484145,9682,0,0,474463,INR,2026-08-14T14:56:00Z,BATCH-MMTR-0521
PO_B12_000522,BillDesk Settlement,PHNP-ORD-932123 PHNP-ORD-513154 BATCH-PHNP-0522,304420,6088,0,0,298332,INR,2026-08-14T16:17:00Z,BATCH-PHNP-0522
PO_B12_000523,Stripe India,TATA-INV-293069 PO_B12_000523,209187,5080,0,0,204107,INR,2026-08-13T18:21:00Z,BATCH-TATA-0523
PO_B12_000524,Cashfree Escrow,BLNK-ORD-899565 BLNK-ORD-871345 BATCH-BLNK-0524,213846,4276,0,0,209570,INR,2026-08-14T19:41:00Z,BATCH-BLNK-0524
PO_B12_000525,BillDesk Settlement,OLAA-INV-652406 PO_B12_000525,359188,7924,0,0,351264,INR,2026-08-13T23:19:00Z,BATCH-OLAA-0525
PO_B12_000526,Razorpay Nodal,PAYT-INV-853939 PO_B12_000526,372253,7297,0,0,364956,INR,2026-08-14T06:47:00Z,BATCH-PAYT-0526
PO_B12_000527,Stripe India,OLAA-INV-688786 PO_B12_000527,206076,4868,0,0,201208,INR,2026-08-14T22:18:00Z,BATCH-OLAA-0527
PO_B12_000528,Cashfree Escrow,FLPK-ORD-177671 FLPK-ORD-296936 BATCH-FLPK-0528,397760,7955,0,0,389805,INR,2026-08-14T05:59:00Z,BATCH-FLPK-0528
PO_B12_000529,PayU Enterprise,MMTR-ORD-749523 MMTR-ORD-955978 BATCH-MMTR-0529,237324,4746,0,0,232578,INR,2026-08-14T04:27:00Z,BATCH-MMTR-0529
PO_B12_000530,Razorpay Nodal,MYNT-INV-245687 PO_B12_000530,415966,6910,0,0,409056,INR,2026-08-14T00:29:00Z,BATCH-MYNT-0530
PO_B12_000531,Cashfree Escrow,FLPK-INV-619818 PO_B12_000531,319624,7820,0,0,311804,INR,2026-08-14T09:56:00Z,BATCH-FLPK-0531
PO_B12_000532,PayU Enterprise,OLAA-INV-998085 PO_B12_000532,135831,2127,0,0,133704,INR,2026-08-13T20:49:00Z,BATCH-OLAA-0532
PO_B12_000533,BillDesk Settlement,MMTR-INV-707535 PO_B12_000533,191521,4651,0,0,186870,INR,2026-08-14T07:47:00Z,BATCH-MMTR-0533
PO_B12_000534,Cashfree Escrow,MMTR-INV-859943 PO_B12_000534,325400,5912,0,0,319488,INR,2026-08-14T04:01:00Z,BATCH-MMTR-0534
PO_B12_000535,Cashfree Escrow,PHNP-ORD-929793 PHNP-ORD-325954 PHNP-ORD-709133 BATCH-PHNP-0535,470624,9412,0,0,461212,INR,2026-08-14T00:30:00Z,BATCH-PHNP-0535
PO_B12_000536,PayU Enterprise,JIOO-INV-568403 PO_B12_000536,315923,7783,0,0,308140,INR,2026-08-14T13:10:00Z,BATCH-JIOO-0536
PO_B12_000537,Stripe India,BLNK-INV-451541 PO_B12_000537,380733,6583,0,0,374150,INR,2026-08-14T01:47:00Z,BATCH-BLNK-0537
PO_B12_000538,PayU Enterprise,OLAA-INV-860640 PO_B12_000538,333807,6849,0,0,326958,INR,2026-08-14T01:35:00Z,BATCH-OLAA-0538
PO_B12_000539,Cashfree Escrow,FLPK-INV-449290 PO_B12_000539,237601,5002,0,0,232599,INR,2026-08-14T15:51:00Z,BATCH-FLPK-0539
PO_B12_000540,PayU Enterprise,OLAA-INV-722922 PO_B12_000540,429436,7882,0,0,421554,INR,2026-08-13T15:40:00Z,BATCH-OLAA-0540
PO_B12_000541,BillDesk Settlement,JIOO-INV-331309 PO_B12_000541,42088,1044,0,0,41044,INR,2026-08-14T20:53:00Z,BATCH-JIOO-0541
PO_B12_000542,Razorpay Nodal,MYNT-INV-456814 PO_B12_000542,200170,3437,0,0,196733,INR,2026-08-14T04:08:00Z,BATCH-MYNT-0542
PO_B12_000543,Razorpay Nodal,BLNK-ORD-152813 BLNK-ORD-137403 BATCH-BLNK-0543,254098,5081,0,0,249017,INR,2026-08-14T18:40:00Z,BATCH-BLNK-0543
PO_B12_000544,PayU Enterprise,NYKA-ORD-102809 NYKA-ORD-166989 BATCH-NYKA-0544,72288,1445,0,0,70843,INR,2026-08-14T04:30:00Z,BATCH-NYKA-0544
PO_B12_000545,Stripe India,FLPK-INV-908072 PO_B12_000545,84640,1340,0,0,83300,INR,2026-08-14T17:43:00Z,BATCH-FLPK-0545
PO_B12_000546,Cashfree Escrow,FLPK-INV-420978 PO_B12_000546,369782,8892,0,0,360890,INR,2026-08-14T21:41:00Z,BATCH-FLPK-0546
PO_B12_000547,Cashfree Escrow,TATA-INV-287202 PO_B12_000547,344545,7696,0,0,336849,INR,2026-08-14T06:31:00Z,BATCH-TATA-0547
PO_B12_000548,Razorpay Nodal,OLAA-ORD-646471 OLAA-ORD-915124 BATCH-OLAA-0548,299659,5993,0,0,293666,INR,2026-08-14T19:51:00Z,BATCH-OLAA-0548
PO_B12_000549,Stripe India,BBAS-INV-290086 PO_B12_000549,441599,8530,0,0,433069,INR,2026-08-15T01:34:00Z,BATCH-BBAS-0549
PO_B12_000550,BillDesk Settlement,PHNP-INV-369699 PO_B12_000550,82216,1529,0,0,80687,INR,2026-08-14T16:31:00Z,BATCH-PHNP-0550
PO_B12_000551,PayU Enterprise,OLAA-INV-502585 PO_B12_000551,244247,6102,0,0,238145,INR,2026-08-14T17:55:00Z,BATCH-OLAA-0551
PO_B12_000552,Cashfree Escrow,TATA-INV-361495 PO_B12_000552,127444,1955,0,0,125489,INR,2026-08-14T03:27:00Z,BATCH-TATA-0552
PO_B12_000553,Stripe India,FLPK-INV-356501 PO_B12_000553,153101,3144,0,0,149957,INR,2026-08-14T14:01:00Z,BATCH-FLPK-0553
PO_B12_000554,BillDesk Settlement,BBAS-INV-965214 PO_B12_000554,77292,1736,0,0,75556,INR,2026-08-14T19:30:00Z,BATCH-BBAS-0554
PO_B12_000555,BillDesk Settlement,FLPK-ORD-967015 FLPK-ORD-257296 BATCH-FLPK-0555,132577,2651,0,0,129926,INR,2026-08-14T07:46:00Z,BATCH-FLPK-0555
PO_B12_000556,Cashfree Escrow,OLAA-INV-971060 PO_B12_000556,159565,2551,0,0,157014,INR,2026-08-14T11:50:00Z,BATCH-OLAA-0556
PO_B12_000557,Stripe India,PAYT-INV-570019 PO_B12_000557,250239,4533,0,0,245706,INR,2026-08-14T11:02:00Z,BATCH-PAYT-0557
PO_B12_000558,PayU Enterprise,BKMS-INV-638219 PO_B12_000558,312929,6418,0,0,306511,INR,2026-08-14T04:54:00Z,BATCH-BKMS-0558
PO_B12_000559,Cashfree Escrow,SWIG-ORD-981005 SWIG-ORD-224265 SWIG-ORD-851452 BATCH-SWIG-0559,331742,6634,0,0,325108,INR,2026-08-14T19:05:00Z,BATCH-SWIG-0559
PO_B12_000560,Stripe India,NYKA-INV-285719 PO_B12_000560,289280,6131,0,0,283149,INR,2026-08-14T04:24:00Z,BATCH-NYKA-0560
PO_B12_000561,Stripe India,OLAA-INV-763701 PO_B12_000561,238140,5073,0,0,233067,INR,2026-08-14T09:08:00Z,BATCH-OLAA-0561
PO_B12_000562,PayU Enterprise,BKMS-ORD-503642 BKMS-ORD-229744 BATCH-BKMS-0562,329064,6581,0,0,322483,INR,2026-08-14T11:33:00Z,BATCH-BKMS-0562
PO_B12_000563,Stripe India,BBAS-INV-747054 PO_B12_000563,427154,8646,0,0,418508,INR,2026-08-14T09:32:00Z,BATCH-BBAS-0563
PO_B12_000564,Cashfree Escrow,ZOMA-EXC-941171-UNRESOLVED,187065,3731,0,0,183334,INR,2026-08-14T20:45:00Z,HOLD-ESCROW
PO_B12_000565,Stripe India,BLNK-INV-501292 PO_B12_000565,187512,3326,0,0,184186,INR,2026-08-14T07:41:00Z,BATCH-BLNK-0565
PO_B12_000566,Stripe India,PAYT-INV-295040 PO_B12_000566,328859,6437,0,0,322422,INR,2026-08-14T17:27:00Z,BATCH-PAYT-0566
PO_B12_000567,Cashfree Escrow,JIOO-INV-918516 PO_B12_000567,80268,1333,0,0,78935,INR,2026-08-14T06:07:00Z,BATCH-JIOO-0567
PO_B12_000568,Stripe India,UBER-ORD-442676 UBER-ORD-193897 UBER-ORD-511049 BATCH-UBER-0568,249705,4994,0,0,244711,INR,2026-08-14T13:02:00Z,BATCH-UBER-0568
PO_B12_000569,Cashfree Escrow,NYKA-INV-266801 PO_B12_000569,313464,6001,0,0,307463,INR,2026-08-14T12:27:00Z,BATCH-NYKA-0569
PO_B12_000570,PayU Enterprise,PAYT-INV-620039 PO_B12_000570,336968,7710,0,0,329258,INR,2026-08-13T20:59:00Z,BATCH-PAYT-0570
PO_B12_000571,Cashfree Escrow,FLPK-INV-213633 PO_B12_000571,157114,2693,0,0,154421,INR,2026-08-14T04:44:00Z,BATCH-FLPK-0571
PO_B12_000572,Stripe India,AMZN-INV-947781 PO_B12_000572,97648,1932,0,0,95716,INR,2026-08-14T13:51:00Z,BATCH-AMZN-0572
PO_B12_000573,Stripe India,FLPK-INV-763458 PO_B12_000573,268131,4849,0,0,263282,INR,2026-08-14T03:43:00Z,BATCH-FLPK-0573
PO_B12_000574,PayU Enterprise,PHNP-INV-987155 PO_B12_000574,413388,8205,0,0,405183,INR,2026-08-14T02:49:00Z,BATCH-PHNP-0574
PO_B12_000575,BillDesk Settlement,BBAS-ORD-857753 BBAS-ORD-188562 BATCH-BBAS-0575,259755,5195,0,0,254560,INR,2026-08-14T07:21:00Z,BATCH-BBAS-0575
PO_B12_000576,Stripe India,BKMS-INV-241243 PO_B12_000576,236992,5590,0,0,231402,INR,2026-08-14T07:58:00Z,BATCH-BKMS-0576
PO_B12_000577,Stripe India,BBAS-INV-396900 PO_B12_000577,420399,9884,0,0,410515,INR,2026-08-14T12:16:00Z,BATCH-BBAS-0577
PO_B12_000578,PayU Enterprise,UBER-ORD-306069 UBER-ORD-694657 BATCH-UBER-0578,333548,6670,0,0,326878,INR,2026-08-14T11:31:00Z,BATCH-UBER-0578
PO_B12_000579,Razorpay Nodal,AMZN-ORD-617573 AMZN-ORD-888398 BATCH-AMZN-0579,223694,4473,0,0,219221,INR,2026-08-14T13:28:00Z,BATCH-AMZN-0579
PO_B12_000580,Cashfree Escrow,UBER-INV-676901 PO_B12_000580,305024,5223,0,0,299801,INR,2026-08-14T22:34:00Z,BATCH-UBER-0580
PO_B12_000581,Stripe India,FLPK-INV-621595 PO_B12_000581,161088,2577,0,0,158511,INR,2026-08-13T22:50:00Z,BATCH-FLPK-0581
PO_B12_000582,Cashfree Escrow,SWIG-INV-833841 PO_B12_000582,183116,3355,0,0,179761,INR,2026-08-13T19:31:00Z,BATCH-SWIG-0582
PO_B12_000583,PayU Enterprise,BLNK-ORD-391649 BLNK-ORD-476660 BLNK-ORD-566162 BATCH-BLNK-0583,391060,7821,0,0,383239,INR,2026-08-14T03:00:00Z,BATCH-BLNK-0583
PO_B12_000584,Razorpay Nodal,UBER-ORD-318877 UBER-ORD-569303 UBER-ORD-368173 BATCH-UBER-0584,486071,9721,0,0,476350,INR,2026-08-14T13:04:00Z,BATCH-UBER-0584
PO_B12_000585,PayU Enterprise,PAYT-INV-113549 PO_B12_000585,195671,3888,0,0,191783,INR,2026-08-14T12:15:00Z,BATCH-PAYT-0585
PO_B12_000586,PayU Enterprise,JIOO-INV-271153 PO_B12_000586,332155,8253,0,0,323902,INR,2026-08-14T18:56:00Z,BATCH-JIOO-0586
PO_B12_000587,Cashfree Escrow,ZOMA-INV-266421 PO_B12_000587,117413,2692,0,0,114721,INR,2026-08-14T05:56:00Z,BATCH-ZOMA-0587
PO_B12_000588,PayU Enterprise,NYKA-ORD-363807 NYKA-ORD-949862 BATCH-NYKA-0588,255479,5109,0,0,250370,INR,2026-08-14T10:46:00Z,BATCH-NYKA-0588
PO_B12_000589,Cashfree Escrow,FLPK-INV-566778 PO_B12_000589,33172,569,0,0,32603,INR,2026-08-14T11:15:00Z,BATCH-FLPK-0589
PO_B12_000590,PayU Enterprise,PAYT-INV-542893 PO_B12_000590,132072,2653,0,0,129419,INR,2026-08-14T05:52:00Z,BATCH-PAYT-0590
PO_B12_000591,BillDesk Settlement,AMZN-INV-474069 PO_B12_000591,418925,7146,0,0,411779,INR,2026-08-14T00:51:00Z,BATCH-AMZN-0591
PO_B12_000592,Cashfree Escrow,PAYT-INV-819982 PO_B12_000592,161233,3179,0,0,158054,INR,2026-08-14T15:25:00Z,BATCH-PAYT-0592
PO_B12_000593,PayU Enterprise,OLAA-INV-337653 PO_B12_000593,314340,5170,0,0,309170,INR,2026-08-14T13:19:00Z,BATCH-OLAA-0593
PO_B12_000594,BillDesk Settlement,UBER-EXC-302989-UNRESOLVED,151450,3019,0,0,148431,INR,2026-08-15T00:09:00Z,HOLD-ESCROW
PO_B12_000595,Stripe India,MMTR-ORD-219353 MMTR-ORD-329591 MMTR-ORD-645623 BATCH-MMTR-0595,347222,6944,0,0,340278,INR,2026-08-14T18:12:00Z,BATCH-MMTR-0595
PO_B12_000596,Razorpay Nodal,OLAA-INV-320811 PO_B12_000596,36218,782,0,0,35436,INR,2026-08-14T12:19:00Z,BATCH-OLAA-0596
PO_B12_000597,PayU Enterprise,MMTR-INV-778021 PO_B12_000597,110098,2711,0,0,107387,INR,2026-08-14T07:15:00Z,BATCH-MMTR-0597
PO_B12_000598,BillDesk Settlement,ZOMA-ORD-215575 ZOMA-ORD-852913 BATCH-ZOMA-0598,229855,4597,0,0,225258,INR,2026-08-14T08:17:00Z,BATCH-ZOMA-0598
PO_B12_000599,PayU Enterprise,OLAA-ORD-416619 OLAA-ORD-246677 BATCH-OLAA-0599,209001,4180,0,0,204821,INR,2026-08-14T15:33:00Z,BATCH-OLAA-0599
PO_B12_000600,Stripe India,NYKA-EXC-417012-UNRESOLVED,236951,4729,0,0,232222,INR,2026-08-14T18:49:00Z,HOLD-ESCROW
PO_B12_000601,Stripe India,SWIG-EXC-103483-UNRESOLVED,204502,4080,0,0,200422,INR,2026-08-14T22:51:00Z,HOLD-ESCROW
PO_B12_000602,Razorpay Nodal,AMZN-ORD-683144 AMZN-ORD-334164 BATCH-AMZN-0602,362815,7256,0,0,355559,INR,2026-08-14T07:15:00Z,BATCH-AMZN-0602
PO_B12_000603,PayU Enterprise,BBAS-INV-568467 PO_B12_000603,342067,6455,0,0,335612,INR,2026-08-14T10:43:00Z,BATCH-BBAS-0603
PO_B12_000604,PayU Enterprise,SWIG-INV-183562 PO_B12_000604,147269,3232,0,0,144037,INR,2026-08-14T03:33:00Z,BATCH-SWIG-0604
PO_B12_000605,PayU Enterprise,AMZN-ORD-685887 AMZN-ORD-689499 BATCH-AMZN-0605,309744,6194,0,0,303550,INR,2026-08-14T19:34:00Z,BATCH-AMZN-0605
PO_B12_000606,PayU Enterprise,JIOO-EXC-276906-UNRESOLVED,273893,5467,0,0,268426,INR,2026-08-15T07:47:00Z,HOLD-ESCROW
PO_B12_000607,Cashfree Escrow,BKMS-INV-196573 PO_B12_000607,355321,7977,0,0,347344,INR,2026-08-14T23:18:00Z,BATCH-BKMS-0607
PO_B12_000608,BillDesk Settlement,MYNT-INV-332950 PO_B12_000608,382390,6201,0,0,376189,INR,2026-08-13T22:59:00Z,BATCH-MYNT-0608
PO_B12_000609,PayU Enterprise,JIOO-ORD-775229 JIOO-ORD-624613 BATCH-JIOO-0609,382111,7642,0,0,374469,INR,2026-08-14T17:16:00Z,BATCH-JIOO-0609
PO_B12_000610,Stripe India,OLAA-INV-316431 PO_B12_000610,349594,6198,0,0,343396,INR,2026-08-14T08:29:00Z,BATCH-OLAA-0610
PO_B12_000611,Stripe India,PAYT-ORD-122762 PAYT-ORD-617706 BATCH-PAYT-0611,253908,5078,0,0,248830,INR,2026-08-14T20:45:00Z,BATCH-PAYT-0611
PO_B12_000612,PayU Enterprise,BLNK-INV-139200 PO_B12_000612,448741,7765,0,0,440976,INR,2026-08-14T04:53:00Z,BATCH-BLNK-0612
PO_B12_000613,BillDesk Settlement,JIOO-INV-796268 PO_B12_000613,276479,6091,0,0,270388,INR,2026-08-14T15:05:00Z,BATCH-JIOO-0613
PO_B12_000614,BillDesk Settlement,PAYT-INV-199025 PO_B12_000614,276554,6561,0,0,269993,INR,2026-08-14T19:37:00Z,BATCH-PAYT-0614
PO_B12_000615,Stripe India,SWIG-INV-751310 PO_B12_000615,225115,3416,0,0,221699,INR,2026-08-14T00:33:00Z,BATCH-SWIG-0615
PO_B12_000616,BillDesk Settlement,AMZN-INV-434713 PO_B12_000616,435441,6757,0,0,428684,INR,2026-08-14T09:47:00Z,BATCH-AMZN-0616
PO_B12_000617,Cashfree Escrow,UBER-INV-301062 PO_B12_000617,29732,612,0,0,29120,INR,2026-08-14T12:10:00Z,BATCH-UBER-0617
PO_B12_000618,BillDesk Settlement,ZOMA-INV-769967 PO_B12_000618,258605,5325,0,0,253280,INR,2026-08-14T07:36:00Z,BATCH-ZOMA-0618
PO_B12_000619,PayU Enterprise,OLAA-ORD-402288 OLAA-ORD-541547 BATCH-OLAA-0619,72035,1440,0,0,70595,INR,2026-08-14T18:28:00Z,BATCH-OLAA-0619
PO_B12_000620,Cashfree Escrow,TATA-INV-954195 PO_B12_000620,180410,3045,0,0,177365,INR,2026-08-14T07:34:00Z,BATCH-TATA-0620
PO_B12_000621,PayU Enterprise,BKMS-INV-867942 PO_B12_000621,321091,7006,0,0,314085,INR,2026-08-14T13:20:00Z,BATCH-BKMS-0621
PO_B12_000622,Stripe India,UBER-ORD-700077 UBER-ORD-752886 BATCH-UBER-0622,222715,4454,0,0,218261,INR,2026-08-14T08:12:00Z,BATCH-UBER-0622
PO_B12_000623,Razorpay Nodal,BLNK-INV-964350 PO_B12_000623,32107,711,0,0,31396,INR,2026-08-14T03:25:00Z,BATCH-BLNK-0623
PO_B12_000624,BillDesk Settlement,PHNP-INV-575330 PO_B12_000624,143936,3384,0,0,140552,INR,2026-08-14T09:00:00Z,BATCH-PHNP-0624
PO_B12_000625,Stripe India,ZOMA-ORD-925424 ZOMA-ORD-412102 ZOMA-ORD-462236 BATCH-ZOMA-0625,380615,7612,0,0,373003,INR,2026-08-14T17:06:00Z,BATCH-ZOMA-0625
PO_B12_000626,Stripe India,FLPK-ORD-329093 FLPK-ORD-771203 BATCH-FLPK-0626,104094,2081,0,0,102013,INR,2026-08-13T23:52:00Z,BATCH-FLPK-0626
PO_B12_000627,Stripe India,ZOMA-INV-492849 PO_B12_000627,90610,1703,0,0,88907,INR,2026-08-14T11:19:00Z,BATCH-ZOMA-0627
PO_B12_000628,Razorpay Nodal,MMTR-INV-350061 PO_B12_000628,209653,4081,0,0,205572,INR,2026-08-13T21:20:00Z,BATCH-MMTR-0628
PO_B12_000629,Razorpay Nodal,SWIG-INV-782241 PO_B12_000629,376891,8428,0,0,368463,INR,2026-08-14T10:47:00Z,BATCH-SWIG-0629
PO_B12_000630,BillDesk Settlement,AMZN-INV-562015 PO_B12_000630,229501,4764,0,0,224737,INR,2026-08-14T10:14:00Z,BATCH-AMZN-0630
PO_B12_000631,Stripe India,FLPK-ORD-210756 FLPK-ORD-338423 FLPK-ORD-902459 BATCH-FLPK-0631,313519,6270,0,0,307249,INR,2026-08-14T15:50:00Z,BATCH-FLPK-0631
PO_B12_000632,BillDesk Settlement,PHNP-INV-802439 PO_B12_000632,87451,1369,0,0,86082,INR,2026-08-14T06:01:00Z,BATCH-PHNP-0632
PO_B12_000633,PayU Enterprise,BKMS-EXC-368814-UNRESOLVED,294299,5875,0,0,288424,INR,2026-08-14T17:07:00Z,HOLD-ESCROW
PO_B12_000634,BillDesk Settlement,NYKA-INV-965872 PO_B12_000634,232425,5380,0,0,227045,INR,2026-08-14T13:45:00Z,BATCH-NYKA-0634
PO_B12_000635,PayU Enterprise,OLAA-ORD-221141 OLAA-ORD-543424 OLAA-ORD-448854 BATCH-OLAA-0635,223339,4466,0,0,218873,INR,2026-08-14T16:13:00Z,BATCH-OLAA-0635
PO_B12_000636,Razorpay Nodal,BKMS-INV-320613 PO_B12_000636,425463,6735,0,0,418728,INR,2026-08-14T09:29:00Z,BATCH-BKMS-0636
PO_B12_000637,BillDesk Settlement,TATA-INV-734053 PO_B12_000637,111740,1898,0,0,109842,INR,2026-08-14T23:41:00Z,BATCH-TATA-0637
PO_B12_000638,Razorpay Nodal,BLNK-ORD-157411 BLNK-ORD-132565 BLNK-ORD-553217 BATCH-BLNK-0638,526224,10524,0,0,515700,INR,2026-08-14T18:38:00Z,BATCH-BLNK-0638
PO_B12_000639,Razorpay Nodal,ZOMA-INV-347591 PO_B12_000639,48634,1111,0,0,47523,INR,2026-08-14T02:11:00Z,BATCH-ZOMA-0639
PO_B12_000640,Razorpay Nodal,AMZN-INV-720535 PO_B12_000640,166077,3807,0,0,162270,INR,2026-08-14T16:53:00Z,BATCH-AMZN-0640
PO_B12_000641,BillDesk Settlement,PHNP-INV-156463 PO_B12_000641,360753,5626,0,0,355127,INR,2026-08-14T13:04:00Z,BATCH-PHNP-0641
PO_B12_000642,Cashfree Escrow,OLAA-INV-289208 PO_B12_000642,166458,3892,0,0,162566,INR,2026-08-14T00:47:00Z,BATCH-OLAA-0642
PO_B12_000643,PayU Enterprise,SWIG-INV-313925 PO_B12_000643,126730,2925,0,0,123805,INR,2026-08-14T04:15:00Z,BATCH-SWIG-0643
PO_B12_000644,PayU Enterprise,AMZN-INV-172902 PO_B12_000644,245362,4720,0,0,240642,INR,2026-08-14T19:35:00Z,BATCH-AMZN-0644
PO_B12_000645,Stripe India,BLNK-INV-852554 PO_B12_000645,164647,2779,0,0,161868,INR,2026-08-14T15:51:00Z,BATCH-BLNK-0645
PO_B12_000646,Razorpay Nodal,JIOO-INV-144441 PO_B12_000646,398571,7874,0,0,390697,INR,2026-08-14T05:15:00Z,BATCH-JIOO-0646
PO_B12_000647,PayU Enterprise,JIOO-INV-152326 PO_B12_000647,286413,7156,0,0,279257,INR,2026-08-14T04:31:00Z,BATCH-JIOO-0647
PO_B12_000648,Stripe India,JIOO-INV-968171 PO_B12_000648,216596,3904,0,0,212692,INR,2026-08-14T03:40:00Z,BATCH-JIOO-0648
PO_B12_000649,Razorpay Nodal,TATA-ORD-190037 TATA-ORD-566642 BATCH-TATA-0649,260012,5200,0,0,254812,INR,2026-08-14T05:05:00Z,BATCH-TATA-0649
PO_B12_000650,Stripe India,PHNP-INV-191473 PO_B12_000650,102556,1609,0,0,100947,INR,2026-08-14T00:57:00Z,BATCH-PHNP-0650
PO_B12_000651,PayU Enterprise,NYKA-ORD-223885 NYKA-ORD-224454 NYKA-ORD-320972 BATCH-NYKA-0651,340030,6800,0,0,333230,INR,2026-08-14T15:35:00Z,BATCH-NYKA-0651
PO_B12_000652,BillDesk Settlement,TATA-ORD-166919 TATA-ORD-557641 BATCH-TATA-0652,384181,7683,0,0,376498,INR,2026-08-14T03:27:00Z,BATCH-TATA-0652
PO_B12_000653,PayU Enterprise,BLNK-ORD-174538 BLNK-ORD-900764 BLNK-ORD-967964 BATCH-BLNK-0653,436683,8733,0,0,427950,INR,2026-08-14T18:57:00Z,BATCH-BLNK-0653
PO_B12_000654,Cashfree Escrow,PAYT-INV-676451 PO_B12_000654,199467,3549,0,0,195918,INR,2026-08-14T07:19:00Z,BATCH-PAYT-0654
PO_B12_000655,Cashfree Escrow,ZOMA-INV-435928 PO_B12_000655,226496,3938,0,0,222558,INR,2026-08-14T09:16:00Z,BATCH-ZOMA-0655
PO_B12_000656,PayU Enterprise,OLAA-ORD-613781 OLAA-ORD-503368 BATCH-OLAA-0656,359019,7180,0,0,351839,INR,2026-08-13T23:44:00Z,BATCH-OLAA-0656
PO_B12_000657,Cashfree Escrow,AMZN-INV-673110 PO_B12_000657,240209,4153,0,0,236056,INR,2026-08-14T01:17:00Z,BATCH-AMZN-0657
PO_B12_000658,PayU Enterprise,MYNT-INV-106001 PO_B12_000658,344695,7325,0,0,337370,INR,2026-08-14T07:33:00Z,BATCH-MYNT-0658
PO_B12_000659,Stripe India,BKMS-INV-860704 PO_B12_000659,290592,5730,0,0,284862,INR,2026-08-13T22:58:00Z,BATCH-BKMS-0659
PO_B12_000660,PayU Enterprise,MMTR-INV-142407 PO_B12_000660,208098,4306,0,0,203792,INR,2026-08-14T10:53:00Z,BATCH-MMTR-0660
PO_B12_000661,BillDesk Settlement,MMTR-ORD-142629 MMTR-ORD-721783 BATCH-MMTR-0661,341196,6823,0,0,334373,INR,2026-08-14T00:32:00Z,BATCH-MMTR-0661
PO_B12_000662,PayU Enterprise,MMTR-INV-160597 PO_B12_000662,299952,5146,0,0,294806,INR,2026-08-14T16:38:00Z,BATCH-MMTR-0662
PO_B12_000663,Cashfree Escrow,PHNP-INV-510613 PO_B12_000663,207847,4560,0,0,203287,INR,2026-08-14T19:09:00Z,BATCH-PHNP-0663
PO_B12_000664,Cashfree Escrow,BLNK-ORD-376250 BLNK-ORD-787564 BLNK-ORD-773691 BATCH-BLNK-0664,165857,3317,0,0,162540,INR,2026-08-13T21:22:00Z,BATCH-BLNK-0664
PO_B12_000665,Razorpay Nodal,AMZN-INV-131190 PO_B12_000665,88278,1954,0,0,86324,INR,2026-08-14T00:30:00Z,BATCH-AMZN-0665
PO_B12_000666,BillDesk Settlement,TATA-ORD-601776 TATA-ORD-846818 BATCH-TATA-0666,290155,5803,0,0,284352,INR,2026-08-13T22:10:00Z,BATCH-TATA-0666
PO_B12_000667,Razorpay Nodal,OLAA-INV-315756 PO_B12_000667,157337,3720,0,0,153617,INR,2026-08-14T11:00:00Z,BATCH-OLAA-0667
PO_B12_000668,Stripe India,MYNT-INV-151555 PO_B12_000668,74360,1682,0,0,72678,INR,2026-08-14T08:00:00Z,BATCH-MYNT-0668
PO_B12_000669,Cashfree Escrow,PHNP-INV-690329 PO_B12_000669,26374,410,0,0,25964,INR,2026-08-14T08:11:00Z,BATCH-PHNP-0669
PO_B12_000670,Razorpay Nodal,PHNP-ORD-860342 PHNP-ORD-670548 BATCH-PHNP-0670,344921,6898,0,0,338023,INR,2026-08-14T18:16:00Z,BATCH-PHNP-0670
PO_B12_000671,PayU Enterprise,PHNP-INV-723498 PO_B12_000671,131405,2096,0,0,129309,INR,2026-08-14T14:31:00Z,BATCH-PHNP-0671
PO_B12_000672,PayU Enterprise,BLNK-INV-640268 PO_B12_000672,247900,4248,0,0,243652,INR,2026-08-14T10:55:00Z,BATCH-BLNK-0672
PO_B12_000673,Razorpay Nodal,NYKA-ORD-816648 NYKA-ORD-222176 NYKA-ORD-848139 BATCH-NYKA-0673,469031,9380,0,0,459651,INR,2026-08-14T02:42:00Z,BATCH-NYKA-0673
PO_B12_000674,PayU Enterprise,FLPK-INV-426908 PO_B12_000674,298418,7033,0,0,291385,INR,2026-08-14T19:56:00Z,BATCH-FLPK-0674
PO_B12_000675,Cashfree Escrow,BBAS-INV-133160 PO_B12_000675,393040,9024,0,0,384016,INR,2026-08-14T12:55:00Z,BATCH-BBAS-0675
PO_B12_000676,Stripe India,FLPK-INV-420881 PO_B12_000676,368601,8106,0,0,360495,INR,2026-08-14T08:50:00Z,BATCH-FLPK-0676
PO_B12_000677,PayU Enterprise,BBAS-INV-581843 PO_B12_000677,240575,5055,0,0,235520,INR,2026-08-13T17:04:00Z,BATCH-BBAS-0677
PO_B12_000678,Cashfree Escrow,UBER-INV-385192 PO_B12_000678,399445,9441,0,0,390004,INR,2026-08-14T14:19:00Z,BATCH-UBER-0678
PO_B12_000679,BillDesk Settlement,SWIG-ORD-332173 SWIG-ORD-730488 SWIG-ORD-263557 BATCH-SWIG-0679,437072,8741,0,0,428331,INR,2026-08-14T09:25:00Z,BATCH-SWIG-0679
PO_B12_000680,BillDesk Settlement,BKMS-INV-209923 PO_B12_000680,88648,1613,0,0,87035,INR,2026-08-13T22:07:00Z,BATCH-BKMS-0680
PO_B12_000681,PayU Enterprise,AMZN-ORD-252511 AMZN-ORD-233747 BATCH-AMZN-0681,217815,4356,0,0,213459,INR,2026-08-14T19:44:00Z,BATCH-AMZN-0681
PO_B12_000682,PayU Enterprise,MMTR-INV-599118 PO_B12_000682,381221,8594,0,0,372627,INR,2026-08-13T23:50:00Z,BATCH-MMTR-0682
PO_B12_000683,Stripe India,AMZN-ORD-271007 AMZN-ORD-501907 BATCH-AMZN-0683,118474,2369,0,0,116105,INR,2026-08-13T21:23:00Z,BATCH-AMZN-0683
PO_B12_000684,Cashfree Escrow,UBER-INV-174107 PO_B12_000684,76731,1576,0,0,75155,INR,2026-08-14T16:07:00Z,BATCH-UBER-0684
PO_B12_000685,BillDesk Settlement,SWIG-INV-589735 PO_B12_000685,419624,7627,0,0,411997,INR,2026-08-14T01:12:00Z,BATCH-SWIG-0685
PO_B12_000686,Cashfree Escrow,BBAS-INV-766517 PO_B12_000686,290195,6256,0,0,283939,INR,2026-08-14T19:30:00Z,BATCH-BBAS-0686
PO_B12_000687,Cashfree Escrow,JIOO-INV-636400 PO_B12_000687,363325,6288,0,0,357037,INR,2026-08-14T22:59:00Z,BATCH-JIOO-0687
PO_B12_000688,Cashfree Escrow,JIOO-INV-734941 PO_B12_000688,201953,3633,0,0,198320,INR,2026-08-14T05:27:00Z,BATCH-JIOO-0688
PO_B12_000689,Razorpay Nodal,AMZN-INV-882901 PO_B12_000689,340162,5529,0,0,334633,INR,2026-08-13T21:57:00Z,BATCH-AMZN-0689
PO_B12_000690,Razorpay Nodal,BKMS-INV-972513 PO_B12_000690,189920,3448,0,0,186472,INR,2026-08-13T17:18:00Z,BATCH-BKMS-0690
PO_B12_000691,PayU Enterprise,BLNK-INV-826851 PO_B12_000691,252117,4874,0,0,247243,INR,2026-08-14T11:07:00Z,BATCH-BLNK-0691
PO_B12_000692,PayU Enterprise,MYNT-INV-286932 PO_B12_000692,378490,6419,0,0,372071,INR,2026-08-14T11:04:00Z,BATCH-MYNT-0692
PO_B12_000693,PayU Enterprise,OLAA-INV-284369 PO_B12_000693,438025,8598,0,0,429427,INR,2026-08-14T04:44:00Z,BATCH-OLAA-0693
PO_B12_000694,PayU Enterprise,PAYT-INV-596150 PO_B12_000694,254565,5559,0,0,249006,INR,2026-08-14T18:10:00Z,BATCH-PAYT-0694
PO_B12_000695,BillDesk Settlement,OLAA-INV-799400 PO_B12_000695,370193,7313,0,0,362880,INR,2026-08-14T16:03:00Z,BATCH-OLAA-0695
PO_B12_000696,BillDesk Settlement,OLAA-INV-362041 PO_B12_000696,298514,5864,0,0,292650,INR,2026-08-14T08:39:00Z,BATCH-OLAA-0696
PO_B12_000697,Stripe India,MMTR-INV-358430 PO_B12_000697,168382,3415,0,0,164967,INR,2026-08-14T03:00:00Z,BATCH-MMTR-0697
PO_B12_000698,BillDesk Settlement,PAYT-INV-648170 PO_B12_000698,282419,5060,0,0,277359,INR,2026-08-14T06:23:00Z,BATCH-PAYT-0698
PO_B12_000699,Stripe India,MMTR-INV-433971 PO_B12_000699,262166,3982,0,0,258184,INR,2026-08-14T17:46:00Z,BATCH-MMTR-0699
PO_B12_000700,Stripe India,TATA-INV-344719 PO_B12_000700,28394,430,0,0,27964,INR,2026-08-14T11:17:00Z,BATCH-TATA-0700
PO_B12_000701,BillDesk Settlement,BKMS-ORD-938218 BKMS-ORD-987888 BATCH-BKMS-0701,95728,1914,0,0,93814,INR,2026-08-14T12:25:00Z,BATCH-BKMS-0701
PO_B12_000702,Cashfree Escrow,UBER-INV-480593 PO_B12_000702,45175,943,0,0,44232,INR,2026-08-14T15:37:00Z,BATCH-UBER-0702
PO_B12_000703,Cashfree Escrow,BLNK-INV-924917 PO_B12_000703,253240,6135,0,0,247105,INR,2026-08-13T21:02:00Z,BATCH-BLNK-0703
PO_B12_000704,Razorpay Nodal,UBER-INV-971194 PO_B12_000704,133496,2917,0,0,130579,INR,2026-08-14T14:04:00Z,BATCH-UBER-0704
PO_B12_000705,Stripe India,BKMS-EXC-359155-UNRESOLVED,82968,1649,0,0,81319,INR,2026-08-14T12:48:00Z,HOLD-ESCROW
PO_B12_000706,BillDesk Settlement,PHNP-INV-249504 PO_B12_000706,243472,5665,0,0,237807,INR,2026-08-14T10:31:00Z,BATCH-PHNP-0706
PO_B12_000707,Razorpay Nodal,BKMS-INV-755231 PO_B12_000707,325897,5946,0,0,319951,INR,2026-08-14T07:46:00Z,BATCH-BKMS-0707
PO_B12_000708,PayU Enterprise,AMZN-INV-585115 PO_B12_000708,430801,10726,0,0,420075,INR,2026-08-14T00:29:00Z,BATCH-AMZN-0708
PO_B12_000709,PayU Enterprise,FLPK-ORD-262773 FLPK-ORD-429858 FLPK-ORD-662904 BATCH-FLPK-0709,470112,9402,0,0,460710,INR,2026-08-14T15:01:00Z,BATCH-FLPK-0709
PO_B12_000710,Razorpay Nodal,MMTR-INV-983070 PO_B12_000710,329054,6622,0,0,322432,INR,2026-08-14T02:09:00Z,BATCH-MMTR-0710
PO_B12_000711,Razorpay Nodal,OLAA-INV-760353 PO_B12_000711,290940,4491,0,0,286449,INR,2026-08-14T15:30:00Z,BATCH-OLAA-0711
PO_B12_000712,PayU Enterprise,ZOMA-ORD-930088 ZOMA-ORD-832592 ZOMA-ORD-632069 BATCH-ZOMA-0712,431050,8621,0,0,422429,INR,2026-08-14T07:18:00Z,BATCH-ZOMA-0712
PO_B12_000713,Cashfree Escrow,UBER-INV-540746 PO_B12_000713,298168,4863,0,0,293305,INR,2026-08-13T21:19:00Z,BATCH-UBER-0713
PO_B12_000714,PayU Enterprise,SWIG-ORD-114940 SWIG-ORD-589187 BATCH-SWIG-0714,120449,2408,0,0,118041,INR,2026-08-14T02:20:00Z,BATCH-SWIG-0714
PO_B12_000715,Cashfree Escrow,PAYT-INV-786088 PO_B12_000715,440457,7494,0,0,432963,INR,2026-08-14T13:48:00Z,BATCH-PAYT-0715
PO_B12_000716,Stripe India,ZOMA-INV-619632 PO_B12_000716,91666,1559,0,0,90107,INR,2026-08-14T18:26:00Z,BATCH-ZOMA-0716
PO_B12_000717,Cashfree Escrow,BLNK-INV-692624 PO_B12_000717,344777,5942,0,0,338835,INR,2026-08-13T18:10:00Z,BATCH-BLNK-0717
PO_B12_000718,Stripe India,OLAA-INV-230395 PO_B12_000718,346487,8407,0,0,338080,INR,2026-08-13T23:43:00Z,BATCH-OLAA-0718
PO_B12_000719,Stripe India,BBAS-ORD-710648 BBAS-ORD-765160 BATCH-BBAS-0719,267574,5351,0,0,262223,INR,2026-08-14T18:47:00Z,BATCH-BBAS-0719
PO_B12_000720,Cashfree Escrow,TATA-ORD-645955 TATA-ORD-734604 BATCH-TATA-0720,312415,6248,0,0,306167,INR,2026-08-14T17:41:00Z,BATCH-TATA-0720
PO_B12_000721,BillDesk Settlement,PAYT-INV-892922 PO_B12_000721,395958,6418,0,0,389540,INR,2026-08-14T19:53:00Z,BATCH-PAYT-0721
PO_B12_000722,Razorpay Nodal,SWIG-INV-866942 PO_B12_000722,380352,7670,0,0,372682,INR,2026-08-13T17:48:00Z,BATCH-SWIG-0722
PO_B12_000723,PayU Enterprise,UBER-INV-572214 PO_B12_000723,44422,957,0,0,43465,INR,2026-08-14T13:07:00Z,BATCH-UBER-0723
PO_B12_000724,Cashfree Escrow,BBAS-INV-697780 PO_B12_000724,125260,1984,0,0,123276,INR,2026-08-14T04:07:00Z,BATCH-BBAS-0724
PO_B12_000725,Stripe India,BBAS-INV-145753 PO_B12_000725,44181,897,0,0,43284,INR,2026-08-14T07:49:00Z,BATCH-BBAS-0725
PO_B12_000726,Razorpay Nodal,FLPK-ORD-737667 FLPK-ORD-687268 FLPK-ORD-918867 BATCH-FLPK-0726,179444,3588,0,0,175856,INR,2026-08-14T09:32:00Z,BATCH-FLPK-0726
PO_B12_000727,BillDesk Settlement,BLNK-INV-232273 PO_B12_000727,62622,981,0,0,61641,INR,2026-08-14T03:05:00Z,BATCH-BLNK-0727
PO_B12_000728,BillDesk Settlement,JIOO-INV-108027 PO_B12_000728,103254,2277,0,0,100977,INR,2026-08-14T05:13:00Z,BATCH-JIOO-0728
PO_B12_000729,BillDesk Settlement,FLPK-ORD-798932 FLPK-ORD-628576 FLPK-ORD-322956 BATCH-FLPK-0729,519960,10399,0,0,509561,INR,2026-08-13T21:28:00Z,BATCH-FLPK-0729
PO_B12_000730,PayU Enterprise,AMZN-ORD-683105 AMZN-ORD-933230 AMZN-ORD-348334 BATCH-AMZN-0730,137856,2757,0,0,135099,INR,2026-08-13T23:23:00Z,BATCH-AMZN-0730
PO_B12_000731,Razorpay Nodal,BKMS-INV-937867 PO_B12_000731,326311,7213,0,0,319098,INR,2026-08-14T03:29:00Z,BATCH-BKMS-0731
PO_B12_000732,BillDesk Settlement,BKMS-INV-724704 PO_B12_000732,256316,5106,0,0,251210,INR,2026-08-14T05:29:00Z,BATCH-BKMS-0732
PO_B12_000733,PayU Enterprise,SWIG-INV-643234 PO_B12_000733,209943,5063,0,0,204880,INR,2026-08-14T01:46:00Z,BATCH-SWIG-0733
PO_B12_000734,BillDesk Settlement,AMZN-ORD-605873 AMZN-ORD-149486 BATCH-AMZN-0734,267126,5342,0,0,261784,INR,2026-08-14T02:39:00Z,BATCH-AMZN-0734
PO_B12_000735,Razorpay Nodal,UBER-ORD-270599 UBER-ORD-522700 BATCH-UBER-0735,159054,3181,0,0,155873,INR,2026-08-13T21:18:00Z,BATCH-UBER-0735
PO_B12_000736,Razorpay Nodal,JIOO-INV-872727 PO_B12_000736,258818,6187,0,0,252631,INR,2026-08-14T13:10:00Z,BATCH-JIOO-0736
PO_B12_000737,Razorpay Nodal,PHNP-INV-633265 PO_B12_000737,140694,2924,0,0,137770,INR,2026-08-14T03:09:00Z,BATCH-PHNP-0737
PO_B12_000738,Cashfree Escrow,BLNK-INV-803660 PO_B12_000738,419937,9689,0,0,410248,INR,2026-08-14T09:03:00Z,BATCH-BLNK-0738
PO_B12_000739,BillDesk Settlement,PHNP-INV-922336 PO_B12_000739,39635,716,0,0,38919,INR,2026-08-13T23:19:00Z,BATCH-PHNP-0739
PO_B12_000740,Stripe India,ZOMA-INV-277642 PO_B12_000740,411544,6656,0,0,404888,INR,2026-08-14T09:13:00Z,BATCH-ZOMA-0740
PO_B12_000741,BillDesk Settlement,AMZN-ORD-352338 AMZN-ORD-323778 AMZN-ORD-369635 BATCH-AMZN-0741,582177,11643,0,0,570534,INR,2026-08-14T13:26:00Z,BATCH-AMZN-0741
PO_B12_000742,BillDesk Settlement,ZOMA-INV-707240 PO_B12_000742,231252,5594,0,0,225658,INR,2026-08-14T10:33:00Z,BATCH-ZOMA-0742
PO_B12_000743,Cashfree Escrow,MMTR-ORD-614399 MMTR-ORD-599934 MMTR-ORD-621736 BATCH-MMTR-0743,435773,8715,0,0,427058,INR,2026-08-14T05:19:00Z,BATCH-MMTR-0743
PO_B12_000744,Razorpay Nodal,BLNK-INV-503980 PO_B12_000744,134271,2622,0,0,131649,INR,2026-08-14T13:48:00Z,BATCH-BLNK-0744
PO_B12_000745,Cashfree Escrow,PHNP-INV-862003 PO_B12_000745,401961,9564,0,0,392397,INR,2026-08-14T11:42:00Z,BATCH-PHNP-0745
PO_B12_000746,Cashfree Escrow,ZOMA-INV-975510 PO_B12_000746,239574,5252,0,0,234322,INR,2026-08-14T11:16:00Z,BATCH-ZOMA-0746
PO_B12_000747,BillDesk Settlement,SWIG-ORD-886343 SWIG-ORD-568574 BATCH-SWIG-0747,373007,7460,0,0,365547,INR,2026-08-14T16:23:00Z,BATCH-SWIG-0747
PO_B12_000748,PayU Enterprise,AMZN-ORD-858273 AMZN-ORD-186315 AMZN-ORD-757124 BATCH-AMZN-0748,543543,10870,0,0,532673,INR,2026-08-14T06:39:00Z,BATCH-AMZN-0748
PO_B12_000749,Cashfree Escrow,JIOO-INV-647299 PO_B12_000749,162692,3506,0,0,159186,INR,2026-08-14T04:18:00Z,BATCH-JIOO-0749
PO_B12_000750,Razorpay Nodal,BLNK-INV-386340 PO_B12_000750,339084,5140,0,0,333944,INR,2026-08-14T08:49:00Z,BATCH-BLNK-0750
PO_B12_000751,Cashfree Escrow,BBAS-INV-990201 PO_B12_000751,182308,3841,0,0,178467,INR,2026-08-14T06:32:00Z,BATCH-BBAS-0751
PO_B12_000752,PayU Enterprise,UBER-INV-764145 PO_B12_000752,407027,6360,0,0,400667,INR,2026-08-14T10:26:00Z,BATCH-UBER-0752
PO_B12_000753,Stripe India,SWIG-INV-480015 PO_B12_000753,326453,4907,0,0,321546,INR,2026-08-14T08:09:00Z,BATCH-SWIG-0753
PO_B12_000754,Stripe India,FLPK-ORD-360098 FLPK-ORD-895199 BATCH-FLPK-0754,142728,2854,0,0,139874,INR,2026-08-14T14:55:00Z,BATCH-FLPK-0754
PO_B12_000755,PayU Enterprise,PHNP-INV-810824 PO_B12_000755,187371,4519,0,0,182852,INR,2026-08-14T09:52:00Z,BATCH-PHNP-0755
PO_B12_000756,Stripe India,PHNP-INV-287447 PO_B12_000756,232408,5705,0,0,226703,INR,2026-08-14T07:54:00Z,BATCH-PHNP-0756
PO_B12_000757,Razorpay Nodal,TATA-INV-323886 PO_B12_000757,418832,7509,0,0,411323,INR,2026-08-14T09:39:00Z,BATCH-TATA-0757
PO_B12_000758,BillDesk Settlement,AMZN-INV-876747 PO_B12_000758,380171,6924,0,0,373247,INR,2026-08-14T04:54:00Z,BATCH-AMZN-0758
PO_B12_000759,PayU Enterprise,ZOMA-ORD-508719 ZOMA-ORD-525409 BATCH-ZOMA-0759,318566,6371,0,0,312195,INR,2026-08-14T05:29:00Z,BATCH-ZOMA-0759
PO_B12_000760,Cashfree Escrow,SWIG-ORD-493821 SWIG-ORD-355030 BATCH-SWIG-0760,231369,4627,0,0,226742,INR,2026-08-14T17:48:00Z,BATCH-SWIG-0760
PO_B12_000761,BillDesk Settlement,PAYT-INV-529509 PO_B12_000761,274261,5496,0,0,268765,INR,2026-08-14T12:40:00Z,BATCH-PAYT-0761
PO_B12_000762,Cashfree Escrow,BLNK-EXC-323769-UNRESOLVED,113049,2250,0,0,110799,INR,2026-08-14T15:47:00Z,HOLD-ESCROW
PO_B12_000763,Stripe India,AMZN-ORD-254307 AMZN-ORD-619028 BATCH-AMZN-0763,323716,6474,0,0,317242,INR,2026-08-14T05:26:00Z,BATCH-AMZN-0763
PO_B12_000764,BillDesk Settlement,AMZN-INV-511928 PO_B12_000764,426619,9570,0,0,417049,INR,2026-08-14T00:00:00Z,BATCH-AMZN-0764
PO_B12_000765,Cashfree Escrow,PHNP-ORD-716264 PHNP-ORD-346566 PHNP-ORD-371064 BATCH-PHNP-0765,252238,5044,0,0,247194,INR,2026-08-14T06:11:00Z,BATCH-PHNP-0765
PO_B12_000766,PayU Enterprise,UBER-INV-457083 PO_B12_000766,331848,6369,0,0,325479,INR,2026-08-14T19:31:00Z,BATCH-UBER-0766
PO_B12_000767,BillDesk Settlement,FLPK-INV-155335 PO_B12_000767,204121,4993,0,0,199128,INR,2026-08-14T09:29:00Z,BATCH-FLPK-0767
PO_B12_000768,BillDesk Settlement,BBAS-ORD-315675 BBAS-ORD-875276 BATCH-BBAS-0768,145751,2915,0,0,142836,INR,2026-08-14T14:55:00Z,BATCH-BBAS-0768
PO_B12_000769,BillDesk Settlement,PAYT-INV-188650 PO_B12_000769,235499,4987,0,0,230512,INR,2026-08-13T22:35:00Z,BATCH-PAYT-0769
PO_B12_000770,PayU Enterprise,AMZN-ORD-264965 AMZN-ORD-490979 BATCH-AMZN-0770,119559,2391,0,0,117168,INR,2026-08-14T02:54:00Z,BATCH-AMZN-0770
PO_B12_000771,Stripe India,MMTR-ORD-302191 MMTR-ORD-371714 MMTR-ORD-228355 BATCH-MMTR-0771,603442,12068,0,0,591374,INR,2026-08-14T09:26:00Z,BATCH-MMTR-0771
PO_B12_000772,BillDesk Settlement,PAYT-INV-344545 PO_B12_000772,234557,3627,0,0,230930,INR,2026-08-14T06:56:00Z,BATCH-PAYT-0772
PO_B12_000773,PayU Enterprise,OLAA-ORD-366903 OLAA-ORD-676557 OLAA-ORD-756605 BATCH-OLAA-0773,536851,10737,0,0,526114,INR,2026-08-14T06:41:00Z,BATCH-OLAA-0773
PO_B12_000774,Stripe India,MMTR-ORD-409433 MMTR-ORD-674332 MMTR-ORD-537884 BATCH-MMTR-0774,479859,9597,0,0,470262,INR,2026-08-14T08:12:00Z,BATCH-MMTR-0774
PO_B12_000775,Cashfree Escrow,NYKA-INV-996444 PO_B12_000775,96159,1677,0,0,94482,INR,2026-08-14T20:14:00Z,BATCH-NYKA-0775
PO_B12_000776,BillDesk Settlement,OLAA-INV-903545 PO_B12_000776,39219,673,0,0,38546,INR,2026-08-14T06:37:00Z,BATCH-OLAA-0776
PO_B12_000777,PayU Enterprise,OLAA-INV-108507 PO_B12_000777,275354,5249,0,0,270105,INR,2026-08-14T23:02:00Z,BATCH-OLAA-0777
PO_B12_000778,BillDesk Settlement,SWIG-INV-370799 PO_B12_000778,404994,9890,0,0,395104,INR,2026-08-13T21:19:00Z,BATCH-SWIG-0778
PO_B12_000779,Cashfree Escrow,PHNP-INV-903119 PO_B12_000779,413571,6505,0,0,407066,INR,2026-08-14T07:57:00Z,BATCH-PHNP-0779
PO_B12_000780,Stripe India,UBER-INV-568958 PO_B12_000780,312670,7026,0,0,305644,INR,2026-08-14T12:36:00Z,BATCH-UBER-0780
PO_B12_000781,BillDesk Settlement,BKMS-ORD-184892 BKMS-ORD-922644 BKMS-ORD-526366 BATCH-BKMS-0781,535443,10708,0,0,524735,INR,2026-08-14T01:50:00Z,BATCH-BKMS-0781
PO_B12_000782,PayU Enterprise,OLAA-ORD-133723 OLAA-ORD-662438 OLAA-ORD-865832 BATCH-OLAA-0782,333371,6667,0,0,326704,INR,2026-08-14T06:05:00Z,BATCH-OLAA-0782
PO_B12_000783,Stripe India,SWIG-INV-608109 PO_B12_000783,272348,5818,0,0,266530,INR,2026-08-14T21:09:00Z,BATCH-SWIG-0783
PO_B12_000784,Cashfree Escrow,SWIG-INV-519293 PO_B12_000784,330717,5567,0,0,325150,INR,2026-08-14T18:18:00Z,BATCH-SWIG-0784
PO_B12_000785,PayU Enterprise,BBAS-INV-970097 PO_B12_000785,229443,4161,0,0,225282,INR,2026-08-14T09:08:00Z,BATCH-BBAS-0785
PO_B12_000786,Razorpay Nodal,SWIG-ORD-110688 SWIG-ORD-898095 SWIG-ORD-426832 BATCH-SWIG-0786,487176,9743,0,0,477433,INR,2026-08-14T00:16:00Z,BATCH-SWIG-0786
PO_B12_000787,PayU Enterprise,TATA-INV-687490 PO_B12_000787,363615,8676,0,0,354939,INR,2026-08-14T07:39:00Z,BATCH-TATA-0787
PO_B12_000788,BillDesk Settlement,BBAS-INV-409748 PO_B12_000788,416565,7850,0,0,408715,INR,2026-08-14T05:52:00Z,BATCH-BBAS-0788
PO_B12_000789,PayU Enterprise,MMTR-INV-784480 PO_B12_000789,66892,1013,0,0,65879,INR,2026-08-14T08:31:00Z,BATCH-MMTR-0789
PO_B12_000790,PayU Enterprise,SWIG-INV-778342 PO_B12_000790,326600,7244,0,0,319356,INR,2026-08-14T11:09:00Z,BATCH-SWIG-0790
PO_B12_000791,BillDesk Settlement,BKMS-ORD-168558 BKMS-ORD-777977 BKMS-ORD-269263 BATCH-BKMS-0791,300426,6008,0,0,294418,INR,2026-08-14T14:51:00Z,BATCH-BKMS-0791
PO_B12_000792,Stripe India,OLAA-ORD-569410 OLAA-ORD-214123 BATCH-OLAA-0792,295961,5919,0,0,290042,INR,2026-08-14T06:05:00Z,BATCH-OLAA-0792
PO_B12_000793,PayU Enterprise,BKMS-INV-446237 PO_B12_000793,67402,1301,0,0,66101,INR,2026-08-14T00:59:00Z,BATCH-BKMS-0793
PO_B12_000794,BillDesk Settlement,UBER-INV-560911 PO_B12_000794,438065,9810,0,0,428255,INR,2026-08-14T06:01:00Z,BATCH-UBER-0794
PO_B12_000795,Cashfree Escrow,SWIG-INV-771048 PO_B12_000795,200344,4470,0,0,195874,INR,2026-08-13T22:19:00Z,BATCH-SWIG-0795
PO_B12_000796,PayU Enterprise,MMTR-ORD-216471 MMTR-ORD-320034 MMTR-ORD-109523 BATCH-MMTR-0796,413887,8277,0,0,405610,INR,2026-08-14T09:48:00Z,BATCH-MMTR-0796
PO_B12_000797,Stripe India,PAYT-EXC-243375-UNRESOLVED,164710,3284,0,0,161426,INR,2026-08-15T06:23:00Z,HOLD-ESCROW
PO_B12_000798,PayU Enterprise,AMZN-ORD-826170 AMZN-ORD-232591 BATCH-AMZN-0798,162800,3256,0,0,159544,INR,2026-08-14T08:16:00Z,BATCH-AMZN-0798
PO_B12_000799,Stripe India,BBAS-INV-637535 PO_B12_000799,438023,8772,0,0,429251,INR,2026-08-14T11:08:00Z,BATCH-BBAS-0799
PO_B12_000800,Razorpay Nodal,SWIG-INV-574556 PO_B12_000800,235705,4136,0,0,231569,INR,2026-08-14T06:49:00Z,BATCH-SWIG-0800
PO_B12_000801,Cashfree Escrow,PHNP-INV-690241 PO_B12_000801,435469,7767,0,0,427702,INR,2026-08-14T18:40:00Z,BATCH-PHNP-0801
PO_B12_000802,Stripe India,FLPK-INV-457567 PO_B12_000802,186676,4474,0,0,182202,INR,2026-08-13T23:58:00Z,BATCH-FLPK-0802
PO_B12_000803,Stripe India,BLNK-INV-860903 PO_B12_000803,405890,7575,0,0,398315,INR,2026-08-14T00:14:00Z,BATCH-BLNK-0803
PO_B12_000804,BillDesk Settlement,BKMS-INV-130427 PO_B12_000804,98007,1711,0,0,96296,INR,2026-08-15T02:06:00Z,BATCH-BKMS-0804
PO_B12_000805,Razorpay Nodal,BLNK-ORD-161125 BLNK-ORD-402090 BLNK-ORD-794927 BATCH-BLNK-0805,393453,7869,0,0,385584,INR,2026-08-13T21:12:00Z,BATCH-BLNK-0805
PO_B12_000806,Stripe India,SWIG-ORD-444966 SWIG-ORD-640049 SWIG-ORD-582669 BATCH-SWIG-0806,342751,6855,0,0,335896,INR,2026-08-14T08:50:00Z,BATCH-SWIG-0806
PO_B12_000807,Razorpay Nodal,JIOO-INV-352885 PO_B12_000807,260325,5665,0,0,254660,INR,2026-08-13T21:42:00Z,BATCH-JIOO-0807
PO_B12_000808,PayU Enterprise,ZOMA-INV-636889 PO_B12_000808,251336,4247,0,0,247089,INR,2026-08-14T17:21:00Z,BATCH-ZOMA-0808
PO_B12_000809,BillDesk Settlement,UBER-ORD-312228 UBER-ORD-334545 UBER-ORD-891808 BATCH-UBER-0809,250860,5017,0,0,245843,INR,2026-08-14T15:36:00Z,BATCH-UBER-0809
PO_B12_000810,Cashfree Escrow,OLAA-ORD-294730 OLAA-ORD-325175 BATCH-OLAA-0810,161119,3222,0,0,157897,INR,2026-08-14T01:20:00Z,BATCH-OLAA-0810
PO_B12_000811,Razorpay Nodal,BLNK-INV-481484 PO_B12_000811,331382,7537,0,0,323845,INR,2026-08-14T05:34:00Z,BATCH-BLNK-0811
PO_B12_000812,Stripe India,NYKA-INV-739746 PO_B12_000812,105362,2615,0,0,102747,INR,2026-08-14T03:27:00Z,BATCH-NYKA-0812
PO_B12_000813,Stripe India,FLPK-INV-641676 PO_B12_000813,174820,3512,0,0,171308,INR,2026-08-14T16:15:00Z,BATCH-FLPK-0813
PO_B12_000814,Stripe India,PHNP-INV-583591 PO_B12_000814,102959,2134,0,0,100825,INR,2026-08-13T18:17:00Z,BATCH-PHNP-0814
PO_B12_000815,PayU Enterprise,ZOMA-INV-880111 PO_B12_000815,405920,8877,0,0,397043,INR,2026-08-14T10:25:00Z,BATCH-ZOMA-0815
PO_B12_000816,PayU Enterprise,BKMS-INV-182375 PO_B12_000816,330593,6142,0,0,324451,INR,2026-08-14T15:06:00Z,BATCH-BKMS-0816
PO_B12_000817,BillDesk Settlement,BBAS-INV-660414 PO_B12_000817,443343,10547,0,0,432796,INR,2026-08-14T05:10:00Z,BATCH-BBAS-0817
PO_B12_000818,Stripe India,BBAS-ORD-998593 BBAS-ORD-712075 BATCH-BBAS-0818,354692,7093,0,0,347599,INR,2026-08-13T22:19:00Z,BATCH-BBAS-0818
PO_B12_000819,Stripe India,ZOMA-ORD-258004 ZOMA-ORD-335422 BATCH-ZOMA-0819,315797,6315,0,0,309482,INR,2026-08-14T02:45:00Z,BATCH-ZOMA-0819
PO_B12_000820,BillDesk Settlement,ZOMA-ORD-161051 ZOMA-ORD-772654 ZOMA-ORD-455314 BATCH-ZOMA-0820,568604,11372,0,0,557232,INR,2026-08-14T18:39:00Z,BATCH-ZOMA-0820
PO_B12_000821,BillDesk Settlement,OLAA-ORD-900355 OLAA-ORD-548018 BATCH-OLAA-0821,190319,3806,0,0,186513,INR,2026-08-14T02:57:00Z,BATCH-OLAA-0821
PO_B12_000822,BillDesk Settlement,ZOMA-INV-633579 PO_B12_000822,143127,2954,0,0,140173,INR,2026-08-13T19:27:00Z,BATCH-ZOMA-0822
PO_B12_000823,PayU Enterprise,MMTR-INV-626013 PO_B12_000823,229284,4293,0,0,224991,INR,2026-08-13T14:06:00Z,BATCH-MMTR-0823
PO_B12_000824,Stripe India,MYNT-ORD-531696 MYNT-ORD-974566 BATCH-MYNT-0824,365104,7302,0,0,357802,INR,2026-08-14T10:42:00Z,BATCH-MYNT-0824
PO_B12_000825,Razorpay Nodal,UBER-INV-317103 PO_B12_000825,419625,9941,0,0,409684,INR,2026-08-14T04:29:00Z,BATCH-UBER-0825
PO_B12_000826,Cashfree Escrow,MMTR-INV-232035 PO_B12_000826,349474,6384,0,0,343090,INR,2026-08-14T15:52:00Z,BATCH-MMTR-0826
PO_B12_000827,PayU Enterprise,MMTR-INV-993740 PO_B12_000827,96274,1744,0,0,94530,INR,2026-08-14T07:47:00Z,BATCH-MMTR-0827
PO_B12_000828,Stripe India,MMTR-ORD-521799 MMTR-ORD-749427 MMTR-ORD-858615 BATCH-MMTR-0828,391528,7830,0,0,383698,INR,2026-08-14T20:11:00Z,BATCH-MMTR-0828
PO_B12_000829,BillDesk Settlement,MMTR-INV-167259 PO_B12_000829,304080,4720,0,0,299360,INR,2026-08-14T06:17:00Z,BATCH-MMTR-0829
PO_B12_000830,Cashfree Escrow,PAYT-INV-619355 PO_B12_000830,367481,8087,0,0,359394,INR,2026-08-14T15:15:00Z,BATCH-PAYT-0830
PO_B12_000831,Stripe India,FLPK-INV-985455 PO_B12_000831,187766,4693,0,0,183073,INR,2026-08-14T23:30:00Z,BATCH-FLPK-0831
PO_B12_000832,Razorpay Nodal,AMZN-INV-610378 PO_B12_000832,254038,5080,0,0,248958,INR,2026-08-13T17:44:00Z,BATCH-AMZN-0832
PO_B12_000833,Razorpay Nodal,ZOMA-INV-736062 PO_B12_000833,278118,4220,0,0,273898,INR,2026-08-14T20:48:00Z,BATCH-ZOMA-0833
PO_B12_000834,BillDesk Settlement,ZOMA-INV-112753 PO_B12_000834,265275,6511,0,0,258764,INR,2026-08-14T10:14:00Z,BATCH-ZOMA-0834
PO_B12_000835,BillDesk Settlement,ZOMA-ORD-532797 ZOMA-ORD-740071 BATCH-ZOMA-0835,243926,4878,0,0,239048,INR,2026-08-13T23:43:00Z,BATCH-ZOMA-0835
PO_B12_000836,Razorpay Nodal,NYKA-ORD-732451 NYKA-ORD-657580 BATCH-NYKA-0836,175545,3510,0,0,172035,INR,2026-08-14T11:50:00Z,BATCH-NYKA-0836
PO_B12_000837,BillDesk Settlement,FLPK-INV-790790 PO_B12_000837,99579,1526,0,0,98053,INR,2026-08-14T02:15:00Z,BATCH-FLPK-0837
PO_B12_000838,Cashfree Escrow,FLPK-INV-471291 PO_B12_000838,296876,5041,0,0,291835,INR,2026-08-14T14:06:00Z,BATCH-FLPK-0838
PO_B12_000839,Stripe India,BLNK-ORD-319937 BLNK-ORD-962636 BATCH-BLNK-0839,234595,4691,0,0,229904,INR,2026-08-14T00:00:00Z,BATCH-BLNK-0839
PO_B12_000840,Stripe India,MYNT-INV-284717 PO_B12_000840,154291,3257,0,0,151034,INR,2026-08-14T17:24:00Z,BATCH-MYNT-0840
PO_B12_000841,BillDesk Settlement,ZOMA-INV-638134 PO_B12_000841,435728,9606,0,0,426122,INR,2026-08-14T11:28:00Z,BATCH-ZOMA-0841
PO_B12_000842,PayU Enterprise,BLNK-INV-856455 PO_B12_000842,422185,10405,0,0,411780,INR,2026-08-14T02:20:00Z,BATCH-BLNK-0842
PO_B12_000843,Cashfree Escrow,MYNT-INV-921765 PO_B12_000843,382875,8167,0,0,374708,INR,2026-08-14T08:55:00Z,BATCH-MYNT-0843
PO_B12_000844,BillDesk Settlement,OLAA-ORD-263108 OLAA-ORD-516097 OLAA-ORD-698342 BATCH-OLAA-0844,569392,11387,0,0,558005,INR,2026-08-14T07:37:00Z,BATCH-OLAA-0844
PO_B12_000845,PayU Enterprise,NYKA-INV-902703 PO_B12_000845,394216,7176,0,0,387040,INR,2026-08-14T10:23:00Z,BATCH-NYKA-0845
PO_B12_000846,Razorpay Nodal,PHNP-INV-323014 PO_B12_000846,325634,5558,0,0,320076,INR,2026-08-14T05:29:00Z,BATCH-PHNP-0846
PO_B12_000847,PayU Enterprise,FLPK-INV-835932 PO_B12_000847,411656,6640,0,0,405016,INR,2026-08-14T02:48:00Z,BATCH-FLPK-0847
PO_B12_000848,Cashfree Escrow,BLNK-INV-866788 PO_B12_000848,313811,7229,0,0,306582,INR,2026-08-13T23:38:00Z,BATCH-BLNK-0848
PO_B12_000849,Razorpay Nodal,SWIG-ORD-882202 SWIG-ORD-476989 BATCH-SWIG-0849,225340,4506,0,0,220834,INR,2026-08-14T20:02:00Z,BATCH-SWIG-0849
PO_B12_000850,PayU Enterprise,FLPK-INV-835022 PO_B12_000850,132867,2968,0,0,129899,INR,2026-08-14T05:16:00Z,BATCH-FLPK-0850
PO_B12_000851,Stripe India,MYNT-INV-355707 PO_B12_000851,202954,3936,0,0,199018,INR,2026-08-14T19:14:00Z,BATCH-MYNT-0851
PO_B12_000852,BillDesk Settlement,OLAA-INV-587319 PO_B12_000852,324644,5029,0,0,319615,INR,2026-08-13T21:40:00Z,BATCH-OLAA-0852
PO_B12_000853,BillDesk Settlement,PHNP-INV-759050 PO_B12_000853,416235,8268,0,0,407967,INR,2026-08-14T07:29:00Z,BATCH-PHNP-0853
PO_B12_000854,Cashfree Escrow,BBAS-ORD-915324 BBAS-ORD-829216 BATCH-BBAS-0854,98056,1961,0,0,96095,INR,2026-08-14T02:43:00Z,BATCH-BBAS-0854
PO_B12_000855,Stripe India,FLPK-INV-136128 PO_B12_000855,347854,6035,0,0,341819,INR,2026-08-14T20:46:00Z,BATCH-FLPK-0855
PO_B12_000856,Stripe India,BKMS-INV-207566 PO_B12_000856,218959,3411,0,0,215548,INR,2026-08-14T18:16:00Z,BATCH-BKMS-0856
PO_B12_000857,BillDesk Settlement,UBER-ORD-868927 UBER-ORD-161311 UBER-ORD-928926 BATCH-UBER-0857,499449,9988,0,0,489461,INR,2026-08-14T16:10:00Z,BATCH-UBER-0857
PO_B12_000858,BillDesk Settlement,TATA-INV-368510 PO_B12_000858,264762,5159,0,0,259603,INR,2026-08-14T20:12:00Z,BATCH-TATA-0858
PO_B12_000859,Stripe India,PAYT-INV-455143 PO_B12_000859,106334,1827,0,0,104507,INR,2026-08-14T20:25:00Z,BATCH-PAYT-0859
PO_B12_000860,Cashfree Escrow,BKMS-INV-393856 PO_B12_000860,58746,1108,0,0,57638,INR,2026-08-14T08:39:00Z,BATCH-BKMS-0860
PO_B12_000861,Cashfree Escrow,BKMS-INV-546908 PO_B12_000861,112390,2714,0,0,109676,INR,2026-08-14T06:27:00Z,BATCH-BKMS-0861
PO_B12_000862,BillDesk Settlement,SWIG-INV-162134 PO_B12_000862,103587,2384,0,0,101203,INR,2026-08-14T13:34:00Z,BATCH-SWIG-0862
PO_B12_000863,Stripe India,MMTR-INV-620464 PO_B12_000863,68312,1317,0,0,66995,INR,2026-08-14T10:23:00Z,BATCH-MMTR-0863
PO_B12_000864,Cashfree Escrow,SWIG-EXC-935726-UNRESOLVED,232269,4635,0,0,227634,INR,2026-08-14T15:38:00Z,HOLD-ESCROW
PO_B12_000865,BillDesk Settlement,UBER-INV-595549 PO_B12_000865,62054,1088,0,0,60966,INR,2026-08-14T08:32:00Z,BATCH-UBER-0865
PO_B12_000866,Stripe India,TATA-ORD-784698 TATA-ORD-293405 BATCH-TATA-0866,111208,2224,0,0,108984,INR,2026-08-14T01:39:00Z,BATCH-TATA-0866
PO_B12_000867,Stripe India,BBAS-INV-639860 PO_B12_000867,234533,3698,0,0,230835,INR,2026-08-15T00:19:00Z,BATCH-BBAS-0867
PO_B12_000868,Cashfree Escrow,TATA-INV-235749 PO_B12_000868,91457,1689,0,0,89768,INR,2026-08-14T16:03:00Z,BATCH-TATA-0868
PO_B12_000869,BillDesk Settlement,MMTR-INV-482960 PO_B12_000869,121585,2763,0,0,118822,INR,2026-08-14T13:55:00Z,BATCH-MMTR-0869
PO_B12_000870,PayU Enterprise,MMTR-ORD-710437 MMTR-ORD-868123 MMTR-ORD-443983 BATCH-MMTR-0870,702743,14054,0,0,688689,INR,2026-08-14T08:50:00Z,BATCH-MMTR-0870
PO_B12_000871,PayU Enterprise,OLAA-INV-352921 PO_B12_000871,126863,2289,0,0,124574,INR,2026-08-13T17:41:00Z,BATCH-OLAA-0871
PO_B12_000872,Razorpay Nodal,BKMS-ORD-728093 BKMS-ORD-553968 BATCH-BKMS-0872,331866,6637,0,0,325229,INR,2026-08-14T16:47:00Z,BATCH-BKMS-0872
PO_B12_000873,Stripe India,UBER-INV-843982 PO_B12_000873,405925,8215,0,0,397710,INR,2026-08-14T17:17:00Z,BATCH-UBER-0873
PO_B12_000874,BillDesk Settlement,PAYT-INV-548873 PO_B12_000874,305458,7400,0,0,298058,INR,2026-08-14T07:18:00Z,BATCH-PAYT-0874
PO_B12_000875,PayU Enterprise,MYNT-ORD-489530 MYNT-ORD-100931 BATCH-MYNT-0875,229537,4590,0,0,224947,INR,2026-08-14T03:25:00Z,BATCH-MYNT-0875
PO_B12_000876,BillDesk Settlement,PHNP-ORD-968972 PHNP-ORD-757415 BATCH-PHNP-0876,433216,8664,0,0,424552,INR,2026-08-14T15:49:00Z,BATCH-PHNP-0876
PO_B12_000877,Stripe India,PAYT-INV-531075 PO_B12_000877,336940,8132,0,0,328808,INR,2026-08-13T22:51:00Z,BATCH-PAYT-0877
PO_B12_000878,PayU Enterprise,PAYT-INV-407450 PO_B12_000878,278292,6429,0,0,271863,INR,2026-08-14T14:27:00Z,BATCH-PAYT-0878
PO_B12_000879,Razorpay Nodal,BKMS-INV-947259 PO_B12_000879,211999,3940,0,0,208059,INR,2026-08-14T00:23:00Z,BATCH-BKMS-0879
PO_B12_000880,Cashfree Escrow,SWIG-EXC-158935-UNRESOLVED,217330,4336,0,0,212994,INR,2026-08-14T21:42:00Z,HOLD-ESCROW
PO_B12_000881,Razorpay Nodal,MMTR-INV-196181 PO_B12_000881,211133,4707,0,0,206426,INR,2026-08-13T19:49:00Z,BATCH-MMTR-0881
PO_B12_000882,Stripe India,NYKA-ORD-976847 NYKA-ORD-639482 BATCH-NYKA-0882,64303,1286,0,0,63017,INR,2026-08-14T14:16:00Z,BATCH-NYKA-0882
PO_B12_000883,Cashfree Escrow,BBAS-INV-547752 PO_B12_000883,366801,6431,0,0,360370,INR,2026-08-14T13:59:00Z,BATCH-BBAS-0883
PO_B12_000884,Cashfree Escrow,TATA-INV-509754 PO_B12_000884,344093,6179,0,0,337914,INR,2026-08-13T15:46:00Z,BATCH-TATA-0884
PO_B12_000885,Cashfree Escrow,NYKA-INV-103887 PO_B12_000885,64636,1478,0,0,63158,INR,2026-08-13T21:24:00Z,BATCH-NYKA-0885
PO_B12_000886,Razorpay Nodal,SWIG-ORD-337963 SWIG-ORD-116422 BATCH-SWIG-0886,408319,8166,0,0,400153,INR,2026-08-14T01:46:00Z,BATCH-SWIG-0886
PO_B12_000887,PayU Enterprise,OLAA-INV-545962 PO_B12_000887,30312,649,0,0,29663,INR,2026-08-14T03:14:00Z,BATCH-OLAA-0887
PO_B12_000888,BillDesk Settlement,OLAA-INV-879095 PO_B12_000888,278019,5293,0,0,272726,INR,2026-08-13T21:26:00Z,BATCH-OLAA-0888
PO_B12_000889,BillDesk Settlement,PHNP-ORD-957210 PHNP-ORD-962178 PHNP-ORD-599208 BATCH-PHNP-0889,498202,9964,0,0,488238,INR,2026-08-13T23:08:00Z,BATCH-PHNP-0889
PO_B12_000890,Cashfree Escrow,BKMS-INV-403091 PO_B12_000890,56116,900,0,0,55216,INR,2026-08-14T17:16:00Z,BATCH-BKMS-0890
PO_B12_000891,Razorpay Nodal,BKMS-INV-477765 PO_B12_000891,60990,1001,0,0,59989,INR,2026-08-14T07:37:00Z,BATCH-BKMS-0891
PO_B12_000892,Stripe India,BLNK-INV-758186 PO_B12_000892,286350,5272,0,0,281078,INR,2026-08-14T16:56:00Z,BATCH-BLNK-0892
PO_B12_000893,PayU Enterprise,JIOO-INV-144719 PO_B12_000893,355395,8362,0,0,347033,INR,2026-08-14T14:23:00Z,BATCH-JIOO-0893
PO_B12_000894,BillDesk Settlement,JIOO-ORD-390759 JIOO-ORD-167214 BATCH-JIOO-0894,315664,6313,0,0,309351,INR,2026-08-14T10:04:00Z,BATCH-JIOO-0894
PO_B12_000895,BillDesk Settlement,OLAA-INV-614482 PO_B12_000895,441701,7772,0,0,433929,INR,2026-08-14T04:26:00Z,BATCH-OLAA-0895
PO_B12_000896,Cashfree Escrow,UBER-ORD-306443 UBER-ORD-791671 BATCH-UBER-0896,305801,6116,0,0,299685,INR,2026-08-14T12:11:00Z,BATCH-UBER-0896
PO_B12_000897,Cashfree Escrow,MMTR-INV-119879 PO_B12_000897,132936,2565,0,0,130371,INR,2026-08-14T13:08:00Z,BATCH-MMTR-0897
PO_B12_000898,Razorpay Nodal,MMTR-EXC-890971-UNRESOLVED,227206,4534,0,0,222672,INR,2026-08-14T13:28:00Z,HOLD-ESCROW
PO_B12_000899,Stripe India,MYNT-INV-394880 PO_B12_000899,180985,4299,0,0,176686,INR,2026-08-14T01:04:00Z,BATCH-MYNT-0899
PO_B12_000900,Stripe India,BLNK-INV-392811 PO_B12_000900,80355,1673,0,0,78682,INR,2026-08-14T07:50:00Z,BATCH-BLNK-0900
PO_B12_000901,PayU Enterprise,SWIG-INV-542897 PO_B12_000901,281493,6450,0,0,275043,INR,2026-08-14T04:09:00Z,BATCH-SWIG-0901
PO_B12_000902,PayU Enterprise,BBAS-INV-546704 PO_B12_000902,249058,5966,0,0,243092,INR,2026-08-14T01:23:00Z,BATCH-BBAS-0902
PO_B12_000903,Stripe India,PHNP-INV-268675 PO_B12_000903,310145,4819,0,0,305326,INR,2026-08-14T08:35:00Z,BATCH-PHNP-0903
PO_B12_000904,Cashfree Escrow,MYNT-INV-363614 PO_B12_000904,181806,4332,0,0,177474,INR,2026-08-14T06:37:00Z,BATCH-MYNT-0904
PO_B12_000905,Cashfree Escrow,UBER-INV-749667 PO_B12_000905,379392,7531,0,0,371861,INR,2026-08-13T20:07:00Z,BATCH-UBER-0905
PO_B12_000906,Razorpay Nodal,MMTR-INV-222353 PO_B12_000906,28169,443,0,0,27726,INR,2026-08-14T20:01:00Z,BATCH-MMTR-0906
PO_B12_000907,Stripe India,NYKA-ORD-494936 NYKA-ORD-817977 BATCH-NYKA-0907,461016,9220,0,0,451796,INR,2026-08-14T01:20:00Z,BATCH-NYKA-0907
PO_B12_000908,Cashfree Escrow,SWIG-INV-583944 PO_B12_000908,396194,7248,0,0,388946,INR,2026-08-14T01:25:00Z,BATCH-SWIG-0908
PO_B12_000909,Cashfree Escrow,FLPK-EXC-708702-UNRESOLVED,117736,2344,0,0,115392,INR,2026-08-14T10:30:00Z,HOLD-ESCROW
PO_B12_000910,BillDesk Settlement,SWIG-INV-875773 PO_B12_000910,157706,3665,0,0,154041,INR,2026-08-14T08:58:00Z,BATCH-SWIG-0910
PO_B12_000911,Stripe India,JIOO-INV-664732 PO_B12_000911,393436,8153,0,0,385283,INR,2026-08-14T05:27:00Z,BATCH-JIOO-0911
PO_B12_000912,Stripe India,BBAS-INV-938463 PO_B12_000912,88505,1701,0,0,86804,INR,2026-08-13T18:42:00Z,BATCH-BBAS-0912
PO_B12_000913,Cashfree Escrow,BKMS-INV-546925 PO_B12_000913,89902,1819,0,0,88083,INR,2026-08-14T08:12:00Z,BATCH-BKMS-0913
PO_B12_000914,Cashfree Escrow,NYKA-INV-311602 PO_B12_000914,182429,3736,0,0,178693,INR,2026-08-14T14:42:00Z,BATCH-NYKA-0914
PO_B12_000915,Stripe India,FLPK-INV-949786 PO_B12_000915,353384,7236,0,0,346148,INR,2026-08-14T11:46:00Z,BATCH-FLPK-0915
PO_B12_000916,PayU Enterprise,OLAA-ORD-879078 OLAA-ORD-188526 BATCH-OLAA-0916,267653,5353,0,0,262300,INR,2026-08-14T01:54:00Z,BATCH-OLAA-0916
PO_B12_000917,Stripe India,TATA-EXC-386013-UNRESOLVED,249995,4989,0,0,245006,INR,2026-08-14T19:10:00Z,HOLD-ESCROW
PO_B12_000918,Stripe India,MMTR-INV-251047 PO_B12_000918,375783,8854,0,0,366929,INR,2026-08-14T00:10:00Z,BATCH-MMTR-0918
PO_B12_000919,Stripe India,PHNP-ORD-296932 PHNP-ORD-711611 PHNP-ORD-705480 BATCH-PHNP-0919,247299,4945,0,0,242354,INR,2026-08-14T10:58:00Z,BATCH-PHNP-0919
PO_B12_000920,Stripe India,ZOMA-EXC-296973-UNRESOLVED,138228,2754,0,0,135474,INR,2026-08-14T19:10:00Z,HOLD-ESCROW
PO_B12_000921,Razorpay Nodal,PAYT-INV-355368 PO_B12_000921,215129,4817,0,0,210312,INR,2026-08-14T08:28:00Z,BATCH-PAYT-0921
PO_B12_000922,Stripe India,NYKA-INV-673401 PO_B12_000922,204862,4369,0,0,200493,INR,2026-08-14T13:18:00Z,BATCH-NYKA-0922
PO_B12_000923,PayU Enterprise,OLAA-INV-301616 PO_B12_000923,426976,8968,0,0,418008,INR,2026-08-13T15:45:00Z,BATCH-OLAA-0923
PO_B12_000924,Razorpay Nodal,TATA-EXC-845690-UNRESOLVED,220814,4406,0,0,216408,INR,2026-08-15T07:56:00Z,HOLD-ESCROW
PO_B12_000925,Razorpay Nodal,UBER-INV-318893 PO_B12_000925,448622,9146,0,0,439476,INR,2026-08-14T03:35:00Z,BATCH-UBER-0925
PO_B12_000926,Razorpay Nodal,JIOO-INV-861673 PO_B12_000926,49936,877,0,0,49059,INR,2026-08-14T09:49:00Z,BATCH-JIOO-0926
PO_B12_000927,Razorpay Nodal,BLNK-ORD-422140 BLNK-ORD-461089 BATCH-BLNK-0927,130169,2603,0,0,127566,INR,2026-08-14T12:16:00Z,BATCH-BLNK-0927
PO_B12_000928,Cashfree Escrow,MYNT-INV-238080 PO_B12_000928,386795,9632,0,0,377163,INR,2026-08-14T14:53:00Z,BATCH-MYNT-0928
PO_B12_000929,Razorpay Nodal,BKMS-INV-765567 PO_B12_000929,315987,6520,0,0,309467,INR,2026-08-14T16:22:00Z,BATCH-BKMS-0929
PO_B12_000930,Razorpay Nodal,OLAA-INV-948417 PO_B12_000930,411306,9633,0,0,401673,INR,2026-08-14T05:27:00Z,BATCH-OLAA-0930
PO_B12_000931,PayU Enterprise,OLAA-ORD-515767 OLAA-ORD-910713 BATCH-OLAA-0931,119293,2385,0,0,116908,INR,2026-08-14T07:28:00Z,BATCH-OLAA-0931
PO_B12_000932,BillDesk Settlement,ZOMA-ORD-914150 ZOMA-ORD-807981 ZOMA-ORD-900471 BATCH-ZOMA-0932,393646,7872,0,0,385774,INR,2026-08-13T21:43:00Z,BATCH-ZOMA-0932
PO_B12_000933,Cashfree Escrow,OLAA-INV-246257 PO_B12_000933,201512,4211,0,0,197301,INR,2026-08-14T21:28:00Z,BATCH-OLAA-0933
PO_B12_000934,Razorpay Nodal,AMZN-ORD-614034 AMZN-ORD-602567 BATCH-AMZN-0934,400199,8003,0,0,392196,INR,2026-08-14T12:00:00Z,BATCH-AMZN-0934
PO_B12_000935,Razorpay Nodal,PAYT-INV-347228 PO_B12_000935,307372,7418,0,0,299954,INR,2026-08-14T10:18:00Z,BATCH-PAYT-0935
PO_B12_000936,PayU Enterprise,MMTR-EXC-391736-UNRESOLVED,266725,5324,0,0,261401,INR,2026-08-15T07:08:00Z,HOLD-ESCROW
PO_B12_000937,Stripe India,UBER-INV-864428 PO_B12_000937,432786,10630,0,0,422156,INR,2026-08-13T22:35:00Z,BATCH-UBER-0937
PO_B12_000938,PayU Enterprise,FLPK-EXC-860908-UNRESOLVED,58652,1163,0,0,57489,INR,2026-08-15T07:49:00Z,HOLD-ESCROW
PO_B12_000939,Cashfree Escrow,OLAA-INV-825648 PO_B12_000939,333491,5055,0,0,328436,INR,2026-08-13T16:42:00Z,BATCH-OLAA-0939
PO_B12_000940,Cashfree Escrow,MMTR-INV-570674 PO_B12_000940,408072,7814,0,0,400258,INR,2026-08-14T02:12:00Z,BATCH-MMTR-0940
PO_B12_000941,PayU Enterprise,NYKA-EXC-893057-UNRESOLVED,209937,4188,0,0,205749,INR,2026-08-15T07:38:00Z,HOLD-ESCROW
PO_B12_000942,PayU Enterprise,JIOO-INV-584846 PO_B12_000942,305094,5879,0,0,299215,INR,2026-08-13T21:47:00Z,BATCH-JIOO-0942
PO_B12_000943,Cashfree Escrow,BLNK-INV-489382 PO_B12_000943,116805,1809,0,0,114996,INR,2026-08-14T02:35:00Z,BATCH-BLNK-0943
PO_B12_000944,Stripe India,ZOMA-ORD-314634 ZOMA-ORD-111229 BATCH-ZOMA-0944,224905,4498,0,0,220407,INR,2026-08-14T16:13:00Z,BATCH-ZOMA-0944
PO_B12_000945,Stripe India,SWIG-ORD-104680 SWIG-ORD-637144 BATCH-SWIG-0945,295033,5900,0,0,289133,INR,2026-08-14T02:51:00Z,BATCH-SWIG-0945
PO_B12_000946,Razorpay Nodal,BLNK-INV-178515 PO_B12_000946,357733,5741,0,0,351992,INR,2026-08-14T06:33:00Z,BATCH-BLNK-0946
PO_B12_000947,Cashfree Escrow,BBAS-EXC-309408-UNRESOLVED,122690,2443,0,0,120247,INR,2026-08-14T22:58:00Z,HOLD-ESCROW
PO_B12_000948,BillDesk Settlement,AMZN-INV-109185 PO_B12_000948,211571,4948,0,0,206623,INR,2026-08-14T12:21:00Z,BATCH-AMZN-0948
PO_B12_000949,Stripe India,TATA-INV-510159 PO_B12_000949,230022,4478,0,0,225544,INR,2026-08-14T15:07:00Z,BATCH-TATA-0949
PO_B12_000950,Cashfree Escrow,BKMS-INV-447099 PO_B12_000950,66905,1444,0,0,65461,INR,2026-08-13T23:41:00Z,BATCH-BKMS-0950
PO_B12_000951,BillDesk Settlement,BLNK-INV-108039 PO_B12_000951,407677,9585,0,0,398092,INR,2026-08-13T23:26:00Z,BATCH-BLNK-0951
PO_B12_000952,Cashfree Escrow,AMZN-INV-507753 PO_B12_000952,195302,3476,0,0,191826,INR,2026-08-14T01:24:00Z,BATCH-AMZN-0952
PO_B12_000953,Razorpay Nodal,NYKA-INV-811647 PO_B12_000953,326673,5450,0,0,321223,INR,2026-08-14T16:54:00Z,BATCH-NYKA-0953
PO_B12_000954,PayU Enterprise,AMZN-ORD-265148 AMZN-ORD-265822 BATCH-AMZN-0954,175733,3514,0,0,172219,INR,2026-08-13T23:55:00Z,BATCH-AMZN-0954
PO_B12_000955,BillDesk Settlement,NYKA-INV-478358 PO_B12_000955,215798,3277,0,0,212521,INR,2026-08-14T22:25:00Z,BATCH-NYKA-0955
PO_B12_000956,Cashfree Escrow,TATA-INV-408863 PO_B12_000956,388076,5987,0,0,382089,INR,2026-08-13T22:36:00Z,BATCH-TATA-0956
PO_B12_000957,Stripe India,TATA-INV-201499 PO_B12_000957,37048,798,0,0,36250,INR,2026-08-14T15:56:00Z,BATCH-TATA-0957
PO_B12_000958,BillDesk Settlement,BKMS-INV-770339 PO_B12_000958,55148,883,0,0,54265,INR,2026-08-14T21:19:00Z,BATCH-BKMS-0958
PO_B12_000959,Stripe India,PAYT-INV-843600 PO_B12_000959,145892,3110,0,0,142782,INR,2026-08-14T10:20:00Z,BATCH-PAYT-0959
PO_B12_000960,Razorpay Nodal,PAYT-INV-642418 PO_B12_000960,123087,2569,0,0,120518,INR,2026-08-14T20:14:00Z,BATCH-PAYT-0960
PO_B12_000961,Stripe India,SWIG-ORD-266010 SWIG-ORD-123204 BATCH-SWIG-0961,498269,9965,0,0,488304,INR,2026-08-13T22:01:00Z,BATCH-SWIG-0961
PO_B12_000962,Razorpay Nodal,ZOMA-ORD-623623 ZOMA-ORD-296374 BATCH-ZOMA-0962,468091,9361,0,0,458730,INR,2026-08-14T20:35:00Z,BATCH-ZOMA-0962
PO_B12_000963,Cashfree Escrow,BBAS-INV-322098 PO_B12_000963,285261,4938,0,0,280323,INR,2026-08-13T19:34:00Z,BATCH-BBAS-0963
PO_B12_000964,PayU Enterprise,BKMS-INV-576407 PO_B12_000964,343983,8522,0,0,335461,INR,2026-08-14T11:23:00Z,BATCH-BKMS-0964
PO_B12_000965,Razorpay Nodal,AMZN-INV-701638 PO_B12_000965,414441,9424,0,0,405017,INR,2026-08-14T07:11:00Z,BATCH-AMZN-0965
PO_B12_000966,BillDesk Settlement,NYKA-INV-973151 PO_B12_000966,179746,3331,0,0,176415,INR,2026-08-14T17:51:00Z,BATCH-NYKA-0966
PO_B12_000967,Razorpay Nodal,MMTR-INV-441229 PO_B12_000967,73492,1472,0,0,72020,INR,2026-08-13T19:31:00Z,BATCH-MMTR-0967
PO_B12_000968,Stripe India,UBER-INV-208695 PO_B12_000968,53811,1047,0,0,52764,INR,2026-08-14T05:48:00Z,BATCH-UBER-0968
PO_B12_000969,BillDesk Settlement,PAYT-INV-923035 PO_B12_000969,388915,6558,0,0,382357,INR,2026-08-14T13:33:00Z,BATCH-PAYT-0969
PO_B12_000970,Stripe India,NYKA-INV-934421 PO_B12_000970,117042,2774,0,0,114268,INR,2026-08-14T15:13:00Z,BATCH-NYKA-0970
PO_B12_000971,Stripe India,AMZN-ORD-698263 AMZN-ORD-523487 BATCH-AMZN-0971,231027,4620,0,0,226407,INR,2026-08-14T19:14:00Z,BATCH-AMZN-0971
PO_B12_000972,Razorpay Nodal,JIOO-ORD-545216 JIOO-ORD-448365 JIOO-ORD-946352 BATCH-JIOO-0972,591484,11829,0,0,579655,INR,2026-08-14T12:13:00Z,BATCH-JIOO-0972
PO_B12_000973,BillDesk Settlement,PAYT-ORD-743943 PAYT-ORD-327117 BATCH-PAYT-0973,393295,7865,0,0,385430,INR,2026-08-14T07:35:00Z,BATCH-PAYT-0973
PO_B12_000974,BillDesk Settlement,ZOMA-INV-204496 PO_B12_000974,282216,5499,0,0,276717,INR,2026-08-14T10:49:00Z,BATCH-ZOMA-0974
PO_B12_000975,Cashfree Escrow,OLAA-EXC-420718-UNRESOLVED,111595,2221,0,0,109374,INR,2026-08-15T07:50:00Z,HOLD-ESCROW
PO_B12_000976,Stripe India,ZOMA-INV-468544 PO_B12_000976,413809,9350,0,0,404459,INR,2026-08-14T14:18:00Z,BATCH-ZOMA-0976
PO_B12_000977,Stripe India,PAYT-ORD-347859 PAYT-ORD-918733 BATCH-PAYT-0977,246693,4933,0,0,241760,INR,2026-08-14T03:27:00Z,BATCH-PAYT-0977
PO_B12_000978,Cashfree Escrow,FLPK-INV-355928 PO_B12_000978,246919,4895,0,0,242024,INR,2026-08-14T18:14:00Z,BATCH-FLPK-0978
PO_B12_000979,Razorpay Nodal,AMZN-INV-910663 PO_B12_000979,289433,6815,0,0,282618,INR,2026-08-14T04:11:00Z,BATCH-AMZN-0979
PO_B12_000980,PayU Enterprise,NYKA-INV-255873 PO_B12_000980,57124,1071,0,0,56053,INR,2026-08-14T15:49:00Z,BATCH-NYKA-0980
PO_B12_000981,Stripe India,SWIG-INV-530971 PO_B12_000981,428871,7468,0,0,421403,INR,2026-08-14T07:54:00Z,BATCH-SWIG-0981
PO_B12_000982,Razorpay Nodal,SWIG-INV-117375 PO_B12_000982,390256,9358,0,0,380898,INR,2026-08-13T17:29:00Z,BATCH-SWIG-0982
PO_B12_000983,Razorpay Nodal,AMZN-INV-527325 PO_B12_000983,164089,2596,0,0,161493,INR,2026-08-14T16:11:00Z,BATCH-AMZN-0983
PO_B12_000984,PayU Enterprise,OLAA-INV-887035 PO_B12_000984,42275,684,0,0,41591,INR,2026-08-14T14:45:00Z,BATCH-OLAA-0984
PO_B12_000985,Razorpay Nodal,MYNT-INV-772433 PO_B12_000985,76701,1315,0,0,75386,INR,2026-08-14T11:42:00Z,BATCH-MYNT-0985
PO_B12_000986,BillDesk Settlement,BLNK-INV-633029 PO_B12_000986,311569,5385,0,0,306184,INR,2026-08-13T20:04:00Z,BATCH-BLNK-0986
PO_B12_000987,PayU Enterprise,AMZN-INV-773299 PO_B12_000987,81408,1229,0,0,80179,INR,2026-08-14T13:35:00Z,BATCH-AMZN-0987
PO_B12_000988,Razorpay Nodal,TATA-ORD-675468 TATA-ORD-920199 TATA-ORD-516817 BATCH-TATA-0988,261230,5224,0,0,256006,INR,2026-08-14T13:18:00Z,BATCH-TATA-0988
PO_B12_000989,PayU Enterprise,JIOO-INV-849607 PO_B12_000989,99938,2213,0,0,97725,INR,2026-08-15T02:00:00Z,BATCH-JIOO-0989
PO_B12_000990,BillDesk Settlement,BLNK-INV-740814 PO_B12_000990,319453,7581,0,0,311872,INR,2026-08-14T00:39:00Z,BATCH-BLNK-0990
PO_B12_000991,Stripe India,PHNP-INV-734501 PO_B12_000991,75387,1756,0,0,73631,INR,2026-08-14T10:45:00Z,BATCH-PHNP-0991
PO_B12_000992,Razorpay Nodal,UBER-INV-407301 PO_B12_000992,97650,2025,0,0,95625,INR,2026-08-14T08:06:00Z,BATCH-UBER-0992
PO_B12_000993,Cashfree Escrow,FLPK-INV-975176 PO_B12_000993,106525,2440,0,0,104085,INR,2026-08-13T23:40:00Z,BATCH-FLPK-0993
PO_B12_000994,Cashfree Escrow,SWIG-ORD-546584 SWIG-ORD-400076 SWIG-ORD-134458 BATCH-SWIG-0994,444548,8890,0,0,435658,INR,2026-08-14T14:21:00Z,BATCH-SWIG-0994
PO_B12_000995,Razorpay Nodal,NYKA-ORD-671051 NYKA-ORD-487202 NYKA-ORD-640652 BATCH-NYKA-0995,294193,5883,0,0,288310,INR,2026-08-14T06:45:00Z,BATCH-NYKA-0995
PO_B12_000996,Stripe India,NYKA-INV-820153 PO_B12_000996,264758,6090,0,0,258668,INR,2026-08-13T19:46:00Z,BATCH-NYKA-0996
PO_B12_000997,Razorpay Nodal,MYNT-INV-124158 PO_B12_000997,336245,6621,0,0,329624,INR,2026-08-14T18:23:00Z,BATCH-MYNT-0997
PO_B12_000998,BillDesk Settlement,AMZN-INV-548362 PO_B12_000998,160265,3141,0,0,157124,INR,2026-08-14T19:00:00Z,BATCH-AMZN-0998
PO_B12_000999,Cashfree Escrow,BBAS-INV-970758 PO_B12_000999,88876,1504,0,0,87372,INR,2026-08-14T01:04:00Z,BATCH-BBAS-0999
PO_B12_001000,Cashfree Escrow,ZOMA-INV-746893 PO_B12_001000,53256,1214,0,0,52042,INR,2026-08-14T01:17:00Z,BATCH-ZOMA-1000
PO_B12_001001,Stripe India,FLPK-INV-601133 PO_B12_001001,407903,8530,0,0,399373,INR,2026-08-14T09:06:00Z,BATCH-FLPK-1001
PO_B12_001002,Razorpay Nodal,OLAA-INV-821400 PO_B12_001002,337570,7132,0,0,330438,INR,2026-08-14T10:53:00Z,BATCH-OLAA-1002
PO_B12_001003,Razorpay Nodal,BLNK-INV-182383 PO_B12_001003,268921,5050,0,0,263871,INR,2026-08-14T03:35:00Z,BATCH-BLNK-1003
PO_B12_001004,PayU Enterprise,UBER-INV-134244 PO_B12_001004,357381,7181,0,0,350200,INR,2026-08-14T02:28:00Z,BATCH-UBER-1004
PO_B12_001005,Stripe India,FLPK-ORD-643798 FLPK-ORD-908454 BATCH-FLPK-1005,207582,4151,0,0,203431,INR,2026-08-14T17:44:00Z,BATCH-FLPK-1005
PO_B12_001006,Cashfree Escrow,UBER-INV-589161 PO_B12_001006,208150,4251,0,0,203899,INR,2026-08-14T06:24:00Z,BATCH-UBER-1006
PO_B12_001007,Razorpay Nodal,TATA-INV-790048 PO_B12_001007,213268,3581,0,0,209687,INR,2026-08-13T23:44:00Z,BATCH-TATA-1007
PO_B12_001008,BillDesk Settlement,FLPK-INV-955982 PO_B12_001008,431715,10739,0,0,420976,INR,2026-08-14T09:57:00Z,BATCH-FLPK-1008
PO_B12_001009,Cashfree Escrow,NYKA-ORD-223720 NYKA-ORD-813740 NYKA-ORD-187706 BATCH-NYKA-1009,532577,10651,0,0,521926,INR,2026-08-14T16:37:00Z,BATCH-NYKA-1009
PO_B12_001010,Stripe India,BBAS-INV-930701 PO_B12_001010,146554,2752,0,0,143802,INR,2026-08-14T14:56:00Z,BATCH-BBAS-1010
PO_B12_001011,Cashfree Escrow,ZOMA-INV-760091 PO_B12_001011,48175,823,0,0,47352,INR,2026-08-14T21:13:00Z,BATCH-ZOMA-1011
PO_B12_001012,Stripe India,NYKA-INV-156668 PO_B12_001012,44763,908,0,0,43855,INR,2026-08-13T23:14:00Z,BATCH-NYKA-1012
PO_B12_001013,BillDesk Settlement,NYKA-INV-880963 PO_B12_001013,360128,6420,0,0,353708,INR,2026-08-14T16:26:00Z,BATCH-NYKA-1013
PO_B12_001014,Razorpay Nodal,ZOMA-ORD-280099 ZOMA-ORD-560175 BATCH-ZOMA-1014,242758,4855,0,0,237903,INR,2026-08-14T20:25:00Z,BATCH-ZOMA-1014
PO_B12_001015,Cashfree Escrow,ZOMA-INV-352825 PO_B12_001015,361400,6231,0,0,355169,INR,2026-08-14T15:52:00Z,BATCH-ZOMA-1015
PO_B12_001016,BillDesk Settlement,JIOO-INV-738199 PO_B12_001016,320929,7924,0,0,313005,INR,2026-08-14T05:12:00Z,BATCH-JIOO-1016
PO_B12_001017,Cashfree Escrow,BLNK-INV-701796 PO_B12_001017,232236,4557,0,0,227679,INR,2026-08-14T09:07:00Z,BATCH-BLNK-1017
PO_B12_001018,Razorpay Nodal,MYNT-INV-541629 PO_B12_001018,447486,7024,0,0,440462,INR,2026-08-13T19:56:00Z,BATCH-MYNT-1018
PO_B12_001019,BillDesk Settlement,TATA-INV-292342 PO_B12_001019,217868,4606,0,0,213262,INR,2026-08-13T23:46:00Z,BATCH-TATA-1019
PO_B12_001020,Razorpay Nodal,PAYT-INV-563692 PO_B12_001020,368484,8429,0,0,360055,INR,2026-08-14T20:09:00Z,BATCH-PAYT-1020
PO_B12_001021,BillDesk Settlement,NYKA-ORD-624497 NYKA-ORD-147132 NYKA-ORD-596698 BATCH-NYKA-1021,538679,10773,0,0,527906,INR,2026-08-14T20:43:00Z,BATCH-NYKA-1021
PO_B12_001022,Stripe India,MYNT-INV-148665 PO_B12_001022,74352,1403,0,0,72949,INR,2026-08-14T18:00:00Z,BATCH-MYNT-1022
PO_B12_001023,Cashfree Escrow,BBAS-ORD-837255 BBAS-ORD-351377 BBAS-ORD-219543 BATCH-BBAS-1023,383238,7664,0,0,375574,INR,2026-08-14T04:15:00Z,BATCH-BBAS-1023
PO_B12_001024,BillDesk Settlement,BBAS-INV-620178 PO_B12_001024,397982,9783,0,0,388199,INR,2026-08-14T17:07:00Z,BATCH-BBAS-1024
PO_B12_001025,PayU Enterprise,BKMS-INV-158567 PO_B12_001025,57909,922,0,0,56987,INR,2026-08-14T10:56:00Z,BATCH-BKMS-1025
PO_B12_001026,Razorpay Nodal,TATA-ORD-850165 TATA-ORD-448932 BATCH-TATA-1026,406267,8125,0,0,398142,INR,2026-08-14T05:53:00Z,BATCH-TATA-1026
PO_B12_001027,PayU Enterprise,BBAS-INV-743905 PO_B12_001027,329171,7827,0,0,321344,INR,2026-08-14T09:04:00Z,BATCH-BBAS-1027
PO_B12_001028,Razorpay Nodal,PHNP-INV-579757 PO_B12_001028,309210,7157,0,0,302053,INR,2026-08-14T08:08:00Z,BATCH-PHNP-1028
PO_B12_001029,PayU Enterprise,PHNP-ORD-667711 PHNP-ORD-117195 BATCH-PHNP-1029,130251,2605,0,0,127646,INR,2026-08-14T14:12:00Z,BATCH-PHNP-1029
PO_B12_001030,BillDesk Settlement,BBAS-INV-697059 PO_B12_001030,195514,4083,0,0,191431,INR,2026-08-14T20:12:00Z,BATCH-BBAS-1030
PO_B12_001031,Stripe India,PHNP-EXC-326326-UNRESOLVED,140445,2798,0,0,137647,INR,2026-08-14T20:15:00Z,HOLD-ESCROW
PO_B12_001032,PayU Enterprise,PHNP-INV-392871 PO_B12_001032,314378,5469,0,0,308909,INR,2026-08-15T01:45:00Z,BATCH-PHNP-1032
PO_B12_001033,Razorpay Nodal,BKMS-INV-312143 PO_B12_001033,336613,6184,0,0,330429,INR,2026-08-14T02:20:00Z,BATCH-BKMS-1033
PO_B12_001034,Stripe India,MYNT-INV-815083 PO_B12_001034,101467,1814,0,0,99653,INR,2026-08-14T06:47:00Z,BATCH-MYNT-1034
PO_B12_001035,Cashfree Escrow,BLNK-ORD-754783 BLNK-ORD-174343 BLNK-ORD-390007 BATCH-BLNK-1035,326733,6534,0,0,320199,INR,2026-08-14T05:32:00Z,BATCH-BLNK-1035
PO_B12_001036,Razorpay Nodal,OLAA-INV-469998 PO_B12_001036,47604,945,0,0,46659,INR,2026-08-13T22:26:00Z,BATCH-OLAA-1036
PO_B12_001037,Cashfree Escrow,PHNP-INV-774662 PO_B12_001037,262907,4463,0,0,258444,INR,2026-08-14T21:43:00Z,BATCH-PHNP-1037
PO_B12_001038,BillDesk Settlement,FLPK-ORD-268065 FLPK-ORD-150706 BATCH-FLPK-1038,258449,5168,0,0,253281,INR,2026-08-14T13:39:00Z,BATCH-FLPK-1038
PO_B12_001039,PayU Enterprise,MMTR-INV-244713 PO_B12_001039,422749,6433,0,0,416316,INR,2026-08-13T22:40:00Z,BATCH-MMTR-1039
PO_B12_001040,PayU Enterprise,PAYT-INV-245883 PO_B12_001040,174097,3499,0,0,170598,INR,2026-08-14T02:53:00Z,BATCH-PAYT-1040
PO_B12_001041,BillDesk Settlement,OLAA-ORD-977893 OLAA-ORD-819247 BATCH-OLAA-1041,437331,8746,0,0,428585,INR,2026-08-14T11:34:00Z,BATCH-OLAA-1041
PO_B12_001042,BillDesk Settlement,NYKA-INV-905443 PO_B12_001042,284446,6189,0,0,278257,INR,2026-08-14T10:51:00Z,BATCH-NYKA-1042
PO_B12_001043,PayU Enterprise,MMTR-INV-794440 PO_B12_001043,43304,730,0,0,42574,INR,2026-08-14T04:05:00Z,BATCH-MMTR-1043
PO_B12_001044,Razorpay Nodal,PAYT-ORD-434203 PAYT-ORD-113275 BATCH-PAYT-1044,306548,6130,0,0,300418,INR,2026-08-13T21:46:00Z,BATCH-PAYT-1044
PO_B12_001045,BillDesk Settlement,BKMS-ORD-752632 BKMS-ORD-289834 BATCH-BKMS-1045,473179,9463,0,0,463716,INR,2026-08-14T05:11:00Z,BATCH-BKMS-1045
PO_B12_001046,Razorpay Nodal,FLPK-INV-886725 PO_B12_001046,328053,6514,0,0,321539,INR,2026-08-14T05:42:00Z,BATCH-FLPK-1046
PO_B12_001047,Stripe India,SWIG-ORD-840980 SWIG-ORD-418554 SWIG-ORD-847845 BATCH-SWIG-1047,501310,10026,0,0,491284,INR,2026-08-14T15:09:00Z,BATCH-SWIG-1047
PO_B12_001048,BillDesk Settlement,ZOMA-INV-167984 PO_B12_001048,206723,3267,0,0,203456,INR,2026-08-14T16:25:00Z,BATCH-ZOMA-1048
PO_B12_001049,Cashfree Escrow,AMZN-INV-160127 PO_B12_001049,197013,3697,0,0,193316,INR,2026-08-14T03:53:00Z,BATCH-AMZN-1049
PO_B12_001050,PayU Enterprise,SWIG-ORD-685934 SWIG-ORD-966665 BATCH-SWIG-1050,194838,3896,0,0,190942,INR,2026-08-13T21:27:00Z,BATCH-SWIG-1050
PO_B12_001051,PayU Enterprise,PHNP-ORD-917304 PHNP-ORD-529345 PHNP-ORD-889256 BATCH-PHNP-1051,249785,4995,0,0,244790,INR,2026-08-14T07:40:00Z,BATCH-PHNP-1051
PO_B12_001052,Razorpay Nodal,PHNP-INV-416849 PO_B12_001052,72149,1117,0,0,71032,INR,2026-08-13T23:08:00Z,BATCH-PHNP-1052
PO_B12_001053,Razorpay Nodal,ZOMA-ORD-123833 ZOMA-ORD-297407 BATCH-ZOMA-1053,472956,9459,0,0,463497,INR,2026-08-14T01:56:00Z,BATCH-ZOMA-1053
PO_B12_001054,BillDesk Settlement,JIOO-INV-568289 PO_B12_001054,331400,7233,0,0,324167,INR,2026-08-13T15:05:00Z,BATCH-JIOO-1054
PO_B12_001055,BillDesk Settlement,NYKA-ORD-671548 NYKA-ORD-705395 NYKA-ORD-781076 BATCH-NYKA-1055,369584,7391,0,0,362193,INR,2026-08-13T23:06:00Z,BATCH-NYKA-1055
PO_B12_001056,Cashfree Escrow,PAYT-EXC-940639-UNRESOLVED,192119,3832,0,0,188287,INR,2026-08-15T01:29:00Z,HOLD-ESCROW
PO_B12_001057,BillDesk Settlement,NYKA-INV-197747 PO_B12_001057,29072,631,0,0,28441,INR,2026-08-14T14:43:00Z,BATCH-NYKA-1057
PO_B12_001058,Cashfree Escrow,ZOMA-INV-490325 PO_B12_001058,397918,9766,0,0,388152,INR,2026-08-14T12:43:00Z,BATCH-ZOMA-1058
PO_B12_001059,Razorpay Nodal,TATA-ORD-515081 TATA-ORD-301052 BATCH-TATA-1059,233768,4675,0,0,229093,INR,2026-08-14T01:50:00Z,BATCH-TATA-1059
PO_B12_001060,Stripe India,MYNT-INV-911131 PO_B12_001060,154221,2858,0,0,151363,INR,2026-08-14T19:31:00Z,BATCH-MYNT-1060
PO_B12_001061,BillDesk Settlement,ZOMA-INV-236391 PO_B12_001061,45138,752,0,0,44386,INR,2026-08-14T09:04:00Z,BATCH-ZOMA-1061
PO_B12_001062,BillDesk Settlement,MYNT-INV-580200 PO_B12_001062,155226,2728,0,0,152498,INR,2026-08-14T06:44:00Z,BATCH-MYNT-1062
PO_B12_001063,Razorpay Nodal,AMZN-INV-528083 PO_B12_001063,31585,563,0,0,31022,INR,2026-08-14T17:34:00Z,BATCH-AMZN-1063
PO_B12_001064,Razorpay Nodal,BKMS-INV-317150 PO_B12_001064,181273,3988,0,0,177285,INR,2026-08-14T08:44:00Z,BATCH-BKMS-1064
PO_B12_001065,Razorpay Nodal,MMTR-INV-711862 PO_B12_001065,226406,4827,0,0,221579,INR,2026-08-14T05:03:00Z,BATCH-MMTR-1065
PO_B12_001066,BillDesk Settlement,OLAA-INV-355358 PO_B12_001066,374340,8391,0,0,365949,INR,2026-08-14T03:42:00Z,BATCH-OLAA-1066
PO_B12_001067,Cashfree Escrow,JIOO-EXC-523804-UNRESOLVED,298958,5969,0,0,292989,INR,2026-08-14T14:45:00Z,HOLD-ESCROW
PO_B12_001068,Stripe India,BBAS-EXC-360906-UNRESOLVED,160540,3200,0,0,157340,INR,2026-08-14T17:33:00Z,HOLD-ESCROW
PO_B12_001069,Stripe India,PHNP-ORD-333808 PHNP-ORD-479700 PHNP-ORD-684468 BATCH-PHNP-1069,457016,9140,0,0,447876,INR,2026-08-14T19:14:00Z,BATCH-PHNP-1069
PO_B12_001070,Cashfree Escrow,SWIG-ORD-248193 SWIG-ORD-423281 BATCH-SWIG-1070,324309,6486,0,0,317823,INR,2026-08-14T20:26:00Z,BATCH-SWIG-1070
PO_B12_001071,Razorpay Nodal,AMZN-INV-881997 PO_B12_001071,447330,10846,0,0,436484,INR,2026-08-13T21:29:00Z,BATCH-AMZN-1071
PO_B12_001072,PayU Enterprise,AMZN-INV-769144 PO_B12_001072,331275,5970,0,0,325305,INR,2026-08-13T23:12:00Z,BATCH-AMZN-1072
PO_B12_001073,BillDesk Settlement,ZOMA-INV-804137 PO_B12_001073,112792,2579,0,0,110213,INR,2026-08-13T18:40:00Z,BATCH-ZOMA-1073
PO_B12_001074,PayU Enterprise,MMTR-INV-152621 PO_B12_001074,304639,6990,0,0,297649,INR,2026-08-14T18:06:00Z,BATCH-MMTR-1074
PO_B12_001075,Stripe India,MYNT-INV-179371 PO_B12_001075,399184,7646,0,0,391538,INR,2026-08-14T17:19:00Z,BATCH-MYNT-1075
PO_B12_001076,Stripe India,TATA-INV-879877 PO_B12_001076,418466,9403,0,0,409063,INR,2026-08-14T00:53:00Z,BATCH-TATA-1076
PO_B12_001077,Stripe India,JIOO-ORD-216802 JIOO-ORD-808618 BATCH-JIOO-1077,322031,6440,0,0,315591,INR,2026-08-14T19:50:00Z,BATCH-JIOO-1077
PO_B12_001078,Razorpay Nodal,OLAA-INV-859538 PO_B12_001078,163468,4058,0,0,159410,INR,2026-08-13T23:42:00Z,BATCH-OLAA-1078
PO_B12_001079,Razorpay Nodal,PAYT-INV-158311 PO_B12_001079,431471,8334,0,0,423137,INR,2026-08-14T09:38:00Z,BATCH-PAYT-1079
PO_B12_001080,Razorpay Nodal,BLNK-ORD-356678 BLNK-ORD-854952 BATCH-BLNK-1080,150587,3011,0,0,147576,INR,2026-08-14T03:31:00Z,BATCH-BLNK-1080
PO_B12_001081,Cashfree Escrow,AMZN-INV-358212 PO_B12_001081,301024,4850,0,0,296174,INR,2026-08-14T03:11:00Z,BATCH-AMZN-1081
PO_B12_001082,Cashfree Escrow,UBER-INV-147273 PO_B12_001082,432106,8589,0,0,423517,INR,2026-08-14T00:26:00Z,BATCH-UBER-1082
PO_B12_001083,PayU Enterprise,MYNT-INV-266474 PO_B12_001083,222089,5523,0,0,216566,INR,2026-08-13T19:38:00Z,BATCH-MYNT-1083
PO_B12_001084,Stripe India,UBER-INV-959826 PO_B12_001084,275704,4833,0,0,270871,INR,2026-08-14T12:03:00Z,BATCH-UBER-1084
PO_B12_001085,PayU Enterprise,PAYT-INV-225065 PO_B12_001085,391230,9730,0,0,381500,INR,2026-08-14T10:29:00Z,BATCH-PAYT-1085
PO_B12_001086,Razorpay Nodal,ZOMA-INV-639508 PO_B12_001086,228132,5228,0,0,222904,INR,2026-08-14T17:17:00Z,BATCH-ZOMA-1086
PO_B12_001087,Cashfree Escrow,MMTR-INV-597647 PO_B12_001087,391095,7591,0,0,383504,INR,2026-08-14T02:48:00Z,BATCH-MMTR-1087
PO_B12_001088,Cashfree Escrow,SWIG-INV-220650 PO_B12_001088,266198,4408,0,0,261790,INR,2026-08-14T07:06:00Z,BATCH-SWIG-1088
PO_B12_001089,Stripe India,JIOO-ORD-837914 JIOO-ORD-756088 JIOO-ORD-972177 BATCH-JIOO-1089,470760,9415,0,0,461345,INR,2026-08-14T02:38:00Z,BATCH-JIOO-1089
PO_B12_001090,BillDesk Settlement,JIOO-EXC-183138-UNRESOLVED,271845,5426,0,0,266419,INR,2026-08-15T01:22:00Z,HOLD-ESCROW
PO_B12_001091,BillDesk Settlement,PAYT-INV-339421 PO_B12_001091,394638,6930,0,0,387708,INR,2026-08-14T12:18:00Z,BATCH-PAYT-1091
PO_B12_001092,Cashfree Escrow,TATA-INV-169263 PO_B12_001092,100283,1958,0,0,98325,INR,2026-08-14T10:43:00Z,BATCH-TATA-1092
PO_B12_001093,PayU Enterprise,PHNP-INV-413247 PO_B12_001093,313004,5047,0,0,307957,INR,2026-08-13T23:42:00Z,BATCH-PHNP-1093
PO_B12_001094,Stripe India,BBAS-INV-994603 PO_B12_001094,439444,8787,0,0,430657,INR,2026-08-14T09:22:00Z,BATCH-BBAS-1094
PO_B12_001095,Cashfree Escrow,MYNT-INV-273573 PO_B12_001095,45235,906,0,0,44329,INR,2026-08-15T00:00:00Z,BATCH-MYNT-1095
PO_B12_001096,Stripe India,MMTR-INV-432130 PO_B12_001096,205590,3769,0,0,201821,INR,2026-08-14T12:49:00Z,BATCH-MMTR-1096
PO_B12_001097,Cashfree Escrow,PHNP-ORD-145073 PHNP-ORD-461211 PHNP-ORD-627110 BATCH-PHNP-1097,447760,8955,0,0,438805,INR,2026-08-14T10:27:00Z,BATCH-PHNP-1097
PO_B12_001098,PayU Enterprise,ZOMA-EXC-550157-UNRESOLVED,199056,3971,0,0,195085,INR,2026-08-14T10:36:00Z,HOLD-ESCROW
PO_B12_001099,Stripe India,BKMS-INV-589923 PO_B12_001099,323169,4996,0,0,318173,INR,2026-08-13T20:25:00Z,BATCH-BKMS-1099
PO_B12_001100,Cashfree Escrow,BKMS-ORD-720502 BKMS-ORD-331172 BATCH-BKMS-1100,213221,4264,0,0,208957,INR,2026-08-14T17:10:00Z,BATCH-BKMS-1100
PO_B12_001101,BillDesk Settlement,JIOO-INV-116460 PO_B12_001101,138417,2776,0,0,135641,INR,2026-08-13T19:03:00Z,BATCH-JIOO-1101
PO_B12_001102,Razorpay Nodal,FLPK-ORD-673819 FLPK-ORD-630387 BATCH-FLPK-1102,269899,5397,0,0,264502,INR,2026-08-14T08:56:00Z,BATCH-FLPK-1102
PO_B12_001103,PayU Enterprise,BKMS-ORD-997783 BKMS-ORD-700611 BATCH-BKMS-1103,220635,4412,0,0,216223,INR,2026-08-14T17:58:00Z,BATCH-BKMS-1103
PO_B12_001104,PayU Enterprise,OLAA-INV-705096 PO_B12_001104,263078,5009,0,0,258069,INR,2026-08-14T15:46:00Z,BATCH-OLAA-1104
PO_B12_001105,Razorpay Nodal,FLPK-INV-752277 PO_B12_001105,359333,5628,0,0,353705,INR,2026-08-14T17:53:00Z,BATCH-FLPK-1105
PO_B12_001106,BillDesk Settlement,SWIG-INV-914531 PO_B12_001106,335925,7622,0,0,328303,INR,2026-08-14T04:41:00Z,BATCH-SWIG-1106
PO_B12_001107,Stripe India,UBER-ORD-630957 UBER-ORD-608333 UBER-ORD-877175 BATCH-UBER-1107,606000,12120,0,0,593880,INR,2026-08-14T04:07:00Z,BATCH-UBER-1107
PO_B12_001108,BillDesk Settlement,AMZN-INV-679733 PO_B12_001108,104385,1945,0,0,102440,INR,2026-08-14T20:45:00Z,BATCH-AMZN-1108
PO_B12_001109,PayU Enterprise,FLPK-INV-483999 PO_B12_001109,147283,2764,0,0,144519,INR,2026-08-13T18:20:00Z,BATCH-FLPK-1109
PO_B12_001110,PayU Enterprise,BBAS-INV-691038 PO_B12_001110,40668,818,0,0,39850,INR,2026-08-13T19:08:00Z,BATCH-BBAS-1110
PO_B12_001111,Razorpay Nodal,AMZN-INV-936050 PO_B12_001111,70052,1072,0,0,68980,INR,2026-08-14T05:17:00Z,BATCH-AMZN-1111
PO_B12_001112,PayU Enterprise,PAYT-ORD-873101 PAYT-ORD-330627 BATCH-PAYT-1112,177734,3554,0,0,174180,INR,2026-08-14T05:21:00Z,BATCH-PAYT-1112
PO_B12_001113,Stripe India,PAYT-ORD-184200 PAYT-ORD-808871 BATCH-PAYT-1113,298217,5964,0,0,292253,INR,2026-08-14T14:33:00Z,BATCH-PAYT-1113
PO_B12_001114,Stripe India,MMTR-INV-362687 PO_B12_001114,405583,6389,0,0,399194,INR,2026-08-14T14:22:00Z,BATCH-MMTR-1114
PO_B12_001115,PayU Enterprise,SWIG-INV-251799 PO_B12_001115,313621,4969,0,0,308652,INR,2026-08-14T07:14:00Z,BATCH-SWIG-1115
PO_B12_001116,Razorpay Nodal,BKMS-INV-366000 PO_B12_001116,224133,4314,0,0,219819,INR,2026-08-14T13:32:00Z,BATCH-BKMS-1116
PO_B12_001117,PayU Enterprise,BLNK-INV-263089 PO_B12_001117,421277,8070,0,0,413207,INR,2026-08-14T14:05:00Z,BATCH-BLNK-1117
PO_B12_001118,Cashfree Escrow,ZOMA-INV-564041 PO_B12_001118,269483,4779,0,0,264704,INR,2026-08-14T13:47:00Z,BATCH-ZOMA-1118
PO_B12_001119,Razorpay Nodal,BKMS-INV-327546 PO_B12_001119,340402,7117,0,0,333285,INR,2026-08-14T06:18:00Z,BATCH-BKMS-1119
PO_B12_001120,Razorpay Nodal,FLPK-INV-676315 PO_B12_001120,411053,7093,0,0,403960,INR,2026-08-14T09:42:00Z,BATCH-FLPK-1120
PO_B12_001121,Razorpay Nodal,ZOMA-INV-103511 PO_B12_001121,439458,8136,0,0,431322,INR,2026-08-13T21:57:00Z,BATCH-ZOMA-1121
PO_B12_001122,Cashfree Escrow,MMTR-INV-170403 PO_B12_001122,208763,3894,0,0,204869,INR,2026-08-14T06:19:00Z,BATCH-MMTR-1122
PO_B12_001123,Razorpay Nodal,BKMS-ORD-543267 BKMS-ORD-119011 BKMS-ORD-186022 BATCH-BKMS-1123,278817,5576,0,0,273241,INR,2026-08-14T16:56:00Z,BATCH-BKMS-1123
PO_B12_001124,BillDesk Settlement,UBER-ORD-536871 UBER-ORD-220690 BATCH-UBER-1124,434377,8687,0,0,425690,INR,2026-08-14T18:43:00Z,BATCH-UBER-1124
PO_B12_001125,BillDesk Settlement,PAYT-INV-105819 PO_B12_001125,345886,5964,0,0,339922,INR,2026-08-14T09:50:00Z,BATCH-PAYT-1125
PO_B12_001126,Stripe India,BKMS-INV-607909 PO_B12_001126,362012,7225,0,0,354787,INR,2026-08-14T07:01:00Z,BATCH-BKMS-1126
PO_B12_001127,Cashfree Escrow,JIOO-INV-788023 PO_B12_001127,422614,8196,0,0,414418,INR,2026-08-14T11:50:00Z,BATCH-JIOO-1127
PO_B12_001128,Cashfree Escrow,MMTR-INV-505419 PO_B12_001128,187713,4634,0,0,183079,INR,2026-08-14T09:00:00Z,BATCH-MMTR-1128
PO_B12_001129,Razorpay Nodal,BLNK-ORD-685374 BLNK-ORD-377724 BLNK-ORD-280418 BATCH-BLNK-1129,350445,7008,0,0,343437,INR,2026-08-14T20:59:00Z,BATCH-BLNK-1129
PO_B12_001130,Cashfree Escrow,MYNT-INV-128774 PO_B12_001130,32117,529,0,0,31588,INR,2026-08-14T01:08:00Z,BATCH-MYNT-1130
PO_B12_001131,BillDesk Settlement,UBER-ORD-894302 UBER-ORD-259053 BATCH-UBER-1131,363846,7276,0,0,356570,INR,2026-08-14T19:51:00Z,BATCH-UBER-1131
PO_B12_001132,BillDesk Settlement,MYNT-ORD-380077 MYNT-ORD-682028 BATCH-MYNT-1132,279843,5596,0,0,274247,INR,2026-08-13T23:33:00Z,BATCH-MYNT-1132
PO_B12_001133,Razorpay Nodal,PHNP-INV-980639 PO_B12_001133,93509,1657,0,0,91852,INR,2026-08-13T23:17:00Z,BATCH-PHNP-1133
PO_B12_001134,Stripe India,AMZN-INV-143937 PO_B12_001134,329730,7802,0,0,321928,INR,2026-08-14T15:15:00Z,BATCH-AMZN-1134
PO_B12_001135,PayU Enterprise,SWIG-INV-309828 PO_B12_001135,211644,3240,0,0,208404,INR,2026-08-14T12:22:00Z,BATCH-SWIG-1135
PO_B12_001136,Stripe India,PAYT-ORD-206538 PAYT-ORD-781788 BATCH-PAYT-1136,250006,5000,0,0,245006,INR,2026-08-14T14:42:00Z,BATCH-PAYT-1136
PO_B12_001137,BillDesk Settlement,AMZN-INV-416200 PO_B12_001137,291940,5277,0,0,286663,INR,2026-08-13T22:51:00Z,BATCH-AMZN-1137
PO_B12_001138,Stripe India,FLPK-ORD-112499 FLPK-ORD-669419 BATCH-FLPK-1138,238173,4763,0,0,233410,INR,2026-08-14T08:40:00Z,BATCH-FLPK-1138
PO_B12_001139,BillDesk Settlement,JIOO-INV-399616 PO_B12_001139,199437,3626,0,0,195811,INR,2026-08-14T10:36:00Z,BATCH-JIOO-1139
PO_B12_001140,BillDesk Settlement,TATA-INV-496734 PO_B12_001140,84753,2105,0,0,82648,INR,2026-08-14T02:31:00Z,BATCH-TATA-1140
PO_B12_001141,Razorpay Nodal,BBAS-INV-685245 PO_B12_001141,64148,1438,0,0,62710,INR,2026-08-13T20:35:00Z,BATCH-BBAS-1141
PO_B12_001142,BillDesk Settlement,PAYT-ORD-434013 PAYT-ORD-379178 BATCH-PAYT-1142,255307,5106,0,0,250201,INR,2026-08-14T17:12:00Z,BATCH-PAYT-1142
PO_B12_001143,Razorpay Nodal,PAYT-INV-619712 PO_B12_001143,27628,658,0,0,26970,INR,2026-08-13T20:30:00Z,BATCH-PAYT-1143
PO_B12_001144,BillDesk Settlement,MMTR-INV-347146 PO_B12_001144,240291,4547,0,0,235744,INR,2026-08-14T18:19:00Z,BATCH-MMTR-1144
PO_B12_001145,BillDesk Settlement,FLPK-ORD-424173 FLPK-ORD-671502 BATCH-FLPK-1145,319396,6387,0,0,313009,INR,2026-08-14T05:23:00Z,BATCH-FLPK-1145
PO_B12_001146,BillDesk Settlement,BKMS-EXC-141805-UNRESOLVED,238229,4754,0,0,233475,INR,2026-08-14T19:57:00Z,HOLD-ESCROW
PO_B12_001147,Stripe India,PHNP-ORD-872936 PHNP-ORD-714163 BATCH-PHNP-1147,392408,7848,0,0,384560,INR,2026-08-14T02:16:00Z,BATCH-PHNP-1147
PO_B12_001148,Cashfree Escrow,OLAA-INV-371542 PO_B12_001148,173319,3279,0,0,170040,INR,2026-08-13T16:07:00Z,BATCH-OLAA-1148
PO_B12_001149,Razorpay Nodal,SWIG-INV-726219 PO_B12_001149,43272,1028,0,0,42244,INR,2026-08-13T17:00:00Z,BATCH-SWIG-1149
PO_B12_001150,BillDesk Settlement,BBAS-INV-393692 PO_B12_001150,369689,7091,0,0,362598,INR,2026-08-14T01:57:00Z,BATCH-BBAS-1150
PO_B12_001151,PayU Enterprise,OLAA-INV-787012 PO_B12_001151,383158,9348,0,0,373810,INR,2026-08-14T01:05:00Z,BATCH-OLAA-1151
PO_B12_001152,Razorpay Nodal,BKMS-INV-177960 PO_B12_001152,317698,6571,0,0,311127,INR,2026-08-14T04:36:00Z,BATCH-BKMS-1152
PO_B12_001153,Cashfree Escrow,MMTR-INV-225374 PO_B12_001153,142452,2793,0,0,139659,INR,2026-08-14T20:04:00Z,BATCH-MMTR-1153
PO_B12_001154,Cashfree Escrow,MMTR-INV-871192 PO_B12_001154,148281,3063,0,0,145218,INR,2026-08-13T21:40:00Z,BATCH-MMTR-1154
PO_B12_001155,Stripe India,OLAA-INV-385378 PO_B12_001155,423159,9100,0,0,414059,INR,2026-08-14T12:16:00Z,BATCH-OLAA-1155
PO_B12_001156,Cashfree Escrow,BBAS-INV-347331 PO_B12_001156,105778,2579,0,0,103199,INR,2026-08-14T09:27:00Z,BATCH-BBAS-1156
PO_B12_001157,BillDesk Settlement,OLAA-INV-593876 PO_B12_001157,403871,6175,0,0,397696,INR,2026-08-14T10:10:00Z,BATCH-OLAA-1157
PO_B12_001158,BillDesk Settlement,MYNT-INV-788686 PO_B12_001158,134264,3181,0,0,131083,INR,2026-08-14T05:11:00Z,BATCH-MYNT-1158
PO_B12_001159,Cashfree Escrow,PHNP-INV-460849 PO_B12_001159,215592,3444,0,0,212148,INR,2026-08-14T05:23:00Z,BATCH-PHNP-1159
PO_B12_001160,Razorpay Nodal,MMTR-INV-677314 PO_B12_001160,62135,1474,0,0,60661,INR,2026-08-14T07:35:00Z,BATCH-MMTR-1160
PO_B12_001161,Cashfree Escrow,PHNP-INV-474057 PO_B12_001161,316713,6052,0,0,310661,INR,2026-08-14T20:32:00Z,BATCH-PHNP-1161
PO_B12_001162,Stripe India,BKMS-INV-257904 PO_B12_001162,259647,5329,0,0,254318,INR,2026-08-14T05:41:00Z,BATCH-BKMS-1162
PO_B12_001163,PayU Enterprise,BKMS-EXC-528222-UNRESOLVED,271655,5423,0,0,266232,INR,2026-08-15T03:29:00Z,HOLD-ESCROW
PO_B12_001164,Stripe India,MYNT-INV-355263 PO_B12_001164,57673,1147,0,0,56526,INR,2026-08-14T10:32:00Z,BATCH-MYNT-1164
PO_B12_001165,BillDesk Settlement,TATA-INV-732519 PO_B12_001165,178852,3181,0,0,175671,INR,2026-08-13T17:57:00Z,BATCH-TATA-1165
PO_B12_001166,Razorpay Nodal,AMZN-INV-745911 PO_B12_001166,70583,1482,0,0,69101,INR,2026-08-14T11:26:00Z,BATCH-AMZN-1166
PO_B12_001167,Cashfree Escrow,MMTR-ORD-825078 MMTR-ORD-461416 BATCH-MMTR-1167,403340,8066,0,0,395274,INR,2026-08-13T22:17:00Z,BATCH-MMTR-1167
PO_B12_001168,Cashfree Escrow,MYNT-ORD-632385 MYNT-ORD-209735 MYNT-ORD-456782 BATCH-MYNT-1168,464150,9283,0,0,454867,INR,2026-08-14T15:57:00Z,BATCH-MYNT-1168
PO_B12_001169,BillDesk Settlement,FLPK-INV-901366 PO_B12_001169,181468,3330,0,0,178138,INR,2026-08-13T20:43:00Z,BATCH-FLPK-1169
PO_B12_001170,Razorpay Nodal,PAYT-INV-825445 PO_B12_001170,77125,1835,0,0,75290,INR,2026-08-14T23:37:00Z,BATCH-PAYT-1170
PO_B12_001171,Cashfree Escrow,MYNT-ORD-326262 MYNT-ORD-316516 MYNT-ORD-951428 BATCH-MYNT-1171,311303,6226,0,0,305077,INR,2026-08-14T15:29:00Z,BATCH-MYNT-1171
PO_B12_001172,Razorpay Nodal,UBER-INV-855260 PO_B12_001172,82601,1386,0,0,81215,INR,2026-08-14T08:55:00Z,BATCH-UBER-1172
PO_B12_001173,Stripe India,BKMS-INV-919063 PO_B12_001173,60715,1318,0,0,59397,INR,2026-08-13T22:33:00Z,BATCH-BKMS-1173
PO_B12_001174,Cashfree Escrow,BKMS-INV-299167 PO_B12_001174,228137,4099,0,0,224038,INR,2026-08-14T03:38:00Z,BATCH-BKMS-1174
PO_B12_001175,Razorpay Nodal,OLAA-ORD-180500 OLAA-ORD-651282 OLAA-ORD-548707 BATCH-OLAA-1175,311028,6220,0,0,304808,INR,2026-08-14T06:12:00Z,BATCH-OLAA-1175
PO_B12_001176,PayU Enterprise,MMTR-INV-972660 PO_B12_001176,95898,2123,0,0,93775,INR,2026-08-14T19:30:00Z,BATCH-MMTR-1176
PO_B12_001177,PayU Enterprise,PAYT-INV-750176 PO_B12_001177,237556,4022,0,0,233534,INR,2026-08-14T09:10:00Z,BATCH-PAYT-1177
PO_B12_001178,PayU Enterprise,UBER-ORD-861478 UBER-ORD-873610 BATCH-UBER-1178,122174,2443,0,0,119731,INR,2026-08-14T12:19:00Z,BATCH-UBER-1178
PO_B12_001179,Cashfree Escrow,MMTR-INV-182749 PO_B12_001179,313982,5435,0,0,308547,INR,2026-08-13T16:28:00Z,BATCH-MMTR-1179
PO_B12_001180,BillDesk Settlement,PAYT-INV-703957 PO_B12_001180,314819,6017,0,0,308802,INR,2026-08-13T21:19:00Z,BATCH-PAYT-1180
PO_B12_001181,BillDesk Settlement,TATA-INV-224881 PO_B12_001181,379463,7065,0,0,372398,INR,2026-08-14T15:41:00Z,BATCH-TATA-1181
PO_B12_001182,Stripe India,UBER-INV-565961 PO_B12_001182,126267,2299,0,0,123968,INR,2026-08-14T12:05:00Z,BATCH-UBER-1182
PO_B12_001183,PayU Enterprise,TATA-INV-549145 PO_B12_001183,383679,6196,0,0,377483,INR,2026-08-14T11:55:00Z,BATCH-TATA-1183
PO_B12_001184,PayU Enterprise,MMTR-INV-801648 PO_B12_001184,281675,4466,0,0,277209,INR,2026-08-14T02:28:00Z,BATCH-MMTR-1184
PO_B12_001185,Cashfree Escrow,UBER-ORD-952296 UBER-ORD-887117 UBER-ORD-273011 BATCH-UBER-1185,361169,7223,0,0,353946,INR,2026-08-13T23:06:00Z,BATCH-UBER-1185
PO_B12_001186,Stripe India,SWIG-INV-599224 PO_B12_001186,223446,4134,0,0,219312,INR,2026-08-14T14:48:00Z,BATCH-SWIG-1186
PO_B12_001187,Razorpay Nodal,JIOO-INV-897595 PO_B12_001187,252280,3920,0,0,248360,INR,2026-08-13T15:53:00Z,BATCH-JIOO-1187
PO_B12_001188,Stripe India,PAYT-INV-295277 PO_B12_001188,274132,6787,0,0,267345,INR,2026-08-14T09:51:00Z,BATCH-PAYT-1188
PO_B12_001189,Razorpay Nodal,AMZN-INV-999562 PO_B12_001189,357624,6331,0,0,351293,INR,2026-08-13T23:21:00Z,BATCH-AMZN-1189
PO_B12_001190,BillDesk Settlement,JIOO-INV-354479 PO_B12_001190,354454,6866,0,0,347588,INR,2026-08-14T00:02:00Z,BATCH-JIOO-1190
PO_B12_001191,BillDesk Settlement,FLPK-ORD-780360 FLPK-ORD-701025 FLPK-ORD-312836 BATCH-FLPK-1191,550529,11010,0,0,539519,INR,2026-08-14T12:34:00Z,BATCH-FLPK-1191
PO_B12_001192,BillDesk Settlement,MYNT-INV-377205 PO_B12_001192,442793,7602,0,0,435191,INR,2026-08-13T17:10:00Z,BATCH-MYNT-1192
PO_B12_001193,BillDesk Settlement,ZOMA-INV-305515 PO_B12_001193,182731,4295,0,0,178436,INR,2026-08-14T15:30:00Z,BATCH-ZOMA-1193
PO_B12_001194,PayU Enterprise,NYKA-EXC-734683-UNRESOLVED,62430,1238,0,0,61192,INR,2026-08-14T18:22:00Z,HOLD-ESCROW
PO_B12_001195,PayU Enterprise,OLAA-ORD-682780 OLAA-ORD-870928 OLAA-ORD-591653 BATCH-OLAA-1195,470605,9412,0,0,461193,INR,2026-08-14T16:20:00Z,BATCH-OLAA-1195
PO_B12_001196,BillDesk Settlement,BLNK-INV-871727 PO_B12_001196,104147,2521,0,0,101626,INR,2026-08-14T09:50:00Z,BATCH-BLNK-1196
PO_B12_001197,BillDesk Settlement,BLNK-EXC-334651-UNRESOLVED,87562,1741,0,0,85821,INR,2026-08-15T00:39:00Z,HOLD-ESCROW
PO_B12_001198,Stripe India,AMZN-ORD-862521 AMZN-ORD-354450 BATCH-AMZN-1198,361657,7233,0,0,354424,INR,2026-08-14T05:29:00Z,BATCH-AMZN-1198
PO_B12_001199,PayU Enterprise,MYNT-INV-826192 PO_B12_001199,230062,4085,0,0,225977,INR,2026-08-14T09:40:00Z,BATCH-MYNT-1199
PO_B12_001200,Cashfree Escrow,MMTR-ORD-153564 MMTR-ORD-872134 BATCH-MMTR-1200,347665,6953,0,0,340712,INR,2026-08-14T19:59:00Z,BATCH-MMTR-1200
PO_B12_001201,Razorpay Nodal,FLPK-INV-912283 PO_B12_001201,186339,3664,0,0,182675,INR,2026-08-14T07:45:00Z,BATCH-FLPK-1201
PO_B12_001202,Razorpay Nodal,ZOMA-INV-468596 PO_B12_001202,406170,6753,0,0,399417,INR,2026-08-13T14:03:00Z,BATCH-ZOMA-1202
PO_B12_001203,Stripe India,OLAA-INV-150969 PO_B12_001203,385233,6274,0,0,378959,INR,2026-08-14T13:49:00Z,BATCH-OLAA-1203
PO_B12_001204,Cashfree Escrow,ZOMA-INV-482574 PO_B12_001204,29902,720,0,0,29182,INR,2026-08-14T05:54:00Z,BATCH-ZOMA-1204
PO_B12_001205,Cashfree Escrow,UBER-INV-899773 PO_B12_001205,227507,4081,0,0,223426,INR,2026-08-14T04:06:00Z,BATCH-UBER-1205
PO_B12_001206,PayU Enterprise,ZOMA-ORD-971507 ZOMA-ORD-480537 BATCH-ZOMA-1206,291401,5828,0,0,285573,INR,2026-08-14T18:39:00Z,BATCH-ZOMA-1206
PO_B12_001207,Cashfree Escrow,TATA-ORD-616932 TATA-ORD-724668 BATCH-TATA-1207,219785,4395,0,0,215390,INR,2026-08-14T14:45:00Z,BATCH-TATA-1207
PO_B12_001208,PayU Enterprise,MYNT-INV-917729 PO_B12_001208,176382,4199,0,0,172183,INR,2026-08-14T16:49:00Z,BATCH-MYNT-1208
PO_B12_001209,BillDesk Settlement,UBER-INV-923150 PO_B12_001209,90248,1724,0,0,88524,INR,2026-08-13T21:30:00Z,BATCH-UBER-1209
PO_B12_001210,Stripe India,SWIG-INV-367204 PO_B12_001210,441582,8741,0,0,432841,INR,2026-08-14T10:06:00Z,BATCH-SWIG-1210
PO_B12_001211,Cashfree Escrow,BLNK-INV-677636 PO_B12_001211,319934,7486,0,0,312448,INR,2026-08-14T09:25:00Z,BATCH-BLNK-1211
PO_B12_001212,Stripe India,PHNP-ORD-414721 PHNP-ORD-329821 BATCH-PHNP-1212,321743,6434,0,0,315309,INR,2026-08-14T08:24:00Z,BATCH-PHNP-1212
PO_B12_001213,PayU Enterprise,OLAA-INV-896488 PO_B12_001213,77683,1935,0,0,75748,INR,2026-08-14T03:05:00Z,BATCH-OLAA-1213
PO_B12_001214,Cashfree Escrow,BLNK-INV-902485 PO_B12_001214,241978,6028,0,0,235950,INR,2026-08-14T04:44:00Z,BATCH-BLNK-1214
PO_B12_001215,Stripe India,SWIG-EXC-731871-UNRESOLVED,279398,5577,0,0,273821,INR,2026-08-14T13:29:00Z,HOLD-ESCROW
PO_B12_001216,Razorpay Nodal,MYNT-INV-294959 PO_B12_001216,362684,6480,0,0,356204,INR,2026-08-14T23:19:00Z,BATCH-MYNT-1216
PO_B12_001217,BillDesk Settlement,BBAS-ORD-931716 BBAS-ORD-239372 BBAS-ORD-673756 BATCH-BBAS-1217,345248,6904,0,0,338344,INR,2026-08-14T19:02:00Z,BATCH-BBAS-1217
PO_B12_001218,Razorpay Nodal,NYKA-INV-703901 PO_B12_001218,259735,6123,0,0,253612,INR,2026-08-14T09:07:00Z,BATCH-NYKA-1218
PO_B12_001219,Cashfree Escrow,JIOO-INV-992479 PO_B12_001219,363435,8532,0,0,354903,INR,2026-08-14T01:42:00Z,BATCH-JIOO-1219
PO_B12_001220,Razorpay Nodal,MMTR-INV-907749 PO_B12_001220,98099,2375,0,0,95724,INR,2026-08-14T14:47:00Z,BATCH-MMTR-1220
PO_B12_001221,PayU Enterprise,UBER-INV-929606 PO_B12_001221,272972,4316,0,0,268656,INR,2026-08-14T02:57:00Z,BATCH-UBER-1221
PO_B12_001222,PayU Enterprise,PHNP-ORD-495015 PHNP-ORD-459925 PHNP-ORD-297103 BATCH-PHNP-1222,285066,5701,0,0,279365,INR,2026-08-14T08:47:00Z,BATCH-PHNP-1222
PO_B12_001223,BillDesk Settlement,UBER-ORD-531880 UBER-ORD-525898 UBER-ORD-366903 BATCH-UBER-1223,466920,9338,0,0,457582,INR,2026-08-14T02:34:00Z,BATCH-UBER-1223
PO_B12_001224,BillDesk Settlement,SWIG-INV-207207 PO_B12_001224,262290,5247,0,0,257043,INR,2026-08-14T01:04:00Z,BATCH-SWIG-1224
PO_B12_001225,BillDesk Settlement,ZOMA-INV-936252 PO_B12_001225,27229,545,0,0,26684,INR,2026-08-14T08:48:00Z,BATCH-ZOMA-1225
PO_B12_001226,Stripe India,AMZN-ORD-941663 AMZN-ORD-473692 AMZN-ORD-486786 BATCH-AMZN-1226,369483,7389,0,0,362094,INR,2026-08-14T12:34:00Z,BATCH-AMZN-1226
PO_B12_001227,BillDesk Settlement,MYNT-INV-800237 PO_B12_001227,53720,817,0,0,52903,INR,2026-08-14T17:31:00Z,BATCH-MYNT-1227
PO_B12_001228,PayU Enterprise,PHNP-INV-676726 PO_B12_001228,362804,9064,0,0,353740,INR,2026-08-14T01:18:00Z,BATCH-PHNP-1228
PO_B12_001229,Cashfree Escrow,JIOO-ORD-529096 JIOO-ORD-312872 JIOO-ORD-490297 BATCH-JIOO-1229,352202,7044,0,0,345158,INR,2026-08-14T01:39:00Z,BATCH-JIOO-1229
PO_B12_001230,BillDesk Settlement,SWIG-INV-564482 PO_B12_001230,398615,8905,0,0,389710,INR,2026-08-14T11:05:00Z,BATCH-SWIG-1230
PO_B12_001231,Razorpay Nodal,MMTR-EXC-918676-UNRESOLVED,97512,1940,0,0,95572,INR,2026-08-14T22:43:00Z,HOLD-ESCROW
PO_B12_001232,PayU Enterprise,NYKA-INV-781048 PO_B12_001232,103625,1938,0,0,101687,INR,2026-08-14T12:16:00Z,BATCH-NYKA-1232
PO_B12_001233,BillDesk Settlement,PAYT-ORD-820887 PAYT-ORD-577465 BATCH-PAYT-1233,388315,7766,0,0,380549,INR,2026-08-14T01:00:00Z,BATCH-PAYT-1233
PO_B12_001234,Razorpay Nodal,MMTR-INV-549467 PO_B12_001234,445631,10317,0,0,435314,INR,2026-08-14T09:06:00Z,BATCH-MMTR-1234
PO_B12_001235,PayU Enterprise,SWIG-EXC-229892-UNRESOLVED,189971,3789,0,0,186182,INR,2026-08-14T17:02:00Z,HOLD-ESCROW
PO_B12_001236,Stripe India,JIOO-ORD-661145 JIOO-ORD-142313 JIOO-ORD-178282 BATCH-JIOO-1236,347848,6956,0,0,340892,INR,2026-08-14T06:26:00Z,BATCH-JIOO-1236
PO_B12_001237,Razorpay Nodal,OLAA-INV-119302 PO_B12_001237,361320,6434,0,0,354886,INR,2026-08-14T11:07:00Z,BATCH-OLAA-1237
PO_B12_001238,PayU Enterprise,SWIG-ORD-335033 SWIG-ORD-882923 SWIG-ORD-345652 BATCH-SWIG-1238,521950,10439,0,0,511511,INR,2026-08-14T06:16:00Z,BATCH-SWIG-1238
PO_B12_001239,Razorpay Nodal,MYNT-ORD-854811 MYNT-ORD-635946 MYNT-ORD-637819 BATCH-MYNT-1239,391279,7825,0,0,383454,INR,2026-08-13T23:43:00Z,BATCH-MYNT-1239
PO_B12_001240,Cashfree Escrow,FLPK-ORD-510678 FLPK-ORD-410049 FLPK-ORD-808274 BATCH-FLPK-1240,384781,7695,0,0,377086,INR,2026-08-14T05:43:00Z,BATCH-FLPK-1240
PO_B12_001241,Razorpay Nodal,TATA-ORD-548171 TATA-ORD-264222 BATCH-TATA-1241,361706,7234,0,0,354472,INR,2026-08-14T18:54:00Z,BATCH-TATA-1241
PO_B12_001242,PayU Enterprise,ZOMA-ORD-997473 ZOMA-ORD-605596 BATCH-ZOMA-1242,254609,5092,0,0,249517,INR,2026-08-14T09:14:00Z,BATCH-ZOMA-1242
PO_B12_001243,Stripe India,ZOMA-INV-861071 PO_B12_001243,419504,9886,0,0,409618,INR,2026-08-14T14:37:00Z,BATCH-ZOMA-1243
PO_B12_001244,Razorpay Nodal,TATA-INV-566519 PO_B12_001244,388090,8013,0,0,380077,INR,2026-08-14T09:13:00Z,BATCH-TATA-1244
PO_B12_001245,Razorpay Nodal,UBER-INV-485261 PO_B12_001245,387482,6410,0,0,381072,INR,2026-08-13T19:06:00Z,BATCH-UBER-1245
PO_B12_001246,Cashfree Escrow,MYNT-INV-612885 PO_B12_001246,86474,1437,0,0,85037,INR,2026-08-14T02:31:00Z,BATCH-MYNT-1246
PO_B12_001247,Stripe India,MMTR-INV-207504 PO_B12_001247,205984,4707,0,0,201277,INR,2026-08-14T17:58:00Z,BATCH-MMTR-1247
PO_B12_001248,Cashfree Escrow,SWIG-ORD-970135 SWIG-ORD-740272 BATCH-SWIG-1248,328815,6576,0,0,322239,INR,2026-08-14T05:57:00Z,BATCH-SWIG-1248
PO_B12_001249,Razorpay Nodal,BKMS-EXC-993885-UNRESOLVED,188273,3755,0,0,184518,INR,2026-08-14T17:41:00Z,HOLD-ESCROW
PO_B12_001250,BillDesk Settlement,OLAA-INV-581196 PO_B12_001250,205403,4859,0,0,200544,INR,2026-08-14T11:43:00Z,BATCH-OLAA-1250
PO_B12_001251,BillDesk Settlement,PAYT-INV-171082 PO_B12_001251,390323,5857,0,0,384466,INR,2026-08-14T08:09:00Z,BATCH-PAYT-1251
PO_B12_001252,Cashfree Escrow,MYNT-INV-649322 PO_B12_001252,429300,6893,0,0,422407,INR,2026-08-14T04:05:00Z,BATCH-MYNT-1252
PO_B12_001253,Cashfree Escrow,FLPK-INV-586931 PO_B12_001253,105593,2625,0,0,102968,INR,2026-08-14T18:24:00Z,BATCH-FLPK-1253
PO_B12_001254,Razorpay Nodal,SWIG-INV-914337 PO_B12_001254,358462,5608,0,0,352854,INR,2026-08-14T16:19:00Z,BATCH-SWIG-1254
PO_B12_001255,Stripe India,TATA-ORD-732646 TATA-ORD-977137 BATCH-TATA-1255,352920,7058,0,0,345862,INR,2026-08-14T02:30:00Z,BATCH-TATA-1255
PO_B12_001256,PayU Enterprise,TATA-ORD-840601 TATA-ORD-776330 TATA-ORD-895876 BATCH-TATA-1256,353527,7070,0,0,346457,INR,2026-08-14T07:16:00Z,BATCH-TATA-1256
PO_B12_001257,Cashfree Escrow,MYNT-INV-269875 PO_B12_001257,210198,3601,0,0,206597,INR,2026-08-14T19:39:00Z,BATCH-MYNT-1257
PO_B12_001258,PayU Enterprise,ZOMA-ORD-172255 ZOMA-ORD-984620 ZOMA-ORD-160109 BATCH-ZOMA-1258,366112,7322,0,0,358790,INR,2026-08-14T09:31:00Z,BATCH-ZOMA-1258
PO_B12_001259,Stripe India,UBER-ORD-372264 UBER-ORD-126936 UBER-ORD-470034 BATCH-UBER-1259,291294,5825,0,0,285469,INR,2026-08-14T18:07:00Z,BATCH-UBER-1259
PO_B12_001260,Razorpay Nodal,BKMS-INV-262457 PO_B12_001260,193772,3208,0,0,190564,INR,2026-08-14T00:13:00Z,BATCH-BKMS-1260
PO_B12_001261,Stripe India,SWIG-INV-358618 PO_B12_001261,293434,6561,0,0,286873,INR,2026-08-14T15:30:00Z,BATCH-SWIG-1261
PO_B12_001262,BillDesk Settlement,OLAA-ORD-597536 OLAA-ORD-858802 OLAA-ORD-337970 BATCH-OLAA-1262,321385,6427,0,0,314958,INR,2026-08-14T13:16:00Z,BATCH-OLAA-1262
PO_B12_001263,Razorpay Nodal,PHNP-INV-294716 PO_B12_001263,134676,2673,0,0,132003,INR,2026-08-14T11:03:00Z,BATCH-PHNP-1263
PO_B12_001264,PayU Enterprise,ZOMA-INV-230111 PO_B12_001264,244223,5713,0,0,238510,INR,2026-08-14T10:24:00Z,BATCH-ZOMA-1264
PO_B12_001265,Cashfree Escrow,MYNT-INV-703722 PO_B12_001265,202285,4805,0,0,197480,INR,2026-08-14T22:41:00Z,BATCH-MYNT-1265
PO_B12_001266,BillDesk Settlement,ZOMA-ORD-609062 ZOMA-ORD-748826 BATCH-ZOMA-1266,430897,8617,0,0,422280,INR,2026-08-14T06:02:00Z,BATCH-ZOMA-1266
PO_B12_001267,PayU Enterprise,AMZN-ORD-741195 AMZN-ORD-581314 BATCH-AMZN-1267,301072,6021,0,0,295051,INR,2026-08-14T03:19:00Z,BATCH-AMZN-1267
PO_B12_001268,PayU Enterprise,NYKA-ORD-476419 NYKA-ORD-959931 BATCH-NYKA-1268,381095,7621,0,0,373474,INR,2026-08-14T07:24:00Z,BATCH-NYKA-1268
PO_B12_001269,BillDesk Settlement,TATA-INV-874649 PO_B12_001269,245758,6079,0,0,239679,INR,2026-08-13T17:55:00Z,BATCH-TATA-1269
PO_B12_001270,BillDesk Settlement,BLNK-INV-278959 PO_B12_001270,328373,6948,0,0,321425,INR,2026-08-13T21:49:00Z,BATCH-BLNK-1270
PO_B12_001271,BillDesk Settlement,ZOMA-INV-158734 PO_B12_001271,92152,1465,0,0,90687,INR,2026-08-13T19:54:00Z,BATCH-ZOMA-1271
PO_B12_001272,BillDesk Settlement,OLAA-ORD-745004 OLAA-ORD-451164 BATCH-OLAA-1272,347228,6944,0,0,340284,INR,2026-08-14T08:09:00Z,BATCH-OLAA-1272
PO_B12_001273,Razorpay Nodal,UBER-INV-317960 PO_B12_001273,435872,9315,0,0,426557,INR,2026-08-14T17:05:00Z,BATCH-UBER-1273
PO_B12_001274,BillDesk Settlement,BKMS-INV-528512 PO_B12_001274,246045,4293,0,0,241752,INR,2026-08-13T23:45:00Z,BATCH-BKMS-1274
PO_B12_001275,BillDesk Settlement,UBER-INV-504094 PO_B12_001275,148863,2521,0,0,146342,INR,2026-08-14T12:41:00Z,BATCH-UBER-1275
PO_B12_001276,PayU Enterprise,BKMS-INV-384247 PO_B12_001276,276690,6778,0,0,269912,INR,2026-08-14T00:09:00Z,BATCH-BKMS-1276
PO_B12_001277,Stripe India,BKMS-ORD-751645 BKMS-ORD-381868 BATCH-BKMS-1277,278731,5574,0,0,273157,INR,2026-08-14T00:39:00Z,BATCH-BKMS-1277
PO_B12_001278,Stripe India,PAYT-ORD-950926 PAYT-ORD-356080 BATCH-PAYT-1278,342280,6845,0,0,335435,INR,2026-08-14T16:15:00Z,BATCH-PAYT-1278
PO_B12_001279,Razorpay Nodal,PAYT-ORD-805368 PAYT-ORD-390068 PAYT-ORD-811780 BATCH-PAYT-1279,464510,9290,0,0,455220,INR,2026-08-14T18:17:00Z,BATCH-PAYT-1279
PO_B12_001280,Razorpay Nodal,SWIG-INV-658067 PO_B12_001280,388176,8098,0,0,380078,INR,2026-08-14T14:48:00Z,BATCH-SWIG-1280
PO_B12_001281,Cashfree Escrow,MMTR-INV-677402 PO_B12_001281,211136,5151,0,0,205985,INR,2026-08-13T18:06:00Z,BATCH-MMTR-1281
PO_B12_001282,BillDesk Settlement,MMTR-INV-755173 PO_B12_001282,349987,7554,0,0,342433,INR,2026-08-14T16:46:00Z,BATCH-MMTR-1282
PO_B12_001283,PayU Enterprise,JIOO-INV-949237 PO_B12_001283,325802,5269,0,0,320533,INR,2026-08-14T04:06:00Z,BATCH-JIOO-1283
PO_B12_001284,Cashfree Escrow,SWIG-INV-453426 PO_B12_001284,165378,3961,0,0,161417,INR,2026-08-14T20:05:00Z,BATCH-SWIG-1284
PO_B12_001285,Cashfree Escrow,MMTR-INV-393994 PO_B12_001285,69849,1412,0,0,68437,INR,2026-08-14T18:40:00Z,BATCH-MMTR-1285
PO_B12_001286,Stripe India,ZOMA-INV-956428 PO_B12_001286,230611,4193,0,0,226418,INR,2026-08-14T05:06:00Z,BATCH-ZOMA-1286
PO_B12_001287,Stripe India,PAYT-INV-176825 PO_B12_001287,335526,6924,0,0,328602,INR,2026-08-14T04:38:00Z,BATCH-PAYT-1287
PO_B12_001288,Razorpay Nodal,BLNK-ORD-566795 BLNK-ORD-628638 BATCH-BLNK-1288,114838,2296,0,0,112542,INR,2026-08-13T23:11:00Z,BATCH-BLNK-1288
PO_B12_001289,Cashfree Escrow,NYKA-ORD-686569 NYKA-ORD-894712 NYKA-ORD-471705 BATCH-NYKA-1289,372464,7449,0,0,365015,INR,2026-08-14T15:43:00Z,BATCH-NYKA-1289
PO_B12_001290,Stripe India,PAYT-INV-319709 PO_B12_001290,435637,9142,0,0,426495,INR,2026-08-14T13:54:00Z,BATCH-PAYT-1290
PO_B12_001291,Cashfree Escrow,PHNP-INV-934548 PO_B12_001291,285762,4427,0,0,281335,INR,2026-08-13T17:38:00Z,BATCH-PHNP-1291
PO_B12_001292,Stripe India,BKMS-ORD-952819 BKMS-ORD-537486 BKMS-ORD-354389 BATCH-BKMS-1292,491518,9830,0,0,481688,INR,2026-08-14T01:10:00Z,BATCH-BKMS-1292
PO_B12_001293,BillDesk Settlement,SWIG-INV-360198 PO_B12_001293,75911,1783,0,0,74128,INR,2026-08-13T16:59:00Z,BATCH-SWIG-1293
PO_B12_001294,PayU Enterprise,TATA-INV-800823 PO_B12_001294,166631,2723,0,0,163908,INR,2026-08-14T18:22:00Z,BATCH-TATA-1294
PO_B12_001295,BillDesk Settlement,BLNK-INV-326091 PO_B12_001295,257410,4379,0,0,253031,INR,2026-08-14T15:18:00Z,BATCH-BLNK-1295
PO_B12_001296,Cashfree Escrow,NYKA-ORD-817069 NYKA-ORD-940879 NYKA-ORD-286820 BATCH-NYKA-1296,443215,8864,0,0,434351,INR,2026-08-14T09:57:00Z,BATCH-NYKA-1296
PO_B12_001297,PayU Enterprise,SWIG-ORD-528026 SWIG-ORD-606339 BATCH-SWIG-1297,244543,4890,0,0,239653,INR,2026-08-14T12:50:00Z,BATCH-SWIG-1297
PO_B12_001298,Cashfree Escrow,PHNP-INV-133692 PO_B12_001298,332673,7778,0,0,324895,INR,2026-08-14T07:53:00Z,BATCH-PHNP-1298
PO_B12_001299,Cashfree Escrow,MMTR-INV-495226 PO_B12_001299,229117,3587,0,0,225530,INR,2026-08-14T03:32:00Z,BATCH-MMTR-1299
PO_B12_001300,PayU Enterprise,PAYT-INV-985778 PO_B12_001300,250249,4095,0,0,246154,INR,2026-08-14T17:11:00Z,BATCH-PAYT-1300
PO_B12_001301,BillDesk Settlement,PHNP-INV-699552 PO_B12_001301,398756,8282,0,0,390474,INR,2026-08-14T12:31:00Z,BATCH-PHNP-1301
PO_B12_001302,Stripe India,TATA-INV-804326 PO_B12_001302,162914,2509,0,0,160405,INR,2026-08-14T18:27:00Z,BATCH-TATA-1302
PO_B12_001303,Cashfree Escrow,MYNT-ORD-826038 MYNT-ORD-963931 MYNT-ORD-405242 BATCH-MYNT-1303,193314,3866,0,0,189448,INR,2026-08-14T03:58:00Z,BATCH-MYNT-1303
PO_B12_001304,Stripe India,BKMS-INV-125703 PO_B12_001304,414704,9585,0,0,405119,INR,2026-08-14T17:29:00Z,BATCH-BKMS-1304
PO_B12_001305,PayU Enterprise,FLPK-INV-323023 PO_B12_001305,293884,4430,0,0,289454,INR,2026-08-14T15:01:00Z,BATCH-FLPK-1305
PO_B12_001306,PayU Enterprise,TATA-INV-922454 PO_B12_001306,219868,5354,0,0,214514,INR,2026-08-14T03:04:00Z,BATCH-TATA-1306
PO_B12_001307,BillDesk Settlement,PAYT-INV-200989 PO_B12_001307,367941,6579,0,0,361362,INR,2026-08-15T01:13:00Z,BATCH-PAYT-1307
PO_B12_001308,Razorpay Nodal,OLAA-INV-279584 PO_B12_001308,104129,1838,0,0,102291,INR,2026-08-14T16:15:00Z,BATCH-OLAA-1308
PO_B12_001309,PayU Enterprise,BKMS-ORD-571479 BKMS-ORD-840557 BKMS-ORD-651367 BATCH-BKMS-1309,429104,8582,0,0,420522,INR,2026-08-14T01:01:00Z,BATCH-BKMS-1309
PO_B12_001310,BillDesk Settlement,BBAS-EXC-911280-UNRESOLVED,104065,2071,0,0,101994,INR,2026-08-15T00:17:00Z,HOLD-ESCROW
PO_B12_001311,Stripe India,FLPK-ORD-668504 FLPK-ORD-912015 FLPK-ORD-505161 BATCH-FLPK-1311,233473,4669,0,0,228804,INR,2026-08-13T22:10:00Z,BATCH-FLPK-1311
PO_B12_001312,Razorpay Nodal,SWIG-INV-743346 PO_B12_001312,55125,942,0,0,54183,INR,2026-08-14T03:30:00Z,BATCH-SWIG-1312
PO_B12_001313,PayU Enterprise,NYKA-INV-406910 PO_B12_001313,274307,6539,0,0,267768,INR,2026-08-14T09:21:00Z,BATCH-NYKA-1313
PO_B12_001314,Razorpay Nodal,SWIG-INV-738321 PO_B12_001314,302940,5140,0,0,297800,INR,2026-08-14T12:17:00Z,BATCH-SWIG-1314
PO_B12_001315,Cashfree Escrow,MMTR-INV-319677 PO_B12_001315,130565,2733,0,0,127832,INR,2026-08-14T02:50:00Z,BATCH-MMTR-1315
PO_B12_001316,BillDesk Settlement,AMZN-INV-172458 PO_B12_001316,412105,8727,0,0,403378,INR,2026-08-14T02:22:00Z,BATCH-AMZN-1316
PO_B12_001317,Razorpay Nodal,OLAA-INV-900166 PO_B12_001317,223458,4353,0,0,219105,INR,2026-08-14T16:09:00Z,BATCH-OLAA-1317
PO_B12_001318,PayU Enterprise,BKMS-ORD-824224 BKMS-ORD-506770 BATCH-BKMS-1318,382255,7645,0,0,374610,INR,2026-08-14T03:33:00Z,BATCH-BKMS-1318
PO_B12_001319,Stripe India,UBER-INV-511772 PO_B12_001319,359258,8180,0,0,351078,INR,2026-08-14T10:37:00Z,BATCH-UBER-1319
PO_B12_001320,Stripe India,MYNT-INV-961175 PO_B12_001320,180170,2930,0,0,177240,INR,2026-08-14T20:15:00Z,BATCH-MYNT-1320
PO_B12_001321,Stripe India,FLPK-INV-454001 PO_B12_001321,256888,5932,0,0,250956,INR,2026-08-14T03:30:00Z,BATCH-FLPK-1321
PO_B12_001322,PayU Enterprise,OLAA-INV-142039 PO_B12_001322,78961,1765,0,0,77196,INR,2026-08-14T01:25:00Z,BATCH-OLAA-1322
PO_B12_001323,Razorpay Nodal,BBAS-ORD-922079 BBAS-ORD-298224 BATCH-BBAS-1323,182638,3652,0,0,178986,INR,2026-08-14T18:01:00Z,BATCH-BBAS-1323
PO_B12_001324,Razorpay Nodal,NYKA-INV-560964 PO_B12_001324,418815,9831,0,0,408984,INR,2026-08-14T04:58:00Z,BATCH-NYKA-1324
PO_B12_001325,Stripe India,AMZN-INV-704796 PO_B12_001325,262428,6302,0,0,256126,INR,2026-08-14T10:40:00Z,BATCH-AMZN-1325
PO_B12_001326,Cashfree Escrow,SWIG-INV-180527 PO_B12_001326,238669,4839,0,0,233830,INR,2026-08-14T07:02:00Z,BATCH-SWIG-1326
PO_B12_001327,BillDesk Settlement,FLPK-INV-669102 PO_B12_001327,355954,6480,0,0,349474,INR,2026-08-14T09:57:00Z,BATCH-FLPK-1327
PO_B12_001328,Stripe India,BKMS-INV-202418 PO_B12_001328,49907,1121,0,0,48786,INR,2026-08-15T00:21:00Z,BATCH-BKMS-1328
PO_B12_001329,Razorpay Nodal,NYKA-INV-137049 PO_B12_001329,443424,10022,0,0,433402,INR,2026-08-14T11:51:00Z,BATCH-NYKA-1329
PO_B12_001330,PayU Enterprise,BKMS-ORD-881881 BKMS-ORD-573113 BATCH-BKMS-1330,227780,4555,0,0,223225,INR,2026-08-14T12:25:00Z,BATCH-BKMS-1330
PO_B12_001331,Stripe India,BBAS-INV-160642 PO_B12_001331,427406,9329,0,0,418077,INR,2026-08-14T09:18:00Z,BATCH-BBAS-1331
PO_B12_001332,Razorpay Nodal,TATA-INV-288470 PO_B12_001332,378035,9143,0,0,368892,INR,2026-08-14T23:21:00Z,BATCH-TATA-1332
PO_B12_001333,Cashfree Escrow,PAYT-ORD-806250 PAYT-ORD-645397 BATCH-PAYT-1333,330295,6605,0,0,323690,INR,2026-08-14T17:46:00Z,BATCH-PAYT-1333
PO_B12_001334,BillDesk Settlement,PHNP-INV-689166 PO_B12_001334,432019,10193,0,0,421826,INR,2026-08-14T10:26:00Z,BATCH-PHNP-1334
PO_B12_001335,PayU Enterprise,FLPK-INV-169374 PO_B12_001335,310506,4921,0,0,305585,INR,2026-08-13T23:07:00Z,BATCH-FLPK-1335
PO_B12_001336,Razorpay Nodal,TATA-INV-365455 PO_B12_001336,146864,3244,0,0,143620,INR,2026-08-14T05:56:00Z,BATCH-TATA-1336
PO_B12_001337,PayU Enterprise,NYKA-INV-517551 PO_B12_001337,416670,8162,0,0,408508,INR,2026-08-13T18:43:00Z,BATCH-NYKA-1337
PO_B12_001338,PayU Enterprise,TATA-INV-622558 PO_B12_001338,245739,4921,0,0,240818,INR,2026-08-14T06:45:00Z,BATCH-TATA-1338
PO_B12_001339,PayU Enterprise,MMTR-ORD-986650 MMTR-ORD-980885 MMTR-ORD-287471 BATCH-MMTR-1339,555829,11116,0,0,544713,INR,2026-08-14T00:47:00Z,BATCH-MMTR-1339
PO_B12_001340,BillDesk Settlement,JIOO-ORD-796763 JIOO-ORD-689391 BATCH-JIOO-1340,186980,3739,0,0,183241,INR,2026-08-14T20:32:00Z,BATCH-JIOO-1340
PO_B12_001341,Cashfree Escrow,SWIG-ORD-789778 SWIG-ORD-645334 BATCH-SWIG-1341,359560,7191,0,0,352369,INR,2026-08-13T22:30:00Z,BATCH-SWIG-1341
PO_B12_001342,Stripe India,MYNT-INV-685046 PO_B12_001342,36472,581,0,0,35891,INR,2026-08-14T04:25:00Z,BATCH-MYNT-1342
PO_B12_001343,BillDesk Settlement,NYKA-ORD-322248 NYKA-ORD-396514 NYKA-ORD-109044 BATCH-NYKA-1343,475025,9500,0,0,465525,INR,2026-08-14T02:08:00Z,BATCH-NYKA-1343
PO_B12_001344,PayU Enterprise,SWIG-ORD-216444 SWIG-ORD-870481 SWIG-ORD-145456 BATCH-SWIG-1344,565276,11305,0,0,553971,INR,2026-08-14T06:31:00Z,BATCH-SWIG-1344
PO_B12_001345,Stripe India,BKMS-INV-920239 PO_B12_001345,30945,637,0,0,30308,INR,2026-08-14T22:31:00Z,BATCH-BKMS-1345
PO_B12_001346,PayU Enterprise,OLAA-INV-975174 PO_B12_001346,75822,1501,0,0,74321,INR,2026-08-14T06:55:00Z,BATCH-OLAA-1346
PO_B12_001347,BillDesk Settlement,ZOMA-INV-219911 PO_B12_001347,45381,1002,0,0,44379,INR,2026-08-14T13:26:00Z,BATCH-ZOMA-1347
PO_B12_001348,Razorpay Nodal,JIOO-INV-807862 PO_B12_001348,316324,7091,0,0,309233,INR,2026-08-13T13:27:00Z,BATCH-JIOO-1348
PO_B12_001349,Cashfree Escrow,BBAS-INV-927165 PO_B12_001349,136325,2850,0,0,133475,INR,2026-08-13T16:38:00Z,BATCH-BBAS-1349
PO_B12_001350,Stripe India,TATA-INV-801697 PO_B12_001350,228083,4612,0,0,223471,INR,2026-08-14T21:38:00Z,BATCH-TATA-1350
PO_B12_001351,Cashfree Escrow,BKMS-INV-302817 PO_B12_001351,251186,4701,0,0,246485,INR,2026-08-14T13:15:00Z,BATCH-BKMS-1351
PO_B12_001352,Cashfree Escrow,BKMS-INV-434885 PO_B12_001352,347262,5416,0,0,341846,INR,2026-08-13T22:01:00Z,BATCH-BKMS-1352
PO_B12_001353,Razorpay Nodal,BKMS-INV-567357 PO_B12_001353,165418,4072,0,0,161346,INR,2026-08-14T08:46:00Z,BATCH-BKMS-1353
PO_B12_001354,PayU Enterprise,MYNT-INV-179374 PO_B12_001354,301036,5713,0,0,295323,INR,2026-08-14T09:26:00Z,BATCH-MYNT-1354
PO_B12_001355,Razorpay Nodal,AMZN-EXC-610154-UNRESOLVED,290037,5790,0,0,284247,INR,2026-08-14T18:55:00Z,HOLD-ESCROW
PO_B12_001356,Razorpay Nodal,PAYT-ORD-831747 PAYT-ORD-107772 BATCH-PAYT-1356,237525,4750,0,0,232775,INR,2026-08-14T17:07:00Z,BATCH-PAYT-1356
PO_B12_001357,PayU Enterprise,NYKA-INV-156217 PO_B12_001357,235469,5407,0,0,230062,INR,2026-08-15T00:23:00Z,BATCH-NYKA-1357
PO_B12_001358,PayU Enterprise,MMTR-INV-205810 PO_B12_001358,307674,5164,0,0,302510,INR,2026-08-14T01:42:00Z,BATCH-MMTR-1358
PO_B12_001359,PayU Enterprise,MMTR-INV-624559 PO_B12_001359,192210,3210,0,0,189000,INR,2026-08-14T09:18:00Z,BATCH-MMTR-1359
PO_B12_001360,BillDesk Settlement,FLPK-INV-876232 PO_B12_001360,396222,8531,0,0,387691,INR,2026-08-14T14:07:00Z,BATCH-FLPK-1360
PO_B12_001361,Cashfree Escrow,FLPK-ORD-485084 FLPK-ORD-165888 BATCH-FLPK-1361,199568,3991,0,0,195577,INR,2026-08-14T08:43:00Z,BATCH-FLPK-1361
PO_B12_001362,Razorpay Nodal,BBAS-INV-482090 PO_B12_001362,45789,761,0,0,45028,INR,2026-08-14T05:31:00Z,BATCH-BBAS-1362
PO_B12_001363,Razorpay Nodal,FLPK-INV-522833 PO_B12_001363,311982,7264,0,0,304718,INR,2026-08-14T08:45:00Z,BATCH-FLPK-1363
PO_B12_001364,Cashfree Escrow,FLPK-INV-730117 PO_B12_001364,249830,4204,0,0,245626,INR,2026-08-14T04:44:00Z,BATCH-FLPK-1364
PO_B12_001365,BillDesk Settlement,PHNP-ORD-361247 PHNP-ORD-339764 BATCH-PHNP-1365,316340,6326,0,0,310014,INR,2026-08-14T02:44:00Z,BATCH-PHNP-1365
PO_B12_001366,PayU Enterprise,BKMS-ORD-347385 BKMS-ORD-503982 BATCH-BKMS-1366,240398,4807,0,0,235591,INR,2026-08-14T15:58:00Z,BATCH-BKMS-1366
PO_B12_001367,BillDesk Settlement,BLNK-INV-793595 PO_B12_001367,229812,4140,0,0,225672,INR,2026-08-14T15:31:00Z,BATCH-BLNK-1367
PO_B12_001368,PayU Enterprise,OLAA-ORD-925695 OLAA-ORD-370960 BATCH-OLAA-1368,262762,5255,0,0,257507,INR,2026-08-14T05:19:00Z,BATCH-OLAA-1368
PO_B12_001369,Cashfree Escrow,OLAA-INV-833943 PO_B12_001369,422465,7127,0,0,415338,INR,2026-08-14T00:39:00Z,BATCH-OLAA-1369
PO_B12_001370,Cashfree Escrow,BKMS-ORD-401999 BKMS-ORD-578520 BKMS-ORD-922057 BATCH-BKMS-1370,369355,7387,0,0,361968,INR,2026-08-14T15:25:00Z,BATCH-BKMS-1370
PO_B12_001371,BillDesk Settlement,MYNT-INV-304695 PO_B12_001371,250877,4311,0,0,246566,INR,2026-08-14T20:24:00Z,BATCH-MYNT-1371
PO_B12_001372,Cashfree Escrow,MYNT-INV-508495 PO_B12_001372,226346,5114,0,0,221232,INR,2026-08-14T12:54:00Z,BATCH-MYNT-1372
PO_B12_001373,Stripe India,MMTR-INV-242895 PO_B12_001373,198121,3376,0,0,194745,INR,2026-08-14T09:23:00Z,BATCH-MMTR-1373
PO_B12_001374,Cashfree Escrow,MMTR-INV-815007 PO_B12_001374,220785,3627,0,0,217158,INR,2026-08-14T23:21:00Z,BATCH-MMTR-1374
PO_B12_001375,Cashfree Escrow,FLPK-INV-323351 PO_B12_001375,300257,6793,0,0,293464,INR,2026-08-14T17:25:00Z,BATCH-FLPK-1375
PO_B12_001376,Stripe India,TATA-INV-248765 PO_B12_001376,376344,9324,0,0,367020,INR,2026-08-14T07:58:00Z,BATCH-TATA-1376
PO_B12_001377,BillDesk Settlement,BBAS-INV-755715 PO_B12_001377,152070,2908,0,0,149162,INR,2026-08-14T03:55:00Z,BATCH-BBAS-1377
PO_B12_001378,PayU Enterprise,PAYT-EXC-747105-UNRESOLVED,141107,2812,0,0,138295,INR,2026-08-15T00:50:00Z,HOLD-ESCROW
PO_B12_001379,Razorpay Nodal,BKMS-ORD-799526 BKMS-ORD-516273 BATCH-BKMS-1379,213068,4261,0,0,208807,INR,2026-08-14T11:36:00Z,BATCH-BKMS-1379
PO_B12_001380,PayU Enterprise,MYNT-INV-826855 PO_B12_001380,106156,2238,0,0,103918,INR,2026-08-15T01:21:00Z,BATCH-MYNT-1380
PO_B12_001381,PayU Enterprise,TATA-INV-113795 PO_B12_001381,96781,1938,0,0,94843,INR,2026-08-14T08:38:00Z,BATCH-TATA-1381
PO_B12_001382,PayU Enterprise,TATA-INV-964343 PO_B12_001382,73493,1661,0,0,71832,INR,2026-08-14T09:25:00Z,BATCH-TATA-1382
PO_B12_001383,Cashfree Escrow,UBER-INV-747771 PO_B12_001383,449637,8397,0,0,441240,INR,2026-08-13T23:01:00Z,BATCH-UBER-1383
PO_B12_001384,Stripe India,MYNT-INV-599130 PO_B12_001384,260036,4273,0,0,255763,INR,2026-08-14T15:59:00Z,BATCH-MYNT-1384
PO_B12_001385,Razorpay Nodal,PAYT-INV-737191 PO_B12_001385,81942,1818,0,0,80124,INR,2026-08-14T03:03:00Z,BATCH-PAYT-1385
PO_B12_001386,PayU Enterprise,BBAS-ORD-393282 BBAS-ORD-863904 BBAS-ORD-385712 BATCH-BBAS-1386,386525,7730,0,0,378795,INR,2026-08-14T13:38:00Z,BATCH-BBAS-1386
PO_B12_001387,BillDesk Settlement,BLNK-ORD-148357 BLNK-ORD-839462 BLNK-ORD-885984 BATCH-BLNK-1387,403709,8074,0,0,395635,INR,2026-08-14T09:01:00Z,BATCH-BLNK-1387
PO_B12_001388,PayU Enterprise,OLAA-INV-596519 PO_B12_001388,178171,3977,0,0,174194,INR,2026-08-13T18:23:00Z,BATCH-OLAA-1388
PO_B12_001389,BillDesk Settlement,FLPK-INV-743374 PO_B12_001389,208218,5107,0,0,203111,INR,2026-08-14T08:17:00Z,BATCH-FLPK-1389
PO_B12_001390,PayU Enterprise,PHNP-INV-759856 PO_B12_001390,244685,4959,0,0,239726,INR,2026-08-14T07:29:00Z,BATCH-PHNP-1390
PO_B12_001391,Razorpay Nodal,BBAS-INV-560324 PO_B12_001391,192573,4393,0,0,188180,INR,2026-08-13T22:38:00Z,BATCH-BBAS-1391
PO_B12_001392,Stripe India,BKMS-INV-611582 PO_B12_001392,262127,6337,0,0,255790,INR,2026-08-14T05:12:00Z,BATCH-BKMS-1392
PO_B12_001393,Razorpay Nodal,AMZN-INV-981619 PO_B12_001393,45282,900,0,0,44382,INR,2026-08-14T21:54:00Z,BATCH-AMZN-1393
PO_B12_001394,Razorpay Nodal,MMTR-ORD-750971 MMTR-ORD-230707 BATCH-MMTR-1394,357443,7148,0,0,350295,INR,2026-08-14T07:41:00Z,BATCH-MMTR-1394
PO_B12_001395,Cashfree Escrow,NYKA-INV-731173 PO_B12_001395,320355,6748,0,0,313607,INR,2026-08-14T09:13:00Z,BATCH-NYKA-1395
PO_B12_001396,Stripe India,AMZN-INV-624065 PO_B12_001396,246528,3755,0,0,242773,INR,2026-08-14T08:04:00Z,BATCH-AMZN-1396
PO_B12_001397,BillDesk Settlement,BBAS-INV-333175 PO_B12_001397,184880,3922,0,0,180958,INR,2026-08-14T19:42:00Z,BATCH-BBAS-1397
PO_B12_001398,Cashfree Escrow,PAYT-INV-837720 PO_B12_001398,238829,4627,0,0,234202,INR,2026-08-14T09:41:00Z,BATCH-PAYT-1398
PO_B12_001399,Cashfree Escrow,BLNK-EXC-289310-UNRESOLVED,144026,2870,0,0,141156,INR,2026-08-14T19:04:00Z,HOLD-ESCROW
PO_B12_001400,Stripe India,UBER-ORD-664063 UBER-ORD-668571 UBER-ORD-992031 BATCH-UBER-1400,324646,6492,0,0,318154,INR,2026-08-14T12:05:00Z,BATCH-UBER-1400
PO_B12_001401,BillDesk Settlement,PHNP-ORD-222829 PHNP-ORD-375909 PHNP-ORD-955885 BATCH-PHNP-1401,426033,8520,0,0,417513,INR,2026-08-14T11:05:00Z,BATCH-PHNP-1401
PO_B12_001402,Cashfree Escrow,NYKA-INV-445354 PO_B12_001402,151601,2451,0,0,149150,INR,2026-08-14T06:58:00Z,BATCH-NYKA-1402
PO_B12_001403,Stripe India,MMTR-INV-542825 PO_B12_001403,203090,4981,0,0,198109,INR,2026-08-14T13:50:00Z,BATCH-MMTR-1403
PO_B12_001404,Stripe India,ZOMA-INV-579774 PO_B12_001404,161538,3000,0,0,158538,INR,2026-08-14T05:47:00Z,BATCH-ZOMA-1404
PO_B12_001405,BillDesk Settlement,ZOMA-INV-947731 PO_B12_001405,375933,9126,0,0,366807,INR,2026-08-14T04:23:00Z,BATCH-ZOMA-1405
PO_B12_001406,Cashfree Escrow,AMZN-INV-671731 PO_B12_001406,244805,5736,0,0,239069,INR,2026-08-13T22:30:00Z,BATCH-AMZN-1406
PO_B12_001407,BillDesk Settlement,NYKA-ORD-551984 NYKA-ORD-425677 NYKA-ORD-341279 BATCH-NYKA-1407,304949,6098,0,0,298851,INR,2026-08-14T02:56:00Z,BATCH-NYKA-1407
PO_B12_001408,Stripe India,TATA-INV-456232 PO_B12_001408,437198,7760,0,0,429438,INR,2026-08-14T20:27:00Z,BATCH-TATA-1408
PO_B12_001409,Razorpay Nodal,PHNP-INV-290138 PO_B12_001409,199095,3989,0,0,195106,INR,2026-08-14T16:44:00Z,BATCH-PHNP-1409
PO_B12_001410,Cashfree Escrow,NYKA-ORD-591818 NYKA-ORD-658634 BATCH-NYKA-1410,38326,766,0,0,37560,INR,2026-08-14T09:01:00Z,BATCH-NYKA-1410
PO_B12_001411,BillDesk Settlement,NYKA-ORD-590659 NYKA-ORD-931416 NYKA-ORD-911249 BATCH-NYKA-1411,431893,8637,0,0,423256,INR,2026-08-14T11:44:00Z,BATCH-NYKA-1411
PO_B12_001412,Stripe India,PHNP-ORD-928078 PHNP-ORD-614754 BATCH-PHNP-1412,224059,4481,0,0,219578,INR,2026-08-14T03:30:00Z,BATCH-PHNP-1412
PO_B12_001413,Cashfree Escrow,NYKA-INV-432811 PO_B12_001413,182009,4236,0,0,177773,INR,2026-08-13T23:28:00Z,BATCH-NYKA-1413
PO_B12_001414,BillDesk Settlement,BLNK-ORD-608572 BLNK-ORD-714412 BLNK-ORD-216940 BATCH-BLNK-1414,248394,4967,0,0,243427,INR,2026-08-14T17:12:00Z,BATCH-BLNK-1414
PO_B12_001415,Cashfree Escrow,NYKA-INV-316711 PO_B12_001415,37794,942,0,0,36852,INR,2026-08-14T05:17:00Z,BATCH-NYKA-1415
PO_B12_001416,Razorpay Nodal,MYNT-INV-663742 PO_B12_001416,374979,7536,0,0,367443,INR,2026-08-14T03:37:00Z,BATCH-MYNT-1416
PO_B12_001417,Razorpay Nodal,BLNK-INV-766984 PO_B12_001417,108531,1716,0,0,106815,INR,2026-08-14T19:16:00Z,BATCH-BLNK-1417
PO_B12_001418,Razorpay Nodal,JIOO-INV-133625 PO_B12_001418,187896,4137,0,0,183759,INR,2026-08-13T20:51:00Z,BATCH-JIOO-1418
PO_B12_001419,Cashfree Escrow,NYKA-ORD-358739 NYKA-ORD-990821 BATCH-NYKA-1419,406452,8129,0,0,398323,INR,2026-08-14T14:26:00Z,BATCH-NYKA-1419
PO_B12_001420,Stripe India,OLAA-INV-697996 PO_B12_001420,326802,5597,0,0,321205,INR,2026-08-14T10:34:00Z,BATCH-OLAA-1420
PO_B12_001421,PayU Enterprise,PAYT-INV-899865 PO_B12_001421,194750,4397,0,0,190353,INR,2026-08-14T23:51:00Z,BATCH-PAYT-1421
PO_B12_001422,PayU Enterprise,AMZN-INV-273746 PO_B12_001422,249646,5123,0,0,244523,INR,2026-08-14T15:28:00Z,BATCH-AMZN-1422
PO_B12_001423,BillDesk Settlement,AMZN-INV-260319 PO_B12_001423,235506,3952,0,0,231554,INR,2026-08-14T08:05:00Z,BATCH-AMZN-1423
PO_B12_001424,BillDesk Settlement,PAYT-INV-301163 PO_B12_001424,110434,1838,0,0,108596,INR,2026-08-14T18:20:00Z,BATCH-PAYT-1424
PO_B12_001425,BillDesk Settlement,FLPK-INV-378716 PO_B12_001425,405071,7682,0,0,397389,INR,2026-08-14T08:08:00Z,BATCH-FLPK-1425
PO_B12_001426,Stripe India,BBAS-INV-297099 PO_B12_001426,366381,6503,0,0,359878,INR,2026-08-14T02:16:00Z,BATCH-BBAS-1426
PO_B12_001427,Stripe India,NYKA-INV-511264 PO_B12_001427,265340,4675,0,0,260665,INR,2026-08-14T09:34:00Z,BATCH-NYKA-1427
PO_B12_001428,PayU Enterprise,TATA-INV-317164 PO_B12_001428,426209,7803,0,0,418406,INR,2026-08-14T01:04:00Z,BATCH-TATA-1428
PO_B12_001429,PayU Enterprise,MYNT-INV-981917 PO_B12_001429,119985,2239,0,0,117746,INR,2026-08-14T17:22:00Z,BATCH-MYNT-1429
PO_B12_001430,Stripe India,OLAA-INV-808125 PO_B12_001430,272674,4456,0,0,268218,INR,2026-08-14T13:03:00Z,BATCH-OLAA-1430
PO_B12_001431,PayU Enterprise,BKMS-INV-178842 PO_B12_001431,379110,6131,0,0,372979,INR,2026-08-13T22:44:00Z,BATCH-BKMS-1431
PO_B12_001432,Cashfree Escrow,BLNK-EXC-165397-UNRESOLVED,110774,2205,0,0,108569,INR,2026-08-15T08:22:00Z,HOLD-ESCROW
PO_B12_001433,Stripe India,PHNP-INV-886879 PO_B12_001433,374968,6577,0,0,368391,INR,2026-08-14T02:36:00Z,BATCH-PHNP-1433
PO_B12_001434,PayU Enterprise,TATA-INV-362013 PO_B12_001434,198582,4050,0,0,194532,INR,2026-08-14T06:12:00Z,BATCH-TATA-1434
PO_B12_001435,Stripe India,TATA-INV-924477 PO_B12_001435,333392,6876,0,0,326516,INR,2026-08-14T14:34:00Z,BATCH-TATA-1435
PO_B12_001436,PayU Enterprise,SWIG-INV-905035 PO_B12_001436,93095,1587,0,0,91508,INR,2026-08-14T03:36:00Z,BATCH-SWIG-1436
PO_B12_001437,Cashfree Escrow,ZOMA-INV-932165 PO_B12_001437,231744,5644,0,0,226100,INR,2026-08-14T03:37:00Z,BATCH-ZOMA-1437
PO_B12_001438,PayU Enterprise,OLAA-INV-472480 PO_B12_001438,447177,10406,0,0,436771,INR,2026-08-14T06:53:00Z,BATCH-OLAA-1438
PO_B12_001439,Cashfree Escrow,ZOMA-INV-159248 PO_B12_001439,431658,7832,0,0,423826,INR,2026-08-13T22:26:00Z,BATCH-ZOMA-1439
PO_B12_001440,Cashfree Escrow,TATA-INV-336765 PO_B12_001440,90126,1591,0,0,88535,INR,2026-08-13T17:58:00Z,BATCH-TATA-1440
PO_B12_001441,PayU Enterprise,UBER-INV-964602 PO_B12_001441,105396,1612,0,0,103784,INR,2026-08-14T20:15:00Z,BATCH-UBER-1441
PO_B12_001442,Cashfree Escrow,PAYT-INV-426006 PO_B12_001442,345899,7951,0,0,337948,INR,2026-08-14T14:28:00Z,BATCH-PAYT-1442
PO_B12_001443,Cashfree Escrow,UBER-ORD-543093 UBER-ORD-343356 BATCH-UBER-1443,311709,6234,0,0,305475,INR,2026-08-14T05:18:00Z,BATCH-UBER-1443
PO_B12_001444,Stripe India,MYNT-ORD-742394 MYNT-ORD-661786 BATCH-MYNT-1444,254748,5094,0,0,249654,INR,2026-08-14T04:47:00Z,BATCH-MYNT-1444
PO_B12_001445,Razorpay Nodal,NYKA-INV-591510 PO_B12_001445,85545,1821,0,0,83724,INR,2026-08-14T07:29:00Z,BATCH-NYKA-1445
PO_B12_001446,Stripe India,MMTR-INV-200118 PO_B12_001446,173969,3027,0,0,170942,INR,2026-08-14T19:19:00Z,BATCH-MMTR-1446
PO_B12_001447,Razorpay Nodal,BBAS-INV-987187 PO_B12_001447,291414,5835,0,0,285579,INR,2026-08-13T21:22:00Z,BATCH-BBAS-1447
PO_B12_001448,Razorpay Nodal,FLPK-INV-386257 PO_B12_001448,358144,5396,0,0,352748,INR,2026-08-14T03:30:00Z,BATCH-FLPK-1448
PO_B12_001449,PayU Enterprise,ZOMA-INV-542348 PO_B12_001449,160570,3466,0,0,157104,INR,2026-08-13T19:01:00Z,BATCH-ZOMA-1449
PO_B12_001450,PayU Enterprise,PHNP-INV-584150 PO_B12_001450,139384,2739,0,0,136645,INR,2026-08-14T09:42:00Z,BATCH-PHNP-1450
PO_B12_001451,Stripe India,SWIG-INV-337897 PO_B12_001451,404119,9441,0,0,394678,INR,2026-08-14T00:19:00Z,BATCH-SWIG-1451
PO_B12_001452,Cashfree Escrow,PHNP-INV-573792 PO_B12_001452,62116,1477,0,0,60639,INR,2026-08-14T12:35:00Z,BATCH-PHNP-1452
PO_B12_001453,PayU Enterprise,BBAS-INV-357499 PO_B12_001453,119162,2126,0,0,117036,INR,2026-08-14T15:48:00Z,BATCH-BBAS-1453
PO_B12_001454,Razorpay Nodal,BKMS-ORD-917217 BKMS-ORD-262977 BATCH-BKMS-1454,109170,2183,0,0,106987,INR,2026-08-13T21:37:00Z,BATCH-BKMS-1454
PO_B12_001455,Cashfree Escrow,BBAS-ORD-777244 BBAS-ORD-145163 BATCH-BBAS-1455,136221,2724,0,0,133497,INR,2026-08-13T22:54:00Z,BATCH-BBAS-1455
PO_B12_001456,Razorpay Nodal,SWIG-ORD-975720 SWIG-ORD-794811 BATCH-SWIG-1456,434956,8699,0,0,426257,INR,2026-08-14T12:00:00Z,BATCH-SWIG-1456
PO_B12_001457,PayU Enterprise,SWIG-INV-892983 PO_B12_001457,434918,7047,0,0,427871,INR,2026-08-14T19:17:00Z,BATCH-SWIG-1457
PO_B12_001458,PayU Enterprise,OLAA-INV-587994 PO_B12_001458,34546,584,0,0,33962,INR,2026-08-14T03:51:00Z,BATCH-OLAA-1458
PO_B12_001459,BillDesk Settlement,SWIG-INV-975628 PO_B12_001459,343950,6173,0,0,337777,INR,2026-08-14T22:31:00Z,BATCH-SWIG-1459
PO_B12_001460,Cashfree Escrow,OLAA-ORD-468065 OLAA-ORD-979149 BATCH-OLAA-1460,163488,3269,0,0,160219,INR,2026-08-14T05:29:00Z,BATCH-OLAA-1460
PO_B12_001461,BillDesk Settlement,SWIG-INV-877645 PO_B12_001461,318139,6041,0,0,312098,INR,2026-08-14T08:55:00Z,BATCH-SWIG-1461
PO_B12_001462,Stripe India,AMZN-ORD-443987 AMZN-ORD-991758 BATCH-AMZN-1462,287757,5755,0,0,282002,INR,2026-08-14T13:25:00Z,BATCH-AMZN-1462
PO_B12_001463,Cashfree Escrow,SWIG-ORD-891860 SWIG-ORD-613068 BATCH-SWIG-1463,249442,4988,0,0,244454,INR,2026-08-14T09:18:00Z,BATCH-SWIG-1463
PO_B12_001464,BillDesk Settlement,FLPK-INV-337280 PO_B12_001464,315362,5421,0,0,309941,INR,2026-08-14T04:23:00Z,BATCH-FLPK-1464
PO_B12_001465,PayU Enterprise,TATA-INV-386706 PO_B12_001465,438012,8381,0,0,429631,INR,2026-08-14T02:50:00Z,BATCH-TATA-1465
PO_B12_001466,Stripe India,AMZN-ORD-164975 AMZN-ORD-668884 BATCH-AMZN-1466,368739,7374,0,0,361365,INR,2026-08-13T22:01:00Z,BATCH-AMZN-1466
PO_B12_001467,Cashfree Escrow,BKMS-INV-748278 PO_B12_001467,251524,4456,0,0,247068,INR,2026-08-14T10:00:00Z,BATCH-BKMS-1467
PO_B12_001468,Stripe India,AMZN-ORD-977980 AMZN-ORD-414266 BATCH-AMZN-1468,384250,7685,0,0,376565,INR,2026-08-13T23:47:00Z,BATCH-AMZN-1468
PO_B12_001469,Stripe India,SWIG-INV-232976 PO_B12_001469,148194,3096,0,0,145098,INR,2026-08-13T21:38:00Z,BATCH-SWIG-1469
PO_B12_001470,Cashfree Escrow,AMZN-INV-257442 PO_B12_001470,257136,5941,0,0,251195,INR,2026-08-14T00:04:00Z,BATCH-AMZN-1470
PO_B12_001471,Stripe India,MYNT-INV-457864 PO_B12_001471,421512,6368,0,0,415144,INR,2026-08-14T18:14:00Z,BATCH-MYNT-1471
PO_B12_001472,Razorpay Nodal,MMTR-INV-401085 PO_B12_001472,44403,979,0,0,43424,INR,2026-08-14T01:58:00Z,BATCH-MMTR-1472
PO_B12_001473,Cashfree Escrow,FLPK-INV-713346 PO_B12_001473,434303,9688,0,0,424615,INR,2026-08-14T07:37:00Z,BATCH-FLPK-1473
PO_B12_001474,Stripe India,PAYT-ORD-458204 PAYT-ORD-428344 BATCH-PAYT-1474,327279,6545,0,0,320734,INR,2026-08-14T02:33:00Z,BATCH-PAYT-1474
PO_B12_001475,Cashfree Escrow,MYNT-INV-710786 PO_B12_001475,133850,3051,0,0,130799,INR,2026-08-13T15:34:00Z,BATCH-MYNT-1475
PO_B12_001476,Cashfree Escrow,ZOMA-INV-785643 PO_B12_001476,302752,6116,0,0,296636,INR,2026-08-14T17:00:00Z,BATCH-ZOMA-1476
PO_B12_001477,BillDesk Settlement,AMZN-INV-742437 PO_B12_001477,445594,7167,0,0,438427,INR,2026-08-14T02:00:00Z,BATCH-AMZN-1477
PO_B12_001478,Cashfree Escrow,PHNP-INV-740739 PO_B12_001478,75260,1696,0,0,73564,INR,2026-08-14T07:17:00Z,BATCH-PHNP-1478
PO_B12_001479,Cashfree Escrow,PHNP-ORD-611015 PHNP-ORD-818704 PHNP-ORD-903369 BATCH-PHNP-1479,490270,9805,0,0,480465,INR,2026-08-13T22:38:00Z,BATCH-PHNP-1479
PO_B12_001480,Stripe India,UBER-INV-808530 PO_B12_001480,260050,5243,0,0,254807,INR,2026-08-14T06:00:00Z,BATCH-UBER-1480
PO_B12_001481,Razorpay Nodal,BBAS-INV-406323 PO_B12_001481,289519,5361,0,0,284158,INR,2026-08-14T00:37:00Z,BATCH-BBAS-1481
PO_B12_001482,PayU Enterprise,MYNT-INV-144864 PO_B12_001482,327808,5119,0,0,322689,INR,2026-08-14T04:21:00Z,BATCH-MYNT-1482
PO_B12_001483,PayU Enterprise,JIOO-INV-834118 PO_B12_001483,163168,2919,0,0,160249,INR,2026-08-14T04:30:00Z,BATCH-JIOO-1483
PO_B12_001484,Cashfree Escrow,NYKA-INV-812956 PO_B12_001484,311349,7395,0,0,303954,INR,2026-08-14T18:26:00Z,BATCH-NYKA-1484
PO_B12_001485,PayU Enterprise,MMTR-INV-146762 PO_B12_001485,356314,5873,0,0,350441,INR,2026-08-14T14:55:00Z,BATCH-MMTR-1485
PO_B12_001486,Razorpay Nodal,BLNK-INV-175202 PO_B12_001486,99884,2271,0,0,97613,INR,2026-08-14T16:58:00Z,BATCH-BLNK-1486
PO_B12_001487,PayU Enterprise,MMTR-ORD-359769 MMTR-ORD-390097 BATCH-MMTR-1487,212033,4240,0,0,207793,INR,2026-08-14T10:12:00Z,BATCH-MMTR-1487
PO_B12_001488,Stripe India,BLNK-INV-903912 PO_B12_001488,365725,8575,0,0,357150,INR,2026-08-14T02:19:00Z,BATCH-BLNK-1488
PO_B12_001489,BillDesk Settlement,UBER-INV-906635 PO_B12_001489,287037,5225,0,0,281812,INR,2026-08-13T22:49:00Z,BATCH-UBER-1489
PO_B12_001490,PayU Enterprise,NYKA-INV-333653 PO_B12_001490,402049,9690,0,0,392359,INR,2026-08-14T08:26:00Z,BATCH-NYKA-1490
PO_B12_001491,PayU Enterprise,PHNP-ORD-292630 PHNP-ORD-796331 BATCH-PHNP-1491,303189,6063,0,0,297126,INR,2026-08-14T10:38:00Z,BATCH-PHNP-1491
PO_B12_001492,Stripe India,JIOO-INV-322276 PO_B12_001492,429145,7502,0,0,421643,INR,2026-08-14T13:09:00Z,BATCH-JIOO-1492
PO_B12_001493,Razorpay Nodal,BKMS-INV-700794 PO_B12_001493,41660,827,0,0,40833,INR,2026-08-13T17:32:00Z,BATCH-BKMS-1493
PO_B12_001494,Stripe India,FLPK-INV-943938 PO_B12_001494,447760,8711,0,0,439049,INR,2026-08-14T03:46:00Z,BATCH-FLPK-1494
PO_B12_001495,Cashfree Escrow,BBAS-INV-444616 PO_B12_001495,329698,6745,0,0,322953,INR,2026-08-13T21:57:00Z,BATCH-BBAS-1495
PO_B12_001496,Razorpay Nodal,SWIG-ORD-207642 SWIG-ORD-624299 BATCH-SWIG-1496,391008,7820,0,0,383188,INR,2026-08-14T01:19:00Z,BATCH-SWIG-1496
PO_B12_001497,Razorpay Nodal,MYNT-ORD-726981 MYNT-ORD-482324 BATCH-MYNT-1497,320585,6411,0,0,314174,INR,2026-08-14T01:19:00Z,BATCH-MYNT-1497
PO_B12_001498,Stripe India,BBAS-INV-648340 PO_B12_001498,108678,1881,0,0,106797,INR,2026-08-14T05:34:00Z,BATCH-BBAS-1498
PO_B12_001499,Stripe India,BBAS-INV-728243 PO_B12_001499,242921,4653,0,0,238268,INR,2026-08-14T00:21:00Z,BATCH-BBAS-1499
PO_B12_001500,PayU Enterprise,OLAA-INV-790941 PO_B12_001500,282164,5666,0,0,276498,INR,2026-08-13T18:12:00Z,BATCH-OLAA-1500
PO_B12_001501,Stripe India,SWIG-INV-144816 PO_B12_001501,212659,4984,0,0,207675,INR,2026-08-14T14:18:00Z,BATCH-SWIG-1501
PO_B12_001502,PayU Enterprise,PHNP-ORD-512823 PHNP-ORD-651969 PHNP-ORD-530432 BATCH-PHNP-1502,543422,10868,0,0,532554,INR,2026-08-13T23:57:00Z,BATCH-PHNP-1502
PO_B12_001503,Stripe India,OLAA-INV-190884 PO_B12_001503,159974,3337,0,0,156637,INR,2026-08-14T02:03:00Z,BATCH-OLAA-1503
PO_B12_001504,PayU Enterprise,FLPK-ORD-605930 FLPK-ORD-801481 BATCH-FLPK-1504,180559,3611,0,0,176948,INR,2026-08-14T13:52:00Z,BATCH-FLPK-1504
PO_B12_001505,BillDesk Settlement,SWIG-INV-248871 PO_B12_001505,138905,3420,0,0,135485,INR,2026-08-13T23:32:00Z,BATCH-SWIG-1505
PO_B12_001506,Razorpay Nodal,SWIG-INV-905961 PO_B12_001506,363381,6707,0,0,356674,INR,2026-08-14T13:28:00Z,BATCH-SWIG-1506
PO_B12_001507,PayU Enterprise,MMTR-INV-497646 PO_B12_001507,413245,6454,0,0,406791,INR,2026-08-14T07:26:00Z,BATCH-MMTR-1507
PO_B12_001508,Razorpay Nodal,BKMS-EXC-510968-UNRESOLVED,259989,5189,0,0,254800,INR,2026-08-14T17:12:00Z,HOLD-ESCROW
PO_B12_001509,Cashfree Escrow,NYKA-INV-281574 PO_B12_001509,144856,3045,0,0,141811,INR,2026-08-13T19:06:00Z,BATCH-NYKA-1509
PO_B12_001510,PayU Enterprise,AMZN-INV-842025 PO_B12_001510,147612,3560,0,0,144052,INR,2026-08-14T03:23:00Z,BATCH-AMZN-1510
PO_B12_001511,Stripe India,NYKA-INV-149608 PO_B12_001511,249335,5562,0,0,243773,INR,2026-08-14T07:07:00Z,BATCH-NYKA-1511
PO_B12_001512,PayU Enterprise,ZOMA-ORD-138687 ZOMA-ORD-309971 BATCH-ZOMA-1512,178270,3565,0,0,174705,INR,2026-08-14T20:19:00Z,BATCH-ZOMA-1512
PO_B12_001513,PayU Enterprise,BKMS-ORD-645435 BKMS-ORD-885260 BATCH-BKMS-1513,172787,3455,0,0,169332,INR,2026-08-14T03:50:00Z,BATCH-BKMS-1513
PO_B12_001514,BillDesk Settlement,BKMS-ORD-127755 BKMS-ORD-548479 BKMS-ORD-536897 BATCH-BKMS-1514,413013,8260,0,0,404753,INR,2026-08-14T03:32:00Z,BATCH-BKMS-1514
PO_B12_001515,Cashfree Escrow,BLNK-ORD-188009 BLNK-ORD-295459 BATCH-BLNK-1515,308984,6179,0,0,302805,INR,2026-08-14T15:16:00Z,BATCH-BLNK-1515
PO_B12_001516,Razorpay Nodal,FLPK-INV-243795 PO_B12_001516,118400,2190,0,0,116210,INR,2026-08-14T01:23:00Z,BATCH-FLPK-1516
PO_B12_001517,PayU Enterprise,OLAA-INV-537585 PO_B12_001517,78824,1511,0,0,77313,INR,2026-08-14T12:25:00Z,BATCH-OLAA-1517
PO_B12_001518,Razorpay Nodal,BBAS-INV-846173 PO_B12_001518,371503,5635,0,0,365868,INR,2026-08-14T04:22:00Z,BATCH-BBAS-1518
PO_B12_001519,Cashfree Escrow,AMZN-INV-855631 PO_B12_001519,32745,549,0,0,32196,INR,2026-08-14T10:16:00Z,BATCH-AMZN-1519
PO_B12_001520,PayU Enterprise,PAYT-INV-148139 PO_B12_001520,289245,5902,0,0,283343,INR,2026-08-14T12:29:00Z,BATCH-PAYT-1520
PO_B12_001521,Cashfree Escrow,MMTR-INV-733251 PO_B12_001521,163365,3423,0,0,159942,INR,2026-08-14T03:55:00Z,BATCH-MMTR-1521
PO_B12_001522,PayU Enterprise,FLPK-INV-489047 PO_B12_001522,296005,6082,0,0,289923,INR,2026-08-14T07:52:00Z,BATCH-FLPK-1522
PO_B12_001523,Cashfree Escrow,BKMS-ORD-507207 BKMS-ORD-873071 BKMS-ORD-303416 BATCH-BKMS-1523,392153,7843,0,0,384310,INR,2026-08-13T23:14:00Z,BATCH-BKMS-1523
PO_B12_001524,Razorpay Nodal,ZOMA-ORD-933842 ZOMA-ORD-692914 BATCH-ZOMA-1524,268512,5370,0,0,263142,INR,2026-08-14T06:34:00Z,BATCH-ZOMA-1524
PO_B12_001525,Cashfree Escrow,OLAA-INV-767877 PO_B12_001525,325591,5176,0,0,320415,INR,2026-08-15T02:14:00Z,BATCH-OLAA-1525
PO_B12_001526,BillDesk Settlement,AMZN-INV-306194 PO_B12_001526,308534,5544,0,0,302990,INR,2026-08-14T06:02:00Z,BATCH-AMZN-1526
PO_B12_001527,Cashfree Escrow,ZOMA-INV-558743 PO_B12_001527,151075,3757,0,0,147318,INR,2026-08-14T20:24:00Z,BATCH-ZOMA-1527
PO_B12_001528,Cashfree Escrow,AMZN-INV-144479 PO_B12_001528,87563,2037,0,0,85526,INR,2026-08-14T15:49:00Z,BATCH-AMZN-1528
PO_B12_001529,Stripe India,ZOMA-INV-920750 PO_B12_001529,354069,8084,0,0,345985,INR,2026-08-14T03:24:00Z,BATCH-ZOMA-1529
PO_B12_001530,BillDesk Settlement,MMTR-INV-862821 PO_B12_001530,396742,6959,0,0,389783,INR,2026-08-14T01:42:00Z,BATCH-MMTR-1530
PO_B12_001531,Razorpay Nodal,UBER-INV-474252 PO_B12_001531,449231,9400,0,0,439831,INR,2026-08-14T06:16:00Z,BATCH-UBER-1531
PO_B12_001532,BillDesk Settlement,UBER-INV-191684 PO_B12_001532,38959,778,0,0,38181,INR,2026-08-13T21:43:00Z,BATCH-UBER-1532
PO_B12_001533,Cashfree Escrow,TATA-INV-469460 PO_B12_001533,140374,3480,0,0,136894,INR,2026-08-14T17:40:00Z,BATCH-TATA-1533
PO_B12_001534,PayU Enterprise,PHNP-INV-272094 PO_B12_001534,405743,6717,0,0,399026,INR,2026-08-13T20:58:00Z,BATCH-PHNP-1534
PO_B12_001535,Stripe India,NYKA-ORD-642085 NYKA-ORD-144267 NYKA-ORD-135087 BATCH-NYKA-1535,500284,10005,0,0,490279,INR,2026-08-14T17:23:00Z,BATCH-NYKA-1535
PO_B12_001536,BillDesk Settlement,BKMS-INV-957741 PO_B12_001536,138748,3465,0,0,135283,INR,2026-08-14T19:35:00Z,BATCH-BKMS-1536
PO_B12_001537,BillDesk Settlement,AMZN-INV-259945 PO_B12_001537,105211,2055,0,0,103156,INR,2026-08-14T19:07:00Z,BATCH-AMZN-1537
PO_B12_001538,Stripe India,TATA-INV-969849 PO_B12_001538,183189,3664,0,0,179525,INR,2026-08-14T06:54:00Z,BATCH-TATA-1538
PO_B12_001539,Cashfree Escrow,BBAS-INV-188956 PO_B12_001539,386507,9193,0,0,377314,INR,2026-08-14T00:49:00Z,BATCH-BBAS-1539
PO_B12_001540,Stripe India,MMTR-INV-213085 PO_B12_001540,187452,4586,0,0,182866,INR,2026-08-14T07:03:00Z,BATCH-MMTR-1540
PO_B12_001541,BillDesk Settlement,MYNT-ORD-197363 MYNT-ORD-631851 BATCH-MYNT-1541,162052,3241,0,0,158811,INR,2026-08-14T10:51:00Z,BATCH-MYNT-1541
PO_B12_001542,Cashfree Escrow,OLAA-INV-406756 PO_B12_001542,255656,4774,0,0,250882,INR,2026-08-14T17:16:00Z,BATCH-OLAA-1542
PO_B12_001543,BillDesk Settlement,AMZN-INV-473687 PO_B12_001543,125047,2778,0,0,122269,INR,2026-08-14T18:33:00Z,BATCH-AMZN-1543
PO_B12_001544,PayU Enterprise,OLAA-INV-630484 PO_B12_001544,277108,5348,0,0,271760,INR,2026-08-14T01:14:00Z,BATCH-OLAA-1544
PO_B12_001545,Stripe India,UBER-INV-961054 PO_B12_001545,253165,5988,0,0,247177,INR,2026-08-14T01:58:00Z,BATCH-UBER-1545
PO_B12_001546,Razorpay Nodal,JIOO-INV-123395 PO_B12_001546,436459,9753,0,0,426706,INR,2026-08-14T13:32:00Z,BATCH-JIOO-1546
PO_B12_001547,Stripe India,UBER-ORD-855122 UBER-ORD-166864 BATCH-UBER-1547,447255,8945,0,0,438310,INR,2026-08-13T22:32:00Z,BATCH-UBER-1547
PO_B12_001548,BillDesk Settlement,TATA-INV-943774 PO_B12_001548,264284,6568,0,0,257716,INR,2026-08-14T13:59:00Z,BATCH-TATA-1548
PO_B12_001549,BillDesk Settlement,BLNK-INV-214256 PO_B12_001549,321020,4845,0,0,316175,INR,2026-08-14T18:28:00Z,BATCH-BLNK-1549
PO_B12_001550,Cashfree Escrow,BKMS-INV-520287 PO_B12_001550,413590,10146,0,0,403444,INR,2026-08-14T09:35:00Z,BATCH-BKMS-1550
PO_B12_001551,BillDesk Settlement,OLAA-INV-760212 PO_B12_001551,179509,2760,0,0,176749,INR,2026-08-13T21:01:00Z,BATCH-OLAA-1551
PO_B12_001552,Cashfree Escrow,OLAA-INV-978795 PO_B12_001552,195011,4859,0,0,190152,INR,2026-08-14T14:18:00Z,BATCH-OLAA-1552
PO_B12_001553,BillDesk Settlement,MMTR-INV-398385 PO_B12_001553,349029,6106,0,0,342923,INR,2026-08-13T21:36:00Z,BATCH-MMTR-1553
PO_B12_001554,Stripe India,JIOO-INV-338549 PO_B12_001554,121699,2093,0,0,119606,INR,2026-08-13T19:17:00Z,BATCH-JIOO-1554
PO_B12_001555,Stripe India,PAYT-ORD-314918 PAYT-ORD-349527 BATCH-PAYT-1555,305663,6113,0,0,299550,INR,2026-08-14T00:56:00Z,BATCH-PAYT-1555
PO_B12_001556,Razorpay Nodal,BBAS-ORD-511667 BBAS-ORD-555052 BATCH-BBAS-1556,354383,7087,0,0,347296,INR,2026-08-14T02:24:00Z,BATCH-BBAS-1556
PO_B12_001557,Stripe India,MYNT-ORD-508826 MYNT-ORD-500443 BATCH-MYNT-1557,142905,2858,0,0,140047,INR,2026-08-14T19:51:00Z,BATCH-MYNT-1557
PO_B12_001558,BillDesk Settlement,NYKA-ORD-290502 NYKA-ORD-983172 BATCH-NYKA-1558,273191,5463,0,0,267728,INR,2026-08-14T16:49:00Z,BATCH-NYKA-1558
PO_B12_001559,BillDesk Settlement,PAYT-INV-366359 PO_B12_001559,128118,2912,0,0,125206,INR,2026-08-14T10:42:00Z,BATCH-PAYT-1559
PO_B12_001560,PayU Enterprise,JIOO-INV-563161 PO_B12_001560,199889,3986,0,0,195903,INR,2026-08-13T23:30:00Z,BATCH-JIOO-1560
PO_B12_001561,PayU Enterprise,PHNP-ORD-516335 PHNP-ORD-118784 BATCH-PHNP-1561,288223,5764,0,0,282459,INR,2026-08-14T20:44:00Z,BATCH-PHNP-1561
PO_B12_001562,Cashfree Escrow,PHNP-ORD-969650 PHNP-ORD-134433 PHNP-ORD-745892 BATCH-PHNP-1562,305766,6115,0,0,299651,INR,2026-08-14T09:15:00Z,BATCH-PHNP-1562
PO_B12_001563,Razorpay Nodal,NYKA-INV-691311 PO_B12_001563,142529,3545,0,0,138984,INR,2026-08-14T12:41:00Z,BATCH-NYKA-1563
PO_B12_001564,Stripe India,BKMS-INV-348741 PO_B12_001564,222203,3579,0,0,218624,INR,2026-08-14T03:28:00Z,BATCH-BKMS-1564
PO_B12_001565,PayU Enterprise,PHNP-ORD-598398 PHNP-ORD-468469 BATCH-PHNP-1565,104874,2097,0,0,102777,INR,2026-08-14T03:29:00Z,BATCH-PHNP-1565
PO_B12_001566,Razorpay Nodal,AMZN-INV-341884 PO_B12_001566,303961,5781,0,0,298180,INR,2026-08-14T12:26:00Z,BATCH-AMZN-1566
PO_B12_001567,Razorpay Nodal,MYNT-INV-442557 PO_B12_001567,142631,3237,0,0,139394,INR,2026-08-14T00:48:00Z,BATCH-MYNT-1567
PO_B12_001568,Razorpay Nodal,BLNK-INV-684189 PO_B12_001568,448721,8669,0,0,440052,INR,2026-08-14T00:41:00Z,BATCH-BLNK-1568
PO_B12_001569,Cashfree Escrow,SWIG-INV-582482 PO_B12_001569,189625,3562,0,0,186063,INR,2026-08-13T22:51:00Z,BATCH-SWIG-1569
PO_B12_001570,BillDesk Settlement,BLNK-INV-859992 PO_B12_001570,88972,2197,0,0,86775,INR,2026-08-14T13:29:00Z,BATCH-BLNK-1570
PO_B12_001571,BillDesk Settlement,FLPK-INV-823200 PO_B12_001571,442748,9807,0,0,432941,INR,2026-08-13T21:13:00Z,BATCH-FLPK-1571
PO_B12_001572,Cashfree Escrow,NYKA-INV-503640 PO_B12_001572,119413,2210,0,0,117203,INR,2026-08-14T12:40:00Z,BATCH-NYKA-1572
PO_B12_001573,Stripe India,BKMS-INV-975970 PO_B12_001573,304499,5939,0,0,298560,INR,2026-08-14T08:24:00Z,BATCH-BKMS-1573
PO_B12_001574,Cashfree Escrow,UBER-INV-570090 PO_B12_001574,226178,5096,0,0,221082,INR,2026-08-14T13:43:00Z,BATCH-UBER-1574
PO_B12_001575,PayU Enterprise,PHNP-ORD-904506 PHNP-ORD-313072 BATCH-PHNP-1575,187275,3745,0,0,183530,INR,2026-08-14T20:15:00Z,BATCH-PHNP-1575
PO_B12_001576,BillDesk Settlement,BKMS-INV-592779 PO_B12_001576,142086,3015,0,0,139071,INR,2026-08-14T16:31:00Z,BATCH-BKMS-1576
PO_B12_001577,Razorpay Nodal,OLAA-INV-481838 PO_B12_001577,293176,5039,0,0,288137,INR,2026-08-14T13:49:00Z,BATCH-OLAA-1577
PO_B12_001578,PayU Enterprise,UBER-INV-139781 PO_B12_001578,159280,2950,0,0,156330,INR,2026-08-14T15:05:00Z,BATCH-UBER-1578
PO_B12_001579,BillDesk Settlement,BBAS-INV-640863 PO_B12_001579,246597,3898,0,0,242699,INR,2026-08-14T09:23:00Z,BATCH-BBAS-1579
PO_B12_001580,Stripe India,PHNP-INV-997634 PO_B12_001580,131630,2982,0,0,128648,INR,2026-08-14T10:22:00Z,BATCH-PHNP-1580
PO_B12_001581,PayU Enterprise,UBER-ORD-850507 UBER-ORD-390187 UBER-ORD-913916 BATCH-UBER-1581,336219,6724,0,0,329495,INR,2026-08-14T18:37:00Z,BATCH-UBER-1581
PO_B12_001582,Razorpay Nodal,AMZN-INV-235504 PO_B12_001582,78385,1408,0,0,76977,INR,2026-08-14T10:48:00Z,BATCH-AMZN-1582
PO_B12_001583,BillDesk Settlement,NYKA-INV-621004 PO_B12_001583,236562,4664,0,0,231898,INR,2026-08-14T16:19:00Z,BATCH-NYKA-1583
PO_B12_001584,PayU Enterprise,TATA-INV-962582 PO_B12_001584,77716,1790,0,0,75926,INR,2026-08-14T13:26:00Z,BATCH-TATA-1584
PO_B12_001585,PayU Enterprise,BLNK-INV-676412 PO_B12_001585,311002,7722,0,0,303280,INR,2026-08-14T04:30:00Z,BATCH-BLNK-1585
PO_B12_001586,BillDesk Settlement,BBAS-ORD-128089 BBAS-ORD-271362 BATCH-BBAS-1586,212917,4258,0,0,208659,INR,2026-08-14T10:01:00Z,BATCH-BBAS-1586
PO_B12_001587,Stripe India,UBER-INV-947374 PO_B12_001587,40818,729,0,0,40089,INR,2026-08-14T03:22:00Z,BATCH-UBER-1587
PO_B12_001588,Stripe India,TATA-INV-400109 PO_B12_001588,67836,1057,0,0,66779,INR,2026-08-14T02:35:00Z,BATCH-TATA-1588
PO_B12_001589,Stripe India,BBAS-INV-469555 PO_B12_001589,172650,3498,0,0,169152,INR,2026-08-14T16:29:00Z,BATCH-BBAS-1589
PO_B12_001590,Razorpay Nodal,AMZN-ORD-410147 AMZN-ORD-789737 BATCH-AMZN-1590,209838,4196,0,0,205642,INR,2026-08-14T00:16:00Z,BATCH-AMZN-1590
PO_B12_001591,Cashfree Escrow,UBER-INV-312523 PO_B12_001591,222551,3825,0,0,218726,INR,2026-08-14T14:58:00Z,BATCH-UBER-1591
PO_B12_001592,BillDesk Settlement,ZOMA-INV-740142 PO_B12_001592,334520,5852,0,0,328668,INR,2026-08-14T20:07:00Z,BATCH-ZOMA-1592
PO_B12_001593,Stripe India,PAYT-INV-258095 PO_B12_001593,288807,7200,0,0,281607,INR,2026-08-14T11:29:00Z,BATCH-PAYT-1593
PO_B12_001594,Cashfree Escrow,AMZN-INV-957438 PO_B12_001594,253546,4208,0,0,249338,INR,2026-08-14T00:24:00Z,BATCH-AMZN-1594
PO_B12_001595,Cashfree Escrow,FLPK-ORD-421345 FLPK-ORD-594433 BATCH-FLPK-1595,286588,5731,0,0,280857,INR,2026-08-14T13:34:00Z,BATCH-FLPK-1595
PO_B12_001596,Cashfree Escrow,BLNK-ORD-383217 BLNK-ORD-110917 BLNK-ORD-144215 BATCH-BLNK-1596,367910,7358,0,0,360552,INR,2026-08-14T16:41:00Z,BATCH-BLNK-1596
PO_B12_001597,BillDesk Settlement,UBER-ORD-319652 UBER-ORD-614495 BATCH-UBER-1597,366982,7339,0,0,359643,INR,2026-08-14T08:24:00Z,BATCH-UBER-1597
PO_B12_001598,BillDesk Settlement,JIOO-INV-458784 PO_B12_001598,264603,5081,0,0,259522,INR,2026-08-14T11:01:00Z,BATCH-JIOO-1598
PO_B12_001599,PayU Enterprise,UBER-ORD-452346 UBER-ORD-748353 UBER-ORD-881206 BATCH-UBER-1599,427121,8542,0,0,418579,INR,2026-08-14T14:11:00Z,BATCH-UBER-1599
PO_B12_001600,Stripe India,FLPK-ORD-240517 FLPK-ORD-782913 FLPK-ORD-352752 BATCH-FLPK-1600,365767,7315,0,0,358452,INR,2026-08-14T19:42:00Z,BATCH-FLPK-1600
PO_B12_001601,Razorpay Nodal,PHNP-INV-744117 PO_B12_001601,271882,4571,0,0,267311,INR,2026-08-14T01:37:00Z,BATCH-PHNP-1601
PO_B12_001602,PayU Enterprise,SWIG-ORD-559506 SWIG-ORD-751262 SWIG-ORD-201618 BATCH-SWIG-1602,252476,5049,0,0,247427,INR,2026-08-14T15:51:00Z,BATCH-SWIG-1602
PO_B12_001603,BillDesk Settlement,NYKA-INV-929983 PO_B12_001603,298277,6943,0,0,291334,INR,2026-08-14T09:51:00Z,BATCH-NYKA-1603
PO_B12_001604,BillDesk Settlement,MMTR-EXC-123825-UNRESOLVED,184949,3688,0,0,181261,INR,2026-08-15T04:19:00Z,HOLD-ESCROW
PO_B12_001605,Stripe India,ZOMA-INV-752510 PO_B12_001605,215544,4627,0,0,210917,INR,2026-08-14T08:59:00Z,BATCH-ZOMA-1605
PO_B12_001606,Stripe India,PAYT-INV-837517 PO_B12_001606,187660,3303,0,0,184357,INR,2026-08-14T17:07:00Z,BATCH-PAYT-1606
PO_B12_001607,Stripe India,BBAS-INV-755329 PO_B12_001607,165611,3642,0,0,161969,INR,2026-08-14T08:42:00Z,BATCH-BBAS-1607
PO_B12_001608,Stripe India,BKMS-INV-832783 PO_B12_001608,414428,8563,0,0,405865,INR,2026-08-14T18:05:00Z,BATCH-BKMS-1608
PO_B12_001609,Cashfree Escrow,UBER-INV-566222 PO_B12_001609,141579,2778,0,0,138801,INR,2026-08-14T02:53:00Z,BATCH-UBER-1609
PO_B12_001610,Stripe India,MMTR-INV-140518 PO_B12_001610,170421,3541,0,0,166880,INR,2026-08-14T18:39:00Z,BATCH-MMTR-1610
PO_B12_001611,Cashfree Escrow,MYNT-ORD-580406 MYNT-ORD-753257 BATCH-MYNT-1611,406918,8138,0,0,398780,INR,2026-08-14T02:30:00Z,BATCH-MYNT-1611
PO_B12_001612,PayU Enterprise,NYKA-INV-427076 PO_B12_001612,296661,5753,0,0,290908,INR,2026-08-14T15:40:00Z,BATCH-NYKA-1612
PO_B12_001613,Stripe India,JIOO-INV-252258 PO_B12_001613,215730,4789,0,0,210941,INR,2026-08-13T22:40:00Z,BATCH-JIOO-1613
PO_B12_001614,PayU Enterprise,BBAS-INV-926140 PO_B12_001614,422413,8467,0,0,413946,INR,2026-08-13T19:42:00Z,BATCH-BBAS-1614
PO_B12_001615,BillDesk Settlement,ZOMA-EXC-275505-UNRESOLVED,51402,1018,0,0,50384,INR,2026-08-14T12:58:00Z,HOLD-ESCROW
PO_B12_001616,Cashfree Escrow,FLPK-INV-529115 PO_B12_001616,331976,7503,0,0,324473,INR,2026-08-14T10:17:00Z,BATCH-FLPK-1616
PO_B12_001617,PayU Enterprise,PAYT-ORD-260242 PAYT-ORD-240076 BATCH-PAYT-1617,150224,3004,0,0,147220,INR,2026-08-14T10:53:00Z,BATCH-PAYT-1617
PO_B12_001618,BillDesk Settlement,PAYT-ORD-787847 PAYT-ORD-826445 BATCH-PAYT-1618,192212,3844,0,0,188368,INR,2026-08-14T07:33:00Z,BATCH-PAYT-1618
PO_B12_001619,PayU Enterprise,BKMS-INV-396553 PO_B12_001619,100615,2044,0,0,98571,INR,2026-08-14T23:32:00Z,BATCH-BKMS-1619
PO_B12_001620,Razorpay Nodal,TATA-INV-676516 PO_B12_001620,60017,1252,0,0,58765,INR,2026-08-14T05:12:00Z,BATCH-TATA-1620
PO_B12_001621,Cashfree Escrow,OLAA-INV-999366 PO_B12_001621,258396,5384,0,0,253012,INR,2026-08-14T08:33:00Z,BATCH-OLAA-1621
PO_B12_001622,Cashfree Escrow,BBAS-INV-123407 PO_B12_001622,29473,469,0,0,29004,INR,2026-08-13T20:16:00Z,BATCH-BBAS-1622
PO_B12_001623,Cashfree Escrow,JIOO-INV-843491 PO_B12_001623,425189,8658,0,0,416531,INR,2026-08-14T14:22:00Z,BATCH-JIOO-1623
PO_B12_001624,PayU Enterprise,MMTR-INV-483646 PO_B12_001624,224893,4778,0,0,220115,INR,2026-08-14T01:59:00Z,BATCH-MMTR-1624
PO_B12_001625,BillDesk Settlement,JIOO-INV-473881 PO_B12_001625,299626,4789,0,0,294837,INR,2026-08-14T05:10:00Z,BATCH-JIOO-1625
PO_B12_001626,Razorpay Nodal,FLPK-INV-422888 PO_B12_001626,36416,863,0,0,35553,INR,2026-08-14T09:18:00Z,BATCH-FLPK-1626
PO_B12_001627,Stripe India,ZOMA-INV-250515 PO_B12_001627,365418,7413,0,0,358005,INR,2026-08-14T13:32:00Z,BATCH-ZOMA-1627
PO_B12_001628,PayU Enterprise,PAYT-INV-544727 PO_B12_001628,410520,8734,0,0,401786,INR,2026-08-14T15:17:00Z,BATCH-PAYT-1628
PO_B12_001629,Razorpay Nodal,BKMS-ORD-556973 BKMS-ORD-949419 BATCH-BKMS-1629,366218,7324,0,0,358894,INR,2026-08-14T04:50:00Z,BATCH-BKMS-1629
PO_B12_001630,Cashfree Escrow,TATA-ORD-966016 TATA-ORD-394222 TATA-ORD-307358 BATCH-TATA-1630,695120,13902,0,0,681218,INR,2026-08-14T16:32:00Z,BATCH-TATA-1630
PO_B12_001631,Stripe India,MYNT-ORD-615381 MYNT-ORD-107710 MYNT-ORD-119004 BATCH-MYNT-1631,454629,9092,0,0,445537,INR,2026-08-14T17:45:00Z,BATCH-MYNT-1631
PO_B12_001632,PayU Enterprise,BBAS-ORD-730713 BBAS-ORD-245828 BBAS-ORD-807878 BATCH-BBAS-1632,418027,8360,0,0,409667,INR,2026-08-14T11:08:00Z,BATCH-BBAS-1632
PO_B12_001633,Cashfree Escrow,PHNP-ORD-745244 PHNP-ORD-964688 BATCH-PHNP-1633,276181,5523,0,0,270658,INR,2026-08-14T08:03:00Z,BATCH-PHNP-1633
PO_B12_001634,PayU Enterprise,OLAA-ORD-556661 OLAA-ORD-510809 BATCH-OLAA-1634,274574,5491,0,0,269083,INR,2026-08-14T13:45:00Z,BATCH-OLAA-1634
PO_B12_001635,Razorpay Nodal,BBAS-ORD-736464 BBAS-ORD-142201 BBAS-ORD-673061 BATCH-BBAS-1635,353381,7067,0,0,346314,INR,2026-08-14T18:35:00Z,BATCH-BBAS-1635
PO_B12_001636,Razorpay Nodal,OLAA-INV-427693 PO_B12_001636,74503,1511,0,0,72992,INR,2026-08-14T08:03:00Z,BATCH-OLAA-1636
PO_B12_001637,Razorpay Nodal,JIOO-EXC-466985-UNRESOLVED,179000,3570,0,0,175430,INR,2026-08-14T16:21:00Z,HOLD-ESCROW
PO_B12_001638,PayU Enterprise,BKMS-INV-344286 PO_B12_001638,81979,1291,0,0,80688,INR,2026-08-14T14:49:00Z,BATCH-BKMS-1638
PO_B12_001639,BillDesk Settlement,BKMS-INV-468673 PO_B12_001639,284246,4930,0,0,279316,INR,2026-08-13T22:22:00Z,BATCH-BKMS-1639
PO_B12_001640,Stripe India,FLPK-INV-153258 PO_B12_001640,92878,2304,0,0,90574,INR,2026-08-13T20:44:00Z,BATCH-FLPK-1640
PO_B12_001641,Stripe India,BKMS-ORD-717700 BKMS-ORD-811728 BATCH-BKMS-1641,112021,2240,0,0,109781,INR,2026-08-14T10:17:00Z,BATCH-BKMS-1641
PO_B12_001642,Razorpay Nodal,BBAS-INV-772846 PO_B12_001642,447732,10370,0,0,437362,INR,2026-08-14T15:54:00Z,BATCH-BBAS-1642
PO_B12_001643,Stripe India,BLNK-ORD-701893 BLNK-ORD-274531 BATCH-BLNK-1643,281697,5633,0,0,276064,INR,2026-08-14T17:26:00Z,BATCH-BLNK-1643
PO_B12_001644,Cashfree Escrow,MYNT-ORD-550619 MYNT-ORD-811576 BATCH-MYNT-1644,319858,6397,0,0,313461,INR,2026-08-14T09:25:00Z,BATCH-MYNT-1644
PO_B12_001645,PayU Enterprise,JIOO-INV-247267 PO_B12_001645,248581,4963,0,0,243618,INR,2026-08-13T13:40:00Z,BATCH-JIOO-1645
PO_B12_001646,BillDesk Settlement,SWIG-INV-260455 PO_B12_001646,151680,3003,0,0,148677,INR,2026-08-14T03:19:00Z,BATCH-SWIG-1646
PO_B12_001647,PayU Enterprise,BLNK-INV-568779 PO_B12_001647,169357,4216,0,0,165141,INR,2026-08-14T09:56:00Z,BATCH-BLNK-1647
PO_B12_001648,Razorpay Nodal,BLNK-INV-531419 PO_B12_001648,28924,451,0,0,28473,INR,2026-08-13T22:26:00Z,BATCH-BLNK-1648
PO_B12_001649,Cashfree Escrow,TATA-ORD-895490 TATA-ORD-112570 TATA-ORD-183612 BATCH-TATA-1649,347028,6940,0,0,340088,INR,2026-08-14T04:04:00Z,BATCH-TATA-1649
PO_B12_001650,PayU Enterprise,AMZN-ORD-592708 AMZN-ORD-421620 BATCH-AMZN-1650,278368,5567,0,0,272801,INR,2026-08-14T10:15:00Z,BATCH-AMZN-1650
PO_B12_001651,Razorpay Nodal,PHNP-INV-956850 PO_B12_001651,327294,5899,0,0,321395,INR,2026-08-14T14:03:00Z,BATCH-PHNP-1651
PO_B12_001652,PayU Enterprise,JIOO-ORD-281451 JIOO-ORD-690820 BATCH-JIOO-1652,174555,3491,0,0,171064,INR,2026-08-14T12:01:00Z,BATCH-JIOO-1652
PO_B12_001653,Cashfree Escrow,OLAA-INV-968193 PO_B12_001653,299641,6097,0,0,293544,INR,2026-08-14T18:07:00Z,BATCH-OLAA-1653
PO_B12_001654,BillDesk Settlement,SWIG-ORD-506486 SWIG-ORD-366314 SWIG-ORD-258420 BATCH-SWIG-1654,109471,2189,0,0,107282,INR,2026-08-14T06:17:00Z,BATCH-SWIG-1654
PO_B12_001655,PayU Enterprise,MYNT-INV-992136 PO_B12_001655,335332,7600,0,0,327732,INR,2026-08-14T09:01:00Z,BATCH-MYNT-1655
PO_B12_001656,Cashfree Escrow,TATA-ORD-212269 TATA-ORD-550013 TATA-ORD-280525 BATCH-TATA-1656,524546,10490,0,0,514056,INR,2026-08-14T02:48:00Z,BATCH-TATA-1656
PO_B12_001657,PayU Enterprise,FLPK-INV-723714 PO_B12_001657,73038,1582,0,0,71456,INR,2026-08-13T15:35:00Z,BATCH-FLPK-1657
PO_B12_001658,BillDesk Settlement,ZOMA-INV-687485 PO_B12_001658,395730,8737,0,0,386993,INR,2026-08-14T20:55:00Z,BATCH-ZOMA-1658
PO_B12_001659,Stripe India,PHNP-INV-248461 PO_B12_001659,305868,5341,0,0,300527,INR,2026-08-13T16:46:00Z,BATCH-PHNP-1659
PO_B12_001660,Razorpay Nodal,TATA-INV-323561 PO_B12_001660,149732,2959,0,0,146773,INR,2026-08-14T16:24:00Z,BATCH-TATA-1660
PO_B12_001661,Razorpay Nodal,BKMS-EXC-390737-UNRESOLVED,210589,4201,0,0,206388,INR,2026-08-14T20:04:00Z,HOLD-ESCROW
PO_B12_001662,PayU Enterprise,UBER-INV-770672 PO_B12_001662,408870,9602,0,0,399268,INR,2026-08-13T21:44:00Z,BATCH-UBER-1662
PO_B12_001663,Razorpay Nodal,AMZN-INV-660797 PO_B12_001663,134065,2276,0,0,131789,INR,2026-08-14T12:32:00Z,BATCH-AMZN-1663
PO_B12_001664,Stripe India,PHNP-ORD-133001 PHNP-ORD-161904 BATCH-PHNP-1664,392231,7844,0,0,384387,INR,2026-08-14T05:17:00Z,BATCH-PHNP-1664
PO_B12_001665,PayU Enterprise,OLAA-INV-959713 PO_B12_001665,45682,732,0,0,44950,INR,2026-08-14T13:39:00Z,BATCH-OLAA-1665
PO_B12_001666,Cashfree Escrow,BKMS-INV-988930 PO_B12_001666,77354,1779,0,0,75575,INR,2026-08-14T14:06:00Z,BATCH-BKMS-1666
PO_B12_001667,Stripe India,SWIG-INV-776653 PO_B12_001667,79389,1262,0,0,78127,INR,2026-08-13T17:45:00Z,BATCH-SWIG-1667
PO_B12_001668,Cashfree Escrow,SWIG-INV-468303 PO_B12_001668,70083,1177,0,0,68906,INR,2026-08-14T01:46:00Z,BATCH-SWIG-1668
PO_B12_001669,PayU Enterprise,PHNP-INV-980213 PO_B12_001669,113483,2460,0,0,111023,INR,2026-08-13T19:13:00Z,BATCH-PHNP-1669
PO_B12_001670,Stripe India,PAYT-ORD-201184 PAYT-ORD-461978 BATCH-PAYT-1670,128575,2571,0,0,126004,INR,2026-08-14T12:32:00Z,BATCH-PAYT-1670
PO_B12_001671,BillDesk Settlement,MYNT-INV-584174 PO_B12_001671,199775,4239,0,0,195536,INR,2026-08-14T11:41:00Z,BATCH-MYNT-1671
PO_B12_001672,Stripe India,PAYT-ORD-843129 PAYT-ORD-193831 PAYT-ORD-767244 BATCH-PAYT-1672,522255,10445,0,0,511810,INR,2026-08-14T18:41:00Z,BATCH-PAYT-1672
PO_B12_001673,Stripe India,JIOO-INV-182805 PO_B12_001673,161588,2577,0,0,159011,INR,2026-08-14T04:15:00Z,BATCH-JIOO-1673
PO_B12_001674,Razorpay Nodal,ZOMA-INV-458081 PO_B12_001674,233164,5674,0,0,227490,INR,2026-08-14T00:14:00Z,BATCH-ZOMA-1674
PO_B12_001675,Stripe India,ZOMA-INV-243573 PO_B12_001675,108879,2079,0,0,106800,INR,2026-08-14T05:48:00Z,BATCH-ZOMA-1675
PO_B12_001676,Stripe India,MYNT-INV-835459 PO_B12_001676,46344,703,0,0,45641,INR,2026-08-14T15:04:00Z,BATCH-MYNT-1676
PO_B12_001677,Cashfree Escrow,PAYT-ORD-341960 PAYT-ORD-979011 BATCH-PAYT-1677,303573,6071,0,0,297502,INR,2026-08-14T03:11:00Z,BATCH-PAYT-1677
PO_B12_001678,Stripe India,MYNT-INV-108184 PO_B12_001678,348541,8235,0,0,340306,INR,2026-08-14T01:04:00Z,BATCH-MYNT-1678
PO_B12_001679,Cashfree Escrow,BBAS-INV-948008 PO_B12_001679,267138,5870,0,0,261268,INR,2026-08-13T20:48:00Z,BATCH-BBAS-1679
PO_B12_001680,Cashfree Escrow,OLAA-ORD-476059 OLAA-ORD-296386 OLAA-ORD-376700 BATCH-OLAA-1680,469544,9390,0,0,460154,INR,2026-08-14T15:49:00Z,BATCH-OLAA-1680
PO_B12_001681,PayU Enterprise,AMZN-ORD-883767 AMZN-ORD-125124 AMZN-ORD-609084 BATCH-AMZN-1681,514533,10290,0,0,504243,INR,2026-08-14T04:20:00Z,BATCH-AMZN-1681
PO_B12_001682,Cashfree Escrow,TATA-INV-242980 PO_B12_001682,251426,4360,0,0,247066,INR,2026-08-14T23:05:00Z,BATCH-TATA-1682
PO_B12_001683,BillDesk Settlement,BKMS-INV-442118 PO_B12_001683,386452,6639,0,0,379813,INR,2026-08-14T08:08:00Z,BATCH-BKMS-1683
PO_B12_001684,BillDesk Settlement,ZOMA-ORD-154452 ZOMA-ORD-785545 ZOMA-ORD-155711 BATCH-ZOMA-1684,560085,11201,0,0,548884,INR,2026-08-14T01:27:00Z,BATCH-ZOMA-1684
PO_B12_001685,PayU Enterprise,FLPK-INV-413771 PO_B12_001685,213968,4657,0,0,209311,INR,2026-08-14T02:01:00Z,BATCH-FLPK-1685
PO_B12_001686,Razorpay Nodal,OLAA-INV-324822 PO_B12_001686,210606,3553,0,0,207053,INR,2026-08-14T09:55:00Z,BATCH-OLAA-1686
PO_B12_001687,Cashfree Escrow,UBER-INV-279638 PO_B12_001687,94105,1968,0,0,92137,INR,2026-08-13T23:20:00Z,BATCH-UBER-1687
PO_B12_001688,Razorpay Nodal,BKMS-INV-365797 PO_B12_001688,443789,9058,0,0,434731,INR,2026-08-14T05:25:00Z,BATCH-BKMS-1688
PO_B12_001689,Stripe India,FLPK-EXC-103766-UNRESOLVED,63347,1256,0,0,62091,INR,2026-08-14T22:13:00Z,HOLD-ESCROW
PO_B12_001690,BillDesk Settlement,BKMS-ORD-929111 BKMS-ORD-151440 BATCH-BKMS-1690,237215,4744,0,0,232471,INR,2026-08-14T10:16:00Z,BATCH-BKMS-1690
PO_B12_001691,Cashfree Escrow,AMZN-INV-861319 PO_B12_001691,275256,6726,0,0,268530,INR,2026-08-14T17:02:00Z,BATCH-AMZN-1691
PO_B12_001692,Razorpay Nodal,SWIG-INV-474724 PO_B12_001692,157925,3158,0,0,154767,INR,2026-08-14T13:54:00Z,BATCH-SWIG-1692
PO_B12_001693,PayU Enterprise,AMZN-INV-355358 PO_B12_001693,400812,10020,0,0,390792,INR,2026-08-14T22:14:00Z,BATCH-AMZN-1693
PO_B12_001694,BillDesk Settlement,AMZN-INV-397440 PO_B12_001694,435835,6874,0,0,428961,INR,2026-08-14T22:41:00Z,BATCH-AMZN-1694
PO_B12_001695,Razorpay Nodal,MMTR-INV-322901 PO_B12_001695,83172,1401,0,0,81771,INR,2026-08-14T15:01:00Z,BATCH-MMTR-1695
PO_B12_001696,BillDesk Settlement,FLPK-INV-968726 PO_B12_001696,353010,7783,0,0,345227,INR,2026-08-14T10:26:00Z,BATCH-FLPK-1696
PO_B12_001697,Razorpay Nodal,BKMS-INV-697042 PO_B12_001697,445660,6690,0,0,438970,INR,2026-08-14T03:51:00Z,BATCH-BKMS-1697
PO_B12_001698,BillDesk Settlement,FLPK-INV-420373 PO_B12_001698,110203,2038,0,0,108165,INR,2026-08-14T18:37:00Z,BATCH-FLPK-1698
PO_B12_001699,BillDesk Settlement,JIOO-INV-734255 PO_B12_001699,359918,8905,0,0,351013,INR,2026-08-14T08:45:00Z,BATCH-JIOO-1699
PO_B12_001700,Stripe India,FLPK-INV-449968 PO_B12_001700,145454,3264,0,0,142190,INR,2026-08-14T10:33:00Z,BATCH-FLPK-1700
PO_B12_001701,Razorpay Nodal,ZOMA-INV-863408 PO_B12_001701,142028,2376,0,0,139652,INR,2026-08-14T00:19:00Z,BATCH-ZOMA-1701
PO_B12_001702,Razorpay Nodal,OLAA-ORD-597830 OLAA-ORD-928325 BATCH-OLAA-1702,171610,3432,0,0,168178,INR,2026-08-13T22:26:00Z,BATCH-OLAA-1702
PO_B12_001703,BillDesk Settlement,OLAA-INV-553505 PO_B12_001703,176251,4366,0,0,171885,INR,2026-08-14T02:41:00Z,BATCH-OLAA-1703
PO_B12_001704,Stripe India,PHNP-INV-152091 PO_B12_001704,104878,2005,0,0,102873,INR,2026-08-14T01:05:00Z,BATCH-PHNP-1704
PO_B12_001705,BillDesk Settlement,MYNT-INV-169560 PO_B12_001705,407844,9471,0,0,398373,INR,2026-08-14T12:52:00Z,BATCH-MYNT-1705
PO_B12_001706,Stripe India,MYNT-ORD-851125 MYNT-ORD-113317 BATCH-MYNT-1706,243725,4874,0,0,238851,INR,2026-08-14T12:47:00Z,BATCH-MYNT-1706
PO_B12_001707,Cashfree Escrow,BLNK-ORD-712936 BLNK-ORD-245266 BATCH-BLNK-1707,374932,7498,0,0,367434,INR,2026-08-14T04:22:00Z,BATCH-BLNK-1707
PO_B12_001708,Cashfree Escrow,ZOMA-INV-842596 PO_B12_001708,191470,4423,0,0,187047,INR,2026-08-14T15:37:00Z,BATCH-ZOMA-1708
PO_B12_001709,Cashfree Escrow,PHNP-INV-944424 PO_B12_001709,355400,7143,0,0,348257,INR,2026-08-14T07:32:00Z,BATCH-PHNP-1709
PO_B12_001710,BillDesk Settlement,FLPK-ORD-171347 FLPK-ORD-649011 BATCH-FLPK-1710,163603,3272,0,0,160331,INR,2026-08-14T02:16:00Z,BATCH-FLPK-1710
PO_B12_001711,Razorpay Nodal,SWIG-INV-124822 PO_B12_001711,445794,9808,0,0,435986,INR,2026-08-14T06:23:00Z,BATCH-SWIG-1711
PO_B12_001712,Razorpay Nodal,TATA-INV-321743 PO_B12_001712,40797,825,0,0,39972,INR,2026-08-14T07:05:00Z,BATCH-TATA-1712
PO_B12_001713,Stripe India,PAYT-INV-873120 PO_B12_001713,196938,3828,0,0,193110,INR,2026-08-13T16:37:00Z,BATCH-PAYT-1713
PO_B12_001714,Stripe India,BBAS-INV-201905 PO_B12_001714,117032,2250,0,0,114782,INR,2026-08-14T05:58:00Z,BATCH-BBAS-1714
PO_B12_001715,Razorpay Nodal,JIOO-ORD-744647 JIOO-ORD-403012 BATCH-JIOO-1715,295419,5908,0,0,289511,INR,2026-08-13T23:08:00Z,BATCH-JIOO-1715
PO_B12_001716,PayU Enterprise,MMTR-ORD-983860 MMTR-ORD-484497 BATCH-MMTR-1716,292645,5852,0,0,286793,INR,2026-08-14T06:22:00Z,BATCH-MMTR-1716
PO_B12_001717,PayU Enterprise,NYKA-INV-352090 PO_B12_001717,95761,2142,0,0,93619,INR,2026-08-14T11:31:00Z,BATCH-NYKA-1717
PO_B12_001718,PayU Enterprise,JIOO-ORD-333747 JIOO-ORD-248411 JIOO-ORD-643307 BATCH-JIOO-1718,302268,6045,0,0,296223,INR,2026-08-14T16:11:00Z,BATCH-JIOO-1718
PO_B12_001719,Cashfree Escrow,UBER-INV-303851 PO_B12_001719,44593,976,0,0,43617,INR,2026-08-14T07:44:00Z,BATCH-UBER-1719
PO_B12_001720,BillDesk Settlement,MYNT-INV-916053 PO_B12_001720,303652,4619,0,0,299033,INR,2026-08-14T09:05:00Z,BATCH-MYNT-1720
PO_B12_001721,Stripe India,OLAA-INV-343272 PO_B12_001721,54836,1163,0,0,53673,INR,2026-08-14T23:47:00Z,BATCH-OLAA-1721
PO_B12_001722,Stripe India,ZOMA-INV-743745 PO_B12_001722,374012,6174,0,0,367838,INR,2026-08-13T17:39:00Z,BATCH-ZOMA-1722
PO_B12_001723,Cashfree Escrow,BLNK-INV-590567 PO_B12_001723,419964,7386,0,0,412578,INR,2026-08-14T04:59:00Z,BATCH-BLNK-1723
PO_B12_001724,BillDesk Settlement,OLAA-INV-604338 PO_B12_001724,427446,9730,0,0,417716,INR,2026-08-13T21:25:00Z,BATCH-OLAA-1724
PO_B12_001725,PayU Enterprise,BLNK-INV-626469 PO_B12_001725,135004,2467,0,0,132537,INR,2026-08-14T18:40:00Z,BATCH-BLNK-1725
PO_B12_001726,BillDesk Settlement,ZOMA-ORD-315917 ZOMA-ORD-184335 BATCH-ZOMA-1726,379276,7585,0,0,371691,INR,2026-08-14T20:11:00Z,BATCH-ZOMA-1726
PO_B12_001727,BillDesk Settlement,PHNP-INV-979531 PO_B12_001727,242308,4644,0,0,237664,INR,2026-08-14T05:33:00Z,BATCH-PHNP-1727
PO_B12_001728,Cashfree Escrow,MYNT-INV-288765 PO_B12_001728,269775,5559,0,0,264216,INR,2026-08-14T07:11:00Z,BATCH-MYNT-1728
PO_B12_001729,Razorpay Nodal,MMTR-ORD-166385 MMTR-ORD-512629 BATCH-MMTR-1729,270717,5414,0,0,265303,INR,2026-08-14T14:10:00Z,BATCH-MMTR-1729
PO_B12_001730,Razorpay Nodal,BKMS-INV-609367 PO_B12_001730,243488,4475,0,0,239013,INR,2026-08-13T21:58:00Z,BATCH-BKMS-1730
PO_B12_001731,Razorpay Nodal,AMZN-INV-437915 PO_B12_001731,38967,705,0,0,38262,INR,2026-08-13T15:50:00Z,BATCH-AMZN-1731
PO_B12_001732,PayU Enterprise,AMZN-INV-677697 PO_B12_001732,51417,788,0,0,50629,INR,2026-08-13T21:50:00Z,BATCH-AMZN-1732
PO_B12_001733,PayU Enterprise,PAYT-INV-525784 PO_B12_001733,179104,4054,0,0,175050,INR,2026-08-14T05:05:00Z,BATCH-PAYT-1733
PO_B12_001734,BillDesk Settlement,FLPK-ORD-371972 FLPK-ORD-784230 BATCH-FLPK-1734,445085,8901,0,0,436184,INR,2026-08-14T07:28:00Z,BATCH-FLPK-1734
PO_B12_001735,BillDesk Settlement,BKMS-INV-749303 PO_B12_001735,86662,2043,0,0,84619,INR,2026-08-14T16:52:00Z,BATCH-BKMS-1735
PO_B12_001736,PayU Enterprise,BBAS-ORD-238755 BBAS-ORD-356648 BBAS-ORD-800003 BATCH-BBAS-1736,474537,9490,0,0,465047,INR,2026-08-14T03:55:00Z,BATCH-BBAS-1736
PO_B12_001737,Stripe India,BKMS-INV-962599 PO_B12_001737,35985,679,0,0,35306,INR,2026-08-13T23:53:00Z,BATCH-BKMS-1737
PO_B12_001738,BillDesk Settlement,PHNP-INV-304058 PO_B12_001738,118610,1935,0,0,116675,INR,2026-08-14T14:32:00Z,BATCH-PHNP-1738
PO_B12_001739,PayU Enterprise,BLNK-EXC-472928-UNRESOLVED,51365,1017,0,0,50348,INR,2026-08-15T01:14:00Z,HOLD-ESCROW
PO_B12_001740,PayU Enterprise,AMZN-INV-386219 PO_B12_001740,374337,7642,0,0,366695,INR,2026-08-14T13:21:00Z,BATCH-AMZN-1740
PO_B12_001741,Stripe India,PHNP-INV-111695 PO_B12_001741,131811,2215,0,0,129596,INR,2026-08-13T19:31:00Z,BATCH-PHNP-1741
PO_B12_001742,Stripe India,BKMS-ORD-285317 BKMS-ORD-281962 BKMS-ORD-809712 BATCH-BKMS-1742,624370,12487,0,0,611883,INR,2026-08-14T01:16:00Z,BATCH-BKMS-1742
PO_B12_001743,Stripe India,MMTR-INV-995863 PO_B12_001743,37352,915,0,0,36437,INR,2026-08-14T06:02:00Z,BATCH-MMTR-1743
PO_B12_001744,Stripe India,FLPK-ORD-751855 FLPK-ORD-401500 BATCH-FLPK-1744,393475,7869,0,0,385606,INR,2026-08-14T07:20:00Z,BATCH-FLPK-1744
PO_B12_001745,BillDesk Settlement,BBAS-INV-642237 PO_B12_001745,195709,4214,0,0,191495,INR,2026-08-14T17:21:00Z,BATCH-BBAS-1745
PO_B12_001746,Razorpay Nodal,MMTR-INV-507517 PO_B12_001746,217210,3772,0,0,213438,INR,2026-08-14T13:55:00Z,BATCH-MMTR-1746
PO_B12_001747,BillDesk Settlement,BKMS-INV-524424 PO_B12_001747,60896,1289,0,0,59607,INR,2026-08-14T08:06:00Z,BATCH-BKMS-1747
PO_B12_001748,Stripe India,NYKA-INV-350302 PO_B12_001748,115675,2292,0,0,113383,INR,2026-08-14T02:09:00Z,BATCH-NYKA-1748
PO_B12_001749,PayU Enterprise,BBAS-ORD-708483 BBAS-ORD-827186 BBAS-ORD-706551 BATCH-BBAS-1749,490191,9803,0,0,480388,INR,2026-08-14T16:22:00Z,BATCH-BBAS-1749
PO_B12_001750,Cashfree Escrow,MMTR-INV-915778 PO_B12_001750,55828,1060,0,0,54768,INR,2026-08-14T04:57:00Z,BATCH-MMTR-1750
PO_B12_001751,BillDesk Settlement,OLAA-INV-317707 PO_B12_001751,156728,3102,0,0,153626,INR,2026-08-14T05:25:00Z,BATCH-OLAA-1751
PO_B12_001752,BillDesk Settlement,ZOMA-ORD-294473 ZOMA-ORD-986198 BATCH-ZOMA-1752,268619,5372,0,0,263247,INR,2026-08-14T02:10:00Z,BATCH-ZOMA-1752
PO_B12_001753,Stripe India,PHNP-ORD-712526 PHNP-ORD-492066 BATCH-PHNP-1753,370964,7419,0,0,363545,INR,2026-08-14T14:51:00Z,BATCH-PHNP-1753
PO_B12_001754,Razorpay Nodal,MMTR-INV-910811 PO_B12_001754,398532,9814,0,0,388718,INR,2026-08-13T18:59:00Z,BATCH-MMTR-1754
PO_B12_001755,Razorpay Nodal,BLNK-ORD-427111 BLNK-ORD-181942 BLNK-ORD-873629 BATCH-BLNK-1755,300865,6017,0,0,294848,INR,2026-08-14T06:40:00Z,BATCH-BLNK-1755
PO_B12_001756,Razorpay Nodal,JIOO-ORD-361032 JIOO-ORD-129694 JIOO-ORD-563714 BATCH-JIOO-1756,539918,10798,0,0,529120,INR,2026-08-14T04:58:00Z,BATCH-JIOO-1756
PO_B12_001757,PayU Enterprise,BBAS-ORD-141649 BBAS-ORD-840322 BATCH-BBAS-1757,351765,7035,0,0,344730,INR,2026-08-14T20:10:00Z,BATCH-BBAS-1757
PO_B12_001758,Stripe India,MYNT-INV-987184 PO_B12_001758,255934,5930,0,0,250004,INR,2026-08-13T18:48:00Z,BATCH-MYNT-1758
PO_B12_001759,BillDesk Settlement,PAYT-INV-751242 PO_B12_001759,190338,3478,0,0,186860,INR,2026-08-14T18:55:00Z,BATCH-PAYT-1759
PO_B12_001760,Razorpay Nodal,ZOMA-INV-738125 PO_B12_001760,307227,5523,0,0,301704,INR,2026-08-14T04:02:00Z,BATCH-ZOMA-1760
PO_B12_001761,Cashfree Escrow,FLPK-INV-600251 PO_B12_001761,175865,2992,0,0,172873,INR,2026-08-14T11:36:00Z,BATCH-FLPK-1761
PO_B12_001762,Cashfree Escrow,SWIG-INV-728212 PO_B12_001762,39165,628,0,0,38537,INR,2026-08-14T09:44:00Z,BATCH-SWIG-1762
PO_B12_001763,PayU Enterprise,FLPK-INV-243998 PO_B12_001763,382895,5970,0,0,376925,INR,2026-08-14T11:07:00Z,BATCH-FLPK-1763
PO_B12_001764,PayU Enterprise,FLPK-INV-704039 PO_B12_001764,214771,4224,0,0,210547,INR,2026-08-14T07:37:00Z,BATCH-FLPK-1764
PO_B12_001765,Cashfree Escrow,JIOO-INV-514507 PO_B12_001765,158297,3562,0,0,154735,INR,2026-08-14T09:05:00Z,BATCH-JIOO-1765
PO_B12_001766,Stripe India,BKMS-INV-136933 PO_B12_001766,209461,4214,0,0,205247,INR,2026-08-14T19:34:00Z,BATCH-BKMS-1766
PO_B12_001767,BillDesk Settlement,MMTR-EXC-939684-UNRESOLVED,101952,2029,0,0,99923,INR,2026-08-14T12:31:00Z,HOLD-ESCROW
PO_B12_001768,BillDesk Settlement,PHNP-ORD-140951 PHNP-ORD-204525 BATCH-PHNP-1768,290240,5804,0,0,284436,INR,2026-08-14T12:58:00Z,BATCH-PHNP-1768
PO_B12_001769,Razorpay Nodal,MMTR-INV-472366 PO_B12_001769,78109,1687,0,0,76422,INR,2026-08-14T14:02:00Z,BATCH-MMTR-1769
PO_B12_001770,Stripe India,UBER-INV-840063 PO_B12_001770,391187,7028,0,0,384159,INR,2026-08-14T12:03:00Z,BATCH-UBER-1770
PO_B12_001771,Stripe India,TATA-INV-310943 PO_B12_001771,283881,5623,0,0,278258,INR,2026-08-14T02:16:00Z,BATCH-TATA-1771
PO_B12_001772,PayU Enterprise,OLAA-ORD-245115 OLAA-ORD-572853 BATCH-OLAA-1772,387516,7750,0,0,379766,INR,2026-08-14T01:47:00Z,BATCH-OLAA-1772
PO_B12_001773,Cashfree Escrow,PHNP-INV-983770 PO_B12_001773,246740,4642,0,0,242098,INR,2026-08-13T17:48:00Z,BATCH-PHNP-1773
PO_B12_001774,PayU Enterprise,BKMS-INV-513552 PO_B12_001774,293680,6762,0,0,286918,INR,2026-08-14T07:53:00Z,BATCH-BKMS-1774
PO_B12_001775,Razorpay Nodal,MYNT-INV-743261 PO_B12_001775,323409,6244,0,0,317165,INR,2026-08-14T06:56:00Z,BATCH-MYNT-1775
PO_B12_001776,Stripe India,BKMS-INV-745536 PO_B12_001776,175953,3158,0,0,172795,INR,2026-08-14T15:56:00Z,BATCH-BKMS-1776
PO_B12_001777,Stripe India,BKMS-EXC-856018-UNRESOLVED,230042,4590,0,0,225452,INR,2026-08-14T09:30:00Z,HOLD-ESCROW
PO_B12_001778,PayU Enterprise,TATA-INV-411151 PO_B12_001778,57657,1124,0,0,56533,INR,2026-08-14T13:58:00Z,BATCH-TATA-1778
PO_B12_001779,Razorpay Nodal,SWIG-INV-512180 PO_B12_001779,395784,7618,0,0,388166,INR,2026-08-14T13:56:00Z,BATCH-SWIG-1779
PO_B12_001780,PayU Enterprise,TATA-INV-619526 PO_B12_001780,361573,7613,0,0,353960,INR,2026-08-14T09:40:00Z,BATCH-TATA-1780
PO_B12_001781,BillDesk Settlement,BLNK-ORD-179995 BLNK-ORD-884588 BATCH-BLNK-1781,271264,5425,0,0,265839,INR,2026-08-14T10:56:00Z,BATCH-BLNK-1781
PO_B12_001782,BillDesk Settlement,OLAA-INV-532592 PO_B12_001782,422434,8385,0,0,414049,INR,2026-08-14T19:26:00Z,BATCH-OLAA-1782
PO_B12_001783,Razorpay Nodal,ZOMA-INV-766976 PO_B12_001783,290106,5426,0,0,284680,INR,2026-08-14T03:23:00Z,BATCH-ZOMA-1783
PO_B12_001784,Stripe India,OLAA-ORD-990049 OLAA-ORD-734810 BATCH-OLAA-1784,213441,4268,0,0,209173,INR,2026-08-14T01:27:00Z,BATCH-OLAA-1784
PO_B12_001785,Stripe India,FLPK-INV-578192 PO_B12_001785,46523,962,0,0,45561,INR,2026-08-13T13:19:00Z,BATCH-FLPK-1785
PO_B12_001786,BillDesk Settlement,MMTR-INV-186622 PO_B12_001786,298192,6996,0,0,291196,INR,2026-08-15T00:38:00Z,BATCH-MMTR-1786
PO_B12_001787,BillDesk Settlement,JIOO-INV-100600 PO_B12_001787,423482,6630,0,0,416852,INR,2026-08-14T08:43:00Z,BATCH-JIOO-1787
PO_B12_001788,BillDesk Settlement,PHNP-INV-709021 PO_B12_001788,380831,9464,0,0,371367,INR,2026-08-14T01:27:00Z,BATCH-PHNP-1788
PO_B12_001789,Razorpay Nodal,PAYT-ORD-704108 PAYT-ORD-162216 BATCH-PAYT-1789,202273,4045,0,0,198228,INR,2026-08-14T20:19:00Z,BATCH-PAYT-1789
PO_B12_001790,PayU Enterprise,BBAS-INV-731857 PO_B12_001790,136617,3077,0,0,133540,INR,2026-08-14T15:17:00Z,BATCH-BBAS-1790
PO_B12_001791,Cashfree Escrow,FLPK-ORD-258870 FLPK-ORD-141170 FLPK-ORD-487222 BATCH-FLPK-1791,354972,7099,0,0,347873,INR,2026-08-13T23:07:00Z,BATCH-FLPK-1791
PO_B12_001792,Cashfree Escrow,ZOMA-INV-996175 PO_B12_001792,408562,7084,0,0,401478,INR,2026-08-14T04:41:00Z,BATCH-ZOMA-1792
PO_B12_001793,Razorpay Nodal,ZOMA-INV-764688 PO_B12_001793,61708,1542,0,0,60166,INR,2026-08-14T12:26:00Z,BATCH-ZOMA-1793
PO_B12_001794,PayU Enterprise,MMTR-INV-572866 PO_B12_001794,125598,2908,0,0,122690,INR,2026-08-14T01:37:00Z,BATCH-MMTR-1794
PO_B12_001795,Razorpay Nodal,NYKA-INV-229182 PO_B12_001795,146445,3481,0,0,142964,INR,2026-08-14T02:21:00Z,BATCH-NYKA-1795
PO_B12_001796,BillDesk Settlement,BBAS-ORD-105822 BBAS-ORD-147141 BATCH-BBAS-1796,305385,6107,0,0,299278,INR,2026-08-14T16:23:00Z,BATCH-BBAS-1796
PO_B12_001797,Razorpay Nodal,PHNP-INV-304212 PO_B12_001797,328445,6136,0,0,322309,INR,2026-08-14T05:15:00Z,BATCH-PHNP-1797
PO_B12_001798,Cashfree Escrow,BKMS-INV-564724 PO_B12_001798,41617,997,0,0,40620,INR,2026-08-14T06:24:00Z,BATCH-BKMS-1798
PO_B12_001799,BillDesk Settlement,PAYT-ORD-498247 PAYT-ORD-560994 BATCH-PAYT-1799,389940,7798,0,0,382142,INR,2026-08-14T09:37:00Z,BATCH-PAYT-1799
PO_B12_001800,Stripe India,PAYT-INV-698761 PO_B12_001800,82432,1493,0,0,80939,INR,2026-08-14T00:51:00Z,BATCH-PAYT-1800
PO_B12_001801,PayU Enterprise,MYNT-INV-484192 PO_B12_001801,200858,4458,0,0,196400,INR,2026-08-14T08:59:00Z,BATCH-MYNT-1801
PO_B12_001802,Stripe India,ZOMA-INV-961672 PO_B12_001802,82926,1814,0,0,81112,INR,2026-08-14T12:03:00Z,BATCH-ZOMA-1802
PO_B12_001803,Stripe India,NYKA-INV-806157 PO_B12_001803,31138,495,0,0,30643,INR,2026-08-14T11:23:00Z,BATCH-NYKA-1803
PO_B12_001804,Razorpay Nodal,ZOMA-ORD-551664 ZOMA-ORD-962645 BATCH-ZOMA-1804,124765,2495,0,0,122270,INR,2026-08-14T17:07:00Z,BATCH-ZOMA-1804
PO_B12_001805,PayU Enterprise,BBAS-INV-532560 PO_B12_001805,274150,5050,0,0,269100,INR,2026-08-14T23:47:00Z,BATCH-BBAS-1805
PO_B12_001806,Cashfree Escrow,ZOMA-INV-202672 PO_B12_001806,141273,2323,0,0,138950,INR,2026-08-14T00:28:00Z,BATCH-ZOMA-1806
PO_B12_001807,Razorpay Nodal,BKMS-ORD-358351 BKMS-ORD-124739 BATCH-BKMS-1807,301249,6024,0,0,295225,INR,2026-08-14T20:15:00Z,BATCH-BKMS-1807
PO_B12_001808,PayU Enterprise,UBER-INV-949045 PO_B12_001808,218658,4100,0,0,214558,INR,2026-08-14T17:41:00Z,BATCH-UBER-1808
PO_B12_001809,PayU Enterprise,MMTR-ORD-971959 MMTR-ORD-511081 BATCH-MMTR-1809,247712,4954,0,0,242758,INR,2026-08-14T06:57:00Z,BATCH-MMTR-1809
PO_B12_001810,BillDesk Settlement,MMTR-ORD-515727 MMTR-ORD-224424 BATCH-MMTR-1810,150520,3010,0,0,147510,INR,2026-08-14T10:55:00Z,BATCH-MMTR-1810
PO_B12_001811,PayU Enterprise,SWIG-INV-612805 PO_B12_001811,159211,2423,0,0,156788,INR,2026-08-13T21:07:00Z,BATCH-SWIG-1811
PO_B12_001812,Stripe India,MYNT-INV-445448 PO_B12_001812,59296,1060,0,0,58236,INR,2026-08-14T18:24:00Z,BATCH-MYNT-1812
PO_B12_001813,Razorpay Nodal,ZOMA-INV-168270 PO_B12_001813,381649,8552,0,0,373097,INR,2026-08-14T01:22:00Z,BATCH-ZOMA-1813
PO_B12_001814,Razorpay Nodal,FLPK-INV-556567 PO_B12_001814,420398,9682,0,0,410716,INR,2026-08-14T05:41:00Z,BATCH-FLPK-1814
PO_B12_001815,Razorpay Nodal,MYNT-ORD-569487 MYNT-ORD-223987 BATCH-MYNT-1815,235479,4709,0,0,230770,INR,2026-08-14T08:49:00Z,BATCH-MYNT-1815
PO_B12_001816,Cashfree Escrow,NYKA-INV-718106 PO_B12_001816,86599,1366,0,0,85233,INR,2026-08-14T11:29:00Z,BATCH-NYKA-1816
PO_B12_001817,BillDesk Settlement,BBAS-INV-548402 PO_B12_001817,116850,2128,0,0,114722,INR,2026-08-13T17:05:00Z,BATCH-BBAS-1817
PO_B12_001818,Cashfree Escrow,PHNP-INV-832724 PO_B12_001818,70229,1358,0,0,68871,INR,2026-08-14T13:17:00Z,BATCH-PHNP-1818
PO_B12_001819,BillDesk Settlement,FLPK-INV-489061 PO_B12_001819,235228,3873,0,0,231355,INR,2026-08-13T22:04:00Z,BATCH-FLPK-1819
PO_B12_001820,Cashfree Escrow,TATA-ORD-239079 TATA-ORD-236178 TATA-ORD-611353 BATCH-TATA-1820,451603,9032,0,0,442571,INR,2026-08-14T19:57:00Z,BATCH-TATA-1820
PO_B12_001821,BillDesk Settlement,FLPK-INV-520963 PO_B12_001821,84294,1903,0,0,82391,INR,2026-08-14T17:34:00Z,BATCH-FLPK-1821
PO_B12_001822,Razorpay Nodal,BBAS-INV-990846 PO_B12_001822,80302,1532,0,0,78770,INR,2026-08-14T17:24:00Z,BATCH-BBAS-1822
PO_B12_001823,PayU Enterprise,PAYT-INV-963030 PO_B12_001823,106404,1628,0,0,104776,INR,2026-08-13T20:03:00Z,BATCH-PAYT-1823
PO_B12_001824,PayU Enterprise,ZOMA-INV-200360 PO_B12_001824,444207,6908,0,0,437299,INR,2026-08-15T00:16:00Z,BATCH-ZOMA-1824
PO_B12_001825,Razorpay Nodal,TATA-ORD-396292 TATA-ORD-921607 BATCH-TATA-1825,301379,6027,0,0,295352,INR,2026-08-14T12:16:00Z,BATCH-TATA-1825
PO_B12_001826,Stripe India,TATA-ORD-777485 TATA-ORD-339475 BATCH-TATA-1826,124333,2486,0,0,121847,INR,2026-08-14T05:53:00Z,BATCH-TATA-1826
PO_B12_001827,Razorpay Nodal,ZOMA-ORD-671803 ZOMA-ORD-310684 BATCH-ZOMA-1827,326898,6537,0,0,320361,INR,2026-08-14T15:19:00Z,BATCH-ZOMA-1827
PO_B12_001828,Stripe India,OLAA-INV-220822 PO_B12_001828,73758,1514,0,0,72244,INR,2026-08-13T19:31:00Z,BATCH-OLAA-1828
PO_B12_001829,PayU Enterprise,BBAS-INV-333535 PO_B12_001829,241922,6026,0,0,235896,INR,2026-08-13T22:34:00Z,BATCH-BBAS-1829
PO_B12_001830,Cashfree Escrow,UBER-INV-536844 PO_B12_001830,437484,9964,0,0,427520,INR,2026-08-14T02:05:00Z,BATCH-UBER-1830
PO_B12_001831,BillDesk Settlement,FLPK-INV-835246 PO_B12_001831,304317,4790,0,0,299527,INR,2026-08-13T16:49:00Z,BATCH-FLPK-1831
PO_B12_001832,Razorpay Nodal,PHNP-ORD-226121 PHNP-ORD-221108 BATCH-PHNP-1832,205570,4111,0,0,201459,INR,2026-08-14T02:17:00Z,BATCH-PHNP-1832
PO_B12_001833,Stripe India,MMTR-INV-225703 PO_B12_001833,216092,4198,0,0,211894,INR,2026-08-14T08:38:00Z,BATCH-MMTR-1833
PO_B12_001834,PayU Enterprise,BBAS-INV-760852 PO_B12_001834,194376,4855,0,0,189521,INR,2026-08-14T03:33:00Z,BATCH-BBAS-1834
PO_B12_001835,BillDesk Settlement,UBER-INV-488981 PO_B12_001835,205002,3104,0,0,201898,INR,2026-08-14T02:50:00Z,BATCH-UBER-1835
PO_B12_001836,Razorpay Nodal,BBAS-ORD-358807 BBAS-ORD-773562 BBAS-ORD-220583 BATCH-BBAS-1836,400068,8001,0,0,392067,INR,2026-08-14T06:15:00Z,BATCH-BBAS-1836
PO_B12_001837,Cashfree Escrow,JIOO-INV-417434 PO_B12_001837,281238,5256,0,0,275982,INR,2026-08-14T02:28:00Z,BATCH-JIOO-1837
PO_B12_001838,Cashfree Escrow,MMTR-INV-554608 PO_B12_001838,404473,9145,0,0,395328,INR,2026-08-14T01:05:00Z,BATCH-MMTR-1838
PO_B12_001839,Cashfree Escrow,PAYT-ORD-830439 PAYT-ORD-178945 BATCH-PAYT-1839,229674,4593,0,0,225081,INR,2026-08-14T16:06:00Z,BATCH-PAYT-1839
PO_B12_001840,PayU Enterprise,NYKA-INV-111498 PO_B12_001840,181928,4037,0,0,177891,INR,2026-08-13T23:20:00Z,BATCH-NYKA-1840
PO_B12_001841,PayU Enterprise,UBER-INV-232909 PO_B12_001841,188490,2916,0,0,185574,INR,2026-08-14T15:37:00Z,BATCH-UBER-1841
PO_B12_001842,BillDesk Settlement,BKMS-INV-235646 PO_B12_001842,260242,4566,0,0,255676,INR,2026-08-14T06:30:00Z,BATCH-BKMS-1842
PO_B12_001843,PayU Enterprise,BLNK-ORD-365291 BLNK-ORD-658818 BATCH-BLNK-1843,290673,5813,0,0,284860,INR,2026-08-14T06:06:00Z,BATCH-BLNK-1843
PO_B12_001844,BillDesk Settlement,ZOMA-INV-492936 PO_B12_001844,299218,6650,0,0,292568,INR,2026-08-14T16:35:00Z,BATCH-ZOMA-1844
PO_B12_001845,Cashfree Escrow,AMZN-ORD-666958 AMZN-ORD-965717 BATCH-AMZN-1845,291630,5832,0,0,285798,INR,2026-08-14T10:04:00Z,BATCH-AMZN-1845
PO_B12_001846,Stripe India,FLPK-INV-229867 PO_B12_001846,400242,7791,0,0,392451,INR,2026-08-13T23:09:00Z,BATCH-FLPK-1846
PO_B12_001847,BillDesk Settlement,SWIG-ORD-591655 SWIG-ORD-824790 SWIG-ORD-370434 BATCH-SWIG-1847,439710,8794,0,0,430916,INR,2026-08-13T23:31:00Z,BATCH-SWIG-1847
PO_B12_001848,Stripe India,UBER-INV-929222 PO_B12_001848,231841,3707,0,0,228134,INR,2026-08-13T17:11:00Z,BATCH-UBER-1848
PO_B12_001849,Stripe India,MYNT-INV-772836 PO_B12_001849,264133,5134,0,0,258999,INR,2026-08-14T09:36:00Z,BATCH-MYNT-1849
PO_B12_001850,Cashfree Escrow,PAYT-INV-212695 PO_B12_001850,82625,1319,0,0,81306,INR,2026-08-14T04:49:00Z,BATCH-PAYT-1850
PO_B12_001851,Stripe India,TATA-INV-327840 PO_B12_001851,335679,7336,0,0,328343,INR,2026-08-14T11:56:00Z,BATCH-TATA-1851
PO_B12_001852,PayU Enterprise,OLAA-ORD-982162 OLAA-ORD-458655 OLAA-ORD-318599 BATCH-OLAA-1852,638678,12773,0,0,625905,INR,2026-08-14T04:13:00Z,BATCH-OLAA-1852
PO_B12_001853,Cashfree Escrow,MYNT-INV-722459 PO_B12_001853,136300,2367,0,0,133933,INR,2026-08-13T19:46:00Z,BATCH-MYNT-1853
PO_B12_001854,BillDesk Settlement,PAYT-INV-901488 PO_B12_001854,411192,6298,0,0,404894,INR,2026-08-14T22:43:00Z,BATCH-PAYT-1854
PO_B12_001855,Stripe India,NYKA-ORD-535785 NYKA-ORD-387122 BATCH-NYKA-1855,346435,6928,0,0,339507,INR,2026-08-14T18:15:00Z,BATCH-NYKA-1855
PO_B12_001856,BillDesk Settlement,BBAS-INV-629318 PO_B12_001856,352136,8349,0,0,343787,INR,2026-08-14T08:09:00Z,BATCH-BBAS-1856
PO_B12_001857,Stripe India,MMTR-ORD-440452 MMTR-ORD-581268 BATCH-MMTR-1857,234741,4694,0,0,230047,INR,2026-08-13T23:10:00Z,BATCH-MMTR-1857
PO_B12_001858,PayU Enterprise,BKMS-INV-441660 PO_B12_001858,107375,2405,0,0,104970,INR,2026-08-14T21:59:00Z,BATCH-BKMS-1858
PO_B12_001859,Stripe India,PAYT-ORD-246993 PAYT-ORD-590738 PAYT-ORD-318273 BATCH-PAYT-1859,285850,5717,0,0,280133,INR,2026-08-14T12:42:00Z,BATCH-PAYT-1859
PO_B12_001860,Cashfree Escrow,PAYT-INV-579524 PO_B12_001860,313560,7650,0,0,305910,INR,2026-08-13T15:14:00Z,BATCH-PAYT-1860
PO_B12_001861,Stripe India,PHNP-ORD-200046 PHNP-ORD-352326 BATCH-PHNP-1861,329776,6595,0,0,323181,INR,2026-08-13T21:15:00Z,BATCH-PHNP-1861
PO_B12_001862,Cashfree Escrow,MMTR-INV-416325 PO_B12_001862,373830,6930,0,0,366900,INR,2026-08-14T03:21:00Z,BATCH-MMTR-1862
PO_B12_001863,BillDesk Settlement,BBAS-ORD-320443 BBAS-ORD-776861 BATCH-BBAS-1863,368071,7361,0,0,360710,INR,2026-08-14T03:08:00Z,BATCH-BBAS-1863
PO_B12_001864,PayU Enterprise,PHNP-INV-681504 PO_B12_001864,149476,3678,0,0,145798,INR,2026-08-14T20:00:00Z,BATCH-PHNP-1864
PO_B12_001865,Stripe India,PAYT-INV-373043 PO_B12_001865,206010,4056,0,0,201954,INR,2026-08-14T16:07:00Z,BATCH-PAYT-1865
PO_B12_001866,PayU Enterprise,BBAS-INV-501324 PO_B12_001866,273090,6807,0,0,266283,INR,2026-08-14T09:04:00Z,BATCH-BBAS-1866
PO_B12_001867,Stripe India,BBAS-INV-858589 PO_B12_001867,270403,6474,0,0,263929,INR,2026-08-13T18:37:00Z,BATCH-BBAS-1867
PO_B12_001868,Stripe India,TATA-INV-130204 PO_B12_001868,368493,6672,0,0,361821,INR,2026-08-14T04:09:00Z,BATCH-TATA-1868
PO_B12_001869,Razorpay Nodal,PHNP-INV-856848 PO_B12_001869,192569,3189,0,0,189380,INR,2026-08-13T21:42:00Z,BATCH-PHNP-1869
PO_B12_001870,BillDesk Settlement,MMTR-INV-207984 PO_B12_001870,350440,7310,0,0,343130,INR,2026-08-14T01:21:00Z,BATCH-MMTR-1870
PO_B12_001871,Stripe India,SWIG-INV-586344 PO_B12_001871,183801,3226,0,0,180575,INR,2026-08-14T17:41:00Z,BATCH-SWIG-1871
PO_B12_001872,Stripe India,JIOO-ORD-239485 JIOO-ORD-215492 BATCH-JIOO-1872,400466,8009,0,0,392457,INR,2026-08-14T08:35:00Z,BATCH-JIOO-1872
PO_B12_001873,BillDesk Settlement,AMZN-INV-852730 PO_B12_001873,339840,7086,0,0,332754,INR,2026-08-14T06:12:00Z,BATCH-AMZN-1873
PO_B12_001874,Stripe India,PHNP-INV-339695 PO_B12_001874,396544,7734,0,0,388810,INR,2026-08-14T14:57:00Z,BATCH-PHNP-1874
PO_B12_001875,BillDesk Settlement,FLPK-INV-421212 PO_B12_001875,301906,7455,0,0,294451,INR,2026-08-14T17:57:00Z,BATCH-FLPK-1875
PO_B12_001876,Stripe India,BKMS-ORD-980962 BKMS-ORD-416297 BATCH-BKMS-1876,379302,7586,0,0,371716,INR,2026-08-14T17:49:00Z,BATCH-BKMS-1876
PO_B12_001877,Razorpay Nodal,NYKA-INV-143256 PO_B12_001877,263824,4889,0,0,258935,INR,2026-08-14T00:55:00Z,BATCH-NYKA-1877
PO_B12_001878,BillDesk Settlement,BKMS-INV-712395 PO_B12_001878,188299,4070,0,0,184229,INR,2026-08-14T15:06:00Z,BATCH-BKMS-1878
PO_B12_001879,BillDesk Settlement,SWIG-INV-590768 PO_B12_001879,326521,5386,0,0,321135,INR,2026-08-13T19:04:00Z,BATCH-SWIG-1879
PO_B12_001880,Cashfree Escrow,SWIG-ORD-209749 SWIG-ORD-568564 BATCH-SWIG-1880,382580,7651,0,0,374929,INR,2026-08-14T18:45:00Z,BATCH-SWIG-1880
PO_B12_001881,Razorpay Nodal,TATA-INV-760421 PO_B12_001881,227984,4718,0,0,223266,INR,2026-08-14T17:57:00Z,BATCH-TATA-1881
PO_B12_001882,PayU Enterprise,BKMS-INV-137615 PO_B12_001882,105305,1579,0,0,103726,INR,2026-08-14T12:44:00Z,BATCH-BKMS-1882
PO_B12_001883,PayU Enterprise,PAYT-INV-615516 PO_B12_001883,40218,685,0,0,39533,INR,2026-08-14T05:16:00Z,BATCH-PAYT-1883
PO_B12_001884,Cashfree Escrow,MYNT-ORD-865655 MYNT-ORD-308696 BATCH-MYNT-1884,288551,5771,0,0,282780,INR,2026-08-14T00:53:00Z,BATCH-MYNT-1884
PO_B12_001885,Cashfree Escrow,SWIG-INV-752630 PO_B12_001885,32179,682,0,0,31497,INR,2026-08-14T04:02:00Z,BATCH-SWIG-1885
PO_B12_001886,Razorpay Nodal,SWIG-INV-919389 PO_B12_001886,156658,2726,0,0,153932,INR,2026-08-13T15:57:00Z,BATCH-SWIG-1886
PO_B12_001887,PayU Enterprise,BLNK-ORD-480757 BLNK-ORD-166134 BLNK-ORD-152495 BATCH-BLNK-1887,434186,8683,0,0,425503,INR,2026-08-14T17:19:00Z,BATCH-BLNK-1887
PO_B12_001888,Stripe India,BBAS-INV-510177 PO_B12_001888,342814,5514,0,0,337300,INR,2026-08-14T07:47:00Z,BATCH-BBAS-1888
PO_B12_001889,Stripe India,MYNT-ORD-655968 MYNT-ORD-869485 MYNT-ORD-109264 BATCH-MYNT-1889,287184,5743,0,0,281441,INR,2026-08-14T17:42:00Z,BATCH-MYNT-1889
PO_B12_001890,BillDesk Settlement,OLAA-INV-552546 PO_B12_001890,211707,4102,0,0,207605,INR,2026-08-14T11:35:00Z,BATCH-OLAA-1890
PO_B12_001891,BillDesk Settlement,MYNT-INV-624199 PO_B12_001891,314685,5764,0,0,308921,INR,2026-08-14T02:10:00Z,BATCH-MYNT-1891
PO_B12_001892,PayU Enterprise,BLNK-INV-743336 PO_B12_001892,179697,3764,0,0,175933,INR,2026-08-13T21:24:00Z,BATCH-BLNK-1892
PO_B12_001893,BillDesk Settlement,SWIG-INV-559889 PO_B12_001893,36928,749,0,0,36179,INR,2026-08-14T13:15:00Z,BATCH-SWIG-1893
PO_B12_001894,PayU Enterprise,BLNK-INV-587789 PO_B12_001894,60955,1166,0,0,59789,INR,2026-08-14T06:51:00Z,BATCH-BLNK-1894
PO_B12_001895,BillDesk Settlement,BBAS-INV-374184 PO_B12_001895,365095,5807,0,0,359288,INR,2026-08-14T03:09:00Z,BATCH-BBAS-1895
PO_B12_001896,Razorpay Nodal,BBAS-INV-113288 PO_B12_001896,317520,5884,0,0,311636,INR,2026-08-14T03:19:00Z,BATCH-BBAS-1896
PO_B12_001897,Razorpay Nodal,ZOMA-INV-397651 PO_B12_001897,448216,9488,0,0,438728,INR,2026-08-14T00:41:00Z,BATCH-ZOMA-1897
PO_B12_001898,Stripe India,PAYT-ORD-374262 PAYT-ORD-829902 BATCH-PAYT-1898,168485,3369,0,0,165116,INR,2026-08-14T06:50:00Z,BATCH-PAYT-1898
PO_B12_001899,PayU Enterprise,OLAA-INV-192143 PO_B12_001899,185268,3342,0,0,181926,INR,2026-08-14T14:34:00Z,BATCH-OLAA-1899
PO_B12_001900,BillDesk Settlement,FLPK-ORD-505769 FLPK-ORD-713085 BATCH-FLPK-1900,270128,5402,0,0,264726,INR,2026-08-14T12:12:00Z,BATCH-FLPK-1900
PO_B12_001901,Stripe India,SWIG-INV-121404 PO_B12_001901,358879,8141,0,0,350738,INR,2026-08-14T17:24:00Z,BATCH-SWIG-1901
PO_B12_001902,PayU Enterprise,JIOO-INV-288031 PO_B12_001902,263761,6276,0,0,257485,INR,2026-08-14T03:31:00Z,BATCH-JIOO-1902
PO_B12_001903,Stripe India,ZOMA-INV-928742 PO_B12_001903,100617,2429,0,0,98188,INR,2026-08-14T18:07:00Z,BATCH-ZOMA-1903
PO_B12_001904,Stripe India,TATA-ORD-623441 TATA-ORD-319191 BATCH-TATA-1904,234582,4691,0,0,229891,INR,2026-08-14T02:45:00Z,BATCH-TATA-1904
PO_B12_001905,PayU Enterprise,BBAS-INV-402593 PO_B12_001905,415445,8087,0,0,407358,INR,2026-08-14T14:54:00Z,BATCH-BBAS-1905
PO_B12_001906,BillDesk Settlement,MYNT-EXC-298345-UNRESOLVED,124149,2472,0,0,121677,INR,2026-08-14T09:09:00Z,HOLD-ESCROW
PO_B12_001907,Cashfree Escrow,ZOMA-INV-495117 PO_B12_001907,245991,3759,0,0,242232,INR,2026-08-14T05:20:00Z,BATCH-ZOMA-1907
PO_B12_001908,BillDesk Settlement,JIOO-ORD-175049 JIOO-ORD-132373 JIOO-ORD-203873 BATCH-JIOO-1908,195262,3905,0,0,191357,INR,2026-08-14T08:54:00Z,BATCH-JIOO-1908
PO_B12_001909,PayU Enterprise,TATA-INV-513986 PO_B12_001909,232122,3889,0,0,228233,INR,2026-08-14T12:50:00Z,BATCH-TATA-1909
PO_B12_001910,Stripe India,BBAS-ORD-399753 BBAS-ORD-924516 BBAS-ORD-908541 BATCH-BBAS-1910,411756,8235,0,0,403521,INR,2026-08-14T02:24:00Z,BATCH-BBAS-1910
PO_B12_001911,BillDesk Settlement,AMZN-ORD-452932 AMZN-ORD-395988 AMZN-ORD-924691 BATCH-AMZN-1911,389937,7798,0,0,382139,INR,2026-08-14T06:26:00Z,BATCH-AMZN-1911
PO_B12_001912,Razorpay Nodal,MYNT-INV-615137 PO_B12_001912,221170,3872,0,0,217298,INR,2026-08-14T14:06:00Z,BATCH-MYNT-1912
PO_B12_001913,Cashfree Escrow,BLNK-ORD-365641 BLNK-ORD-827604 BLNK-ORD-548704 BATCH-BLNK-1913,392198,7843,0,0,384355,INR,2026-08-14T06:12:00Z,BATCH-BLNK-1913
PO_B12_001914,Razorpay Nodal,BBAS-INV-754346 PO_B12_001914,208054,3688,0,0,204366,INR,2026-08-14T01:08:00Z,BATCH-BBAS-1914
PO_B12_001915,Stripe India,BBAS-INV-562320 PO_B12_001915,295326,4907,0,0,290419,INR,2026-08-13T18:55:00Z,BATCH-BBAS-1915
PO_B12_001916,BillDesk Settlement,OLAA-ORD-350030 OLAA-ORD-325299 BATCH-OLAA-1916,242972,4859,0,0,238113,INR,2026-08-14T05:04:00Z,BATCH-OLAA-1916
PO_B12_001917,PayU Enterprise,ZOMA-INV-658695 PO_B12_001917,150694,2551,0,0,148143,INR,2026-08-14T08:10:00Z,BATCH-ZOMA-1917
PO_B12_001918,Cashfree Escrow,FLPK-ORD-582410 FLPK-ORD-644640 BATCH-FLPK-1918,248449,4968,0,0,243481,INR,2026-08-13T23:00:00Z,BATCH-FLPK-1918
PO_B12_001919,Cashfree Escrow,ZOMA-ORD-220612 ZOMA-ORD-855394 ZOMA-ORD-350733 BATCH-ZOMA-1919,486363,9727,0,0,476636,INR,2026-08-13T22:24:00Z,BATCH-ZOMA-1919
PO_B12_001920,Razorpay Nodal,OLAA-INV-649558 PO_B12_001920,361608,8920,0,0,352688,INR,2026-08-14T07:55:00Z,BATCH-OLAA-1920
PO_B12_001921,Cashfree Escrow,UBER-INV-795844 PO_B12_001921,345329,5524,0,0,339805,INR,2026-08-13T23:38:00Z,BATCH-UBER-1921
PO_B12_001922,PayU Enterprise,NYKA-INV-695220 PO_B12_001922,285044,5646,0,0,279398,INR,2026-08-13T23:21:00Z,BATCH-NYKA-1922
PO_B12_001923,Cashfree Escrow,MYNT-ORD-671281 MYNT-ORD-745367 MYNT-ORD-726984 BATCH-MYNT-1923,188797,3775,0,0,185022,INR,2026-08-14T11:01:00Z,BATCH-MYNT-1923
PO_B12_001924,Razorpay Nodal,MYNT-INV-735577 PO_B12_001924,351558,6594,0,0,344964,INR,2026-08-13T23:37:00Z,BATCH-MYNT-1924
PO_B12_001925,Razorpay Nodal,MYNT-INV-813543 PO_B12_001925,90599,2165,0,0,88434,INR,2026-08-14T01:55:00Z,BATCH-MYNT-1925
PO_B12_001926,PayU Enterprise,SWIG-EXC-273920-UNRESOLVED,253802,5066,0,0,248736,INR,2026-08-14T22:56:00Z,HOLD-ESCROW
PO_B12_001927,BillDesk Settlement,BKMS-ORD-998279 BKMS-ORD-107687 BKMS-ORD-718877 BATCH-BKMS-1927,490192,9803,0,0,480389,INR,2026-08-13T21:50:00Z,BATCH-BKMS-1927
PO_B12_001928,Razorpay Nodal,BLNK-INV-635029 PO_B12_001928,76512,1743,0,0,74769,INR,2026-08-13T22:50:00Z,BATCH-BLNK-1928
PO_B12_001929,Razorpay Nodal,OLAA-INV-697870 PO_B12_001929,331863,5214,0,0,326649,INR,2026-08-14T23:42:00Z,BATCH-OLAA-1929
PO_B12_001930,BillDesk Settlement,PAYT-INV-733162 PO_B12_001930,394378,8598,0,0,385780,INR,2026-08-13T23:39:00Z,BATCH-PAYT-1930
PO_B12_001931,PayU Enterprise,AMZN-INV-687197 PO_B12_001931,169766,3484,0,0,166282,INR,2026-08-14T14:01:00Z,BATCH-AMZN-1931
PO_B12_001932,BillDesk Settlement,OLAA-INV-355108 PO_B12_001932,358486,5933,0,0,352553,INR,2026-08-14T04:45:00Z,BATCH-OLAA-1932
PO_B12_001933,PayU Enterprise,PAYT-INV-639124 PO_B12_001933,191531,3326,0,0,188205,INR,2026-08-14T15:52:00Z,BATCH-PAYT-1933
PO_B12_001934,BillDesk Settlement,PHNP-ORD-320001 PHNP-ORD-316416 PHNP-ORD-393471 BATCH-PHNP-1934,347178,6943,0,0,340235,INR,2026-08-14T19:43:00Z,BATCH-PHNP-1934
PO_B12_001935,Stripe India,BBAS-INV-452273 PO_B12_001935,262215,4566,0,0,257649,INR,2026-08-14T16:30:00Z,BATCH-BBAS-1935
PO_B12_001936,BillDesk Settlement,AMZN-ORD-827347 AMZN-ORD-941970 AMZN-ORD-442352 BATCH-AMZN-1936,480499,9609,0,0,470890,INR,2026-08-14T18:56:00Z,BATCH-AMZN-1936
PO_B12_001937,Stripe India,JIOO-INV-797017 PO_B12_001937,195318,4335,0,0,190983,INR,2026-08-14T20:49:00Z,BATCH-JIOO-1937
PO_B12_001938,Razorpay Nodal,MYNT-ORD-165657 MYNT-ORD-481709 BATCH-MYNT-1938,162526,3250,0,0,159276,INR,2026-08-13T23:00:00Z,BATCH-MYNT-1938
PO_B12_001939,Razorpay Nodal,BKMS-INV-972881 PO_B12_001939,244721,5613,0,0,239108,INR,2026-08-13T18:46:00Z,BATCH-BKMS-1939
PO_B12_001940,Cashfree Escrow,TATA-INV-268678 PO_B12_001940,151126,2577,0,0,148549,INR,2026-08-14T18:35:00Z,BATCH-TATA-1940
PO_B12_001941,Stripe India,TATA-ORD-409191 TATA-ORD-865878 TATA-ORD-607742 BATCH-TATA-1941,549340,10986,0,0,538354,INR,2026-08-14T11:40:00Z,BATCH-TATA-1941
PO_B12_001942,Cashfree Escrow,BLNK-INV-821845 PO_B12_001942,178594,3972,0,0,174622,INR,2026-08-14T03:01:00Z,BATCH-BLNK-1942
PO_B12_001943,PayU Enterprise,AMZN-INV-137645 PO_B12_001943,73258,1596,0,0,71662,INR,2026-08-14T16:48:00Z,BATCH-AMZN-1943
PO_B12_001944,Razorpay Nodal,JIOO-INV-463209 PO_B12_001944,393759,8161,0,0,385598,INR,2026-08-14T23:07:00Z,BATCH-JIOO-1944
PO_B12_001945,Cashfree Escrow,AMZN-ORD-520448 AMZN-ORD-702172 AMZN-ORD-593636 BATCH-AMZN-1945,582776,11655,0,0,571121,INR,2026-08-14T12:46:00Z,BATCH-AMZN-1945
PO_B12_001946,BillDesk Settlement,MYNT-INV-673402 PO_B12_001946,83833,1961,0,0,81872,INR,2026-08-14T08:20:00Z,BATCH-MYNT-1946
PO_B12_001947,Stripe India,AMZN-EXC-768427-UNRESOLVED,283663,5663,0,0,278000,INR,2026-08-14T14:43:00Z,HOLD-ESCROW
PO_B12_001948,Cashfree Escrow,NYKA-INV-528725 PO_B12_001948,399577,6825,0,0,392752,INR,2026-08-14T01:15:00Z,BATCH-NYKA-1948
PO_B12_001949,PayU Enterprise,BBAS-ORD-530527 BBAS-ORD-333915 BBAS-ORD-266135 BATCH-BBAS-1949,447613,8952,0,0,438661,INR,2026-08-14T08:00:00Z,BATCH-BBAS-1949
PO_B12_001950,PayU Enterprise,MMTR-INV-418743 PO_B12_001950,66522,1311,0,0,65211,INR,2026-08-14T11:23:00Z,BATCH-MMTR-1950
PO_B12_001951,BillDesk Settlement,AMZN-INV-400989 PO_B12_001951,189627,3829,0,0,185798,INR,2026-08-14T20:16:00Z,BATCH-AMZN-1951
PO_B12_001952,Stripe India,UBER-INV-381818 PO_B12_001952,54492,907,0,0,53585,INR,2026-08-14T23:00:00Z,BATCH-UBER-1952
PO_B12_001953,Razorpay Nodal,FLPK-ORD-774646 FLPK-ORD-685295 BATCH-FLPK-1953,362725,7254,0,0,355471,INR,2026-08-14T10:14:00Z,BATCH-FLPK-1953
PO_B12_001954,Cashfree Escrow,BLNK-ORD-226303 BLNK-ORD-452187 BLNK-ORD-587774 BATCH-BLNK-1954,516474,10329,0,0,506145,INR,2026-08-14T03:54:00Z,BATCH-BLNK-1954
PO_B12_001955,Razorpay Nodal,TATA-INV-413518 PO_B12_001955,338839,5364,0,0,333475,INR,2026-08-14T04:46:00Z,BATCH-TATA-1955
PO_B12_001956,PayU Enterprise,PAYT-ORD-617553 PAYT-ORD-272385 BATCH-PAYT-1956,104639,2092,0,0,102547,INR,2026-08-14T08:05:00Z,BATCH-PAYT-1956
PO_B12_001957,Razorpay Nodal,TATA-EXC-541452-UNRESOLVED,142269,2835,0,0,139434,INR,2026-08-15T01:08:00Z,HOLD-ESCROW
PO_B12_001958,PayU Enterprise,MMTR-INV-570342 PO_B12_001958,182880,4291,0,0,178589,INR,2026-08-13T19:25:00Z,BATCH-MMTR-1958
PO_B12_001959,Stripe India,NYKA-INV-235225 PO_B12_001959,202500,4030,0,0,198470,INR,2026-08-14T05:58:00Z,BATCH-NYKA-1959
PO_B12_001960,Stripe India,BLNK-ORD-954287 BLNK-ORD-869535 BLNK-ORD-710290 BATCH-BLNK-1960,656340,13126,0,0,643214,INR,2026-08-14T18:58:00Z,BATCH-BLNK-1960
PO_B12_001961,PayU Enterprise,BKMS-ORD-945982 BKMS-ORD-338228 BATCH-BKMS-1961,256215,5124,0,0,251091,INR,2026-08-14T19:06:00Z,BATCH-BKMS-1961
PO_B12_001962,BillDesk Settlement,SWIG-ORD-545031 SWIG-ORD-103006 SWIG-ORD-361316 BATCH-SWIG-1962,519197,10383,0,0,508814,INR,2026-08-14T13:08:00Z,BATCH-SWIG-1962
PO_B12_001963,Stripe India,FLPK-ORD-559902 FLPK-ORD-368345 FLPK-ORD-309543 BATCH-FLPK-1963,440091,8801,0,0,431290,INR,2026-08-14T18:22:00Z,BATCH-FLPK-1963
PO_B12_001964,PayU Enterprise,AMZN-INV-337097 PO_B12_001964,413412,9407,0,0,404005,INR,2026-08-14T07:45:00Z,BATCH-AMZN-1964
PO_B12_001965,BillDesk Settlement,PAYT-INV-960278 PO_B12_001965,121867,2788,0,0,119079,INR,2026-08-14T14:35:00Z,BATCH-PAYT-1965
PO_B12_001966,BillDesk Settlement,SWIG-INV-735741 PO_B12_001966,84747,1388,0,0,83359,INR,2026-08-14T00:40:00Z,BATCH-SWIG-1966
PO_B12_001967,BillDesk Settlement,SWIG-ORD-367329 SWIG-ORD-389281 BATCH-SWIG-1967,347117,6942,0,0,340175,INR,2026-08-14T02:37:00Z,BATCH-SWIG-1967
PO_B12_001968,BillDesk Settlement,OLAA-INV-482603 PO_B12_001968,27196,624,0,0,26572,INR,2026-08-13T14:14:00Z,BATCH-OLAA-1968
PO_B12_001969,PayU Enterprise,BBAS-INV-295738 PO_B12_001969,423697,10435,0,0,413262,INR,2026-08-14T10:30:00Z,BATCH-BBAS-1969
PO_B12_001970,Razorpay Nodal,MMTR-INV-641281 PO_B12_001970,446978,7922,0,0,439056,INR,2026-08-14T06:55:00Z,BATCH-MMTR-1970
PO_B12_001971,Cashfree Escrow,BLNK-INV-817201 PO_B12_001971,422882,8848,0,0,414034,INR,2026-08-13T23:48:00Z,BATCH-BLNK-1971
PO_B12_001972,Stripe India,BKMS-INV-841207 PO_B12_001972,336764,5163,0,0,331601,INR,2026-08-14T08:13:00Z,BATCH-BKMS-1972
PO_B12_001973,PayU Enterprise,FLPK-EXC-568491-UNRESOLVED,152655,3043,0,0,149612,INR,2026-08-15T00:56:00Z,HOLD-ESCROW
PO_B12_001974,PayU Enterprise,NYKA-INV-590930 PO_B12_001974,434926,10597,0,0,424329,INR,2026-08-13T19:44:00Z,BATCH-NYKA-1974
PO_B12_001975,PayU Enterprise,MYNT-INV-142702 PO_B12_001975,389151,8382,0,0,380769,INR,2026-08-14T09:32:00Z,BATCH-MYNT-1975
PO_B12_001976,BillDesk Settlement,MYNT-ORD-571051 MYNT-ORD-667282 MYNT-ORD-447076 BATCH-MYNT-1976,418464,8369,0,0,410095,INR,2026-08-13T22:48:00Z,BATCH-MYNT-1976
PO_B12_001977,Razorpay Nodal,AMZN-INV-536355 PO_B12_001977,97204,2079,0,0,95125,INR,2026-08-14T11:35:00Z,BATCH-AMZN-1977
PO_B12_001978,PayU Enterprise,UBER-ORD-609467 UBER-ORD-589864 UBER-ORD-879501 BATCH-UBER-1978,438493,8769,0,0,429724,INR,2026-08-14T19:55:00Z,BATCH-UBER-1978
PO_B12_001979,Razorpay Nodal,PAYT-INV-567538 PO_B12_001979,242868,5330,0,0,237538,INR,2026-08-14T04:07:00Z,BATCH-PAYT-1979
PO_B12_001980,PayU Enterprise,TATA-INV-988049 PO_B12_001980,297453,4822,0,0,292631,INR,2026-08-14T09:43:00Z,BATCH-TATA-1980
PO_B12_001981,Stripe India,BBAS-ORD-802326 BBAS-ORD-283972 BATCH-BBAS-1981,171430,3428,0,0,168002,INR,2026-08-14T00:19:00Z,BATCH-BBAS-1981
PO_B12_001982,Razorpay Nodal,MMTR-INV-548671 PO_B12_001982,178177,4437,0,0,173740,INR,2026-08-14T04:12:00Z,BATCH-MMTR-1982
PO_B12_001983,PayU Enterprise,OLAA-INV-772066 PO_B12_001983,380605,8908,0,0,371697,INR,2026-08-14T07:30:00Z,BATCH-OLAA-1983
PO_B12_001984,PayU Enterprise,JIOO-EXC-773316-UNRESOLVED,81378,1617,0,0,79761,INR,2026-08-14T18:40:00Z,HOLD-ESCROW
PO_B12_001985,Cashfree Escrow,NYKA-INV-752020 PO_B12_001985,261625,5339,0,0,256286,INR,2026-08-14T16:09:00Z,BATCH-NYKA-1985
PO_B12_001986,BillDesk Settlement,PHNP-INV-474743 PO_B12_001986,106894,2625,0,0,104269,INR,2026-08-13T19:29:00Z,BATCH-PHNP-1986
PO_B12_001987,Stripe India,TATA-ORD-152437 TATA-ORD-934775 BATCH-TATA-1987,357223,7144,0,0,350079,INR,2026-08-14T06:22:00Z,BATCH-TATA-1987
PO_B12_001988,PayU Enterprise,NYKA-INV-830563 PO_B12_001988,237047,5716,0,0,231331,INR,2026-08-14T07:06:00Z,BATCH-NYKA-1988
PO_B12_001989,Stripe India,MMTR-EXC-307526-UNRESOLVED,184608,3682,0,0,180926,INR,2026-08-14T22:58:00Z,HOLD-ESCROW
PO_B12_001990,PayU Enterprise,NYKA-INV-848527 PO_B12_001990,94127,1800,0,0,92327,INR,2026-08-14T04:15:00Z,BATCH-NYKA-1990
PO_B12_001991,PayU Enterprise,PAYT-INV-587589 PO_B12_001991,399818,8682,0,0,391136,INR,2026-08-14T13:26:00Z,BATCH-PAYT-1991
PO_B12_001992,Razorpay Nodal,BLNK-INV-704511 PO_B12_001992,444344,8114,0,0,436230,INR,2026-08-14T11:47:00Z,BATCH-BLNK-1992
PO_B12_001993,PayU Enterprise,BBAS-EXC-859435-UNRESOLVED,60207,1194,0,0,59013,INR,2026-08-14T10:04:00Z,HOLD-ESCROW
PO_B12_001994,BillDesk Settlement,NYKA-EXC-450846-UNRESOLVED,95335,1896,0,0,93439,INR,2026-08-14T17:11:00Z,HOLD-ESCROW
PO_B12_001995,Razorpay Nodal,PAYT-INV-494386 PO_B12_001995,251706,5619,0,0,246087,INR,2026-08-14T04:34:00Z,BATCH-PAYT-1995
PO_B12_001996,Stripe India,MMTR-INV-524155 PO_B12_001996,119178,1872,0,0,117306,INR,2026-08-14T10:09:00Z,BATCH-MMTR-1996
PO_B12_001997,Razorpay Nodal,JIOO-ORD-351909 JIOO-ORD-321636 BATCH-JIOO-1997,383729,7674,0,0,376055,INR,2026-08-14T07:34:00Z,BATCH-JIOO-1997
PO_B12_001998,PayU Enterprise,MMTR-ORD-864876 MMTR-ORD-886832 BATCH-MMTR-1998,237149,4742,0,0,232407,INR,2026-08-14T11:34:00Z,BATCH-MMTR-1998
PO_B12_001999,Stripe India,NYKA-ORD-709699 NYKA-ORD-462519 BATCH-NYKA-1999,136396,2727,0,0,133669,INR,2026-08-13T23:59:00Z,BATCH-NYKA-1999
PO_B12_002000,Razorpay Nodal,PAYT-ORD-134467 PAYT-ORD-929535 BATCH-PAYT-2000,286280,5725,0,0,280555,INR,2026-08-14T20:31:00Z,BATCH-PAYT-2000
PO_B12_002001,PayU Enterprise,UBER-INV-360943 PO_B12_002001,289434,5519,0,0,283915,INR,2026-08-14T00:37:00Z,BATCH-UBER-2001
PO_B12_002002,PayU Enterprise,JIOO-ORD-575755 JIOO-ORD-707350 JIOO-ORD-893033 BATCH-JIOO-2002,312754,6255,0,0,306499,INR,2026-08-14T10:28:00Z,BATCH-JIOO-2002
PO_B12_002003,Stripe India,FLPK-INV-276124 PO_B12_002003,175959,4066,0,0,171893,INR,2026-08-14T11:57:00Z,BATCH-FLPK-2003
PO_B12_002004,Stripe India,FLPK-ORD-976412 FLPK-ORD-212682 BATCH-FLPK-2004,134174,2683,0,0,131491,INR,2026-08-14T16:21:00Z,BATCH-FLPK-2004
PO_B12_002005,BillDesk Settlement,OLAA-EXC-344479-UNRESOLVED,105347,2096,0,0,103251,INR,2026-08-14T23:02:00Z,HOLD-ESCROW
PO_B12_002006,PayU Enterprise,AMZN-ORD-443596 AMZN-ORD-310471 BATCH-AMZN-2006,435480,8709,0,0,426771,INR,2026-08-14T20:17:00Z,BATCH-AMZN-2006
PO_B12_002007,PayU Enterprise,NYKA-INV-511800 PO_B12_002007,125569,2040,0,0,123529,INR,2026-08-13T19:42:00Z,BATCH-NYKA-2007
PO_B12_002008,BillDesk Settlement,FLPK-INV-754008 PO_B12_002008,273951,6707,0,0,267244,INR,2026-08-14T13:45:00Z,BATCH-FLPK-2008
PO_B12_002009,Cashfree Escrow,SWIG-INV-237963 PO_B12_002009,126538,2926,0,0,123612,INR,2026-08-13T22:38:00Z,BATCH-SWIG-2009
PO_B12_002010,Razorpay Nodal,UBER-INV-982424 PO_B12_002010,102926,1678,0,0,101248,INR,2026-08-14T10:19:00Z,BATCH-UBER-2010
PO_B12_002011,Razorpay Nodal,PAYT-INV-644148 PO_B12_002011,159186,3462,0,0,155724,INR,2026-08-14T20:47:00Z,BATCH-PAYT-2011
PO_B12_002012,Cashfree Escrow,MYNT-INV-151358 PO_B12_002012,251294,4762,0,0,246532,INR,2026-08-14T15:09:00Z,BATCH-MYNT-2012
PO_B12_002013,Cashfree Escrow,MYNT-INV-622779 PO_B12_002013,262803,4535,0,0,258268,INR,2026-08-13T18:03:00Z,BATCH-MYNT-2013
PO_B12_002014,Cashfree Escrow,BKMS-INV-925363 PO_B12_002014,367848,6159,0,0,361689,INR,2026-08-14T07:53:00Z,BATCH-BKMS-2014
PO_B12_002015,PayU Enterprise,OLAA-INV-542930 PO_B12_002015,301125,7521,0,0,293604,INR,2026-08-14T01:55:00Z,BATCH-OLAA-2015
PO_B12_002016,PayU Enterprise,SWIG-INV-440474 PO_B12_002016,270420,5122,0,0,265298,INR,2026-08-14T03:09:00Z,BATCH-SWIG-2016
PO_B12_002017,Cashfree Escrow,OLAA-ORD-947887 OLAA-ORD-799089 BATCH-OLAA-2017,302169,6043,0,0,296126,INR,2026-08-14T18:42:00Z,BATCH-OLAA-2017
PO_B12_002018,Cashfree Escrow,BLNK-INV-883535 PO_B12_002018,60822,1097,0,0,59725,INR,2026-08-14T07:02:00Z,BATCH-BLNK-2018
PO_B12_002019,Stripe India,NYKA-INV-183239 PO_B12_002019,171485,3700,0,0,167785,INR,2026-08-14T10:42:00Z,BATCH-NYKA-2019
PO_B12_002020,BillDesk Settlement,SWIG-INV-783730 PO_B12_002020,117846,2350,0,0,115496,INR,2026-08-14T20:25:00Z,BATCH-SWIG-2020
PO_B12_002021,Razorpay Nodal,SWIG-INV-136882 PO_B12_002021,81119,1525,0,0,79594,INR,2026-08-13T23:13:00Z,BATCH-SWIG-2021
PO_B12_002022,Cashfree Escrow,BKMS-INV-436602 PO_B12_002022,61852,939,0,0,60913,INR,2026-08-14T17:15:00Z,BATCH-BKMS-2022
PO_B12_002023,Stripe India,BKMS-INV-738444 PO_B12_002023,306897,5911,0,0,300986,INR,2026-08-14T00:08:00Z,BATCH-BKMS-2023
PO_B12_002024,Stripe India,BBAS-INV-949345 PO_B12_002024,101277,1950,0,0,99327,INR,2026-08-15T00:18:00Z,BATCH-BBAS-2024
PO_B12_002025,Cashfree Escrow,BBAS-INV-321414 PO_B12_002025,262983,5030,0,0,257953,INR,2026-08-14T13:03:00Z,BATCH-BBAS-2025
PO_B12_002026,Razorpay Nodal,BLNK-INV-694309 PO_B12_002026,377253,9298,0,0,367955,INR,2026-08-13T22:53:00Z,BATCH-BLNK-2026
PO_B12_002027,Razorpay Nodal,FLPK-INV-432443 PO_B12_002027,75162,1153,0,0,74009,INR,2026-08-14T11:56:00Z,BATCH-FLPK-2027
PO_B12_002028,Cashfree Escrow,BLNK-INV-477229 PO_B12_002028,105682,2292,0,0,103390,INR,2026-08-14T05:33:00Z,BATCH-BLNK-2028
PO_B12_002029,PayU Enterprise,TATA-INV-785962 PO_B12_002029,174195,3661,0,0,170534,INR,2026-08-14T06:57:00Z,BATCH-TATA-2029
PO_B12_002030,PayU Enterprise,BBAS-ORD-315774 BBAS-ORD-857952 BATCH-BBAS-2030,359985,7199,0,0,352786,INR,2026-08-14T09:36:00Z,BATCH-BBAS-2030
PO_B12_002031,Cashfree Escrow,JIOO-INV-189311 PO_B12_002031,125833,1892,0,0,123941,INR,2026-08-14T07:34:00Z,BATCH-JIOO-2031
PO_B12_002032,PayU Enterprise,BKMS-INV-254518 PO_B12_002032,435738,9644,0,0,426094,INR,2026-08-14T08:59:00Z,BATCH-BKMS-2032
PO_B12_002033,Razorpay Nodal,AMZN-INV-851908 PO_B12_002033,321557,4866,0,0,316691,INR,2026-08-14T15:05:00Z,BATCH-AMZN-2033
PO_B12_002034,Razorpay Nodal,BBAS-INV-640489 PO_B12_002034,49978,772,0,0,49206,INR,2026-08-14T10:13:00Z,BATCH-BBAS-2034
PO_B12_002035,Cashfree Escrow,BLNK-ORD-648751 BLNK-ORD-936596 BATCH-BLNK-2035,215165,4303,0,0,210862,INR,2026-08-14T11:04:00Z,BATCH-BLNK-2035
PO_B12_002036,Cashfree Escrow,NYKA-INV-254309 PO_B12_002036,160474,2611,0,0,157863,INR,2026-08-14T11:25:00Z,BATCH-NYKA-2036
PO_B12_002037,BillDesk Settlement,SWIG-INV-460153 PO_B12_002037,234972,3571,0,0,231401,INR,2026-08-14T05:17:00Z,BATCH-SWIG-2037
PO_B12_002038,Razorpay Nodal,PAYT-INV-868147 PO_B12_002038,139541,2739,0,0,136802,INR,2026-08-14T21:58:00Z,BATCH-PAYT-2038
PO_B12_002039,Cashfree Escrow,TATA-INV-135202 PO_B12_002039,150658,2688,0,0,147970,INR,2026-08-14T12:50:00Z,BATCH-TATA-2039
PO_B12_002040,Razorpay Nodal,OLAA-INV-820973 PO_B12_002040,172066,3473,0,0,168593,INR,2026-08-14T05:51:00Z,BATCH-OLAA-2040
PO_B12_002041,Razorpay Nodal,AMZN-EXC-958259-UNRESOLVED,92828,1846,0,0,90982,INR,2026-08-15T02:40:00Z,HOLD-ESCROW
PO_B12_002042,BillDesk Settlement,FLPK-INV-272772 PO_B12_002042,275477,5717,0,0,269760,INR,2026-08-14T10:56:00Z,BATCH-FLPK-2042
PO_B12_002043,Razorpay Nodal,AMZN-ORD-380626 AMZN-ORD-481669 AMZN-ORD-725445 BATCH-AMZN-2043,309285,6185,0,0,303100,INR,2026-08-14T13:01:00Z,BATCH-AMZN-2043
PO_B12_002044,Razorpay Nodal,NYKA-INV-359570 PO_B12_002044,85244,1869,0,0,83375,INR,2026-08-14T05:58:00Z,BATCH-NYKA-2044
PO_B12_002045,Stripe India,MYNT-INV-639703 PO_B12_002045,263622,5036,0,0,258586,INR,2026-08-14T07:54:00Z,BATCH-MYNT-2045
PO_B12_002046,BillDesk Settlement,ZOMA-INV-515683 PO_B12_002046,449633,8498,0,0,441135,INR,2026-08-14T13:24:00Z,BATCH-ZOMA-2046
PO_B12_002047,Stripe India,MYNT-INV-646929 PO_B12_002047,444753,10773,0,0,433980,INR,2026-08-13T18:51:00Z,BATCH-MYNT-2047
PO_B12_002048,Stripe India,FLPK-INV-244335 PO_B12_002048,257287,5758,0,0,251529,INR,2026-08-14T08:59:00Z,BATCH-FLPK-2048
PO_B12_002049,PayU Enterprise,BBAS-INV-334460 PO_B12_002049,159193,3149,0,0,156044,INR,2026-08-14T21:57:00Z,BATCH-BBAS-2049
PO_B12_002050,Cashfree Escrow,NYKA-ORD-955533 NYKA-ORD-487902 NYKA-ORD-244846 BATCH-NYKA-2050,395960,7919,0,0,388041,INR,2026-08-13T23:34:00Z,BATCH-NYKA-2050
PO_B12_002051,PayU Enterprise,SWIG-INV-466481 PO_B12_002051,359751,5593,0,0,354158,INR,2026-08-14T14:05:00Z,BATCH-SWIG-2051
PO_B12_002052,PayU Enterprise,UBER-EXC-299490-UNRESOLVED,124163,2473,0,0,121690,INR,2026-08-14T09:41:00Z,HOLD-ESCROW
PO_B12_002053,BillDesk Settlement,BBAS-ORD-852358 BBAS-ORD-545033 BATCH-BBAS-2053,232147,4642,0,0,227505,INR,2026-08-13T21:50:00Z,BATCH-BBAS-2053
PO_B12_002054,Cashfree Escrow,SWIG-INV-888299 PO_B12_002054,62640,1098,0,0,61542,INR,2026-08-14T07:14:00Z,BATCH-SWIG-2054
PO_B12_002055,Razorpay Nodal,FLPK-INV-197299 PO_B12_002055,96415,2280,0,0,94135,INR,2026-08-14T23:13:00Z,BATCH-FLPK-2055
PO_B12_002056,Cashfree Escrow,NYKA-INV-351459 PO_B12_002056,78788,1799,0,0,76989,INR,2026-08-13T20:20:00Z,BATCH-NYKA-2056
PO_B12_002057,Stripe India,MYNT-EXC-387132-UNRESOLVED,292943,5848,0,0,287095,INR,2026-08-14T17:56:00Z,HOLD-ESCROW
PO_B12_002058,BillDesk Settlement,MYNT-EXC-497925-UNRESOLVED,268393,5357,0,0,263036,INR,2026-08-15T04:11:00Z,HOLD-ESCROW
PO_B12_002059,Stripe India,SWIG-ORD-672107 SWIG-ORD-612005 SWIG-ORD-866764 BATCH-SWIG-2059,155431,3108,0,0,152323,INR,2026-08-14T02:39:00Z,BATCH-SWIG-2059
PO_B12_002060,Razorpay Nodal,SWIG-INV-559501 PO_B12_002060,146598,2280,0,0,144318,INR,2026-08-14T22:22:00Z,BATCH-SWIG-2060
PO_B12_002061,Stripe India,NYKA-INV-727200 PO_B12_002061,282743,4722,0,0,278021,INR,2026-08-14T16:34:00Z,BATCH-NYKA-2061
PO_B12_002062,PayU Enterprise,PHNP-INV-562915 PO_B12_002062,142432,3406,0,0,139026,INR,2026-08-14T08:05:00Z,BATCH-PHNP-2062
PO_B12_002063,PayU Enterprise,SWIG-EXC-441181-UNRESOLVED,235726,4704,0,0,231022,INR,2026-08-15T02:56:00Z,HOLD-ESCROW
PO_B12_002064,Stripe India,PAYT-ORD-891789 PAYT-ORD-153238 BATCH-PAYT-2064,265695,5313,0,0,260382,INR,2026-08-14T07:17:00Z,BATCH-PAYT-2064
PO_B12_002065,BillDesk Settlement,BLNK-INV-577161 PO_B12_002065,227177,4809,0,0,222368,INR,2026-08-14T11:31:00Z,BATCH-BLNK-2065
PO_B12_002066,Razorpay Nodal,PHNP-INV-640917 PO_B12_002066,323611,7100,0,0,316511,INR,2026-08-14T17:28:00Z,BATCH-PHNP-2066
PO_B12_002067,BillDesk Settlement,JIOO-INV-875216 PO_B12_002067,207166,4555,0,0,202611,INR,2026-08-14T10:06:00Z,BATCH-JIOO-2067
PO_B12_002068,Razorpay Nodal,FLPK-ORD-489517 FLPK-ORD-459510 BATCH-FLPK-2068,383686,7673,0,0,376013,INR,2026-08-14T18:17:00Z,BATCH-FLPK-2068
PO_B12_002069,BillDesk Settlement,MYNT-INV-273715 PO_B12_002069,205213,3197,0,0,202016,INR,2026-08-14T04:40:00Z,BATCH-MYNT-2069
PO_B12_002070,Stripe India,JIOO-INV-993171 PO_B12_002070,108362,1855,0,0,106507,INR,2026-08-13T23:13:00Z,BATCH-JIOO-2070
PO_B12_002071,BillDesk Settlement,NYKA-EXC-528093-UNRESOLVED,103037,2050,0,0,100987,INR,2026-08-14T19:38:00Z,HOLD-ESCROW
PO_B12_002072,BillDesk Settlement,JIOO-INV-621840 PO_B12_002072,295652,5247,0,0,290405,INR,2026-08-14T14:29:00Z,BATCH-JIOO-2072
PO_B12_002073,Razorpay Nodal,NYKA-INV-746682 PO_B12_002073,165766,3570,0,0,162196,INR,2026-08-14T09:09:00Z,BATCH-NYKA-2073
PO_B12_002074,BillDesk Settlement,JIOO-ORD-864661 JIOO-ORD-388966 BATCH-JIOO-2074,356839,7136,0,0,349703,INR,2026-08-14T04:28:00Z,BATCH-JIOO-2074
PO_B12_002075,Razorpay Nodal,BLNK-INV-772913 PO_B12_002075,423435,9700,0,0,413735,INR,2026-08-13T23:41:00Z,BATCH-BLNK-2075
PO_B12_002076,PayU Enterprise,NYKA-INV-998136 PO_B12_002076,270147,6230,0,0,263917,INR,2026-08-14T04:04:00Z,BATCH-NYKA-2076
PO_B12_002077,Razorpay Nodal,MYNT-INV-357921 PO_B12_002077,252346,5563,0,0,246783,INR,2026-08-14T00:24:00Z,BATCH-MYNT-2077
PO_B12_002078,PayU Enterprise,SWIG-INV-246559 PO_B12_002078,353885,6408,0,0,347477,INR,2026-08-14T00:57:00Z,BATCH-SWIG-2078
PO_B12_002079,BillDesk Settlement,BKMS-ORD-890470 BKMS-ORD-767123 BATCH-BKMS-2079,300732,6014,0,0,294718,INR,2026-08-14T20:32:00Z,BATCH-BKMS-2079
PO_B12_002080,Cashfree Escrow,OLAA-ORD-146810 OLAA-ORD-670414 OLAA-ORD-155727 BATCH-OLAA-2080,531301,10626,0,0,520675,INR,2026-08-14T03:46:00Z,BATCH-OLAA-2080
PO_B12_002081,BillDesk Settlement,OLAA-INV-105018 PO_B12_002081,304700,5699,0,0,299001,INR,2026-08-14T03:05:00Z,BATCH-OLAA-2081
PO_B12_002082,Cashfree Escrow,OLAA-EXC-756575-UNRESOLVED,202203,4034,0,0,198169,INR,2026-08-15T06:50:00Z,HOLD-ESCROW
PO_B12_002083,Stripe India,BBAS-INV-738909 PO_B12_002083,49204,895,0,0,48309,INR,2026-08-14T00:03:00Z,BATCH-BBAS-2083
PO_B12_002084,Cashfree Escrow,NYKA-INV-420280 PO_B12_002084,327721,7913,0,0,319808,INR,2026-08-14T06:56:00Z,BATCH-NYKA-2084
PO_B12_002085,BillDesk Settlement,NYKA-ORD-491764 NYKA-ORD-336122 BATCH-NYKA-2085,196399,3927,0,0,192472,INR,2026-08-14T04:10:00Z,BATCH-NYKA-2085
PO_B12_002086,PayU Enterprise,BLNK-INV-588398 PO_B12_002086,88910,2088,0,0,86822,INR,2026-08-14T21:12:00Z,BATCH-BLNK-2086
PO_B12_002087,Razorpay Nodal,ZOMA-INV-720747 PO_B12_002087,376621,7005,0,0,369616,INR,2026-08-14T06:37:00Z,BATCH-ZOMA-2087
PO_B12_002088,Razorpay Nodal,PHNP-EXC-431862-UNRESOLVED,100785,2005,0,0,98780,INR,2026-08-14T18:35:00Z,HOLD-ESCROW
PO_B12_002089,Stripe India,JIOO-INV-656349 PO_B12_002089,265339,4456,0,0,260883,INR,2026-08-13T23:00:00Z,BATCH-JIOO-2089
PO_B12_002090,Cashfree Escrow,ZOMA-INV-753187 PO_B12_002090,444742,8161,0,0,436581,INR,2026-08-14T09:02:00Z,BATCH-ZOMA-2090
PO_B12_002091,PayU Enterprise,ZOMA-INV-735627 PO_B12_002091,335371,5741,0,0,329630,INR,2026-08-13T20:57:00Z,BATCH-ZOMA-2091
PO_B12_002092,Razorpay Nodal,BKMS-INV-743246 PO_B12_002092,57220,1224,0,0,55996,INR,2026-08-14T02:00:00Z,BATCH-BKMS-2092
PO_B12_002093,Razorpay Nodal,BBAS-EXC-789966-UNRESOLVED,276085,5511,0,0,270574,INR,2026-08-14T13:56:00Z,HOLD-ESCROW
PO_B12_002094,Razorpay Nodal,OLAA-INV-856410 PO_B12_002094,324838,7167,0,0,317671,INR,2026-08-14T06:53:00Z,BATCH-OLAA-2094
PO_B12_002095,Razorpay Nodal,AMZN-INV-100914 PO_B12_002095,323475,7706,0,0,315769,INR,2026-08-14T23:26:00Z,BATCH-AMZN-2095
PO_B12_002096,PayU Enterprise,ZOMA-ORD-601619 ZOMA-ORD-995208 ZOMA-ORD-437896 BATCH-ZOMA-2096,397507,7950,0,0,389557,INR,2026-08-14T15:28:00Z,BATCH-ZOMA-2096
PO_B12_002097,PayU Enterprise,OLAA-ORD-388524 OLAA-ORD-736258 BATCH-OLAA-2097,363635,7272,0,0,356363,INR,2026-08-14T01:06:00Z,BATCH-OLAA-2097
PO_B12_002098,Razorpay Nodal,UBER-INV-943135 PO_B12_002098,121497,2092,0,0,119405,INR,2026-08-14T14:13:00Z,BATCH-UBER-2098
PO_B12_002099,Stripe India,BLNK-INV-620703 PO_B12_002099,164523,2692,0,0,161831,INR,2026-08-14T10:31:00Z,BATCH-BLNK-2099
PO_B12_002100,Stripe India,NYKA-ORD-386326 NYKA-ORD-805582 BATCH-NYKA-2100,263848,5276,0,0,258572,INR,2026-08-14T17:25:00Z,BATCH-NYKA-2100
PO_B12_002101,Razorpay Nodal,ZOMA-INV-179342 PO_B12_002101,82549,1459,0,0,81090,INR,2026-08-13T22:12:00Z,BATCH-ZOMA-2101
PO_B12_002102,Razorpay Nodal,BBAS-INV-797405 PO_B12_002102,411593,7859,0,0,403734,INR,2026-08-14T01:31:00Z,BATCH-BBAS-2102
PO_B12_002103,PayU Enterprise,UBER-EXC-654458-UNRESOLVED,50623,1002,0,0,49621,INR,2026-08-14T21:05:00Z,HOLD-ESCROW
PO_B12_002104,BillDesk Settlement,BKMS-INV-934469 PO_B12_002104,283348,6640,0,0,276708,INR,2026-08-14T11:36:00Z,BATCH-BKMS-2104
PO_B12_002105,BillDesk Settlement,TATA-INV-481187 PO_B12_002105,39316,658,0,0,38658,INR,2026-08-14T07:18:00Z,BATCH-TATA-2105
PO_B12_002106,Stripe India,AMZN-INV-941170 PO_B12_002106,443729,8150,0,0,435579,INR,2026-08-14T03:17:00Z,BATCH-AMZN-2106
PO_B12_002107,PayU Enterprise,PHNP-INV-105573 PO_B12_002107,334293,6621,0,0,327672,INR,2026-08-14T11:11:00Z,BATCH-PHNP-2107
PO_B12_002108,Cashfree Escrow,BBAS-INV-302654 PO_B12_002108,378391,9229,0,0,369162,INR,2026-08-14T06:45:00Z,BATCH-BBAS-2108
PO_B12_002109,PayU Enterprise,ZOMA-INV-863827 PO_B12_002109,149946,2693,0,0,147253,INR,2026-08-14T02:40:00Z,BATCH-ZOMA-2109
PO_B12_002110,BillDesk Settlement,TATA-INV-259742 PO_B12_002110,223858,5522,0,0,218336,INR,2026-08-14T13:32:00Z,BATCH-TATA-2110
PO_B12_002111,Cashfree Escrow,BBAS-ORD-513618 BBAS-ORD-827569 BBAS-ORD-605776 BATCH-BBAS-2111,484078,9681,0,0,474397,INR,2026-08-14T11:36:00Z,BATCH-BBAS-2111
PO_B12_002112,BillDesk Settlement,JIOO-ORD-757172 JIOO-ORD-304046 BATCH-JIOO-2112,398554,7971,0,0,390583,INR,2026-08-14T14:50:00Z,BATCH-JIOO-2112
PO_B12_002113,PayU Enterprise,PAYT-INV-431850 PO_B12_002113,175004,3177,0,0,171827,INR,2026-08-14T19:22:00Z,BATCH-PAYT-2113
PO_B12_002114,BillDesk Settlement,PAYT-ORD-135194 PAYT-ORD-779315 BATCH-PAYT-2114,264596,5291,0,0,259305,INR,2026-08-14T17:15:00Z,BATCH-PAYT-2114
PO_B12_002115,Stripe India,SWIG-ORD-480091 SWIG-ORD-685330 BATCH-SWIG-2115,313638,6272,0,0,307366,INR,2026-08-14T17:29:00Z,BATCH-SWIG-2115
PO_B12_002116,BillDesk Settlement,PAYT-INV-883369 PO_B12_002116,239234,5397,0,0,233837,INR,2026-08-14T18:47:00Z,BATCH-PAYT-2116
PO_B12_002117,Razorpay Nodal,MMTR-INV-354429 PO_B12_002117,97051,1539,0,0,95512,INR,2026-08-14T17:40:00Z,BATCH-MMTR-2117
PO_B12_002118,PayU Enterprise,BLNK-INV-232218 PO_B12_002118,419548,9815,0,0,409733,INR,2026-08-14T10:45:00Z,BATCH-BLNK-2118
PO_B12_002119,Razorpay Nodal,FLPK-ORD-491959 FLPK-ORD-852554 FLPK-ORD-168143 BATCH-FLPK-2119,280660,5613,0,0,275047,INR,2026-08-14T20:13:00Z,BATCH-FLPK-2119
PO_B12_002120,Cashfree Escrow,ZOMA-INV-201829 PO_B12_002120,347187,7816,0,0,339371,INR,2026-08-14T22:20:00Z,BATCH-ZOMA-2120
PO_B12_002121,Razorpay Nodal,AMZN-INV-225984 PO_B12_002121,433879,9137,0,0,424742,INR,2026-08-14T03:09:00Z,BATCH-AMZN-2121
PO_B12_002122,Stripe India,ZOMA-INV-535315 PO_B12_002122,420758,9658,0,0,411100,INR,2026-08-14T04:30:00Z,BATCH-ZOMA-2122
PO_B12_002123,PayU Enterprise,SWIG-INV-102125 PO_B12_002123,122819,2196,0,0,120623,INR,2026-08-14T16:12:00Z,BATCH-SWIG-2123
PO_B12_002124,Stripe India,SWIG-EXC-299028-UNRESOLVED,165775,3305,0,0,162470,INR,2026-08-14T10:33:00Z,HOLD-ESCROW
PO_B12_002125,Razorpay Nodal,SWIG-INV-172017 PO_B12_002125,155980,3092,0,0,152888,INR,2026-08-14T08:39:00Z,BATCH-SWIG-2125
PO_B12_002126,BillDesk Settlement,NYKA-INV-122525 PO_B12_002126,235371,4393,0,0,230978,INR,2026-08-14T19:47:00Z,BATCH-NYKA-2126
PO_B12_002127,PayU Enterprise,BLNK-ORD-743347 BLNK-ORD-462150 BLNK-ORD-589701 BATCH-BLNK-2127,502969,10059,0,0,492910,INR,2026-08-14T16:47:00Z,BATCH-BLNK-2127
PO_B12_002128,BillDesk Settlement,MYNT-INV-125110 PO_B12_002128,276660,5736,0,0,270924,INR,2026-08-14T17:50:00Z,BATCH-MYNT-2128
PO_B12_002129,BillDesk Settlement,AMZN-INV-412773 PO_B12_002129,169790,3343,0,0,166447,INR,2026-08-14T18:18:00Z,BATCH-AMZN-2129
PO_B12_002130,Stripe India,UBER-ORD-452345 UBER-ORD-112757 BATCH-UBER-2130,225222,4504,0,0,220718,INR,2026-08-14T05:11:00Z,BATCH-UBER-2130
PO_B12_002131,Cashfree Escrow,JIOO-ORD-228698 JIOO-ORD-625399 JIOO-ORD-923779 BATCH-JIOO-2131,240638,4812,0,0,235826,INR,2026-08-13T23:49:00Z,BATCH-JIOO-2131
PO_B12_002132,Stripe India,OLAA-ORD-298797 OLAA-ORD-575464 BATCH-OLAA-2132,179744,3594,0,0,176150,INR,2026-08-14T20:57:00Z,BATCH-OLAA-2132
PO_B12_002133,PayU Enterprise,UBER-ORD-653474 UBER-ORD-865583 BATCH-UBER-2133,209285,4185,0,0,205100,INR,2026-08-13T22:26:00Z,BATCH-UBER-2133
PO_B12_002134,Razorpay Nodal,ZOMA-EXC-307406-UNRESOLVED,178971,3569,0,0,175402,INR,2026-08-15T02:56:00Z,HOLD-ESCROW
PO_B12_002135,PayU Enterprise,JIOO-ORD-356324 JIOO-ORD-946772 JIOO-ORD-766393 BATCH-JIOO-2135,483051,9661,0,0,473390,INR,2026-08-13T21:18:00Z,BATCH-JIOO-2135
PO_B12_002136,PayU Enterprise,TATA-INV-933939 PO_B12_002136,257820,5346,0,0,252474,INR,2026-08-13T20:43:00Z,BATCH-TATA-2136
PO_B12_002137,Cashfree Escrow,ZOMA-INV-164343 PO_B12_002137,201133,3547,0,0,197586,INR,2026-08-13T18:15:00Z,BATCH-ZOMA-2137
PO_B12_002138,Cashfree Escrow,ZOMA-ORD-208881 ZOMA-ORD-144270 BATCH-ZOMA-2138,282839,5656,0,0,277183,INR,2026-08-14T04:10:00Z,BATCH-ZOMA-2138
PO_B12_002139,PayU Enterprise,PHNP-INV-863609 PO_B12_002139,78802,1883,0,0,76919,INR,2026-08-14T04:04:00Z,BATCH-PHNP-2139
PO_B12_002140,Stripe India,BKMS-ORD-264754 BKMS-ORD-452533 BKMS-ORD-954162 BATCH-BKMS-2140,290126,5802,0,0,284324,INR,2026-08-14T04:03:00Z,BATCH-BKMS-2140
PO_B12_002141,Cashfree Escrow,PAYT-ORD-167527 PAYT-ORD-565597 PAYT-ORD-290278 BATCH-PAYT-2141,539725,10794,0,0,528931,INR,2026-08-14T17:52:00Z,BATCH-PAYT-2141
PO_B12_002142,Razorpay Nodal,BBAS-INV-211296 PO_B12_002142,281619,6849,0,0,274770,INR,2026-08-14T05:14:00Z,BATCH-BBAS-2142
PO_B12_002143,Stripe India,UBER-INV-881408 PO_B12_002143,375357,8074,0,0,367283,INR,2026-08-14T09:15:00Z,BATCH-UBER-2143
PO_B12_002144,Razorpay Nodal,FLPK-EXC-412729-UNRESOLVED,111848,2226,0,0,109622,INR,2026-08-14T21:53:00Z,HOLD-ESCROW
PO_B12_002145,PayU Enterprise,ZOMA-INV-570866 PO_B12_002145,140142,2408,0,0,137734,INR,2026-08-14T10:34:00Z,BATCH-ZOMA-2145
PO_B12_002146,Razorpay Nodal,SWIG-INV-158634 PO_B12_002146,194732,3410,0,0,191322,INR,2026-08-14T07:30:00Z,BATCH-SWIG-2146
PO_B12_002147,Stripe India,FLPK-INV-433760 PO_B12_002147,88811,1614,0,0,87197,INR,2026-08-14T13:53:00Z,BATCH-FLPK-2147
PO_B12_002148,Razorpay Nodal,FLPK-INV-322149 PO_B12_002148,108550,1825,0,0,106725,INR,2026-08-13T13:26:00Z,BATCH-FLPK-2148
PO_B12_002149,Cashfree Escrow,SWIG-INV-219778 PO_B12_002149,186805,4121,0,0,182684,INR,2026-08-14T15:06:00Z,BATCH-SWIG-2149
PO_B12_002150,Razorpay Nodal,ZOMA-INV-439082 PO_B12_002150,256084,5371,0,0,250713,INR,2026-08-14T15:32:00Z,BATCH-ZOMA-2150
PO_B12_002151,PayU Enterprise,NYKA-INV-763240 PO_B12_002151,368687,6749,0,0,361938,INR,2026-08-13T22:09:00Z,BATCH-NYKA-2151
PO_B12_002152,PayU Enterprise,AMZN-INV-305818 PO_B12_002152,326488,7322,0,0,319166,INR,2026-08-14T01:25:00Z,BATCH-AMZN-2152
PO_B12_002153,Stripe India,UBER-ORD-948019 UBER-ORD-366679 UBER-ORD-612339 BATCH-UBER-2153,389312,7786,0,0,381526,INR,2026-08-13T23:55:00Z,BATCH-UBER-2153
PO_B12_002154,PayU Enterprise,OLAA-INV-794374 PO_B12_002154,148745,3077,0,0,145668,INR,2026-08-14T03:44:00Z,BATCH-OLAA-2154
PO_B12_002155,PayU Enterprise,SWIG-INV-290502 PO_B12_002155,212450,3258,0,0,209192,INR,2026-08-14T09:25:00Z,BATCH-SWIG-2155
PO_B12_002156,Stripe India,FLPK-INV-237801 PO_B12_002156,53673,1291,0,0,52382,INR,2026-08-14T12:18:00Z,BATCH-FLPK-2156
PO_B12_002157,BillDesk Settlement,OLAA-ORD-698067 OLAA-ORD-642731 BATCH-OLAA-2157,204545,4090,0,0,200455,INR,2026-08-14T15:02:00Z,BATCH-OLAA-2157
PO_B12_002158,Stripe India,TATA-INV-559239 PO_B12_002158,322255,6527,0,0,315728,INR,2026-08-14T01:19:00Z,BATCH-TATA-2158
PO_B12_002159,Razorpay Nodal,BBAS-EXC-889699-UNRESOLVED,139708,2784,0,0,136924,INR,2026-08-14T14:05:00Z,HOLD-ESCROW
PO_B12_002160,Cashfree Escrow,PAYT-INV-186699 PO_B12_002160,252552,4368,0,0,248184,INR,2026-08-14T17:43:00Z,BATCH-PAYT-2160
PO_B12_002161,Cashfree Escrow,ZOMA-ORD-306942 ZOMA-ORD-823032 BATCH-ZOMA-2161,145382,2907,0,0,142475,INR,2026-08-13T21:56:00Z,BATCH-ZOMA-2161
PO_B12_002162,Cashfree Escrow,BBAS-INV-317133 PO_B12_002162,436806,8215,0,0,428591,INR,2026-08-14T01:47:00Z,BATCH-BBAS-2162
PO_B12_002163,PayU Enterprise,PHNP-INV-436056 PO_B12_002163,242765,4653,0,0,238112,INR,2026-08-14T16:53:00Z,BATCH-PHNP-2163
PO_B12_002164,PayU Enterprise,BBAS-ORD-944936 BBAS-ORD-733944 BBAS-ORD-421517 BATCH-BBAS-2164,470905,9418,0,0,461487,INR,2026-08-14T10:33:00Z,BATCH-BBAS-2164
PO_B12_002165,BillDesk Settlement,NYKA-ORD-408804 NYKA-ORD-943706 NYKA-ORD-943178 BATCH-NYKA-2165,339855,6797,0,0,333058,INR,2026-08-14T07:04:00Z,BATCH-NYKA-2165
PO_B12_002166,Razorpay Nodal,OLAA-INV-744283 PO_B12_002166,31245,630,0,0,30615,INR,2026-08-14T05:26:00Z,BATCH-OLAA-2166
PO_B12_002167,Razorpay Nodal,MMTR-INV-656960 PO_B12_002167,446202,10489,0,0,435713,INR,2026-08-14T12:26:00Z,BATCH-MMTR-2167
PO_B12_002168,BillDesk Settlement,PHNP-ORD-762839 PHNP-ORD-953385 PHNP-ORD-503086 BATCH-PHNP-2168,488962,9779,0,0,479183,INR,2026-08-13T23:25:00Z,BATCH-PHNP-2168
PO_B12_002169,PayU Enterprise,PAYT-ORD-511194 PAYT-ORD-383127 BATCH-PAYT-2169,297615,5952,0,0,291663,INR,2026-08-14T06:18:00Z,BATCH-PAYT-2169
PO_B12_002170,Stripe India,TATA-INV-528025 PO_B12_002170,437449,9415,0,0,428034,INR,2026-08-14T06:24:00Z,BATCH-TATA-2170
PO_B12_002171,PayU Enterprise,MYNT-INV-565597 PO_B12_002171,183620,3745,0,0,179875,INR,2026-08-14T02:45:00Z,BATCH-MYNT-2171
PO_B12_002172,Stripe India,BKMS-INV-214279 PO_B12_002172,63173,968,0,0,62205,INR,2026-08-14T18:02:00Z,BATCH-BKMS-2172
PO_B12_002173,Cashfree Escrow,SWIG-INV-620434 PO_B12_002173,166559,2722,0,0,163837,INR,2026-08-14T00:09:00Z,BATCH-SWIG-2173
PO_B12_002174,PayU Enterprise,BLNK-INV-280687 PO_B12_002174,201727,4525,0,0,197202,INR,2026-08-13T15:57:00Z,BATCH-BLNK-2174
PO_B12_002175,PayU Enterprise,UBER-ORD-699301 UBER-ORD-678366 UBER-ORD-272829 BATCH-UBER-2175,310095,6201,0,0,303894,INR,2026-08-14T09:57:00Z,BATCH-UBER-2175
PO_B12_002176,Stripe India,BLNK-INV-791627 PO_B12_002176,385415,6719,0,0,378696,INR,2026-08-14T10:46:00Z,BATCH-BLNK-2176
PO_B12_002177,Stripe India,PHNP-INV-507735 PO_B12_002177,292671,7298,0,0,285373,INR,2026-08-13T17:23:00Z,BATCH-PHNP-2177
PO_B12_002178,Razorpay Nodal,PHNP-INV-893928 PO_B12_002178,214111,4568,0,0,209543,INR,2026-08-13T17:47:00Z,BATCH-PHNP-2178
PO_B12_002179,PayU Enterprise,PHNP-INV-647633 PO_B12_002179,114783,2564,0,0,112219,INR,2026-08-14T13:18:00Z,BATCH-PHNP-2179
PO_B12_002180,Cashfree Escrow,OLAA-INV-843781 PO_B12_002180,164323,2597,0,0,161726,INR,2026-08-14T11:37:00Z,BATCH-OLAA-2180
PO_B12_002181,BillDesk Settlement,ZOMA-INV-331035 PO_B12_002181,207087,3440,0,0,203647,INR,2026-08-13T18:13:00Z,BATCH-ZOMA-2181
PO_B12_002182,PayU Enterprise,PHNP-INV-557533 PO_B12_002182,176523,4235,0,0,172288,INR,2026-08-14T09:52:00Z,BATCH-PHNP-2182
PO_B12_002183,Cashfree Escrow,BBAS-INV-819085 PO_B12_002183,423046,9307,0,0,413739,INR,2026-08-13T14:15:00Z,BATCH-BBAS-2183
PO_B12_002184,BillDesk Settlement,FLPK-INV-600292 PO_B12_002184,169379,3932,0,0,165447,INR,2026-08-14T08:15:00Z,BATCH-FLPK-2184
PO_B12_002185,Razorpay Nodal,PAYT-INV-741006 PO_B12_002185,179877,3791,0,0,176086,INR,2026-08-13T17:01:00Z,BATCH-PAYT-2185
PO_B12_002186,PayU Enterprise,TATA-INV-196210 PO_B12_002186,292122,5276,0,0,286846,INR,2026-08-14T10:19:00Z,BATCH-TATA-2186
PO_B12_002187,PayU Enterprise,MYNT-EXC-816920-UNRESOLVED,149212,2974,0,0,146238,INR,2026-08-14T15:49:00Z,HOLD-ESCROW
PO_B12_002188,Razorpay Nodal,BKMS-INV-716011 PO_B12_002188,259996,3900,0,0,256096,INR,2026-08-14T19:52:00Z,BATCH-BKMS-2188
PO_B12_002189,PayU Enterprise,ZOMA-ORD-421759 ZOMA-ORD-131596 BATCH-ZOMA-2189,293547,5870,0,0,287677,INR,2026-08-14T03:12:00Z,BATCH-ZOMA-2189
PO_B12_002190,Razorpay Nodal,BLNK-INV-663408 PO_B12_002190,205923,4212,0,0,201711,INR,2026-08-14T16:39:00Z,BATCH-BLNK-2190
PO_B12_002191,Cashfree Escrow,PHNP-INV-897333 PO_B12_002191,62582,965,0,0,61617,INR,2026-08-14T20:10:00Z,BATCH-PHNP-2191
PO_B12_002192,Stripe India,TATA-ORD-822173 TATA-ORD-137063 TATA-ORD-706597 BATCH-TATA-2192,459823,9196,0,0,450627,INR,2026-08-13T22:45:00Z,BATCH-TATA-2192
PO_B12_002193,Stripe India,BBAS-INV-625621 PO_B12_002193,80846,1421,0,0,79425,INR,2026-08-14T21:14:00Z,BATCH-BBAS-2193
PO_B12_002194,Stripe India,UBER-INV-650651 PO_B12_002194,322090,6702,0,0,315388,INR,2026-08-14T02:12:00Z,BATCH-UBER-2194
PO_B12_002195,Cashfree Escrow,JIOO-ORD-250325 JIOO-ORD-962473 JIOO-ORD-726886 BATCH-JIOO-2195,332483,6649,0,0,325834,INR,2026-08-14T04:04:00Z,BATCH-JIOO-2195
PO_B12_002196,Stripe India,MYNT-INV-173102 PO_B12_002196,47655,867,0,0,46788,INR,2026-08-14T06:33:00Z,BATCH-MYNT-2196
PO_B12_002197,Razorpay Nodal,AMZN-INV-718803 PO_B12_002197,274509,5854,0,0,268655,INR,2026-08-14T16:46:00Z,BATCH-AMZN-2197
PO_B12_002198,BillDesk Settlement,PAYT-INV-498191 PO_B12_002198,69425,1646,0,0,67779,INR,2026-08-13T23:56:00Z,BATCH-PAYT-2198
PO_B12_002199,Cashfree Escrow,SWIG-INV-671888 PO_B12_002199,49108,862,0,0,48246,INR,2026-08-14T11:13:00Z,BATCH-SWIG-2199
PO_B12_002200,BillDesk Settlement,OLAA-INV-837586 PO_B12_002200,218611,4788,0,0,213823,INR,2026-08-13T15:29:00Z,BATCH-OLAA-2200
PO_B12_002201,Razorpay Nodal,AMZN-ORD-257887 AMZN-ORD-706961 AMZN-ORD-856415 BATCH-AMZN-2201,351634,7032,0,0,344602,INR,2026-08-14T03:22:00Z,BATCH-AMZN-2201
PO_B12_002202,PayU Enterprise,MYNT-ORD-362508 MYNT-ORD-785705 BATCH-MYNT-2202,387844,7756,0,0,380088,INR,2026-08-14T11:23:00Z,BATCH-MYNT-2202
PO_B12_002203,PayU Enterprise,UBER-INV-709173 PO_B12_002203,148748,2654,0,0,146094,INR,2026-08-14T02:02:00Z,BATCH-UBER-2203
PO_B12_002204,Razorpay Nodal,PHNP-INV-921699 PO_B12_002204,353204,5715,0,0,347489,INR,2026-08-13T23:33:00Z,BATCH-PHNP-2204
PO_B12_002205,Razorpay Nodal,SWIG-INV-920339 PO_B12_002205,84782,1515,0,0,83267,INR,2026-08-14T19:15:00Z,BATCH-SWIG-2205
PO_B12_002206,Razorpay Nodal,AMZN-ORD-996655 AMZN-ORD-140971 BATCH-AMZN-2206,232644,4652,0,0,227992,INR,2026-08-14T11:55:00Z,BATCH-AMZN-2206
PO_B12_002207,Stripe India,SWIG-ORD-608520 SWIG-ORD-392509 BATCH-SWIG-2207,124702,2494,0,0,122208,INR,2026-08-14T13:26:00Z,BATCH-SWIG-2207
PO_B12_002208,Razorpay Nodal,OLAA-ORD-681187 OLAA-ORD-682877 BATCH-OLAA-2208,347263,6945,0,0,340318,INR,2026-08-13T23:59:00Z,BATCH-OLAA-2208
PO_B12_002209,Cashfree Escrow,MYNT-ORD-932109 MYNT-ORD-942672 BATCH-MYNT-2209,333295,6665,0,0,326630,INR,2026-08-13T23:45:00Z,BATCH-MYNT-2209
PO_B12_002210,Razorpay Nodal,OLAA-INV-429532 PO_B12_002210,191266,3588,0,0,187678,INR,2026-08-14T09:50:00Z,BATCH-OLAA-2210
PO_B12_002211,Razorpay Nodal,PHNP-ORD-996811 PHNP-ORD-752207 BATCH-PHNP-2211,342124,6842,0,0,335282,INR,2026-08-14T14:21:00Z,BATCH-PHNP-2211
PO_B12_002212,PayU Enterprise,BBAS-INV-484996 PO_B12_002212,385766,5938,0,0,379828,INR,2026-08-14T20:02:00Z,BATCH-BBAS-2212
PO_B12_002213,Cashfree Escrow,BKMS-INV-769194 PO_B12_002213,172904,4268,0,0,168636,INR,2026-08-14T14:31:00Z,BATCH-BKMS-2213
PO_B12_002214,PayU Enterprise,SWIG-ORD-445994 SWIG-ORD-964868 SWIG-ORD-397114 BATCH-SWIG-2214,245959,4919,0,0,241040,INR,2026-08-14T08:32:00Z,BATCH-SWIG-2214
PO_B12_002215,PayU Enterprise,UBER-INV-766672 PO_B12_002215,214665,3965,0,0,210700,INR,2026-08-14T09:49:00Z,BATCH-UBER-2215
PO_B12_002216,Cashfree Escrow,BBAS-INV-385746 PO_B12_002216,284667,5005,0,0,279662,INR,2026-08-14T09:04:00Z,BATCH-BBAS-2216
PO_B12_002217,BillDesk Settlement,TATA-ORD-438643 TATA-ORD-960759 BATCH-TATA-2217,373263,7465,0,0,365798,INR,2026-08-14T13:32:00Z,BATCH-TATA-2217
PO_B12_002218,Stripe India,SWIG-EXC-958114-UNRESOLVED,267506,5340,0,0,262166,INR,2026-08-14T15:29:00Z,HOLD-ESCROW
PO_B12_002219,PayU Enterprise,UBER-INV-185229 PO_B12_002219,171911,3201,0,0,168710,INR,2026-08-13T20:31:00Z,BATCH-UBER-2219
PO_B12_002220,Razorpay Nodal,BKMS-ORD-252587 BKMS-ORD-509314 BATCH-BKMS-2220,183554,3671,0,0,179883,INR,2026-08-14T17:59:00Z,BATCH-BKMS-2220
PO_B12_002221,Razorpay Nodal,MMTR-INV-546127 PO_B12_002221,125827,2017,0,0,123810,INR,2026-08-14T14:12:00Z,BATCH-MMTR-2221
PO_B12_002222,PayU Enterprise,BLNK-INV-901463 PO_B12_002222,347739,7647,0,0,340092,INR,2026-08-13T20:24:00Z,BATCH-BLNK-2222
PO_B12_002223,Stripe India,NYKA-ORD-723563 NYKA-ORD-488889 NYKA-ORD-434905 BATCH-NYKA-2223,252919,5058,0,0,247861,INR,2026-08-14T01:38:00Z,BATCH-NYKA-2223
PO_B12_002224,BillDesk Settlement,JIOO-ORD-913551 JIOO-ORD-544945 JIOO-ORD-705107 BATCH-JIOO-2224,541727,10834,0,0,530893,INR,2026-08-14T09:07:00Z,BATCH-JIOO-2224
PO_B12_002225,PayU Enterprise,AMZN-EXC-673318-UNRESOLVED,104923,2088,0,0,102835,INR,2026-08-15T05:25:00Z,HOLD-ESCROW
PO_B12_002226,Razorpay Nodal,BLNK-ORD-147929 BLNK-ORD-374757 BATCH-BLNK-2226,307689,6153,0,0,301536,INR,2026-08-13T22:08:00Z,BATCH-BLNK-2226
PO_B12_002227,Stripe India,BLNK-INV-716222 PO_B12_002227,142309,2726,0,0,139583,INR,2026-08-14T08:16:00Z,BATCH-BLNK-2227
PO_B12_002228,Razorpay Nodal,TATA-ORD-793526 TATA-ORD-451136 TATA-ORD-687401 BATCH-TATA-2228,249464,4989,0,0,244475,INR,2026-08-14T10:12:00Z,BATCH-TATA-2228
PO_B12_002229,Razorpay Nodal,PAYT-INV-725980 PO_B12_002229,37705,855,0,0,36850,INR,2026-08-14T01:16:00Z,BATCH-PAYT-2229
PO_B12_002230,Stripe India,PAYT-ORD-556726 PAYT-ORD-201251 PAYT-ORD-691852 BATCH-PAYT-2230,504754,10095,0,0,494659,INR,2026-08-13T22:32:00Z,BATCH-PAYT-2230
PO_B12_002231,BillDesk Settlement,BLNK-INV-566246 PO_B12_002231,299420,4836,0,0,294584,INR,2026-08-14T17:04:00Z,BATCH-BLNK-2231
PO_B12_002232,Razorpay Nodal,PHNP-INV-803856 PO_B12_002232,31867,593,0,0,31274,INR,2026-08-14T01:50:00Z,BATCH-PHNP-2232
PO_B12_002233,PayU Enterprise,SWIG-INV-401302 PO_B12_002233,131875,2824,0,0,129051,INR,2026-08-14T09:48:00Z,BATCH-SWIG-2233
PO_B12_002234,PayU Enterprise,TATA-INV-502273 PO_B12_002234,223976,3808,0,0,220168,INR,2026-08-14T13:57:00Z,BATCH-TATA-2234
PO_B12_002235,Cashfree Escrow,UBER-ORD-302814 UBER-ORD-761179 BATCH-UBER-2235,151400,3028,0,0,148372,INR,2026-08-14T01:49:00Z,BATCH-UBER-2235
PO_B12_002236,BillDesk Settlement,TATA-INV-789002 PO_B12_002236,41141,716,0,0,40425,INR,2026-08-14T14:03:00Z,BATCH-TATA-2236
PO_B12_002237,Razorpay Nodal,MYNT-INV-950634 PO_B12_002237,121754,2245,0,0,119509,INR,2026-08-14T14:03:00Z,BATCH-MYNT-2237
PO_B12_002238,BillDesk Settlement,TATA-INV-402736 PO_B12_002238,53729,1184,0,0,52545,INR,2026-08-13T19:39:00Z,BATCH-TATA-2238
PO_B12_002239,PayU Enterprise,JIOO-ORD-150512 JIOO-ORD-663022 JIOO-ORD-869523 BATCH-JIOO-2239,272862,5457,0,0,267405,INR,2026-08-14T05:20:00Z,BATCH-JIOO-2239
PO_B12_002240,Cashfree Escrow,PHNP-ORD-296688 PHNP-ORD-370863 PHNP-ORD-827359 BATCH-PHNP-2240,497513,9950,0,0,487563,INR,2026-08-14T16:49:00Z,BATCH-PHNP-2240
PO_B12_002241,PayU Enterprise,OLAA-ORD-354681 OLAA-ORD-148550 OLAA-ORD-572960 BATCH-OLAA-2241,352102,7042,0,0,345060,INR,2026-08-14T10:23:00Z,BATCH-OLAA-2241
PO_B12_002242,Cashfree Escrow,BLNK-INV-249824 PO_B12_002242,42658,829,0,0,41829,INR,2026-08-14T05:27:00Z,BATCH-BLNK-2242
PO_B12_002243,BillDesk Settlement,FLPK-INV-345856 PO_B12_002243,236614,5606,0,0,231008,INR,2026-08-14T03:10:00Z,BATCH-FLPK-2243
PO_B12_002244,Stripe India,MMTR-INV-767294 PO_B12_002244,309060,5098,0,0,303962,INR,2026-08-14T05:57:00Z,BATCH-MMTR-2244
PO_B12_002245,PayU Enterprise,BLNK-ORD-599391 BLNK-ORD-762750 BATCH-BLNK-2245,123973,2479,0,0,121494,INR,2026-08-14T06:42:00Z,BATCH-BLNK-2245
PO_B12_002246,Stripe India,OLAA-ORD-322241 OLAA-ORD-456356 OLAA-ORD-695931 BATCH-OLAA-2246,463847,9276,0,0,454571,INR,2026-08-14T12:14:00Z,BATCH-OLAA-2246
PO_B12_002247,BillDesk Settlement,BKMS-EXC-853836-UNRESOLVED,194837,3886,0,0,190951,INR,2026-08-15T08:32:00Z,HOLD-ESCROW
PO_B12_002248,Cashfree Escrow,MYNT-INV-430394 PO_B12_002248,309817,7237,0,0,302580,INR,2026-08-14T07:57:00Z,BATCH-MYNT-2248
PO_B12_002249,PayU Enterprise,ZOMA-INV-984171 PO_B12_002249,300019,5446,0,0,294573,INR,2026-08-13T23:07:00Z,BATCH-ZOMA-2249
PO_B12_002250,PayU Enterprise,UBER-INV-850091 PO_B12_002250,264335,5429,0,0,258906,INR,2026-08-14T09:03:00Z,BATCH-UBER-2250
PO_B12_002251,Razorpay Nodal,UBER-ORD-232035 UBER-ORD-909274 UBER-ORD-690136 BATCH-UBER-2251,127948,2558,0,0,125390,INR,2026-08-14T16:22:00Z,BATCH-UBER-2251
PO_B12_002252,PayU Enterprise,PAYT-ORD-395957 PAYT-ORD-480339 PAYT-ORD-950912 BATCH-PAYT-2252,411083,8221,0,0,402862,INR,2026-08-14T01:47:00Z,BATCH-PAYT-2252
PO_B12_002253,Stripe India,FLPK-ORD-127785 FLPK-ORD-458160 FLPK-ORD-805668 BATCH-FLPK-2253,238328,4766,0,0,233562,INR,2026-08-14T07:52:00Z,BATCH-FLPK-2253
PO_B12_002254,Stripe India,JIOO-INV-620872 PO_B12_002254,52598,1043,0,0,51555,INR,2026-08-14T01:47:00Z,BATCH-JIOO-2254
PO_B12_002255,Cashfree Escrow,FLPK-EXC-525430-UNRESOLVED,220563,4401,0,0,216162,INR,2026-08-15T00:05:00Z,HOLD-ESCROW
PO_B12_002256,Razorpay Nodal,BBAS-INV-604520 PO_B12_002256,238253,4100,0,0,234153,INR,2026-08-13T17:19:00Z,BATCH-BBAS-2256
PO_B12_002257,Stripe India,BKMS-INV-822935 PO_B12_002257,168490,3569,0,0,164921,INR,2026-08-13T16:42:00Z,BATCH-BKMS-2257
PO_B12_002258,PayU Enterprise,ZOMA-ORD-690762 ZOMA-ORD-813140 ZOMA-ORD-694157 BATCH-ZOMA-2258,431835,8636,0,0,423199,INR,2026-08-14T15:11:00Z,BATCH-ZOMA-2258
PO_B12_002259,BillDesk Settlement,FLPK-INV-645554 PO_B12_002259,245558,4644,0,0,240914,INR,2026-08-14T19:55:00Z,BATCH-FLPK-2259
PO_B12_002260,Razorpay Nodal,ZOMA-EXC-602174-UNRESOLVED,260856,5207,0,0,255649,INR,2026-08-14T11:29:00Z,HOLD-ESCROW
PO_B12_002261,BillDesk Settlement,BBAS-ORD-566743 BBAS-ORD-715678 BATCH-BBAS-2261,244614,4892,0,0,239722,INR,2026-08-14T13:42:00Z,BATCH-BBAS-2261
PO_B12_002262,PayU Enterprise,OLAA-INV-463720 PO_B12_002262,261604,4708,0,0,256896,INR,2026-08-14T11:02:00Z,BATCH-OLAA-2262
PO_B12_002263,Razorpay Nodal,TATA-INV-629459 PO_B12_002263,136928,3133,0,0,133795,INR,2026-08-14T03:28:00Z,BATCH-TATA-2263
PO_B12_002264,Stripe India,JIOO-ORD-529166 JIOO-ORD-419301 JIOO-ORD-761229 BATCH-JIOO-2264,464880,9297,0,0,455583,INR,2026-08-14T08:27:00Z,BATCH-JIOO-2264
PO_B12_002265,Stripe India,ZOMA-INV-448664 PO_B12_002265,220607,4708,0,0,215899,INR,2026-08-13T18:50:00Z,BATCH-ZOMA-2265
PO_B12_002266,PayU Enterprise,AMZN-INV-286777 PO_B12_002266,325220,5872,0,0,319348,INR,2026-08-14T03:41:00Z,BATCH-AMZN-2266
PO_B12_002267,Cashfree Escrow,ZOMA-ORD-756945 ZOMA-ORD-144314 BATCH-ZOMA-2267,204837,4096,0,0,200741,INR,2026-08-13T22:14:00Z,BATCH-ZOMA-2267
PO_B12_002268,PayU Enterprise,JIOO-INV-698413 PO_B12_002268,223134,4406,0,0,218728,INR,2026-08-14T14:52:00Z,BATCH-JIOO-2268
PO_B12_002269,Razorpay Nodal,PAYT-INV-964110 PO_B12_002269,116534,2676,0,0,113858,INR,2026-08-14T14:57:00Z,BATCH-PAYT-2269
PO_B12_002270,BillDesk Settlement,NYKA-INV-795760 PO_B12_002270,265279,4934,0,0,260345,INR,2026-08-14T06:46:00Z,BATCH-NYKA-2270
PO_B12_002271,PayU Enterprise,BKMS-ORD-596256 BKMS-ORD-170660 BATCH-BKMS-2271,218747,4374,0,0,214373,INR,2026-08-14T19:10:00Z,BATCH-BKMS-2271
PO_B12_002272,PayU Enterprise,JIOO-ORD-783638 JIOO-ORD-796646 JIOO-ORD-313897 BATCH-JIOO-2272,516573,10331,0,0,506242,INR,2026-08-14T08:44:00Z,BATCH-JIOO-2272
PO_B12_002273,BillDesk Settlement,PAYT-INV-720887 PO_B12_002273,106695,2647,0,0,104048,INR,2026-08-14T19:20:00Z,BATCH-PAYT-2273
PO_B12_002274,Cashfree Escrow,ZOMA-ORD-156879 ZOMA-ORD-518726 ZOMA-ORD-620280 BATCH-ZOMA-2274,492732,9854,0,0,482878,INR,2026-08-14T14:04:00Z,BATCH-ZOMA-2274
PO_B12_002275,PayU Enterprise,AMZN-EXC-245483-UNRESOLVED,55304,1096,0,0,54208,INR,2026-08-14T17:32:00Z,HOLD-ESCROW
PO_B12_002276,Stripe India,BBAS-EXC-327620-UNRESOLVED,262474,5239,0,0,257235,INR,2026-08-15T05:37:00Z,HOLD-ESCROW
PO_B12_002277,Cashfree Escrow,ZOMA-ORD-996504 ZOMA-ORD-881228 ZOMA-ORD-205118 BATCH-ZOMA-2277,463914,9278,0,0,454636,INR,2026-08-14T18:09:00Z,BATCH-ZOMA-2277
PO_B12_002278,Cashfree Escrow,PHNP-INV-712478 PO_B12_002278,271302,5762,0,0,265540,INR,2026-08-13T22:33:00Z,BATCH-PHNP-2278
PO_B12_002279,Stripe India,FLPK-ORD-372861 FLPK-ORD-219215 FLPK-ORD-696702 BATCH-FLPK-2279,375053,7501,0,0,367552,INR,2026-08-14T09:02:00Z,BATCH-FLPK-2279
PO_B12_002280,Cashfree Escrow,TATA-EXC-574159-UNRESOLVED,142037,2830,0,0,139207,INR,2026-08-15T07:52:00Z,HOLD-ESCROW
PO_B12_002281,PayU Enterprise,MMTR-INV-466686 PO_B12_002281,419517,6978,0,0,412539,INR,2026-08-14T12:04:00Z,BATCH-MMTR-2281
PO_B12_002282,PayU Enterprise,MMTR-INV-170266 PO_B12_002282,157496,3648,0,0,153848,INR,2026-08-13T22:48:00Z,BATCH-MMTR-2282
PO_B12_002283,PayU Enterprise,PAYT-ORD-675275 PAYT-ORD-243444 BATCH-PAYT-2283,331699,6633,0,0,325066,INR,2026-08-14T03:40:00Z,BATCH-PAYT-2283
PO_B12_002284,Razorpay Nodal,FLPK-INV-449138 PO_B12_002284,352672,8324,0,0,344348,INR,2026-08-14T14:50:00Z,BATCH-FLPK-2284
PO_B12_002285,BillDesk Settlement,OLAA-INV-117527 PO_B12_002285,248474,4690,0,0,243784,INR,2026-08-13T23:13:00Z,BATCH-OLAA-2285
PO_B12_002286,Cashfree Escrow,TATA-INV-682106 PO_B12_002286,50148,903,0,0,49245,INR,2026-08-14T15:50:00Z,BATCH-TATA-2286
PO_B12_002287,Razorpay Nodal,FLPK-ORD-413553 FLPK-ORD-956302 BATCH-FLPK-2287,222459,4449,0,0,218010,INR,2026-08-14T04:56:00Z,BATCH-FLPK-2287
PO_B12_002288,Cashfree Escrow,BLNK-INV-965886 PO_B12_002288,243080,4030,0,0,239050,INR,2026-08-13T21:32:00Z,BATCH-BLNK-2288
PO_B12_002289,Stripe India,TATA-ORD-185891 TATA-ORD-793497 TATA-ORD-502946 BATCH-TATA-2289,436151,8723,0,0,427428,INR,2026-08-14T20:30:00Z,BATCH-TATA-2289
PO_B12_002290,Stripe India,MMTR-INV-737184 PO_B12_002290,242201,5149,0,0,237052,INR,2026-08-14T19:01:00Z,BATCH-MMTR-2290
PO_B12_002291,Cashfree Escrow,PAYT-EXC-332069-UNRESOLVED,161949,3228,0,0,158721,INR,2026-08-14T11:30:00Z,HOLD-ESCROW
PO_B12_002292,Cashfree Escrow,TATA-ORD-659162 TATA-ORD-968379 TATA-ORD-435144 BATCH-TATA-2292,328551,6571,0,0,321980,INR,2026-08-14T02:31:00Z,BATCH-TATA-2292
PO_B12_002293,BillDesk Settlement,ZOMA-INV-394761 PO_B12_002293,375900,7651,0,0,368249,INR,2026-08-14T15:17:00Z,BATCH-ZOMA-2293
PO_B12_002294,Razorpay Nodal,MMTR-ORD-627821 MMTR-ORD-605914 BATCH-MMTR-2294,152847,3056,0,0,149791,INR,2026-08-14T07:56:00Z,BATCH-MMTR-2294
PO_B12_002295,Razorpay Nodal,PHNP-ORD-518689 PHNP-ORD-135312 BATCH-PHNP-2295,242602,4852,0,0,237750,INR,2026-08-14T15:25:00Z,BATCH-PHNP-2295
PO_B12_002296,Cashfree Escrow,MYNT-INV-617942 PO_B12_002296,198209,3656,0,0,194553,INR,2026-08-14T04:18:00Z,BATCH-MYNT-2296
PO_B12_002297,Stripe India,BBAS-EXC-903067-UNRESOLVED,196160,3913,0,0,192247,INR,2026-08-14T15:27:00Z,HOLD-ESCROW
PO_B12_002298,PayU Enterprise,BLNK-INV-673651 PO_B12_002298,238168,3579,0,0,234589,INR,2026-08-14T12:19:00Z,BATCH-BLNK-2298
PO_B12_002299,PayU Enterprise,UBER-INV-892630 PO_B12_002299,41908,752,0,0,41156,INR,2026-08-14T02:00:00Z,BATCH-UBER-2299
PO_B12_002300,Cashfree Escrow,PHNP-ORD-954841 PHNP-ORD-121320 BATCH-PHNP-2300,167255,3345,0,0,163910,INR,2026-08-14T05:09:00Z,BATCH-PHNP-2300
PO_B12_002301,PayU Enterprise,JIOO-ORD-415038 JIOO-ORD-951519 BATCH-JIOO-2301,85249,1704,0,0,83545,INR,2026-08-14T04:47:00Z,BATCH-JIOO-2301
PO_B12_002302,Razorpay Nodal,UBER-ORD-259047 UBER-ORD-188362 UBER-ORD-359138 BATCH-UBER-2302,432758,8655,0,0,424103,INR,2026-08-14T19:13:00Z,BATCH-UBER-2302
PO_B12_002303,PayU Enterprise,PAYT-INV-162277 PO_B12_002303,55264,1058,0,0,54206,INR,2026-08-14T07:06:00Z,BATCH-PAYT-2303
PO_B12_002304,Cashfree Escrow,OLAA-ORD-712080 OLAA-ORD-844368 BATCH-OLAA-2304,352274,7045,0,0,345229,INR,2026-08-13T21:30:00Z,BATCH-OLAA-2304
PO_B12_002305,Cashfree Escrow,JIOO-INV-479085 PO_B12_002305,408105,9458,0,0,398647,INR,2026-08-14T10:11:00Z,BATCH-JIOO-2305
PO_B12_002306,Cashfree Escrow,BLNK-EXC-343697-UNRESOLVED,72002,1430,0,0,70572,INR,2026-08-14T20:12:00Z,HOLD-ESCROW
PO_B12_002307,BillDesk Settlement,ZOMA-ORD-476400 ZOMA-ORD-934122 ZOMA-ORD-856561 BATCH-ZOMA-2307,314196,6283,0,0,307913,INR,2026-08-13T22:04:00Z,BATCH-ZOMA-2307
PO_B12_002308,PayU Enterprise,FLPK-INV-331772 PO_B12_002308,167782,2805,0,0,164977,INR,2026-08-14T05:51:00Z,BATCH-FLPK-2308
PO_B12_002309,Cashfree Escrow,PAYT-INV-130857 PO_B12_002309,310449,6982,0,0,303467,INR,2026-08-14T20:04:00Z,BATCH-PAYT-2309
PO_B12_002310,PayU Enterprise,PHNP-INV-731747 PO_B12_002310,245854,4521,0,0,241333,INR,2026-08-14T03:38:00Z,BATCH-PHNP-2310
PO_B12_002311,Stripe India,JIOO-ORD-105857 JIOO-ORD-448807 JIOO-ORD-615602 BATCH-JIOO-2311,396065,7921,0,0,388144,INR,2026-08-14T00:36:00Z,BATCH-JIOO-2311
PO_B12_002312,PayU Enterprise,AMZN-INV-925704 PO_B12_002312,110270,2172,0,0,108098,INR,2026-08-13T15:22:00Z,BATCH-AMZN-2312
PO_B12_002313,Cashfree Escrow,BLNK-INV-387455 PO_B12_002313,388703,5880,0,0,382823,INR,2026-08-14T03:40:00Z,BATCH-BLNK-2313
PO_B12_002314,Razorpay Nodal,BLNK-ORD-993068 BLNK-ORD-759442 BLNK-ORD-251932 BATCH-BLNK-2314,311662,6233,0,0,305429,INR,2026-08-14T05:09:00Z,BATCH-BLNK-2314
PO_B12_002315,BillDesk Settlement,PHNP-EXC-646329-UNRESOLVED,70057,1391,0,0,68666,INR,2026-08-15T06:45:00Z,HOLD-ESCROW
PO_B12_002316,Stripe India,TATA-ORD-587265 TATA-ORD-948241 BATCH-TATA-2316,393386,7867,0,0,385519,INR,2026-08-14T19:10:00Z,BATCH-TATA-2316
PO_B12_002317,Stripe India,TATA-INV-176596 PO_B12_002317,207018,5089,0,0,201929,INR,2026-08-14T13:40:00Z,BATCH-TATA-2317
PO_B12_002318,BillDesk Settlement,NYKA-INV-482855 PO_B12_002318,95477,1470,0,0,94007,INR,2026-08-14T15:25:00Z,BATCH-NYKA-2318
PO_B12_002319,Cashfree Escrow,UBER-INV-188294 PO_B12_002319,132327,3048,0,0,129279,INR,2026-08-14T13:49:00Z,BATCH-UBER-2319
PO_B12_002320,BillDesk Settlement,BBAS-ORD-993425 BBAS-ORD-954367 BATCH-BBAS-2320,85995,1719,0,0,84276,INR,2026-08-13T22:57:00Z,BATCH-BBAS-2320
PO_B12_002321,Razorpay Nodal,TATA-INV-640132 PO_B12_002321,133368,2677,0,0,130691,INR,2026-08-14T12:28:00Z,BATCH-TATA-2321
PO_B12_002322,PayU Enterprise,PAYT-INV-374852 PO_B12_002322,205415,4329,0,0,201086,INR,2026-08-14T02:57:00Z,BATCH-PAYT-2322
PO_B12_002323,PayU Enterprise,UBER-INV-450653 PO_B12_002323,64626,1418,0,0,63208,INR,2026-08-14T03:50:00Z,BATCH-UBER-2323
PO_B12_002324,BillDesk Settlement,MMTR-INV-361300 PO_B12_002324,150067,2493,0,0,147574,INR,2026-08-13T19:37:00Z,BATCH-MMTR-2324
PO_B12_002325,PayU Enterprise,MMTR-INV-693555 PO_B12_002325,273863,4280,0,0,269583,INR,2026-08-13T23:27:00Z,BATCH-MMTR-2325
PO_B12_002326,Razorpay Nodal,SWIG-ORD-137346 SWIG-ORD-789393 SWIG-ORD-304904 BATCH-SWIG-2326,431561,8631,0,0,422930,INR,2026-08-14T16:00:00Z,BATCH-SWIG-2326
PO_B12_002327,PayU Enterprise,PAYT-INV-269023 PO_B12_002327,190093,4584,0,0,185509,INR,2026-08-14T14:46:00Z,BATCH-PAYT-2327
PO_B12_002328,BillDesk Settlement,OLAA-INV-344500 PO_B12_002328,192657,3754,0,0,188903,INR,2026-08-14T07:09:00Z,BATCH-OLAA-2328
PO_B12_002329,Razorpay Nodal,ZOMA-ORD-423384 ZOMA-ORD-574448 BATCH-ZOMA-2329,117591,2351,0,0,115240,INR,2026-08-14T13:02:00Z,BATCH-ZOMA-2329
PO_B12_002330,Cashfree Escrow,NYKA-INV-357839 PO_B12_002330,325871,7617,0,0,318254,INR,2026-08-14T05:31:00Z,BATCH-NYKA-2330
PO_B12_002331,Stripe India,TATA-INV-813312 PO_B12_002331,295419,4752,0,0,290667,INR,2026-08-14T17:11:00Z,BATCH-TATA-2331
PO_B12_002332,Cashfree Escrow,MMTR-INV-477271 PO_B12_002332,222889,4682,0,0,218207,INR,2026-08-13T23:02:00Z,BATCH-MMTR-2332
PO_B12_002333,Razorpay Nodal,PAYT-INV-810482 PO_B12_002333,386007,7713,0,0,378294,INR,2026-08-14T22:12:00Z,BATCH-PAYT-2333
PO_B12_002334,BillDesk Settlement,BKMS-INV-330208 PO_B12_002334,191180,3330,0,0,187850,INR,2026-08-14T07:16:00Z,BATCH-BKMS-2334
PO_B12_002335,Cashfree Escrow,BLNK-ORD-849933 BLNK-ORD-915666 BATCH-BLNK-2335,441729,8834,0,0,432895,INR,2026-08-13T23:58:00Z,BATCH-BLNK-2335
PO_B12_002336,Razorpay Nodal,NYKA-INV-720415 PO_B12_002336,117211,1792,0,0,115419,INR,2026-08-14T00:20:00Z,BATCH-NYKA-2336
PO_B12_002337,Stripe India,PAYT-INV-394776 PO_B12_002337,116491,2265,0,0,114226,INR,2026-08-15T00:49:00Z,BATCH-PAYT-2337
PO_B12_002338,Razorpay Nodal,OLAA-INV-328047 PO_B12_002338,239030,4731,0,0,234299,INR,2026-08-14T12:28:00Z,BATCH-OLAA-2338
PO_B12_002339,PayU Enterprise,PHNP-ORD-157533 PHNP-ORD-583822 BATCH-PHNP-2339,221278,4425,0,0,216853,INR,2026-08-14T06:36:00Z,BATCH-PHNP-2339
PO_B12_002340,Razorpay Nodal,AMZN-INV-760493 PO_B12_002340,377027,6754,0,0,370273,INR,2026-08-14T02:44:00Z,BATCH-AMZN-2340
PO_B12_002341,PayU Enterprise,BKMS-INV-444037 PO_B12_002341,246344,3759,0,0,242585,INR,2026-08-14T12:13:00Z,BATCH-BKMS-2341
PO_B12_002342,PayU Enterprise,SWIG-INV-552258 PO_B12_002342,319635,6165,0,0,313470,INR,2026-08-14T15:54:00Z,BATCH-SWIG-2342
PO_B12_002343,PayU Enterprise,NYKA-INV-339955 PO_B12_002343,360455,6503,0,0,353952,INR,2026-08-14T21:59:00Z,BATCH-NYKA-2343
PO_B12_002344,BillDesk Settlement,TATA-INV-780137 PO_B12_002344,260122,6275,0,0,253847,INR,2026-08-14T01:04:00Z,BATCH-TATA-2344
PO_B12_002345,PayU Enterprise,ZOMA-INV-230786 PO_B12_002345,255301,4920,0,0,250381,INR,2026-08-14T11:59:00Z,BATCH-ZOMA-2345
PO_B12_002346,PayU Enterprise,OLAA-ORD-963749 OLAA-ORD-941232 OLAA-ORD-468695 BATCH-OLAA-2346,450936,9018,0,0,441918,INR,2026-08-14T14:01:00Z,BATCH-OLAA-2346
PO_B12_002347,BillDesk Settlement,BKMS-INV-903655 PO_B12_002347,341809,5829,0,0,335980,INR,2026-08-14T16:08:00Z,BATCH-BKMS-2347
PO_B12_002348,Razorpay Nodal,BBAS-INV-750010 PO_B12_002348,309389,7278,0,0,302111,INR,2026-08-14T11:53:00Z,BATCH-BBAS-2348
PO_B12_002349,Cashfree Escrow,NYKA-INV-648371 PO_B12_002349,203884,4873,0,0,199011,INR,2026-08-13T16:38:00Z,BATCH-NYKA-2349
PO_B12_002350,PayU Enterprise,OLAA-EXC-720620-UNRESOLVED,264051,5271,0,0,258780,INR,2026-08-14T12:59:00Z,HOLD-ESCROW
PO_B12_002351,Razorpay Nodal,FLPK-INV-420252 PO_B12_002351,389135,8550,0,0,380585,INR,2026-08-14T01:20:00Z,BATCH-FLPK-2351
PO_B12_002352,PayU Enterprise,SWIG-ORD-895100 SWIG-ORD-343135 BATCH-SWIG-2352,120378,2407,0,0,117971,INR,2026-08-14T00:42:00Z,BATCH-SWIG-2352
PO_B12_002353,Stripe India,OLAA-INV-611905 PO_B12_002353,281096,5972,0,0,275124,INR,2026-08-14T01:44:00Z,BATCH-OLAA-2353
PO_B12_002354,Stripe India,NYKA-INV-385115 PO_B12_002354,109098,2463,0,0,106635,INR,2026-08-13T19:53:00Z,BATCH-NYKA-2354
PO_B12_002355,BillDesk Settlement,BBAS-EXC-647842-UNRESOLVED,222280,4435,0,0,217845,INR,2026-08-14T15:23:00Z,HOLD-ESCROW
PO_B12_002356,BillDesk Settlement,MYNT-ORD-255712 MYNT-ORD-338989 BATCH-MYNT-2356,335053,6701,0,0,328352,INR,2026-08-14T04:40:00Z,BATCH-MYNT-2356
PO_B12_002357,PayU Enterprise,JIOO-INV-856925 PO_B12_002357,186610,3342,0,0,183268,INR,2026-08-14T12:23:00Z,BATCH-JIOO-2357
PO_B12_002358,Razorpay Nodal,PAYT-INV-448230 PO_B12_002358,143416,2431,0,0,140985,INR,2026-08-14T00:53:00Z,BATCH-PAYT-2358
PO_B12_002359,Cashfree Escrow,BLNK-ORD-853875 BLNK-ORD-265337 BATCH-BLNK-2359,311792,6235,0,0,305557,INR,2026-08-14T08:24:00Z,BATCH-BLNK-2359
PO_B12_002360,PayU Enterprise,NYKA-INV-438692 PO_B12_002360,317127,5785,0,0,311342,INR,2026-08-13T23:42:00Z,BATCH-NYKA-2360
PO_B12_002361,Stripe India,OLAA-INV-629544 PO_B12_002361,343220,6029,0,0,337191,INR,2026-08-14T13:46:00Z,BATCH-OLAA-2361
PO_B12_002362,PayU Enterprise,PHNP-ORD-765482 PHNP-ORD-574688 BATCH-PHNP-2362,188717,3774,0,0,184943,INR,2026-08-14T00:59:00Z,BATCH-PHNP-2362
PO_B12_002363,Cashfree Escrow,ZOMA-INV-162121 PO_B12_002363,130131,2589,0,0,127542,INR,2026-08-14T13:18:00Z,BATCH-ZOMA-2363
PO_B12_002364,Cashfree Escrow,MYNT-INV-655191 PO_B12_002364,387901,8389,0,0,379512,INR,2026-08-14T00:00:00Z,BATCH-MYNT-2364
PO_B12_002365,PayU Enterprise,NYKA-ORD-175320 NYKA-ORD-372030 NYKA-ORD-196541 BATCH-NYKA-2365,490573,9811,0,0,480762,INR,2026-08-14T01:02:00Z,BATCH-NYKA-2365
PO_B12_002366,Cashfree Escrow,BBAS-INV-818577 PO_B12_002366,106132,1729,0,0,104403,INR,2026-08-14T10:58:00Z,BATCH-BBAS-2366
PO_B12_002367,Cashfree Escrow,ZOMA-INV-153498 PO_B12_002367,42500,692,0,0,41808,INR,2026-08-14T01:30:00Z,BATCH-ZOMA-2367
PO_B12_002368,Cashfree Escrow,PAYT-INV-664915 PO_B12_002368,160511,2799,0,0,157712,INR,2026-08-13T21:58:00Z,BATCH-PAYT-2368
PO_B12_002369,Stripe India,PHNP-INV-906500 PO_B12_002369,314118,5186,0,0,308932,INR,2026-08-13T23:55:00Z,BATCH-PHNP-2369
PO_B12_002370,PayU Enterprise,MYNT-INV-184715 PO_B12_002370,62106,1463,0,0,60643,INR,2026-08-14T16:41:00Z,BATCH-MYNT-2370
PO_B12_002371,Cashfree Escrow,NYKA-INV-972826 PO_B12_002371,300572,5085,0,0,295487,INR,2026-08-14T18:08:00Z,BATCH-NYKA-2371
PO_B12_002372,Razorpay Nodal,NYKA-ORD-845425 NYKA-ORD-321398 BATCH-NYKA-2372,352636,7052,0,0,345584,INR,2026-08-14T00:02:00Z,BATCH-NYKA-2372
PO_B12_002373,Stripe India,BLNK-INV-316844 PO_B12_002373,281208,6793,0,0,274415,INR,2026-08-13T22:29:00Z,BATCH-BLNK-2373
PO_B12_002374,Razorpay Nodal,UBER-INV-741208 PO_B12_002374,95440,1632,0,0,93808,INR,2026-08-14T15:04:00Z,BATCH-UBER-2374
PO_B12_002375,Razorpay Nodal,JIOO-INV-482734 PO_B12_002375,231963,4397,0,0,227566,INR,2026-08-14T13:13:00Z,BATCH-JIOO-2375
PO_B12_002376,Cashfree Escrow,MYNT-INV-544611 PO_B12_002376,109191,2528,0,0,106663,INR,2026-08-14T09:53:00Z,BATCH-MYNT-2376
PO_B12_002377,Cashfree Escrow,BKMS-INV-933276 PO_B12_002377,258698,6024,0,0,252674,INR,2026-08-14T20:31:00Z,BATCH-BKMS-2377
PO_B12_002378,PayU Enterprise,NYKA-ORD-527432 NYKA-ORD-320359 BATCH-NYKA-2378,339119,6782,0,0,332337,INR,2026-08-14T13:15:00Z,BATCH-NYKA-2378
PO_B12_002379,Razorpay Nodal,PHNP-ORD-423652 PHNP-ORD-308769 PHNP-ORD-490529 BATCH-PHNP-2379,329857,6597,0,0,323260,INR,2026-08-14T08:21:00Z,BATCH-PHNP-2379
PO_B12_002380,PayU Enterprise,PHNP-INV-993754 PO_B12_002380,168206,3549,0,0,164657,INR,2026-08-14T05:41:00Z,BATCH-PHNP-2380
PO_B12_002381,PayU Enterprise,JIOO-INV-389604 PO_B12_002381,187337,4065,0,0,183272,INR,2026-08-13T21:27:00Z,BATCH-JIOO-2381
PO_B12_002382,Razorpay Nodal,AMZN-INV-383794 PO_B12_002382,57313,1116,0,0,56197,INR,2026-08-13T22:36:00Z,BATCH-AMZN-2382
PO_B12_002383,BillDesk Settlement,OLAA-INV-238511 PO_B12_002383,287125,4809,0,0,282316,INR,2026-08-14T16:10:00Z,BATCH-OLAA-2383
PO_B12_002384,PayU Enterprise,AMZN-INV-233086 PO_B12_002384,332860,5000,0,0,327860,INR,2026-08-14T02:04:00Z,BATCH-AMZN-2384
PO_B12_002385,PayU Enterprise,FLPK-INV-198827 PO_B12_002385,61097,1280,0,0,59817,INR,2026-08-14T00:16:00Z,BATCH-FLPK-2385
PO_B12_002386,BillDesk Settlement,SWIG-ORD-446141 SWIG-ORD-194083 SWIG-ORD-541491 BATCH-SWIG-2386,569951,11399,0,0,558552,INR,2026-08-14T16:57:00Z,BATCH-SWIG-2386
PO_B12_002387,BillDesk Settlement,BLNK-INV-557579 PO_B12_002387,197787,2985,0,0,194802,INR,2026-08-14T02:56:00Z,BATCH-BLNK-2387
PO_B12_002388,Razorpay Nodal,TATA-ORD-806960 TATA-ORD-269173 BATCH-TATA-2388,377589,7551,0,0,370038,INR,2026-08-14T14:59:00Z,BATCH-TATA-2388
PO_B12_002389,Stripe India,NYKA-INV-853320 PO_B12_002389,272630,6327,0,0,266303,INR,2026-08-14T13:48:00Z,BATCH-NYKA-2389
PO_B12_002390,Stripe India,BBAS-INV-124936 PO_B12_002390,184196,4371,0,0,179825,INR,2026-08-13T21:00:00Z,BATCH-BBAS-2390
PO_B12_002391,Stripe India,OLAA-INV-390710 PO_B12_002391,414825,10083,0,0,404742,INR,2026-08-14T19:59:00Z,BATCH-OLAA-2391
PO_B12_002392,Cashfree Escrow,BKMS-INV-925094 PO_B12_002392,273097,5243,0,0,267854,INR,2026-08-14T18:51:00Z,BATCH-BKMS-2392
PO_B12_002393,Cashfree Escrow,ZOMA-INV-889647 PO_B12_002393,154267,3070,0,0,151197,INR,2026-08-14T13:25:00Z,BATCH-ZOMA-2393
PO_B12_002394,Stripe India,TATA-INV-877207 PO_B12_002394,347576,5501,0,0,342075,INR,2026-08-14T09:21:00Z,BATCH-TATA-2394
PO_B12_002395,PayU Enterprise,BLNK-INV-227748 PO_B12_002395,257933,5673,0,0,252260,INR,2026-08-14T12:05:00Z,BATCH-BLNK-2395
PO_B12_002396,Cashfree Escrow,UBER-ORD-708913 UBER-ORD-369135 BATCH-UBER-2396,140707,2814,0,0,137893,INR,2026-08-14T02:49:00Z,BATCH-UBER-2396
PO_B12_002397,PayU Enterprise,NYKA-INV-891783 PO_B12_002397,179800,3383,0,0,176417,INR,2026-08-14T19:32:00Z,BATCH-NYKA-2397
PO_B12_002398,PayU Enterprise,FLPK-INV-762995 PO_B12_002398,205487,3606,0,0,201881,INR,2026-08-13T17:08:00Z,BATCH-FLPK-2398
PO_B12_002399,Razorpay Nodal,JIOO-INV-882864 PO_B12_002399,210601,3887,0,0,206714,INR,2026-08-14T03:58:00Z,BATCH-JIOO-2399
PO_B12_002400,Cashfree Escrow,TATA-INV-238136 PO_B12_002400,352606,8311,0,0,344295,INR,2026-08-13T23:50:00Z,BATCH-TATA-2400
PO_B12_002401,Razorpay Nodal,OLAA-ORD-325092 OLAA-ORD-458054 BATCH-OLAA-2401,317400,6348,0,0,311052,INR,2026-08-14T16:56:00Z,BATCH-OLAA-2401
PO_B12_002402,BillDesk Settlement,MMTR-INV-305129 PO_B12_002402,388235,7975,0,0,380260,INR,2026-08-14T20:40:00Z,BATCH-MMTR-2402
PO_B12_002403,BillDesk Settlement,BLNK-ORD-289937 BLNK-ORD-266241 BLNK-ORD-565973 BATCH-BLNK-2403,338582,6771,0,0,331811,INR,2026-08-14T02:31:00Z,BATCH-BLNK-2403
PO_B12_002404,Cashfree Escrow,PAYT-INV-166235 PO_B12_002404,343799,6595,0,0,337204,INR,2026-08-13T19:57:00Z,BATCH-PAYT-2404
PO_B12_002405,Stripe India,SWIG-INV-542133 PO_B12_002405,51811,1020,0,0,50791,INR,2026-08-14T08:04:00Z,BATCH-SWIG-2405
PO_B12_002406,PayU Enterprise,TATA-ORD-980197 TATA-ORD-196852 TATA-ORD-180531 BATCH-TATA-2406,252878,5057,0,0,247821,INR,2026-08-14T04:28:00Z,BATCH-TATA-2406
PO_B12_002407,Stripe India,ZOMA-INV-964965 PO_B12_002407,280459,5317,0,0,275142,INR,2026-08-14T13:23:00Z,BATCH-ZOMA-2407
PO_B12_002408,Razorpay Nodal,FLPK-INV-102098 PO_B12_002408,167340,3482,0,0,163858,INR,2026-08-14T01:20:00Z,BATCH-FLPK-2408
PO_B12_002409,Cashfree Escrow,TATA-ORD-680918 TATA-ORD-359319 BATCH-TATA-2409,226105,4522,0,0,221583,INR,2026-08-14T06:40:00Z,BATCH-TATA-2409
PO_B12_002410,BillDesk Settlement,PHNP-INV-656819 PO_B12_002410,226913,4972,0,0,221941,INR,2026-08-14T16:20:00Z,BATCH-PHNP-2410
PO_B12_002411,Stripe India,NYKA-INV-706624 PO_B12_002411,437560,10693,0,0,426867,INR,2026-08-14T04:30:00Z,BATCH-NYKA-2411
PO_B12_002412,PayU Enterprise,MMTR-INV-783016 PO_B12_002412,35036,535,0,0,34501,INR,2026-08-14T14:13:00Z,BATCH-MMTR-2412
PO_B12_002413,Cashfree Escrow,OLAA-INV-699263 PO_B12_002413,112441,2338,0,0,110103,INR,2026-08-14T11:02:00Z,BATCH-OLAA-2413
PO_B12_002414,Cashfree Escrow,FLPK-EXC-628875-UNRESOLVED,190140,3792,0,0,186348,INR,2026-08-14T09:24:00Z,HOLD-ESCROW
PO_B12_002415,PayU Enterprise,UBER-INV-208921 PO_B12_002415,276222,5345,0,0,270877,INR,2026-08-14T15:20:00Z,BATCH-UBER-2415
PO_B12_002416,BillDesk Settlement,PAYT-INV-293813 PO_B12_002416,347116,6466,0,0,340650,INR,2026-08-14T14:22:00Z,BATCH-PAYT-2416
PO_B12_002417,BillDesk Settlement,MYNT-ORD-355288 MYNT-ORD-998196 BATCH-MYNT-2417,285514,5710,0,0,279804,INR,2026-08-13T23:09:00Z,BATCH-MYNT-2417
PO_B12_002418,PayU Enterprise,OLAA-INV-919236 PO_B12_002418,213029,3399,0,0,209630,INR,2026-08-14T05:24:00Z,BATCH-OLAA-2418
PO_B12_002419,Stripe India,JIOO-INV-596113 PO_B12_002419,76623,1565,0,0,75058,INR,2026-08-13T14:38:00Z,BATCH-JIOO-2419
PO_B12_002420,Cashfree Escrow,JIOO-INV-477744 PO_B12_002420,230013,4869,0,0,225144,INR,2026-08-13T21:21:00Z,BATCH-JIOO-2420
PO_B12_002421,PayU Enterprise,BLNK-ORD-253327 BLNK-ORD-758175 BLNK-ORD-145294 BATCH-BLNK-2421,408926,8178,0,0,400748,INR,2026-08-14T07:58:00Z,BATCH-BLNK-2421
PO_B12_002422,PayU Enterprise,PHNP-INV-785340 PO_B12_002422,142102,3121,0,0,138981,INR,2026-08-14T12:21:00Z,BATCH-PHNP-2422
PO_B12_002423,PayU Enterprise,NYKA-INV-324738 PO_B12_002423,313564,5318,0,0,308246,INR,2026-08-13T23:09:00Z,BATCH-NYKA-2423
PO_B12_002424,Stripe India,MYNT-ORD-583929 MYNT-ORD-954806 BATCH-MYNT-2424,422052,8441,0,0,413611,INR,2026-08-14T19:58:00Z,BATCH-MYNT-2424
PO_B12_002425,PayU Enterprise,BLNK-INV-715266 PO_B12_002425,166012,2669,0,0,163343,INR,2026-08-14T08:08:00Z,BATCH-BLNK-2425
PO_B12_002426,Cashfree Escrow,ZOMA-ORD-232923 ZOMA-ORD-338142 BATCH-ZOMA-2426,413579,8271,0,0,405308,INR,2026-08-14T05:19:00Z,BATCH-ZOMA-2426
PO_B12_002427,Stripe India,MYNT-ORD-316499 MYNT-ORD-537045 MYNT-ORD-987015 BATCH-MYNT-2427,453676,9073,0,0,444603,INR,2026-08-14T10:47:00Z,BATCH-MYNT-2427
PO_B12_002428,Stripe India,NYKA-INV-862488 PO_B12_002428,229508,4360,0,0,225148,INR,2026-08-14T06:10:00Z,BATCH-NYKA-2428
PO_B12_002429,Razorpay Nodal,TATA-INV-748863 PO_B12_002429,38186,822,0,0,37364,INR,2026-08-13T20:55:00Z,BATCH-TATA-2429
PO_B12_002430,BillDesk Settlement,BBAS-INV-511377 PO_B12_002430,343936,8524,0,0,335412,INR,2026-08-14T05:27:00Z,BATCH-BBAS-2430
PO_B12_002431,Stripe India,PAYT-ORD-637557 PAYT-ORD-258787 PAYT-ORD-215573 BATCH-PAYT-2431,420719,8414,0,0,412305,INR,2026-08-13T22:38:00Z,BATCH-PAYT-2431
PO_B12_002432,PayU Enterprise,BKMS-INV-624925 PO_B12_002432,396692,8086,0,0,388606,INR,2026-08-14T12:05:00Z,BATCH-BKMS-2432
PO_B12_002433,Cashfree Escrow,UBER-INV-176868 PO_B12_002433,246681,4522,0,0,242159,INR,2026-08-14T12:09:00Z,BATCH-UBER-2433
PO_B12_002434,PayU Enterprise,MMTR-INV-362602 PO_B12_002434,224304,4206,0,0,220098,INR,2026-08-15T00:24:00Z,BATCH-MMTR-2434
PO_B12_002435,PayU Enterprise,MMTR-INV-208349 PO_B12_002435,433313,8797,0,0,424516,INR,2026-08-14T01:34:00Z,BATCH-MMTR-2435
PO_B12_002436,Razorpay Nodal,UBER-INV-100046 PO_B12_002436,418377,9370,0,0,409007,INR,2026-08-14T08:07:00Z,BATCH-UBER-2436
PO_B12_002437,BillDesk Settlement,MMTR-INV-575078 PO_B12_002437,350075,8378,0,0,341697,INR,2026-08-14T06:49:00Z,BATCH-MMTR-2437
PO_B12_002438,Cashfree Escrow,AMZN-ORD-173870 AMZN-ORD-569270 AMZN-ORD-549790 BATCH-AMZN-2438,282326,5646,0,0,276680,INR,2026-08-14T07:16:00Z,BATCH-AMZN-2438
PO_B12_002439,BillDesk Settlement,JIOO-INV-822293 PO_B12_002439,29642,527,0,0,29115,INR,2026-08-14T16:40:00Z,BATCH-JIOO-2439
PO_B12_002440,BillDesk Settlement,BBAS-INV-690180 PO_B12_002440,186522,3551,0,0,182971,INR,2026-08-13T21:46:00Z,BATCH-BBAS-2440
PO_B12_002441,Stripe India,OLAA-INV-138908 PO_B12_002441,380900,6513,0,0,374387,INR,2026-08-14T02:10:00Z,BATCH-OLAA-2441
PO_B12_002442,PayU Enterprise,BKMS-ORD-253169 BKMS-ORD-593983 BATCH-BKMS-2442,257259,5145,0,0,252114,INR,2026-08-13T22:59:00Z,BATCH-BKMS-2442
PO_B12_002443,BillDesk Settlement,UBER-INV-435013 PO_B12_002443,145766,2314,0,0,143452,INR,2026-08-14T13:29:00Z,BATCH-UBER-2443
PO_B12_002444,PayU Enterprise,ZOMA-EXC-202690-UNRESOLVED,127216,2534,0,0,124682,INR,2026-08-15T08:19:00Z,HOLD-ESCROW
PO_B12_002445,PayU Enterprise,PAYT-INV-572558 PO_B12_002445,252391,5150,0,0,247241,INR,2026-08-13T18:38:00Z,BATCH-PAYT-2445
PO_B12_002446,Cashfree Escrow,SWIG-INV-506775 PO_B12_002446,187570,3184,0,0,184386,INR,2026-08-14T05:36:00Z,BATCH-SWIG-2446
PO_B12_002447,Stripe India,PHNP-INV-796624 PO_B12_002447,222413,4486,0,0,217927,INR,2026-08-14T11:08:00Z,BATCH-PHNP-2447
PO_B12_002448,PayU Enterprise,OLAA-INV-697440 PO_B12_002448,404445,9993,0,0,394452,INR,2026-08-14T16:31:00Z,BATCH-OLAA-2448
PO_B12_002449,Stripe India,NYKA-INV-211346 PO_B12_002449,170774,2642,0,0,168132,INR,2026-08-14T07:22:00Z,BATCH-NYKA-2449
PO_B12_002450,BillDesk Settlement,MYNT-INV-804326 PO_B12_002450,422443,8517,0,0,413926,INR,2026-08-14T07:13:00Z,BATCH-MYNT-2450
PO_B12_002451,BillDesk Settlement,PHNP-INV-401956 PO_B12_002451,327651,8009,0,0,319642,INR,2026-08-14T01:35:00Z,BATCH-PHNP-2451
PO_B12_002452,PayU Enterprise,UBER-INV-410856 PO_B12_002452,109651,2272,0,0,107379,INR,2026-08-14T16:58:00Z,BATCH-UBER-2452
PO_B12_002453,Stripe India,PAYT-INV-188592 PO_B12_002453,348534,7747,0,0,340787,INR,2026-08-14T14:50:00Z,BATCH-PAYT-2453
PO_B12_002454,Cashfree Escrow,BBAS-INV-340995 PO_B12_002454,345257,8390,0,0,336867,INR,2026-08-13T22:52:00Z,BATCH-BBAS-2454
PO_B12_002455,Razorpay Nodal,PHNP-INV-427266 PO_B12_002455,37332,818,0,0,36514,INR,2026-08-14T20:24:00Z,BATCH-PHNP-2455
PO_B12_002456,PayU Enterprise,BKMS-INV-873109 PO_B12_002456,195680,4033,0,0,191647,INR,2026-08-14T08:29:00Z,BATCH-BKMS-2456
PO_B12_002457,BillDesk Settlement,NYKA-ORD-168615 NYKA-ORD-829080 NYKA-ORD-845803 BATCH-NYKA-2457,268441,5368,0,0,263073,INR,2026-08-14T04:11:00Z,BATCH-NYKA-2457
PO_B12_002458,PayU Enterprise,UBER-INV-212645 PO_B12_002458,187194,4424,0,0,182770,INR,2026-08-14T15:40:00Z,BATCH-UBER-2458
PO_B12_002459,Cashfree Escrow,JIOO-ORD-149959 JIOO-ORD-794577 BATCH-JIOO-2459,237908,4758,0,0,233150,INR,2026-08-14T08:18:00Z,BATCH-JIOO-2459
PO_B12_002460,PayU Enterprise,FLPK-ORD-356821 FLPK-ORD-751040 FLPK-ORD-959881 BATCH-FLPK-2460,466053,9321,0,0,456732,INR,2026-08-14T15:09:00Z,BATCH-FLPK-2460
PO_B12_002461,BillDesk Settlement,ZOMA-INV-991432 PO_B12_002461,425916,7849,0,0,418067,INR,2026-08-14T09:21:00Z,BATCH-ZOMA-2461
PO_B12_002462,BillDesk Settlement,ZOMA-ORD-258184 ZOMA-ORD-786393 BATCH-ZOMA-2462,313456,6269,0,0,307187,INR,2026-08-14T19:47:00Z,BATCH-ZOMA-2462
PO_B12_002463,Razorpay Nodal,MMTR-INV-285259 PO_B12_002463,83575,1532,0,0,82043,INR,2026-08-14T11:14:00Z,BATCH-MMTR-2463
PO_B12_002464,Razorpay Nodal,MMTR-ORD-400074 MMTR-ORD-450279 MMTR-ORD-434693 BATCH-MMTR-2464,405687,8113,0,0,397574,INR,2026-08-14T06:10:00Z,BATCH-MMTR-2464
PO_B12_002465,Cashfree Escrow,ZOMA-ORD-721028 ZOMA-ORD-691944 BATCH-ZOMA-2465,218627,4372,0,0,214255,INR,2026-08-14T02:57:00Z,BATCH-ZOMA-2465
PO_B12_002466,PayU Enterprise,PHNP-ORD-466355 PHNP-ORD-687499 BATCH-PHNP-2466,454638,9092,0,0,445546,INR,2026-08-14T01:18:00Z,BATCH-PHNP-2466
PO_B12_002467,Stripe India,JIOO-INV-583627 PO_B12_002467,134006,2942,0,0,131064,INR,2026-08-14T05:32:00Z,BATCH-JIOO-2467
PO_B12_002468,Cashfree Escrow,SWIG-INV-549486 PO_B12_002468,333746,5370,0,0,328376,INR,2026-08-13T14:16:00Z,BATCH-SWIG-2468
PO_B12_002469,PayU Enterprise,BBAS-INV-487761 PO_B12_002469,222473,3349,0,0,219124,INR,2026-08-14T21:20:00Z,BATCH-BBAS-2469
PO_B12_002470,Stripe India,MYNT-INV-936248 PO_B12_002470,100788,2180,0,0,98608,INR,2026-08-15T02:26:00Z,BATCH-MYNT-2470
PO_B12_002471,Razorpay Nodal,TATA-ORD-890530 TATA-ORD-584020 BATCH-TATA-2471,284609,5692,0,0,278917,INR,2026-08-14T07:17:00Z,BATCH-TATA-2471
PO_B12_002472,Stripe India,BLNK-ORD-724935 BLNK-ORD-153158 BATCH-BLNK-2472,354889,7097,0,0,347792,INR,2026-08-14T01:08:00Z,BATCH-BLNK-2472
PO_B12_002473,BillDesk Settlement,SWIG-INV-357355 PO_B12_002473,400665,7051,0,0,393614,INR,2026-08-14T07:58:00Z,BATCH-SWIG-2473
PO_B12_002474,Cashfree Escrow,BKMS-INV-957459 PO_B12_002474,103933,1889,0,0,102044,INR,2026-08-14T01:00:00Z,BATCH-BKMS-2474
PO_B12_002475,Razorpay Nodal,UBER-INV-525384 PO_B12_002475,342656,5968,0,0,336688,INR,2026-08-14T12:26:00Z,BATCH-UBER-2475
PO_B12_002476,Cashfree Escrow,PHNP-INV-999827 PO_B12_002476,154644,3069,0,0,151575,INR,2026-08-14T03:08:00Z,BATCH-PHNP-2476
PO_B12_002477,Stripe India,BBAS-ORD-418135 BBAS-ORD-391482 BATCH-BBAS-2477,195970,3919,0,0,192051,INR,2026-08-14T17:33:00Z,BATCH-BBAS-2477
PO_B12_002478,BillDesk Settlement,SWIG-ORD-338449 SWIG-ORD-254610 SWIG-ORD-441384 BATCH-SWIG-2478,272592,5451,0,0,267141,INR,2026-08-14T18:32:00Z,BATCH-SWIG-2478
PO_B12_002479,PayU Enterprise,BKMS-ORD-224281 BKMS-ORD-183239 BATCH-BKMS-2479,248697,4973,0,0,243724,INR,2026-08-14T01:30:00Z,BATCH-BKMS-2479
PO_B12_002480,PayU Enterprise,TATA-INV-547487 PO_B12_002480,380061,9423,0,0,370638,INR,2026-08-14T01:15:00Z,BATCH-TATA-2480
PO_B12_002481,PayU Enterprise,PHNP-INV-511109 PO_B12_002481,280105,5666,0,0,274439,INR,2026-08-14T01:27:00Z,BATCH-PHNP-2481
PO_B12_002482,Stripe India,BKMS-INV-941340 PO_B12_002482,107853,2458,0,0,105395,INR,2026-08-14T18:38:00Z,BATCH-BKMS-2482
PO_B12_002483,Cashfree Escrow,BKMS-INV-648496 PO_B12_002483,159102,3291,0,0,155811,INR,2026-08-15T01:46:00Z,BATCH-BKMS-2483
PO_B12_002484,Razorpay Nodal,MMTR-INV-561280 PO_B12_002484,169152,3863,0,0,165289,INR,2026-08-14T13:47:00Z,BATCH-MMTR-2484
PO_B12_002485,BillDesk Settlement,BKMS-INV-656585 PO_B12_002485,223587,4463,0,0,219124,INR,2026-08-13T20:39:00Z,BATCH-BKMS-2485
PO_B12_002486,BillDesk Settlement,BKMS-ORD-274437 BKMS-ORD-149910 BATCH-BKMS-2486,227251,4545,0,0,222706,INR,2026-08-14T09:20:00Z,BATCH-BKMS-2486
PO_B12_002487,PayU Enterprise,BBAS-INV-973087 PO_B12_002487,253412,4125,0,0,249287,INR,2026-08-14T00:26:00Z,BATCH-BBAS-2487
PO_B12_002488,PayU Enterprise,AMZN-ORD-254712 AMZN-ORD-295367 BATCH-AMZN-2488,280102,5602,0,0,274500,INR,2026-08-14T13:42:00Z,BATCH-AMZN-2488
PO_B12_002489,PayU Enterprise,NYKA-ORD-490005 NYKA-ORD-346727 BATCH-NYKA-2489,286812,5736,0,0,281076,INR,2026-08-14T11:18:00Z,BATCH-NYKA-2489
PO_B12_002490,Stripe India,JIOO-INV-605978 PO_B12_002490,406809,9764,0,0,397045,INR,2026-08-14T19:40:00Z,BATCH-JIOO-2490
PO_B12_002491,Cashfree Escrow,PAYT-INV-923912 PO_B12_002491,354863,7791,0,0,347072,INR,2026-08-13T22:20:00Z,BATCH-PAYT-2491
PO_B12_002492,PayU Enterprise,BBAS-INV-361015 PO_B12_002492,417119,8034,0,0,409085,INR,2026-08-14T20:52:00Z,BATCH-BBAS-2492
PO_B12_002493,BillDesk Settlement,PAYT-INV-463603 PO_B12_002493,132320,3051,0,0,129269,INR,2026-08-13T22:46:00Z,BATCH-PAYT-2493
PO_B12_002494,PayU Enterprise,FLPK-INV-558881 PO_B12_002494,25904,455,0,0,25449,INR,2026-08-14T17:30:00Z,BATCH-FLPK-2494
PO_B12_002495,Stripe India,SWIG-EXC-482175-UNRESOLVED,279509,5580,0,0,273929,INR,2026-08-15T00:27:00Z,HOLD-ESCROW
PO_B12_002496,Stripe India,PHNP-INV-162957 PO_B12_002496,320049,4868,0,0,315181,INR,2026-08-14T02:06:00Z,BATCH-PHNP-2496
PO_B12_002497,Cashfree Escrow,SWIG-INV-186397 PO_B12_002497,27213,580,0,0,26633,INR,2026-08-14T11:19:00Z,BATCH-SWIG-2497
PO_B12_002498,BillDesk Settlement,OLAA-ORD-782135 OLAA-ORD-838944 BATCH-OLAA-2498,403710,8074,0,0,395636,INR,2026-08-14T09:43:00Z,BATCH-OLAA-2498
PO_B12_002499,Razorpay Nodal,SWIG-INV-257172 PO_B12_002499,348191,7786,0,0,340405,INR,2026-08-13T22:22:00Z,BATCH-SWIG-2499
PO_B12_002500,Stripe India,ZOMA-EXC-266924-UNRESOLVED,152795,3045,0,0,149750,INR,2026-08-14T11:38:00Z,HOLD-ESCROW
PO_B12_002501,Cashfree Escrow,PHNP-INV-950239 PO_B12_002501,210771,3756,0,0,207015,INR,2026-08-13T13:16:00Z,BATCH-PHNP-2501
PO_B12_002502,Stripe India,NYKA-INV-488461 PO_B12_002502,390862,7740,0,0,383122,INR,2026-08-13T19:43:00Z,BATCH-NYKA-2502
PO_B12_002503,PayU Enterprise,BKMS-INV-567609 PO_B12_002503,442165,6977,0,0,435188,INR,2026-08-14T10:04:00Z,BATCH-BKMS-2503
PO_B12_002504,PayU Enterprise,BBAS-INV-437784 PO_B12_002504,331843,8219,0,0,323624,INR,2026-08-14T02:43:00Z,BATCH-BBAS-2504
PO_B12_002505,PayU Enterprise,MMTR-INV-273801 PO_B12_002505,182616,3218,0,0,179398,INR,2026-08-14T16:31:00Z,BATCH-MMTR-2505
PO_B12_002506,BillDesk Settlement,BLNK-INV-505264 PO_B12_002506,242409,5334,0,0,237075,INR,2026-08-14T14:36:00Z,BATCH-BLNK-2506
PO_B12_002507,Razorpay Nodal,FLPK-INV-357200 PO_B12_002507,202882,3791,0,0,199091,INR,2026-08-14T02:00:00Z,BATCH-FLPK-2507
PO_B12_002508,PayU Enterprise,OLAA-INV-389427 PO_B12_002508,204622,3989,0,0,200633,INR,2026-08-14T12:05:00Z,BATCH-OLAA-2508
PO_B12_002509,Razorpay Nodal,BLNK-INV-127614 PO_B12_002509,350628,6563,0,0,344065,INR,2026-08-14T04:30:00Z,BATCH-BLNK-2509
PO_B12_002510,BillDesk Settlement,BLNK-INV-394333 PO_B12_002510,148123,2352,0,0,145771,INR,2026-08-13T22:12:00Z,BATCH-BLNK-2510
PO_B12_002511,Razorpay Nodal,BLNK-ORD-803677 BLNK-ORD-202496 BLNK-ORD-434437 BATCH-BLNK-2511,304920,6098,0,0,298822,INR,2026-08-14T02:14:00Z,BATCH-BLNK-2511
PO_B12_002512,Stripe India,BBAS-INV-534155 PO_B12_002512,326436,7641,0,0,318795,INR,2026-08-13T16:41:00Z,BATCH-BBAS-2512
PO_B12_002513,Cashfree Escrow,BLNK-INV-323181 PO_B12_002513,57857,965,0,0,56892,INR,2026-08-14T13:20:00Z,BATCH-BLNK-2513
PO_B12_002514,Razorpay Nodal,MMTR-INV-951698 PO_B12_002514,170764,3822,0,0,166942,INR,2026-08-14T09:12:00Z,BATCH-MMTR-2514
PO_B12_002515,PayU Enterprise,OLAA-EXC-496637-UNRESOLVED,78254,1555,0,0,76699,INR,2026-08-14T18:26:00Z,HOLD-ESCROW
PO_B12_002516,Stripe India,PAYT-INV-263625 PO_B12_002516,296336,6751,0,0,289585,INR,2026-08-13T22:05:00Z,BATCH-PAYT-2516
PO_B12_002517,Razorpay Nodal,UBER-INV-403140 PO_B12_002517,360443,8889,0,0,351554,INR,2026-08-14T13:46:00Z,BATCH-UBER-2517
PO_B12_002518,PayU Enterprise,JIOO-ORD-336597 JIOO-ORD-383970 BATCH-JIOO-2518,97660,1953,0,0,95707,INR,2026-08-14T05:03:00Z,BATCH-JIOO-2518
PO_B12_002519,PayU Enterprise,PHNP-INV-977272 PO_B12_002519,267934,4764,0,0,263170,INR,2026-08-14T08:11:00Z,BATCH-PHNP-2519
PO_B12_002520,Stripe India,TATA-INV-819301 PO_B12_002520,390854,9371,0,0,381483,INR,2026-08-13T20:06:00Z,BATCH-TATA-2520
PO_B12_002521,Stripe India,NYKA-INV-111318 PO_B12_002521,28709,709,0,0,28000,INR,2026-08-14T08:16:00Z,BATCH-NYKA-2521
PO_B12_002522,BillDesk Settlement,ZOMA-INV-916447 PO_B12_002522,223562,4680,0,0,218882,INR,2026-08-14T16:57:00Z,BATCH-ZOMA-2522
PO_B12_002523,Razorpay Nodal,UBER-ORD-619207 UBER-ORD-357430 UBER-ORD-237436 BATCH-UBER-2523,419841,8396,0,0,411445,INR,2026-08-13T22:11:00Z,BATCH-UBER-2523
PO_B12_002524,PayU Enterprise,SWIG-INV-972010 PO_B12_002524,87745,2140,0,0,85605,INR,2026-08-14T00:09:00Z,BATCH-SWIG-2524
PO_B12_002525,BillDesk Settlement,JIOO-INV-791732 PO_B12_002525,198239,4292,0,0,193947,INR,2026-08-14T17:42:00Z,BATCH-JIOO-2525
PO_B12_002526,Stripe India,MYNT-INV-348838 PO_B12_002526,95135,1815,0,0,93320,INR,2026-08-14T19:57:00Z,BATCH-MYNT-2526
PO_B12_002527,PayU Enterprise,TATA-INV-239773 PO_B12_002527,173562,2940,0,0,170622,INR,2026-08-14T21:30:00Z,BATCH-TATA-2527
PO_B12_002528,Razorpay Nodal,UBER-INV-479325 PO_B12_002528,103421,1869,0,0,101552,INR,2026-08-13T20:40:00Z,BATCH-UBER-2528
PO_B12_002529,Razorpay Nodal,BKMS-INV-845076 PO_B12_002529,104381,2231,0,0,102150,INR,2026-08-14T04:39:00Z,BATCH-BKMS-2529
PO_B12_002530,Stripe India,FLPK-INV-495659 PO_B12_002530,213242,4355,0,0,208887,INR,2026-08-14T16:19:00Z,BATCH-FLPK-2530
PO_B12_002531,Cashfree Escrow,BLNK-INV-198040 PO_B12_002531,348211,7415,0,0,340796,INR,2026-08-14T16:45:00Z,BATCH-BLNK-2531
PO_B12_002532,BillDesk Settlement,PHNP-ORD-218399 PHNP-ORD-571047 PHNP-ORD-218175 BATCH-PHNP-2532,420223,8404,0,0,411819,INR,2026-08-14T02:58:00Z,BATCH-PHNP-2532
PO_B12_002533,Cashfree Escrow,NYKA-INV-768173 PO_B12_002533,416633,6586,0,0,410047,INR,2026-08-14T09:56:00Z,BATCH-NYKA-2533
PO_B12_002534,Cashfree Escrow,TATA-ORD-825478 TATA-ORD-385751 TATA-ORD-779878 BATCH-TATA-2534,515607,10312,0,0,505295,INR,2026-08-14T05:42:00Z,BATCH-TATA-2534
PO_B12_002535,PayU Enterprise,SWIG-INV-779523 PO_B12_002535,88162,2116,0,0,86046,INR,2026-08-14T11:05:00Z,BATCH-SWIG-2535
PO_B12_002536,PayU Enterprise,MYNT-ORD-772786 MYNT-ORD-691983 MYNT-ORD-899491 BATCH-MYNT-2536,417394,8347,0,0,409047,INR,2026-08-14T20:26:00Z,BATCH-MYNT-2536
PO_B12_002537,BillDesk Settlement,JIOO-INV-534985 PO_B12_002537,144229,3058,0,0,141171,INR,2026-08-14T15:56:00Z,BATCH-JIOO-2537
PO_B12_002538,Stripe India,ZOMA-INV-292450 PO_B12_002538,278101,6018,0,0,272083,INR,2026-08-13T19:35:00Z,BATCH-ZOMA-2538
PO_B12_002539,Cashfree Escrow,PHNP-INV-803834 PO_B12_002539,88576,2001,0,0,86575,INR,2026-08-14T07:43:00Z,BATCH-PHNP-2539
PO_B12_002540,Stripe India,PHNP-INV-475922 PO_B12_002540,434298,7249,0,0,427049,INR,2026-08-14T14:58:00Z,BATCH-PHNP-2540
PO_B12_002541,BillDesk Settlement,BKMS-INV-871088 PO_B12_002541,331383,6434,0,0,324949,INR,2026-08-14T11:41:00Z,BATCH-BKMS-2541
PO_B12_002542,Stripe India,PAYT-ORD-216280 PAYT-ORD-731792 BATCH-PAYT-2542,247699,4953,0,0,242746,INR,2026-08-14T04:02:00Z,BATCH-PAYT-2542
PO_B12_002543,Cashfree Escrow,AMZN-ORD-567007 AMZN-ORD-916806 AMZN-ORD-482224 BATCH-AMZN-2543,340369,6807,0,0,333562,INR,2026-08-13T21:37:00Z,BATCH-AMZN-2543
PO_B12_002544,PayU Enterprise,MMTR-INV-765696 PO_B12_002544,351867,7074,0,0,344793,INR,2026-08-13T23:38:00Z,BATCH-MMTR-2544
PO_B12_002545,Stripe India,PAYT-EXC-726051-UNRESOLVED,118433,2358,0,0,116075,INR,2026-08-14T21:32:00Z,HOLD-ESCROW
PO_B12_002546,BillDesk Settlement,UBER-INV-422167 PO_B12_002546,74448,1658,0,0,72790,INR,2026-08-14T05:21:00Z,BATCH-UBER-2546
PO_B12_002547,BillDesk Settlement,MMTR-INV-836401 PO_B12_002547,76725,1587,0,0,75138,INR,2026-08-14T01:41:00Z,BATCH-MMTR-2547
PO_B12_002548,PayU Enterprise,BBAS-INV-363585 PO_B12_002548,74476,1549,0,0,72927,INR,2026-08-13T18:48:00Z,BATCH-BBAS-2548
PO_B12_002549,Stripe India,NYKA-INV-731546 PO_B12_002549,303213,6695,0,0,296518,INR,2026-08-14T10:27:00Z,BATCH-NYKA-2549
PO_B12_002550,BillDesk Settlement,BBAS-INV-631821 PO_B12_002550,346999,5992,0,0,341007,INR,2026-08-14T16:48:00Z,BATCH-BBAS-2550
PO_B12_002551,BillDesk Settlement,BLNK-INV-498105 PO_B12_002551,382136,6768,0,0,375368,INR,2026-08-14T23:37:00Z,BATCH-BLNK-2551
PO_B12_002552,Cashfree Escrow,MMTR-INV-973710 PO_B12_002552,62454,1214,0,0,61240,INR,2026-08-14T20:24:00Z,BATCH-MMTR-2552
PO_B12_002553,BillDesk Settlement,TATA-INV-653495 PO_B12_002553,393359,7003,0,0,386356,INR,2026-08-14T22:13:00Z,BATCH-TATA-2553
PO_B12_002554,Cashfree Escrow,MYNT-INV-970272 PO_B12_002554,144081,2560,0,0,141521,INR,2026-08-14T07:42:00Z,BATCH-MYNT-2554
PO_B12_002555,PayU Enterprise,JIOO-INV-414102 PO_B12_002555,281740,5438,0,0,276302,INR,2026-08-14T09:40:00Z,BATCH-JIOO-2555
PO_B12_002556,BillDesk Settlement,NYKA-INV-709427 PO_B12_002556,70807,1490,0,0,69317,INR,2026-08-14T17:01:00Z,BATCH-NYKA-2556
PO_B12_002557,Razorpay Nodal,TATA-ORD-307043 TATA-ORD-142830 BATCH-TATA-2557,181973,3639,0,0,178334,INR,2026-08-13T23:17:00Z,BATCH-TATA-2557
PO_B12_002558,PayU Enterprise,OLAA-INV-863462 PO_B12_002558,316965,5725,0,0,311240,INR,2026-08-13T21:00:00Z,BATCH-OLAA-2558
PO_B12_002559,PayU Enterprise,PAYT-ORD-585284 PAYT-ORD-758449 BATCH-PAYT-2559,206592,4131,0,0,202461,INR,2026-08-14T02:47:00Z,BATCH-PAYT-2559
PO_B12_002560,BillDesk Settlement,MYNT-INV-352399 PO_B12_002560,124555,1904,0,0,122651,INR,2026-08-13T20:24:00Z,BATCH-MYNT-2560
PO_B12_002561,Cashfree Escrow,MYNT-ORD-713008 MYNT-ORD-173472 MYNT-ORD-402109 BATCH-MYNT-2561,493840,9876,0,0,483964,INR,2026-08-14T09:32:00Z,BATCH-MYNT-2561
PO_B12_002562,BillDesk Settlement,FLPK-INV-174837 PO_B12_002562,407602,8544,0,0,399058,INR,2026-08-13T18:50:00Z,BATCH-FLPK-2562
PO_B12_002563,PayU Enterprise,JIOO-INV-469241 PO_B12_002563,145986,2666,0,0,143320,INR,2026-08-14T16:13:00Z,BATCH-JIOO-2563
PO_B12_002564,Razorpay Nodal,JIOO-ORD-896367 JIOO-ORD-444679 JIOO-ORD-243972 BATCH-JIOO-2564,403914,8078,0,0,395836,INR,2026-08-14T09:46:00Z,BATCH-JIOO-2564
PO_B12_002565,BillDesk Settlement,BLNK-INV-996733 PO_B12_002565,123700,2779,0,0,120921,INR,2026-08-14T20:30:00Z,BATCH-BLNK-2565
PO_B12_002566,Stripe India,BKMS-ORD-168443 BKMS-ORD-995217 BKMS-ORD-174525 BATCH-BKMS-2566,401384,8027,0,0,393357,INR,2026-08-14T05:06:00Z,BATCH-BKMS-2566
PO_B12_002567,Cashfree Escrow,FLPK-INV-928155 PO_B12_002567,56696,1219,0,0,55477,INR,2026-08-14T00:07:00Z,BATCH-FLPK-2567
PO_B12_002568,Cashfree Escrow,ZOMA-INV-533412 PO_B12_002568,277941,5479,0,0,272462,INR,2026-08-14T00:10:00Z,BATCH-ZOMA-2568
PO_B12_002569,PayU Enterprise,OLAA-INV-375504 PO_B12_002569,307395,4768,0,0,302627,INR,2026-08-13T19:21:00Z,BATCH-OLAA-2569
PO_B12_002570,Stripe India,MYNT-INV-561387 PO_B12_002570,169431,3625,0,0,165806,INR,2026-08-14T21:37:00Z,BATCH-MYNT-2570
PO_B12_002571,Cashfree Escrow,MMTR-INV-489333 PO_B12_002571,41568,767,0,0,40801,INR,2026-08-14T05:49:00Z,BATCH-MMTR-2571
PO_B12_002572,Cashfree Escrow,JIOO-INV-391645 PO_B12_002572,146043,3058,0,0,142985,INR,2026-08-14T16:39:00Z,BATCH-JIOO-2572
PO_B12_002573,Stripe India,PAYT-EXC-693907-UNRESOLVED,119170,2373,0,0,116797,INR,2026-08-15T00:27:00Z,HOLD-ESCROW
PO_B12_002574,Stripe India,OLAA-INV-394415 PO_B12_002574,370749,9182,0,0,361567,INR,2026-08-14T00:38:00Z,BATCH-OLAA-2574
PO_B12_002575,Stripe India,ZOMA-EXC-896552-UNRESOLVED,163532,3260,0,0,160272,INR,2026-08-14T19:33:00Z,HOLD-ESCROW
PO_B12_002576,Cashfree Escrow,BKMS-INV-594677 PO_B12_002576,394997,7739,0,0,387258,INR,2026-08-14T10:29:00Z,BATCH-BKMS-2576
PO_B12_002577,Cashfree Escrow,BLNK-INV-526589 PO_B12_002577,62705,1315,0,0,61390,INR,2026-08-14T04:10:00Z,BATCH-BLNK-2577
PO_B12_002578,Razorpay Nodal,ZOMA-INV-601941 PO_B12_002578,423060,9116,0,0,413944,INR,2026-08-14T17:05:00Z,BATCH-ZOMA-2578
PO_B12_002579,Cashfree Escrow,MYNT-INV-533405 PO_B12_002579,272442,6676,0,0,265766,INR,2026-08-14T15:57:00Z,BATCH-MYNT-2579
PO_B12_002580,PayU Enterprise,MMTR-INV-710988 PO_B12_002580,332164,5362,0,0,326802,INR,2026-08-14T15:33:00Z,BATCH-MMTR-2580
PO_B12_002581,Stripe India,BKMS-ORD-191848 BKMS-ORD-592256 BATCH-BKMS-2581,327072,6541,0,0,320531,INR,2026-08-14T00:31:00Z,BATCH-BKMS-2581
PO_B12_002582,PayU Enterprise,OLAA-INV-359873 PO_B12_002582,296419,5274,0,0,291145,INR,2026-08-14T04:28:00Z,BATCH-OLAA-2582
PO_B12_002583,Cashfree Escrow,NYKA-INV-146183 PO_B12_002583,409847,7963,0,0,401884,INR,2026-08-14T18:30:00Z,BATCH-NYKA-2583
PO_B12_002584,PayU Enterprise,TATA-INV-368584 PO_B12_002584,208775,4771,0,0,204004,INR,2026-08-14T08:23:00Z,BATCH-TATA-2584
PO_B12_002585,BillDesk Settlement,AMZN-INV-101069 PO_B12_002585,220686,4376,0,0,216310,INR,2026-08-14T11:34:00Z,BATCH-AMZN-2585
PO_B12_002586,Razorpay Nodal,NYKA-INV-822800 PO_B12_002586,162844,3575,0,0,159269,INR,2026-08-13T19:31:00Z,BATCH-NYKA-2586
PO_B12_002587,BillDesk Settlement,PAYT-ORD-654418 PAYT-ORD-125814 BATCH-PAYT-2587,153805,3076,0,0,150729,INR,2026-08-14T03:25:00Z,BATCH-PAYT-2587
PO_B12_002588,BillDesk Settlement,ZOMA-INV-202981 PO_B12_002588,36087,588,0,0,35499,INR,2026-08-14T09:54:00Z,BATCH-ZOMA-2588
PO_B12_002589,Cashfree Escrow,BLNK-INV-182693 PO_B12_002589,377675,7385,0,0,370290,INR,2026-08-14T14:13:00Z,BATCH-BLNK-2589
PO_B12_002590,Cashfree Escrow,SWIG-EXC-645809-UNRESOLVED,162911,3248,0,0,159663,INR,2026-08-14T13:00:00Z,HOLD-ESCROW
PO_B12_002591,PayU Enterprise,AMZN-INV-530664 PO_B12_002591,186570,4025,0,0,182545,INR,2026-08-13T21:52:00Z,BATCH-AMZN-2591
PO_B12_002592,PayU Enterprise,BLNK-INV-130594 PO_B12_002592,434299,6976,0,0,427323,INR,2026-08-14T16:12:00Z,BATCH-BLNK-2592
PO_B12_002593,BillDesk Settlement,MYNT-INV-703657 PO_B12_002593,54211,1026,0,0,53185,INR,2026-08-13T15:50:00Z,BATCH-MYNT-2593
PO_B12_002594,Stripe India,UBER-INV-644060 PO_B12_002594,427145,9088,0,0,418057,INR,2026-08-14T15:14:00Z,BATCH-UBER-2594
PO_B12_002595,Cashfree Escrow,ZOMA-INV-571163 PO_B12_002595,99499,2220,0,0,97279,INR,2026-08-14T14:31:00Z,BATCH-ZOMA-2595
PO_B12_002596,Cashfree Escrow,OLAA-INV-562705 PO_B12_002596,333190,7527,0,0,325663,INR,2026-08-14T03:56:00Z,BATCH-OLAA-2596
PO_B12_002597,Cashfree Escrow,JIOO-INV-851646 PO_B12_002597,85511,1882,0,0,83629,INR,2026-08-13T16:17:00Z,BATCH-JIOO-2597
PO_B12_002598,Razorpay Nodal,BLNK-INV-350603 PO_B12_002598,95888,2144,0,0,93744,INR,2026-08-14T16:16:00Z,BATCH-BLNK-2598
PO_B12_002599,BillDesk Settlement,AMZN-INV-897465 PO_B12_002599,42151,970,0,0,41181,INR,2026-08-14T06:10:00Z,BATCH-AMZN-2599
PO_B12_002600,Razorpay Nodal,MMTR-EXC-920795-UNRESOLVED,176745,3524,0,0,173221,INR,2026-08-15T02:19:00Z,HOLD-ESCROW
PO_B12_002601,Cashfree Escrow,BBAS-INV-476315 PO_B12_002601,409357,9680,0,0,399677,INR,2026-08-13T21:01:00Z,BATCH-BBAS-2601
PO_B12_002602,Razorpay Nodal,ZOMA-ORD-554477 ZOMA-ORD-847768 BATCH-ZOMA-2602,242537,4850,0,0,237687,INR,2026-08-14T19:09:00Z,BATCH-ZOMA-2602
PO_B12_002603,PayU Enterprise,MMTR-ORD-792391 MMTR-ORD-848251 MMTR-ORD-796119 BATCH-MMTR-2603,383077,7661,0,0,375416,INR,2026-08-14T01:48:00Z,BATCH-MMTR-2603
PO_B12_002604,Cashfree Escrow,BLNK-INV-537361 PO_B12_002604,384075,6423,0,0,377652,INR,2026-08-14T15:13:00Z,BATCH-BLNK-2604
PO_B12_002605,Razorpay Nodal,JIOO-INV-568066 PO_B12_002605,423625,7542,0,0,416083,INR,2026-08-13T15:02:00Z,BATCH-JIOO-2605
PO_B12_002606,Razorpay Nodal,NYKA-INV-348653 PO_B12_002606,61360,1190,0,0,60170,INR,2026-08-14T08:54:00Z,BATCH-NYKA-2606
PO_B12_002607,BillDesk Settlement,FLPK-INV-371616 PO_B12_002607,318535,7291,0,0,311244,INR,2026-08-13T21:08:00Z,BATCH-FLPK-2607
PO_B12_002608,Cashfree Escrow,PHNP-ORD-931538 PHNP-ORD-892369 BATCH-PHNP-2608,108058,2161,0,0,105897,INR,2026-08-14T08:37:00Z,BATCH-PHNP-2608
PO_B12_002609,BillDesk Settlement,BLNK-INV-714043 PO_B12_002609,273702,6678,0,0,267024,INR,2026-08-14T01:16:00Z,BATCH-BLNK-2609
PO_B12_002610,Stripe India,TATA-INV-413333 PO_B12_002610,138315,2621,0,0,135694,INR,2026-08-14T02:26:00Z,BATCH-TATA-2610
PO_B12_002611,Stripe India,BKMS-INV-529279 PO_B12_002611,180837,3547,0,0,177290,INR,2026-08-13T21:45:00Z,BATCH-BKMS-2611
PO_B12_002612,Cashfree Escrow,BLNK-INV-522546 PO_B12_002612,271205,6775,0,0,264430,INR,2026-08-14T12:35:00Z,BATCH-BLNK-2612
PO_B12_002613,Stripe India,MMTR-ORD-699526 MMTR-ORD-391802 BATCH-MMTR-2613,231482,4629,0,0,226853,INR,2026-08-14T10:02:00Z,BATCH-MMTR-2613
PO_B12_002614,Razorpay Nodal,ZOMA-INV-594612 PO_B12_002614,51217,1202,0,0,50015,INR,2026-08-14T01:25:00Z,BATCH-ZOMA-2614
PO_B12_002615,PayU Enterprise,BBAS-INV-125958 PO_B12_002615,85485,1401,0,0,84084,INR,2026-08-14T14:58:00Z,BATCH-BBAS-2615
PO_B12_002616,Razorpay Nodal,MMTR-ORD-473463 MMTR-ORD-164450 BATCH-MMTR-2616,373027,7460,0,0,365567,INR,2026-08-14T09:30:00Z,BATCH-MMTR-2616
PO_B12_002617,PayU Enterprise,UBER-INV-637064 PO_B12_002617,418786,9214,0,0,409572,INR,2026-08-13T18:36:00Z,BATCH-UBER-2617
PO_B12_002618,Razorpay Nodal,AMZN-INV-767718 PO_B12_002618,134233,3116,0,0,131117,INR,2026-08-14T01:51:00Z,BATCH-AMZN-2618
PO_B12_002619,PayU Enterprise,OLAA-ORD-590576 OLAA-ORD-938899 BATCH-OLAA-2619,91110,1822,0,0,89288,INR,2026-08-14T16:26:00Z,BATCH-OLAA-2619
PO_B12_002620,PayU Enterprise,PAYT-INV-691036 PO_B12_002620,444040,8025,0,0,436015,INR,2026-08-13T13:58:00Z,BATCH-PAYT-2620
PO_B12_002621,BillDesk Settlement,SWIG-ORD-914073 SWIG-ORD-999273 BATCH-SWIG-2621,130604,2612,0,0,127992,INR,2026-08-14T13:54:00Z,BATCH-SWIG-2621
PO_B12_002622,Cashfree Escrow,BBAS-INV-919986 PO_B12_002622,109475,2055,0,0,107420,INR,2026-08-14T05:47:00Z,BATCH-BBAS-2622
PO_B12_002623,BillDesk Settlement,SWIG-INV-353460 PO_B12_002623,250734,5897,0,0,244837,INR,2026-08-13T14:51:00Z,BATCH-SWIG-2623
PO_B12_002624,PayU Enterprise,PHNP-EXC-419084-UNRESOLVED,244215,4874,0,0,239341,INR,2026-08-14T11:00:00Z,HOLD-ESCROW
PO_B12_002625,Stripe India,AMZN-INV-779807 PO_B12_002625,39443,697,0,0,38746,INR,2026-08-14T19:15:00Z,BATCH-AMZN-2625
PO_B12_002626,Stripe India,ZOMA-ORD-108380 ZOMA-ORD-720320 BATCH-ZOMA-2626,265793,5315,0,0,260478,INR,2026-08-14T03:47:00Z,BATCH-ZOMA-2626
PO_B12_002627,BillDesk Settlement,MMTR-INV-718030 PO_B12_002627,312106,6398,0,0,305708,INR,2026-08-14T00:21:00Z,BATCH-MMTR-2627
PO_B12_002628,BillDesk Settlement,SWIG-ORD-425080 SWIG-ORD-741651 BATCH-SWIG-2628,139304,2786,0,0,136518,INR,2026-08-14T07:52:00Z,BATCH-SWIG-2628
PO_B12_002629,Stripe India,UBER-INV-843498 PO_B12_002629,49010,766,0,0,48244,INR,2026-08-14T03:36:00Z,BATCH-UBER-2629
PO_B12_002630,Cashfree Escrow,MYNT-ORD-873203 MYNT-ORD-765956 BATCH-MYNT-2630,185383,3707,0,0,181676,INR,2026-08-14T12:05:00Z,BATCH-MYNT-2630
PO_B12_002631,PayU Enterprise,BBAS-ORD-954295 BBAS-ORD-706541 BBAS-ORD-972590 BATCH-BBAS-2631,587792,11755,0,0,576037,INR,2026-08-13T22:23:00Z,BATCH-BBAS-2631
PO_B12_002632,BillDesk Settlement,UBER-INV-505574 PO_B12_002632,96737,1855,0,0,94882,INR,2026-08-14T11:50:00Z,BATCH-UBER-2632
PO_B12_002633,Razorpay Nodal,FLPK-INV-237713 PO_B12_002633,441403,10626,0,0,430777,INR,2026-08-13T18:52:00Z,BATCH-FLPK-2633
PO_B12_002634,BillDesk Settlement,BLNK-INV-584422 PO_B12_002634,103506,1625,0,0,101881,INR,2026-08-14T14:11:00Z,BATCH-BLNK-2634
PO_B12_002635,Cashfree Escrow,BLNK-INV-433176 PO_B12_002635,159493,3662,0,0,155831,INR,2026-08-14T09:00:00Z,BATCH-BLNK-2635
PO_B12_002636,Stripe India,BKMS-INV-766037 PO_B12_002636,51451,1119,0,0,50332,INR,2026-08-14T11:13:00Z,BATCH-BKMS-2636
PO_B12_002637,Stripe India,MYNT-INV-203665 PO_B12_002637,270439,6412,0,0,264027,INR,2026-08-14T07:48:00Z,BATCH-MYNT-2637
PO_B12_002638,PayU Enterprise,MYNT-INV-907693 PO_B12_002638,84704,1893,0,0,82811,INR,2026-08-14T13:19:00Z,BATCH-MYNT-2638
PO_B12_002639,BillDesk Settlement,FLPK-INV-447012 PO_B12_002639,386478,8339,0,0,378139,INR,2026-08-14T10:18:00Z,BATCH-FLPK-2639
PO_B12_002640,Cashfree Escrow,FLPK-INV-988416 PO_B12_002640,161770,3381,0,0,158389,INR,2026-08-14T05:24:00Z,BATCH-FLPK-2640
PO_B12_002641,Razorpay Nodal,AMZN-INV-824465 PO_B12_002641,75464,1686,0,0,73778,INR,2026-08-14T06:55:00Z,BATCH-AMZN-2641
PO_B12_002642,Cashfree Escrow,PHNP-INV-361931 PO_B12_002642,73418,1717,0,0,71701,INR,2026-08-14T14:21:00Z,BATCH-PHNP-2642
PO_B12_002643,PayU Enterprise,PAYT-ORD-120233 PAYT-ORD-581313 PAYT-ORD-989670 BATCH-PAYT-2643,575781,11515,0,0,564266,INR,2026-08-14T18:26:00Z,BATCH-PAYT-2643
PO_B12_002644,BillDesk Settlement,ZOMA-INV-997811 PO_B12_002644,402107,9079,0,0,393028,INR,2026-08-14T14:15:00Z,BATCH-ZOMA-2644
PO_B12_002645,PayU Enterprise,PHNP-INV-397253 PO_B12_002645,269173,6081,0,0,263092,INR,2026-08-14T21:07:00Z,BATCH-PHNP-2645
PO_B12_002646,Cashfree Escrow,ZOMA-ORD-430207 ZOMA-ORD-934063 BATCH-ZOMA-2646,315627,6312,0,0,309315,INR,2026-08-14T02:39:00Z,BATCH-ZOMA-2646
PO_B12_002647,Cashfree Escrow,BKMS-INV-697656 PO_B12_002647,437850,9102,0,0,428748,INR,2026-08-14T06:56:00Z,BATCH-BKMS-2647
PO_B12_002648,BillDesk Settlement,FLPK-ORD-968371 FLPK-ORD-988804 BATCH-FLPK-2648,220474,4409,0,0,216065,INR,2026-08-13T23:41:00Z,BATCH-FLPK-2648
PO_B12_002649,Stripe India,OLAA-ORD-926962 OLAA-ORD-891736 BATCH-OLAA-2649,333019,6660,0,0,326359,INR,2026-08-14T05:16:00Z,BATCH-OLAA-2649
PO_B12_002650,BillDesk Settlement,SWIG-ORD-749479 SWIG-ORD-466040 SWIG-ORD-848450 BATCH-SWIG-2650,526418,10528,0,0,515890,INR,2026-08-14T12:46:00Z,BATCH-SWIG-2650
PO_B12_002651,BillDesk Settlement,TATA-INV-781294 PO_B12_002651,37879,801,0,0,37078,INR,2026-08-14T02:59:00Z,BATCH-TATA-2651
PO_B12_002652,Stripe India,AMZN-ORD-259175 AMZN-ORD-758627 BATCH-AMZN-2652,271249,5424,0,0,265825,INR,2026-08-14T00:41:00Z,BATCH-AMZN-2652
PO_B12_002653,Stripe India,BKMS-INV-675915 PO_B12_002653,354298,6018,0,0,348280,INR,2026-08-14T17:07:00Z,BATCH-BKMS-2653
PO_B12_002654,BillDesk Settlement,MYNT-ORD-216149 MYNT-ORD-636303 BATCH-MYNT-2654,320552,6411,0,0,314141,INR,2026-08-13T22:07:00Z,BATCH-MYNT-2654
PO_B12_002655,Cashfree Escrow,FLPK-ORD-655120 FLPK-ORD-421639 BATCH-FLPK-2655,161567,3231,0,0,158336,INR,2026-08-14T16:45:00Z,BATCH-FLPK-2655
PO_B12_002656,BillDesk Settlement,MYNT-INV-572137 PO_B12_002656,328170,6128,0,0,322042,INR,2026-08-14T03:29:00Z,BATCH-MYNT-2656
PO_B12_002657,Stripe India,UBER-INV-364955 PO_B12_002657,128781,2086,0,0,126695,INR,2026-08-14T14:30:00Z,BATCH-UBER-2657
PO_B12_002658,Cashfree Escrow,BKMS-INV-536413 PO_B12_002658,174433,2889,0,0,171544,INR,2026-08-14T17:55:00Z,BATCH-BKMS-2658
PO_B12_002659,Razorpay Nodal,MYNT-INV-736177 PO_B12_002659,442582,9415,0,0,433167,INR,2026-08-14T00:04:00Z,BATCH-MYNT-2659
PO_B12_002660,PayU Enterprise,SWIG-INV-232564 PO_B12_002660,223981,4738,0,0,219243,INR,2026-08-14T04:11:00Z,BATCH-SWIG-2660
PO_B12_002661,PayU Enterprise,AMZN-INV-318877 PO_B12_002661,297312,4627,0,0,292685,INR,2026-08-14T01:28:00Z,BATCH-AMZN-2661
PO_B12_002662,Razorpay Nodal,PAYT-INV-927275 PO_B12_002662,119406,1908,0,0,117498,INR,2026-08-13T17:23:00Z,BATCH-PAYT-2662
PO_B12_002663,BillDesk Settlement,UBER-EXC-319411-UNRESOLVED,249825,4986,0,0,244839,INR,2026-08-14T23:07:00Z,HOLD-ESCROW
PO_B12_002664,PayU Enterprise,UBER-ORD-631302 UBER-ORD-417035 BATCH-UBER-2664,395653,7913,0,0,387740,INR,2026-08-14T01:08:00Z,BATCH-UBER-2664
PO_B12_002665,PayU Enterprise,OLAA-ORD-669021 OLAA-ORD-978184 BATCH-OLAA-2665,325381,6507,0,0,318874,INR,2026-08-14T20:30:00Z,BATCH-OLAA-2665
PO_B12_002666,BillDesk Settlement,SWIG-INV-443203 PO_B12_002666,66515,1053,0,0,65462,INR,2026-08-14T13:04:00Z,BATCH-SWIG-2666
PO_B12_002667,PayU Enterprise,MYNT-INV-569758 PO_B12_002667,223914,4828,0,0,219086,INR,2026-08-15T00:13:00Z,BATCH-MYNT-2667
PO_B12_002668,PayU Enterprise,ZOMA-INV-117531 PO_B12_002668,252639,4843,0,0,247796,INR,2026-08-14T08:44:00Z,BATCH-ZOMA-2668
PO_B12_002669,Stripe India,TATA-EXC-898254-UNRESOLVED,263112,5252,0,0,257860,INR,2026-08-15T03:06:00Z,HOLD-ESCROW
PO_B12_002670,Stripe India,BKMS-EXC-235516-UNRESOLVED,246612,4922,0,0,241690,INR,2026-08-14T20:38:00Z,HOLD-ESCROW
PO_B12_002671,Stripe India,SWIG-INV-298727 PO_B12_002671,357969,7188,0,0,350781,INR,2026-08-13T23:15:00Z,BATCH-SWIG-2671
PO_B12_002672,Cashfree Escrow,AMZN-ORD-934706 AMZN-ORD-134985 AMZN-ORD-256532 BATCH-AMZN-2672,532817,10656,0,0,522161,INR,2026-08-14T02:10:00Z,BATCH-AMZN-2672
PO_B12_002673,Stripe India,OLAA-ORD-672056 OLAA-ORD-234628 OLAA-ORD-109445 BATCH-OLAA-2673,358735,7174,0,0,351561,INR,2026-08-14T05:54:00Z,BATCH-OLAA-2673
PO_B12_002674,PayU Enterprise,BKMS-INV-118100 PO_B12_002674,97181,2316,0,0,94865,INR,2026-08-14T05:03:00Z,BATCH-BKMS-2674
PO_B12_002675,Razorpay Nodal,AMZN-ORD-966807 AMZN-ORD-325929 BATCH-AMZN-2675,336951,6739,0,0,330212,INR,2026-08-14T10:48:00Z,BATCH-AMZN-2675
PO_B12_002676,Cashfree Escrow,AMZN-INV-852071 PO_B12_002676,96712,2115,0,0,94597,INR,2026-08-13T23:51:00Z,BATCH-AMZN-2676
PO_B12_002677,Cashfree Escrow,JIOO-INV-848770 PO_B12_002677,90523,1957,0,0,88566,INR,2026-08-14T10:24:00Z,BATCH-JIOO-2677
PO_B12_002678,BillDesk Settlement,PAYT-INV-178705 PO_B12_002678,267616,6092,0,0,261524,INR,2026-08-14T05:14:00Z,BATCH-PAYT-2678
PO_B12_002679,BillDesk Settlement,FLPK-INV-234597 PO_B12_002679,263906,4363,0,0,259543,INR,2026-08-15T00:02:00Z,BATCH-FLPK-2679
PO_B12_002680,BillDesk Settlement,PHNP-INV-469186 PO_B12_002680,337807,5958,0,0,331849,INR,2026-08-14T05:51:00Z,BATCH-PHNP-2680
PO_B12_002681,Stripe India,AMZN-INV-408520 PO_B12_002681,409075,10072,0,0,399003,INR,2026-08-14T18:07:00Z,BATCH-AMZN-2681
PO_B12_002682,Razorpay Nodal,TATA-INV-708251 PO_B12_002682,185946,3388,0,0,182558,INR,2026-08-13T18:52:00Z,BATCH-TATA-2682
PO_B12_002683,Cashfree Escrow,MMTR-INV-794817 PO_B12_002683,362404,7258,0,0,355146,INR,2026-08-14T13:09:00Z,BATCH-MMTR-2683
PO_B12_002684,BillDesk Settlement,BLNK-INV-710254 PO_B12_002684,435705,7159,0,0,428546,INR,2026-08-14T15:35:00Z,BATCH-BLNK-2684
PO_B12_002685,PayU Enterprise,SWIG-EXC-256339-UNRESOLVED,279108,5572,0,0,273536,INR,2026-08-14T21:13:00Z,HOLD-ESCROW
PO_B12_002686,PayU Enterprise,BKMS-INV-512387 PO_B12_002686,433339,8033,0,0,425306,INR,2026-08-14T16:51:00Z,BATCH-BKMS-2686
PO_B12_002687,Razorpay Nodal,NYKA-INV-871621 PO_B12_002687,111329,2403,0,0,108926,INR,2026-08-14T18:39:00Z,BATCH-NYKA-2687
PO_B12_002688,Razorpay Nodal,BKMS-INV-421364 PO_B12_002688,135819,2414,0,0,133405,INR,2026-08-14T12:26:00Z,BATCH-BKMS-2688
PO_B12_002689,BillDesk Settlement,PHNP-INV-492574 PO_B12_002689,192999,3965,0,0,189034,INR,2026-08-14T02:57:00Z,BATCH-PHNP-2689
PO_B12_002690,BillDesk Settlement,FLPK-INV-483513 PO_B12_002690,408640,9957,0,0,398683,INR,2026-08-14T10:16:00Z,BATCH-FLPK-2690
PO_B12_002691,Cashfree Escrow,SWIG-INV-235546 PO_B12_002691,340657,6946,0,0,333711,INR,2026-08-14T12:40:00Z,BATCH-SWIG-2691
PO_B12_002692,Razorpay Nodal,MMTR-INV-583857 PO_B12_002692,377328,8987,0,0,368341,INR,2026-08-14T15:37:00Z,BATCH-MMTR-2692
PO_B12_002693,BillDesk Settlement,PAYT-ORD-256406 PAYT-ORD-661794 PAYT-ORD-603558 BATCH-PAYT-2693,383869,7677,0,0,376192,INR,2026-08-14T07:11:00Z,BATCH-PAYT-2693
PO_B12_002694,BillDesk Settlement,FLPK-INV-782585 PO_B12_002694,249446,4247,0,0,245199,INR,2026-08-14T12:45:00Z,BATCH-FLPK-2694
PO_B12_002695,Stripe India,ZOMA-INV-537047 PO_B12_002695,294187,4903,0,0,289284,INR,2026-08-14T03:02:00Z,BATCH-ZOMA-2695
PO_B12_002696,Stripe India,NYKA-EXC-321136-UNRESOLVED,174277,3475,0,0,170802,INR,2026-08-15T00:46:00Z,HOLD-ESCROW
PO_B12_002697,Razorpay Nodal,PAYT-INV-625413 PO_B12_002697,44357,763,0,0,43594,INR,2026-08-13T18:13:00Z,BATCH-PAYT-2697
PO_B12_002698,PayU Enterprise,MMTR-INV-520616 PO_B12_002698,436838,9738,0,0,427100,INR,2026-08-14T04:09:00Z,BATCH-MMTR-2698
PO_B12_002699,BillDesk Settlement,BLNK-ORD-261935 BLNK-ORD-268949 BLNK-ORD-210290 BATCH-BLNK-2699,419204,8384,0,0,410820,INR,2026-08-14T14:51:00Z,BATCH-BLNK-2699
PO_B12_002700,Razorpay Nodal,SWIG-INV-669693 PO_B12_002700,131110,2671,0,0,128439,INR,2026-08-14T22:44:00Z,BATCH-SWIG-2700
PO_B12_002701,Cashfree Escrow,OLAA-INV-317009 PO_B12_002701,254693,4419,0,0,250274,INR,2026-08-14T02:05:00Z,BATCH-OLAA-2701
PO_B12_002702,Stripe India,NYKA-INV-868572 PO_B12_002702,281611,5203,0,0,276408,INR,2026-08-14T17:26:00Z,BATCH-NYKA-2702
PO_B12_002703,BillDesk Settlement,NYKA-INV-265961 PO_B12_002703,100747,2037,0,0,98710,INR,2026-08-14T00:02:00Z,BATCH-NYKA-2703
PO_B12_002704,Cashfree Escrow,PHNP-INV-237392 PO_B12_002704,381097,7667,0,0,373430,INR,2026-08-14T04:25:00Z,BATCH-PHNP-2704
PO_B12_002705,Razorpay Nodal,BBAS-ORD-925421 BBAS-ORD-352609 BBAS-ORD-428137 BATCH-BBAS-2705,409633,8192,0,0,401441,INR,2026-08-14T18:44:00Z,BATCH-BBAS-2705
PO_B12_002706,BillDesk Settlement,FLPK-ORD-351136 FLPK-ORD-114233 BATCH-FLPK-2706,356582,7131,0,0,349451,INR,2026-08-14T10:29:00Z,BATCH-FLPK-2706
PO_B12_002707,Cashfree Escrow,NYKA-INV-983360 PO_B12_002707,223218,3627,0,0,219591,INR,2026-08-13T19:27:00Z,BATCH-NYKA-2707
PO_B12_002708,PayU Enterprise,MYNT-INV-259954 PO_B12_002708,413157,6534,0,0,406623,INR,2026-08-14T05:52:00Z,BATCH-MYNT-2708
PO_B12_002709,Cashfree Escrow,UBER-ORD-609382 UBER-ORD-493885 BATCH-UBER-2709,241911,4838,0,0,237073,INR,2026-08-13T22:58:00Z,BATCH-UBER-2709
PO_B12_002710,Stripe India,PAYT-INV-779223 PO_B12_002710,357747,7956,0,0,349791,INR,2026-08-14T13:45:00Z,BATCH-PAYT-2710
PO_B12_002711,Stripe India,PAYT-INV-936553 PO_B12_002711,30494,621,0,0,29873,INR,2026-08-14T13:48:00Z,BATCH-PAYT-2711
PO_B12_002712,PayU Enterprise,MMTR-INV-359006 PO_B12_002712,392705,6796,0,0,385909,INR,2026-08-13T19:06:00Z,BATCH-MMTR-2712
PO_B12_002713,Razorpay Nodal,NYKA-INV-530574 PO_B12_002713,443913,7598,0,0,436315,INR,2026-08-14T04:34:00Z,BATCH-NYKA-2713
PO_B12_002714,Cashfree Escrow,MMTR-INV-889300 PO_B12_002714,205423,3917,0,0,201506,INR,2026-08-14T19:33:00Z,BATCH-MMTR-2714
PO_B12_002715,Razorpay Nodal,MYNT-INV-947969 PO_B12_002715,391305,8635,0,0,382670,INR,2026-08-13T21:50:00Z,BATCH-MYNT-2715
PO_B12_002716,Stripe India,MMTR-ORD-923819 MMTR-ORD-717713 MMTR-ORD-279080 BATCH-MMTR-2716,278829,5576,0,0,273253,INR,2026-08-14T06:55:00Z,BATCH-MMTR-2716
PO_B12_002717,PayU Enterprise,JIOO-ORD-921485 JIOO-ORD-835652 JIOO-ORD-455808 BATCH-JIOO-2717,276214,5524,0,0,270690,INR,2026-08-13T23:29:00Z,BATCH-JIOO-2717
PO_B12_002718,BillDesk Settlement,NYKA-INV-787407 PO_B12_002718,287166,5037,0,0,282129,INR,2026-08-13T16:21:00Z,BATCH-NYKA-2718
PO_B12_002719,Cashfree Escrow,ZOMA-INV-225827 PO_B12_002719,71221,1197,0,0,70024,INR,2026-08-13T23:00:00Z,BATCH-ZOMA-2719
PO_B12_002720,PayU Enterprise,FLPK-INV-644458 PO_B12_002720,37053,751,0,0,36302,INR,2026-08-14T06:28:00Z,BATCH-FLPK-2720
PO_B12_002721,Cashfree Escrow,MMTR-INV-312686 PO_B12_002721,241827,4592,0,0,237235,INR,2026-08-14T08:56:00Z,BATCH-MMTR-2721
PO_B12_002722,Stripe India,FLPK-ORD-999270 FLPK-ORD-852707 BATCH-FLPK-2722,386965,7739,0,0,379226,INR,2026-08-14T14:41:00Z,BATCH-FLPK-2722
PO_B12_002723,PayU Enterprise,UBER-INV-773144 PO_B12_002723,42416,725,0,0,41691,INR,2026-08-14T23:19:00Z,BATCH-UBER-2723
PO_B12_002724,Razorpay Nodal,BKMS-ORD-756504 BKMS-ORD-261029 BATCH-BKMS-2724,173095,3461,0,0,169634,INR,2026-08-14T02:23:00Z,BATCH-BKMS-2724
PO_B12_002725,BillDesk Settlement,SWIG-INV-345567 PO_B12_002725,442098,7003,0,0,435095,INR,2026-08-14T06:23:00Z,BATCH-SWIG-2725
PO_B12_002726,Razorpay Nodal,BKMS-INV-395922 PO_B12_002726,168263,3046,0,0,165217,INR,2026-08-14T14:40:00Z,BATCH-BKMS-2726
PO_B12_002727,Stripe India,AMZN-INV-798569 PO_B12_002727,335316,6552,0,0,328764,INR,2026-08-13T20:37:00Z,BATCH-AMZN-2727
PO_B12_002728,Cashfree Escrow,NYKA-ORD-954500 NYKA-ORD-805520 NYKA-ORD-723484 BATCH-NYKA-2728,272633,5452,0,0,267181,INR,2026-08-14T05:00:00Z,BATCH-NYKA-2728
PO_B12_002729,Stripe India,ZOMA-INV-672046 PO_B12_002729,437824,8230,0,0,429594,INR,2026-08-14T06:32:00Z,BATCH-ZOMA-2729
PO_B12_002730,Razorpay Nodal,JIOO-ORD-684607 JIOO-ORD-360167 JIOO-ORD-945675 BATCH-JIOO-2730,401047,8020,0,0,393027,INR,2026-08-14T03:15:00Z,BATCH-JIOO-2730
PO_B12_002731,Razorpay Nodal,PHNP-INV-214624 PO_B12_002731,264186,5507,0,0,258679,INR,2026-08-14T08:55:00Z,BATCH-PHNP-2731
PO_B12_002732,Razorpay Nodal,ZOMA-INV-266519 PO_B12_002732,193036,4812,0,0,188224,INR,2026-08-14T10:20:00Z,BATCH-ZOMA-2732
PO_B12_002733,Stripe India,TATA-INV-688520 PO_B12_002733,175965,4158,0,0,171807,INR,2026-08-14T03:55:00Z,BATCH-TATA-2733
PO_B12_002734,Cashfree Escrow,BLNK-INV-860122 PO_B12_002734,351597,7887,0,0,343710,INR,2026-08-14T17:22:00Z,BATCH-BLNK-2734
PO_B12_002735,PayU Enterprise,PAYT-INV-975898 PO_B12_002735,306754,5047,0,0,301707,INR,2026-08-14T21:05:00Z,BATCH-PAYT-2735
PO_B12_002736,Cashfree Escrow,BKMS-ORD-730531 BKMS-ORD-329371 BKMS-ORD-586988 BATCH-BKMS-2736,455894,9117,0,0,446777,INR,2026-08-14T06:44:00Z,BATCH-BKMS-2736
PO_B12_002737,Stripe India,BBAS-INV-534059 PO_B12_002737,114769,2480,0,0,112289,INR,2026-08-14T12:33:00Z,BATCH-BBAS-2737
PO_B12_002738,PayU Enterprise,MMTR-INV-937743 PO_B12_002738,69817,1191,0,0,68626,INR,2026-08-13T22:28:00Z,BATCH-MMTR-2738
PO_B12_002739,BillDesk Settlement,PHNP-ORD-830719 PHNP-ORD-184558 PHNP-ORD-708883 BATCH-PHNP-2739,686998,13739,0,0,673259,INR,2026-08-14T16:43:00Z,BATCH-PHNP-2739
PO_B12_002740,Razorpay Nodal,BLNK-INV-221680 PO_B12_002740,239813,4343,0,0,235470,INR,2026-08-14T13:43:00Z,BATCH-BLNK-2740
PO_B12_002741,BillDesk Settlement,BBAS-INV-273704 PO_B12_002741,306734,6533,0,0,300201,INR,2026-08-14T15:34:00Z,BATCH-BBAS-2741
PO_B12_002742,BillDesk Settlement,OLAA-INV-214682 PO_B12_002742,202854,4100,0,0,198754,INR,2026-08-14T06:39:00Z,BATCH-OLAA-2742
PO_B12_002743,Stripe India,MMTR-INV-666338 PO_B12_002743,426523,7025,0,0,419498,INR,2026-08-14T13:15:00Z,BATCH-MMTR-2743
PO_B12_002744,PayU Enterprise,MMTR-INV-766801 PO_B12_002744,240873,4527,0,0,236346,INR,2026-08-14T14:08:00Z,BATCH-MMTR-2744
PO_B12_002745,Stripe India,PHNP-INV-108843 PO_B12_002745,158053,3147,0,0,154906,INR,2026-08-14T15:12:00Z,BATCH-PHNP-2745
PO_B12_002746,Razorpay Nodal,BLNK-INV-572408 PO_B12_002746,178985,3707,0,0,175278,INR,2026-08-14T06:31:00Z,BATCH-BLNK-2746
PO_B12_002747,Cashfree Escrow,FLPK-ORD-217020 FLPK-ORD-766183 BATCH-FLPK-2747,177208,3544,0,0,173664,INR,2026-08-14T13:17:00Z,BATCH-FLPK-2747
PO_B12_002748,BillDesk Settlement,ZOMA-INV-776007 PO_B12_002748,266697,4294,0,0,262403,INR,2026-08-14T18:09:00Z,BATCH-ZOMA-2748
PO_B12_002749,Cashfree Escrow,PHNP-INV-950289 PO_B12_002749,120182,2257,0,0,117925,INR,2026-08-13T22:40:00Z,BATCH-PHNP-2749
PO_B12_002750,PayU Enterprise,BLNK-EXC-798301-UNRESOLVED,75207,1494,0,0,73713,INR,2026-08-14T13:55:00Z,HOLD-ESCROW
PO_B12_002751,Cashfree Escrow,MMTR-INV-473022 PO_B12_002751,292978,5479,0,0,287499,INR,2026-08-14T17:27:00Z,BATCH-MMTR-2751
PO_B12_002752,Razorpay Nodal,TATA-ORD-887632 TATA-ORD-571453 BATCH-TATA-2752,448683,8973,0,0,439710,INR,2026-08-14T04:35:00Z,BATCH-TATA-2752
PO_B12_002753,BillDesk Settlement,MMTR-INV-729983 PO_B12_002753,212656,3817,0,0,208839,INR,2026-08-14T03:19:00Z,BATCH-MMTR-2753
PO_B12_002754,BillDesk Settlement,OLAA-INV-604259 PO_B12_002754,277750,5120,0,0,272630,INR,2026-08-14T16:36:00Z,BATCH-OLAA-2754
PO_B12_002755,BillDesk Settlement,ZOMA-INV-518960 PO_B12_002755,406861,6916,0,0,399945,INR,2026-08-13T23:02:00Z,BATCH-ZOMA-2755
PO_B12_002756,PayU Enterprise,JIOO-ORD-814917 JIOO-ORD-782832 JIOO-ORD-273520 BATCH-JIOO-2756,464183,9283,0,0,454900,INR,2026-08-14T17:20:00Z,BATCH-JIOO-2756
PO_B12_002757,Stripe India,PHNP-INV-694109 PO_B12_002757,404957,8200,0,0,396757,INR,2026-08-14T10:17:00Z,BATCH-PHNP-2757
PO_B12_002758,BillDesk Settlement,NYKA-INV-485313 PO_B12_002758,49614,1217,0,0,48397,INR,2026-08-14T03:17:00Z,BATCH-NYKA-2758
PO_B12_002759,Stripe India,JIOO-INV-501931 PO_B12_002759,219864,4420,0,0,215444,INR,2026-08-14T23:38:00Z,BATCH-JIOO-2759
PO_B12_002760,PayU Enterprise,UBER-ORD-325149 UBER-ORD-296566 UBER-ORD-890785 BATCH-UBER-2760,422280,8445,0,0,413835,INR,2026-08-14T18:01:00Z,BATCH-UBER-2760
PO_B12_002761,BillDesk Settlement,BLNK-INV-379023 PO_B12_002761,119841,2933,0,0,116908,INR,2026-08-13T16:52:00Z,BATCH-BLNK-2761
PO_B12_002762,PayU Enterprise,BLNK-ORD-574162 BLNK-ORD-883397 BATCH-BLNK-2762,430037,8600,0,0,421437,INR,2026-08-14T05:49:00Z,BATCH-BLNK-2762
PO_B12_002763,PayU Enterprise,OLAA-INV-397200 PO_B12_002763,128384,2262,0,0,126122,INR,2026-08-14T20:11:00Z,BATCH-OLAA-2763
PO_B12_002764,Razorpay Nodal,UBER-INV-839716 PO_B12_002764,235762,5796,0,0,229966,INR,2026-08-13T19:34:00Z,BATCH-UBER-2764
PO_B12_002765,BillDesk Settlement,AMZN-ORD-462248 AMZN-ORD-331706 AMZN-ORD-879941 BATCH-AMZN-2765,441190,8823,0,0,432367,INR,2026-08-14T06:45:00Z,BATCH-AMZN-2765
PO_B12_002766,Stripe India,UBER-INV-855578 PO_B12_002766,56516,1150,0,0,55366,INR,2026-08-13T23:51:00Z,BATCH-UBER-2766
PO_B12_002767,Razorpay Nodal,PAYT-ORD-551734 PAYT-ORD-805727 BATCH-PAYT-2767,199910,3998,0,0,195912,INR,2026-08-14T17:00:00Z,BATCH-PAYT-2767
PO_B12_002768,Razorpay Nodal,BLNK-INV-134145 PO_B12_002768,384031,7381,0,0,376650,INR,2026-08-14T17:37:00Z,BATCH-BLNK-2768
PO_B12_002769,Cashfree Escrow,MMTR-INV-750129 PO_B12_002769,44487,1050,0,0,43437,INR,2026-08-14T11:42:00Z,BATCH-MMTR-2769
PO_B12_002770,BillDesk Settlement,NYKA-ORD-227423 NYKA-ORD-203188 NYKA-ORD-884560 BATCH-NYKA-2770,199658,3993,0,0,195665,INR,2026-08-14T10:33:00Z,BATCH-NYKA-2770
PO_B12_002771,PayU Enterprise,TATA-INV-728126 PO_B12_002771,133365,2960,0,0,130405,INR,2026-08-14T03:48:00Z,BATCH-TATA-2771
PO_B12_002772,Razorpay Nodal,BBAS-INV-916891 PO_B12_002772,244048,4169,0,0,239879,INR,2026-08-14T17:50:00Z,BATCH-BBAS-2772
PO_B12_002773,Razorpay Nodal,OLAA-INV-983437 PO_B12_002773,335670,5627,0,0,330043,INR,2026-08-15T01:13:00Z,BATCH-OLAA-2773
PO_B12_002774,Stripe India,PAYT-INV-967313 PO_B12_002774,127622,2314,0,0,125308,INR,2026-08-14T21:50:00Z,BATCH-PAYT-2774
PO_B12_002775,Stripe India,BBAS-INV-250973 PO_B12_002775,158930,2930,0,0,156000,INR,2026-08-14T05:45:00Z,BATCH-BBAS-2775
PO_B12_002776,BillDesk Settlement,MMTR-INV-550907 PO_B12_002776,141673,2420,0,0,139253,INR,2026-08-13T17:53:00Z,BATCH-MMTR-2776
PO_B12_002777,PayU Enterprise,MYNT-INV-586107 PO_B12_002777,105374,2601,0,0,102773,INR,2026-08-14T06:38:00Z,BATCH-MYNT-2777
PO_B12_002778,BillDesk Settlement,PAYT-ORD-382166 PAYT-ORD-292270 BATCH-PAYT-2778,271377,5427,0,0,265950,INR,2026-08-14T11:19:00Z,BATCH-PAYT-2778
PO_B12_002779,Cashfree Escrow,JIOO-INV-194364 PO_B12_002779,84056,1415,0,0,82641,INR,2026-08-14T05:15:00Z,BATCH-JIOO-2779
PO_B12_002780,PayU Enterprise,BLNK-INV-342204 PO_B12_002780,74474,1616,0,0,72858,INR,2026-08-14T16:57:00Z,BATCH-BLNK-2780
PO_B12_002781,Cashfree Escrow,SWIG-EXC-995991-UNRESOLVED,151480,3019,0,0,148461,INR,2026-08-14T11:32:00Z,HOLD-ESCROW
PO_B12_002782,BillDesk Settlement,BBAS-INV-512666 PO_B12_002782,148858,2462,0,0,146396,INR,2026-08-14T03:51:00Z,BATCH-BBAS-2782
PO_B12_002783,Stripe India,AMZN-INV-444886 PO_B12_002783,253442,5266,0,0,248176,INR,2026-08-14T12:15:00Z,BATCH-AMZN-2783
PO_B12_002784,PayU Enterprise,BLNK-EXC-235706-UNRESOLVED,228121,4552,0,0,223569,INR,2026-08-14T11:59:00Z,HOLD-ESCROW
PO_B12_002785,BillDesk Settlement,BLNK-INV-627508 PO_B12_002785,335144,5315,0,0,329829,INR,2026-08-13T21:20:00Z,BATCH-BLNK-2785
PO_B12_002786,Cashfree Escrow,BLNK-INV-619907 PO_B12_002786,54978,871,0,0,54107,INR,2026-08-14T07:16:00Z,BATCH-BLNK-2786
PO_B12_002787,PayU Enterprise,BBAS-INV-706554 PO_B12_002787,375775,6811,0,0,368964,INR,2026-08-13T13:20:00Z,BATCH-BBAS-2787
PO_B12_002788,BillDesk Settlement,PHNP-ORD-416838 PHNP-ORD-437932 PHNP-ORD-131668 BATCH-PHNP-2788,440292,8805,0,0,431487,INR,2026-08-14T20:33:00Z,BATCH-PHNP-2788
PO_B12_002789,PayU Enterprise,OLAA-INV-591201 PO_B12_002789,220569,3791,0,0,216778,INR,2026-08-14T11:04:00Z,BATCH-OLAA-2789
PO_B12_002790,PayU Enterprise,NYKA-INV-552760 PO_B12_002790,169238,3050,0,0,166188,INR,2026-08-14T16:55:00Z,BATCH-NYKA-2790
PO_B12_002791,Stripe India,MMTR-INV-466617 PO_B12_002791,285840,6349,0,0,279491,INR,2026-08-14T03:04:00Z,BATCH-MMTR-2791
PO_B12_002792,Cashfree Escrow,MYNT-INV-488233 PO_B12_002792,337859,7107,0,0,330752,INR,2026-08-13T23:45:00Z,BATCH-MYNT-2792
PO_B12_002793,BillDesk Settlement,FLPK-INV-318042 PO_B12_002793,331311,7500,0,0,323811,INR,2026-08-14T10:56:00Z,BATCH-FLPK-2793
PO_B12_002794,Razorpay Nodal,MMTR-INV-243121 PO_B12_002794,361812,5467,0,0,356345,INR,2026-08-14T15:01:00Z,BATCH-MMTR-2794
PO_B12_002795,BillDesk Settlement,BLNK-INV-311286 PO_B12_002795,244892,4932,0,0,239960,INR,2026-08-13T21:53:00Z,BATCH-BLNK-2795
PO_B12_002796,Razorpay Nodal,JIOO-INV-654273 PO_B12_002796,202117,3300,0,0,198817,INR,2026-08-13T19:30:00Z,BATCH-JIOO-2796
PO_B12_002797,Razorpay Nodal,BKMS-INV-225316 PO_B12_002797,26313,599,0,0,25714,INR,2026-08-13T18:59:00Z,BATCH-BKMS-2797
PO_B12_002798,Cashfree Escrow,BLNK-INV-320838 PO_B12_002798,166059,2996,0,0,163063,INR,2026-08-14T22:45:00Z,BATCH-BLNK-2798
PO_B12_002799,BillDesk Settlement,ZOMA-INV-594503 PO_B12_002799,67709,1168,0,0,66541,INR,2026-08-14T02:36:00Z,BATCH-ZOMA-2799
PO_B12_002800,Stripe India,SWIG-INV-481267 PO_B12_002800,107953,1852,0,0,106101,INR,2026-08-14T02:40:00Z,BATCH-SWIG-2800
PO_B12_002801,Cashfree Escrow,AMZN-ORD-830375 AMZN-ORD-115317 BATCH-AMZN-2801,368275,7365,0,0,360910,INR,2026-08-14T14:31:00Z,BATCH-AMZN-2801
PO_B12_002802,Razorpay Nodal,MMTR-ORD-991435 MMTR-ORD-170023 MMTR-ORD-735773 BATCH-MMTR-2802,550109,11002,0,0,539107,INR,2026-08-14T08:31:00Z,BATCH-MMTR-2802
PO_B12_002803,PayU Enterprise,ZOMA-ORD-146488 ZOMA-ORD-275259 BATCH-ZOMA-2803,220704,4414,0,0,216290,INR,2026-08-14T08:17:00Z,BATCH-ZOMA-2803
PO_B12_002804,PayU Enterprise,AMZN-ORD-850871 AMZN-ORD-638760 BATCH-AMZN-2804,249194,4983,0,0,244211,INR,2026-08-14T12:26:00Z,BATCH-AMZN-2804
PO_B12_002805,Cashfree Escrow,MMTR-INV-496997 PO_B12_002805,326218,5894,0,0,320324,INR,2026-08-14T13:00:00Z,BATCH-MMTR-2805
PO_B12_002806,PayU Enterprise,PAYT-INV-498833 PO_B12_002806,385483,8592,0,0,376891,INR,2026-08-13T16:14:00Z,BATCH-PAYT-2806
PO_B12_002807,BillDesk Settlement,TATA-INV-457261 PO_B12_002807,317422,6426,0,0,310996,INR,2026-08-14T09:11:00Z,BATCH-TATA-2807
PO_B12_002808,Razorpay Nodal,MYNT-INV-261315 PO_B12_002808,295980,6998,0,0,288982,INR,2026-08-14T11:05:00Z,BATCH-MYNT-2808
PO_B12_002809,Razorpay Nodal,BBAS-ORD-678193 BBAS-ORD-633998 BATCH-BBAS-2809,488414,9768,0,0,478646,INR,2026-08-14T08:52:00Z,BATCH-BBAS-2809
PO_B12_002810,Razorpay Nodal,AMZN-ORD-253128 AMZN-ORD-618564 AMZN-ORD-339862 BATCH-AMZN-2810,318431,6368,0,0,312063,INR,2026-08-14T19:49:00Z,BATCH-AMZN-2810
PO_B12_002811,Cashfree Escrow,JIOO-INV-603949 PO_B12_002811,298951,6257,0,0,292694,INR,2026-08-14T04:42:00Z,BATCH-JIOO-2811
PO_B12_002812,Razorpay Nodal,NYKA-INV-517274 PO_B12_002812,180198,2929,0,0,177269,INR,2026-08-14T11:40:00Z,BATCH-NYKA-2812
PO_B12_002813,Cashfree Escrow,BBAS-INV-625320 PO_B12_002813,409228,7266,0,0,401962,INR,2026-08-14T18:33:00Z,BATCH-BBAS-2813
PO_B12_002814,PayU Enterprise,ZOMA-INV-260260 PO_B12_002814,346762,6432,0,0,340330,INR,2026-08-14T18:02:00Z,BATCH-ZOMA-2814
PO_B12_002815,PayU Enterprise,BKMS-INV-357764 PO_B12_002815,326006,7511,0,0,318495,INR,2026-08-14T19:44:00Z,BATCH-BKMS-2815
PO_B12_002816,Stripe India,SWIG-ORD-525337 SWIG-ORD-419423 SWIG-ORD-823310 BATCH-SWIG-2816,427587,8551,0,0,419036,INR,2026-08-13T21:16:00Z,BATCH-SWIG-2816
PO_B12_002817,Razorpay Nodal,BLNK-ORD-841595 BLNK-ORD-416190 BATCH-BLNK-2817,410591,8211,0,0,402380,INR,2026-08-14T16:17:00Z,BATCH-BLNK-2817
PO_B12_002818,BillDesk Settlement,AMZN-INV-693575 PO_B12_002818,63830,1586,0,0,62244,INR,2026-08-14T03:34:00Z,BATCH-AMZN-2818
PO_B12_002819,PayU Enterprise,TATA-INV-202869 PO_B12_002819,114371,2292,0,0,112079,INR,2026-08-14T07:57:00Z,BATCH-TATA-2819
PO_B12_002820,Stripe India,BBAS-INV-461098 PO_B12_002820,94367,2194,0,0,92173,INR,2026-08-14T01:59:00Z,BATCH-BBAS-2820
PO_B12_002821,Razorpay Nodal,SWIG-INV-535234 PO_B12_002821,357987,7066,0,0,350921,INR,2026-08-13T21:49:00Z,BATCH-SWIG-2821
PO_B12_002822,Stripe India,AMZN-INV-126471 PO_B12_002822,248511,5547,0,0,242964,INR,2026-08-14T11:43:00Z,BATCH-AMZN-2822
PO_B12_002823,Cashfree Escrow,OLAA-INV-541411 PO_B12_002823,148110,3700,0,0,144410,INR,2026-08-14T10:48:00Z,BATCH-OLAA-2823
PO_B12_002824,PayU Enterprise,MYNT-ORD-531654 MYNT-ORD-598470 BATCH-MYNT-2824,68857,1377,0,0,67480,INR,2026-08-14T14:52:00Z,BATCH-MYNT-2824
PO_B12_002825,Razorpay Nodal,UBER-INV-952547 PO_B12_002825,209937,3608,0,0,206329,INR,2026-08-14T21:49:00Z,BATCH-UBER-2825
PO_B12_002826,PayU Enterprise,BKMS-ORD-862551 BKMS-ORD-466901 BATCH-BKMS-2826,311473,6229,0,0,305244,INR,2026-08-13T21:13:00Z,BATCH-BKMS-2826
PO_B12_002827,Cashfree Escrow,MMTR-ORD-283081 MMTR-ORD-915309 BATCH-MMTR-2827,343903,6878,0,0,337025,INR,2026-08-14T17:46:00Z,BATCH-MMTR-2827
PO_B12_002828,Stripe India,MYNT-INV-869554 PO_B12_002828,401480,9793,0,0,391687,INR,2026-08-14T11:50:00Z,BATCH-MYNT-2828
PO_B12_002829,PayU Enterprise,UBER-INV-829351 PO_B12_002829,253856,4035,0,0,249821,INR,2026-08-14T01:12:00Z,BATCH-UBER-2829
PO_B12_002830,Cashfree Escrow,PHNP-INV-162668 PO_B12_002830,421815,6509,0,0,415306,INR,2026-08-14T02:53:00Z,BATCH-PHNP-2830
PO_B12_002831,Stripe India,MYNT-ORD-297855 MYNT-ORD-453404 BATCH-MYNT-2831,237662,4753,0,0,232909,INR,2026-08-14T20:53:00Z,BATCH-MYNT-2831
PO_B12_002832,Razorpay Nodal,TATA-EXC-955561-UNRESOLVED,218983,4369,0,0,214614,INR,2026-08-14T10:22:00Z,HOLD-ESCROW
PO_B12_002833,Razorpay Nodal,MYNT-INV-779730 PO_B12_002833,182518,3907,0,0,178611,INR,2026-08-14T04:28:00Z,BATCH-MYNT-2833
PO_B12_002834,PayU Enterprise,TATA-INV-587543 PO_B12_002834,342870,8527,0,0,334343,INR,2026-08-14T01:28:00Z,BATCH-TATA-2834
PO_B12_002835,BillDesk Settlement,MMTR-INV-665905 PO_B12_002835,89978,2037,0,0,87941,INR,2026-08-14T19:22:00Z,BATCH-MMTR-2835
PO_B12_002836,PayU Enterprise,AMZN-INV-328960 PO_B12_002836,439500,10225,0,0,429275,INR,2026-08-14T16:51:00Z,BATCH-AMZN-2836
PO_B12_002837,PayU Enterprise,BLNK-ORD-764727 BLNK-ORD-304824 BLNK-ORD-590548 BATCH-BLNK-2837,367806,7356,0,0,360450,INR,2026-08-14T19:07:00Z,BATCH-BLNK-2837
PO_B12_002838,Cashfree Escrow,JIOO-INV-488671 PO_B12_002838,30013,734,0,0,29279,INR,2026-08-14T13:06:00Z,BATCH-JIOO-2838
PO_B12_002839,Stripe India,ZOMA-INV-245077 PO_B12_002839,295345,6094,0,0,289251,INR,2026-08-13T18:51:00Z,BATCH-ZOMA-2839
PO_B12_002840,BillDesk Settlement,BKMS-ORD-764688 BKMS-ORD-837744 BATCH-BKMS-2840,172263,3445,0,0,168818,INR,2026-08-14T12:44:00Z,BATCH-BKMS-2840
PO_B12_002841,BillDesk Settlement,BLNK-ORD-324425 BLNK-ORD-105286 BLNK-ORD-403037 BATCH-BLNK-2841,227252,4545,0,0,222707,INR,2026-08-14T13:27:00Z,BATCH-BLNK-2841
PO_B12_002842,Cashfree Escrow,OLAA-INV-791221 PO_B12_002842,356453,6656,0,0,349797,INR,2026-08-13T13:35:00Z,BATCH-OLAA-2842
PO_B12_002843,Razorpay Nodal,OLAA-INV-171646 PO_B12_002843,352851,5798,0,0,347053,INR,2026-08-14T07:15:00Z,BATCH-OLAA-2843
PO_B12_002844,PayU Enterprise,SWIG-INV-120351 PO_B12_002844,111267,2765,0,0,108502,INR,2026-08-14T03:30:00Z,BATCH-SWIG-2844
PO_B12_002845,Razorpay Nodal,PAYT-INV-316998 PO_B12_002845,333587,7413,0,0,326174,INR,2026-08-14T01:50:00Z,BATCH-PAYT-2845
PO_B12_002846,PayU Enterprise,BKMS-ORD-430281 BKMS-ORD-682199 BATCH-BKMS-2846,352993,7059,0,0,345934,INR,2026-08-14T07:19:00Z,BATCH-BKMS-2846
PO_B12_002847,Stripe India,BLNK-ORD-228880 BLNK-ORD-501572 BLNK-ORD-445614 BATCH-BLNK-2847,234314,4686,0,0,229628,INR,2026-08-14T17:16:00Z,BATCH-BLNK-2847
PO_B12_002848,BillDesk Settlement,AMZN-INV-690328 PO_B12_002848,166443,3370,0,0,163073,INR,2026-08-14T01:52:00Z,BATCH-AMZN-2848
PO_B12_002849,PayU Enterprise,AMZN-INV-100838 PO_B12_002849,321862,7117,0,0,314745,INR,2026-08-14T23:07:00Z,BATCH-AMZN-2849
PO_B12_002850,PayU Enterprise,OLAA-INV-443770 PO_B12_002850,49900,784,0,0,49116,INR,2026-08-14T16:42:00Z,BATCH-OLAA-2850
PO_B12_002851,Cashfree Escrow,BBAS-INV-481093 PO_B12_002851,127093,2950,0,0,124143,INR,2026-08-14T16:18:00Z,BATCH-BBAS-2851
PO_B12_002852,Cashfree Escrow,MMTR-INV-697153 PO_B12_002852,95754,1891,0,0,93863,INR,2026-08-14T18:32:00Z,BATCH-MMTR-2852
PO_B12_002853,Cashfree Escrow,MMTR-INV-297727 PO_B12_002853,168672,4180,0,0,164492,INR,2026-08-14T10:55:00Z,BATCH-MMTR-2853
PO_B12_002854,Razorpay Nodal,AMZN-INV-471493 PO_B12_002854,361201,7732,0,0,353469,INR,2026-08-14T11:54:00Z,BATCH-AMZN-2854
PO_B12_002855,Stripe India,MMTR-ORD-210156 MMTR-ORD-384922 MMTR-ORD-586982 BATCH-MMTR-2855,438970,8779,0,0,430191,INR,2026-08-14T20:57:00Z,BATCH-MMTR-2855
PO_B12_002856,Stripe India,NYKA-INV-986492 PO_B12_002856,394797,6715,0,0,388082,INR,2026-08-14T05:12:00Z,BATCH-NYKA-2856
PO_B12_002857,Stripe India,SWIG-INV-265406 PO_B12_002857,274547,5157,0,0,269390,INR,2026-08-13T16:05:00Z,BATCH-SWIG-2857
PO_B12_002858,Stripe India,BBAS-INV-372106 PO_B12_002858,260386,4624,0,0,255762,INR,2026-08-14T12:06:00Z,BATCH-BBAS-2858
PO_B12_002859,Stripe India,MMTR-INV-778489 PO_B12_002859,130419,2872,0,0,127547,INR,2026-08-14T09:27:00Z,BATCH-MMTR-2859
PO_B12_002860,BillDesk Settlement,BBAS-ORD-346673 BBAS-ORD-588656 BATCH-BBAS-2860,247637,4952,0,0,242685,INR,2026-08-14T08:36:00Z,BATCH-BBAS-2860
PO_B12_002861,Cashfree Escrow,JIOO-INV-453989 PO_B12_002861,299021,6207,0,0,292814,INR,2026-08-15T01:38:00Z,BATCH-JIOO-2861
PO_B12_002862,Cashfree Escrow,BKMS-INV-498798 PO_B12_002862,410070,6506,0,0,403564,INR,2026-08-14T02:28:00Z,BATCH-BKMS-2862
PO_B12_002863,BillDesk Settlement,BLNK-ORD-450446 BLNK-ORD-190464 BATCH-BLNK-2863,319217,6384,0,0,312833,INR,2026-08-14T14:47:00Z,BATCH-BLNK-2863
PO_B12_002864,Cashfree Escrow,BKMS-INV-408070 PO_B12_002864,99516,2072,0,0,97444,INR,2026-08-13T20:45:00Z,BATCH-BKMS-2864
PO_B12_002865,BillDesk Settlement,PHNP-INV-171985 PO_B12_002865,115755,2489,0,0,113266,INR,2026-08-14T19:06:00Z,BATCH-PHNP-2865
PO_B12_002866,Stripe India,PHNP-INV-161579 PO_B12_002866,321768,6532,0,0,315236,INR,2026-08-13T17:34:00Z,BATCH-PHNP-2866
PO_B12_002867,Stripe India,TATA-INV-134692 PO_B12_002867,243071,4740,0,0,238331,INR,2026-08-14T23:16:00Z,BATCH-TATA-2867
PO_B12_002868,BillDesk Settlement,OLAA-ORD-503093 OLAA-ORD-922755 OLAA-ORD-522276 BATCH-OLAA-2868,668153,13363,0,0,654790,INR,2026-08-14T19:54:00Z,BATCH-OLAA-2868
PO_B12_002869,Cashfree Escrow,UBER-INV-206943 PO_B12_002869,345049,5180,0,0,339869,INR,2026-08-14T11:45:00Z,BATCH-UBER-2869
PO_B12_002870,PayU Enterprise,AMZN-EXC-254287-UNRESOLVED,243291,4855,0,0,238436,INR,2026-08-14T18:35:00Z,HOLD-ESCROW
PO_B12_002871,PayU Enterprise,JIOO-INV-234333 PO_B12_002871,404888,7266,0,0,397622,INR,2026-08-14T08:35:00Z,BATCH-JIOO-2871
PO_B12_002872,Cashfree Escrow,MYNT-ORD-138125 MYNT-ORD-284436 BATCH-MYNT-2872,243972,4879,0,0,239093,INR,2026-08-14T20:28:00Z,BATCH-MYNT-2872
PO_B12_002873,Razorpay Nodal,ZOMA-INV-921928 PO_B12_002873,272562,5616,0,0,266946,INR,2026-08-14T18:37:00Z,BATCH-ZOMA-2873
PO_B12_002874,Stripe India,PAYT-INV-317735 PO_B12_002874,244155,4184,0,0,239971,INR,2026-08-14T18:15:00Z,BATCH-PAYT-2874
PO_B12_002875,Stripe India,OLAA-INV-504652 PO_B12_002875,140705,2240,0,0,138465,INR,2026-08-14T16:14:00Z,BATCH-OLAA-2875
PO_B12_002876,BillDesk Settlement,SWIG-INV-195558 PO_B12_002876,161020,2510,0,0,158510,INR,2026-08-14T15:11:00Z,BATCH-SWIG-2876
PO_B12_002877,Cashfree Escrow,BLNK-INV-772594 PO_B12_002877,419849,9716,0,0,410133,INR,2026-08-14T07:27:00Z,BATCH-BLNK-2877
PO_B12_002878,PayU Enterprise,TATA-INV-843118 PO_B12_002878,426529,10037,0,0,416492,INR,2026-08-14T05:10:00Z,BATCH-TATA-2878
PO_B12_002879,BillDesk Settlement,MYNT-INV-400944 PO_B12_002879,431844,9324,0,0,422520,INR,2026-08-14T00:33:00Z,BATCH-MYNT-2879
PO_B12_002880,Cashfree Escrow,BKMS-INV-302589 PO_B12_002880,75909,1687,0,0,74222,INR,2026-08-14T03:05:00Z,BATCH-BKMS-2880
PO_B12_002881,Razorpay Nodal,BLNK-INV-943613 PO_B12_002881,385991,7913,0,0,378078,INR,2026-08-14T22:48:00Z,BATCH-BLNK-2881
PO_B12_002882,PayU Enterprise,BLNK-INV-846542 PO_B12_002882,139311,2177,0,0,137134,INR,2026-08-14T14:48:00Z,BATCH-BLNK-2882
PO_B12_002883,Stripe India,PAYT-INV-834183 PO_B12_002883,312240,7472,0,0,304768,INR,2026-08-14T06:29:00Z,BATCH-PAYT-2883
PO_B12_002884,PayU Enterprise,MMTR-INV-272319 PO_B12_002884,89353,1861,0,0,87492,INR,2026-08-14T02:04:00Z,BATCH-MMTR-2884
PO_B12_002885,Cashfree Escrow,PAYT-INV-764893 PO_B12_002885,210428,4681,0,0,205747,INR,2026-08-14T16:10:00Z,BATCH-PAYT-2885
PO_B12_002886,Stripe India,JIOO-INV-747315 PO_B12_002886,87649,1387,0,0,86262,INR,2026-08-14T00:54:00Z,BATCH-JIOO-2886
PO_B12_002887,Stripe India,PAYT-ORD-895149 PAYT-ORD-166817 PAYT-ORD-114403 BATCH-PAYT-2887,307185,6143,0,0,301042,INR,2026-08-14T20:36:00Z,BATCH-PAYT-2887
PO_B12_002888,Razorpay Nodal,AMZN-INV-332596 PO_B12_002888,130205,2920,0,0,127285,INR,2026-08-14T05:31:00Z,BATCH-AMZN-2888
PO_B12_002889,PayU Enterprise,BKMS-EXC-598053-UNRESOLVED,209036,4170,0,0,204866,INR,2026-08-14T10:10:00Z,HOLD-ESCROW
PO_B12_002890,Cashfree Escrow,AMZN-INV-516311 PO_B12_002890,234659,4545,0,0,230114,INR,2026-08-14T10:03:00Z,BATCH-AMZN-2890
PO_B12_002891,Razorpay Nodal,BLNK-INV-880461 PO_B12_002891,435733,7355,0,0,428378,INR,2026-08-14T15:23:00Z,BATCH-BLNK-2891
PO_B12_002892,Cashfree Escrow,ZOMA-INV-324390 PO_B12_002892,138230,2647,0,0,135583,INR,2026-08-14T01:06:00Z,BATCH-ZOMA-2892
PO_B12_002893,Razorpay Nodal,OLAA-INV-780867 PO_B12_002893,181321,2966,0,0,178355,INR,2026-08-14T03:58:00Z,BATCH-OLAA-2893
PO_B12_002894,BillDesk Settlement,PHNP-INV-380291 PO_B12_002894,107352,2396,0,0,104956,INR,2026-08-14T00:35:00Z,BATCH-PHNP-2894
PO_B12_002895,Razorpay Nodal,SWIG-ORD-528518 SWIG-ORD-834351 BATCH-SWIG-2895,481481,9629,0,0,471852,INR,2026-08-14T08:04:00Z,BATCH-SWIG-2895
PO_B12_002896,BillDesk Settlement,JIOO-INV-144591 PO_B12_002896,289437,6900,0,0,282537,INR,2026-08-13T21:33:00Z,BATCH-JIOO-2896
PO_B12_002897,Razorpay Nodal,NYKA-EXC-454976-UNRESOLVED,144764,2885,0,0,141879,INR,2026-08-15T03:20:00Z,HOLD-ESCROW
PO_B12_002898,Stripe India,ZOMA-INV-537496 PO_B12_002898,180669,4091,0,0,176578,INR,2026-08-14T05:11:00Z,BATCH-ZOMA-2898
PO_B12_002899,PayU Enterprise,PHNP-INV-596360 PO_B12_002899,348440,7668,0,0,340772,INR,2026-08-14T17:59:00Z,BATCH-PHNP-2899
PO_B12_002900,Stripe India,PAYT-INV-300066 PO_B12_002900,247467,4581,0,0,242886,INR,2026-08-14T10:27:00Z,BATCH-PAYT-2900
PO_B12_002901,BillDesk Settlement,OLAA-INV-237348 PO_B12_002901,62078,1285,0,0,60793,INR,2026-08-14T08:28:00Z,BATCH-OLAA-2901
PO_B12_002902,Razorpay Nodal,JIOO-INV-568477 PO_B12_002902,417037,8485,0,0,408552,INR,2026-08-14T14:56:00Z,BATCH-JIOO-2902
PO_B12_002903,Cashfree Escrow,PAYT-INV-368971 PO_B12_002903,419595,10108,0,0,409487,INR,2026-08-13T23:51:00Z,BATCH-PAYT-2903
PO_B12_002904,PayU Enterprise,JIOO-INV-366242 PO_B12_002904,144791,3376,0,0,141415,INR,2026-08-14T17:32:00Z,BATCH-JIOO-2904
PO_B12_002905,Stripe India,MMTR-ORD-928712 MMTR-ORD-525026 BATCH-MMTR-2905,412363,8247,0,0,404116,INR,2026-08-14T10:23:00Z,BATCH-MMTR-2905
PO_B12_002906,Razorpay Nodal,SWIG-EXC-152862-UNRESOLVED,218088,4351,0,0,213737,INR,2026-08-15T08:40:00Z,HOLD-ESCROW
PO_B12_002907,PayU Enterprise,TATA-INV-256886 PO_B12_002907,237131,4893,0,0,232238,INR,2026-08-14T00:52:00Z,BATCH-TATA-2907
PO_B12_002908,Stripe India,BLNK-INV-405516 PO_B12_002908,311402,5585,0,0,305817,INR,2026-08-14T11:15:00Z,BATCH-BLNK-2908
PO_B12_002909,BillDesk Settlement,BLNK-INV-853411 PO_B12_002909,420541,9733,0,0,410808,INR,2026-08-14T07:03:00Z,BATCH-BLNK-2909
PO_B12_002910,Razorpay Nodal,BBAS-INV-393417 PO_B12_002910,64697,1196,0,0,63501,INR,2026-08-14T13:36:00Z,BATCH-BBAS-2910
PO_B12_002911,Razorpay Nodal,JIOO-INV-116110 PO_B12_002911,140164,2842,0,0,137322,INR,2026-08-14T14:09:00Z,BATCH-JIOO-2911
PO_B12_002912,PayU Enterprise,NYKA-INV-765221 PO_B12_002912,164725,4001,0,0,160724,INR,2026-08-14T15:00:00Z,BATCH-NYKA-2912
PO_B12_002913,Stripe India,NYKA-ORD-466169 NYKA-ORD-577082 BATCH-NYKA-2913,195743,3914,0,0,191829,INR,2026-08-14T13:55:00Z,BATCH-NYKA-2913
PO_B12_002914,BillDesk Settlement,PAYT-INV-426677 PO_B12_002914,418750,9972,0,0,408778,INR,2026-08-14T10:27:00Z,BATCH-PAYT-2914
PO_B12_002915,PayU Enterprise,OLAA-INV-307393 PO_B12_002915,224923,5366,0,0,219557,INR,2026-08-14T15:34:00Z,BATCH-OLAA-2915
PO_B12_002916,BillDesk Settlement,JIOO-ORD-120158 JIOO-ORD-921378 BATCH-JIOO-2916,190870,3817,0,0,187053,INR,2026-08-14T15:29:00Z,BATCH-JIOO-2916
PO_B12_002917,Cashfree Escrow,SWIG-INV-584051 PO_B12_002917,406450,9313,0,0,397137,INR,2026-08-13T18:01:00Z,BATCH-SWIG-2917
PO_B12_002918,Stripe India,AMZN-EXC-741159-UNRESOLVED,209689,4183,0,0,205506,INR,2026-08-14T21:07:00Z,HOLD-ESCROW
PO_B12_002919,PayU Enterprise,TATA-INV-960794 PO_B12_002919,94122,1866,0,0,92256,INR,2026-08-15T00:45:00Z,BATCH-TATA-2919
PO_B12_002920,PayU Enterprise,MYNT-ORD-535767 MYNT-ORD-758980 MYNT-ORD-929343 BATCH-MYNT-2920,313335,6266,0,0,307069,INR,2026-08-14T13:41:00Z,BATCH-MYNT-2920
PO_B12_002921,BillDesk Settlement,TATA-INV-641073 PO_B12_002921,337995,5593,0,0,332402,INR,2026-08-13T21:17:00Z,BATCH-TATA-2921
PO_B12_002922,Cashfree Escrow,MYNT-INV-877366 PO_B12_002922,349343,7586,0,0,341757,INR,2026-08-14T04:46:00Z,BATCH-MYNT-2922
PO_B12_002923,Razorpay Nodal,AMZN-EXC-638934-UNRESOLVED,74763,1485,0,0,73278,INR,2026-08-15T06:06:00Z,HOLD-ESCROW
PO_B12_002924,Stripe India,OLAA-INV-945366 PO_B12_002924,148834,2816,0,0,146018,INR,2026-08-13T14:33:00Z,BATCH-OLAA-2924
PO_B12_002925,Cashfree Escrow,UBER-ORD-995964 UBER-ORD-481671 BATCH-UBER-2925,227893,4557,0,0,223336,INR,2026-08-13T22:54:00Z,BATCH-UBER-2925
PO_B12_002926,PayU Enterprise,PAYT-INV-697210 PO_B12_002926,29818,699,0,0,29119,INR,2026-08-13T18:43:00Z,BATCH-PAYT-2926
PO_B12_002927,Cashfree Escrow,BBAS-INV-447722 PO_B12_002927,71160,1358,0,0,69802,INR,2026-08-14T12:54:00Z,BATCH-BBAS-2927
PO_B12_002928,Cashfree Escrow,PAYT-INV-103121 PO_B12_002928,355279,6188,0,0,349091,INR,2026-08-14T10:00:00Z,BATCH-PAYT-2928
PO_B12_002929,Razorpay Nodal,MMTR-ORD-125827 MMTR-ORD-738909 MMTR-ORD-291670 BATCH-MMTR-2929,544905,10898,0,0,534007,INR,2026-08-14T20:05:00Z,BATCH-MMTR-2929
PO_B12_002930,BillDesk Settlement,PAYT-INV-853320 PO_B12_002930,150757,3636,0,0,147121,INR,2026-08-14T18:08:00Z,BATCH-PAYT-2930
PO_B12_002931,Stripe India,OLAA-ORD-385890 OLAA-ORD-127206 BATCH-OLAA-2931,387272,7745,0,0,379527,INR,2026-08-14T08:45:00Z,BATCH-OLAA-2931
PO_B12_002932,Stripe India,AMZN-ORD-408054 AMZN-ORD-502670 AMZN-ORD-261061 BATCH-AMZN-2932,413720,8274,0,0,405446,INR,2026-08-14T05:37:00Z,BATCH-AMZN-2932
PO_B12_002933,PayU Enterprise,BLNK-INV-578256 PO_B12_002933,132995,2603,0,0,130392,INR,2026-08-14T01:35:00Z,BATCH-BLNK-2933
PO_B12_002934,BillDesk Settlement,BBAS-INV-840081 PO_B12_002934,273609,4774,0,0,268835,INR,2026-08-14T00:33:00Z,BATCH-BBAS-2934
PO_B12_002935,Razorpay Nodal,NYKA-INV-405947 PO_B12_002935,215738,4189,0,0,211549,INR,2026-08-14T16:43:00Z,BATCH-NYKA-2935
PO_B12_002936,Cashfree Escrow,MYNT-INV-593030 PO_B12_002936,427040,10062,0,0,416978,INR,2026-08-14T04:54:00Z,BATCH-MYNT-2936
PO_B12_002937,Cashfree Escrow,BBAS-INV-343974 PO_B12_002937,115587,2602,0,0,112985,INR,2026-08-14T14:07:00Z,BATCH-BBAS-2937
PO_B12_002938,Cashfree Escrow,OLAA-INV-947570 PO_B12_002938,70473,1556,0,0,68917,INR,2026-08-14T15:59:00Z,BATCH-OLAA-2938
PO_B12_002939,PayU Enterprise,SWIG-EXC-952740-UNRESOLVED,91032,1810,0,0,89222,INR,2026-08-14T12:07:00Z,HOLD-ESCROW
PO_B12_002940,Razorpay Nodal,NYKA-INV-183681 PO_B12_002940,229692,5555,0,0,224137,INR,2026-08-14T13:48:00Z,BATCH-NYKA-2940
PO_B12_002941,Stripe India,SWIG-INV-881588 PO_B12_002941,341944,7381,0,0,334563,INR,2026-08-13T19:47:00Z,BATCH-SWIG-2941
PO_B12_002942,Razorpay Nodal,PAYT-INV-819001 PO_B12_002942,344293,5339,0,0,338954,INR,2026-08-14T03:43:00Z,BATCH-PAYT-2942
PO_B12_002943,Razorpay Nodal,PHNP-ORD-268233 PHNP-ORD-418513 PHNP-ORD-871509 BATCH-PHNP-2943,447504,8950,0,0,438554,INR,2026-08-14T17:50:00Z,BATCH-PHNP-2943
PO_B12_002944,Stripe India,MYNT-ORD-246424 MYNT-ORD-655035 BATCH-MYNT-2944,250372,5007,0,0,245365,INR,2026-08-14T18:02:00Z,BATCH-MYNT-2944
PO_B12_002945,BillDesk Settlement,SWIG-INV-776536 PO_B12_002945,292600,5152,0,0,287448,INR,2026-08-14T05:09:00Z,BATCH-SWIG-2945
PO_B12_002946,Razorpay Nodal,FLPK-INV-507757 PO_B12_002946,353518,6284,0,0,347234,INR,2026-08-14T02:22:00Z,BATCH-FLPK-2946
PO_B12_002947,Razorpay Nodal,FLPK-ORD-299697 FLPK-ORD-523519 BATCH-FLPK-2947,371649,7432,0,0,364217,INR,2026-08-14T13:14:00Z,BATCH-FLPK-2947
PO_B12_002948,Cashfree Escrow,PHNP-INV-968432 PO_B12_002948,243510,4427,0,0,239083,INR,2026-08-14T21:43:00Z,BATCH-PHNP-2948
PO_B12_002949,Cashfree Escrow,MYNT-INV-610826 PO_B12_002949,427981,7658,0,0,420323,INR,2026-08-14T09:46:00Z,BATCH-MYNT-2949
PO_B12_002950,PayU Enterprise,MMTR-INV-215874 PO_B12_002950,408949,9161,0,0,399788,INR,2026-08-14T07:23:00Z,BATCH-MMTR-2950
PO_B12_002951,Razorpay Nodal,OLAA-INV-939482 PO_B12_002951,134965,3345,0,0,131620,INR,2026-08-14T17:25:00Z,BATCH-OLAA-2951
PO_B12_002952,BillDesk Settlement,MMTR-ORD-688784 MMTR-ORD-518074 BATCH-MMTR-2952,148235,2964,0,0,145271,INR,2026-08-14T01:38:00Z,BATCH-MMTR-2952
PO_B12_002953,PayU Enterprise,OLAA-INV-768663 PO_B12_002953,66430,1410,0,0,65020,INR,2026-08-14T21:13:00Z,BATCH-OLAA-2953
PO_B12_002954,Cashfree Escrow,JIOO-INV-389459 PO_B12_002954,296760,6790,0,0,289970,INR,2026-08-14T16:20:00Z,BATCH-JIOO-2954
PO_B12_002955,Razorpay Nodal,MMTR-INV-566629 PO_B12_002955,77966,1191,0,0,76775,INR,2026-08-14T07:22:00Z,BATCH-MMTR-2955
PO_B12_002956,Stripe India,BKMS-INV-886360 PO_B12_002956,302433,6040,0,0,296393,INR,2026-08-14T05:41:00Z,BATCH-BKMS-2956
PO_B12_002957,Razorpay Nodal,ZOMA-INV-278686 PO_B12_002957,33213,705,0,0,32508,INR,2026-08-14T04:50:00Z,BATCH-ZOMA-2957
PO_B12_002958,BillDesk Settlement,MMTR-ORD-337578 MMTR-ORD-373317 BATCH-MMTR-2958,322884,6457,0,0,316427,INR,2026-08-14T20:12:00Z,BATCH-MMTR-2958
PO_B12_002959,Razorpay Nodal,MYNT-INV-234281 PO_B12_002959,189749,3739,0,0,186010,INR,2026-08-14T07:59:00Z,BATCH-MYNT-2959
PO_B12_002960,BillDesk Settlement,FLPK-INV-200027 PO_B12_002960,323592,7461,0,0,316131,INR,2026-08-14T02:42:00Z,BATCH-FLPK-2960
PO_B12_002961,Razorpay Nodal,ZOMA-ORD-985884 ZOMA-ORD-573144 ZOMA-ORD-277818 BATCH-ZOMA-2961,228865,4577,0,0,224288,INR,2026-08-14T05:28:00Z,BATCH-ZOMA-2961
PO_B12_002962,Razorpay Nodal,BLNK-INV-101013 PO_B12_002962,421266,7699,0,0,413567,INR,2026-08-14T22:23:00Z,BATCH-BLNK-2962
PO_B12_002963,Stripe India,AMZN-INV-899282 PO_B12_002963,424179,9986,0,0,414193,INR,2026-08-14T11:57:00Z,BATCH-AMZN-2963
PO_B12_002964,Stripe India,ZOMA-ORD-770895 ZOMA-ORD-897229 ZOMA-ORD-794468 BATCH-ZOMA-2964,491951,9839,0,0,482112,INR,2026-08-14T00:34:00Z,BATCH-ZOMA-2964
PO_B12_002965,Razorpay Nodal,PHNP-INV-869603 PO_B12_002965,119523,2668,0,0,116855,INR,2026-08-14T15:11:00Z,BATCH-PHNP-2965
PO_B12_002966,Cashfree Escrow,PAYT-ORD-200879 PAYT-ORD-646170 BATCH-PAYT-2966,213581,4271,0,0,209310,INR,2026-08-13T23:57:00Z,BATCH-PAYT-2966
PO_B12_002967,PayU Enterprise,AMZN-ORD-205472 AMZN-ORD-324973 BATCH-AMZN-2967,403065,8061,0,0,395004,INR,2026-08-14T01:40:00Z,BATCH-AMZN-2967
PO_B12_002968,PayU Enterprise,MMTR-ORD-836766 MMTR-ORD-977350 MMTR-ORD-753621 BATCH-MMTR-2968,421987,8439,0,0,413548,INR,2026-08-14T19:54:00Z,BATCH-MMTR-2968
PO_B12_002969,Razorpay Nodal,ZOMA-INV-160533 PO_B12_002969,304592,5713,0,0,298879,INR,2026-08-14T09:40:00Z,BATCH-ZOMA-2969
PO_B12_002970,Razorpay Nodal,FLPK-EXC-146617-UNRESOLVED,229068,4571,0,0,224497,INR,2026-08-14T15:32:00Z,HOLD-ESCROW
PO_B12_002971,Stripe India,NYKA-INV-540722 PO_B12_002971,87573,1844,0,0,85729,INR,2026-08-14T12:44:00Z,BATCH-NYKA-2971
PO_B12_002972,Cashfree Escrow,OLAA-INV-122466 PO_B12_002972,331812,5888,0,0,325924,INR,2026-08-15T00:38:00Z,BATCH-OLAA-2972
PO_B12_002973,PayU Enterprise,AMZN-EXC-418518-UNRESOLVED,262893,5247,0,0,257646,INR,2026-08-15T07:55:00Z,HOLD-ESCROW
PO_B12_002974,Cashfree Escrow,SWIG-ORD-176109 SWIG-ORD-299295 BATCH-SWIG-2974,133451,2669,0,0,130782,INR,2026-08-14T01:05:00Z,BATCH-SWIG-2974
PO_B12_002975,Stripe India,TATA-INV-568950 PO_B12_002975,289504,5750,0,0,283754,INR,2026-08-14T14:29:00Z,BATCH-TATA-2975
PO_B12_002976,Cashfree Escrow,TATA-INV-976591 PO_B12_002976,228442,5018,0,0,223424,INR,2026-08-13T18:26:00Z,BATCH-TATA-2976
PO_B12_002977,Stripe India,MMTR-ORD-389065 MMTR-ORD-606996 BATCH-MMTR-2977,449020,8980,0,0,440040,INR,2026-08-14T14:14:00Z,BATCH-MMTR-2977
PO_B12_002978,BillDesk Settlement,ZOMA-ORD-771557 ZOMA-ORD-733118 BATCH-ZOMA-2978,92871,1857,0,0,91014,INR,2026-08-14T08:21:00Z,BATCH-ZOMA-2978
PO_B12_002979,BillDesk Settlement,BKMS-INV-136245 PO_B12_002979,169004,3938,0,0,165066,INR,2026-08-14T07:25:00Z,BATCH-BKMS-2979
PO_B12_002980,PayU Enterprise,UBER-INV-653035 PO_B12_002980,442874,8091,0,0,434783,INR,2026-08-14T03:34:00Z,BATCH-UBER-2980
PO_B12_002981,Razorpay Nodal,PHNP-INV-808187 PO_B12_002981,69324,1516,0,0,67808,INR,2026-08-14T14:25:00Z,BATCH-PHNP-2981
PO_B12_002982,BillDesk Settlement,MMTR-INV-642245 PO_B12_002982,132097,2284,0,0,129813,INR,2026-08-14T16:57:00Z,BATCH-MMTR-2982
PO_B12_002983,Cashfree Escrow,TATA-INV-671573 PO_B12_002983,191557,4591,0,0,186966,INR,2026-08-14T18:48:00Z,BATCH-TATA-2983
PO_B12_002984,Razorpay Nodal,JIOO-INV-826643 PO_B12_002984,254540,5385,0,0,249155,INR,2026-08-14T02:42:00Z,BATCH-JIOO-2984
PO_B12_002985,Stripe India,SWIG-INV-568071 PO_B12_002985,194621,4778,0,0,189843,INR,2026-08-14T13:55:00Z,BATCH-SWIG-2985
PO_B12_002986,Razorpay Nodal,TATA-INV-512106 PO_B12_002986,210815,4717,0,0,206098,INR,2026-08-14T13:53:00Z,BATCH-TATA-2986
PO_B12_002987,Cashfree Escrow,PAYT-INV-726913 PO_B12_002987,427477,10419,0,0,417058,INR,2026-08-13T18:58:00Z,BATCH-PAYT-2987
PO_B12_002988,PayU Enterprise,PAYT-INV-270833 PO_B12_002988,368635,9120,0,0,359515,INR,2026-08-15T00:39:00Z,BATCH-PAYT-2988
PO_B12_002989,BillDesk Settlement,JIOO-INV-893530 PO_B12_002989,136278,2309,0,0,133969,INR,2026-08-14T07:08:00Z,BATCH-JIOO-2989
PO_B12_002990,Razorpay Nodal,BBAS-INV-497553 PO_B12_002990,87414,2055,0,0,85359,INR,2026-08-14T08:02:00Z,BATCH-BBAS-2990
PO_B12_002991,BillDesk Settlement,MMTR-INV-779285 PO_B12_002991,359671,6461,0,0,353210,INR,2026-08-13T22:20:00Z,BATCH-MMTR-2991
PO_B12_002992,PayU Enterprise,MYNT-INV-346408 PO_B12_002992,189172,3915,0,0,185257,INR,2026-08-14T23:53:00Z,BATCH-MYNT-2992
PO_B12_002993,Razorpay Nodal,MYNT-ORD-610313 MYNT-ORD-620179 BATCH-MYNT-2993,332198,6643,0,0,325555,INR,2026-08-14T06:42:00Z,BATCH-MYNT-2993
PO_B12_002994,Razorpay Nodal,BLNK-INV-588261 PO_B12_002994,124653,2063,0,0,122590,INR,2026-08-13T15:58:00Z,BATCH-BLNK-2994
PO_B12_002995,Stripe India,FLPK-INV-899355 PO_B12_002995,253225,4612,0,0,248613,INR,2026-08-14T07:13:00Z,BATCH-FLPK-2995
PO_B12_002996,PayU Enterprise,ZOMA-INV-333040 PO_B12_002996,307174,5556,0,0,301618,INR,2026-08-13T16:53:00Z,BATCH-ZOMA-2996
PO_B12_002997,Stripe India,BBAS-INV-382462 PO_B12_002997,130079,3006,0,0,127073,INR,2026-08-13T21:53:00Z,BATCH-BBAS-2997
PO_B12_002998,BillDesk Settlement,BLNK-INV-250197 PO_B12_002998,71769,1542,0,0,70227,INR,2026-08-14T10:42:00Z,BATCH-BLNK-2998
PO_B12_002999,BillDesk Settlement,BBAS-INV-359528 PO_B12_002999,347046,5942,0,0,341104,INR,2026-08-13T23:33:00Z,BATCH-BBAS-2999
PO_B12_003000,Cashfree Escrow,MMTR-ORD-870363 MMTR-ORD-139492 MMTR-ORD-459607 BATCH-MMTR-3000,318795,6375,0,0,312420,INR,2026-08-14T16:58:00Z,BATCH-MMTR-3000
PO_B12_003001,PayU Enterprise,FLPK-INV-322962 PO_B12_003001,128864,2026,0,0,126838,INR,2026-08-13T17:37:00Z,BATCH-FLPK-3001
PO_B12_003002,Razorpay Nodal,NYKA-INV-224736 PO_B12_003002,174580,3349,0,0,171231,INR,2026-08-14T05:11:00Z,BATCH-NYKA-3002
PO_B12_003003,Razorpay Nodal,BKMS-INV-476015 PO_B12_003003,348176,5605,0,0,342571,INR,2026-08-14T04:37:00Z,BATCH-BKMS-3003
PO_B12_003004,PayU Enterprise,ZOMA-INV-545879 PO_B12_003004,190451,4160,0,0,186291,INR,2026-08-14T19:38:00Z,BATCH-ZOMA-3004
PO_B12_003005,Razorpay Nodal,BBAS-INV-530736 PO_B12_003005,225630,4156,0,0,221474,INR,2026-08-14T05:37:00Z,BATCH-BBAS-3005
PO_B12_003006,PayU Enterprise,BBAS-INV-568352 PO_B12_003006,372756,5659,0,0,367097,INR,2026-08-14T00:44:00Z,BATCH-BBAS-3006
PO_B12_003007,BillDesk Settlement,UBER-INV-531723 PO_B12_003007,160973,3217,0,0,157756,INR,2026-08-14T10:59:00Z,BATCH-UBER-3007
PO_B12_003008,PayU Enterprise,BKMS-INV-868976 PO_B12_003008,61635,1342,0,0,60293,INR,2026-08-14T23:47:00Z,BATCH-BKMS-3008
PO_B12_003009,BillDesk Settlement,AMZN-INV-448655 PO_B12_003009,437651,9699,0,0,427952,INR,2026-08-14T22:15:00Z,BATCH-AMZN-3009
PO_B12_003010,BillDesk Settlement,OLAA-ORD-268880 OLAA-ORD-862675 BATCH-OLAA-3010,81128,1622,0,0,79506,INR,2026-08-14T20:41:00Z,BATCH-OLAA-3010
PO_B12_003011,Stripe India,NYKA-ORD-532024 NYKA-ORD-766544 BATCH-NYKA-3011,192971,3859,0,0,189112,INR,2026-08-14T16:07:00Z,BATCH-NYKA-3011
PO_B12_003012,Cashfree Escrow,MMTR-INV-629955 PO_B12_003012,377334,6805,0,0,370529,INR,2026-08-14T16:26:00Z,BATCH-MMTR-3012
PO_B12_003013,Stripe India,MYNT-ORD-970320 MYNT-ORD-610504 MYNT-ORD-338643 BATCH-MYNT-3013,469949,9398,0,0,460551,INR,2026-08-14T18:39:00Z,BATCH-MYNT-3013
PO_B12_003014,PayU Enterprise,BBAS-INV-104928 PO_B12_003014,61065,1136,0,0,59929,INR,2026-08-14T17:31:00Z,BATCH-BBAS-3014
PO_B12_003015,Cashfree Escrow,MMTR-ORD-914218 MMTR-ORD-731189 BATCH-MMTR-3015,365675,7313,0,0,358362,INR,2026-08-14T16:41:00Z,BATCH-MMTR-3015
PO_B12_003016,PayU Enterprise,BLNK-INV-428978 PO_B12_003016,157504,2666,0,0,154838,INR,2026-08-14T07:25:00Z,BATCH-BLNK-3016
PO_B12_003017,PayU Enterprise,UBER-INV-371953 PO_B12_003017,362190,8509,0,0,353681,INR,2026-08-14T16:42:00Z,BATCH-UBER-3017
PO_B12_003018,BillDesk Settlement,BLNK-INV-602350 PO_B12_003018,301577,7119,0,0,294458,INR,2026-08-14T03:53:00Z,BATCH-BLNK-3018
PO_B12_003019,Razorpay Nodal,BLNK-ORD-706639 BLNK-ORD-943325 BATCH-BLNK-3019,253764,5075,0,0,248689,INR,2026-08-14T01:03:00Z,BATCH-BLNK-3019
PO_B12_003020,Stripe India,OLAA-ORD-468813 OLAA-ORD-565659 OLAA-ORD-169057 BATCH-OLAA-3020,431388,8627,0,0,422761,INR,2026-08-14T00:55:00Z,BATCH-OLAA-3020
PO_B12_003021,BillDesk Settlement,SWIG-ORD-601485 SWIG-ORD-884253 SWIG-ORD-187332 BATCH-SWIG-3021,546348,10926,0,0,535422,INR,2026-08-14T18:42:00Z,BATCH-SWIG-3021
PO_B12_003022,Stripe India,PAYT-INV-305959 PO_B12_003022,27722,579,0,0,27143,INR,2026-08-14T01:11:00Z,BATCH-PAYT-3022
PO_B12_003023,PayU Enterprise,UBER-INV-939753 PO_B12_003023,95969,2311,0,0,93658,INR,2026-08-13T20:31:00Z,BATCH-UBER-3023
PO_B12_003024,Cashfree Escrow,NYKA-INV-910062 PO_B12_003024,412878,7109,0,0,405769,INR,2026-08-14T23:48:00Z,BATCH-NYKA-3024
PO_B12_003025,Razorpay Nodal,SWIG-INV-853984 PO_B12_003025,194972,3052,0,0,191920,INR,2026-08-14T16:02:00Z,BATCH-SWIG-3025
PO_B12_003026,PayU Enterprise,AMZN-INV-297213 PO_B12_003026,153111,2899,0,0,150212,INR,2026-08-14T16:57:00Z,BATCH-AMZN-3026
PO_B12_003027,Cashfree Escrow,MYNT-EXC-194174-UNRESOLVED,77783,1545,0,0,76238,INR,2026-08-15T05:48:00Z,HOLD-ESCROW
PO_B12_003028,Razorpay Nodal,MMTR-ORD-872096 MMTR-ORD-711042 BATCH-MMTR-3028,393161,7863,0,0,385298,INR,2026-08-14T00:33:00Z,BATCH-MMTR-3028
PO_B12_003029,Cashfree Escrow,PHNP-INV-326861 PO_B12_003029,207090,4326,0,0,202764,INR,2026-08-14T07:00:00Z,BATCH-PHNP-3029
PO_B12_003030,BillDesk Settlement,AMZN-EXC-924486-UNRESOLVED,267598,5341,0,0,262257,INR,2026-08-15T03:45:00Z,HOLD-ESCROW
PO_B12_003031,BillDesk Settlement,BLNK-INV-920229 PO_B12_003031,385596,8486,0,0,377110,INR,2026-08-14T04:00:00Z,BATCH-BLNK-3031
PO_B12_003032,Razorpay Nodal,MMTR-INV-174267 PO_B12_003032,179636,4422,0,0,175214,INR,2026-08-14T21:27:00Z,BATCH-MMTR-3032
PO_B12_003033,PayU Enterprise,ZOMA-INV-632187 PO_B12_003033,176860,3392,0,0,173468,INR,2026-08-14T00:20:00Z,BATCH-ZOMA-3033
PO_B12_003034,PayU Enterprise,BLNK-INV-433171 PO_B12_003034,190714,2874,0,0,187840,INR,2026-08-13T23:45:00Z,BATCH-BLNK-3034
PO_B12_003035,Cashfree Escrow,PAYT-INV-311517 PO_B12_003035,132802,2921,0,0,129881,INR,2026-08-14T20:31:00Z,BATCH-PAYT-3035
PO_B12_003036,Razorpay Nodal,PHNP-INV-850416 PO_B12_003036,227957,5405,0,0,222552,INR,2026-08-14T15:07:00Z,BATCH-PHNP-3036
PO_B12_003037,Stripe India,SWIG-INV-577995 PO_B12_003037,93237,1677,0,0,91560,INR,2026-08-14T06:48:00Z,BATCH-SWIG-3037
PO_B12_003038,BillDesk Settlement,NYKA-INV-682917 PO_B12_003038,290859,7078,0,0,283781,INR,2026-08-14T00:08:00Z,BATCH-NYKA-3038
PO_B12_003039,Cashfree Escrow,SWIG-ORD-226550 SWIG-ORD-929699 BATCH-SWIG-3039,417051,8341,0,0,408710,INR,2026-08-14T11:07:00Z,BATCH-SWIG-3039
PO_B12_003040,Razorpay Nodal,JIOO-INV-427306 PO_B12_003040,64755,1520,0,0,63235,INR,2026-08-14T04:04:00Z,BATCH-JIOO-3040
PO_B12_003041,Cashfree Escrow,BKMS-INV-320223 PO_B12_003041,105255,1659,0,0,103596,INR,2026-08-14T08:08:00Z,BATCH-BKMS-3041
PO_B12_003042,PayU Enterprise,NYKA-INV-367382 PO_B12_003042,169770,3576,0,0,166194,INR,2026-08-14T07:44:00Z,BATCH-NYKA-3042
PO_B12_003043,Cashfree Escrow,JIOO-INV-793594 PO_B12_003043,437995,7281,0,0,430714,INR,2026-08-14T11:00:00Z,BATCH-JIOO-3043
PO_B12_003044,Stripe India,BKMS-INV-789810 PO_B12_003044,232352,5790,0,0,226562,INR,2026-08-13T14:59:00Z,BATCH-BKMS-3044
PO_B12_003045,PayU Enterprise,AMZN-INV-758031 PO_B12_003045,120388,2730,0,0,117658,INR,2026-08-14T13:15:00Z,BATCH-AMZN-3045
PO_B12_003046,PayU Enterprise,TATA-INV-607666 PO_B12_003046,124444,2338,0,0,122106,INR,2026-08-14T02:23:00Z,BATCH-TATA-3046
PO_B12_003047,BillDesk Settlement,BLNK-INV-725542 PO_B12_003047,56241,1093,0,0,55148,INR,2026-08-13T17:18:00Z,BATCH-BLNK-3047
PO_B12_003048,Cashfree Escrow,JIOO-INV-347449 PO_B12_003048,206456,3425,0,0,203031,INR,2026-08-13T23:30:00Z,BATCH-JIOO-3048
PO_B12_003049,Stripe India,FLPK-ORD-403691 FLPK-ORD-354704 BATCH-FLPK-3049,219780,4395,0,0,215385,INR,2026-08-13T23:23:00Z,BATCH-FLPK-3049
PO_B12_003050,Razorpay Nodal,BKMS-INV-500809 PO_B12_003050,375801,7077,0,0,368724,INR,2026-08-14T04:07:00Z,BATCH-BKMS-3050
PO_B12_003051,Razorpay Nodal,JIOO-ORD-693736 JIOO-ORD-393429 JIOO-ORD-637478 BATCH-JIOO-3051,292164,5843,0,0,286321,INR,2026-08-13T23:49:00Z,BATCH-JIOO-3051
PO_B12_003052,Razorpay Nodal,OLAA-INV-600272 PO_B12_003052,39365,819,0,0,38546,INR,2026-08-14T02:45:00Z,BATCH-OLAA-3052
PO_B12_003053,PayU Enterprise,SWIG-INV-187684 PO_B12_003053,329194,7158,0,0,322036,INR,2026-08-14T06:00:00Z,BATCH-SWIG-3053
PO_B12_003054,Stripe India,TATA-INV-700218 PO_B12_003054,362403,8232,0,0,354171,INR,2026-08-14T09:22:00Z,BATCH-TATA-3054
PO_B12_003055,Cashfree Escrow,UBER-INV-975722 PO_B12_003055,38221,643,0,0,37578,INR,2026-08-13T17:41:00Z,BATCH-UBER-3055
PO_B12_003056,Razorpay Nodal,SWIG-INV-966275 PO_B12_003056,360820,7852,0,0,352968,INR,2026-08-14T09:58:00Z,BATCH-SWIG-3056
PO_B12_003057,BillDesk Settlement,AMZN-INV-324168 PO_B12_003057,343897,6097,0,0,337800,INR,2026-08-13T21:26:00Z,BATCH-AMZN-3057
PO_B12_003058,PayU Enterprise,ZOMA-INV-819734 PO_B12_003058,59429,1388,0,0,58041,INR,2026-08-14T00:52:00Z,BATCH-ZOMA-3058
PO_B12_003059,Cashfree Escrow,FLPK-ORD-352356 FLPK-ORD-456408 FLPK-ORD-457899 BATCH-FLPK-3059,551399,11027,0,0,540372,INR,2026-08-14T08:20:00Z,BATCH-FLPK-3059
PO_B12_003060,BillDesk Settlement,OLAA-INV-567584 PO_B12_003060,390862,7046,0,0,383816,INR,2026-08-13T23:24:00Z,BATCH-OLAA-3060
PO_B12_003061,PayU Enterprise,MYNT-EXC-541672-UNRESOLVED,85289,1695,0,0,83594,INR,2026-08-14T11:34:00Z,HOLD-ESCROW
PO_B12_003062,PayU Enterprise,AMZN-INV-673234 PO_B12_003062,330522,7462,0,0,323060,INR,2026-08-14T07:53:00Z,BATCH-AMZN-3062
PO_B12_003063,Razorpay Nodal,SWIG-ORD-688086 SWIG-ORD-185101 SWIG-ORD-487920 BATCH-SWIG-3063,273580,5471,0,0,268109,INR,2026-08-13T22:21:00Z,BATCH-SWIG-3063
PO_B12_003064,BillDesk Settlement,FLPK-EXC-639824-UNRESOLVED,259051,5171,0,0,253880,INR,2026-08-14T12:11:00Z,HOLD-ESCROW
PO_B12_003065,Cashfree Escrow,BLNK-INV-493496 PO_B12_003065,184809,3776,0,0,181033,INR,2026-08-14T20:10:00Z,BATCH-BLNK-3065
PO_B12_003066,BillDesk Settlement,ZOMA-INV-426703 PO_B12_003066,365306,8105,0,0,357201,INR,2026-08-14T06:07:00Z,BATCH-ZOMA-3066
PO_B12_003067,BillDesk Settlement,TATA-INV-742083 PO_B12_003067,164901,4022,0,0,160879,INR,2026-08-13T20:31:00Z,BATCH-TATA-3067
PO_B12_003068,PayU Enterprise,AMZN-INV-779907 PO_B12_003068,431514,9972,0,0,421542,INR,2026-08-13T23:25:00Z,BATCH-AMZN-3068
PO_B12_003069,Razorpay Nodal,BLNK-EXC-524220-UNRESOLVED,147999,2949,0,0,145050,INR,2026-08-14T15:32:00Z,HOLD-ESCROW
PO_B12_003070,Razorpay Nodal,MYNT-ORD-671123 MYNT-ORD-364376 BATCH-MYNT-3070,291043,5820,0,0,285223,INR,2026-08-14T15:05:00Z,BATCH-MYNT-3070
PO_B12_003071,PayU Enterprise,JIOO-INV-999102 PO_B12_003071,435423,10218,0,0,425205,INR,2026-08-14T10:29:00Z,BATCH-JIOO-3071
PO_B12_003072,PayU Enterprise,TATA-ORD-546015 TATA-ORD-338999 TATA-ORD-910442 BATCH-TATA-3072,417134,8342,0,0,408792,INR,2026-08-14T10:08:00Z,BATCH-TATA-3072
PO_B12_003073,BillDesk Settlement,SWIG-ORD-209098 SWIG-ORD-309525 BATCH-SWIG-3073,290127,5802,0,0,284325,INR,2026-08-14T15:12:00Z,BATCH-SWIG-3073
PO_B12_003074,Stripe India,AMZN-INV-768237 PO_B12_003074,96105,1853,0,0,94252,INR,2026-08-13T22:47:00Z,BATCH-AMZN-3074
PO_B12_003075,BillDesk Settlement,PAYT-EXC-335816-UNRESOLVED,289824,5786,0,0,284038,INR,2026-08-15T00:41:00Z,HOLD-ESCROW
PO_B12_003076,BillDesk Settlement,BLNK-INV-682160 PO_B12_003076,388424,8692,0,0,379732,INR,2026-08-14T10:29:00Z,BATCH-BLNK-3076
PO_B12_003077,Cashfree Escrow,BLNK-INV-104046 PO_B12_003077,373835,6781,0,0,367054,INR,2026-08-14T04:23:00Z,BATCH-BLNK-3077
PO_B12_003078,Stripe India,JIOO-ORD-152490 JIOO-ORD-146275 JIOO-ORD-323627 BATCH-JIOO-3078,240464,4809,0,0,235655,INR,2026-08-14T18:08:00Z,BATCH-JIOO-3078
PO_B12_003079,Razorpay Nodal,OLAA-ORD-579509 OLAA-ORD-197925 OLAA-ORD-936150 BATCH-OLAA-3079,508067,10161,0,0,497906,INR,2026-08-14T06:26:00Z,BATCH-OLAA-3079
PO_B12_003080,Cashfree Escrow,MYNT-INV-184530 PO_B12_003080,272297,5003,0,0,267294,INR,2026-08-13T20:03:00Z,BATCH-MYNT-3080
PO_B12_003081,BillDesk Settlement,TATA-INV-321663 PO_B12_003081,337463,8007,0,0,329456,INR,2026-08-13T19:21:00Z,BATCH-TATA-3081
PO_B12_003082,BillDesk Settlement,UBER-INV-645087 PO_B12_003082,147497,3551,0,0,143946,INR,2026-08-14T07:20:00Z,BATCH-UBER-3082
PO_B12_003083,Stripe India,UBER-INV-238784 PO_B12_003083,115919,2790,0,0,113129,INR,2026-08-13T21:07:00Z,BATCH-UBER-3083
PO_B12_003084,Cashfree Escrow,UBER-INV-661493 PO_B12_003084,352389,5691,0,0,346698,INR,2026-08-14T07:53:00Z,BATCH-UBER-3084
PO_B12_003085,Cashfree Escrow,MMTR-ORD-615142 MMTR-ORD-884192 MMTR-ORD-911034 BATCH-MMTR-3085,573365,11467,0,0,561898,INR,2026-08-13T22:17:00Z,BATCH-MMTR-3085
PO_B12_003086,Cashfree Escrow,OLAA-INV-507013 PO_B12_003086,110577,2103,0,0,108474,INR,2026-08-15T01:12:00Z,BATCH-OLAA-3086
PO_B12_003087,Razorpay Nodal,PHNP-INV-651063 PO_B12_003087,300641,6988,0,0,293653,INR,2026-08-13T22:02:00Z,BATCH-PHNP-3087
PO_B12_003088,Razorpay Nodal,MYNT-INV-288835 PO_B12_003088,278524,6733,0,0,271791,INR,2026-08-14T05:33:00Z,BATCH-MYNT-3088
PO_B12_003089,Razorpay Nodal,ZOMA-ORD-392727 ZOMA-ORD-166546 BATCH-ZOMA-3089,372332,7446,0,0,364886,INR,2026-08-14T10:06:00Z,BATCH-ZOMA-3089
PO_B12_003090,Stripe India,MMTR-INV-754765 PO_B12_003090,391456,9768,0,0,381688,INR,2026-08-14T11:22:00Z,BATCH-MMTR-3090
PO_B12_003091,PayU Enterprise,PHNP-INV-633169 PO_B12_003091,412178,7573,0,0,404605,INR,2026-08-14T13:30:00Z,BATCH-PHNP-3091
PO_B12_003092,PayU Enterprise,UBER-INV-464451 PO_B12_003092,290595,4368,0,0,286227,INR,2026-08-14T07:31:00Z,BATCH-UBER-3092
PO_B12_003093,Cashfree Escrow,FLPK-INV-655472 PO_B12_003093,96843,1483,0,0,95360,INR,2026-08-13T18:02:00Z,BATCH-FLPK-3093
PO_B12_003094,BillDesk Settlement,UBER-EXC-424225-UNRESOLVED,101339,2016,0,0,99323,INR,2026-08-14T16:36:00Z,HOLD-ESCROW
PO_B12_003095,PayU Enterprise,UBER-INV-970418 PO_B12_003095,246543,5033,0,0,241510,INR,2026-08-14T08:34:00Z,BATCH-UBER-3095
PO_B12_003096,PayU Enterprise,NYKA-INV-517229 PO_B12_003096,304680,5864,0,0,298816,INR,2026-08-14T07:55:00Z,BATCH-NYKA-3096
PO_B12_003097,Stripe India,PAYT-INV-668052 PO_B12_003097,440035,10775,0,0,429260,INR,2026-08-14T07:03:00Z,BATCH-PAYT-3097
PO_B12_003098,Razorpay Nodal,BBAS-INV-993164 PO_B12_003098,326646,5316,0,0,321330,INR,2026-08-14T02:27:00Z,BATCH-BBAS-3098
PO_B12_003099,Cashfree Escrow,ZOMA-INV-901089 PO_B12_003099,64999,1034,0,0,63965,INR,2026-08-13T23:55:00Z,BATCH-ZOMA-3099
PO_B12_003100,Stripe India,PAYT-INV-773801 PO_B12_003100,158371,3835,0,0,154536,INR,2026-08-14T07:44:00Z,BATCH-PAYT-3100
PO_B12_003101,BillDesk Settlement,PAYT-INV-592850 PO_B12_003101,94293,1425,0,0,92868,INR,2026-08-14T06:53:00Z,BATCH-PAYT-3101
PO_B12_003102,BillDesk Settlement,UBER-INV-886232 PO_B12_003102,312403,5466,0,0,306937,INR,2026-08-14T03:19:00Z,BATCH-UBER-3102
PO_B12_003103,PayU Enterprise,SWIG-ORD-572323 SWIG-ORD-197171 BATCH-SWIG-3103,360934,7218,0,0,353716,INR,2026-08-14T20:02:00Z,BATCH-SWIG-3103
PO_B12_003104,Razorpay Nodal,MYNT-ORD-285053 MYNT-ORD-746728 MYNT-ORD-708603 BATCH-MYNT-3104,591085,11821,0,0,579264,INR,2026-08-13T21:59:00Z,BATCH-MYNT-3104
PO_B12_003105,BillDesk Settlement,JIOO-INV-824550 PO_B12_003105,245025,3685,0,0,241340,INR,2026-08-14T07:26:00Z,BATCH-JIOO-3105
PO_B12_003106,BillDesk Settlement,PAYT-ORD-822283 PAYT-ORD-803927 PAYT-ORD-974717 BATCH-PAYT-3106,503049,10060,0,0,492989,INR,2026-08-14T04:17:00Z,BATCH-PAYT-3106
PO_B12_003107,Stripe India,NYKA-ORD-124716 NYKA-ORD-963611 BATCH-NYKA-3107,246625,4932,0,0,241693,INR,2026-08-14T11:36:00Z,BATCH-NYKA-3107
PO_B12_003108,Cashfree Escrow,PAYT-INV-160798 PO_B12_003108,368309,7400,0,0,360909,INR,2026-08-14T22:04:00Z,BATCH-PAYT-3108
PO_B12_003109,Razorpay Nodal,PAYT-INV-292356 PO_B12_003109,368976,7216,0,0,361760,INR,2026-08-14T13:02:00Z,BATCH-PAYT-3109
PO_B12_003110,BillDesk Settlement,ZOMA-INV-346686 PO_B12_003110,108979,1847,0,0,107132,INR,2026-08-13T19:53:00Z,BATCH-ZOMA-3110
PO_B12_003111,BillDesk Settlement,UBER-INV-248621 PO_B12_003111,101082,1894,0,0,99188,INR,2026-08-14T01:44:00Z,BATCH-UBER-3111
PO_B12_003112,Razorpay Nodal,BLNK-ORD-282413 BLNK-ORD-958216 BLNK-ORD-999508 BATCH-BLNK-3112,343629,6872,0,0,336757,INR,2026-08-14T01:05:00Z,BATCH-BLNK-3112
PO_B12_003113,Razorpay Nodal,FLPK-INV-836511 PO_B12_003113,28724,473,0,0,28251,INR,2026-08-14T19:53:00Z,BATCH-FLPK-3113
PO_B12_003114,Stripe India,PAYT-ORD-831641 PAYT-ORD-973043 PAYT-ORD-315461 BATCH-PAYT-3114,367959,7359,0,0,360600,INR,2026-08-14T09:20:00Z,BATCH-PAYT-3114
PO_B12_003115,PayU Enterprise,FLPK-INV-168590 PO_B12_003115,329065,5691,0,0,323374,INR,2026-08-13T18:19:00Z,BATCH-FLPK-3115
PO_B12_003116,Stripe India,JIOO-INV-481192 PO_B12_003116,45263,1085,0,0,44178,INR,2026-08-14T03:39:00Z,BATCH-JIOO-3116
PO_B12_003117,Stripe India,PHNP-INV-653272 PO_B12_003117,170577,4086,0,0,166491,INR,2026-08-14T05:51:00Z,BATCH-PHNP-3117
PO_B12_003118,BillDesk Settlement,MMTR-INV-253121 PO_B12_003118,170522,3626,0,0,166896,INR,2026-08-13T23:56:00Z,BATCH-MMTR-3118
PO_B12_003119,Razorpay Nodal,BKMS-INV-929919 PO_B12_003119,214131,4250,0,0,209881,INR,2026-08-14T13:09:00Z,BATCH-BKMS-3119
PO_B12_003120,PayU Enterprise,MMTR-INV-484234 PO_B12_003120,44608,1008,0,0,43600,INR,2026-08-14T14:41:00Z,BATCH-MMTR-3120
PO_B12_003121,Stripe India,MYNT-ORD-895916 MYNT-ORD-430126 MYNT-ORD-820399 BATCH-MYNT-3121,478458,9569,0,0,468889,INR,2026-08-14T09:11:00Z,BATCH-MYNT-3121
PO_B12_003122,Stripe India,MMTR-INV-856560 PO_B12_003122,255339,5201,0,0,250138,INR,2026-08-14T11:17:00Z,BATCH-MMTR-3122
PO_B12_003123,Cashfree Escrow,SWIG-INV-687857 PO_B12_003123,37651,663,0,0,36988,INR,2026-08-14T19:14:00Z,BATCH-SWIG-3123
PO_B12_003124,BillDesk Settlement,ZOMA-INV-182279 PO_B12_003124,30074,643,0,0,29431,INR,2026-08-14T19:43:00Z,BATCH-ZOMA-3124
PO_B12_003125,Cashfree Escrow,MMTR-ORD-806890 MMTR-ORD-923889 MMTR-ORD-693833 BATCH-MMTR-3125,370308,7406,0,0,362902,INR,2026-08-14T14:00:00Z,BATCH-MMTR-3125
PO_B12_003126,Razorpay Nodal,MMTR-INV-968947 PO_B12_003126,111613,1972,0,0,109641,INR,2026-08-14T12:15:00Z,BATCH-MMTR-3126
PO_B12_003127,Stripe India,NYKA-INV-404868 PO_B12_003127,316026,6149,0,0,309877,INR,2026-08-14T17:26:00Z,BATCH-NYKA-3127
PO_B12_003128,Stripe India,SWIG-ORD-780216 SWIG-ORD-882080 SWIG-ORD-146509 BATCH-SWIG-3128,458832,9176,0,0,449656,INR,2026-08-14T14:04:00Z,BATCH-SWIG-3128
PO_B12_003129,PayU Enterprise,BBAS-INV-191158 PO_B12_003129,220940,4225,0,0,216715,INR,2026-08-13T23:26:00Z,BATCH-BBAS-3129
PO_B12_003130,Stripe India,TATA-ORD-161902 TATA-ORD-112648 BATCH-TATA-3130,259051,5181,0,0,253870,INR,2026-08-14T14:17:00Z,BATCH-TATA-3130
PO_B12_003131,PayU Enterprise,OLAA-INV-817903 PO_B12_003131,68845,1406,0,0,67439,INR,2026-08-14T10:21:00Z,BATCH-OLAA-3131
PO_B12_003132,BillDesk Settlement,TATA-INV-763743 PO_B12_003132,131670,2698,0,0,128972,INR,2026-08-14T08:31:00Z,BATCH-TATA-3132
PO_B12_003133,Cashfree Escrow,BKMS-ORD-211481 BKMS-ORD-160878 BATCH-BKMS-3133,138049,2760,0,0,135289,INR,2026-08-14T14:17:00Z,BATCH-BKMS-3133
PO_B12_003134,Stripe India,SWIG-INV-663964 PO_B12_003134,45506,891,0,0,44615,INR,2026-08-14T13:41:00Z,BATCH-SWIG-3134
PO_B12_003135,Cashfree Escrow,OLAA-INV-327892 PO_B12_003135,186295,4425,0,0,181870,INR,2026-08-14T12:21:00Z,BATCH-OLAA-3135
PO_B12_003136,Stripe India,MMTR-ORD-503286 MMTR-ORD-366359 MMTR-ORD-822633 BATCH-MMTR-3136,535153,10703,0,0,524450,INR,2026-08-14T11:18:00Z,BATCH-MMTR-3136
PO_B12_003137,Cashfree Escrow,PHNP-INV-913825 PO_B12_003137,53802,1178,0,0,52624,INR,2026-08-13T21:04:00Z,BATCH-PHNP-3137
PO_B12_003138,BillDesk Settlement,OLAA-ORD-757603 OLAA-ORD-312318 BATCH-OLAA-3138,308531,6170,0,0,302361,INR,2026-08-13T21:03:00Z,BATCH-OLAA-3138
PO_B12_003139,Stripe India,BLNK-INV-401557 PO_B12_003139,69898,1541,0,0,68357,INR,2026-08-14T02:06:00Z,BATCH-BLNK-3139
PO_B12_003140,Razorpay Nodal,BLNK-EXC-783375-UNRESOLVED,57447,1138,0,0,56309,INR,2026-08-14T13:31:00Z,HOLD-ESCROW
PO_B12_003141,BillDesk Settlement,PHNP-INV-184922 PO_B12_003141,78494,1197,0,0,77297,INR,2026-08-14T04:14:00Z,BATCH-PHNP-3141
PO_B12_003142,PayU Enterprise,MYNT-INV-550400 PO_B12_003142,171262,3706,0,0,167556,INR,2026-08-14T12:52:00Z,BATCH-MYNT-3142
PO_B12_003143,BillDesk Settlement,MYNT-INV-401830 PO_B12_003143,230730,5202,0,0,225528,INR,2026-08-14T10:03:00Z,BATCH-MYNT-3143
PO_B12_003144,Stripe India,PHNP-ORD-878757 PHNP-ORD-629984 BATCH-PHNP-3144,163205,3264,0,0,159941,INR,2026-08-14T03:58:00Z,BATCH-PHNP-3144
PO_B12_003145,Stripe India,ZOMA-ORD-910182 ZOMA-ORD-472875 BATCH-ZOMA-3145,321643,6432,0,0,315211,INR,2026-08-14T05:47:00Z,BATCH-ZOMA-3145
PO_B12_003146,Cashfree Escrow,UBER-INV-408583 PO_B12_003146,290154,5794,0,0,284360,INR,2026-08-14T03:59:00Z,BATCH-UBER-3146
PO_B12_003147,PayU Enterprise,TATA-ORD-727043 TATA-ORD-963647 TATA-ORD-122524 BATCH-TATA-3147,380136,7602,0,0,372534,INR,2026-08-14T12:48:00Z,BATCH-TATA-3147
PO_B12_003148,PayU Enterprise,AMZN-INV-637104 PO_B12_003148,307516,6495,0,0,301021,INR,2026-08-14T05:05:00Z,BATCH-AMZN-3148
PO_B12_003149,BillDesk Settlement,OLAA-INV-652163 PO_B12_003149,44484,1015,0,0,43469,INR,2026-08-14T07:58:00Z,BATCH-OLAA-3149
PO_B12_003150,Stripe India,OLAA-ORD-854878 OLAA-ORD-415207 OLAA-ORD-635229 BATCH-OLAA-3150,507169,10143,0,0,497026,INR,2026-08-13T23:05:00Z,BATCH-OLAA-3150
PO_B12_003151,BillDesk Settlement,SWIG-INV-406748 PO_B12_003151,266909,6324,0,0,260585,INR,2026-08-13T17:19:00Z,BATCH-SWIG-3151
PO_B12_003152,Razorpay Nodal,NYKA-ORD-335763 NYKA-ORD-268456 BATCH-NYKA-3152,198272,3965,0,0,194307,INR,2026-08-14T08:07:00Z,BATCH-NYKA-3152
PO_B12_003153,Razorpay Nodal,SWIG-INV-884435 PO_B12_003153,416198,9303,0,0,406895,INR,2026-08-14T09:29:00Z,BATCH-SWIG-3153
PO_B12_003154,BillDesk Settlement,SWIG-ORD-114940 SWIG-ORD-488218 SWIG-ORD-885203 BATCH-SWIG-3154,319651,6393,0,0,313258,INR,2026-08-14T12:49:00Z,BATCH-SWIG-3154
PO_B12_003155,BillDesk Settlement,AMZN-INV-893474 PO_B12_003155,296673,4846,0,0,291827,INR,2026-08-14T16:31:00Z,BATCH-AMZN-3155
PO_B12_003156,Cashfree Escrow,FLPK-INV-761137 PO_B12_003156,278394,6557,0,0,271837,INR,2026-08-13T16:18:00Z,BATCH-FLPK-3156
PO_B12_003157,PayU Enterprise,UBER-ORD-836481 UBER-ORD-907683 UBER-ORD-234808 BATCH-UBER-3157,475806,9516,0,0,466290,INR,2026-08-14T06:09:00Z,BATCH-UBER-3157
PO_B12_003158,Razorpay Nodal,FLPK-INV-768693 PO_B12_003158,434894,6578,0,0,428316,INR,2026-08-14T11:08:00Z,BATCH-FLPK-3158
PO_B12_003159,PayU Enterprise,BBAS-ORD-483623 BBAS-ORD-807362 BATCH-BBAS-3159,357906,7158,0,0,350748,INR,2026-08-14T20:16:00Z,BATCH-BBAS-3159
PO_B12_003160,PayU Enterprise,MYNT-INV-397889 PO_B12_003160,439519,10930,0,0,428589,INR,2026-08-14T17:51:00Z,BATCH-MYNT-3160
PO_B12_003161,Stripe India,BLNK-INV-352261 PO_B12_003161,257074,5841,0,0,251233,INR,2026-08-14T14:59:00Z,BATCH-BLNK-3161
PO_B12_003162,BillDesk Settlement,PAYT-INV-688108 PO_B12_003162,108147,2697,0,0,105450,INR,2026-08-13T23:29:00Z,BATCH-PAYT-3162
PO_B12_003163,Stripe India,PAYT-INV-503046 PO_B12_003163,48153,1051,0,0,47102,INR,2026-08-14T03:39:00Z,BATCH-PAYT-3163
PO_B12_003164,Stripe India,OLAA-INV-996919 PO_B12_003164,59202,1243,0,0,57959,INR,2026-08-14T11:21:00Z,BATCH-OLAA-3164
PO_B12_003165,Stripe India,BBAS-INV-239212 PO_B12_003165,344462,8582,0,0,335880,INR,2026-08-14T10:24:00Z,BATCH-BBAS-3165
PO_B12_003166,Stripe India,NYKA-ORD-877463 NYKA-ORD-423187 NYKA-ORD-901781 BATCH-NYKA-3166,348350,6967,0,0,341383,INR,2026-08-14T07:56:00Z,BATCH-NYKA-3166
PO_B12_003167,PayU Enterprise,SWIG-ORD-710204 SWIG-ORD-619996 SWIG-ORD-329943 BATCH-SWIG-3167,465227,9304,0,0,455923,INR,2026-08-14T10:06:00Z,BATCH-SWIG-3167
PO_B12_003168,Stripe India,NYKA-ORD-730343 NYKA-ORD-713295 BATCH-NYKA-3168,311640,6232,0,0,305408,INR,2026-08-13T23:25:00Z,BATCH-NYKA-3168
PO_B12_003169,Stripe India,BLNK-INV-716641 PO_B12_003169,313701,5883,0,0,307818,INR,2026-08-14T07:13:00Z,BATCH-BLNK-3169
PO_B12_003170,PayU Enterprise,SWIG-INV-944709 PO_B12_003170,141038,3080,0,0,137958,INR,2026-08-14T02:20:00Z,BATCH-SWIG-3170
PO_B12_003171,BillDesk Settlement,NYKA-INV-244746 PO_B12_003171,258942,4195,0,0,254747,INR,2026-08-14T01:10:00Z,BATCH-NYKA-3171
PO_B12_003172,Stripe India,BLNK-INV-807106 PO_B12_003172,285686,7003,0,0,278683,INR,2026-08-14T02:01:00Z,BATCH-BLNK-3172
PO_B12_003173,Razorpay Nodal,MYNT-INV-315530 PO_B12_003173,231630,4310,0,0,227320,INR,2026-08-14T03:12:00Z,BATCH-MYNT-3173
PO_B12_003174,Razorpay Nodal,AMZN-INV-199000 PO_B12_003174,77199,1384,0,0,75815,INR,2026-08-14T08:16:00Z,BATCH-AMZN-3174
PO_B12_003175,PayU Enterprise,MMTR-INV-330895 PO_B12_003175,120085,2279,0,0,117806,INR,2026-08-14T06:43:00Z,BATCH-MMTR-3175
PO_B12_003176,Cashfree Escrow,ZOMA-INV-276485 PO_B12_003176,91184,1537,0,0,89647,INR,2026-08-14T03:23:00Z,BATCH-ZOMA-3176
PO_B12_003177,Stripe India,BBAS-ORD-713870 BBAS-ORD-613303 BBAS-ORD-252587 BATCH-BBAS-3177,498426,9968,0,0,488458,INR,2026-08-14T15:15:00Z,BATCH-BBAS-3177
PO_B12_003178,BillDesk Settlement,OLAA-INV-150700 PO_B12_003178,345974,5894,0,0,340080,INR,2026-08-14T01:26:00Z,BATCH-OLAA-3178
PO_B12_003179,BillDesk Settlement,SWIG-INV-301822 PO_B12_003179,235663,5325,0,0,230338,INR,2026-08-14T06:24:00Z,BATCH-SWIG-3179
PO_B12_003180,Cashfree Escrow,TATA-INV-177265 PO_B12_003180,366229,7493,0,0,358736,INR,2026-08-14T05:16:00Z,BATCH-TATA-3180
PO_B12_003181,BillDesk Settlement,SWIG-INV-155510 PO_B12_003181,86238,1493,0,0,84745,INR,2026-08-14T02:52:00Z,BATCH-SWIG-3181
PO_B12_003182,BillDesk Settlement,JIOO-INV-527977 PO_B12_003182,31750,559,0,0,31191,INR,2026-08-13T14:49:00Z,BATCH-JIOO-3182
PO_B12_003183,PayU Enterprise,TATA-ORD-352308 TATA-ORD-719383 BATCH-TATA-3183,136604,2732,0,0,133872,INR,2026-08-14T08:47:00Z,BATCH-TATA-3183
PO_B12_003184,Razorpay Nodal,JIOO-INV-106834 PO_B12_003184,66796,1493,0,0,65303,INR,2026-08-14T08:48:00Z,BATCH-JIOO-3184
PO_B12_003185,Stripe India,BKMS-INV-129346 PO_B12_003185,169694,3247,0,0,166447,INR,2026-08-14T04:21:00Z,BATCH-BKMS-3185
PO_B12_003186,Razorpay Nodal,TATA-INV-908616 PO_B12_003186,295748,6449,0,0,289299,INR,2026-08-15T00:14:00Z,BATCH-TATA-3186
PO_B12_003187,PayU Enterprise,AMZN-INV-468243 PO_B12_003187,243219,4244,0,0,238975,INR,2026-08-14T06:17:00Z,BATCH-AMZN-3187
PO_B12_003188,Stripe India,NYKA-ORD-200426 NYKA-ORD-692763 NYKA-ORD-250516 BATCH-NYKA-3188,400515,8010,0,0,392505,INR,2026-08-14T05:57:00Z,BATCH-NYKA-3188
PO_B12_003189,PayU Enterprise,FLPK-INV-402775 PO_B12_003189,316222,5364,0,0,310858,INR,2026-08-13T16:10:00Z,BATCH-FLPK-3189
PO_B12_003190,PayU Enterprise,AMZN-ORD-404963 AMZN-ORD-873376 BATCH-AMZN-3190,225008,4500,0,0,220508,INR,2026-08-14T17:55:00Z,BATCH-AMZN-3190
PO_B12_003191,Cashfree Escrow,BKMS-INV-338110 PO_B12_003191,135152,3181,0,0,131971,INR,2026-08-15T00:11:00Z,BATCH-BKMS-3191
PO_B12_003192,BillDesk Settlement,PHNP-ORD-787393 PHNP-ORD-239092 PHNP-ORD-404762 BATCH-PHNP-3192,442822,8856,0,0,433966,INR,2026-08-14T10:33:00Z,BATCH-PHNP-3192
PO_B12_003193,Razorpay Nodal,BKMS-INV-692429 PO_B12_003193,188118,2898,0,0,185220,INR,2026-08-14T06:20:00Z,BATCH-BKMS-3193
PO_B12_003194,Stripe India,ZOMA-ORD-692093 ZOMA-ORD-392243 ZOMA-ORD-792711 BATCH-ZOMA-3194,373374,7467,0,0,365907,INR,2026-08-13T23:21:00Z,BATCH-ZOMA-3194
PO_B12_003195,PayU Enterprise,PHNP-INV-218481 PO_B12_003195,259590,5317,0,0,254273,INR,2026-08-13T16:11:00Z,BATCH-PHNP-3195
PO_B12_003196,Cashfree Escrow,FLPK-ORD-901914 FLPK-ORD-737320 BATCH-FLPK-3196,244950,4899,0,0,240051,INR,2026-08-13T21:26:00Z,BATCH-FLPK-3196
PO_B12_003197,BillDesk Settlement,SWIG-INV-904790 PO_B12_003197,309163,4954,0,0,304209,INR,2026-08-14T19:34:00Z,BATCH-SWIG-3197
PO_B12_003198,Razorpay Nodal,PAYT-INV-963407 PO_B12_003198,86804,1609,0,0,85195,INR,2026-08-13T18:57:00Z,BATCH-PAYT-3198
PO_B12_003199,BillDesk Settlement,SWIG-INV-990731 PO_B12_003199,157738,3262,0,0,154476,INR,2026-08-14T20:15:00Z,BATCH-SWIG-3199
PO_B12_003200,PayU Enterprise,UBER-ORD-389867 UBER-ORD-889879 UBER-ORD-960418 BATCH-UBER-3200,466803,9336,0,0,457467,INR,2026-08-14T11:45:00Z,BATCH-UBER-3200
PO_B12_003201,Stripe India,BLNK-ORD-534618 BLNK-ORD-360645 BATCH-BLNK-3201,253656,5073,0,0,248583,INR,2026-08-14T18:00:00Z,BATCH-BLNK-3201
PO_B12_003202,Stripe India,UBER-INV-441983 PO_B12_003202,359444,6267,0,0,353177,INR,2026-08-13T16:01:00Z,BATCH-UBER-3202
PO_B12_003203,Cashfree Escrow,MYNT-INV-244384 PO_B12_003203,246711,5116,0,0,241595,INR,2026-08-14T22:54:00Z,BATCH-MYNT-3203
PO_B12_003204,Cashfree Escrow,BKMS-INV-212469 PO_B12_003204,228681,4484,0,0,224197,INR,2026-08-14T09:46:00Z,BATCH-BKMS-3204
PO_B12_003205,Stripe India,PAYT-INV-883621 PO_B12_003205,378712,7636,0,0,371076,INR,2026-08-13T17:58:00Z,BATCH-PAYT-3205
PO_B12_003206,BillDesk Settlement,SWIG-INV-366705 PO_B12_003206,66139,1427,0,0,64712,INR,2026-08-14T08:50:00Z,BATCH-SWIG-3206
PO_B12_003207,Razorpay Nodal,OLAA-ORD-725586 OLAA-ORD-582412 OLAA-ORD-978471 BATCH-OLAA-3207,422672,8453,0,0,414219,INR,2026-08-14T03:20:00Z,BATCH-OLAA-3207
PO_B12_003208,BillDesk Settlement,OLAA-EXC-217355-UNRESOLVED,53821,1066,0,0,52755,INR,2026-08-14T17:04:00Z,HOLD-ESCROW
PO_B12_003209,Razorpay Nodal,BBAS-INV-571965 PO_B12_003209,266086,4699,0,0,261387,INR,2026-08-14T18:22:00Z,BATCH-BBAS-3209
PO_B12_003210,Cashfree Escrow,ZOMA-INV-617762 PO_B12_003210,262087,4154,0,0,257933,INR,2026-08-14T19:22:00Z,BATCH-ZOMA-3210
PO_B12_003211,Razorpay Nodal,AMZN-ORD-403327 AMZN-ORD-689669 BATCH-AMZN-3211,236371,4727,0,0,231644,INR,2026-08-14T18:24:00Z,BATCH-AMZN-3211
PO_B12_003212,Cashfree Escrow,MMTR-EXC-437481-UNRESOLVED,97039,1930,0,0,95109,INR,2026-08-15T01:07:00Z,HOLD-ESCROW
PO_B12_003213,BillDesk Settlement,OLAA-ORD-543519 OLAA-ORD-329529 BATCH-OLAA-3213,268529,5370,0,0,263159,INR,2026-08-14T16:43:00Z,BATCH-OLAA-3213
PO_B12_003214,BillDesk Settlement,SWIG-ORD-745701 SWIG-ORD-947060 BATCH-SWIG-3214,369080,7381,0,0,361699,INR,2026-08-14T11:21:00Z,BATCH-SWIG-3214
PO_B12_003215,BillDesk Settlement,JIOO-ORD-769065 JIOO-ORD-274212 JIOO-ORD-887411 BATCH-JIOO-3215,295758,5915,0,0,289843,INR,2026-08-14T02:44:00Z,BATCH-JIOO-3215
PO_B12_003216,Cashfree Escrow,NYKA-INV-511045 PO_B12_003216,351289,8000,0,0,343289,INR,2026-08-14T12:45:00Z,BATCH-NYKA-3216
PO_B12_003217,PayU Enterprise,PAYT-INV-548375 PO_B12_003217,159468,2815,0,0,156653,INR,2026-08-14T05:11:00Z,BATCH-PAYT-3217
PO_B12_003218,Razorpay Nodal,UBER-ORD-547261 UBER-ORD-771798 BATCH-UBER-3218,333442,6668,0,0,326774,INR,2026-08-13T22:51:00Z,BATCH-UBER-3218
PO_B12_003219,BillDesk Settlement,MMTR-INV-142614 PO_B12_003219,223622,3995,0,0,219627,INR,2026-08-13T17:49:00Z,BATCH-MMTR-3219
PO_B12_003220,PayU Enterprise,AMZN-ORD-142230 AMZN-ORD-128849 BATCH-AMZN-3220,398255,7965,0,0,390290,INR,2026-08-14T07:37:00Z,BATCH-AMZN-3220
PO_B12_003221,BillDesk Settlement,MYNT-INV-587998 PO_B12_003221,328988,7678,0,0,321310,INR,2026-08-13T21:18:00Z,BATCH-MYNT-3221
PO_B12_003222,Razorpay Nodal,FLPK-INV-113308 PO_B12_003222,435669,9912,0,0,425757,INR,2026-08-14T16:36:00Z,BATCH-FLPK-3222
PO_B12_003223,BillDesk Settlement,FLPK-INV-911089 PO_B12_003223,413038,10048,0,0,402990,INR,2026-08-14T05:43:00Z,BATCH-FLPK-3223
PO_B12_003224,Cashfree Escrow,OLAA-INV-416796 PO_B12_003224,220410,4839,0,0,215571,INR,2026-08-14T02:18:00Z,BATCH-OLAA-3224
PO_B12_003225,PayU Enterprise,JIOO-INV-718070 PO_B12_003225,278742,4867,0,0,273875,INR,2026-08-14T10:28:00Z,BATCH-JIOO-3225
PO_B12_003226,Cashfree Escrow,ZOMA-INV-275046 PO_B12_003226,270765,4473,0,0,266292,INR,2026-08-14T00:56:00Z,BATCH-ZOMA-3226
PO_B12_003227,Stripe India,MMTR-ORD-896242 MMTR-ORD-432850 MMTR-ORD-723040 BATCH-MMTR-3227,632431,12648,0,0,619783,INR,2026-08-14T11:32:00Z,BATCH-MMTR-3227
PO_B12_003228,Stripe India,MYNT-INV-817625 PO_B12_003228,349045,7563,0,0,341482,INR,2026-08-14T15:01:00Z,BATCH-MYNT-3228
PO_B12_003229,Razorpay Nodal,MMTR-INV-781859 PO_B12_003229,419163,7745,0,0,411418,INR,2026-08-14T07:40:00Z,BATCH-MMTR-3229
PO_B12_003230,PayU Enterprise,MMTR-INV-880989 PO_B12_003230,79246,1503,0,0,77743,INR,2026-08-13T21:07:00Z,BATCH-MMTR-3230
PO_B12_003231,BillDesk Settlement,PAYT-INV-375829 PO_B12_003231,217075,4134,0,0,212941,INR,2026-08-14T18:14:00Z,BATCH-PAYT-3231
PO_B12_003232,Stripe India,TATA-INV-255898 PO_B12_003232,122680,2149,0,0,120531,INR,2026-08-14T15:45:00Z,BATCH-TATA-3232
PO_B12_003233,PayU Enterprise,ZOMA-INV-251653 PO_B12_003233,356921,6282,0,0,350639,INR,2026-08-14T08:50:00Z,BATCH-ZOMA-3233
PO_B12_003234,Stripe India,PHNP-INV-337422 PO_B12_003234,325290,8098,0,0,317192,INR,2026-08-14T14:40:00Z,BATCH-PHNP-3234
PO_B12_003235,Cashfree Escrow,PAYT-ORD-321460 PAYT-ORD-505517 BATCH-PAYT-3235,166297,3325,0,0,162972,INR,2026-08-14T05:27:00Z,BATCH-PAYT-3235
PO_B12_003236,Cashfree Escrow,MMTR-ORD-567980 MMTR-ORD-101017 BATCH-MMTR-3236,270475,5409,0,0,265066,INR,2026-08-14T00:17:00Z,BATCH-MMTR-3236
PO_B12_003237,Cashfree Escrow,ZOMA-INV-215149 PO_B12_003237,99234,1971,0,0,97263,INR,2026-08-13T19:43:00Z,BATCH-ZOMA-3237
PO_B12_003238,PayU Enterprise,FLPK-ORD-680383 FLPK-ORD-154734 FLPK-ORD-672177 BATCH-FLPK-3238,360443,7208,0,0,353235,INR,2026-08-14T03:13:00Z,BATCH-FLPK-3238
PO_B12_003239,Stripe India,JIOO-INV-163179 PO_B12_003239,137949,2546,0,0,135403,INR,2026-08-13T16:35:00Z,BATCH-JIOO-3239
PO_B12_003240,PayU Enterprise,ZOMA-ORD-914451 ZOMA-ORD-271200 BATCH-ZOMA-3240,253003,5060,0,0,247943,INR,2026-08-14T10:22:00Z,BATCH-ZOMA-3240
PO_B12_003241,Razorpay Nodal,ZOMA-INV-265228 PO_B12_003241,280305,6632,0,0,273673,INR,2026-08-14T17:55:00Z,BATCH-ZOMA-3241
PO_B12_003242,PayU Enterprise,TATA-ORD-477905 TATA-ORD-498776 BATCH-TATA-3242,203229,4064,0,0,199165,INR,2026-08-13T23:41:00Z,BATCH-TATA-3242
PO_B12_003243,Cashfree Escrow,FLPK-ORD-941117 FLPK-ORD-695861 BATCH-FLPK-3243,197661,3953,0,0,193708,INR,2026-08-14T00:44:00Z,BATCH-FLPK-3243
PO_B12_003244,Razorpay Nodal,BKMS-INV-210198 PO_B12_003244,433535,9515,0,0,424020,INR,2026-08-13T16:35:00Z,BATCH-BKMS-3244
PO_B12_003245,BillDesk Settlement,FLPK-INV-672592 PO_B12_003245,185111,3591,0,0,181520,INR,2026-08-14T05:45:00Z,BATCH-FLPK-3245
PO_B12_003246,BillDesk Settlement,OLAA-INV-184718 PO_B12_003246,106661,1785,0,0,104876,INR,2026-08-14T05:56:00Z,BATCH-OLAA-3246
PO_B12_003247,Cashfree Escrow,TATA-INV-304115 PO_B12_003247,229917,4652,0,0,225265,INR,2026-08-14T09:21:00Z,BATCH-TATA-3247
PO_B12_003248,Cashfree Escrow,BBAS-INV-471355 PO_B12_003248,290122,4450,0,0,285672,INR,2026-08-14T22:54:00Z,BATCH-BBAS-3248
PO_B12_003249,BillDesk Settlement,BLNK-INV-811211 PO_B12_003249,234196,4131,0,0,230065,INR,2026-08-13T17:21:00Z,BATCH-BLNK-3249
PO_B12_003250,Razorpay Nodal,TATA-ORD-897638 TATA-ORD-118368 BATCH-TATA-3250,284056,5681,0,0,278375,INR,2026-08-13T23:02:00Z,BATCH-TATA-3250
PO_B12_003251,Stripe India,AMZN-INV-670860 PO_B12_003251,374044,7592,0,0,366452,INR,2026-08-15T01:09:00Z,BATCH-AMZN-3251
PO_B12_003252,Cashfree Escrow,MYNT-INV-864382 PO_B12_003252,257812,6049,0,0,251763,INR,2026-08-14T21:03:00Z,BATCH-MYNT-3252
PO_B12_003253,Cashfree Escrow,MMTR-INV-172417 PO_B12_003253,323649,6948,0,0,316701,INR,2026-08-14T06:27:00Z,BATCH-MMTR-3253
PO_B12_003254,Stripe India,SWIG-ORD-141252 SWIG-ORD-615314 SWIG-ORD-372630 BATCH-SWIG-3254,219025,4380,0,0,214645,INR,2026-08-14T06:14:00Z,BATCH-SWIG-3254
PO_B12_003255,BillDesk Settlement,BLNK-INV-234937 PO_B12_003255,380788,5918,0,0,374870,INR,2026-08-13T17:05:00Z,BATCH-BLNK-3255
PO_B12_003256,BillDesk Settlement,UBER-ORD-255926 UBER-ORD-595223 BATCH-UBER-3256,294689,5893,0,0,288796,INR,2026-08-14T01:28:00Z,BATCH-UBER-3256
PO_B12_003257,Razorpay Nodal,AMZN-INV-144333 PO_B12_003257,415205,10357,0,0,404848,INR,2026-08-14T01:52:00Z,BATCH-AMZN-3257
PO_B12_003258,PayU Enterprise,AMZN-ORD-171962 AMZN-ORD-140547 AMZN-ORD-967261 BATCH-AMZN-3258,252689,5053,0,0,247636,INR,2026-08-13T23:52:00Z,BATCH-AMZN-3258
PO_B12_003259,Razorpay Nodal,MYNT-ORD-716672 MYNT-ORD-167080 MYNT-ORD-933161 BATCH-MYNT-3259,430441,8608,0,0,421833,INR,2026-08-14T19:05:00Z,BATCH-MYNT-3259
PO_B12_003260,Razorpay Nodal,SWIG-INV-584395 PO_B12_003260,311551,7106,0,0,304445,INR,2026-08-14T00:03:00Z,BATCH-SWIG-3260
PO_B12_003261,BillDesk Settlement,JIOO-INV-583759 PO_B12_003261,108212,1641,0,0,106571,INR,2026-08-14T02:08:00Z,BATCH-JIOO-3261
PO_B12_003262,PayU Enterprise,SWIG-INV-536433 PO_B12_003262,42742,704,0,0,42038,INR,2026-08-15T00:30:00Z,BATCH-SWIG-3262
PO_B12_003263,PayU Enterprise,PAYT-EXC-106095-UNRESOLVED,121175,2413,0,0,118762,INR,2026-08-14T18:10:00Z,HOLD-ESCROW
PO_B12_003264,Stripe India,PAYT-ORD-739891 PAYT-ORD-843641 BATCH-PAYT-3264,397294,7945,0,0,389349,INR,2026-08-14T14:04:00Z,BATCH-PAYT-3264
PO_B12_003265,Cashfree Escrow,BLNK-INV-635828 PO_B12_003265,219029,3698,0,0,215331,INR,2026-08-14T12:46:00Z,BATCH-BLNK-3265
PO_B12_003266,PayU Enterprise,BLNK-INV-186435 PO_B12_003266,278358,5019,0,0,273339,INR,2026-08-13T22:13:00Z,BATCH-BLNK-3266
PO_B12_003267,PayU Enterprise,AMZN-EXC-275435-UNRESOLVED,90518,1800,0,0,88718,INR,2026-08-15T04:21:00Z,HOLD-ESCROW
PO_B12_003268,BillDesk Settlement,PAYT-INV-325195 PO_B12_003268,399670,8434,0,0,391236,INR,2026-08-14T02:10:00Z,BATCH-PAYT-3268
PO_B12_003269,BillDesk Settlement,BKMS-ORD-120275 BKMS-ORD-153279 BKMS-ORD-658312 BATCH-BKMS-3269,227811,4556,0,0,223255,INR,2026-08-14T20:31:00Z,BATCH-BKMS-3269
PO_B12_003270,BillDesk Settlement,FLPK-ORD-549550 FLPK-ORD-345787 BATCH-FLPK-3270,182856,3657,0,0,179199,INR,2026-08-14T15:33:00Z,BATCH-FLPK-3270
PO_B12_003271,Stripe India,MMTR-ORD-669664 MMTR-ORD-526477 BATCH-MMTR-3271,309639,6192,0,0,303447,INR,2026-08-13T23:44:00Z,BATCH-MMTR-3271
PO_B12_003272,PayU Enterprise,MMTR-INV-355934 PO_B12_003272,79758,1841,0,0,77917,INR,2026-08-13T15:54:00Z,BATCH-MMTR-3272
PO_B12_003273,Razorpay Nodal,BBAS-INV-504805 PO_B12_003273,225305,3385,0,0,221920,INR,2026-08-14T14:26:00Z,BATCH-BBAS-3273
PO_B12_003274,PayU Enterprise,JIOO-INV-526743 PO_B12_003274,381611,7158,0,0,374453,INR,2026-08-14T08:24:00Z,BATCH-JIOO-3274
PO_B12_003275,PayU Enterprise,NYKA-INV-195807 PO_B12_003275,223052,4601,0,0,218451,INR,2026-08-14T17:22:00Z,BATCH-NYKA-3275
PO_B12_003276,Stripe India,BLNK-INV-131645 PO_B12_003276,163348,2856,0,0,160492,INR,2026-08-14T00:34:00Z,BATCH-BLNK-3276
PO_B12_003277,Stripe India,BKMS-ORD-566913 BKMS-ORD-167561 BKMS-ORD-969948 BATCH-BKMS-3277,227256,4545,0,0,222711,INR,2026-08-14T20:03:00Z,BATCH-BKMS-3277
PO_B12_003278,BillDesk Settlement,UBER-ORD-452021 UBER-ORD-348677 BATCH-UBER-3278,85333,1706,0,0,83627,INR,2026-08-13T22:45:00Z,BATCH-UBER-3278
PO_B12_003279,Stripe India,BBAS-INV-275197 PO_B12_003279,366097,5709,0,0,360388,INR,2026-08-14T13:18:00Z,BATCH-BBAS-3279
PO_B12_003280,Stripe India,ZOMA-INV-797717 PO_B12_003280,294331,7052,0,0,287279,INR,2026-08-14T20:30:00Z,BATCH-ZOMA-3280
PO_B12_003281,Cashfree Escrow,PAYT-ORD-511250 PAYT-ORD-566048 PAYT-ORD-761494 BATCH-PAYT-3281,370304,7406,0,0,362898,INR,2026-08-14T13:43:00Z,BATCH-PAYT-3281
PO_B12_003282,Stripe India,MMTR-INV-716246 PO_B12_003282,438563,8180,0,0,430383,INR,2026-08-14T03:35:00Z,BATCH-MMTR-3282
PO_B12_003283,Cashfree Escrow,OLAA-INV-342033 PO_B12_003283,324650,7572,0,0,317078,INR,2026-08-14T09:57:00Z,BATCH-OLAA-3283
PO_B12_003284,BillDesk Settlement,PHNP-INV-101794 PO_B12_003284,331300,5872,0,0,325428,INR,2026-08-14T23:55:00Z,BATCH-PHNP-3284
PO_B12_003285,Cashfree Escrow,BKMS-INV-203401 PO_B12_003285,64045,1488,0,0,62557,INR,2026-08-14T12:08:00Z,BATCH-BKMS-3285
PO_B12_003286,Stripe India,OLAA-INV-946200 PO_B12_003286,131633,2868,0,0,128765,INR,2026-08-14T18:20:00Z,BATCH-OLAA-3286
PO_B12_003287,Razorpay Nodal,MMTR-INV-177477 PO_B12_003287,318145,6773,0,0,311372,INR,2026-08-14T03:16:00Z,BATCH-MMTR-3287
PO_B12_003288,Razorpay Nodal,OLAA-INV-726661 PO_B12_003288,346502,6428,0,0,340074,INR,2026-08-14T01:51:00Z,BATCH-OLAA-3288
PO_B12_003289,PayU Enterprise,ZOMA-ORD-342670 ZOMA-ORD-806592 BATCH-ZOMA-3289,225965,4519,0,0,221446,INR,2026-08-14T17:12:00Z,BATCH-ZOMA-3289
PO_B12_003290,Razorpay Nodal,FLPK-INV-804194 PO_B12_003290,103990,2103,0,0,101887,INR,2026-08-14T07:57:00Z,BATCH-FLPK-3290
PO_B12_003291,Cashfree Escrow,SWIG-INV-929492 PO_B12_003291,82344,2020,0,0,80324,INR,2026-08-14T12:55:00Z,BATCH-SWIG-3291
PO_B12_003292,Cashfree Escrow,SWIG-INV-490624 PO_B12_003292,259481,5465,0,0,254016,INR,2026-08-14T23:37:00Z,BATCH-SWIG-3292
PO_B12_003293,PayU Enterprise,BLNK-ORD-603972 BLNK-ORD-233728 BATCH-BLNK-3293,307417,6148,0,0,301269,INR,2026-08-13T21:19:00Z,BATCH-BLNK-3293
PO_B12_003294,PayU Enterprise,TATA-INV-436819 PO_B12_003294,403454,9394,0,0,394060,INR,2026-08-14T00:19:00Z,BATCH-TATA-3294
PO_B12_003295,PayU Enterprise,MYNT-ORD-107662 MYNT-ORD-294476 MYNT-ORD-891355 BATCH-MYNT-3295,498680,9973,0,0,488707,INR,2026-08-14T19:31:00Z,BATCH-MYNT-3295
PO_B12_003296,Stripe India,BBAS-INV-295365 PO_B12_003296,221455,4008,0,0,217447,INR,2026-08-14T02:42:00Z,BATCH-BBAS-3296
PO_B12_003297,Cashfree Escrow,OLAA-ORD-307789 OLAA-ORD-334830 BATCH-OLAA-3297,175208,3504,0,0,171704,INR,2026-08-14T06:58:00Z,BATCH-OLAA-3297
PO_B12_003298,BillDesk Settlement,JIOO-ORD-954330 JIOO-ORD-644464 BATCH-JIOO-3298,239016,4780,0,0,234236,INR,2026-08-14T08:01:00Z,BATCH-JIOO-3298
PO_B12_003299,Razorpay Nodal,SWIG-ORD-844355 SWIG-ORD-787901 BATCH-SWIG-3299,235548,4710,0,0,230838,INR,2026-08-13T21:15:00Z,BATCH-SWIG-3299
PO_B12_003300,BillDesk Settlement,AMZN-ORD-796315 AMZN-ORD-171970 BATCH-AMZN-3300,306297,6125,0,0,300172,INR,2026-08-13T22:28:00Z,BATCH-AMZN-3300
PO_B12_003301,BillDesk Settlement,OLAA-ORD-275735 OLAA-ORD-913450 BATCH-OLAA-3301,214175,4283,0,0,209892,INR,2026-08-14T17:34:00Z,BATCH-OLAA-3301
PO_B12_003302,Cashfree Escrow,SWIG-INV-633942 PO_B12_003302,301264,6759,0,0,294505,INR,2026-08-14T21:43:00Z,BATCH-SWIG-3302
PO_B12_003303,PayU Enterprise,NYKA-ORD-416881 NYKA-ORD-307592 BATCH-NYKA-3303,134426,2688,0,0,131738,INR,2026-08-14T20:07:00Z,BATCH-NYKA-3303
PO_B12_003304,BillDesk Settlement,AMZN-INV-784225 PO_B12_003304,409528,6216,0,0,403312,INR,2026-08-13T18:29:00Z,BATCH-AMZN-3304
PO_B12_003305,Stripe India,FLPK-EXC-382104-UNRESOLVED,277168,5533,0,0,271635,INR,2026-08-14T21:42:00Z,HOLD-ESCROW
PO_B12_003306,Stripe India,PHNP-EXC-789225-UNRESOLVED,115998,2309,0,0,113689,INR,2026-08-14T12:14:00Z,HOLD-ESCROW
PO_B12_003307,Razorpay Nodal,TATA-INV-308448 PO_B12_003307,382486,7204,0,0,375282,INR,2026-08-14T07:02:00Z,BATCH-TATA-3307
PO_B12_003308,Cashfree Escrow,BBAS-INV-721272 PO_B12_003308,184632,2942,0,0,181690,INR,2026-08-14T12:37:00Z,BATCH-BBAS-3308
PO_B12_003309,Cashfree Escrow,FLPK-INV-600797 PO_B12_003309,184835,2830,0,0,182005,INR,2026-08-13T17:29:00Z,BATCH-FLPK-3309
PO_B12_003310,Stripe India,ZOMA-ORD-249452 ZOMA-ORD-936488 ZOMA-ORD-369963 BATCH-ZOMA-3310,388335,7766,0,0,380569,INR,2026-08-14T12:49:00Z,BATCH-ZOMA-3310
PO_B12_003311,Razorpay Nodal,FLPK-INV-196849 PO_B12_003311,184703,3354,0,0,181349,INR,2026-08-14T08:09:00Z,BATCH-FLPK-3311
PO_B12_003312,BillDesk Settlement,PHNP-INV-637931 PO_B12_003312,174072,3615,0,0,170457,INR,2026-08-14T05:33:00Z,BATCH-PHNP-3312
PO_B12_003313,BillDesk Settlement,OLAA-INV-345410 PO_B12_003313,259309,4415,0,0,254894,INR,2026-08-13T19:31:00Z,BATCH-OLAA-3313
PO_B12_003314,BillDesk Settlement,BLNK-INV-886700 PO_B12_003314,194635,3142,0,0,191493,INR,2026-08-14T04:44:00Z,BATCH-BLNK-3314
PO_B12_003315,Razorpay Nodal,FLPK-INV-746164 PO_B12_003315,376406,6823,0,0,369583,INR,2026-08-14T03:18:00Z,BATCH-FLPK-3315
PO_B12_003316,Cashfree Escrow,BKMS-ORD-442820 BKMS-ORD-648042 BATCH-BKMS-3316,204504,4090,0,0,200414,INR,2026-08-14T11:57:00Z,BATCH-BKMS-3316
PO_B12_003317,PayU Enterprise,NYKA-INV-456709 PO_B12_003317,162392,3777,0,0,158615,INR,2026-08-13T23:02:00Z,BATCH-NYKA-3317
PO_B12_003318,Razorpay Nodal,AMZN-ORD-618136 AMZN-ORD-604352 BATCH-AMZN-3318,205748,4114,0,0,201634,INR,2026-08-14T04:08:00Z,BATCH-AMZN-3318
PO_B12_003319,Cashfree Escrow,ZOMA-INV-738676 PO_B12_003319,50744,932,0,0,49812,INR,2026-08-14T02:49:00Z,BATCH-ZOMA-3319
PO_B12_003320,Cashfree Escrow,OLAA-INV-786465 PO_B12_003320,349404,8311,0,0,341093,INR,2026-08-14T10:55:00Z,BATCH-OLAA-3320
PO_B12_003321,Cashfree Escrow,MYNT-ORD-333772 MYNT-ORD-231500 BATCH-MYNT-3321,201623,4032,0,0,197591,INR,2026-08-14T02:31:00Z,BATCH-MYNT-3321
PO_B12_003322,BillDesk Settlement,PHNP-ORD-984577 PHNP-ORD-512521 PHNP-ORD-616109 BATCH-PHNP-3322,257377,5147,0,0,252230,INR,2026-08-14T06:31:00Z,BATCH-PHNP-3322
PO_B12_003323,Cashfree Escrow,TATA-INV-712909 PO_B12_003323,311694,7350,0,0,304344,INR,2026-08-14T09:42:00Z,BATCH-TATA-3323
PO_B12_003324,BillDesk Settlement,BLNK-ORD-483833 BLNK-ORD-982785 BATCH-BLNK-3324,162452,3249,0,0,159203,INR,2026-08-14T18:20:00Z,BATCH-BLNK-3324
PO_B12_003325,Stripe India,PAYT-ORD-260763 PAYT-ORD-366223 BATCH-PAYT-3325,399974,7999,0,0,391975,INR,2026-08-14T16:21:00Z,BATCH-PAYT-3325
PO_B12_003326,Cashfree Escrow,NYKA-INV-146042 PO_B12_003326,67207,1462,0,0,65745,INR,2026-08-14T02:21:00Z,BATCH-NYKA-3326
PO_B12_003327,Razorpay Nodal,SWIG-ORD-708635 SWIG-ORD-390935 BATCH-SWIG-3327,258455,5169,0,0,253286,INR,2026-08-14T09:10:00Z,BATCH-SWIG-3327
PO_B12_003328,PayU Enterprise,NYKA-INV-228692 PO_B12_003328,201475,5031,0,0,196444,INR,2026-08-14T03:10:00Z,BATCH-NYKA-3328
PO_B12_003329,PayU Enterprise,FLPK-INV-354499 PO_B12_003329,101763,1567,0,0,100196,INR,2026-08-14T05:10:00Z,BATCH-FLPK-3329
PO_B12_003330,Razorpay Nodal,OLAA-INV-683818 PO_B12_003330,269246,6043,0,0,263203,INR,2026-08-14T01:42:00Z,BATCH-OLAA-3330
PO_B12_003331,BillDesk Settlement,AMZN-INV-337028 PO_B12_003331,138453,2093,0,0,136360,INR,2026-08-14T05:37:00Z,BATCH-AMZN-3331
PO_B12_003332,Cashfree Escrow,JIOO-INV-876979 PO_B12_003332,358131,7871,0,0,350260,INR,2026-08-14T04:10:00Z,BATCH-JIOO-3332
PO_B12_003333,BillDesk Settlement,BBAS-ORD-757718 BBAS-ORD-871892 BBAS-ORD-304113 BATCH-BBAS-3333,369526,7390,0,0,362136,INR,2026-08-14T06:59:00Z,BATCH-BBAS-3333
PO_B12_003334,Razorpay Nodal,BLNK-ORD-327151 BLNK-ORD-881229 BATCH-BLNK-3334,436893,8737,0,0,428156,INR,2026-08-14T00:29:00Z,BATCH-BLNK-3334
PO_B12_003335,Razorpay Nodal,BBAS-INV-256302 PO_B12_003335,368660,7410,0,0,361250,INR,2026-08-14T18:13:00Z,BATCH-BBAS-3335
PO_B12_003336,Cashfree Escrow,OLAA-INV-645159 PO_B12_003336,396801,6122,0,0,390679,INR,2026-08-13T23:10:00Z,BATCH-OLAA-3336
PO_B12_003337,PayU Enterprise,PHNP-INV-496917 PO_B12_003337,351057,8409,0,0,342648,INR,2026-08-14T12:42:00Z,BATCH-PHNP-3337
PO_B12_003338,Cashfree Escrow,PHNP-INV-827472 PO_B12_003338,280776,4540,0,0,276236,INR,2026-08-14T17:55:00Z,BATCH-PHNP-3338
PO_B12_003339,Razorpay Nodal,FLPK-INV-170550 PO_B12_003339,28223,647,0,0,27576,INR,2026-08-13T21:08:00Z,BATCH-FLPK-3339
PO_B12_003340,Cashfree Escrow,OLAA-ORD-316378 OLAA-ORD-323526 BATCH-OLAA-3340,169652,3393,0,0,166259,INR,2026-08-14T07:23:00Z,BATCH-OLAA-3340
PO_B12_003341,Stripe India,MYNT-INV-809714 PO_B12_003341,425378,8421,0,0,416957,INR,2026-08-13T23:41:00Z,BATCH-MYNT-3341
PO_B12_003342,BillDesk Settlement,ZOMA-INV-378087 PO_B12_003342,386096,9569,0,0,376527,INR,2026-08-14T17:42:00Z,BATCH-ZOMA-3342
PO_B12_003343,PayU Enterprise,AMZN-INV-168600 PO_B12_003343,370394,8806,0,0,361588,INR,2026-08-14T14:15:00Z,BATCH-AMZN-3343
PO_B12_003344,Stripe India,FLPK-INV-729640 PO_B12_003344,131596,2330,0,0,129266,INR,2026-08-14T15:22:00Z,BATCH-FLPK-3344
PO_B12_003345,Cashfree Escrow,TATA-INV-877004 PO_B12_003345,307326,4704,0,0,302622,INR,2026-08-13T15:36:00Z,BATCH-TATA-3345
PO_B12_003346,BillDesk Settlement,BBAS-INV-397672 PO_B12_003346,125516,2035,0,0,123481,INR,2026-08-14T20:39:00Z,BATCH-BBAS-3346
PO_B12_003347,Razorpay Nodal,UBER-INV-421381 PO_B12_003347,103380,2426,0,0,100954,INR,2026-08-14T12:17:00Z,BATCH-UBER-3347
PO_B12_003348,Stripe India,BLNK-INV-419855 PO_B12_003348,88085,2188,0,0,85897,INR,2026-08-14T16:04:00Z,BATCH-BLNK-3348
PO_B12_003349,Cashfree Escrow,BKMS-INV-325786 PO_B12_003349,78576,1900,0,0,76676,INR,2026-08-14T06:03:00Z,BATCH-BKMS-3349
PO_B12_003350,BillDesk Settlement,PAYT-INV-546834 PO_B12_003350,346741,7375,0,0,339366,INR,2026-08-13T22:28:00Z,BATCH-PAYT-3350
PO_B12_003351,Cashfree Escrow,ZOMA-ORD-642615 ZOMA-ORD-823110 BATCH-ZOMA-3351,283753,5675,0,0,278078,INR,2026-08-14T05:26:00Z,BATCH-ZOMA-3351
PO_B12_003352,Cashfree Escrow,BKMS-INV-403158 PO_B12_003352,102797,1956,0,0,100841,INR,2026-08-14T08:56:00Z,BATCH-BKMS-3352
PO_B12_003353,BillDesk Settlement,PHNP-INV-339388 PO_B12_003353,75673,1298,0,0,74375,INR,2026-08-14T15:55:00Z,BATCH-PHNP-3353
PO_B12_003354,Razorpay Nodal,PAYT-INV-255109 PO_B12_003354,301080,5878,0,0,295202,INR,2026-08-14T16:36:00Z,BATCH-PAYT-3354
PO_B12_003355,Cashfree Escrow,PHNP-ORD-348669 PHNP-ORD-715154 BATCH-PHNP-3355,190240,3804,0,0,186436,INR,2026-08-14T17:06:00Z,BATCH-PHNP-3355
PO_B12_003356,Cashfree Escrow,PAYT-INV-193151 PO_B12_003356,348105,8083,0,0,340022,INR,2026-08-14T02:50:00Z,BATCH-PAYT-3356
PO_B12_003357,Stripe India,BKMS-INV-656513 PO_B12_003357,155685,3504,0,0,152181,INR,2026-08-14T19:41:00Z,BATCH-BKMS-3357
PO_B12_003358,Razorpay Nodal,BLNK-INV-548196 PO_B12_003358,131745,2398,0,0,129347,INR,2026-08-14T02:10:00Z,BATCH-BLNK-3358
PO_B12_003359,PayU Enterprise,JIOO-INV-253465 PO_B12_003359,273586,4812,0,0,268774,INR,2026-08-14T07:45:00Z,BATCH-JIOO-3359
PO_B12_003360,Cashfree Escrow,MYNT-INV-984164 PO_B12_003360,200885,3212,0,0,197673,INR,2026-08-14T20:41:00Z,BATCH-MYNT-3360
PO_B12_003361,Cashfree Escrow,MYNT-INV-315769 PO_B12_003361,367213,8855,0,0,358358,INR,2026-08-14T02:17:00Z,BATCH-MYNT-3361
PO_B12_003362,PayU Enterprise,PAYT-INV-941710 PO_B12_003362,197586,3091,0,0,194495,INR,2026-08-14T04:53:00Z,BATCH-PAYT-3362
PO_B12_003363,BillDesk Settlement,JIOO-INV-922803 PO_B12_003363,126000,2588,0,0,123412,INR,2026-08-14T13:54:00Z,BATCH-JIOO-3363
PO_B12_003364,BillDesk Settlement,JIOO-INV-254878 PO_B12_003364,199103,4578,0,0,194525,INR,2026-08-14T01:22:00Z,BATCH-JIOO-3364
PO_B12_003365,BillDesk Settlement,PHNP-ORD-504257 PHNP-ORD-265527 PHNP-ORD-175210 BATCH-PHNP-3365,530404,10608,0,0,519796,INR,2026-08-14T13:04:00Z,BATCH-PHNP-3365
PO_B12_003366,Stripe India,MYNT-ORD-166160 MYNT-ORD-202874 BATCH-MYNT-3366,126768,2535,0,0,124233,INR,2026-08-14T00:22:00Z,BATCH-MYNT-3366
PO_B12_003367,Razorpay Nodal,AMZN-EXC-879433-UNRESOLVED,221433,4418,0,0,217015,INR,2026-08-14T10:47:00Z,HOLD-ESCROW
PO_B12_003368,Razorpay Nodal,OLAA-INV-824846 PO_B12_003368,309420,5551,0,0,303869,INR,2026-08-14T06:26:00Z,BATCH-OLAA-3368
PO_B12_003369,PayU Enterprise,JIOO-INV-594221 PO_B12_003369,231870,5223,0,0,226647,INR,2026-08-14T02:09:00Z,BATCH-JIOO-3369
PO_B12_003370,Cashfree Escrow,AMZN-INV-799694 PO_B12_003370,223522,3606,0,0,219916,INR,2026-08-14T23:12:00Z,BATCH-AMZN-3370
PO_B12_003371,BillDesk Settlement,SWIG-INV-999541 PO_B12_003371,98238,1879,0,0,96359,INR,2026-08-13T23:29:00Z,BATCH-SWIG-3371
PO_B12_003372,Stripe India,PAYT-INV-863115 PO_B12_003372,355704,5512,0,0,350192,INR,2026-08-14T22:53:00Z,BATCH-PAYT-3372
PO_B12_003373,Razorpay Nodal,AMZN-INV-358975 PO_B12_003373,406444,7895,0,0,398549,INR,2026-08-14T08:42:00Z,BATCH-AMZN-3373
PO_B12_003374,Stripe India,NYKA-INV-117798 PO_B12_003374,331695,7843,0,0,323852,INR,2026-08-15T01:04:00Z,BATCH-NYKA-3374
PO_B12_003375,Stripe India,AMZN-ORD-334842 AMZN-ORD-806344 BATCH-AMZN-3375,178301,3566,0,0,174735,INR,2026-08-14T10:09:00Z,BATCH-AMZN-3375
PO_B12_003376,Stripe India,BLNK-INV-456443 PO_B12_003376,384351,6604,0,0,377747,INR,2026-08-13T23:52:00Z,BATCH-BLNK-3376
PO_B12_003377,Cashfree Escrow,NYKA-INV-269757 PO_B12_003377,146667,3653,0,0,143014,INR,2026-08-14T18:07:00Z,BATCH-NYKA-3377
PO_B12_003378,BillDesk Settlement,JIOO-INV-223571 PO_B12_003378,38169,892,0,0,37277,INR,2026-08-13T21:30:00Z,BATCH-JIOO-3378
PO_B12_003379,PayU Enterprise,UBER-INV-268429 PO_B12_003379,210642,4512,0,0,206130,INR,2026-08-14T09:04:00Z,BATCH-UBER-3379
PO_B12_003380,Cashfree Escrow,BBAS-INV-256030 PO_B12_003380,224959,4120,0,0,220839,INR,2026-08-13T22:12:00Z,BATCH-BBAS-3380
PO_B12_003381,Stripe India,MYNT-INV-528056 PO_B12_003381,338311,5747,0,0,332564,INR,2026-08-14T18:03:00Z,BATCH-MYNT-3381
PO_B12_003382,Razorpay Nodal,ZOMA-ORD-633255 ZOMA-ORD-471021 BATCH-ZOMA-3382,207987,4159,0,0,203828,INR,2026-08-14T19:29:00Z,BATCH-ZOMA-3382
PO_B12_003383,Stripe India,BKMS-INV-508619 PO_B12_003383,168886,2611,0,0,166275,INR,2026-08-14T11:29:00Z,BATCH-BKMS-3383
PO_B12_003384,Cashfree Escrow,BLNK-INV-679904 PO_B12_003384,235692,5323,0,0,230369,INR,2026-08-14T22:23:00Z,BATCH-BLNK-3384
PO_B12_003385,BillDesk Settlement,UBER-INV-212936 PO_B12_003385,67906,1597,0,0,66309,INR,2026-08-14T00:39:00Z,BATCH-UBER-3385
PO_B12_003386,PayU Enterprise,NYKA-ORD-227883 NYKA-ORD-702312 BATCH-NYKA-3386,273450,5469,0,0,267981,INR,2026-08-14T01:57:00Z,BATCH-NYKA-3386
PO_B12_003387,BillDesk Settlement,JIOO-INV-422250 PO_B12_003387,113374,1792,0,0,111582,INR,2026-08-13T22:02:00Z,BATCH-JIOO-3387
PO_B12_003388,Stripe India,MMTR-ORD-726707 MMTR-ORD-768217 MMTR-ORD-577512 BATCH-MMTR-3388,564550,11291,0,0,553259,INR,2026-08-14T19:23:00Z,BATCH-MMTR-3388
PO_B12_003389,Razorpay Nodal,FLPK-ORD-334672 FLPK-ORD-823989 FLPK-ORD-823069 BATCH-FLPK-3389,264050,5281,0,0,258769,INR,2026-08-14T09:34:00Z,BATCH-FLPK-3389
PO_B12_003390,BillDesk Settlement,MYNT-EXC-465447-UNRESOLVED,193389,3857,0,0,189532,INR,2026-08-15T06:49:00Z,HOLD-ESCROW
PO_B12_003391,Razorpay Nodal,AMZN-INV-759287 PO_B12_003391,138833,2587,0,0,136246,INR,2026-08-14T09:54:00Z,BATCH-AMZN-3391
PO_B12_003392,Razorpay Nodal,JIOO-INV-934919 PO_B12_003392,64243,998,0,0,63245,INR,2026-08-14T16:44:00Z,BATCH-JIOO-3392
PO_B12_003393,Stripe India,OLAA-INV-916484 PO_B12_003393,377381,6017,0,0,371364,INR,2026-08-14T04:23:00Z,BATCH-OLAA-3393
PO_B12_003394,BillDesk Settlement,MMTR-INV-555837 PO_B12_003394,96860,2036,0,0,94824,INR,2026-08-13T21:10:00Z,BATCH-MMTR-3394
PO_B12_003395,Stripe India,ZOMA-EXC-384030-UNRESOLVED,187618,3742,0,0,183876,INR,2026-08-14T18:59:00Z,HOLD-ESCROW
PO_B12_003396,PayU Enterprise,BKMS-INV-688512 PO_B12_003396,297996,6093,0,0,291903,INR,2026-08-13T17:57:00Z,BATCH-BKMS-3396
PO_B12_003397,Cashfree Escrow,PAYT-INV-930506 PO_B12_003397,319539,5238,0,0,314301,INR,2026-08-14T18:31:00Z,BATCH-PAYT-3397
PO_B12_003398,PayU Enterprise,NYKA-INV-733758 PO_B12_003398,66854,1433,0,0,65421,INR,2026-08-14T11:28:00Z,BATCH-NYKA-3398
PO_B12_003399,BillDesk Settlement,BKMS-INV-815669 PO_B12_003399,220430,4269,0,0,216161,INR,2026-08-14T01:53:00Z,BATCH-BKMS-3399
PO_B12_003400,Stripe India,AMZN-INV-581175 PO_B12_003400,140061,2572,0,0,137489,INR,2026-08-14T08:23:00Z,BATCH-AMZN-3400
PO_B12_003401,Stripe India,AMZN-INV-997106 PO_B12_003401,74882,1145,0,0,73737,INR,2026-08-13T15:40:00Z,BATCH-AMZN-3401
PO_B12_003402,Stripe India,OLAA-INV-411508 PO_B12_003402,55940,868,0,0,55072,INR,2026-08-15T00:04:00Z,BATCH-OLAA-3402
PO_B12_003403,Cashfree Escrow,TATA-INV-153572 PO_B12_003403,373804,7178,0,0,366626,INR,2026-08-14T00:32:00Z,BATCH-TATA-3403
PO_B12_003404,Cashfree Escrow,SWIG-INV-486000 PO_B12_003404,55146,1146,0,0,54000,INR,2026-08-14T02:37:00Z,BATCH-SWIG-3404
PO_B12_003405,PayU Enterprise,TATA-INV-845864 PO_B12_003405,183477,3671,0,0,179806,INR,2026-08-14T09:23:00Z,BATCH-TATA-3405
PO_B12_003406,Razorpay Nodal,BKMS-INV-328568 PO_B12_003406,207748,3995,0,0,203753,INR,2026-08-14T04:30:00Z,BATCH-BKMS-3406
PO_B12_003407,PayU Enterprise,MYNT-INV-274532 PO_B12_003407,86444,2161,0,0,84283,INR,2026-08-14T00:07:00Z,BATCH-MYNT-3407
PO_B12_003408,Stripe India,ZOMA-INV-380474 PO_B12_003408,84774,1905,0,0,82869,INR,2026-08-13T22:12:00Z,BATCH-ZOMA-3408
PO_B12_003409,BillDesk Settlement,UBER-INV-747811 PO_B12_003409,99083,1639,0,0,97444,INR,2026-08-14T02:13:00Z,BATCH-UBER-3409
PO_B12_003410,PayU Enterprise,JIOO-INV-260633 PO_B12_003410,382977,7439,0,0,375538,INR,2026-08-14T16:39:00Z,BATCH-JIOO-3410
PO_B12_003411,BillDesk Settlement,BBAS-INV-700604 PO_B12_003411,55613,1322,0,0,54291,INR,2026-08-13T17:29:00Z,BATCH-BBAS-3411
PO_B12_003412,PayU Enterprise,JIOO-INV-613706 PO_B12_003412,440105,8025,0,0,432080,INR,2026-08-13T23:41:00Z,BATCH-JIOO-3412
PO_B12_003413,Razorpay Nodal,TATA-INV-353977 PO_B12_003413,285759,7113,0,0,278646,INR,2026-08-14T22:44:00Z,BATCH-TATA-3413
PO_B12_003414,PayU Enterprise,BKMS-INV-930317 PO_B12_003414,169816,3871,0,0,165945,INR,2026-08-14T21:10:00Z,BATCH-BKMS-3414
PO_B12_003415,Cashfree Escrow,BKMS-ORD-383858 BKMS-ORD-660786 BATCH-BKMS-3415,150383,3007,0,0,147376,INR,2026-08-14T00:19:00Z,BATCH-BKMS-3415
PO_B12_003416,BillDesk Settlement,FLPK-INV-156822 PO_B12_003416,328231,6973,0,0,321258,INR,2026-08-14T12:06:00Z,BATCH-FLPK-3416
PO_B12_003417,Stripe India,MYNT-EXC-558268-UNRESOLVED,288323,5756,0,0,282567,INR,2026-08-14T17:24:00Z,HOLD-ESCROW
PO_B12_003418,BillDesk Settlement,MMTR-INV-709537 PO_B12_003418,400705,7811,0,0,392894,INR,2026-08-14T11:39:00Z,BATCH-MMTR-3418
PO_B12_003419,PayU Enterprise,PAYT-ORD-879145 PAYT-ORD-185967 BATCH-PAYT-3419,247771,4955,0,0,242816,INR,2026-08-14T18:10:00Z,BATCH-PAYT-3419
PO_B12_003420,BillDesk Settlement,UBER-INV-870671 PO_B12_003420,438340,8202,0,0,430138,INR,2026-08-13T23:36:00Z,BATCH-UBER-3420
PO_B12_003421,Razorpay Nodal,MMTR-ORD-872930 MMTR-ORD-693714 BATCH-MMTR-3421,144219,2884,0,0,141335,INR,2026-08-14T08:50:00Z,BATCH-MMTR-3421
PO_B12_003422,Cashfree Escrow,TATA-INV-924030 PO_B12_003422,108519,1806,0,0,106713,INR,2026-08-14T05:28:00Z,BATCH-TATA-3422
PO_B12_003423,Stripe India,PHNP-INV-454279 PO_B12_003423,428282,9362,0,0,418920,INR,2026-08-14T03:40:00Z,BATCH-PHNP-3423
PO_B12_003424,Cashfree Escrow,JIOO-INV-656010 PO_B12_003424,116775,2214,0,0,114561,INR,2026-08-14T23:56:00Z,BATCH-JIOO-3424
PO_B12_003425,Cashfree Escrow,BBAS-INV-456132 PO_B12_003425,257285,5150,0,0,252135,INR,2026-08-14T05:16:00Z,BATCH-BBAS-3425
PO_B12_003426,Cashfree Escrow,OLAA-INV-866091 PO_B12_003426,157141,2528,0,0,154613,INR,2026-08-13T21:13:00Z,BATCH-OLAA-3426
PO_B12_003427,Stripe India,ZOMA-INV-963085 PO_B12_003427,332504,7204,0,0,325300,INR,2026-08-14T09:57:00Z,BATCH-ZOMA-3427
PO_B12_003428,Razorpay Nodal,UBER-INV-837030 PO_B12_003428,252865,5249,0,0,247616,INR,2026-08-14T09:51:00Z,BATCH-UBER-3428
PO_B12_003429,Cashfree Escrow,ZOMA-INV-319163 PO_B12_003429,210624,3862,0,0,206762,INR,2026-08-15T00:01:00Z,BATCH-ZOMA-3429
PO_B12_003430,PayU Enterprise,AMZN-ORD-471141 AMZN-ORD-919495 AMZN-ORD-186259 BATCH-AMZN-3430,317831,6356,0,0,311475,INR,2026-08-13T22:20:00Z,BATCH-AMZN-3430
PO_B12_003431,Stripe India,PHNP-ORD-279726 PHNP-ORD-330520 BATCH-PHNP-3431,430562,8611,0,0,421951,INR,2026-08-14T01:29:00Z,BATCH-PHNP-3431
PO_B12_003432,Cashfree Escrow,MMTR-INV-621215 PO_B12_003432,141636,2969,0,0,138667,INR,2026-08-14T20:58:00Z,BATCH-MMTR-3432
PO_B12_003433,PayU Enterprise,PHNP-ORD-118777 PHNP-ORD-818588 PHNP-ORD-539833 BATCH-PHNP-3433,262780,5255,0,0,257525,INR,2026-08-14T03:00:00Z,BATCH-PHNP-3433
PO_B12_003434,Stripe India,BLNK-INV-568422 PO_B12_003434,221545,5534,0,0,216011,INR,2026-08-14T12:27:00Z,BATCH-BLNK-3434
PO_B12_003435,Razorpay Nodal,FLPK-INV-208975 PO_B12_003435,200078,3990,0,0,196088,INR,2026-08-14T07:41:00Z,BATCH-FLPK-3435
PO_B12_003436,PayU Enterprise,BLNK-ORD-633773 BLNK-ORD-756970 BATCH-BLNK-3436,260834,5216,0,0,255618,INR,2026-08-13T22:15:00Z,BATCH-BLNK-3436
PO_B12_003437,PayU Enterprise,FLPK-INV-585486 PO_B12_003437,55837,1305,0,0,54532,INR,2026-08-14T18:48:00Z,BATCH-FLPK-3437
PO_B12_003438,Stripe India,TATA-ORD-772103 TATA-ORD-913732 BATCH-TATA-3438,158610,3172,0,0,155438,INR,2026-08-13T22:54:00Z,BATCH-TATA-3438
PO_B12_003439,PayU Enterprise,JIOO-INV-922510 PO_B12_003439,115667,2876,0,0,112791,INR,2026-08-14T06:28:00Z,BATCH-JIOO-3439
PO_B12_003440,Stripe India,BBAS-INV-174383 PO_B12_003440,420173,6504,0,0,413669,INR,2026-08-14T06:39:00Z,BATCH-BBAS-3440
PO_B12_003441,PayU Enterprise,AMZN-INV-262719 PO_B12_003441,96757,2337,0,0,94420,INR,2026-08-14T13:16:00Z,BATCH-AMZN-3441
PO_B12_003442,Razorpay Nodal,MMTR-INV-319790 PO_B12_003442,63215,1087,0,0,62128,INR,2026-08-14T13:17:00Z,BATCH-MMTR-3442
PO_B12_003443,PayU Enterprise,NYKA-INV-332896 PO_B12_003443,39955,950,0,0,39005,INR,2026-08-14T00:53:00Z,BATCH-NYKA-3443
PO_B12_003444,Cashfree Escrow,PHNP-INV-989526 PO_B12_003444,61400,1520,0,0,59880,INR,2026-08-14T00:52:00Z,BATCH-PHNP-3444
PO_B12_003445,Razorpay Nodal,OLAA-INV-529147 PO_B12_003445,419785,7062,0,0,412723,INR,2026-08-14T06:26:00Z,BATCH-OLAA-3445
PO_B12_003446,Razorpay Nodal,BBAS-INV-673370 PO_B12_003446,419493,7461,0,0,412032,INR,2026-08-14T16:44:00Z,BATCH-BBAS-3446
PO_B12_003447,Razorpay Nodal,BLNK-INV-642532 PO_B12_003447,441898,9351,0,0,432547,INR,2026-08-14T04:52:00Z,BATCH-BLNK-3447
PO_B12_003448,Razorpay Nodal,BBAS-INV-912446 PO_B12_003448,412532,8655,0,0,403877,INR,2026-08-14T11:56:00Z,BATCH-BBAS-3448
PO_B12_003449,Cashfree Escrow,MMTR-INV-283220 PO_B12_003449,131326,2899,0,0,128427,INR,2026-08-14T12:00:00Z,BATCH-MMTR-3449
PO_B12_003450,Stripe India,PHNP-INV-462348 PO_B12_003450,404175,7312,0,0,396863,INR,2026-08-13T23:12:00Z,BATCH-PHNP-3450
PO_B12_003451,Stripe India,PHNP-INV-681116 PO_B12_003451,362421,9008,0,0,353413,INR,2026-08-13T19:42:00Z,BATCH-PHNP-3451
PO_B12_003452,Stripe India,BLNK-INV-652090 PO_B12_003452,121133,1923,0,0,119210,INR,2026-08-14T11:12:00Z,BATCH-BLNK-3452
PO_B12_003453,Razorpay Nodal,BKMS-ORD-297973 BKMS-ORD-551086 BKMS-ORD-774727 BATCH-BKMS-3453,305300,6106,0,0,299194,INR,2026-08-13T23:02:00Z,BATCH-BKMS-3453
PO_B12_003454,Cashfree Escrow,TATA-INV-143985 PO_B12_003454,164819,2798,0,0,162021,INR,2026-08-13T18:24:00Z,BATCH-TATA-3454
PO_B12_003455,BillDesk Settlement,MMTR-INV-134041 PO_B12_003455,239078,4039,0,0,235039,INR,2026-08-14T12:38:00Z,BATCH-MMTR-3455
PO_B12_003456,Cashfree Escrow,UBER-INV-536642 PO_B12_003456,253462,4045,0,0,249417,INR,2026-08-14T02:15:00Z,BATCH-UBER-3456
PO_B12_003457,BillDesk Settlement,JIOO-INV-329396 PO_B12_003457,221952,3508,0,0,218444,INR,2026-08-14T19:30:00Z,BATCH-JIOO-3457
PO_B12_003458,Razorpay Nodal,MMTR-INV-238243 PO_B12_003458,168381,2940,0,0,165441,INR,2026-08-14T22:38:00Z,BATCH-MMTR-3458
PO_B12_003459,Stripe India,FLPK-INV-565044 PO_B12_003459,408238,9013,0,0,399225,INR,2026-08-14T04:53:00Z,BATCH-FLPK-3459
PO_B12_003460,PayU Enterprise,SWIG-ORD-668449 SWIG-ORD-383779 SWIG-ORD-862281 BATCH-SWIG-3460,583379,11667,0,0,571712,INR,2026-08-13T21:14:00Z,BATCH-SWIG-3460
PO_B12_003461,PayU Enterprise,TATA-ORD-724130 TATA-ORD-275571 BATCH-TATA-3461,303692,6073,0,0,297619,INR,2026-08-14T20:12:00Z,BATCH-TATA-3461
PO_B12_003462,BillDesk Settlement,NYKA-EXC-588998-UNRESOLVED,280766,5605,0,0,275161,INR,2026-08-15T00:44:00Z,HOLD-ESCROW
PO_B12_003463,Razorpay Nodal,ZOMA-INV-174888 PO_B12_003463,363891,7299,0,0,356592,INR,2026-08-14T02:22:00Z,BATCH-ZOMA-3463
PO_B12_003464,Cashfree Escrow,JIOO-INV-234233 PO_B12_003464,69701,1134,0,0,68567,INR,2026-08-14T15:28:00Z,BATCH-JIOO-3464
PO_B12_003465,Razorpay Nodal,BKMS-ORD-656629 BKMS-ORD-151129 BATCH-BKMS-3465,162946,3258,0,0,159688,INR,2026-08-14T12:48:00Z,BATCH-BKMS-3465
PO_B12_003466,PayU Enterprise,UBER-INV-828702 PO_B12_003466,56732,1415,0,0,55317,INR,2026-08-13T18:08:00Z,BATCH-UBER-3466
PO_B12_003467,Cashfree Escrow,TATA-ORD-767220 TATA-ORD-802229 BATCH-TATA-3467,398806,7976,0,0,390830,INR,2026-08-13T21:24:00Z,BATCH-TATA-3467
PO_B12_003468,Cashfree Escrow,BBAS-INV-866831 PO_B12_003468,191274,3525,0,0,187749,INR,2026-08-13T17:17:00Z,BATCH-BBAS-3468
PO_B12_003469,PayU Enterprise,AMZN-ORD-170913 AMZN-ORD-971978 BATCH-AMZN-3469,236287,4725,0,0,231562,INR,2026-08-13T22:30:00Z,BATCH-AMZN-3469
PO_B12_003470,BillDesk Settlement,AMZN-INV-522938 PO_B12_003470,339860,8021,0,0,331839,INR,2026-08-14T06:22:00Z,BATCH-AMZN-3470
PO_B12_003471,PayU Enterprise,BLNK-INV-702284 PO_B12_003471,191383,3090,0,0,188293,INR,2026-08-14T22:39:00Z,BATCH-BLNK-3471
PO_B12_003472,BillDesk Settlement,BKMS-ORD-886698 BKMS-ORD-938538 BATCH-BKMS-3472,328883,6577,0,0,322306,INR,2026-08-14T13:05:00Z,BATCH-BKMS-3472
PO_B12_003473,Stripe India,JIOO-ORD-893516 JIOO-ORD-343218 JIOO-ORD-724419 BATCH-JIOO-3473,513653,10273,0,0,503380,INR,2026-08-14T12:28:00Z,BATCH-JIOO-3473
PO_B12_003474,Cashfree Escrow,BKMS-INV-185858 PO_B12_003474,271689,6626,0,0,265063,INR,2026-08-14T11:37:00Z,BATCH-BKMS-3474
PO_B12_003475,PayU Enterprise,MMTR-INV-685533 PO_B12_003475,175842,4279,0,0,171563,INR,2026-08-14T01:13:00Z,BATCH-MMTR-3475
PO_B12_003476,Cashfree Escrow,UBER-ORD-292427 UBER-ORD-157324 UBER-ORD-848721 BATCH-UBER-3476,336595,6731,0,0,329864,INR,2026-08-14T18:27:00Z,BATCH-UBER-3476
PO_B12_003477,Cashfree Escrow,TATA-INV-713766 PO_B12_003477,434178,7859,0,0,426319,INR,2026-08-14T08:06:00Z,BATCH-TATA-3477
PO_B12_003478,Cashfree Escrow,BKMS-INV-867269 PO_B12_003478,106443,1608,0,0,104835,INR,2026-08-14T10:09:00Z,BATCH-BKMS-3478
PO_B12_003479,PayU Enterprise,ZOMA-INV-887740 PO_B12_003479,212701,3957,0,0,208744,INR,2026-08-14T23:10:00Z,BATCH-ZOMA-3479
PO_B12_003480,PayU Enterprise,PAYT-INV-380594 PO_B12_003480,205666,4319,0,0,201347,INR,2026-08-14T09:10:00Z,BATCH-PAYT-3480
PO_B12_003481,Cashfree Escrow,MYNT-ORD-363056 MYNT-ORD-223532 BATCH-MYNT-3481,216758,4335,0,0,212423,INR,2026-08-14T02:44:00Z,BATCH-MYNT-3481
PO_B12_003482,Razorpay Nodal,SWIG-ORD-905691 SWIG-ORD-739106 BATCH-SWIG-3482,309869,6197,0,0,303672,INR,2026-08-14T12:32:00Z,BATCH-SWIG-3482
PO_B12_003483,BillDesk Settlement,UBER-INV-904807 PO_B12_003483,136181,3173,0,0,133008,INR,2026-08-14T12:27:00Z,BATCH-UBER-3483
PO_B12_003484,Stripe India,PAYT-ORD-223316 PAYT-ORD-437445 PAYT-ORD-899466 BATCH-PAYT-3484,349463,6989,0,0,342474,INR,2026-08-14T17:28:00Z,BATCH-PAYT-3484
PO_B12_003485,Cashfree Escrow,PHNP-EXC-808944-UNRESOLVED,172508,3440,0,0,169068,INR,2026-08-14T17:03:00Z,HOLD-ESCROW
PO_B12_003486,BillDesk Settlement,JIOO-INV-169018 PO_B12_003486,50162,1033,0,0,49129,INR,2026-08-14T04:53:00Z,BATCH-JIOO-3486
PO_B12_003487,Stripe India,BKMS-INV-335315 PO_B12_003487,29742,680,0,0,29062,INR,2026-08-14T08:35:00Z,BATCH-BKMS-3487
PO_B12_003488,Stripe India,NYKA-INV-997063 PO_B12_003488,51695,1135,0,0,50560,INR,2026-08-14T00:01:00Z,BATCH-NYKA-3488
PO_B12_003489,Cashfree Escrow,AMZN-INV-616894 PO_B12_003489,308292,6661,0,0,301631,INR,2026-08-14T19:59:00Z,BATCH-AMZN-3489
PO_B12_003490,PayU Enterprise,BKMS-ORD-929791 BKMS-ORD-203790 BATCH-BKMS-3490,300514,6010,0,0,294504,INR,2026-08-14T17:59:00Z,BATCH-BKMS-3490
PO_B12_003491,Razorpay Nodal,NYKA-INV-434963 PO_B12_003491,94772,1656,0,0,93116,INR,2026-08-14T01:54:00Z,BATCH-NYKA-3491
PO_B12_003492,PayU Enterprise,MMTR-INV-386328 PO_B12_003492,145542,2758,0,0,142784,INR,2026-08-13T20:26:00Z,BATCH-MMTR-3492
PO_B12_003493,Stripe India,TATA-INV-322075 PO_B12_003493,244071,5046,0,0,239025,INR,2026-08-14T10:26:00Z,BATCH-TATA-3493
PO_B12_003494,PayU Enterprise,MMTR-INV-191483 PO_B12_003494,406462,8002,0,0,398460,INR,2026-08-14T09:34:00Z,BATCH-MMTR-3494
PO_B12_003495,BillDesk Settlement,UBER-INV-845611 PO_B12_003495,288243,7060,0,0,281183,INR,2026-08-14T20:07:00Z,BATCH-UBER-3495
PO_B12_003496,Stripe India,PHNP-INV-985311 PO_B12_003496,97364,1843,0,0,95521,INR,2026-08-14T09:35:00Z,BATCH-PHNP-3496
PO_B12_003497,Stripe India,MYNT-ORD-253451 MYNT-ORD-292903 BATCH-MYNT-3497,303022,6060,0,0,296962,INR,2026-08-14T03:11:00Z,BATCH-MYNT-3497
PO_B12_003498,BillDesk Settlement,PHNP-ORD-132438 PHNP-ORD-205532 PHNP-ORD-773575 BATCH-PHNP-3498,262946,5258,0,0,257688,INR,2026-08-14T01:42:00Z,BATCH-PHNP-3498
PO_B12_003499,Stripe India,UBER-ORD-518049 UBER-ORD-667759 UBER-ORD-743810 BATCH-UBER-3499,401773,8035,0,0,393738,INR,2026-08-14T14:23:00Z,BATCH-UBER-3499
PO_B12_003500,BillDesk Settlement,BBAS-INV-546783 PO_B12_003500,124084,2989,0,0,121095,INR,2026-08-14T02:40:00Z,BATCH-BBAS-3500
PO_B12_003501,PayU Enterprise,PHNP-INV-774404 PO_B12_003501,371323,5773,0,0,365550,INR,2026-08-13T15:50:00Z,BATCH-PHNP-3501
PO_B12_003502,Cashfree Escrow,PHNP-ORD-625090 PHNP-ORD-124966 BATCH-PHNP-3502,178327,3566,0,0,174761,INR,2026-08-14T13:42:00Z,BATCH-PHNP-3502
PO_B12_003503,Stripe India,UBER-ORD-284698 UBER-ORD-347478 BATCH-UBER-3503,362342,7246,0,0,355096,INR,2026-08-14T20:45:00Z,BATCH-UBER-3503
PO_B12_003504,Stripe India,BBAS-INV-789445 PO_B12_003504,414461,7011,0,0,407450,INR,2026-08-14T02:06:00Z,BATCH-BBAS-3504
PO_B12_003505,PayU Enterprise,BKMS-INV-752645 PO_B12_003505,310784,4831,0,0,305953,INR,2026-08-14T01:41:00Z,BATCH-BKMS-3505
PO_B12_003506,Stripe India,TATA-INV-121531 PO_B12_003506,418450,8862,0,0,409588,INR,2026-08-14T22:44:00Z,BATCH-TATA-3506
PO_B12_003507,PayU Enterprise,PAYT-INV-827109 PO_B12_003507,130275,2479,0,0,127796,INR,2026-08-14T07:27:00Z,BATCH-PAYT-3507
PO_B12_003508,Razorpay Nodal,JIOO-INV-741114 PO_B12_003508,143852,3185,0,0,140667,INR,2026-08-14T04:54:00Z,BATCH-JIOO-3508
PO_B12_003509,BillDesk Settlement,JIOO-INV-465915 PO_B12_003509,146769,3157,0,0,143612,INR,2026-08-14T00:41:00Z,BATCH-JIOO-3509
PO_B12_003510,Stripe India,MYNT-INV-201327 PO_B12_003510,299893,6950,0,0,292943,INR,2026-08-14T10:44:00Z,BATCH-MYNT-3510
PO_B12_003511,Stripe India,JIOO-INV-398231 PO_B12_003511,243193,5885,0,0,237308,INR,2026-08-14T12:47:00Z,BATCH-JIOO-3511
PO_B12_003512,PayU Enterprise,PAYT-INV-791828 PO_B12_003512,124707,2975,0,0,121732,INR,2026-08-14T10:26:00Z,BATCH-PAYT-3512
PO_B12_003513,Razorpay Nodal,PAYT-INV-479420 PO_B12_003513,129426,2804,0,0,126622,INR,2026-08-14T00:06:00Z,BATCH-PAYT-3513
PO_B12_003514,Stripe India,PAYT-INV-632545 PO_B12_003514,395790,7318,0,0,388472,INR,2026-08-14T04:14:00Z,BATCH-PAYT-3514
PO_B12_003515,Cashfree Escrow,PHNP-EXC-321765-UNRESOLVED,241862,4827,0,0,237035,INR,2026-08-14T20:27:00Z,HOLD-ESCROW
PO_B12_003516,Stripe India,BBAS-INV-966207 PO_B12_003516,152607,3700,0,0,148907,INR,2026-08-14T16:53:00Z,BATCH-BBAS-3516
PO_B12_003517,Cashfree Escrow,FLPK-INV-506395 PO_B12_003517,435213,8187,0,0,427026,INR,2026-08-14T04:53:00Z,BATCH-FLPK-3517
PO_B12_003518,BillDesk Settlement,MMTR-ORD-258066 MMTR-ORD-790586 BATCH-MMTR-3518,197370,3947,0,0,193423,INR,2026-08-14T03:33:00Z,BATCH-MMTR-3518
PO_B12_003519,PayU Enterprise,MMTR-INV-785212 PO_B12_003519,289702,6099,0,0,283603,INR,2026-08-14T12:44:00Z,BATCH-MMTR-3519
PO_B12_003520,Razorpay Nodal,PAYT-INV-884573 PO_B12_003520,376722,9018,0,0,367704,INR,2026-08-14T11:28:00Z,BATCH-PAYT-3520
PO_B12_003521,Razorpay Nodal,OLAA-INV-758014 PO_B12_003521,69095,1149,0,0,67946,INR,2026-08-14T18:05:00Z,BATCH-OLAA-3521
PO_B12_003522,Stripe India,SWIG-ORD-565478 SWIG-ORD-827072 BATCH-SWIG-3522,234088,4681,0,0,229407,INR,2026-08-14T03:58:00Z,BATCH-SWIG-3522
PO_B12_003523,Stripe India,ZOMA-INV-288690 PO_B12_003523,122396,2323,0,0,120073,INR,2026-08-14T13:01:00Z,BATCH-ZOMA-3523
PO_B12_003524,PayU Enterprise,BLNK-INV-800407 PO_B12_003524,63800,1172,0,0,62628,INR,2026-08-14T20:06:00Z,BATCH-BLNK-3524
PO_B12_003525,BillDesk Settlement,BLNK-INV-923445 PO_B12_003525,204462,3174,0,0,201288,INR,2026-08-14T03:46:00Z,BATCH-BLNK-3525
PO_B12_003526,Cashfree Escrow,ZOMA-INV-944960 PO_B12_003526,144441,3277,0,0,141164,INR,2026-08-14T10:09:00Z,BATCH-ZOMA-3526
PO_B12_003527,BillDesk Settlement,UBER-INV-119283 PO_B12_003527,430271,8338,0,0,421933,INR,2026-08-14T08:12:00Z,BATCH-UBER-3527
PO_B12_003528,PayU Enterprise,ZOMA-EXC-487623-UNRESOLVED,186860,3727,0,0,183133,INR,2026-08-14T22:52:00Z,HOLD-ESCROW
PO_B12_003529,PayU Enterprise,NYKA-ORD-670670 NYKA-ORD-448702 BATCH-NYKA-3529,116033,2320,0,0,113713,INR,2026-08-14T02:05:00Z,BATCH-NYKA-3529
PO_B12_003530,Razorpay Nodal,JIOO-INV-980870 PO_B12_003530,177446,2725,0,0,174721,INR,2026-08-14T06:30:00Z,BATCH-JIOO-3530
PO_B12_003531,Stripe India,JIOO-INV-726290 PO_B12_003531,130265,2599,0,0,127666,INR,2026-08-14T22:05:00Z,BATCH-JIOO-3531
PO_B12_003532,PayU Enterprise,BBAS-ORD-355646 BBAS-ORD-742637 BATCH-BBAS-3532,265104,5302,0,0,259802,INR,2026-08-13T21:26:00Z,BATCH-BBAS-3532
PO_B12_003533,Stripe India,MYNT-ORD-717900 MYNT-ORD-353759 BATCH-MYNT-3533,233924,4678,0,0,229246,INR,2026-08-14T09:08:00Z,BATCH-MYNT-3533
PO_B12_003534,Stripe India,MMTR-INV-238248 PO_B12_003534,200014,4011,0,0,196003,INR,2026-08-14T04:52:00Z,BATCH-MMTR-3534
PO_B12_003535,PayU Enterprise,TATA-ORD-280699 TATA-ORD-966403 BATCH-TATA-3535,232232,4644,0,0,227588,INR,2026-08-14T07:28:00Z,BATCH-TATA-3535
PO_B12_003536,Razorpay Nodal,BBAS-INV-288521 PO_B12_003536,25684,592,0,0,25092,INR,2026-08-14T04:14:00Z,BATCH-BBAS-3536
PO_B12_003537,PayU Enterprise,AMZN-INV-388736 PO_B12_003537,72361,1276,0,0,71085,INR,2026-08-14T10:46:00Z,BATCH-AMZN-3537
PO_B12_003538,PayU Enterprise,PHNP-INV-667788 PO_B12_003538,300903,4521,0,0,296382,INR,2026-08-14T09:51:00Z,BATCH-PHNP-3538
PO_B12_003539,Razorpay Nodal,UBER-INV-197505 PO_B12_003539,33731,652,0,0,33079,INR,2026-08-14T15:17:00Z,BATCH-UBER-3539
PO_B12_003540,Cashfree Escrow,FLPK-EXC-567898-UNRESOLVED,247197,4933,0,0,242264,INR,2026-08-14T15:14:00Z,HOLD-ESCROW
PO_B12_003541,Cashfree Escrow,NYKA-INV-525734 PO_B12_003541,432305,7328,0,0,424977,INR,2026-08-13T23:56:00Z,BATCH-NYKA-3541
PO_B12_003542,PayU Enterprise,PAYT-ORD-216677 PAYT-ORD-758251 BATCH-PAYT-3542,285778,5715,0,0,280063,INR,2026-08-14T16:16:00Z,BATCH-PAYT-3542
PO_B12_003543,BillDesk Settlement,PHNP-EXC-499186-UNRESOLVED,158529,3160,0,0,155369,INR,2026-08-14T18:28:00Z,HOLD-ESCROW
PO_B12_003544,Stripe India,BKMS-INV-448316 PO_B12_003544,59586,1231,0,0,58355,INR,2026-08-14T06:40:00Z,BATCH-BKMS-3544
PO_B12_003545,Cashfree Escrow,FLPK-ORD-516584 FLPK-ORD-975171 BATCH-FLPK-3545,267901,5358,0,0,262543,INR,2026-08-14T19:57:00Z,BATCH-FLPK-3545
PO_B12_003546,Stripe India,MYNT-INV-352499 PO_B12_003546,141018,3439,0,0,137579,INR,2026-08-14T00:06:00Z,BATCH-MYNT-3546
PO_B12_003547,BillDesk Settlement,TATA-INV-470951 PO_B12_003547,100957,2133,0,0,98824,INR,2026-08-14T07:18:00Z,BATCH-TATA-3547
PO_B12_003548,PayU Enterprise,FLPK-INV-603261 PO_B12_003548,33441,548,0,0,32893,INR,2026-08-14T07:52:00Z,BATCH-FLPK-3548
PO_B12_003549,BillDesk Settlement,JIOO-ORD-356992 JIOO-ORD-713266 BATCH-JIOO-3549,109320,2186,0,0,107134,INR,2026-08-13T22:50:00Z,BATCH-JIOO-3549
PO_B12_003550,Stripe India,SWIG-ORD-370426 SWIG-ORD-460987 SWIG-ORD-223252 BATCH-SWIG-3550,611190,12223,0,0,598967,INR,2026-08-14T13:08:00Z,BATCH-SWIG-3550
PO_B12_003551,PayU Enterprise,PHNP-INV-986043 PO_B12_003551,160020,2955,0,0,157065,INR,2026-08-13T17:30:00Z,BATCH-PHNP-3551
PO_B12_003552,Stripe India,JIOO-INV-297866 PO_B12_003552,35893,814,0,0,35079,INR,2026-08-14T01:37:00Z,BATCH-JIOO-3552
PO_B12_003553,Razorpay Nodal,PAYT-ORD-334558 PAYT-ORD-864250 BATCH-PAYT-3553,159528,3190,0,0,156338,INR,2026-08-14T03:37:00Z,BATCH-PAYT-3553
PO_B12_003554,Razorpay Nodal,BLNK-INV-283210 PO_B12_003554,268377,5008,0,0,263369,INR,2026-08-14T04:18:00Z,BATCH-BLNK-3554
PO_B12_003555,BillDesk Settlement,OLAA-INV-652466 PO_B12_003555,344048,5661,0,0,338387,INR,2026-08-14T07:28:00Z,BATCH-OLAA-3555
PO_B12_003556,BillDesk Settlement,TATA-INV-794339 PO_B12_003556,312134,5317,0,0,306817,INR,2026-08-13T17:55:00Z,BATCH-TATA-3556
PO_B12_003557,PayU Enterprise,TATA-INV-911622 PO_B12_003557,252787,4412,0,0,248375,INR,2026-08-14T09:39:00Z,BATCH-TATA-3557
PO_B12_003558,Stripe India,BLNK-INV-826439 PO_B12_003558,100045,1755,0,0,98290,INR,2026-08-14T12:56:00Z,BATCH-BLNK-3558
PO_B12_003559,PayU Enterprise,JIOO-INV-466255 PO_B12_003559,330558,6189,0,0,324369,INR,2026-08-13T22:32:00Z,BATCH-JIOO-3559
PO_B12_003560,Stripe India,OLAA-INV-522749 PO_B12_003560,297645,5574,0,0,292071,INR,2026-08-14T01:10:00Z,BATCH-OLAA-3560
PO_B12_003561,Stripe India,MMTR-INV-887613 PO_B12_003561,218275,3809,0,0,214466,INR,2026-08-14T03:55:00Z,BATCH-MMTR-3561
PO_B12_003562,Cashfree Escrow,PHNP-INV-539584 PO_B12_003562,98082,2292,0,0,95790,INR,2026-08-14T14:47:00Z,BATCH-PHNP-3562
PO_B12_003563,Stripe India,PAYT-INV-721740 PO_B12_003563,255978,5457,0,0,250521,INR,2026-08-13T16:39:00Z,BATCH-PAYT-3563
PO_B12_003564,Stripe India,BKMS-INV-228095 PO_B12_003564,380767,6004,0,0,374763,INR,2026-08-13T14:26:00Z,BATCH-BKMS-3564
PO_B12_003565,PayU Enterprise,MYNT-INV-649210 PO_B12_003565,222485,4181,0,0,218304,INR,2026-08-14T12:32:00Z,BATCH-MYNT-3565
PO_B12_003566,Cashfree Escrow,NYKA-INV-858160 PO_B12_003566,69050,1276,0,0,67774,INR,2026-08-14T11:54:00Z,BATCH-NYKA-3566
PO_B12_003567,BillDesk Settlement,UBER-INV-828933 PO_B12_003567,375014,7353,0,0,367661,INR,2026-08-14T15:39:00Z,BATCH-UBER-3567
PO_B12_003568,Stripe India,PHNP-INV-252527 PO_B12_003568,97665,1800,0,0,95865,INR,2026-08-14T20:10:00Z,BATCH-PHNP-3568
PO_B12_003569,Cashfree Escrow,BKMS-ORD-580546 BKMS-ORD-279896 BKMS-ORD-681541 BATCH-BKMS-3569,396625,7932,0,0,388693,INR,2026-08-14T03:24:00Z,BATCH-BKMS-3569
PO_B12_003570,BillDesk Settlement,BBAS-INV-944415 PO_B12_003570,135694,3310,0,0,132384,INR,2026-08-14T10:41:00Z,BATCH-BBAS-3570
PO_B12_003571,Cashfree Escrow,ZOMA-INV-218925 PO_B12_003571,426586,8575,0,0,418011,INR,2026-08-13T15:12:00Z,BATCH-ZOMA-3571
PO_B12_003572,BillDesk Settlement,OLAA-EXC-630739-UNRESOLVED,112620,2242,0,0,110378,INR,2026-08-15T04:02:00Z,HOLD-ESCROW
PO_B12_003573,PayU Enterprise,FLPK-INV-212056 PO_B12_003573,133013,2655,0,0,130358,INR,2026-08-14T12:20:00Z,BATCH-FLPK-3573
PO_B12_003574,Cashfree Escrow,PAYT-INV-358224 PO_B12_003574,167724,3658,0,0,164066,INR,2026-08-14T00:43:00Z,BATCH-PAYT-3574
PO_B12_003575,Cashfree Escrow,SWIG-INV-916794 PO_B12_003575,365086,6289,0,0,358797,INR,2026-08-14T13:47:00Z,BATCH-SWIG-3575
PO_B12_003576,Cashfree Escrow,BLNK-INV-821539 PO_B12_003576,78221,1605,0,0,76616,INR,2026-08-14T07:59:00Z,BATCH-BLNK-3576
PO_B12_003577,PayU Enterprise,MMTR-INV-425958 PO_B12_003577,388944,7181,0,0,381763,INR,2026-08-13T22:00:00Z,BATCH-MMTR-3577
PO_B12_003578,PayU Enterprise,MYNT-INV-252219 PO_B12_003578,386440,9123,0,0,377317,INR,2026-08-14T04:40:00Z,BATCH-MYNT-3578
PO_B12_003579,Cashfree Escrow,PHNP-ORD-316370 PHNP-ORD-479746 BATCH-PHNP-3579,194916,3898,0,0,191018,INR,2026-08-14T10:19:00Z,BATCH-PHNP-3579
PO_B12_003580,Cashfree Escrow,BBAS-ORD-167713 BBAS-ORD-761821 BBAS-ORD-561225 BATCH-BBAS-3580,444002,8880,0,0,435122,INR,2026-08-14T11:12:00Z,BATCH-BBAS-3580
PO_B12_003581,PayU Enterprise,BBAS-INV-856446 PO_B12_003581,40357,982,0,0,39375,INR,2026-08-14T03:44:00Z,BATCH-BBAS-3581
PO_B12_003582,Cashfree Escrow,AMZN-INV-801221 PO_B12_003582,329267,5984,0,0,323283,INR,2026-08-13T23:01:00Z,BATCH-AMZN-3582
PO_B12_003583,Razorpay Nodal,UBER-ORD-583320 UBER-ORD-602250 UBER-ORD-781842 BATCH-UBER-3583,203631,4072,0,0,199559,INR,2026-08-14T19:14:00Z,BATCH-UBER-3583
PO_B12_003584,Stripe India,AMZN-ORD-411060 AMZN-ORD-475779 BATCH-AMZN-3584,242410,4848,0,0,237562,INR,2026-08-14T05:50:00Z,BATCH-AMZN-3584
PO_B12_003585,Stripe India,JIOO-ORD-609737 JIOO-ORD-516468 BATCH-JIOO-3585,264607,5292,0,0,259315,INR,2026-08-14T04:02:00Z,BATCH-JIOO-3585
PO_B12_003586,PayU Enterprise,OLAA-INV-787563 PO_B12_003586,229298,5323,0,0,223975,INR,2026-08-14T03:13:00Z,BATCH-OLAA-3586
PO_B12_003587,Razorpay Nodal,FLPK-INV-888458 PO_B12_003587,128229,2266,0,0,125963,INR,2026-08-14T07:08:00Z,BATCH-FLPK-3587
PO_B12_003588,Stripe India,UBER-INV-776933 PO_B12_003588,368279,5535,0,0,362744,INR,2026-08-14T06:28:00Z,BATCH-UBER-3588
PO_B12_003589,PayU Enterprise,PHNP-INV-819207 PO_B12_003589,275855,5580,0,0,270275,INR,2026-08-14T14:24:00Z,BATCH-PHNP-3589
PO_B12_003590,BillDesk Settlement,OLAA-INV-520330 PO_B12_003590,310517,6193,0,0,304324,INR,2026-08-14T17:18:00Z,BATCH-OLAA-3590
PO_B12_003591,Cashfree Escrow,UBER-INV-397672 PO_B12_003591,72735,1801,0,0,70934,INR,2026-08-14T07:43:00Z,BATCH-UBER-3591
PO_B12_003592,BillDesk Settlement,SWIG-INV-782945 PO_B12_003592,243262,3935,0,0,239327,INR,2026-08-13T19:30:00Z,BATCH-SWIG-3592
PO_B12_003593,BillDesk Settlement,BKMS-INV-339552 PO_B12_003593,199710,4402,0,0,195308,INR,2026-08-14T12:03:00Z,BATCH-BKMS-3593
PO_B12_003594,Cashfree Escrow,MYNT-INV-430106 PO_B12_003594,318974,5263,0,0,313711,INR,2026-08-13T23:38:00Z,BATCH-MYNT-3594
PO_B12_003595,PayU Enterprise,PAYT-INV-277903 PO_B12_003595,411259,7899,0,0,403360,INR,2026-08-15T01:52:00Z,BATCH-PAYT-3595
PO_B12_003596,BillDesk Settlement,MMTR-INV-969647 PO_B12_003596,222860,5481,0,0,217379,INR,2026-08-14T11:02:00Z,BATCH-MMTR-3596
PO_B12_003597,Razorpay Nodal,BLNK-INV-229479 PO_B12_003597,128187,2014,0,0,126173,INR,2026-08-14T04:17:00Z,BATCH-BLNK-3597
PO_B12_003598,Stripe India,SWIG-INV-556496 PO_B12_003598,159625,3949,0,0,155676,INR,2026-08-14T10:42:00Z,BATCH-SWIG-3598
PO_B12_003599,PayU Enterprise,JIOO-ORD-935424 JIOO-ORD-452951 JIOO-ORD-440297 BATCH-JIOO-3599,279286,5585,0,0,273701,INR,2026-08-14T20:06:00Z,BATCH-JIOO-3599
PO_B12_003600,PayU Enterprise,PAYT-INV-290481 PO_B12_003600,378279,8705,0,0,369574,INR,2026-08-14T14:44:00Z,BATCH-PAYT-3600
PO_B12_003601,PayU Enterprise,BBAS-EXC-250556-UNRESOLVED,169432,3378,0,0,166054,INR,2026-08-15T03:53:00Z,HOLD-ESCROW
PO_B12_003602,Razorpay Nodal,PAYT-INV-490690 PO_B12_003602,177677,3207,0,0,174470,INR,2026-08-13T20:49:00Z,BATCH-PAYT-3602
PO_B12_003603,PayU Enterprise,JIOO-ORD-252707 JIOO-ORD-124980 BATCH-JIOO-3603,472689,9453,0,0,463236,INR,2026-08-13T23:26:00Z,BATCH-JIOO-3603
PO_B12_003604,PayU Enterprise,ZOMA-INV-574232 PO_B12_003604,239867,4307,0,0,235560,INR,2026-08-14T12:22:00Z,BATCH-ZOMA-3604
PO_B12_003605,Stripe India,UBER-ORD-590202 UBER-ORD-998978 UBER-ORD-819079 BATCH-UBER-3605,378849,7576,0,0,371273,INR,2026-08-14T16:53:00Z,BATCH-UBER-3605
PO_B12_003606,BillDesk Settlement,BKMS-INV-390120 PO_B12_003606,128421,2200,0,0,126221,INR,2026-08-14T11:46:00Z,BATCH-BKMS-3606
PO_B12_003607,PayU Enterprise,BLNK-INV-302133 PO_B12_003607,217159,3886,0,0,213273,INR,2026-08-14T06:23:00Z,BATCH-BLNK-3607
PO_B12_003608,Cashfree Escrow,AMZN-ORD-216092 AMZN-ORD-877133 AMZN-ORD-390552 BATCH-AMZN-3608,615310,12306,0,0,603004,INR,2026-08-14T00:06:00Z,BATCH-AMZN-3608
PO_B12_003609,PayU Enterprise,MMTR-ORD-312620 MMTR-ORD-955664 BATCH-MMTR-3609,380303,7606,0,0,372697,INR,2026-08-14T08:20:00Z,BATCH-MMTR-3609
PO_B12_003610,Razorpay Nodal,MYNT-INV-642965 PO_B12_003610,296941,6557,0,0,290384,INR,2026-08-14T17:42:00Z,BATCH-MYNT-3610
PO_B12_003611,PayU Enterprise,JIOO-ORD-413643 JIOO-ORD-168312 BATCH-JIOO-3611,192926,3858,0,0,189068,INR,2026-08-14T14:29:00Z,BATCH-JIOO-3611
PO_B12_003612,Razorpay Nodal,BKMS-ORD-839813 BKMS-ORD-559575 BATCH-BKMS-3612,260609,5212,0,0,255397,INR,2026-08-13T22:07:00Z,BATCH-BKMS-3612
PO_B12_003613,Cashfree Escrow,NYKA-INV-194857 PO_B12_003613,297017,6197,0,0,290820,INR,2026-08-14T02:25:00Z,BATCH-NYKA-3613
PO_B12_003614,BillDesk Settlement,UBER-INV-440336 PO_B12_003614,343101,5480,0,0,337621,INR,2026-08-13T13:34:00Z,BATCH-UBER-3614
PO_B12_003615,Razorpay Nodal,OLAA-INV-976546 PO_B12_003615,388512,9635,0,0,378877,INR,2026-08-14T12:40:00Z,BATCH-OLAA-3615
PO_B12_003616,Stripe India,UBER-INV-652392 PO_B12_003616,192220,4449,0,0,187771,INR,2026-08-14T14:48:00Z,BATCH-UBER-3616
PO_B12_003617,PayU Enterprise,FLPK-INV-111996 PO_B12_003617,110367,2026,0,0,108341,INR,2026-08-13T21:00:00Z,BATCH-FLPK-3617
PO_B12_003618,Razorpay Nodal,ZOMA-INV-922153 PO_B12_003618,125653,2424,0,0,123229,INR,2026-08-14T03:38:00Z,BATCH-ZOMA-3618
PO_B12_003619,Stripe India,JIOO-ORD-496896 JIOO-ORD-758460 BATCH-JIOO-3619,96785,1935,0,0,94850,INR,2026-08-14T05:54:00Z,BATCH-JIOO-3619
PO_B12_003620,Cashfree Escrow,FLPK-INV-737077 PO_B12_003620,169172,3460,0,0,165712,INR,2026-08-14T12:57:00Z,BATCH-FLPK-3620
PO_B12_003621,BillDesk Settlement,BLNK-ORD-587391 BLNK-ORD-848221 BATCH-BLNK-3621,282228,5644,0,0,276584,INR,2026-08-14T16:08:00Z,BATCH-BLNK-3621
PO_B12_003622,Razorpay Nodal,MMTR-INV-882480 PO_B12_003622,260697,4030,0,0,256667,INR,2026-08-14T07:19:00Z,BATCH-MMTR-3622
PO_B12_003623,Razorpay Nodal,AMZN-INV-123920 PO_B12_003623,345413,5607,0,0,339806,INR,2026-08-14T04:53:00Z,BATCH-AMZN-3623
PO_B12_003624,BillDesk Settlement,JIOO-ORD-323991 JIOO-ORD-529022 JIOO-ORD-917985 BATCH-JIOO-3624,318729,6374,0,0,312355,INR,2026-08-14T09:43:00Z,BATCH-JIOO-3624
PO_B12_003625,BillDesk Settlement,MYNT-INV-241347 PO_B12_003625,301497,5459,0,0,296038,INR,2026-08-14T07:10:00Z,BATCH-MYNT-3625
PO_B12_003626,Stripe India,NYKA-INV-463192 PO_B12_003626,108173,2177,0,0,105996,INR,2026-08-14T04:26:00Z,BATCH-NYKA-3626
PO_B12_003627,PayU Enterprise,BLNK-INV-515216 PO_B12_003627,361693,9018,0,0,352675,INR,2026-08-13T19:28:00Z,BATCH-BLNK-3627
PO_B12_003628,PayU Enterprise,BLNK-INV-676701 PO_B12_003628,188756,2887,0,0,185869,INR,2026-08-14T10:48:00Z,BATCH-BLNK-3628
PO_B12_003629,PayU Enterprise,BBAS-INV-138166 PO_B12_003629,248586,3739,0,0,244847,INR,2026-08-13T23:50:00Z,BATCH-BBAS-3629
PO_B12_003630,Stripe India,MMTR-INV-755578 PO_B12_003630,384230,9417,0,0,374813,INR,2026-08-14T12:35:00Z,BATCH-MMTR-3630
PO_B12_003631,BillDesk Settlement,MYNT-ORD-103528 MYNT-ORD-902028 BATCH-MYNT-3631,385011,7700,0,0,377311,INR,2026-08-14T02:46:00Z,BATCH-MYNT-3631
PO_B12_003632,PayU Enterprise,SWIG-ORD-302798 SWIG-ORD-449006 SWIG-ORD-590713 BATCH-SWIG-3632,422913,8458,0,0,414455,INR,2026-08-14T14:55:00Z,BATCH-SWIG-3632
PO_B12_003633,Stripe India,BKMS-ORD-527792 BKMS-ORD-420241 BKMS-ORD-808479 BATCH-BKMS-3633,411789,8235,0,0,403554,INR,2026-08-14T19:47:00Z,BATCH-BKMS-3633
PO_B12_003634,Cashfree Escrow,AMZN-ORD-860401 AMZN-ORD-902341 BATCH-AMZN-3634,251011,5020,0,0,245991,INR,2026-08-14T09:05:00Z,BATCH-AMZN-3634
PO_B12_003635,Stripe India,BLNK-INV-639580 PO_B12_003635,276895,4873,0,0,272022,INR,2026-08-15T00:30:00Z,BATCH-BLNK-3635
PO_B12_003636,BillDesk Settlement,MMTR-INV-251048 PO_B12_003636,206128,4645,0,0,201483,INR,2026-08-14T08:11:00Z,BATCH-MMTR-3636
PO_B12_003637,Cashfree Escrow,BBAS-ORD-527891 BBAS-ORD-864820 BATCH-BBAS-3637,193995,3879,0,0,190116,INR,2026-08-14T19:04:00Z,BATCH-BBAS-3637
PO_B12_003638,Razorpay Nodal,MMTR-INV-481478 PO_B12_003638,174721,4059,0,0,170662,INR,2026-08-13T19:24:00Z,BATCH-MMTR-3638
PO_B12_003639,BillDesk Settlement,OLAA-ORD-763234 OLAA-ORD-452230 BATCH-OLAA-3639,282866,5657,0,0,277209,INR,2026-08-14T11:40:00Z,BATCH-OLAA-3639
PO_B12_003640,Razorpay Nodal,FLPK-INV-777106 PO_B12_003640,266967,5315,0,0,261652,INR,2026-08-14T16:57:00Z,BATCH-FLPK-3640
PO_B12_003641,Stripe India,AMZN-INV-259493 PO_B12_003641,266564,5714,0,0,260850,INR,2026-08-14T14:46:00Z,BATCH-AMZN-3641
PO_B12_003642,Stripe India,PAYT-INV-410593 PO_B12_003642,356667,6287,0,0,350380,INR,2026-08-14T09:10:00Z,BATCH-PAYT-3642
PO_B12_003643,BillDesk Settlement,UBER-ORD-569332 UBER-ORD-593414 UBER-ORD-351094 BATCH-UBER-3643,154096,3081,0,0,151015,INR,2026-08-14T05:35:00Z,BATCH-UBER-3643
PO_B12_003644,Cashfree Escrow,SWIG-INV-345728 PO_B12_003644,437935,10908,0,0,427027,INR,2026-08-14T16:41:00Z,BATCH-SWIG-3644
PO_B12_003645,BillDesk Settlement,BBAS-INV-463231 PO_B12_003645,435133,7503,0,0,427630,INR,2026-08-13T13:37:00Z,BATCH-BBAS-3645
PO_B12_003646,PayU Enterprise,UBER-INV-555726 PO_B12_003646,369594,9041,0,0,360553,INR,2026-08-14T14:42:00Z,BATCH-UBER-3646
PO_B12_003647,BillDesk Settlement,UBER-INV-212730 PO_B12_003647,62340,1476,0,0,60864,INR,2026-08-14T10:39:00Z,BATCH-UBER-3647
PO_B12_003648,Cashfree Escrow,ZOMA-INV-568241 PO_B12_003648,293643,5489,0,0,288154,INR,2026-08-14T19:12:00Z,BATCH-ZOMA-3648
PO_B12_003649,Razorpay Nodal,BLNK-INV-832853 PO_B12_003649,269892,4564,0,0,265328,INR,2026-08-14T12:30:00Z,BATCH-BLNK-3649
PO_B12_003650,PayU Enterprise,MYNT-INV-217515 PO_B12_003650,260966,6225,0,0,254741,INR,2026-08-14T04:35:00Z,BATCH-MYNT-3650
PO_B12_003651,BillDesk Settlement,FLPK-INV-190945 PO_B12_003651,434900,10347,0,0,424553,INR,2026-08-14T07:06:00Z,BATCH-FLPK-3651
PO_B12_003652,PayU Enterprise,OLAA-INV-298601 PO_B12_003652,348604,6222,0,0,342382,INR,2026-08-14T09:49:00Z,BATCH-OLAA-3652
PO_B12_003653,Cashfree Escrow,FLPK-INV-252454 PO_B12_003653,336140,8094,0,0,328046,INR,2026-08-14T03:40:00Z,BATCH-FLPK-3653
PO_B12_003654,Razorpay Nodal,ZOMA-INV-752782 PO_B12_003654,431241,10408,0,0,420833,INR,2026-08-15T01:46:00Z,BATCH-ZOMA-3654
PO_B12_003655,Stripe India,BKMS-INV-373277 PO_B12_003655,31470,474,0,0,30996,INR,2026-08-14T11:22:00Z,BATCH-BKMS-3655
PO_B12_003656,PayU Enterprise,BKMS-INV-480923 PO_B12_003656,359248,8462,0,0,350786,INR,2026-08-14T03:40:00Z,BATCH-BKMS-3656
PO_B12_003657,Cashfree Escrow,TATA-EXC-647118-UNRESOLVED,198642,3962,0,0,194680,INR,2026-08-14T17:26:00Z,HOLD-ESCROW
PO_B12_003658,Cashfree Escrow,BLNK-INV-620391 PO_B12_003658,167583,3090,0,0,164493,INR,2026-08-14T10:02:00Z,BATCH-BLNK-3658
PO_B12_003659,Razorpay Nodal,NYKA-INV-219818 PO_B12_003659,337278,5745,0,0,331533,INR,2026-08-14T02:40:00Z,BATCH-NYKA-3659
PO_B12_003660,Razorpay Nodal,MYNT-ORD-619051 MYNT-ORD-990303 BATCH-MYNT-3660,433164,8663,0,0,424501,INR,2026-08-14T05:09:00Z,BATCH-MYNT-3660
PO_B12_003661,PayU Enterprise,OLAA-INV-559442 PO_B12_003661,374839,6816,0,0,368023,INR,2026-08-14T06:02:00Z,BATCH-OLAA-3661
PO_B12_003662,BillDesk Settlement,UBER-INV-347153 PO_B12_003662,114523,1761,0,0,112762,INR,2026-08-14T20:45:00Z,BATCH-UBER-3662
PO_B12_003663,Razorpay Nodal,NYKA-INV-779959 PO_B12_003663,146449,2600,0,0,143849,INR,2026-08-14T10:45:00Z,BATCH-NYKA-3663
PO_B12_003664,BillDesk Settlement,PAYT-INV-762016 PO_B12_003664,405030,9312,0,0,395718,INR,2026-08-13T17:18:00Z,BATCH-PAYT-3664
PO_B12_003665,Razorpay Nodal,OLAA-EXC-662778-UNRESOLVED,81747,1624,0,0,80123,INR,2026-08-15T02:58:00Z,HOLD-ESCROW
PO_B12_003666,Razorpay Nodal,JIOO-INV-897853 PO_B12_003666,242962,3938,0,0,239024,INR,2026-08-14T13:36:00Z,BATCH-JIOO-3666
PO_B12_003667,Stripe India,JIOO-ORD-837719 JIOO-ORD-441836 JIOO-ORD-837337 BATCH-JIOO-3667,277413,5548,0,0,271865,INR,2026-08-14T08:05:00Z,BATCH-JIOO-3667
PO_B12_003668,Cashfree Escrow,JIOO-INV-989910 PO_B12_003668,253233,4152,0,0,249081,INR,2026-08-14T03:11:00Z,BATCH-JIOO-3668
PO_B12_003669,PayU Enterprise,FLPK-INV-369329 PO_B12_003669,438743,6957,0,0,431786,INR,2026-08-14T08:01:00Z,BATCH-FLPK-3669
PO_B12_003670,Cashfree Escrow,UBER-INV-551704 PO_B12_003670,73213,1315,0,0,71898,INR,2026-08-14T04:02:00Z,BATCH-UBER-3670
PO_B12_003671,Stripe India,ZOMA-INV-392562 PO_B12_003671,161275,3014,0,0,158261,INR,2026-08-14T10:46:00Z,BATCH-ZOMA-3671
PO_B12_003672,Stripe India,NYKA-ORD-884877 NYKA-ORD-257299 BATCH-NYKA-3672,89189,1783,0,0,87406,INR,2026-08-14T05:15:00Z,BATCH-NYKA-3672
PO_B12_003673,Razorpay Nodal,PHNP-INV-646497 PO_B12_003673,215204,3471,0,0,211733,INR,2026-08-14T13:10:00Z,BATCH-PHNP-3673
PO_B12_003674,Stripe India,FLPK-INV-643876 PO_B12_003674,397943,8618,0,0,389325,INR,2026-08-13T20:22:00Z,BATCH-FLPK-3674
PO_B12_003675,Stripe India,BBAS-INV-254948 PO_B12_003675,370978,8493,0,0,362485,INR,2026-08-14T08:50:00Z,BATCH-BBAS-3675
PO_B12_003676,Razorpay Nodal,BLNK-INV-859016 PO_B12_003676,209185,5048,0,0,204137,INR,2026-08-14T02:46:00Z,BATCH-BLNK-3676
PO_B12_003677,PayU Enterprise,JIOO-INV-332843 PO_B12_003677,366148,7220,0,0,358928,INR,2026-08-14T10:00:00Z,BATCH-JIOO-3677
PO_B12_003678,PayU Enterprise,UBER-INV-860669 PO_B12_003678,312581,7198,0,0,305383,INR,2026-08-14T12:28:00Z,BATCH-UBER-3678
PO_B12_003679,BillDesk Settlement,BLNK-INV-374205 PO_B12_003679,302565,6994,0,0,295571,INR,2026-08-14T12:39:00Z,BATCH-BLNK-3679
PO_B12_003680,BillDesk Settlement,TATA-EXC-945594-UNRESOLVED,277578,5541,0,0,272037,INR,2026-08-14T14:34:00Z,HOLD-ESCROW
PO_B12_003681,BillDesk Settlement,MYNT-INV-973242 PO_B12_003681,40326,832,0,0,39494,INR,2026-08-14T10:39:00Z,BATCH-MYNT-3681
PO_B12_003682,BillDesk Settlement,FLPK-INV-710139 PO_B12_003682,81670,1578,0,0,80092,INR,2026-08-14T16:46:00Z,BATCH-FLPK-3682
PO_B12_003683,PayU Enterprise,TATA-INV-152728 PO_B12_003683,331487,7252,0,0,324235,INR,2026-08-14T15:25:00Z,BATCH-TATA-3683
PO_B12_003684,Razorpay Nodal,UBER-INV-936630 PO_B12_003684,121399,2136,0,0,119263,INR,2026-08-14T07:16:00Z,BATCH-UBER-3684
PO_B12_003685,Cashfree Escrow,BBAS-INV-792826 PO_B12_003685,76180,1150,0,0,75030,INR,2026-08-13T17:07:00Z,BATCH-BBAS-3685
PO_B12_003686,PayU Enterprise,JIOO-ORD-667741 JIOO-ORD-763028 BATCH-JIOO-3686,265349,5306,0,0,260043,INR,2026-08-14T05:27:00Z,BATCH-JIOO-3686
PO_B12_003687,Stripe India,OLAA-INV-986700 PO_B12_003687,192988,3770,0,0,189218,INR,2026-08-14T14:29:00Z,BATCH-OLAA-3687
PO_B12_003688,Stripe India,BBAS-EXC-100254-UNRESOLVED,59538,1180,0,0,58358,INR,2026-08-14T11:34:00Z,HOLD-ESCROW
PO_B12_003689,PayU Enterprise,BBAS-ORD-212349 BBAS-ORD-887267 BBAS-ORD-854969 BATCH-BBAS-3689,405451,8109,0,0,397342,INR,2026-08-14T12:05:00Z,BATCH-BBAS-3689
PO_B12_003690,PayU Enterprise,PHNP-INV-302767 PO_B12_003690,323670,7126,0,0,316544,INR,2026-08-14T03:03:00Z,BATCH-PHNP-3690
PO_B12_003691,PayU Enterprise,ZOMA-INV-538536 PO_B12_003691,302492,7532,0,0,294960,INR,2026-08-14T15:34:00Z,BATCH-ZOMA-3691
PO_B12_003692,BillDesk Settlement,UBER-INV-902459 PO_B12_003692,285845,6971,0,0,278874,INR,2026-08-14T02:35:00Z,BATCH-UBER-3692
PO_B12_003693,BillDesk Settlement,ZOMA-INV-614718 PO_B12_003693,140954,2997,0,0,137957,INR,2026-08-14T09:55:00Z,BATCH-ZOMA-3693
PO_B12_003694,Cashfree Escrow,UBER-INV-765860 PO_B12_003694,422746,9780,0,0,412966,INR,2026-08-14T05:15:00Z,BATCH-UBER-3694
PO_B12_003695,PayU Enterprise,PAYT-INV-838100 PO_B12_003695,61731,1495,0,0,60236,INR,2026-08-14T11:24:00Z,BATCH-PAYT-3695
PO_B12_003696,Stripe India,SWIG-ORD-912205 SWIG-ORD-352468 SWIG-ORD-966188 BATCH-SWIG-3696,223031,4460,0,0,218571,INR,2026-08-14T04:29:00Z,BATCH-SWIG-3696
PO_B12_003697,BillDesk Settlement,SWIG-INV-750585 PO_B12_003697,331152,6983,0,0,324169,INR,2026-08-14T11:41:00Z,BATCH-SWIG-3697
PO_B12_003698,Cashfree Escrow,PHNP-INV-982138 PO_B12_003698,395371,8018,0,0,387353,INR,2026-08-14T01:18:00Z,BATCH-PHNP-3698
PO_B12_003699,BillDesk Settlement,OLAA-ORD-681678 OLAA-ORD-663206 OLAA-ORD-671683 BATCH-OLAA-3699,535272,10705,0,0,524567,INR,2026-08-14T12:33:00Z,BATCH-OLAA-3699
PO_B12_003700,Cashfree Escrow,AMZN-INV-367877 PO_B12_003700,329478,5279,0,0,324199,INR,2026-08-14T12:48:00Z,BATCH-AMZN-3700
PO_B12_003701,PayU Enterprise,BBAS-INV-539180 PO_B12_003701,420625,10016,0,0,410609,INR,2026-08-14T05:58:00Z,BATCH-BBAS-3701
PO_B12_003702,Cashfree Escrow,SWIG-INV-263385 PO_B12_003702,218095,5382,0,0,212713,INR,2026-08-14T04:14:00Z,BATCH-SWIG-3702
PO_B12_003703,BillDesk Settlement,BBAS-INV-476021 PO_B12_003703,279470,5403,0,0,274067,INR,2026-08-14T23:42:00Z,BATCH-BBAS-3703
PO_B12_003704,BillDesk Settlement,AMZN-INV-703310 PO_B12_003704,316744,6830,0,0,309914,INR,2026-08-14T15:53:00Z,BATCH-AMZN-3704
PO_B12_003705,Razorpay Nodal,JIOO-INV-640174 PO_B12_003705,352991,6681,0,0,346310,INR,2026-08-14T04:51:00Z,BATCH-JIOO-3705
PO_B12_003706,Razorpay Nodal,FLPK-INV-962171 PO_B12_003706,268680,4822,0,0,263858,INR,2026-08-13T23:20:00Z,BATCH-FLPK-3706
PO_B12_003707,Cashfree Escrow,UBER-INV-642762 PO_B12_003707,83324,1816,0,0,81508,INR,2026-08-14T04:13:00Z,BATCH-UBER-3707
PO_B12_003708,Cashfree Escrow,JIOO-INV-888926 PO_B12_003708,317969,6689,0,0,311280,INR,2026-08-14T03:07:00Z,BATCH-JIOO-3708
PO_B12_003709,Stripe India,MYNT-INV-732911 PO_B12_003709,43360,1007,0,0,42353,INR,2026-08-13T16:11:00Z,BATCH-MYNT-3709
PO_B12_003710,Stripe India,AMZN-INV-335352 PO_B12_003710,173121,4273,0,0,168848,INR,2026-08-13T16:05:00Z,BATCH-AMZN-3710
PO_B12_003711,Razorpay Nodal,OLAA-INV-925272 PO_B12_003711,329187,7302,0,0,321885,INR,2026-08-14T10:45:00Z,BATCH-OLAA-3711
PO_B12_003712,Razorpay Nodal,PHNP-INV-980128 PO_B12_003712,122828,2863,0,0,119965,INR,2026-08-14T09:14:00Z,BATCH-PHNP-3712
PO_B12_003713,Razorpay Nodal,MMTR-INV-597041 PO_B12_003713,325453,7003,0,0,318450,INR,2026-08-13T23:07:00Z,BATCH-MMTR-3713
PO_B12_003714,PayU Enterprise,AMZN-ORD-379219 AMZN-ORD-978954 BATCH-AMZN-3714,432372,8647,0,0,423725,INR,2026-08-14T02:39:00Z,BATCH-AMZN-3714
PO_B12_003715,Razorpay Nodal,JIOO-INV-429277 PO_B12_003715,413997,6930,0,0,407067,INR,2026-08-14T17:23:00Z,BATCH-JIOO-3715
PO_B12_003716,Cashfree Escrow,MYNT-INV-629468 PO_B12_003716,349854,7970,0,0,341884,INR,2026-08-14T14:37:00Z,BATCH-MYNT-3716
PO_B12_003717,BillDesk Settlement,SWIG-INV-185157 PO_B12_003717,101819,1710,0,0,100109,INR,2026-08-14T00:34:00Z,BATCH-SWIG-3717
PO_B12_003718,Cashfree Escrow,PAYT-ORD-471128 PAYT-ORD-695848 BATCH-PAYT-3718,343410,6868,0,0,336542,INR,2026-08-14T11:49:00Z,BATCH-PAYT-3718
PO_B12_003719,Razorpay Nodal,BLNK-EXC-203879-UNRESOLVED,86402,1718,0,0,84684,INR,2026-08-15T06:35:00Z,HOLD-ESCROW
PO_B12_003720,Cashfree Escrow,TATA-INV-541496 PO_B12_003720,260029,5379,0,0,254650,INR,2026-08-14T08:06:00Z,BATCH-TATA-3720
PO_B12_003721,Cashfree Escrow,NYKA-INV-623641 PO_B12_003721,201128,3311,0,0,197817,INR,2026-08-14T08:37:00Z,BATCH-NYKA-3721
PO_B12_003722,Cashfree Escrow,PAYT-INV-844776 PO_B12_003722,207181,5172,0,0,202009,INR,2026-08-14T07:54:00Z,BATCH-PAYT-3722
PO_B12_003723,Stripe India,ZOMA-INV-937997 PO_B12_003723,369821,8724,0,0,361097,INR,2026-08-14T11:59:00Z,BATCH-ZOMA-3723
PO_B12_003724,Stripe India,UBER-ORD-847467 UBER-ORD-712132 UBER-ORD-271858 BATCH-UBER-3724,661546,13230,0,0,648316,INR,2026-08-13T22:00:00Z,BATCH-UBER-3724
PO_B12_003725,BillDesk Settlement,PHNP-INV-806237 PO_B12_003725,341822,6540,0,0,335282,INR,2026-08-14T11:30:00Z,BATCH-PHNP-3725
PO_B12_003726,BillDesk Settlement,MYNT-INV-637372 PO_B12_003726,195616,4503,0,0,191113,INR,2026-08-13T22:09:00Z,BATCH-MYNT-3726
PO_B12_003727,Cashfree Escrow,SWIG-ORD-777568 SWIG-ORD-611911 BATCH-SWIG-3727,436504,8730,0,0,427774,INR,2026-08-14T12:39:00Z,BATCH-SWIG-3727
PO_B12_003728,PayU Enterprise,SWIG-INV-906972 PO_B12_003728,32071,482,0,0,31589,INR,2026-08-14T10:36:00Z,BATCH-SWIG-3728
PO_B12_003729,Cashfree Escrow,TATA-INV-303419 PO_B12_003729,141568,3473,0,0,138095,INR,2026-08-14T07:06:00Z,BATCH-TATA-3729
PO_B12_003730,PayU Enterprise,SWIG-INV-114653 PO_B12_003730,67469,1244,0,0,66225,INR,2026-08-14T19:24:00Z,BATCH-SWIG-3730
PO_B12_003731,Stripe India,AMZN-INV-146202 PO_B12_003731,348878,6166,0,0,342712,INR,2026-08-13T19:32:00Z,BATCH-AMZN-3731
PO_B12_003732,Stripe India,BLNK-INV-396584 PO_B12_003732,181809,4539,0,0,177270,INR,2026-08-14T09:24:00Z,BATCH-BLNK-3732
PO_B12_003733,Razorpay Nodal,JIOO-INV-541533 PO_B12_003733,46761,723,0,0,46038,INR,2026-08-14T04:05:00Z,BATCH-JIOO-3733
PO_B12_003734,Cashfree Escrow,MYNT-INV-453316 PO_B12_003734,41437,705,0,0,40732,INR,2026-08-14T18:23:00Z,BATCH-MYNT-3734
PO_B12_003735,Razorpay Nodal,SWIG-ORD-647233 SWIG-ORD-735338 BATCH-SWIG-3735,417556,8351,0,0,409205,INR,2026-08-14T02:25:00Z,BATCH-SWIG-3735
PO_B12_003736,Razorpay Nodal,NYKA-ORD-771787 NYKA-ORD-327802 BATCH-NYKA-3736,256927,5138,0,0,251789,INR,2026-08-14T20:01:00Z,BATCH-NYKA-3736
PO_B12_003737,Razorpay Nodal,FLPK-ORD-655626 FLPK-ORD-964279 BATCH-FLPK-3737,265636,5312,0,0,260324,INR,2026-08-14T01:59:00Z,BATCH-FLPK-3737
PO_B12_003738,BillDesk Settlement,MMTR-INV-395126 PO_B12_003738,294002,6660,0,0,287342,INR,2026-08-14T15:44:00Z,BATCH-MMTR-3738
PO_B12_003739,PayU Enterprise,BKMS-INV-620450 PO_B12_003739,422683,7004,0,0,415679,INR,2026-08-14T22:06:00Z,BATCH-BKMS-3739
PO_B12_003740,Razorpay Nodal,NYKA-ORD-361881 NYKA-ORD-816823 BATCH-NYKA-3740,285780,5715,0,0,280065,INR,2026-08-14T06:27:00Z,BATCH-NYKA-3740
PO_B12_003741,PayU Enterprise,BKMS-INV-743733 PO_B12_003741,98875,2459,0,0,96416,INR,2026-08-14T09:38:00Z,BATCH-BKMS-3741
PO_B12_003742,Stripe India,NYKA-INV-294014 PO_B12_003742,402518,6543,0,0,395975,INR,2026-08-14T00:09:00Z,BATCH-NYKA-3742
PO_B12_003743,Cashfree Escrow,BKMS-INV-501375 PO_B12_003743,427316,6574,0,0,420742,INR,2026-08-14T22:31:00Z,BATCH-BKMS-3743
PO_B12_003744,PayU Enterprise,NYKA-ORD-985424 NYKA-ORD-314234 NYKA-ORD-701800 BATCH-NYKA-3744,589921,11798,0,0,578123,INR,2026-08-14T04:20:00Z,BATCH-NYKA-3744
PO_B12_003745,Cashfree Escrow,OLAA-EXC-312330-UNRESOLVED,99521,1980,0,0,97541,INR,2026-08-14T15:32:00Z,HOLD-ESCROW
PO_B12_003746,Cashfree Escrow,MMTR-ORD-797431 MMTR-ORD-196876 BATCH-MMTR-3746,291033,5820,0,0,285213,INR,2026-08-14T16:58:00Z,BATCH-MMTR-3746
PO_B12_003747,Cashfree Escrow,MYNT-INV-282881 PO_B12_003747,54031,1198,0,0,52833,INR,2026-08-14T04:17:00Z,BATCH-MYNT-3747
PO_B12_003748,Razorpay Nodal,JIOO-INV-647527 PO_B12_003748,441317,10507,0,0,430810,INR,2026-08-15T00:00:00Z,BATCH-JIOO-3748
PO_B12_003749,Cashfree Escrow,UBER-EXC-843320-UNRESOLVED,200735,4004,0,0,196731,INR,2026-08-15T02:59:00Z,HOLD-ESCROW
PO_B12_003750,Stripe India,AMZN-EXC-597645-UNRESOLVED,197845,3946,0,0,193899,INR,2026-08-15T08:12:00Z,HOLD-ESCROW
PO_B12_003751,BillDesk Settlement,JIOO-ORD-983749 JIOO-ORD-937923 BATCH-JIOO-3751,316940,6338,0,0,310602,INR,2026-08-14T06:38:00Z,BATCH-JIOO-3751
PO_B12_003752,PayU Enterprise,OLAA-INV-636515 PO_B12_003752,55700,866,0,0,54834,INR,2026-08-14T04:00:00Z,BATCH-OLAA-3752
PO_B12_003753,Stripe India,OLAA-INV-263436 PO_B12_003753,252864,4744,0,0,248120,INR,2026-08-14T00:10:00Z,BATCH-OLAA-3753
PO_B12_003754,PayU Enterprise,BLNK-ORD-440316 BLNK-ORD-349488 BATCH-BLNK-3754,417516,8350,0,0,409166,INR,2026-08-14T00:11:00Z,BATCH-BLNK-3754
PO_B12_003755,Cashfree Escrow,OLAA-INV-979971 PO_B12_003755,395937,9536,0,0,386401,INR,2026-08-14T08:30:00Z,BATCH-OLAA-3755
PO_B12_003756,Razorpay Nodal,UBER-INV-268636 PO_B12_003756,208928,4592,0,0,204336,INR,2026-08-13T22:34:00Z,BATCH-UBER-3756
PO_B12_003757,BillDesk Settlement,SWIG-INV-561525 PO_B12_003757,409727,6541,0,0,403186,INR,2026-08-14T16:46:00Z,BATCH-SWIG-3757
PO_B12_003758,Razorpay Nodal,MMTR-ORD-894748 MMTR-ORD-548681 BATCH-MMTR-3758,317088,6341,0,0,310747,INR,2026-08-14T10:47:00Z,BATCH-MMTR-3758
PO_B12_003759,PayU Enterprise,PAYT-INV-957558 PO_B12_003759,111030,2714,0,0,108316,INR,2026-08-14T01:31:00Z,BATCH-PAYT-3759
PO_B12_003760,Cashfree Escrow,PAYT-INV-277296 PO_B12_003760,121122,2500,0,0,118622,INR,2026-08-14T08:14:00Z,BATCH-PAYT-3760
PO_B12_003761,Razorpay Nodal,BLNK-INV-635451 PO_B12_003761,434606,7214,0,0,427392,INR,2026-08-13T21:43:00Z,BATCH-BLNK-3761
PO_B12_003762,PayU Enterprise,OLAA-ORD-804648 OLAA-ORD-309776 BATCH-OLAA-3762,233752,4675,0,0,229077,INR,2026-08-14T10:10:00Z,BATCH-OLAA-3762
PO_B12_003763,Stripe India,PHNP-INV-652278 PO_B12_003763,419286,10387,0,0,408899,INR,2026-08-14T14:25:00Z,BATCH-PHNP-3763
PO_B12_003764,Cashfree Escrow,SWIG-INV-280830 PO_B12_003764,424615,9792,0,0,414823,INR,2026-08-14T13:39:00Z,BATCH-SWIG-3764
PO_B12_003765,Razorpay Nodal,MYNT-INV-773785 PO_B12_003765,140787,2329,0,0,138458,INR,2026-08-14T20:18:00Z,BATCH-MYNT-3765
PO_B12_003766,Cashfree Escrow,TATA-INV-523000 PO_B12_003766,73129,1789,0,0,71340,INR,2026-08-14T12:49:00Z,BATCH-TATA-3766
PO_B12_003767,PayU Enterprise,TATA-ORD-334484 TATA-ORD-881629 TATA-ORD-416431 BATCH-TATA-3767,439182,8783,0,0,430399,INR,2026-08-14T04:55:00Z,BATCH-TATA-3767
PO_B12_003768,Stripe India,UBER-ORD-812646 UBER-ORD-726489 BATCH-UBER-3768,247481,4949,0,0,242532,INR,2026-08-14T02:57:00Z,BATCH-UBER-3768
PO_B12_003769,PayU Enterprise,TATA-INV-939817 PO_B12_003769,305361,6255,0,0,299106,INR,2026-08-14T06:55:00Z,BATCH-TATA-3769
PO_B12_003770,Stripe India,MMTR-INV-662667 PO_B12_003770,362494,7858,0,0,354636,INR,2026-08-14T11:12:00Z,BATCH-MMTR-3770
PO_B12_003771,BillDesk Settlement,AMZN-INV-867930 PO_B12_003771,194818,4696,0,0,190122,INR,2026-08-14T11:23:00Z,BATCH-AMZN-3771
PO_B12_003772,Cashfree Escrow,OLAA-INV-859021 PO_B12_003772,429766,7241,0,0,422525,INR,2026-08-14T04:16:00Z,BATCH-OLAA-3772
PO_B12_003773,BillDesk Settlement,OLAA-INV-106048 PO_B12_003773,26021,564,0,0,25457,INR,2026-08-14T13:20:00Z,BATCH-OLAA-3773
PO_B12_003774,BillDesk Settlement,ZOMA-INV-630507 PO_B12_003774,263924,5832,0,0,258092,INR,2026-08-13T16:37:00Z,BATCH-ZOMA-3774
PO_B12_003775,Cashfree Escrow,UBER-INV-410468 PO_B12_003775,180459,4404,0,0,176055,INR,2026-08-13T21:07:00Z,BATCH-UBER-3775
PO_B12_003776,Stripe India,UBER-ORD-322353 UBER-ORD-370229 BATCH-UBER-3776,172381,3447,0,0,168934,INR,2026-08-14T08:46:00Z,BATCH-UBER-3776
PO_B12_003777,PayU Enterprise,AMZN-INV-727149 PO_B12_003777,50376,977,0,0,49399,INR,2026-08-13T17:51:00Z,BATCH-AMZN-3777
PO_B12_003778,Stripe India,BKMS-ORD-294947 BKMS-ORD-139562 BKMS-ORD-705301 BATCH-BKMS-3778,319681,6393,0,0,313288,INR,2026-08-13T22:23:00Z,BATCH-BKMS-3778
PO_B12_003779,Cashfree Escrow,NYKA-ORD-336743 NYKA-ORD-638984 NYKA-ORD-507516 BATCH-NYKA-3779,439723,8794,0,0,430929,INR,2026-08-14T07:03:00Z,BATCH-NYKA-3779
PO_B12_003780,Cashfree Escrow,UBER-ORD-218051 UBER-ORD-491602 BATCH-UBER-3780,242328,4846,0,0,237482,INR,2026-08-14T14:57:00Z,BATCH-UBER-3780
PO_B12_003781,PayU Enterprise,PAYT-INV-171896 PO_B12_003781,272234,5805,0,0,266429,INR,2026-08-13T19:28:00Z,BATCH-PAYT-3781
PO_B12_003782,Stripe India,MMTR-ORD-772348 MMTR-ORD-531839 BATCH-MMTR-3782,88719,1774,0,0,86945,INR,2026-08-14T04:22:00Z,BATCH-MMTR-3782
PO_B12_003783,PayU Enterprise,FLPK-INV-835273 PO_B12_003783,110670,2254,0,0,108416,INR,2026-08-14T11:28:00Z,BATCH-FLPK-3783
PO_B12_003784,Razorpay Nodal,PHNP-INV-469111 PO_B12_003784,303871,7145,0,0,296726,INR,2026-08-14T05:00:00Z,BATCH-PHNP-3784
PO_B12_003785,Razorpay Nodal,ZOMA-INV-993152 PO_B12_003785,322216,8022,0,0,314194,INR,2026-08-14T05:19:00Z,BATCH-ZOMA-3785
PO_B12_003786,Razorpay Nodal,TATA-INV-374790 PO_B12_003786,108393,1986,0,0,106407,INR,2026-08-14T15:35:00Z,BATCH-TATA-3786
PO_B12_003787,Razorpay Nodal,AMZN-ORD-745802 AMZN-ORD-117103 BATCH-AMZN-3787,295044,5900,0,0,289144,INR,2026-08-13T21:33:00Z,BATCH-AMZN-3787
PO_B12_003788,Cashfree Escrow,PHNP-INV-898118 PO_B12_003788,259965,5223,0,0,254742,INR,2026-08-14T04:13:00Z,BATCH-PHNP-3788
PO_B12_003789,Stripe India,BBAS-ORD-329833 BBAS-ORD-577522 BATCH-BBAS-3789,273908,5478,0,0,268430,INR,2026-08-14T19:54:00Z,BATCH-BBAS-3789
PO_B12_003790,Stripe India,MYNT-ORD-243608 MYNT-ORD-174116 MYNT-ORD-660421 BATCH-MYNT-3790,338465,6769,0,0,331696,INR,2026-08-14T17:42:00Z,BATCH-MYNT-3790
PO_B12_003791,BillDesk Settlement,PHNP-INV-532838 PO_B12_003791,297326,5768,0,0,291558,INR,2026-08-14T04:29:00Z,BATCH-PHNP-3791
PO_B12_003792,Razorpay Nodal,NYKA-INV-910426 PO_B12_003792,277522,5292,0,0,272230,INR,2026-08-14T12:08:00Z,BATCH-NYKA-3792
PO_B12_003793,PayU Enterprise,TATA-INV-438469 PO_B12_003793,182495,3945,0,0,178550,INR,2026-08-14T18:21:00Z,BATCH-TATA-3793
PO_B12_003794,Razorpay Nodal,MYNT-INV-559471 PO_B12_003794,143521,2809,0,0,140712,INR,2026-08-14T09:59:00Z,BATCH-MYNT-3794
PO_B12_003795,PayU Enterprise,TATA-INV-589510 PO_B12_003795,101707,1706,0,0,100001,INR,2026-08-14T00:17:00Z,BATCH-TATA-3795
PO_B12_003796,Cashfree Escrow,PAYT-INV-555526 PO_B12_003796,357568,8722,0,0,348846,INR,2026-08-14T03:00:00Z,BATCH-PAYT-3796
PO_B12_003797,PayU Enterprise,ZOMA-INV-833176 PO_B12_003797,202147,4466,0,0,197681,INR,2026-08-14T09:08:00Z,BATCH-ZOMA-3797
PO_B12_003798,Stripe India,PAYT-INV-464691 PO_B12_003798,39998,728,0,0,39270,INR,2026-08-14T09:34:00Z,BATCH-PAYT-3798
PO_B12_003799,Razorpay Nodal,SWIG-INV-320461 PO_B12_003799,255409,4123,0,0,251286,INR,2026-08-14T05:05:00Z,BATCH-SWIG-3799
PO_B12_003800,Stripe India,JIOO-INV-189089 PO_B12_003800,348979,5271,0,0,343708,INR,2026-08-14T08:46:00Z,BATCH-JIOO-3800
PO_B12_003801,Razorpay Nodal,OLAA-INV-471912 PO_B12_003801,207368,3910,0,0,203458,INR,2026-08-14T04:01:00Z,BATCH-OLAA-3801
PO_B12_003802,Stripe India,TATA-ORD-933785 TATA-ORD-505895 BATCH-TATA-3802,73282,1465,0,0,71817,INR,2026-08-14T14:18:00Z,BATCH-TATA-3802
PO_B12_003803,Razorpay Nodal,SWIG-ORD-320017 SWIG-ORD-161904 BATCH-SWIG-3803,263252,5265,0,0,257987,INR,2026-08-14T15:05:00Z,BATCH-SWIG-3803
PO_B12_003804,Razorpay Nodal,FLPK-INV-160592 PO_B12_003804,327412,5645,0,0,321767,INR,2026-08-14T04:00:00Z,BATCH-FLPK-3804
PO_B12_003805,Stripe India,BLNK-ORD-762514 BLNK-ORD-146259 BLNK-ORD-845639 BATCH-BLNK-3805,428934,8578,0,0,420356,INR,2026-08-14T15:58:00Z,BATCH-BLNK-3805
PO_B12_003806,Cashfree Escrow,ZOMA-INV-578457 PO_B12_003806,250178,5192,0,0,244986,INR,2026-08-14T07:43:00Z,BATCH-ZOMA-3806
PO_B12_003807,PayU Enterprise,NYKA-INV-515697 PO_B12_003807,185397,3847,0,0,181550,INR,2026-08-14T14:14:00Z,BATCH-NYKA-3807
PO_B12_003808,Razorpay Nodal,TATA-INV-431568 PO_B12_003808,151669,3529,0,0,148140,INR,2026-08-14T15:07:00Z,BATCH-TATA-3808
PO_B12_003809,BillDesk Settlement,PHNP-INV-846593 PO_B12_003809,226841,4551,0,0,222290,INR,2026-08-14T19:36:00Z,BATCH-PHNP-3809
PO_B12_003810,BillDesk Settlement,FLPK-ORD-242837 FLPK-ORD-591612 BATCH-FLPK-3810,457611,9152,0,0,448459,INR,2026-08-14T14:18:00Z,BATCH-FLPK-3810
PO_B12_003811,Cashfree Escrow,JIOO-INV-740456 PO_B12_003811,66886,1160,0,0,65726,INR,2026-08-14T18:09:00Z,BATCH-JIOO-3811
PO_B12_003812,Stripe India,ZOMA-INV-241412 PO_B12_003812,293753,4426,0,0,289327,INR,2026-08-14T12:39:00Z,BATCH-ZOMA-3812
PO_B12_003813,BillDesk Settlement,MYNT-ORD-625996 MYNT-ORD-621047 BATCH-MYNT-3813,362515,7250,0,0,355265,INR,2026-08-14T14:26:00Z,BATCH-MYNT-3813
PO_B12_003814,Cashfree Escrow,TATA-INV-599516 PO_B12_003814,309699,4685,0,0,305014,INR,2026-08-14T03:51:00Z,BATCH-TATA-3814
PO_B12_003815,Stripe India,BBAS-INV-198632 PO_B12_003815,249472,4476,0,0,244996,INR,2026-08-14T18:51:00Z,BATCH-BBAS-3815
PO_B12_003816,BillDesk Settlement,MYNT-INV-262078 PO_B12_003816,227816,4346,0,0,223470,INR,2026-08-14T05:56:00Z,BATCH-MYNT-3816
PO_B12_003817,Cashfree Escrow,SWIG-INV-163500 PO_B12_003817,94772,1774,0,0,92998,INR,2026-08-13T16:47:00Z,BATCH-SWIG-3817
PO_B12_003818,PayU Enterprise,SWIG-INV-221661 PO_B12_003818,201787,4845,0,0,196942,INR,2026-08-14T16:13:00Z,BATCH-SWIG-3818
PO_B12_003819,PayU Enterprise,PHNP-INV-114090 PO_B12_003819,434444,10552,0,0,423892,INR,2026-08-14T11:09:00Z,BATCH-PHNP-3819
PO_B12_003820,BillDesk Settlement,OLAA-ORD-693939 OLAA-ORD-238624 BATCH-OLAA-3820,203421,4068,0,0,199353,INR,2026-08-14T06:14:00Z,BATCH-OLAA-3820
PO_B12_003821,BillDesk Settlement,PAYT-INV-431038 PO_B12_003821,444153,7204,0,0,436949,INR,2026-08-14T09:29:00Z,BATCH-PAYT-3821
PO_B12_003822,BillDesk Settlement,PAYT-INV-495173 PO_B12_003822,227008,4121,0,0,222887,INR,2026-08-14T04:58:00Z,BATCH-PAYT-3822
PO_B12_003823,Razorpay Nodal,NYKA-ORD-777600 NYKA-ORD-572793 BATCH-NYKA-3823,173949,3478,0,0,170471,INR,2026-08-14T10:57:00Z,BATCH-NYKA-3823
PO_B12_003824,PayU Enterprise,JIOO-INV-555352 PO_B12_003824,285236,7055,0,0,278181,INR,2026-08-14T08:15:00Z,BATCH-JIOO-3824
PO_B12_003825,BillDesk Settlement,PHNP-INV-951859 PO_B12_003825,52721,895,0,0,51826,INR,2026-08-14T01:54:00Z,BATCH-PHNP-3825
PO_B12_003826,Stripe India,OLAA-INV-281107 PO_B12_003826,260643,6143,0,0,254500,INR,2026-08-14T06:48:00Z,BATCH-OLAA-3826
PO_B12_003827,PayU Enterprise,SWIG-INV-326523 PO_B12_003827,363334,7269,0,0,356065,INR,2026-08-13T20:45:00Z,BATCH-SWIG-3827
PO_B12_003828,Cashfree Escrow,FLPK-INV-334958 PO_B12_003828,333204,6667,0,0,326537,INR,2026-08-14T04:39:00Z,BATCH-FLPK-3828
PO_B12_003829,BillDesk Settlement,TATA-ORD-487587 TATA-ORD-562173 BATCH-TATA-3829,431960,8639,0,0,423321,INR,2026-08-14T04:31:00Z,BATCH-TATA-3829
PO_B12_003830,Razorpay Nodal,AMZN-INV-747413 PO_B12_003830,433078,8522,0,0,424556,INR,2026-08-14T10:51:00Z,BATCH-AMZN-3830
PO_B12_003831,Razorpay Nodal,MMTR-INV-541513 PO_B12_003831,294382,4882,0,0,289500,INR,2026-08-14T03:11:00Z,BATCH-MMTR-3831
PO_B12_003832,Cashfree Escrow,PHNP-INV-319898 PO_B12_003832,145211,3470,0,0,141741,INR,2026-08-14T10:20:00Z,BATCH-PHNP-3832
PO_B12_003833,Stripe India,MYNT-INV-697570 PO_B12_003833,343353,6588,0,0,336765,INR,2026-08-13T15:34:00Z,BATCH-MYNT-3833
PO_B12_003834,BillDesk Settlement,PAYT-ORD-595681 PAYT-ORD-829198 PAYT-ORD-670678 BATCH-PAYT-3834,469028,9380,0,0,459648,INR,2026-08-14T13:40:00Z,BATCH-PAYT-3834
PO_B12_003835,Stripe India,FLPK-ORD-118496 FLPK-ORD-617658 FLPK-ORD-446533 BATCH-FLPK-3835,163786,3275,0,0,160511,INR,2026-08-13T23:26:00Z,BATCH-FLPK-3835
PO_B12_003836,Razorpay Nodal,UBER-INV-642841 PO_B12_003836,153114,2561,0,0,150553,INR,2026-08-14T09:06:00Z,BATCH-UBER-3836
PO_B12_003837,Stripe India,PHNP-INV-443676 PO_B12_003837,328944,6962,0,0,321982,INR,2026-08-13T16:50:00Z,BATCH-PHNP-3837
PO_B12_003838,Stripe India,ZOMA-INV-466606 PO_B12_003838,182002,4127,0,0,177875,INR,2026-08-15T00:52:00Z,BATCH-ZOMA-3838
PO_B12_003839,BillDesk Settlement,MYNT-ORD-715081 MYNT-ORD-364118 MYNT-ORD-628183 BATCH-MYNT-3839,468899,9377,0,0,459522,INR,2026-08-14T16:35:00Z,BATCH-MYNT-3839
PO_B12_003840,Razorpay Nodal,OLAA-INV-449331 PO_B12_003840,126747,2881,0,0,123866,INR,2026-08-15T00:01:00Z,BATCH-OLAA-3840
PO_B12_003841,Razorpay Nodal,ZOMA-ORD-518409 ZOMA-ORD-526929 BATCH-ZOMA-3841,262476,5249,0,0,257227,INR,2026-08-14T04:49:00Z,BATCH-ZOMA-3841
PO_B12_003842,PayU Enterprise,PAYT-INV-241670 PO_B12_003842,65736,1028,0,0,64708,INR,2026-08-14T07:10:00Z,BATCH-PAYT-3842
PO_B12_003843,PayU Enterprise,SWIG-INV-591699 PO_B12_003843,35384,805,0,0,34579,INR,2026-08-14T04:33:00Z,BATCH-SWIG-3843
PO_B12_003844,Stripe India,PAYT-INV-557214 PO_B12_003844,345817,7614,0,0,338203,INR,2026-08-14T09:38:00Z,BATCH-PAYT-3844
PO_B12_003845,BillDesk Settlement,UBER-ORD-773822 UBER-ORD-892073 BATCH-UBER-3845,226475,4529,0,0,221946,INR,2026-08-14T11:45:00Z,BATCH-UBER-3845
PO_B12_003846,Stripe India,MMTR-ORD-839177 MMTR-ORD-499574 MMTR-ORD-375182 BATCH-MMTR-3846,247888,4957,0,0,242931,INR,2026-08-14T19:29:00Z,BATCH-MMTR-3846
PO_B12_003847,PayU Enterprise,PAYT-INV-538708 PO_B12_003847,388136,8699,0,0,379437,INR,2026-08-14T16:19:00Z,BATCH-PAYT-3847
PO_B12_003848,Stripe India,SWIG-ORD-274600 SWIG-ORD-365603 BATCH-SWIG-3848,211751,4235,0,0,207516,INR,2026-08-13T22:28:00Z,BATCH-SWIG-3848
PO_B12_003849,Stripe India,AMZN-INV-699346 PO_B12_003849,111917,2556,0,0,109361,INR,2026-08-14T22:54:00Z,BATCH-AMZN-3849
PO_B12_003850,PayU Enterprise,AMZN-INV-931153 PO_B12_003850,268821,5257,0,0,263564,INR,2026-08-14T04:35:00Z,BATCH-AMZN-3850
PO_B12_003851,Stripe India,BLNK-INV-960731 PO_B12_003851,430299,8601,0,0,421698,INR,2026-08-14T10:49:00Z,BATCH-BLNK-3851
PO_B12_003852,Cashfree Escrow,OLAA-EXC-885351-UNRESOLVED,175101,3492,0,0,171609,INR,2026-08-14T20:15:00Z,HOLD-ESCROW
PO_B12_003853,Cashfree Escrow,PAYT-INV-531716 PO_B12_003853,305852,6203,0,0,299649,INR,2026-08-14T10:49:00Z,BATCH-PAYT-3853
PO_B12_003854,BillDesk Settlement,FLPK-INV-250338 PO_B12_003854,416310,8611,0,0,407699,INR,2026-08-14T13:04:00Z,BATCH-FLPK-3854
PO_B12_003855,Razorpay Nodal,NYKA-INV-322513 PO_B12_003855,381491,9529,0,0,371962,INR,2026-08-14T11:12:00Z,BATCH-NYKA-3855
PO_B12_003856,BillDesk Settlement,MYNT-INV-755183 PO_B12_003856,116038,2321,0,0,113717,INR,2026-08-14T09:20:00Z,BATCH-MYNT-3856
PO_B12_003857,PayU Enterprise,PHNP-INV-367030 PO_B12_003857,54908,980,0,0,53928,INR,2026-08-13T22:23:00Z,BATCH-PHNP-3857
PO_B12_003858,Stripe India,OLAA-INV-830570 PO_B12_003858,50267,1031,0,0,49236,INR,2026-08-15T00:41:00Z,BATCH-OLAA-3858
PO_B12_003859,Razorpay Nodal,MMTR-INV-521185 PO_B12_003859,215964,4259,0,0,211705,INR,2026-08-14T03:24:00Z,BATCH-MMTR-3859
PO_B12_003860,Razorpay Nodal,OLAA-ORD-104540 OLAA-ORD-717255 BATCH-OLAA-3860,216485,4329,0,0,212156,INR,2026-08-14T07:20:00Z,BATCH-OLAA-3860
PO_B12_003861,PayU Enterprise,FLPK-EXC-675483-UNRESOLVED,238823,4766,0,0,234057,INR,2026-08-15T07:14:00Z,HOLD-ESCROW
PO_B12_003862,Razorpay Nodal,FLPK-INV-400485 PO_B12_003862,272053,6482,0,0,265571,INR,2026-08-14T12:30:00Z,BATCH-FLPK-3862
PO_B12_003863,Razorpay Nodal,UBER-EXC-577304-UNRESOLVED,160316,3196,0,0,157120,INR,2026-08-14T15:08:00Z,HOLD-ESCROW
PO_B12_003864,Cashfree Escrow,FLPK-EXC-613804-UNRESOLVED,268438,5358,0,0,263080,INR,2026-08-14T16:19:00Z,HOLD-ESCROW
PO_B12_003865,PayU Enterprise,BLNK-INV-845709 PO_B12_003865,313386,6632,0,0,306754,INR,2026-08-14T05:46:00Z,BATCH-BLNK-3865
PO_B12_003866,Stripe India,JIOO-ORD-329746 JIOO-ORD-885489 BATCH-JIOO-3866,367748,7354,0,0,360394,INR,2026-08-14T06:19:00Z,BATCH-JIOO-3866
PO_B12_003867,Razorpay Nodal,JIOO-INV-733689 PO_B12_003867,303570,5860,0,0,297710,INR,2026-08-14T02:49:00Z,BATCH-JIOO-3867
PO_B12_003868,Razorpay Nodal,TATA-INV-908390 PO_B12_003868,84088,1960,0,0,82128,INR,2026-08-14T19:11:00Z,BATCH-TATA-3868
PO_B12_003869,Razorpay Nodal,BLNK-INV-707571 PO_B12_003869,71856,1532,0,0,70324,INR,2026-08-14T14:47:00Z,BATCH-BLNK-3869
PO_B12_003870,Stripe India,JIOO-INV-614013 PO_B12_003870,129506,2921,0,0,126585,INR,2026-08-14T14:48:00Z,BATCH-JIOO-3870
PO_B12_003871,PayU Enterprise,UBER-INV-613271 PO_B12_003871,32927,633,0,0,32294,INR,2026-08-14T06:59:00Z,BATCH-UBER-3871
PO_B12_003872,Stripe India,PHNP-ORD-935485 PHNP-ORD-347119 PHNP-ORD-715777 BATCH-PHNP-3872,318954,6379,0,0,312575,INR,2026-08-14T01:41:00Z,BATCH-PHNP-3872
PO_B12_003873,Razorpay Nodal,MMTR-ORD-497005 MMTR-ORD-503616 BATCH-MMTR-3873,324497,6489,0,0,318008,INR,2026-08-14T19:20:00Z,BATCH-MMTR-3873
PO_B12_003874,PayU Enterprise,SWIG-INV-265802 PO_B12_003874,74545,1415,0,0,73130,INR,2026-08-13T21:57:00Z,BATCH-SWIG-3874
PO_B12_003875,PayU Enterprise,PAYT-INV-192718 PO_B12_003875,56575,1184,0,0,55391,INR,2026-08-14T01:40:00Z,BATCH-PAYT-3875
PO_B12_003876,Razorpay Nodal,ZOMA-INV-906038 PO_B12_003876,209743,4151,0,0,205592,INR,2026-08-14T09:37:00Z,BATCH-ZOMA-3876
PO_B12_003877,PayU Enterprise,BKMS-INV-326905 PO_B12_003877,307219,5774,0,0,301445,INR,2026-08-14T09:26:00Z,BATCH-BKMS-3877
PO_B12_003878,Stripe India,FLPK-INV-685478 PO_B12_003878,29405,489,0,0,28916,INR,2026-08-14T05:14:00Z,BATCH-FLPK-3878
PO_B12_003879,Stripe India,SWIG-INV-387865 PO_B12_003879,276710,4791,0,0,271919,INR,2026-08-14T07:21:00Z,BATCH-SWIG-3879
PO_B12_003880,PayU Enterprise,BKMS-INV-262307 PO_B12_003880,165565,2738,0,0,162827,INR,2026-08-14T06:43:00Z,BATCH-BKMS-3880
PO_B12_003881,Cashfree Escrow,MYNT-INV-110994 PO_B12_003881,416701,10351,0,0,406350,INR,2026-08-14T14:04:00Z,BATCH-MYNT-3881
PO_B12_003882,BillDesk Settlement,MMTR-INV-171708 PO_B12_003882,42149,730,0,0,41419,INR,2026-08-13T21:32:00Z,BATCH-MMTR-3882
PO_B12_003883,Stripe India,FLPK-INV-524258 PO_B12_003883,364010,7496,0,0,356514,INR,2026-08-13T22:12:00Z,BATCH-FLPK-3883
PO_B12_003884,PayU Enterprise,OLAA-INV-762935 PO_B12_003884,352179,6171,0,0,346008,INR,2026-08-14T15:32:00Z,BATCH-OLAA-3884
PO_B12_003885,Razorpay Nodal,NYKA-INV-302977 PO_B12_003885,338642,8270,0,0,330372,INR,2026-08-14T00:45:00Z,BATCH-NYKA-3885
PO_B12_003886,Razorpay Nodal,JIOO-ORD-896511 JIOO-ORD-457682 BATCH-JIOO-3886,310053,6201,0,0,303852,INR,2026-08-14T06:05:00Z,BATCH-JIOO-3886
PO_B12_003887,BillDesk Settlement,BLNK-INV-612004 PO_B12_003887,327760,7671,0,0,320089,INR,2026-08-14T02:26:00Z,BATCH-BLNK-3887
PO_B12_003888,Razorpay Nodal,OLAA-INV-943236 PO_B12_003888,227487,4723,0,0,222764,INR,2026-08-14T02:24:00Z,BATCH-OLAA-3888
PO_B12_003889,Cashfree Escrow,ZOMA-INV-421111 PO_B12_003889,421186,9475,0,0,411711,INR,2026-08-14T08:47:00Z,BATCH-ZOMA-3889
PO_B12_003890,BillDesk Settlement,UBER-INV-273129 PO_B12_003890,276567,6633,0,0,269934,INR,2026-08-14T09:58:00Z,BATCH-UBER-3890
PO_B12_003891,PayU Enterprise,JIOO-INV-694028 PO_B12_003891,371689,8334,0,0,363355,INR,2026-08-14T11:04:00Z,BATCH-JIOO-3891
PO_B12_003892,Razorpay Nodal,UBER-INV-528900 PO_B12_003892,72726,1665,0,0,71061,INR,2026-08-14T01:20:00Z,BATCH-UBER-3892
PO_B12_003893,Razorpay Nodal,AMZN-INV-715020 PO_B12_003893,189381,4183,0,0,185198,INR,2026-08-14T14:51:00Z,BATCH-AMZN-3893
PO_B12_003894,PayU Enterprise,BKMS-INV-830705 PO_B12_003894,414387,8848,0,0,405539,INR,2026-08-13T19:07:00Z,BATCH-BKMS-3894
PO_B12_003895,BillDesk Settlement,FLPK-INV-165197 PO_B12_003895,72914,1254,0,0,71660,INR,2026-08-14T16:18:00Z,BATCH-FLPK-3895
PO_B12_003896,PayU Enterprise,BBAS-ORD-988673 BBAS-ORD-682959 BBAS-ORD-897772 BATCH-BBAS-3896,313486,6269,0,0,307217,INR,2026-08-14T05:08:00Z,BATCH-BBAS-3896
PO_B12_003897,PayU Enterprise,JIOO-INV-587389 PO_B12_003897,129738,2590,0,0,127148,INR,2026-08-14T05:56:00Z,BATCH-JIOO-3897
PO_B12_003898,PayU Enterprise,BKMS-ORD-656732 BKMS-ORD-109659 BATCH-BKMS-3898,149828,2996,0,0,146832,INR,2026-08-13T23:52:00Z,BATCH-BKMS-3898
PO_B12_003899,BillDesk Settlement,BLNK-INV-276855 PO_B12_003899,377420,8861,0,0,368559,INR,2026-08-14T12:17:00Z,BATCH-BLNK-3899
PO_B12_003900,Stripe India,NYKA-INV-958975 PO_B12_003900,75806,1407,0,0,74399,INR,2026-08-14T13:24:00Z,BATCH-NYKA-3900
PO_B12_003901,BillDesk Settlement,UBER-INV-144553 PO_B12_003901,125773,2559,0,0,123214,INR,2026-08-14T00:07:00Z,BATCH-UBER-3901
PO_B12_003902,PayU Enterprise,ZOMA-ORD-643888 ZOMA-ORD-166586 BATCH-ZOMA-3902,194717,3894,0,0,190823,INR,2026-08-14T05:10:00Z,BATCH-ZOMA-3902
PO_B12_003903,Stripe India,SWIG-INV-757825 PO_B12_003903,61907,1292,0,0,60615,INR,2026-08-14T08:52:00Z,BATCH-SWIG-3903
PO_B12_003904,Razorpay Nodal,BLNK-INV-112146 PO_B12_003904,218455,4390,0,0,214065,INR,2026-08-14T16:11:00Z,BATCH-BLNK-3904
PO_B12_003905,Cashfree Escrow,TATA-INV-340432 PO_B12_003905,52320,1222,0,0,51098,INR,2026-08-14T14:05:00Z,BATCH-TATA-3905
PO_B12_003906,BillDesk Settlement,BKMS-INV-339058 PO_B12_003906,119568,2785,0,0,116783,INR,2026-08-13T16:29:00Z,BATCH-BKMS-3906
PO_B12_003907,BillDesk Settlement,ZOMA-INV-232172 PO_B12_003907,251686,4440,0,0,247246,INR,2026-08-14T22:38:00Z,BATCH-ZOMA-3907
PO_B12_003908,Stripe India,PAYT-INV-311760 PO_B12_003908,349925,5512,0,0,344413,INR,2026-08-14T00:30:00Z,BATCH-PAYT-3908
PO_B12_003909,PayU Enterprise,FLPK-INV-676125 PO_B12_003909,438049,8157,0,0,429892,INR,2026-08-13T22:21:00Z,BATCH-FLPK-3909
PO_B12_003910,BillDesk Settlement,ZOMA-INV-367167 PO_B12_003910,145980,2931,0,0,143049,INR,2026-08-14T17:32:00Z,BATCH-ZOMA-3910
PO_B12_003911,PayU Enterprise,BLNK-INV-606367 PO_B12_003911,102360,1826,0,0,100534,INR,2026-08-14T10:40:00Z,BATCH-BLNK-3911
PO_B12_003912,Stripe India,ZOMA-INV-432932 PO_B12_003912,27501,664,0,0,26837,INR,2026-08-14T07:54:00Z,BATCH-ZOMA-3912
PO_B12_003913,BillDesk Settlement,BKMS-ORD-914238 BKMS-ORD-684728 BATCH-BKMS-3913,186951,3739,0,0,183212,INR,2026-08-13T23:35:00Z,BATCH-BKMS-3913
PO_B12_003914,Stripe India,BBAS-INV-872406 PO_B12_003914,359660,5885,0,0,353775,INR,2026-08-13T20:13:00Z,BATCH-BBAS-3914
PO_B12_003915,Stripe India,AMZN-INV-518532 PO_B12_003915,139473,2460,0,0,137013,INR,2026-08-14T11:38:00Z,BATCH-AMZN-3915
PO_B12_003916,Stripe India,PHNP-INV-696870 PO_B12_003916,446596,10232,0,0,436364,INR,2026-08-14T06:17:00Z,BATCH-PHNP-3916
PO_B12_003917,Cashfree Escrow,PAYT-INV-587319 PO_B12_003917,216373,3605,0,0,212768,INR,2026-08-14T05:48:00Z,BATCH-PAYT-3917
PO_B12_003918,BillDesk Settlement,SWIG-INV-373225 PO_B12_003918,271491,4190,0,0,267301,INR,2026-08-14T07:54:00Z,BATCH-SWIG-3918
PO_B12_003919,Cashfree Escrow,BLNK-INV-771195 PO_B12_003919,198838,3078,0,0,195760,INR,2026-08-14T22:47:00Z,BATCH-BLNK-3919
PO_B12_003920,BillDesk Settlement,UBER-ORD-396279 UBER-ORD-513887 BATCH-UBER-3920,126970,2539,0,0,124431,INR,2026-08-14T13:37:00Z,BATCH-UBER-3920
PO_B12_003921,PayU Enterprise,NYKA-INV-352489 PO_B12_003921,417178,7648,0,0,409530,INR,2026-08-14T23:42:00Z,BATCH-NYKA-3921
PO_B12_003922,Stripe India,ZOMA-ORD-631624 ZOMA-ORD-574594 BATCH-ZOMA-3922,230626,4612,0,0,226014,INR,2026-08-14T20:11:00Z,BATCH-ZOMA-3922
PO_B12_003923,Stripe India,BKMS-INV-723984 PO_B12_003923,120481,2971,0,0,117510,INR,2026-08-14T06:58:00Z,BATCH-BKMS-3923
PO_B12_003924,PayU Enterprise,MMTR-INV-739240 PO_B12_003924,182642,2903,0,0,179739,INR,2026-08-14T06:43:00Z,BATCH-MMTR-3924
PO_B12_003925,PayU Enterprise,BKMS-ORD-659843 BKMS-ORD-636841 BATCH-BKMS-3925,433729,8674,0,0,425055,INR,2026-08-13T23:21:00Z,BATCH-BKMS-3925
PO_B12_003926,Stripe India,AMZN-ORD-820269 AMZN-ORD-639008 BATCH-AMZN-3926,387100,7742,0,0,379358,INR,2026-08-14T08:05:00Z,BATCH-AMZN-3926
PO_B12_003927,BillDesk Settlement,OLAA-ORD-198027 OLAA-ORD-966117 BATCH-OLAA-3927,259405,5188,0,0,254217,INR,2026-08-14T12:42:00Z,BATCH-OLAA-3927
PO_B12_003928,PayU Enterprise,JIOO-INV-459712 PO_B12_003928,27827,593,0,0,27234,INR,2026-08-14T10:55:00Z,BATCH-JIOO-3928
PO_B12_003929,PayU Enterprise,TATA-INV-392134 PO_B12_003929,391615,8636,0,0,382979,INR,2026-08-14T09:46:00Z,BATCH-TATA-3929
PO_B12_003930,Razorpay Nodal,NYKA-INV-910978 PO_B12_003930,111713,2279,0,0,109434,INR,2026-08-13T19:47:00Z,BATCH-NYKA-3930
PO_B12_003931,Stripe India,NYKA-INV-545723 PO_B12_003931,206258,3171,0,0,203087,INR,2026-08-14T08:02:00Z,BATCH-NYKA-3931
PO_B12_003932,Cashfree Escrow,AMZN-INV-576481 PO_B12_003932,422421,9219,0,0,413202,INR,2026-08-13T22:18:00Z,BATCH-AMZN-3932
PO_B12_003933,Stripe India,MYNT-INV-911607 PO_B12_003933,368878,7056,0,0,361822,INR,2026-08-14T07:36:00Z,BATCH-MYNT-3933
PO_B12_003934,Razorpay Nodal,PAYT-ORD-316592 PAYT-ORD-966848 PAYT-ORD-204323 BATCH-PAYT-3934,261378,5227,0,0,256151,INR,2026-08-14T11:49:00Z,BATCH-PAYT-3934
PO_B12_003935,Cashfree Escrow,BLNK-EXC-524216-UNRESOLVED,173329,3456,0,0,169873,INR,2026-08-15T08:49:00Z,HOLD-ESCROW
PO_B12_003936,Stripe India,PAYT-INV-423127 PO_B12_003936,93214,1521,0,0,91693,INR,2026-08-14T08:04:00Z,BATCH-PAYT-3936
PO_B12_003937,Razorpay Nodal,UBER-INV-410292 PO_B12_003937,144096,3189,0,0,140907,INR,2026-08-14T00:54:00Z,BATCH-UBER-3937
PO_B12_003938,Razorpay Nodal,BBAS-INV-107567 PO_B12_003938,323603,6201,0,0,317402,INR,2026-08-14T10:13:00Z,BATCH-BBAS-3938
PO_B12_003939,Razorpay Nodal,MMTR-INV-984016 PO_B12_003939,412151,9121,0,0,403030,INR,2026-08-14T12:06:00Z,BATCH-MMTR-3939
PO_B12_003940,PayU Enterprise,BLNK-ORD-177805 BLNK-ORD-692435 BLNK-ORD-377602 BATCH-BLNK-3940,288935,5778,0,0,283157,INR,2026-08-14T20:28:00Z,BATCH-BLNK-3940
PO_B12_003941,BillDesk Settlement,PHNP-INV-764964 PO_B12_003941,331268,5771,0,0,325497,INR,2026-08-13T20:36:00Z,BATCH-PHNP-3941
PO_B12_003942,BillDesk Settlement,BLNK-INV-165484 PO_B12_003942,360193,6214,0,0,353979,INR,2026-08-13T22:15:00Z,BATCH-BLNK-3942
PO_B12_003943,BillDesk Settlement,FLPK-INV-113750 PO_B12_003943,247788,4423,0,0,243365,INR,2026-08-14T01:18:00Z,BATCH-FLPK-3943
PO_B12_003944,Stripe India,BBAS-INV-438587 PO_B12_003944,89039,2086,0,0,86953,INR,2026-08-14T01:27:00Z,BATCH-BBAS-3944
PO_B12_003945,Cashfree Escrow,UBER-EXC-261509-UNRESOLVED,236156,4713,0,0,231443,INR,2026-08-15T07:53:00Z,HOLD-ESCROW
PO_B12_003946,Stripe India,OLAA-INV-413328 PO_B12_003946,72735,1768,0,0,70967,INR,2026-08-14T13:21:00Z,BATCH-OLAA-3946
PO_B12_003947,Cashfree Escrow,SWIG-EXC-506559-UNRESOLVED,133566,2661,0,0,130905,INR,2026-08-14T20:38:00Z,HOLD-ESCROW
PO_B12_003948,Razorpay Nodal,MMTR-ORD-855069 MMTR-ORD-659988 BATCH-MMTR-3948,163741,3274,0,0,160467,INR,2026-08-14T03:05:00Z,BATCH-MMTR-3948
PO_B12_003949,BillDesk Settlement,JIOO-ORD-395035 JIOO-ORD-700164 JIOO-ORD-152746 BATCH-JIOO-3949,357686,7153,0,0,350533,INR,2026-08-13T21:07:00Z,BATCH-JIOO-3949
PO_B12_003950,Razorpay Nodal,AMZN-ORD-200756 AMZN-ORD-437072 BATCH-AMZN-3950,402805,8056,0,0,394749,INR,2026-08-14T05:01:00Z,BATCH-AMZN-3950
PO_B12_003951,Stripe India,NYKA-INV-753358 PO_B12_003951,261278,6485,0,0,254793,INR,2026-08-14T08:05:00Z,BATCH-NYKA-3951
PO_B12_003952,BillDesk Settlement,TATA-INV-310425 PO_B12_003952,223602,4011,0,0,219591,INR,2026-08-14T08:52:00Z,BATCH-TATA-3952
PO_B12_003953,Stripe India,PAYT-INV-476697 PO_B12_003953,59526,1411,0,0,58115,INR,2026-08-14T17:44:00Z,BATCH-PAYT-3953
PO_B12_003954,BillDesk Settlement,PHNP-ORD-877952 PHNP-ORD-997218 BATCH-PHNP-3954,370371,7407,0,0,362964,INR,2026-08-14T02:46:00Z,BATCH-PHNP-3954
PO_B12_003955,Razorpay Nodal,BKMS-ORD-230703 BKMS-ORD-139626 BKMS-ORD-921359 BATCH-BKMS-3955,212670,4253,0,0,208417,INR,2026-08-14T02:17:00Z,BATCH-BKMS-3955
PO_B12_003956,Cashfree Escrow,MMTR-INV-316355 PO_B12_003956,334545,7886,0,0,326659,INR,2026-08-13T23:08:00Z,BATCH-MMTR-3956
PO_B12_003957,BillDesk Settlement,NYKA-INV-349052 PO_B12_003957,342471,6380,0,0,336091,INR,2026-08-15T01:50:00Z,BATCH-NYKA-3957
PO_B12_003958,BillDesk Settlement,MMTR-INV-363062 PO_B12_003958,299766,5181,0,0,294585,INR,2026-08-14T23:09:00Z,BATCH-MMTR-3958
PO_B12_003959,BillDesk Settlement,NYKA-ORD-693606 NYKA-ORD-915784 BATCH-NYKA-3959,342002,6840,0,0,335162,INR,2026-08-14T02:41:00Z,BATCH-NYKA-3959
PO_B12_003960,Stripe India,TATA-INV-486822 PO_B12_003960,331131,6722,0,0,324409,INR,2026-08-14T01:10:00Z,BATCH-TATA-3960
PO_B12_003961,Stripe India,PHNP-INV-383376 PO_B12_003961,390358,9618,0,0,380740,INR,2026-08-14T18:24:00Z,BATCH-PHNP-3961
PO_B12_003962,Stripe India,BKMS-INV-589927 PO_B12_003962,281604,6822,0,0,274782,INR,2026-08-14T03:32:00Z,BATCH-BKMS-3962
PO_B12_003963,Razorpay Nodal,PHNP-INV-726033 PO_B12_003963,316367,7649,0,0,308718,INR,2026-08-14T12:57:00Z,BATCH-PHNP-3963
PO_B12_003964,PayU Enterprise,FLPK-ORD-120441 FLPK-ORD-541039 BATCH-FLPK-3964,271322,5426,0,0,265896,INR,2026-08-14T08:33:00Z,BATCH-FLPK-3964
PO_B12_003965,Stripe India,ZOMA-ORD-901123 ZOMA-ORD-605725 BATCH-ZOMA-3965,133211,2664,0,0,130547,INR,2026-08-14T15:13:00Z,BATCH-ZOMA-3965
PO_B12_003966,Cashfree Escrow,NYKA-INV-975650 PO_B12_003966,163359,3695,0,0,159664,INR,2026-08-14T19:55:00Z,BATCH-NYKA-3966
PO_B12_003967,Razorpay Nodal,NYKA-INV-638024 PO_B12_003967,53184,1180,0,0,52004,INR,2026-08-14T13:38:00Z,BATCH-NYKA-3967
PO_B12_003968,Razorpay Nodal,UBER-INV-663120 PO_B12_003968,97855,1560,0,0,96295,INR,2026-08-14T16:32:00Z,BATCH-UBER-3968
PO_B12_003969,BillDesk Settlement,BBAS-INV-784253 PO_B12_003969,379185,8583,0,0,370602,INR,2026-08-14T10:12:00Z,BATCH-BBAS-3969
PO_B12_003970,PayU Enterprise,MYNT-INV-719730 PO_B12_003970,29878,621,0,0,29257,INR,2026-08-14T01:47:00Z,BATCH-MYNT-3970
PO_B12_003971,PayU Enterprise,UBER-INV-843597 PO_B12_003971,397700,6925,0,0,390775,INR,2026-08-14T09:24:00Z,BATCH-UBER-3971
PO_B12_003972,PayU Enterprise,BBAS-INV-687404 PO_B12_003972,324798,7611,0,0,317187,INR,2026-08-14T05:01:00Z,BATCH-BBAS-3972
PO_B12_003973,BillDesk Settlement,PHNP-INV-539431 PO_B12_003973,337551,6177,0,0,331374,INR,2026-08-15T01:55:00Z,BATCH-PHNP-3973
PO_B12_003974,Cashfree Escrow,TATA-INV-349262 PO_B12_003974,212626,4722,0,0,207904,INR,2026-08-14T05:18:00Z,BATCH-TATA-3974
PO_B12_003975,Razorpay Nodal,UBER-INV-954901 PO_B12_003975,424494,7122,0,0,417372,INR,2026-08-14T02:54:00Z,BATCH-UBER-3975
PO_B12_003976,Razorpay Nodal,MYNT-ORD-319065 MYNT-ORD-339366 MYNT-ORD-658706 BATCH-MYNT-3976,341117,6822,0,0,334295,INR,2026-08-14T09:58:00Z,BATCH-MYNT-3976
PO_B12_003977,Stripe India,AMZN-INV-359750 PO_B12_003977,264514,5687,0,0,258827,INR,2026-08-14T21:53:00Z,BATCH-AMZN-3977
PO_B12_003978,Stripe India,UBER-EXC-923257-UNRESOLVED,128251,2555,0,0,125696,INR,2026-08-14T19:28:00Z,HOLD-ESCROW
PO_B12_003979,Stripe India,NYKA-INV-928008 PO_B12_003979,82721,2000,0,0,80721,INR,2026-08-13T23:02:00Z,BATCH-NYKA-3979
PO_B12_003980,Stripe India,PHNP-ORD-344847 PHNP-ORD-904041 PHNP-ORD-794363 BATCH-PHNP-3980,453023,9060,0,0,443963,INR,2026-08-14T15:10:00Z,BATCH-PHNP-3980
PO_B12_003981,PayU Enterprise,TATA-INV-333573 PO_B12_003981,115408,2731,0,0,112677,INR,2026-08-14T03:45:00Z,BATCH-TATA-3981
PO_B12_003982,PayU Enterprise,ZOMA-EXC-116215-UNRESOLVED,115561,2301,0,0,113260,INR,2026-08-14T23:49:00Z,HOLD-ESCROW
PO_B12_003983,PayU Enterprise,FLPK-INV-135857 PO_B12_003983,296653,6710,0,0,289943,INR,2026-08-13T19:56:00Z,BATCH-FLPK-3983
PO_B12_003984,BillDesk Settlement,AMZN-INV-365416 PO_B12_003984,418462,6379,0,0,412083,INR,2026-08-14T12:54:00Z,BATCH-AMZN-3984
PO_B12_003985,PayU Enterprise,BBAS-ORD-861406 BBAS-ORD-631586 BATCH-BBAS-3985,348269,6965,0,0,341304,INR,2026-08-14T12:06:00Z,BATCH-BBAS-3985
PO_B12_003986,Stripe India,PAYT-INV-637247 PO_B12_003986,227213,5631,0,0,221582,INR,2026-08-14T10:02:00Z,BATCH-PAYT-3986
PO_B12_003987,Razorpay Nodal,MYNT-INV-372488 PO_B12_003987,279602,4943,0,0,274659,INR,2026-08-14T14:53:00Z,BATCH-MYNT-3987
PO_B12_003988,Razorpay Nodal,BLNK-ORD-447769 BLNK-ORD-712893 BATCH-BLNK-3988,156305,3126,0,0,153179,INR,2026-08-14T18:09:00Z,BATCH-BLNK-3988
PO_B12_003989,Stripe India,SWIG-EXC-929201-UNRESOLVED,264285,5275,0,0,259010,INR,2026-08-15T01:37:00Z,HOLD-ESCROW
PO_B12_003990,Stripe India,BLNK-ORD-968524 BLNK-ORD-921277 BATCH-BLNK-3990,295133,5902,0,0,289231,INR,2026-08-14T05:34:00Z,BATCH-BLNK-3990
PO_B12_003991,PayU Enterprise,BBAS-ORD-323660 BBAS-ORD-482825 BATCH-BBAS-3991,396719,7934,0,0,388785,INR,2026-08-14T15:34:00Z,BATCH-BBAS-3991
PO_B12_003992,Razorpay Nodal,ZOMA-INV-231862 PO_B12_003992,141202,3524,0,0,137678,INR,2026-08-14T22:48:00Z,BATCH-ZOMA-3992
PO_B12_003993,Cashfree Escrow,NYKA-INV-697158 PO_B12_003993,107370,2076,0,0,105294,INR,2026-08-14T22:20:00Z,BATCH-NYKA-3993
PO_B12_003994,BillDesk Settlement,BLNK-INV-949455 PO_B12_003994,298520,4538,0,0,293982,INR,2026-08-14T10:53:00Z,BATCH-BLNK-3994
PO_B12_003995,PayU Enterprise,UBER-INV-853739 PO_B12_003995,436340,10256,0,0,426084,INR,2026-08-14T08:30:00Z,BATCH-UBER-3995
PO_B12_003996,Razorpay Nodal,FLPK-INV-184605 PO_B12_003996,39011,769,0,0,38242,INR,2026-08-14T12:23:00Z,BATCH-FLPK-3996
PO_B12_003997,BillDesk Settlement,BBAS-INV-641938 PO_B12_003997,195288,3327,0,0,191961,INR,2026-08-14T16:20:00Z,BATCH-BBAS-3997
PO_B12_003998,PayU Enterprise,BKMS-INV-448153 PO_B12_003998,394978,8844,0,0,386134,INR,2026-08-14T19:40:00Z,BATCH-BKMS-3998
PO_B12_003999,Razorpay Nodal,SWIG-ORD-541090 SWIG-ORD-247845 BATCH-SWIG-3999,193239,3864,0,0,189375,INR,2026-08-14T02:04:00Z,BATCH-SWIG-3999
PO_B12_004000,BillDesk Settlement,BBAS-INV-223017 PO_B12_004000,438186,7576,0,0,430610,INR,2026-08-13T17:28:00Z,BATCH-BBAS-4000
PO_B12_004001,BillDesk Settlement,SWIG-INV-481759 PO_B12_004001,387548,7806,0,0,379742,INR,2026-08-14T14:44:00Z,BATCH-SWIG-4001
PO_B12_004002,Cashfree Escrow,BKMS-ORD-158084 BKMS-ORD-762434 BKMS-ORD-511020 BATCH-BKMS-4002,481194,9623,0,0,471571,INR,2026-08-13T22:47:00Z,BATCH-BKMS-4002
PO_B12_004003,Razorpay Nodal,BKMS-INV-120617 PO_B12_004003,50949,969,0,0,49980,INR,2026-08-14T16:04:00Z,BATCH-BKMS-4003
PO_B12_004004,Razorpay Nodal,FLPK-INV-375556 PO_B12_004004,134501,2656,0,0,131845,INR,2026-08-13T23:42:00Z,BATCH-FLPK-4004
PO_B12_004005,Razorpay Nodal,NYKA-INV-508246 PO_B12_004005,321642,6451,0,0,315191,INR,2026-08-14T00:43:00Z,BATCH-NYKA-4005
PO_B12_004006,Stripe India,TATA-ORD-753626 TATA-ORD-727000 TATA-ORD-366959 BATCH-TATA-4006,331681,6633,0,0,325048,INR,2026-08-14T02:34:00Z,BATCH-TATA-4006
PO_B12_004007,Cashfree Escrow,TATA-INV-126237 PO_B12_004007,125046,2062,0,0,122984,INR,2026-08-13T23:20:00Z,BATCH-TATA-4007
PO_B12_004008,PayU Enterprise,BKMS-ORD-483252 BKMS-ORD-363805 BKMS-ORD-659367 BATCH-BKMS-4008,235026,4700,0,0,230326,INR,2026-08-14T15:17:00Z,BATCH-BKMS-4008
PO_B12_004009,Razorpay Nodal,JIOO-ORD-831046 JIOO-ORD-389161 JIOO-ORD-249616 BATCH-JIOO-4009,423186,8463,0,0,414723,INR,2026-08-14T00:44:00Z,BATCH-JIOO-4009
PO_B12_004010,Stripe India,PHNP-ORD-134341 PHNP-ORD-302470 BATCH-PHNP-4010,230408,4608,0,0,225800,INR,2026-08-14T20:58:00Z,BATCH-PHNP-4010
PO_B12_004011,Razorpay Nodal,BLNK-INV-506718 PO_B12_004011,361030,7118,0,0,353912,INR,2026-08-14T08:17:00Z,BATCH-BLNK-4011
PO_B12_004012,Cashfree Escrow,SWIG-ORD-451885 SWIG-ORD-764848 SWIG-ORD-937087 BATCH-SWIG-4012,399711,7994,0,0,391717,INR,2026-08-14T12:13:00Z,BATCH-SWIG-4012
PO_B12_004013,Stripe India,AMZN-INV-350438 PO_B12_004013,319979,6126,0,0,313853,INR,2026-08-14T17:27:00Z,BATCH-AMZN-4013
PO_B12_004014,BillDesk Settlement,NYKA-INV-864094 PO_B12_004014,86618,1486,0,0,85132,INR,2026-08-14T03:24:00Z,BATCH-NYKA-4014
PO_B12_004015,BillDesk Settlement,SWIG-INV-137811 PO_B12_004015,86540,1685,0,0,84855,INR,2026-08-14T03:21:00Z,BATCH-SWIG-4015
PO_B12_004016,Stripe India,BBAS-INV-921303 PO_B12_004016,299329,7459,0,0,291870,INR,2026-08-13T22:34:00Z,BATCH-BBAS-4016
PO_B12_004017,Razorpay Nodal,PAYT-INV-864815 PO_B12_004017,132342,2716,0,0,129626,INR,2026-08-14T17:38:00Z,BATCH-PAYT-4017
PO_B12_004018,Razorpay Nodal,OLAA-EXC-460127-UNRESOLVED,192171,3833,0,0,188338,INR,2026-08-14T18:27:00Z,HOLD-ESCROW
PO_B12_004019,PayU Enterprise,TATA-INV-580852 PO_B12_004019,312886,5391,0,0,307495,INR,2026-08-14T14:37:00Z,BATCH-TATA-4019
PO_B12_004020,Razorpay Nodal,UBER-ORD-870464 UBER-ORD-489123 UBER-ORD-538313 BATCH-UBER-4020,492707,9854,0,0,482853,INR,2026-08-14T03:45:00Z,BATCH-UBER-4020
PO_B12_004021,Stripe India,JIOO-ORD-490991 JIOO-ORD-366810 JIOO-ORD-919890 BATCH-JIOO-4021,643491,12869,0,0,630622,INR,2026-08-14T19:29:00Z,BATCH-JIOO-4021
PO_B12_004022,Razorpay Nodal,JIOO-ORD-679205 JIOO-ORD-184032 BATCH-JIOO-4022,397397,7947,0,0,389450,INR,2026-08-14T00:12:00Z,BATCH-JIOO-4022
PO_B12_004023,Razorpay Nodal,TATA-INV-873701 PO_B12_004023,44888,869,0,0,44019,INR,2026-08-14T10:50:00Z,BATCH-TATA-4023
PO_B12_004024,Razorpay Nodal,NYKA-ORD-256692 NYKA-ORD-397281 NYKA-ORD-415774 BATCH-NYKA-4024,303613,6072,0,0,297541,INR,2026-08-14T05:44:00Z,BATCH-NYKA-4024
PO_B12_004025,Razorpay Nodal,UBER-ORD-469439 UBER-ORD-844945 UBER-ORD-136338 BATCH-UBER-4025,228876,4577,0,0,224299,INR,2026-08-14T06:25:00Z,BATCH-UBER-4025
PO_B12_004026,BillDesk Settlement,BLNK-INV-217024 PO_B12_004026,29780,463,0,0,29317,INR,2026-08-14T21:29:00Z,BATCH-BLNK-4026
PO_B12_004027,PayU Enterprise,UBER-INV-303376 PO_B12_004027,93871,1856,0,0,92015,INR,2026-08-14T09:25:00Z,BATCH-UBER-4027
PO_B12_004028,Razorpay Nodal,MMTR-ORD-463404 MMTR-ORD-940433 BATCH-MMTR-4028,396142,7922,0,0,388220,INR,2026-08-14T18:15:00Z,BATCH-MMTR-4028
PO_B12_004029,BillDesk Settlement,AMZN-ORD-334832 AMZN-ORD-559623 AMZN-ORD-156541 BATCH-AMZN-4029,382088,7641,0,0,374447,INR,2026-08-14T15:51:00Z,BATCH-AMZN-4029
PO_B12_004030,Razorpay Nodal,UBER-INV-723620 PO_B12_004030,193008,3204,0,0,189804,INR,2026-08-14T06:19:00Z,BATCH-UBER-4030
PO_B12_004031,BillDesk Settlement,MMTR-INV-530165 PO_B12_004031,236511,5375,0,0,231136,INR,2026-08-14T22:49:00Z,BATCH-MMTR-4031
PO_B12_004032,Razorpay Nodal,OLAA-INV-925391 PO_B12_004032,277883,5302,0,0,272581,INR,2026-08-15T02:29:00Z,BATCH-OLAA-4032
PO_B12_004033,Cashfree Escrow,NYKA-ORD-505103 NYKA-ORD-289125 BATCH-NYKA-4033,397051,7941,0,0,389110,INR,2026-08-14T08:25:00Z,BATCH-NYKA-4033
PO_B12_004034,PayU Enterprise,ZOMA-INV-722912 PO_B12_004034,169316,4160,0,0,165156,INR,2026-08-14T18:43:00Z,BATCH-ZOMA-4034
PO_B12_004035,Cashfree Escrow,UBER-INV-274897 PO_B12_004035,150387,2388,0,0,147999,INR,2026-08-14T05:42:00Z,BATCH-UBER-4035
PO_B12_004036,BillDesk Settlement,BBAS-INV-614668 PO_B12_004036,275581,5519,0,0,270062,INR,2026-08-14T00:57:00Z,BATCH-BBAS-4036
PO_B12_004037,Stripe India,OLAA-INV-193799 PO_B12_004037,58436,1286,0,0,57150,INR,2026-08-14T03:57:00Z,BATCH-OLAA-4037
PO_B12_004038,BillDesk Settlement,ZOMA-INV-293977 PO_B12_004038,271874,4890,0,0,266984,INR,2026-08-14T05:13:00Z,BATCH-ZOMA-4038
PO_B12_004039,PayU Enterprise,BBAS-INV-374188 PO_B12_004039,94895,1981,0,0,92914,INR,2026-08-14T05:22:00Z,BATCH-BBAS-4039
PO_B12_004040,Stripe India,TATA-INV-466529 PO_B12_004040,384436,8961,0,0,375475,INR,2026-08-14T07:40:00Z,BATCH-TATA-4040
PO_B12_004041,Cashfree Escrow,NYKA-INV-555675 PO_B12_004041,241751,4438,0,0,237313,INR,2026-08-15T00:17:00Z,BATCH-NYKA-4041
PO_B12_004042,Stripe India,MYNT-INV-967255 PO_B12_004042,443702,7588,0,0,436114,INR,2026-08-13T20:17:00Z,BATCH-MYNT-4042
PO_B12_004043,PayU Enterprise,ZOMA-INV-327926 PO_B12_004043,408365,6642,0,0,401723,INR,2026-08-14T05:26:00Z,BATCH-ZOMA-4043
PO_B12_004044,Razorpay Nodal,BLNK-INV-922690 PO_B12_004044,286402,4910,0,0,281492,INR,2026-08-14T05:54:00Z,BATCH-BLNK-4044
PO_B12_004045,Stripe India,NYKA-INV-196061 PO_B12_004045,338849,5494,0,0,333355,INR,2026-08-14T12:30:00Z,BATCH-NYKA-4045
PO_B12_004046,BillDesk Settlement,NYKA-INV-459539 PO_B12_004046,77645,1691,0,0,75954,INR,2026-08-14T04:05:00Z,BATCH-NYKA-4046
PO_B12_004047,PayU Enterprise,BLNK-ORD-126034 BLNK-ORD-684501 BLNK-ORD-365569 BATCH-BLNK-4047,345631,6912,0,0,338719,INR,2026-08-14T00:05:00Z,BATCH-BLNK-4047
PO_B12_004048,BillDesk Settlement,ZOMA-ORD-539288 ZOMA-ORD-383036 BATCH-ZOMA-4048,51424,1028,0,0,50396,INR,2026-08-14T10:03:00Z,BATCH-ZOMA-4048
PO_B12_004049,Razorpay Nodal,FLPK-INV-134976 PO_B12_004049,402254,8829,0,0,393425,INR,2026-08-14T13:44:00Z,BATCH-FLPK-4049
PO_B12_004050,Cashfree Escrow,PAYT-EXC-173752-UNRESOLVED,196543,3920,0,0,192623,INR,2026-08-15T07:51:00Z,HOLD-ESCROW
PO_B12_004051,BillDesk Settlement,UBER-INV-882067 PO_B12_004051,275716,4571,0,0,271145,INR,2026-08-13T15:50:00Z,BATCH-UBER-4051
PO_B12_004052,Razorpay Nodal,JIOO-ORD-901676 JIOO-ORD-120366 BATCH-JIOO-4052,314965,6299,0,0,308666,INR,2026-08-14T12:08:00Z,BATCH-JIOO-4052
PO_B12_004053,Stripe India,SWIG-INV-525149 PO_B12_004053,39535,802,0,0,38733,INR,2026-08-14T08:54:00Z,BATCH-SWIG-4053
PO_B12_004054,Stripe India,BKMS-INV-551262 PO_B12_004054,340298,5121,0,0,335177,INR,2026-08-14T10:16:00Z,BATCH-BKMS-4054
PO_B12_004055,PayU Enterprise,JIOO-INV-217528 PO_B12_004055,312764,7328,0,0,305436,INR,2026-08-14T06:50:00Z,BATCH-JIOO-4055
PO_B12_004056,Cashfree Escrow,FLPK-INV-165577 PO_B12_004056,175471,3051,0,0,172420,INR,2026-08-14T09:18:00Z,BATCH-FLPK-4056
PO_B12_004057,Razorpay Nodal,NYKA-ORD-530401 NYKA-ORD-372289 NYKA-ORD-499054 BATCH-NYKA-4057,464661,9293,0,0,455368,INR,2026-08-14T08:57:00Z,BATCH-NYKA-4057
PO_B12_004058,Cashfree Escrow,NYKA-INV-112150 PO_B12_004058,238915,5768,0,0,233147,INR,2026-08-14T08:16:00Z,BATCH-NYKA-4058
PO_B12_004059,BillDesk Settlement,TATA-EXC-195189-UNRESOLVED,231772,4625,0,0,227147,INR,2026-08-14T23:12:00Z,HOLD-ESCROW
PO_B12_004060,PayU Enterprise,BBAS-INV-257224 PO_B12_004060,443918,10923,0,0,432995,INR,2026-08-14T10:28:00Z,BATCH-BBAS-4060
PO_B12_004061,Razorpay Nodal,BBAS-INV-940663 PO_B12_004061,207343,4549,0,0,202794,INR,2026-08-14T06:26:00Z,BATCH-BBAS-4061
PO_B12_004062,BillDesk Settlement,BLNK-ORD-241259 BLNK-ORD-227419 BLNK-ORD-784828 BATCH-BLNK-4062,516274,10325,0,0,505949,INR,2026-08-14T13:47:00Z,BATCH-BLNK-4062
PO_B12_004063,BillDesk Settlement,PHNP-ORD-971186 PHNP-ORD-234475 BATCH-PHNP-4063,372157,7443,0,0,364714,INR,2026-08-14T06:35:00Z,BATCH-PHNP-4063
PO_B12_004064,Stripe India,FLPK-INV-167389 PO_B12_004064,178487,3092,0,0,175395,INR,2026-08-14T23:52:00Z,BATCH-FLPK-4064
PO_B12_004065,Stripe India,SWIG-ORD-198406 SWIG-ORD-302787 SWIG-ORD-898193 BATCH-SWIG-4065,580764,11615,0,0,569149,INR,2026-08-13T21:38:00Z,BATCH-SWIG-4065
PO_B12_004066,Cashfree Escrow,BLNK-INV-214458 PO_B12_004066,26286,634,0,0,25652,INR,2026-08-14T04:13:00Z,BATCH-BLNK-4066
PO_B12_004067,Cashfree Escrow,BKMS-INV-976455 PO_B12_004067,414867,7983,0,0,406884,INR,2026-08-14T05:56:00Z,BATCH-BKMS-4067
PO_B12_004068,Stripe India,BLNK-ORD-919549 BLNK-ORD-437318 BATCH-BLNK-4068,424563,8491,0,0,416072,INR,2026-08-14T10:06:00Z,BATCH-BLNK-4068
PO_B12_004069,Razorpay Nodal,BBAS-EXC-400318-UNRESOLVED,126170,2513,0,0,123657,INR,2026-08-15T02:07:00Z,HOLD-ESCROW
PO_B12_004070,Stripe India,BLNK-INV-186369 PO_B12_004070,156707,3065,0,0,153642,INR,2026-08-13T21:53:00Z,BATCH-BLNK-4070
PO_B12_004071,Stripe India,FLPK-INV-887805 PO_B12_004071,352509,8587,0,0,343922,INR,2026-08-14T12:52:00Z,BATCH-FLPK-4071
PO_B12_004072,Cashfree Escrow,PHNP-INV-712093 PO_B12_004072,110465,2025,0,0,108440,INR,2026-08-14T09:55:00Z,BATCH-PHNP-4072
PO_B12_004073,Cashfree Escrow,BBAS-INV-322512 PO_B12_004073,283225,6652,0,0,276573,INR,2026-08-14T06:10:00Z,BATCH-BBAS-4073
PO_B12_004074,PayU Enterprise,PHNP-INV-545798 PO_B12_004074,51604,1095,0,0,50509,INR,2026-08-15T00:12:00Z,BATCH-PHNP-4074
PO_B12_004075,PayU Enterprise,NYKA-INV-373883 PO_B12_004075,393375,7096,0,0,386279,INR,2026-08-14T03:40:00Z,BATCH-NYKA-4075
PO_B12_004076,Cashfree Escrow,BBAS-INV-718719 PO_B12_004076,129746,2469,0,0,127277,INR,2026-08-14T13:40:00Z,BATCH-BBAS-4076
PO_B12_004077,Cashfree Escrow,BKMS-ORD-920108 BKMS-ORD-941073 BATCH-BKMS-4077,215880,4317,0,0,211563,INR,2026-08-14T01:17:00Z,BATCH-BKMS-4077
PO_B12_004078,Cashfree Escrow,UBER-INV-549563 PO_B12_004078,365578,6318,0,0,359260,INR,2026-08-14T10:12:00Z,BATCH-UBER-4078
PO_B12_004079,PayU Enterprise,AMZN-INV-605425 PO_B12_004079,138366,3210,0,0,135156,INR,2026-08-14T23:50:00Z,BATCH-AMZN-4079
PO_B12_004080,Stripe India,OLAA-ORD-293312 OLAA-ORD-778007 BATCH-OLAA-4080,450406,9008,0,0,441398,INR,2026-08-14T15:20:00Z,BATCH-OLAA-4080
PO_B12_004081,Razorpay Nodal,PHNP-INV-455294 PO_B12_004081,183893,3747,0,0,180146,INR,2026-08-14T14:37:00Z,BATCH-PHNP-4081
PO_B12_004082,Razorpay Nodal,BKMS-INV-852496 PO_B12_004082,139342,2165,0,0,137177,INR,2026-08-14T10:58:00Z,BATCH-BKMS-4082
PO_B12_004083,Cashfree Escrow,TATA-INV-245823 PO_B12_004083,375067,5759,0,0,369308,INR,2026-08-13T22:17:00Z,BATCH-TATA-4083
PO_B12_004084,Cashfree Escrow,UBER-ORD-142338 UBER-ORD-744350 UBER-ORD-402081 BATCH-UBER-4084,397030,7940,0,0,389090,INR,2026-08-14T02:24:00Z,BATCH-UBER-4084
PO_B12_004085,BillDesk Settlement,NYKA-INV-255060 PO_B12_004085,26143,438,0,0,25705,INR,2026-08-14T11:18:00Z,BATCH-NYKA-4085
PO_B12_004086,Razorpay Nodal,JIOO-INV-922814 PO_B12_004086,122324,2311,0,0,120013,INR,2026-08-14T21:07:00Z,BATCH-JIOO-4086
PO_B12_004087,PayU Enterprise,SWIG-ORD-635612 SWIG-ORD-884372 SWIG-ORD-906447 BATCH-SWIG-4087,97535,1950,0,0,95585,INR,2026-08-14T00:46:00Z,BATCH-SWIG-4087
PO_B12_004088,Cashfree Escrow,MYNT-INV-737464 PO_B12_004088,331539,6432,0,0,325107,INR,2026-08-14T03:23:00Z,BATCH-MYNT-4088
PO_B12_004089,PayU Enterprise,PHNP-INV-833310 PO_B12_004089,439878,9488,0,0,430390,INR,2026-08-14T10:36:00Z,BATCH-PHNP-4089
PO_B12_004090,PayU Enterprise,FLPK-ORD-285438 FLPK-ORD-274097 BATCH-FLPK-4090,471464,9429,0,0,462035,INR,2026-08-14T04:46:00Z,BATCH-FLPK-4090
PO_B12_004091,PayU Enterprise,PAYT-INV-296280 PO_B12_004091,56114,1107,0,0,55007,INR,2026-08-14T21:20:00Z,BATCH-PAYT-4091
PO_B12_004092,PayU Enterprise,BLNK-INV-657683 PO_B12_004092,328069,7858,0,0,320211,INR,2026-08-14T02:45:00Z,BATCH-BLNK-4092
PO_B12_004093,PayU Enterprise,MYNT-INV-607909 PO_B12_004093,59754,960,0,0,58794,INR,2026-08-14T14:51:00Z,BATCH-MYNT-4093
PO_B12_004094,Stripe India,JIOO-ORD-448855 JIOO-ORD-322119 JIOO-ORD-624999 BATCH-JIOO-4094,413072,8261,0,0,404811,INR,2026-08-14T08:13:00Z,BATCH-JIOO-4094
PO_B12_004095,PayU Enterprise,FLPK-EXC-702026-UNRESOLVED,91141,1812,0,0,89329,INR,2026-08-15T02:55:00Z,HOLD-ESCROW
PO_B12_004096,Cashfree Escrow,SWIG-INV-464267 PO_B12_004096,291618,4527,0,0,287091,INR,2026-08-13T22:49:00Z,BATCH-SWIG-4096
PO_B12_004097,Cashfree Escrow,OLAA-INV-453551 PO_B12_004097,202963,4791,0,0,198172,INR,2026-08-13T23:25:00Z,BATCH-OLAA-4097
PO_B12_004098,Cashfree Escrow,OLAA-INV-626030 PO_B12_004098,280529,6437,0,0,274092,INR,2026-08-14T14:05:00Z,BATCH-OLAA-4098
PO_B12_004099,Cashfree Escrow,OLAA-INV-250590 PO_B12_004099,390276,6123,0,0,384153,INR,2026-08-14T19:31:00Z,BATCH-OLAA-4099
PO_B12_004100,BillDesk Settlement,MYNT-INV-942040 PO_B12_004100,327375,5407,0,0,321968,INR,2026-08-14T08:19:00Z,BATCH-MYNT-4100
PO_B12_004101,BillDesk Settlement,UBER-INV-101916 PO_B12_004101,127190,2757,0,0,124433,INR,2026-08-13T23:58:00Z,BATCH-UBER-4101
PO_B12_004102,Stripe India,FLPK-INV-927265 PO_B12_004102,68317,1701,0,0,66616,INR,2026-08-13T14:53:00Z,BATCH-FLPK-4102
PO_B12_004103,BillDesk Settlement,NYKA-INV-235227 PO_B12_004103,381533,6353,0,0,375180,INR,2026-08-14T04:08:00Z,BATCH-NYKA-4103
PO_B12_004104,Cashfree Escrow,PAYT-INV-596601 PO_B12_004104,69645,1247,0,0,68398,INR,2026-08-14T02:53:00Z,BATCH-PAYT-4104
PO_B12_004105,Razorpay Nodal,PHNP-INV-611750 PO_B12_004105,62076,1012,0,0,61064,INR,2026-08-14T08:38:00Z,BATCH-PHNP-4105
PO_B12_004106,Stripe India,AMZN-INV-673244 PO_B12_004106,31441,593,0,0,30848,INR,2026-08-14T11:35:00Z,BATCH-AMZN-4106
PO_B12_004107,BillDesk Settlement,PHNP-INV-225462 PO_B12_004107,388991,8574,0,0,380417,INR,2026-08-13T21:56:00Z,BATCH-PHNP-4107
PO_B12_004108,Razorpay Nodal,UBER-INV-718378 PO_B12_004108,60067,1157,0,0,58910,INR,2026-08-14T10:10:00Z,BATCH-UBER-4108
PO_B12_004109,BillDesk Settlement,MMTR-INV-789366 PO_B12_004109,245071,5618,0,0,239453,INR,2026-08-13T23:13:00Z,BATCH-MMTR-4109
PO_B12_004110,PayU Enterprise,UBER-ORD-119351 UBER-ORD-366876 BATCH-UBER-4110,181228,3624,0,0,177604,INR,2026-08-14T10:19:00Z,BATCH-UBER-4110
PO_B12_004111,Cashfree Escrow,BBAS-INV-734013 PO_B12_004111,143423,3192,0,0,140231,INR,2026-08-13T20:46:00Z,BATCH-BBAS-4111
PO_B12_004112,Cashfree Escrow,MYNT-ORD-712496 MYNT-ORD-442712 MYNT-ORD-412133 BATCH-MYNT-4112,370736,7414,0,0,363322,INR,2026-08-14T20:55:00Z,BATCH-MYNT-4112
PO_B12_004113,Razorpay Nodal,PHNP-INV-864769 PO_B12_004113,355081,7867,0,0,347214,INR,2026-08-14T01:16:00Z,BATCH-PHNP-4113
PO_B12_004114,BillDesk Settlement,NYKA-INV-125772 PO_B12_004114,373849,6173,0,0,367676,INR,2026-08-14T17:16:00Z,BATCH-NYKA-4114
PO_B12_004115,Stripe India,NYKA-INV-199117 PO_B12_004115,46002,1070,0,0,44932,INR,2026-08-14T22:06:00Z,BATCH-NYKA-4115
PO_B12_004116,Razorpay Nodal,MYNT-INV-624237 PO_B12_004116,410420,9433,0,0,400987,INR,2026-08-13T21:46:00Z,BATCH-MYNT-4116
PO_B12_004117,PayU Enterprise,NYKA-ORD-762895 NYKA-ORD-447734 BATCH-NYKA-4117,316766,6335,0,0,310431,INR,2026-08-13T22:47:00Z,BATCH-NYKA-4117
PO_B12_004118,Cashfree Escrow,MYNT-INV-735758 PO_B12_004118,193608,4426,0,0,189182,INR,2026-08-15T02:36:00Z,BATCH-MYNT-4118
PO_B12_004119,Stripe India,PHNP-INV-307878 PO_B12_004119,407178,7796,0,0,399382,INR,2026-08-14T20:22:00Z,BATCH-PHNP-4119
PO_B12_004120,BillDesk Settlement,ZOMA-INV-875581 PO_B12_004120,341609,7485,0,0,334124,INR,2026-08-14T10:23:00Z,BATCH-ZOMA-4120
PO_B12_004121,Stripe India,BLNK-INV-189203 PO_B12_004121,170968,2662,0,0,168306,INR,2026-08-14T12:57:00Z,BATCH-BLNK-4121
PO_B12_004122,Cashfree Escrow,SWIG-ORD-316568 SWIG-ORD-362752 SWIG-ORD-818776 BATCH-SWIG-4122,332917,6658,0,0,326259,INR,2026-08-14T20:01:00Z,BATCH-SWIG-4122
PO_B12_004123,Razorpay Nodal,ZOMA-EXC-969112-UNRESOLVED,168138,3352,0,0,164786,INR,2026-08-14T17:49:00Z,HOLD-ESCROW
PO_B12_004124,Stripe India,PHNP-INV-397070 PO_B12_004124,270302,6547,0,0,263755,INR,2026-08-14T07:53:00Z,BATCH-PHNP-4124
PO_B12_004125,BillDesk Settlement,MYNT-INV-471693 PO_B12_004125,440948,6696,0,0,434252,INR,2026-08-14T08:37:00Z,BATCH-MYNT-4125
PO_B12_004126,BillDesk Settlement,ZOMA-INV-331164 PO_B12_004126,153189,3048,0,0,150141,INR,2026-08-14T04:37:00Z,BATCH-ZOMA-4126
PO_B12_004127,Razorpay Nodal,AMZN-INV-447314 PO_B12_004127,197813,3614,0,0,194199,INR,2026-08-14T12:17:00Z,BATCH-AMZN-4127
PO_B12_004128,Stripe India,JIOO-INV-963475 PO_B12_004128,361124,6412,0,0,354712,INR,2026-08-14T19:37:00Z,BATCH-JIOO-4128
PO_B12_004129,Stripe India,MMTR-INV-615763 PO_B12_004129,319930,7315,0,0,312615,INR,2026-08-14T19:45:00Z,BATCH-MMTR-4129
PO_B12_004130,Cashfree Escrow,BKMS-INV-755671 PO_B12_004130,189375,3572,0,0,185803,INR,2026-08-14T15:13:00Z,BATCH-BKMS-4130
PO_B12_004131,Stripe India,BBAS-INV-223650 PO_B12_004131,336084,5835,0,0,330249,INR,2026-08-14T04:16:00Z,BATCH-BBAS-4131
PO_B12_004132,BillDesk Settlement,SWIG-ORD-302693 SWIG-ORD-398255 SWIG-ORD-805588 BATCH-SWIG-4132,479131,9582,0,0,469549,INR,2026-08-14T04:02:00Z,BATCH-SWIG-4132
PO_B12_004133,PayU Enterprise,TATA-ORD-573613 TATA-ORD-451183 BATCH-TATA-4133,283831,5676,0,0,278155,INR,2026-08-14T09:10:00Z,BATCH-TATA-4133
PO_B12_004134,BillDesk Settlement,PHNP-INV-352810 PO_B12_004134,153206,3274,0,0,149932,INR,2026-08-14T18:51:00Z,BATCH-PHNP-4134
PO_B12_004135,Stripe India,PHNP-INV-406051 PO_B12_004135,169400,4115,0,0,165285,INR,2026-08-14T15:57:00Z,BATCH-PHNP-4135
PO_B12_004136,Cashfree Escrow,JIOO-INV-192529 PO_B12_004136,395600,9426,0,0,386174,INR,2026-08-13T14:11:00Z,BATCH-JIOO-4136
PO_B12_004137,PayU Enterprise,OLAA-INV-771354 PO_B12_004137,57176,1361,0,0,55815,INR,2026-08-14T03:48:00Z,BATCH-OLAA-4137
PO_B12_004138,Razorpay Nodal,OLAA-INV-638432 PO_B12_004138,328169,6237,0,0,321932,INR,2026-08-14T20:20:00Z,BATCH-OLAA-4138
PO_B12_004139,PayU Enterprise,AMZN-INV-813490 PO_B12_004139,246625,4697,0,0,241928,INR,2026-08-14T08:02:00Z,BATCH-AMZN-4139
PO_B12_004140,Razorpay Nodal,MMTR-INV-640681 PO_B12_004140,110744,1864,0,0,108880,INR,2026-08-14T03:32:00Z,BATCH-MMTR-4140
PO_B12_004141,Stripe India,UBER-ORD-914421 UBER-ORD-253270 UBER-ORD-763362 BATCH-UBER-4141,178399,3567,0,0,174832,INR,2026-08-14T11:16:00Z,BATCH-UBER-4141
PO_B12_004142,Stripe India,UBER-INV-760531 PO_B12_004142,343674,6967,0,0,336707,INR,2026-08-14T14:52:00Z,BATCH-UBER-4142
PO_B12_004143,Cashfree Escrow,BLNK-ORD-207165 BLNK-ORD-734971 BLNK-ORD-364313 BATCH-BLNK-4143,350358,7007,0,0,343351,INR,2026-08-13T21:34:00Z,BATCH-BLNK-4143
PO_B12_004144,PayU Enterprise,OLAA-INV-112851 PO_B12_004144,335489,5149,0,0,330340,INR,2026-08-14T03:42:00Z,BATCH-OLAA-4144
PO_B12_004145,BillDesk Settlement,UBER-INV-631093 PO_B12_004145,231192,5386,0,0,225806,INR,2026-08-14T16:41:00Z,BATCH-UBER-4145
PO_B12_004146,BillDesk Settlement,UBER-INV-124291 PO_B12_004146,438837,8965,0,0,429872,INR,2026-08-14T11:29:00Z,BATCH-UBER-4146
PO_B12_004147,PayU Enterprise,TATA-INV-190481 PO_B12_004147,128096,2862,0,0,125234,INR,2026-08-14T14:10:00Z,BATCH-TATA-4147
PO_B12_004148,PayU Enterprise,AMZN-INV-870400 PO_B12_004148,57335,1414,0,0,55921,INR,2026-08-14T11:20:00Z,BATCH-AMZN-4148
PO_B12_004149,Razorpay Nodal,BLNK-INV-334352 PO_B12_004149,280412,4917,0,0,275495,INR,2026-08-14T17:57:00Z,BATCH-BLNK-4149
PO_B12_004150,BillDesk Settlement,NYKA-ORD-565308 NYKA-ORD-780305 NYKA-ORD-322756 BATCH-NYKA-4150,471700,9434,0,0,462266,INR,2026-08-13T21:19:00Z,BATCH-NYKA-4150
PO_B12_004151,Razorpay Nodal,BKMS-INV-578016 PO_B12_004151,299343,4514,0,0,294829,INR,2026-08-14T18:12:00Z,BATCH-BKMS-4151
PO_B12_004152,BillDesk Settlement,FLPK-INV-583970 PO_B12_004152,443673,10627,0,0,433046,INR,2026-08-14T07:07:00Z,BATCH-FLPK-4152
PO_B12_004153,Cashfree Escrow,BLNK-INV-449250 PO_B12_004153,82043,1817,0,0,80226,INR,2026-08-13T23:25:00Z,BATCH-BLNK-4153
PO_B12_004154,BillDesk Settlement,JIOO-ORD-164404 JIOO-ORD-598376 JIOO-ORD-655490 BATCH-JIOO-4154,592403,11848,0,0,580555,INR,2026-08-14T11:26:00Z,BATCH-JIOO-4154
PO_B12_004155,PayU Enterprise,BBAS-INV-621548 PO_B12_004155,409933,8889,0,0,401044,INR,2026-08-13T22:21:00Z,BATCH-BBAS-4155
PO_B12_004156,Razorpay Nodal,OLAA-INV-121321 PO_B12_004156,42667,947,0,0,41720,INR,2026-08-13T14:36:00Z,BATCH-OLAA-4156
PO_B12_004157,Stripe India,PAYT-INV-852632 PO_B12_004157,33376,543,0,0,32833,INR,2026-08-15T00:34:00Z,BATCH-PAYT-4157
PO_B12_004158,PayU Enterprise,PAYT-INV-230660 PO_B12_004158,277485,6549,0,0,270936,INR,2026-08-14T01:36:00Z,BATCH-PAYT-4158
PO_B12_004159,Cashfree Escrow,OLAA-ORD-748543 OLAA-ORD-349687 OLAA-ORD-548418 BATCH-OLAA-4159,548289,10965,0,0,537324,INR,2026-08-14T14:36:00Z,BATCH-OLAA-4159
PO_B12_004160,Cashfree Escrow,NYKA-INV-916568 PO_B12_004160,67419,1235,0,0,66184,INR,2026-08-14T06:09:00Z,BATCH-NYKA-4160
PO_B12_004161,Razorpay Nodal,SWIG-INV-578726 PO_B12_004161,297060,5225,0,0,291835,INR,2026-08-14T21:28:00Z,BATCH-SWIG-4161
PO_B12_004162,Razorpay Nodal,NYKA-INV-446226 PO_B12_004162,209682,3530,0,0,206152,INR,2026-08-14T03:35:00Z,BATCH-NYKA-4162
PO_B12_004163,PayU Enterprise,NYKA-INV-329494 PO_B12_004163,441841,9814,0,0,432027,INR,2026-08-14T00:38:00Z,BATCH-NYKA-4163
PO_B12_004164,Cashfree Escrow,FLPK-ORD-731939 FLPK-ORD-875293 BATCH-FLPK-4164,220893,4417,0,0,216476,INR,2026-08-14T03:12:00Z,BATCH-FLPK-4164
PO_B12_004165,BillDesk Settlement,MYNT-INV-108222 PO_B12_004165,105133,1635,0,0,103498,INR,2026-08-14T02:45:00Z,BATCH-MYNT-4165
PO_B12_004166,BillDesk Settlement,MMTR-INV-757502 PO_B12_004166,99451,1825,0,0,97626,INR,2026-08-14T09:12:00Z,BATCH-MMTR-4166
PO_B12_004167,Cashfree Escrow,SWIG-INV-239849 PO_B12_004167,230746,4553,0,0,226193,INR,2026-08-14T06:27:00Z,BATCH-SWIG-4167
PO_B12_004168,Stripe India,FLPK-INV-683440 PO_B12_004168,248646,4445,0,0,244201,INR,2026-08-14T09:19:00Z,BATCH-FLPK-4168
PO_B12_004169,BillDesk Settlement,SWIG-INV-275918 PO_B12_004169,115268,2499,0,0,112769,INR,2026-08-14T16:08:00Z,BATCH-SWIG-4169
PO_B12_004170,Stripe India,MYNT-ORD-904222 MYNT-ORD-742862 BATCH-MYNT-4170,295685,5913,0,0,289772,INR,2026-08-14T02:54:00Z,BATCH-MYNT-4170
PO_B12_004171,Stripe India,PHNP-INV-949677 PO_B12_004171,447314,7145,0,0,440169,INR,2026-08-14T08:10:00Z,BATCH-PHNP-4171
PO_B12_004172,BillDesk Settlement,NYKA-INV-461580 PO_B12_004172,444852,8373,0,0,436479,INR,2026-08-13T16:37:00Z,BATCH-NYKA-4172
PO_B12_004173,Cashfree Escrow,NYKA-INV-292980 PO_B12_004173,150453,2683,0,0,147770,INR,2026-08-14T12:35:00Z,BATCH-NYKA-4173
PO_B12_004174,Cashfree Escrow,TATA-INV-333232 PO_B12_004174,190534,3240,0,0,187294,INR,2026-08-14T18:56:00Z,BATCH-TATA-4174
PO_B12_004175,BillDesk Settlement,AMZN-INV-916584 PO_B12_004175,436663,7152,0,0,429511,INR,2026-08-13T19:25:00Z,BATCH-AMZN-4175
PO_B12_004176,Razorpay Nodal,OLAA-INV-812737 PO_B12_004176,336417,6570,0,0,329847,INR,2026-08-13T21:14:00Z,BATCH-OLAA-4176
PO_B12_004177,Cashfree Escrow,BKMS-INV-653354 PO_B12_004177,418926,9587,0,0,409339,INR,2026-08-14T07:00:00Z,BATCH-BKMS-4177
PO_B12_004178,PayU Enterprise,MMTR-ORD-676099 MMTR-ORD-773873 BATCH-MMTR-4178,356841,7136,0,0,349705,INR,2026-08-14T04:45:00Z,BATCH-MMTR-4178
PO_B12_004179,Stripe India,MMTR-INV-840600 PO_B12_004179,361177,8700,0,0,352477,INR,2026-08-14T00:03:00Z,BATCH-MMTR-4179
PO_B12_004180,PayU Enterprise,BKMS-INV-853528 PO_B12_004180,218977,4612,0,0,214365,INR,2026-08-13T22:37:00Z,BATCH-BKMS-4180
PO_B12_004181,Razorpay Nodal,PAYT-INV-383286 PO_B12_004181,324541,5976,0,0,318565,INR,2026-08-14T22:47:00Z,BATCH-PAYT-4181
PO_B12_004182,PayU Enterprise,UBER-INV-106448 PO_B12_004182,410724,6588,0,0,404136,INR,2026-08-14T12:59:00Z,BATCH-UBER-4182
PO_B12_004183,PayU Enterprise,MMTR-INV-328163 PO_B12_004183,392577,7398,0,0,385179,INR,2026-08-14T03:13:00Z,BATCH-MMTR-4183
PO_B12_004184,Razorpay Nodal,BBAS-INV-433338 PO_B12_004184,25665,413,0,0,25252,INR,2026-08-14T00:44:00Z,BATCH-BBAS-4184
PO_B12_004185,Stripe India,MMTR-INV-479108 PO_B12_004185,179680,4143,0,0,175537,INR,2026-08-14T22:50:00Z,BATCH-MMTR-4185
PO_B12_004186,PayU Enterprise,JIOO-INV-597399 PO_B12_004186,93675,2299,0,0,91376,INR,2026-08-13T19:29:00Z,BATCH-JIOO-4186
PO_B12_004187,PayU Enterprise,AMZN-INV-886838 PO_B12_004187,108851,1720,0,0,107131,INR,2026-08-14T01:23:00Z,BATCH-AMZN-4187
PO_B12_004188,Razorpay Nodal,SWIG-INV-748628 PO_B12_004188,64055,963,0,0,63092,INR,2026-08-14T05:55:00Z,BATCH-SWIG-4188
PO_B12_004189,Stripe India,BLNK-EXC-584884-UNRESOLVED,173706,3464,0,0,170242,INR,2026-08-14T23:21:00Z,HOLD-ESCROW
PO_B12_004190,PayU Enterprise,JIOO-INV-681206 PO_B12_004190,176064,3857,0,0,172207,INR,2026-08-14T21:54:00Z,BATCH-JIOO-4190
PO_B12_004191,Razorpay Nodal,NYKA-ORD-487428 NYKA-ORD-313930 NYKA-ORD-235450 BATCH-NYKA-4191,380662,7613,0,0,373049,INR,2026-08-14T04:18:00Z,BATCH-NYKA-4191
PO_B12_004192,Razorpay Nodal,OLAA-ORD-841080 OLAA-ORD-290716 BATCH-OLAA-4192,242109,4842,0,0,237267,INR,2026-08-14T14:23:00Z,BATCH-OLAA-4192
PO_B12_004193,Cashfree Escrow,BBAS-INV-764538 PO_B12_004193,230152,3602,0,0,226550,INR,2026-08-13T21:38:00Z,BATCH-BBAS-4193
PO_B12_004194,PayU Enterprise,NYKA-INV-885018 PO_B12_004194,389690,7242,0,0,382448,INR,2026-08-14T15:10:00Z,BATCH-NYKA-4194
PO_B12_004195,Razorpay Nodal,NYKA-INV-115267 PO_B12_004195,214141,4144,0,0,209997,INR,2026-08-14T11:02:00Z,BATCH-NYKA-4195
PO_B12_004196,Cashfree Escrow,OLAA-INV-739888 PO_B12_004196,332779,7017,0,0,325762,INR,2026-08-14T22:13:00Z,BATCH-OLAA-4196
PO_B12_004197,PayU Enterprise,ZOMA-INV-624447 PO_B12_004197,78541,1922,0,0,76619,INR,2026-08-13T22:45:00Z,BATCH-ZOMA-4197
PO_B12_004198,PayU Enterprise,JIOO-ORD-242094 JIOO-ORD-977816 BATCH-JIOO-4198,85710,1714,0,0,83996,INR,2026-08-14T11:56:00Z,BATCH-JIOO-4198
PO_B12_004199,PayU Enterprise,BLNK-EXC-982147-UNRESOLVED,122569,2441,0,0,120128,INR,2026-08-14T11:40:00Z,HOLD-ESCROW
PO_B12_004200,Razorpay Nodal,ZOMA-INV-101276 PO_B12_004200,75979,1449,0,0,74530,INR,2026-08-14T00:38:00Z,BATCH-ZOMA-4200
PO_B12_004201,Cashfree Escrow,BLNK-INV-337350 PO_B12_004201,308097,6605,0,0,301492,INR,2026-08-14T02:28:00Z,BATCH-BLNK-4201
PO_B12_004202,BillDesk Settlement,FLPK-INV-208751 PO_B12_004202,206412,4026,0,0,202386,INR,2026-08-14T06:35:00Z,BATCH-FLPK-4202
PO_B12_004203,PayU Enterprise,OLAA-INV-619295 PO_B12_004203,40148,603,0,0,39545,INR,2026-08-14T16:06:00Z,BATCH-OLAA-4203
PO_B12_004204,PayU Enterprise,TATA-INV-719273 PO_B12_004204,370769,8457,0,0,362312,INR,2026-08-14T01:33:00Z,BATCH-TATA-4204
PO_B12_004205,Razorpay Nodal,MMTR-EXC-189857-UNRESOLVED,129664,2583,0,0,127081,INR,2026-08-14T11:27:00Z,HOLD-ESCROW
PO_B12_004206,Cashfree Escrow,MYNT-INV-997286 PO_B12_004206,422803,10325,0,0,412478,INR,2026-08-14T07:03:00Z,BATCH-MYNT-4206
PO_B12_004207,BillDesk Settlement,MMTR-ORD-793920 MMTR-ORD-548366 MMTR-ORD-592595 BATCH-MMTR-4207,165030,3300,0,0,161730,INR,2026-08-14T14:05:00Z,BATCH-MMTR-4207
PO_B12_004208,Razorpay Nodal,OLAA-INV-366960 PO_B12_004208,286714,5162,0,0,281552,INR,2026-08-14T17:59:00Z,BATCH-OLAA-4208
PO_B12_004209,PayU Enterprise,TATA-INV-280151 PO_B12_004209,247322,4830,0,0,242492,INR,2026-08-14T20:25:00Z,BATCH-TATA-4209
PO_B12_004210,PayU Enterprise,UBER-INV-986951 PO_B12_004210,203030,4418,0,0,198612,INR,2026-08-14T11:53:00Z,BATCH-UBER-4210
PO_B12_004211,BillDesk Settlement,BLNK-INV-384795 PO_B12_004211,71321,1605,0,0,69716,INR,2026-08-14T21:30:00Z,BATCH-BLNK-4211
PO_B12_004212,Razorpay Nodal,MMTR-INV-747465 PO_B12_004212,435751,6996,0,0,428755,INR,2026-08-14T05:55:00Z,BATCH-MMTR-4212
PO_B12_004213,PayU Enterprise,BBAS-INV-232586 PO_B12_004213,208632,3911,0,0,204721,INR,2026-08-14T11:21:00Z,BATCH-BBAS-4213
PO_B12_004214,Stripe India,BBAS-ORD-541759 BBAS-ORD-352714 BATCH-BBAS-4214,371202,7424,0,0,363778,INR,2026-08-14T20:10:00Z,BATCH-BBAS-4214
PO_B12_004215,Cashfree Escrow,BBAS-INV-389967 PO_B12_004215,55262,1240,0,0,54022,INR,2026-08-14T03:41:00Z,BATCH-BBAS-4215
PO_B12_004216,BillDesk Settlement,BLNK-INV-275462 PO_B12_004216,153814,2717,0,0,151097,INR,2026-08-13T15:59:00Z,BATCH-BLNK-4216
PO_B12_004217,Cashfree Escrow,NYKA-INV-753730 PO_B12_004217,154331,2860,0,0,151471,INR,2026-08-13T18:11:00Z,BATCH-NYKA-4217
PO_B12_004218,Stripe India,UBER-INV-125100 PO_B12_004218,200312,3483,0,0,196829,INR,2026-08-14T15:11:00Z,BATCH-UBER-4218
PO_B12_004219,BillDesk Settlement,FLPK-ORD-914634 FLPK-ORD-752216 BATCH-FLPK-4219,354865,7097,0,0,347768,INR,2026-08-14T15:57:00Z,BATCH-FLPK-4219
PO_B12_004220,BillDesk Settlement,MYNT-INV-578138 PO_B12_004220,142614,2849,0,0,139765,INR,2026-08-14T12:17:00Z,BATCH-MYNT-4220
PO_B12_004221,Stripe India,PHNP-ORD-854351 PHNP-ORD-868801 PHNP-ORD-255732 BATCH-PHNP-4221,404197,8083,0,0,396114,INR,2026-08-14T13:15:00Z,BATCH-PHNP-4221
PO_B12_004222,Razorpay Nodal,ZOMA-INV-383027 PO_B12_004222,217598,4267,0,0,213331,INR,2026-08-14T04:30:00Z,BATCH-ZOMA-4222
PO_B12_004223,BillDesk Settlement,AMZN-ORD-376467 AMZN-ORD-519494 AMZN-ORD-406397 BATCH-AMZN-4223,161582,3231,0,0,158351,INR,2026-08-14T11:39:00Z,BATCH-AMZN-4223
PO_B12_004224,Cashfree Escrow,BKMS-INV-615593 PO_B12_004224,53381,1083,0,0,52298,INR,2026-08-14T15:57:00Z,BATCH-BKMS-4224
PO_B12_004225,Stripe India,FLPK-INV-707287 PO_B12_004225,379591,7877,0,0,371714,INR,2026-08-14T18:56:00Z,BATCH-FLPK-4225
PO_B12_004226,Cashfree Escrow,MMTR-ORD-396035 MMTR-ORD-247029 BATCH-MMTR-4226,295507,5910,0,0,289597,INR,2026-08-14T00:22:00Z,BATCH-MMTR-4226
PO_B12_004227,PayU Enterprise,OLAA-INV-152750 PO_B12_004227,209858,3752,0,0,206106,INR,2026-08-14T17:03:00Z,BATCH-OLAA-4227
PO_B12_004228,PayU Enterprise,UBER-INV-141224 PO_B12_004228,429519,6802,0,0,422717,INR,2026-08-14T10:10:00Z,BATCH-UBER-4228
PO_B12_004229,Stripe India,TATA-INV-543614 PO_B12_004229,202050,3793,0,0,198257,INR,2026-08-14T00:17:00Z,BATCH-TATA-4229
PO_B12_004230,Stripe India,BLNK-INV-922249 PO_B12_004230,55866,1249,0,0,54617,INR,2026-08-14T10:56:00Z,BATCH-BLNK-4230
PO_B12_004231,PayU Enterprise,BKMS-ORD-372405 BKMS-ORD-871495 BKMS-ORD-301356 BATCH-BKMS-4231,185816,3716,0,0,182100,INR,2026-08-14T16:12:00Z,BATCH-BKMS-4231
PO_B12_004232,BillDesk Settlement,NYKA-INV-341049 PO_B12_004232,93837,2055,0,0,91782,INR,2026-08-14T17:06:00Z,BATCH-NYKA-4232
PO_B12_004233,Cashfree Escrow,ZOMA-ORD-191083 ZOMA-ORD-687237 ZOMA-ORD-969696 BATCH-ZOMA-4233,402247,8044,0,0,394203,INR,2026-08-14T05:49:00Z,BATCH-ZOMA-4233
PO_B12_004234,Cashfree Escrow,AMZN-INV-843852 PO_B12_004234,318123,7800,0,0,310323,INR,2026-08-14T23:04:00Z,BATCH-AMZN-4234
PO_B12_004235,Stripe India,NYKA-EXC-933489-UNRESOLVED,92659,1843,0,0,90816,INR,2026-08-14T12:55:00Z,HOLD-ESCROW
PO_B12_004236,Razorpay Nodal,PAYT-INV-790240 PO_B12_004236,73420,1182,0,0,72238,INR,2026-08-13T21:55:00Z,BATCH-PAYT-4236
PO_B12_004237,PayU Enterprise,NYKA-INV-638479 PO_B12_004237,312117,5278,0,0,306839,INR,2026-08-15T00:24:00Z,BATCH-NYKA-4237
PO_B12_004238,Razorpay Nodal,MMTR-INV-714804 PO_B12_004238,383898,5851,0,0,378047,INR,2026-08-14T08:58:00Z,BATCH-MMTR-4238
PO_B12_004239,Stripe India,UBER-INV-135246 PO_B12_004239,287527,7159,0,0,280368,INR,2026-08-13T19:21:00Z,BATCH-UBER-4239
PO_B12_004240,BillDesk Settlement,ZOMA-INV-921249 PO_B12_004240,362422,8213,0,0,354209,INR,2026-08-14T04:35:00Z,BATCH-ZOMA-4240
PO_B12_004241,BillDesk Settlement,MMTR-INV-698470 PO_B12_004241,109817,2185,0,0,107632,INR,2026-08-14T16:01:00Z,BATCH-MMTR-4241
PO_B12_004242,Cashfree Escrow,BBAS-INV-206483 PO_B12_004242,96073,1619,0,0,94454,INR,2026-08-14T04:18:00Z,BATCH-BBAS-4242
PO_B12_004243,Stripe India,BKMS-INV-193397 PO_B12_004243,441707,8951,0,0,432756,INR,2026-08-14T04:03:00Z,BATCH-BKMS-4243
PO_B12_004244,PayU Enterprise,BKMS-INV-149947 PO_B12_004244,220835,5333,0,0,215502,INR,2026-08-13T14:46:00Z,BATCH-BKMS-4244
PO_B12_004245,Stripe India,SWIG-ORD-696632 SWIG-ORD-339602 SWIG-ORD-602027 BATCH-SWIG-4245,386413,7728,0,0,378685,INR,2026-08-14T10:42:00Z,BATCH-SWIG-4245
PO_B12_004246,Razorpay Nodal,NYKA-INV-133686 PO_B12_004246,297536,4697,0,0,292839,INR,2026-08-14T08:04:00Z,BATCH-NYKA-4246
PO_B12_004247,PayU Enterprise,MYNT-INV-888263 PO_B12_004247,280895,6324,0,0,274571,INR,2026-08-13T21:00:00Z,BATCH-MYNT-4247
PO_B12_004248,Cashfree Escrow,MYNT-ORD-163918 MYNT-ORD-105839 BATCH-MYNT-4248,131580,2631,0,0,128949,INR,2026-08-14T09:30:00Z,BATCH-MYNT-4248
PO_B12_004249,Cashfree Escrow,OLAA-INV-442115 PO_B12_004249,424815,7598,0,0,417217,INR,2026-08-14T15:19:00Z,BATCH-OLAA-4249
PO_B12_004250,Cashfree Escrow,TATA-ORD-113326 TATA-ORD-881691 TATA-ORD-634975 BATCH-TATA-4250,207237,4144,0,0,203093,INR,2026-08-14T00:03:00Z,BATCH-TATA-4250
PO_B12_004251,PayU Enterprise,TATA-ORD-285553 TATA-ORD-555103 BATCH-TATA-4251,125931,2518,0,0,123413,INR,2026-08-14T05:11:00Z,BATCH-TATA-4251
PO_B12_004252,Razorpay Nodal,TATA-INV-650729 PO_B12_004252,326688,7014,0,0,319674,INR,2026-08-14T11:49:00Z,BATCH-TATA-4252
PO_B12_004253,PayU Enterprise,PHNP-ORD-534561 PHNP-ORD-291974 PHNP-ORD-212335 BATCH-PHNP-4253,369972,7399,0,0,362573,INR,2026-08-14T18:42:00Z,BATCH-PHNP-4253
PO_B12_004254,Razorpay Nodal,OLAA-ORD-267045 OLAA-ORD-332486 BATCH-OLAA-4254,176227,3524,0,0,172703,INR,2026-08-14T09:31:00Z,BATCH-OLAA-4254
PO_B12_004255,Cashfree Escrow,BBAS-ORD-620714 BBAS-ORD-316585 BATCH-BBAS-4255,150729,3014,0,0,147715,INR,2026-08-13T22:14:00Z,BATCH-BBAS-4255
PO_B12_004256,PayU Enterprise,UBER-INV-878855 PO_B12_004256,379050,8916,0,0,370134,INR,2026-08-15T00:57:00Z,BATCH-UBER-4256
PO_B12_004257,PayU Enterprise,OLAA-INV-861775 PO_B12_004257,224823,3375,0,0,221448,INR,2026-08-14T15:16:00Z,BATCH-OLAA-4257
PO_B12_004258,BillDesk Settlement,PHNP-ORD-993821 PHNP-ORD-384251 PHNP-ORD-447428 BATCH-PHNP-4258,407926,8158,0,0,399768,INR,2026-08-14T06:47:00Z,BATCH-PHNP-4258
PO_B12_004259,Cashfree Escrow,BBAS-INV-966567 PO_B12_004259,425690,10111,0,0,415579,INR,2026-08-14T17:10:00Z,BATCH-BBAS-4259
PO_B12_004260,Stripe India,ZOMA-EXC-735345-UNRESOLVED,153473,3059,0,0,150414,INR,2026-08-14T11:49:00Z,HOLD-ESCROW
PO_B12_004261,PayU Enterprise,SWIG-INV-550655 PO_B12_004261,292034,7292,0,0,284742,INR,2026-08-14T03:22:00Z,BATCH-SWIG-4261
PO_B12_004262,PayU Enterprise,BKMS-INV-806442 PO_B12_004262,102076,1879,0,0,100197,INR,2026-08-14T10:00:00Z,BATCH-BKMS-4262
PO_B12_004263,BillDesk Settlement,BBAS-INV-323388 PO_B12_004263,398063,9612,0,0,388451,INR,2026-08-14T14:09:00Z,BATCH-BBAS-4263
PO_B12_004264,Razorpay Nodal,UBER-EXC-565712-UNRESOLVED,106924,2128,0,0,104796,INR,2026-08-15T01:22:00Z,HOLD-ESCROW
PO_B12_004265,PayU Enterprise,MMTR-INV-918856 PO_B12_004265,39705,608,0,0,39097,INR,2026-08-14T19:53:00Z,BATCH-MMTR-4265
PO_B12_004266,Razorpay Nodal,UBER-ORD-963651 UBER-ORD-761907 BATCH-UBER-4266,110866,2217,0,0,108649,INR,2026-08-14T14:57:00Z,BATCH-UBER-4266
PO_B12_004267,Cashfree Escrow,MMTR-INV-386081 PO_B12_004267,116875,2575,0,0,114300,INR,2026-08-14T08:22:00Z,BATCH-MMTR-4267
PO_B12_004268,Razorpay Nodal,FLPK-INV-906274 PO_B12_004268,55144,1204,0,0,53940,INR,2026-08-14T08:50:00Z,BATCH-FLPK-4268
PO_B12_004269,PayU Enterprise,PHNP-INV-660697 PO_B12_004269,445364,9177,0,0,436187,INR,2026-08-14T06:10:00Z,BATCH-PHNP-4269
PO_B12_004270,PayU Enterprise,PHNP-INV-643449 PO_B12_004270,202710,3132,0,0,199578,INR,2026-08-14T17:31:00Z,BATCH-PHNP-4270
PO_B12_004271,Razorpay Nodal,UBER-ORD-109056 UBER-ORD-750168 UBER-ORD-923935 BATCH-UBER-4271,443194,8863,0,0,434331,INR,2026-08-14T07:44:00Z,BATCH-UBER-4271
PO_B12_004272,Cashfree Escrow,NYKA-INV-449227 PO_B12_004272,153213,2994,0,0,150219,INR,2026-08-14T07:34:00Z,BATCH-NYKA-4272
PO_B12_004273,Razorpay Nodal,BKMS-INV-291529 PO_B12_004273,291756,7242,0,0,284514,INR,2026-08-14T22:35:00Z,BATCH-BKMS-4273
PO_B12_004274,PayU Enterprise,MYNT-INV-301191 PO_B12_004274,337953,7404,0,0,330549,INR,2026-08-15T00:10:00Z,BATCH-MYNT-4274
PO_B12_004275,Razorpay Nodal,PHNP-INV-484221 PO_B12_004275,389564,9000,0,0,380564,INR,2026-08-14T05:09:00Z,BATCH-PHNP-4275
PO_B12_004276,Stripe India,ZOMA-ORD-945472 ZOMA-ORD-416026 ZOMA-ORD-688415 BATCH-ZOMA-4276,434362,8687,0,0,425675,INR,2026-08-14T15:39:00Z,BATCH-ZOMA-4276
PO_B12_004277,Cashfree Escrow,FLPK-INV-882265 PO_B12_004277,113286,2430,0,0,110856,INR,2026-08-14T13:48:00Z,BATCH-FLPK-4277
PO_B12_004278,Cashfree Escrow,PHNP-INV-854475 PO_B12_004278,196294,4783,0,0,191511,INR,2026-08-13T22:48:00Z,BATCH-PHNP-4278
PO_B12_004279,BillDesk Settlement,BBAS-INV-513918 PO_B12_004279,281719,5913,0,0,275806,INR,2026-08-14T16:45:00Z,BATCH-BBAS-4279
PO_B12_004280,PayU Enterprise,ZOMA-ORD-227682 ZOMA-ORD-163646 ZOMA-ORD-213907 BATCH-ZOMA-4280,263613,5272,0,0,258341,INR,2026-08-13T22:19:00Z,BATCH-ZOMA-4280
PO_B12_004281,Razorpay Nodal,MYNT-INV-991780 PO_B12_004281,320199,7944,0,0,312255,INR,2026-08-14T01:46:00Z,BATCH-MYNT-4281
PO_B12_004282,Cashfree Escrow,BKMS-INV-397891 PO_B12_004282,368574,8164,0,0,360410,INR,2026-08-14T07:09:00Z,BATCH-BKMS-4282
PO_B12_004283,PayU Enterprise,PHNP-INV-299587 PO_B12_004283,324495,7111,0,0,317384,INR,2026-08-14T04:35:00Z,BATCH-PHNP-4283
PO_B12_004284,Cashfree Escrow,PAYT-INV-803803 PO_B12_004284,49301,1066,0,0,48235,INR,2026-08-13T19:05:00Z,BATCH-PAYT-4284
PO_B12_004285,Stripe India,OLAA-EXC-956794-UNRESOLVED,203317,4056,0,0,199261,INR,2026-08-15T08:31:00Z,HOLD-ESCROW
PO_B12_004286,Razorpay Nodal,OLAA-ORD-168517 OLAA-ORD-618220 OLAA-ORD-107652 BATCH-OLAA-4286,411317,8226,0,0,403091,INR,2026-08-14T05:11:00Z,BATCH-OLAA-4286
PO_B12_004287,BillDesk Settlement,ZOMA-ORD-773137 ZOMA-ORD-245941 ZOMA-ORD-807012 BATCH-ZOMA-4287,361937,7238,0,0,354699,INR,2026-08-14T04:52:00Z,BATCH-ZOMA-4287
PO_B12_004288,BillDesk Settlement,JIOO-EXC-304418-UNRESOLVED,261155,5213,0,0,255942,INR,2026-08-14T12:46:00Z,HOLD-ESCROW
PO_B12_004289,Stripe India,MMTR-INV-318370 PO_B12_004289,300844,7453,0,0,293391,INR,2026-08-14T06:04:00Z,BATCH-MMTR-4289
PO_B12_004290,Cashfree Escrow,PAYT-ORD-292090 PAYT-ORD-605599 BATCH-PAYT-4290,283961,5679,0,0,278282,INR,2026-08-14T12:03:00Z,BATCH-PAYT-4290
PO_B12_004291,BillDesk Settlement,JIOO-INV-552872 PO_B12_004291,429854,6936,0,0,422918,INR,2026-08-14T19:43:00Z,BATCH-JIOO-4291
PO_B12_004292,BillDesk Settlement,BBAS-INV-160930 PO_B12_004292,412163,6203,0,0,405960,INR,2026-08-14T14:10:00Z,BATCH-BBAS-4292
PO_B12_004293,BillDesk Settlement,MMTR-ORD-505724 MMTR-ORD-883503 BATCH-MMTR-4293,324255,6485,0,0,317770,INR,2026-08-14T17:58:00Z,BATCH-MMTR-4293
PO_B12_004294,PayU Enterprise,FLPK-ORD-584777 FLPK-ORD-204739 FLPK-ORD-285530 BATCH-FLPK-4294,335447,6708,0,0,328739,INR,2026-08-14T06:25:00Z,BATCH-FLPK-4294
PO_B12_004295,Stripe India,BLNK-INV-655377 PO_B12_004295,405612,7689,0,0,397923,INR,2026-08-13T18:54:00Z,BATCH-BLNK-4295
PO_B12_004296,BillDesk Settlement,UBER-ORD-276744 UBER-ORD-904355 BATCH-UBER-4296,75453,1509,0,0,73944,INR,2026-08-14T06:00:00Z,BATCH-UBER-4296
PO_B12_004297,Razorpay Nodal,MMTR-INV-401613 PO_B12_004297,190080,3092,0,0,186988,INR,2026-08-14T01:13:00Z,BATCH-MMTR-4297
PO_B12_004298,Cashfree Escrow,BBAS-INV-192043 PO_B12_004298,125999,2395,0,0,123604,INR,2026-08-14T23:27:00Z,BATCH-BBAS-4298
PO_B12_004299,PayU Enterprise,NYKA-INV-450124 PO_B12_004299,146320,2504,0,0,143816,INR,2026-08-14T01:29:00Z,BATCH-NYKA-4299
PO_B12_004300,Cashfree Escrow,AMZN-INV-436299 PO_B12_004300,289665,4734,0,0,284931,INR,2026-08-14T04:29:00Z,BATCH-AMZN-4300
PO_B12_004301,BillDesk Settlement,PHNP-ORD-687834 PHNP-ORD-429346 PHNP-ORD-673739 BATCH-PHNP-4301,487500,9750,0,0,477750,INR,2026-08-14T14:36:00Z,BATCH-PHNP-4301
PO_B12_004302,Stripe India,TATA-ORD-324134 TATA-ORD-510585 BATCH-TATA-4302,291393,5827,0,0,285566,INR,2026-08-14T01:51:00Z,BATCH-TATA-4302
PO_B12_004303,BillDesk Settlement,BLNK-INV-681419 PO_B12_004303,185981,2860,0,0,183121,INR,2026-08-14T13:13:00Z,BATCH-BLNK-4303
PO_B12_004304,PayU Enterprise,PHNP-INV-818943 PO_B12_004304,161679,3406,0,0,158273,INR,2026-08-14T00:31:00Z,BATCH-PHNP-4304
PO_B12_004305,Stripe India,MMTR-INV-549857 PO_B12_004305,130448,3226,0,0,127222,INR,2026-08-14T04:05:00Z,BATCH-MMTR-4305
PO_B12_004306,Razorpay Nodal,AMZN-INV-955503 PO_B12_004306,308182,5366,0,0,302816,INR,2026-08-14T17:18:00Z,BATCH-AMZN-4306
PO_B12_004307,PayU Enterprise,FLPK-ORD-444949 FLPK-ORD-627978 BATCH-FLPK-4307,134514,2690,0,0,131824,INR,2026-08-14T18:34:00Z,BATCH-FLPK-4307
PO_B12_004308,Cashfree Escrow,MMTR-ORD-163983 MMTR-ORD-386441 BATCH-MMTR-4308,255513,5110,0,0,250403,INR,2026-08-14T12:08:00Z,BATCH-MMTR-4308
PO_B12_004309,Stripe India,BLNK-INV-998921 PO_B12_004309,92204,1998,0,0,90206,INR,2026-08-14T12:09:00Z,BATCH-BLNK-4309
PO_B12_004310,PayU Enterprise,PAYT-INV-133335 PO_B12_004310,447861,8500,0,0,439361,INR,2026-08-14T07:40:00Z,BATCH-PAYT-4310
PO_B12_004311,BillDesk Settlement,SWIG-INV-256481 PO_B12_004311,285645,6300,0,0,279345,INR,2026-08-13T23:29:00Z,BATCH-SWIG-4311
PO_B12_004312,PayU Enterprise,PAYT-INV-807203 PO_B12_004312,248702,5359,0,0,243343,INR,2026-08-14T02:45:00Z,BATCH-PAYT-4312
PO_B12_004313,PayU Enterprise,BKMS-INV-922124 PO_B12_004313,269047,5073,0,0,263974,INR,2026-08-14T00:25:00Z,BATCH-BKMS-4313
PO_B12_004314,Stripe India,MMTR-ORD-586366 MMTR-ORD-317644 BATCH-MMTR-4314,339771,6795,0,0,332976,INR,2026-08-14T13:36:00Z,BATCH-MMTR-4314
PO_B12_004315,Razorpay Nodal,BLNK-INV-753448 PO_B12_004315,400095,8731,0,0,391364,INR,2026-08-14T05:35:00Z,BATCH-BLNK-4315
PO_B12_004316,Cashfree Escrow,FLPK-INV-216447 PO_B12_004316,51098,1228,0,0,49870,INR,2026-08-14T11:41:00Z,BATCH-FLPK-4316
PO_B12_004317,Cashfree Escrow,AMZN-ORD-736087 AMZN-ORD-579114 AMZN-ORD-897574 BATCH-AMZN-4317,270986,5419,0,0,265567,INR,2026-08-14T15:17:00Z,BATCH-AMZN-4317
PO_B12_004318,Stripe India,ZOMA-INV-571896 PO_B12_004318,427303,6865,0,0,420438,INR,2026-08-14T14:20:00Z,BATCH-ZOMA-4318
PO_B12_004319,Stripe India,JIOO-ORD-739297 JIOO-ORD-871988 JIOO-ORD-913666 BATCH-JIOO-4319,375095,7501,0,0,367594,INR,2026-08-14T20:12:00Z,BATCH-JIOO-4319
PO_B12_004320,PayU Enterprise,BLNK-ORD-370641 BLNK-ORD-769785 BATCH-BLNK-4320,58877,1177,0,0,57700,INR,2026-08-14T02:42:00Z,BATCH-BLNK-4320
PO_B12_004321,BillDesk Settlement,MYNT-INV-240981 PO_B12_004321,71967,1707,0,0,70260,INR,2026-08-14T10:45:00Z,BATCH-MYNT-4321
PO_B12_004322,PayU Enterprise,PHNP-INV-734402 PO_B12_004322,152898,2975,0,0,149923,INR,2026-08-14T07:59:00Z,BATCH-PHNP-4322
PO_B12_004323,Razorpay Nodal,FLPK-INV-612597 PO_B12_004323,107242,2595,0,0,104647,INR,2026-08-14T14:17:00Z,BATCH-FLPK-4323
PO_B12_004324,PayU Enterprise,SWIG-INV-809805 PO_B12_004324,232467,3813,0,0,228654,INR,2026-08-14T04:45:00Z,BATCH-SWIG-4324
PO_B12_004325,PayU Enterprise,BLNK-INV-982320 PO_B12_004325,194691,3375,0,0,191316,INR,2026-08-14T01:49:00Z,BATCH-BLNK-4325
PO_B12_004326,BillDesk Settlement,MYNT-INV-760719 PO_B12_004326,289917,6278,0,0,283639,INR,2026-08-14T04:32:00Z,BATCH-MYNT-4326
PO_B12_004327,PayU Enterprise,BKMS-INV-456342 PO_B12_004327,411141,6696,0,0,404445,INR,2026-08-14T03:34:00Z,BATCH-BKMS-4327
PO_B12_004328,BillDesk Settlement,MYNT-EXC-142687-UNRESOLVED,160289,3195,0,0,157094,INR,2026-08-14T18:20:00Z,HOLD-ESCROW
PO_B12_004329,Razorpay Nodal,PHNP-ORD-543568 PHNP-ORD-100094 BATCH-PHNP-4329,198112,3962,0,0,194150,INR,2026-08-14T02:17:00Z,BATCH-PHNP-4329
PO_B12_004330,Stripe India,BLNK-INV-286848 PO_B12_004330,423084,7794,0,0,415290,INR,2026-08-13T18:15:00Z,BATCH-BLNK-4330
PO_B12_004331,PayU Enterprise,PHNP-INV-718810 PO_B12_004331,382667,7429,0,0,375238,INR,2026-08-14T05:01:00Z,BATCH-PHNP-4331
PO_B12_004332,PayU Enterprise,BLNK-ORD-390450 BLNK-ORD-931899 BLNK-ORD-892336 BATCH-BLNK-4332,285817,5716,0,0,280101,INR,2026-08-14T05:28:00Z,BATCH-BLNK-4332
PO_B12_004333,Razorpay Nodal,BKMS-ORD-341308 BKMS-ORD-273418 BKMS-ORD-936836 BATCH-BKMS-4333,345884,6917,0,0,338967,INR,2026-08-14T05:25:00Z,BATCH-BKMS-4333
PO_B12_004334,Cashfree Escrow,AMZN-INV-268168 PO_B12_004334,129444,3010,0,0,126434,INR,2026-08-14T00:26:00Z,BATCH-AMZN-4334
PO_B12_004335,PayU Enterprise,PHNP-INV-363473 PO_B12_004335,325940,6293,0,0,319647,INR,2026-08-13T13:28:00Z,BATCH-PHNP-4335
PO_B12_004336,Stripe India,PHNP-INV-388160 PO_B12_004336,412752,8244,0,0,404508,INR,2026-08-14T14:52:00Z,BATCH-PHNP-4336
PO_B12_004337,Cashfree Escrow,PHNP-ORD-927042 PHNP-ORD-670355 BATCH-PHNP-4337,409258,8185,0,0,401073,INR,2026-08-14T20:45:00Z,BATCH-PHNP-4337
PO_B12_004338,Razorpay Nodal,AMZN-ORD-853064 AMZN-ORD-311591 AMZN-ORD-625234 BATCH-AMZN-4338,494800,9896,0,0,484904,INR,2026-08-14T08:58:00Z,BATCH-AMZN-4338
PO_B12_004339,Razorpay Nodal,MMTR-INV-151989 PO_B12_004339,76386,1635,0,0,74751,INR,2026-08-14T04:21:00Z,BATCH-MMTR-4339
PO_B12_004340,PayU Enterprise,NYKA-ORD-469639 NYKA-ORD-967830 NYKA-ORD-825337 BATCH-NYKA-4340,359140,7182,0,0,351958,INR,2026-08-14T01:22:00Z,BATCH-NYKA-4340
PO_B12_004341,BillDesk Settlement,MYNT-ORD-853092 MYNT-ORD-162417 MYNT-ORD-926721 BATCH-MYNT-4341,445458,8909,0,0,436549,INR,2026-08-14T08:36:00Z,BATCH-MYNT-4341
PO_B12_004342,Cashfree Escrow,BBAS-INV-257301 PO_B12_004342,404538,8877,0,0,395661,INR,2026-08-14T07:48:00Z,BATCH-BBAS-4342
PO_B12_004343,BillDesk Settlement,ZOMA-INV-419849 PO_B12_004343,421249,8619,0,0,412630,INR,2026-08-14T09:05:00Z,BATCH-ZOMA-4343
PO_B12_004344,BillDesk Settlement,BLNK-EXC-100055-UNRESOLVED,261450,5219,0,0,256231,INR,2026-08-14T12:36:00Z,HOLD-ESCROW
PO_B12_004345,Razorpay Nodal,SWIG-INV-988069 PO_B12_004345,77562,1270,0,0,76292,INR,2026-08-14T09:54:00Z,BATCH-SWIG-4345
PO_B12_004346,Stripe India,PAYT-INV-479381 PO_B12_004346,420405,8853,0,0,411552,INR,2026-08-14T11:15:00Z,BATCH-PAYT-4346
PO_B12_004347,Razorpay Nodal,OLAA-INV-177693 PO_B12_004347,48429,1093,0,0,47336,INR,2026-08-14T14:39:00Z,BATCH-OLAA-4347
PO_B12_004348,Stripe India,SWIG-ORD-347409 SWIG-ORD-958317 BATCH-SWIG-4348,450705,9014,0,0,441691,INR,2026-08-14T16:15:00Z,BATCH-SWIG-4348
PO_B12_004349,PayU Enterprise,BKMS-INV-508228 PO_B12_004349,344788,6077,0,0,338711,INR,2026-08-14T18:36:00Z,BATCH-BKMS-4349
PO_B12_004350,PayU Enterprise,SWIG-INV-785525 PO_B12_004350,188482,3030,0,0,185452,INR,2026-08-13T22:23:00Z,BATCH-SWIG-4350
PO_B12_004351,Cashfree Escrow,PAYT-ORD-728724 PAYT-ORD-673221 BATCH-PAYT-4351,451680,9033,0,0,442647,INR,2026-08-14T10:45:00Z,BATCH-PAYT-4351
PO_B12_004352,Stripe India,BKMS-ORD-324627 BKMS-ORD-648638 BATCH-BKMS-4352,239076,4781,0,0,234295,INR,2026-08-14T19:13:00Z,BATCH-BKMS-4352
PO_B12_004353,Stripe India,FLPK-INV-825361 PO_B12_004353,282269,6217,0,0,276052,INR,2026-08-14T08:28:00Z,BATCH-FLPK-4353
PO_B12_004354,BillDesk Settlement,AMZN-INV-123899 PO_B12_004354,54724,1206,0,0,53518,INR,2026-08-14T08:15:00Z,BATCH-AMZN-4354
PO_B12_004355,BillDesk Settlement,BBAS-INV-788158 PO_B12_004355,111361,2756,0,0,108605,INR,2026-08-14T15:58:00Z,BATCH-BBAS-4355
PO_B12_004356,BillDesk Settlement,PAYT-INV-309960 PO_B12_004356,263032,6114,0,0,256918,INR,2026-08-14T10:27:00Z,BATCH-PAYT-4356
PO_B12_004357,Cashfree Escrow,ZOMA-ORD-752792 ZOMA-ORD-618894 ZOMA-ORD-493142 BATCH-ZOMA-4357,569895,11397,0,0,558498,INR,2026-08-14T19:16:00Z,BATCH-ZOMA-4357
PO_B12_004358,Stripe India,FLPK-INV-838948 PO_B12_004358,273098,5144,0,0,267954,INR,2026-08-13T19:55:00Z,BATCH-FLPK-4358
PO_B12_004359,Razorpay Nodal,MYNT-INV-958014 PO_B12_004359,286624,4657,0,0,281967,INR,2026-08-14T05:55:00Z,BATCH-MYNT-4359
PO_B12_004360,PayU Enterprise,OLAA-INV-895892 PO_B12_004360,59549,1257,0,0,58292,INR,2026-08-14T21:54:00Z,BATCH-OLAA-4360
PO_B12_004361,Stripe India,FLPK-INV-581830 PO_B12_004361,255545,5001,0,0,250544,INR,2026-08-14T03:59:00Z,BATCH-FLPK-4361
PO_B12_004362,BillDesk Settlement,MYNT-INV-422722 PO_B12_004362,419211,7432,0,0,411779,INR,2026-08-14T07:40:00Z,BATCH-MYNT-4362
PO_B12_004363,Razorpay Nodal,SWIG-INV-751012 PO_B12_004363,47714,1072,0,0,46642,INR,2026-08-14T08:54:00Z,BATCH-SWIG-4363
PO_B12_004364,Razorpay Nodal,JIOO-INV-329451 PO_B12_004364,304358,4616,0,0,299742,INR,2026-08-14T09:59:00Z,BATCH-JIOO-4364
PO_B12_004365,BillDesk Settlement,PAYT-INV-646890 PO_B12_004365,166190,3867,0,0,162323,INR,2026-08-14T05:58:00Z,BATCH-PAYT-4365
PO_B12_004366,Razorpay Nodal,NYKA-ORD-470994 NYKA-ORD-850003 BATCH-NYKA-4366,264711,5294,0,0,259417,INR,2026-08-14T01:42:00Z,BATCH-NYKA-4366
PO_B12_004367,Cashfree Escrow,FLPK-ORD-500675 FLPK-ORD-288460 BATCH-FLPK-4367,180964,3619,0,0,177345,INR,2026-08-14T03:56:00Z,BATCH-FLPK-4367
PO_B12_004368,Cashfree Escrow,MYNT-ORD-349854 MYNT-ORD-538969 BATCH-MYNT-4368,294946,5898,0,0,289048,INR,2026-08-14T03:15:00Z,BATCH-MYNT-4368
PO_B12_004369,Cashfree Escrow,FLPK-INV-832363 PO_B12_004369,122194,2602,0,0,119592,INR,2026-08-14T09:30:00Z,BATCH-FLPK-4369
PO_B12_004370,BillDesk Settlement,JIOO-INV-638040 PO_B12_004370,232096,4770,0,0,227326,INR,2026-08-14T20:23:00Z,BATCH-JIOO-4370
PO_B12_004371,Stripe India,UBER-INV-644455 PO_B12_004371,261338,6010,0,0,255328,INR,2026-08-14T13:06:00Z,BATCH-UBER-4371
PO_B12_004372,BillDesk Settlement,SWIG-INV-376820 PO_B12_004372,180176,3494,0,0,176682,INR,2026-08-14T03:10:00Z,BATCH-SWIG-4372
PO_B12_004373,BillDesk Settlement,NYKA-EXC-498555-UNRESOLVED,104073,2071,0,0,102002,INR,2026-08-15T05:15:00Z,HOLD-ESCROW
PO_B12_004374,Razorpay Nodal,SWIG-ORD-887183 SWIG-ORD-642176 BATCH-SWIG-4374,247607,4952,0,0,242655,INR,2026-08-14T04:15:00Z,BATCH-SWIG-4374
PO_B12_004375,Stripe India,SWIG-ORD-614940 SWIG-ORD-733521 BATCH-SWIG-4375,181439,3628,0,0,177811,INR,2026-08-14T00:43:00Z,BATCH-SWIG-4375
PO_B12_004376,BillDesk Settlement,NYKA-INV-392027 PO_B12_004376,202449,3346,0,0,199103,INR,2026-08-13T21:13:00Z,BATCH-NYKA-4376
PO_B12_004377,BillDesk Settlement,FLPK-ORD-156408 FLPK-ORD-184839 BATCH-FLPK-4377,235566,4711,0,0,230855,INR,2026-08-14T20:49:00Z,BATCH-FLPK-4377
PO_B12_004378,Stripe India,UBER-INV-429844 PO_B12_004378,128938,2910,0,0,126028,INR,2026-08-14T10:52:00Z,BATCH-UBER-4378
PO_B12_004379,PayU Enterprise,PAYT-ORD-387278 PAYT-ORD-383404 BATCH-PAYT-4379,161412,3228,0,0,158184,INR,2026-08-14T00:32:00Z,BATCH-PAYT-4379
PO_B12_004380,PayU Enterprise,OLAA-INV-321351 PO_B12_004380,280620,4965,0,0,275655,INR,2026-08-14T03:09:00Z,BATCH-OLAA-4380
PO_B12_004381,Stripe India,TATA-INV-773787 PO_B12_004381,212766,3260,0,0,209506,INR,2026-08-14T14:20:00Z,BATCH-TATA-4381
PO_B12_004382,Cashfree Escrow,OLAA-INV-245986 PO_B12_004382,166761,3645,0,0,163116,INR,2026-08-13T21:04:00Z,BATCH-OLAA-4382
PO_B12_004383,BillDesk Settlement,PHNP-INV-157056 PO_B12_004383,393682,8072,0,0,385610,INR,2026-08-14T05:09:00Z,BATCH-PHNP-4383
PO_B12_004384,Cashfree Escrow,UBER-INV-116095 PO_B12_004384,68038,1063,0,0,66975,INR,2026-08-14T04:20:00Z,BATCH-UBER-4384
PO_B12_004385,Razorpay Nodal,BBAS-INV-302053 PO_B12_004385,141983,3254,0,0,138729,INR,2026-08-14T02:02:00Z,BATCH-BBAS-4385
PO_B12_004386,Cashfree Escrow,BLNK-ORD-775091 BLNK-ORD-161563 BATCH-BLNK-4386,341307,6826,0,0,334481,INR,2026-08-14T19:31:00Z,BATCH-BLNK-4386
PO_B12_004387,Stripe India,MMTR-INV-155943 PO_B12_004387,45267,1049,0,0,44218,INR,2026-08-13T20:11:00Z,BATCH-MMTR-4387
PO_B12_004388,Razorpay Nodal,OLAA-INV-153099 PO_B12_004388,95177,2369,0,0,92808,INR,2026-08-14T13:20:00Z,BATCH-OLAA-4388
PO_B12_004389,PayU Enterprise,OLAA-INV-575790 PO_B12_004389,195690,3928,0,0,191762,INR,2026-08-14T04:37:00Z,BATCH-OLAA-4389
PO_B12_004390,Razorpay Nodal,SWIG-EXC-742032-UNRESOLVED,159369,3177,0,0,156192,INR,2026-08-14T13:04:00Z,HOLD-ESCROW
PO_B12_004391,BillDesk Settlement,AMZN-ORD-136194 AMZN-ORD-529135 BATCH-AMZN-4391,132819,2656,0,0,130163,INR,2026-08-14T01:00:00Z,BATCH-AMZN-4391
PO_B12_004392,Razorpay Nodal,BLNK-ORD-852203 BLNK-ORD-998379 BATCH-BLNK-4392,264750,5295,0,0,259455,INR,2026-08-14T16:42:00Z,BATCH-BLNK-4392
PO_B12_004393,Stripe India,FLPK-INV-710841 PO_B12_004393,234633,5138,0,0,229495,INR,2026-08-13T21:21:00Z,BATCH-FLPK-4393
PO_B12_004394,Cashfree Escrow,AMZN-INV-691950 PO_B12_004394,399905,9818,0,0,390087,INR,2026-08-14T02:04:00Z,BATCH-AMZN-4394
PO_B12_004395,Stripe India,AMZN-INV-125137 PO_B12_004395,61685,1042,0,0,60643,INR,2026-08-13T14:58:00Z,BATCH-AMZN-4395
PO_B12_004396,Razorpay Nodal,OLAA-INV-513667 PO_B12_004396,115302,1874,0,0,113428,INR,2026-08-14T16:43:00Z,BATCH-OLAA-4396
PO_B12_004397,BillDesk Settlement,ZOMA-INV-546212 PO_B12_004397,166945,3245,0,0,163700,INR,2026-08-14T12:50:00Z,BATCH-ZOMA-4397
PO_B12_004398,BillDesk Settlement,ZOMA-INV-175719 PO_B12_004398,432367,8007,0,0,424360,INR,2026-08-14T20:34:00Z,BATCH-ZOMA-4398
PO_B12_004399,BillDesk Settlement,BBAS-INV-445980 PO_B12_004399,243517,4483,0,0,239034,INR,2026-08-14T21:53:00Z,BATCH-BBAS-4399
PO_B12_004400,PayU Enterprise,FLPK-INV-761404 PO_B12_004400,47057,940,0,0,46117,INR,2026-08-14T01:27:00Z,BATCH-FLPK-4400
PO_B12_004401,Stripe India,OLAA-INV-282820 PO_B12_004401,254440,6204,0,0,248236,INR,2026-08-14T17:49:00Z,BATCH-OLAA-4401
PO_B12_004402,Cashfree Escrow,BBAS-EXC-535342-UNRESOLVED,170235,3394,0,0,166841,INR,2026-08-14T21:53:00Z,HOLD-ESCROW
PO_B12_004403,Cashfree Escrow,BKMS-ORD-726052 BKMS-ORD-160573 BATCH-BKMS-4403,108316,2166,0,0,106150,INR,2026-08-14T17:42:00Z,BATCH-BKMS-4403
PO_B12_004404,PayU Enterprise,MMTR-INV-137469 PO_B12_004404,200715,4785,0,0,195930,INR,2026-08-14T13:20:00Z,BATCH-MMTR-4404
PO_B12_004405,Stripe India,ZOMA-INV-397790 PO_B12_004405,262025,4551,0,0,257474,INR,2026-08-13T22:06:00Z,BATCH-ZOMA-4405
PO_B12_004406,Cashfree Escrow,OLAA-INV-106199 PO_B12_004406,385773,7317,0,0,378456,INR,2026-08-14T22:19:00Z,BATCH-OLAA-4406
PO_B12_004407,Stripe India,SWIG-INV-412724 PO_B12_004407,302395,5343,0,0,297052,INR,2026-08-14T00:33:00Z,BATCH-SWIG-4407
PO_B12_004408,Razorpay Nodal,FLPK-INV-943181 PO_B12_004408,376858,7582,0,0,369276,INR,2026-08-14T19:54:00Z,BATCH-FLPK-4408
PO_B12_004409,Cashfree Escrow,NYKA-INV-568115 PO_B12_004409,168483,3236,0,0,165247,INR,2026-08-14T15:27:00Z,BATCH-NYKA-4409
PO_B12_004410,PayU Enterprise,PHNP-INV-489396 PO_B12_004410,56001,1221,0,0,54780,INR,2026-08-13T21:13:00Z,BATCH-PHNP-4410
PO_B12_004411,PayU Enterprise,BLNK-INV-508503 PO_B12_004411,165705,3636,0,0,162069,INR,2026-08-14T11:51:00Z,BATCH-BLNK-4411
PO_B12_004412,Razorpay Nodal,ZOMA-INV-512606 PO_B12_004412,135898,3348,0,0,132550,INR,2026-08-14T07:52:00Z,BATCH-ZOMA-4412
PO_B12_004413,PayU Enterprise,FLPK-ORD-218243 FLPK-ORD-685525 FLPK-ORD-556053 BATCH-FLPK-4413,453285,9065,0,0,444220,INR,2026-08-14T12:20:00Z,BATCH-FLPK-4413
PO_B12_004414,PayU Enterprise,NYKA-ORD-376624 NYKA-ORD-329770 NYKA-ORD-785027 BATCH-NYKA-4414,331591,6631,0,0,324960,INR,2026-08-13T22:10:00Z,BATCH-NYKA-4414
PO_B12_004415,PayU Enterprise,FLPK-INV-516855 PO_B12_004415,292486,5943,0,0,286543,INR,2026-08-14T06:02:00Z,BATCH-FLPK-4415
PO_B12_004416,PayU Enterprise,SWIG-EXC-864043-UNRESOLVED,150209,2994,0,0,147215,INR,2026-08-14T18:27:00Z,HOLD-ESCROW
PO_B12_004417,BillDesk Settlement,MYNT-ORD-472100 MYNT-ORD-169070 BATCH-MYNT-4417,220788,4415,0,0,216373,INR,2026-08-14T01:51:00Z,BATCH-MYNT-4417
PO_B12_004418,Cashfree Escrow,ZOMA-ORD-405737 ZOMA-ORD-915896 ZOMA-ORD-208887 BATCH-ZOMA-4418,477391,9547,0,0,467844,INR,2026-08-14T09:18:00Z,BATCH-ZOMA-4418
PO_B12_004419,BillDesk Settlement,SWIG-INV-408663 PO_B12_004419,188854,4693,0,0,184161,INR,2026-08-14T13:00:00Z,BATCH-SWIG-4419
PO_B12_004420,BillDesk Settlement,BKMS-INV-652379 PO_B12_004420,343409,8078,0,0,335331,INR,2026-08-14T23:27:00Z,BATCH-BKMS-4420
PO_B12_004421,Cashfree Escrow,PHNP-ORD-462652 PHNP-ORD-289094 BATCH-PHNP-4421,208554,4171,0,0,204383,INR,2026-08-14T03:35:00Z,BATCH-PHNP-4421
PO_B12_004422,Cashfree Escrow,BLNK-INV-189611 PO_B12_004422,302384,7322,0,0,295062,INR,2026-08-14T14:10:00Z,BATCH-BLNK-4422
PO_B12_004423,PayU Enterprise,AMZN-ORD-491627 AMZN-ORD-812357 BATCH-AMZN-4423,300493,6009,0,0,294484,INR,2026-08-14T00:37:00Z,BATCH-AMZN-4423
PO_B12_004424,Cashfree Escrow,OLAA-INV-242338 PO_B12_004424,310893,7177,0,0,303716,INR,2026-08-14T03:44:00Z,BATCH-OLAA-4424
PO_B12_004425,Razorpay Nodal,AMZN-EXC-836251-UNRESOLVED,283185,5653,0,0,277532,INR,2026-08-14T12:17:00Z,HOLD-ESCROW
PO_B12_004426,BillDesk Settlement,BBAS-INV-147040 PO_B12_004426,438667,10930,0,0,427737,INR,2026-08-13T19:22:00Z,BATCH-BBAS-4426
PO_B12_004427,Razorpay Nodal,BLNK-INV-203231 PO_B12_004427,118763,2555,0,0,116208,INR,2026-08-14T00:46:00Z,BATCH-BLNK-4427
PO_B12_004428,Cashfree Escrow,BLNK-ORD-484891 BLNK-ORD-924776 BLNK-ORD-290185 BATCH-BLNK-4428,403216,8064,0,0,395152,INR,2026-08-14T09:28:00Z,BATCH-BLNK-4428
PO_B12_004429,BillDesk Settlement,UBER-INV-627595 PO_B12_004429,353924,5543,0,0,348381,INR,2026-08-14T12:43:00Z,BATCH-UBER-4429
PO_B12_004430,PayU Enterprise,BKMS-INV-497241 PO_B12_004430,298606,7271,0,0,291335,INR,2026-08-13T21:01:00Z,BATCH-BKMS-4430
PO_B12_004431,Stripe India,AMZN-INV-615985 PO_B12_004431,155469,2824,0,0,152645,INR,2026-08-14T06:17:00Z,BATCH-AMZN-4431
PO_B12_004432,Cashfree Escrow,FLPK-INV-768836 PO_B12_004432,340908,6575,0,0,334333,INR,2026-08-13T21:49:00Z,BATCH-FLPK-4432
PO_B12_004433,Razorpay Nodal,FLPK-INV-577094 PO_B12_004433,210671,4634,0,0,206037,INR,2026-08-13T21:15:00Z,BATCH-FLPK-4433
PO_B12_004434,BillDesk Settlement,BBAS-INV-894493 PO_B12_004434,59929,1494,0,0,58435,INR,2026-08-14T16:29:00Z,BATCH-BBAS-4434
PO_B12_004435,PayU Enterprise,MYNT-ORD-636958 MYNT-ORD-604411 MYNT-ORD-667862 BATCH-MYNT-4435,370322,7406,0,0,362916,INR,2026-08-14T14:23:00Z,BATCH-MYNT-4435
PO_B12_004436,Razorpay Nodal,JIOO-ORD-250127 JIOO-ORD-242004 BATCH-JIOO-4436,243005,4860,0,0,238145,INR,2026-08-14T04:15:00Z,BATCH-JIOO-4436
PO_B12_004437,PayU Enterprise,SWIG-INV-584586 PO_B12_004437,54633,911,0,0,53722,INR,2026-08-14T09:40:00Z,BATCH-SWIG-4437
PO_B12_004438,BillDesk Settlement,BBAS-ORD-407531 BBAS-ORD-246711 BBAS-ORD-439357 BATCH-BBAS-4438,176152,3523,0,0,172629,INR,2026-08-14T09:49:00Z,BATCH-BBAS-4438
PO_B12_004439,Cashfree Escrow,MYNT-INV-524851 PO_B12_004439,298680,6162,0,0,292518,INR,2026-08-14T19:12:00Z,BATCH-MYNT-4439
PO_B12_004440,Razorpay Nodal,SWIG-INV-593798 PO_B12_004440,294832,4772,0,0,290060,INR,2026-08-14T12:42:00Z,BATCH-SWIG-4440
PO_B12_004441,Stripe India,PHNP-INV-966226 PO_B12_004441,222998,4856,0,0,218142,INR,2026-08-13T23:10:00Z,BATCH-PHNP-4441
PO_B12_004442,Cashfree Escrow,UBER-INV-856859 PO_B12_004442,51552,1223,0,0,50329,INR,2026-08-14T23:45:00Z,BATCH-UBER-4442
PO_B12_004443,Cashfree Escrow,BBAS-ORD-467145 BBAS-ORD-220511 BATCH-BBAS-4443,357203,7144,0,0,350059,INR,2026-08-14T20:13:00Z,BATCH-BBAS-4443
PO_B12_004444,Stripe India,AMZN-INV-922107 PO_B12_004444,369008,6666,0,0,362342,INR,2026-08-14T03:28:00Z,BATCH-AMZN-4444
PO_B12_004445,PayU Enterprise,ZOMA-INV-677708 PO_B12_004445,328685,7808,0,0,320877,INR,2026-08-14T10:46:00Z,BATCH-ZOMA-4445
PO_B12_004446,BillDesk Settlement,SWIG-INV-144555 PO_B12_004446,357640,7813,0,0,349827,INR,2026-08-14T10:51:00Z,BATCH-SWIG-4446
PO_B12_004447,PayU Enterprise,TATA-ORD-597787 TATA-ORD-855745 TATA-ORD-700545 BATCH-TATA-4447,245517,4910,0,0,240607,INR,2026-08-14T04:20:00Z,BATCH-TATA-4447
PO_B12_004448,Razorpay Nodal,PHNP-INV-616542 PO_B12_004448,205292,4116,0,0,201176,INR,2026-08-14T06:36:00Z,BATCH-PHNP-4448
PO_B12_004449,Razorpay Nodal,MYNT-INV-645785 PO_B12_004449,129979,2843,0,0,127136,INR,2026-08-14T00:22:00Z,BATCH-MYNT-4449
PO_B12_004450,Razorpay Nodal,SWIG-INV-342501 PO_B12_004450,150923,3604,0,0,147319,INR,2026-08-14T05:37:00Z,BATCH-SWIG-4450
PO_B12_004451,Stripe India,FLPK-INV-237466 PO_B12_004451,158998,3735,0,0,155263,INR,2026-08-14T16:00:00Z,BATCH-FLPK-4451
PO_B12_004452,BillDesk Settlement,MYNT-ORD-138934 MYNT-ORD-120549 BATCH-MYNT-4452,289413,5788,0,0,283625,INR,2026-08-14T19:22:00Z,BATCH-MYNT-4452
PO_B12_004453,Razorpay Nodal,BKMS-INV-556655 PO_B12_004453,382220,7819,0,0,374401,INR,2026-08-13T18:41:00Z,BATCH-BKMS-4453
PO_B12_004454,BillDesk Settlement,JIOO-INV-112926 PO_B12_004454,326727,5925,0,0,320802,INR,2026-08-13T19:18:00Z,BATCH-JIOO-4454
PO_B12_004455,PayU Enterprise,MYNT-ORD-561365 MYNT-ORD-289432 MYNT-ORD-827026 BATCH-MYNT-4455,406138,8122,0,0,398016,INR,2026-08-14T00:55:00Z,BATCH-MYNT-4455
PO_B12_004456,Razorpay Nodal,BKMS-ORD-222517 BKMS-ORD-292756 BATCH-BKMS-4456,441542,8830,0,0,432712,INR,2026-08-14T15:38:00Z,BATCH-BKMS-4456
PO_B12_004457,PayU Enterprise,FLPK-INV-780246 PO_B12_004457,75794,1409,0,0,74385,INR,2026-08-14T12:21:00Z,BATCH-FLPK-4457
PO_B12_004458,Cashfree Escrow,TATA-INV-342842 PO_B12_004458,318111,7749,0,0,310362,INR,2026-08-14T07:00:00Z,BATCH-TATA-4458
PO_B12_004459,Cashfree Escrow,UBER-INV-466664 PO_B12_004459,320011,5683,0,0,314328,INR,2026-08-14T14:09:00Z,BATCH-UBER-4459
PO_B12_004460,Cashfree Escrow,MMTR-INV-102697 PO_B12_004460,197371,4452,0,0,192919,INR,2026-08-14T15:16:00Z,BATCH-MMTR-4460
PO_B12_004461,Stripe India,PAYT-INV-651994 PO_B12_004461,87171,2124,0,0,85047,INR,2026-08-13T22:29:00Z,BATCH-PAYT-4461
PO_B12_004462,Stripe India,AMZN-ORD-124160 AMZN-ORD-958960 AMZN-ORD-988521 BATCH-AMZN-4462,474121,9482,0,0,464639,INR,2026-08-14T17:12:00Z,BATCH-AMZN-4462
PO_B12_004463,Stripe India,JIOO-INV-798167 PO_B12_004463,203796,4536,0,0,199260,INR,2026-08-14T09:15:00Z,BATCH-JIOO-4463
PO_B12_004464,PayU Enterprise,JIOO-ORD-305925 JIOO-ORD-357118 BATCH-JIOO-4464,288675,5773,0,0,282902,INR,2026-08-14T12:12:00Z,BATCH-JIOO-4464
PO_B12_004465,Stripe India,UBER-INV-841010 PO_B12_004465,176110,4392,0,0,171718,INR,2026-08-14T17:54:00Z,BATCH-UBER-4465
PO_B12_004466,Cashfree Escrow,ZOMA-ORD-122623 ZOMA-ORD-137078 BATCH-ZOMA-4466,312279,6245,0,0,306034,INR,2026-08-14T16:19:00Z,BATCH-ZOMA-4466
PO_B12_004467,Stripe India,TATA-ORD-392444 TATA-ORD-896588 TATA-ORD-759458 BATCH-TATA-4467,366527,7330,0,0,359197,INR,2026-08-14T02:02:00Z,BATCH-TATA-4467
PO_B12_004468,BillDesk Settlement,PHNP-INV-337113 PO_B12_004468,272576,6379,0,0,266197,INR,2026-08-14T09:43:00Z,BATCH-PHNP-4468
PO_B12_004469,BillDesk Settlement,PHNP-INV-987167 PO_B12_004469,414863,10177,0,0,404686,INR,2026-08-14T02:38:00Z,BATCH-PHNP-4469
PO_B12_004470,Cashfree Escrow,SWIG-INV-542007 PO_B12_004470,330563,4992,0,0,325571,INR,2026-08-13T18:40:00Z,BATCH-SWIG-4470
PO_B12_004471,Razorpay Nodal,ZOMA-INV-740971 PO_B12_004471,436957,9015,0,0,427942,INR,2026-08-14T09:36:00Z,BATCH-ZOMA-4471
PO_B12_004472,Cashfree Escrow,MMTR-INV-757713 PO_B12_004472,384234,5781,0,0,378453,INR,2026-08-14T06:39:00Z,BATCH-MMTR-4472
PO_B12_004473,Cashfree Escrow,PAYT-ORD-868564 PAYT-ORD-480383 BATCH-PAYT-4473,215138,4302,0,0,210836,INR,2026-08-14T05:25:00Z,BATCH-PAYT-4473
PO_B12_004474,Stripe India,SWIG-INV-703306 PO_B12_004474,237394,5819,0,0,231575,INR,2026-08-15T01:45:00Z,BATCH-SWIG-4474
PO_B12_004475,Stripe India,MMTR-INV-618446 PO_B12_004475,44613,793,0,0,43820,INR,2026-08-14T13:06:00Z,BATCH-MMTR-4475
PO_B12_004476,Cashfree Escrow,PAYT-INV-695053 PO_B12_004476,251677,4350,0,0,247327,INR,2026-08-14T21:10:00Z,BATCH-PAYT-4476
PO_B12_004477,PayU Enterprise,NYKA-INV-146483 PO_B12_004477,25248,434,0,0,24814,INR,2026-08-13T18:58:00Z,BATCH-NYKA-4477
PO_B12_004478,Cashfree Escrow,MMTR-ORD-229007 MMTR-ORD-334648 BATCH-MMTR-4478,282408,5648,0,0,276760,INR,2026-08-13T23:01:00Z,BATCH-MMTR-4478
PO_B12_004479,PayU Enterprise,FLPK-INV-974269 PO_B12_004479,183374,4422,0,0,178952,INR,2026-08-13T22:18:00Z,BATCH-FLPK-4479
PO_B12_004480,Cashfree Escrow,UBER-INV-789468 PO_B12_004480,217802,3405,0,0,214397,INR,2026-08-14T11:39:00Z,BATCH-UBER-4480
PO_B12_004481,Razorpay Nodal,BKMS-ORD-469986 BKMS-ORD-705532 BKMS-ORD-165178 BATCH-BKMS-4481,175344,3506,0,0,171838,INR,2026-08-14T13:04:00Z,BATCH-BKMS-4481
PO_B12_004482,BillDesk Settlement,JIOO-ORD-938021 JIOO-ORD-937727 BATCH-JIOO-4482,117431,2348,0,0,115083,INR,2026-08-14T07:11:00Z,BATCH-JIOO-4482
PO_B12_004483,PayU Enterprise,MMTR-ORD-494085 MMTR-ORD-568199 BATCH-MMTR-4483,462249,9244,0,0,453005,INR,2026-08-14T15:35:00Z,BATCH-MMTR-4483
PO_B12_004484,BillDesk Settlement,SWIG-ORD-668058 SWIG-ORD-145628 SWIG-ORD-743958 BATCH-SWIG-4484,341765,6835,0,0,334930,INR,2026-08-14T02:56:00Z,BATCH-SWIG-4484
PO_B12_004485,BillDesk Settlement,SWIG-INV-994937 PO_B12_004485,41225,837,0,0,40388,INR,2026-08-13T20:20:00Z,BATCH-SWIG-4485
PO_B12_004486,BillDesk Settlement,BBAS-INV-263475 PO_B12_004486,299955,6149,0,0,293806,INR,2026-08-13T23:05:00Z,BATCH-BBAS-4486
PO_B12_004487,Cashfree Escrow,AMZN-INV-432964 PO_B12_004487,294048,6587,0,0,287461,INR,2026-08-13T19:05:00Z,BATCH-AMZN-4487
PO_B12_004488,PayU Enterprise,BBAS-ORD-800284 BBAS-ORD-409963 BBAS-ORD-732385 BATCH-BBAS-4488,213699,4273,0,0,209426,INR,2026-08-14T04:07:00Z,BATCH-BBAS-4488
PO_B12_004489,Stripe India,MYNT-ORD-639416 MYNT-ORD-819544 MYNT-ORD-300706 BATCH-MYNT-4489,412333,8246,0,0,404087,INR,2026-08-14T12:49:00Z,BATCH-MYNT-4489
PO_B12_004490,Cashfree Escrow,FLPK-INV-660829 PO_B12_004490,137945,3305,0,0,134640,INR,2026-08-14T00:56:00Z,BATCH-FLPK-4490
PO_B12_004491,Stripe India,OLAA-INV-741998 PO_B12_004491,301200,6687,0,0,294513,INR,2026-08-14T16:04:00Z,BATCH-OLAA-4491
PO_B12_004492,Razorpay Nodal,PHNP-INV-687490 PO_B12_004492,215482,4848,0,0,210634,INR,2026-08-14T01:20:00Z,BATCH-PHNP-4492
PO_B12_004493,BillDesk Settlement,OLAA-INV-257969 PO_B12_004493,439089,6706,0,0,432383,INR,2026-08-14T10:10:00Z,BATCH-OLAA-4493
PO_B12_004494,Razorpay Nodal,UBER-INV-687917 PO_B12_004494,29004,694,0,0,28310,INR,2026-08-14T07:48:00Z,BATCH-UBER-4494
PO_B12_004495,BillDesk Settlement,NYKA-ORD-587546 NYKA-ORD-530852 NYKA-ORD-200245 BATCH-NYKA-4495,365224,7304,0,0,357920,INR,2026-08-14T08:17:00Z,BATCH-NYKA-4495
PO_B12_004496,PayU Enterprise,BLNK-ORD-479929 BLNK-ORD-331405 BLNK-ORD-952351 BATCH-BLNK-4496,312968,6259,0,0,306709,INR,2026-08-14T10:51:00Z,BATCH-BLNK-4496
PO_B12_004497,PayU Enterprise,SWIG-INV-147841 PO_B12_004497,288337,4785,0,0,283552,INR,2026-08-14T15:22:00Z,BATCH-SWIG-4497
PO_B12_004498,PayU Enterprise,FLPK-INV-681927 PO_B12_004498,388460,6262,0,0,382198,INR,2026-08-14T19:11:00Z,BATCH-FLPK-4498
PO_B12_004499,Razorpay Nodal,TATA-INV-852395 PO_B12_004499,260384,6057,0,0,254327,INR,2026-08-14T18:20:00Z,BATCH-TATA-4499
PO_B12_004500,Razorpay Nodal,FLPK-ORD-974838 FLPK-ORD-272692 FLPK-ORD-760931 BATCH-FLPK-4500,553821,11076,0,0,542745,INR,2026-08-14T20:56:00Z,BATCH-FLPK-4500
PO_B12_004501,BillDesk Settlement,BBAS-ORD-688571 BBAS-ORD-642427 BBAS-ORD-925069 BATCH-BBAS-4501,363272,7265,0,0,356007,INR,2026-08-14T05:38:00Z,BATCH-BBAS-4501
PO_B12_004502,Stripe India,OLAA-INV-274631 PO_B12_004502,120455,2432,0,0,118023,INR,2026-08-14T04:53:00Z,BATCH-OLAA-4502
PO_B12_004503,Cashfree Escrow,PHNP-INV-699899 PO_B12_004503,265791,4241,0,0,261550,INR,2026-08-14T21:33:00Z,BATCH-PHNP-4503
PO_B12_004504,Razorpay Nodal,MYNT-INV-145598 PO_B12_004504,298301,6322,0,0,291979,INR,2026-08-14T04:52:00Z,BATCH-MYNT-4504
PO_B12_004505,BillDesk Settlement,UBER-INV-147288 PO_B12_004505,376956,8431,0,0,368525,INR,2026-08-14T02:31:00Z,BATCH-UBER-4505
PO_B12_004506,Stripe India,PHNP-INV-550882 PO_B12_004506,313134,7743,0,0,305391,INR,2026-08-14T11:02:00Z,BATCH-PHNP-4506
PO_B12_004507,PayU Enterprise,UBER-INV-614804 PO_B12_004507,378284,5976,0,0,372308,INR,2026-08-14T19:22:00Z,BATCH-UBER-4507
PO_B12_004508,PayU Enterprise,NYKA-INV-381632 PO_B12_004508,420170,9735,0,0,410435,INR,2026-08-14T13:02:00Z,BATCH-NYKA-4508
PO_B12_004509,PayU Enterprise,AMZN-EXC-783831-UNRESOLVED,163263,3255,0,0,160008,INR,2026-08-14T10:13:00Z,HOLD-ESCROW
PO_B12_004510,Stripe India,BKMS-INV-705548 PO_B12_004510,211049,4104,0,0,206945,INR,2026-08-14T02:00:00Z,BATCH-BKMS-4510
PO_B12_004511,Cashfree Escrow,TATA-ORD-785190 TATA-ORD-195378 BATCH-TATA-4511,366100,7322,0,0,358778,INR,2026-08-13T23:59:00Z,BATCH-TATA-4511
PO_B12_004512,Razorpay Nodal,UBER-INV-877288 PO_B12_004512,203171,3128,0,0,200043,INR,2026-08-14T17:48:00Z,BATCH-UBER-4512
PO_B12_004513,Stripe India,UBER-INV-735753 PO_B12_004513,175618,2787,0,0,172831,INR,2026-08-14T08:19:00Z,BATCH-UBER-4513
PO_B12_004514,Razorpay Nodal,JIOO-ORD-881932 JIOO-ORD-675521 BATCH-JIOO-4514,268483,5369,0,0,263114,INR,2026-08-14T20:54:00Z,BATCH-JIOO-4514
PO_B12_004515,BillDesk Settlement,MYNT-INV-821840 PO_B12_004515,59148,1323,0,0,57825,INR,2026-08-14T00:10:00Z,BATCH-MYNT-4515
PO_B12_004516,PayU Enterprise,MYNT-INV-833207 PO_B12_004516,172723,2909,0,0,169814,INR,2026-08-13T21:45:00Z,BATCH-MYNT-4516
PO_B12_004517,Cashfree Escrow,UBER-EXC-368013-UNRESOLVED,227097,4531,0,0,222566,INR,2026-08-14T10:37:00Z,HOLD-ESCROW
PO_B12_004518,Stripe India,SWIG-INV-874736 PO_B12_004518,359463,8924,0,0,350539,INR,2026-08-14T01:05:00Z,BATCH-SWIG-4518
PO_B12_004519,PayU Enterprise,BKMS-INV-916855 PO_B12_004519,194234,3348,0,0,190886,INR,2026-08-14T17:24:00Z,BATCH-BKMS-4519
PO_B12_004520,Stripe India,BLNK-INV-521185 PO_B12_004520,264242,4408,0,0,259834,INR,2026-08-14T07:07:00Z,BATCH-BLNK-4520
PO_B12_004521,Razorpay Nodal,BKMS-INV-829091 PO_B12_004521,414310,6326,0,0,407984,INR,2026-08-14T01:01:00Z,BATCH-BKMS-4521
PO_B12_004522,Razorpay Nodal,JIOO-INV-966333 PO_B12_004522,387136,7710,0,0,379426,INR,2026-08-14T06:40:00Z,BATCH-JIOO-4522
PO_B12_004523,Stripe India,PAYT-INV-172029 PO_B12_004523,262200,6199,0,0,256001,INR,2026-08-14T21:44:00Z,BATCH-PAYT-4523
PO_B12_004524,BillDesk Settlement,SWIG-INV-594626 PO_B12_004524,42507,926,0,0,41581,INR,2026-08-14T14:38:00Z,BATCH-SWIG-4524
PO_B12_004525,Razorpay Nodal,PHNP-EXC-604285-UNRESOLVED,212432,4238,0,0,208194,INR,2026-08-15T04:34:00Z,HOLD-ESCROW
PO_B12_004526,Razorpay Nodal,MYNT-INV-665441 PO_B12_004526,122295,1838,0,0,120457,INR,2026-08-14T06:45:00Z,BATCH-MYNT-4526
PO_B12_004527,BillDesk Settlement,AMZN-INV-770246 PO_B12_004527,441321,8984,0,0,432337,INR,2026-08-14T13:29:00Z,BATCH-AMZN-4527
PO_B12_004528,Razorpay Nodal,ZOMA-INV-776879 PO_B12_004528,67591,1277,0,0,66314,INR,2026-08-14T14:00:00Z,BATCH-ZOMA-4528
PO_B12_004529,BillDesk Settlement,PAYT-ORD-516256 PAYT-ORD-358952 BATCH-PAYT-4529,146425,2928,0,0,143497,INR,2026-08-14T05:24:00Z,BATCH-PAYT-4529
PO_B12_004530,BillDesk Settlement,OLAA-EXC-793200-UNRESOLVED,152173,3033,0,0,149140,INR,2026-08-15T07:48:00Z,HOLD-ESCROW
PO_B12_004531,Cashfree Escrow,AMZN-INV-892407 PO_B12_004531,449259,10666,0,0,438593,INR,2026-08-14T14:31:00Z,BATCH-AMZN-4531
PO_B12_004532,Razorpay Nodal,AMZN-EXC-982847-UNRESOLVED,99942,1988,0,0,97954,INR,2026-08-14T09:50:00Z,HOLD-ESCROW
PO_B12_004533,Stripe India,TATA-EXC-119519-UNRESOLVED,218662,4363,0,0,214299,INR,2026-08-14T19:21:00Z,HOLD-ESCROW
PO_B12_004534,Razorpay Nodal,PAYT-INV-326492 PO_B12_004534,177862,3554,0,0,174308,INR,2026-08-14T08:54:00Z,BATCH-PAYT-4534
PO_B12_004535,Stripe India,AMZN-INV-456455 PO_B12_004535,142719,2168,0,0,140551,INR,2026-08-14T18:37:00Z,BATCH-AMZN-4535
PO_B12_004536,BillDesk Settlement,BLNK-INV-997363 PO_B12_004536,316842,5640,0,0,311202,INR,2026-08-14T00:23:00Z,BATCH-BLNK-4536
PO_B12_004537,PayU Enterprise,AMZN-INV-830596 PO_B12_004537,269641,6660,0,0,262981,INR,2026-08-14T09:32:00Z,BATCH-AMZN-4537
PO_B12_004538,BillDesk Settlement,MMTR-INV-362344 PO_B12_004538,389867,6655,0,0,383212,INR,2026-08-13T22:11:00Z,BATCH-MMTR-4538
PO_B12_004539,Stripe India,NYKA-ORD-403124 NYKA-ORD-457073 NYKA-ORD-597082 BATCH-NYKA-4539,563299,11265,0,0,552034,INR,2026-08-14T03:56:00Z,BATCH-NYKA-4539
PO_B12_004540,Stripe India,JIOO-INV-755474 PO_B12_004540,378016,7526,0,0,370490,INR,2026-08-14T11:26:00Z,BATCH-JIOO-4540
PO_B12_004541,Razorpay Nodal,NYKA-EXC-127257-UNRESOLVED,142786,2845,0,0,139941,INR,2026-08-14T15:07:00Z,HOLD-ESCROW
PO_B12_004542,PayU Enterprise,PAYT-INV-742501 PO_B12_004542,170663,2957,0,0,167706,INR,2026-08-14T00:43:00Z,BATCH-PAYT-4542
PO_B12_004543,Razorpay Nodal,PAYT-INV-350539 PO_B12_004543,200944,4758,0,0,196186,INR,2026-08-14T04:07:00Z,BATCH-PAYT-4543
PO_B12_004544,Stripe India,MMTR-INV-479032 PO_B12_004544,138712,3083,0,0,135629,INR,2026-08-14T04:28:00Z,BATCH-MMTR-4544
PO_B12_004545,Stripe India,PAYT-ORD-295841 PAYT-ORD-263578 PAYT-ORD-145099 BATCH-PAYT-4545,160719,3214,0,0,157505,INR,2026-08-14T01:43:00Z,BATCH-PAYT-4545
PO_B12_004546,Cashfree Escrow,ZOMA-ORD-402864 ZOMA-ORD-502240 ZOMA-ORD-338378 BATCH-ZOMA-4546,234025,4680,0,0,229345,INR,2026-08-14T11:59:00Z,BATCH-ZOMA-4546
PO_B12_004547,Stripe India,OLAA-ORD-203069 OLAA-ORD-438787 OLAA-ORD-160516 BATCH-OLAA-4547,188499,3769,0,0,184730,INR,2026-08-14T10:29:00Z,BATCH-OLAA-4547
PO_B12_004548,PayU Enterprise,NYKA-INV-289165 PO_B12_004548,161137,2916,0,0,158221,INR,2026-08-14T11:28:00Z,BATCH-NYKA-4548
PO_B12_004549,BillDesk Settlement,FLPK-INV-729210 PO_B12_004549,435029,8235,0,0,426794,INR,2026-08-14T11:24:00Z,BATCH-FLPK-4549
PO_B12_004550,Razorpay Nodal,PAYT-INV-349914 PO_B12_004550,421064,6712,0,0,414352,INR,2026-08-14T18:24:00Z,BATCH-PAYT-4550
PO_B12_004551,Razorpay Nodal,BBAS-ORD-761027 BBAS-ORD-779297 BBAS-ORD-202846 BATCH-BBAS-4551,275773,5515,0,0,270258,INR,2026-08-14T09:15:00Z,BATCH-BBAS-4551
PO_B12_004552,PayU Enterprise,UBER-ORD-642820 UBER-ORD-122051 BATCH-UBER-4552,305771,6115,0,0,299656,INR,2026-08-14T03:51:00Z,BATCH-UBER-4552
PO_B12_004553,Stripe India,SWIG-INV-848457 PO_B12_004553,170512,2655,0,0,167857,INR,2026-08-14T09:10:00Z,BATCH-SWIG-4553
PO_B12_004554,PayU Enterprise,UBER-INV-334968 PO_B12_004554,101509,2128,0,0,99381,INR,2026-08-14T02:11:00Z,BATCH-UBER-4554
PO_B12_004555,Cashfree Escrow,TATA-INV-635442 PO_B12_004555,365432,5668,0,0,359764,INR,2026-08-14T13:22:00Z,BATCH-TATA-4555
PO_B12_004556,PayU Enterprise,SWIG-INV-185685 PO_B12_004556,302784,4779,0,0,298005,INR,2026-08-14T10:00:00Z,BATCH-SWIG-4556
PO_B12_004557,PayU Enterprise,SWIG-INV-716122 PO_B12_004557,427308,7034,0,0,420274,INR,2026-08-14T08:02:00Z,BATCH-SWIG-4557
PO_B12_004558,Cashfree Escrow,BKMS-INV-784931 PO_B12_004558,99036,1536,0,0,97500,INR,2026-08-14T07:22:00Z,BATCH-BKMS-4558
PO_B12_004559,BillDesk Settlement,ZOMA-INV-981713 PO_B12_004559,236463,4685,0,0,231778,INR,2026-08-13T20:08:00Z,BATCH-ZOMA-4559
PO_B12_004560,Cashfree Escrow,AMZN-INV-674444 PO_B12_004560,51921,1104,0,0,50817,INR,2026-08-14T04:07:00Z,BATCH-AMZN-4560
PO_B12_004561,Razorpay Nodal,FLPK-INV-293770 PO_B12_004561,305839,6367,0,0,299472,INR,2026-08-13T23:23:00Z,BATCH-FLPK-4561
PO_B12_004562,BillDesk Settlement,MMTR-ORD-134937 MMTR-ORD-649521 BATCH-MMTR-4562,130611,2612,0,0,127999,INR,2026-08-14T14:48:00Z,BATCH-MMTR-4562
PO_B12_004563,PayU Enterprise,BLNK-ORD-560355 BLNK-ORD-348951 BLNK-ORD-453317 BATCH-BLNK-4563,415615,8312,0,0,407303,INR,2026-08-14T05:15:00Z,BATCH-BLNK-4563
PO_B12_004564,Cashfree Escrow,BBAS-ORD-950893 BBAS-ORD-740725 BATCH-BBAS-4564,351382,7027,0,0,344355,INR,2026-08-14T17:08:00Z,BATCH-BBAS-4564
PO_B12_004565,PayU Enterprise,PHNP-INV-351402 PO_B12_004565,228557,4611,0,0,223946,INR,2026-08-14T04:36:00Z,BATCH-PHNP-4565
PO_B12_004566,Stripe India,MYNT-INV-236583 PO_B12_004566,174821,3566,0,0,171255,INR,2026-08-14T14:51:00Z,BATCH-MYNT-4566
PO_B12_004567,Cashfree Escrow,ZOMA-INV-885937 PO_B12_004567,388214,8332,0,0,379882,INR,2026-08-14T04:45:00Z,BATCH-ZOMA-4567
PO_B12_004568,BillDesk Settlement,SWIG-ORD-654421 SWIG-ORD-721804 BATCH-SWIG-4568,135016,2700,0,0,132316,INR,2026-08-14T06:11:00Z,BATCH-SWIG-4568
PO_B12_004569,BillDesk Settlement,TATA-INV-150713 PO_B12_004569,294237,5676,0,0,288561,INR,2026-08-14T03:49:00Z,BATCH-TATA-4569
PO_B12_004570,Stripe India,TATA-INV-713440 PO_B12_004570,308296,7372,0,0,300924,INR,2026-08-13T15:27:00Z,BATCH-TATA-4570
PO_B12_004571,Stripe India,AMZN-ORD-100561 AMZN-ORD-596901 BATCH-AMZN-4571,282744,5654,0,0,277090,INR,2026-08-14T03:50:00Z,BATCH-AMZN-4571
PO_B12_004572,Stripe India,TATA-INV-798503 PO_B12_004572,80513,1249,0,0,79264,INR,2026-08-14T00:55:00Z,BATCH-TATA-4572
PO_B12_004573,Razorpay Nodal,MYNT-ORD-589354 MYNT-ORD-773382 MYNT-ORD-902635 BATCH-MYNT-4573,271921,5438,0,0,266483,INR,2026-08-14T18:04:00Z,BATCH-MYNT-4573
PO_B12_004574,BillDesk Settlement,BKMS-INV-334584 PO_B12_004574,153768,3217,0,0,150551,INR,2026-08-14T10:34:00Z,BATCH-BKMS-4574
PO_B12_004575,Cashfree Escrow,BBAS-INV-476120 PO_B12_004575,232315,5683,0,0,226632,INR,2026-08-14T17:10:00Z,BATCH-BBAS-4575
PO_B12_004576,Cashfree Escrow,UBER-EXC-901836-UNRESOLVED,198531,3960,0,0,194571,INR,2026-08-14T13:34:00Z,HOLD-ESCROW
PO_B12_004577,Cashfree Escrow,BLNK-INV-739672 PO_B12_004577,57150,931,0,0,56219,INR,2026-08-14T16:20:00Z,BATCH-BLNK-4577
PO_B12_004578,Stripe India,ZOMA-INV-241124 PO_B12_004578,157634,2511,0,0,155123,INR,2026-08-14T06:37:00Z,BATCH-ZOMA-4578
PO_B12_004579,Razorpay Nodal,JIOO-ORD-646855 JIOO-ORD-759588 BATCH-JIOO-4579,347469,6949,0,0,340520,INR,2026-08-14T09:00:00Z,BATCH-JIOO-4579
PO_B12_004580,Cashfree Escrow,BBAS-ORD-586208 BBAS-ORD-540227 BATCH-BBAS-4580,76331,1526,0,0,74805,INR,2026-08-14T10:55:00Z,BATCH-BBAS-4580
PO_B12_004581,Stripe India,TATA-INV-505705 PO_B12_004581,351920,8306,0,0,343614,INR,2026-08-13T20:56:00Z,BATCH-TATA-4581
PO_B12_004582,BillDesk Settlement,PHNP-INV-853561 PO_B12_004582,108730,1963,0,0,106767,INR,2026-08-14T09:58:00Z,BATCH-PHNP-4582
PO_B12_004583,Razorpay Nodal,NYKA-INV-115671 PO_B12_004583,380931,8198,0,0,372733,INR,2026-08-14T05:53:00Z,BATCH-NYKA-4583
PO_B12_004584,Stripe India,ZOMA-EXC-782658-UNRESOLVED,284982,5689,0,0,279293,INR,2026-08-14T13:51:00Z,HOLD-ESCROW
PO_B12_004585,BillDesk Settlement,PHNP-INV-213336 PO_B12_004585,415199,7335,0,0,407864,INR,2026-08-13T21:05:00Z,BATCH-PHNP-4585
PO_B12_004586,Stripe India,MYNT-ORD-731359 MYNT-ORD-698061 BATCH-MYNT-4586,289022,5780,0,0,283242,INR,2026-08-14T08:17:00Z,BATCH-MYNT-4586
PO_B12_004587,Stripe India,UBER-ORD-328949 UBER-ORD-800592 UBER-ORD-425652 BATCH-UBER-4587,384780,7695,0,0,377085,INR,2026-08-14T14:14:00Z,BATCH-UBER-4587
PO_B12_004588,Stripe India,BKMS-INV-157350 PO_B12_004588,64779,1138,0,0,63641,INR,2026-08-13T23:17:00Z,BATCH-BKMS-4588
PO_B12_004589,BillDesk Settlement,UBER-INV-320818 PO_B12_004589,249602,4516,0,0,245086,INR,2026-08-14T04:17:00Z,BATCH-UBER-4589
PO_B12_004590,Stripe India,PHNP-INV-293927 PO_B12_004590,292207,5696,0,0,286511,INR,2026-08-14T04:41:00Z,BATCH-PHNP-4590
PO_B12_004591,BillDesk Settlement,SWIG-INV-957302 PO_B12_004591,425481,9398,0,0,416083,INR,2026-08-14T12:45:00Z,BATCH-SWIG-4591
PO_B12_004592,Cashfree Escrow,OLAA-ORD-290151 OLAA-ORD-619312 BATCH-OLAA-4592,172438,3448,0,0,168990,INR,2026-08-14T00:55:00Z,BATCH-OLAA-4592
PO_B12_004593,Razorpay Nodal,MMTR-INV-187740 PO_B12_004593,120130,2300,0,0,117830,INR,2026-08-14T17:24:00Z,BATCH-MMTR-4593
PO_B12_004594,Stripe India,FLPK-ORD-917830 FLPK-ORD-390034 BATCH-FLPK-4594,345323,6906,0,0,338417,INR,2026-08-13T23:36:00Z,BATCH-FLPK-4594
PO_B12_004595,BillDesk Settlement,FLPK-INV-757354 PO_B12_004595,307324,4754,0,0,302570,INR,2026-08-14T02:01:00Z,BATCH-FLPK-4595
PO_B12_004596,BillDesk Settlement,MYNT-INV-787242 PO_B12_004596,405123,8474,0,0,396649,INR,2026-08-14T03:48:00Z,BATCH-MYNT-4596
PO_B12_004597,PayU Enterprise,MMTR-INV-851379 PO_B12_004597,172384,3168,0,0,169216,INR,2026-08-14T04:33:00Z,BATCH-MMTR-4597
PO_B12_004598,Stripe India,NYKA-ORD-597779 NYKA-ORD-698045 BATCH-NYKA-4598,203973,4079,0,0,199894,INR,2026-08-14T02:20:00Z,BATCH-NYKA-4598
PO_B12_004599,PayU Enterprise,PAYT-INV-888526 PO_B12_004599,225104,3528,0,0,221576,INR,2026-08-14T15:25:00Z,BATCH-PAYT-4599
PO_B12_004600,Razorpay Nodal,ZOMA-ORD-902397 ZOMA-ORD-994124 ZOMA-ORD-155864 BATCH-ZOMA-4600,345284,6905,0,0,338379,INR,2026-08-14T12:20:00Z,BATCH-ZOMA-4600
PO_B12_004601,Stripe India,JIOO-ORD-838044 JIOO-ORD-534975 BATCH-JIOO-4601,430322,8606,0,0,421716,INR,2026-08-14T10:37:00Z,BATCH-JIOO-4601
PO_B12_004602,Cashfree Escrow,BLNK-ORD-318605 BLNK-ORD-930123 BATCH-BLNK-4602,230488,4609,0,0,225879,INR,2026-08-14T00:39:00Z,BATCH-BLNK-4602
PO_B12_004603,Razorpay Nodal,PHNP-INV-567279 PO_B12_004603,86819,2136,0,0,84683,INR,2026-08-14T12:20:00Z,BATCH-PHNP-4603
PO_B12_004604,Cashfree Escrow,PHNP-ORD-460680 PHNP-ORD-603072 BATCH-PHNP-4604,200891,4017,0,0,196874,INR,2026-08-14T14:30:00Z,BATCH-PHNP-4604
PO_B12_004605,PayU Enterprise,OLAA-INV-599740 PO_B12_004605,313316,6962,0,0,306354,INR,2026-08-14T12:15:00Z,BATCH-OLAA-4605
PO_B12_004606,Razorpay Nodal,BLNK-INV-434080 PO_B12_004606,157408,3569,0,0,153839,INR,2026-08-14T08:44:00Z,BATCH-BLNK-4606
PO_B12_004607,Cashfree Escrow,BLNK-EXC-695396-UNRESOLVED,118645,2362,0,0,116283,INR,2026-08-15T05:00:00Z,HOLD-ESCROW
PO_B12_004608,Cashfree Escrow,PHNP-INV-957041 PO_B12_004608,269678,6010,0,0,263668,INR,2026-08-13T16:11:00Z,BATCH-PHNP-4608
PO_B12_004609,Cashfree Escrow,JIOO-INV-504754 PO_B12_004609,207598,4783,0,0,202815,INR,2026-08-14T21:25:00Z,BATCH-JIOO-4609
PO_B12_004610,Stripe India,TATA-INV-463876 PO_B12_004610,102278,2370,0,0,99908,INR,2026-08-14T11:25:00Z,BATCH-TATA-4610
PO_B12_004611,PayU Enterprise,NYKA-ORD-176226 NYKA-ORD-671480 BATCH-NYKA-4611,289984,5799,0,0,284185,INR,2026-08-13T22:58:00Z,BATCH-NYKA-4611
PO_B12_004612,PayU Enterprise,MMTR-INV-228179 PO_B12_004612,33586,588,0,0,32998,INR,2026-08-14T07:21:00Z,BATCH-MMTR-4612
PO_B12_004613,Cashfree Escrow,TATA-INV-390249 PO_B12_004613,33390,775,0,0,32615,INR,2026-08-14T15:52:00Z,BATCH-TATA-4613
PO_B12_004614,BillDesk Settlement,BBAS-ORD-275656 BBAS-ORD-433646 BATCH-BBAS-4614,339808,6796,0,0,333012,INR,2026-08-14T08:40:00Z,BATCH-BBAS-4614
PO_B12_004615,Cashfree Escrow,OLAA-INV-700668 PO_B12_004615,267497,6399,0,0,261098,INR,2026-08-14T09:24:00Z,BATCH-OLAA-4615
PO_B12_004616,Razorpay Nodal,PAYT-INV-433255 PO_B12_004616,143873,2257,0,0,141616,INR,2026-08-14T13:25:00Z,BATCH-PAYT-4616
PO_B12_004617,Razorpay Nodal,BKMS-ORD-391695 BKMS-ORD-122183 BKMS-ORD-506422 BATCH-BKMS-4617,268983,5379,0,0,263604,INR,2026-08-14T16:01:00Z,BATCH-BKMS-4617
PO_B12_004618,PayU Enterprise,BKMS-INV-811078 PO_B12_004618,55274,1003,0,0,54271,INR,2026-08-14T05:25:00Z,BATCH-BKMS-4618
PO_B12_004619,Stripe India,TATA-ORD-700809 TATA-ORD-380215 TATA-ORD-703737 BATCH-TATA-4619,285533,5710,0,0,279823,INR,2026-08-14T10:24:00Z,BATCH-TATA-4619
PO_B12_004620,Stripe India,PHNP-INV-264584 PO_B12_004620,440998,10941,0,0,430057,INR,2026-08-14T10:52:00Z,BATCH-PHNP-4620
PO_B12_004621,Cashfree Escrow,PHNP-INV-729190 PO_B12_004621,167279,3742,0,0,163537,INR,2026-08-14T03:15:00Z,BATCH-PHNP-4621
PO_B12_004622,Cashfree Escrow,OLAA-INV-198212 PO_B12_004622,438315,10161,0,0,428154,INR,2026-08-14T12:34:00Z,BATCH-OLAA-4622
PO_B12_004623,Cashfree Escrow,JIOO-INV-799608 PO_B12_004623,176336,4136,0,0,172200,INR,2026-08-14T05:54:00Z,BATCH-JIOO-4623
PO_B12_004624,BillDesk Settlement,ZOMA-ORD-605730 ZOMA-ORD-718239 BATCH-ZOMA-4624,335315,6706,0,0,328609,INR,2026-08-14T08:35:00Z,BATCH-ZOMA-4624
PO_B12_004625,Cashfree Escrow,BBAS-INV-811036 PO_B12_004625,283634,5773,0,0,277861,INR,2026-08-14T15:27:00Z,BATCH-BBAS-4625
PO_B12_004626,Cashfree Escrow,OLAA-ORD-751611 OLAA-ORD-791409 BATCH-OLAA-4626,185722,3714,0,0,182008,INR,2026-08-14T20:53:00Z,BATCH-OLAA-4626
PO_B12_004627,Cashfree Escrow,AMZN-ORD-636777 AMZN-ORD-782909 AMZN-ORD-189432 BATCH-AMZN-4627,360818,7216,0,0,353602,INR,2026-08-14T08:28:00Z,BATCH-AMZN-4627
PO_B12_004628,Stripe India,OLAA-INV-234749 PO_B12_004628,214920,3467,0,0,211453,INR,2026-08-14T06:18:00Z,BATCH-OLAA-4628
PO_B12_004629,Stripe India,MYNT-INV-759323 PO_B12_004629,430598,7712,0,0,422886,INR,2026-08-14T09:14:00Z,BATCH-MYNT-4629
PO_B12_004630,Razorpay Nodal,BKMS-ORD-144440 BKMS-ORD-735091 BATCH-BKMS-4630,323380,6467,0,0,316913,INR,2026-08-14T17:14:00Z,BATCH-BKMS-4630
PO_B12_004631,Cashfree Escrow,UBER-INV-467679 PO_B12_004631,334061,7528,0,0,326533,INR,2026-08-14T21:18:00Z,BATCH-UBER-4631
PO_B12_004632,PayU Enterprise,SWIG-INV-300341 PO_B12_004632,347654,8049,0,0,339605,INR,2026-08-14T19:00:00Z,BATCH-SWIG-4632
PO_B12_004633,BillDesk Settlement,TATA-INV-795213 PO_B12_004633,407061,9140,0,0,397921,INR,2026-08-14T20:59:00Z,BATCH-TATA-4633
PO_B12_004634,Razorpay Nodal,AMZN-ORD-955665 AMZN-ORD-662605 AMZN-ORD-818675 BATCH-AMZN-4634,278765,5575,0,0,273190,INR,2026-08-14T07:05:00Z,BATCH-AMZN-4634
PO_B12_004635,Cashfree Escrow,BKMS-INV-788101 PO_B12_004635,257450,4794,0,0,252656,INR,2026-08-14T02:35:00Z,BATCH-BKMS-4635
PO_B12_004636,BillDesk Settlement,BLNK-ORD-183647 BLNK-ORD-665112 BATCH-BLNK-4636,346407,6928,0,0,339479,INR,2026-08-13T21:03:00Z,BATCH-BLNK-4636
PO_B12_004637,Cashfree Escrow,NYKA-INV-887533 PO_B12_004637,231509,4245,0,0,227264,INR,2026-08-14T05:52:00Z,BATCH-NYKA-4637
PO_B12_004638,PayU Enterprise,FLPK-INV-978118 PO_B12_004638,257963,3893,0,0,254070,INR,2026-08-14T13:03:00Z,BATCH-FLPK-4638
PO_B12_004639,Razorpay Nodal,MMTR-INV-892366 PO_B12_004639,71349,1752,0,0,69597,INR,2026-08-14T07:05:00Z,BATCH-MMTR-4639
PO_B12_004640,PayU Enterprise,MYNT-INV-142027 PO_B12_004640,67575,1148,0,0,66427,INR,2026-08-14T07:19:00Z,BATCH-MYNT-4640
PO_B12_004641,BillDesk Settlement,NYKA-EXC-970874-UNRESOLVED,269305,5376,0,0,263929,INR,2026-08-15T04:52:00Z,HOLD-ESCROW
PO_B12_004642,Razorpay Nodal,MMTR-INV-310083 PO_B12_004642,144654,2981,0,0,141673,INR,2026-08-14T11:59:00Z,BATCH-MMTR-4642
PO_B12_004643,BillDesk Settlement,BKMS-INV-353513 PO_B12_004643,62118,1482,0,0,60636,INR,2026-08-14T02:17:00Z,BATCH-BKMS-4643
PO_B12_004644,PayU Enterprise,UBER-INV-531885 PO_B12_004644,290622,6437,0,0,284185,INR,2026-08-14T12:19:00Z,BATCH-UBER-4644
PO_B12_004645,PayU Enterprise,AMZN-INV-397634 PO_B12_004645,141938,3426,0,0,138512,INR,2026-08-14T07:12:00Z,BATCH-AMZN-4645
PO_B12_004646,PayU Enterprise,NYKA-ORD-444029 NYKA-ORD-269465 BATCH-NYKA-4646,186860,3737,0,0,183123,INR,2026-08-14T20:07:00Z,BATCH-NYKA-4646
PO_B12_004647,Razorpay Nodal,MYNT-INV-885202 PO_B12_004647,58368,1177,0,0,57191,INR,2026-08-14T04:05:00Z,BATCH-MYNT-4647
PO_B12_004648,BillDesk Settlement,MMTR-INV-851094 PO_B12_004648,395084,8326,0,0,386758,INR,2026-08-14T11:21:00Z,BATCH-MMTR-4648
PO_B12_004649,Razorpay Nodal,BLNK-INV-146974 PO_B12_004649,408003,6817,0,0,401186,INR,2026-08-14T09:36:00Z,BATCH-BLNK-4649
PO_B12_004650,PayU Enterprise,JIOO-INV-686801 PO_B12_004650,204411,4991,0,0,199420,INR,2026-08-14T18:29:00Z,BATCH-JIOO-4650
PO_B12_004651,Razorpay Nodal,MMTR-ORD-913307 MMTR-ORD-895689 MMTR-ORD-226723 BATCH-MMTR-4651,539792,10795,0,0,528997,INR,2026-08-14T15:02:00Z,BATCH-MMTR-4651
PO_B12_004652,BillDesk Settlement,BLNK-INV-879315 PO_B12_004652,315094,6257,0,0,308837,INR,2026-08-14T10:43:00Z,BATCH-BLNK-4652
PO_B12_004653,Cashfree Escrow,NYKA-INV-708740 PO_B12_004653,425176,9572,0,0,415604,INR,2026-08-14T13:24:00Z,BATCH-NYKA-4653
PO_B12_004654,Cashfree Escrow,FLPK-INV-408524 PO_B12_004654,187156,3718,0,0,183438,INR,2026-08-14T11:25:00Z,BATCH-FLPK-4654
PO_B12_004655,PayU Enterprise,MYNT-ORD-485488 MYNT-ORD-578247 MYNT-ORD-880286 BATCH-MYNT-4655,258261,5165,0,0,253096,INR,2026-08-14T10:34:00Z,BATCH-MYNT-4655
PO_B12_004656,PayU Enterprise,BKMS-ORD-546189 BKMS-ORD-964970 BATCH-BKMS-4656,409605,8192,0,0,401413,INR,2026-08-14T01:37:00Z,BATCH-BKMS-4656
PO_B12_004657,Cashfree Escrow,NYKA-INV-730770 PO_B12_004657,106058,1615,0,0,104443,INR,2026-08-14T03:59:00Z,BATCH-NYKA-4657
PO_B12_004658,Razorpay Nodal,SWIG-INV-488505 PO_B12_004658,428800,7287,0,0,421513,INR,2026-08-14T13:26:00Z,BATCH-SWIG-4658
PO_B12_004659,Cashfree Escrow,BKMS-ORD-727715 BKMS-ORD-881644 BATCH-BKMS-4659,348866,6977,0,0,341889,INR,2026-08-14T19:51:00Z,BATCH-BKMS-4659
PO_B12_004660,Razorpay Nodal,SWIG-INV-498053 PO_B12_004660,366198,6074,0,0,360124,INR,2026-08-15T00:21:00Z,BATCH-SWIG-4660
PO_B12_004661,Stripe India,BKMS-INV-625390 PO_B12_004661,347083,6946,0,0,340137,INR,2026-08-13T22:13:00Z,BATCH-BKMS-4661
PO_B12_004662,PayU Enterprise,PAYT-INV-498519 PO_B12_004662,401881,8566,0,0,393315,INR,2026-08-14T04:43:00Z,BATCH-PAYT-4662
PO_B12_004663,PayU Enterprise,JIOO-ORD-514537 JIOO-ORD-834698 BATCH-JIOO-4663,241363,4827,0,0,236536,INR,2026-08-14T01:50:00Z,BATCH-JIOO-4663
PO_B12_004664,Stripe India,TATA-INV-605373 PO_B12_004664,413910,9247,0,0,404663,INR,2026-08-13T21:21:00Z,BATCH-TATA-4664
PO_B12_004665,Stripe India,TATA-INV-688224 PO_B12_004665,49432,1004,0,0,48428,INR,2026-08-13T15:19:00Z,BATCH-TATA-4665
PO_B12_004666,BillDesk Settlement,TATA-INV-902632 PO_B12_004666,412113,9005,0,0,403108,INR,2026-08-14T00:56:00Z,BATCH-TATA-4666
PO_B12_004667,Cashfree Escrow,BKMS-ORD-106174 BKMS-ORD-954450 BKMS-ORD-249400 BATCH-BKMS-4667,372016,7440,0,0,364576,INR,2026-08-14T01:56:00Z,BATCH-BKMS-4667
PO_B12_004668,Razorpay Nodal,BBAS-INV-466246 PO_B12_004668,386574,7008,0,0,379566,INR,2026-08-14T15:11:00Z,BATCH-BBAS-4668
PO_B12_004669,Stripe India,ZOMA-ORD-363325 ZOMA-ORD-499321 ZOMA-ORD-579907 BATCH-ZOMA-4669,393484,7869,0,0,385615,INR,2026-08-14T16:17:00Z,BATCH-ZOMA-4669
PO_B12_004670,Razorpay Nodal,JIOO-INV-777707 PO_B12_004670,272542,5422,0,0,267120,INR,2026-08-14T03:29:00Z,BATCH-JIOO-4670
PO_B12_004671,BillDesk Settlement,PHNP-INV-728985 PO_B12_004671,252890,6239,0,0,246651,INR,2026-08-14T00:40:00Z,BATCH-PHNP-4671
PO_B12_004672,PayU Enterprise,BKMS-ORD-148149 BKMS-ORD-727174 BATCH-BKMS-4672,290518,5810,0,0,284708,INR,2026-08-14T00:12:00Z,BATCH-BKMS-4672
PO_B12_004673,BillDesk Settlement,BKMS-INV-645194 PO_B12_004673,357287,6174,0,0,351113,INR,2026-08-14T06:43:00Z,BATCH-BKMS-4673
PO_B12_004674,Stripe India,PHNP-INV-360788 PO_B12_004674,173622,4272,0,0,169350,INR,2026-08-14T04:22:00Z,BATCH-PHNP-4674
PO_B12_004675,PayU Enterprise,TATA-INV-367815 PO_B12_004675,67310,1041,0,0,66269,INR,2026-08-14T18:22:00Z,BATCH-TATA-4675
PO_B12_004676,Razorpay Nodal,BBAS-INV-442197 PO_B12_004676,43753,811,0,0,42942,INR,2026-08-14T06:55:00Z,BATCH-BBAS-4676
PO_B12_004677,Razorpay Nodal,MMTR-INV-874943 PO_B12_004677,249654,4806,0,0,244848,INR,2026-08-13T20:07:00Z,BATCH-MMTR-4677
PO_B12_004678,Stripe India,MYNT-INV-954612 PO_B12_004678,346071,5406,0,0,340665,INR,2026-08-14T01:34:00Z,BATCH-MYNT-4678
PO_B12_004679,PayU Enterprise,AMZN-ORD-996786 AMZN-ORD-810162 AMZN-ORD-842221 BATCH-AMZN-4679,540128,10802,0,0,529326,INR,2026-08-14T01:03:00Z,BATCH-AMZN-4679
PO_B12_004680,Cashfree Escrow,FLPK-INV-898566 PO_B12_004680,88412,1827,0,0,86585,INR,2026-08-14T13:08:00Z,BATCH-FLPK-4680
PO_B12_004681,PayU Enterprise,JIOO-INV-468002 PO_B12_004681,236680,5049,0,0,231631,INR,2026-08-14T22:28:00Z,BATCH-JIOO-4681
PO_B12_004682,Razorpay Nodal,BBAS-ORD-948126 BBAS-ORD-562812 BBAS-ORD-332602 BATCH-BBAS-4682,321554,6431,0,0,315123,INR,2026-08-14T10:05:00Z,BATCH-BBAS-4682
PO_B12_004683,PayU Enterprise,ZOMA-INV-759369 PO_B12_004683,373483,7357,0,0,366126,INR,2026-08-14T09:58:00Z,BATCH-ZOMA-4683
PO_B12_004684,Cashfree Escrow,OLAA-INV-543831 PO_B12_004684,347204,5410,0,0,341794,INR,2026-08-14T13:10:00Z,BATCH-OLAA-4684
PO_B12_004685,Stripe India,MYNT-INV-479739 PO_B12_004685,399230,6952,0,0,392278,INR,2026-08-13T17:15:00Z,BATCH-MYNT-4685
PO_B12_004686,Cashfree Escrow,UBER-INV-775075 PO_B12_004686,288234,5004,0,0,283230,INR,2026-08-13T17:16:00Z,BATCH-UBER-4686
PO_B12_004687,BillDesk Settlement,AMZN-INV-220162 PO_B12_004687,284997,5062,0,0,279935,INR,2026-08-14T07:04:00Z,BATCH-AMZN-4687
PO_B12_004688,PayU Enterprise,BLNK-INV-950649 PO_B12_004688,123373,2871,0,0,120502,INR,2026-08-14T04:06:00Z,BATCH-BLNK-4688
PO_B12_004689,Razorpay Nodal,OLAA-INV-112252 PO_B12_004689,386856,6343,0,0,380513,INR,2026-08-14T00:16:00Z,BATCH-OLAA-4689
PO_B12_004690,BillDesk Settlement,PHNP-INV-369107 PO_B12_004690,64922,1395,0,0,63527,INR,2026-08-14T08:33:00Z,BATCH-PHNP-4690
PO_B12_004691,Razorpay Nodal,AMZN-INV-763033 PO_B12_004691,369725,9126,0,0,360599,INR,2026-08-14T23:05:00Z,BATCH-AMZN-4691
PO_B12_004692,Stripe India,AMZN-INV-946614 PO_B12_004692,139095,2973,0,0,136122,INR,2026-08-14T15:49:00Z,BATCH-AMZN-4692
PO_B12_004693,Razorpay Nodal,FLPK-INV-732543 PO_B12_004693,44032,1009,0,0,43023,INR,2026-08-13T21:41:00Z,BATCH-FLPK-4693
PO_B12_004694,Stripe India,BKMS-INV-953565 PO_B12_004694,217289,3267,0,0,214022,INR,2026-08-14T04:11:00Z,BATCH-BKMS-4694
PO_B12_004695,Cashfree Escrow,ZOMA-INV-851672 PO_B12_004695,290363,6196,0,0,284167,INR,2026-08-14T15:45:00Z,BATCH-ZOMA-4695
PO_B12_004696,Razorpay Nodal,MMTR-INV-447777 PO_B12_004696,273179,6636,0,0,266543,INR,2026-08-14T01:23:00Z,BATCH-MMTR-4696
PO_B12_004697,Razorpay Nodal,FLPK-ORD-487626 FLPK-ORD-269528 FLPK-ORD-613896 BATCH-FLPK-4697,554831,11096,0,0,543735,INR,2026-08-14T09:50:00Z,BATCH-FLPK-4697
PO_B12_004698,Razorpay Nodal,ZOMA-INV-813603 PO_B12_004698,230740,4862,0,0,225878,INR,2026-08-14T16:30:00Z,BATCH-ZOMA-4698
PO_B12_004699,Stripe India,MMTR-INV-109104 PO_B12_004699,312737,5279,0,0,307458,INR,2026-08-14T02:36:00Z,BATCH-MMTR-4699
PO_B12_004700,PayU Enterprise,ZOMA-INV-246333 PO_B12_004700,124675,2313,0,0,122362,INR,2026-08-14T10:22:00Z,BATCH-ZOMA-4700
PO_B12_004701,Stripe India,BBAS-INV-158552 PO_B12_004701,157292,2782,0,0,154510,INR,2026-08-14T11:30:00Z,BATCH-BBAS-4701
PO_B12_004702,BillDesk Settlement,AMZN-INV-977993 PO_B12_004702,98687,2075,0,0,96612,INR,2026-08-13T23:31:00Z,BATCH-AMZN-4702
PO_B12_004703,Stripe India,SWIG-INV-418836 PO_B12_004703,125759,2985,0,0,122774,INR,2026-08-13T22:22:00Z,BATCH-SWIG-4703
PO_B12_004704,BillDesk Settlement,ZOMA-EXC-530542-UNRESOLVED,126058,2511,0,0,123547,INR,2026-08-15T01:23:00Z,HOLD-ESCROW
PO_B12_004705,BillDesk Settlement,MMTR-ORD-104796 MMTR-ORD-271139 MMTR-ORD-652417 BATCH-MMTR-4705,518890,10377,0,0,508513,INR,2026-08-14T08:57:00Z,BATCH-MMTR-4705
PO_B12_004706,Stripe India,OLAA-INV-553267 PO_B12_004706,221990,4506,0,0,217484,INR,2026-08-14T03:15:00Z,BATCH-OLAA-4706
PO_B12_004707,Razorpay Nodal,AMZN-INV-256381 PO_B12_004707,221320,4149,0,0,217171,INR,2026-08-14T13:50:00Z,BATCH-AMZN-4707
PO_B12_004708,BillDesk Settlement,AMZN-INV-419388 PO_B12_004708,229222,3643,0,0,225579,INR,2026-08-13T18:02:00Z,BATCH-AMZN-4708
PO_B12_004709,BillDesk Settlement,BLNK-EXC-994406-UNRESOLVED,83081,1651,0,0,81430,INR,2026-08-15T04:28:00Z,HOLD-ESCROW
PO_B12_004710,BillDesk Settlement,BKMS-INV-715088 PO_B12_004710,195987,4431,0,0,191556,INR,2026-08-14T06:41:00Z,BATCH-BKMS-4710
PO_B12_004711,BillDesk Settlement,UBER-INV-137419 PO_B12_004711,120902,3017,0,0,117885,INR,2026-08-14T07:03:00Z,BATCH-UBER-4711
PO_B12_004712,Razorpay Nodal,MMTR-INV-511756 PO_B12_004712,177184,3245,0,0,173939,INR,2026-08-14T18:36:00Z,BATCH-MMTR-4712
PO_B12_004713,PayU Enterprise,JIOO-INV-279339 PO_B12_004713,423076,7877,0,0,415199,INR,2026-08-14T16:45:00Z,BATCH-JIOO-4713
PO_B12_004714,BillDesk Settlement,BKMS-ORD-801056 BKMS-ORD-573501 BATCH-BKMS-4714,426023,8520,0,0,417503,INR,2026-08-14T17:50:00Z,BATCH-BKMS-4714
PO_B12_004715,BillDesk Settlement,BLNK-EXC-759485-UNRESOLVED,148566,2961,0,0,145605,INR,2026-08-15T08:41:00Z,HOLD-ESCROW
PO_B12_004716,Stripe India,FLPK-ORD-208633 FLPK-ORD-175349 BATCH-FLPK-4716,251307,5026,0,0,246281,INR,2026-08-14T14:21:00Z,BATCH-FLPK-4716
PO_B12_004717,BillDesk Settlement,JIOO-ORD-552394 JIOO-ORD-623857 BATCH-JIOO-4717,324868,6497,0,0,318371,INR,2026-08-14T08:20:00Z,BATCH-JIOO-4717
PO_B12_004718,PayU Enterprise,PHNP-INV-836733 PO_B12_004718,49638,782,0,0,48856,INR,2026-08-14T08:53:00Z,BATCH-PHNP-4718
PO_B12_004719,Cashfree Escrow,UBER-ORD-106377 UBER-ORD-665331 UBER-ORD-478468 BATCH-UBER-4719,243855,4877,0,0,238978,INR,2026-08-14T05:42:00Z,BATCH-UBER-4719
PO_B12_004720,Razorpay Nodal,OLAA-EXC-274090-UNRESOLVED,218349,4356,0,0,213993,INR,2026-08-14T14:08:00Z,HOLD-ESCROW
PO_B12_004721,Cashfree Escrow,UBER-ORD-714813 UBER-ORD-847833 BATCH-UBER-4721,264861,5297,0,0,259564,INR,2026-08-14T17:02:00Z,BATCH-UBER-4721
PO_B12_004722,Razorpay Nodal,SWIG-INV-200379 PO_B12_004722,31042,542,0,0,30500,INR,2026-08-13T16:55:00Z,BATCH-SWIG-4722
PO_B12_004723,BillDesk Settlement,BLNK-ORD-228276 BLNK-ORD-426173 BATCH-BLNK-4723,278080,5561,0,0,272519,INR,2026-08-14T16:32:00Z,BATCH-BLNK-4723
PO_B12_004724,Cashfree Escrow,AMZN-INV-154663 PO_B12_004724,62090,1239,0,0,60851,INR,2026-08-14T03:39:00Z,BATCH-AMZN-4724
PO_B12_004725,PayU Enterprise,NYKA-INV-365910 PO_B12_004725,157501,2652,0,0,154849,INR,2026-08-14T11:38:00Z,BATCH-NYKA-4725
PO_B12_004726,Cashfree Escrow,PAYT-INV-947549 PO_B12_004726,326633,6523,0,0,320110,INR,2026-08-14T06:24:00Z,BATCH-PAYT-4726
PO_B12_004727,Razorpay Nodal,TATA-INV-224158 PO_B12_004727,140055,2989,0,0,137066,INR,2026-08-14T20:27:00Z,BATCH-TATA-4727
PO_B12_004728,Cashfree Escrow,PHNP-INV-756519 PO_B12_004728,132470,3028,0,0,129442,INR,2026-08-14T17:55:00Z,BATCH-PHNP-4728
PO_B12_004729,BillDesk Settlement,NYKA-INV-962081 PO_B12_004729,108767,2361,0,0,106406,INR,2026-08-14T06:03:00Z,BATCH-NYKA-4729
PO_B12_004730,Cashfree Escrow,PHNP-ORD-337176 PHNP-ORD-625225 PHNP-ORD-980091 BATCH-PHNP-4730,173972,3479,0,0,170493,INR,2026-08-14T11:41:00Z,BATCH-PHNP-4730
PO_B12_004731,Cashfree Escrow,FLPK-INV-665137 PO_B12_004731,236603,3652,0,0,232951,INR,2026-08-14T03:31:00Z,BATCH-FLPK-4731
PO_B12_004732,PayU Enterprise,OLAA-INV-402492 PO_B12_004732,324072,6263,0,0,317809,INR,2026-08-14T11:42:00Z,BATCH-OLAA-4732
PO_B12_004733,PayU Enterprise,NYKA-INV-953399 PO_B12_004733,64288,974,0,0,63314,INR,2026-08-14T01:03:00Z,BATCH-NYKA-4733
PO_B12_004734,BillDesk Settlement,AMZN-INV-208638 PO_B12_004734,30728,728,0,0,30000,INR,2026-08-14T00:36:00Z,BATCH-AMZN-4734
PO_B12_004735,PayU Enterprise,UBER-ORD-739433 UBER-ORD-541673 UBER-ORD-140679 BATCH-UBER-4735,273048,5460,0,0,267588,INR,2026-08-13T23:37:00Z,BATCH-UBER-4735
PO_B12_004736,Cashfree Escrow,AMZN-INV-980306 PO_B12_004736,47147,712,0,0,46435,INR,2026-08-14T04:24:00Z,BATCH-AMZN-4736
PO_B12_004737,Razorpay Nodal,SWIG-ORD-901311 SWIG-ORD-970615 BATCH-SWIG-4737,352133,7042,0,0,345091,INR,2026-08-14T18:13:00Z,BATCH-SWIG-4737
PO_B12_004738,Cashfree Escrow,PHNP-INV-896217 PO_B12_004738,323398,5967,0,0,317431,INR,2026-08-14T03:35:00Z,BATCH-PHNP-4738
PO_B12_004739,PayU Enterprise,FLPK-INV-475545 PO_B12_004739,54629,1047,0,0,53582,INR,2026-08-14T03:52:00Z,BATCH-FLPK-4739
PO_B12_004740,Stripe India,JIOO-INV-129584 PO_B12_004740,149908,3691,0,0,146217,INR,2026-08-14T10:51:00Z,BATCH-JIOO-4740
PO_B12_004741,Cashfree Escrow,JIOO-ORD-774260 JIOO-ORD-351494 JIOO-ORD-676534 BATCH-JIOO-4741,445994,8919,0,0,437075,INR,2026-08-14T14:15:00Z,BATCH-JIOO-4741
PO_B12_004742,Razorpay Nodal,BBAS-INV-879529 PO_B12_004742,100608,2110,0,0,98498,INR,2026-08-14T14:04:00Z,BATCH-BBAS-4742
PO_B12_004743,PayU Enterprise,BLNK-INV-578374 PO_B12_004743,308827,6488,0,0,302339,INR,2026-08-14T07:15:00Z,BATCH-BLNK-4743
PO_B12_004744,Stripe India,OLAA-ORD-872114 OLAA-ORD-173002 BATCH-OLAA-4744,196907,3938,0,0,192969,INR,2026-08-14T01:17:00Z,BATCH-OLAA-4744
PO_B12_004745,Razorpay Nodal,PAYT-INV-949050 PO_B12_004745,435527,7825,0,0,427702,INR,2026-08-14T04:59:00Z,BATCH-PAYT-4745
PO_B12_004746,BillDesk Settlement,BLNK-INV-647281 PO_B12_004746,246413,5217,0,0,241196,INR,2026-08-14T11:52:00Z,BATCH-BLNK-4746
PO_B12_004747,Razorpay Nodal,SWIG-INV-573827 PO_B12_004747,293788,5837,0,0,287951,INR,2026-08-14T16:41:00Z,BATCH-SWIG-4747
PO_B12_004748,Stripe India,UBER-INV-299163 PO_B12_004748,404502,7130,0,0,397372,INR,2026-08-13T20:02:00Z,BATCH-UBER-4748
PO_B12_004749,Cashfree Escrow,MYNT-ORD-128485 MYNT-ORD-478730 MYNT-ORD-759434 BATCH-MYNT-4749,262055,5241,0,0,256814,INR,2026-08-14T02:11:00Z,BATCH-MYNT-4749
PO_B12_004750,PayU Enterprise,MMTR-INV-562864 PO_B12_004750,123184,2923,0,0,120261,INR,2026-08-14T05:55:00Z,BATCH-MMTR-4750
PO_B12_004751,PayU Enterprise,SWIG-INV-863681 PO_B12_004751,321651,5664,0,0,315987,INR,2026-08-14T09:26:00Z,BATCH-SWIG-4751
PO_B12_004752,Cashfree Escrow,BKMS-INV-144045 PO_B12_004752,243161,4812,0,0,238349,INR,2026-08-14T14:53:00Z,BATCH-BKMS-4752
PO_B12_004753,BillDesk Settlement,MYNT-INV-671908 PO_B12_004753,143135,2345,0,0,140790,INR,2026-08-14T01:16:00Z,BATCH-MYNT-4753
PO_B12_004754,PayU Enterprise,PHNP-INV-864072 PO_B12_004754,169869,3299,0,0,166570,INR,2026-08-14T16:12:00Z,BATCH-PHNP-4754
PO_B12_004755,Cashfree Escrow,PHNP-ORD-285646 PHNP-ORD-306025 BATCH-PHNP-4755,201648,4032,0,0,197616,INR,2026-08-14T15:38:00Z,BATCH-PHNP-4755
PO_B12_004756,PayU Enterprise,NYKA-INV-316590 PO_B12_004756,65617,1365,0,0,64252,INR,2026-08-14T14:41:00Z,BATCH-NYKA-4756
PO_B12_004757,Stripe India,PHNP-INV-573530 PO_B12_004757,289400,6553,0,0,282847,INR,2026-08-14T03:24:00Z,BATCH-PHNP-4757
PO_B12_004758,PayU Enterprise,OLAA-EXC-915229-UNRESOLVED,70537,1400,0,0,69137,INR,2026-08-14T11:04:00Z,HOLD-ESCROW
PO_B12_004759,Razorpay Nodal,UBER-INV-626795 PO_B12_004759,112922,2555,0,0,110367,INR,2026-08-14T20:02:00Z,BATCH-UBER-4759
PO_B12_004760,PayU Enterprise,TATA-INV-912976 PO_B12_004760,114692,2274,0,0,112418,INR,2026-08-13T20:15:00Z,BATCH-TATA-4760
PO_B12_004761,Stripe India,BBAS-INV-966056 PO_B12_004761,246470,5544,0,0,240926,INR,2026-08-14T04:34:00Z,BATCH-BBAS-4761
PO_B12_004762,Stripe India,ZOMA-INV-780549 PO_B12_004762,448650,11100,0,0,437550,INR,2026-08-14T10:05:00Z,BATCH-ZOMA-4762
PO_B12_004763,Razorpay Nodal,NYKA-INV-829104 PO_B12_004763,160609,2548,0,0,158061,INR,2026-08-14T10:59:00Z,BATCH-NYKA-4763
PO_B12_004764,BillDesk Settlement,MMTR-ORD-579777 MMTR-ORD-910015 BATCH-MMTR-4764,208486,4169,0,0,204317,INR,2026-08-14T11:08:00Z,BATCH-MMTR-4764
PO_B12_004765,Stripe India,FLPK-INV-866774 PO_B12_004765,163947,2536,0,0,161411,INR,2026-08-13T21:11:00Z,BATCH-FLPK-4765
PO_B12_004766,Stripe India,BKMS-INV-743034 PO_B12_004766,91073,1397,0,0,89676,INR,2026-08-13T21:31:00Z,BATCH-BKMS-4766
PO_B12_004767,Stripe India,PHNP-INV-738472 PO_B12_004767,363687,7444,0,0,356243,INR,2026-08-14T13:33:00Z,BATCH-PHNP-4767
PO_B12_004768,Razorpay Nodal,UBER-EXC-667129-UNRESOLVED,251028,5010,0,0,246018,INR,2026-08-15T07:23:00Z,HOLD-ESCROW
PO_B12_004769,Cashfree Escrow,SWIG-INV-250637 PO_B12_004769,301907,7177,0,0,294730,INR,2026-08-14T10:27:00Z,BATCH-SWIG-4769
PO_B12_004770,Razorpay Nodal,OLAA-INV-503661 PO_B12_004770,42906,976,0,0,41930,INR,2026-08-14T19:06:00Z,BATCH-OLAA-4770
PO_B12_004771,Cashfree Escrow,SWIG-EXC-452844-UNRESOLVED,106309,2116,0,0,104193,INR,2026-08-14T21:45:00Z,HOLD-ESCROW
PO_B12_004772,Razorpay Nodal,MMTR-INV-222890 PO_B12_004772,371812,8510,0,0,363302,INR,2026-08-14T14:57:00Z,BATCH-MMTR-4772
PO_B12_004773,Cashfree Escrow,PAYT-INV-333205 PO_B12_004773,110123,2029,0,0,108094,INR,2026-08-14T21:05:00Z,BATCH-PAYT-4773
PO_B12_004774,BillDesk Settlement,ZOMA-INV-872296 PO_B12_004774,181434,3887,0,0,177547,INR,2026-08-14T14:35:00Z,BATCH-ZOMA-4774
PO_B12_004775,Stripe India,ZOMA-ORD-136192 ZOMA-ORD-660757 ZOMA-ORD-295606 BATCH-ZOMA-4775,524928,10498,0,0,514430,INR,2026-08-14T07:08:00Z,BATCH-ZOMA-4775
PO_B12_004776,Razorpay Nodal,MYNT-INV-480839 PO_B12_004776,84911,1409,0,0,83502,INR,2026-08-14T00:46:00Z,BATCH-MYNT-4776
PO_B12_004777,BillDesk Settlement,AMZN-INV-988479 PO_B12_004777,255018,4018,0,0,251000,INR,2026-08-14T02:12:00Z,BATCH-AMZN-4777
PO_B12_004778,PayU Enterprise,PHNP-INV-618325 PO_B12_004778,432392,9426,0,0,422966,INR,2026-08-14T17:46:00Z,BATCH-PHNP-4778
PO_B12_004779,BillDesk Settlement,BKMS-INV-294612 PO_B12_004779,164643,2908,0,0,161735,INR,2026-08-14T23:47:00Z,BATCH-BKMS-4779
PO_B12_004780,Razorpay Nodal,TATA-EXC-463118-UNRESOLVED,207118,4132,0,0,202986,INR,2026-08-15T01:14:00Z,HOLD-ESCROW
PO_B12_004781,PayU Enterprise,SWIG-INV-909405 PO_B12_004781,120369,1851,0,0,118518,INR,2026-08-14T17:21:00Z,BATCH-SWIG-4781
PO_B12_004782,BillDesk Settlement,SWIG-INV-460291 PO_B12_004782,150163,3486,0,0,146677,INR,2026-08-14T17:03:00Z,BATCH-SWIG-4782
PO_B12_004783,Stripe India,NYKA-ORD-112161 NYKA-ORD-522300 NYKA-ORD-358956 BATCH-NYKA-4783,341644,6832,0,0,334812,INR,2026-08-14T05:52:00Z,BATCH-NYKA-4783
PO_B12_004784,Stripe India,NYKA-INV-890906 PO_B12_004784,45115,1101,0,0,44014,INR,2026-08-14T14:12:00Z,BATCH-NYKA-4784
PO_B12_004785,Stripe India,AMZN-INV-116680 PO_B12_004785,308240,4803,0,0,303437,INR,2026-08-14T07:48:00Z,BATCH-AMZN-4785
PO_B12_004786,PayU Enterprise,BBAS-ORD-901606 BBAS-ORD-535902 BBAS-ORD-969651 BATCH-BBAS-4786,376388,7527,0,0,368861,INR,2026-08-14T20:29:00Z,BATCH-BBAS-4786
PO_B12_004787,BillDesk Settlement,OLAA-ORD-949677 OLAA-ORD-115477 BATCH-OLAA-4787,221453,4429,0,0,217024,INR,2026-08-14T14:31:00Z,BATCH-OLAA-4787
PO_B12_004788,Cashfree Escrow,PAYT-INV-371093 PO_B12_004788,419203,9722,0,0,409481,INR,2026-08-14T21:24:00Z,BATCH-PAYT-4788
PO_B12_004789,PayU Enterprise,PAYT-INV-447893 PO_B12_004789,245107,4098,0,0,241009,INR,2026-08-14T16:09:00Z,BATCH-PAYT-4789
PO_B12_004790,PayU Enterprise,NYKA-INV-650960 PO_B12_004790,42696,653,0,0,42043,INR,2026-08-13T22:50:00Z,BATCH-NYKA-4790
PO_B12_004791,PayU Enterprise,NYKA-ORD-535880 NYKA-ORD-477799 BATCH-NYKA-4791,229621,4592,0,0,225029,INR,2026-08-14T07:29:00Z,BATCH-NYKA-4791
PO_B12_004792,BillDesk Settlement,FLPK-INV-438277 PO_B12_004792,32196,675,0,0,31521,INR,2026-08-14T13:38:00Z,BATCH-FLPK-4792
PO_B12_004793,PayU Enterprise,BKMS-INV-860723 PO_B12_004793,369393,6060,0,0,363333,INR,2026-08-14T01:55:00Z,BATCH-BKMS-4793
PO_B12_004794,Stripe India,AMZN-ORD-611499 AMZN-ORD-138938 BATCH-AMZN-4794,415382,8307,0,0,407075,INR,2026-08-14T05:16:00Z,BATCH-AMZN-4794
PO_B12_004795,Cashfree Escrow,BBAS-ORD-130878 BBAS-ORD-877349 BATCH-BBAS-4795,248097,4961,0,0,243136,INR,2026-08-14T04:45:00Z,BATCH-BBAS-4795
PO_B12_004796,BillDesk Settlement,BLNK-INV-767324 PO_B12_004796,152583,3266,0,0,149317,INR,2026-08-13T16:47:00Z,BATCH-BLNK-4796
PO_B12_004797,Stripe India,OLAA-INV-993436 PO_B12_004797,392891,6455,0,0,386436,INR,2026-08-14T09:56:00Z,BATCH-OLAA-4797
PO_B12_004798,Stripe India,BLNK-INV-153226 PO_B12_004798,41931,787,0,0,41144,INR,2026-08-14T12:42:00Z,BATCH-BLNK-4798
PO_B12_004799,Cashfree Escrow,MMTR-ORD-769948 MMTR-ORD-779650 MMTR-ORD-557648 BATCH-MMTR-4799,295621,5912,0,0,289709,INR,2026-08-14T05:55:00Z,BATCH-MMTR-4799
PO_B12_004800,Razorpay Nodal,UBER-INV-240371 PO_B12_004800,99811,2244,0,0,97567,INR,2026-08-14T07:20:00Z,BATCH-UBER-4800
PO_B12_004801,Stripe India,TATA-INV-108713 PO_B12_004801,171108,3614,0,0,167494,INR,2026-08-14T02:27:00Z,BATCH-TATA-4801
PO_B12_004802,Stripe India,SWIG-INV-266375 PO_B12_004802,428812,8659,0,0,420153,INR,2026-08-14T03:02:00Z,BATCH-SWIG-4802
PO_B12_004803,Cashfree Escrow,TATA-INV-251121 PO_B12_004803,293569,5900,0,0,287669,INR,2026-08-13T18:40:00Z,BATCH-TATA-4803
PO_B12_004804,Razorpay Nodal,PHNP-INV-458816 PO_B12_004804,421004,7263,0,0,413741,INR,2026-08-14T05:19:00Z,BATCH-PHNP-4804
PO_B12_004805,Cashfree Escrow,OLAA-INV-472628 PO_B12_004805,80670,1330,0,0,79340,INR,2026-08-14T07:06:00Z,BATCH-OLAA-4805
PO_B12_004806,Cashfree Escrow,BKMS-INV-331707 PO_B12_004806,81030,1412,0,0,79618,INR,2026-08-14T00:17:00Z,BATCH-BKMS-4806
PO_B12_004807,BillDesk Settlement,SWIG-EXC-527413-UNRESOLVED,250379,4997,0,0,245382,INR,2026-08-15T07:28:00Z,HOLD-ESCROW
PO_B12_004808,Stripe India,MYNT-ORD-551766 MYNT-ORD-350700 BATCH-MYNT-4808,257627,5152,0,0,252475,INR,2026-08-14T07:04:00Z,BATCH-MYNT-4808
PO_B12_004809,Cashfree Escrow,UBER-INV-628648 PO_B12_004809,286906,6268,0,0,280638,INR,2026-08-14T13:50:00Z,BATCH-UBER-4809
PO_B12_004810,Cashfree Escrow,BBAS-ORD-983679 BBAS-ORD-820640 BATCH-BBAS-4810,247733,4954,0,0,242779,INR,2026-08-14T03:47:00Z,BATCH-BBAS-4810
PO_B12_004811,Stripe India,SWIG-INV-277476 PO_B12_004811,61651,1037,0,0,60614,INR,2026-08-13T22:29:00Z,BATCH-SWIG-4811
PO_B12_004812,PayU Enterprise,BKMS-ORD-361253 BKMS-ORD-138021 BATCH-BKMS-4812,113445,2268,0,0,111177,INR,2026-08-13T22:41:00Z,BATCH-BKMS-4812
PO_B12_004813,BillDesk Settlement,JIOO-EXC-284952-UNRESOLVED,274234,5474,0,0,268760,INR,2026-08-14T12:31:00Z,HOLD-ESCROW
PO_B12_004814,Stripe India,UBER-EXC-370693-UNRESOLVED,276813,5526,0,0,271287,INR,2026-08-14T18:59:00Z,HOLD-ESCROW
PO_B12_004815,Stripe India,OLAA-INV-667636 PO_B12_004815,292028,5576,0,0,286452,INR,2026-08-14T01:38:00Z,BATCH-OLAA-4815
PO_B12_004816,Cashfree Escrow,BKMS-ORD-999311 BKMS-ORD-150736 BKMS-ORD-202931 BATCH-BKMS-4816,327518,6550,0,0,320968,INR,2026-08-14T06:04:00Z,BATCH-BKMS-4816
PO_B12_004817,PayU Enterprise,JIOO-ORD-213441 JIOO-ORD-967072 BATCH-JIOO-4817,373774,7475,0,0,366299,INR,2026-08-14T14:25:00Z,BATCH-JIOO-4817
PO_B12_004818,BillDesk Settlement,UBER-EXC-576568-UNRESOLVED,257149,5132,0,0,252017,INR,2026-08-14T23:45:00Z,HOLD-ESCROW
PO_B12_004819,PayU Enterprise,PHNP-INV-353903 PO_B12_004819,257171,4452,0,0,252719,INR,2026-08-14T10:16:00Z,BATCH-PHNP-4819
PO_B12_004820,PayU Enterprise,TATA-ORD-396398 TATA-ORD-818809 TATA-ORD-860280 BATCH-TATA-4820,508522,10170,0,0,498352,INR,2026-08-14T14:54:00Z,BATCH-TATA-4820
PO_B12_004821,Razorpay Nodal,BBAS-INV-340787 PO_B12_004821,93761,1624,0,0,92137,INR,2026-08-13T15:32:00Z,BATCH-BBAS-4821
PO_B12_004822,Stripe India,FLPK-INV-386629 PO_B12_004822,369130,6583,0,0,362547,INR,2026-08-13T23:01:00Z,BATCH-FLPK-4822
PO_B12_004823,PayU Enterprise,MYNT-ORD-844040 MYNT-ORD-732362 BATCH-MYNT-4823,224174,4483,0,0,219691,INR,2026-08-14T05:27:00Z,BATCH-MYNT-4823
PO_B12_004824,BillDesk Settlement,BLNK-INV-413100 PO_B12_004824,372357,6186,0,0,366171,INR,2026-08-14T10:36:00Z,BATCH-BLNK-4824
PO_B12_004825,Cashfree Escrow,BKMS-INV-516206 PO_B12_004825,76690,1585,0,0,75105,INR,2026-08-14T11:54:00Z,BATCH-BKMS-4825
PO_B12_004826,BillDesk Settlement,BLNK-INV-996141 PO_B12_004826,375568,9245,0,0,366323,INR,2026-08-14T10:10:00Z,BATCH-BLNK-4826
PO_B12_004827,BillDesk Settlement,BLNK-INV-282764 PO_B12_004827,403625,6323,0,0,397302,INR,2026-08-14T02:34:00Z,BATCH-BLNK-4827
PO_B12_004828,Cashfree Escrow,JIOO-INV-769369 PO_B12_004828,406549,7852,0,0,398697,INR,2026-08-14T06:59:00Z,BATCH-JIOO-4828
PO_B12_004829,Razorpay Nodal,SWIG-INV-835204 PO_B12_004829,265825,5480,0,0,260345,INR,2026-08-14T02:44:00Z,BATCH-SWIG-4829
PO_B12_004830,Stripe India,AMZN-INV-328964 PO_B12_004830,431997,9150,0,0,422847,INR,2026-08-15T00:00:00Z,BATCH-AMZN-4830
PO_B12_004831,Cashfree Escrow,BKMS-INV-663648 PO_B12_004831,369057,7409,0,0,361648,INR,2026-08-13T23:25:00Z,BATCH-BKMS-4831
PO_B12_004832,Stripe India,ZOMA-INV-283991 PO_B12_004832,409179,10125,0,0,399054,INR,2026-08-14T13:36:00Z,BATCH-ZOMA-4832
PO_B12_004833,Razorpay Nodal,ZOMA-INV-113241 PO_B12_004833,259224,4349,0,0,254875,INR,2026-08-13T22:55:00Z,BATCH-ZOMA-4833
PO_B12_004834,Cashfree Escrow,SWIG-INV-189354 PO_B12_004834,122650,2308,0,0,120342,INR,2026-08-14T07:25:00Z,BATCH-SWIG-4834
PO_B12_004835,BillDesk Settlement,NYKA-INV-737144 PO_B12_004835,343926,6333,0,0,337593,INR,2026-08-14T12:25:00Z,BATCH-NYKA-4835
PO_B12_004836,Cashfree Escrow,ZOMA-INV-755336 PO_B12_004836,137429,3297,0,0,134132,INR,2026-08-14T04:21:00Z,BATCH-ZOMA-4836
PO_B12_004837,Cashfree Escrow,UBER-INV-128979 PO_B12_004837,125065,3064,0,0,122001,INR,2026-08-14T09:04:00Z,BATCH-UBER-4837
PO_B12_004838,PayU Enterprise,MYNT-INV-825567 PO_B12_004838,269993,6736,0,0,263257,INR,2026-08-14T17:40:00Z,BATCH-MYNT-4838
PO_B12_004839,Razorpay Nodal,AMZN-INV-750404 PO_B12_004839,43985,713,0,0,43272,INR,2026-08-14T04:39:00Z,BATCH-AMZN-4839
PO_B12_004840,Razorpay Nodal,BLNK-INV-203789 PO_B12_004840,401120,9827,0,0,391293,INR,2026-08-14T11:58:00Z,BATCH-BLNK-4840
PO_B12_004841,Stripe India,OLAA-INV-486769 PO_B12_004841,53829,1155,0,0,52674,INR,2026-08-14T05:22:00Z,BATCH-OLAA-4841
PO_B12_004842,Razorpay Nodal,NYKA-ORD-270787 NYKA-ORD-529027 BATCH-NYKA-4842,234104,4682,0,0,229422,INR,2026-08-14T09:37:00Z,BATCH-NYKA-4842
PO_B12_004843,BillDesk Settlement,TATA-ORD-763415 TATA-ORD-391306 BATCH-TATA-4843,321747,6434,0,0,315313,INR,2026-08-14T05:25:00Z,BATCH-TATA-4843
PO_B12_004844,PayU Enterprise,JIOO-INV-885537 PO_B12_004844,236411,4648,0,0,231763,INR,2026-08-14T14:38:00Z,BATCH-JIOO-4844
PO_B12_004845,Cashfree Escrow,BLNK-ORD-337349 BLNK-ORD-797558 BATCH-BLNK-4845,292789,5855,0,0,286934,INR,2026-08-14T09:47:00Z,BATCH-BLNK-4845
PO_B12_004846,Cashfree Escrow,BBAS-INV-994594 PO_B12_004846,172538,3811,0,0,168727,INR,2026-08-14T15:55:00Z,BATCH-BBAS-4846
PO_B12_004847,Razorpay Nodal,PAYT-EXC-987633-UNRESOLVED,76231,1514,0,0,74717,INR,2026-08-14T12:44:00Z,HOLD-ESCROW
PO_B12_004848,Razorpay Nodal,JIOO-INV-526835 PO_B12_004848,334941,6888,0,0,328053,INR,2026-08-14T19:20:00Z,BATCH-JIOO-4848
PO_B12_004849,PayU Enterprise,BBAS-ORD-945404 BBAS-ORD-494971 BATCH-BBAS-4849,249789,4995,0,0,244794,INR,2026-08-14T10:50:00Z,BATCH-BBAS-4849
PO_B12_004850,Cashfree Escrow,JIOO-INV-308871 PO_B12_004850,114988,2850,0,0,112138,INR,2026-08-14T13:24:00Z,BATCH-JIOO-4850
PO_B12_004851,Razorpay Nodal,BLNK-INV-161983 PO_B12_004851,188672,3899,0,0,184773,INR,2026-08-14T05:31:00Z,BATCH-BLNK-4851
PO_B12_004852,Stripe India,SWIG-INV-773105 PO_B12_004852,78971,1737,0,0,77234,INR,2026-08-14T13:36:00Z,BATCH-SWIG-4852
PO_B12_004853,Cashfree Escrow,FLPK-INV-820351 PO_B12_004853,423291,7652,0,0,415639,INR,2026-08-14T17:01:00Z,BATCH-FLPK-4853
PO_B12_004854,Cashfree Escrow,MMTR-INV-565612 PO_B12_004854,178370,3529,0,0,174841,INR,2026-08-14T04:16:00Z,BATCH-MMTR-4854
PO_B12_004855,Stripe India,JIOO-INV-476483 PO_B12_004855,156575,3621,0,0,152954,INR,2026-08-15T00:26:00Z,BATCH-JIOO-4855
PO_B12_004856,Cashfree Escrow,JIOO-INV-623885 PO_B12_004856,427485,8252,0,0,419233,INR,2026-08-14T14:06:00Z,BATCH-JIOO-4856
PO_B12_004857,BillDesk Settlement,PHNP-INV-852989 PO_B12_004857,283627,6291,0,0,277336,INR,2026-08-14T03:35:00Z,BATCH-PHNP-4857
PO_B12_004858,BillDesk Settlement,BLNK-INV-135723 PO_B12_004858,132523,2363,0,0,130160,INR,2026-08-14T00:42:00Z,BATCH-BLNK-4858
PO_B12_004859,Cashfree Escrow,ZOMA-INV-707081 PO_B12_004859,337272,8107,0,0,329165,INR,2026-08-13T22:51:00Z,BATCH-ZOMA-4859
PO_B12_004860,Stripe India,BKMS-INV-927178 PO_B12_004860,366727,7329,0,0,359398,INR,2026-08-14T08:39:00Z,BATCH-BKMS-4860
PO_B12_004861,BillDesk Settlement,NYKA-INV-324462 PO_B12_004861,386026,9364,0,0,376662,INR,2026-08-13T17:40:00Z,BATCH-NYKA-4861
PO_B12_004862,BillDesk Settlement,PHNP-INV-246308 PO_B12_004862,413645,9515,0,0,404130,INR,2026-08-14T04:12:00Z,BATCH-PHNP-4862
PO_B12_004863,Cashfree Escrow,BBAS-INV-559221 PO_B12_004863,366674,6682,0,0,359992,INR,2026-08-14T03:24:00Z,BATCH-BBAS-4863
PO_B12_004864,Cashfree Escrow,PAYT-INV-942184 PO_B12_004864,230858,5189,0,0,225669,INR,2026-08-14T04:48:00Z,BATCH-PAYT-4864
PO_B12_004865,Cashfree Escrow,PAYT-ORD-838961 PAYT-ORD-474871 PAYT-ORD-313197 BATCH-PAYT-4865,345242,6904,0,0,338338,INR,2026-08-14T20:32:00Z,BATCH-PAYT-4865
PO_B12_004866,PayU Enterprise,PAYT-INV-998570 PO_B12_004866,312475,6171,0,0,306304,INR,2026-08-13T23:59:00Z,BATCH-PAYT-4866
PO_B12_004867,Razorpay Nodal,SWIG-INV-961038 PO_B12_004867,331817,6181,0,0,325636,INR,2026-08-14T11:25:00Z,BATCH-SWIG-4867
PO_B12_004868,Cashfree Escrow,JIOO-INV-511446 PO_B12_004868,31582,770,0,0,30812,INR,2026-08-14T22:03:00Z,BATCH-JIOO-4868
PO_B12_004869,Cashfree Escrow,BLNK-INV-226590 PO_B12_004869,153598,2648,0,0,150950,INR,2026-08-13T22:51:00Z,BATCH-BLNK-4869
PO_B12_004870,Razorpay Nodal,UBER-INV-255404 PO_B12_004870,236748,4725,0,0,232023,INR,2026-08-13T20:58:00Z,BATCH-UBER-4870
PO_B12_004871,Cashfree Escrow,BKMS-INV-603598 PO_B12_004871,332838,7521,0,0,325317,INR,2026-08-13T21:46:00Z,BATCH-BKMS-4871
PO_B12_004872,BillDesk Settlement,TATA-INV-448112 PO_B12_004872,40664,711,0,0,39953,INR,2026-08-15T02:13:00Z,BATCH-TATA-4872
PO_B12_004873,BillDesk Settlement,PAYT-INV-630313 PO_B12_004873,196406,4798,0,0,191608,INR,2026-08-14T13:33:00Z,BATCH-PAYT-4873
PO_B12_004874,PayU Enterprise,FLPK-INV-335370 PO_B12_004874,269079,5059,0,0,264020,INR,2026-08-13T20:03:00Z,BATCH-FLPK-4874
PO_B12_004875,BillDesk Settlement,MMTR-ORD-900495 MMTR-ORD-948780 BATCH-MMTR-4875,179408,3588,0,0,175820,INR,2026-08-14T06:34:00Z,BATCH-MMTR-4875
PO_B12_004876,BillDesk Settlement,BLNK-INV-631593 PO_B12_004876,218813,4915,0,0,213898,INR,2026-08-14T13:57:00Z,BATCH-BLNK-4876
PO_B12_004877,Stripe India,TATA-INV-974969 PO_B12_004877,185829,2996,0,0,182833,INR,2026-08-14T06:48:00Z,BATCH-TATA-4877
PO_B12_004878,Stripe India,TATA-INV-471323 PO_B12_004878,287689,6153,0,0,281536,INR,2026-08-13T22:39:00Z,BATCH-TATA-4878
PO_B12_004879,Cashfree Escrow,BKMS-INV-984184 PO_B12_004879,376034,6359,0,0,369675,INR,2026-08-14T11:17:00Z,BATCH-BKMS-4879
PO_B12_004880,BillDesk Settlement,PAYT-INV-546861 PO_B12_004880,80498,1710,0,0,78788,INR,2026-08-14T17:03:00Z,BATCH-PAYT-4880
PO_B12_004881,Stripe India,ZOMA-EXC-397993-UNRESOLVED,148024,2950,0,0,145074,INR,2026-08-15T04:12:00Z,HOLD-ESCROW
PO_B12_004882,PayU Enterprise,NYKA-ORD-861878 NYKA-ORD-250952 BATCH-NYKA-4882,426498,8529,0,0,417969,INR,2026-08-13T23:26:00Z,BATCH-NYKA-4882
PO_B12_004883,Razorpay Nodal,BLNK-INV-765954 PO_B12_004883,27401,542,0,0,26859,INR,2026-08-15T00:00:00Z,BATCH-BLNK-4883
PO_B12_004884,PayU Enterprise,BLNK-INV-310913 PO_B12_004884,324713,5526,0,0,319187,INR,2026-08-13T17:29:00Z,BATCH-BLNK-4884
PO_B12_004885,Stripe India,FLPK-ORD-112109 FLPK-ORD-606926 FLPK-ORD-202107 BATCH-FLPK-4885,322664,6453,0,0,316211,INR,2026-08-14T03:59:00Z,BATCH-FLPK-4885
PO_B12_004886,PayU Enterprise,ZOMA-INV-569700 PO_B12_004886,340791,6429,0,0,334362,INR,2026-08-14T09:09:00Z,BATCH-ZOMA-4886
PO_B12_004887,Cashfree Escrow,BLNK-INV-214013 PO_B12_004887,325487,7551,0,0,317936,INR,2026-08-14T17:07:00Z,BATCH-BLNK-4887
PO_B12_004888,Razorpay Nodal,UBER-ORD-294777 UBER-ORD-634804 BATCH-UBER-4888,179685,3593,0,0,176092,INR,2026-08-14T07:41:00Z,BATCH-UBER-4888
PO_B12_004889,PayU Enterprise,MYNT-INV-473170 PO_B12_004889,378368,9334,0,0,369034,INR,2026-08-14T02:38:00Z,BATCH-MYNT-4889
PO_B12_004890,Stripe India,BBAS-ORD-595965 BBAS-ORD-402051 BATCH-BBAS-4890,215080,4301,0,0,210779,INR,2026-08-13T21:44:00Z,BATCH-BBAS-4890
PO_B12_004891,Razorpay Nodal,UBER-INV-557720 PO_B12_004891,415808,8990,0,0,406818,INR,2026-08-14T10:11:00Z,BATCH-UBER-4891
PO_B12_004892,Cashfree Escrow,PHNP-INV-129000 PO_B12_004892,360946,8141,0,0,352805,INR,2026-08-14T12:20:00Z,BATCH-PHNP-4892
PO_B12_004893,PayU Enterprise,AMZN-INV-685538 PO_B12_004893,284700,5731,0,0,278969,INR,2026-08-13T16:14:00Z,BATCH-AMZN-4893
PO_B12_004894,PayU Enterprise,BLNK-ORD-321312 BLNK-ORD-724639 BATCH-BLNK-4894,326765,6535,0,0,320230,INR,2026-08-14T04:26:00Z,BATCH-BLNK-4894
PO_B12_004895,Stripe India,JIOO-INV-881598 PO_B12_004895,93675,1430,0,0,92245,INR,2026-08-14T16:33:00Z,BATCH-JIOO-4895
PO_B12_004896,BillDesk Settlement,MYNT-INV-714015 PO_B12_004896,376253,9211,0,0,367042,INR,2026-08-14T05:51:00Z,BATCH-MYNT-4896
PO_B12_004897,Razorpay Nodal,NYKA-ORD-574203 NYKA-ORD-195118 BATCH-NYKA-4897,424800,8496,0,0,416304,INR,2026-08-14T20:37:00Z,BATCH-NYKA-4897
PO_B12_004898,Cashfree Escrow,FLPK-INV-828171 PO_B12_004898,256952,5651,0,0,251301,INR,2026-08-14T15:00:00Z,BATCH-FLPK-4898
PO_B12_004899,Stripe India,TATA-INV-787458 PO_B12_004899,336937,8363,0,0,328574,INR,2026-08-14T09:43:00Z,BATCH-TATA-4899
PO_B12_004900,Cashfree Escrow,OLAA-INV-999473 PO_B12_004900,287100,5372,0,0,281728,INR,2026-08-14T09:56:00Z,BATCH-OLAA-4900
PO_B12_004901,Stripe India,BBAS-ORD-893031 BBAS-ORD-173270 BATCH-BBAS-4901,402128,8042,0,0,394086,INR,2026-08-14T20:37:00Z,BATCH-BBAS-4901
PO_B12_004902,Stripe India,PAYT-ORD-275080 PAYT-ORD-796584 PAYT-ORD-857657 BATCH-PAYT-4902,388680,7773,0,0,380907,INR,2026-08-14T01:44:00Z,BATCH-PAYT-4902
PO_B12_004903,PayU Enterprise,FLPK-ORD-635251 FLPK-ORD-816086 BATCH-FLPK-4903,399185,7983,0,0,391202,INR,2026-08-14T03:05:00Z,BATCH-FLPK-4903
PO_B12_004904,BillDesk Settlement,OLAA-ORD-307365 OLAA-ORD-200860 BATCH-OLAA-4904,243888,4877,0,0,239011,INR,2026-08-14T16:18:00Z,BATCH-OLAA-4904
PO_B12_004905,BillDesk Settlement,BBAS-INV-622053 PO_B12_004905,245072,5386,0,0,239686,INR,2026-08-14T05:36:00Z,BATCH-BBAS-4905
PO_B12_004906,PayU Enterprise,NYKA-INV-529385 PO_B12_004906,137061,2856,0,0,134205,INR,2026-08-14T11:31:00Z,BATCH-NYKA-4906
PO_B12_004907,Stripe India,PHNP-INV-135885 PO_B12_004907,213422,5132,0,0,208290,INR,2026-08-14T18:00:00Z,BATCH-PHNP-4907
PO_B12_004908,Cashfree Escrow,PHNP-INV-942475 PO_B12_004908,146407,3293,0,0,143114,INR,2026-08-14T06:59:00Z,BATCH-PHNP-4908
PO_B12_004909,Razorpay Nodal,MMTR-INV-124028 PO_B12_004909,308332,5258,0,0,303074,INR,2026-08-13T22:59:00Z,BATCH-MMTR-4909
PO_B12_004910,Stripe India,NYKA-INV-607698 PO_B12_004910,274001,6660,0,0,267341,INR,2026-08-14T04:16:00Z,BATCH-NYKA-4910
PO_B12_004911,PayU Enterprise,BKMS-INV-173077 PO_B12_004911,311228,7588,0,0,303640,INR,2026-08-13T23:59:00Z,BATCH-BKMS-4911
PO_B12_004912,Stripe India,JIOO-INV-402709 PO_B12_004912,421604,10490,0,0,411114,INR,2026-08-14T03:28:00Z,BATCH-JIOO-4912
PO_B12_004913,Stripe India,PHNP-INV-803045 PO_B12_004913,411791,8342,0,0,403449,INR,2026-08-14T04:56:00Z,BATCH-PHNP-4913
PO_B12_004914,Razorpay Nodal,JIOO-INV-225503 PO_B12_004914,410550,9537,0,0,401013,INR,2026-08-13T23:28:00Z,BATCH-JIOO-4914
PO_B12_004915,PayU Enterprise,TATA-INV-377994 PO_B12_004915,242906,4973,0,0,237933,INR,2026-08-14T13:04:00Z,BATCH-TATA-4915
PO_B12_004916,Cashfree Escrow,PAYT-INV-105550 PO_B12_004916,49803,1082,0,0,48721,INR,2026-08-14T02:40:00Z,BATCH-PAYT-4916
PO_B12_004917,Stripe India,NYKA-INV-181723 PO_B12_004917,329511,6439,0,0,323072,INR,2026-08-14T14:53:00Z,BATCH-NYKA-4917
PO_B12_004918,Razorpay Nodal,BLNK-INV-567696 PO_B12_004918,59291,1149,0,0,58142,INR,2026-08-13T17:59:00Z,BATCH-BLNK-4918
PO_B12_004919,BillDesk Settlement,PAYT-INV-820263 PO_B12_004919,82247,1395,0,0,80852,INR,2026-08-14T19:59:00Z,BATCH-PAYT-4919
PO_B12_004920,BillDesk Settlement,PHNP-EXC-233686-UNRESOLVED,165594,3301,0,0,162293,INR,2026-08-15T08:29:00Z,HOLD-ESCROW
PO_B12_004921,Razorpay Nodal,AMZN-ORD-780185 AMZN-ORD-380849 BATCH-AMZN-4921,205240,4104,0,0,201136,INR,2026-08-13T23:22:00Z,BATCH-AMZN-4921
PO_B12_004922,Stripe India,JIOO-INV-985484 PO_B12_004922,222996,4552,0,0,218444,INR,2026-08-14T07:47:00Z,BATCH-JIOO-4922
PO_B12_004923,Cashfree Escrow,PAYT-INV-357979 PO_B12_004923,112357,2367,0,0,109990,INR,2026-08-13T15:39:00Z,BATCH-PAYT-4923
PO_B12_004924,Razorpay Nodal,SWIG-INV-376917 PO_B12_004924,184194,3201,0,0,180993,INR,2026-08-14T03:11:00Z,BATCH-SWIG-4924
PO_B12_004925,PayU Enterprise,BLNK-INV-466799 PO_B12_004925,146395,2301,0,0,144094,INR,2026-08-14T03:16:00Z,BATCH-BLNK-4925
PO_B12_004926,BillDesk Settlement,MMTR-INV-739669 PO_B12_004926,236586,4672,0,0,231914,INR,2026-08-13T17:45:00Z,BATCH-MMTR-4926
PO_B12_004927,Stripe India,OLAA-INV-586761 PO_B12_004927,130241,2509,0,0,127732,INR,2026-08-14T11:16:00Z,BATCH-OLAA-4927
PO_B12_004928,Cashfree Escrow,BKMS-INV-976366 PO_B12_004928,102743,2204,0,0,100539,INR,2026-08-14T06:18:00Z,BATCH-BKMS-4928
PO_B12_004929,Cashfree Escrow,JIOO-INV-773397 PO_B12_004929,128552,3051,0,0,125501,INR,2026-08-13T18:57:00Z,BATCH-JIOO-4929
PO_B12_004930,Stripe India,FLPK-INV-945563 PO_B12_004930,330819,5695,0,0,325124,INR,2026-08-14T18:02:00Z,BATCH-FLPK-4930
PO_B12_004931,PayU Enterprise,PAYT-INV-134379 PO_B12_004931,163019,2781,0,0,160238,INR,2026-08-14T15:52:00Z,BATCH-PAYT-4931
PO_B12_004932,PayU Enterprise,OLAA-ORD-447763 OLAA-ORD-129050 BATCH-OLAA-4932,369401,7388,0,0,362013,INR,2026-08-14T07:15:00Z,BATCH-OLAA-4932
PO_B12_004933,PayU Enterprise,MYNT-EXC-424967-UNRESOLVED,57541,1140,0,0,56401,INR,2026-08-14T19:17:00Z,HOLD-ESCROW
PO_B12_004934,Razorpay Nodal,AMZN-INV-877421 PO_B12_004934,427475,9712,0,0,417763,INR,2026-08-14T10:15:00Z,BATCH-AMZN-4934
PO_B12_004935,BillDesk Settlement,SWIG-INV-756441 PO_B12_004935,148437,2827,0,0,145610,INR,2026-08-14T15:32:00Z,BATCH-SWIG-4935
PO_B12_004936,BillDesk Settlement,TATA-INV-865511 PO_B12_004936,299824,4725,0,0,295099,INR,2026-08-14T04:35:00Z,BATCH-TATA-4936
PO_B12_004937,Stripe India,BBAS-INV-782092 PO_B12_004937,66096,1468,0,0,64628,INR,2026-08-14T00:11:00Z,BATCH-BBAS-4937
PO_B12_004938,PayU Enterprise,PAYT-INV-861626 PO_B12_004938,36286,715,0,0,35571,INR,2026-08-14T05:40:00Z,BATCH-PAYT-4938
PO_B12_004939,Cashfree Escrow,BBAS-INV-438505 PO_B12_004939,221244,4831,0,0,216413,INR,2026-08-14T03:10:00Z,BATCH-BBAS-4939
PO_B12_004940,Stripe India,NYKA-INV-225840 PO_B12_004940,244424,6073,0,0,238351,INR,2026-08-14T12:27:00Z,BATCH-NYKA-4940
PO_B12_004941,Cashfree Escrow,FLPK-INV-799003 PO_B12_004941,137829,3070,0,0,134759,INR,2026-08-14T10:07:00Z,BATCH-FLPK-4941
PO_B12_004942,BillDesk Settlement,BBAS-ORD-544905 BBAS-ORD-999338 BATCH-BBAS-4942,243998,4879,0,0,239119,INR,2026-08-14T00:44:00Z,BATCH-BBAS-4942
PO_B12_004943,Stripe India,BBAS-ORD-952509 BBAS-ORD-846680 BBAS-ORD-518512 BATCH-BBAS-4943,521160,10423,0,0,510737,INR,2026-08-14T14:14:00Z,BATCH-BBAS-4943
PO_B12_004944,PayU Enterprise,ZOMA-INV-831044 PO_B12_004944,68230,1650,0,0,66580,INR,2026-08-14T09:58:00Z,BATCH-ZOMA-4944
PO_B12_004945,Cashfree Escrow,PAYT-INV-624087 PO_B12_004945,104143,1834,0,0,102309,INR,2026-08-14T03:21:00Z,BATCH-PAYT-4945
PO_B12_004946,Cashfree Escrow,SWIG-INV-179367 PO_B12_004946,112159,2054,0,0,110105,INR,2026-08-14T07:37:00Z,BATCH-SWIG-4946
PO_B12_004947,Stripe India,BLNK-INV-544660 PO_B12_004947,430554,10602,0,0,419952,INR,2026-08-14T00:29:00Z,BATCH-BLNK-4947
PO_B12_004948,Cashfree Escrow,PHNP-INV-440410 PO_B12_004948,391954,9704,0,0,382250,INR,2026-08-14T09:31:00Z,BATCH-PHNP-4948
PO_B12_004949,PayU Enterprise,UBER-INV-490473 PO_B12_004949,323476,7061,0,0,316415,INR,2026-08-14T19:21:00Z,BATCH-UBER-4949
PO_B12_004950,Cashfree Escrow,TATA-EXC-903587-UNRESOLVED,239751,4785,0,0,234966,INR,2026-08-14T14:48:00Z,HOLD-ESCROW
PO_B12_004951,Cashfree Escrow,ZOMA-INV-641967 PO_B12_004951,320603,6836,0,0,313767,INR,2026-08-13T22:15:00Z,BATCH-ZOMA-4951
PO_B12_004952,Stripe India,FLPK-INV-919061 PO_B12_004952,86133,1675,0,0,84458,INR,2026-08-14T02:41:00Z,BATCH-FLPK-4952
PO_B12_004953,PayU Enterprise,ZOMA-INV-358151 PO_B12_004953,219241,3621,0,0,215620,INR,2026-08-14T22:46:00Z,BATCH-ZOMA-4953
PO_B12_004954,Stripe India,UBER-INV-655511 PO_B12_004954,293083,5072,0,0,288011,INR,2026-08-14T21:18:00Z,BATCH-UBER-4954
PO_B12_004955,BillDesk Settlement,MYNT-ORD-305200 MYNT-ORD-988777 MYNT-ORD-746178 BATCH-MYNT-4955,562570,11251,0,0,551319,INR,2026-08-14T18:51:00Z,BATCH-MYNT-4955
PO_B12_004956,Stripe India,BLNK-INV-950848 PO_B12_004956,35036,822,0,0,34214,INR,2026-08-14T00:19:00Z,BATCH-BLNK-4956
PO_B12_004957,Cashfree Escrow,AMZN-INV-874221 PO_B12_004957,320236,7662,0,0,312574,INR,2026-08-14T16:27:00Z,BATCH-AMZN-4957
PO_B12_004958,PayU Enterprise,TATA-ORD-336647 TATA-ORD-190119 BATCH-TATA-4958,314103,6282,0,0,307821,INR,2026-08-14T08:18:00Z,BATCH-TATA-4958
PO_B12_004959,Razorpay Nodal,OLAA-INV-888593 PO_B12_004959,337934,8179,0,0,329755,INR,2026-08-14T13:59:00Z,BATCH-OLAA-4959
PO_B12_004960,Stripe India,FLPK-INV-850580 PO_B12_004960,325645,7309,0,0,318336,INR,2026-08-14T02:43:00Z,BATCH-FLPK-4960
PO_B12_004961,Stripe India,UBER-EXC-289491-UNRESOLVED,99651,1983,0,0,97668,INR,2026-08-14T18:01:00Z,HOLD-ESCROW
PO_B12_004962,BillDesk Settlement,ZOMA-INV-878179 PO_B12_004962,40559,927,0,0,39632,INR,2026-08-14T03:28:00Z,BATCH-ZOMA-4962
PO_B12_004963,PayU Enterprise,OLAA-ORD-236739 OLAA-ORD-972518 OLAA-ORD-640910 BATCH-OLAA-4963,377311,7546,0,0,369765,INR,2026-08-14T20:41:00Z,BATCH-OLAA-4963
PO_B12_004964,Stripe India,MYNT-INV-922949 PO_B12_004964,271756,6289,0,0,265467,INR,2026-08-14T20:53:00Z,BATCH-MYNT-4964
PO_B12_004965,Stripe India,MYNT-ORD-179442 MYNT-ORD-324577 MYNT-ORD-212824 BATCH-MYNT-4965,350032,7000,0,0,343032,INR,2026-08-14T04:31:00Z,BATCH-MYNT-4965
PO_B12_004966,Stripe India,FLPK-INV-342561 PO_B12_004966,109906,1876,0,0,108030,INR,2026-08-14T00:07:00Z,BATCH-FLPK-4966
PO_B12_004967,BillDesk Settlement,SWIG-ORD-252111 SWIG-ORD-174481 BATCH-SWIG-4967,180588,3611,0,0,176977,INR,2026-08-14T01:23:00Z,BATCH-SWIG-4967
PO_B12_004968,PayU Enterprise,PAYT-INV-928509 PO_B12_004968,129253,2726,0,0,126527,INR,2026-08-14T14:08:00Z,BATCH-PAYT-4968
PO_B12_004969,Stripe India,PAYT-INV-893743 PO_B12_004969,58096,1451,0,0,56645,INR,2026-08-14T16:25:00Z,BATCH-PAYT-4969
PO_B12_004970,Stripe India,BKMS-EXC-469101-UNRESOLVED,97125,1932,0,0,95193,INR,2026-08-14T12:46:00Z,HOLD-ESCROW
PO_B12_004971,Stripe India,SWIG-ORD-971122 SWIG-ORD-197439 BATCH-SWIG-4971,284006,5680,0,0,278326,INR,2026-08-14T15:18:00Z,BATCH-SWIG-4971
PO_B12_004972,Razorpay Nodal,NYKA-INV-870973 PO_B12_004972,204638,3899,0,0,200739,INR,2026-08-14T05:38:00Z,BATCH-NYKA-4972
PO_B12_004973,Stripe India,SWIG-INV-181994 PO_B12_004973,262549,5358,0,0,257191,INR,2026-08-13T21:23:00Z,BATCH-SWIG-4973
PO_B12_004974,BillDesk Settlement,AMZN-INV-300181 PO_B12_004974,85509,1342,0,0,84167,INR,2026-08-14T04:35:00Z,BATCH-AMZN-4974
PO_B12_004975,Razorpay Nodal,OLAA-INV-736443 PO_B12_004975,36415,586,0,0,35829,INR,2026-08-13T22:32:00Z,BATCH-OLAA-4975
PO_B12_004976,PayU Enterprise,AMZN-INV-847958 PO_B12_004976,161216,3364,0,0,157852,INR,2026-08-14T09:11:00Z,BATCH-AMZN-4976
PO_B12_004977,Stripe India,UBER-ORD-626816 UBER-ORD-668667 UBER-ORD-686343 BATCH-UBER-4977,470651,9413,0,0,461238,INR,2026-08-14T10:04:00Z,BATCH-UBER-4977
PO_B12_004978,Stripe India,TATA-INV-354789 PO_B12_004978,99026,1991,0,0,97035,INR,2026-08-14T00:51:00Z,BATCH-TATA-4978
PO_B12_004979,PayU Enterprise,MMTR-INV-543331 PO_B12_004979,166942,2967,0,0,163975,INR,2026-08-14T05:37:00Z,BATCH-MMTR-4979
PO_B12_004980,Razorpay Nodal,FLPK-INV-286288 PO_B12_004980,166223,3353,0,0,162870,INR,2026-08-13T22:28:00Z,BATCH-FLPK-4980
PO_B12_004981,Cashfree Escrow,BKMS-INV-819165 PO_B12_004981,418763,8573,0,0,410190,INR,2026-08-14T12:14:00Z,BATCH-BKMS-4981
PO_B12_004982,Cashfree Escrow,PHNP-INV-850348 PO_B12_004982,313877,7192,0,0,306685,INR,2026-08-14T19:07:00Z,BATCH-PHNP-4982
PO_B12_004983,Stripe India,SWIG-ORD-490081 SWIG-ORD-131203 SWIG-ORD-181520 BATCH-SWIG-4983,465102,9302,0,0,455800,INR,2026-08-14T16:50:00Z,BATCH-SWIG-4983
PO_B12_004984,Razorpay Nodal,NYKA-ORD-228885 NYKA-ORD-317040 BATCH-NYKA-4984,276391,5527,0,0,270864,INR,2026-08-14T14:52:00Z,BATCH-NYKA-4984
PO_B12_004985,PayU Enterprise,MMTR-INV-776758 PO_B12_004985,244322,5579,0,0,238743,INR,2026-08-13T16:32:00Z,BATCH-MMTR-4985
PO_B12_004986,Razorpay Nodal,NYKA-INV-259426 PO_B12_004986,282109,5547,0,0,276562,INR,2026-08-14T14:25:00Z,BATCH-NYKA-4986
PO_B12_004987,Cashfree Escrow,TATA-ORD-707189 TATA-ORD-354067 BATCH-TATA-4987,234963,4699,0,0,230264,INR,2026-08-14T08:47:00Z,BATCH-TATA-4987
PO_B12_004988,PayU Enterprise,SWIG-INV-346141 PO_B12_004988,51012,1057,0,0,49955,INR,2026-08-13T22:02:00Z,BATCH-SWIG-4988
PO_B12_004989,Stripe India,PAYT-EXC-116428-UNRESOLVED,79832,1586,0,0,78246,INR,2026-08-14T10:15:00Z,HOLD-ESCROW
PO_B12_004990,Cashfree Escrow,AMZN-INV-264204 PO_B12_004990,69422,1293,0,0,68129,INR,2026-08-13T22:56:00Z,BATCH-AMZN-4990
PO_B12_004991,Stripe India,UBER-ORD-751828 UBER-ORD-770198 BATCH-UBER-4991,279606,5592,0,0,274014,INR,2026-08-14T07:01:00Z,BATCH-UBER-4991
PO_B12_004992,BillDesk Settlement,TATA-INV-910258 PO_B12_004992,39776,827,0,0,38949,INR,2026-08-14T12:06:00Z,BATCH-TATA-4992
PO_B12_004993,Stripe India,TATA-ORD-100505 TATA-ORD-158377 BATCH-TATA-4993,259055,5181,0,0,253874,INR,2026-08-14T19:31:00Z,BATCH-TATA-4993
PO_B12_004994,Razorpay Nodal,BLNK-INV-900074 PO_B12_004994,283435,6601,0,0,276834,INR,2026-08-15T00:34:00Z,BATCH-BLNK-4994
PO_B12_004995,Stripe India,MMTR-ORD-798278 MMTR-ORD-769199 MMTR-ORD-515570 BATCH-MMTR-4995,396666,7933,0,0,388733,INR,2026-08-14T07:35:00Z,BATCH-MMTR-4995
PO_B12_004996,PayU Enterprise,AMZN-INV-324165 PO_B12_004996,83972,1979,0,0,81993,INR,2026-08-13T20:32:00Z,BATCH-AMZN-4996
PO_B12_004997,BillDesk Settlement,JIOO-INV-762304 PO_B12_004997,37271,654,0,0,36617,INR,2026-08-14T15:32:00Z,BATCH-JIOO-4997
PO_B12_004998,PayU Enterprise,ZOMA-EXC-990771-UNRESOLVED,51529,1020,0,0,50509,INR,2026-08-14T23:41:00Z,HOLD-ESCROW
PO_B12_004999,BillDesk Settlement,PHNP-INV-810825 PO_B12_004999,392032,9209,0,0,382823,INR,2026-08-14T02:59:00Z,BATCH-PHNP-4999
PO_B12_005000,Cashfree Escrow,MYNT-INV-973149 PO_B12_005000,308469,6551,0,0,301918,INR,2026-08-14T12:06:00Z,BATCH-MYNT-5000
PO_B12_005001,PayU Enterprise,NYKA-INV-638162 PO_B12_005001,349564,7315,0,0,342249,INR,2026-08-14T14:07:00Z,BATCH-NYKA-5001
PO_B12_005002,BillDesk Settlement,NYKA-INV-806919 PO_B12_005002,329883,6519,0,0,323364,INR,2026-08-14T23:14:00Z,BATCH-NYKA-5002
PO_B12_005003,Cashfree Escrow,NYKA-EXC-719842-UNRESOLVED,61298,1215,0,0,60083,INR,2026-08-14T23:39:00Z,HOLD-ESCROW
PO_B12_005004,Cashfree Escrow,ZOMA-INV-606408 PO_B12_005004,92231,1780,0,0,90451,INR,2026-08-14T05:26:00Z,BATCH-ZOMA-5004
PO_B12_005005,BillDesk Settlement,ZOMA-INV-774234 PO_B12_005005,278045,5040,0,0,273005,INR,2026-08-14T15:23:00Z,BATCH-ZOMA-5005
PO_B12_005006,Razorpay Nodal,MYNT-EXC-912479-UNRESOLVED,133548,2660,0,0,130888,INR,2026-08-14T16:14:00Z,HOLD-ESCROW
PO_B12_005007,BillDesk Settlement,BLNK-ORD-207521 BLNK-ORD-791551 BATCH-BLNK-5007,142856,2857,0,0,139999,INR,2026-08-14T16:24:00Z,BATCH-BLNK-5007
PO_B12_005008,Razorpay Nodal,OLAA-INV-675859 PO_B12_005008,355264,7277,0,0,347987,INR,2026-08-14T12:29:00Z,BATCH-OLAA-5008
PO_B12_005009,Cashfree Escrow,PHNP-INV-795086 PO_B12_005009,271874,6405,0,0,265469,INR,2026-08-14T20:51:00Z,BATCH-PHNP-5009
PO_B12_005010,BillDesk Settlement,MMTR-ORD-868914 MMTR-ORD-989005 MMTR-ORD-207091 BATCH-MMTR-5010,600935,12018,0,0,588917,INR,2026-08-14T17:49:00Z,BATCH-MMTR-5010
PO_B12_005011,Razorpay Nodal,SWIG-INV-919757 PO_B12_005011,412428,6307,0,0,406121,INR,2026-08-14T21:14:00Z,BATCH-SWIG-5011
PO_B12_005012,Cashfree Escrow,PHNP-INV-502427 PO_B12_005012,286138,6136,0,0,280002,INR,2026-08-14T05:12:00Z,BATCH-PHNP-5012
PO_B12_005013,Stripe India,OLAA-INV-489192 PO_B12_005013,141560,3178,0,0,138382,INR,2026-08-14T10:24:00Z,BATCH-OLAA-5013
PO_B12_005014,PayU Enterprise,BLNK-INV-696298 PO_B12_005014,99032,2286,0,0,96746,INR,2026-08-14T09:10:00Z,BATCH-BLNK-5014
PO_B12_005015,Cashfree Escrow,UBER-ORD-823596 UBER-ORD-286562 BATCH-UBER-5015,238399,4767,0,0,233632,INR,2026-08-14T07:53:00Z,BATCH-UBER-5015
PO_B12_005016,Razorpay Nodal,NYKA-INV-828650 PO_B12_005016,340520,7367,0,0,333153,INR,2026-08-13T15:42:00Z,BATCH-NYKA-5016
PO_B12_005017,BillDesk Settlement,JIOO-INV-230331 PO_B12_005017,331504,7718,0,0,323786,INR,2026-08-14T16:54:00Z,BATCH-JIOO-5017
PO_B12_005018,Cashfree Escrow,UBER-INV-918029 PO_B12_005018,285831,4712,0,0,281119,INR,2026-08-14T03:07:00Z,BATCH-UBER-5018
PO_B12_005019,BillDesk Settlement,BKMS-INV-690294 PO_B12_005019,213302,4890,0,0,208412,INR,2026-08-14T21:13:00Z,BATCH-BKMS-5019
PO_B12_005020,Cashfree Escrow,PHNP-EXC-891468-UNRESOLVED,167631,3342,0,0,164289,INR,2026-08-14T15:41:00Z,HOLD-ESCROW
PO_B12_005021,Cashfree Escrow,PHNP-INV-255827 PO_B12_005021,216616,3295,0,0,213321,INR,2026-08-14T02:51:00Z,BATCH-PHNP-5021
PO_B12_005022,PayU Enterprise,NYKA-INV-481537 PO_B12_005022,40347,708,0,0,39639,INR,2026-08-14T12:17:00Z,BATCH-NYKA-5022
PO_B12_005023,Cashfree Escrow,UBER-INV-494822 PO_B12_005023,374076,7017,0,0,367059,INR,2026-08-14T15:03:00Z,BATCH-UBER-5023
PO_B12_005024,Cashfree Escrow,AMZN-INV-562972 PO_B12_005024,282869,6422,0,0,276447,INR,2026-08-14T11:31:00Z,BATCH-AMZN-5024
PO_B12_005025,Razorpay Nodal,JIOO-INV-495084 PO_B12_005025,324613,4929,0,0,319684,INR,2026-08-14T23:27:00Z,BATCH-JIOO-5025
PO_B12_005026,Cashfree Escrow,FLPK-INV-877751 PO_B12_005026,324528,6078,0,0,318450,INR,2026-08-14T04:36:00Z,BATCH-FLPK-5026
PO_B12_005027,PayU Enterprise,AMZN-INV-166230 PO_B12_005027,199936,3223,0,0,196713,INR,2026-08-14T15:27:00Z,BATCH-AMZN-5027
PO_B12_005028,BillDesk Settlement,PHNP-INV-483366 PO_B12_005028,253983,4087,0,0,249896,INR,2026-08-13T15:07:00Z,BATCH-PHNP-5028
PO_B12_005029,Razorpay Nodal,FLPK-INV-640898 PO_B12_005029,51134,852,0,0,50282,INR,2026-08-14T07:58:00Z,BATCH-FLPK-5029
PO_B12_005030,Razorpay Nodal,FLPK-INV-547267 PO_B12_005030,71175,1628,0,0,69547,INR,2026-08-14T08:31:00Z,BATCH-FLPK-5030
PO_B12_005031,Cashfree Escrow,PHNP-INV-687922 PO_B12_005031,61896,1431,0,0,60465,INR,2026-08-14T03:01:00Z,BATCH-PHNP-5031
PO_B12_005032,Stripe India,PHNP-INV-332535 PO_B12_005032,185527,3417,0,0,182110,INR,2026-08-14T18:40:00Z,BATCH-PHNP-5032
PO_B12_005033,PayU Enterprise,NYKA-INV-151416 PO_B12_005033,57790,1242,0,0,56548,INR,2026-08-14T09:53:00Z,BATCH-NYKA-5033
PO_B12_005034,Stripe India,MMTR-INV-558726 PO_B12_005034,293215,4751,0,0,288464,INR,2026-08-14T02:05:00Z,BATCH-MMTR-5034
PO_B12_005035,Razorpay Nodal,OLAA-INV-307861 PO_B12_005035,90725,1431,0,0,89294,INR,2026-08-14T12:09:00Z,BATCH-OLAA-5035
PO_B12_005036,Stripe India,BBAS-INV-439137 PO_B12_005036,41694,952,0,0,40742,INR,2026-08-14T02:59:00Z,BATCH-BBAS-5036
PO_B12_005037,PayU Enterprise,OLAA-EXC-220710-UNRESOLVED,198497,3959,0,0,194538,INR,2026-08-15T08:13:00Z,HOLD-ESCROW
PO_B12_005038,BillDesk Settlement,MYNT-ORD-498740 MYNT-ORD-322166 BATCH-MYNT-5038,290337,5806,0,0,284531,INR,2026-08-13T21:29:00Z,BATCH-MYNT-5038
PO_B12_005039,Razorpay Nodal,PAYT-INV-896364 PO_B12_005039,348792,8142,0,0,340650,INR,2026-08-13T23:22:00Z,BATCH-PAYT-5039
PO_B12_005040,PayU Enterprise,ZOMA-INV-246346 PO_B12_005040,271464,4351,0,0,267113,INR,2026-08-13T23:47:00Z,BATCH-ZOMA-5040
PO_B12_005041,BillDesk Settlement,ZOMA-ORD-661415 ZOMA-ORD-502558 BATCH-ZOMA-5041,254392,5087,0,0,249305,INR,2026-08-14T20:22:00Z,BATCH-ZOMA-5041
PO_B12_005042,Razorpay Nodal,NYKA-INV-237803 PO_B12_005042,256369,5797,0,0,250572,INR,2026-08-14T08:25:00Z,BATCH-NYKA-5042
PO_B12_005043,Cashfree Escrow,BLNK-ORD-347180 BLNK-ORD-866635 BATCH-BLNK-5043,329036,6580,0,0,322456,INR,2026-08-14T04:29:00Z,BATCH-BLNK-5043
PO_B12_005044,BillDesk Settlement,BBAS-ORD-843770 BBAS-ORD-137984 BATCH-BBAS-5044,189478,3789,0,0,185689,INR,2026-08-14T00:46:00Z,BATCH-BBAS-5044
PO_B12_005045,BillDesk Settlement,BBAS-INV-936949 PO_B12_005045,342813,6886,0,0,335927,INR,2026-08-14T11:21:00Z,BATCH-BBAS-5045
PO_B12_005046,Razorpay Nodal,BBAS-INV-906830 PO_B12_005046,365849,9011,0,0,356838,INR,2026-08-14T09:04:00Z,BATCH-BBAS-5046
PO_B12_005047,PayU Enterprise,PAYT-ORD-297130 PAYT-ORD-941046 BATCH-PAYT-5047,123125,2462,0,0,120663,INR,2026-08-13T22:59:00Z,BATCH-PAYT-5047
PO_B12_005048,BillDesk Settlement,PAYT-ORD-419906 PAYT-ORD-603107 BATCH-PAYT-5048,348542,6970,0,0,341572,INR,2026-08-14T09:51:00Z,BATCH-PAYT-5048
PO_B12_005049,BillDesk Settlement,JIOO-ORD-481765 JIOO-ORD-689310 JIOO-ORD-547355 BATCH-JIOO-5049,434761,8695,0,0,426066,INR,2026-08-14T16:05:00Z,BATCH-JIOO-5049
PO_B12_005050,Razorpay Nodal,BBAS-INV-168628 PO_B12_005050,326720,5737,0,0,320983,INR,2026-08-14T08:21:00Z,BATCH-BBAS-5050
PO_B12_005051,BillDesk Settlement,MMTR-INV-825473 PO_B12_005051,367237,9112,0,0,358125,INR,2026-08-14T20:20:00Z,BATCH-MMTR-5051
PO_B12_005052,PayU Enterprise,MYNT-INV-297281 PO_B12_005052,340886,6858,0,0,334028,INR,2026-08-14T03:00:00Z,BATCH-MYNT-5052
PO_B12_005053,Stripe India,ZOMA-INV-295570 PO_B12_005053,398489,9031,0,0,389458,INR,2026-08-13T23:40:00Z,BATCH-ZOMA-5053
PO_B12_005054,BillDesk Settlement,ZOMA-INV-106569 PO_B12_005054,204009,4116,0,0,199893,INR,2026-08-14T06:39:00Z,BATCH-ZOMA-5054
PO_B12_005055,BillDesk Settlement,FLPK-ORD-816013 FLPK-ORD-955186 FLPK-ORD-957194 BATCH-FLPK-5055,206652,4133,0,0,202519,INR,2026-08-14T00:12:00Z,BATCH-FLPK-5055
PO_B12_005056,Cashfree Escrow,TATA-ORD-687542 TATA-ORD-251531 BATCH-TATA-5056,156092,3121,0,0,152971,INR,2026-08-14T19:28:00Z,BATCH-TATA-5056
PO_B12_005057,PayU Enterprise,NYKA-EXC-595268-UNRESOLVED,130716,2604,0,0,128112,INR,2026-08-14T11:34:00Z,HOLD-ESCROW
PO_B12_005058,PayU Enterprise,ZOMA-INV-480553 PO_B12_005058,160420,3062,0,0,157358,INR,2026-08-14T10:42:00Z,BATCH-ZOMA-5058
PO_B12_005059,PayU Enterprise,SWIG-INV-797350 PO_B12_005059,212058,4846,0,0,207212,INR,2026-08-14T02:53:00Z,BATCH-SWIG-5059
PO_B12_005060,Razorpay Nodal,AMZN-ORD-869681 AMZN-ORD-490136 BATCH-AMZN-5060,216885,4337,0,0,212548,INR,2026-08-14T10:03:00Z,BATCH-AMZN-5060
PO_B12_005061,PayU Enterprise,ZOMA-INV-428855 PO_B12_005061,418203,9220,0,0,408983,INR,2026-08-14T17:46:00Z,BATCH-ZOMA-5061
PO_B12_005062,Stripe India,SWIG-ORD-943524 SWIG-ORD-792693 BATCH-SWIG-5062,381424,7628,0,0,373796,INR,2026-08-14T19:23:00Z,BATCH-SWIG-5062
PO_B12_005063,Stripe India,MYNT-INV-235119 PO_B12_005063,256954,5081,0,0,251873,INR,2026-08-13T14:26:00Z,BATCH-MYNT-5063
PO_B12_005064,BillDesk Settlement,PAYT-INV-797197 PO_B12_005064,327606,7362,0,0,320244,INR,2026-08-14T02:32:00Z,BATCH-PAYT-5064
PO_B12_005065,PayU Enterprise,BKMS-INV-480264 PO_B12_005065,445565,10576,0,0,434989,INR,2026-08-14T06:49:00Z,BATCH-BKMS-5065
PO_B12_005066,PayU Enterprise,UBER-INV-297481 PO_B12_005066,82321,1245,0,0,81076,INR,2026-08-14T10:08:00Z,BATCH-UBER-5066
PO_B12_005067,Stripe India,OLAA-INV-149079 PO_B12_005067,298524,5259,0,0,293265,INR,2026-08-14T16:29:00Z,BATCH-OLAA-5067
PO_B12_005068,Razorpay Nodal,JIOO-INV-689694 PO_B12_005068,58583,1150,0,0,57433,INR,2026-08-13T20:06:00Z,BATCH-JIOO-5068
PO_B12_005069,Cashfree Escrow,FLPK-ORD-346714 FLPK-ORD-806411 FLPK-ORD-673215 BATCH-FLPK-5069,327051,6541,0,0,320510,INR,2026-08-14T15:18:00Z,BATCH-FLPK-5069
PO_B12_005070,Razorpay Nodal,ZOMA-INV-819260 PO_B12_005070,142065,3054,0,0,139011,INR,2026-08-14T07:56:00Z,BATCH-ZOMA-5070
PO_B12_005071,PayU Enterprise,JIOO-INV-372258 PO_B12_005071,358300,8008,0,0,350292,INR,2026-08-14T11:58:00Z,BATCH-JIOO-5071
PO_B12_005072,Cashfree Escrow,MMTR-INV-340236 PO_B12_005072,74358,1115,0,0,73243,INR,2026-08-14T04:17:00Z,BATCH-MMTR-5072
PO_B12_005073,Cashfree Escrow,BKMS-INV-361588 PO_B12_005073,258537,5425,0,0,253112,INR,2026-08-14T02:00:00Z,BATCH-BKMS-5073
PO_B12_005074,PayU Enterprise,JIOO-INV-656495 PO_B12_005074,169243,3741,0,0,165502,INR,2026-08-14T09:44:00Z,BATCH-JIOO-5074
PO_B12_005075,PayU Enterprise,PHNP-ORD-812554 PHNP-ORD-943426 BATCH-PHNP-5075,240618,4812,0,0,235806,INR,2026-08-14T13:04:00Z,BATCH-PHNP-5075
PO_B12_005076,PayU Enterprise,BKMS-ORD-253356 BKMS-ORD-136032 BATCH-BKMS-5076,398976,7979,0,0,390997,INR,2026-08-14T02:43:00Z,BATCH-BKMS-5076
PO_B12_005077,PayU Enterprise,PAYT-INV-443870 PO_B12_005077,282152,4864,0,0,277288,INR,2026-08-14T13:29:00Z,BATCH-PAYT-5077
PO_B12_005078,PayU Enterprise,TATA-INV-133292 PO_B12_005078,205513,3700,0,0,201813,INR,2026-08-14T14:23:00Z,BATCH-TATA-5078
PO_B12_005079,Razorpay Nodal,PHNP-INV-667820 PO_B12_005079,41297,913,0,0,40384,INR,2026-08-14T04:42:00Z,BATCH-PHNP-5079
PO_B12_005080,Razorpay Nodal,PAYT-INV-400385 PO_B12_005080,383092,7921,0,0,375171,INR,2026-08-13T17:45:00Z,BATCH-PAYT-5080
PO_B12_005081,BillDesk Settlement,SWIG-INV-457630 PO_B12_005081,425534,8819,0,0,416715,INR,2026-08-13T19:11:00Z,BATCH-SWIG-5081
PO_B12_005082,PayU Enterprise,PAYT-INV-378011 PO_B12_005082,63847,1389,0,0,62458,INR,2026-08-14T10:04:00Z,BATCH-PAYT-5082
PO_B12_005083,Razorpay Nodal,MMTR-ORD-556412 MMTR-ORD-425310 MMTR-ORD-918889 BATCH-MMTR-5083,481382,9627,0,0,471755,INR,2026-08-14T00:57:00Z,BATCH-MMTR-5083
PO_B12_005084,Cashfree Escrow,BKMS-INV-582108 PO_B12_005084,34792,592,0,0,34200,INR,2026-08-14T16:38:00Z,BATCH-BKMS-5084
PO_B12_005085,Stripe India,ZOMA-EXC-184194-UNRESOLVED,297769,5945,0,0,291824,INR,2026-08-14T16:47:00Z,HOLD-ESCROW
PO_B12_005086,BillDesk Settlement,BLNK-ORD-852705 BLNK-ORD-738234 BATCH-BLNK-5086,250210,5004,0,0,245206,INR,2026-08-14T01:22:00Z,BATCH-BLNK-5086
PO_B12_005087,BillDesk Settlement,BLNK-ORD-392899 BLNK-ORD-335588 BATCH-BLNK-5087,291431,5828,0,0,285603,INR,2026-08-14T08:28:00Z,BATCH-BLNK-5087
PO_B12_005088,PayU Enterprise,PHNP-INV-187248 PO_B12_005088,287294,4469,0,0,282825,INR,2026-08-14T04:22:00Z,BATCH-PHNP-5088
PO_B12_005089,Stripe India,JIOO-INV-970705 PO_B12_005089,41004,617,0,0,40387,INR,2026-08-14T02:03:00Z,BATCH-JIOO-5089
PO_B12_005090,Razorpay Nodal,UBER-INV-895920 PO_B12_005090,367491,8561,0,0,358930,INR,2026-08-14T14:45:00Z,BATCH-UBER-5090
PO_B12_005091,BillDesk Settlement,MYNT-INV-576471 PO_B12_005091,59844,1198,0,0,58646,INR,2026-08-13T18:47:00Z,BATCH-MYNT-5091
PO_B12_005092,BillDesk Settlement,ZOMA-ORD-502613 ZOMA-ORD-612877 BATCH-ZOMA-5092,218086,4361,0,0,213725,INR,2026-08-14T10:38:00Z,BATCH-ZOMA-5092
PO_B12_005093,Razorpay Nodal,PHNP-INV-585900 PO_B12_005093,271512,5877,0,0,265635,INR,2026-08-14T12:03:00Z,BATCH-PHNP-5093
PO_B12_005094,PayU Enterprise,BKMS-ORD-100904 BKMS-ORD-152609 BKMS-ORD-737732 BATCH-BKMS-5094,334165,6683,0,0,327482,INR,2026-08-14T19:08:00Z,BATCH-BKMS-5094
PO_B12_005095,BillDesk Settlement,PHNP-INV-738969 PO_B12_005095,40723,838,0,0,39885,INR,2026-08-13T21:25:00Z,BATCH-PHNP-5095
PO_B12_005096,PayU Enterprise,OLAA-INV-383246 PO_B12_005096,431436,8327,0,0,423109,INR,2026-08-14T12:09:00Z,BATCH-OLAA-5096
PO_B12_005097,Cashfree Escrow,BKMS-INV-398999 PO_B12_005097,448214,9532,0,0,438682,INR,2026-08-14T14:55:00Z,BATCH-BKMS-5097
PO_B12_005098,BillDesk Settlement,ZOMA-INV-133555 PO_B12_005098,292397,6503,0,0,285894,INR,2026-08-14T19:08:00Z,BATCH-ZOMA-5098
PO_B12_005099,Cashfree Escrow,PAYT-INV-412222 PO_B12_005099,113039,2158,0,0,110881,INR,2026-08-14T04:16:00Z,BATCH-PAYT-5099
PO_B12_005100,Razorpay Nodal,BKMS-INV-260949 PO_B12_005100,63025,1316,0,0,61709,INR,2026-08-14T02:14:00Z,BATCH-BKMS-5100
PO_B12_005101,PayU Enterprise,PAYT-INV-688684 PO_B12_005101,230149,5439,0,0,224710,INR,2026-08-13T18:42:00Z,BATCH-PAYT-5101
PO_B12_005102,BillDesk Settlement,BKMS-INV-303814 PO_B12_005102,233063,4447,0,0,228616,INR,2026-08-14T18:13:00Z,BATCH-BKMS-5102
PO_B12_005103,BillDesk Settlement,OLAA-INV-174728 PO_B12_005103,225446,3459,0,0,221987,INR,2026-08-14T02:07:00Z,BATCH-OLAA-5103
PO_B12_005104,Stripe India,BKMS-INV-976503 PO_B12_005104,219798,4813,0,0,214985,INR,2026-08-14T00:35:00Z,BATCH-BKMS-5104
PO_B12_005105,Stripe India,TATA-ORD-365860 TATA-ORD-643327 BATCH-TATA-5105,383617,7672,0,0,375945,INR,2026-08-14T19:05:00Z,BATCH-TATA-5105
PO_B12_005106,BillDesk Settlement,JIOO-INV-348705 PO_B12_005106,431904,6716,0,0,425188,INR,2026-08-14T02:50:00Z,BATCH-JIOO-5106
PO_B12_005107,PayU Enterprise,PAYT-INV-597135 PO_B12_005107,167601,3724,0,0,163877,INR,2026-08-14T06:20:00Z,BATCH-PAYT-5107
PO_B12_005108,Stripe India,MMTR-ORD-891820 MMTR-ORD-654844 BATCH-MMTR-5108,288253,5765,0,0,282488,INR,2026-08-14T01:07:00Z,BATCH-MMTR-5108
PO_B12_005109,Cashfree Escrow,NYKA-ORD-651165 NYKA-ORD-812706 BATCH-NYKA-5109,232098,4641,0,0,227457,INR,2026-08-14T16:37:00Z,BATCH-NYKA-5109
PO_B12_005110,Cashfree Escrow,BLNK-INV-248715 PO_B12_005110,127476,2027,0,0,125449,INR,2026-08-13T22:11:00Z,BATCH-BLNK-5110
PO_B12_005111,PayU Enterprise,UBER-INV-735533 PO_B12_005111,155283,2971,0,0,152312,INR,2026-08-14T12:32:00Z,BATCH-UBER-5111
PO_B12_005112,BillDesk Settlement,MMTR-ORD-221272 MMTR-ORD-745715 BATCH-MMTR-5112,427019,8540,0,0,418479,INR,2026-08-14T12:39:00Z,BATCH-MMTR-5112
PO_B12_005113,BillDesk Settlement,TATA-INV-863632 PO_B12_005113,188195,3368,0,0,184827,INR,2026-08-13T19:57:00Z,BATCH-TATA-5113
PO_B12_005114,BillDesk Settlement,UBER-ORD-808917 UBER-ORD-705325 BATCH-UBER-5114,331809,6636,0,0,325173,INR,2026-08-14T04:18:00Z,BATCH-UBER-5114
PO_B12_005115,Cashfree Escrow,AMZN-INV-877796 PO_B12_005115,314174,7834,0,0,306340,INR,2026-08-14T13:38:00Z,BATCH-AMZN-5115
PO_B12_005116,PayU Enterprise,BKMS-INV-198834 PO_B12_005116,231662,5774,0,0,225888,INR,2026-08-14T16:32:00Z,BATCH-BKMS-5116
PO_B12_005117,PayU Enterprise,MYNT-ORD-903432 MYNT-ORD-966712 BATCH-MYNT-5117,350760,7015,0,0,343745,INR,2026-08-14T07:16:00Z,BATCH-MYNT-5117
PO_B12_005118,BillDesk Settlement,UBER-INV-809625 PO_B12_005118,222796,3639,0,0,219157,INR,2026-08-14T11:06:00Z,BATCH-UBER-5118
PO_B12_005119,Stripe India,AMZN-INV-328328 PO_B12_005119,338845,8364,0,0,330481,INR,2026-08-14T03:19:00Z,BATCH-AMZN-5119
PO_B12_005120,Razorpay Nodal,BBAS-INV-698524 PO_B12_005120,407491,8542,0,0,398949,INR,2026-08-14T00:36:00Z,BATCH-BBAS-5120
PO_B12_005121,Razorpay Nodal,BKMS-INV-131670 PO_B12_005121,172031,3029,0,0,169002,INR,2026-08-14T03:30:00Z,BATCH-BKMS-5121
PO_B12_005122,Razorpay Nodal,BLNK-ORD-622262 BLNK-ORD-640251 BLNK-ORD-600975 BATCH-BLNK-5122,483021,9660,0,0,473361,INR,2026-08-14T16:56:00Z,BATCH-BLNK-5122
PO_B12_005123,PayU Enterprise,AMZN-INV-712260 PO_B12_005123,278387,5963,0,0,272424,INR,2026-08-13T20:41:00Z,BATCH-AMZN-5123
PO_B12_005124,Cashfree Escrow,PAYT-INV-480851 PO_B12_005124,58539,954,0,0,57585,INR,2026-08-14T11:56:00Z,BATCH-PAYT-5124
PO_B12_005125,Razorpay Nodal,NYKA-INV-306002 PO_B12_005125,440697,7099,0,0,433598,INR,2026-08-14T05:24:00Z,BATCH-NYKA-5125
PO_B12_005126,PayU Enterprise,BBAS-INV-632691 PO_B12_005126,348455,8690,0,0,339765,INR,2026-08-14T21:55:00Z,BATCH-BBAS-5126
PO_B12_005127,Stripe India,TATA-INV-388910 PO_B12_005127,186340,3372,0,0,182968,INR,2026-08-14T02:33:00Z,BATCH-TATA-5127
PO_B12_005128,Cashfree Escrow,PHNP-INV-935062 PO_B12_005128,302057,5801,0,0,296256,INR,2026-08-13T23:02:00Z,BATCH-PHNP-5128
PO_B12_005129,PayU Enterprise,NYKA-INV-914736 PO_B12_005129,252086,6097,0,0,245989,INR,2026-08-14T22:53:00Z,BATCH-NYKA-5129
PO_B12_005130,Razorpay Nodal,BKMS-EXC-142165-UNRESOLVED,129207,2574,0,0,126633,INR,2026-08-14T11:39:00Z,HOLD-ESCROW
PO_B12_005131,PayU Enterprise,BLNK-ORD-293657 BLNK-ORD-992080 BATCH-BLNK-5131,129981,2599,0,0,127382,INR,2026-08-14T17:31:00Z,BATCH-BLNK-5131
PO_B12_005132,PayU Enterprise,NYKA-INV-358958 PO_B12_005132,213382,4505,0,0,208877,INR,2026-08-14T20:20:00Z,BATCH-NYKA-5132
PO_B12_005133,Stripe India,OLAA-INV-258741 PO_B12_005133,86974,1380,0,0,85594,INR,2026-08-14T07:31:00Z,BATCH-OLAA-5133
PO_B12_005134,Cashfree Escrow,PHNP-INV-672992 PO_B12_005134,71435,1407,0,0,70028,INR,2026-08-14T01:04:00Z,BATCH-PHNP-5134
PO_B12_005135,Cashfree Escrow,BKMS-ORD-885501 BKMS-ORD-727607 BATCH-BKMS-5135,180254,3605,0,0,176649,INR,2026-08-14T15:29:00Z,BATCH-BKMS-5135
PO_B12_005136,PayU Enterprise,OLAA-INV-953930 PO_B12_005136,328270,7841,0,0,320429,INR,2026-08-14T11:42:00Z,BATCH-OLAA-5136
PO_B12_005137,Razorpay Nodal,OLAA-INV-334921 PO_B12_005137,302766,5250,0,0,297516,INR,2026-08-14T15:04:00Z,BATCH-OLAA-5137
PO_B12_005138,Cashfree Escrow,UBER-EXC-455446-UNRESOLVED,85907,1708,0,0,84199,INR,2026-08-15T08:42:00Z,HOLD-ESCROW
PO_B12_005139,BillDesk Settlement,BKMS-INV-429756 PO_B12_005139,148774,2357,0,0,146417,INR,2026-08-14T06:12:00Z,BATCH-BKMS-5139
PO_B12_005140,BillDesk Settlement,NYKA-INV-626763 PO_B12_005140,76361,1900,0,0,74461,INR,2026-08-14T17:08:00Z,BATCH-NYKA-5140
PO_B12_005141,BillDesk Settlement,UBER-INV-521077 PO_B12_005141,236354,5187,0,0,231167,INR,2026-08-14T08:31:00Z,BATCH-UBER-5141
PO_B12_005142,Razorpay Nodal,AMZN-ORD-807936 AMZN-ORD-870187 AMZN-ORD-755236 BATCH-AMZN-5142,342442,6848,0,0,335594,INR,2026-08-14T20:30:00Z,BATCH-AMZN-5142
PO_B12_005143,Cashfree Escrow,TATA-INV-886150 PO_B12_005143,307333,7290,0,0,300043,INR,2026-08-14T04:10:00Z,BATCH-TATA-5143
PO_B12_005144,BillDesk Settlement,OLAA-INV-394516 PO_B12_005144,445914,6925,0,0,438989,INR,2026-08-14T10:17:00Z,BATCH-OLAA-5144
PO_B12_005145,BillDesk Settlement,FLPK-INV-851615 PO_B12_005145,211966,3445,0,0,208521,INR,2026-08-13T23:19:00Z,BATCH-FLPK-5145
PO_B12_005146,Razorpay Nodal,FLPK-INV-982869 PO_B12_005146,83778,1456,0,0,82322,INR,2026-08-14T03:39:00Z,BATCH-FLPK-5146
PO_B12_005147,Cashfree Escrow,BBAS-INV-855603 PO_B12_005147,58592,1199,0,0,57393,INR,2026-08-14T16:14:00Z,BATCH-BBAS-5147
PO_B12_005148,PayU Enterprise,FLPK-INV-544254 PO_B12_005148,155186,2682,0,0,152504,INR,2026-08-14T20:35:00Z,BATCH-FLPK-5148
PO_B12_005149,PayU Enterprise,FLPK-INV-873202 PO_B12_005149,258005,3917,0,0,254088,INR,2026-08-14T08:57:00Z,BATCH-FLPK-5149
PO_B12_005150,Cashfree Escrow,MYNT-ORD-529068 MYNT-ORD-875646 MYNT-ORD-836770 BATCH-MYNT-5150,379509,7590,0,0,371919,INR,2026-08-14T09:55:00Z,BATCH-MYNT-5150
PO_B12_005151,BillDesk Settlement,PHNP-INV-112552 PO_B12_005151,431896,9927,0,0,421969,INR,2026-08-14T00:59:00Z,BATCH-PHNP-5151
PO_B12_005152,Stripe India,MMTR-INV-711166 PO_B12_005152,197997,4885,0,0,193112,INR,2026-08-14T23:00:00Z,BATCH-MMTR-5152
PO_B12_005153,Razorpay Nodal,MYNT-INV-786061 PO_B12_005153,324318,5976,0,0,318342,INR,2026-08-13T23:28:00Z,BATCH-MYNT-5153
PO_B12_005154,Cashfree Escrow,BLNK-EXC-157727-UNRESOLVED,112031,2230,0,0,109801,INR,2026-08-15T08:57:00Z,HOLD-ESCROW
PO_B12_005155,Stripe India,TATA-INV-310563 PO_B12_005155,159105,2952,0,0,156153,INR,2026-08-14T05:27:00Z,BATCH-TATA-5155
PO_B12_005156,PayU Enterprise,FLPK-INV-323053 PO_B12_005156,350429,6627,0,0,343802,INR,2026-08-13T19:34:00Z,BATCH-FLPK-5156
PO_B12_005157,BillDesk Settlement,ZOMA-ORD-452153 ZOMA-ORD-865723 BATCH-ZOMA-5157,253155,5063,0,0,248092,INR,2026-08-14T12:34:00Z,BATCH-ZOMA-5157
PO_B12_005158,BillDesk Settlement,BKMS-INV-125128 PO_B12_005158,165999,2529,0,0,163470,INR,2026-08-14T04:40:00Z,BATCH-BKMS-5158
PO_B12_005159,PayU Enterprise,FLPK-INV-933902 PO_B12_005159,51128,1208,0,0,49920,INR,2026-08-14T17:04:00Z,BATCH-FLPK-5159
PO_B12_005160,PayU Enterprise,BBAS-INV-919879 PO_B12_005160,173396,3040,0,0,170356,INR,2026-08-13T18:12:00Z,BATCH-BBAS-5160
PO_B12_005161,PayU Enterprise,SWIG-INV-683611 PO_B12_005161,68374,1685,0,0,66689,INR,2026-08-14T18:51:00Z,BATCH-SWIG-5161
PO_B12_005162,PayU Enterprise,MYNT-INV-925722 PO_B12_005162,213313,3331,0,0,209982,INR,2026-08-15T01:30:00Z,BATCH-MYNT-5162
PO_B12_005163,PayU Enterprise,FLPK-INV-386243 PO_B12_005163,361887,8508,0,0,353379,INR,2026-08-14T02:33:00Z,BATCH-FLPK-5163
PO_B12_005164,Cashfree Escrow,MMTR-INV-442739 PO_B12_005164,352830,7824,0,0,345006,INR,2026-08-14T00:57:00Z,BATCH-MMTR-5164
PO_B12_005165,Razorpay Nodal,ZOMA-ORD-862411 ZOMA-ORD-701550 BATCH-ZOMA-5165,424390,8487,0,0,415903,INR,2026-08-14T20:49:00Z,BATCH-ZOMA-5165
PO_B12_005166,Stripe India,NYKA-INV-259502 PO_B12_005166,449543,7090,0,0,442453,INR,2026-08-14T20:45:00Z,BATCH-NYKA-5166
PO_B12_005167,Stripe India,UBER-INV-316337 PO_B12_005167,73848,1186,0,0,72662,INR,2026-08-14T06:15:00Z,BATCH-UBER-5167
PO_B12_005168,Stripe India,MYNT-INV-571395 PO_B12_005168,176905,3190,0,0,173715,INR,2026-08-14T10:11:00Z,BATCH-MYNT-5168
PO_B12_005169,BillDesk Settlement,OLAA-INV-761249 PO_B12_005169,71330,1585,0,0,69745,INR,2026-08-13T17:47:00Z,BATCH-OLAA-5169
PO_B12_005170,Razorpay Nodal,SWIG-INV-179152 PO_B12_005170,404287,7353,0,0,396934,INR,2026-08-14T14:31:00Z,BATCH-SWIG-5170
PO_B12_005171,Razorpay Nodal,UBER-INV-669690 PO_B12_005171,207257,4222,0,0,203035,INR,2026-08-14T11:25:00Z,BATCH-UBER-5171
PO_B12_005172,Razorpay Nodal,JIOO-ORD-143042 JIOO-ORD-245587 JIOO-ORD-664223 BATCH-JIOO-5172,514605,10292,0,0,504313,INR,2026-08-14T03:04:00Z,BATCH-JIOO-5172
PO_B12_005173,BillDesk Settlement,ZOMA-INV-739168 PO_B12_005173,423114,10237,0,0,412877,INR,2026-08-14T16:47:00Z,BATCH-ZOMA-5173
PO_B12_005174,Razorpay Nodal,TATA-INV-498730 PO_B12_005174,215605,4984,0,0,210621,INR,2026-08-14T00:02:00Z,BATCH-TATA-5174
PO_B12_005175,BillDesk Settlement,BBAS-INV-494173 PO_B12_005175,445500,10797,0,0,434703,INR,2026-08-14T02:26:00Z,BATCH-BBAS-5175
PO_B12_005176,Stripe India,BBAS-INV-809027 PO_B12_005176,80142,1952,0,0,78190,INR,2026-08-14T07:06:00Z,BATCH-BBAS-5176
PO_B12_005177,BillDesk Settlement,FLPK-INV-594246 PO_B12_005177,109673,2614,0,0,107059,INR,2026-08-13T20:07:00Z,BATCH-FLPK-5177
PO_B12_005178,Cashfree Escrow,JIOO-INV-989663 PO_B12_005178,39752,642,0,0,39110,INR,2026-08-13T21:41:00Z,BATCH-JIOO-5178
PO_B12_005179,PayU Enterprise,NYKA-INV-476840 PO_B12_005179,425563,7850,0,0,417713,INR,2026-08-14T22:14:00Z,BATCH-NYKA-5179
PO_B12_005180,PayU Enterprise,AMZN-INV-606556 PO_B12_005180,46903,848,0,0,46055,INR,2026-08-14T08:44:00Z,BATCH-AMZN-5180
PO_B12_005181,Stripe India,AMZN-INV-383025 PO_B12_005181,107127,2026,0,0,105101,INR,2026-08-13T23:32:00Z,BATCH-AMZN-5181
PO_B12_005182,Stripe India,MMTR-EXC-448424-UNRESOLVED,206671,4123,0,0,202548,INR,2026-08-14T15:31:00Z,HOLD-ESCROW
PO_B12_005183,Cashfree Escrow,OLAA-INV-309800 PO_B12_005183,84810,2002,0,0,82808,INR,2026-08-14T11:02:00Z,BATCH-OLAA-5183
PO_B12_005184,Cashfree Escrow,FLPK-INV-403489 PO_B12_005184,315869,7340,0,0,308529,INR,2026-08-14T13:50:00Z,BATCH-FLPK-5184
PO_B12_005185,PayU Enterprise,JIOO-ORD-106370 JIOO-ORD-712308 JIOO-ORD-636492 BATCH-JIOO-5185,391934,7838,0,0,384096,INR,2026-08-14T14:01:00Z,BATCH-JIOO-5185
PO_B12_005186,PayU Enterprise,BLNK-EXC-583351-UNRESOLVED,156399,3117,0,0,153282,INR,2026-08-15T01:58:00Z,HOLD-ESCROW
PO_B12_005187,Razorpay Nodal,MMTR-ORD-260158 MMTR-ORD-862885 BATCH-MMTR-5187,353167,7063,0,0,346104,INR,2026-08-14T02:51:00Z,BATCH-MMTR-5187
PO_B12_005188,Razorpay Nodal,BKMS-INV-912468 PO_B12_005188,391197,7679,0,0,383518,INR,2026-08-14T12:49:00Z,BATCH-BKMS-5188
PO_B12_005189,PayU Enterprise,FLPK-INV-208605 PO_B12_005189,189991,4698,0,0,185293,INR,2026-08-14T14:23:00Z,BATCH-FLPK-5189
PO_B12_005190,PayU Enterprise,PHNP-INV-985669 PO_B12_005190,150521,2862,0,0,147659,INR,2026-08-14T10:15:00Z,BATCH-PHNP-5190
PO_B12_005191,BillDesk Settlement,SWIG-INV-546232 PO_B12_005191,384295,6348,0,0,377947,INR,2026-08-13T20:56:00Z,BATCH-SWIG-5191
PO_B12_005192,PayU Enterprise,BLNK-INV-295228 PO_B12_005192,213983,5187,0,0,208796,INR,2026-08-14T02:32:00Z,BATCH-BLNK-5192
PO_B12_005193,Stripe India,MMTR-INV-973470 PO_B12_005193,28322,444,0,0,27878,INR,2026-08-14T09:55:00Z,BATCH-MMTR-5193
PO_B12_005194,PayU Enterprise,OLAA-INV-408627 PO_B12_005194,99258,2099,0,0,97159,INR,2026-08-14T17:19:00Z,BATCH-OLAA-5194
PO_B12_005195,Cashfree Escrow,AMZN-ORD-214376 AMZN-ORD-477654 BATCH-AMZN-5195,229945,4598,0,0,225347,INR,2026-08-14T02:02:00Z,BATCH-AMZN-5195
PO_B12_005196,Stripe India,NYKA-INV-388694 PO_B12_005196,45917,704,0,0,45213,INR,2026-08-14T05:46:00Z,BATCH-NYKA-5196
PO_B12_005197,Razorpay Nodal,SWIG-INV-952517 PO_B12_005197,150067,2450,0,0,147617,INR,2026-08-13T20:51:00Z,BATCH-SWIG-5197
PO_B12_005198,Stripe India,UBER-INV-761536 PO_B12_005198,215813,4477,0,0,211336,INR,2026-08-14T07:04:00Z,BATCH-UBER-5198
PO_B12_005199,BillDesk Settlement,PHNP-ORD-621435 PHNP-ORD-181069 PHNP-ORD-498805 BATCH-PHNP-5199,383764,7675,0,0,376089,INR,2026-08-14T05:40:00Z,BATCH-PHNP-5199
PO_B12_005200,Stripe India,NYKA-ORD-929286 NYKA-ORD-932485 NYKA-ORD-596869 BATCH-NYKA-5200,409436,8188,0,0,401248,INR,2026-08-14T18:44:00Z,BATCH-NYKA-5200
PO_B12_005201,Cashfree Escrow,TATA-ORD-432518 TATA-ORD-424271 TATA-ORD-627247 BATCH-TATA-5201,551235,11024,0,0,540211,INR,2026-08-14T04:17:00Z,BATCH-TATA-5201
PO_B12_005202,Cashfree Escrow,TATA-INV-416461 PO_B12_005202,114338,1988,0,0,112350,INR,2026-08-14T03:27:00Z,BATCH-TATA-5202
PO_B12_005203,BillDesk Settlement,TATA-INV-261897 PO_B12_005203,390262,5976,0,0,384286,INR,2026-08-14T15:56:00Z,BATCH-TATA-5203
PO_B12_005204,Razorpay Nodal,PHNP-INV-504687 PO_B12_005204,262989,3954,0,0,259035,INR,2026-08-13T20:05:00Z,BATCH-PHNP-5204
PO_B12_005205,Stripe India,BBAS-INV-945877 PO_B12_005205,419448,6831,0,0,412617,INR,2026-08-14T07:21:00Z,BATCH-BBAS-5205
PO_B12_005206,Razorpay Nodal,ZOMA-INV-384500 PO_B12_005206,151485,3272,0,0,148213,INR,2026-08-14T05:10:00Z,BATCH-ZOMA-5206
PO_B12_005207,BillDesk Settlement,NYKA-ORD-592749 NYKA-ORD-953096 NYKA-ORD-934749 BATCH-NYKA-5207,587733,11754,0,0,575979,INR,2026-08-14T02:51:00Z,BATCH-NYKA-5207
PO_B12_005208,Stripe India,TATA-INV-957326 PO_B12_005208,115724,1959,0,0,113765,INR,2026-08-14T02:21:00Z,BATCH-TATA-5208
PO_B12_005209,Razorpay Nodal,ZOMA-INV-637124 PO_B12_005209,259385,4744,0,0,254641,INR,2026-08-13T22:26:00Z,BATCH-ZOMA-5209
PO_B12_005210,PayU Enterprise,BBAS-INV-508493 PO_B12_005210,437339,7031,0,0,430308,INR,2026-08-13T16:31:00Z,BATCH-BBAS-5210
PO_B12_005211,PayU Enterprise,BBAS-INV-411724 PO_B12_005211,393854,8840,0,0,385014,INR,2026-08-14T05:00:00Z,BATCH-BBAS-5211
PO_B12_005212,Razorpay Nodal,PAYT-INV-939680 PO_B12_005212,299103,5543,0,0,293560,INR,2026-08-14T12:17:00Z,BATCH-PAYT-5212
PO_B12_005213,Razorpay Nodal,NYKA-INV-748344 PO_B12_005213,311512,5574,0,0,305938,INR,2026-08-14T18:01:00Z,BATCH-NYKA-5213
PO_B12_005214,Stripe India,BKMS-INV-483894 PO_B12_005214,179949,4160,0,0,175789,INR,2026-08-14T07:14:00Z,BATCH-BKMS-5214
PO_B12_005215,Cashfree Escrow,PAYT-ORD-222761 PAYT-ORD-299562 PAYT-ORD-859281 BATCH-PAYT-5215,379571,7591,0,0,371980,INR,2026-08-14T18:15:00Z,BATCH-PAYT-5215
PO_B12_005216,Razorpay Nodal,PHNP-INV-463042 PO_B12_005216,72755,1661,0,0,71094,INR,2026-08-14T05:35:00Z,BATCH-PHNP-5216
PO_B12_005217,PayU Enterprise,NYKA-INV-318321 PO_B12_005217,306748,5145,0,0,301603,INR,2026-08-14T11:43:00Z,BATCH-NYKA-5217
PO_B12_005218,Cashfree Escrow,OLAA-INV-456665 PO_B12_005218,157989,2490,0,0,155499,INR,2026-08-14T00:13:00Z,BATCH-OLAA-5218
PO_B12_005219,Cashfree Escrow,TATA-ORD-479821 TATA-ORD-470855 BATCH-TATA-5219,222383,4447,0,0,217936,INR,2026-08-14T09:22:00Z,BATCH-TATA-5219
PO_B12_005220,BillDesk Settlement,NYKA-INV-615969 PO_B12_005220,222329,4249,0,0,218080,INR,2026-08-14T07:31:00Z,BATCH-NYKA-5220
PO_B12_005221,Stripe India,AMZN-ORD-493946 AMZN-ORD-980881 AMZN-ORD-777710 BATCH-AMZN-5221,471452,9429,0,0,462023,INR,2026-08-14T18:48:00Z,BATCH-AMZN-5221
PO_B12_005222,Stripe India,JIOO-INV-454929 PO_B12_005222,399676,9309,0,0,390367,INR,2026-08-14T06:33:00Z,BATCH-JIOO-5222
PO_B12_005223,Razorpay Nodal,UBER-ORD-483732 UBER-ORD-961290 UBER-ORD-674447 BATCH-UBER-5223,388645,7772,0,0,380873,INR,2026-08-14T20:58:00Z,BATCH-UBER-5223
PO_B12_005224,Cashfree Escrow,JIOO-INV-903581 PO_B12_005224,201941,4777,0,0,197164,INR,2026-08-14T23:56:00Z,BATCH-JIOO-5224
PO_B12_005225,Stripe India,JIOO-INV-903113 PO_B12_005225,332552,6906,0,0,325646,INR,2026-08-14T14:07:00Z,BATCH-JIOO-5225
PO_B12_005226,Cashfree Escrow,JIOO-INV-228447 PO_B12_005226,349591,7100,0,0,342491,INR,2026-08-14T04:53:00Z,BATCH-JIOO-5226
PO_B12_005227,Cashfree Escrow,UBER-INV-295967 PO_B12_005227,75261,1450,0,0,73811,INR,2026-08-14T17:39:00Z,BATCH-UBER-5227
PO_B12_005228,Stripe India,PAYT-EXC-106386-UNRESOLVED,293135,5852,0,0,287283,INR,2026-08-15T00:08:00Z,HOLD-ESCROW
PO_B12_005229,Cashfree Escrow,JIOO-INV-603653 PO_B12_005229,242216,4633,0,0,237583,INR,2026-08-14T19:23:00Z,BATCH-JIOO-5229
PO_B12_005230,PayU Enterprise,FLPK-ORD-231189 FLPK-ORD-920948 BATCH-FLPK-5230,319269,6385,0,0,312884,INR,2026-08-14T13:13:00Z,BATCH-FLPK-5230
PO_B12_005231,Stripe India,UBER-ORD-132020 UBER-ORD-728520 BATCH-UBER-5231,264744,5294,0,0,259450,INR,2026-08-14T12:39:00Z,BATCH-UBER-5231
PO_B12_005232,BillDesk Settlement,JIOO-EXC-239836-UNRESOLVED,232010,4630,0,0,227380,INR,2026-08-15T02:07:00Z,HOLD-ESCROW
PO_B12_005233,BillDesk Settlement,FLPK-INV-387761 PO_B12_005233,155996,3102,0,0,152894,INR,2026-08-14T00:29:00Z,BATCH-FLPK-5233
PO_B12_005234,PayU Enterprise,MYNT-ORD-406802 MYNT-ORD-627384 BATCH-MYNT-5234,261187,5223,0,0,255964,INR,2026-08-14T08:23:00Z,BATCH-MYNT-5234
PO_B12_005235,PayU Enterprise,SWIG-ORD-546977 SWIG-ORD-261828 SWIG-ORD-807673 BATCH-SWIG-5235,450220,9004,0,0,441216,INR,2026-08-14T17:04:00Z,BATCH-SWIG-5235
PO_B12_005236,BillDesk Settlement,BBAS-INV-481314 PO_B12_005236,239997,4422,0,0,235575,INR,2026-08-14T08:17:00Z,BATCH-BBAS-5236
PO_B12_005237,Stripe India,UBER-INV-169397 PO_B12_005237,389141,5914,0,0,383227,INR,2026-08-13T22:16:00Z,BATCH-UBER-5237
PO_B12_005238,BillDesk Settlement,MYNT-INV-956406 PO_B12_005238,368044,6449,0,0,361595,INR,2026-08-14T13:02:00Z,BATCH-MYNT-5238
PO_B12_005239,Razorpay Nodal,OLAA-EXC-521363-UNRESOLVED,177022,3530,0,0,173492,INR,2026-08-14T16:31:00Z,HOLD-ESCROW
PO_B12_005240,Razorpay Nodal,MYNT-ORD-719692 MYNT-ORD-191545 BATCH-MYNT-5240,271237,5424,0,0,265813,INR,2026-08-14T07:40:00Z,BATCH-MYNT-5240
PO_B12_005241,BillDesk Settlement,UBER-INV-407171 PO_B12_005241,236647,5218,0,0,231429,INR,2026-08-14T05:17:00Z,BATCH-UBER-5241
PO_B12_005242,Cashfree Escrow,ZOMA-INV-389080 PO_B12_005242,71823,1634,0,0,70189,INR,2026-08-13T19:49:00Z,BATCH-ZOMA-5242
PO_B12_005243,Razorpay Nodal,JIOO-INV-348957 PO_B12_005243,275522,4752,0,0,270770,INR,2026-08-14T03:33:00Z,BATCH-JIOO-5243
PO_B12_005244,PayU Enterprise,UBER-INV-392071 PO_B12_005244,28790,447,0,0,28343,INR,2026-08-14T15:44:00Z,BATCH-UBER-5244
PO_B12_005245,Cashfree Escrow,UBER-ORD-487737 UBER-ORD-255291 BATCH-UBER-5245,386417,7728,0,0,378689,INR,2026-08-14T05:22:00Z,BATCH-UBER-5245
PO_B12_005246,PayU Enterprise,OLAA-INV-236635 PO_B12_005246,442745,6707,0,0,436038,INR,2026-08-14T04:46:00Z,BATCH-OLAA-5246
PO_B12_005247,Razorpay Nodal,TATA-ORD-941988 TATA-ORD-666533 BATCH-TATA-5247,183240,3664,0,0,179576,INR,2026-08-14T12:18:00Z,BATCH-TATA-5247
PO_B12_005248,BillDesk Settlement,MYNT-ORD-860048 MYNT-ORD-386864 BATCH-MYNT-5248,379044,7580,0,0,371464,INR,2026-08-14T14:20:00Z,BATCH-MYNT-5248
PO_B12_005249,Cashfree Escrow,JIOO-INV-261312 PO_B12_005249,129527,2447,0,0,127080,INR,2026-08-14T10:16:00Z,BATCH-JIOO-5249
PO_B12_005250,PayU Enterprise,TATA-INV-114192 PO_B12_005250,420888,8318,0,0,412570,INR,2026-08-14T14:12:00Z,BATCH-TATA-5250
PO_B12_005251,PayU Enterprise,MYNT-INV-648539 PO_B12_005251,95014,1572,0,0,93442,INR,2026-08-14T14:03:00Z,BATCH-MYNT-5251
PO_B12_005252,PayU Enterprise,AMZN-INV-925257 PO_B12_005252,113472,2329,0,0,111143,INR,2026-08-14T18:33:00Z,BATCH-AMZN-5252
PO_B12_005253,Razorpay Nodal,BLNK-INV-776250 PO_B12_005253,159778,2416,0,0,157362,INR,2026-08-14T08:42:00Z,BATCH-BLNK-5253
PO_B12_005254,PayU Enterprise,SWIG-INV-986869 PO_B12_005254,96636,1666,0,0,94970,INR,2026-08-14T13:39:00Z,BATCH-SWIG-5254
PO_B12_005255,Cashfree Escrow,NYKA-INV-766626 PO_B12_005255,112104,1861,0,0,110243,INR,2026-08-14T02:05:00Z,BATCH-NYKA-5255
PO_B12_005256,Razorpay Nodal,BKMS-INV-351280 PO_B12_005256,75941,1457,0,0,74484,INR,2026-08-13T18:50:00Z,BATCH-BKMS-5256
PO_B12_005257,Razorpay Nodal,UBER-INV-324774 PO_B12_005257,376541,6971,0,0,369570,INR,2026-08-14T02:10:00Z,BATCH-UBER-5257
PO_B12_005258,BillDesk Settlement,UBER-ORD-712226 UBER-ORD-992909 BATCH-UBER-5258,316631,6332,0,0,310299,INR,2026-08-14T16:13:00Z,BATCH-UBER-5258
PO_B12_005259,BillDesk Settlement,BLNK-INV-322071 PO_B12_005259,66185,1384,0,0,64801,INR,2026-08-13T18:11:00Z,BATCH-BLNK-5259
PO_B12_005260,PayU Enterprise,FLPK-INV-306142 PO_B12_005260,68557,1585,0,0,66972,INR,2026-08-13T22:55:00Z,BATCH-FLPK-5260
PO_B12_005261,Cashfree Escrow,AMZN-ORD-731238 AMZN-ORD-976098 BATCH-AMZN-5261,38589,771,0,0,37818,INR,2026-08-14T15:57:00Z,BATCH-AMZN-5261
PO_B12_005262,PayU Enterprise,PAYT-INV-537410 PO_B12_005262,98603,1493,0,0,97110,INR,2026-08-13T17:24:00Z,BATCH-PAYT-5262
PO_B12_005263,Stripe India,OLAA-ORD-959763 OLAA-ORD-904175 OLAA-ORD-352359 BATCH-OLAA-5263,271669,5433,0,0,266236,INR,2026-08-14T18:15:00Z,BATCH-OLAA-5263
PO_B12_005264,PayU Enterprise,PAYT-INV-771117 PO_B12_005264,284404,5907,0,0,278497,INR,2026-08-14T05:29:00Z,BATCH-PAYT-5264
PO_B12_005265,BillDesk Settlement,PAYT-INV-378303 PO_B12_005265,74760,1416,0,0,73344,INR,2026-08-14T08:01:00Z,BATCH-PAYT-5265
PO_B12_005266,Stripe India,BKMS-INV-552203 PO_B12_005266,167440,4162,0,0,163278,INR,2026-08-13T21:43:00Z,BATCH-BKMS-5266
PO_B12_005267,Cashfree Escrow,PAYT-ORD-119591 PAYT-ORD-961861 PAYT-ORD-523107 BATCH-PAYT-5267,402784,8055,0,0,394729,INR,2026-08-14T02:06:00Z,BATCH-PAYT-5267
PO_B12_005268,Cashfree Escrow,NYKA-INV-922632 PO_B12_005268,329041,5084,0,0,323957,INR,2026-08-14T18:23:00Z,BATCH-NYKA-5268
PO_B12_005269,PayU Enterprise,FLPK-INV-291877 PO_B12_005269,228029,5120,0,0,222909,INR,2026-08-14T01:25:00Z,BATCH-FLPK-5269
PO_B12_005270,PayU Enterprise,BKMS-INV-870768 PO_B12_005270,90296,1746,0,0,88550,INR,2026-08-14T14:48:00Z,BATCH-BKMS-5270
PO_B12_005271,Razorpay Nodal,ZOMA-INV-224977 PO_B12_005271,353486,7092,0,0,346394,INR,2026-08-14T12:55:00Z,BATCH-ZOMA-5271
PO_B12_005272,BillDesk Settlement,NYKA-INV-674484 PO_B12_005272,379564,9262,0,0,370302,INR,2026-08-14T10:57:00Z,BATCH-NYKA-5272
PO_B12_005273,Stripe India,PAYT-INV-161006 PO_B12_005273,345985,8555,0,0,337430,INR,2026-08-14T16:47:00Z,BATCH-PAYT-5273
PO_B12_005274,Razorpay Nodal,BKMS-INV-666876 PO_B12_005274,173165,2735,0,0,170430,INR,2026-08-13T14:11:00Z,BATCH-BKMS-5274
PO_B12_005275,PayU Enterprise,OLAA-INV-887552 PO_B12_005275,260393,4956,0,0,255437,INR,2026-08-14T17:59:00Z,BATCH-OLAA-5275
PO_B12_005276,PayU Enterprise,PAYT-INV-337694 PO_B12_005276,46880,1027,0,0,45853,INR,2026-08-14T17:09:00Z,BATCH-PAYT-5276
PO_B12_005277,Stripe India,NYKA-INV-359371 PO_B12_005277,146930,3177,0,0,143753,INR,2026-08-14T20:55:00Z,BATCH-NYKA-5277
PO_B12_005278,Stripe India,PHNP-INV-781620 PO_B12_005278,132592,3136,0,0,129456,INR,2026-08-14T09:18:00Z,BATCH-PHNP-5278
PO_B12_005279,Razorpay Nodal,ZOMA-INV-460748 PO_B12_005279,386705,7221,0,0,379484,INR,2026-08-14T16:27:00Z,BATCH-ZOMA-5279
PO_B12_005280,Razorpay Nodal,ZOMA-INV-121846 PO_B12_005280,308235,6205,0,0,302030,INR,2026-08-14T20:03:00Z,BATCH-ZOMA-5280
PO_B12_005281,Razorpay Nodal,BLNK-INV-850094 PO_B12_005281,133546,3024,0,0,130522,INR,2026-08-14T18:43:00Z,BATCH-BLNK-5281
PO_B12_005282,Cashfree Escrow,MMTR-INV-937043 PO_B12_005282,306549,6387,0,0,300162,INR,2026-08-14T14:29:00Z,BATCH-MMTR-5282
PO_B12_005283,BillDesk Settlement,BKMS-ORD-842214 BKMS-ORD-148215 BATCH-BKMS-5283,147042,2940,0,0,144102,INR,2026-08-14T03:12:00Z,BATCH-BKMS-5283
PO_B12_005284,PayU Enterprise,MMTR-INV-676372 PO_B12_005284,59747,1161,0,0,58586,INR,2026-08-13T19:32:00Z,BATCH-MMTR-5284
PO_B12_005285,Stripe India,BKMS-INV-958484 PO_B12_005285,394111,7519,0,0,386592,INR,2026-08-14T00:07:00Z,BATCH-BKMS-5285
PO_B12_005286,BillDesk Settlement,BBAS-INV-477096 PO_B12_005286,219689,4227,0,0,215462,INR,2026-08-13T17:12:00Z,BATCH-BBAS-5286
PO_B12_005287,PayU Enterprise,TATA-ORD-339609 TATA-ORD-798100 TATA-ORD-580439 BATCH-TATA-5287,555982,11119,0,0,544863,INR,2026-08-14T08:47:00Z,BATCH-TATA-5287
PO_B12_005288,Stripe India,BKMS-ORD-982651 BKMS-ORD-654196 BKMS-ORD-480776 BATCH-BKMS-5288,632239,12644,0,0,619595,INR,2026-08-13T21:32:00Z,BATCH-BKMS-5288
PO_B12_005289,Cashfree Escrow,OLAA-INV-279330 PO_B12_005289,270583,4779,0,0,265804,INR,2026-08-14T17:04:00Z,BATCH-OLAA-5289
PO_B12_005290,Cashfree Escrow,JIOO-ORD-828710 JIOO-ORD-870233 JIOO-ORD-787592 BATCH-JIOO-5290,462244,9244,0,0,453000,INR,2026-08-14T13:31:00Z,BATCH-JIOO-5290
PO_B12_005291,PayU Enterprise,UBER-INV-525370 PO_B12_005291,441221,8824,0,0,432397,INR,2026-08-14T08:18:00Z,BATCH-UBER-5291
PO_B12_005292,Stripe India,MYNT-INV-508729 PO_B12_005292,220588,3952,0,0,216636,INR,2026-08-14T11:34:00Z,BATCH-MYNT-5292
PO_B12_005293,Stripe India,TATA-ORD-618797 TATA-ORD-623272 BATCH-TATA-5293,302887,6057,0,0,296830,INR,2026-08-14T00:31:00Z,BATCH-TATA-5293
PO_B12_005294,Stripe India,FLPK-INV-491868 PO_B12_005294,85404,1805,0,0,83599,INR,2026-08-14T09:09:00Z,BATCH-FLPK-5294
PO_B12_005295,Cashfree Escrow,UBER-INV-605780 PO_B12_005295,421785,10330,0,0,411455,INR,2026-08-14T05:59:00Z,BATCH-UBER-5295
PO_B12_005296,Cashfree Escrow,FLPK-ORD-768170 FLPK-ORD-593878 BATCH-FLPK-5296,184456,3689,0,0,180767,INR,2026-08-14T10:29:00Z,BATCH-FLPK-5296
PO_B12_005297,Razorpay Nodal,FLPK-INV-258036 PO_B12_005297,185423,4332,0,0,181091,INR,2026-08-14T20:03:00Z,BATCH-FLPK-5297
PO_B12_005298,Stripe India,MMTR-INV-651847 PO_B12_005298,306390,7253,0,0,299137,INR,2026-08-14T05:43:00Z,BATCH-MMTR-5298
PO_B12_005299,Razorpay Nodal,AMZN-INV-386238 PO_B12_005299,191514,4359,0,0,187155,INR,2026-08-14T04:52:00Z,BATCH-AMZN-5299
PO_B12_005300,Cashfree Escrow,BLNK-INV-904012 PO_B12_005300,204323,4590,0,0,199733,INR,2026-08-14T21:32:00Z,BATCH-BLNK-5300
PO_B12_005301,Cashfree Escrow,PHNP-INV-303824 PO_B12_005301,284102,5154,0,0,278948,INR,2026-08-14T17:00:00Z,BATCH-PHNP-5301
PO_B12_005302,BillDesk Settlement,PAYT-INV-223069 PO_B12_005302,160911,2897,0,0,158014,INR,2026-08-14T11:14:00Z,BATCH-PAYT-5302
PO_B12_005303,PayU Enterprise,PAYT-ORD-125404 PAYT-ORD-902882 BATCH-PAYT-5303,247850,4957,0,0,242893,INR,2026-08-14T16:11:00Z,BATCH-PAYT-5303
PO_B12_005304,Razorpay Nodal,ZOMA-INV-855856 PO_B12_005304,117941,1916,0,0,116025,INR,2026-08-14T02:51:00Z,BATCH-ZOMA-5304
PO_B12_005305,BillDesk Settlement,AMZN-ORD-202209 AMZN-ORD-687299 AMZN-ORD-402883 BATCH-AMZN-5305,419107,8382,0,0,410725,INR,2026-08-14T07:17:00Z,BATCH-AMZN-5305
PO_B12_005306,BillDesk Settlement,PAYT-ORD-230633 PAYT-ORD-308197 BATCH-PAYT-5306,151188,3023,0,0,148165,INR,2026-08-14T05:29:00Z,BATCH-PAYT-5306
PO_B12_005307,PayU Enterprise,OLAA-INV-892557 PO_B12_005307,134349,2475,0,0,131874,INR,2026-08-14T02:08:00Z,BATCH-OLAA-5307
PO_B12_005308,Stripe India,PHNP-INV-606519 PO_B12_005308,333542,7452,0,0,326090,INR,2026-08-15T00:03:00Z,BATCH-PHNP-5308
PO_B12_005309,Cashfree Escrow,NYKA-INV-883683 PO_B12_005309,317515,6464,0,0,311051,INR,2026-08-13T22:23:00Z,BATCH-NYKA-5309
PO_B12_005310,Stripe India,MYNT-INV-254442 PO_B12_005310,417568,9173,0,0,408395,INR,2026-08-14T15:58:00Z,BATCH-MYNT-5310
PO_B12_005311,Cashfree Escrow,PHNP-INV-107226 PO_B12_005311,403170,9978,0,0,393192,INR,2026-08-14T03:16:00Z,BATCH-PHNP-5311
PO_B12_005312,BillDesk Settlement,TATA-INV-182373 PO_B12_005312,121541,2772,0,0,118769,INR,2026-08-14T03:48:00Z,BATCH-TATA-5312
PO_B12_005313,BillDesk Settlement,PHNP-ORD-389281 PHNP-ORD-623235 BATCH-PHNP-5313,253527,5070,0,0,248457,INR,2026-08-14T17:15:00Z,BATCH-PHNP-5313
PO_B12_005314,Stripe India,BKMS-INV-987005 PO_B12_005314,103007,2306,0,0,100701,INR,2026-08-14T15:27:00Z,BATCH-BKMS-5314
PO_B12_005315,Stripe India,BKMS-ORD-614196 BKMS-ORD-835194 BATCH-BKMS-5315,279772,5595,0,0,274177,INR,2026-08-14T17:23:00Z,BATCH-BKMS-5315
PO_B12_005316,Razorpay Nodal,UBER-ORD-773408 UBER-ORD-676337 BATCH-UBER-5316,382253,7645,0,0,374608,INR,2026-08-14T18:23:00Z,BATCH-UBER-5316
PO_B12_005317,PayU Enterprise,NYKA-INV-642276 PO_B12_005317,415178,9336,0,0,405842,INR,2026-08-14T11:36:00Z,BATCH-NYKA-5317
PO_B12_005318,Cashfree Escrow,MYNT-INV-515714 PO_B12_005318,180956,2939,0,0,178017,INR,2026-08-14T07:14:00Z,BATCH-MYNT-5318
PO_B12_005319,BillDesk Settlement,UBER-INV-284904 PO_B12_005319,260521,5197,0,0,255324,INR,2026-08-14T20:12:00Z,BATCH-UBER-5319
PO_B12_005320,Stripe India,JIOO-INV-789017 PO_B12_005320,264369,6174,0,0,258195,INR,2026-08-14T15:30:00Z,BATCH-JIOO-5320
PO_B12_005321,PayU Enterprise,OLAA-INV-442573 PO_B12_005321,446987,9008,0,0,437979,INR,2026-08-14T17:34:00Z,BATCH-OLAA-5321
PO_B12_005322,PayU Enterprise,BBAS-INV-476844 PO_B12_005322,326086,7082,0,0,319004,INR,2026-08-13T20:34:00Z,BATCH-BBAS-5322
PO_B12_005323,BillDesk Settlement,MYNT-INV-643521 PO_B12_005323,115150,2567,0,0,112583,INR,2026-08-14T12:46:00Z,BATCH-MYNT-5323
PO_B12_005324,Cashfree Escrow,MYNT-INV-596120 PO_B12_005324,426979,7330,0,0,419649,INR,2026-08-13T19:35:00Z,BATCH-MYNT-5324
PO_B12_005325,PayU Enterprise,AMZN-ORD-414733 AMZN-ORD-853359 BATCH-AMZN-5325,195082,3901,0,0,191181,INR,2026-08-14T06:28:00Z,BATCH-AMZN-5325
PO_B12_005326,Razorpay Nodal,BKMS-INV-315033 PO_B12_005326,168443,2732,0,0,165711,INR,2026-08-14T05:48:00Z,BATCH-BKMS-5326
PO_B12_005327,Cashfree Escrow,PAYT-INV-323956 PO_B12_005327,95940,2002,0,0,93938,INR,2026-08-14T08:10:00Z,BATCH-PAYT-5327
PO_B12_005328,BillDesk Settlement,PAYT-INV-724925 PO_B12_005328,130988,2740,0,0,128248,INR,2026-08-14T04:29:00Z,BATCH-PAYT-5328
PO_B12_005329,Razorpay Nodal,TATA-INV-203942 PO_B12_005329,190770,4732,0,0,186038,INR,2026-08-13T17:30:00Z,BATCH-TATA-5329
PO_B12_005330,Razorpay Nodal,PHNP-INV-804467 PO_B12_005330,323177,6044,0,0,317133,INR,2026-08-14T07:18:00Z,BATCH-PHNP-5330
PO_B12_005331,PayU Enterprise,TATA-INV-857036 PO_B12_005331,154079,3420,0,0,150659,INR,2026-08-14T09:49:00Z,BATCH-TATA-5331
PO_B12_005332,Stripe India,MYNT-ORD-253966 MYNT-ORD-103128 BATCH-MYNT-5332,156187,3123,0,0,153064,INR,2026-08-14T18:44:00Z,BATCH-MYNT-5332
PO_B12_005333,Razorpay Nodal,UBER-INV-453271 PO_B12_005333,411851,6462,0,0,405389,INR,2026-08-14T11:47:00Z,BATCH-UBER-5333
PO_B12_005334,Cashfree Escrow,BLNK-ORD-961113 BLNK-ORD-487896 BATCH-BLNK-5334,414425,8288,0,0,406137,INR,2026-08-14T19:08:00Z,BATCH-BLNK-5334
PO_B12_005335,Razorpay Nodal,FLPK-INV-496952 PO_B12_005335,87549,1377,0,0,86172,INR,2026-08-14T12:22:00Z,BATCH-FLPK-5335
PO_B12_005336,Stripe India,BLNK-INV-951759 PO_B12_005336,111704,1758,0,0,109946,INR,2026-08-14T05:56:00Z,BATCH-BLNK-5336
PO_B12_005337,Razorpay Nodal,TATA-ORD-370098 TATA-ORD-715974 BATCH-TATA-5337,303715,6074,0,0,297641,INR,2026-08-14T20:43:00Z,BATCH-TATA-5337
PO_B12_005338,BillDesk Settlement,AMZN-ORD-696761 AMZN-ORD-254326 AMZN-ORD-708008 BATCH-AMZN-5338,257312,5146,0,0,252166,INR,2026-08-14T04:37:00Z,BATCH-AMZN-5338
PO_B12_005339,Stripe India,OLAA-ORD-622688 OLAA-ORD-899315 BATCH-OLAA-5339,257296,5145,0,0,252151,INR,2026-08-14T17:16:00Z,BATCH-OLAA-5339
PO_B12_005340,Cashfree Escrow,NYKA-INV-184266 PO_B12_005340,97682,2389,0,0,95293,INR,2026-08-14T01:58:00Z,BATCH-NYKA-5340
PO_B12_005341,Razorpay Nodal,PAYT-EXC-505364-UNRESOLVED,244992,4889,0,0,240103,INR,2026-08-14T23:19:00Z,HOLD-ESCROW
PO_B12_005342,Stripe India,OLAA-ORD-378959 OLAA-ORD-687843 OLAA-ORD-179339 BATCH-OLAA-5342,145415,2908,0,0,142507,INR,2026-08-14T07:04:00Z,BATCH-OLAA-5342
PO_B12_005343,Cashfree Escrow,BBAS-ORD-407205 BBAS-ORD-980774 BBAS-ORD-393446 BATCH-BBAS-5343,422551,8451,0,0,414100,INR,2026-08-14T00:08:00Z,BATCH-BBAS-5343
PO_B12_005344,Cashfree Escrow,OLAA-INV-698587 PO_B12_005344,187042,3319,0,0,183723,INR,2026-08-14T16:15:00Z,BATCH-OLAA-5344
PO_B12_005345,PayU Enterprise,SWIG-INV-725329 PO_B12_005345,352399,8599,0,0,343800,INR,2026-08-14T16:01:00Z,BATCH-SWIG-5345
PO_B12_005346,Stripe India,OLAA-INV-215915 PO_B12_005346,216795,3663,0,0,213132,INR,2026-08-14T22:34:00Z,BATCH-OLAA-5346
PO_B12_005347,Razorpay Nodal,BKMS-INV-641059 PO_B12_005347,58209,1231,0,0,56978,INR,2026-08-13T18:57:00Z,BATCH-BKMS-5347
PO_B12_005348,Razorpay Nodal,PAYT-INV-182745 PO_B12_005348,221978,5314,0,0,216664,INR,2026-08-14T03:12:00Z,BATCH-PAYT-5348
PO_B12_005349,Stripe India,MMTR-INV-139161 PO_B12_005349,149113,2796,0,0,146317,INR,2026-08-14T05:34:00Z,BATCH-MMTR-5349
PO_B12_005350,BillDesk Settlement,PAYT-INV-798698 PO_B12_005350,267050,4967,0,0,262083,INR,2026-08-14T10:54:00Z,BATCH-PAYT-5350
PO_B12_005351,BillDesk Settlement,UBER-INV-846729 PO_B12_005351,161314,2631,0,0,158683,INR,2026-08-13T22:26:00Z,BATCH-UBER-5351
PO_B12_005352,Razorpay Nodal,BLNK-INV-340992 PO_B12_005352,143525,3219,0,0,140306,INR,2026-08-14T04:58:00Z,BATCH-BLNK-5352
PO_B12_005353,Stripe India,BLNK-INV-581352 PO_B12_005353,265317,4522,0,0,260795,INR,2026-08-13T20:19:00Z,BATCH-BLNK-5353
PO_B12_005354,Razorpay Nodal,MMTR-INV-645518 PO_B12_005354,378993,8572,0,0,370421,INR,2026-08-14T06:11:00Z,BATCH-MMTR-5354
PO_B12_005355,BillDesk Settlement,AMZN-INV-784870 PO_B12_005355,230180,4288,0,0,225892,INR,2026-08-13T21:32:00Z,BATCH-AMZN-5355
PO_B12_005356,Razorpay Nodal,PAYT-INV-922178 PO_B12_005356,122739,2324,0,0,120415,INR,2026-08-13T20:45:00Z,BATCH-PAYT-5356
PO_B12_005357,BillDesk Settlement,BKMS-ORD-176054 BKMS-ORD-601362 BKMS-ORD-183280 BATCH-BKMS-5357,326118,6522,0,0,319596,INR,2026-08-13T21:23:00Z,BATCH-BKMS-5357
PO_B12_005358,BillDesk Settlement,JIOO-ORD-876471 JIOO-ORD-162425 JIOO-ORD-320660 BATCH-JIOO-5358,370373,7407,0,0,362966,INR,2026-08-14T05:26:00Z,BATCH-JIOO-5358
PO_B12_005359,Cashfree Escrow,JIOO-INV-942641 PO_B12_005359,404191,9805,0,0,394386,INR,2026-08-14T15:55:00Z,BATCH-JIOO-5359
PO_B12_005360,Cashfree Escrow,JIOO-INV-939522 PO_B12_005360,386368,8104,0,0,378264,INR,2026-08-14T21:09:00Z,BATCH-JIOO-5360
PO_B12_005361,BillDesk Settlement,NYKA-INV-916869 PO_B12_005361,308575,6166,0,0,302409,INR,2026-08-14T13:00:00Z,BATCH-NYKA-5361
PO_B12_005362,Cashfree Escrow,AMZN-INV-110385 PO_B12_005362,49170,829,0,0,48341,INR,2026-08-14T05:09:00Z,BATCH-AMZN-5362
PO_B12_005363,Stripe India,BKMS-ORD-614934 BKMS-ORD-324380 BKMS-ORD-774441 BATCH-BKMS-5363,539494,10789,0,0,528705,INR,2026-08-14T06:04:00Z,BATCH-BKMS-5363
PO_B12_005364,Razorpay Nodal,OLAA-EXC-392245-UNRESOLVED,123892,2467,0,0,121425,INR,2026-08-15T03:03:00Z,HOLD-ESCROW
PO_B12_005365,BillDesk Settlement,JIOO-INV-164021 PO_B12_005365,99571,2061,0,0,97510,INR,2026-08-13T18:11:00Z,BATCH-JIOO-5365
PO_B12_005366,Stripe India,FLPK-INV-452117 PO_B12_005366,209200,4769,0,0,204431,INR,2026-08-14T08:00:00Z,BATCH-FLPK-5366
PO_B12_005367,Cashfree Escrow,MYNT-INV-811964 PO_B12_005367,261947,5605,0,0,256342,INR,2026-08-14T17:09:00Z,BATCH-MYNT-5367
PO_B12_005368,BillDesk Settlement,PAYT-ORD-944266 PAYT-ORD-616134 BATCH-PAYT-5368,460185,9203,0,0,450982,INR,2026-08-14T00:17:00Z,BATCH-PAYT-5368
PO_B12_005369,Stripe India,OLAA-INV-976735 PO_B12_005369,71924,1733,0,0,70191,INR,2026-08-13T15:50:00Z,BATCH-OLAA-5369
PO_B12_005370,PayU Enterprise,UBER-ORD-947668 UBER-ORD-873916 BATCH-UBER-5370,252428,5048,0,0,247380,INR,2026-08-14T18:49:00Z,BATCH-UBER-5370
PO_B12_005371,BillDesk Settlement,FLPK-EXC-664068-UNRESOLVED,249211,4974,0,0,244237,INR,2026-08-14T11:56:00Z,HOLD-ESCROW
PO_B12_005372,BillDesk Settlement,FLPK-ORD-243139 FLPK-ORD-285807 BATCH-FLPK-5372,277609,5552,0,0,272057,INR,2026-08-14T08:16:00Z,BATCH-FLPK-5372
PO_B12_005373,Cashfree Escrow,BBAS-INV-243606 PO_B12_005373,35136,877,0,0,34259,INR,2026-08-13T22:50:00Z,BATCH-BBAS-5373
PO_B12_005374,Stripe India,PHNP-INV-769131 PO_B12_005374,62295,1020,0,0,61275,INR,2026-08-14T12:48:00Z,BATCH-PHNP-5374
PO_B12_005375,Cashfree Escrow,AMZN-INV-749188 PO_B12_005375,88914,1682,0,0,87232,INR,2026-08-14T02:03:00Z,BATCH-AMZN-5375
PO_B12_005376,Cashfree Escrow,TATA-INV-820481 PO_B12_005376,323712,6334,0,0,317378,INR,2026-08-13T20:20:00Z,BATCH-TATA-5376
PO_B12_005377,Cashfree Escrow,PHNP-INV-113587 PO_B12_005377,66304,1394,0,0,64910,INR,2026-08-13T15:43:00Z,BATCH-PHNP-5377
PO_B12_005378,Razorpay Nodal,AMZN-INV-624658 PO_B12_005378,47937,845,0,0,47092,INR,2026-08-14T14:35:00Z,BATCH-AMZN-5378
PO_B12_005379,BillDesk Settlement,TATA-INV-894911 PO_B12_005379,60751,1045,0,0,59706,INR,2026-08-14T10:17:00Z,BATCH-TATA-5379
PO_B12_005380,Cashfree Escrow,BBAS-INV-220172 PO_B12_005380,411447,6299,0,0,405148,INR,2026-08-13T17:39:00Z,BATCH-BBAS-5380
PO_B12_005381,BillDesk Settlement,BKMS-INV-863821 PO_B12_005381,109098,1693,0,0,107405,INR,2026-08-14T15:11:00Z,BATCH-BKMS-5381
PO_B12_005382,Stripe India,FLPK-INV-813742 PO_B12_005382,334830,7162,0,0,327668,INR,2026-08-14T09:25:00Z,BATCH-FLPK-5382
PO_B12_005383,Cashfree Escrow,SWIG-ORD-199082 SWIG-ORD-664951 BATCH-SWIG-5383,346133,6922,0,0,339211,INR,2026-08-14T11:42:00Z,BATCH-SWIG-5383
PO_B12_005384,BillDesk Settlement,NYKA-INV-591129 PO_B12_005384,82587,1844,0,0,80743,INR,2026-08-13T21:28:00Z,BATCH-NYKA-5384
PO_B12_005385,PayU Enterprise,TATA-ORD-259532 TATA-ORD-153009 BATCH-TATA-5385,278795,5575,0,0,273220,INR,2026-08-14T15:45:00Z,BATCH-TATA-5385
PO_B12_005386,Cashfree Escrow,TATA-INV-554180 PO_B12_005386,344315,8593,0,0,335722,INR,2026-08-14T03:57:00Z,BATCH-TATA-5386
PO_B12_005387,Cashfree Escrow,MMTR-INV-713808 PO_B12_005387,80455,1868,0,0,78587,INR,2026-08-14T01:35:00Z,BATCH-MMTR-5387
PO_B12_005388,Stripe India,SWIG-INV-207247 PO_B12_005388,423976,6498,0,0,417478,INR,2026-08-13T17:15:00Z,BATCH-SWIG-5388
PO_B12_005389,Cashfree Escrow,ZOMA-ORD-722256 ZOMA-ORD-687078 ZOMA-ORD-855757 BATCH-ZOMA-5389,443633,8872,0,0,434761,INR,2026-08-14T02:15:00Z,BATCH-ZOMA-5389
PO_B12_005390,PayU Enterprise,BBAS-INV-291271 PO_B12_005390,379473,6819,0,0,372654,INR,2026-08-14T12:08:00Z,BATCH-BBAS-5390
PO_B12_005391,PayU Enterprise,AMZN-ORD-743391 AMZN-ORD-604994 BATCH-AMZN-5391,404548,8090,0,0,396458,INR,2026-08-14T06:21:00Z,BATCH-AMZN-5391
PO_B12_005392,Razorpay Nodal,PHNP-INV-535145 PO_B12_005392,66466,1072,0,0,65394,INR,2026-08-14T02:18:00Z,BATCH-PHNP-5392
PO_B12_005393,PayU Enterprise,NYKA-INV-638639 PO_B12_005393,261983,4422,0,0,257561,INR,2026-08-14T02:59:00Z,BATCH-NYKA-5393
PO_B12_005394,BillDesk Settlement,UBER-INV-133316 PO_B12_005394,146444,2302,0,0,144142,INR,2026-08-14T16:56:00Z,BATCH-UBER-5394
PO_B12_005395,BillDesk Settlement,SWIG-INV-849996 PO_B12_005395,313109,4752,0,0,308357,INR,2026-08-14T09:58:00Z,BATCH-SWIG-5395
PO_B12_005396,Cashfree Escrow,ZOMA-ORD-136973 ZOMA-ORD-284798 ZOMA-ORD-429316 BATCH-ZOMA-5396,495753,9915,0,0,485838,INR,2026-08-14T01:51:00Z,BATCH-ZOMA-5396
PO_B12_005397,Stripe India,PHNP-INV-740230 PO_B12_005397,65449,1162,0,0,64287,INR,2026-08-14T07:19:00Z,BATCH-PHNP-5397
PO_B12_005398,PayU Enterprise,BBAS-INV-955291 PO_B12_005398,430927,7290,0,0,423637,INR,2026-08-14T09:30:00Z,BATCH-BBAS-5398
PO_B12_005399,Cashfree Escrow,PAYT-ORD-344212 PAYT-ORD-545257 PAYT-ORD-278393 BATCH-PAYT-5399,281999,5639,0,0,276360,INR,2026-08-14T03:36:00Z,BATCH-PAYT-5399
PO_B12_005400,Cashfree Escrow,OLAA-ORD-457843 OLAA-ORD-631244 BATCH-OLAA-5400,381164,7623,0,0,373541,INR,2026-08-13T23:02:00Z,BATCH-OLAA-5400
PO_B12_005401,Razorpay Nodal,BKMS-INV-326868 PO_B12_005401,359737,5846,0,0,353891,INR,2026-08-14T13:38:00Z,BATCH-BKMS-5401
PO_B12_005402,Stripe India,AMZN-INV-601265 PO_B12_005402,199839,4906,0,0,194933,INR,2026-08-14T02:19:00Z,BATCH-AMZN-5402
PO_B12_005403,Stripe India,MMTR-INV-560616 PO_B12_005403,426344,9820,0,0,416524,INR,2026-08-14T04:42:00Z,BATCH-MMTR-5403
PO_B12_005404,Razorpay Nodal,BLNK-INV-947340 PO_B12_005404,160503,3284,0,0,157219,INR,2026-08-14T14:01:00Z,BATCH-BLNK-5404
PO_B12_005405,Stripe India,PAYT-INV-118423 PO_B12_005405,327603,7919,0,0,319684,INR,2026-08-13T17:04:00Z,BATCH-PAYT-5405
PO_B12_005406,BillDesk Settlement,ZOMA-INV-505869 PO_B12_005406,329870,5828,0,0,324042,INR,2026-08-13T21:49:00Z,BATCH-ZOMA-5406
PO_B12_005407,BillDesk Settlement,UBER-ORD-968301 UBER-ORD-788958 UBER-ORD-504923 BATCH-UBER-5407,375903,7518,0,0,368385,INR,2026-08-13T22:09:00Z,BATCH-UBER-5407
PO_B12_005408,Cashfree Escrow,PAYT-ORD-189599 PAYT-ORD-160208 BATCH-PAYT-5408,233829,4676,0,0,229153,INR,2026-08-14T17:37:00Z,BATCH-PAYT-5408
PO_B12_005409,Razorpay Nodal,PHNP-INV-733796 PO_B12_005409,77193,1202,0,0,75991,INR,2026-08-15T01:16:00Z,BATCH-PHNP-5409
PO_B12_005410,BillDesk Settlement,BLNK-ORD-809290 BLNK-ORD-329104 BLNK-ORD-241747 BATCH-BLNK-5410,413048,8260,0,0,404788,INR,2026-08-14T04:04:00Z,BATCH-BLNK-5410
PO_B12_005411,BillDesk Settlement,TATA-ORD-850984 TATA-ORD-377903 BATCH-TATA-5411,174414,3488,0,0,170926,INR,2026-08-14T04:08:00Z,BATCH-TATA-5411
PO_B12_005412,BillDesk Settlement,NYKA-ORD-506068 NYKA-ORD-369867 NYKA-ORD-907807 BATCH-NYKA-5412,466168,9323,0,0,456845,INR,2026-08-14T15:28:00Z,BATCH-NYKA-5412
PO_B12_005413,Razorpay Nodal,PHNP-INV-986048 PO_B12_005413,164361,2745,0,0,161616,INR,2026-08-13T22:24:00Z,BATCH-PHNP-5413
PO_B12_005414,BillDesk Settlement,BKMS-INV-282861 PO_B12_005414,421323,9989,0,0,411334,INR,2026-08-13T20:13:00Z,BATCH-BKMS-5414
PO_B12_005415,Razorpay Nodal,NYKA-INV-918499 PO_B12_005415,222834,4071,0,0,218763,INR,2026-08-14T06:26:00Z,BATCH-NYKA-5415
PO_B12_005416,Cashfree Escrow,PAYT-INV-382828 PO_B12_005416,231683,5326,0,0,226357,INR,2026-08-14T09:30:00Z,BATCH-PAYT-5416
PO_B12_005417,Cashfree Escrow,PAYT-ORD-436514 PAYT-ORD-653857 BATCH-PAYT-5417,275460,5509,0,0,269951,INR,2026-08-14T02:45:00Z,BATCH-PAYT-5417
PO_B12_005418,Cashfree Escrow,BLNK-INV-356131 PO_B12_005418,77116,1499,0,0,75617,INR,2026-08-14T03:28:00Z,BATCH-BLNK-5418
PO_B12_005419,Cashfree Escrow,BBAS-INV-946656 PO_B12_005419,342969,7003,0,0,335966,INR,2026-08-14T14:04:00Z,BATCH-BBAS-5419
PO_B12_005420,BillDesk Settlement,BKMS-ORD-831284 BKMS-ORD-559387 BATCH-BKMS-5420,65699,1313,0,0,64386,INR,2026-08-14T04:46:00Z,BATCH-BKMS-5420
PO_B12_005421,BillDesk Settlement,OLAA-INV-217738 PO_B12_005421,271846,5273,0,0,266573,INR,2026-08-14T14:26:00Z,BATCH-OLAA-5421
PO_B12_005422,BillDesk Settlement,BKMS-INV-848819 PO_B12_005422,388138,6816,0,0,381322,INR,2026-08-14T08:19:00Z,BATCH-BKMS-5422
PO_B12_005423,PayU Enterprise,JIOO-ORD-122601 JIOO-ORD-811516 BATCH-JIOO-5423,313493,6269,0,0,307224,INR,2026-08-14T15:35:00Z,BATCH-JIOO-5423
PO_B12_005424,Cashfree Escrow,NYKA-ORD-158185 NYKA-ORD-194292 BATCH-NYKA-5424,95396,1907,0,0,93489,INR,2026-08-14T03:28:00Z,BATCH-NYKA-5424
PO_B12_005425,Stripe India,SWIG-INV-422276 PO_B12_005425,339561,7823,0,0,331738,INR,2026-08-14T06:32:00Z,BATCH-SWIG-5425
PO_B12_005426,BillDesk Settlement,FLPK-ORD-428470 FLPK-ORD-566326 BATCH-FLPK-5426,323651,6473,0,0,317178,INR,2026-08-14T02:10:00Z,BATCH-FLPK-5426
PO_B12_005427,BillDesk Settlement,ZOMA-INV-371373 PO_B12_005427,60476,1254,0,0,59222,INR,2026-08-14T04:14:00Z,BATCH-ZOMA-5427
PO_B12_005428,Cashfree Escrow,MMTR-INV-719810 PO_B12_005428,368919,5598,0,0,363321,INR,2026-08-14T03:45:00Z,BATCH-MMTR-5428
PO_B12_005429,BillDesk Settlement,ZOMA-INV-797782 PO_B12_005429,427696,8961,0,0,418735,INR,2026-08-14T04:44:00Z,BATCH-ZOMA-5429
PO_B12_005430,BillDesk Settlement,BKMS-EXC-768591-UNRESOLVED,183037,3650,0,0,179387,INR,2026-08-15T03:00:00Z,HOLD-ESCROW
PO_B12_005431,PayU Enterprise,BKMS-INV-348372 PO_B12_005431,208227,3525,0,0,204702,INR,2026-08-14T11:45:00Z,BATCH-BKMS-5431
PO_B12_005432,Cashfree Escrow,UBER-INV-656424 PO_B12_005432,134235,2138,0,0,132097,INR,2026-08-14T16:22:00Z,BATCH-UBER-5432
PO_B12_005433,Cashfree Escrow,AMZN-INV-986422 PO_B12_005433,242460,3939,0,0,238521,INR,2026-08-14T16:32:00Z,BATCH-AMZN-5433
PO_B12_005434,BillDesk Settlement,FLPK-ORD-907564 FLPK-ORD-573100 FLPK-ORD-394940 BATCH-FLPK-5434,313011,6260,0,0,306751,INR,2026-08-14T20:37:00Z,BATCH-FLPK-5434
PO_B12_005435,Stripe India,AMZN-INV-346656 PO_B12_005435,354285,6002,0,0,348283,INR,2026-08-14T06:25:00Z,BATCH-AMZN-5435
PO_B12_005436,PayU Enterprise,BKMS-INV-403454 PO_B12_005436,415788,7518,0,0,408270,INR,2026-08-14T16:09:00Z,BATCH-BKMS-5436
PO_B12_005437,Stripe India,TATA-ORD-175157 TATA-ORD-136971 BATCH-TATA-5437,257445,5148,0,0,252297,INR,2026-08-14T05:26:00Z,BATCH-TATA-5437
PO_B12_005438,Stripe India,FLPK-INV-693364 PO_B12_005438,273414,6051,0,0,267363,INR,2026-08-14T05:30:00Z,BATCH-FLPK-5438
PO_B12_005439,Stripe India,AMZN-INV-602959 PO_B12_005439,132385,3051,0,0,129334,INR,2026-08-14T16:45:00Z,BATCH-AMZN-5439
PO_B12_005440,BillDesk Settlement,SWIG-ORD-698818 SWIG-ORD-900262 SWIG-ORD-607198 BATCH-SWIG-5440,508835,10176,0,0,498659,INR,2026-08-14T18:53:00Z,BATCH-SWIG-5440
PO_B12_005441,Cashfree Escrow,PHNP-INV-612238 PO_B12_005441,92814,1822,0,0,90992,INR,2026-08-14T03:05:00Z,BATCH-PHNP-5441
PO_B12_005442,Cashfree Escrow,AMZN-INV-849160 PO_B12_005442,419194,7076,0,0,412118,INR,2026-08-14T21:28:00Z,BATCH-AMZN-5442
PO_B12_005443,PayU Enterprise,PAYT-INV-233890 PO_B12_005443,31048,737,0,0,30311,INR,2026-08-14T05:32:00Z,BATCH-PAYT-5443
PO_B12_005444,PayU Enterprise,BKMS-INV-977949 PO_B12_005444,193848,4101,0,0,189747,INR,2026-08-14T08:26:00Z,BATCH-BKMS-5444
PO_B12_005445,Stripe India,BLNK-INV-975701 PO_B12_005445,294204,5187,0,0,289017,INR,2026-08-14T13:04:00Z,BATCH-BLNK-5445
PO_B12_005446,BillDesk Settlement,UBER-ORD-236509 UBER-ORD-234152 UBER-ORD-839256 BATCH-UBER-5446,348372,6967,0,0,341405,INR,2026-08-13T22:13:00Z,BATCH-UBER-5446
PO_B12_005447,BillDesk Settlement,TATA-INV-527994 PO_B12_005447,191317,3613,0,0,187704,INR,2026-08-14T15:19:00Z,BATCH-TATA-5447
PO_B12_005448,PayU Enterprise,MMTR-ORD-519234 MMTR-ORD-999280 BATCH-MMTR-5448,446399,8927,0,0,437472,INR,2026-08-14T02:33:00Z,BATCH-MMTR-5448
PO_B12_005449,BillDesk Settlement,OLAA-INV-941549 PO_B12_005449,149429,3483,0,0,145946,INR,2026-08-14T16:47:00Z,BATCH-OLAA-5449
PO_B12_005450,Cashfree Escrow,AMZN-ORD-240858 AMZN-ORD-985620 BATCH-AMZN-5450,150318,3006,0,0,147312,INR,2026-08-14T14:14:00Z,BATCH-AMZN-5450
PO_B12_005451,Cashfree Escrow,SWIG-INV-760472 PO_B12_005451,44003,781,0,0,43222,INR,2026-08-13T20:19:00Z,BATCH-SWIG-5451
PO_B12_005452,Razorpay Nodal,FLPK-ORD-637257 FLPK-ORD-752153 BATCH-FLPK-5452,231382,4627,0,0,226755,INR,2026-08-14T17:04:00Z,BATCH-FLPK-5452
PO_B12_005453,PayU Enterprise,PHNP-INV-366614 PO_B12_005453,380376,6401,0,0,373975,INR,2026-08-14T09:08:00Z,BATCH-PHNP-5453
PO_B12_005454,PayU Enterprise,MYNT-INV-930738 PO_B12_005454,285867,6291,0,0,279576,INR,2026-08-13T17:36:00Z,BATCH-MYNT-5454
PO_B12_005455,BillDesk Settlement,BBAS-ORD-315224 BBAS-ORD-619604 BBAS-ORD-414636 BATCH-BBAS-5455,389374,7787,0,0,381587,INR,2026-08-14T03:55:00Z,BATCH-BBAS-5455
PO_B12_005456,PayU Enterprise,NYKA-ORD-173557 NYKA-ORD-667592 NYKA-ORD-667691 BATCH-NYKA-5456,424245,8484,0,0,415761,INR,2026-08-14T11:46:00Z,BATCH-NYKA-5456
PO_B12_005457,PayU Enterprise,BBAS-INV-983176 PO_B12_005457,379927,7178,0,0,372749,INR,2026-08-14T16:14:00Z,BATCH-BBAS-5457
PO_B12_005458,Razorpay Nodal,AMZN-INV-836838 PO_B12_005458,190483,4269,0,0,186214,INR,2026-08-13T21:27:00Z,BATCH-AMZN-5458
PO_B12_005459,Cashfree Escrow,UBER-ORD-554767 UBER-ORD-685779 BATCH-UBER-5459,223261,4465,0,0,218796,INR,2026-08-14T10:45:00Z,BATCH-UBER-5459
PO_B12_005460,Stripe India,MMTR-INV-689389 PO_B12_005460,126437,2136,0,0,124301,INR,2026-08-14T07:05:00Z,BATCH-MMTR-5460
PO_B12_005461,Razorpay Nodal,BBAS-INV-253781 PO_B12_005461,278978,5386,0,0,273592,INR,2026-08-14T11:16:00Z,BATCH-BBAS-5461
PO_B12_005462,BillDesk Settlement,MMTR-INV-534548 PO_B12_005462,304585,6069,0,0,298516,INR,2026-08-14T04:37:00Z,BATCH-MMTR-5462
PO_B12_005463,Cashfree Escrow,OLAA-INV-998569 PO_B12_005463,174772,3161,0,0,171611,INR,2026-08-14T03:10:00Z,BATCH-OLAA-5463
PO_B12_005464,PayU Enterprise,AMZN-ORD-227691 AMZN-ORD-784421 BATCH-AMZN-5464,158097,3161,0,0,154936,INR,2026-08-14T01:06:00Z,BATCH-AMZN-5464
PO_B12_005465,BillDesk Settlement,AMZN-EXC-700220-UNRESOLVED,149231,2974,0,0,146257,INR,2026-08-14T22:37:00Z,HOLD-ESCROW
PO_B12_005466,Cashfree Escrow,UBER-INV-657040 PO_B12_005466,143331,3460,0,0,139871,INR,2026-08-14T17:18:00Z,BATCH-UBER-5466
PO_B12_005467,BillDesk Settlement,BBAS-INV-706854 PO_B12_005467,409822,10084,0,0,399738,INR,2026-08-14T17:39:00Z,BATCH-BBAS-5467
PO_B12_005468,Stripe India,BBAS-INV-591364 PO_B12_005468,446733,10165,0,0,436568,INR,2026-08-14T06:53:00Z,BATCH-BBAS-5468
PO_B12_005469,Razorpay Nodal,TATA-INV-336420 PO_B12_005469,304305,6450,0,0,297855,INR,2026-08-14T14:55:00Z,BATCH-TATA-5469
PO_B12_005470,Razorpay Nodal,BLNK-INV-110372 PO_B12_005470,365556,8244,0,0,357312,INR,2026-08-14T16:37:00Z,BATCH-BLNK-5470
PO_B12_005471,Stripe India,OLAA-INV-957354 PO_B12_005471,55865,1059,0,0,54806,INR,2026-08-14T09:06:00Z,BATCH-OLAA-5471
PO_B12_005472,BillDesk Settlement,MMTR-INV-568289 PO_B12_005472,284913,5976,0,0,278937,INR,2026-08-14T05:47:00Z,BATCH-MMTR-5472
PO_B12_005473,Stripe India,UBER-ORD-884147 UBER-ORD-495968 UBER-ORD-629445 BATCH-UBER-5473,308870,6177,0,0,302693,INR,2026-08-13T22:45:00Z,BATCH-UBER-5473
PO_B12_005474,BillDesk Settlement,MYNT-INV-249138 PO_B12_005474,45010,690,0,0,44320,INR,2026-08-14T09:18:00Z,BATCH-MYNT-5474
PO_B12_005475,Razorpay Nodal,ZOMA-ORD-502394 ZOMA-ORD-317673 ZOMA-ORD-352074 BATCH-ZOMA-5475,362831,7256,0,0,355575,INR,2026-08-14T06:45:00Z,BATCH-ZOMA-5475
PO_B12_005476,Stripe India,ZOMA-INV-448076 PO_B12_005476,264716,5108,0,0,259608,INR,2026-08-14T15:44:00Z,BATCH-ZOMA-5476
PO_B12_005477,PayU Enterprise,PHNP-EXC-409855-UNRESOLVED,279045,5570,0,0,273475,INR,2026-08-14T16:03:00Z,HOLD-ESCROW
PO_B12_005478,Cashfree Escrow,BBAS-ORD-638236 BBAS-ORD-118795 BATCH-BBAS-5478,359055,7181,0,0,351874,INR,2026-08-14T01:02:00Z,BATCH-BBAS-5478
PO_B12_005479,Cashfree Escrow,ZOMA-INV-812294 PO_B12_005479,259059,6307,0,0,252752,INR,2026-08-14T01:50:00Z,BATCH-ZOMA-5479
PO_B12_005480,Razorpay Nodal,ZOMA-INV-836616 PO_B12_005480,138169,2975,0,0,135194,INR,2026-08-14T02:04:00Z,BATCH-ZOMA-5480
PO_B12_005481,Razorpay Nodal,UBER-INV-172825 PO_B12_005481,442294,9637,0,0,432657,INR,2026-08-14T17:24:00Z,BATCH-UBER-5481
PO_B12_005482,Cashfree Escrow,NYKA-INV-465992 PO_B12_005482,324582,7834,0,0,316748,INR,2026-08-14T00:54:00Z,BATCH-NYKA-5482
PO_B12_005483,BillDesk Settlement,OLAA-INV-144664 PO_B12_005483,333638,7652,0,0,325986,INR,2026-08-14T15:37:00Z,BATCH-OLAA-5483
PO_B12_005484,Razorpay Nodal,FLPK-INV-949118 PO_B12_005484,320445,5054,0,0,315391,INR,2026-08-14T04:56:00Z,BATCH-FLPK-5484
PO_B12_005485,Cashfree Escrow,UBER-ORD-245498 UBER-ORD-469048 UBER-ORD-966294 BATCH-UBER-5485,289934,5798,0,0,284136,INR,2026-08-14T08:09:00Z,BATCH-UBER-5485
PO_B12_005486,Cashfree Escrow,SWIG-INV-930520 PO_B12_005486,134606,3260,0,0,131346,INR,2026-08-14T08:04:00Z,BATCH-SWIG-5486
PO_B12_005487,Cashfree Escrow,JIOO-INV-914137 PO_B12_005487,134635,3264,0,0,131371,INR,2026-08-14T01:54:00Z,BATCH-JIOO-5487
PO_B12_005488,Stripe India,BKMS-INV-262018 PO_B12_005488,433111,9141,0,0,423970,INR,2026-08-14T07:08:00Z,BATCH-BKMS-5488
PO_B12_005489,Stripe India,BLNK-INV-554708 PO_B12_005489,405411,9674,0,0,395737,INR,2026-08-14T22:22:00Z,BATCH-BLNK-5489
PO_B12_005490,Razorpay Nodal,JIOO-INV-518937 PO_B12_005490,90897,1687,0,0,89210,INR,2026-08-14T06:11:00Z,BATCH-JIOO-5490
PO_B12_005491,Razorpay Nodal,MMTR-INV-159182 PO_B12_005491,173541,4136,0,0,169405,INR,2026-08-14T02:46:00Z,BATCH-MMTR-5491
PO_B12_005492,BillDesk Settlement,OLAA-INV-369266 PO_B12_005492,186495,4628,0,0,181867,INR,2026-08-14T04:29:00Z,BATCH-OLAA-5492
PO_B12_005493,Razorpay Nodal,OLAA-INV-382606 PO_B12_005493,135652,3208,0,0,132444,INR,2026-08-14T05:42:00Z,BATCH-OLAA-5493
PO_B12_005494,Razorpay Nodal,PAYT-ORD-943546 PAYT-ORD-526132 BATCH-PAYT-5494,216990,4339,0,0,212651,INR,2026-08-14T20:11:00Z,BATCH-PAYT-5494
PO_B12_005495,Razorpay Nodal,TATA-INV-245097 PO_B12_005495,220527,4789,0,0,215738,INR,2026-08-14T02:10:00Z,BATCH-TATA-5495
PO_B12_005496,PayU Enterprise,PHNP-INV-502502 PO_B12_005496,257748,4526,0,0,253222,INR,2026-08-14T05:22:00Z,BATCH-PHNP-5496
PO_B12_005497,Razorpay Nodal,PHNP-INV-140426 PO_B12_005497,410033,6485,0,0,403548,INR,2026-08-14T21:14:00Z,BATCH-PHNP-5497
PO_B12_005498,Stripe India,PHNP-ORD-924355 PHNP-ORD-123252 PHNP-ORD-522659 BATCH-PHNP-5498,480246,9604,0,0,470642,INR,2026-08-14T08:49:00Z,BATCH-PHNP-5498
PO_B12_005499,PayU Enterprise,BLNK-INV-315764 PO_B12_005499,243262,5743,0,0,237519,INR,2026-08-14T03:06:00Z,BATCH-BLNK-5499
PO_B12_005500,BillDesk Settlement,BLNK-INV-120626 PO_B12_005500,126153,2256,0,0,123897,INR,2026-08-14T09:12:00Z,BATCH-BLNK-5500
PO_B12_005501,Cashfree Escrow,PHNP-INV-519106 PO_B12_005501,50832,1244,0,0,49588,INR,2026-08-15T00:21:00Z,BATCH-PHNP-5501
PO_B12_005502,Cashfree Escrow,FLPK-INV-358931 PO_B12_005502,59095,1452,0,0,57643,INR,2026-08-13T22:57:00Z,BATCH-FLPK-5502
PO_B12_005503,Stripe India,ZOMA-INV-207563 PO_B12_005503,261558,6144,0,0,255414,INR,2026-08-14T12:16:00Z,BATCH-ZOMA-5503
PO_B12_005504,BillDesk Settlement,UBER-INV-622672 PO_B12_005504,418962,7794,0,0,411168,INR,2026-08-13T22:17:00Z,BATCH-UBER-5504
PO_B12_005505,Cashfree Escrow,MYNT-INV-545731 PO_B12_005505,28442,482,0,0,27960,INR,2026-08-14T19:54:00Z,BATCH-MYNT-5505
PO_B12_005506,BillDesk Settlement,UBER-ORD-287841 UBER-ORD-978276 UBER-ORD-571895 BATCH-UBER-5506,453580,9071,0,0,444509,INR,2026-08-14T19:54:00Z,BATCH-UBER-5506
PO_B12_005507,Stripe India,JIOO-ORD-573911 JIOO-ORD-336832 JIOO-ORD-250366 BATCH-JIOO-5507,235127,4702,0,0,230425,INR,2026-08-14T16:36:00Z,BATCH-JIOO-5507
PO_B12_005508,Cashfree Escrow,BBAS-INV-222101 PO_B12_005508,249964,4585,0,0,245379,INR,2026-08-14T00:29:00Z,BATCH-BBAS-5508
PO_B12_005509,Stripe India,PHNP-INV-218615 PO_B12_005509,397141,9898,0,0,387243,INR,2026-08-14T19:04:00Z,BATCH-PHNP-5509
PO_B12_005510,Stripe India,MYNT-INV-792117 PO_B12_005510,315069,6570,0,0,308499,INR,2026-08-13T19:21:00Z,BATCH-MYNT-5510
PO_B12_005511,Stripe India,MYNT-INV-416021 PO_B12_005511,306446,5701,0,0,300745,INR,2026-08-14T13:43:00Z,BATCH-MYNT-5511
PO_B12_005512,PayU Enterprise,NYKA-EXC-304109-UNRESOLVED,129252,2575,0,0,126677,INR,2026-08-14T22:13:00Z,HOLD-ESCROW
PO_B12_005513,Cashfree Escrow,JIOO-INV-296777 PO_B12_005513,167340,4014,0,0,163326,INR,2026-08-14T00:12:00Z,BATCH-JIOO-5513
PO_B12_005514,Razorpay Nodal,BLNK-INV-585214 PO_B12_005514,26637,484,0,0,26153,INR,2026-08-14T00:14:00Z,BATCH-BLNK-5514
PO_B12_005515,BillDesk Settlement,BBAS-INV-960763 PO_B12_005515,66201,1408,0,0,64793,INR,2026-08-14T11:09:00Z,BATCH-BBAS-5515
PO_B12_005516,Stripe India,OLAA-INV-272701 PO_B12_005516,101393,1917,0,0,99476,INR,2026-08-14T00:51:00Z,BATCH-OLAA-5516
PO_B12_005517,BillDesk Settlement,UBER-INV-239960 PO_B12_005517,42805,996,0,0,41809,INR,2026-08-14T12:55:00Z,BATCH-UBER-5517
PO_B12_005518,PayU Enterprise,AMZN-INV-865534 PO_B12_005518,325451,6276,0,0,319175,INR,2026-08-14T07:31:00Z,BATCH-AMZN-5518
PO_B12_005519,Razorpay Nodal,OLAA-INV-812050 PO_B12_005519,37694,697,0,0,36997,INR,2026-08-13T23:46:00Z,BATCH-OLAA-5519
PO_B12_005520,PayU Enterprise,AMZN-INV-879499 PO_B12_005520,149716,3450,0,0,146266,INR,2026-08-14T05:32:00Z,BATCH-AMZN-5520
PO_B12_005521,Stripe India,BLNK-INV-255207 PO_B12_005521,391894,8436,0,0,383458,INR,2026-08-14T01:28:00Z,BATCH-BLNK-5521
PO_B12_005522,BillDesk Settlement,PHNP-INV-586029 PO_B12_005522,385227,7799,0,0,377428,INR,2026-08-15T00:36:00Z,BATCH-PHNP-5522
PO_B12_005523,Cashfree Escrow,MYNT-INV-991890 PO_B12_005523,45883,749,0,0,45134,INR,2026-08-14T17:07:00Z,BATCH-MYNT-5523
PO_B12_005524,Stripe India,AMZN-ORD-293716 AMZN-ORD-618619 AMZN-ORD-654202 BATCH-AMZN-5524,372016,7440,0,0,364576,INR,2026-08-14T02:10:00Z,BATCH-AMZN-5524
PO_B12_005525,Stripe India,PAYT-ORD-801089 PAYT-ORD-931294 BATCH-PAYT-5525,270409,5408,0,0,265001,INR,2026-08-14T13:43:00Z,BATCH-PAYT-5525
PO_B12_005526,BillDesk Settlement,BKMS-INV-851564 PO_B12_005526,124092,2476,0,0,121616,INR,2026-08-14T09:32:00Z,BATCH-BKMS-5526
PO_B12_005527,Razorpay Nodal,JIOO-ORD-203494 JIOO-ORD-862175 JIOO-ORD-275717 BATCH-JIOO-5527,237873,4757,0,0,233116,INR,2026-08-14T14:47:00Z,BATCH-JIOO-5527
PO_B12_005528,Razorpay Nodal,JIOO-INV-204357 PO_B12_005528,204894,4887,0,0,200007,INR,2026-08-14T05:02:00Z,BATCH-JIOO-5528
PO_B12_005529,BillDesk Settlement,BKMS-INV-937596 PO_B12_005529,50561,840,0,0,49721,INR,2026-08-14T11:59:00Z,BATCH-BKMS-5529
PO_B12_005530,BillDesk Settlement,JIOO-INV-339595 PO_B12_005530,291324,4649,0,0,286675,INR,2026-08-13T20:13:00Z,BATCH-JIOO-5530
PO_B12_005531,Cashfree Escrow,PAYT-INV-427678 PO_B12_005531,401699,9038,0,0,392661,INR,2026-08-14T03:25:00Z,BATCH-PAYT-5531
PO_B12_005532,BillDesk Settlement,ZOMA-ORD-528077 ZOMA-ORD-647746 ZOMA-ORD-984524 BATCH-ZOMA-5532,550917,11018,0,0,539899,INR,2026-08-13T22:18:00Z,BATCH-ZOMA-5532
PO_B12_005533,Cashfree Escrow,AMZN-INV-201815 PO_B12_005533,318728,7743,0,0,310985,INR,2026-08-14T18:43:00Z,BATCH-AMZN-5533
PO_B12_005534,PayU Enterprise,OLAA-INV-323337 PO_B12_005534,207034,4519,0,0,202515,INR,2026-08-13T21:15:00Z,BATCH-OLAA-5534
PO_B12_005535,Razorpay Nodal,FLPK-INV-252449 PO_B12_005535,86853,1728,0,0,85125,INR,2026-08-13T19:58:00Z,BATCH-FLPK-5535
PO_B12_005536,PayU Enterprise,BLNK-ORD-629989 BLNK-ORD-919202 BATCH-BLNK-5536,271607,5432,0,0,266175,INR,2026-08-13T21:25:00Z,BATCH-BLNK-5536
PO_B12_005537,Razorpay Nodal,NYKA-INV-772860 PO_B12_005537,124995,2590,0,0,122405,INR,2026-08-13T22:06:00Z,BATCH-NYKA-5537
PO_B12_005538,BillDesk Settlement,BKMS-INV-752800 PO_B12_005538,271132,5949,0,0,265183,INR,2026-08-14T16:12:00Z,BATCH-BKMS-5538
PO_B12_005539,Razorpay Nodal,ZOMA-ORD-347425 ZOMA-ORD-600919 BATCH-ZOMA-5539,279677,5593,0,0,274084,INR,2026-08-13T21:34:00Z,BATCH-ZOMA-5539
PO_B12_005540,Stripe India,SWIG-ORD-186266 SWIG-ORD-598642 BATCH-SWIG-5540,272143,5442,0,0,266701,INR,2026-08-14T09:41:00Z,BATCH-SWIG-5540
PO_B12_005541,PayU Enterprise,TATA-ORD-928675 TATA-ORD-834410 BATCH-TATA-5541,106712,2134,0,0,104578,INR,2026-08-14T15:07:00Z,BATCH-TATA-5541
PO_B12_005542,PayU Enterprise,FLPK-ORD-200381 FLPK-ORD-162503 FLPK-ORD-665897 BATCH-FLPK-5542,285090,5701,0,0,279389,INR,2026-08-14T08:50:00Z,BATCH-FLPK-5542
PO_B12_005543,Stripe India,TATA-ORD-381000 TATA-ORD-454089 BATCH-TATA-5543,211677,4233,0,0,207444,INR,2026-08-14T14:38:00Z,BATCH-TATA-5543
PO_B12_005544,Razorpay Nodal,OLAA-INV-229905 PO_B12_005544,114797,2714,0,0,112083,INR,2026-08-13T23:02:00Z,BATCH-OLAA-5544
PO_B12_005545,Razorpay Nodal,NYKA-ORD-447648 NYKA-ORD-470187 BATCH-NYKA-5545,263457,5269,0,0,258188,INR,2026-08-14T13:37:00Z,BATCH-NYKA-5545
PO_B12_005546,BillDesk Settlement,AMZN-ORD-492756 AMZN-ORD-958961 BATCH-AMZN-5546,190663,3813,0,0,186850,INR,2026-08-14T15:37:00Z,BATCH-AMZN-5546
PO_B12_005547,Stripe India,PHNP-INV-413776 PO_B12_005547,155393,3410,0,0,151983,INR,2026-08-14T09:30:00Z,BATCH-PHNP-5547
PO_B12_005548,Razorpay Nodal,PAYT-ORD-339272 PAYT-ORD-479106 PAYT-ORD-478834 BATCH-PAYT-5548,461662,9233,0,0,452429,INR,2026-08-14T13:51:00Z,BATCH-PAYT-5548
PO_B12_005549,Cashfree Escrow,BBAS-EXC-162823-UNRESOLVED,274731,5484,0,0,269247,INR,2026-08-14T12:57:00Z,HOLD-ESCROW
PO_B12_005550,BillDesk Settlement,SWIG-INV-326577 PO_B12_005550,37043,783,0,0,36260,INR,2026-08-13T21:26:00Z,BATCH-SWIG-5550
PO_B12_005551,BillDesk Settlement,AMZN-ORD-956802 AMZN-ORD-372165 BATCH-AMZN-5551,432355,8647,0,0,423708,INR,2026-08-14T03:24:00Z,BATCH-AMZN-5551
PO_B12_005552,Cashfree Escrow,MMTR-ORD-712455 MMTR-ORD-310118 BATCH-MMTR-5552,357142,7142,0,0,350000,INR,2026-08-14T19:41:00Z,BATCH-MMTR-5552
PO_B12_005553,Razorpay Nodal,PHNP-INV-247865 PO_B12_005553,252627,5187,0,0,247440,INR,2026-08-14T09:36:00Z,BATCH-PHNP-5553
PO_B12_005554,Cashfree Escrow,JIOO-ORD-151748 JIOO-ORD-329020 BATCH-JIOO-5554,335927,6718,0,0,329209,INR,2026-08-14T18:47:00Z,BATCH-JIOO-5554
PO_B12_005555,Stripe India,FLPK-INV-907880 PO_B12_005555,406138,7530,0,0,398608,INR,2026-08-14T22:03:00Z,BATCH-FLPK-5555
PO_B12_005556,PayU Enterprise,UBER-INV-846587 PO_B12_005556,201226,3371,0,0,197855,INR,2026-08-14T12:10:00Z,BATCH-UBER-5556
PO_B12_005557,Stripe India,BKMS-INV-996221 PO_B12_005557,66496,1009,0,0,65487,INR,2026-08-13T17:47:00Z,BATCH-BKMS-5557
PO_B12_005558,BillDesk Settlement,TATA-INV-881321 PO_B12_005558,204577,3233,0,0,201344,INR,2026-08-14T04:52:00Z,BATCH-TATA-5558
PO_B12_005559,BillDesk Settlement,ZOMA-INV-681639 PO_B12_005559,431712,8531,0,0,423181,INR,2026-08-14T05:17:00Z,BATCH-ZOMA-5559
PO_B12_005560,BillDesk Settlement,SWIG-INV-500200 PO_B12_005560,298266,6794,0,0,291472,INR,2026-08-14T08:34:00Z,BATCH-SWIG-5560
PO_B12_005561,Razorpay Nodal,BKMS-ORD-270452 BKMS-ORD-925422 BKMS-ORD-755282 BATCH-BKMS-5561,392974,7859,0,0,385115,INR,2026-08-14T11:15:00Z,BATCH-BKMS-5561
PO_B12_005562,Stripe India,OLAA-INV-877146 PO_B12_005562,423605,9418,0,0,414187,INR,2026-08-13T19:51:00Z,BATCH-OLAA-5562
PO_B12_005563,Stripe India,UBER-INV-694347 PO_B12_005563,361010,7279,0,0,353731,INR,2026-08-14T03:42:00Z,BATCH-UBER-5563
PO_B12_005564,BillDesk Settlement,TATA-ORD-692070 TATA-ORD-113752 TATA-ORD-602708 BATCH-TATA-5564,384898,7697,0,0,377201,INR,2026-08-14T03:34:00Z,BATCH-TATA-5564
PO_B12_005565,PayU Enterprise,JIOO-INV-763155 PO_B12_005565,48311,976,0,0,47335,INR,2026-08-14T00:38:00Z,BATCH-JIOO-5565
PO_B12_005566,Stripe India,BKMS-INV-353751 PO_B12_005566,358246,7869,0,0,350377,INR,2026-08-14T00:09:00Z,BATCH-BKMS-5566
PO_B12_005567,Razorpay Nodal,BBAS-INV-723606 PO_B12_005567,135086,2532,0,0,132554,INR,2026-08-15T00:33:00Z,BATCH-BBAS-5567
PO_B12_005568,PayU Enterprise,PHNP-EXC-879936-UNRESOLVED,221649,4422,0,0,217227,INR,2026-08-14T19:44:00Z,HOLD-ESCROW
PO_B12_005569,Stripe India,NYKA-ORD-101321 NYKA-ORD-698245 NYKA-ORD-132925 BATCH-NYKA-5569,561484,11229,0,0,550255,INR,2026-08-14T16:45:00Z,BATCH-NYKA-5569
PO_B12_005570,Stripe India,BLNK-EXC-917401-UNRESOLVED,100519,2000,0,0,98519,INR,2026-08-15T07:35:00Z,HOLD-ESCROW
PO_B12_005571,Stripe India,TATA-INV-718699 PO_B12_005571,287077,7020,0,0,280057,INR,2026-08-14T11:23:00Z,BATCH-TATA-5571
PO_B12_005572,Razorpay Nodal,AMZN-ORD-870806 AMZN-ORD-338407 AMZN-ORD-108975 BATCH-AMZN-5572,532035,10640,0,0,521395,INR,2026-08-14T15:26:00Z,BATCH-AMZN-5572
PO_B12_005573,PayU Enterprise,PHNP-EXC-627613-UNRESOLVED,254099,5071,0,0,249028,INR,2026-08-14T18:14:00Z,HOLD-ESCROW
PO_B12_005574,Stripe India,ZOMA-ORD-667410 ZOMA-ORD-739661 BATCH-ZOMA-5574,370042,7400,0,0,362642,INR,2026-08-14T18:31:00Z,BATCH-ZOMA-5574
PO_B12_005575,Razorpay Nodal,OLAA-ORD-924378 OLAA-ORD-474993 BATCH-OLAA-5575,150622,3012,0,0,147610,INR,2026-08-14T02:08:00Z,BATCH-OLAA-5575
PO_B12_005576,Stripe India,OLAA-INV-526568 PO_B12_005576,202507,3432,0,0,199075,INR,2026-08-14T10:27:00Z,BATCH-OLAA-5576
PO_B12_005577,Stripe India,MYNT-INV-115428 PO_B12_005577,363062,6128,0,0,356934,INR,2026-08-14T05:33:00Z,BATCH-MYNT-5577
PO_B12_005578,Razorpay Nodal,BLNK-INV-827580 PO_B12_005578,51490,1191,0,0,50299,INR,2026-08-14T16:08:00Z,BATCH-BLNK-5578
PO_B12_005579,BillDesk Settlement,ZOMA-INV-477535 PO_B12_005579,159458,2961,0,0,156497,INR,2026-08-13T14:22:00Z,BATCH-ZOMA-5579
PO_B12_005580,Cashfree Escrow,NYKA-INV-703247 PO_B12_005580,211961,4119,0,0,207842,INR,2026-08-13T23:50:00Z,BATCH-NYKA-5580
PO_B12_005581,Cashfree Escrow,OLAA-INV-687641 PO_B12_005581,406901,8279,0,0,398622,INR,2026-08-13T23:01:00Z,BATCH-OLAA-5581
PO_B12_005582,Stripe India,BBAS-EXC-582774-UNRESOLVED,134624,2682,0,0,131942,INR,2026-08-14T20:24:00Z,HOLD-ESCROW
PO_B12_005583,Stripe India,OLAA-INV-879130 PO_B12_005583,383068,7989,0,0,375079,INR,2026-08-14T14:18:00Z,BATCH-OLAA-5583
PO_B12_005584,PayU Enterprise,PAYT-ORD-316614 PAYT-ORD-362611 BATCH-PAYT-5584,174614,3492,0,0,171122,INR,2026-08-14T08:31:00Z,BATCH-PAYT-5584
PO_B12_005585,Razorpay Nodal,FLPK-INV-334712 PO_B12_005585,69717,1684,0,0,68033,INR,2026-08-14T04:30:00Z,BATCH-FLPK-5585
PO_B12_005586,BillDesk Settlement,BKMS-INV-146197 PO_B12_005586,43668,1020,0,0,42648,INR,2026-08-14T01:13:00Z,BATCH-BKMS-5586
PO_B12_005587,PayU Enterprise,OLAA-INV-526315 PO_B12_005587,347701,7795,0,0,339906,INR,2026-08-13T23:00:00Z,BATCH-OLAA-5587
PO_B12_005588,PayU Enterprise,FLPK-ORD-184455 FLPK-ORD-719886 BATCH-FLPK-5588,379396,7587,0,0,371809,INR,2026-08-14T16:50:00Z,BATCH-FLPK-5588
PO_B12_005589,PayU Enterprise,PAYT-INV-202322 PO_B12_005589,270004,4759,0,0,265245,INR,2026-08-14T01:47:00Z,BATCH-PAYT-5589
PO_B12_005590,PayU Enterprise,BBAS-INV-497720 PO_B12_005590,108195,2057,0,0,106138,INR,2026-08-14T06:23:00Z,BATCH-BBAS-5590
PO_B12_005591,Razorpay Nodal,MYNT-INV-418782 PO_B12_005591,145699,2966,0,0,142733,INR,2026-08-14T10:13:00Z,BATCH-MYNT-5591
PO_B12_005592,PayU Enterprise,PAYT-INV-600186 PO_B12_005592,146216,2906,0,0,143310,INR,2026-08-14T05:58:00Z,BATCH-PAYT-5592
PO_B12_005593,Stripe India,NYKA-ORD-420446 NYKA-ORD-913560 NYKA-ORD-930129 BATCH-NYKA-5593,396546,7930,0,0,388616,INR,2026-08-14T02:51:00Z,BATCH-NYKA-5593
PO_B12_005594,Cashfree Escrow,BKMS-ORD-491391 BKMS-ORD-893933 BATCH-BKMS-5594,193709,3874,0,0,189835,INR,2026-08-14T12:49:00Z,BATCH-BKMS-5594
PO_B12_005595,BillDesk Settlement,ZOMA-INV-158887 PO_B12_005595,292213,6121,0,0,286092,INR,2026-08-14T09:14:00Z,BATCH-ZOMA-5595
PO_B12_005596,Stripe India,BBAS-INV-812333 PO_B12_005596,304781,5485,0,0,299296,INR,2026-08-14T14:54:00Z,BATCH-BBAS-5596
PO_B12_005597,PayU Enterprise,UBER-INV-978539 PO_B12_005597,115136,1893,0,0,113243,INR,2026-08-14T13:50:00Z,BATCH-UBER-5597
PO_B12_005598,BillDesk Settlement,BBAS-ORD-518226 BBAS-ORD-246887 BBAS-ORD-932702 BATCH-BBAS-5598,394682,7893,0,0,386789,INR,2026-08-14T05:27:00Z,BATCH-BBAS-5598
PO_B12_005599,PayU Enterprise,PAYT-ORD-496923 PAYT-ORD-637865 BATCH-PAYT-5599,252916,5058,0,0,247858,INR,2026-08-13T21:25:00Z,BATCH-PAYT-5599
PO_B12_005600,Stripe India,PHNP-INV-789765 PO_B12_005600,431161,8494,0,0,422667,INR,2026-08-13T19:42:00Z,BATCH-PHNP-5600
PO_B12_005601,BillDesk Settlement,NYKA-INV-500039 PO_B12_005601,34342,670,0,0,33672,INR,2026-08-14T08:14:00Z,BATCH-NYKA-5601
PO_B12_005602,Cashfree Escrow,BBAS-ORD-943749 BBAS-ORD-469494 BATCH-BBAS-5602,253998,5079,0,0,248919,INR,2026-08-14T06:35:00Z,BATCH-BBAS-5602
PO_B12_005603,Stripe India,PAYT-INV-191434 PO_B12_005603,54243,1080,0,0,53163,INR,2026-08-14T08:21:00Z,BATCH-PAYT-5603
PO_B12_005604,Stripe India,BBAS-INV-737217 PO_B12_005604,275976,6267,0,0,269709,INR,2026-08-14T10:35:00Z,BATCH-BBAS-5604
PO_B12_005605,BillDesk Settlement,MMTR-ORD-987958 MMTR-ORD-901560 MMTR-ORD-133687 BATCH-MMTR-5605,324000,6480,0,0,317520,INR,2026-08-14T20:27:00Z,BATCH-MMTR-5605
PO_B12_005606,Cashfree Escrow,OLAA-INV-690982 PO_B12_005606,54531,1246,0,0,53285,INR,2026-08-14T02:53:00Z,BATCH-OLAA-5606
PO_B12_005607,PayU Enterprise,PAYT-INV-125153 PO_B12_005607,390393,9424,0,0,380969,INR,2026-08-13T22:42:00Z,BATCH-PAYT-5607
PO_B12_005608,BillDesk Settlement,ZOMA-INV-980303 PO_B12_005608,318825,5215,0,0,313610,INR,2026-08-15T00:25:00Z,BATCH-ZOMA-5608
PO_B12_005609,Stripe India,ZOMA-ORD-431237 ZOMA-ORD-371832 ZOMA-ORD-366632 BATCH-ZOMA-5609,302136,6042,0,0,296094,INR,2026-08-13T22:42:00Z,BATCH-ZOMA-5609
PO_B12_005610,Razorpay Nodal,PAYT-INV-831762 PO_B12_005610,122160,2337,0,0,119823,INR,2026-08-15T02:36:00Z,BATCH-PAYT-5610
PO_B12_005611,BillDesk Settlement,MMTR-INV-800566 PO_B12_005611,55834,1302,0,0,54532,INR,2026-08-14T10:54:00Z,BATCH-MMTR-5611
PO_B12_005612,Cashfree Escrow,JIOO-INV-805588 PO_B12_005612,325061,7843,0,0,317218,INR,2026-08-14T00:55:00Z,BATCH-JIOO-5612
PO_B12_005613,PayU Enterprise,JIOO-INV-479978 PO_B12_005613,143104,2965,0,0,140139,INR,2026-08-13T20:48:00Z,BATCH-JIOO-5613
PO_B12_005614,BillDesk Settlement,NYKA-INV-580522 PO_B12_005614,111364,2558,0,0,108806,INR,2026-08-14T12:40:00Z,BATCH-NYKA-5614
PO_B12_005615,Razorpay Nodal,MYNT-ORD-841828 MYNT-ORD-387227 MYNT-ORD-298953 BATCH-MYNT-5615,212134,4242,0,0,207892,INR,2026-08-14T13:26:00Z,BATCH-MYNT-5615
PO_B12_005616,Stripe India,UBER-ORD-995539 UBER-ORD-757498 BATCH-UBER-5616,216132,4322,0,0,211810,INR,2026-08-14T04:25:00Z,BATCH-UBER-5616
PO_B12_005617,BillDesk Settlement,JIOO-INV-866638 PO_B12_005617,430599,8430,0,0,422169,INR,2026-08-14T05:58:00Z,BATCH-JIOO-5617
PO_B12_005618,BillDesk Settlement,PHNP-INV-348364 PO_B12_005618,236297,5141,0,0,231156,INR,2026-08-14T00:14:00Z,BATCH-PHNP-5618
PO_B12_005619,Cashfree Escrow,BKMS-INV-809149 PO_B12_005619,27013,513,0,0,26500,INR,2026-08-14T02:27:00Z,BATCH-BKMS-5619
PO_B12_005620,PayU Enterprise,FLPK-INV-174331 PO_B12_005620,90827,1461,0,0,89366,INR,2026-08-14T05:00:00Z,BATCH-FLPK-5620
PO_B12_005621,Razorpay Nodal,PAYT-INV-565933 PO_B12_005621,282974,5303,0,0,277671,INR,2026-08-14T02:51:00Z,BATCH-PAYT-5621
PO_B12_005622,Cashfree Escrow,UBER-INV-629153 PO_B12_005622,297359,6197,0,0,291162,INR,2026-08-14T05:35:00Z,BATCH-UBER-5622
PO_B12_005623,PayU Enterprise,AMZN-EXC-361030-UNRESOLVED,247785,4945,0,0,242840,INR,2026-08-15T07:17:00Z,HOLD-ESCROW
PO_B12_005624,Stripe India,AMZN-INV-903379 PO_B12_005624,344149,6759,0,0,337390,INR,2026-08-13T19:45:00Z,BATCH-AMZN-5624
PO_B12_005625,Razorpay Nodal,BKMS-ORD-245867 BKMS-ORD-474748 BKMS-ORD-216592 BATCH-BKMS-5625,284034,5680,0,0,278354,INR,2026-08-14T09:15:00Z,BATCH-BKMS-5625
PO_B12_005626,PayU Enterprise,PAYT-INV-960384 PO_B12_005626,398918,8215,0,0,390703,INR,2026-08-14T06:09:00Z,BATCH-PAYT-5626
PO_B12_005627,Cashfree Escrow,BKMS-EXC-193540-UNRESOLVED,98508,1960,0,0,96548,INR,2026-08-15T02:19:00Z,HOLD-ESCROW
PO_B12_005628,BillDesk Settlement,MMTR-INV-177697 PO_B12_005628,354485,8519,0,0,345966,INR,2026-08-14T10:24:00Z,BATCH-MMTR-5628
PO_B12_005629,Cashfree Escrow,ZOMA-INV-157873 PO_B12_005629,105274,1797,0,0,103477,INR,2026-08-13T23:02:00Z,BATCH-ZOMA-5629
PO_B12_005630,Razorpay Nodal,BLNK-INV-178271 PO_B12_005630,308636,5275,0,0,303361,INR,2026-08-14T10:00:00Z,BATCH-BLNK-5630
PO_B12_005631,Stripe India,BLNK-INV-442282 PO_B12_005631,235056,4592,0,0,230464,INR,2026-08-14T05:38:00Z,BATCH-BLNK-5631
PO_B12_005632,PayU Enterprise,BBAS-INV-448918 PO_B12_005632,225728,3642,0,0,222086,INR,2026-08-14T02:06:00Z,BATCH-BBAS-5632
PO_B12_005633,Stripe India,AMZN-INV-135745 PO_B12_005633,369156,9077,0,0,360079,INR,2026-08-13T19:28:00Z,BATCH-AMZN-5633
PO_B12_005634,Stripe India,SWIG-EXC-924401-UNRESOLVED,109454,2179,0,0,107275,INR,2026-08-14T23:05:00Z,HOLD-ESCROW
PO_B12_005635,Razorpay Nodal,ZOMA-INV-823221 PO_B12_005635,131536,2661,0,0,128875,INR,2026-08-14T07:32:00Z,BATCH-ZOMA-5635
PO_B12_005636,BillDesk Settlement,MYNT-INV-529184 PO_B12_005636,419659,6837,0,0,412822,INR,2026-08-13T15:50:00Z,BATCH-MYNT-5636
PO_B12_005637,Stripe India,MMTR-INV-492731 PO_B12_005637,277964,6876,0,0,271088,INR,2026-08-14T12:22:00Z,BATCH-MMTR-5637
PO_B12_005638,BillDesk Settlement,ZOMA-INV-789428 PO_B12_005638,212982,4347,0,0,208635,INR,2026-08-14T13:33:00Z,BATCH-ZOMA-5638
PO_B12_005639,PayU Enterprise,BBAS-ORD-305493 BBAS-ORD-116510 BATCH-BBAS-5639,304514,6090,0,0,298424,INR,2026-08-14T20:24:00Z,BATCH-BBAS-5639
PO_B12_005640,Stripe India,JIOO-ORD-520984 JIOO-ORD-678942 JIOO-ORD-921961 BATCH-JIOO-5640,230757,4615,0,0,226142,INR,2026-08-14T03:22:00Z,BATCH-JIOO-5640
PO_B12_005641,Cashfree Escrow,UBER-INV-730498 PO_B12_005641,45130,697,0,0,44433,INR,2026-08-13T15:38:00Z,BATCH-UBER-5641
PO_B12_005642,Stripe India,AMZN-INV-918592 PO_B12_005642,124627,2525,0,0,122102,INR,2026-08-14T06:28:00Z,BATCH-AMZN-5642
PO_B12_005643,Razorpay Nodal,TATA-INV-628143 PO_B12_005643,449919,10744,0,0,439175,INR,2026-08-14T05:00:00Z,BATCH-TATA-5643
PO_B12_005644,Stripe India,PAYT-INV-533316 PO_B12_005644,30403,687,0,0,29716,INR,2026-08-14T08:55:00Z,BATCH-PAYT-5644
PO_B12_005645,PayU Enterprise,TATA-INV-362195 PO_B12_005645,439224,10316,0,0,428908,INR,2026-08-14T04:16:00Z,BATCH-TATA-5645
PO_B12_005646,Stripe India,PAYT-ORD-471542 PAYT-ORD-613590 PAYT-ORD-866213 BATCH-PAYT-5646,558449,11168,0,0,547281,INR,2026-08-14T14:02:00Z,BATCH-PAYT-5646
PO_B12_005647,Cashfree Escrow,OLAA-INV-868925 PO_B12_005647,312967,6358,0,0,306609,INR,2026-08-14T11:27:00Z,BATCH-OLAA-5647
PO_B12_005648,Razorpay Nodal,UBER-INV-225145 PO_B12_005648,315157,4928,0,0,310229,INR,2026-08-14T06:22:00Z,BATCH-UBER-5648
PO_B12_005649,PayU Enterprise,ZOMA-ORD-388218 ZOMA-ORD-623732 ZOMA-ORD-276884 BATCH-ZOMA-5649,347451,6949,0,0,340502,INR,2026-08-14T01:28:00Z,BATCH-ZOMA-5649
PO_B12_005650,PayU Enterprise,PAYT-INV-964142 PO_B12_005650,411631,7691,0,0,403940,INR,2026-08-14T15:36:00Z,BATCH-PAYT-5650
PO_B12_005651,Razorpay Nodal,MMTR-ORD-386613 MMTR-ORD-440400 BATCH-MMTR-5651,231512,4630,0,0,226882,INR,2026-08-14T08:25:00Z,BATCH-MMTR-5651
PO_B12_005652,PayU Enterprise,TATA-ORD-632540 TATA-ORD-669175 BATCH-TATA-5652,200321,4006,0,0,196315,INR,2026-08-14T15:30:00Z,BATCH-TATA-5652
PO_B12_005653,PayU Enterprise,PHNP-INV-223980 PO_B12_005653,177410,4277,0,0,173133,INR,2026-08-14T02:41:00Z,BATCH-PHNP-5653
PO_B12_005654,PayU Enterprise,BLNK-ORD-478532 BLNK-ORD-928970 BLNK-ORD-688305 BATCH-BLNK-5654,382776,7655,0,0,375121,INR,2026-08-14T09:59:00Z,BATCH-BLNK-5654
PO_B12_005655,BillDesk Settlement,JIOO-ORD-967215 JIOO-ORD-800741 BATCH-JIOO-5655,402015,8040,0,0,393975,INR,2026-08-14T20:02:00Z,BATCH-JIOO-5655
PO_B12_005656,Razorpay Nodal,MYNT-INV-627637 PO_B12_005656,349077,7270,0,0,341807,INR,2026-08-13T21:11:00Z,BATCH-MYNT-5656
PO_B12_005657,BillDesk Settlement,BBAS-ORD-311381 BBAS-ORD-174388 BATCH-BBAS-5657,329114,6582,0,0,322532,INR,2026-08-14T15:48:00Z,BATCH-BBAS-5657
PO_B12_005658,BillDesk Settlement,BKMS-EXC-352228-UNRESOLVED,125456,2499,0,0,122957,INR,2026-08-15T03:04:00Z,HOLD-ESCROW
PO_B12_005659,Razorpay Nodal,JIOO-ORD-992979 JIOO-ORD-514210 JIOO-ORD-925380 BATCH-JIOO-5659,455798,9115,0,0,446683,INR,2026-08-14T20:26:00Z,BATCH-JIOO-5659
PO_B12_005660,Razorpay Nodal,SWIG-INV-289046 PO_B12_005660,239149,3844,0,0,235305,INR,2026-08-14T03:18:00Z,BATCH-SWIG-5660
PO_B12_005661,BillDesk Settlement,BLNK-EXC-559440-UNRESOLVED,138522,2760,0,0,135762,INR,2026-08-14T13:12:00Z,HOLD-ESCROW
PO_B12_005662,BillDesk Settlement,BBAS-EXC-941883-UNRESOLVED,283912,5668,0,0,278244,INR,2026-08-14T15:17:00Z,HOLD-ESCROW
PO_B12_005663,Cashfree Escrow,OLAA-INV-129383 PO_B12_005663,152259,3062,0,0,149197,INR,2026-08-13T18:36:00Z,BATCH-OLAA-5663
PO_B12_005664,Stripe India,BBAS-INV-974716 PO_B12_005664,361086,6375,0,0,354711,INR,2026-08-14T21:43:00Z,BATCH-BBAS-5664
PO_B12_005665,Cashfree Escrow,BBAS-INV-775539 PO_B12_005665,177188,3067,0,0,174121,INR,2026-08-14T00:46:00Z,BATCH-BBAS-5665
PO_B12_005666,BillDesk Settlement,BBAS-INV-861720 PO_B12_005666,86050,1896,0,0,84154,INR,2026-08-14T06:48:00Z,BATCH-BBAS-5666
PO_B12_005667,Stripe India,UBER-INV-531303 PO_B12_005667,115985,1949,0,0,114036,INR,2026-08-14T11:55:00Z,BATCH-UBER-5667
PO_B12_005668,Stripe India,SWIG-INV-333967 PO_B12_005668,289786,6447,0,0,283339,INR,2026-08-13T23:22:00Z,BATCH-SWIG-5668
PO_B12_005669,PayU Enterprise,SWIG-ORD-493604 SWIG-ORD-412966 BATCH-SWIG-5669,122123,2442,0,0,119681,INR,2026-08-14T14:31:00Z,BATCH-SWIG-5669
PO_B12_005670,BillDesk Settlement,MMTR-ORD-756954 MMTR-ORD-733299 BATCH-MMTR-5670,357168,7143,0,0,350025,INR,2026-08-14T01:14:00Z,BATCH-MMTR-5670
PO_B12_005671,BillDesk Settlement,AMZN-EXC-932160-UNRESOLVED,196629,3922,0,0,192707,INR,2026-08-14T13:35:00Z,HOLD-ESCROW
PO_B12_005672,Razorpay Nodal,TATA-INV-101246 PO_B12_005672,418627,8214,0,0,410413,INR,2026-08-14T05:53:00Z,BATCH-TATA-5672
PO_B12_005673,Razorpay Nodal,ZOMA-INV-748594 PO_B12_005673,41183,702,0,0,40481,INR,2026-08-14T08:19:00Z,BATCH-ZOMA-5673
PO_B12_005674,Razorpay Nodal,FLPK-ORD-235626 FLPK-ORD-475585 BATCH-FLPK-5674,157743,3154,0,0,154589,INR,2026-08-14T16:45:00Z,BATCH-FLPK-5674
PO_B12_005675,Stripe India,AMZN-INV-683648 PO_B12_005675,64014,1579,0,0,62435,INR,2026-08-13T22:02:00Z,BATCH-AMZN-5675
PO_B12_005676,Cashfree Escrow,MMTR-INV-581948 PO_B12_005676,45316,1108,0,0,44208,INR,2026-08-14T15:42:00Z,BATCH-MMTR-5676
PO_B12_005677,Cashfree Escrow,JIOO-INV-387230 PO_B12_005677,329332,6728,0,0,322604,INR,2026-08-14T04:29:00Z,BATCH-JIOO-5677
PO_B12_005678,Razorpay Nodal,PAYT-INV-585291 PO_B12_005678,242978,4317,0,0,238661,INR,2026-08-14T14:10:00Z,BATCH-PAYT-5678
PO_B12_005679,BillDesk Settlement,MYNT-INV-262024 PO_B12_005679,380092,7482,0,0,372610,INR,2026-08-14T03:07:00Z,BATCH-MYNT-5679
PO_B12_005680,Cashfree Escrow,FLPK-INV-400498 PO_B12_005680,86532,1870,0,0,84662,INR,2026-08-14T14:52:00Z,BATCH-FLPK-5680
PO_B12_005681,BillDesk Settlement,TATA-EXC-977884-UNRESOLVED,273549,5460,0,0,268089,INR,2026-08-15T03:37:00Z,HOLD-ESCROW
PO_B12_005682,PayU Enterprise,JIOO-EXC-921530-UNRESOLVED,208408,4158,0,0,204250,INR,2026-08-14T23:36:00Z,HOLD-ESCROW
PO_B12_005683,BillDesk Settlement,BLNK-ORD-838392 BLNK-ORD-464167 BATCH-BLNK-5683,120215,2404,0,0,117811,INR,2026-08-14T17:21:00Z,BATCH-BLNK-5683
PO_B12_005684,BillDesk Settlement,PHNP-ORD-727524 PHNP-ORD-290971 BATCH-PHNP-5684,317134,6342,0,0,310792,INR,2026-08-14T19:32:00Z,BATCH-PHNP-5684
PO_B12_005685,Stripe India,SWIG-ORD-273537 SWIG-ORD-274708 SWIG-ORD-784156 BATCH-SWIG-5685,320613,6412,0,0,314201,INR,2026-08-13T21:48:00Z,BATCH-SWIG-5685
PO_B12_005686,BillDesk Settlement,BKMS-INV-421370 PO_B12_005686,392590,6524,0,0,386066,INR,2026-08-14T05:07:00Z,BATCH-BKMS-5686
PO_B12_005687,BillDesk Settlement,MYNT-INV-990907 PO_B12_005687,261354,5543,0,0,255811,INR,2026-08-14T06:29:00Z,BATCH-MYNT-5687
PO_B12_005688,BillDesk Settlement,BBAS-ORD-263022 BBAS-ORD-460782 BATCH-BBAS-5688,88713,1774,0,0,86939,INR,2026-08-14T18:53:00Z,BATCH-BBAS-5688
PO_B12_005689,Razorpay Nodal,ZOMA-INV-207730 PO_B12_005689,353541,7376,0,0,346165,INR,2026-08-14T16:54:00Z,BATCH-ZOMA-5689
PO_B12_005690,Stripe India,MYNT-INV-696959 PO_B12_005690,182996,4065,0,0,178931,INR,2026-08-14T04:52:00Z,BATCH-MYNT-5690
PO_B12_005691,Razorpay Nodal,AMZN-EXC-959844-UNRESOLVED,192455,3839,0,0,188616,INR,2026-08-14T09:11:00Z,HOLD-ESCROW
PO_B12_005692,PayU Enterprise,JIOO-INV-231796 PO_B12_005692,386613,6178,0,0,380435,INR,2026-08-14T10:24:00Z,BATCH-JIOO-5692
PO_B12_005693,Stripe India,BBAS-INV-630539 PO_B12_005693,25747,386,0,0,25361,INR,2026-08-14T01:13:00Z,BATCH-BBAS-5693
PO_B12_005694,Razorpay Nodal,BLNK-INV-889703 PO_B12_005694,268731,4543,0,0,264188,INR,2026-08-14T05:02:00Z,BATCH-BLNK-5694
PO_B12_005695,PayU Enterprise,UBER-ORD-788324 UBER-ORD-135592 UBER-ORD-154799 BATCH-UBER-5695,522701,10454,0,0,512247,INR,2026-08-13T21:38:00Z,BATCH-UBER-5695
PO_B12_005696,PayU Enterprise,NYKA-INV-556090 PO_B12_005696,143227,3352,0,0,139875,INR,2026-08-13T17:43:00Z,BATCH-NYKA-5696
PO_B12_005697,Stripe India,PHNP-INV-837686 PO_B12_005697,240379,5311,0,0,235068,INR,2026-08-14T12:44:00Z,BATCH-PHNP-5697
PO_B12_005698,PayU Enterprise,BLNK-EXC-915319-UNRESOLVED,130695,2603,0,0,128092,INR,2026-08-15T08:32:00Z,HOLD-ESCROW
PO_B12_005699,PayU Enterprise,BLNK-INV-252359 PO_B12_005699,133367,3191,0,0,130176,INR,2026-08-14T09:30:00Z,BATCH-BLNK-5699
PO_B12_005700,PayU Enterprise,MMTR-ORD-646898 MMTR-ORD-395324 BATCH-MMTR-5700,227872,4557,0,0,223315,INR,2026-08-14T20:59:00Z,BATCH-MMTR-5700
PO_B12_005701,Stripe India,NYKA-INV-828235 PO_B12_005701,415961,9707,0,0,406254,INR,2026-08-14T14:26:00Z,BATCH-NYKA-5701
PO_B12_005702,PayU Enterprise,PAYT-INV-874051 PO_B12_005702,118684,2445,0,0,116239,INR,2026-08-14T03:33:00Z,BATCH-PAYT-5702
PO_B12_005703,BillDesk Settlement,PHNP-ORD-594051 PHNP-ORD-376469 PHNP-ORD-199793 BATCH-PHNP-5703,487660,9753,0,0,477907,INR,2026-08-14T06:18:00Z,BATCH-PHNP-5703
PO_B12_005704,PayU Enterprise,JIOO-ORD-137710 JIOO-ORD-632358 BATCH-JIOO-5704,239168,4783,0,0,234385,INR,2026-08-14T05:40:00Z,BATCH-JIOO-5704
PO_B12_005705,Stripe India,PAYT-INV-722254 PO_B12_005705,193968,3831,0,0,190137,INR,2026-08-14T12:08:00Z,BATCH-PAYT-5705
PO_B12_005706,Razorpay Nodal,MYNT-ORD-318131 MYNT-ORD-360249 MYNT-ORD-421484 BATCH-MYNT-5706,286403,5728,0,0,280675,INR,2026-08-14T01:06:00Z,BATCH-MYNT-5706
PO_B12_005707,BillDesk Settlement,ZOMA-ORD-357556 ZOMA-ORD-580094 ZOMA-ORD-679050 BATCH-ZOMA-5707,426982,8539,0,0,418443,INR,2026-08-13T21:05:00Z,BATCH-ZOMA-5707
PO_B12_005708,BillDesk Settlement,MMTR-ORD-864984 MMTR-ORD-627949 MMTR-ORD-801577 BATCH-MMTR-5708,475141,9502,0,0,465639,INR,2026-08-14T10:40:00Z,BATCH-MMTR-5708
PO_B12_005709,Cashfree Escrow,MMTR-ORD-457060 MMTR-ORD-901877 MMTR-ORD-128766 BATCH-MMTR-5709,225520,4510,0,0,221010,INR,2026-08-14T07:32:00Z,BATCH-MMTR-5709
PO_B12_005710,Razorpay Nodal,ZOMA-INV-960790 PO_B12_005710,129992,2586,0,0,127406,INR,2026-08-14T21:26:00Z,BATCH-ZOMA-5710
PO_B12_005711,PayU Enterprise,PHNP-ORD-744859 PHNP-ORD-850745 PHNP-ORD-472313 BATCH-PHNP-5711,217824,4356,0,0,213468,INR,2026-08-14T02:17:00Z,BATCH-PHNP-5711
PO_B12_005712,Stripe India,UBER-INV-893181 PO_B12_005712,87436,1339,0,0,86097,INR,2026-08-14T07:35:00Z,BATCH-UBER-5712
PO_B12_005713,BillDesk Settlement,NYKA-INV-712261 PO_B12_005713,238910,5810,0,0,233100,INR,2026-08-14T11:44:00Z,BATCH-NYKA-5713
PO_B12_005714,Stripe India,TATA-INV-444939 PO_B12_005714,272118,6350,0,0,265768,INR,2026-08-13T23:13:00Z,BATCH-TATA-5714
PO_B12_005715,Cashfree Escrow,TATA-INV-568149 PO_B12_005715,139454,3383,0,0,136071,INR,2026-08-14T03:22:00Z,BATCH-TATA-5715
PO_B12_005716,Razorpay Nodal,MYNT-INV-598830 PO_B12_005716,165276,3417,0,0,161859,INR,2026-08-14T04:06:00Z,BATCH-MYNT-5716
PO_B12_005717,BillDesk Settlement,MYNT-INV-884807 PO_B12_005717,160370,2565,0,0,157805,INR,2026-08-14T04:41:00Z,BATCH-MYNT-5717
PO_B12_005718,Cashfree Escrow,OLAA-ORD-546566 OLAA-ORD-179577 BATCH-OLAA-5718,290361,5807,0,0,284554,INR,2026-08-14T13:37:00Z,BATCH-OLAA-5718
PO_B12_005719,Cashfree Escrow,BBAS-ORD-200041 BBAS-ORD-385409 BBAS-ORD-990032 BATCH-BBAS-5719,514566,10291,0,0,504275,INR,2026-08-14T15:48:00Z,BATCH-BBAS-5719
PO_B12_005720,BillDesk Settlement,FLPK-ORD-375021 FLPK-ORD-734402 BATCH-FLPK-5720,203331,4066,0,0,199265,INR,2026-08-14T00:39:00Z,BATCH-FLPK-5720
PO_B12_005721,Cashfree Escrow,AMZN-INV-675028 PO_B12_005721,356610,7785,0,0,348825,INR,2026-08-14T13:40:00Z,BATCH-AMZN-5721
PO_B12_005722,Cashfree Escrow,ZOMA-INV-180580 PO_B12_005722,262195,4106,0,0,258089,INR,2026-08-13T21:31:00Z,BATCH-ZOMA-5722
PO_B12_005723,PayU Enterprise,ZOMA-INV-288884 PO_B12_005723,407724,6581,0,0,401143,INR,2026-08-14T15:46:00Z,BATCH-ZOMA-5723
PO_B12_005724,BillDesk Settlement,BLNK-ORD-118588 BLNK-ORD-335915 BATCH-BLNK-5724,332303,6646,0,0,325657,INR,2026-08-14T14:48:00Z,BATCH-BLNK-5724
PO_B12_005725,BillDesk Settlement,NYKA-INV-389519 PO_B12_005725,231003,3588,0,0,227415,INR,2026-08-14T16:15:00Z,BATCH-NYKA-5725
PO_B12_005726,Stripe India,TATA-INV-928416 PO_B12_005726,64588,1020,0,0,63568,INR,2026-08-14T15:01:00Z,BATCH-TATA-5726
PO_B12_005727,Stripe India,AMZN-INV-687999 PO_B12_005727,445015,9042,0,0,435973,INR,2026-08-14T03:37:00Z,BATCH-AMZN-5727
PO_B12_005728,PayU Enterprise,OLAA-ORD-597483 OLAA-ORD-473862 BATCH-OLAA-5728,355756,7115,0,0,348641,INR,2026-08-14T03:56:00Z,BATCH-OLAA-5728
PO_B12_005729,BillDesk Settlement,TATA-INV-826655 PO_B12_005729,29083,466,0,0,28617,INR,2026-08-14T21:40:00Z,BATCH-TATA-5729
PO_B12_005730,BillDesk Settlement,BLNK-ORD-651993 BLNK-ORD-269302 BLNK-ORD-206005 BATCH-BLNK-5730,414080,8281,0,0,405799,INR,2026-08-14T12:09:00Z,BATCH-BLNK-5730
PO_B12_005731,BillDesk Settlement,BLNK-INV-569043 PO_B12_005731,116451,2486,0,0,113965,INR,2026-08-14T09:51:00Z,BATCH-BLNK-5731
PO_B12_005732,PayU Enterprise,BLNK-ORD-685470 BLNK-ORD-399982 BATCH-BLNK-5732,227350,4547,0,0,222803,INR,2026-08-13T23:09:00Z,BATCH-BLNK-5732
PO_B12_005733,Stripe India,MYNT-INV-729607 PO_B12_005733,25958,529,0,0,25429,INR,2026-08-14T11:45:00Z,BATCH-MYNT-5733
PO_B12_005734,BillDesk Settlement,UBER-INV-118907 PO_B12_005734,252685,4723,0,0,247962,INR,2026-08-13T19:40:00Z,BATCH-UBER-5734
PO_B12_005735,Razorpay Nodal,JIOO-ORD-897120 JIOO-ORD-496804 JIOO-ORD-161633 BATCH-JIOO-5735,430752,8615,0,0,422137,INR,2026-08-14T08:15:00Z,BATCH-JIOO-5735
PO_B12_005736,Cashfree Escrow,PHNP-INV-252203 PO_B12_005736,213723,3251,0,0,210472,INR,2026-08-14T03:22:00Z,BATCH-PHNP-5736
PO_B12_005737,Cashfree Escrow,ZOMA-INV-857725 PO_B12_005737,426337,8360,0,0,417977,INR,2026-08-14T05:51:00Z,BATCH-ZOMA-5737
PO_B12_005738,Stripe India,PHNP-INV-896198 PO_B12_005738,425629,9503,0,0,416126,INR,2026-08-13T15:16:00Z,BATCH-PHNP-5738
PO_B12_005739,Stripe India,FLPK-INV-132400 PO_B12_005739,341851,8151,0,0,333700,INR,2026-08-14T09:10:00Z,BATCH-FLPK-5739
PO_B12_005740,Razorpay Nodal,BBAS-INV-811905 PO_B12_005740,108039,2605,0,0,105434,INR,2026-08-14T04:37:00Z,BATCH-BBAS-5740
PO_B12_005741,Cashfree Escrow,BLNK-ORD-275724 BLNK-ORD-765618 BLNK-ORD-241507 BATCH-BLNK-5741,475024,9500,0,0,465524,INR,2026-08-14T01:29:00Z,BATCH-BLNK-5741
PO_B12_005742,Stripe India,MMTR-INV-261600 PO_B12_005742,185996,4403,0,0,181593,INR,2026-08-14T04:53:00Z,BATCH-MMTR-5742
PO_B12_005743,Stripe India,BKMS-INV-235103 PO_B12_005743,207761,5185,0,0,202576,INR,2026-08-14T14:22:00Z,BATCH-BKMS-5743
PO_B12_005744,Cashfree Escrow,BBAS-ORD-285786 BBAS-ORD-790774 BATCH-BBAS-5744,181656,3633,0,0,178023,INR,2026-08-14T02:48:00Z,BATCH-BBAS-5744
PO_B12_005745,Cashfree Escrow,BKMS-ORD-331034 BKMS-ORD-954124 BATCH-BKMS-5745,169972,3399,0,0,166573,INR,2026-08-14T09:45:00Z,BATCH-BKMS-5745
PO_B12_005746,Stripe India,BLNK-INV-956591 PO_B12_005746,431660,8590,0,0,423070,INR,2026-08-14T05:15:00Z,BATCH-BLNK-5746
PO_B12_005747,Stripe India,TATA-INV-354751 PO_B12_005747,421463,8275,0,0,413188,INR,2026-08-14T18:20:00Z,BATCH-TATA-5747
PO_B12_005748,Cashfree Escrow,FLPK-INV-782536 PO_B12_005748,26578,607,0,0,25971,INR,2026-08-14T20:13:00Z,BATCH-FLPK-5748
PO_B12_005749,PayU Enterprise,PAYT-ORD-346122 PAYT-ORD-739268 BATCH-PAYT-5749,248230,4964,0,0,243266,INR,2026-08-14T16:52:00Z,BATCH-PAYT-5749
PO_B12_005750,Stripe India,NYKA-INV-760523 PO_B12_005750,317446,7554,0,0,309892,INR,2026-08-14T05:37:00Z,BATCH-NYKA-5750
PO_B12_005751,BillDesk Settlement,SWIG-INV-107891 PO_B12_005751,445161,7185,0,0,437976,INR,2026-08-14T03:28:00Z,BATCH-SWIG-5751
PO_B12_005752,Stripe India,JIOO-ORD-952873 JIOO-ORD-769313 BATCH-JIOO-5752,176890,3537,0,0,173353,INR,2026-08-13T22:40:00Z,BATCH-JIOO-5752
PO_B12_005753,PayU Enterprise,BLNK-INV-406223 PO_B12_005753,387221,6846,0,0,380375,INR,2026-08-13T20:52:00Z,BATCH-BLNK-5753
PO_B12_005754,Razorpay Nodal,JIOO-INV-222356 PO_B12_005754,378817,8958,0,0,369859,INR,2026-08-13T14:17:00Z,BATCH-JIOO-5754
PO_B12_005755,Razorpay Nodal,BLNK-INV-187910 PO_B12_005755,266024,4500,0,0,261524,INR,2026-08-14T03:14:00Z,BATCH-BLNK-5755
PO_B12_005756,Stripe India,ZOMA-INV-935616 PO_B12_005756,369449,5890,0,0,363559,INR,2026-08-14T04:17:00Z,BATCH-ZOMA-5756
PO_B12_005757,BillDesk Settlement,ZOMA-INV-846201 PO_B12_005757,317661,5074,0,0,312587,INR,2026-08-14T11:18:00Z,BATCH-ZOMA-5757
PO_B12_005758,PayU Enterprise,TATA-INV-538492 PO_B12_005758,374804,8916,0,0,365888,INR,2026-08-14T10:06:00Z,BATCH-TATA-5758
PO_B12_005759,Razorpay Nodal,NYKA-INV-537637 PO_B12_005759,340007,8040,0,0,331967,INR,2026-08-14T06:04:00Z,BATCH-NYKA-5759
PO_B12_005760,PayU Enterprise,FLPK-INV-478751 PO_B12_005760,353586,8097,0,0,345489,INR,2026-08-14T07:51:00Z,BATCH-FLPK-5760
PO_B12_005761,Razorpay Nodal,UBER-ORD-751676 UBER-ORD-648106 UBER-ORD-746002 BATCH-UBER-5761,418555,8371,0,0,410184,INR,2026-08-14T12:34:00Z,BATCH-UBER-5761
PO_B12_005762,PayU Enterprise,UBER-ORD-858656 UBER-ORD-586681 BATCH-UBER-5762,244869,4897,0,0,239972,INR,2026-08-14T14:08:00Z,BATCH-UBER-5762
PO_B12_005763,BillDesk Settlement,MYNT-INV-811377 PO_B12_005763,135933,2793,0,0,133140,INR,2026-08-13T17:50:00Z,BATCH-MYNT-5763
PO_B12_005764,Cashfree Escrow,BLNK-INV-280090 PO_B12_005764,207561,3618,0,0,203943,INR,2026-08-14T08:48:00Z,BATCH-BLNK-5764
PO_B12_005765,PayU Enterprise,BLNK-ORD-371922 BLNK-ORD-458878 BATCH-BLNK-5765,168847,3376,0,0,165471,INR,2026-08-14T20:01:00Z,BATCH-BLNK-5765
PO_B12_005766,Stripe India,AMZN-INV-107440 PO_B12_005766,107134,2055,0,0,105079,INR,2026-08-14T13:23:00Z,BATCH-AMZN-5766
PO_B12_005767,PayU Enterprise,AMZN-INV-724669 PO_B12_005767,34953,703,0,0,34250,INR,2026-08-13T21:41:00Z,BATCH-AMZN-5767
PO_B12_005768,PayU Enterprise,AMZN-INV-982322 PO_B12_005768,100122,2389,0,0,97733,INR,2026-08-14T17:17:00Z,BATCH-AMZN-5768
PO_B12_005769,Cashfree Escrow,BLNK-INV-328282 PO_B12_005769,259238,5879,0,0,253359,INR,2026-08-14T09:48:00Z,BATCH-BLNK-5769
PO_B12_005770,PayU Enterprise,BKMS-INV-281271 PO_B12_005770,329821,6683,0,0,323138,INR,2026-08-14T00:10:00Z,BATCH-BKMS-5770
PO_B12_005771,Razorpay Nodal,MMTR-INV-398509 PO_B12_005771,317708,6241,0,0,311467,INR,2026-08-13T23:59:00Z,BATCH-MMTR-5771
PO_B12_005772,Razorpay Nodal,ZOMA-INV-941942 PO_B12_005772,42352,690,0,0,41662,INR,2026-08-14T09:58:00Z,BATCH-ZOMA-5772
PO_B12_005773,BillDesk Settlement,OLAA-INV-175530 PO_B12_005773,278929,4682,0,0,274247,INR,2026-08-14T04:31:00Z,BATCH-OLAA-5773
PO_B12_005774,Cashfree Escrow,FLPK-INV-987676 PO_B12_005774,49882,986,0,0,48896,INR,2026-08-13T19:59:00Z,BATCH-FLPK-5774
PO_B12_005775,Cashfree Escrow,AMZN-INV-771683 PO_B12_005775,170937,2986,0,0,167951,INR,2026-08-14T14:47:00Z,BATCH-AMZN-5775
PO_B12_005776,PayU Enterprise,PAYT-INV-689260 PO_B12_005776,155050,3106,0,0,151944,INR,2026-08-14T07:57:00Z,BATCH-PAYT-5776
PO_B12_005777,BillDesk Settlement,FLPK-ORD-579352 FLPK-ORD-964618 FLPK-ORD-862154 BATCH-FLPK-5777,216674,4333,0,0,212341,INR,2026-08-14T03:11:00Z,BATCH-FLPK-5777
PO_B12_005778,Stripe India,PHNP-INV-248461 PO_B12_005778,174108,2704,0,0,171404,INR,2026-08-14T12:11:00Z,BATCH-PHNP-5778
PO_B12_005779,Cashfree Escrow,SWIG-INV-312157 PO_B12_005779,218985,4330,0,0,214655,INR,2026-08-14T06:21:00Z,BATCH-SWIG-5779
PO_B12_005780,Stripe India,AMZN-ORD-425082 AMZN-ORD-189120 BATCH-AMZN-5780,369327,7386,0,0,361941,INR,2026-08-14T05:41:00Z,BATCH-AMZN-5780
PO_B12_005781,Cashfree Escrow,JIOO-ORD-162815 JIOO-ORD-124851 JIOO-ORD-937942 BATCH-JIOO-5781,354677,7093,0,0,347584,INR,2026-08-14T20:23:00Z,BATCH-JIOO-5781
PO_B12_005782,PayU Enterprise,FLPK-ORD-902499 FLPK-ORD-905107 BATCH-FLPK-5782,134577,2691,0,0,131886,INR,2026-08-14T07:17:00Z,BATCH-FLPK-5782
PO_B12_005783,Cashfree Escrow,MYNT-INV-699202 PO_B12_005783,300998,5029,0,0,295969,INR,2026-08-14T15:46:00Z,BATCH-MYNT-5783
PO_B12_005784,Cashfree Escrow,AMZN-INV-394749 PO_B12_005784,183239,2783,0,0,180456,INR,2026-08-14T21:07:00Z,BATCH-AMZN-5784
PO_B12_005785,BillDesk Settlement,JIOO-INV-414911 PO_B12_005785,114115,2375,0,0,111740,INR,2026-08-14T13:05:00Z,BATCH-JIOO-5785
PO_B12_005786,BillDesk Settlement,PHNP-EXC-555323-UNRESOLVED,141532,2820,0,0,138712,INR,2026-08-14T16:22:00Z,HOLD-ESCROW
PO_B12_005787,Razorpay Nodal,ZOMA-INV-924187 PO_B12_005787,66810,1020,0,0,65790,INR,2026-08-14T15:00:00Z,BATCH-ZOMA-5787
PO_B12_005788,Stripe India,NYKA-INV-130842 PO_B12_005788,334843,5699,0,0,329144,INR,2026-08-14T05:16:00Z,BATCH-NYKA-5788
PO_B12_005789,Razorpay Nodal,UBER-ORD-374006 UBER-ORD-838164 UBER-ORD-183832 BATCH-UBER-5789,303008,6060,0,0,296948,INR,2026-08-14T02:37:00Z,BATCH-UBER-5789
PO_B12_005790,PayU Enterprise,BBAS-INV-985652 PO_B12_005790,132541,2622,0,0,129919,INR,2026-08-13T19:23:00Z,BATCH-BBAS-5790
PO_B12_005791,BillDesk Settlement,BLNK-ORD-151292 BLNK-ORD-709295 BATCH-BLNK-5791,382080,7641,0,0,374439,INR,2026-08-14T08:51:00Z,BATCH-BLNK-5791
PO_B12_005792,Cashfree Escrow,PAYT-ORD-958824 PAYT-ORD-738952 BATCH-PAYT-5792,412874,8257,0,0,404617,INR,2026-08-14T15:32:00Z,BATCH-PAYT-5792
PO_B12_005793,BillDesk Settlement,UBER-ORD-864348 UBER-ORD-659566 UBER-ORD-127487 BATCH-UBER-5793,514677,10293,0,0,504384,INR,2026-08-14T18:10:00Z,BATCH-UBER-5793
PO_B12_005794,PayU Enterprise,JIOO-EXC-725257-UNRESOLVED,296152,5913,0,0,290239,INR,2026-08-14T17:22:00Z,HOLD-ESCROW
PO_B12_005795,BillDesk Settlement,PAYT-ORD-412190 PAYT-ORD-478695 BATCH-PAYT-5795,91907,1838,0,0,90069,INR,2026-08-14T09:35:00Z,BATCH-PAYT-5795
PO_B12_005796,Razorpay Nodal,ZOMA-INV-675248 PO_B12_005796,164695,3208,0,0,161487,INR,2026-08-14T07:33:00Z,BATCH-ZOMA-5796
PO_B12_005797,BillDesk Settlement,TATA-INV-438076 PO_B12_005797,199591,4234,0,0,195357,INR,2026-08-14T02:48:00Z,BATCH-TATA-5797
PO_B12_005798,Stripe India,FLPK-INV-448823 PO_B12_005798,212844,3540,0,0,209304,INR,2026-08-14T19:40:00Z,BATCH-FLPK-5798
PO_B12_005799,Razorpay Nodal,MYNT-INV-178294 PO_B12_005799,259588,4880,0,0,254708,INR,2026-08-14T10:13:00Z,BATCH-MYNT-5799
PO_B12_005800,BillDesk Settlement,FLPK-INV-332595 PO_B12_005800,42063,848,0,0,41215,INR,2026-08-14T02:10:00Z,BATCH-FLPK-5800
PO_B12_005801,PayU Enterprise,BBAS-ORD-809534 BBAS-ORD-837980 BBAS-ORD-771491 BATCH-BBAS-5801,459184,9183,0,0,450001,INR,2026-08-14T15:40:00Z,BATCH-BBAS-5801
PO_B12_005802,Stripe India,BLNK-INV-920837 PO_B12_005802,41063,976,0,0,40087,INR,2026-08-14T03:56:00Z,BATCH-BLNK-5802
PO_B12_005803,BillDesk Settlement,NYKA-INV-282833 PO_B12_005803,228248,4704,0,0,223544,INR,2026-08-14T14:07:00Z,BATCH-NYKA-5803
PO_B12_005804,BillDesk Settlement,JIOO-INV-601474 PO_B12_005804,168407,2979,0,0,165428,INR,2026-08-14T01:39:00Z,BATCH-JIOO-5804
PO_B12_005805,Cashfree Escrow,SWIG-INV-462561 PO_B12_005805,31668,501,0,0,31167,INR,2026-08-14T18:08:00Z,BATCH-SWIG-5805
PO_B12_005806,Razorpay Nodal,TATA-ORD-334857 TATA-ORD-468459 BATCH-TATA-5806,212167,4243,0,0,207924,INR,2026-08-14T20:45:00Z,BATCH-TATA-5806
PO_B12_005807,BillDesk Settlement,BKMS-ORD-352627 BKMS-ORD-891506 BATCH-BKMS-5807,345819,6916,0,0,338903,INR,2026-08-14T14:40:00Z,BATCH-BKMS-5807
PO_B12_005808,Stripe India,ZOMA-INV-712289 PO_B12_005808,106174,1904,0,0,104270,INR,2026-08-14T13:56:00Z,BATCH-ZOMA-5808
PO_B12_005809,BillDesk Settlement,BKMS-INV-641762 PO_B12_005809,156844,2954,0,0,153890,INR,2026-08-14T14:53:00Z,BATCH-BKMS-5809
PO_B12_005810,Razorpay Nodal,ZOMA-INV-257626 PO_B12_005810,309646,6462,0,0,303184,INR,2026-08-14T16:03:00Z,BATCH-ZOMA-5810
PO_B12_005811,Stripe India,OLAA-EXC-786175-UNRESOLVED,172393,3437,0,0,168956,INR,2026-08-15T05:17:00Z,HOLD-ESCROW
PO_B12_005812,Stripe India,MMTR-INV-352513 PO_B12_005812,216379,3428,0,0,212951,INR,2026-08-14T07:49:00Z,BATCH-MMTR-5812
PO_B12_005813,Razorpay Nodal,JIOO-INV-986015 PO_B12_005813,252198,4463,0,0,247735,INR,2026-08-14T08:36:00Z,BATCH-JIOO-5813
PO_B12_005814,Cashfree Escrow,BLNK-INV-605095 PO_B12_005814,195472,3186,0,0,192286,INR,2026-08-13T18:06:00Z,BATCH-BLNK-5814
PO_B12_005815,PayU Enterprise,NYKA-INV-986268 PO_B12_005815,59331,959,0,0,58372,INR,2026-08-13T23:35:00Z,BATCH-NYKA-5815
PO_B12_005816,PayU Enterprise,BLNK-INV-240943 PO_B12_005816,316998,5065,0,0,311933,INR,2026-08-14T04:51:00Z,BATCH-BLNK-5816
PO_B12_005817,PayU Enterprise,MMTR-INV-798204 PO_B12_005817,204734,3486,0,0,201248,INR,2026-08-14T06:36:00Z,BATCH-MMTR-5817
PO_B12_005818,Razorpay Nodal,MMTR-INV-177619 PO_B12_005818,137982,3417,0,0,134565,INR,2026-08-13T22:53:00Z,BATCH-MMTR-5818
PO_B12_005819,Cashfree Escrow,BLNK-INV-731849 PO_B12_005819,59094,1140,0,0,57954,INR,2026-08-14T04:43:00Z,BATCH-BLNK-5819
PO_B12_005820,BillDesk Settlement,NYKA-INV-921210 PO_B12_005820,217446,3686,0,0,213760,INR,2026-08-14T01:25:00Z,BATCH-NYKA-5820
PO_B12_005821,Razorpay Nodal,SWIG-INV-833106 PO_B12_005821,298284,5407,0,0,292877,INR,2026-08-14T05:02:00Z,BATCH-SWIG-5821
PO_B12_005822,Cashfree Escrow,BBAS-INV-893998 PO_B12_005822,375552,7390,0,0,368162,INR,2026-08-14T05:54:00Z,BATCH-BBAS-5822
PO_B12_005823,BillDesk Settlement,ZOMA-INV-891261 PO_B12_005823,406579,9221,0,0,397358,INR,2026-08-14T07:37:00Z,BATCH-ZOMA-5823
PO_B12_005824,BillDesk Settlement,BBAS-ORD-998503 BBAS-ORD-653225 BATCH-BBAS-5824,224288,4485,0,0,219803,INR,2026-08-13T23:20:00Z,BATCH-BBAS-5824
PO_B12_005825,Cashfree Escrow,JIOO-INV-638993 PO_B12_005825,373225,8877,0,0,364348,INR,2026-08-14T04:55:00Z,BATCH-JIOO-5825
PO_B12_005826,BillDesk Settlement,OLAA-EXC-838414-UNRESOLVED,264704,5284,0,0,259420,INR,2026-08-15T01:15:00Z,HOLD-ESCROW
PO_B12_005827,Stripe India,AMZN-INV-606980 PO_B12_005827,202598,3751,0,0,198847,INR,2026-08-14T19:45:00Z,BATCH-AMZN-5827
PO_B12_005828,BillDesk Settlement,NYKA-INV-633448 PO_B12_005828,327223,7708,0,0,319515,INR,2026-08-14T20:29:00Z,BATCH-NYKA-5828
PO_B12_005829,BillDesk Settlement,NYKA-ORD-999913 NYKA-ORD-634388 NYKA-ORD-394935 BATCH-NYKA-5829,368783,7375,0,0,361408,INR,2026-08-14T04:22:00Z,BATCH-NYKA-5829
PO_B12_005830,BillDesk Settlement,AMZN-INV-691307 PO_B12_005830,319569,7338,0,0,312231,INR,2026-08-14T05:37:00Z,BATCH-AMZN-5830
PO_B12_005831,BillDesk Settlement,SWIG-ORD-932253 SWIG-ORD-578518 BATCH-SWIG-5831,372485,7449,0,0,365036,INR,2026-08-14T20:24:00Z,BATCH-SWIG-5831
PO_B12_005832,Cashfree Escrow,NYKA-ORD-650421 NYKA-ORD-700511 NYKA-ORD-275838 BATCH-NYKA-5832,293534,5870,0,0,287664,INR,2026-08-14T06:18:00Z,BATCH-NYKA-5832
PO_B12_005833,BillDesk Settlement,NYKA-ORD-657582 NYKA-ORD-455895 BATCH-NYKA-5833,381145,7622,0,0,373523,INR,2026-08-14T19:28:00Z,BATCH-NYKA-5833
PO_B12_005834,PayU Enterprise,AMZN-INV-549755 PO_B12_005834,270574,6678,0,0,263896,INR,2026-08-14T06:37:00Z,BATCH-AMZN-5834
PO_B12_005835,PayU Enterprise,PHNP-ORD-863635 PHNP-ORD-397066 PHNP-ORD-194304 BATCH-PHNP-5835,444425,8888,0,0,435537,INR,2026-08-14T18:49:00Z,BATCH-PHNP-5835
PO_B12_005836,Razorpay Nodal,NYKA-ORD-158323 NYKA-ORD-713765 NYKA-ORD-135291 BATCH-NYKA-5836,462195,9243,0,0,452952,INR,2026-08-14T00:30:00Z,BATCH-NYKA-5836
PO_B12_005837,Razorpay Nodal,BLNK-INV-294140 PO_B12_005837,252366,4935,0,0,247431,INR,2026-08-14T01:19:00Z,BATCH-BLNK-5837
PO_B12_005838,PayU Enterprise,PHNP-INV-580134 PO_B12_005838,83807,1287,0,0,82520,INR,2026-08-14T16:22:00Z,BATCH-PHNP-5838
PO_B12_005839,BillDesk Settlement,OLAA-INV-773994 PO_B12_005839,271099,5004,0,0,266095,INR,2026-08-14T11:03:00Z,BATCH-OLAA-5839
PO_B12_005840,Cashfree Escrow,UBER-INV-754952 PO_B12_005840,212888,4901,0,0,207987,INR,2026-08-13T22:34:00Z,BATCH-UBER-5840
PO_B12_005841,Stripe India,TATA-INV-870544 PO_B12_005841,300488,6355,0,0,294133,INR,2026-08-13T18:44:00Z,BATCH-TATA-5841
PO_B12_005842,PayU Enterprise,FLPK-ORD-486342 FLPK-ORD-135460 BATCH-FLPK-5842,311157,6223,0,0,304934,INR,2026-08-14T11:50:00Z,BATCH-FLPK-5842
PO_B12_005843,Razorpay Nodal,NYKA-INV-265461 PO_B12_005843,392259,6558,0,0,385701,INR,2026-08-14T07:42:00Z,BATCH-NYKA-5843
PO_B12_005844,PayU Enterprise,JIOO-INV-876840 PO_B12_005844,367291,8972,0,0,358319,INR,2026-08-14T03:31:00Z,BATCH-JIOO-5844
PO_B12_005845,Cashfree Escrow,ZOMA-INV-521808 PO_B12_005845,430396,7477,0,0,422919,INR,2026-08-14T03:31:00Z,BATCH-ZOMA-5845
PO_B12_005846,Razorpay Nodal,NYKA-ORD-805874 NYKA-ORD-843930 BATCH-NYKA-5846,465932,9318,0,0,456614,INR,2026-08-14T07:43:00Z,BATCH-NYKA-5846
PO_B12_005847,Stripe India,BBAS-EXC-442959-UNRESOLVED,64884,1287,0,0,63597,INR,2026-08-14T13:58:00Z,HOLD-ESCROW
PO_B12_005848,Razorpay Nodal,FLPK-INV-648478 PO_B12_005848,164070,3055,0,0,161015,INR,2026-08-14T07:51:00Z,BATCH-FLPK-5848
PO_B12_005849,Stripe India,NYKA-INV-323092 PO_B12_005849,240285,4687,0,0,235598,INR,2026-08-14T03:39:00Z,BATCH-NYKA-5849
PO_B12_005850,BillDesk Settlement,NYKA-ORD-362022 NYKA-ORD-412822 NYKA-ORD-902068 BATCH-NYKA-5850,634798,12695,0,0,622103,INR,2026-08-14T19:37:00Z,BATCH-NYKA-5850
PO_B12_005851,Razorpay Nodal,SWIG-INV-941526 PO_B12_005851,96471,1745,0,0,94726,INR,2026-08-14T15:17:00Z,BATCH-SWIG-5851
PO_B12_005852,Razorpay Nodal,FLPK-ORD-690953 FLPK-ORD-275181 FLPK-ORD-123065 BATCH-FLPK-5852,529262,10585,0,0,518677,INR,2026-08-14T18:54:00Z,BATCH-FLPK-5852
PO_B12_005853,Cashfree Escrow,SWIG-INV-395382 PO_B12_005853,438860,9581,0,0,429279,INR,2026-08-14T08:30:00Z,BATCH-SWIG-5853
PO_B12_005854,Stripe India,BKMS-INV-201401 PO_B12_005854,282318,4531,0,0,277787,INR,2026-08-14T02:01:00Z,BATCH-BKMS-5854
PO_B12_005855,Cashfree Escrow,NYKA-INV-112844 PO_B12_005855,193188,4315,0,0,188873,INR,2026-08-14T04:00:00Z,BATCH-NYKA-5855
PO_B12_005856,PayU Enterprise,JIOO-INV-242669 PO_B12_005856,361958,8378,0,0,353580,INR,2026-08-14T00:37:00Z,BATCH-JIOO-5856
PO_B12_005857,BillDesk Settlement,TATA-INV-191570 PO_B12_005857,85723,1724,0,0,83999,INR,2026-08-13T20:27:00Z,BATCH-TATA-5857
PO_B12_005858,PayU Enterprise,AMZN-INV-583403 PO_B12_005858,201109,3923,0,0,197186,INR,2026-08-13T19:12:00Z,BATCH-AMZN-5858
PO_B12_005859,PayU Enterprise,OLAA-INV-415681 PO_B12_005859,424127,10169,0,0,413958,INR,2026-08-14T22:09:00Z,BATCH-OLAA-5859
PO_B12_005860,Cashfree Escrow,SWIG-INV-510671 PO_B12_005860,377087,9143,0,0,367944,INR,2026-08-14T09:14:00Z,BATCH-SWIG-5860
PO_B12_005861,Cashfree Escrow,FLPK-INV-732437 PO_B12_005861,435889,10301,0,0,425588,INR,2026-08-13T23:30:00Z,BATCH-FLPK-5861
PO_B12_005862,PayU Enterprise,NYKA-ORD-802478 NYKA-ORD-612810 NYKA-ORD-758024 BATCH-NYKA-5862,579809,11596,0,0,568213,INR,2026-08-14T03:57:00Z,BATCH-NYKA-5862
PO_B12_005863,BillDesk Settlement,BBAS-ORD-751239 BBAS-ORD-670814 BATCH-BBAS-5863,393507,7870,0,0,385637,INR,2026-08-13T22:59:00Z,BATCH-BBAS-5863
PO_B12_005864,Stripe India,AMZN-EXC-119349-UNRESOLVED,78870,1567,0,0,77303,INR,2026-08-15T08:18:00Z,HOLD-ESCROW
PO_B12_005865,PayU Enterprise,PAYT-INV-518795 PO_B12_005865,190865,2990,0,0,187875,INR,2026-08-13T19:50:00Z,BATCH-PAYT-5865
PO_B12_005866,PayU Enterprise,JIOO-INV-550887 PO_B12_005866,104507,1990,0,0,102517,INR,2026-08-13T22:28:00Z,BATCH-JIOO-5866
PO_B12_005867,Stripe India,TATA-ORD-812949 TATA-ORD-419821 TATA-ORD-913734 BATCH-TATA-5867,429888,8597,0,0,421291,INR,2026-08-14T18:19:00Z,BATCH-TATA-5867
PO_B12_005868,Stripe India,MMTR-ORD-147817 MMTR-ORD-350912 BATCH-MMTR-5868,414596,8291,0,0,406305,INR,2026-08-14T09:18:00Z,BATCH-MMTR-5868
PO_B12_005869,Cashfree Escrow,PHNP-INV-589707 PO_B12_005869,88827,2088,0,0,86739,INR,2026-08-14T17:40:00Z,BATCH-PHNP-5869
PO_B12_005870,BillDesk Settlement,TATA-ORD-964355 TATA-ORD-965113 BATCH-TATA-5870,367124,7342,0,0,359782,INR,2026-08-14T00:02:00Z,BATCH-TATA-5870
PO_B12_005871,Stripe India,AMZN-ORD-276962 AMZN-ORD-488226 AMZN-ORD-599204 BATCH-AMZN-5871,512058,10241,0,0,501817,INR,2026-08-14T05:56:00Z,BATCH-AMZN-5871
PO_B12_005872,Razorpay Nodal,PAYT-INV-831200 PO_B12_005872,112879,2189,0,0,110690,INR,2026-08-13T22:24:00Z,BATCH-PAYT-5872
PO_B12_005873,BillDesk Settlement,PAYT-ORD-573630 PAYT-ORD-559905 BATCH-PAYT-5873,165707,3314,0,0,162393,INR,2026-08-14T01:45:00Z,BATCH-PAYT-5873
PO_B12_005874,Cashfree Escrow,MMTR-INV-827012 PO_B12_005874,261766,6041,0,0,255725,INR,2026-08-14T04:29:00Z,BATCH-MMTR-5874
PO_B12_005875,Cashfree Escrow,OLAA-INV-924583 PO_B12_005875,53304,831,0,0,52473,INR,2026-08-14T03:02:00Z,BATCH-OLAA-5875
PO_B12_005876,PayU Enterprise,OLAA-INV-997854 PO_B12_005876,130555,2430,0,0,128125,INR,2026-08-14T20:05:00Z,BATCH-OLAA-5876
PO_B12_005877,Razorpay Nodal,SWIG-ORD-596088 SWIG-ORD-511769 SWIG-ORD-551645 BATCH-SWIG-5877,537553,10751,0,0,526802,INR,2026-08-14T14:29:00Z,BATCH-SWIG-5877
PO_B12_005878,Cashfree Escrow,MYNT-INV-630674 PO_B12_005878,199569,3829,0,0,195740,INR,2026-08-14T04:19:00Z,BATCH-MYNT-5878
PO_B12_005879,BillDesk Settlement,UBER-ORD-842434 UBER-ORD-746794 UBER-ORD-934165 BATCH-UBER-5879,310079,6201,0,0,303878,INR,2026-08-13T23:02:00Z,BATCH-UBER-5879
PO_B12_005880,Cashfree Escrow,NYKA-INV-298692 PO_B12_005880,303656,6349,0,0,297307,INR,2026-08-14T15:55:00Z,BATCH-NYKA-5880
PO_B12_005881,Razorpay Nodal,PAYT-ORD-917658 PAYT-ORD-861965 BATCH-PAYT-5881,99279,1985,0,0,97294,INR,2026-08-13T22:21:00Z,BATCH-PAYT-5881
PO_B12_005882,Cashfree Escrow,NYKA-ORD-637351 NYKA-ORD-235780 NYKA-ORD-188867 BATCH-NYKA-5882,249620,4992,0,0,244628,INR,2026-08-14T19:52:00Z,BATCH-NYKA-5882
PO_B12_005883,Cashfree Escrow,MMTR-INV-629019 PO_B12_005883,207536,5182,0,0,202354,INR,2026-08-14T12:37:00Z,BATCH-MMTR-5883
PO_B12_005884,Razorpay Nodal,OLAA-INV-417461 PO_B12_005884,69082,1452,0,0,67630,INR,2026-08-14T01:24:00Z,BATCH-OLAA-5884
PO_B12_005885,PayU Enterprise,MMTR-INV-637054 PO_B12_005885,370160,6524,0,0,363636,INR,2026-08-13T17:56:00Z,BATCH-MMTR-5885
PO_B12_005886,BillDesk Settlement,MYNT-INV-669548 PO_B12_005886,287912,4450,0,0,283462,INR,2026-08-14T05:53:00Z,BATCH-MYNT-5886
PO_B12_005887,PayU Enterprise,OLAA-INV-372335 PO_B12_005887,274523,5350,0,0,269173,INR,2026-08-14T22:33:00Z,BATCH-OLAA-5887
PO_B12_005888,PayU Enterprise,OLAA-ORD-382782 OLAA-ORD-283132 OLAA-ORD-234561 BATCH-OLAA-5888,328524,6570,0,0,321954,INR,2026-08-14T07:10:00Z,BATCH-OLAA-5888
PO_B12_005889,PayU Enterprise,UBER-ORD-389246 UBER-ORD-782004 UBER-ORD-751146 BATCH-UBER-5889,432081,8641,0,0,423440,INR,2026-08-14T01:56:00Z,BATCH-UBER-5889
PO_B12_005890,Cashfree Escrow,FLPK-INV-939953 PO_B12_005890,59508,1308,0,0,58200,INR,2026-08-14T13:38:00Z,BATCH-FLPK-5890
PO_B12_005891,Stripe India,OLAA-INV-733547 PO_B12_005891,25309,395,0,0,24914,INR,2026-08-14T00:51:00Z,BATCH-OLAA-5891
PO_B12_005892,Cashfree Escrow,PAYT-ORD-960055 PAYT-ORD-408950 PAYT-ORD-546879 BATCH-PAYT-5892,489079,9781,0,0,479298,INR,2026-08-13T22:22:00Z,BATCH-PAYT-5892
PO_B12_005893,PayU Enterprise,FLPK-INV-826918 PO_B12_005893,249432,4078,0,0,245354,INR,2026-08-13T22:32:00Z,BATCH-FLPK-5893
PO_B12_005894,Razorpay Nodal,PHNP-INV-551915 PO_B12_005894,108514,2230,0,0,106284,INR,2026-08-14T04:38:00Z,BATCH-PHNP-5894
PO_B12_005895,Cashfree Escrow,MMTR-ORD-547427 MMTR-ORD-408620 BATCH-MMTR-5895,245683,4913,0,0,240770,INR,2026-08-14T11:03:00Z,BATCH-MMTR-5895
PO_B12_005896,Stripe India,UBER-ORD-100498 UBER-ORD-145025 UBER-ORD-356914 BATCH-UBER-5896,392499,7849,0,0,384650,INR,2026-08-14T14:16:00Z,BATCH-UBER-5896
PO_B12_005897,BillDesk Settlement,OLAA-INV-455954 PO_B12_005897,403897,7853,0,0,396044,INR,2026-08-14T10:50:00Z,BATCH-OLAA-5897
PO_B12_005898,Cashfree Escrow,PHNP-INV-612046 PO_B12_005898,185787,4464,0,0,181323,INR,2026-08-14T17:36:00Z,BATCH-PHNP-5898
PO_B12_005899,BillDesk Settlement,OLAA-INV-403798 PO_B12_005899,226044,5014,0,0,221030,INR,2026-08-14T02:38:00Z,BATCH-OLAA-5899
PO_B12_005900,BillDesk Settlement,JIOO-ORD-560794 JIOO-ORD-869279 BATCH-JIOO-5900,267906,5358,0,0,262548,INR,2026-08-13T21:07:00Z,BATCH-JIOO-5900
PO_B12_005901,Razorpay Nodal,TATA-INV-149989 PO_B12_005901,334411,7804,0,0,326607,INR,2026-08-13T21:48:00Z,BATCH-TATA-5901
PO_B12_005902,BillDesk Settlement,BKMS-EXC-681260-UNRESOLVED,162449,3238,0,0,159211,INR,2026-08-15T00:37:00Z,HOLD-ESCROW
PO_B12_005903,BillDesk Settlement,MMTR-ORD-360453 MMTR-ORD-732845 MMTR-ORD-983051 BATCH-MMTR-5903,447159,8943,0,0,438216,INR,2026-08-14T03:22:00Z,BATCH-MMTR-5903
PO_B12_005904,BillDesk Settlement,PAYT-ORD-208568 PAYT-ORD-460193 BATCH-PAYT-5904,274819,5496,0,0,269323,INR,2026-08-14T16:17:00Z,BATCH-PAYT-5904
PO_B12_005905,Stripe India,NYKA-ORD-933268 NYKA-ORD-669985 BATCH-NYKA-5905,352351,7047,0,0,345304,INR,2026-08-14T13:06:00Z,BATCH-NYKA-5905
PO_B12_005906,Stripe India,NYKA-INV-268747 PO_B12_005906,91772,1430,0,0,90342,INR,2026-08-14T10:23:00Z,BATCH-NYKA-5906
PO_B12_005907,PayU Enterprise,SWIG-INV-297958 PO_B12_005907,50586,922,0,0,49664,INR,2026-08-14T03:53:00Z,BATCH-SWIG-5907
PO_B12_005908,Cashfree Escrow,NYKA-INV-715807 PO_B12_005908,176738,3524,0,0,173214,INR,2026-08-14T07:05:00Z,BATCH-NYKA-5908
PO_B12_005909,BillDesk Settlement,OLAA-INV-897389 PO_B12_005909,257908,6063,0,0,251845,INR,2026-08-13T19:06:00Z,BATCH-OLAA-5909
PO_B12_005910,Stripe India,NYKA-ORD-788015 NYKA-ORD-274524 BATCH-NYKA-5910,300557,6011,0,0,294546,INR,2026-08-14T06:45:00Z,BATCH-NYKA-5910
PO_B12_005911,Cashfree Escrow,PHNP-ORD-178584 PHNP-ORD-815207 PHNP-ORD-229575 BATCH-PHNP-5911,493836,9876,0,0,483960,INR,2026-08-14T15:25:00Z,BATCH-PHNP-5911
PO_B12_005912,Razorpay Nodal,PAYT-INV-407061 PO_B12_005912,257245,4387,0,0,252858,INR,2026-08-13T16:29:00Z,BATCH-PAYT-5912
PO_B12_005913,PayU Enterprise,JIOO-INV-683757 PO_B12_005913,231609,4741,0,0,226868,INR,2026-08-14T11:01:00Z,BATCH-JIOO-5913
PO_B12_005914,BillDesk Settlement,FLPK-INV-376576 PO_B12_005914,77145,1192,0,0,75953,INR,2026-08-14T21:50:00Z,BATCH-FLPK-5914
PO_B12_005915,BillDesk Settlement,NYKA-ORD-768343 NYKA-ORD-570038 BATCH-NYKA-5915,319526,6390,0,0,313136,INR,2026-08-14T19:24:00Z,BATCH-NYKA-5915
PO_B12_005916,Cashfree Escrow,JIOO-INV-237130 PO_B12_005916,274139,6469,0,0,267670,INR,2026-08-14T11:14:00Z,BATCH-JIOO-5916
PO_B12_005917,Razorpay Nodal,UBER-ORD-902476 UBER-ORD-625114 UBER-ORD-809120 BATCH-UBER-5917,305314,6106,0,0,299208,INR,2026-08-14T14:43:00Z,BATCH-UBER-5917
PO_B12_005918,Stripe India,AMZN-ORD-852953 AMZN-ORD-522002 AMZN-ORD-384519 BATCH-AMZN-5918,423597,8471,0,0,415126,INR,2026-08-13T21:50:00Z,BATCH-AMZN-5918
PO_B12_005919,BillDesk Settlement,ZOMA-EXC-138288-UNRESOLVED,203241,4054,0,0,199187,INR,2026-08-14T09:16:00Z,HOLD-ESCROW
PO_B12_005920,BillDesk Settlement,BBAS-INV-809635 PO_B12_005920,309949,5986,0,0,303963,INR,2026-08-14T19:35:00Z,BATCH-BBAS-5920
PO_B12_005921,Cashfree Escrow,OLAA-INV-110145 PO_B12_005921,137819,2474,0,0,135345,INR,2026-08-14T11:32:00Z,BATCH-OLAA-5921
PO_B12_005922,BillDesk Settlement,NYKA-INV-403896 PO_B12_005922,191428,4662,0,0,186766,INR,2026-08-14T18:42:00Z,BATCH-NYKA-5922
PO_B12_005923,BillDesk Settlement,SWIG-INV-767618 PO_B12_005923,95753,1922,0,0,93831,INR,2026-08-14T21:07:00Z,BATCH-SWIG-5923
PO_B12_005924,PayU Enterprise,BLNK-EXC-309815-UNRESOLVED,239042,4770,0,0,234272,INR,2026-08-14T21:10:00Z,HOLD-ESCROW
PO_B12_005925,Stripe India,MMTR-INV-356001 PO_B12_005925,29352,577,0,0,28775,INR,2026-08-14T12:06:00Z,BATCH-MMTR-5925
PO_B12_005926,Razorpay Nodal,ZOMA-INV-620317 PO_B12_005926,251677,5905,0,0,245772,INR,2026-08-14T19:34:00Z,BATCH-ZOMA-5926
PO_B12_005927,Stripe India,BBAS-INV-679206 PO_B12_005927,318800,5399,0,0,313401,INR,2026-08-14T03:38:00Z,BATCH-BBAS-5927
PO_B12_005928,Cashfree Escrow,TATA-INV-313135 PO_B12_005928,285455,6291,0,0,279164,INR,2026-08-14T05:38:00Z,BATCH-TATA-5928
PO_B12_005929,PayU Enterprise,UBER-INV-701836 PO_B12_005929,289409,6235,0,0,283174,INR,2026-08-14T10:45:00Z,BATCH-UBER-5929
PO_B12_005930,PayU Enterprise,UBER-INV-949419 PO_B12_005930,434330,8999,0,0,425331,INR,2026-08-13T22:11:00Z,BATCH-UBER-5930
PO_B12_005931,BillDesk Settlement,TATA-ORD-943595 TATA-ORD-241184 TATA-ORD-985225 BATCH-TATA-5931,345054,6901,0,0,338153,INR,2026-08-14T03:11:00Z,BATCH-TATA-5931
PO_B12_005932,Stripe India,SWIG-ORD-579695 SWIG-ORD-278878 BATCH-SWIG-5932,224579,4491,0,0,220088,INR,2026-08-14T02:23:00Z,BATCH-SWIG-5932
PO_B12_005933,Razorpay Nodal,NYKA-ORD-141474 NYKA-ORD-319280 BATCH-NYKA-5933,326138,6522,0,0,319616,INR,2026-08-14T09:39:00Z,BATCH-NYKA-5933
PO_B12_005934,PayU Enterprise,OLAA-INV-562995 PO_B12_005934,200790,3495,0,0,197295,INR,2026-08-14T04:33:00Z,BATCH-OLAA-5934
PO_B12_005935,PayU Enterprise,BLNK-INV-293308 PO_B12_005935,345298,7974,0,0,337324,INR,2026-08-14T04:01:00Z,BATCH-BLNK-5935
PO_B12_005936,BillDesk Settlement,FLPK-INV-286155 PO_B12_005936,337467,7268,0,0,330199,INR,2026-08-14T19:15:00Z,BATCH-FLPK-5936
PO_B12_005937,Cashfree Escrow,MYNT-ORD-595126 MYNT-ORD-207272 MYNT-ORD-774111 BATCH-MYNT-5937,398718,7974,0,0,390744,INR,2026-08-14T06:14:00Z,BATCH-MYNT-5937
PO_B12_005938,PayU Enterprise,FLPK-INV-484357 PO_B12_005938,113998,2069,0,0,111929,INR,2026-08-14T04:46:00Z,BATCH-FLPK-5938
PO_B12_005939,Stripe India,MYNT-INV-836287 PO_B12_005939,255731,6166,0,0,249565,INR,2026-08-14T11:51:00Z,BATCH-MYNT-5939
PO_B12_005940,Razorpay Nodal,ZOMA-ORD-885723 ZOMA-ORD-908445 ZOMA-ORD-402938 BATCH-ZOMA-5940,436693,8733,0,0,427960,INR,2026-08-14T20:47:00Z,BATCH-ZOMA-5940
PO_B12_005941,PayU Enterprise,BLNK-INV-184499 PO_B12_005941,276172,6457,0,0,269715,INR,2026-08-13T22:12:00Z,BATCH-BLNK-5941
PO_B12_005942,Stripe India,NYKA-INV-206283 PO_B12_005942,133307,2730,0,0,130577,INR,2026-08-14T02:17:00Z,BATCH-NYKA-5942
PO_B12_005943,BillDesk Settlement,PAYT-INV-218908 PO_B12_005943,230121,5034,0,0,225087,INR,2026-08-14T09:06:00Z,BATCH-PAYT-5943
PO_B12_005944,Stripe India,SWIG-INV-705296 PO_B12_005944,186307,3349,0,0,182958,INR,2026-08-14T10:58:00Z,BATCH-SWIG-5944
PO_B12_005945,BillDesk Settlement,TATA-ORD-592214 TATA-ORD-746006 TATA-ORD-772580 BATCH-TATA-5945,586103,11722,0,0,574381,INR,2026-08-14T19:50:00Z,BATCH-TATA-5945
PO_B12_005946,BillDesk Settlement,PHNP-ORD-990184 PHNP-ORD-658691 BATCH-PHNP-5946,376765,7535,0,0,369230,INR,2026-08-14T08:49:00Z,BATCH-PHNP-5946
PO_B12_005947,Razorpay Nodal,FLPK-INV-966483 PO_B12_005947,433141,8473,0,0,424668,INR,2026-08-14T14:01:00Z,BATCH-FLPK-5947
PO_B12_005948,PayU Enterprise,TATA-INV-319510 PO_B12_005948,42639,683,0,0,41956,INR,2026-08-14T11:10:00Z,BATCH-TATA-5948
PO_B12_005949,Cashfree Escrow,SWIG-INV-560329 PO_B12_005949,165580,3619,0,0,161961,INR,2026-08-14T18:23:00Z,BATCH-SWIG-5949
PO_B12_005950,Stripe India,TATA-INV-252150 PO_B12_005950,394732,9005,0,0,385727,INR,2026-08-14T13:39:00Z,BATCH-TATA-5950
PO_B12_005951,BillDesk Settlement,PHNP-EXC-496560-UNRESOLVED,137249,2734,0,0,134515,INR,2026-08-14T12:10:00Z,HOLD-ESCROW
PO_B12_005952,Razorpay Nodal,BKMS-ORD-723929 BKMS-ORD-955228 BATCH-BKMS-5952,290603,5812,0,0,284791,INR,2026-08-14T12:56:00Z,BATCH-BKMS-5952
PO_B12_005953,Razorpay Nodal,MYNT-INV-989216 PO_B12_005953,379993,9448,0,0,370545,INR,2026-08-13T17:20:00Z,BATCH-MYNT-5953
PO_B12_005954,Stripe India,FLPK-INV-727799 PO_B12_005954,157430,3581,0,0,153849,INR,2026-08-14T00:46:00Z,BATCH-FLPK-5954
PO_B12_005955,BillDesk Settlement,PHNP-INV-321536 PO_B12_005955,63612,1032,0,0,62580,INR,2026-08-13T21:21:00Z,BATCH-PHNP-5955
PO_B12_005956,Stripe India,NYKA-ORD-389807 NYKA-ORD-794545 BATCH-NYKA-5956,135163,2703,0,0,132460,INR,2026-08-14T20:08:00Z,BATCH-NYKA-5956
PO_B12_005957,Cashfree Escrow,UBER-ORD-214204 UBER-ORD-556651 UBER-ORD-981171 BATCH-UBER-5957,460324,9206,0,0,451118,INR,2026-08-14T16:30:00Z,BATCH-UBER-5957
PO_B12_005958,PayU Enterprise,AMZN-INV-546781 PO_B12_005958,367320,8936,0,0,358384,INR,2026-08-14T20:08:00Z,BATCH-AMZN-5958
PO_B12_005959,Razorpay Nodal,OLAA-ORD-107547 OLAA-ORD-140972 OLAA-ORD-405229 BATCH-OLAA-5959,505666,10113,0,0,495553,INR,2026-08-14T04:52:00Z,BATCH-OLAA-5959
PO_B12_005960,Razorpay Nodal,AMZN-INV-386629 PO_B12_005960,170061,2850,0,0,167211,INR,2026-08-14T21:05:00Z,BATCH-AMZN-5960
PO_B12_005961,Razorpay Nodal,NYKA-ORD-282111 NYKA-ORD-358085 BATCH-NYKA-5961,277664,5553,0,0,272111,INR,2026-08-14T15:55:00Z,BATCH-NYKA-5961
PO_B12_005962,Razorpay Nodal,BKMS-ORD-663996 BKMS-ORD-524904 BATCH-BKMS-5962,368824,7376,0,0,361448,INR,2026-08-14T02:50:00Z,BATCH-BKMS-5962
PO_B12_005963,PayU Enterprise,TATA-INV-309999 PO_B12_005963,266755,5629,0,0,261126,INR,2026-08-13T20:23:00Z,BATCH-TATA-5963
PO_B12_005964,BillDesk Settlement,BLNK-ORD-642577 BLNK-ORD-718668 BATCH-BLNK-5964,263243,5264,0,0,257979,INR,2026-08-14T20:21:00Z,BATCH-BLNK-5964
PO_B12_005965,BillDesk Settlement,ZOMA-ORD-308667 ZOMA-ORD-968066 ZOMA-ORD-933552 BATCH-ZOMA-5965,394896,7897,0,0,386999,INR,2026-08-14T11:17:00Z,BATCH-ZOMA-5965
PO_B12_005966,Razorpay Nodal,AMZN-INV-690663 PO_B12_005966,293445,5010,0,0,288435,INR,2026-08-14T03:54:00Z,BATCH-AMZN-5966
PO_B12_005967,Cashfree Escrow,MYNT-ORD-894561 MYNT-ORD-793391 BATCH-MYNT-5967,300791,6015,0,0,294776,INR,2026-08-14T05:27:00Z,BATCH-MYNT-5967
PO_B12_005968,Razorpay Nodal,PAYT-INV-169520 PO_B12_005968,382810,8466,0,0,374344,INR,2026-08-14T02:57:00Z,BATCH-PAYT-5968
PO_B12_005969,Razorpay Nodal,BKMS-INV-742419 PO_B12_005969,39151,709,0,0,38442,INR,2026-08-14T13:09:00Z,BATCH-BKMS-5969
PO_B12_005970,Stripe India,MYNT-INV-102922 PO_B12_005970,50529,822,0,0,49707,INR,2026-08-14T06:21:00Z,BATCH-MYNT-5970
PO_B12_005971,Stripe India,MYNT-INV-464847 PO_B12_005971,387084,6662,0,0,380422,INR,2026-08-14T09:00:00Z,BATCH-MYNT-5971
PO_B12_005972,Razorpay Nodal,ZOMA-INV-369695 PO_B12_005972,365441,8844,0,0,356597,INR,2026-08-13T14:16:00Z,BATCH-ZOMA-5972
PO_B12_005973,Stripe India,ZOMA-ORD-376479 ZOMA-ORD-277980 ZOMA-ORD-508242 BATCH-ZOMA-5973,291660,5833,0,0,285827,INR,2026-08-14T18:41:00Z,BATCH-ZOMA-5973
PO_B12_005974,BillDesk Settlement,MYNT-INV-545797 PO_B12_005974,44429,1098,0,0,43331,INR,2026-08-14T10:42:00Z,BATCH-MYNT-5974
PO_B12_005975,Cashfree Escrow,TATA-INV-790929 PO_B12_005975,284708,5668,0,0,279040,INR,2026-08-14T00:03:00Z,BATCH-TATA-5975
PO_B12_005976,Stripe India,BBAS-INV-363172 PO_B12_005976,41220,672,0,0,40548,INR,2026-08-14T16:20:00Z,BATCH-BBAS-5976
PO_B12_005977,PayU Enterprise,OLAA-INV-800040 PO_B12_005977,280088,5195,0,0,274893,INR,2026-08-13T23:08:00Z,BATCH-OLAA-5977
PO_B12_005978,BillDesk Settlement,OLAA-INV-821304 PO_B12_005978,30175,495,0,0,29680,INR,2026-08-14T13:52:00Z,BATCH-OLAA-5978
PO_B12_005979,BillDesk Settlement,OLAA-INV-350391 PO_B12_005979,179863,3793,0,0,176070,INR,2026-08-14T08:48:00Z,BATCH-OLAA-5979
PO_B12_005980,Razorpay Nodal,JIOO-INV-428139 PO_B12_005980,403927,7051,0,0,396876,INR,2026-08-14T09:17:00Z,BATCH-JIOO-5980
PO_B12_005981,Razorpay Nodal,PAYT-INV-596593 PO_B12_005981,382351,9507,0,0,372844,INR,2026-08-13T23:54:00Z,BATCH-PAYT-5981
PO_B12_005982,PayU Enterprise,NYKA-INV-448658 PO_B12_005982,86506,1961,0,0,84545,INR,2026-08-14T10:15:00Z,BATCH-NYKA-5982
PO_B12_005983,Stripe India,ZOMA-ORD-686070 ZOMA-ORD-360691 BATCH-ZOMA-5983,427388,8547,0,0,418841,INR,2026-08-14T08:05:00Z,BATCH-ZOMA-5983
PO_B12_005984,Razorpay Nodal,BKMS-INV-234548 PO_B12_005984,343548,8117,0,0,335431,INR,2026-08-14T09:01:00Z,BATCH-BKMS-5984
PO_B12_005985,BillDesk Settlement,SWIG-INV-705708 PO_B12_005985,291445,5188,0,0,286257,INR,2026-08-14T20:46:00Z,BATCH-SWIG-5985
PO_B12_005986,PayU Enterprise,JIOO-INV-120592 PO_B12_005986,148491,2912,0,0,145579,INR,2026-08-14T11:46:00Z,BATCH-JIOO-5986
PO_B12_005987,Cashfree Escrow,UBER-INV-220176 PO_B12_005987,142437,3221,0,0,139216,INR,2026-08-14T16:30:00Z,BATCH-UBER-5987
PO_B12_005988,Stripe India,PAYT-ORD-646302 PAYT-ORD-515258 BATCH-PAYT-5988,470575,9411,0,0,461164,INR,2026-08-14T11:30:00Z,BATCH-PAYT-5988
PO_B12_005989,PayU Enterprise,ZOMA-ORD-338360 ZOMA-ORD-643479 BATCH-ZOMA-5989,253975,5079,0,0,248896,INR,2026-08-13T23:29:00Z,BATCH-ZOMA-5989
PO_B12_005990,Razorpay Nodal,MYNT-INV-931140 PO_B12_005990,283363,4361,0,0,279002,INR,2026-08-13T20:58:00Z,BATCH-MYNT-5990
PO_B12_005991,BillDesk Settlement,BBAS-INV-942039 PO_B12_005991,398855,9379,0,0,389476,INR,2026-08-14T16:45:00Z,BATCH-BBAS-5991
PO_B12_005992,PayU Enterprise,PHNP-ORD-647221 PHNP-ORD-263582 BATCH-PHNP-5992,257026,5140,0,0,251886,INR,2026-08-14T19:57:00Z,BATCH-PHNP-5992
PO_B12_005993,Stripe India,NYKA-INV-995030 PO_B12_005993,87621,1720,0,0,85901,INR,2026-08-14T10:40:00Z,BATCH-NYKA-5993
PO_B12_005994,PayU Enterprise,BBAS-ORD-510605 BBAS-ORD-689486 BBAS-ORD-292930 BATCH-BBAS-5994,499388,9987,0,0,489401,INR,2026-08-14T13:18:00Z,BATCH-BBAS-5994
PO_B12_005995,BillDesk Settlement,MYNT-INV-638043 PO_B12_005995,40329,856,0,0,39473,INR,2026-08-15T00:52:00Z,BATCH-MYNT-5995
PO_B12_005996,PayU Enterprise,ZOMA-ORD-205584 ZOMA-ORD-915734 ZOMA-ORD-323777 BATCH-ZOMA-5996,524866,10497,0,0,514369,INR,2026-08-14T13:37:00Z,BATCH-ZOMA-5996
PO_B12_005997,PayU Enterprise,BKMS-INV-608128 PO_B12_005997,432226,6924,0,0,425302,INR,2026-08-14T08:08:00Z,BATCH-BKMS-5997
PO_B12_005998,Razorpay Nodal,TATA-EXC-525803-UNRESOLVED,199449,3978,0,0,195471,INR,2026-08-14T22:48:00Z,HOLD-ESCROW
PO_B12_005999,PayU Enterprise,BLNK-INV-647434 PO_B12_005999,54240,1027,0,0,53213,INR,2026-08-13T17:03:00Z,BATCH-BLNK-5999
PO_B12_006000,Cashfree Escrow,AMZN-INV-451383 PO_B12_006000,132389,2902,0,0,129487,INR,2026-08-14T10:33:00Z,BATCH-AMZN-6000
PO_B12_006001,PayU Enterprise,FLPK-INV-641186 PO_B12_006001,176639,3968,0,0,172671,INR,2026-08-14T11:08:00Z,BATCH-FLPK-6001
PO_B12_006002,PayU Enterprise,BKMS-INV-784930 PO_B12_006002,138741,3233,0,0,135508,INR,2026-08-14T08:12:00Z,BATCH-BKMS-6002
PO_B12_006003,BillDesk Settlement,MYNT-ORD-666308 MYNT-ORD-988667 BATCH-MYNT-6003,297906,5958,0,0,291948,INR,2026-08-14T15:52:00Z,BATCH-MYNT-6003
PO_B12_006004,BillDesk Settlement,BLNK-INV-568288 PO_B12_006004,211530,5273,0,0,206257,INR,2026-08-14T11:27:00Z,BATCH-BLNK-6004
PO_B12_006005,Cashfree Escrow,SWIG-INV-645160 PO_B12_006005,200893,4167,0,0,196726,INR,2026-08-14T09:28:00Z,BATCH-SWIG-6005
PO_B12_006006,Cashfree Escrow,FLPK-INV-710989 PO_B12_006006,398240,6301,0,0,391939,INR,2026-08-14T18:31:00Z,BATCH-FLPK-6006
PO_B12_006007,Cashfree Escrow,MYNT-ORD-355505 MYNT-ORD-602560 MYNT-ORD-412292 BATCH-MYNT-6007,447385,8947,0,0,438438,INR,2026-08-14T07:05:00Z,BATCH-MYNT-6007
PO_B12_006008,Cashfree Escrow,FLPK-INV-917819 PO_B12_006008,174766,3575,0,0,171191,INR,2026-08-14T06:12:00Z,BATCH-FLPK-6008
PO_B12_006009,Razorpay Nodal,AMZN-INV-693222 PO_B12_006009,139223,2539,0,0,136684,INR,2026-08-14T12:23:00Z,BATCH-AMZN-6009
PO_B12_006010,Stripe India,BBAS-INV-933203 PO_B12_006010,422036,9396,0,0,412640,INR,2026-08-14T03:07:00Z,BATCH-BBAS-6010
PO_B12_006011,Stripe India,JIOO-INV-417073 PO_B12_006011,282936,5647,0,0,277289,INR,2026-08-14T07:36:00Z,BATCH-JIOO-6011
PO_B12_006012,Stripe India,PHNP-INV-202456 PO_B12_006012,407518,9869,0,0,397649,INR,2026-08-14T08:22:00Z,BATCH-PHNP-6012
PO_B12_006013,BillDesk Settlement,NYKA-EXC-876863-UNRESOLVED,88165,1753,0,0,86412,INR,2026-08-15T06:56:00Z,HOLD-ESCROW
PO_B12_006014,Razorpay Nodal,BLNK-INV-788235 PO_B12_006014,259710,5138,0,0,254572,INR,2026-08-13T13:27:00Z,BATCH-BLNK-6014
PO_B12_006015,PayU Enterprise,JIOO-INV-639972 PO_B12_006015,386033,6990,0,0,379043,INR,2026-08-14T02:09:00Z,BATCH-JIOO-6015
PO_B12_006016,BillDesk Settlement,ZOMA-ORD-421772 ZOMA-ORD-955877 BATCH-ZOMA-6016,431595,8631,0,0,422964,INR,2026-08-14T18:45:00Z,BATCH-ZOMA-6016
PO_B12_006017,Cashfree Escrow,AMZN-ORD-161364 AMZN-ORD-722059 BATCH-AMZN-6017,208168,4163,0,0,204005,INR,2026-08-14T18:07:00Z,BATCH-AMZN-6017
PO_B12_006018,BillDesk Settlement,PHNP-INV-579299 PO_B12_006018,343381,6428,0,0,336953,INR,2026-08-14T08:18:00Z,BATCH-PHNP-6018
PO_B12_006019,Razorpay Nodal,PHNP-INV-872119 PO_B12_006019,153724,2346,0,0,151378,INR,2026-08-14T15:48:00Z,BATCH-PHNP-6019
PO_B12_006020,BillDesk Settlement,PAYT-INV-310362 PO_B12_006020,101025,2192,0,0,98833,INR,2026-08-14T22:21:00Z,BATCH-PAYT-6020
PO_B12_006021,Stripe India,UBER-ORD-564248 UBER-ORD-405313 BATCH-UBER-6021,157983,3159,0,0,154824,INR,2026-08-14T06:45:00Z,BATCH-UBER-6021
PO_B12_006022,Cashfree Escrow,MMTR-ORD-680606 MMTR-ORD-470917 MMTR-ORD-116484 BATCH-MMTR-6022,543140,10862,0,0,532278,INR,2026-08-14T07:17:00Z,BATCH-MMTR-6022
PO_B12_006023,PayU Enterprise,MMTR-ORD-280149 MMTR-ORD-943102 BATCH-MMTR-6023,62475,1249,0,0,61226,INR,2026-08-14T10:22:00Z,BATCH-MMTR-6023
PO_B12_006024,Stripe India,OLAA-INV-164290 PO_B12_006024,188949,2960,0,0,185989,INR,2026-08-14T00:33:00Z,BATCH-OLAA-6024
PO_B12_006025,Cashfree Escrow,OLAA-INV-314308 PO_B12_006025,61518,1513,0,0,60005,INR,2026-08-14T07:29:00Z,BATCH-OLAA-6025
PO_B12_006026,Razorpay Nodal,FLPK-INV-327075 PO_B12_006026,368530,5818,0,0,362712,INR,2026-08-14T12:48:00Z,BATCH-FLPK-6026
PO_B12_006027,Razorpay Nodal,NYKA-INV-390037 PO_B12_006027,339086,7004,0,0,332082,INR,2026-08-14T07:04:00Z,BATCH-NYKA-6027
PO_B12_006028,Stripe India,SWIG-ORD-442581 SWIG-ORD-892974 BATCH-SWIG-6028,156932,3138,0,0,153794,INR,2026-08-14T11:35:00Z,BATCH-SWIG-6028
PO_B12_006029,PayU Enterprise,MMTR-EXC-292511-UNRESOLVED,136513,2720,0,0,133793,INR,2026-08-15T04:36:00Z,HOLD-ESCROW
PO_B12_006030,Cashfree Escrow,BBAS-INV-162922 PO_B12_006030,118280,2293,0,0,115987,INR,2026-08-13T17:38:00Z,BATCH-BBAS-6030
PO_B12_006031,Stripe India,BKMS-INV-519921 PO_B12_006031,265991,5607,0,0,260384,INR,2026-08-13T19:10:00Z,BATCH-BKMS-6031
PO_B12_006032,PayU Enterprise,BLNK-INV-183161 PO_B12_006032,315498,7825,0,0,307673,INR,2026-08-13T21:09:00Z,BATCH-BLNK-6032
PO_B12_006033,Cashfree Escrow,BKMS-INV-367783 PO_B12_006033,52911,1283,0,0,51628,INR,2026-08-13T22:19:00Z,BATCH-BKMS-6033
PO_B12_006034,PayU Enterprise,MMTR-ORD-923569 MMTR-ORD-164271 BATCH-MMTR-6034,251552,5031,0,0,246521,INR,2026-08-14T16:36:00Z,BATCH-MMTR-6034
PO_B12_006035,Cashfree Escrow,NYKA-INV-492860 PO_B12_006035,420733,7881,0,0,412852,INR,2026-08-14T18:11:00Z,BATCH-NYKA-6035
PO_B12_006036,Razorpay Nodal,FLPK-INV-543187 PO_B12_006036,51185,1206,0,0,49979,INR,2026-08-13T14:10:00Z,BATCH-FLPK-6036
PO_B12_006037,Stripe India,BLNK-INV-477598 PO_B12_006037,279400,4760,0,0,274640,INR,2026-08-14T01:37:00Z,BATCH-BLNK-6037
PO_B12_006038,Cashfree Escrow,NYKA-EXC-271472-UNRESOLVED,297983,5949,0,0,292034,INR,2026-08-14T22:26:00Z,HOLD-ESCROW
PO_B12_006039,Cashfree Escrow,NYKA-INV-314972 PO_B12_006039,402725,8421,0,0,394304,INR,2026-08-13T20:55:00Z,BATCH-NYKA-6039
PO_B12_006040,Razorpay Nodal,BKMS-ORD-523641 BKMS-ORD-193410 BATCH-BKMS-6040,137719,2754,0,0,134965,INR,2026-08-14T10:21:00Z,BATCH-BKMS-6040
PO_B12_006041,Razorpay Nodal,ZOMA-ORD-269324 ZOMA-ORD-304493 BATCH-ZOMA-6041,398143,7962,0,0,390181,INR,2026-08-14T01:04:00Z,BATCH-ZOMA-6041
PO_B12_006042,Cashfree Escrow,PHNP-INV-638972 PO_B12_006042,101158,1942,0,0,99216,INR,2026-08-14T03:34:00Z,BATCH-PHNP-6042
PO_B12_006043,Cashfree Escrow,MMTR-INV-488537 PO_B12_006043,292442,7190,0,0,285252,INR,2026-08-13T17:33:00Z,BATCH-MMTR-6043
PO_B12_006044,Razorpay Nodal,TATA-INV-707568 PO_B12_006044,36841,591,0,0,36250,INR,2026-08-14T04:27:00Z,BATCH-TATA-6044
PO_B12_006045,Stripe India,BKMS-INV-621506 PO_B12_006045,328673,5955,0,0,322718,INR,2026-08-14T09:30:00Z,BATCH-BKMS-6045
PO_B12_006046,BillDesk Settlement,MMTR-ORD-740275 MMTR-ORD-819277 BATCH-MMTR-6046,242970,4859,0,0,238111,INR,2026-08-14T19:36:00Z,BATCH-MMTR-6046
PO_B12_006047,Razorpay Nodal,OLAA-INV-767286 PO_B12_006047,356907,7155,0,0,349752,INR,2026-08-14T19:48:00Z,BATCH-OLAA-6047
PO_B12_006048,Stripe India,AMZN-INV-531767 PO_B12_006048,235993,3872,0,0,232121,INR,2026-08-14T05:38:00Z,BATCH-AMZN-6048
PO_B12_006049,Razorpay Nodal,BLNK-INV-232722 PO_B12_006049,218752,5083,0,0,213669,INR,2026-08-14T10:34:00Z,BATCH-BLNK-6049
PO_B12_006050,Razorpay Nodal,JIOO-INV-605627 PO_B12_006050,380642,5758,0,0,374884,INR,2026-08-13T20:21:00Z,BATCH-JIOO-6050
PO_B12_006051,Cashfree Escrow,BLNK-ORD-262070 BLNK-ORD-655951 BATCH-BLNK-6051,362229,7244,0,0,354985,INR,2026-08-14T08:21:00Z,BATCH-BLNK-6051
PO_B12_006052,Stripe India,PAYT-INV-406471 PO_B12_006052,378613,6701,0,0,371912,INR,2026-08-13T19:30:00Z,BATCH-PAYT-6052
PO_B12_006053,Cashfree Escrow,NYKA-INV-778487 PO_B12_006053,54449,1198,0,0,53251,INR,2026-08-14T06:10:00Z,BATCH-NYKA-6053
PO_B12_006054,Stripe India,BBAS-INV-362429 PO_B12_006054,146766,2874,0,0,143892,INR,2026-08-14T10:27:00Z,BATCH-BBAS-6054
PO_B12_006055,Cashfree Escrow,AMZN-ORD-581000 AMZN-ORD-190898 BATCH-AMZN-6055,283521,5670,0,0,277851,INR,2026-08-14T06:29:00Z,BATCH-AMZN-6055
PO_B12_006056,Cashfree Escrow,TATA-INV-196992 PO_B12_006056,241069,5794,0,0,235275,INR,2026-08-14T22:36:00Z,BATCH-TATA-6056
PO_B12_006057,Stripe India,PHNP-INV-434461 PO_B12_006057,404882,7890,0,0,396992,INR,2026-08-14T22:24:00Z,BATCH-PHNP-6057
PO_B12_006058,Stripe India,BBAS-INV-502270 PO_B12_006058,82164,1289,0,0,80875,INR,2026-08-14T12:14:00Z,BATCH-BBAS-6058
PO_B12_006059,Razorpay Nodal,OLAA-INV-867043 PO_B12_006059,361256,7788,0,0,353468,INR,2026-08-14T01:01:00Z,BATCH-OLAA-6059
PO_B12_006060,Stripe India,TATA-ORD-866917 TATA-ORD-713606 BATCH-TATA-6060,175440,3508,0,0,171932,INR,2026-08-14T19:08:00Z,BATCH-TATA-6060
PO_B12_006061,Stripe India,JIOO-INV-678819 PO_B12_006061,136399,2553,0,0,133846,INR,2026-08-14T16:01:00Z,BATCH-JIOO-6061
PO_B12_006062,PayU Enterprise,AMZN-INV-906419 PO_B12_006062,194528,4488,0,0,190040,INR,2026-08-14T06:46:00Z,BATCH-AMZN-6062
PO_B12_006063,Cashfree Escrow,JIOO-INV-204879 PO_B12_006063,47024,1051,0,0,45973,INR,2026-08-13T22:28:00Z,BATCH-JIOO-6063
PO_B12_006064,Stripe India,BLNK-INV-955138 PO_B12_006064,167174,3251,0,0,163923,INR,2026-08-14T06:40:00Z,BATCH-BLNK-6064
PO_B12_006065,Stripe India,JIOO-ORD-459851 JIOO-ORD-484865 JIOO-ORD-797421 BATCH-JIOO-6065,484512,9690,0,0,474822,INR,2026-08-14T06:52:00Z,BATCH-JIOO-6065
PO_B12_006066,Stripe India,JIOO-INV-886467 PO_B12_006066,200575,3303,0,0,197272,INR,2026-08-14T03:29:00Z,BATCH-JIOO-6066
PO_B12_006067,BillDesk Settlement,MYNT-INV-366007 PO_B12_006067,202314,4881,0,0,197433,INR,2026-08-14T05:33:00Z,BATCH-MYNT-6067
PO_B12_006068,Stripe India,SWIG-ORD-622779 SWIG-ORD-389963 SWIG-ORD-646895 BATCH-SWIG-6068,216975,4339,0,0,212636,INR,2026-08-14T11:56:00Z,BATCH-SWIG-6068
PO_B12_006069,PayU Enterprise,NYKA-ORD-392214 NYKA-ORD-807115 BATCH-NYKA-6069,272519,5450,0,0,267069,INR,2026-08-13T21:25:00Z,BATCH-NYKA-6069
PO_B12_006070,Stripe India,PHNP-INV-317178 PO_B12_006070,57453,1412,0,0,56041,INR,2026-08-14T08:33:00Z,BATCH-PHNP-6070
PO_B12_006071,PayU Enterprise,FLPK-INV-955987 PO_B12_006071,71602,1426,0,0,70176,INR,2026-08-14T10:43:00Z,BATCH-FLPK-6071
PO_B12_006072,PayU Enterprise,MMTR-INV-456733 PO_B12_006072,157468,2663,0,0,154805,INR,2026-08-14T16:20:00Z,BATCH-MMTR-6072
PO_B12_006073,BillDesk Settlement,PAYT-INV-887270 PO_B12_006073,368573,7560,0,0,361013,INR,2026-08-14T04:12:00Z,BATCH-PAYT-6073
PO_B12_006074,Cashfree Escrow,ZOMA-INV-379258 PO_B12_006074,336195,7832,0,0,328363,INR,2026-08-14T14:31:00Z,BATCH-ZOMA-6074
PO_B12_006075,Razorpay Nodal,JIOO-INV-938159 PO_B12_006075,379317,8384,0,0,370933,INR,2026-08-14T13:46:00Z,BATCH-JIOO-6075
PO_B12_006076,BillDesk Settlement,MMTR-ORD-579802 MMTR-ORD-328050 MMTR-ORD-679195 BATCH-MMTR-6076,346990,6939,0,0,340051,INR,2026-08-14T18:44:00Z,BATCH-MMTR-6076
PO_B12_006077,PayU Enterprise,AMZN-ORD-797278 AMZN-ORD-703912 AMZN-ORD-882662 BATCH-AMZN-6077,567946,11358,0,0,556588,INR,2026-08-14T09:49:00Z,BATCH-AMZN-6077
PO_B12_006078,PayU Enterprise,ZOMA-ORD-851669 ZOMA-ORD-471955 BATCH-ZOMA-6078,93956,1879,0,0,92077,INR,2026-08-14T06:12:00Z,BATCH-ZOMA-6078
PO_B12_006079,BillDesk Settlement,MYNT-INV-997578 PO_B12_006079,98657,1969,0,0,96688,INR,2026-08-14T21:03:00Z,BATCH-MYNT-6079
PO_B12_006080,PayU Enterprise,PAYT-INV-438750 PO_B12_006080,246098,5206,0,0,240892,INR,2026-08-14T06:32:00Z,BATCH-PAYT-6080
PO_B12_006081,Razorpay Nodal,TATA-INV-954243 PO_B12_006081,148562,2734,0,0,145828,INR,2026-08-14T07:37:00Z,BATCH-TATA-6081
PO_B12_006082,Razorpay Nodal,PHNP-ORD-493231 PHNP-ORD-995786 BATCH-PHNP-6082,260412,5208,0,0,255204,INR,2026-08-14T10:39:00Z,BATCH-PHNP-6082
PO_B12_006083,Stripe India,JIOO-INV-913186 PO_B12_006083,25865,396,0,0,25469,INR,2026-08-14T09:30:00Z,BATCH-JIOO-6083
PO_B12_006084,BillDesk Settlement,OLAA-INV-313672 PO_B12_006084,292943,4840,0,0,288103,INR,2026-08-14T11:45:00Z,BATCH-OLAA-6084
PO_B12_006085,PayU Enterprise,MMTR-INV-838858 PO_B12_006085,35733,547,0,0,35186,INR,2026-08-14T19:00:00Z,BATCH-MMTR-6085
PO_B12_006086,PayU Enterprise,PAYT-INV-235074 PO_B12_006086,447783,6870,0,0,440913,INR,2026-08-14T10:34:00Z,BATCH-PAYT-6086
PO_B12_006087,Razorpay Nodal,PAYT-INV-379128 PO_B12_006087,141008,2431,0,0,138577,INR,2026-08-13T15:20:00Z,BATCH-PAYT-6087
PO_B12_006088,PayU Enterprise,BBAS-INV-818960 PO_B12_006088,311235,5805,0,0,305430,INR,2026-08-14T17:43:00Z,BATCH-BBAS-6088
PO_B12_006089,Cashfree Escrow,BLNK-INV-506311 PO_B12_006089,258957,4063,0,0,254894,INR,2026-08-13T14:04:00Z,BATCH-BLNK-6089
PO_B12_006090,Stripe India,ZOMA-INV-436212 PO_B12_006090,213935,4138,0,0,209797,INR,2026-08-13T22:01:00Z,BATCH-ZOMA-6090
PO_B12_006091,Stripe India,OLAA-ORD-768283 OLAA-ORD-128986 OLAA-ORD-320306 BATCH-OLAA-6091,335421,6708,0,0,328713,INR,2026-08-13T23:14:00Z,BATCH-OLAA-6091
PO_B12_006092,Razorpay Nodal,PHNP-INV-162791 PO_B12_006092,150505,3203,0,0,147302,INR,2026-08-14T19:35:00Z,BATCH-PHNP-6092
PO_B12_006093,BillDesk Settlement,PAYT-INV-267052 PO_B12_006093,152735,3068,0,0,149667,INR,2026-08-14T21:26:00Z,BATCH-PAYT-6093
PO_B12_006094,BillDesk Settlement,UBER-INV-957119 PO_B12_006094,351168,7848,0,0,343320,INR,2026-08-14T04:31:00Z,BATCH-UBER-6094
PO_B12_006095,BillDesk Settlement,PAYT-INV-413783 PO_B12_006095,125061,2204,0,0,122857,INR,2026-08-14T03:33:00Z,BATCH-PAYT-6095
PO_B12_006096,Stripe India,BKMS-INV-127569 PO_B12_006096,171731,3183,0,0,168548,INR,2026-08-14T05:21:00Z,BATCH-BKMS-6096
PO_B12_006097,Cashfree Escrow,ZOMA-ORD-819289 ZOMA-ORD-800666 BATCH-ZOMA-6097,330696,6613,0,0,324083,INR,2026-08-13T23:48:00Z,BATCH-ZOMA-6097
PO_B12_006098,Stripe India,NYKA-INV-999230 PO_B12_006098,65628,1141,0,0,64487,INR,2026-08-14T03:51:00Z,BATCH-NYKA-6098
PO_B12_006099,Cashfree Escrow,SWIG-INV-122826 PO_B12_006099,322027,7769,0,0,314258,INR,2026-08-14T21:19:00Z,BATCH-SWIG-6099
PO_B12_006100,Stripe India,BKMS-ORD-912177 BKMS-ORD-709125 BKMS-ORD-975373 BATCH-BKMS-6100,417338,8346,0,0,408992,INR,2026-08-14T12:28:00Z,BATCH-BKMS-6100
PO_B12_006101,Razorpay Nodal,NYKA-INV-699540 PO_B12_006101,280181,5544,0,0,274637,INR,2026-08-13T18:08:00Z,BATCH-NYKA-6101
PO_B12_006102,Stripe India,BBAS-INV-695738 PO_B12_006102,153568,2766,0,0,150802,INR,2026-08-14T03:58:00Z,BATCH-BBAS-6102
PO_B12_006103,PayU Enterprise,PHNP-ORD-618371 PHNP-ORD-750873 BATCH-PHNP-6103,174970,3499,0,0,171471,INR,2026-08-14T07:56:00Z,BATCH-PHNP-6103
PO_B12_006104,BillDesk Settlement,OLAA-INV-783565 PO_B12_006104,432860,8623,0,0,424237,INR,2026-08-14T10:29:00Z,BATCH-OLAA-6104
PO_B12_006105,Cashfree Escrow,MYNT-INV-763748 PO_B12_006105,374238,8656,0,0,365582,INR,2026-08-14T18:19:00Z,BATCH-MYNT-6105
PO_B12_006106,Cashfree Escrow,SWIG-INV-159407 PO_B12_006106,348537,6046,0,0,342491,INR,2026-08-13T18:00:00Z,BATCH-SWIG-6106
PO_B12_006107,Cashfree Escrow,BBAS-INV-700474 PO_B12_006107,431931,10168,0,0,421763,INR,2026-08-14T01:20:00Z,BATCH-BBAS-6107
PO_B12_006108,PayU Enterprise,TATA-INV-322155 PO_B12_006108,376433,5691,0,0,370742,INR,2026-08-14T13:42:00Z,BATCH-TATA-6108
PO_B12_006109,PayU Enterprise,BLNK-INV-308591 PO_B12_006109,186896,3529,0,0,183367,INR,2026-08-14T12:17:00Z,BATCH-BLNK-6109
PO_B12_006110,PayU Enterprise,MYNT-INV-191358 PO_B12_006110,308060,6325,0,0,301735,INR,2026-08-14T12:54:00Z,BATCH-MYNT-6110
PO_B12_006111,Cashfree Escrow,MYNT-INV-471537 PO_B12_006111,389723,8351,0,0,381372,INR,2026-08-15T02:49:00Z,BATCH-MYNT-6111
PO_B12_006112,BillDesk Settlement,JIOO-ORD-530597 JIOO-ORD-129944 JIOO-ORD-214765 BATCH-JIOO-6112,481071,9621,0,0,471450,INR,2026-08-14T01:15:00Z,BATCH-JIOO-6112
PO_B12_006113,BillDesk Settlement,BKMS-INV-608215 PO_B12_006113,125431,1941,0,0,123490,INR,2026-08-13T19:50:00Z,BATCH-BKMS-6113
PO_B12_006114,Stripe India,AMZN-ORD-472381 AMZN-ORD-602769 AMZN-ORD-496266 BATCH-AMZN-6114,323160,6463,0,0,316697,INR,2026-08-14T01:44:00Z,BATCH-AMZN-6114
PO_B12_006115,BillDesk Settlement,BKMS-INV-484077 PO_B12_006115,339349,6088,0,0,333261,INR,2026-08-14T15:02:00Z,BATCH-BKMS-6115
PO_B12_006116,Razorpay Nodal,FLPK-INV-311748 PO_B12_006116,290076,6618,0,0,283458,INR,2026-08-14T13:51:00Z,BATCH-FLPK-6116
PO_B12_006117,PayU Enterprise,MMTR-ORD-160538 MMTR-ORD-278272 MMTR-ORD-759854 BATCH-MMTR-6117,456858,9137,0,0,447721,INR,2026-08-14T17:05:00Z,BATCH-MMTR-6117
PO_B12_006118,Razorpay Nodal,NYKA-INV-865230 PO_B12_006118,44001,788,0,0,43213,INR,2026-08-14T05:13:00Z,BATCH-NYKA-6118
PO_B12_006119,PayU Enterprise,PHNP-INV-289608 PO_B12_006119,94331,2303,0,0,92028,INR,2026-08-13T23:25:00Z,BATCH-PHNP-6119
PO_B12_006120,Cashfree Escrow,NYKA-INV-337942 PO_B12_006120,275066,5274,0,0,269792,INR,2026-08-14T07:24:00Z,BATCH-NYKA-6120
PO_B12_006121,BillDesk Settlement,OLAA-ORD-320370 OLAA-ORD-710006 BATCH-OLAA-6121,67402,1348,0,0,66054,INR,2026-08-14T19:06:00Z,BATCH-OLAA-6121
PO_B12_006122,Razorpay Nodal,SWIG-INV-440142 PO_B12_006122,146906,3280,0,0,143626,INR,2026-08-13T17:27:00Z,BATCH-SWIG-6122
PO_B12_006123,BillDesk Settlement,UBER-INV-915598 PO_B12_006123,149988,2738,0,0,147250,INR,2026-08-14T15:38:00Z,BATCH-UBER-6123
PO_B12_006124,Razorpay Nodal,NYKA-ORD-606972 NYKA-ORD-502852 NYKA-ORD-606034 BATCH-NYKA-6124,382567,7651,0,0,374916,INR,2026-08-14T11:21:00Z,BATCH-NYKA-6124
PO_B12_006125,Stripe India,MYNT-ORD-831827 MYNT-ORD-984306 BATCH-MYNT-6125,289351,5787,0,0,283564,INR,2026-08-14T16:45:00Z,BATCH-MYNT-6125
PO_B12_006126,BillDesk Settlement,BBAS-INV-624950 PO_B12_006126,246151,4402,0,0,241749,INR,2026-08-14T07:13:00Z,BATCH-BBAS-6126
PO_B12_006127,BillDesk Settlement,BLNK-ORD-348529 BLNK-ORD-239476 BATCH-BLNK-6127,241731,4834,0,0,236897,INR,2026-08-14T10:25:00Z,BATCH-BLNK-6127
PO_B12_006128,Razorpay Nodal,OLAA-INV-385552 PO_B12_006128,385112,7081,0,0,378031,INR,2026-08-13T22:31:00Z,BATCH-OLAA-6128
PO_B12_006129,Stripe India,FLPK-INV-314990 PO_B12_006129,424664,9116,0,0,415548,INR,2026-08-14T12:06:00Z,BATCH-FLPK-6129
PO_B12_006130,Razorpay Nodal,OLAA-INV-682424 PO_B12_006130,203890,4721,0,0,199169,INR,2026-08-14T01:18:00Z,BATCH-OLAA-6130
PO_B12_006131,PayU Enterprise,AMZN-INV-621667 PO_B12_006131,241266,4394,0,0,236872,INR,2026-08-14T10:44:00Z,BATCH-AMZN-6131
PO_B12_006132,PayU Enterprise,UBER-INV-607608 PO_B12_006132,311213,4960,0,0,306253,INR,2026-08-14T02:45:00Z,BATCH-UBER-6132
PO_B12_006133,BillDesk Settlement,BBAS-INV-721780 PO_B12_006133,328681,5377,0,0,323304,INR,2026-08-14T13:13:00Z,BATCH-BBAS-6133
PO_B12_006134,BillDesk Settlement,TATA-ORD-878274 TATA-ORD-124095 TATA-ORD-266311 BATCH-TATA-6134,546556,10931,0,0,535625,INR,2026-08-14T06:33:00Z,BATCH-TATA-6134
PO_B12_006135,PayU Enterprise,SWIG-ORD-554732 SWIG-ORD-135291 BATCH-SWIG-6135,163277,3265,0,0,160012,INR,2026-08-14T06:51:00Z,BATCH-SWIG-6135
PO_B12_006136,Stripe India,SWIG-INV-361120 PO_B12_006136,241663,4191,0,0,237472,INR,2026-08-14T16:57:00Z,BATCH-SWIG-6136
PO_B12_006137,PayU Enterprise,BLNK-EXC-622319-UNRESOLVED,262646,5242,0,0,257404,INR,2026-08-14T15:00:00Z,HOLD-ESCROW
PO_B12_006138,Stripe India,ZOMA-ORD-938477 ZOMA-ORD-815614 ZOMA-ORD-817661 BATCH-ZOMA-6138,169501,3390,0,0,166111,INR,2026-08-14T09:29:00Z,BATCH-ZOMA-6138
PO_B12_006139,Cashfree Escrow,MMTR-EXC-245447-UNRESOLVED,61289,1215,0,0,60074,INR,2026-08-14T21:58:00Z,HOLD-ESCROW
PO_B12_006140,Razorpay Nodal,TATA-INV-265559 PO_B12_006140,199499,4362,0,0,195137,INR,2026-08-14T04:35:00Z,BATCH-TATA-6140
PO_B12_006141,BillDesk Settlement,MYNT-INV-663985 PO_B12_006141,280751,6584,0,0,274167,INR,2026-08-14T02:14:00Z,BATCH-MYNT-6141
PO_B12_006142,Stripe India,UBER-INV-736856 PO_B12_006142,203479,3301,0,0,200178,INR,2026-08-14T10:30:00Z,BATCH-UBER-6142
PO_B12_006143,PayU Enterprise,UBER-INV-522404 PO_B12_006143,434611,8249,0,0,426362,INR,2026-08-14T08:21:00Z,BATCH-UBER-6143
PO_B12_006144,Razorpay Nodal,NYKA-INV-311847 PO_B12_006144,361031,7109,0,0,353922,INR,2026-08-14T00:55:00Z,BATCH-NYKA-6144
PO_B12_006145,Razorpay Nodal,JIOO-ORD-422228 JIOO-ORD-846614 BATCH-JIOO-6145,249415,4988,0,0,244427,INR,2026-08-14T07:48:00Z,BATCH-JIOO-6145
PO_B12_006146,BillDesk Settlement,BBAS-ORD-635223 BBAS-ORD-450337 BATCH-BBAS-6146,346957,6939,0,0,340018,INR,2026-08-14T08:22:00Z,BATCH-BBAS-6146
PO_B12_006147,Cashfree Escrow,AMZN-ORD-685090 AMZN-ORD-665224 AMZN-ORD-677386 BATCH-AMZN-6147,339071,6781,0,0,332290,INR,2026-08-14T02:30:00Z,BATCH-AMZN-6147
PO_B12_006148,Cashfree Escrow,BLNK-ORD-471356 BLNK-ORD-107255 BLNK-ORD-524314 BATCH-BLNK-6148,383228,7664,0,0,375564,INR,2026-08-14T16:32:00Z,BATCH-BLNK-6148
PO_B12_006149,PayU Enterprise,ZOMA-ORD-678249 ZOMA-ORD-530971 ZOMA-ORD-806677 BATCH-ZOMA-6149,229459,4589,0,0,224870,INR,2026-08-14T11:28:00Z,BATCH-ZOMA-6149
PO_B12_006150,Stripe India,MYNT-INV-239609 PO_B12_006150,147199,2753,0,0,144446,INR,2026-08-13T17:21:00Z,BATCH-MYNT-6150
PO_B12_006151,Razorpay Nodal,MMTR-EXC-621700-UNRESOLVED,155430,3098,0,0,152332,INR,2026-08-15T04:30:00Z,HOLD-ESCROW
PO_B12_006152,Cashfree Escrow,NYKA-INV-723224 PO_B12_006152,327332,7427,0,0,319905,INR,2026-08-14T02:00:00Z,BATCH-NYKA-6152
PO_B12_006153,Razorpay Nodal,FLPK-ORD-282148 FLPK-ORD-712018 BATCH-FLPK-6153,87375,1747,0,0,85628,INR,2026-08-14T03:33:00Z,BATCH-FLPK-6153
PO_B12_006154,Razorpay Nodal,BKMS-INV-680159 PO_B12_006154,116114,2190,0,0,113924,INR,2026-08-13T21:13:00Z,BATCH-BKMS-6154
PO_B12_006155,Razorpay Nodal,OLAA-INV-144784 PO_B12_006155,180322,3200,0,0,177122,INR,2026-08-14T16:42:00Z,BATCH-OLAA-6155
PO_B12_006156,PayU Enterprise,NYKA-ORD-508167 NYKA-ORD-738662 BATCH-NYKA-6156,92392,1847,0,0,90545,INR,2026-08-14T05:10:00Z,BATCH-NYKA-6156
PO_B12_006157,BillDesk Settlement,OLAA-INV-532632 PO_B12_006157,427991,10560,0,0,417431,INR,2026-08-14T01:01:00Z,BATCH-OLAA-6157
PO_B12_006158,PayU Enterprise,SWIG-EXC-992784-UNRESOLVED,201029,4010,0,0,197019,INR,2026-08-14T15:43:00Z,HOLD-ESCROW
PO_B12_006159,Razorpay Nodal,BBAS-INV-104957 PO_B12_006159,175125,3958,0,0,171167,INR,2026-08-14T02:18:00Z,BATCH-BBAS-6159
PO_B12_006160,PayU Enterprise,BLNK-ORD-367832 BLNK-ORD-721723 BLNK-ORD-449131 BATCH-BLNK-6160,416396,8327,0,0,408069,INR,2026-08-14T00:38:00Z,BATCH-BLNK-6160
PO_B12_006161,Stripe India,OLAA-INV-383912 PO_B12_006161,177750,3236,0,0,174514,INR,2026-08-14T12:19:00Z,BATCH-OLAA-6161
PO_B12_006162,Razorpay Nodal,ZOMA-INV-526376 PO_B12_006162,370615,8742,0,0,361873,INR,2026-08-14T14:53:00Z,BATCH-ZOMA-6162
PO_B12_006163,Cashfree Escrow,OLAA-INV-215786 PO_B12_006163,274505,6399,0,0,268106,INR,2026-08-14T10:29:00Z,BATCH-OLAA-6163
PO_B12_006164,PayU Enterprise,FLPK-INV-682949 PO_B12_006164,357813,7484,0,0,350329,INR,2026-08-13T21:28:00Z,BATCH-FLPK-6164
PO_B12_006165,BillDesk Settlement,ZOMA-ORD-511449 ZOMA-ORD-870672 BATCH-ZOMA-6165,395262,7905,0,0,387357,INR,2026-08-14T09:23:00Z,BATCH-ZOMA-6165
PO_B12_006166,BillDesk Settlement,PHNP-INV-336060 PO_B12_006166,235204,3567,0,0,231637,INR,2026-08-14T07:52:00Z,BATCH-PHNP-6166
PO_B12_006167,Cashfree Escrow,TATA-ORD-539007 TATA-ORD-236120 BATCH-TATA-6167,384229,7684,0,0,376545,INR,2026-08-14T08:58:00Z,BATCH-TATA-6167
PO_B12_006168,Razorpay Nodal,BLNK-ORD-646519 BLNK-ORD-696680 BLNK-ORD-680907 BATCH-BLNK-6168,236786,4735,0,0,232051,INR,2026-08-13T21:41:00Z,BATCH-BLNK-6168
PO_B12_006169,BillDesk Settlement,PAYT-ORD-381533 PAYT-ORD-309007 PAYT-ORD-207880 BATCH-PAYT-6169,311345,6226,0,0,305119,INR,2026-08-14T08:19:00Z,BATCH-PAYT-6169
PO_B12_006170,Stripe India,NYKA-INV-563751 PO_B12_006170,59432,1102,0,0,58330,INR,2026-08-14T20:25:00Z,BATCH-NYKA-6170
PO_B12_006171,PayU Enterprise,TATA-INV-439721 PO_B12_006171,390277,6680,0,0,383597,INR,2026-08-14T22:25:00Z,BATCH-TATA-6171
PO_B12_006172,Razorpay Nodal,BLNK-INV-417309 PO_B12_006172,159832,3383,0,0,156449,INR,2026-08-14T10:47:00Z,BATCH-BLNK-6172
PO_B12_006173,Cashfree Escrow,MMTR-INV-800280 PO_B12_006173,261962,5197,0,0,256765,INR,2026-08-14T06:05:00Z,BATCH-MMTR-6173
PO_B12_006174,Cashfree Escrow,MYNT-INV-927736 PO_B12_006174,283470,6261,0,0,277209,INR,2026-08-13T23:39:00Z,BATCH-MYNT-6174
PO_B12_006175,PayU Enterprise,JIOO-INV-263304 PO_B12_006175,221352,4943,0,0,216409,INR,2026-08-14T13:00:00Z,BATCH-JIOO-6175
PO_B12_006176,BillDesk Settlement,JIOO-INV-404371 PO_B12_006176,269408,6205,0,0,263203,INR,2026-08-14T01:55:00Z,BATCH-JIOO-6176
PO_B12_006177,BillDesk Settlement,BKMS-INV-356328 PO_B12_006177,99164,1612,0,0,97552,INR,2026-08-13T20:26:00Z,BATCH-BKMS-6177
PO_B12_006178,BillDesk Settlement,MYNT-ORD-763852 MYNT-ORD-962531 BATCH-MYNT-6178,239492,4789,0,0,234703,INR,2026-08-13T23:29:00Z,BATCH-MYNT-6178
PO_B12_006179,BillDesk Settlement,BLNK-ORD-983351 BLNK-ORD-118805 BATCH-BLNK-6179,394844,7896,0,0,386948,INR,2026-08-14T13:21:00Z,BATCH-BLNK-6179
PO_B12_006180,Cashfree Escrow,UBER-ORD-206931 UBER-ORD-390987 BATCH-UBER-6180,382600,7652,0,0,374948,INR,2026-08-14T05:50:00Z,BATCH-UBER-6180
PO_B12_006181,Razorpay Nodal,UBER-INV-904135 PO_B12_006181,326949,6395,0,0,320554,INR,2026-08-14T19:37:00Z,BATCH-UBER-6181
PO_B12_006182,BillDesk Settlement,AMZN-EXC-783826-UNRESOLVED,135628,2702,0,0,132926,INR,2026-08-14T09:06:00Z,HOLD-ESCROW
PO_B12_006183,Razorpay Nodal,AMZN-INV-858869 PO_B12_006183,436220,8537,0,0,427683,INR,2026-08-14T04:42:00Z,BATCH-AMZN-6183
PO_B12_006184,Cashfree Escrow,JIOO-INV-878887 PO_B12_006184,238712,3664,0,0,235048,INR,2026-08-14T01:18:00Z,BATCH-JIOO-6184
PO_B12_006185,Cashfree Escrow,MYNT-ORD-158291 MYNT-ORD-883050 BATCH-MYNT-6185,337233,6744,0,0,330489,INR,2026-08-14T04:07:00Z,BATCH-MYNT-6185
PO_B12_006186,BillDesk Settlement,PAYT-INV-337697 PO_B12_006186,361296,6230,0,0,355066,INR,2026-08-14T01:57:00Z,BATCH-PAYT-6186
PO_B12_006187,Razorpay Nodal,NYKA-INV-676072 PO_B12_006187,143021,3538,0,0,139483,INR,2026-08-14T10:45:00Z,BATCH-NYKA-6187
PO_B12_006188,Cashfree Escrow,BLNK-INV-943260 PO_B12_006188,192751,3067,0,0,189684,INR,2026-08-14T08:34:00Z,BATCH-BLNK-6188
PO_B12_006189,Cashfree Escrow,PHNP-INV-885891 PO_B12_006189,194404,4035,0,0,190369,INR,2026-08-14T21:37:00Z,BATCH-PHNP-6189
PO_B12_006190,Cashfree Escrow,TATA-ORD-552395 TATA-ORD-811165 TATA-ORD-654632 BATCH-TATA-6190,480018,9600,0,0,470418,INR,2026-08-14T19:38:00Z,BATCH-TATA-6190
PO_B12_006191,Stripe India,AMZN-INV-856359 PO_B12_006191,318989,7397,0,0,311592,INR,2026-08-14T10:31:00Z,BATCH-AMZN-6191
PO_B12_006192,PayU Enterprise,BKMS-INV-618337 PO_B12_006192,58685,1152,0,0,57533,INR,2026-08-14T00:07:00Z,BATCH-BKMS-6192
PO_B12_006193,Stripe India,AMZN-INV-154709 PO_B12_006193,270996,5380,0,0,265616,INR,2026-08-13T18:02:00Z,BATCH-AMZN-6193
PO_B12_006194,BillDesk Settlement,JIOO-INV-263109 PO_B12_006194,100439,1508,0,0,98931,INR,2026-08-14T03:36:00Z,BATCH-JIOO-6194
PO_B12_006195,Stripe India,OLAA-INV-959637 PO_B12_006195,316723,7138,0,0,309585,INR,2026-08-14T02:03:00Z,BATCH-OLAA-6195
PO_B12_006196,Cashfree Escrow,BBAS-INV-587206 PO_B12_006196,156027,3501,0,0,152526,INR,2026-08-14T09:27:00Z,BATCH-BBAS-6196
PO_B12_006197,PayU Enterprise,BBAS-INV-993509 PO_B12_006197,235474,4542,0,0,230932,INR,2026-08-14T04:46:00Z,BATCH-BBAS-6197
PO_B12_006198,Cashfree Escrow,NYKA-INV-577218 PO_B12_006198,100028,2348,0,0,97680,INR,2026-08-13T22:11:00Z,BATCH-NYKA-6198
PO_B12_006199,BillDesk Settlement,NYKA-INV-944496 PO_B12_006199,255396,6143,0,0,249253,INR,2026-08-14T13:41:00Z,BATCH-NYKA-6199
PO_B12_006200,Razorpay Nodal,AMZN-ORD-731073 AMZN-ORD-639218 AMZN-ORD-342913 BATCH-AMZN-6200,469388,9387,0,0,460001,INR,2026-08-14T08:38:00Z,BATCH-AMZN-6200
PO_B12_006201,PayU Enterprise,UBER-INV-545645 PO_B12_006201,223547,3454,0,0,220093,INR,2026-08-13T22:24:00Z,BATCH-UBER-6201
PO_B12_006202,Stripe India,PHNP-ORD-433902 PHNP-ORD-981457 PHNP-ORD-863911 BATCH-PHNP-6202,492361,9847,0,0,482514,INR,2026-08-14T15:57:00Z,BATCH-PHNP-6202
PO_B12_006203,BillDesk Settlement,BLNK-ORD-728282 BLNK-ORD-940976 BATCH-BLNK-6203,183825,3676,0,0,180149,INR,2026-08-14T13:48:00Z,BATCH-BLNK-6203
PO_B12_006204,Razorpay Nodal,PAYT-INV-308098 PO_B12_006204,150516,3413,0,0,147103,INR,2026-08-14T04:09:00Z,BATCH-PAYT-6204
PO_B12_006205,Razorpay Nodal,NYKA-INV-950701 PO_B12_006205,449033,8176,0,0,440857,INR,2026-08-14T06:39:00Z,BATCH-NYKA-6205
PO_B12_006206,Cashfree Escrow,JIOO-INV-934100 PO_B12_006206,69452,1619,0,0,67833,INR,2026-08-14T00:56:00Z,BATCH-JIOO-6206
PO_B12_006207,Cashfree Escrow,UBER-ORD-748643 UBER-ORD-203216 UBER-ORD-486170 BATCH-UBER-6207,158544,3170,0,0,155374,INR,2026-08-14T13:56:00Z,BATCH-UBER-6207
PO_B12_006208,Cashfree Escrow,PHNP-ORD-315346 PHNP-ORD-811008 BATCH-PHNP-6208,310587,6211,0,0,304376,INR,2026-08-14T09:47:00Z,BATCH-PHNP-6208
PO_B12_006209,PayU Enterprise,BBAS-INV-606741 PO_B12_006209,190175,4459,0,0,185716,INR,2026-08-14T19:12:00Z,BATCH-BBAS-6209
PO_B12_006210,Cashfree Escrow,MMTR-INV-478310 PO_B12_006210,265931,4780,0,0,261151,INR,2026-08-14T04:55:00Z,BATCH-MMTR-6210
PO_B12_006211,PayU Enterprise,OLAA-INV-411504 PO_B12_006211,332937,7511,0,0,325426,INR,2026-08-14T11:10:00Z,BATCH-OLAA-6211
PO_B12_006212,Cashfree Escrow,BBAS-INV-869829 PO_B12_006212,292993,6098,0,0,286895,INR,2026-08-13T20:51:00Z,BATCH-BBAS-6212
PO_B12_006213,BillDesk Settlement,BLNK-INV-970819 PO_B12_006213,149833,3275,0,0,146558,INR,2026-08-13T19:55:00Z,BATCH-BLNK-6213
PO_B12_006214,Razorpay Nodal,FLPK-INV-263404 PO_B12_006214,178377,4399,0,0,173978,INR,2026-08-14T09:48:00Z,BATCH-FLPK-6214
PO_B12_006215,BillDesk Settlement,OLAA-ORD-701017 OLAA-ORD-839310 OLAA-ORD-185586 BATCH-OLAA-6215,405010,8100,0,0,396910,INR,2026-08-14T03:32:00Z,BATCH-OLAA-6215
PO_B12_006216,PayU Enterprise,SWIG-INV-422216 PO_B12_006216,119216,2553,0,0,116663,INR,2026-08-14T01:02:00Z,BATCH-SWIG-6216
PO_B12_006217,Stripe India,PAYT-ORD-311060 PAYT-ORD-163859 BATCH-PAYT-6217,371213,7424,0,0,363789,INR,2026-08-14T10:43:00Z,BATCH-PAYT-6217
PO_B12_006218,BillDesk Settlement,TATA-INV-860490 PO_B12_006218,380593,6398,0,0,374195,INR,2026-08-13T21:38:00Z,BATCH-TATA-6218
PO_B12_006219,PayU Enterprise,UBER-INV-163346 PO_B12_006219,25312,627,0,0,24685,INR,2026-08-14T07:40:00Z,BATCH-UBER-6219
PO_B12_006220,BillDesk Settlement,JIOO-INV-553987 PO_B12_006220,27153,477,0,0,26676,INR,2026-08-14T14:35:00Z,BATCH-JIOO-6220
PO_B12_006221,BillDesk Settlement,BKMS-ORD-687165 BKMS-ORD-611151 BATCH-BKMS-6221,275879,5517,0,0,270362,INR,2026-08-13T22:07:00Z,BATCH-BKMS-6221
PO_B12_006222,Razorpay Nodal,SWIG-INV-551916 PO_B12_006222,108663,2189,0,0,106474,INR,2026-08-13T20:22:00Z,BATCH-SWIG-6222
PO_B12_006223,BillDesk Settlement,BBAS-INV-429616 PO_B12_006223,435436,7459,0,0,427977,INR,2026-08-14T06:07:00Z,BATCH-BBAS-6223
PO_B12_006224,BillDesk Settlement,NYKA-EXC-453991-UNRESOLVED,147940,2948,0,0,144992,INR,2026-08-14T12:26:00Z,HOLD-ESCROW
PO_B12_006225,Cashfree Escrow,FLPK-INV-535180 PO_B12_006225,153698,2582,0,0,151116,INR,2026-08-14T19:42:00Z,BATCH-FLPK-6225
PO_B12_006226,PayU Enterprise,FLPK-INV-306042 PO_B12_006226,345824,8160,0,0,337664,INR,2026-08-14T14:58:00Z,BATCH-FLPK-6226
PO_B12_006227,Cashfree Escrow,BBAS-INV-916473 PO_B12_006227,321368,7998,0,0,313370,INR,2026-08-14T12:43:00Z,BATCH-BBAS-6227
PO_B12_006228,PayU Enterprise,MMTR-ORD-178588 MMTR-ORD-601287 BATCH-MMTR-6228,141091,2821,0,0,138270,INR,2026-08-14T06:45:00Z,BATCH-MMTR-6228
PO_B12_006229,Stripe India,PHNP-EXC-354999-UNRESOLVED,101399,2017,0,0,99382,INR,2026-08-14T18:52:00Z,HOLD-ESCROW
PO_B12_006230,Stripe India,UBER-INV-826721 PO_B12_006230,432864,10663,0,0,422201,INR,2026-08-14T11:52:00Z,BATCH-UBER-6230
PO_B12_006231,PayU Enterprise,BKMS-ORD-901754 BKMS-ORD-285921 BKMS-ORD-302176 BATCH-BKMS-6231,477235,9544,0,0,467691,INR,2026-08-14T19:10:00Z,BATCH-BKMS-6231
PO_B12_006232,Razorpay Nodal,AMZN-INV-963190 PO_B12_006232,396896,6406,0,0,390490,INR,2026-08-14T14:07:00Z,BATCH-AMZN-6232
PO_B12_006233,Stripe India,JIOO-INV-456066 PO_B12_006233,139911,2161,0,0,137750,INR,2026-08-14T19:19:00Z,BATCH-JIOO-6233
PO_B12_006234,BillDesk Settlement,PHNP-INV-964799 PO_B12_006234,86318,2140,0,0,84178,INR,2026-08-14T21:04:00Z,BATCH-PHNP-6234
PO_B12_006235,Stripe India,PAYT-INV-608705 PO_B12_006235,249616,5539,0,0,244077,INR,2026-08-14T12:02:00Z,BATCH-PAYT-6235
PO_B12_006236,PayU Enterprise,PHNP-ORD-654813 PHNP-ORD-819295 BATCH-PHNP-6236,464967,9299,0,0,455668,INR,2026-08-14T00:43:00Z,BATCH-PHNP-6236
PO_B12_006237,BillDesk Settlement,OLAA-INV-156996 PO_B12_006237,51338,1026,0,0,50312,INR,2026-08-14T01:12:00Z,BATCH-OLAA-6237
PO_B12_006238,BillDesk Settlement,TATA-INV-135108 PO_B12_006238,146628,3111,0,0,143517,INR,2026-08-14T14:50:00Z,BATCH-TATA-6238
PO_B12_006239,Razorpay Nodal,MYNT-ORD-942006 MYNT-ORD-927453 BATCH-MYNT-6239,307465,6149,0,0,301316,INR,2026-08-13T23:00:00Z,BATCH-MYNT-6239
PO_B12_006240,BillDesk Settlement,AMZN-INV-539006 PO_B12_006240,64875,1532,0,0,63343,INR,2026-08-14T09:00:00Z,BATCH-AMZN-6240
PO_B12_006241,Stripe India,BLNK-INV-294757 PO_B12_006241,194865,3547,0,0,191318,INR,2026-08-13T20:40:00Z,BATCH-BLNK-6241
PO_B12_006242,Razorpay Nodal,JIOO-INV-437241 PO_B12_006242,419983,7239,0,0,412744,INR,2026-08-14T21:05:00Z,BATCH-JIOO-6242
PO_B12_006243,Cashfree Escrow,PAYT-INV-907366 PO_B12_006243,361332,5720,0,0,355612,INR,2026-08-14T09:40:00Z,BATCH-PAYT-6243
PO_B12_006244,BillDesk Settlement,BKMS-EXC-120544-UNRESOLVED,211274,4215,0,0,207059,INR,2026-08-15T00:28:00Z,HOLD-ESCROW
PO_B12_006245,Stripe India,BLNK-INV-304831 PO_B12_006245,258391,5078,0,0,253313,INR,2026-08-14T12:56:00Z,BATCH-BLNK-6245
PO_B12_006246,Stripe India,MMTR-ORD-916648 MMTR-ORD-176873 BATCH-MMTR-6246,238422,4768,0,0,233654,INR,2026-08-14T14:56:00Z,BATCH-MMTR-6246
PO_B12_006247,Cashfree Escrow,BKMS-ORD-533313 BKMS-ORD-844215 BKMS-ORD-346795 BATCH-BKMS-6247,317009,6340,0,0,310669,INR,2026-08-14T15:18:00Z,BATCH-BKMS-6247
PO_B12_006248,BillDesk Settlement,UBER-ORD-496327 UBER-ORD-160540 UBER-ORD-552734 BATCH-UBER-6248,601677,12033,0,0,589644,INR,2026-08-14T17:09:00Z,BATCH-UBER-6248
PO_B12_006249,PayU Enterprise,TATA-INV-115366 PO_B12_006249,225068,3941,0,0,221127,INR,2026-08-14T11:51:00Z,BATCH-TATA-6249
PO_B12_006250,BillDesk Settlement,PHNP-INV-754744 PO_B12_006250,263212,5434,0,0,257778,INR,2026-08-14T06:07:00Z,BATCH-PHNP-6250
PO_B12_006251,Cashfree Escrow,PHNP-INV-738383 PO_B12_006251,255763,4839,0,0,250924,INR,2026-08-14T20:31:00Z,BATCH-PHNP-6251
PO_B12_006252,Stripe India,JIOO-ORD-490199 JIOO-ORD-758425 JIOO-ORD-778798 BATCH-JIOO-6252,486128,9722,0,0,476406,INR,2026-08-14T17:16:00Z,BATCH-JIOO-6252
PO_B12_006253,Stripe India,UBER-ORD-432811 UBER-ORD-981764 UBER-ORD-439805 BATCH-UBER-6253,663246,13264,0,0,649982,INR,2026-08-14T01:50:00Z,BATCH-UBER-6253
PO_B12_006254,Cashfree Escrow,MYNT-ORD-376068 MYNT-ORD-955890 BATCH-MYNT-6254,362751,7255,0,0,355496,INR,2026-08-13T22:15:00Z,BATCH-MYNT-6254
PO_B12_006255,Stripe India,BKMS-INV-382721 PO_B12_006255,147115,2887,0,0,144228,INR,2026-08-14T04:20:00Z,BATCH-BKMS-6255
PO_B12_006256,Stripe India,TATA-EXC-507225-UNRESOLVED,176886,3527,0,0,173359,INR,2026-08-15T07:02:00Z,HOLD-ESCROW
PO_B12_006257,BillDesk Settlement,ZOMA-ORD-392378 ZOMA-ORD-848708 BATCH-ZOMA-6257,363530,7270,0,0,356260,INR,2026-08-14T08:01:00Z,BATCH-ZOMA-6257
PO_B12_006258,BillDesk Settlement,ZOMA-INV-944427 PO_B12_006258,180438,3662,0,0,176776,INR,2026-08-14T22:02:00Z,BATCH-ZOMA-6258
PO_B12_006259,Razorpay Nodal,BKMS-INV-479707 PO_B12_006259,169082,3889,0,0,165193,INR,2026-08-14T16:00:00Z,BATCH-BKMS-6259
PO_B12_006260,PayU Enterprise,TATA-INV-229013 PO_B12_006260,354527,5442,0,0,349085,INR,2026-08-14T02:33:00Z,BATCH-TATA-6260
PO_B12_006261,Razorpay Nodal,PAYT-INV-533460 PO_B12_006261,383466,6190,0,0,377276,INR,2026-08-14T14:59:00Z,BATCH-PAYT-6261
PO_B12_006262,PayU Enterprise,BKMS-ORD-454906 BKMS-ORD-823748 BATCH-BKMS-6262,158397,3167,0,0,155230,INR,2026-08-14T13:19:00Z,BATCH-BKMS-6262
PO_B12_006263,BillDesk Settlement,MMTR-INV-622114 PO_B12_006263,346497,6025,0,0,340472,INR,2026-08-14T05:17:00Z,BATCH-MMTR-6263
PO_B12_006264,Cashfree Escrow,BKMS-INV-620783 PO_B12_006264,246295,5766,0,0,240529,INR,2026-08-14T04:18:00Z,BATCH-BKMS-6264
PO_B12_006265,Stripe India,PHNP-ORD-389626 PHNP-ORD-206454 BATCH-PHNP-6265,81722,1634,0,0,80088,INR,2026-08-13T22:19:00Z,BATCH-PHNP-6265
PO_B12_006266,Razorpay Nodal,TATA-EXC-821227-UNRESOLVED,179699,3583,0,0,176116,INR,2026-08-14T17:08:00Z,HOLD-ESCROW
PO_B12_006267,PayU Enterprise,AMZN-INV-862270 PO_B12_006267,271902,6600,0,0,265302,INR,2026-08-14T07:52:00Z,BATCH-AMZN-6267
PO_B12_006268,PayU Enterprise,BLNK-INV-110733 PO_B12_006268,389671,7020,0,0,382651,INR,2026-08-14T18:05:00Z,BATCH-BLNK-6268
PO_B12_006269,Stripe India,MMTR-INV-253478 PO_B12_006269,158576,3951,0,0,154625,INR,2026-08-14T16:05:00Z,BATCH-MMTR-6269
PO_B12_006270,Stripe India,BLNK-INV-781180 PO_B12_006270,171367,3213,0,0,168154,INR,2026-08-14T13:28:00Z,BATCH-BLNK-6270
PO_B12_006271,Stripe India,SWIG-ORD-645214 SWIG-ORD-575879 SWIG-ORD-922280 BATCH-SWIG-6271,445255,8905,0,0,436350,INR,2026-08-14T18:02:00Z,BATCH-SWIG-6271
PO_B12_006272,PayU Enterprise,AMZN-INV-668333 PO_B12_006272,112767,2737,0,0,110030,INR,2026-08-14T02:11:00Z,BATCH-AMZN-6272
PO_B12_006273,Razorpay Nodal,AMZN-INV-900860 PO_B12_006273,92399,1582,0,0,90817,INR,2026-08-14T01:18:00Z,BATCH-AMZN-6273
PO_B12_006274,Cashfree Escrow,BLNK-INV-130929 PO_B12_006274,309307,5629,0,0,303678,INR,2026-08-14T07:51:00Z,BATCH-BLNK-6274
PO_B12_006275,Cashfree Escrow,SWIG-ORD-616511 SWIG-ORD-550911 SWIG-ORD-393853 BATCH-SWIG-6275,410044,8200,0,0,401844,INR,2026-08-14T12:19:00Z,BATCH-SWIG-6275
PO_B12_006276,Cashfree Escrow,PAYT-INV-668166 PO_B12_006276,330858,6814,0,0,324044,INR,2026-08-14T12:34:00Z,BATCH-PAYT-6276
PO_B12_006277,Razorpay Nodal,MYNT-ORD-522961 MYNT-ORD-737657 BATCH-MYNT-6277,363585,7271,0,0,356314,INR,2026-08-14T17:50:00Z,BATCH-MYNT-6277
PO_B12_006278,Razorpay Nodal,PAYT-INV-636113 PO_B12_006278,323341,7436,0,0,315905,INR,2026-08-14T20:48:00Z,BATCH-PAYT-6278
PO_B12_006279,Cashfree Escrow,NYKA-INV-770274 PO_B12_006279,396041,6182,0,0,389859,INR,2026-08-14T02:24:00Z,BATCH-NYKA-6279
PO_B12_006280,Cashfree Escrow,AMZN-ORD-520180 AMZN-ORD-560074 BATCH-AMZN-6280,377557,7551,0,0,370006,INR,2026-08-14T05:10:00Z,BATCH-AMZN-6280
PO_B12_006281,BillDesk Settlement,UBER-INV-845500 PO_B12_006281,423637,8134,0,0,415503,INR,2026-08-14T01:46:00Z,BATCH-UBER-6281
PO_B12_006282,Stripe India,OLAA-ORD-931716 OLAA-ORD-936360 OLAA-ORD-359655 BATCH-OLAA-6282,461863,9237,0,0,452626,INR,2026-08-14T06:07:00Z,BATCH-OLAA-6282
PO_B12_006283,Cashfree Escrow,JIOO-INV-438517 PO_B12_006283,269547,4907,0,0,264640,INR,2026-08-14T01:33:00Z,BATCH-JIOO-6283
PO_B12_006284,Stripe India,JIOO-EXC-283678-UNRESOLVED,201483,4019,0,0,197464,INR,2026-08-14T16:37:00Z,HOLD-ESCROW
PO_B12_006285,Stripe India,TATA-INV-851843 PO_B12_006285,413660,6954,0,0,406706,INR,2026-08-15T00:57:00Z,BATCH-TATA-6285
PO_B12_006286,PayU Enterprise,MMTR-ORD-837110 MMTR-ORD-559455 BATCH-MMTR-6286,416957,8339,0,0,408618,INR,2026-08-14T05:37:00Z,BATCH-MMTR-6286
PO_B12_006287,Stripe India,ZOMA-INV-353122 PO_B12_006287,136109,3349,0,0,132760,INR,2026-08-14T07:58:00Z,BATCH-ZOMA-6287
PO_B12_006288,Razorpay Nodal,NYKA-INV-487494 PO_B12_006288,214934,5342,0,0,209592,INR,2026-08-13T23:40:00Z,BATCH-NYKA-6288
PO_B12_006289,Razorpay Nodal,PHNP-INV-920583 PO_B12_006289,235130,4795,0,0,230335,INR,2026-08-14T13:35:00Z,BATCH-PHNP-6289
PO_B12_006290,Cashfree Escrow,MYNT-INV-661773 PO_B12_006290,77641,1573,0,0,76068,INR,2026-08-14T21:20:00Z,BATCH-MYNT-6290
PO_B12_006291,BillDesk Settlement,MMTR-INV-294727 PO_B12_006291,221137,5058,0,0,216079,INR,2026-08-14T22:25:00Z,BATCH-MMTR-6291
PO_B12_006292,Cashfree Escrow,JIOO-INV-847849 PO_B12_006292,46426,721,0,0,45705,INR,2026-08-14T08:24:00Z,BATCH-JIOO-6292
PO_B12_006293,Razorpay Nodal,TATA-INV-743076 PO_B12_006293,327054,7499,0,0,319555,INR,2026-08-13T23:00:00Z,BATCH-TATA-6293
PO_B12_006294,PayU Enterprise,MMTR-INV-423227 PO_B12_006294,301265,7137,0,0,294128,INR,2026-08-14T11:26:00Z,BATCH-MMTR-6294
PO_B12_006295,PayU Enterprise,MMTR-INV-853267 PO_B12_006295,273843,4960,0,0,268883,INR,2026-08-14T04:22:00Z,BATCH-MMTR-6295
PO_B12_006296,Cashfree Escrow,PHNP-INV-139934 PO_B12_006296,215412,4904,0,0,210508,INR,2026-08-14T09:13:00Z,BATCH-PHNP-6296
PO_B12_006297,Stripe India,BKMS-ORD-522454 BKMS-ORD-245470 BKMS-ORD-120606 BATCH-BKMS-6297,372966,7459,0,0,365507,INR,2026-08-14T17:24:00Z,BATCH-BKMS-6297
PO_B12_006298,Razorpay Nodal,JIOO-INV-781734 PO_B12_006298,206101,3968,0,0,202133,INR,2026-08-13T14:21:00Z,BATCH-JIOO-6298
PO_B12_006299,Razorpay Nodal,ZOMA-INV-367051 PO_B12_006299,317444,7812,0,0,309632,INR,2026-08-14T09:50:00Z,BATCH-ZOMA-6299
PO_B12_006300,Razorpay Nodal,JIOO-INV-668507 PO_B12_006300,422171,7418,0,0,414753,INR,2026-08-14T09:26:00Z,BATCH-JIOO-6300
PO_B12_006301,Razorpay Nodal,MMTR-ORD-329181 MMTR-ORD-348968 BATCH-MMTR-6301,154159,3083,0,0,151076,INR,2026-08-14T11:57:00Z,BATCH-MMTR-6301
PO_B12_006302,Stripe India,JIOO-ORD-165101 JIOO-ORD-165178 BATCH-JIOO-6302,128569,2571,0,0,125998,INR,2026-08-14T20:04:00Z,BATCH-JIOO-6302
PO_B12_006303,Razorpay Nodal,MYNT-INV-271835 PO_B12_006303,89535,1437,0,0,88098,INR,2026-08-13T23:53:00Z,BATCH-MYNT-6303
PO_B12_006304,Razorpay Nodal,OLAA-ORD-315066 OLAA-ORD-108400 OLAA-ORD-627393 BATCH-OLAA-6304,234646,4692,0,0,229954,INR,2026-08-14T07:04:00Z,BATCH-OLAA-6304
PO_B12_006305,Stripe India,UBER-INV-498108 PO_B12_006305,44051,985,0,0,43066,INR,2026-08-13T17:52:00Z,BATCH-UBER-6305
PO_B12_006306,Cashfree Escrow,MYNT-ORD-862683 MYNT-ORD-979461 MYNT-ORD-457813 BATCH-MYNT-6306,399516,7990,0,0,391526,INR,2026-08-14T07:10:00Z,BATCH-MYNT-6306
PO_B12_006307,Razorpay Nodal,TATA-INV-196400 PO_B12_006307,62569,1340,0,0,61229,INR,2026-08-14T00:57:00Z,BATCH-TATA-6307
PO_B12_006308,Razorpay Nodal,TATA-INV-273595 PO_B12_006308,288822,4851,0,0,283971,INR,2026-08-14T12:57:00Z,BATCH-TATA-6308
PO_B12_006309,BillDesk Settlement,AMZN-ORD-788464 AMZN-ORD-259952 BATCH-AMZN-6309,304705,6094,0,0,298611,INR,2026-08-14T06:15:00Z,BATCH-AMZN-6309
PO_B12_006310,Razorpay Nodal,AMZN-INV-490875 PO_B12_006310,402614,6540,0,0,396074,INR,2026-08-14T20:42:00Z,BATCH-AMZN-6310
PO_B12_006311,Cashfree Escrow,FLPK-INV-963639 PO_B12_006311,48532,797,0,0,47735,INR,2026-08-13T23:00:00Z,BATCH-FLPK-6311
PO_B12_006312,PayU Enterprise,BBAS-INV-561963 PO_B12_006312,279374,6685,0,0,272689,INR,2026-08-14T10:36:00Z,BATCH-BBAS-6312
PO_B12_006313,PayU Enterprise,NYKA-INV-299357 PO_B12_006313,441168,6647,0,0,434521,INR,2026-08-14T11:58:00Z,BATCH-NYKA-6313
PO_B12_006314,Cashfree Escrow,OLAA-INV-811697 PO_B12_006314,382289,9008,0,0,373281,INR,2026-08-14T13:34:00Z,BATCH-OLAA-6314
PO_B12_006315,PayU Enterprise,ZOMA-ORD-293926 ZOMA-ORD-947436 ZOMA-ORD-337311 BATCH-ZOMA-6315,643348,12866,0,0,630482,INR,2026-08-14T01:28:00Z,BATCH-ZOMA-6315
PO_B12_006316,Razorpay Nodal,TATA-INV-586568 PO_B12_006316,239004,5765,0,0,233239,INR,2026-08-13T21:37:00Z,BATCH-TATA-6316
PO_B12_006317,Cashfree Escrow,SWIG-INV-259846 PO_B12_006317,160439,3418,0,0,157021,INR,2026-08-15T00:05:00Z,BATCH-SWIG-6317
PO_B12_006318,BillDesk Settlement,BKMS-INV-490917 PO_B12_006318,435598,9232,0,0,426366,INR,2026-08-14T00:51:00Z,BATCH-BKMS-6318
PO_B12_006319,Stripe India,NYKA-ORD-318126 NYKA-ORD-463721 NYKA-ORD-555903 BATCH-NYKA-6319,619515,12390,0,0,607125,INR,2026-08-14T08:08:00Z,BATCH-NYKA-6319
PO_B12_006320,Cashfree Escrow,MMTR-INV-491376 PO_B12_006320,318691,6955,0,0,311736,INR,2026-08-15T00:57:00Z,BATCH-MMTR-6320
PO_B12_006321,Razorpay Nodal,ZOMA-INV-314713 PO_B12_006321,249545,5634,0,0,243911,INR,2026-08-13T22:55:00Z,BATCH-ZOMA-6321
PO_B12_006322,Cashfree Escrow,PHNP-INV-445205 PO_B12_006322,344383,7529,0,0,336854,INR,2026-08-14T02:53:00Z,BATCH-PHNP-6322
PO_B12_006323,PayU Enterprise,SWIG-ORD-699256 SWIG-ORD-572847 BATCH-SWIG-6323,283452,5669,0,0,277783,INR,2026-08-14T05:28:00Z,BATCH-SWIG-6323
PO_B12_006324,PayU Enterprise,FLPK-INV-944790 PO_B12_006324,97687,1687,0,0,96000,INR,2026-08-14T12:50:00Z,BATCH-FLPK-6324
PO_B12_006325,BillDesk Settlement,MYNT-ORD-284929 MYNT-ORD-277602 MYNT-ORD-873501 BATCH-MYNT-6325,245889,4917,0,0,240972,INR,2026-08-14T08:56:00Z,BATCH-MYNT-6325
PO_B12_006326,Cashfree Escrow,MYNT-INV-189173 PO_B12_006326,211752,4991,0,0,206761,INR,2026-08-14T16:44:00Z,BATCH-MYNT-6326
PO_B12_006327,Razorpay Nodal,NYKA-INV-939317 PO_B12_006327,363811,5590,0,0,358221,INR,2026-08-13T22:13:00Z,BATCH-NYKA-6327
PO_B12_006328,Razorpay Nodal,ZOMA-ORD-914337 ZOMA-ORD-995802 BATCH-ZOMA-6328,359378,7187,0,0,352191,INR,2026-08-14T17:39:00Z,BATCH-ZOMA-6328
PO_B12_006329,BillDesk Settlement,UBER-ORD-191470 UBER-ORD-135962 BATCH-UBER-6329,370215,7404,0,0,362811,INR,2026-08-13T23:56:00Z,BATCH-UBER-6329
PO_B12_006330,Stripe India,UBER-INV-728342 PO_B12_006330,220483,5165,0,0,215318,INR,2026-08-14T16:45:00Z,BATCH-UBER-6330
PO_B12_006331,Stripe India,OLAA-INV-508925 PO_B12_006331,411460,9980,0,0,401480,INR,2026-08-13T20:11:00Z,BATCH-OLAA-6331
PO_B12_006332,Razorpay Nodal,BKMS-INV-638029 PO_B12_006332,414491,6977,0,0,407514,INR,2026-08-14T16:30:00Z,BATCH-BKMS-6332
PO_B12_006333,Razorpay Nodal,BKMS-INV-828920 PO_B12_006333,117738,2932,0,0,114806,INR,2026-08-14T11:52:00Z,BATCH-BKMS-6333
PO_B12_006334,Cashfree Escrow,TATA-INV-415129 PO_B12_006334,203364,4255,0,0,199109,INR,2026-08-14T05:50:00Z,BATCH-TATA-6334
PO_B12_006335,PayU Enterprise,UBER-INV-849580 PO_B12_006335,94955,2351,0,0,92604,INR,2026-08-14T18:13:00Z,BATCH-UBER-6335
PO_B12_006336,Cashfree Escrow,MYNT-INV-266915 PO_B12_006336,125080,2290,0,0,122790,INR,2026-08-14T08:43:00Z,BATCH-MYNT-6336
PO_B12_006337,BillDesk Settlement,JIOO-INV-360925 PO_B12_006337,48254,816,0,0,47438,INR,2026-08-14T12:59:00Z,BATCH-JIOO-6337
PO_B12_006338,BillDesk Settlement,OLAA-INV-264932 PO_B12_006338,390649,8550,0,0,382099,INR,2026-08-14T02:52:00Z,BATCH-OLAA-6338
PO_B12_006339,Razorpay Nodal,OLAA-INV-808242 PO_B12_006339,215133,4969,0,0,210164,INR,2026-08-13T21:21:00Z,BATCH-OLAA-6339
PO_B12_006340,Stripe India,UBER-INV-687505 PO_B12_006340,394931,8752,0,0,386179,INR,2026-08-14T07:59:00Z,BATCH-UBER-6340
PO_B12_006341,Razorpay Nodal,BLNK-INV-899902 PO_B12_006341,409579,9696,0,0,399883,INR,2026-08-14T11:44:00Z,BATCH-BLNK-6341
PO_B12_006342,PayU Enterprise,BBAS-INV-370499 PO_B12_006342,305164,7497,0,0,297667,INR,2026-08-15T02:20:00Z,BATCH-BBAS-6342
PO_B12_006343,BillDesk Settlement,FLPK-ORD-495208 FLPK-ORD-250030 BATCH-FLPK-6343,231969,4639,0,0,227330,INR,2026-08-14T19:34:00Z,BATCH-FLPK-6343
PO_B12_006344,Stripe India,UBER-INV-906859 PO_B12_006344,283914,4291,0,0,279623,INR,2026-08-14T12:40:00Z,BATCH-UBER-6344
PO_B12_006345,Stripe India,OLAA-INV-108460 PO_B12_006345,211429,3812,0,0,207617,INR,2026-08-14T02:59:00Z,BATCH-OLAA-6345
PO_B12_006346,Razorpay Nodal,PHNP-INV-666924 PO_B12_006346,240381,5611,0,0,234770,INR,2026-08-13T20:09:00Z,BATCH-PHNP-6346
PO_B12_006347,Razorpay Nodal,BLNK-ORD-804031 BLNK-ORD-611006 BLNK-ORD-645321 BATCH-BLNK-6347,560728,11214,0,0,549514,INR,2026-08-14T03:05:00Z,BATCH-BLNK-6347
PO_B12_006348,Razorpay Nodal,ZOMA-ORD-420847 ZOMA-ORD-204707 BATCH-ZOMA-6348,100142,2002,0,0,98140,INR,2026-08-14T02:27:00Z,BATCH-ZOMA-6348
PO_B12_006349,Cashfree Escrow,PHNP-INV-530194 PO_B12_006349,239193,4913,0,0,234280,INR,2026-08-14T11:51:00Z,BATCH-PHNP-6349
PO_B12_006350,Razorpay Nodal,BLNK-INV-665002 PO_B12_006350,46475,1122,0,0,45353,INR,2026-08-14T08:00:00Z,BATCH-BLNK-6350
PO_B12_006351,BillDesk Settlement,BLNK-INV-121130 PO_B12_006351,145356,2802,0,0,142554,INR,2026-08-14T10:21:00Z,BATCH-BLNK-6351
PO_B12_006352,Razorpay Nodal,NYKA-INV-903521 PO_B12_006352,270022,4861,0,0,265161,INR,2026-08-14T11:31:00Z,BATCH-NYKA-6352
PO_B12_006353,BillDesk Settlement,MYNT-INV-660811 PO_B12_006353,133448,2277,0,0,131171,INR,2026-08-13T22:37:00Z,BATCH-MYNT-6353
PO_B12_006354,BillDesk Settlement,JIOO-INV-152163 PO_B12_006354,40252,742,0,0,39510,INR,2026-08-14T02:38:00Z,BATCH-JIOO-6354
PO_B12_006355,BillDesk Settlement,FLPK-INV-654802 PO_B12_006355,174537,3318,0,0,171219,INR,2026-08-14T07:11:00Z,BATCH-FLPK-6355
PO_B12_006356,Cashfree Escrow,MYNT-INV-314628 PO_B12_006356,316904,6196,0,0,310708,INR,2026-08-14T09:00:00Z,BATCH-MYNT-6356
PO_B12_006357,PayU Enterprise,ZOMA-INV-790939 PO_B12_006357,25619,635,0,0,24984,INR,2026-08-14T21:29:00Z,BATCH-ZOMA-6357
PO_B12_006358,Razorpay Nodal,PAYT-INV-766540 PO_B12_006358,353002,7506,0,0,345496,INR,2026-08-13T19:34:00Z,BATCH-PAYT-6358
PO_B12_006359,BillDesk Settlement,JIOO-ORD-763649 JIOO-ORD-203144 BATCH-JIOO-6359,329355,6587,0,0,322768,INR,2026-08-14T09:31:00Z,BATCH-JIOO-6359
PO_B12_006360,Cashfree Escrow,FLPK-EXC-369781-UNRESOLVED,138408,2758,0,0,135650,INR,2026-08-14T15:24:00Z,HOLD-ESCROW
PO_B12_006361,Cashfree Escrow,ZOMA-INV-158822 PO_B12_006361,150025,2417,0,0,147608,INR,2026-08-14T09:36:00Z,BATCH-ZOMA-6361
PO_B12_006362,BillDesk Settlement,SWIG-ORD-997179 SWIG-ORD-447536 BATCH-SWIG-6362,121478,2429,0,0,119049,INR,2026-08-14T06:37:00Z,BATCH-SWIG-6362
PO_B12_006363,PayU Enterprise,BLNK-INV-190902 PO_B12_006363,386147,7675,0,0,378472,INR,2026-08-14T04:20:00Z,BATCH-BLNK-6363
PO_B12_006364,Stripe India,JIOO-INV-848909 PO_B12_006364,350753,7444,0,0,343309,INR,2026-08-14T13:54:00Z,BATCH-JIOO-6364
PO_B12_006365,Cashfree Escrow,TATA-EXC-842679-UNRESOLVED,243063,4851,0,0,238212,INR,2026-08-15T08:22:00Z,HOLD-ESCROW
PO_B12_006366,Razorpay Nodal,BLNK-INV-377769 PO_B12_006366,104026,2381,0,0,101645,INR,2026-08-14T09:28:00Z,BATCH-BLNK-6366
PO_B12_006367,BillDesk Settlement,MYNT-ORD-945493 MYNT-ORD-634328 MYNT-ORD-416488 BATCH-MYNT-6367,250869,5017,0,0,245852,INR,2026-08-14T18:56:00Z,BATCH-MYNT-6367
PO_B12_006368,Cashfree Escrow,BBAS-INV-335889 PO_B12_006368,369391,7841,0,0,361550,INR,2026-08-14T03:37:00Z,BATCH-BBAS-6368
PO_B12_006369,Stripe India,BBAS-INV-182577 PO_B12_006369,28585,469,0,0,28116,INR,2026-08-13T22:27:00Z,BATCH-BBAS-6369
PO_B12_006370,Stripe India,SWIG-INV-162068 PO_B12_006370,445459,7294,0,0,438165,INR,2026-08-14T10:30:00Z,BATCH-SWIG-6370
PO_B12_006371,Stripe India,OLAA-INV-671202 PO_B12_006371,160854,2698,0,0,158156,INR,2026-08-14T01:05:00Z,BATCH-OLAA-6371
PO_B12_006372,BillDesk Settlement,ZOMA-ORD-343203 ZOMA-ORD-843593 ZOMA-ORD-289598 BATCH-ZOMA-6372,552023,11040,0,0,540983,INR,2026-08-14T03:24:00Z,BATCH-ZOMA-6372
PO_B12_006373,Razorpay Nodal,NYKA-ORD-371365 NYKA-ORD-416437 BATCH-NYKA-6373,128215,2564,0,0,125651,INR,2026-08-14T00:43:00Z,BATCH-NYKA-6373
PO_B12_006374,BillDesk Settlement,FLPK-INV-353022 PO_B12_006374,112586,2625,0,0,109961,INR,2026-08-14T14:56:00Z,BATCH-FLPK-6374
PO_B12_006375,PayU Enterprise,BKMS-INV-775393 PO_B12_006375,412283,7036,0,0,405247,INR,2026-08-13T23:53:00Z,BATCH-BKMS-6375
PO_B12_006376,Stripe India,PHNP-ORD-627341 PHNP-ORD-172810 BATCH-PHNP-6376,109970,2199,0,0,107771,INR,2026-08-14T14:00:00Z,BATCH-PHNP-6376
PO_B12_006377,PayU Enterprise,NYKA-ORD-742187 NYKA-ORD-919015 BATCH-NYKA-6377,278062,5561,0,0,272501,INR,2026-08-14T02:26:00Z,BATCH-NYKA-6377
PO_B12_006378,Razorpay Nodal,ZOMA-ORD-369282 ZOMA-ORD-102127 BATCH-ZOMA-6378,184934,3698,0,0,181236,INR,2026-08-14T05:56:00Z,BATCH-ZOMA-6378
PO_B12_006379,PayU Enterprise,PHNP-INV-914337 PO_B12_006379,224417,4054,0,0,220363,INR,2026-08-14T09:17:00Z,BATCH-PHNP-6379
PO_B12_006380,PayU Enterprise,BBAS-INV-449427 PO_B12_006380,353109,7664,0,0,345445,INR,2026-08-14T19:48:00Z,BATCH-BBAS-6380
PO_B12_006381,Razorpay Nodal,FLPK-INV-913116 PO_B12_006381,441006,8293,0,0,432713,INR,2026-08-14T17:15:00Z,BATCH-FLPK-6381
PO_B12_006382,Razorpay Nodal,BKMS-INV-740861 PO_B12_006382,242104,3681,0,0,238423,INR,2026-08-14T07:08:00Z,BATCH-BKMS-6382
PO_B12_006383,Razorpay Nodal,SWIG-ORD-319894 SWIG-ORD-397302 BATCH-SWIG-6383,286386,5727,0,0,280659,INR,2026-08-13T23:48:00Z,BATCH-SWIG-6383
PO_B12_006384,PayU Enterprise,BLNK-INV-793720 PO_B12_006384,357950,8034,0,0,349916,INR,2026-08-14T05:27:00Z,BATCH-BLNK-6384
PO_B12_006385,Razorpay Nodal,JIOO-EXC-113077-UNRESOLVED,269695,5383,0,0,264312,INR,2026-08-14T21:58:00Z,HOLD-ESCROW
PO_B12_006386,Cashfree Escrow,BBAS-INV-641206 PO_B12_006386,170830,2893,0,0,167937,INR,2026-08-14T05:07:00Z,BATCH-BBAS-6386
PO_B12_006387,BillDesk Settlement,AMZN-ORD-138543 AMZN-ORD-882673 BATCH-AMZN-6387,153672,3073,0,0,150599,INR,2026-08-14T02:30:00Z,BATCH-AMZN-6387
PO_B12_006388,Cashfree Escrow,OLAA-INV-987488 PO_B12_006388,145777,2727,0,0,143050,INR,2026-08-14T08:55:00Z,BATCH-OLAA-6388
PO_B12_006389,PayU Enterprise,OLAA-INV-436923 PO_B12_006389,244337,5262,0,0,239075,INR,2026-08-14T07:28:00Z,BATCH-OLAA-6389
PO_B12_006390,BillDesk Settlement,SWIG-INV-318191 PO_B12_006390,72270,1268,0,0,71002,INR,2026-08-13T23:12:00Z,BATCH-SWIG-6390
PO_B12_006391,BillDesk Settlement,UBER-ORD-582357 UBER-ORD-942669 BATCH-UBER-6391,197556,3951,0,0,193605,INR,2026-08-13T21:03:00Z,BATCH-UBER-6391
PO_B12_006392,BillDesk Settlement,NYKA-INV-683670 PO_B12_006392,378412,8514,0,0,369898,INR,2026-08-14T18:15:00Z,BATCH-NYKA-6392
PO_B12_006393,Razorpay Nodal,ZOMA-INV-128505 PO_B12_006393,381711,6055,0,0,375656,INR,2026-08-14T07:35:00Z,BATCH-ZOMA-6393
PO_B12_006394,BillDesk Settlement,SWIG-INV-588979 PO_B12_006394,192510,4672,0,0,187838,INR,2026-08-14T23:06:00Z,BATCH-SWIG-6394
PO_B12_006395,Razorpay Nodal,SWIG-EXC-206549-UNRESOLVED,120959,2409,0,0,118550,INR,2026-08-14T17:10:00Z,HOLD-ESCROW
PO_B12_006396,PayU Enterprise,BLNK-INV-353439 PO_B12_006396,148543,2432,0,0,146111,INR,2026-08-14T08:02:00Z,BATCH-BLNK-6396
PO_B12_006397,BillDesk Settlement,SWIG-INV-518790 PO_B12_006397,206011,4572,0,0,201439,INR,2026-08-14T04:57:00Z,BATCH-SWIG-6397
PO_B12_006398,PayU Enterprise,BLNK-EXC-815200-UNRESOLVED,176080,3511,0,0,172569,INR,2026-08-14T20:43:00Z,HOLD-ESCROW
PO_B12_006399,Razorpay Nodal,AMZN-INV-315025 PO_B12_006399,383484,8406,0,0,375078,INR,2026-08-14T03:42:00Z,BATCH-AMZN-6399
PO_B12_006400,Razorpay Nodal,UBER-ORD-629344 UBER-ORD-397351 UBER-ORD-177844 BATCH-UBER-6400,447754,8955,0,0,438799,INR,2026-08-14T14:35:00Z,BATCH-UBER-6400
PO_B12_006401,BillDesk Settlement,AMZN-ORD-462404 AMZN-ORD-913608 BATCH-AMZN-6401,458791,9175,0,0,449616,INR,2026-08-14T02:26:00Z,BATCH-AMZN-6401
PO_B12_006402,Cashfree Escrow,BBAS-INV-271828 PO_B12_006402,309368,7344,0,0,302024,INR,2026-08-14T14:17:00Z,BATCH-BBAS-6402
PO_B12_006403,Cashfree Escrow,ZOMA-INV-301802 PO_B12_006403,375912,7982,0,0,367930,INR,2026-08-14T14:00:00Z,BATCH-ZOMA-6403
PO_B12_006404,BillDesk Settlement,MMTR-INV-717255 PO_B12_006404,205774,4901,0,0,200873,INR,2026-08-14T16:07:00Z,BATCH-MMTR-6404
PO_B12_006405,Stripe India,BBAS-INV-883591 PO_B12_006405,106198,1857,0,0,104341,INR,2026-08-14T22:22:00Z,BATCH-BBAS-6405
PO_B12_006406,PayU Enterprise,ZOMA-INV-632347 PO_B12_006406,223874,5218,0,0,218656,INR,2026-08-14T12:50:00Z,BATCH-ZOMA-6406
PO_B12_006407,Cashfree Escrow,JIOO-ORD-356243 JIOO-ORD-842124 JIOO-ORD-939184 BATCH-JIOO-6407,321520,6430,0,0,315090,INR,2026-08-13T23:05:00Z,BATCH-JIOO-6407
PO_B12_006408,Cashfree Escrow,OLAA-INV-343692 PO_B12_006408,397907,7793,0,0,390114,INR,2026-08-13T17:46:00Z,BATCH-OLAA-6408
PO_B12_006409,Stripe India,MYNT-INV-924248 PO_B12_006409,249032,4948,0,0,244084,INR,2026-08-14T17:42:00Z,BATCH-MYNT-6409
PO_B12_006410,PayU Enterprise,JIOO-ORD-194631 JIOO-ORD-912675 BATCH-JIOO-6410,254946,5098,0,0,249848,INR,2026-08-14T19:41:00Z,BATCH-JIOO-6410
PO_B12_006411,BillDesk Settlement,AMZN-INV-866014 PO_B12_006411,282898,6108,0,0,276790,INR,2026-08-14T04:56:00Z,BATCH-AMZN-6411
PO_B12_006412,BillDesk Settlement,NYKA-INV-546467 PO_B12_006412,336200,5054,0,0,331146,INR,2026-08-14T14:21:00Z,BATCH-NYKA-6412
PO_B12_006413,Stripe India,TATA-INV-249620 PO_B12_006413,47802,942,0,0,46860,INR,2026-08-14T10:04:00Z,BATCH-TATA-6413
PO_B12_006414,BillDesk Settlement,PAYT-INV-511261 PO_B12_006414,100766,1859,0,0,98907,INR,2026-08-13T20:37:00Z,BATCH-PAYT-6414
PO_B12_006415,Cashfree Escrow,MMTR-ORD-844494 MMTR-ORD-718730 MMTR-ORD-794520 BATCH-MMTR-6415,469791,9395,0,0,460396,INR,2026-08-14T03:12:00Z,BATCH-MMTR-6415
PO_B12_006416,Cashfree Escrow,PHNP-INV-575387 PO_B12_006416,224434,4795,0,0,219639,INR,2026-08-14T16:37:00Z,BATCH-PHNP-6416
PO_B12_006417,Razorpay Nodal,BLNK-INV-425363 PO_B12_006417,375332,8803,0,0,366529,INR,2026-08-14T07:41:00Z,BATCH-BLNK-6417
PO_B12_006418,PayU Enterprise,BLNK-INV-117445 PO_B12_006418,206070,4372,0,0,201698,INR,2026-08-14T01:54:00Z,BATCH-BLNK-6418
PO_B12_006419,Razorpay Nodal,PHNP-ORD-151979 PHNP-ORD-634928 BATCH-PHNP-6419,440700,8814,0,0,431886,INR,2026-08-13T23:41:00Z,BATCH-PHNP-6419
PO_B12_006420,Stripe India,OLAA-ORD-765322 OLAA-ORD-231276 BATCH-OLAA-6420,145691,2913,0,0,142778,INR,2026-08-14T20:24:00Z,BATCH-OLAA-6420
PO_B12_006421,Razorpay Nodal,BLNK-INV-187209 PO_B12_006421,193233,3169,0,0,190064,INR,2026-08-13T19:10:00Z,BATCH-BLNK-6421
PO_B12_006422,PayU Enterprise,MYNT-INV-246459 PO_B12_006422,222807,4614,0,0,218193,INR,2026-08-14T05:02:00Z,BATCH-MYNT-6422
PO_B12_006423,PayU Enterprise,PAYT-INV-713915 PO_B12_006423,166850,3452,0,0,163398,INR,2026-08-13T18:41:00Z,BATCH-PAYT-6423
PO_B12_006424,BillDesk Settlement,ZOMA-ORD-451375 ZOMA-ORD-112807 ZOMA-ORD-506439 BATCH-ZOMA-6424,174562,3491,0,0,171071,INR,2026-08-14T12:47:00Z,BATCH-ZOMA-6424
PO_B12_006425,Razorpay Nodal,OLAA-EXC-573489-UNRESOLVED,295556,5901,0,0,289655,INR,2026-08-14T16:34:00Z,HOLD-ESCROW
PO_B12_006426,Cashfree Escrow,PHNP-ORD-961928 PHNP-ORD-409999 PHNP-ORD-856528 BATCH-PHNP-6426,500195,10003,0,0,490192,INR,2026-08-14T19:04:00Z,BATCH-PHNP-6426
PO_B12_006427,BillDesk Settlement,PHNP-INV-867554 PO_B12_006427,339393,6586,0,0,332807,INR,2026-08-13T23:05:00Z,BATCH-PHNP-6427
PO_B12_006428,Stripe India,PAYT-ORD-336676 PAYT-ORD-526805 BATCH-PAYT-6428,242014,4840,0,0,237174,INR,2026-08-14T03:58:00Z,BATCH-PAYT-6428
PO_B12_006429,Razorpay Nodal,BBAS-INV-964901 PO_B12_006429,367848,6385,0,0,361463,INR,2026-08-13T20:35:00Z,BATCH-BBAS-6429
PO_B12_006430,BillDesk Settlement,UBER-INV-215523 PO_B12_006430,419747,6443,0,0,413304,INR,2026-08-14T08:06:00Z,BATCH-UBER-6430
PO_B12_006431,PayU Enterprise,SWIG-INV-663863 PO_B12_006431,316474,7072,0,0,309402,INR,2026-08-13T21:57:00Z,BATCH-SWIG-6431
PO_B12_006432,Razorpay Nodal,JIOO-INV-359822 PO_B12_006432,425229,9859,0,0,415370,INR,2026-08-14T14:22:00Z,BATCH-JIOO-6432
PO_B12_006433,Stripe India,PAYT-ORD-922197 PAYT-ORD-422817 PAYT-ORD-248711 BATCH-PAYT-6433,464129,9282,0,0,454847,INR,2026-08-14T14:55:00Z,BATCH-PAYT-6433
PO_B12_006434,Razorpay Nodal,FLPK-ORD-799491 FLPK-ORD-801512 FLPK-ORD-776217 BATCH-FLPK-6434,483742,9674,0,0,474068,INR,2026-08-14T03:57:00Z,BATCH-FLPK-6434
PO_B12_006435,PayU Enterprise,FLPK-INV-725762 PO_B12_006435,384918,5955,0,0,378963,INR,2026-08-14T04:21:00Z,BATCH-FLPK-6435
PO_B12_006436,Cashfree Escrow,PHNP-INV-998792 PO_B12_006436,436412,9371,0,0,427041,INR,2026-08-13T23:00:00Z,BATCH-PHNP-6436
PO_B12_006437,PayU Enterprise,UBER-INV-898254 PO_B12_006437,295039,5301,0,0,289738,INR,2026-08-14T23:30:00Z,BATCH-UBER-6437
PO_B12_006438,Stripe India,PAYT-ORD-862932 PAYT-ORD-131296 BATCH-PAYT-6438,301736,6034,0,0,295702,INR,2026-08-14T20:48:00Z,BATCH-PAYT-6438
PO_B12_006439,Cashfree Escrow,MYNT-ORD-202895 MYNT-ORD-733271 BATCH-MYNT-6439,236625,4732,0,0,231893,INR,2026-08-14T02:51:00Z,BATCH-MYNT-6439
PO_B12_006440,Razorpay Nodal,OLAA-INV-396101 PO_B12_006440,57011,1361,0,0,55650,INR,2026-08-14T06:10:00Z,BATCH-OLAA-6440
PO_B12_006441,BillDesk Settlement,PAYT-INV-176105 PO_B12_006441,444388,8996,0,0,435392,INR,2026-08-14T21:04:00Z,BATCH-PAYT-6441
PO_B12_006442,Razorpay Nodal,NYKA-INV-700084 PO_B12_006442,352026,5629,0,0,346397,INR,2026-08-14T16:35:00Z,BATCH-NYKA-6442
PO_B12_006443,PayU Enterprise,BLNK-EXC-149579-UNRESOLVED,157441,3138,0,0,154303,INR,2026-08-14T17:18:00Z,HOLD-ESCROW
PO_B12_006444,Razorpay Nodal,MYNT-INV-294793 PO_B12_006444,335718,7117,0,0,328601,INR,2026-08-14T04:07:00Z,BATCH-MYNT-6444
PO_B12_006445,Cashfree Escrow,AMZN-INV-739059 PO_B12_006445,404769,6680,0,0,398089,INR,2026-08-14T16:41:00Z,BATCH-AMZN-6445
PO_B12_006446,Cashfree Escrow,FLPK-INV-667381 PO_B12_006446,137779,3193,0,0,134586,INR,2026-08-14T03:24:00Z,BATCH-FLPK-6446
PO_B12_006447,Cashfree Escrow,BKMS-INV-822641 PO_B12_006447,440383,8669,0,0,431714,INR,2026-08-13T17:25:00Z,BATCH-BKMS-6447
PO_B12_006448,Razorpay Nodal,NYKA-ORD-425553 NYKA-ORD-307187 BATCH-NYKA-6448,303747,6074,0,0,297673,INR,2026-08-14T17:48:00Z,BATCH-NYKA-6448
PO_B12_006449,BillDesk Settlement,BBAS-INV-883809 PO_B12_006449,32395,590,0,0,31805,INR,2026-08-15T01:45:00Z,BATCH-BBAS-6449
PO_B12_006450,Razorpay Nodal,MYNT-INV-589305 PO_B12_006450,109839,2645,0,0,107194,INR,2026-08-14T06:55:00Z,BATCH-MYNT-6450
PO_B12_006451,BillDesk Settlement,SWIG-ORD-895073 SWIG-ORD-312115 BATCH-SWIG-6451,61246,1224,0,0,60022,INR,2026-08-13T21:53:00Z,BATCH-SWIG-6451
PO_B12_006452,Razorpay Nodal,PHNP-ORD-196404 PHNP-ORD-348441 PHNP-ORD-581543 BATCH-PHNP-6452,317953,6359,0,0,311594,INR,2026-08-14T08:28:00Z,BATCH-PHNP-6452
PO_B12_006453,Cashfree Escrow,NYKA-INV-307788 PO_B12_006453,124209,2057,0,0,122152,INR,2026-08-14T03:53:00Z,BATCH-NYKA-6453
PO_B12_006454,Razorpay Nodal,BBAS-INV-850641 PO_B12_006454,128437,2502,0,0,125935,INR,2026-08-14T21:29:00Z,BATCH-BBAS-6454
PO_B12_006455,Razorpay Nodal,BKMS-INV-157442 PO_B12_006455,82702,1567,0,0,81135,INR,2026-08-14T04:38:00Z,BATCH-BKMS-6455
PO_B12_006456,Stripe India,BLNK-INV-947729 PO_B12_006456,220868,4931,0,0,215937,INR,2026-08-14T12:57:00Z,BATCH-BLNK-6456
PO_B12_006457,BillDesk Settlement,NYKA-INV-400741 PO_B12_006457,281359,6346,0,0,275013,INR,2026-08-14T10:55:00Z,BATCH-NYKA-6457
PO_B12_006458,PayU Enterprise,OLAA-INV-571653 PO_B12_006458,48991,1167,0,0,47824,INR,2026-08-14T07:45:00Z,BATCH-OLAA-6458
PO_B12_006459,Cashfree Escrow,BKMS-INV-338641 PO_B12_006459,311215,6626,0,0,304589,INR,2026-08-14T04:02:00Z,BATCH-BKMS-6459
PO_B12_006460,PayU Enterprise,ZOMA-INV-568969 PO_B12_006460,42330,801,0,0,41529,INR,2026-08-14T07:34:00Z,BATCH-ZOMA-6460
PO_B12_006461,Cashfree Escrow,SWIG-INV-374735 PO_B12_006461,243740,6092,0,0,237648,INR,2026-08-14T11:32:00Z,BATCH-SWIG-6461
PO_B12_006462,PayU Enterprise,MMTR-INV-405432 PO_B12_006462,295191,5782,0,0,289409,INR,2026-08-14T11:52:00Z,BATCH-MMTR-6462
PO_B12_006463,PayU Enterprise,UBER-INV-725117 PO_B12_006463,284558,5767,0,0,278791,INR,2026-08-14T01:15:00Z,BATCH-UBER-6463
PO_B12_006464,PayU Enterprise,MMTR-INV-374760 PO_B12_006464,382689,6665,0,0,376024,INR,2026-08-14T00:36:00Z,BATCH-MMTR-6464
PO_B12_006465,PayU Enterprise,PHNP-INV-622583 PO_B12_006465,259934,5857,0,0,254077,INR,2026-08-14T19:42:00Z,BATCH-PHNP-6465
PO_B12_006466,Razorpay Nodal,PAYT-INV-525191 PO_B12_006466,87415,1964,0,0,85451,INR,2026-08-14T09:55:00Z,BATCH-PAYT-6466
PO_B12_006467,BillDesk Settlement,NYKA-INV-818311 PO_B12_006467,110186,2198,0,0,107988,INR,2026-08-14T02:35:00Z,BATCH-NYKA-6467
PO_B12_006468,Razorpay Nodal,PAYT-ORD-402577 PAYT-ORD-521615 PAYT-ORD-767886 BATCH-PAYT-6468,234520,4690,0,0,229830,INR,2026-08-14T10:09:00Z,BATCH-PAYT-6468
PO_B12_006469,Razorpay Nodal,PAYT-ORD-640553 PAYT-ORD-727275 BATCH-PAYT-6469,215617,4312,0,0,211305,INR,2026-08-14T20:37:00Z,BATCH-PAYT-6469
PO_B12_006470,PayU Enterprise,NYKA-INV-535297 PO_B12_006470,394665,8351,0,0,386314,INR,2026-08-13T16:52:00Z,BATCH-NYKA-6470
PO_B12_006471,BillDesk Settlement,AMZN-INV-912125 PO_B12_006471,90567,1679,0,0,88888,INR,2026-08-14T02:40:00Z,BATCH-AMZN-6471
PO_B12_006472,Razorpay Nodal,TATA-INV-727783 PO_B12_006472,209530,5014,0,0,204516,INR,2026-08-14T08:12:00Z,BATCH-TATA-6472
PO_B12_006473,Stripe India,PHNP-INV-123973 PO_B12_006473,414471,6697,0,0,407774,INR,2026-08-14T08:06:00Z,BATCH-PHNP-6473
PO_B12_006474,Razorpay Nodal,SWIG-INV-858397 PO_B12_006474,334445,7512,0,0,326933,INR,2026-08-14T17:49:00Z,BATCH-SWIG-6474
PO_B12_006475,Stripe India,TATA-ORD-152490 TATA-ORD-298223 BATCH-TATA-6475,263923,5278,0,0,258645,INR,2026-08-14T02:09:00Z,BATCH-TATA-6475
PO_B12_006476,Razorpay Nodal,PHNP-INV-806681 PO_B12_006476,257437,4867,0,0,252570,INR,2026-08-13T18:40:00Z,BATCH-PHNP-6476
PO_B12_006477,PayU Enterprise,OLAA-INV-439358 PO_B12_006477,27194,495,0,0,26699,INR,2026-08-14T11:07:00Z,BATCH-OLAA-6477
PO_B12_006478,Razorpay Nodal,UBER-INV-587446 PO_B12_006478,378045,7165,0,0,370880,INR,2026-08-13T16:18:00Z,BATCH-UBER-6478
PO_B12_006479,PayU Enterprise,PHNP-ORD-917449 PHNP-ORD-969187 PHNP-ORD-388639 BATCH-PHNP-6479,341008,6820,0,0,334188,INR,2026-08-13T22:21:00Z,BATCH-PHNP-6479
PO_B12_006480,BillDesk Settlement,MMTR-INV-865218 PO_B12_006480,171622,3129,0,0,168493,INR,2026-08-14T10:56:00Z,BATCH-MMTR-6480
PO_B12_006481,BillDesk Settlement,MMTR-INV-369169 PO_B12_006481,92435,2164,0,0,90271,INR,2026-08-14T16:41:00Z,BATCH-MMTR-6481
PO_B12_006482,BillDesk Settlement,AMZN-INV-266848 PO_B12_006482,380578,8471,0,0,372107,INR,2026-08-14T10:27:00Z,BATCH-AMZN-6482
PO_B12_006483,Stripe India,PAYT-INV-457462 PO_B12_006483,149019,3259,0,0,145760,INR,2026-08-14T09:12:00Z,BATCH-PAYT-6483
PO_B12_006484,PayU Enterprise,TATA-INV-563847 PO_B12_006484,75063,1672,0,0,73391,INR,2026-08-14T05:53:00Z,BATCH-TATA-6484
PO_B12_006485,Razorpay Nodal,UBER-INV-896508 PO_B12_006485,344464,7949,0,0,336515,INR,2026-08-14T14:40:00Z,BATCH-UBER-6485
PO_B12_006486,BillDesk Settlement,BLNK-ORD-107594 BLNK-ORD-971751 BLNK-ORD-750034 BATCH-BLNK-6486,517246,10344,0,0,506902,INR,2026-08-14T18:16:00Z,BATCH-BLNK-6486
PO_B12_006487,Stripe India,BLNK-ORD-626767 BLNK-ORD-224691 BATCH-BLNK-6487,291010,5820,0,0,285190,INR,2026-08-14T04:23:00Z,BATCH-BLNK-6487
PO_B12_006488,BillDesk Settlement,BLNK-ORD-796429 BLNK-ORD-946933 BLNK-ORD-627804 BATCH-BLNK-6488,350022,7000,0,0,343022,INR,2026-08-14T16:52:00Z,BATCH-BLNK-6488
PO_B12_006489,Stripe India,SWIG-EXC-697677-UNRESOLVED,191690,3823,0,0,187867,INR,2026-08-14T09:04:00Z,HOLD-ESCROW
PO_B12_006490,BillDesk Settlement,SWIG-INV-823629 PO_B12_006490,140507,3029,0,0,137478,INR,2026-08-14T13:25:00Z,BATCH-SWIG-6490
PO_B12_006491,Cashfree Escrow,NYKA-INV-203105 PO_B12_006491,45794,1138,0,0,44656,INR,2026-08-14T00:35:00Z,BATCH-NYKA-6491
PO_B12_006492,Cashfree Escrow,AMZN-INV-477699 PO_B12_006492,284866,7069,0,0,277797,INR,2026-08-14T01:11:00Z,BATCH-AMZN-6492
PO_B12_006493,Cashfree Escrow,TATA-INV-750292 PO_B12_006493,55996,978,0,0,55018,INR,2026-08-14T20:17:00Z,BATCH-TATA-6493
PO_B12_006494,PayU Enterprise,MYNT-INV-319838 PO_B12_006494,191653,4015,0,0,187638,INR,2026-08-14T15:46:00Z,BATCH-MYNT-6494
PO_B12_006495,BillDesk Settlement,PHNP-INV-830167 PO_B12_006495,361768,5810,0,0,355958,INR,2026-08-14T00:40:00Z,BATCH-PHNP-6495
PO_B12_006496,PayU Enterprise,OLAA-INV-414580 PO_B12_006496,444049,9340,0,0,434709,INR,2026-08-14T09:42:00Z,BATCH-OLAA-6496
PO_B12_006497,BillDesk Settlement,NYKA-INV-625498 PO_B12_006497,278707,6101,0,0,272606,INR,2026-08-14T13:02:00Z,BATCH-NYKA-6497
PO_B12_006498,PayU Enterprise,TATA-EXC-804767-UNRESOLVED,222338,4436,0,0,217902,INR,2026-08-14T11:18:00Z,HOLD-ESCROW
PO_B12_006499,PayU Enterprise,BBAS-INV-640460 PO_B12_006499,155338,3458,0,0,151880,INR,2026-08-13T20:37:00Z,BATCH-BBAS-6499
PO_B12_006500,Stripe India,NYKA-INV-125258 PO_B12_006500,393004,9166,0,0,383838,INR,2026-08-14T22:32:00Z,BATCH-NYKA-6500
PO_B12_006501,Stripe India,JIOO-ORD-237095 JIOO-ORD-437469 JIOO-ORD-521949 BATCH-JIOO-6501,671900,13438,0,0,658462,INR,2026-08-13T21:49:00Z,BATCH-JIOO-6501
PO_B12_006502,BillDesk Settlement,PAYT-ORD-182979 PAYT-ORD-175415 BATCH-PAYT-6502,216196,4323,0,0,211873,INR,2026-08-14T02:33:00Z,BATCH-PAYT-6502
PO_B12_006503,PayU Enterprise,FLPK-INV-239539 PO_B12_006503,120419,2322,0,0,118097,INR,2026-08-13T17:48:00Z,BATCH-FLPK-6503
PO_B12_006504,Razorpay Nodal,NYKA-ORD-548634 NYKA-ORD-861312 BATCH-NYKA-6504,316323,6326,0,0,309997,INR,2026-08-14T01:43:00Z,BATCH-NYKA-6504
PO_B12_006505,PayU Enterprise,OLAA-ORD-543980 OLAA-ORD-343188 BATCH-OLAA-6505,408659,8173,0,0,400486,INR,2026-08-14T07:52:00Z,BATCH-OLAA-6505
PO_B12_006506,BillDesk Settlement,NYKA-ORD-512445 NYKA-ORD-375856 BATCH-NYKA-6506,246250,4925,0,0,241325,INR,2026-08-14T07:56:00Z,BATCH-NYKA-6506
PO_B12_006507,BillDesk Settlement,JIOO-INV-497456 PO_B12_006507,173356,4165,0,0,169191,INR,2026-08-14T09:58:00Z,BATCH-JIOO-6507
PO_B12_006508,Stripe India,BKMS-INV-591740 PO_B12_006508,370433,9044,0,0,361389,INR,2026-08-14T12:14:00Z,BATCH-BKMS-6508
PO_B12_006509,Razorpay Nodal,OLAA-INV-981121 PO_B12_006509,92524,1537,0,0,90987,INR,2026-08-14T03:49:00Z,BATCH-OLAA-6509
PO_B12_006510,BillDesk Settlement,TATA-INV-274224 PO_B12_006510,48541,996,0,0,47545,INR,2026-08-13T17:01:00Z,BATCH-TATA-6510
PO_B12_006511,Cashfree Escrow,ZOMA-INV-530874 PO_B12_006511,294313,6714,0,0,287599,INR,2026-08-14T11:18:00Z,BATCH-ZOMA-6511
PO_B12_006512,PayU Enterprise,BKMS-ORD-516094 BKMS-ORD-419862 BATCH-BKMS-6512,192468,3849,0,0,188619,INR,2026-08-14T10:07:00Z,BATCH-BKMS-6512
PO_B12_006513,Stripe India,SWIG-INV-724988 PO_B12_006513,389642,8717,0,0,380925,INR,2026-08-14T16:06:00Z,BATCH-SWIG-6513
PO_B12_006514,Cashfree Escrow,PAYT-INV-807865 PO_B12_006514,221653,4278,0,0,217375,INR,2026-08-14T14:38:00Z,BATCH-PAYT-6514
PO_B12_006515,Razorpay Nodal,PHNP-INV-650105 PO_B12_006515,261879,5532,0,0,256347,INR,2026-08-14T21:21:00Z,BATCH-PHNP-6515
PO_B12_006516,Razorpay Nodal,BLNK-INV-551587 PO_B12_006516,445960,8686,0,0,437274,INR,2026-08-13T23:11:00Z,BATCH-BLNK-6516
PO_B12_006517,BillDesk Settlement,TATA-INV-147044 PO_B12_006517,334862,6276,0,0,328586,INR,2026-08-14T07:36:00Z,BATCH-TATA-6517
PO_B12_006518,Stripe India,MMTR-INV-676294 PO_B12_006518,408683,8414,0,0,400269,INR,2026-08-14T15:06:00Z,BATCH-MMTR-6518
PO_B12_006519,PayU Enterprise,UBER-ORD-976575 UBER-ORD-115158 UBER-ORD-385306 BATCH-UBER-6519,416398,8327,0,0,408071,INR,2026-08-14T16:30:00Z,BATCH-UBER-6519
PO_B12_006520,Razorpay Nodal,NYKA-INV-504159 PO_B12_006520,303868,4981,0,0,298887,INR,2026-08-15T00:42:00Z,BATCH-NYKA-6520
PO_B12_006521,Razorpay Nodal,OLAA-INV-365222 PO_B12_006521,361799,5697,0,0,356102,INR,2026-08-14T09:37:00Z,BATCH-OLAA-6521
PO_B12_006522,Stripe India,TATA-INV-725069 PO_B12_006522,244981,5892,0,0,239089,INR,2026-08-14T10:34:00Z,BATCH-TATA-6522
PO_B12_006523,Razorpay Nodal,OLAA-INV-865098 PO_B12_006523,193981,4822,0,0,189159,INR,2026-08-14T04:05:00Z,BATCH-OLAA-6523
PO_B12_006524,BillDesk Settlement,OLAA-INV-212404 PO_B12_006524,294273,5849,0,0,288424,INR,2026-08-14T12:20:00Z,BATCH-OLAA-6524
PO_B12_006525,Cashfree Escrow,JIOO-INV-979408 PO_B12_006525,108688,2475,0,0,106213,INR,2026-08-13T19:34:00Z,BATCH-JIOO-6525
PO_B12_006526,PayU Enterprise,AMZN-ORD-343626 AMZN-ORD-257920 BATCH-AMZN-6526,354283,7085,0,0,347198,INR,2026-08-14T06:15:00Z,BATCH-AMZN-6526
PO_B12_006527,Razorpay Nodal,NYKA-INV-562888 PO_B12_006527,371389,8880,0,0,362509,INR,2026-08-14T16:07:00Z,BATCH-NYKA-6527
PO_B12_006528,PayU Enterprise,PHNP-INV-978897 PO_B12_006528,448423,8295,0,0,440128,INR,2026-08-14T10:17:00Z,BATCH-PHNP-6528
PO_B12_006529,Stripe India,MYNT-ORD-781025 MYNT-ORD-432340 MYNT-ORD-779222 BATCH-MYNT-6529,422651,8453,0,0,414198,INR,2026-08-13T23:45:00Z,BATCH-MYNT-6529
PO_B12_006530,Stripe India,ZOMA-INV-347296 PO_B12_006530,339243,7388,0,0,331855,INR,2026-08-13T18:51:00Z,BATCH-ZOMA-6530
PO_B12_006531,PayU Enterprise,ZOMA-INV-191696 PO_B12_006531,257064,4855,0,0,252209,INR,2026-08-14T06:18:00Z,BATCH-ZOMA-6531
PO_B12_006532,Razorpay Nodal,OLAA-INV-787778 PO_B12_006532,161304,2515,0,0,158789,INR,2026-08-14T16:38:00Z,BATCH-OLAA-6532
PO_B12_006533,Razorpay Nodal,JIOO-INV-408322 PO_B12_006533,164975,3194,0,0,161781,INR,2026-08-14T05:28:00Z,BATCH-JIOO-6533
PO_B12_006534,Cashfree Escrow,MMTR-INV-136523 PO_B12_006534,422929,6856,0,0,416073,INR,2026-08-14T07:45:00Z,BATCH-MMTR-6534
PO_B12_006535,BillDesk Settlement,PAYT-ORD-782772 PAYT-ORD-899726 BATCH-PAYT-6535,299643,5992,0,0,293651,INR,2026-08-14T13:33:00Z,BATCH-PAYT-6535
PO_B12_006536,PayU Enterprise,PAYT-INV-880125 PO_B12_006536,350205,7665,0,0,342540,INR,2026-08-14T16:44:00Z,BATCH-PAYT-6536
PO_B12_006537,PayU Enterprise,FLPK-INV-432597 PO_B12_006537,418291,6807,0,0,411484,INR,2026-08-14T01:33:00Z,BATCH-FLPK-6537
PO_B12_006538,Cashfree Escrow,SWIG-INV-225690 PO_B12_006538,354698,7238,0,0,347460,INR,2026-08-13T22:17:00Z,BATCH-SWIG-6538
PO_B12_006539,BillDesk Settlement,PHNP-ORD-613026 PHNP-ORD-947432 BATCH-PHNP-6539,39768,795,0,0,38973,INR,2026-08-14T18:32:00Z,BATCH-PHNP-6539
PO_B12_006540,PayU Enterprise,MMTR-INV-741092 PO_B12_006540,177103,4263,0,0,172840,INR,2026-08-14T05:55:00Z,BATCH-MMTR-6540
PO_B12_006541,Cashfree Escrow,JIOO-INV-516992 PO_B12_006541,268835,4783,0,0,264052,INR,2026-08-14T16:32:00Z,BATCH-JIOO-6541
PO_B12_006542,PayU Enterprise,PHNP-EXC-415677-UNRESOLVED,145704,2904,0,0,142800,INR,2026-08-15T07:10:00Z,HOLD-ESCROW
PO_B12_006543,PayU Enterprise,NYKA-INV-222240 PO_B12_006543,57455,1083,0,0,56372,INR,2026-08-14T13:34:00Z,BATCH-NYKA-6543
PO_B12_006544,BillDesk Settlement,BBAS-INV-572614 PO_B12_006544,227335,5080,0,0,222255,INR,2026-08-14T04:39:00Z,BATCH-BBAS-6544
PO_B12_006545,PayU Enterprise,FLPK-INV-894456 PO_B12_006545,46978,1124,0,0,45854,INR,2026-08-14T12:59:00Z,BATCH-FLPK-6545
PO_B12_006546,PayU Enterprise,MYNT-ORD-567407 MYNT-ORD-933144 BATCH-MYNT-6546,383189,7663,0,0,375526,INR,2026-08-14T18:22:00Z,BATCH-MYNT-6546
PO_B12_006547,Stripe India,OLAA-ORD-770634 OLAA-ORD-341680 BATCH-OLAA-6547,325732,6514,0,0,319218,INR,2026-08-14T08:18:00Z,BATCH-OLAA-6547
PO_B12_006548,PayU Enterprise,TATA-ORD-384586 TATA-ORD-191202 BATCH-TATA-6548,306879,6137,0,0,300742,INR,2026-08-14T08:20:00Z,BATCH-TATA-6548
PO_B12_006549,PayU Enterprise,MYNT-ORD-448250 MYNT-ORD-713994 BATCH-MYNT-6549,185738,3714,0,0,182024,INR,2026-08-14T15:31:00Z,BATCH-MYNT-6549
PO_B12_006550,PayU Enterprise,AMZN-ORD-610577 AMZN-ORD-555182 AMZN-ORD-121533 BATCH-AMZN-6550,489678,9793,0,0,479885,INR,2026-08-14T07:18:00Z,BATCH-AMZN-6550
PO_B12_006551,PayU Enterprise,BLNK-INV-239152 PO_B12_006551,393246,6056,0,0,387190,INR,2026-08-13T16:35:00Z,BATCH-BLNK-6551
PO_B12_006552,Razorpay Nodal,SWIG-INV-953303 PO_B12_006552,261114,4969,0,0,256145,INR,2026-08-14T09:04:00Z,BATCH-SWIG-6552
PO_B12_006553,Razorpay Nodal,TATA-ORD-213549 TATA-ORD-871188 BATCH-TATA-6553,282921,5658,0,0,277263,INR,2026-08-14T19:16:00Z,BATCH-TATA-6553
PO_B12_006554,PayU Enterprise,MMTR-ORD-455461 MMTR-ORD-312102 BATCH-MMTR-6554,136580,2731,0,0,133849,INR,2026-08-14T15:31:00Z,BATCH-MMTR-6554
PO_B12_006555,PayU Enterprise,JIOO-INV-591632 PO_B12_006555,51525,1256,0,0,50269,INR,2026-08-14T05:16:00Z,BATCH-JIOO-6555
PO_B12_006556,PayU Enterprise,BBAS-INV-252800 PO_B12_006556,399318,6985,0,0,392333,INR,2026-08-14T13:05:00Z,BATCH-BBAS-6556
PO_B12_006557,PayU Enterprise,ZOMA-ORD-719908 ZOMA-ORD-892434 BATCH-ZOMA-6557,256823,5136,0,0,251687,INR,2026-08-14T20:26:00Z,BATCH-ZOMA-6557
PO_B12_006558,PayU Enterprise,SWIG-ORD-286812 SWIG-ORD-329819 SWIG-ORD-818197 BATCH-SWIG-6558,548173,10963,0,0,537210,INR,2026-08-14T10:45:00Z,BATCH-SWIG-6558
PO_B12_006559,Stripe India,ZOMA-EXC-571092-UNRESOLVED,231893,4627,0,0,227266,INR,2026-08-15T07:07:00Z,HOLD-ESCROW
PO_B12_006560,Cashfree Escrow,FLPK-ORD-478679 FLPK-ORD-651409 BATCH-FLPK-6560,168231,3364,0,0,164867,INR,2026-08-14T18:29:00Z,BATCH-FLPK-6560
PO_B12_006561,BillDesk Settlement,NYKA-INV-491610 PO_B12_006561,76809,1907,0,0,74902,INR,2026-08-14T02:25:00Z,BATCH-NYKA-6561
PO_B12_006562,Cashfree Escrow,PHNP-ORD-887651 PHNP-ORD-895060 BATCH-PHNP-6562,155535,3110,0,0,152425,INR,2026-08-14T09:18:00Z,BATCH-PHNP-6562
PO_B12_006563,Razorpay Nodal,NYKA-ORD-702223 NYKA-ORD-962311 BATCH-NYKA-6563,95824,1916,0,0,93908,INR,2026-08-14T17:43:00Z,BATCH-NYKA-6563
PO_B12_006564,Razorpay Nodal,BKMS-INV-365612 PO_B12_006564,58553,1285,0,0,57268,INR,2026-08-13T21:50:00Z,BATCH-BKMS-6564
PO_B12_006565,Cashfree Escrow,OLAA-INV-616407 PO_B12_006565,208793,3453,0,0,205340,INR,2026-08-13T22:49:00Z,BATCH-OLAA-6565
PO_B12_006566,Stripe India,PHNP-INV-478622 PO_B12_006566,195702,4823,0,0,190879,INR,2026-08-14T06:23:00Z,BATCH-PHNP-6566
PO_B12_006567,Razorpay Nodal,NYKA-INV-421706 PO_B12_006567,323170,6273,0,0,316897,INR,2026-08-14T15:46:00Z,BATCH-NYKA-6567
PO_B12_006568,BillDesk Settlement,JIOO-INV-438630 PO_B12_006568,264073,4748,0,0,259325,INR,2026-08-14T18:11:00Z,BATCH-JIOO-6568
PO_B12_006569,PayU Enterprise,UBER-INV-817878 PO_B12_006569,163347,3194,0,0,160153,INR,2026-08-14T10:24:00Z,BATCH-UBER-6569
PO_B12_006570,Stripe India,ZOMA-INV-296616 PO_B12_006570,309472,5453,0,0,304019,INR,2026-08-14T08:31:00Z,BATCH-ZOMA-6570
PO_B12_006571,Razorpay Nodal,OLAA-INV-557465 PO_B12_006571,116451,2119,0,0,114332,INR,2026-08-14T11:18:00Z,BATCH-OLAA-6571
PO_B12_006572,Razorpay Nodal,NYKA-INV-458005 PO_B12_006572,194600,4321,0,0,190279,INR,2026-08-14T07:48:00Z,BATCH-NYKA-6572
PO_B12_006573,Razorpay Nodal,AMZN-ORD-355830 AMZN-ORD-451189 BATCH-AMZN-6573,199648,3992,0,0,195656,INR,2026-08-14T02:41:00Z,BATCH-AMZN-6573
PO_B12_006574,Cashfree Escrow,ZOMA-INV-941874 PO_B12_006574,196782,3686,0,0,193096,INR,2026-08-14T08:10:00Z,BATCH-ZOMA-6574
PO_B12_006575,Razorpay Nodal,BKMS-INV-988338 PO_B12_006575,302971,5356,0,0,297615,INR,2026-08-14T12:32:00Z,BATCH-BKMS-6575
PO_B12_006576,Cashfree Escrow,NYKA-ORD-605542 NYKA-ORD-988618 BATCH-NYKA-6576,389079,7781,0,0,381298,INR,2026-08-14T03:50:00Z,BATCH-NYKA-6576
PO_B12_006577,Stripe India,TATA-INV-466874 PO_B12_006577,60993,989,0,0,60004,INR,2026-08-14T09:08:00Z,BATCH-TATA-6577
PO_B12_006578,Cashfree Escrow,MYNT-INV-326652 PO_B12_006578,142245,2940,0,0,139305,INR,2026-08-14T01:02:00Z,BATCH-MYNT-6578
PO_B12_006579,BillDesk Settlement,BBAS-INV-886526 PO_B12_006579,170337,2609,0,0,167728,INR,2026-08-13T18:38:00Z,BATCH-BBAS-6579
PO_B12_006580,PayU Enterprise,MMTR-INV-461998 PO_B12_006580,356065,5849,0,0,350216,INR,2026-08-14T00:57:00Z,BATCH-MMTR-6580
PO_B12_006581,BillDesk Settlement,JIOO-INV-392870 PO_B12_006581,386611,8055,0,0,378556,INR,2026-08-14T03:03:00Z,BATCH-JIOO-6581
PO_B12_006582,Stripe India,TATA-INV-467632 PO_B12_006582,95800,2285,0,0,93515,INR,2026-08-13T22:27:00Z,BATCH-TATA-6582
PO_B12_006583,PayU Enterprise,BKMS-INV-676659 PO_B12_006583,252735,6223,0,0,246512,INR,2026-08-14T17:57:00Z,BATCH-BKMS-6583
PO_B12_006584,Razorpay Nodal,AMZN-INV-366065 PO_B12_006584,238315,5100,0,0,233215,INR,2026-08-13T20:21:00Z,BATCH-AMZN-6584
PO_B12_006585,Cashfree Escrow,SWIG-INV-128439 PO_B12_006585,419072,8092,0,0,410980,INR,2026-08-13T20:18:00Z,BATCH-SWIG-6585
PO_B12_006586,Razorpay Nodal,MMTR-INV-595727 PO_B12_006586,45856,1090,0,0,44766,INR,2026-08-14T16:53:00Z,BATCH-MMTR-6586
PO_B12_006587,Stripe India,JIOO-INV-623360 PO_B12_006587,111257,1881,0,0,109376,INR,2026-08-13T17:01:00Z,BATCH-JIOO-6587
PO_B12_006588,Cashfree Escrow,ZOMA-INV-175985 PO_B12_006588,428028,6482,0,0,421546,INR,2026-08-14T17:53:00Z,BATCH-ZOMA-6588
PO_B12_006589,BillDesk Settlement,MMTR-INV-905553 PO_B12_006589,402483,8106,0,0,394377,INR,2026-08-14T10:55:00Z,BATCH-MMTR-6589
PO_B12_006590,Stripe India,BLNK-INV-551792 PO_B12_006590,165077,3213,0,0,161864,INR,2026-08-14T20:41:00Z,BATCH-BLNK-6590
PO_B12_006591,Razorpay Nodal,MYNT-EXC-445587-UNRESOLVED,55837,1106,0,0,54731,INR,2026-08-15T03:52:00Z,HOLD-ESCROW
PO_B12_006592,Razorpay Nodal,PAYT-ORD-484812 PAYT-ORD-377965 BATCH-PAYT-6592,429584,8591,0,0,420993,INR,2026-08-14T01:24:00Z,BATCH-PAYT-6592
PO_B12_006593,Cashfree Escrow,BLNK-ORD-823708 BLNK-ORD-370713 BLNK-ORD-366729 BATCH-BLNK-6593,597551,11951,0,0,585600,INR,2026-08-14T12:53:00Z,BATCH-BLNK-6593
PO_B12_006594,BillDesk Settlement,JIOO-EXC-434759-UNRESOLVED,165496,3299,0,0,162197,INR,2026-08-15T05:59:00Z,HOLD-ESCROW
PO_B12_006595,Stripe India,MYNT-INV-200766 PO_B12_006595,82342,2004,0,0,80338,INR,2026-08-14T16:34:00Z,BATCH-MYNT-6595
PO_B12_006596,Stripe India,BLNK-INV-229314 PO_B12_006596,25072,448,0,0,24624,INR,2026-08-14T18:07:00Z,BATCH-BLNK-6596
PO_B12_006597,PayU Enterprise,PAYT-ORD-748826 PAYT-ORD-245547 BATCH-PAYT-6597,332770,6655,0,0,326115,INR,2026-08-14T00:32:00Z,BATCH-PAYT-6597
PO_B12_006598,BillDesk Settlement,BKMS-INV-159575 PO_B12_006598,364524,8014,0,0,356510,INR,2026-08-14T09:14:00Z,BATCH-BKMS-6598
PO_B12_006599,Razorpay Nodal,SWIG-ORD-830307 SWIG-ORD-552618 SWIG-ORD-547430 BATCH-SWIG-6599,386704,7734,0,0,378970,INR,2026-08-14T16:36:00Z,BATCH-SWIG-6599
PO_B12_006600,Razorpay Nodal,PAYT-INV-871444 PO_B12_006600,164354,3206,0,0,161148,INR,2026-08-14T13:00:00Z,BATCH-PAYT-6600
PO_B12_006601,Cashfree Escrow,MMTR-INV-647730 PO_B12_006601,179620,3836,0,0,175784,INR,2026-08-14T15:31:00Z,BATCH-MMTR-6601
PO_B12_006602,Cashfree Escrow,BKMS-INV-766423 PO_B12_006602,95819,1607,0,0,94212,INR,2026-08-14T16:00:00Z,BATCH-BKMS-6602
PO_B12_006603,Razorpay Nodal,MYNT-INV-635771 PO_B12_006603,275343,6855,0,0,268488,INR,2026-08-14T06:07:00Z,BATCH-MYNT-6603
PO_B12_006604,BillDesk Settlement,NYKA-INV-414496 PO_B12_006604,56452,999,0,0,55453,INR,2026-08-14T00:06:00Z,BATCH-NYKA-6604
PO_B12_006605,Razorpay Nodal,PAYT-INV-803527 PO_B12_006605,383806,8561,0,0,375245,INR,2026-08-14T07:47:00Z,BATCH-PAYT-6605
PO_B12_006606,Stripe India,PAYT-INV-558776 PO_B12_006606,410086,9517,0,0,400569,INR,2026-08-14T20:34:00Z,BATCH-PAYT-6606
PO_B12_006607,BillDesk Settlement,BKMS-EXC-670658-UNRESOLVED,178541,3560,0,0,174981,INR,2026-08-15T04:47:00Z,HOLD-ESCROW
PO_B12_006608,BillDesk Settlement,OLAA-ORD-394993 OLAA-ORD-923527 OLAA-ORD-515281 BATCH-OLAA-6608,188748,3774,0,0,184974,INR,2026-08-14T20:31:00Z,BATCH-OLAA-6608
PO_B12_006609,Cashfree Escrow,OLAA-ORD-580568 OLAA-ORD-758716 OLAA-ORD-240927 BATCH-OLAA-6609,286000,5720,0,0,280280,INR,2026-08-14T17:37:00Z,BATCH-OLAA-6609
PO_B12_006610,Razorpay Nodal,JIOO-INV-638524 PO_B12_006610,291134,5537,0,0,285597,INR,2026-08-14T07:26:00Z,BATCH-JIOO-6610
PO_B12_006611,BillDesk Settlement,JIOO-INV-754672 PO_B12_006611,125366,1940,0,0,123426,INR,2026-08-14T10:15:00Z,BATCH-JIOO-6611
PO_B12_006612,Razorpay Nodal,MYNT-ORD-825204 MYNT-ORD-561934 BATCH-MYNT-6612,103600,2072,0,0,101528,INR,2026-08-14T16:12:00Z,BATCH-MYNT-6612
PO_B12_006613,Cashfree Escrow,PHNP-INV-538443 PO_B12_006613,57347,1011,0,0,56336,INR,2026-08-14T01:15:00Z,BATCH-PHNP-6613
PO_B12_006614,Cashfree Escrow,UBER-INV-832564 PO_B12_006614,145138,2431,0,0,142707,INR,2026-08-14T12:30:00Z,BATCH-UBER-6614
PO_B12_006615,BillDesk Settlement,ZOMA-INV-426077 PO_B12_006615,263176,5603,0,0,257573,INR,2026-08-13T23:55:00Z,BATCH-ZOMA-6615
PO_B12_006616,PayU Enterprise,MMTR-EXC-322698-UNRESOLVED,259633,5182,0,0,254451,INR,2026-08-14T12:29:00Z,HOLD-ESCROW
PO_B12_006617,BillDesk Settlement,NYKA-INV-187225 PO_B12_006617,267779,4639,0,0,263140,INR,2026-08-13T23:34:00Z,BATCH-NYKA-6617
PO_B12_006618,Razorpay Nodal,BBAS-INV-805213 PO_B12_006618,338172,6292,0,0,331880,INR,2026-08-14T15:49:00Z,BATCH-BBAS-6618
PO_B12_006619,PayU Enterprise,TATA-INV-179329 PO_B12_006619,342567,6533,0,0,336034,INR,2026-08-14T12:30:00Z,BATCH-TATA-6619
PO_B12_006620,Stripe India,ZOMA-INV-594244 PO_B12_006620,255405,5236,0,0,250169,INR,2026-08-13T20:52:00Z,BATCH-ZOMA-6620
PO_B12_006621,PayU Enterprise,AMZN-EXC-881497-UNRESOLVED,228130,4552,0,0,223578,INR,2026-08-14T12:05:00Z,HOLD-ESCROW
PO_B12_006622,Cashfree Escrow,PAYT-ORD-212666 PAYT-ORD-480969 PAYT-ORD-827413 BATCH-PAYT-6622,262573,5251,0,0,257322,INR,2026-08-14T16:46:00Z,BATCH-PAYT-6622
PO_B12_006623,BillDesk Settlement,MMTR-INV-104337 PO_B12_006623,320466,4861,0,0,315605,INR,2026-08-14T01:45:00Z,BATCH-MMTR-6623
PO_B12_006624,Razorpay Nodal,UBER-ORD-724315 UBER-ORD-869129 BATCH-UBER-6624,309455,6189,0,0,303266,INR,2026-08-14T03:07:00Z,BATCH-UBER-6624
PO_B12_006625,BillDesk Settlement,PAYT-INV-777290 PO_B12_006625,204619,4017,0,0,200602,INR,2026-08-14T16:58:00Z,BATCH-PAYT-6625
PO_B12_006626,BillDesk Settlement,PHNP-INV-517872 PO_B12_006626,48964,915,0,0,48049,INR,2026-08-14T04:37:00Z,BATCH-PHNP-6626
PO_B12_006627,Cashfree Escrow,PAYT-ORD-868631 PAYT-ORD-638971 BATCH-PAYT-6627,404498,8089,0,0,396409,INR,2026-08-14T08:48:00Z,BATCH-PAYT-6627
PO_B12_006628,Cashfree Escrow,SWIG-INV-607859 PO_B12_006628,283548,6774,0,0,276774,INR,2026-08-14T11:35:00Z,BATCH-SWIG-6628
PO_B12_006629,Razorpay Nodal,PHNP-INV-303505 PO_B12_006629,307580,7013,0,0,300567,INR,2026-08-14T16:37:00Z,BATCH-PHNP-6629
PO_B12_006630,Cashfree Escrow,MMTR-INV-593416 PO_B12_006630,285934,4381,0,0,281553,INR,2026-08-14T07:17:00Z,BATCH-MMTR-6630
PO_B12_006631,Stripe India,UBER-ORD-775064 UBER-ORD-447630 UBER-ORD-887137 BATCH-UBER-6631,398418,7968,0,0,390450,INR,2026-08-14T06:33:00Z,BATCH-UBER-6631
PO_B12_006632,Stripe India,MMTR-INV-665356 PO_B12_006632,125076,2968,0,0,122108,INR,2026-08-13T15:16:00Z,BATCH-MMTR-6632
PO_B12_006633,Stripe India,BLNK-INV-587660 PO_B12_006633,352945,6756,0,0,346189,INR,2026-08-14T00:43:00Z,BATCH-BLNK-6633
PO_B12_006634,PayU Enterprise,OLAA-INV-597793 PO_B12_006634,400271,6180,0,0,394091,INR,2026-08-13T23:03:00Z,BATCH-OLAA-6634
PO_B12_006635,Cashfree Escrow,NYKA-INV-879019 PO_B12_006635,399208,6419,0,0,392789,INR,2026-08-13T19:48:00Z,BATCH-NYKA-6635
PO_B12_006636,BillDesk Settlement,TATA-INV-400057 PO_B12_006636,330386,8008,0,0,322378,INR,2026-08-13T20:13:00Z,BATCH-TATA-6636
PO_B12_006637,Cashfree Escrow,MYNT-INV-145779 PO_B12_006637,317627,6885,0,0,310742,INR,2026-08-14T13:53:00Z,BATCH-MYNT-6637
PO_B12_006638,Stripe India,UBER-INV-387183 PO_B12_006638,75212,1736,0,0,73476,INR,2026-08-13T21:48:00Z,BATCH-UBER-6638
PO_B12_006639,Razorpay Nodal,JIOO-ORD-161350 JIOO-ORD-382085 BATCH-JIOO-6639,250679,5013,0,0,245666,INR,2026-08-14T16:29:00Z,BATCH-JIOO-6639
PO_B12_006640,Stripe India,TATA-INV-318067 PO_B12_006640,240906,5452,0,0,235454,INR,2026-08-14T12:21:00Z,BATCH-TATA-6640
PO_B12_006641,Razorpay Nodal,BLNK-EXC-313564-UNRESOLVED,57696,1143,0,0,56553,INR,2026-08-14T14:44:00Z,HOLD-ESCROW
PO_B12_006642,Stripe India,SWIG-ORD-345809 SWIG-ORD-340361 SWIG-ORD-828710 BATCH-SWIG-6642,433810,8676,0,0,425134,INR,2026-08-14T18:47:00Z,BATCH-SWIG-6642
PO_B12_006643,Stripe India,FLPK-INV-839733 PO_B12_006643,344286,6339,0,0,337947,INR,2026-08-14T02:23:00Z,BATCH-FLPK-6643
PO_B12_006644,Cashfree Escrow,MYNT-INV-969456 PO_B12_006644,427791,8487,0,0,419304,INR,2026-08-14T15:55:00Z,BATCH-MYNT-6644
PO_B12_006645,Cashfree Escrow,PHNP-EXC-429209-UNRESOLVED,69979,1389,0,0,68590,INR,2026-08-14T21:48:00Z,HOLD-ESCROW
PO_B12_006646,PayU Enterprise,PAYT-ORD-430795 PAYT-ORD-254765 BATCH-PAYT-6646,182958,3659,0,0,179299,INR,2026-08-14T00:36:00Z,BATCH-PAYT-6646
PO_B12_006647,Stripe India,PHNP-INV-796339 PO_B12_006647,354885,8731,0,0,346154,INR,2026-08-14T14:51:00Z,BATCH-PHNP-6647
PO_B12_006648,PayU Enterprise,BKMS-INV-269399 PO_B12_006648,34929,611,0,0,34318,INR,2026-08-13T17:42:00Z,BATCH-BKMS-6648
PO_B12_006649,Cashfree Escrow,TATA-INV-737906 PO_B12_006649,47976,915,0,0,47061,INR,2026-08-14T04:41:00Z,BATCH-TATA-6649
PO_B12_006650,Stripe India,MYNT-INV-341801 PO_B12_006650,156568,3115,0,0,153453,INR,2026-08-14T11:27:00Z,BATCH-MYNT-6650
PO_B12_006651,PayU Enterprise,MMTR-INV-128090 PO_B12_006651,418925,10177,0,0,408748,INR,2026-08-13T18:40:00Z,BATCH-MMTR-6651
PO_B12_006652,BillDesk Settlement,ZOMA-ORD-881528 ZOMA-ORD-969501 BATCH-ZOMA-6652,135133,2702,0,0,132431,INR,2026-08-14T14:01:00Z,BATCH-ZOMA-6652
PO_B12_006653,PayU Enterprise,PAYT-ORD-773925 PAYT-ORD-225602 PAYT-ORD-411268 BATCH-PAYT-6653,335812,6716,0,0,329096,INR,2026-08-14T14:58:00Z,BATCH-PAYT-6653
PO_B12_006654,Stripe India,NYKA-INV-164457 PO_B12_006654,73080,1399,0,0,71681,INR,2026-08-14T15:01:00Z,BATCH-NYKA-6654
PO_B12_006655,Cashfree Escrow,FLPK-INV-328750 PO_B12_006655,284253,5428,0,0,278825,INR,2026-08-14T23:59:00Z,BATCH-FLPK-6655
PO_B12_006656,Stripe India,ZOMA-ORD-647754 ZOMA-ORD-282863 ZOMA-ORD-563869 BATCH-ZOMA-6656,389299,7785,0,0,381514,INR,2026-08-14T10:55:00Z,BATCH-ZOMA-6656
PO_B12_006657,Cashfree Escrow,JIOO-INV-171378 PO_B12_006657,177511,2961,0,0,174550,INR,2026-08-14T00:47:00Z,BATCH-JIOO-6657
PO_B12_006658,Cashfree Escrow,JIOO-INV-754031 PO_B12_006658,135985,3090,0,0,132895,INR,2026-08-14T12:15:00Z,BATCH-JIOO-6658
PO_B12_006659,Stripe India,OLAA-INV-505965 PO_B12_006659,206917,3685,0,0,203232,INR,2026-08-14T12:07:00Z,BATCH-OLAA-6659
PO_B12_006660,PayU Enterprise,TATA-INV-637273 PO_B12_006660,303137,5081,0,0,298056,INR,2026-08-14T00:27:00Z,BATCH-TATA-6660
PO_B12_006661,Razorpay Nodal,BBAS-INV-633423 PO_B12_006661,82748,1363,0,0,81385,INR,2026-08-14T15:51:00Z,BATCH-BBAS-6661
PO_B12_006662,PayU Enterprise,AMZN-INV-577729 PO_B12_006662,235550,3905,0,0,231645,INR,2026-08-14T06:14:00Z,BATCH-AMZN-6662
PO_B12_006663,Razorpay Nodal,PAYT-ORD-787414 PAYT-ORD-836536 PAYT-ORD-495684 BATCH-PAYT-6663,293000,5860,0,0,287140,INR,2026-08-14T07:45:00Z,BATCH-PAYT-6663
PO_B12_006664,Razorpay Nodal,PAYT-INV-993050 PO_B12_006664,302731,5449,0,0,297282,INR,2026-08-14T14:40:00Z,BATCH-PAYT-6664
PO_B12_006665,PayU Enterprise,ZOMA-ORD-671994 ZOMA-ORD-171395 BATCH-ZOMA-6665,227766,4555,0,0,223211,INR,2026-08-14T14:26:00Z,BATCH-ZOMA-6665
PO_B12_006666,Cashfree Escrow,JIOO-INV-721930 PO_B12_006666,229225,3693,0,0,225532,INR,2026-08-14T13:09:00Z,BATCH-JIOO-6666
PO_B12_006667,Razorpay Nodal,MYNT-INV-686782 PO_B12_006667,303313,5927,0,0,297386,INR,2026-08-14T12:37:00Z,BATCH-MYNT-6667
PO_B12_006668,Razorpay Nodal,MMTR-INV-148908 PO_B12_006668,65818,1020,0,0,64798,INR,2026-08-13T20:06:00Z,BATCH-MMTR-6668
PO_B12_006669,BillDesk Settlement,JIOO-INV-157502 PO_B12_006669,280712,5637,0,0,275075,INR,2026-08-14T05:26:00Z,BATCH-JIOO-6669
PO_B12_006670,PayU Enterprise,BLNK-INV-279941 PO_B12_006670,201719,3460,0,0,198259,INR,2026-08-14T13:50:00Z,BATCH-BLNK-6670
PO_B12_006671,Stripe India,PHNP-INV-492215 PO_B12_006671,422016,8869,0,0,413147,INR,2026-08-14T07:21:00Z,BATCH-PHNP-6671
PO_B12_006672,PayU Enterprise,UBER-INV-984237 PO_B12_006672,201464,4341,0,0,197123,INR,2026-08-14T00:20:00Z,BATCH-UBER-6672
PO_B12_006673,Stripe India,NYKA-INV-902027 PO_B12_006673,167030,3527,0,0,163503,INR,2026-08-14T10:59:00Z,BATCH-NYKA-6673
PO_B12_006674,PayU Enterprise,AMZN-ORD-321306 AMZN-ORD-532059 BATCH-AMZN-6674,249901,4998,0,0,244903,INR,2026-08-14T15:49:00Z,BATCH-AMZN-6674
PO_B12_006675,BillDesk Settlement,UBER-INV-622114 PO_B12_006675,110223,2362,0,0,107861,INR,2026-08-14T08:45:00Z,BATCH-UBER-6675
PO_B12_006676,Razorpay Nodal,PAYT-INV-737044 PO_B12_006676,331343,7853,0,0,323490,INR,2026-08-14T12:23:00Z,BATCH-PAYT-6676
PO_B12_006677,BillDesk Settlement,MYNT-INV-721100 PO_B12_006677,206166,3397,0,0,202769,INR,2026-08-14T18:57:00Z,BATCH-MYNT-6677
PO_B12_006678,Razorpay Nodal,BKMS-ORD-144971 BKMS-ORD-806026 BKMS-ORD-965890 BATCH-BKMS-6678,514161,10283,0,0,503878,INR,2026-08-14T17:08:00Z,BATCH-BKMS-6678
PO_B12_006679,Cashfree Escrow,ZOMA-ORD-887301 ZOMA-ORD-348610 BATCH-ZOMA-6679,34178,683,0,0,33495,INR,2026-08-13T23:31:00Z,BATCH-ZOMA-6679
PO_B12_006680,PayU Enterprise,AMZN-ORD-572185 AMZN-ORD-947097 AMZN-ORD-255307 BATCH-AMZN-6680,357609,7152,0,0,350457,INR,2026-08-14T15:23:00Z,BATCH-AMZN-6680
PO_B12_006681,Razorpay Nodal,OLAA-ORD-794914 OLAA-ORD-506113 BATCH-OLAA-6681,354321,7086,0,0,347235,INR,2026-08-14T20:54:00Z,BATCH-OLAA-6681
PO_B12_006682,BillDesk Settlement,BLNK-ORD-481880 BLNK-ORD-179925 BATCH-BLNK-6682,252923,5058,0,0,247865,INR,2026-08-14T03:26:00Z,BATCH-BLNK-6682
PO_B12_006683,Razorpay Nodal,JIOO-INV-636416 PO_B12_006683,149377,2597,0,0,146780,INR,2026-08-14T10:59:00Z,BATCH-JIOO-6683
PO_B12_006684,Stripe India,NYKA-EXC-112139-UNRESOLVED,90362,1797,0,0,88565,INR,2026-08-15T06:48:00Z,HOLD-ESCROW
PO_B12_006685,Stripe India,FLPK-ORD-551474 FLPK-ORD-477515 FLPK-ORD-585691 BATCH-FLPK-6685,512344,10246,0,0,502098,INR,2026-08-14T00:53:00Z,BATCH-FLPK-6685
PO_B12_006686,PayU Enterprise,MYNT-EXC-740063-UNRESOLVED,187049,3730,0,0,183319,INR,2026-08-14T14:32:00Z,HOLD-ESCROW
PO_B12_006687,PayU Enterprise,BLNK-ORD-102565 BLNK-ORD-529548 BLNK-ORD-640257 BATCH-BLNK-6687,351263,7025,0,0,344238,INR,2026-08-14T07:50:00Z,BATCH-BLNK-6687
PO_B12_006688,PayU Enterprise,PAYT-INV-915255 PO_B12_006688,229165,5087,0,0,224078,INR,2026-08-14T14:23:00Z,BATCH-PAYT-6688
PO_B12_006689,BillDesk Settlement,MMTR-INV-751733 PO_B12_006689,424023,7726,0,0,416297,INR,2026-08-14T09:03:00Z,BATCH-MMTR-6689
PO_B12_006690,BillDesk Settlement,JIOO-ORD-775893 JIOO-ORD-160567 BATCH-JIOO-6690,262492,5249,0,0,257243,INR,2026-08-14T15:23:00Z,BATCH-JIOO-6690
PO_B12_006691,Stripe India,MYNT-INV-840126 PO_B12_006691,396062,7001,0,0,389061,INR,2026-08-14T12:57:00Z,BATCH-MYNT-6691
PO_B12_006692,Stripe India,ZOMA-ORD-296629 ZOMA-ORD-273682 BATCH-ZOMA-6692,263505,5270,0,0,258235,INR,2026-08-14T06:53:00Z,BATCH-ZOMA-6692
PO_B12_006693,Cashfree Escrow,ZOMA-INV-464024 PO_B12_006693,366415,7994,0,0,358421,INR,2026-08-14T02:59:00Z,BATCH-ZOMA-6693
PO_B12_006694,Cashfree Escrow,PAYT-EXC-673728-UNRESOLVED,74852,1487,0,0,73365,INR,2026-08-15T02:20:00Z,HOLD-ESCROW
PO_B12_006695,Stripe India,ZOMA-ORD-634563 ZOMA-ORD-367312 ZOMA-ORD-963393 BATCH-ZOMA-6695,358670,7173,0,0,351497,INR,2026-08-13T22:51:00Z,BATCH-ZOMA-6695
PO_B12_006696,Cashfree Escrow,ZOMA-ORD-643058 ZOMA-ORD-430796 BATCH-ZOMA-6696,383072,7661,0,0,375411,INR,2026-08-14T18:45:00Z,BATCH-ZOMA-6696
PO_B12_006697,PayU Enterprise,AMZN-ORD-872180 AMZN-ORD-897047 AMZN-ORD-228146 BATCH-AMZN-6697,580455,11609,0,0,568846,INR,2026-08-14T15:53:00Z,BATCH-AMZN-6697
PO_B12_006698,Cashfree Escrow,FLPK-INV-914348 PO_B12_006698,141230,3287,0,0,137943,INR,2026-08-14T20:52:00Z,BATCH-FLPK-6698
PO_B12_006699,Cashfree Escrow,BBAS-INV-960738 PO_B12_006699,108484,2338,0,0,106146,INR,2026-08-14T12:35:00Z,BATCH-BBAS-6699
PO_B12_006700,Razorpay Nodal,TATA-ORD-809535 TATA-ORD-949322 TATA-ORD-638943 BATCH-TATA-6700,306296,6125,0,0,300171,INR,2026-08-14T02:02:00Z,BATCH-TATA-6700
PO_B12_006701,Cashfree Escrow,UBER-ORD-815438 UBER-ORD-346976 UBER-ORD-276317 BATCH-UBER-6701,671312,13426,0,0,657886,INR,2026-08-13T21:34:00Z,BATCH-UBER-6701
PO_B12_006702,Stripe India,OLAA-INV-657294 PO_B12_006702,225215,5478,0,0,219737,INR,2026-08-14T13:37:00Z,BATCH-OLAA-6702
PO_B12_006703,Stripe India,BLNK-ORD-676916 BLNK-ORD-506915 BATCH-BLNK-6703,344091,6881,0,0,337210,INR,2026-08-14T14:17:00Z,BATCH-BLNK-6703
PO_B12_006704,Stripe India,BLNK-INV-976113 PO_B12_006704,416429,8940,0,0,407489,INR,2026-08-14T13:56:00Z,BATCH-BLNK-6704
PO_B12_006705,Razorpay Nodal,UBER-INV-781404 PO_B12_006705,131884,2511,0,0,129373,INR,2026-08-13T20:31:00Z,BATCH-UBER-6705
PO_B12_006706,Cashfree Escrow,MYNT-ORD-132275 MYNT-ORD-858502 BATCH-MYNT-6706,160215,3204,0,0,157011,INR,2026-08-14T07:34:00Z,BATCH-MYNT-6706
PO_B12_006707,Stripe India,UBER-ORD-267902 UBER-ORD-899847 BATCH-UBER-6707,231322,4626,0,0,226696,INR,2026-08-14T06:31:00Z,BATCH-UBER-6707
PO_B12_006708,PayU Enterprise,AMZN-ORD-249322 AMZN-ORD-105680 AMZN-ORD-312013 BATCH-AMZN-6708,334523,6690,0,0,327833,INR,2026-08-14T17:18:00Z,BATCH-AMZN-6708
PO_B12_006709,Stripe India,ZOMA-INV-190127 PO_B12_006709,258639,5848,0,0,252791,INR,2026-08-14T18:02:00Z,BATCH-ZOMA-6709
PO_B12_006710,Stripe India,BLNK-INV-370438 PO_B12_006710,345952,8374,0,0,337578,INR,2026-08-14T13:36:00Z,BATCH-BLNK-6710
PO_B12_006711,PayU Enterprise,UBER-INV-476417 PO_B12_006711,412910,9265,0,0,403645,INR,2026-08-14T12:15:00Z,BATCH-UBER-6711
PO_B12_006712,PayU Enterprise,OLAA-INV-703968 PO_B12_006712,160609,3096,0,0,157513,INR,2026-08-14T07:55:00Z,BATCH-OLAA-6712
PO_B12_006713,Razorpay Nodal,FLPK-INV-447041 PO_B12_006713,191818,3219,0,0,188599,INR,2026-08-14T22:12:00Z,BATCH-FLPK-6713
PO_B12_006714,Cashfree Escrow,PHNP-INV-637845 PO_B12_006714,40073,976,0,0,39097,INR,2026-08-14T07:48:00Z,BATCH-PHNP-6714
PO_B12_006715,PayU Enterprise,MYNT-EXC-819428-UNRESOLVED,72127,1432,0,0,70695,INR,2026-08-14T11:35:00Z,HOLD-ESCROW
PO_B12_006716,Cashfree Escrow,FLPK-INV-149623 PO_B12_006716,286567,6794,0,0,279773,INR,2026-08-14T15:35:00Z,BATCH-FLPK-6716
PO_B12_006717,Razorpay Nodal,UBER-ORD-934284 UBER-ORD-643786 UBER-ORD-301168 BATCH-UBER-6717,586562,11731,0,0,574831,INR,2026-08-14T13:40:00Z,BATCH-UBER-6717
PO_B12_006718,BillDesk Settlement,BKMS-INV-304607 PO_B12_006718,294195,4647,0,0,289548,INR,2026-08-13T19:11:00Z,BATCH-BKMS-6718
PO_B12_006719,Razorpay Nodal,MYNT-INV-501509 PO_B12_006719,325298,6937,0,0,318361,INR,2026-08-13T20:30:00Z,BATCH-MYNT-6719
PO_B12_006720,Stripe India,BLNK-INV-153896 PO_B12_006720,112680,1895,0,0,110785,INR,2026-08-14T15:15:00Z,BATCH-BLNK-6720
PO_B12_006721,Stripe India,AMZN-ORD-722244 AMZN-ORD-704074 BATCH-AMZN-6721,275470,5509,0,0,269961,INR,2026-08-14T09:52:00Z,BATCH-AMZN-6721
PO_B12_006722,Cashfree Escrow,BLNK-INV-538547 PO_B12_006722,138365,2695,0,0,135670,INR,2026-08-13T20:57:00Z,BATCH-BLNK-6722
PO_B12_006723,PayU Enterprise,JIOO-INV-250914 PO_B12_006723,303023,4611,0,0,298412,INR,2026-08-14T20:12:00Z,BATCH-JIOO-6723
PO_B12_006724,BillDesk Settlement,MYNT-INV-952106 PO_B12_006724,266139,6030,0,0,260109,INR,2026-08-13T21:14:00Z,BATCH-MYNT-6724
PO_B12_006725,Stripe India,PHNP-INV-345998 PO_B12_006725,180100,3141,0,0,176959,INR,2026-08-14T20:49:00Z,BATCH-PHNP-6725
PO_B12_006726,Razorpay Nodal,OLAA-INV-585450 PO_B12_006726,342148,6605,0,0,335543,INR,2026-08-14T04:50:00Z,BATCH-OLAA-6726
PO_B12_006727,Razorpay Nodal,SWIG-EXC-557315-UNRESOLVED,81469,1619,0,0,79850,INR,2026-08-14T10:31:00Z,HOLD-ESCROW
PO_B12_006728,Cashfree Escrow,SWIG-ORD-424594 SWIG-ORD-118595 SWIG-ORD-832510 BATCH-SWIG-6728,359732,7194,0,0,352538,INR,2026-08-13T21:37:00Z,BATCH-SWIG-6728
PO_B12_006729,Razorpay Nodal,SWIG-INV-893639 PO_B12_006729,91547,2260,0,0,89287,INR,2026-08-14T02:58:00Z,BATCH-SWIG-6729
PO_B12_006730,Razorpay Nodal,PHNP-INV-569389 PO_B12_006730,343156,5753,0,0,337403,INR,2026-08-13T23:13:00Z,BATCH-PHNP-6730
PO_B12_006731,BillDesk Settlement,SWIG-INV-499657 PO_B12_006731,401357,6723,0,0,394634,INR,2026-08-13T21:16:00Z,BATCH-SWIG-6731
PO_B12_006732,Razorpay Nodal,TATA-INV-882379 PO_B12_006732,145568,2604,0,0,142964,INR,2026-08-14T13:19:00Z,BATCH-TATA-6732
PO_B12_006733,PayU Enterprise,AMZN-ORD-746970 AMZN-ORD-840228 BATCH-AMZN-6733,268365,5367,0,0,262998,INR,2026-08-14T13:55:00Z,BATCH-AMZN-6733
PO_B12_006734,Cashfree Escrow,AMZN-INV-455779 PO_B12_006734,176460,3980,0,0,172480,INR,2026-08-14T01:36:00Z,BATCH-AMZN-6734
PO_B12_006735,Cashfree Escrow,MMTR-INV-609895 PO_B12_006735,91946,1837,0,0,90109,INR,2026-08-15T02:38:00Z,BATCH-MMTR-6735
PO_B12_006736,PayU Enterprise,NYKA-ORD-410139 NYKA-ORD-276484 BATCH-NYKA-6736,374988,7499,0,0,367489,INR,2026-08-14T05:35:00Z,BATCH-NYKA-6736
PO_B12_006737,Cashfree Escrow,UBER-INV-509506 PO_B12_006737,312175,5382,0,0,306793,INR,2026-08-13T21:21:00Z,BATCH-UBER-6737
PO_B12_006738,Razorpay Nodal,JIOO-INV-418538 PO_B12_006738,174053,2903,0,0,171150,INR,2026-08-14T13:38:00Z,BATCH-JIOO-6738
PO_B12_006739,Cashfree Escrow,ZOMA-EXC-665454-UNRESOLVED,277007,5530,0,0,271477,INR,2026-08-14T23:55:00Z,HOLD-ESCROW
PO_B12_006740,Razorpay Nodal,NYKA-INV-420208 PO_B12_006740,225674,4514,0,0,221160,INR,2026-08-14T03:05:00Z,BATCH-NYKA-6740
PO_B12_006741,Cashfree Escrow,ZOMA-INV-881424 PO_B12_006741,368424,6570,0,0,361854,INR,2026-08-14T13:00:00Z,BATCH-ZOMA-6741
PO_B12_006742,Stripe India,MMTR-INV-474105 PO_B12_006742,389619,6189,0,0,383430,INR,2026-08-15T01:19:00Z,BATCH-MMTR-6742
PO_B12_006743,Stripe India,MMTR-INV-272543 PO_B12_006743,307062,6174,0,0,300888,INR,2026-08-14T16:39:00Z,BATCH-MMTR-6743
PO_B12_006744,Razorpay Nodal,AMZN-ORD-787429 AMZN-ORD-750290 AMZN-ORD-769275 BATCH-AMZN-6744,295183,5903,0,0,289280,INR,2026-08-14T19:33:00Z,BATCH-AMZN-6744
PO_B12_006745,Cashfree Escrow,AMZN-EXC-151635-UNRESOLVED,74060,1471,0,0,72589,INR,2026-08-14T23:01:00Z,HOLD-ESCROW
PO_B12_006746,Cashfree Escrow,MYNT-INV-172232 PO_B12_006746,321009,6547,0,0,314462,INR,2026-08-14T23:03:00Z,BATCH-MYNT-6746
PO_B12_006747,Razorpay Nodal,MMTR-ORD-733596 MMTR-ORD-694856 BATCH-MMTR-6747,242266,4845,0,0,237421,INR,2026-08-14T07:46:00Z,BATCH-MMTR-6747
PO_B12_006748,Razorpay Nodal,UBER-INV-400293 PO_B12_006748,206129,3229,0,0,202900,INR,2026-08-14T04:03:00Z,BATCH-UBER-6748
PO_B12_006749,Cashfree Escrow,JIOO-INV-228683 PO_B12_006749,72526,1175,0,0,71351,INR,2026-08-14T15:16:00Z,BATCH-JIOO-6749
PO_B12_006750,PayU Enterprise,SWIG-INV-498570 PO_B12_006750,315149,6108,0,0,309041,INR,2026-08-13T20:05:00Z,BATCH-SWIG-6750
PO_B12_006751,PayU Enterprise,UBER-INV-191150 PO_B12_006751,441136,6969,0,0,434167,INR,2026-08-13T20:30:00Z,BATCH-UBER-6751
PO_B12_006752,PayU Enterprise,ZOMA-INV-813857 PO_B12_006752,67169,1465,0,0,65704,INR,2026-08-14T07:24:00Z,BATCH-ZOMA-6752
PO_B12_006753,Razorpay Nodal,MMTR-INV-689427 PO_B12_006753,307423,5644,0,0,301779,INR,2026-08-14T11:54:00Z,BATCH-MMTR-6753
PO_B12_006754,PayU Enterprise,UBER-INV-317933 PO_B12_006754,318809,6189,0,0,312620,INR,2026-08-14T00:27:00Z,BATCH-UBER-6754
PO_B12_006755,PayU Enterprise,JIOO-INV-366352 PO_B12_006755,149669,3247,0,0,146422,INR,2026-08-14T04:23:00Z,BATCH-JIOO-6755
PO_B12_006756,Stripe India,UBER-INV-352599 PO_B12_006756,426811,9844,0,0,416967,INR,2026-08-14T15:45:00Z,BATCH-UBER-6756
PO_B12_006757,Razorpay Nodal,OLAA-INV-468959 PO_B12_006757,44291,1035,0,0,43256,INR,2026-08-14T02:13:00Z,BATCH-OLAA-6757
PO_B12_006758,Stripe India,OLAA-INV-863056 PO_B12_006758,186941,4660,0,0,182281,INR,2026-08-14T23:30:00Z,BATCH-OLAA-6758
PO_B12_006759,Razorpay Nodal,ZOMA-ORD-675361 ZOMA-ORD-995348 ZOMA-ORD-569589 BATCH-ZOMA-6759,211625,4232,0,0,207393,INR,2026-08-14T06:35:00Z,BATCH-ZOMA-6759
PO_B12_006760,PayU Enterprise,ZOMA-INV-353527 PO_B12_006760,353574,8673,0,0,344901,INR,2026-08-13T16:12:00Z,BATCH-ZOMA-6760
PO_B12_006761,PayU Enterprise,NYKA-INV-203790 PO_B12_006761,87170,1713,0,0,85457,INR,2026-08-14T10:20:00Z,BATCH-NYKA-6761
PO_B12_006762,PayU Enterprise,ZOMA-INV-982307 PO_B12_006762,169855,3606,0,0,166249,INR,2026-08-14T10:42:00Z,BATCH-ZOMA-6762
PO_B12_006763,PayU Enterprise,UBER-INV-853226 PO_B12_006763,73594,1372,0,0,72222,INR,2026-08-14T07:13:00Z,BATCH-UBER-6763
PO_B12_006764,BillDesk Settlement,MYNT-ORD-871465 MYNT-ORD-814221 BATCH-MYNT-6764,253984,5079,0,0,248905,INR,2026-08-14T02:49:00Z,BATCH-MYNT-6764
PO_B12_006765,Cashfree Escrow,BLNK-INV-418212 PO_B12_006765,110515,2140,0,0,108375,INR,2026-08-14T12:40:00Z,BATCH-BLNK-6765
PO_B12_006766,Stripe India,TATA-INV-248350 PO_B12_006766,438012,9748,0,0,428264,INR,2026-08-14T09:29:00Z,BATCH-TATA-6766
PO_B12_006767,BillDesk Settlement,ZOMA-INV-437282 PO_B12_006767,88410,1944,0,0,86466,INR,2026-08-14T21:45:00Z,BATCH-ZOMA-6767
PO_B12_006768,Stripe India,UBER-INV-627269 PO_B12_006768,357534,5546,0,0,351988,INR,2026-08-14T09:42:00Z,BATCH-UBER-6768
PO_B12_006769,Cashfree Escrow,BBAS-ORD-102233 BBAS-ORD-682770 BATCH-BBAS-6769,98674,1973,0,0,96701,INR,2026-08-14T14:17:00Z,BATCH-BBAS-6769
PO_B12_006770,Stripe India,SWIG-INV-661225 PO_B12_006770,101376,2412,0,0,98964,INR,2026-08-14T08:39:00Z,BATCH-SWIG-6770
PO_B12_006771,PayU Enterprise,JIOO-INV-227116 PO_B12_006771,98297,1872,0,0,96425,INR,2026-08-14T03:26:00Z,BATCH-JIOO-6771
PO_B12_006772,Razorpay Nodal,PHNP-INV-606777 PO_B12_006772,288975,6370,0,0,282605,INR,2026-08-14T05:19:00Z,BATCH-PHNP-6772
PO_B12_006773,Stripe India,ZOMA-ORD-308704 ZOMA-ORD-465895 BATCH-ZOMA-6773,316497,6329,0,0,310168,INR,2026-08-14T20:39:00Z,BATCH-ZOMA-6773
PO_B12_006774,Cashfree Escrow,NYKA-INV-457416 PO_B12_006774,78545,1372,0,0,77173,INR,2026-08-14T03:21:00Z,BATCH-NYKA-6774
PO_B12_006775,Cashfree Escrow,BKMS-INV-529829 PO_B12_006775,145759,2803,0,0,142956,INR,2026-08-14T05:29:00Z,BATCH-BKMS-6775
PO_B12_006776,Stripe India,BKMS-ORD-593322 BKMS-ORD-379092 BATCH-BKMS-6776,301176,6023,0,0,295153,INR,2026-08-14T18:41:00Z,BATCH-BKMS-6776
PO_B12_006777,Cashfree Escrow,UBER-INV-935265 PO_B12_006777,298978,6146,0,0,292832,INR,2026-08-13T18:26:00Z,BATCH-UBER-6777
PO_B12_006778,Razorpay Nodal,SWIG-INV-758876 PO_B12_006778,437524,7218,0,0,430306,INR,2026-08-14T09:15:00Z,BATCH-SWIG-6778
PO_B12_006779,Cashfree Escrow,BKMS-INV-671691 PO_B12_006779,166511,2880,0,0,163631,INR,2026-08-13T16:48:00Z,BATCH-BKMS-6779
PO_B12_006780,Cashfree Escrow,NYKA-ORD-462362 NYKA-ORD-915594 NYKA-ORD-634680 BATCH-NYKA-6780,575837,11516,0,0,564321,INR,2026-08-14T12:31:00Z,BATCH-NYKA-6780
PO_B12_006781,Stripe India,OLAA-INV-238145 PO_B12_006781,369455,7010,0,0,362445,INR,2026-08-14T10:33:00Z,BATCH-OLAA-6781
PO_B12_006782,Stripe India,MYNT-ORD-157005 MYNT-ORD-256505 MYNT-ORD-328084 BATCH-MYNT-6782,336883,6737,0,0,330146,INR,2026-08-14T14:54:00Z,BATCH-MYNT-6782
PO_B12_006783,Razorpay Nodal,BKMS-EXC-168848-UNRESOLVED,110088,2191,0,0,107897,INR,2026-08-14T23:40:00Z,HOLD-ESCROW
PO_B12_006784,Stripe India,UBER-INV-398760 PO_B12_006784,310247,6635,0,0,303612,INR,2026-08-14T14:09:00Z,BATCH-UBER-6784
PO_B12_006785,Razorpay Nodal,BLNK-INV-915986 PO_B12_006785,101552,1563,0,0,99989,INR,2026-08-14T09:45:00Z,BATCH-BLNK-6785
PO_B12_006786,Cashfree Escrow,UBER-INV-488216 PO_B12_006786,388459,7321,0,0,381138,INR,2026-08-14T11:04:00Z,BATCH-UBER-6786
PO_B12_006787,Razorpay Nodal,OLAA-INV-481525 PO_B12_006787,105539,2396,0,0,103143,INR,2026-08-14T11:20:00Z,BATCH-OLAA-6787
PO_B12_006788,Razorpay Nodal,MMTR-INV-756679 PO_B12_006788,111963,2185,0,0,109778,INR,2026-08-14T00:14:00Z,BATCH-MMTR-6788
PO_B12_006789,Cashfree Escrow,MYNT-INV-813425 PO_B12_006789,38389,886,0,0,37503,INR,2026-08-13T21:29:00Z,BATCH-MYNT-6789
PO_B12_006790,PayU Enterprise,MMTR-INV-413761 PO_B12_006790,63380,1238,0,0,62142,INR,2026-08-13T23:52:00Z,BATCH-MMTR-6790
PO_B12_006791,BillDesk Settlement,BLNK-INV-514510 PO_B12_006791,110549,2064,0,0,108485,INR,2026-08-14T03:14:00Z,BATCH-BLNK-6791
PO_B12_006792,Stripe India,OLAA-INV-149508 PO_B12_006792,106899,2477,0,0,104422,INR,2026-08-14T12:33:00Z,BATCH-OLAA-6792
PO_B12_006793,Razorpay Nodal,BKMS-INV-681339 PO_B12_006793,340392,6373,0,0,334019,INR,2026-08-14T08:15:00Z,BATCH-BKMS-6793
PO_B12_006794,PayU Enterprise,AMZN-EXC-198626-UNRESOLVED,261785,5225,0,0,256560,INR,2026-08-14T13:17:00Z,HOLD-ESCROW
PO_B12_006795,PayU Enterprise,PHNP-EXC-680563-UNRESOLVED,56774,1125,0,0,55649,INR,2026-08-14T09:56:00Z,HOLD-ESCROW
PO_B12_006796,BillDesk Settlement,MMTR-EXC-108222-UNRESOLVED,196887,3927,0,0,192960,INR,2026-08-14T10:03:00Z,HOLD-ESCROW
PO_B12_006797,Razorpay Nodal,MYNT-INV-134041 PO_B12_006797,68435,1388,0,0,67047,INR,2026-08-14T05:51:00Z,BATCH-MYNT-6797
PO_B12_006798,Stripe India,FLPK-INV-152845 PO_B12_006798,113291,1709,0,0,111582,INR,2026-08-13T21:02:00Z,BATCH-FLPK-6798
PO_B12_006799,Razorpay Nodal,ZOMA-INV-642778 PO_B12_006799,190405,3294,0,0,187111,INR,2026-08-14T19:25:00Z,BATCH-ZOMA-6799
PO_B12_006800,BillDesk Settlement,ZOMA-INV-284166 PO_B12_006800,232987,4009,0,0,228978,INR,2026-08-13T21:59:00Z,BATCH-ZOMA-6800
PO_B12_006801,Cashfree Escrow,UBER-INV-255445 PO_B12_006801,277770,4719,0,0,273051,INR,2026-08-14T06:22:00Z,BATCH-UBER-6801
PO_B12_006802,Stripe India,SWIG-INV-464202 PO_B12_006802,111622,2009,0,0,109613,INR,2026-08-14T10:09:00Z,BATCH-SWIG-6802
PO_B12_006803,PayU Enterprise,FLPK-INV-332229 PO_B12_006803,73730,1727,0,0,72003,INR,2026-08-14T05:24:00Z,BATCH-FLPK-6803
PO_B12_006804,PayU Enterprise,JIOO-INV-332409 PO_B12_006804,427751,8052,0,0,419699,INR,2026-08-14T19:53:00Z,BATCH-JIOO-6804
PO_B12_006805,BillDesk Settlement,TATA-EXC-579075-UNRESOLVED,164197,3273,0,0,160924,INR,2026-08-14T14:14:00Z,HOLD-ESCROW
PO_B12_006806,BillDesk Settlement,MMTR-ORD-470123 MMTR-ORD-254901 MMTR-ORD-140679 BATCH-MMTR-6806,488259,9765,0,0,478494,INR,2026-08-14T08:27:00Z,BATCH-MMTR-6806
PO_B12_006807,Razorpay Nodal,BKMS-INV-389834 PO_B12_006807,297492,4933,0,0,292559,INR,2026-08-14T20:42:00Z,BATCH-BKMS-6807
PO_B12_006808,Razorpay Nodal,BBAS-INV-708671 PO_B12_006808,328122,6548,0,0,321574,INR,2026-08-14T10:07:00Z,BATCH-BBAS-6808
PO_B12_006809,BillDesk Settlement,BBAS-INV-186856 PO_B12_006809,151481,3287,0,0,148194,INR,2026-08-14T14:52:00Z,BATCH-BBAS-6809
PO_B12_006810,BillDesk Settlement,SWIG-INV-531780 PO_B12_006810,53919,967,0,0,52952,INR,2026-08-14T13:43:00Z,BATCH-SWIG-6810
PO_B12_006811,BillDesk Settlement,AMZN-INV-448994 PO_B12_006811,171451,3849,0,0,167602,INR,2026-08-13T23:40:00Z,BATCH-AMZN-6811
PO_B12_006812,Cashfree Escrow,SWIG-INV-797429 PO_B12_006812,62027,1012,0,0,61015,INR,2026-08-14T15:18:00Z,BATCH-SWIG-6812
PO_B12_006813,Cashfree Escrow,AMZN-INV-978290 PO_B12_006813,355723,6756,0,0,348967,INR,2026-08-14T00:18:00Z,BATCH-AMZN-6813
PO_B12_006814,BillDesk Settlement,MYNT-INV-137159 PO_B12_006814,41174,974,0,0,40200,INR,2026-08-14T02:33:00Z,BATCH-MYNT-6814
PO_B12_006815,PayU Enterprise,JIOO-INV-128602 PO_B12_006815,203827,3387,0,0,200440,INR,2026-08-14T13:01:00Z,BATCH-JIOO-6815
PO_B12_006816,Cashfree Escrow,PHNP-INV-870261 PO_B12_006816,52137,799,0,0,51338,INR,2026-08-14T22:19:00Z,BATCH-PHNP-6816
PO_B12_006817,Stripe India,TATA-INV-470435 PO_B12_006817,426889,9987,0,0,416902,INR,2026-08-14T01:10:00Z,BATCH-TATA-6817
PO_B12_006818,Razorpay Nodal,AMZN-INV-964306 PO_B12_006818,284314,5260,0,0,279054,INR,2026-08-14T07:45:00Z,BATCH-AMZN-6818
PO_B12_006819,Stripe India,FLPK-INV-880864 PO_B12_006819,72794,1327,0,0,71467,INR,2026-08-14T00:30:00Z,BATCH-FLPK-6819
PO_B12_006820,BillDesk Settlement,JIOO-INV-194970 PO_B12_006820,447838,8199,0,0,439639,INR,2026-08-14T04:51:00Z,BATCH-JIOO-6820
PO_B12_006821,Razorpay Nodal,BBAS-INV-704450 PO_B12_006821,61394,1321,0,0,60073,INR,2026-08-14T16:32:00Z,BATCH-BBAS-6821
PO_B12_006822,Razorpay Nodal,AMZN-INV-723752 PO_B12_006822,433230,7036,0,0,426194,INR,2026-08-14T12:30:00Z,BATCH-AMZN-6822
PO_B12_006823,Stripe India,PHNP-INV-229310 PO_B12_006823,98764,2098,0,0,96666,INR,2026-08-14T16:29:00Z,BATCH-PHNP-6823
PO_B12_006824,Cashfree Escrow,UBER-INV-910378 PO_B12_006824,211779,4059,0,0,207720,INR,2026-08-14T12:43:00Z,BATCH-UBER-6824
PO_B12_006825,Stripe India,MMTR-INV-797990 PO_B12_006825,173362,3366,0,0,169996,INR,2026-08-13T20:51:00Z,BATCH-MMTR-6825
PO_B12_006826,BillDesk Settlement,UBER-INV-824669 PO_B12_006826,203556,3761,0,0,199795,INR,2026-08-14T05:11:00Z,BATCH-UBER-6826
PO_B12_006827,Stripe India,PHNP-INV-311347 PO_B12_006827,265108,5851,0,0,259257,INR,2026-08-14T11:43:00Z,BATCH-PHNP-6827
PO_B12_006828,Stripe India,MYNT-INV-142185 PO_B12_006828,359556,6350,0,0,353206,INR,2026-08-14T10:22:00Z,BATCH-MYNT-6828
PO_B12_006829,Razorpay Nodal,JIOO-INV-491259 PO_B12_006829,224752,3666,0,0,221086,INR,2026-08-14T12:58:00Z,BATCH-JIOO-6829
PO_B12_006830,Razorpay Nodal,PAYT-INV-715087 PO_B12_006830,247604,5573,0,0,242031,INR,2026-08-14T07:09:00Z,BATCH-PAYT-6830
PO_B12_006831,Razorpay Nodal,BLNK-INV-895118 PO_B12_006831,275583,5170,0,0,270413,INR,2026-08-15T00:48:00Z,BATCH-BLNK-6831
PO_B12_006832,PayU Enterprise,NYKA-ORD-516169 NYKA-ORD-662633 BATCH-NYKA-6832,295162,5903,0,0,289259,INR,2026-08-14T14:42:00Z,BATCH-NYKA-6832
PO_B12_006833,BillDesk Settlement,PAYT-ORD-521779 PAYT-ORD-277571 BATCH-PAYT-6833,117617,2352,0,0,115265,INR,2026-08-14T02:47:00Z,BATCH-PAYT-6833
PO_B12_006834,Stripe India,JIOO-ORD-324730 JIOO-ORD-116171 BATCH-JIOO-6834,190838,3816,0,0,187022,INR,2026-08-14T09:41:00Z,BATCH-JIOO-6834
PO_B12_006835,BillDesk Settlement,ZOMA-INV-751499 PO_B12_006835,317168,6182,0,0,310986,INR,2026-08-13T22:24:00Z,BATCH-ZOMA-6835
PO_B12_006836,Razorpay Nodal,TATA-INV-502447 PO_B12_006836,31345,543,0,0,30802,INR,2026-08-14T09:08:00Z,BATCH-TATA-6836
PO_B12_006837,Cashfree Escrow,BBAS-EXC-849974-UNRESOLVED,181026,3610,0,0,177416,INR,2026-08-15T08:15:00Z,HOLD-ESCROW
PO_B12_006838,Razorpay Nodal,ZOMA-ORD-494450 ZOMA-ORD-125373 ZOMA-ORD-728541 BATCH-ZOMA-6838,308303,6166,0,0,302137,INR,2026-08-14T11:04:00Z,BATCH-ZOMA-6838
PO_B12_006839,PayU Enterprise,AMZN-ORD-850712 AMZN-ORD-702731 BATCH-AMZN-6839,226351,4527,0,0,221824,INR,2026-08-13T22:44:00Z,BATCH-AMZN-6839
PO_B12_006840,Cashfree Escrow,JIOO-INV-920861 PO_B12_006840,295725,4607,0,0,291118,INR,2026-08-14T13:43:00Z,BATCH-JIOO-6840
PO_B12_006841,Razorpay Nodal,SWIG-INV-145709 PO_B12_006841,356866,5476,0,0,351390,INR,2026-08-14T19:31:00Z,BATCH-SWIG-6841
PO_B12_006842,PayU Enterprise,SWIG-INV-795186 PO_B12_006842,217051,5243,0,0,211808,INR,2026-08-14T09:14:00Z,BATCH-SWIG-6842
PO_B12_006843,Cashfree Escrow,PAYT-INV-552230 PO_B12_006843,325419,6365,0,0,319054,INR,2026-08-14T10:09:00Z,BATCH-PAYT-6843
PO_B12_006844,BillDesk Settlement,FLPK-INV-462679 PO_B12_006844,421398,7854,0,0,413544,INR,2026-08-14T12:46:00Z,BATCH-FLPK-6844
PO_B12_006845,Cashfree Escrow,OLAA-ORD-299758 OLAA-ORD-902256 BATCH-OLAA-6845,270948,5418,0,0,265530,INR,2026-08-14T07:42:00Z,BATCH-OLAA-6845
PO_B12_006846,BillDesk Settlement,PAYT-INV-557494 PO_B12_006846,46734,1115,0,0,45619,INR,2026-08-14T08:44:00Z,BATCH-PAYT-6846
PO_B12_006847,PayU Enterprise,MYNT-EXC-213688-UNRESOLVED,64992,1289,0,0,63703,INR,2026-08-14T09:22:00Z,HOLD-ESCROW
PO_B12_006848,PayU Enterprise,SWIG-INV-751133 PO_B12_006848,367920,7634,0,0,360286,INR,2026-08-14T02:42:00Z,BATCH-SWIG-6848
PO_B12_006849,Razorpay Nodal,AMZN-INV-127288 PO_B12_006849,56505,1221,0,0,55284,INR,2026-08-14T12:14:00Z,BATCH-AMZN-6849
PO_B12_006850,Stripe India,PHNP-EXC-468858-UNRESOLVED,241424,4818,0,0,236606,INR,2026-08-15T01:28:00Z,HOLD-ESCROW
PO_B12_006851,BillDesk Settlement,BLNK-INV-844227 PO_B12_006851,79983,1887,0,0,78096,INR,2026-08-14T17:11:00Z,BATCH-BLNK-6851
PO_B12_006852,Cashfree Escrow,MYNT-INV-999409 PO_B12_006852,244477,4604,0,0,239873,INR,2026-08-14T14:58:00Z,BATCH-MYNT-6852
PO_B12_006853,Stripe India,NYKA-INV-758088 PO_B12_006853,209443,3836,0,0,205607,INR,2026-08-14T23:34:00Z,BATCH-NYKA-6853
PO_B12_006854,BillDesk Settlement,PHNP-ORD-477813 PHNP-ORD-219257 PHNP-ORD-528661 BATCH-PHNP-6854,410767,8215,0,0,402552,INR,2026-08-14T08:14:00Z,BATCH-PHNP-6854
PO_B12_006855,Razorpay Nodal,PHNP-ORD-431596 PHNP-ORD-313690 PHNP-ORD-379025 BATCH-PHNP-6855,431911,8638,0,0,423273,INR,2026-08-14T12:36:00Z,BATCH-PHNP-6855
PO_B12_006856,BillDesk Settlement,PAYT-INV-846165 PO_B12_006856,367290,6070,0,0,361220,INR,2026-08-14T03:27:00Z,BATCH-PAYT-6856
PO_B12_006857,PayU Enterprise,NYKA-INV-848109 PO_B12_006857,163196,3618,0,0,159578,INR,2026-08-13T23:39:00Z,BATCH-NYKA-6857
PO_B12_006858,Razorpay Nodal,FLPK-INV-705942 PO_B12_006858,427974,9982,0,0,417992,INR,2026-08-14T11:26:00Z,BATCH-FLPK-6858
PO_B12_006859,Razorpay Nodal,MMTR-INV-173342 PO_B12_006859,257528,4192,0,0,253336,INR,2026-08-14T00:56:00Z,BATCH-MMTR-6859
PO_B12_006860,Stripe India,FLPK-INV-307403 PO_B12_006860,264827,5496,0,0,259331,INR,2026-08-13T17:00:00Z,BATCH-FLPK-6860
PO_B12_006861,Razorpay Nodal,UBER-INV-959231 PO_B12_006861,123398,2524,0,0,120874,INR,2026-08-14T07:30:00Z,BATCH-UBER-6861
PO_B12_006862,Cashfree Escrow,MMTR-INV-968316 PO_B12_006862,329322,8041,0,0,321281,INR,2026-08-14T14:59:00Z,BATCH-MMTR-6862
PO_B12_006863,PayU Enterprise,NYKA-INV-758888 PO_B12_006863,67587,1320,0,0,66267,INR,2026-08-14T23:27:00Z,BATCH-NYKA-6863
PO_B12_006864,Cashfree Escrow,SWIG-INV-868034 PO_B12_006864,217848,3480,0,0,214368,INR,2026-08-14T03:14:00Z,BATCH-SWIG-6864
PO_B12_006865,Cashfree Escrow,PAYT-INV-946765 PO_B12_006865,379014,9276,0,0,369738,INR,2026-08-13T16:34:00Z,BATCH-PAYT-6865
PO_B12_006866,Razorpay Nodal,SWIG-INV-422816 PO_B12_006866,390463,8955,0,0,381508,INR,2026-08-13T19:04:00Z,BATCH-SWIG-6866
PO_B12_006867,Stripe India,TATA-INV-374634 PO_B12_006867,70790,1537,0,0,69253,INR,2026-08-14T14:34:00Z,BATCH-TATA-6867
PO_B12_006868,Razorpay Nodal,OLAA-ORD-676852 OLAA-ORD-306678 BATCH-OLAA-6868,94267,1885,0,0,92382,INR,2026-08-14T20:27:00Z,BATCH-OLAA-6868
PO_B12_006869,PayU Enterprise,NYKA-INV-543431 PO_B12_006869,205945,4397,0,0,201548,INR,2026-08-14T13:56:00Z,BATCH-NYKA-6869
PO_B12_006870,BillDesk Settlement,ZOMA-INV-238580 PO_B12_006870,169613,2794,0,0,166819,INR,2026-08-14T04:10:00Z,BATCH-ZOMA-6870
PO_B12_006871,BillDesk Settlement,PAYT-INV-540915 PO_B12_006871,403440,9969,0,0,393471,INR,2026-08-14T22:51:00Z,BATCH-PAYT-6871
PO_B12_006872,Cashfree Escrow,UBER-ORD-657207 UBER-ORD-771377 UBER-ORD-871553 BATCH-UBER-6872,589945,11798,0,0,578147,INR,2026-08-14T08:24:00Z,BATCH-UBER-6872
PO_B12_006873,Cashfree Escrow,PAYT-INV-623701 PO_B12_006873,379547,7054,0,0,372493,INR,2026-08-14T04:09:00Z,BATCH-PAYT-6873
PO_B12_006874,Razorpay Nodal,FLPK-ORD-207800 FLPK-ORD-848173 BATCH-FLPK-6874,254927,5098,0,0,249829,INR,2026-08-14T04:52:00Z,BATCH-FLPK-6874
PO_B12_006875,Stripe India,UBER-INV-105315 PO_B12_006875,278253,6875,0,0,271378,INR,2026-08-14T06:45:00Z,BATCH-UBER-6875
PO_B12_006876,BillDesk Settlement,PHNP-INV-345825 PO_B12_006876,356992,6575,0,0,350417,INR,2026-08-14T12:17:00Z,BATCH-PHNP-6876
PO_B12_006877,BillDesk Settlement,ZOMA-INV-574215 PO_B12_006877,184433,2950,0,0,181483,INR,2026-08-14T06:11:00Z,BATCH-ZOMA-6877
PO_B12_006878,Cashfree Escrow,PAYT-INV-466476 PO_B12_006878,118207,1981,0,0,116226,INR,2026-08-14T00:18:00Z,BATCH-PAYT-6878
PO_B12_006879,BillDesk Settlement,BKMS-INV-413160 PO_B12_006879,377902,8605,0,0,369297,INR,2026-08-14T06:36:00Z,BATCH-BKMS-6879
PO_B12_006880,Razorpay Nodal,MYNT-EXC-752386-UNRESOLVED,289066,5771,0,0,283295,INR,2026-08-14T23:45:00Z,HOLD-ESCROW
PO_B12_006881,Razorpay Nodal,UBER-INV-483192 PO_B12_006881,210081,4169,0,0,205912,INR,2026-08-14T04:32:00Z,BATCH-UBER-6881
PO_B12_006882,PayU Enterprise,AMZN-ORD-752559 AMZN-ORD-531021 BATCH-AMZN-6882,316562,6331,0,0,310231,INR,2026-08-14T01:19:00Z,BATCH-AMZN-6882
PO_B12_006883,Stripe India,PHNP-INV-123779 PO_B12_006883,406720,6356,0,0,400364,INR,2026-08-14T02:23:00Z,BATCH-PHNP-6883
PO_B12_006884,BillDesk Settlement,OLAA-ORD-274648 OLAA-ORD-246100 BATCH-OLAA-6884,320768,6415,0,0,314353,INR,2026-08-14T17:32:00Z,BATCH-OLAA-6884
PO_B12_006885,PayU Enterprise,TATA-INV-644699 PO_B12_006885,31562,554,0,0,31008,INR,2026-08-14T21:56:00Z,BATCH-TATA-6885
PO_B12_006886,PayU Enterprise,PAYT-INV-147058 PO_B12_006886,203698,4682,0,0,199016,INR,2026-08-14T04:49:00Z,BATCH-PAYT-6886
PO_B12_006887,Cashfree Escrow,PAYT-INV-336324 PO_B12_006887,89898,1535,0,0,88363,INR,2026-08-14T10:32:00Z,BATCH-PAYT-6887
PO_B12_006888,Razorpay Nodal,PHNP-ORD-661529 PHNP-ORD-405682 PHNP-ORD-905511 BATCH-PHNP-6888,426612,8532,0,0,418080,INR,2026-08-13T21:45:00Z,BATCH-PHNP-6888
PO_B12_006889,Cashfree Escrow,TATA-INV-615673 PO_B12_006889,348837,6489,0,0,342348,INR,2026-08-14T00:23:00Z,BATCH-TATA-6889
PO_B12_006890,Stripe India,SWIG-INV-993989 PO_B12_006890,225513,4209,0,0,221304,INR,2026-08-14T09:04:00Z,BATCH-SWIG-6890
PO_B12_006891,Cashfree Escrow,ZOMA-INV-149346 PO_B12_006891,290571,5156,0,0,285415,INR,2026-08-14T01:48:00Z,BATCH-ZOMA-6891
PO_B12_006892,BillDesk Settlement,BKMS-EXC-330445-UNRESOLVED,184319,3676,0,0,180643,INR,2026-08-14T14:00:00Z,HOLD-ESCROW
PO_B12_006893,BillDesk Settlement,ZOMA-INV-606235 PO_B12_006893,383943,7098,0,0,376845,INR,2026-08-14T14:40:00Z,BATCH-ZOMA-6893
PO_B12_006894,PayU Enterprise,UBER-ORD-462066 UBER-ORD-835041 BATCH-UBER-6894,164335,3286,0,0,161049,INR,2026-08-14T19:03:00Z,BATCH-UBER-6894
PO_B12_006895,Stripe India,UBER-INV-524093 PO_B12_006895,294418,6158,0,0,288260,INR,2026-08-14T18:49:00Z,BATCH-UBER-6895
PO_B12_006896,BillDesk Settlement,NYKA-INV-492118 PO_B12_006896,197028,4638,0,0,192390,INR,2026-08-14T20:43:00Z,BATCH-NYKA-6896
PO_B12_006897,PayU Enterprise,MMTR-ORD-374441 MMTR-ORD-624891 BATCH-MMTR-6897,304984,6099,0,0,298885,INR,2026-08-14T10:03:00Z,BATCH-MMTR-6897
PO_B12_006898,BillDesk Settlement,PAYT-INV-704176 PO_B12_006898,307674,4784,0,0,302890,INR,2026-08-14T00:48:00Z,BATCH-PAYT-6898
PO_B12_006899,Stripe India,PHNP-ORD-151062 PHNP-ORD-965892 BATCH-PHNP-6899,131358,2627,0,0,128731,INR,2026-08-14T16:21:00Z,BATCH-PHNP-6899
PO_B12_006900,BillDesk Settlement,AMZN-ORD-729737 AMZN-ORD-224551 AMZN-ORD-590176 BATCH-AMZN-6900,387994,7759,0,0,380235,INR,2026-08-14T10:31:00Z,BATCH-AMZN-6900
PO_B12_006901,BillDesk Settlement,SWIG-ORD-231798 SWIG-ORD-181962 SWIG-ORD-347348 BATCH-SWIG-6901,490997,9819,0,0,481178,INR,2026-08-14T10:49:00Z,BATCH-SWIG-6901
PO_B12_006902,BillDesk Settlement,SWIG-INV-558975 PO_B12_006902,77778,1319,0,0,76459,INR,2026-08-14T03:46:00Z,BATCH-SWIG-6902
PO_B12_006903,PayU Enterprise,NYKA-INV-918931 PO_B12_006903,202999,3116,0,0,199883,INR,2026-08-14T00:21:00Z,BATCH-NYKA-6903
PO_B12_006904,Stripe India,SWIG-INV-903937 PO_B12_006904,408844,6842,0,0,402002,INR,2026-08-14T06:44:00Z,BATCH-SWIG-6904
PO_B12_006905,Cashfree Escrow,JIOO-ORD-861862 JIOO-ORD-834822 JIOO-ORD-459833 BATCH-JIOO-6905,194336,3886,0,0,190450,INR,2026-08-14T19:58:00Z,BATCH-JIOO-6905
PO_B12_006906,Razorpay Nodal,UBER-INV-668414 PO_B12_006906,415488,6848,0,0,408640,INR,2026-08-13T16:45:00Z,BATCH-UBER-6906
PO_B12_006907,Stripe India,SWIG-INV-906580 PO_B12_006907,321889,5572,0,0,316317,INR,2026-08-14T17:55:00Z,BATCH-SWIG-6907
PO_B12_006908,BillDesk Settlement,PAYT-INV-365211 PO_B12_006908,449188,7628,0,0,441560,INR,2026-08-13T17:59:00Z,BATCH-PAYT-6908
PO_B12_006909,Cashfree Escrow,AMZN-INV-601802 PO_B12_006909,217388,4977,0,0,212411,INR,2026-08-14T10:39:00Z,BATCH-AMZN-6909
PO_B12_006910,PayU Enterprise,PAYT-INV-363747 PO_B12_006910,68936,1662,0,0,67274,INR,2026-08-14T04:01:00Z,BATCH-PAYT-6910
PO_B12_006911,Razorpay Nodal,PHNP-INV-692377 PO_B12_006911,99764,1983,0,0,97781,INR,2026-08-14T12:25:00Z,BATCH-PHNP-6911
PO_B12_006912,Cashfree Escrow,MYNT-ORD-177646 MYNT-ORD-408708 MYNT-ORD-274592 BATCH-MYNT-6912,313388,6267,0,0,307121,INR,2026-08-14T05:47:00Z,BATCH-MYNT-6912
PO_B12_006913,BillDesk Settlement,PAYT-INV-560423 PO_B12_006913,130733,3218,0,0,127515,INR,2026-08-14T23:58:00Z,BATCH-PAYT-6913
PO_B12_006914,Stripe India,MMTR-ORD-242962 MMTR-ORD-666108 BATCH-MMTR-6914,339720,6794,0,0,332926,INR,2026-08-14T08:45:00Z,BATCH-MMTR-6914
PO_B12_006915,PayU Enterprise,UBER-INV-156232 PO_B12_006915,376842,8582,0,0,368260,INR,2026-08-14T03:14:00Z,BATCH-UBER-6915
PO_B12_006916,BillDesk Settlement,NYKA-INV-171374 PO_B12_006916,402584,6103,0,0,396481,INR,2026-08-14T11:44:00Z,BATCH-NYKA-6916
PO_B12_006917,PayU Enterprise,NYKA-INV-738052 PO_B12_006917,51128,1261,0,0,49867,INR,2026-08-14T09:15:00Z,BATCH-NYKA-6917
PO_B12_006918,Cashfree Escrow,TATA-INV-377417 PO_B12_006918,345822,7543,0,0,338279,INR,2026-08-13T18:45:00Z,BATCH-TATA-6918
PO_B12_006919,Razorpay Nodal,UBER-ORD-298952 UBER-ORD-329970 BATCH-UBER-6919,200419,4008,0,0,196411,INR,2026-08-14T17:15:00Z,BATCH-UBER-6919
PO_B12_006920,BillDesk Settlement,AMZN-INV-666487 PO_B12_006920,252395,4232,0,0,248163,INR,2026-08-13T16:09:00Z,BATCH-AMZN-6920
PO_B12_006921,BillDesk Settlement,PHNP-INV-254896 PO_B12_006921,174361,3593,0,0,170768,INR,2026-08-14T00:22:00Z,BATCH-PHNP-6921
PO_B12_006922,PayU Enterprise,PAYT-INV-811400 PO_B12_006922,401346,8198,0,0,393148,INR,2026-08-14T08:01:00Z,BATCH-PAYT-6922
PO_B12_006923,BillDesk Settlement,BBAS-INV-578665 PO_B12_006923,371131,5798,0,0,365333,INR,2026-08-14T01:31:00Z,BATCH-BBAS-6923
PO_B12_006924,BillDesk Settlement,ZOMA-INV-758766 PO_B12_006924,210538,4030,0,0,206508,INR,2026-08-14T23:41:00Z,BATCH-ZOMA-6924
PO_B12_006925,Stripe India,JIOO-INV-413558 PO_B12_006925,197604,3766,0,0,193838,INR,2026-08-13T19:48:00Z,BATCH-JIOO-6925
PO_B12_006926,PayU Enterprise,PHNP-ORD-721412 PHNP-ORD-926508 PHNP-ORD-696282 BATCH-PHNP-6926,547797,10955,0,0,536842,INR,2026-08-14T07:15:00Z,BATCH-PHNP-6926
PO_B12_006927,Cashfree Escrow,PHNP-ORD-413249 PHNP-ORD-390029 PHNP-ORD-424292 BATCH-PHNP-6927,321203,6424,0,0,314779,INR,2026-08-14T16:53:00Z,BATCH-PHNP-6927
PO_B12_006928,Razorpay Nodal,JIOO-ORD-407780 JIOO-ORD-339553 BATCH-JIOO-6928,134959,2699,0,0,132260,INR,2026-08-14T04:42:00Z,BATCH-JIOO-6928
PO_B12_006929,Razorpay Nodal,TATA-INV-979520 PO_B12_006929,155466,2422,0,0,153044,INR,2026-08-14T02:45:00Z,BATCH-TATA-6929
PO_B12_006930,BillDesk Settlement,PAYT-INV-833111 PO_B12_006930,87554,1544,0,0,86010,INR,2026-08-14T07:46:00Z,BATCH-PAYT-6930
PO_B12_006931,Stripe India,MMTR-INV-640158 PO_B12_006931,39277,978,0,0,38299,INR,2026-08-14T13:03:00Z,BATCH-MMTR-6931
PO_B12_006932,BillDesk Settlement,PHNP-INV-636352 PO_B12_006932,213067,5070,0,0,207997,INR,2026-08-14T04:31:00Z,BATCH-PHNP-6932
PO_B12_006933,Razorpay Nodal,UBER-INV-737768 PO_B12_006933,111358,1860,0,0,109498,INR,2026-08-14T03:31:00Z,BATCH-UBER-6933
PO_B12_006934,BillDesk Settlement,TATA-INV-183048 PO_B12_006934,424524,9708,0,0,414816,INR,2026-08-14T18:30:00Z,BATCH-TATA-6934
PO_B12_006935,Razorpay Nodal,UBER-INV-273152 PO_B12_006935,173743,3683,0,0,170060,INR,2026-08-13T19:17:00Z,BATCH-UBER-6935
PO_B12_006936,Razorpay Nodal,BLNK-ORD-752190 BLNK-ORD-285120 BLNK-ORD-105124 BATCH-BLNK-6936,513455,10269,0,0,503186,INR,2026-08-14T15:20:00Z,BATCH-BLNK-6936
PO_B12_006937,Cashfree Escrow,MMTR-EXC-252339-UNRESOLVED,217798,4345,0,0,213453,INR,2026-08-14T12:25:00Z,HOLD-ESCROW
PO_B12_006938,PayU Enterprise,BBAS-ORD-163153 BBAS-ORD-396742 BATCH-BBAS-6938,367038,7340,0,0,359698,INR,2026-08-14T16:22:00Z,BATCH-BBAS-6938
PO_B12_006939,BillDesk Settlement,TATA-INV-298428 PO_B12_006939,265920,5915,0,0,260005,INR,2026-08-14T05:28:00Z,BATCH-TATA-6939
PO_B12_006940,Cashfree Escrow,TATA-INV-687948 PO_B12_006940,41752,822,0,0,40930,INR,2026-08-15T01:03:00Z,BATCH-TATA-6940
PO_B12_006941,PayU Enterprise,BBAS-INV-243642 PO_B12_006941,426129,7955,0,0,418174,INR,2026-08-14T22:09:00Z,BATCH-BBAS-6941
PO_B12_006942,Cashfree Escrow,BBAS-ORD-984492 BBAS-ORD-521545 BATCH-BBAS-6942,206131,4122,0,0,202009,INR,2026-08-14T18:42:00Z,BATCH-BBAS-6942
PO_B12_006943,Cashfree Escrow,OLAA-INV-257915 PO_B12_006943,341917,7011,0,0,334906,INR,2026-08-14T11:25:00Z,BATCH-OLAA-6943
PO_B12_006944,Cashfree Escrow,PHNP-ORD-286131 PHNP-ORD-540692 BATCH-PHNP-6944,275240,5504,0,0,269736,INR,2026-08-14T06:01:00Z,BATCH-PHNP-6944
PO_B12_006945,Cashfree Escrow,AMZN-ORD-699617 AMZN-ORD-787013 BATCH-AMZN-6945,330409,6608,0,0,323801,INR,2026-08-14T19:55:00Z,BATCH-AMZN-6945
PO_B12_006946,Razorpay Nodal,MMTR-INV-546109 PO_B12_006946,324426,5419,0,0,319007,INR,2026-08-14T13:40:00Z,BATCH-MMTR-6946
PO_B12_006947,Razorpay Nodal,MMTR-INV-649167 PO_B12_006947,431375,7701,0,0,423674,INR,2026-08-14T15:56:00Z,BATCH-MMTR-6947
PO_B12_006948,Cashfree Escrow,OLAA-ORD-940224 OLAA-ORD-331823 BATCH-OLAA-6948,284040,5680,0,0,278360,INR,2026-08-14T14:58:00Z,BATCH-OLAA-6948
PO_B12_006949,PayU Enterprise,PAYT-INV-504764 PO_B12_006949,411687,8446,0,0,403241,INR,2026-08-14T14:39:00Z,BATCH-PAYT-6949
PO_B12_006950,Cashfree Escrow,MYNT-ORD-706710 MYNT-ORD-999666 BATCH-MYNT-6950,342540,6850,0,0,335690,INR,2026-08-14T00:55:00Z,BATCH-MYNT-6950
PO_B12_006951,Cashfree Escrow,OLAA-INV-895141 PO_B12_006951,300312,7023,0,0,293289,INR,2026-08-14T04:32:00Z,BATCH-OLAA-6951
PO_B12_006952,Cashfree Escrow,BKMS-INV-661950 PO_B12_006952,449311,8156,0,0,441155,INR,2026-08-14T01:38:00Z,BATCH-BKMS-6952
PO_B12_006953,PayU Enterprise,BBAS-ORD-325238 BBAS-ORD-203248 BATCH-BBAS-6953,248259,4965,0,0,243294,INR,2026-08-14T03:16:00Z,BATCH-BBAS-6953
PO_B12_006954,Razorpay Nodal,UBER-INV-107610 PO_B12_006954,332731,6095,0,0,326636,INR,2026-08-14T20:32:00Z,BATCH-UBER-6954
PO_B12_006955,BillDesk Settlement,BBAS-INV-393494 PO_B12_006955,372799,8399,0,0,364400,INR,2026-08-14T10:46:00Z,BATCH-BBAS-6955
PO_B12_006956,BillDesk Settlement,UBER-INV-524285 PO_B12_006956,39572,808,0,0,38764,INR,2026-08-14T14:13:00Z,BATCH-UBER-6956
PO_B12_006957,Razorpay Nodal,OLAA-INV-466945 PO_B12_006957,190382,3191,0,0,187191,INR,2026-08-13T19:00:00Z,BATCH-OLAA-6957
PO_B12_006958,Stripe India,AMZN-ORD-380097 AMZN-ORD-562645 AMZN-ORD-267703 BATCH-AMZN-6958,359642,7192,0,0,352450,INR,2026-08-14T00:30:00Z,BATCH-AMZN-6958
PO_B12_006959,Cashfree Escrow,PHNP-ORD-366585 PHNP-ORD-214288 PHNP-ORD-343116 BATCH-PHNP-6959,543820,10876,0,0,532944,INR,2026-08-14T20:30:00Z,BATCH-PHNP-6959
PO_B12_006960,Cashfree Escrow,NYKA-INV-664337 PO_B12_006960,308504,5968,0,0,302536,INR,2026-08-14T18:38:00Z,BATCH-NYKA-6960
PO_B12_006961,Cashfree Escrow,UBER-INV-871404 PO_B12_006961,109877,2641,0,0,107236,INR,2026-08-14T02:40:00Z,BATCH-UBER-6961
PO_B12_006962,Razorpay Nodal,BLNK-INV-745730 PO_B12_006962,193645,3920,0,0,189725,INR,2026-08-13T20:16:00Z,BATCH-BLNK-6962
PO_B12_006963,Stripe India,OLAA-INV-243564 PO_B12_006963,56321,861,0,0,55460,INR,2026-08-14T13:50:00Z,BATCH-OLAA-6963
PO_B12_006964,BillDesk Settlement,MYNT-ORD-409863 MYNT-ORD-560613 BATCH-MYNT-6964,334135,6682,0,0,327453,INR,2026-08-13T23:51:00Z,BATCH-MYNT-6964
PO_B12_006965,BillDesk Settlement,OLAA-INV-460526 PO_B12_006965,449866,9894,0,0,439972,INR,2026-08-14T00:39:00Z,BATCH-OLAA-6965
PO_B12_006966,BillDesk Settlement,OLAA-INV-168590 PO_B12_006966,433951,8651,0,0,425300,INR,2026-08-14T00:25:00Z,BATCH-OLAA-6966
PO_B12_006967,Cashfree Escrow,JIOO-INV-202220 PO_B12_006967,120181,2834,0,0,117347,INR,2026-08-14T01:25:00Z,BATCH-JIOO-6967
PO_B12_006968,PayU Enterprise,OLAA-INV-439746 PO_B12_006968,360192,5694,0,0,354498,INR,2026-08-14T10:29:00Z,BATCH-OLAA-6968
PO_B12_006969,BillDesk Settlement,MYNT-INV-873684 PO_B12_006969,157888,3075,0,0,154813,INR,2026-08-13T16:16:00Z,BATCH-MYNT-6969
PO_B12_006970,Razorpay Nodal,PAYT-ORD-708418 PAYT-ORD-959773 BATCH-PAYT-6970,192133,3842,0,0,188291,INR,2026-08-14T16:00:00Z,BATCH-PAYT-6970
PO_B12_006971,Stripe India,BBAS-ORD-250170 BBAS-ORD-201071 BATCH-BBAS-6971,392313,7846,0,0,384467,INR,2026-08-14T19:06:00Z,BATCH-BBAS-6971
PO_B12_006972,Cashfree Escrow,FLPK-INV-301798 PO_B12_006972,227652,4912,0,0,222740,INR,2026-08-14T04:09:00Z,BATCH-FLPK-6972
PO_B12_006973,Cashfree Escrow,BLNK-INV-748379 PO_B12_006973,429690,6779,0,0,422911,INR,2026-08-14T12:01:00Z,BATCH-BLNK-6973
PO_B12_006974,Razorpay Nodal,BLNK-INV-752335 PO_B12_006974,203204,4684,0,0,198520,INR,2026-08-14T03:31:00Z,BATCH-BLNK-6974
PO_B12_006975,Cashfree Escrow,BKMS-EXC-231723-UNRESOLVED,133306,2656,0,0,130650,INR,2026-08-14T18:16:00Z,HOLD-ESCROW
PO_B12_006976,Stripe India,MYNT-INV-913639 PO_B12_006976,148524,3483,0,0,145041,INR,2026-08-14T11:52:00Z,BATCH-MYNT-6976
PO_B12_006977,Razorpay Nodal,BBAS-ORD-386993 BBAS-ORD-688665 BATCH-BBAS-6977,277932,5558,0,0,272374,INR,2026-08-14T01:56:00Z,BATCH-BBAS-6977
PO_B12_006978,Cashfree Escrow,MMTR-INV-114464 PO_B12_006978,406059,8496,0,0,397563,INR,2026-08-13T22:06:00Z,BATCH-MMTR-6978
PO_B12_006979,PayU Enterprise,OLAA-INV-196199 PO_B12_006979,196218,3652,0,0,192566,INR,2026-08-13T21:09:00Z,BATCH-OLAA-6979
PO_B12_006980,Stripe India,FLPK-INV-385245 PO_B12_006980,188943,4652,0,0,184291,INR,2026-08-13T22:03:00Z,BATCH-FLPK-6980
PO_B12_006981,PayU Enterprise,MMTR-ORD-801456 MMTR-ORD-676153 BATCH-MMTR-6981,207436,4148,0,0,203288,INR,2026-08-14T19:26:00Z,BATCH-MMTR-6981
PO_B12_006982,Stripe India,BKMS-INV-638791 PO_B12_006982,61949,1425,0,0,60524,INR,2026-08-14T17:47:00Z,BATCH-BKMS-6982
PO_B12_006983,BillDesk Settlement,BKMS-ORD-190160 BKMS-ORD-458283 BATCH-BKMS-6983,378068,7561,0,0,370507,INR,2026-08-14T20:01:00Z,BATCH-BKMS-6983
PO_B12_006984,Stripe India,PAYT-INV-152169 PO_B12_006984,391524,7037,0,0,384487,INR,2026-08-13T16:04:00Z,BATCH-PAYT-6984
PO_B12_006985,Cashfree Escrow,SWIG-INV-826690 PO_B12_006985,96464,2199,0,0,94265,INR,2026-08-14T02:59:00Z,BATCH-SWIG-6985
PO_B12_006986,Razorpay Nodal,AMZN-INV-223600 PO_B12_006986,52495,1204,0,0,51291,INR,2026-08-14T16:38:00Z,BATCH-AMZN-6986
PO_B12_006987,BillDesk Settlement,MMTR-INV-888481 PO_B12_006987,327947,7982,0,0,319965,INR,2026-08-13T22:48:00Z,BATCH-MMTR-6987
PO_B12_006988,PayU Enterprise,MYNT-INV-377266 PO_B12_006988,149296,3384,0,0,145912,INR,2026-08-14T09:00:00Z,BATCH-MYNT-6988
PO_B12_006989,Cashfree Escrow,FLPK-INV-421799 PO_B12_006989,185061,2874,0,0,182187,INR,2026-08-14T12:33:00Z,BATCH-FLPK-6989
PO_B12_006990,Razorpay Nodal,NYKA-INV-544552 PO_B12_006990,193028,4803,0,0,188225,INR,2026-08-14T05:39:00Z,BATCH-NYKA-6990
PO_B12_006991,Cashfree Escrow,MYNT-INV-806625 PO_B12_006991,91462,1975,0,0,89487,INR,2026-08-14T15:07:00Z,BATCH-MYNT-6991
PO_B12_006992,Stripe India,ZOMA-ORD-842930 ZOMA-ORD-539636 ZOMA-ORD-311828 BATCH-ZOMA-6992,552530,11050,0,0,541480,INR,2026-08-14T01:04:00Z,BATCH-ZOMA-6992
PO_B12_006993,Stripe India,SWIG-ORD-343391 SWIG-ORD-558657 BATCH-SWIG-6993,472488,9449,0,0,463039,INR,2026-08-14T08:21:00Z,BATCH-SWIG-6993
PO_B12_006994,BillDesk Settlement,UBER-INV-552152 PO_B12_006994,336309,7966,0,0,328343,INR,2026-08-14T04:09:00Z,BATCH-UBER-6994
PO_B12_006995,PayU Enterprise,UBER-ORD-553640 UBER-ORD-317819 UBER-ORD-526327 BATCH-UBER-6995,204325,4086,0,0,200239,INR,2026-08-14T17:10:00Z,BATCH-UBER-6995
PO_B12_006996,Cashfree Escrow,SWIG-ORD-699681 SWIG-ORD-176565 BATCH-SWIG-6996,300510,6010,0,0,294500,INR,2026-08-14T04:47:00Z,BATCH-SWIG-6996
PO_B12_006997,Stripe India,TATA-INV-384390 PO_B12_006997,321667,7084,0,0,314583,INR,2026-08-14T12:00:00Z,BATCH-TATA-6997
PO_B12_006998,Cashfree Escrow,JIOO-INV-519581 PO_B12_006998,168129,3572,0,0,164557,INR,2026-08-14T01:25:00Z,BATCH-JIOO-6998
PO_B12_006999,Stripe India,BKMS-INV-653825 PO_B12_006999,358890,6379,0,0,352511,INR,2026-08-14T16:37:00Z,BATCH-BKMS-6999
PO_B12_007000,BillDesk Settlement,TATA-ORD-495693 TATA-ORD-620900 BATCH-TATA-7000,435136,8702,0,0,426434,INR,2026-08-14T09:40:00Z,BATCH-TATA-7000
PO_B12_007001,Stripe India,OLAA-INV-940850 PO_B12_007001,141103,2613,0,0,138490,INR,2026-08-14T02:52:00Z,BATCH-OLAA-7001
PO_B12_007002,Stripe India,NYKA-ORD-965256 NYKA-ORD-548550 BATCH-NYKA-7002,365753,7315,0,0,358438,INR,2026-08-14T02:14:00Z,BATCH-NYKA-7002
PO_B12_007003,Razorpay Nodal,TATA-INV-561858 PO_B12_007003,274027,4202,0,0,269825,INR,2026-08-14T01:23:00Z,BATCH-TATA-7003
PO_B12_007004,Stripe India,PHNP-INV-322544 PO_B12_007004,398658,7096,0,0,391562,INR,2026-08-14T01:40:00Z,BATCH-PHNP-7004
PO_B12_007005,Cashfree Escrow,NYKA-INV-347164 PO_B12_007005,171650,4244,0,0,167406,INR,2026-08-14T14:34:00Z,BATCH-NYKA-7005
PO_B12_007006,Stripe India,PAYT-INV-501805 PO_B12_007006,321952,7637,0,0,314315,INR,2026-08-14T09:47:00Z,BATCH-PAYT-7006
PO_B12_007007,Stripe India,MMTR-INV-932321 PO_B12_007007,103955,2232,0,0,101723,INR,2026-08-14T11:42:00Z,BATCH-MMTR-7007
PO_B12_007008,Cashfree Escrow,SWIG-INV-691076 PO_B12_007008,207295,3964,0,0,203331,INR,2026-08-14T09:36:00Z,BATCH-SWIG-7008
PO_B12_007009,PayU Enterprise,MMTR-ORD-213556 MMTR-ORD-860051 BATCH-MMTR-7009,339285,6785,0,0,332500,INR,2026-08-14T08:20:00Z,BATCH-MMTR-7009
PO_B12_007010,Cashfree Escrow,BLNK-ORD-721891 BLNK-ORD-981758 BATCH-BLNK-7010,270243,5404,0,0,264839,INR,2026-08-14T06:24:00Z,BATCH-BLNK-7010
PO_B12_007011,Razorpay Nodal,JIOO-INV-301910 PO_B12_007011,70235,1738,0,0,68497,INR,2026-08-14T16:29:00Z,BATCH-JIOO-7011
PO_B12_007012,BillDesk Settlement,AMZN-INV-715849 PO_B12_007012,201638,4176,0,0,197462,INR,2026-08-14T02:00:00Z,BATCH-AMZN-7012
PO_B12_007013,PayU Enterprise,MYNT-ORD-862111 MYNT-ORD-162791 MYNT-ORD-455707 BATCH-MYNT-7013,407913,8158,0,0,399755,INR,2026-08-14T18:09:00Z,BATCH-MYNT-7013
PO_B12_007014,Razorpay Nodal,TATA-INV-918318 PO_B12_007014,383636,6889,0,0,376747,INR,2026-08-14T02:39:00Z,BATCH-TATA-7014
PO_B12_007015,Stripe India,ZOMA-INV-935257 PO_B12_007015,209155,4124,0,0,205031,INR,2026-08-14T12:00:00Z,BATCH-ZOMA-7015
PO_B12_007016,Stripe India,AMZN-ORD-880712 AMZN-ORD-813182 AMZN-ORD-278138 BATCH-AMZN-7016,472262,9445,0,0,462817,INR,2026-08-14T07:32:00Z,BATCH-AMZN-7016
PO_B12_007017,Stripe India,MYNT-ORD-243085 MYNT-ORD-624272 MYNT-ORD-722632 BATCH-MYNT-7017,414158,8283,0,0,405875,INR,2026-08-13T22:18:00Z,BATCH-MYNT-7017
PO_B12_007018,BillDesk Settlement,UBER-ORD-905190 UBER-ORD-815142 UBER-ORD-540119 BATCH-UBER-7018,317402,6348,0,0,311054,INR,2026-08-14T10:30:00Z,BATCH-UBER-7018
PO_B12_007019,BillDesk Settlement,JIOO-INV-312503 PO_B12_007019,57215,1309,0,0,55906,INR,2026-08-14T19:26:00Z,BATCH-JIOO-7019
PO_B12_007020,Cashfree Escrow,JIOO-INV-773826 PO_B12_007020,162985,3803,0,0,159182,INR,2026-08-14T22:57:00Z,BATCH-JIOO-7020
PO_B12_007021,Cashfree Escrow,BKMS-ORD-437198 BKMS-ORD-623763 BATCH-BKMS-7021,218928,4378,0,0,214550,INR,2026-08-14T14:59:00Z,BATCH-BKMS-7021
PO_B12_007022,Cashfree Escrow,MMTR-EXC-925359-UNRESOLVED,168608,3362,0,0,165246,INR,2026-08-14T14:20:00Z,HOLD-ESCROW
PO_B12_007023,PayU Enterprise,BBAS-INV-856278 PO_B12_007023,344657,6197,0,0,338460,INR,2026-08-14T01:41:00Z,BATCH-BBAS-7023
PO_B12_007024,PayU Enterprise,MMTR-INV-645515 PO_B12_007024,425527,9328,0,0,416199,INR,2026-08-13T21:57:00Z,BATCH-MMTR-7024
PO_B12_007025,Razorpay Nodal,BBAS-INV-894286 PO_B12_007025,308973,7259,0,0,301714,INR,2026-08-14T09:36:00Z,BATCH-BBAS-7025
PO_B12_007026,Razorpay Nodal,AMZN-ORD-438282 AMZN-ORD-180136 AMZN-ORD-147768 BATCH-AMZN-7026,614717,12294,0,0,602423,INR,2026-08-14T18:32:00Z,BATCH-AMZN-7026
PO_B12_007027,PayU Enterprise,UBER-INV-144064 PO_B12_007027,314942,7653,0,0,307289,INR,2026-08-14T18:14:00Z,BATCH-UBER-7027
PO_B12_007028,Razorpay Nodal,SWIG-INV-942960 PO_B12_007028,295045,5594,0,0,289451,INR,2026-08-14T01:05:00Z,BATCH-SWIG-7028
PO_B12_007029,Stripe India,BLNK-INV-157020 PO_B12_007029,63379,1160,0,0,62219,INR,2026-08-13T23:03:00Z,BATCH-BLNK-7029
PO_B12_007030,BillDesk Settlement,BBAS-EXC-399135-UNRESOLVED,263512,5260,0,0,258252,INR,2026-08-15T08:24:00Z,HOLD-ESCROW
PO_B12_007031,BillDesk Settlement,OLAA-INV-750493 PO_B12_007031,205474,4066,0,0,201408,INR,2026-08-14T21:13:00Z,BATCH-OLAA-7031
PO_B12_007032,BillDesk Settlement,MMTR-INV-555172 PO_B12_007032,37633,850,0,0,36783,INR,2026-08-14T02:36:00Z,BATCH-MMTR-7032
PO_B12_007033,Cashfree Escrow,BLNK-ORD-287244 BLNK-ORD-318317 BATCH-BLNK-7033,220479,4409,0,0,216070,INR,2026-08-14T18:09:00Z,BATCH-BLNK-7033
PO_B12_007034,PayU Enterprise,JIOO-INV-695659 PO_B12_007034,389738,6721,0,0,383017,INR,2026-08-14T00:08:00Z,BATCH-JIOO-7034
PO_B12_007035,Stripe India,PHNP-INV-129456 PO_B12_007035,442053,8220,0,0,433833,INR,2026-08-14T12:18:00Z,BATCH-PHNP-7035
PO_B12_007036,PayU Enterprise,BLNK-INV-348540 PO_B12_007036,376285,5697,0,0,370588,INR,2026-08-14T16:06:00Z,BATCH-BLNK-7036
PO_B12_007037,BillDesk Settlement,PAYT-INV-773218 PO_B12_007037,194066,3342,0,0,190724,INR,2026-08-14T04:10:00Z,BATCH-PAYT-7037
PO_B12_007038,Stripe India,SWIG-ORD-689561 SWIG-ORD-504556 SWIG-ORD-793152 BATCH-SWIG-7038,305181,6103,0,0,299078,INR,2026-08-14T03:52:00Z,BATCH-SWIG-7038
PO_B12_007039,PayU Enterprise,NYKA-INV-624369 PO_B12_007039,268603,4306,0,0,264297,INR,2026-08-14T14:43:00Z,BATCH-NYKA-7039
PO_B12_007040,Cashfree Escrow,FLPK-INV-883721 PO_B12_007040,152956,3799,0,0,149157,INR,2026-08-14T00:34:00Z,BATCH-FLPK-7040
PO_B12_007041,Cashfree Escrow,MMTR-ORD-583680 MMTR-ORD-806460 BATCH-MMTR-7041,226294,4525,0,0,221769,INR,2026-08-13T21:45:00Z,BATCH-MMTR-7041
PO_B12_007042,BillDesk Settlement,AMZN-INV-434443 PO_B12_007042,88190,2165,0,0,86025,INR,2026-08-14T10:07:00Z,BATCH-AMZN-7042
PO_B12_007043,BillDesk Settlement,ZOMA-INV-235277 PO_B12_007043,78587,1546,0,0,77041,INR,2026-08-14T14:49:00Z,BATCH-ZOMA-7043
PO_B12_007044,Razorpay Nodal,UBER-INV-971720 PO_B12_007044,113478,1751,0,0,111727,INR,2026-08-14T00:05:00Z,BATCH-UBER-7044
PO_B12_007045,Stripe India,BBAS-INV-569800 PO_B12_007045,112775,2015,0,0,110760,INR,2026-08-15T00:54:00Z,BATCH-BBAS-7045
PO_B12_007046,Razorpay Nodal,PHNP-ORD-995352 PHNP-ORD-551236 BATCH-PHNP-7046,422690,8453,0,0,414237,INR,2026-08-14T13:07:00Z,BATCH-PHNP-7046
PO_B12_007047,Cashfree Escrow,UBER-INV-124323 PO_B12_007047,56423,989,0,0,55434,INR,2026-08-13T14:39:00Z,BATCH-UBER-7047
PO_B12_007048,Razorpay Nodal,BLNK-INV-267782 PO_B12_007048,234033,3859,0,0,230174,INR,2026-08-13T23:36:00Z,BATCH-BLNK-7048
PO_B12_007049,Razorpay Nodal,ZOMA-INV-132571 PO_B12_007049,130757,3203,0,0,127554,INR,2026-08-14T17:20:00Z,BATCH-ZOMA-7049
PO_B12_007050,BillDesk Settlement,BLNK-ORD-574353 BLNK-ORD-483560 BATCH-BLNK-7050,187062,3741,0,0,183321,INR,2026-08-14T09:32:00Z,BATCH-BLNK-7050
PO_B12_007051,Razorpay Nodal,JIOO-INV-892671 PO_B12_007051,96007,1508,0,0,94499,INR,2026-08-14T20:50:00Z,BATCH-JIOO-7051
PO_B12_007052,Razorpay Nodal,BKMS-INV-346850 PO_B12_007052,261922,6414,0,0,255508,INR,2026-08-14T12:34:00Z,BATCH-BKMS-7052
PO_B12_007053,PayU Enterprise,NYKA-INV-128597 PO_B12_007053,313881,6658,0,0,307223,INR,2026-08-14T06:44:00Z,BATCH-NYKA-7053
PO_B12_007054,PayU Enterprise,OLAA-INV-483160 PO_B12_007054,90064,1471,0,0,88593,INR,2026-08-14T15:24:00Z,BATCH-OLAA-7054
PO_B12_007055,Razorpay Nodal,AMZN-ORD-827455 AMZN-ORD-487870 BATCH-AMZN-7055,315046,6300,0,0,308746,INR,2026-08-14T07:07:00Z,BATCH-AMZN-7055
PO_B12_007056,Stripe India,JIOO-INV-479315 PO_B12_007056,379650,6718,0,0,372932,INR,2026-08-14T21:39:00Z,BATCH-JIOO-7056
PO_B12_007057,PayU Enterprise,NYKA-INV-971576 PO_B12_007057,323204,6014,0,0,317190,INR,2026-08-14T07:04:00Z,BATCH-NYKA-7057
PO_B12_007058,Razorpay Nodal,PHNP-INV-501653 PO_B12_007058,69488,1232,0,0,68256,INR,2026-08-14T09:55:00Z,BATCH-PHNP-7058
PO_B12_007059,Cashfree Escrow,JIOO-EXC-729820-UNRESOLVED,239295,4775,0,0,234520,INR,2026-08-14T09:54:00Z,HOLD-ESCROW
PO_B12_007060,Stripe India,SWIG-INV-694837 PO_B12_007060,226328,3924,0,0,222404,INR,2026-08-14T05:15:00Z,BATCH-SWIG-7060
PO_B12_007061,PayU Enterprise,JIOO-INV-892130 PO_B12_007061,25349,491,0,0,24858,INR,2026-08-14T19:28:00Z,BATCH-JIOO-7061
PO_B12_007062,Cashfree Escrow,PHNP-INV-551911 PO_B12_007062,271439,6261,0,0,265178,INR,2026-08-14T11:23:00Z,BATCH-PHNP-7062
PO_B12_007063,PayU Enterprise,JIOO-INV-845795 PO_B12_007063,388495,8260,0,0,380235,INR,2026-08-13T23:44:00Z,BATCH-JIOO-7063
PO_B12_007064,BillDesk Settlement,OLAA-INV-497607 PO_B12_007064,170216,2878,0,0,167338,INR,2026-08-13T23:30:00Z,BATCH-OLAA-7064
PO_B12_007065,BillDesk Settlement,BLNK-ORD-487601 BLNK-ORD-193721 BLNK-ORD-909707 BATCH-BLNK-7065,661079,13221,0,0,647858,INR,2026-08-14T12:26:00Z,BATCH-BLNK-7065
PO_B12_007066,Cashfree Escrow,BBAS-INV-330400 PO_B12_007066,210991,3643,0,0,207348,INR,2026-08-14T13:37:00Z,BATCH-BBAS-7066
PO_B12_007067,Stripe India,AMZN-ORD-199778 AMZN-ORD-749928 BATCH-AMZN-7067,183778,3675,0,0,180103,INR,2026-08-13T21:14:00Z,BATCH-AMZN-7067
PO_B12_007068,Cashfree Escrow,SWIG-ORD-656623 SWIG-ORD-254893 BATCH-SWIG-7068,329354,6587,0,0,322767,INR,2026-08-14T12:52:00Z,BATCH-SWIG-7068
PO_B12_007069,Razorpay Nodal,BLNK-INV-268614 PO_B12_007069,401567,9172,0,0,392395,INR,2026-08-14T21:44:00Z,BATCH-BLNK-7069
PO_B12_007070,Stripe India,FLPK-INV-980621 PO_B12_007070,396513,7912,0,0,388601,INR,2026-08-14T08:03:00Z,BATCH-FLPK-7070
PO_B12_007071,PayU Enterprise,MYNT-INV-430663 PO_B12_007071,438887,9222,0,0,429665,INR,2026-08-14T16:22:00Z,BATCH-MYNT-7071
PO_B12_007072,PayU Enterprise,PAYT-INV-237315 PO_B12_007072,331741,7232,0,0,324509,INR,2026-08-14T09:20:00Z,BATCH-PAYT-7072
PO_B12_007073,BillDesk Settlement,FLPK-INV-194611 PO_B12_007073,33748,683,0,0,33065,INR,2026-08-14T12:19:00Z,BATCH-FLPK-7073
PO_B12_007074,BillDesk Settlement,PAYT-INV-424079 PO_B12_007074,390817,6314,0,0,384503,INR,2026-08-14T17:54:00Z,BATCH-PAYT-7074
PO_B12_007075,PayU Enterprise,BKMS-INV-778605 PO_B12_007075,205954,3281,0,0,202673,INR,2026-08-14T01:00:00Z,BATCH-BKMS-7075
PO_B12_007076,Stripe India,FLPK-INV-499366 PO_B12_007076,209825,5220,0,0,204605,INR,2026-08-13T19:45:00Z,BATCH-FLPK-7076
PO_B12_007077,PayU Enterprise,AMZN-INV-553811 PO_B12_007077,45391,1012,0,0,44379,INR,2026-08-14T11:36:00Z,BATCH-AMZN-7077
PO_B12_007078,PayU Enterprise,MMTR-INV-907984 PO_B12_007078,273105,4181,0,0,268924,INR,2026-08-14T08:46:00Z,BATCH-MMTR-7078
PO_B12_007079,Stripe India,OLAA-INV-601559 PO_B12_007079,142978,2751,0,0,140227,INR,2026-08-14T08:09:00Z,BATCH-OLAA-7079
PO_B12_007080,PayU Enterprise,SWIG-INV-823821 PO_B12_007080,95909,2007,0,0,93902,INR,2026-08-14T20:00:00Z,BATCH-SWIG-7080
PO_B12_007081,Razorpay Nodal,BKMS-INV-984187 PO_B12_007081,205236,4407,0,0,200829,INR,2026-08-14T06:17:00Z,BATCH-BKMS-7081
PO_B12_007082,Razorpay Nodal,FLPK-INV-990375 PO_B12_007082,406751,6887,0,0,399864,INR,2026-08-14T09:56:00Z,BATCH-FLPK-7082
PO_B12_007083,BillDesk Settlement,SWIG-INV-303339 PO_B12_007083,33724,668,0,0,33056,INR,2026-08-14T18:36:00Z,BATCH-SWIG-7083
PO_B12_007084,PayU Enterprise,AMZN-INV-107111 PO_B12_007084,213421,4450,0,0,208971,INR,2026-08-14T23:56:00Z,BATCH-AMZN-7084
PO_B12_007085,Razorpay Nodal,TATA-INV-479689 PO_B12_007085,46182,716,0,0,45466,INR,2026-08-14T08:21:00Z,BATCH-TATA-7085
PO_B12_007086,Stripe India,BLNK-INV-941453 PO_B12_007086,391506,8274,0,0,383232,INR,2026-08-14T17:47:00Z,BATCH-BLNK-7086
PO_B12_007087,Cashfree Escrow,AMZN-INV-255017 PO_B12_007087,121388,2041,0,0,119347,INR,2026-08-14T16:28:00Z,BATCH-AMZN-7087
PO_B12_007088,BillDesk Settlement,JIOO-ORD-463622 JIOO-ORD-466913 BATCH-JIOO-7088,379337,7586,0,0,371751,INR,2026-08-14T03:40:00Z,BATCH-JIOO-7088
PO_B12_007089,Razorpay Nodal,PHNP-INV-644931 PO_B12_007089,440553,7822,0,0,432731,INR,2026-08-14T01:23:00Z,BATCH-PHNP-7089
PO_B12_007090,Stripe India,BBAS-INV-352355 PO_B12_007090,286595,6333,0,0,280262,INR,2026-08-14T02:42:00Z,BATCH-BBAS-7090
PO_B12_007091,Stripe India,PHNP-INV-504802 PO_B12_007091,229698,5428,0,0,224270,INR,2026-08-14T00:51:00Z,BATCH-PHNP-7091
PO_B12_007092,Stripe India,UBER-INV-533121 PO_B12_007092,396479,8648,0,0,387831,INR,2026-08-13T20:14:00Z,BATCH-UBER-7092
PO_B12_007093,Razorpay Nodal,OLAA-INV-950777 PO_B12_007093,218449,4590,0,0,213859,INR,2026-08-14T07:49:00Z,BATCH-OLAA-7093
PO_B12_007094,BillDesk Settlement,MYNT-INV-115970 PO_B12_007094,165193,3868,0,0,161325,INR,2026-08-14T14:25:00Z,BATCH-MYNT-7094
PO_B12_007095,Razorpay Nodal,UBER-INV-189759 PO_B12_007095,176560,3926,0,0,172634,INR,2026-08-14T00:32:00Z,BATCH-UBER-7095
PO_B12_007096,Stripe India,OLAA-ORD-168015 OLAA-ORD-251995 OLAA-ORD-302602 BATCH-OLAA-7096,160994,3219,0,0,157775,INR,2026-08-14T07:34:00Z,BATCH-OLAA-7096
PO_B12_007097,Razorpay Nodal,OLAA-INV-231363 PO_B12_007097,388499,7308,0,0,381191,INR,2026-08-14T05:09:00Z,BATCH-OLAA-7097
PO_B12_007098,PayU Enterprise,ZOMA-ORD-883909 ZOMA-ORD-712220 BATCH-ZOMA-7098,367404,7348,0,0,360056,INR,2026-08-14T14:30:00Z,BATCH-ZOMA-7098
PO_B12_007099,Razorpay Nodal,PAYT-INV-106739 PO_B12_007099,213258,3477,0,0,209781,INR,2026-08-14T19:26:00Z,BATCH-PAYT-7099
PO_B12_007100,BillDesk Settlement,TATA-INV-863681 PO_B12_007100,152753,2346,0,0,150407,INR,2026-08-14T05:02:00Z,BATCH-TATA-7100
PO_B12_007101,BillDesk Settlement,PAYT-INV-614568 PO_B12_007101,322170,6229,0,0,315941,INR,2026-08-14T20:12:00Z,BATCH-PAYT-7101
PO_B12_007102,Stripe India,BKMS-INV-837299 PO_B12_007102,276212,5300,0,0,270912,INR,2026-08-14T11:29:00Z,BATCH-BKMS-7102
PO_B12_007103,Cashfree Escrow,MMTR-INV-680362 PO_B12_007103,388558,5899,0,0,382659,INR,2026-08-14T08:14:00Z,BATCH-MMTR-7103
PO_B12_007104,Stripe India,MYNT-INV-692714 PO_B12_007104,341612,8495,0,0,333117,INR,2026-08-14T07:14:00Z,BATCH-MYNT-7104
PO_B12_007105,PayU Enterprise,BLNK-INV-152519 PO_B12_007105,193925,4445,0,0,189480,INR,2026-08-14T20:50:00Z,BATCH-BLNK-7105
PO_B12_007106,BillDesk Settlement,FLPK-INV-338002 PO_B12_007106,292250,6298,0,0,285952,INR,2026-08-14T11:30:00Z,BATCH-FLPK-7106
PO_B12_007107,PayU Enterprise,PHNP-INV-977825 PO_B12_007107,72530,1508,0,0,71022,INR,2026-08-14T05:22:00Z,BATCH-PHNP-7107
PO_B12_007108,PayU Enterprise,MMTR-INV-760721 PO_B12_007108,93940,2009,0,0,91931,INR,2026-08-13T21:07:00Z,BATCH-MMTR-7108
PO_B12_007109,PayU Enterprise,BLNK-INV-597159 PO_B12_007109,346745,7771,0,0,338974,INR,2026-08-14T04:42:00Z,BATCH-BLNK-7109
PO_B12_007110,BillDesk Settlement,SWIG-INV-456148 PO_B12_007110,446447,7913,0,0,438534,INR,2026-08-14T22:30:00Z,BATCH-SWIG-7110
PO_B12_007111,Stripe India,BBAS-INV-839906 PO_B12_007111,176856,3293,0,0,173563,INR,2026-08-14T07:43:00Z,BATCH-BBAS-7111
PO_B12_007112,Stripe India,PHNP-INV-491031 PO_B12_007112,42940,1042,0,0,41898,INR,2026-08-14T15:39:00Z,BATCH-PHNP-7112
PO_B12_007113,Stripe India,PAYT-INV-461768 PO_B12_007113,68053,1088,0,0,66965,INR,2026-08-13T22:00:00Z,BATCH-PAYT-7113
PO_B12_007114,BillDesk Settlement,SWIG-ORD-272241 SWIG-ORD-901921 BATCH-SWIG-7114,132943,2658,0,0,130285,INR,2026-08-14T06:47:00Z,BATCH-SWIG-7114
PO_B12_007115,BillDesk Settlement,NYKA-INV-982577 PO_B12_007115,291537,6335,0,0,285202,INR,2026-08-14T09:07:00Z,BATCH-NYKA-7115
PO_B12_007116,Stripe India,PHNP-ORD-294535 PHNP-ORD-273844 BATCH-PHNP-7116,246722,4934,0,0,241788,INR,2026-08-14T16:04:00Z,BATCH-PHNP-7116
PO_B12_007117,Stripe India,MMTR-INV-681861 PO_B12_007117,96276,1885,0,0,94391,INR,2026-08-14T22:14:00Z,BATCH-MMTR-7117
PO_B12_007118,Razorpay Nodal,ZOMA-INV-446964 PO_B12_007118,444284,9770,0,0,434514,INR,2026-08-14T02:16:00Z,BATCH-ZOMA-7118
PO_B12_007119,Razorpay Nodal,JIOO-INV-768381 PO_B12_007119,259013,4447,0,0,254566,INR,2026-08-14T06:36:00Z,BATCH-JIOO-7119
PO_B12_007120,Stripe India,BBAS-INV-285494 PO_B12_007120,238360,4730,0,0,233630,INR,2026-08-14T00:48:00Z,BATCH-BBAS-7120
PO_B12_007121,Cashfree Escrow,SWIG-INV-943960 PO_B12_007121,139159,2183,0,0,136976,INR,2026-08-14T06:00:00Z,BATCH-SWIG-7121
PO_B12_007122,Razorpay Nodal,MMTR-INV-616195 PO_B12_007122,188211,4675,0,0,183536,INR,2026-08-13T17:17:00Z,BATCH-MMTR-7122
PO_B12_007123,PayU Enterprise,SWIG-INV-433690 PO_B12_007123,401903,6703,0,0,395200,INR,2026-08-14T14:32:00Z,BATCH-SWIG-7123
PO_B12_007124,BillDesk Settlement,TATA-INV-985246 PO_B12_007124,330993,7751,0,0,323242,INR,2026-08-14T21:00:00Z,BATCH-TATA-7124
PO_B12_007125,Cashfree Escrow,UBER-INV-259331 PO_B12_007125,173615,2631,0,0,170984,INR,2026-08-14T15:05:00Z,BATCH-UBER-7125
PO_B12_007126,Cashfree Escrow,UBER-INV-496299 PO_B12_007126,64226,1129,0,0,63097,INR,2026-08-14T19:23:00Z,BATCH-UBER-7126
PO_B12_007127,PayU Enterprise,BLNK-ORD-781441 BLNK-ORD-245783 BATCH-BLNK-7127,387530,7750,0,0,379780,INR,2026-08-14T09:21:00Z,BATCH-BLNK-7127
PO_B12_007128,BillDesk Settlement,NYKA-INV-466065 PO_B12_007128,59762,1077,0,0,58685,INR,2026-08-14T07:17:00Z,BATCH-NYKA-7128
PO_B12_007129,Razorpay Nodal,PHNP-INV-541912 PO_B12_007129,51760,837,0,0,50923,INR,2026-08-13T20:42:00Z,BATCH-PHNP-7129
PO_B12_007130,Cashfree Escrow,BKMS-ORD-681369 BKMS-ORD-665833 BKMS-ORD-931627 BATCH-BKMS-7130,202466,4049,0,0,198417,INR,2026-08-13T22:43:00Z,BATCH-BKMS-7130
PO_B12_007131,BillDesk Settlement,MYNT-ORD-807821 MYNT-ORD-832722 BATCH-MYNT-7131,271933,5438,0,0,266495,INR,2026-08-14T00:28:00Z,BATCH-MYNT-7131
PO_B12_007132,PayU Enterprise,BBAS-INV-711385 PO_B12_007132,318663,7668,0,0,310995,INR,2026-08-13T23:06:00Z,BATCH-BBAS-7132
PO_B12_007133,Stripe India,AMZN-INV-423737 PO_B12_007133,272417,5194,0,0,267223,INR,2026-08-14T19:45:00Z,BATCH-AMZN-7133
PO_B12_007134,Stripe India,OLAA-INV-659012 PO_B12_007134,255161,5869,0,0,249292,INR,2026-08-14T09:40:00Z,BATCH-OLAA-7134
PO_B12_007135,Stripe India,OLAA-ORD-582823 OLAA-ORD-358084 BATCH-OLAA-7135,184320,3686,0,0,180634,INR,2026-08-14T16:34:00Z,BATCH-OLAA-7135
PO_B12_007136,BillDesk Settlement,UBER-INV-520659 PO_B12_007136,275015,5021,0,0,269994,INR,2026-08-14T11:57:00Z,BATCH-UBER-7136
PO_B12_007137,PayU Enterprise,BBAS-INV-310504 PO_B12_007137,252349,5280,0,0,247069,INR,2026-08-14T17:37:00Z,BATCH-BBAS-7137
PO_B12_007138,BillDesk Settlement,FLPK-EXC-277011-UNRESOLVED,276887,5527,0,0,271360,INR,2026-08-15T02:14:00Z,HOLD-ESCROW
PO_B12_007139,BillDesk Settlement,BLNK-INV-773471 PO_B12_007139,147261,3476,0,0,143785,INR,2026-08-14T16:41:00Z,BATCH-BLNK-7139
PO_B12_007140,Cashfree Escrow,AMZN-INV-290944 PO_B12_007140,64398,1216,0,0,63182,INR,2026-08-14T02:08:00Z,BATCH-AMZN-7140
PO_B12_007141,Stripe India,PHNP-ORD-333339 PHNP-ORD-347501 PHNP-ORD-626086 BATCH-PHNP-7141,519358,10387,0,0,508971,INR,2026-08-14T08:13:00Z,BATCH-PHNP-7141
PO_B12_007142,Razorpay Nodal,FLPK-ORD-836033 FLPK-ORD-143672 FLPK-ORD-836751 BATCH-FLPK-7142,421971,8439,0,0,413532,INR,2026-08-14T07:09:00Z,BATCH-FLPK-7142
PO_B12_007143,Stripe India,PHNP-ORD-371266 PHNP-ORD-333889 PHNP-ORD-919577 BATCH-PHNP-7143,474254,9485,0,0,464769,INR,2026-08-14T08:17:00Z,BATCH-PHNP-7143
PO_B12_007144,Cashfree Escrow,BBAS-INV-895959 PO_B12_007144,274436,5438,0,0,268998,INR,2026-08-14T09:03:00Z,BATCH-BBAS-7144
PO_B12_007145,BillDesk Settlement,BKMS-INV-923007 PO_B12_007145,363020,8001,0,0,355019,INR,2026-08-14T10:00:00Z,BATCH-BKMS-7145
PO_B12_007146,Cashfree Escrow,AMZN-EXC-881213-UNRESOLVED,215518,4300,0,0,211218,INR,2026-08-14T16:01:00Z,HOLD-ESCROW
PO_B12_007147,Stripe India,TATA-EXC-575663-UNRESOLVED,273984,5469,0,0,268515,INR,2026-08-15T06:36:00Z,HOLD-ESCROW
PO_B12_007148,Cashfree Escrow,MMTR-ORD-804959 MMTR-ORD-131932 MMTR-ORD-942922 BATCH-MMTR-7148,477570,9551,0,0,468019,INR,2026-08-14T17:38:00Z,BATCH-MMTR-7148
PO_B12_007149,BillDesk Settlement,SWIG-INV-124811 PO_B12_007149,243444,4114,0,0,239330,INR,2026-08-14T04:41:00Z,BATCH-SWIG-7149
PO_B12_007150,Razorpay Nodal,PHNP-INV-641501 PO_B12_007150,139729,2684,0,0,137045,INR,2026-08-14T03:37:00Z,BATCH-PHNP-7150
PO_B12_007151,BillDesk Settlement,TATA-INV-344520 PO_B12_007151,117362,2284,0,0,115078,INR,2026-08-14T18:53:00Z,BATCH-TATA-7151
PO_B12_007152,BillDesk Settlement,ZOMA-INV-652395 PO_B12_007152,82821,1891,0,0,80930,INR,2026-08-14T13:01:00Z,BATCH-ZOMA-7152
PO_B12_007153,BillDesk Settlement,NYKA-INV-355073 PO_B12_007153,205296,3098,0,0,202198,INR,2026-08-14T06:00:00Z,BATCH-NYKA-7153
PO_B12_007154,BillDesk Settlement,NYKA-EXC-272125-UNRESOLVED,73502,1460,0,0,72042,INR,2026-08-15T01:11:00Z,HOLD-ESCROW
PO_B12_007155,Cashfree Escrow,JIOO-ORD-723761 JIOO-ORD-945239 BATCH-JIOO-7155,308070,6161,0,0,301909,INR,2026-08-14T05:42:00Z,BATCH-JIOO-7155
PO_B12_007156,Cashfree Escrow,BKMS-INV-105894 PO_B12_007156,429182,10639,0,0,418543,INR,2026-08-14T13:15:00Z,BATCH-BKMS-7156
PO_B12_007157,BillDesk Settlement,BBAS-INV-684876 PO_B12_007157,290850,5000,0,0,285850,INR,2026-08-13T21:36:00Z,BATCH-BBAS-7157
PO_B12_007158,Cashfree Escrow,FLPK-INV-768542 PO_B12_007158,411659,6355,0,0,405304,INR,2026-08-14T06:44:00Z,BATCH-FLPK-7158
PO_B12_007159,Stripe India,SWIG-INV-177721 PO_B12_007159,296314,6284,0,0,290030,INR,2026-08-13T18:31:00Z,BATCH-SWIG-7159
PO_B12_007160,BillDesk Settlement,BLNK-INV-671734 PO_B12_007160,284968,6565,0,0,278403,INR,2026-08-13T21:13:00Z,BATCH-BLNK-7160
PO_B12_007161,BillDesk Settlement,AMZN-INV-895129 PO_B12_007161,427475,9113,0,0,418362,INR,2026-08-14T05:03:00Z,BATCH-AMZN-7161
PO_B12_007162,Razorpay Nodal,NYKA-ORD-819970 NYKA-ORD-855872 BATCH-NYKA-7162,318979,6379,0,0,312600,INR,2026-08-14T09:45:00Z,BATCH-NYKA-7162
PO_B12_007163,PayU Enterprise,PAYT-INV-188096 PO_B12_007163,88605,1380,0,0,87225,INR,2026-08-14T08:51:00Z,BATCH-PAYT-7163
PO_B12_007164,BillDesk Settlement,ZOMA-ORD-217144 ZOMA-ORD-767192 ZOMA-ORD-273547 BATCH-ZOMA-7164,91428,1828,0,0,89600,INR,2026-08-14T15:17:00Z,BATCH-ZOMA-7164
PO_B12_007165,Stripe India,FLPK-INV-659623 PO_B12_007165,223259,5493,0,0,217766,INR,2026-08-13T16:08:00Z,BATCH-FLPK-7165
PO_B12_007166,BillDesk Settlement,MMTR-ORD-195541 MMTR-ORD-525392 BATCH-MMTR-7166,113347,2266,0,0,111081,INR,2026-08-14T09:44:00Z,BATCH-MMTR-7166
PO_B12_007167,Razorpay Nodal,FLPK-ORD-155626 FLPK-ORD-797785 BATCH-FLPK-7167,372195,7443,0,0,364752,INR,2026-08-14T00:56:00Z,BATCH-FLPK-7167
PO_B12_007168,PayU Enterprise,TATA-INV-169902 PO_B12_007168,188097,4524,0,0,183573,INR,2026-08-14T10:31:00Z,BATCH-TATA-7168
PO_B12_007169,BillDesk Settlement,TATA-INV-327144 PO_B12_007169,34439,655,0,0,33784,INR,2026-08-14T08:58:00Z,BATCH-TATA-7169
PO_B12_007170,Cashfree Escrow,BLNK-INV-676754 PO_B12_007170,47675,966,0,0,46709,INR,2026-08-14T04:05:00Z,BATCH-BLNK-7170
PO_B12_007171,Razorpay Nodal,BLNK-ORD-260671 BLNK-ORD-350267 BATCH-BLNK-7171,375649,7512,0,0,368137,INR,2026-08-14T14:17:00Z,BATCH-BLNK-7171
PO_B12_007172,Cashfree Escrow,TATA-INV-290108 PO_B12_007172,173893,3013,0,0,170880,INR,2026-08-14T13:32:00Z,BATCH-TATA-7172
PO_B12_007173,Cashfree Escrow,MYNT-INV-460646 PO_B12_007173,394498,9257,0,0,385241,INR,2026-08-13T22:30:00Z,BATCH-MYNT-7173
PO_B12_007174,Razorpay Nodal,PAYT-INV-332540 PO_B12_007174,34355,788,0,0,33567,INR,2026-08-14T06:34:00Z,BATCH-PAYT-7174
PO_B12_007175,Stripe India,SWIG-ORD-323553 SWIG-ORD-133292 SWIG-ORD-335165 BATCH-SWIG-7175,492937,9858,0,0,483079,INR,2026-08-13T23:44:00Z,BATCH-SWIG-7175
PO_B12_007176,PayU Enterprise,BLNK-INV-402266 PO_B12_007176,314632,6179,0,0,308453,INR,2026-08-14T05:42:00Z,BATCH-BLNK-7176
PO_B12_007177,Cashfree Escrow,BBAS-ORD-178717 BBAS-ORD-647215 BATCH-BBAS-7177,318443,6368,0,0,312075,INR,2026-08-14T07:49:00Z,BATCH-BBAS-7177
PO_B12_007178,Cashfree Escrow,JIOO-ORD-501978 JIOO-ORD-916954 BATCH-JIOO-7178,50568,1011,0,0,49557,INR,2026-08-14T11:52:00Z,BATCH-JIOO-7178
PO_B12_007179,PayU Enterprise,SWIG-INV-695144 PO_B12_007179,186453,2827,0,0,183626,INR,2026-08-14T09:17:00Z,BATCH-SWIG-7179
PO_B12_007180,Stripe India,OLAA-INV-234436 PO_B12_007180,232329,4852,0,0,227477,INR,2026-08-14T09:49:00Z,BATCH-OLAA-7180
PO_B12_007181,Stripe India,BLNK-INV-769081 PO_B12_007181,259967,4534,0,0,255433,INR,2026-08-14T03:32:00Z,BATCH-BLNK-7181
PO_B12_007182,Stripe India,FLPK-INV-505531 PO_B12_007182,337494,7457,0,0,330037,INR,2026-08-13T23:37:00Z,BATCH-FLPK-7182
PO_B12_007183,Cashfree Escrow,PAYT-ORD-621626 PAYT-ORD-676202 BATCH-PAYT-7183,188811,3776,0,0,185035,INR,2026-08-14T17:58:00Z,BATCH-PAYT-7183
PO_B12_007184,Stripe India,TATA-INV-231264 PO_B12_007184,138596,3302,0,0,135294,INR,2026-08-13T19:31:00Z,BATCH-TATA-7184
PO_B12_007185,PayU Enterprise,JIOO-INV-629921 PO_B12_007185,54109,1342,0,0,52767,INR,2026-08-14T08:24:00Z,BATCH-JIOO-7185
PO_B12_007186,BillDesk Settlement,AMZN-INV-480276 PO_B12_007186,293266,6386,0,0,286880,INR,2026-08-13T23:53:00Z,BATCH-AMZN-7186
PO_B12_007187,BillDesk Settlement,JIOO-INV-198001 PO_B12_007187,160373,2519,0,0,157854,INR,2026-08-14T07:53:00Z,BATCH-JIOO-7187
PO_B12_007188,Cashfree Escrow,BBAS-ORD-395729 BBAS-ORD-321413 BBAS-ORD-267285 BATCH-BBAS-7188,514586,10291,0,0,504295,INR,2026-08-14T00:52:00Z,BATCH-BBAS-7188
PO_B12_007189,Stripe India,MYNT-INV-707216 PO_B12_007189,341336,5290,0,0,336046,INR,2026-08-14T18:09:00Z,BATCH-MYNT-7189
PO_B12_007190,Stripe India,MYNT-INV-922403 PO_B12_007190,439615,10030,0,0,429585,INR,2026-08-14T20:19:00Z,BATCH-MYNT-7190
PO_B12_007191,Cashfree Escrow,MMTR-INV-924737 PO_B12_007191,309716,7238,0,0,302478,INR,2026-08-14T12:18:00Z,BATCH-MMTR-7191
PO_B12_007192,Cashfree Escrow,JIOO-ORD-481987 JIOO-ORD-739025 BATCH-JIOO-7192,276275,5525,0,0,270750,INR,2026-08-14T13:15:00Z,BATCH-JIOO-7192
PO_B12_007193,Razorpay Nodal,JIOO-INV-526974 PO_B12_007193,306237,6260,0,0,299977,INR,2026-08-14T01:50:00Z,BATCH-JIOO-7193
PO_B12_007194,Stripe India,OLAA-INV-706206 PO_B12_007194,438541,10762,0,0,427779,INR,2026-08-14T16:38:00Z,BATCH-OLAA-7194
PO_B12_007195,BillDesk Settlement,BKMS-ORD-949166 BKMS-ORD-612240 BATCH-BKMS-7195,188443,3768,0,0,184675,INR,2026-08-14T03:49:00Z,BATCH-BKMS-7195
PO_B12_007196,Razorpay Nodal,PHNP-INV-474631 PO_B12_007196,390426,7766,0,0,382660,INR,2026-08-14T07:47:00Z,BATCH-PHNP-7196
PO_B12_007197,Stripe India,ZOMA-INV-604101 PO_B12_007197,402405,8794,0,0,393611,INR,2026-08-14T07:14:00Z,BATCH-ZOMA-7197
PO_B12_007198,Razorpay Nodal,AMZN-INV-187724 PO_B12_007198,328038,8143,0,0,319895,INR,2026-08-14T08:15:00Z,BATCH-AMZN-7198
PO_B12_007199,BillDesk Settlement,SWIG-INV-595520 PO_B12_007199,158466,2695,0,0,155771,INR,2026-08-14T19:47:00Z,BATCH-SWIG-7199
PO_B12_007200,BillDesk Settlement,UBER-ORD-576288 UBER-ORD-292178 BATCH-UBER-7200,295626,5912,0,0,289714,INR,2026-08-14T00:20:00Z,BATCH-UBER-7200
PO_B12_007201,BillDesk Settlement,BBAS-INV-325611 PO_B12_007201,151270,3301,0,0,147969,INR,2026-08-13T21:11:00Z,BATCH-BBAS-7201
PO_B12_007202,Razorpay Nodal,MYNT-INV-859359 PO_B12_007202,400390,7161,0,0,393229,INR,2026-08-14T02:19:00Z,BATCH-MYNT-7202
PO_B12_007203,PayU Enterprise,UBER-INV-845808 PO_B12_007203,315503,5013,0,0,310490,INR,2026-08-14T16:32:00Z,BATCH-UBER-7203
PO_B12_007204,Stripe India,ZOMA-ORD-170892 ZOMA-ORD-641665 ZOMA-ORD-959168 BATCH-ZOMA-7204,253281,5065,0,0,248216,INR,2026-08-14T06:35:00Z,BATCH-ZOMA-7204
PO_B12_007205,BillDesk Settlement,PHNP-INV-287522 PO_B12_007205,352606,7299,0,0,345307,INR,2026-08-14T03:55:00Z,BATCH-PHNP-7205
PO_B12_007206,PayU Enterprise,UBER-INV-512738 PO_B12_007206,413743,8297,0,0,405446,INR,2026-08-14T14:12:00Z,BATCH-UBER-7206
PO_B12_007207,BillDesk Settlement,JIOO-INV-992966 PO_B12_007207,104205,1715,0,0,102490,INR,2026-08-14T03:55:00Z,BATCH-JIOO-7207
PO_B12_007208,Stripe India,BLNK-INV-570029 PO_B12_007208,53174,1129,0,0,52045,INR,2026-08-14T07:27:00Z,BATCH-BLNK-7208
PO_B12_007209,Razorpay Nodal,JIOO-INV-808550 PO_B12_007209,177225,3628,0,0,173597,INR,2026-08-14T00:19:00Z,BATCH-JIOO-7209
PO_B12_007210,BillDesk Settlement,BLNK-INV-453215 PO_B12_007210,56520,883,0,0,55637,INR,2026-08-14T13:47:00Z,BATCH-BLNK-7210
PO_B12_007211,Cashfree Escrow,TATA-INV-395360 PO_B12_007211,395789,8675,0,0,387114,INR,2026-08-14T11:33:00Z,BATCH-TATA-7211
PO_B12_007212,BillDesk Settlement,PHNP-INV-699518 PO_B12_007212,193900,3737,0,0,190163,INR,2026-08-14T07:38:00Z,BATCH-PHNP-7212
PO_B12_007213,Razorpay Nodal,PHNP-EXC-977336-UNRESOLVED,182307,3636,0,0,178671,INR,2026-08-14T19:09:00Z,HOLD-ESCROW
PO_B12_007214,Stripe India,JIOO-INV-858095 PO_B12_007214,328788,6750,0,0,322038,INR,2026-08-14T09:38:00Z,BATCH-JIOO-7214
PO_B12_007215,PayU Enterprise,FLPK-INV-931325 PO_B12_007215,384442,5974,0,0,378468,INR,2026-08-14T09:44:00Z,BATCH-FLPK-7215
PO_B12_007216,Cashfree Escrow,FLPK-ORD-613345 FLPK-ORD-443868 FLPK-ORD-329190 BATCH-FLPK-7216,529366,10587,0,0,518779,INR,2026-08-14T15:09:00Z,BATCH-FLPK-7216
PO_B12_007217,Razorpay Nodal,BKMS-INV-926562 PO_B12_007217,109112,2097,0,0,107015,INR,2026-08-14T09:00:00Z,BATCH-BKMS-7217
PO_B12_007218,PayU Enterprise,PAYT-ORD-228212 PAYT-ORD-868812 PAYT-ORD-171815 BATCH-PAYT-7218,650875,13017,0,0,637858,INR,2026-08-14T03:24:00Z,BATCH-PAYT-7218
PO_B12_007219,PayU Enterprise,OLAA-INV-160809 PO_B12_007219,54046,1254,0,0,52792,INR,2026-08-14T10:49:00Z,BATCH-OLAA-7219
PO_B12_007220,Razorpay Nodal,AMZN-INV-501591 PO_B12_007220,108240,2173,0,0,106067,INR,2026-08-13T22:32:00Z,BATCH-AMZN-7220
PO_B12_007221,BillDesk Settlement,NYKA-ORD-590894 NYKA-ORD-160283 BATCH-NYKA-7221,178400,3568,0,0,174832,INR,2026-08-13T23:10:00Z,BATCH-NYKA-7221
PO_B12_007222,PayU Enterprise,NYKA-INV-259305 PO_B12_007222,87693,1599,0,0,86094,INR,2026-08-14T14:54:00Z,BATCH-NYKA-7222
PO_B12_007223,Cashfree Escrow,MMTR-INV-780834 PO_B12_007223,109648,2672,0,0,106976,INR,2026-08-14T14:51:00Z,BATCH-MMTR-7223
PO_B12_007224,BillDesk Settlement,UBER-INV-284193 PO_B12_007224,320475,7080,0,0,313395,INR,2026-08-14T19:42:00Z,BATCH-UBER-7224
PO_B12_007225,BillDesk Settlement,JIOO-ORD-910975 JIOO-ORD-575496 BATCH-JIOO-7225,294398,5887,0,0,288511,INR,2026-08-14T12:26:00Z,BATCH-JIOO-7225
PO_B12_007226,Stripe India,NYKA-INV-794289 PO_B12_007226,41450,785,0,0,40665,INR,2026-08-14T19:24:00Z,BATCH-NYKA-7226
PO_B12_007227,Cashfree Escrow,MMTR-INV-627615 PO_B12_007227,220186,5228,0,0,214958,INR,2026-08-13T18:01:00Z,BATCH-MMTR-7227
PO_B12_007228,BillDesk Settlement,TATA-INV-121128 PO_B12_007228,84732,1918,0,0,82814,INR,2026-08-13T23:13:00Z,BATCH-TATA-7228
PO_B12_007229,Cashfree Escrow,BLNK-INV-461903 PO_B12_007229,173691,2963,0,0,170728,INR,2026-08-14T19:51:00Z,BATCH-BLNK-7229
PO_B12_007230,PayU Enterprise,TATA-EXC-230508-UNRESOLVED,106862,2127,0,0,104735,INR,2026-08-14T11:42:00Z,HOLD-ESCROW
PO_B12_007231,Cashfree Escrow,BKMS-INV-417300 PO_B12_007231,107300,2462,0,0,104838,INR,2026-08-14T12:04:00Z,BATCH-BKMS-7231
PO_B12_007232,Stripe India,BBAS-ORD-216315 BBAS-ORD-845850 BATCH-BBAS-7232,291606,5832,0,0,285774,INR,2026-08-14T04:20:00Z,BATCH-BBAS-7232
PO_B12_007233,Cashfree Escrow,MMTR-INV-602696 PO_B12_007233,86056,1310,0,0,84746,INR,2026-08-14T12:19:00Z,BATCH-MMTR-7233
PO_B12_007234,BillDesk Settlement,BKMS-INV-208136 PO_B12_007234,290389,4530,0,0,285859,INR,2026-08-14T11:21:00Z,BATCH-BKMS-7234
PO_B12_007235,Cashfree Escrow,PAYT-INV-896349 PO_B12_007235,83705,1992,0,0,81713,INR,2026-08-14T12:42:00Z,BATCH-PAYT-7235
PO_B12_007236,Cashfree Escrow,MYNT-INV-770778 PO_B12_007236,91714,1455,0,0,90259,INR,2026-08-13T19:14:00Z,BATCH-MYNT-7236
PO_B12_007237,Cashfree Escrow,BBAS-ORD-252012 BBAS-ORD-269336 BATCH-BBAS-7237,323449,6468,0,0,316981,INR,2026-08-13T21:17:00Z,BATCH-BBAS-7237
PO_B12_007238,PayU Enterprise,BKMS-INV-141244 PO_B12_007238,132419,2567,0,0,129852,INR,2026-08-13T19:02:00Z,BATCH-BKMS-7238
PO_B12_007239,PayU Enterprise,BBAS-INV-763720 PO_B12_007239,65682,1030,0,0,64652,INR,2026-08-14T12:08:00Z,BATCH-BBAS-7239
PO_B12_007240,BillDesk Settlement,JIOO-INV-230374 PO_B12_007240,106419,2563,0,0,103856,INR,2026-08-14T02:34:00Z,BATCH-JIOO-7240
PO_B12_007241,Razorpay Nodal,FLPK-INV-393018 PO_B12_007241,109117,2010,0,0,107107,INR,2026-08-14T13:10:00Z,BATCH-FLPK-7241
PO_B12_007242,Cashfree Escrow,MYNT-INV-943989 PO_B12_007242,92355,1667,0,0,90688,INR,2026-08-14T05:27:00Z,BATCH-MYNT-7242
PO_B12_007243,PayU Enterprise,MMTR-INV-569256 PO_B12_007243,267246,5128,0,0,262118,INR,2026-08-14T13:05:00Z,BATCH-MMTR-7243
PO_B12_007244,PayU Enterprise,TATA-INV-722668 PO_B12_007244,422213,8257,0,0,413956,INR,2026-08-13T18:49:00Z,BATCH-TATA-7244
PO_B12_007245,BillDesk Settlement,AMZN-INV-393406 PO_B12_007245,46911,712,0,0,46199,INR,2026-08-13T23:41:00Z,BATCH-AMZN-7245
PO_B12_007246,BillDesk Settlement,BBAS-INV-716192 PO_B12_007246,85775,1548,0,0,84227,INR,2026-08-14T05:48:00Z,BATCH-BBAS-7246
PO_B12_007247,Razorpay Nodal,JIOO-INV-269234 PO_B12_007247,348634,5652,0,0,342982,INR,2026-08-14T03:44:00Z,BATCH-JIOO-7247
PO_B12_007248,PayU Enterprise,PAYT-INV-360473 PO_B12_007248,80107,1905,0,0,78202,INR,2026-08-14T05:23:00Z,BATCH-PAYT-7248
PO_B12_007249,Stripe India,ZOMA-INV-972195 PO_B12_007249,178948,3371,0,0,175577,INR,2026-08-14T17:22:00Z,BATCH-ZOMA-7249
PO_B12_007250,Razorpay Nodal,BKMS-INV-179230 PO_B12_007250,389162,8641,0,0,380521,INR,2026-08-15T02:09:00Z,BATCH-BKMS-7250
PO_B12_007251,Stripe India,UBER-INV-239430 PO_B12_007251,190390,3228,0,0,187162,INR,2026-08-14T16:52:00Z,BATCH-UBER-7251
PO_B12_007252,Cashfree Escrow,MMTR-INV-164852 PO_B12_007252,257292,4289,0,0,253003,INR,2026-08-14T10:20:00Z,BATCH-MMTR-7252
PO_B12_007253,PayU Enterprise,NYKA-INV-694796 PO_B12_007253,239879,4909,0,0,234970,INR,2026-08-14T17:59:00Z,BATCH-NYKA-7253
PO_B12_007254,PayU Enterprise,JIOO-ORD-587217 JIOO-ORD-948457 BATCH-JIOO-7254,315474,6309,0,0,309165,INR,2026-08-14T07:24:00Z,BATCH-JIOO-7254
PO_B12_007255,Razorpay Nodal,BKMS-INV-738220 PO_B12_007255,31361,491,0,0,30870,INR,2026-08-13T14:19:00Z,BATCH-BKMS-7255
PO_B12_007256,Razorpay Nodal,ZOMA-INV-623024 PO_B12_007256,417911,9520,0,0,408391,INR,2026-08-14T10:43:00Z,BATCH-ZOMA-7256
PO_B12_007257,Stripe India,BKMS-INV-683349 PO_B12_007257,345813,8631,0,0,337182,INR,2026-08-14T12:23:00Z,BATCH-BKMS-7257
PO_B12_007258,Razorpay Nodal,OLAA-INV-486762 PO_B12_007258,96244,2242,0,0,94002,INR,2026-08-13T19:21:00Z,BATCH-OLAA-7258
PO_B12_007259,PayU Enterprise,FLPK-INV-680187 PO_B12_007259,42538,702,0,0,41836,INR,2026-08-14T01:21:00Z,BATCH-FLPK-7259
PO_B12_007260,Cashfree Escrow,PHNP-ORD-203705 PHNP-ORD-338238 PHNP-ORD-964783 BATCH-PHNP-7260,277142,5542,0,0,271600,INR,2026-08-14T14:55:00Z,BATCH-PHNP-7260
PO_B12_007261,Stripe India,BKMS-INV-167971 PO_B12_007261,106077,2053,0,0,104024,INR,2026-08-14T07:21:00Z,BATCH-BKMS-7261
PO_B12_007262,Cashfree Escrow,BBAS-INV-785627 PO_B12_007262,34089,836,0,0,33253,INR,2026-08-14T05:56:00Z,BATCH-BBAS-7262
PO_B12_007263,Stripe India,UBER-EXC-968638-UNRESOLVED,252675,5043,0,0,247632,INR,2026-08-15T00:01:00Z,HOLD-ESCROW
PO_B12_007264,BillDesk Settlement,MMTR-INV-950319 PO_B12_007264,195976,4667,0,0,191309,INR,2026-08-14T19:25:00Z,BATCH-MMTR-7264
PO_B12_007265,BillDesk Settlement,JIOO-INV-643784 PO_B12_007265,298543,7003,0,0,291540,INR,2026-08-14T00:26:00Z,BATCH-JIOO-7265
PO_B12_007266,PayU Enterprise,TATA-INV-965537 PO_B12_007266,86571,1832,0,0,84739,INR,2026-08-13T20:11:00Z,BATCH-TATA-7266
PO_B12_007267,Cashfree Escrow,BKMS-INV-780906 PO_B12_007267,161324,3021,0,0,158303,INR,2026-08-14T10:38:00Z,BATCH-BKMS-7267
PO_B12_007268,Stripe India,FLPK-ORD-663951 FLPK-ORD-459004 BATCH-FLPK-7268,212600,4252,0,0,208348,INR,2026-08-14T15:28:00Z,BATCH-FLPK-7268
PO_B12_007269,Cashfree Escrow,PAYT-INV-937224 PO_B12_007269,214405,4343,0,0,210062,INR,2026-08-14T11:34:00Z,BATCH-PAYT-7269
PO_B12_007270,Cashfree Escrow,TATA-INV-568280 PO_B12_007270,112385,1724,0,0,110661,INR,2026-08-14T01:02:00Z,BATCH-TATA-7270
PO_B12_007271,Stripe India,PHNP-INV-399211 PO_B12_007271,373262,7631,0,0,365631,INR,2026-08-14T06:51:00Z,BATCH-PHNP-7271
PO_B12_007272,Razorpay Nodal,BKMS-INV-262892 PO_B12_007272,186787,2823,0,0,183964,INR,2026-08-14T00:39:00Z,BATCH-BKMS-7272
PO_B12_007273,Cashfree Escrow,FLPK-ORD-523351 FLPK-ORD-829247 BATCH-FLPK-7273,276329,5526,0,0,270803,INR,2026-08-14T01:48:00Z,BATCH-FLPK-7273
PO_B12_007274,Razorpay Nodal,JIOO-ORD-556044 JIOO-ORD-582432 BATCH-JIOO-7274,232192,4643,0,0,227549,INR,2026-08-13T23:46:00Z,BATCH-JIOO-7274
PO_B12_007275,Stripe India,BBAS-INV-105162 PO_B12_007275,160244,3722,0,0,156522,INR,2026-08-14T19:20:00Z,BATCH-BBAS-7275
PO_B12_007276,Stripe India,BLNK-INV-779900 PO_B12_007276,267757,5292,0,0,262465,INR,2026-08-13T23:15:00Z,BATCH-BLNK-7276
PO_B12_007277,Stripe India,PHNP-INV-157157 PO_B12_007277,325083,7335,0,0,317748,INR,2026-08-14T11:20:00Z,BATCH-PHNP-7277
PO_B12_007278,Cashfree Escrow,BLNK-INV-559713 PO_B12_007278,369386,6275,0,0,363111,INR,2026-08-14T07:23:00Z,BATCH-BLNK-7278
PO_B12_007279,Razorpay Nodal,BBAS-INV-435329 PO_B12_007279,52976,865,0,0,52111,INR,2026-08-14T05:37:00Z,BATCH-BBAS-7279
PO_B12_007280,Razorpay Nodal,ZOMA-INV-322921 PO_B12_007280,123184,2529,0,0,120655,INR,2026-08-14T01:06:00Z,BATCH-ZOMA-7280
PO_B12_007281,PayU Enterprise,SWIG-INV-838909 PO_B12_007281,318280,4927,0,0,313353,INR,2026-08-14T12:55:00Z,BATCH-SWIG-7281
PO_B12_007282,Stripe India,BKMS-ORD-524190 BKMS-ORD-948432 BATCH-BKMS-7282,403504,8070,0,0,395434,INR,2026-08-14T12:30:00Z,BATCH-BKMS-7282
PO_B12_007283,BillDesk Settlement,NYKA-ORD-972776 NYKA-ORD-594997 BATCH-NYKA-7283,125036,2500,0,0,122536,INR,2026-08-13T23:06:00Z,BATCH-NYKA-7283
PO_B12_007284,Stripe India,MYNT-INV-111054 PO_B12_007284,228083,4648,0,0,223435,INR,2026-08-15T00:45:00Z,BATCH-MYNT-7284
PO_B12_007285,BillDesk Settlement,TATA-ORD-747640 TATA-ORD-466136 BATCH-TATA-7285,425280,8505,0,0,416775,INR,2026-08-14T18:55:00Z,BATCH-TATA-7285
PO_B12_007286,Cashfree Escrow,NYKA-INV-490484 PO_B12_007286,59003,1319,0,0,57684,INR,2026-08-13T18:18:00Z,BATCH-NYKA-7286
PO_B12_007287,Razorpay Nodal,TATA-INV-944116 PO_B12_007287,76567,1855,0,0,74712,INR,2026-08-14T15:06:00Z,BATCH-TATA-7287
PO_B12_007288,Razorpay Nodal,ZOMA-ORD-828871 ZOMA-ORD-472181 ZOMA-ORD-386871 BATCH-ZOMA-7288,280154,5603,0,0,274551,INR,2026-08-14T09:46:00Z,BATCH-ZOMA-7288
PO_B12_007289,Cashfree Escrow,BLNK-INV-369285 PO_B12_007289,343513,6747,0,0,336766,INR,2026-08-13T14:40:00Z,BATCH-BLNK-7289
PO_B12_007290,BillDesk Settlement,BLNK-INV-275528 PO_B12_007290,172027,3925,0,0,168102,INR,2026-08-14T05:14:00Z,BATCH-BLNK-7290
PO_B12_007291,Stripe India,FLPK-ORD-915086 FLPK-ORD-748534 FLPK-ORD-271531 BATCH-FLPK-7291,337908,6758,0,0,331150,INR,2026-08-14T15:49:00Z,BATCH-FLPK-7291
PO_B12_007292,Razorpay Nodal,BBAS-INV-127170 PO_B12_007292,299010,6059,0,0,292951,INR,2026-08-14T13:32:00Z,BATCH-BBAS-7292
PO_B12_007293,PayU Enterprise,PAYT-ORD-243107 PAYT-ORD-650548 BATCH-PAYT-7293,319736,6394,0,0,313342,INR,2026-08-14T10:25:00Z,BATCH-PAYT-7293
PO_B12_007294,Razorpay Nodal,SWIG-INV-427742 PO_B12_007294,92815,1515,0,0,91300,INR,2026-08-14T12:16:00Z,BATCH-SWIG-7294
PO_B12_007295,PayU Enterprise,MYNT-ORD-578080 MYNT-ORD-522012 BATCH-MYNT-7295,220113,4402,0,0,215711,INR,2026-08-14T12:08:00Z,BATCH-MYNT-7295
PO_B12_007296,Razorpay Nodal,BKMS-INV-918794 PO_B12_007296,50804,1266,0,0,49538,INR,2026-08-14T09:22:00Z,BATCH-BKMS-7296
PO_B12_007297,BillDesk Settlement,PAYT-ORD-164155 PAYT-ORD-153106 PAYT-ORD-237449 BATCH-PAYT-7297,204120,4082,0,0,200038,INR,2026-08-14T20:28:00Z,BATCH-PAYT-7297
PO_B12_007298,PayU Enterprise,BLNK-INV-636457 PO_B12_007298,31303,475,0,0,30828,INR,2026-08-14T16:28:00Z,BATCH-BLNK-7298
PO_B12_007299,Razorpay Nodal,MMTR-INV-758124 PO_B12_007299,193527,3383,0,0,190144,INR,2026-08-14T01:01:00Z,BATCH-MMTR-7299
PO_B12_007300,Razorpay Nodal,PHNP-ORD-241341 PHNP-ORD-832197 PHNP-ORD-746184 BATCH-PHNP-7300,398736,7974,0,0,390762,INR,2026-08-13T22:06:00Z,BATCH-PHNP-7300
PO_B12_007301,PayU Enterprise,BKMS-INV-489034 PO_B12_007301,372108,8281,0,0,363827,INR,2026-08-14T09:56:00Z,BATCH-BKMS-7301
PO_B12_007302,Razorpay Nodal,NYKA-INV-127050 PO_B12_007302,425022,10595,0,0,414427,INR,2026-08-14T16:42:00Z,BATCH-NYKA-7302
PO_B12_007303,Stripe India,MYNT-ORD-356811 MYNT-ORD-923593 MYNT-ORD-945427 BATCH-MYNT-7303,356939,7138,0,0,349801,INR,2026-08-14T01:33:00Z,BATCH-MYNT-7303
PO_B12_007304,Stripe India,JIOO-INV-252290 PO_B12_007304,166222,3008,0,0,163214,INR,2026-08-14T03:38:00Z,BATCH-JIOO-7304
PO_B12_007305,PayU Enterprise,BKMS-ORD-764541 BKMS-ORD-490955 BATCH-BKMS-7305,281089,5621,0,0,275468,INR,2026-08-14T18:22:00Z,BATCH-BKMS-7305
PO_B12_007306,Razorpay Nodal,MYNT-INV-488842 PO_B12_007306,437002,7657,0,0,429345,INR,2026-08-14T08:20:00Z,BATCH-MYNT-7306
PO_B12_007307,Razorpay Nodal,MMTR-INV-607768 PO_B12_007307,427206,6773,0,0,420433,INR,2026-08-14T03:34:00Z,BATCH-MMTR-7307
PO_B12_007308,BillDesk Settlement,ZOMA-INV-397311 PO_B12_007308,236385,4013,0,0,232372,INR,2026-08-14T09:25:00Z,BATCH-ZOMA-7308
PO_B12_007309,Stripe India,MMTR-INV-811720 PO_B12_007309,165084,3930,0,0,161154,INR,2026-08-14T12:02:00Z,BATCH-MMTR-7309
PO_B12_007310,Cashfree Escrow,SWIG-ORD-484255 SWIG-ORD-421798 SWIG-ORD-498816 BATCH-SWIG-7310,311047,6220,0,0,304827,INR,2026-08-14T16:36:00Z,BATCH-SWIG-7310
PO_B12_007311,BillDesk Settlement,JIOO-INV-549942 PO_B12_007311,302015,7119,0,0,294896,INR,2026-08-14T15:41:00Z,BATCH-JIOO-7311
PO_B12_007312,Cashfree Escrow,BBAS-INV-845656 PO_B12_007312,105973,2348,0,0,103625,INR,2026-08-13T17:38:00Z,BATCH-BBAS-7312
PO_B12_007313,BillDesk Settlement,JIOO-ORD-110938 JIOO-ORD-974309 JIOO-ORD-281398 BATCH-JIOO-7313,316271,6325,0,0,309946,INR,2026-08-14T07:17:00Z,BATCH-JIOO-7313
PO_B12_007314,Razorpay Nodal,JIOO-INV-957259 PO_B12_007314,301716,7350,0,0,294366,INR,2026-08-14T01:14:00Z,BATCH-JIOO-7314
PO_B12_007315,Stripe India,BKMS-INV-735048 PO_B12_007315,360950,6621,0,0,354329,INR,2026-08-13T21:45:00Z,BATCH-BKMS-7315
PO_B12_007316,Razorpay Nodal,PAYT-INV-555269 PO_B12_007316,440794,8109,0,0,432685,INR,2026-08-14T20:10:00Z,BATCH-PAYT-7316
PO_B12_007317,Razorpay Nodal,PHNP-INV-288840 PO_B12_007317,98378,2366,0,0,96012,INR,2026-08-14T00:52:00Z,BATCH-PHNP-7317
PO_B12_007318,Stripe India,BBAS-INV-453287 PO_B12_007318,405304,7604,0,0,397700,INR,2026-08-14T13:30:00Z,BATCH-BBAS-7318
PO_B12_007319,Razorpay Nodal,SWIG-INV-610941 PO_B12_007319,204208,3347,0,0,200861,INR,2026-08-14T20:12:00Z,BATCH-SWIG-7319
PO_B12_007320,Cashfree Escrow,PHNP-INV-190935 PO_B12_007320,140164,2201,0,0,137963,INR,2026-08-14T19:26:00Z,BATCH-PHNP-7320
PO_B12_007321,Razorpay Nodal,MYNT-INV-204412 PO_B12_007321,428075,9385,0,0,418690,INR,2026-08-13T23:41:00Z,BATCH-MYNT-7321
PO_B12_007322,Stripe India,PAYT-INV-408826 PO_B12_007322,66659,1245,0,0,65414,INR,2026-08-14T16:54:00Z,BATCH-PAYT-7322
PO_B12_007323,Stripe India,SWIG-INV-132667 PO_B12_007323,369842,6133,0,0,363709,INR,2026-08-14T02:41:00Z,BATCH-SWIG-7323
PO_B12_007324,Razorpay Nodal,AMZN-INV-658789 PO_B12_007324,92250,2099,0,0,90151,INR,2026-08-14T03:49:00Z,BATCH-AMZN-7324
PO_B12_007325,Stripe India,ZOMA-ORD-457461 ZOMA-ORD-274442 ZOMA-ORD-948910 BATCH-ZOMA-7325,214179,4283,0,0,209896,INR,2026-08-14T11:07:00Z,BATCH-ZOMA-7325
PO_B12_007326,PayU Enterprise,BBAS-INV-960373 PO_B12_007326,113421,2159,0,0,111262,INR,2026-08-14T15:25:00Z,BATCH-BBAS-7326
PO_B12_007327,Razorpay Nodal,BLNK-INV-701478 PO_B12_007327,334965,7723,0,0,327242,INR,2026-08-14T08:59:00Z,BATCH-BLNK-7327
PO_B12_007328,Stripe India,NYKA-ORD-857566 NYKA-ORD-658793 BATCH-NYKA-7328,238972,4779,0,0,234193,INR,2026-08-13T22:26:00Z,BATCH-NYKA-7328
PO_B12_007329,BillDesk Settlement,AMZN-ORD-261878 AMZN-ORD-260850 BATCH-AMZN-7329,87929,1758,0,0,86171,INR,2026-08-14T07:49:00Z,BATCH-AMZN-7329
PO_B12_007330,BillDesk Settlement,PAYT-INV-530952 PO_B12_007330,253368,4303,0,0,249065,INR,2026-08-14T05:55:00Z,BATCH-PAYT-7330
PO_B12_007331,Razorpay Nodal,BKMS-INV-190302 PO_B12_007331,66988,1441,0,0,65547,INR,2026-08-14T21:55:00Z,BATCH-BKMS-7331
PO_B12_007332,Stripe India,NYKA-ORD-692475 NYKA-ORD-230132 NYKA-ORD-532185 BATCH-NYKA-7332,423903,8478,0,0,415425,INR,2026-08-13T22:38:00Z,BATCH-NYKA-7332
PO_B12_007333,Cashfree Escrow,BLNK-INV-574139 PO_B12_007333,317920,5927,0,0,311993,INR,2026-08-14T09:47:00Z,BATCH-BLNK-7333
PO_B12_007334,Stripe India,JIOO-INV-544838 PO_B12_007334,222289,5281,0,0,217008,INR,2026-08-14T11:58:00Z,BATCH-JIOO-7334
PO_B12_007335,Razorpay Nodal,AMZN-INV-440620 PO_B12_007335,88750,1829,0,0,86921,INR,2026-08-14T06:27:00Z,BATCH-AMZN-7335
PO_B12_007336,BillDesk Settlement,PHNP-INV-688196 PO_B12_007336,128868,2927,0,0,125941,INR,2026-08-14T01:18:00Z,BATCH-PHNP-7336
PO_B12_007337,Stripe India,MYNT-INV-675904 PO_B12_007337,317461,7455,0,0,310006,INR,2026-08-13T19:47:00Z,BATCH-MYNT-7337
PO_B12_007338,Razorpay Nodal,OLAA-INV-833499 PO_B12_007338,274095,4975,0,0,269120,INR,2026-08-14T00:22:00Z,BATCH-OLAA-7338
PO_B12_007339,BillDesk Settlement,BBAS-ORD-670451 BBAS-ORD-516244 BBAS-ORD-914529 BATCH-BBAS-7339,574195,11483,0,0,562712,INR,2026-08-14T07:23:00Z,BATCH-BBAS-7339
PO_B12_007340,Razorpay Nodal,AMZN-INV-759901 PO_B12_007340,115495,1780,0,0,113715,INR,2026-08-14T08:13:00Z,BATCH-AMZN-7340
PO_B12_007341,Razorpay Nodal,MYNT-INV-358474 PO_B12_007341,100837,2428,0,0,98409,INR,2026-08-14T08:30:00Z,BATCH-MYNT-7341
PO_B12_007342,PayU Enterprise,MMTR-EXC-546657-UNRESOLVED,135386,2697,0,0,132689,INR,2026-08-14T22:21:00Z,HOLD-ESCROW
PO_B12_007343,Razorpay Nodal,SWIG-INV-431696 PO_B12_007343,447546,9339,0,0,438207,INR,2026-08-14T13:02:00Z,BATCH-SWIG-7343
PO_B12_007344,Stripe India,ZOMA-INV-729360 PO_B12_007344,401124,9493,0,0,391631,INR,2026-08-14T09:38:00Z,BATCH-ZOMA-7344
PO_B12_007345,Cashfree Escrow,TATA-ORD-984600 TATA-ORD-482020 BATCH-TATA-7345,282404,5648,0,0,276756,INR,2026-08-14T12:14:00Z,BATCH-TATA-7345
PO_B12_007346,Cashfree Escrow,PHNP-INV-120075 PO_B12_007346,158359,2422,0,0,155937,INR,2026-08-14T16:38:00Z,BATCH-PHNP-7346
PO_B12_007347,Cashfree Escrow,SWIG-ORD-185324 SWIG-ORD-618165 BATCH-SWIG-7347,280252,5605,0,0,274647,INR,2026-08-14T19:03:00Z,BATCH-SWIG-7347
PO_B12_007348,Stripe India,MMTR-INV-502598 PO_B12_007348,42946,976,0,0,41970,INR,2026-08-14T08:53:00Z,BATCH-MMTR-7348
PO_B12_007349,Razorpay Nodal,SWIG-INV-206940 PO_B12_007349,237400,4063,0,0,233337,INR,2026-08-14T09:46:00Z,BATCH-SWIG-7349
PO_B12_007350,Cashfree Escrow,MYNT-INV-429403 PO_B12_007350,242173,6003,0,0,236170,INR,2026-08-14T00:10:00Z,BATCH-MYNT-7350
PO_B12_007351,PayU Enterprise,PAYT-INV-623945 PO_B12_007351,299408,4981,0,0,294427,INR,2026-08-14T15:47:00Z,BATCH-PAYT-7351
PO_B12_007352,PayU Enterprise,BKMS-INV-876103 PO_B12_007352,425354,10454,0,0,414900,INR,2026-08-14T00:18:00Z,BATCH-BKMS-7352
PO_B12_007353,Stripe India,OLAA-EXC-206642-UNRESOLVED,212662,4243,0,0,208419,INR,2026-08-14T14:46:00Z,HOLD-ESCROW
PO_B12_007354,BillDesk Settlement,UBER-INV-285076 PO_B12_007354,360288,8728,0,0,351560,INR,2026-08-13T19:59:00Z,BATCH-UBER-7354
PO_B12_007355,PayU Enterprise,MYNT-INV-467353 PO_B12_007355,318153,5206,0,0,312947,INR,2026-08-14T06:20:00Z,BATCH-MYNT-7355
PO_B12_007356,Razorpay Nodal,JIOO-ORD-167989 JIOO-ORD-629019 JIOO-ORD-359010 BATCH-JIOO-7356,496825,9936,0,0,486889,INR,2026-08-14T18:27:00Z,BATCH-JIOO-7356
PO_B12_007357,BillDesk Settlement,JIOO-INV-471390 PO_B12_007357,276490,6886,0,0,269604,INR,2026-08-13T17:03:00Z,BATCH-JIOO-7357
PO_B12_007358,Stripe India,JIOO-INV-359416 PO_B12_007358,42379,894,0,0,41485,INR,2026-08-13T23:31:00Z,BATCH-JIOO-7358
PO_B12_007359,PayU Enterprise,JIOO-INV-346631 PO_B12_007359,79566,1762,0,0,77804,INR,2026-08-14T19:50:00Z,BATCH-JIOO-7359
PO_B12_007360,Cashfree Escrow,BBAS-INV-247552 PO_B12_007360,331632,7423,0,0,324209,INR,2026-08-14T14:52:00Z,BATCH-BBAS-7360
PO_B12_007361,Stripe India,PAYT-INV-410730 PO_B12_007361,294913,6394,0,0,288519,INR,2026-08-14T07:48:00Z,BATCH-PAYT-7361
PO_B12_007362,Stripe India,AMZN-INV-570291 PO_B12_007362,388546,7312,0,0,381234,INR,2026-08-13T23:26:00Z,BATCH-AMZN-7362
PO_B12_007363,PayU Enterprise,NYKA-INV-951464 PO_B12_007363,439055,8778,0,0,430277,INR,2026-08-14T05:30:00Z,BATCH-NYKA-7363
PO_B12_007364,Razorpay Nodal,TATA-INV-925537 PO_B12_007364,368460,8985,0,0,359475,INR,2026-08-14T03:39:00Z,BATCH-TATA-7364
PO_B12_007365,Razorpay Nodal,BLNK-ORD-869745 BLNK-ORD-421677 BATCH-BLNK-7365,266159,5323,0,0,260836,INR,2026-08-14T13:46:00Z,BATCH-BLNK-7365
PO_B12_007366,Stripe India,UBER-ORD-137258 UBER-ORD-912260 UBER-ORD-927264 BATCH-UBER-7366,235175,4703,0,0,230472,INR,2026-08-14T09:05:00Z,BATCH-UBER-7366
PO_B12_007367,Razorpay Nodal,BBAS-INV-703202 PO_B12_007367,126188,1951,0,0,124237,INR,2026-08-14T06:12:00Z,BATCH-BBAS-7367
PO_B12_007368,BillDesk Settlement,PHNP-INV-361206 PO_B12_007368,321694,7290,0,0,314404,INR,2026-08-13T17:09:00Z,BATCH-PHNP-7368
PO_B12_007369,Razorpay Nodal,OLAA-ORD-529486 OLAA-ORD-178691 OLAA-ORD-894014 BATCH-OLAA-7369,420958,8419,0,0,412539,INR,2026-08-14T13:13:00Z,BATCH-OLAA-7369
PO_B12_007370,PayU Enterprise,BKMS-INV-158265 PO_B12_007370,442496,9107,0,0,433389,INR,2026-08-14T05:15:00Z,BATCH-BKMS-7370
PO_B12_007371,Cashfree Escrow,FLPK-INV-150837 PO_B12_007371,87735,1826,0,0,85909,INR,2026-08-14T12:50:00Z,BATCH-FLPK-7371
PO_B12_007372,Cashfree Escrow,AMZN-ORD-661117 AMZN-ORD-235656 BATCH-AMZN-7372,332057,6641,0,0,325416,INR,2026-08-13T23:08:00Z,BATCH-AMZN-7372
PO_B12_007373,BillDesk Settlement,FLPK-ORD-822011 FLPK-ORD-939254 BATCH-FLPK-7373,226941,4538,0,0,222403,INR,2026-08-14T14:57:00Z,BATCH-FLPK-7373
PO_B12_007374,PayU Enterprise,UBER-INV-931918 PO_B12_007374,118038,2105,0,0,115933,INR,2026-08-14T11:06:00Z,BATCH-UBER-7374
PO_B12_007375,Cashfree Escrow,BKMS-INV-487663 PO_B12_007375,281716,6989,0,0,274727,INR,2026-08-13T22:31:00Z,BATCH-BKMS-7375
PO_B12_007376,Cashfree Escrow,MYNT-INV-906066 PO_B12_007376,101107,2285,0,0,98822,INR,2026-08-14T11:46:00Z,BATCH-MYNT-7376
