payout_id,gateway_name,gateway_reference,gross_amount_minor,processing_fee_minor,refund_amount_minor,chargeback_amount_minor,net_settlement_amount_minor,currency,settlement_timestamp,batch_token
PO_B10_000001,Stripe India,JIOO-ORD-931366 JIOO-ORD-333987 JIOO-ORD-363374 BATCH-JIOO-0001,408559,8171,0,0,400388,INR,2026-08-12T00:07:00Z,BATCH-JIOO-0001
PO_B10_000002,Cashfree Escrow,NYKA-ORD-234691 NYKA-ORD-400347 BATCH-NYKA-0002,182393,3647,0,0,178746,INR,2026-08-12T07:49:00Z,BATCH-NYKA-0002
PO_B10_000003,Cashfree Escrow,OLAA-ORD-318922 OLAA-ORD-309485 OLAA-ORD-130972 BATCH-OLAA-0003,570467,11409,0,0,559058,INR,2026-08-12T00:57:00Z,BATCH-OLAA-0003
PO_B10_000004,BillDesk Settlement,SWIG-INV-502469 PO_B10_000004,386034,8119,0,0,377915,INR,2026-08-12T20:35:00Z,BATCH-SWIG-0004
PO_B10_000005,Razorpay Nodal,MMTR-INV-916414 PO_B10_000005,409782,7331,0,0,402451,INR,2026-08-12T12:45:00Z,BATCH-MMTR-0005
PO_B10_000006,Stripe India,MMTR-INV-546523 PO_B10_000006,160446,2965,0,0,157481,INR,2026-08-12T02:36:00Z,BATCH-MMTR-0006
PO_B10_000007,Stripe India,MMTR-INV-668296 PO_B10_000007,194892,4000,0,0,190892,INR,2026-08-12T02:07:00Z,BATCH-MMTR-0007
PO_B10_000008,Stripe India,OLAA-ORD-775360 OLAA-ORD-348128 OLAA-ORD-204015 BATCH-OLAA-0008,290829,5816,0,0,285013,INR,2026-08-11T23:45:00Z,BATCH-OLAA-0008
PO_B10_000009,BillDesk Settlement,JIOO-ORD-587582 JIOO-ORD-589432 BATCH-JIOO-0009,89857,1797,0,0,88060,INR,2026-08-12T17:47:00Z,BATCH-JIOO-0009
PO_B10_000010,Stripe India,AMZN-INV-606229 PO_B10_000010,215835,3946,0,0,211889,INR,2026-08-12T08:05:00Z,BATCH-AMZN-0010
PO_B10_000011,Cashfree Escrow,BLNK-INV-293940 PO_B10_000011,37182,712,0,0,36470,INR,2026-08-12T07:09:00Z,BATCH-BLNK-0011
PO_B10_000012,Razorpay Nodal,PHNP-INV-119745 PO_B10_000012,146945,2702,0,0,144243,INR,2026-08-11T21:06:00Z,BATCH-PHNP-0012
PO_B10_000013,PayU Enterprise,ZOMA-INV-249740 PO_B10_000013,403791,9261,0,0,394530,INR,2026-08-12T10:31:00Z,BATCH-ZOMA-0013
PO_B10_000014,Cashfree Escrow,BLNK-EXC-358819-UNRESOLVED,95258,1895,0,0,93363,INR,2026-08-12T09:13:00Z,HOLD-ESCROW
PO_B10_000015,Stripe India,BLNK-INV-333734 PO_B10_000015,287887,6676,0,0,281211,INR,2026-08-12T06:11:00Z,BATCH-BLNK-0015
PO_B10_000016,Razorpay Nodal,BBAS-INV-954151 PO_B10_000016,361853,6804,0,0,355049,INR,2026-08-12T11:04:00Z,BATCH-BBAS-0016
PO_B10_000017,Stripe India,UBER-INV-325150 PO_B10_000017,330218,6054,0,0,324164,INR,2026-08-11T22:54:00Z,BATCH-UBER-0017
PO_B10_000018,Cashfree Escrow,NYKA-ORD-425681 NYKA-ORD-551668 NYKA-ORD-919074 BATCH-NYKA-0018,335832,6716,0,0,329116,INR,2026-08-12T06:30:00Z,BATCH-NYKA-0018
PO_B10_000019,Stripe India,BLNK-INV-911575 PO_B10_000019,26935,621,0,0,26314,INR,2026-08-12T03:30:00Z,BATCH-BLNK-0019
PO_B10_000020,Cashfree Escrow,AMZN-INV-354317 PO_B10_000020,384703,7399,0,0,377304,INR,2026-08-12T11:57:00Z,BATCH-AMZN-0020
PO_B10_000021,BillDesk Settlement,UBER-INV-857763 PO_B10_000021,36722,566,0,0,36156,INR,2026-08-12T00:27:00Z,BATCH-UBER-0021
PO_B10_000022,Razorpay Nodal,BLNK-INV-532562 PO_B10_000022,379641,8082,0,0,371559,INR,2026-08-12T15:40:00Z,BATCH-BLNK-0022
PO_B10_000023,Stripe India,ZOMA-INV-921143 PO_B10_000023,398627,7554,0,0,391073,INR,2026-08-12T03:24:00Z,BATCH-ZOMA-0023
PO_B10_000024,Cashfree Escrow,BLNK-INV-321103 PO_B10_000024,305129,7363,0,0,297766,INR,2026-08-12T06:47:00Z,BATCH-BLNK-0024
PO_B10_000025,Razorpay Nodal,AMZN-INV-428843 PO_B10_000025,61580,1404,0,0,60176,INR,2026-08-12T14:11:00Z,BATCH-AMZN-0025
PO_B10_000026,PayU Enterprise,PAYT-INV-902205 PO_B10_000026,393275,6765,0,0,386510,INR,2026-08-12T16:15:00Z,BATCH-PAYT-0026
PO_B10_000027,Cashfree Escrow,MYNT-INV-590042 PO_B10_000027,379565,6496,0,0,373069,INR,2026-08-12T03:49:00Z,BATCH-MYNT-0027
PO_B10_000028,Razorpay Nodal,FLPK-INV-254429 PO_B10_000028,230356,3761,0,0,226595,INR,2026-08-12T17:11:00Z,BATCH-FLPK-0028
PO_B10_000029,PayU Enterprise,BLNK-INV-286008 PO_B10_000029,438572,10073,0,0,428499,INR,2026-08-12T19:37:00Z,BATCH-BLNK-0029
PO_B10_000030,Stripe India,PHNP-INV-334903 PO_B10_000030,389879,6315,0,0,383564,INR,2026-08-12T01:22:00Z,BATCH-PHNP-0030
PO_B10_000031,Cashfree Escrow,NYKA-EXC-372453-UNRESOLVED,95296,1895,0,0,93401,INR,2026-08-12T17:52:00Z,HOLD-ESCROW
PO_B10_000032,Razorpay Nodal,SWIG-INV-503912 PO_B10_000032,307377,6101,0,0,301276,INR,2026-08-12T16:46:00Z,BATCH-SWIG-0032
PO_B10_000033,BillDesk Settlement,SWIG-INV-565930 PO_B10_000033,186704,3517,0,0,183187,INR,2026-08-12T11:11:00Z,BATCH-SWIG-0033
PO_B10_000034,Razorpay Nodal,NYKA-INV-939554 PO_B10_000034,421803,7548,0,0,414255,INR,2026-08-12T07:23:00Z,BATCH-NYKA-0034
PO_B10_000035,PayU Enterprise,AMZN-INV-125167 PO_B10_000035,368196,8123,0,0,360073,INR,2026-08-12T21:55:00Z,BATCH-AMZN-0035
PO_B10_000036,PayU Enterprise,SWIG-INV-420440 PO_B10_000036,294462,4800,0,0,289662,INR,2026-08-12T13:31:00Z,BATCH-SWIG-0036
PO_B10_000037,BillDesk Settlement,TATA-ORD-538672 TATA-ORD-605969 TATA-ORD-418866 BATCH-TATA-0037,305445,6108,0,0,299337,INR,2026-08-12T00:00:00Z,BATCH-TATA-0037
PO_B10_000038,Stripe India,PHNP-INV-932450 PO_B10_000038,120172,1948,0,0,118224,INR,2026-08-12T03:04:00Z,BATCH-PHNP-0038
PO_B10_000039,Cashfree Escrow,BBAS-ORD-309608 BBAS-ORD-951480 BBAS-ORD-877973 BATCH-BBAS-0039,474973,9499,0,0,465474,INR,2026-08-12T15:50:00Z,BATCH-BBAS-0039
PO_B10_000040,Stripe India,OLAA-INV-587093 PO_B10_000040,341076,7405,0,0,333671,INR,2026-08-12T07:55:00Z,BATCH-OLAA-0040
PO_B10_000041,Stripe India,ZOMA-INV-416522 PO_B10_000041,55223,869,0,0,54354,INR,2026-08-11T23:30:00Z,BATCH-ZOMA-0041
PO_B10_000042,Stripe India,BBAS-INV-973110 PO_B10_000042,413029,7282,0,0,405747,INR,2026-08-12T00:11:00Z,BATCH-BBAS-0042
PO_B10_000043,BillDesk Settlement,MMTR-INV-438872 PO_B10_000043,129075,3112,0,0,125963,INR,2026-08-12T12:22:00Z,BATCH-MMTR-0043
PO_B10_000044,Stripe India,MMTR-ORD-983296 MMTR-ORD-803521 BATCH-MMTR-0044,181962,3639,0,0,178323,INR,2026-08-12T10:36:00Z,BATCH-MMTR-0044
PO_B10_000045,Stripe India,UBER-ORD-252218 UBER-ORD-937993 UBER-ORD-283318 BATCH-UBER-0045,409847,8196,0,0,401651,INR,2026-08-11T22:59:00Z,BATCH-UBER-0045
PO_B10_000046,BillDesk Settlement,AMZN-INV-729295 PO_B10_000046,69874,1204,0,0,68670,INR,2026-08-12T07:35:00Z,BATCH-AMZN-0046
PO_B10_000047,Cashfree Escrow,AMZN-INV-507207 PO_B10_000047,338149,6623,0,0,331526,INR,2026-08-12T02:39:00Z,BATCH-AMZN-0047
PO_B10_000048,Razorpay Nodal,ZOMA-INV-467781 PO_B10_000048,417824,10221,0,0,407603,INR,2026-08-12T09:12:00Z,BATCH-ZOMA-0048
PO_B10_000049,PayU Enterprise,BLNK-INV-867166 PO_B10_000049,121273,2198,0,0,119075,INR,2026-08-12T09:27:00Z,BATCH-BLNK-0049
PO_B10_000050,Razorpay Nodal,FLPK-ORD-831363 FLPK-ORD-208952 BATCH-FLPK-0050,235940,4718,0,0,231222,INR,2026-08-11T22:19:00Z,BATCH-FLPK-0050
PO_B10_000051,BillDesk Settlement,TATA-INV-691712 PO_B10_000051,179451,2853,0,0,176598,INR,2026-08-12T04:41:00Z,BATCH-TATA-0051
PO_B10_000052,Stripe India,FLPK-INV-204347 PO_B10_000052,403015,6530,0,0,396485,INR,2026-08-12T08:50:00Z,BATCH-FLPK-0052
PO_B10_000053,BillDesk Settlement,FLPK-INV-245346 PO_B10_000053,254203,4248,0,0,249955,INR,2026-08-11T21:28:00Z,BATCH-FLPK-0053
PO_B10_000054,PayU Enterprise,MYNT-INV-325911 PO_B10_000054,116075,1767,0,0,114308,INR,2026-08-12T11:05:00Z,BATCH-MYNT-0054
PO_B10_000055,BillDesk Settlement,SWIG-INV-839450 PO_B10_000055,106292,1817,0,0,104475,INR,2026-08-12T06:40:00Z,BATCH-SWIG-0055
PO_B10_000056,Stripe India,JIOO-INV-800920 PO_B10_000056,388694,6192,0,0,382502,INR,2026-08-12T12:35:00Z,BATCH-JIOO-0056
PO_B10_000057,Cashfree Escrow,MMTR-ORD-994632 MMTR-ORD-111315 MMTR-ORD-219600 BATCH-MMTR-0057,263329,5266,0,0,258063,INR,2026-08-12T15:06:00Z,BATCH-MMTR-0057
PO_B10_000058,BillDesk Settlement,SWIG-INV-412283 PO_B10_000058,135184,3188,0,0,131996,INR,2026-08-12T09:02:00Z,BATCH-SWIG-0058
PO_B10_000059,PayU Enterprise,AMZN-ORD-644521 AMZN-ORD-561113 AMZN-ORD-192563 BATCH-AMZN-0059,294449,5888,0,0,288561,INR,2026-08-11T22:52:00Z,BATCH-AMZN-0059
PO_B10_000060,Stripe India,ZOMA-INV-791676 PO_B10_000060,163977,4059,0,0,159918,INR,2026-08-12T21:37:00Z,BATCH-ZOMA-0060
PO_B10_000061,PayU Enterprise,FLPK-INV-235002 PO_B10_000061,72115,1295,0,0,70820,INR,2026-08-11T18:22:00Z,BATCH-FLPK-0061
PO_B10_000062,Razorpay Nodal,TATA-INV-885434 PO_B10_000062,243141,4842,0,0,238299,INR,2026-08-12T14:36:00Z,BATCH-TATA-0062
PO_B10_000063,PayU Enterprise,FLPK-ORD-737698 FLPK-ORD-561545 BATCH-FLPK-0063,80809,1616,0,0,79193,INR,2026-08-11T22:04:00Z,BATCH-FLPK-0063
PO_B10_000064,Cashfree Escrow,AMZN-ORD-144202 AMZN-ORD-316667 AMZN-ORD-561001 BATCH-AMZN-0064,461728,9234,0,0,452494,INR,2026-08-12T19:19:00Z,BATCH-AMZN-0064
PO_B10_000065,BillDesk Settlement,MYNT-INV-372525 PO_B10_000065,365422,7267,0,0,358155,INR,2026-08-12T02:25:00Z,BATCH-MYNT-0065
PO_B10_000066,Cashfree Escrow,AMZN-ORD-839963 AMZN-ORD-114450 BATCH-AMZN-0066,238828,4776,0,0,234052,INR,2026-08-12T19:48:00Z,BATCH-AMZN-0066
PO_B10_000067,Stripe India,BLNK-ORD-346830 BLNK-ORD-476759 BATCH-BLNK-0067,223777,4475,0,0,219302,INR,2026-08-11T21:43:00Z,BATCH-BLNK-0067
PO_B10_000068,PayU Enterprise,BLNK-INV-297020 PO_B10_000068,192678,3440,0,0,189238,INR,2026-08-12T03:11:00Z,BATCH-BLNK-0068
PO_B10_000069,PayU Enterprise,AMZN-ORD-441818 AMZN-ORD-373134 BATCH-AMZN-0069,221930,4438,0,0,217492,INR,2026-08-12T14:35:00Z,BATCH-AMZN-0069
PO_B10_000070,Razorpay Nodal,PAYT-INV-280601 PO_B10_000070,105789,1802,0,0,103987,INR,2026-08-12T01:17:00Z,BATCH-PAYT-0070
PO_B10_000071,Razorpay Nodal,MMTR-INV-439068 PO_B10_000071,216891,4159,0,0,212732,INR,2026-08-12T00:21:00Z,BATCH-MMTR-0071
PO_B10_000072,PayU Enterprise,FLPK-INV-377596 PO_B10_000072,371560,7255,0,0,364305,INR,2026-08-11T18:43:00Z,BATCH-FLPK-0072
PO_B10_000073,BillDesk Settlement,PHNP-INV-192343 PO_B10_000073,175573,3059,0,0,172514,INR,2026-08-11T18:25:00Z,BATCH-PHNP-0073
PO_B10_000074,BillDesk Settlement,FLPK-INV-767778 PO_B10_000074,187122,3394,0,0,183728,INR,2026-08-12T09:49:00Z,BATCH-FLPK-0074
PO_B10_000075,Razorpay Nodal,PAYT-INV-271614 PO_B10_000075,226028,5425,0,0,220603,INR,2026-08-12T01:14:00Z,BATCH-PAYT-0075
PO_B10_000076,Razorpay Nodal,ZOMA-INV-561200 PO_B10_000076,222867,4325,0,0,218542,INR,2026-08-12T13:23:00Z,BATCH-ZOMA-0076
PO_B10_000077,BillDesk Settlement,BBAS-INV-722294 PO_B10_000077,141755,2848,0,0,138907,INR,2026-08-12T13:28:00Z,BATCH-BBAS-0077
PO_B10_000078,Razorpay Nodal,PHNP-INV-211825 PO_B10_000078,213424,4510,0,0,208914,INR,2026-08-12T15:50:00Z,BATCH-PHNP-0078
PO_B10_000079,Stripe India,ZOMA-INV-593041 PO_B10_000079,173101,2961,0,0,170140,INR,2026-08-12T16:45:00Z,BATCH-ZOMA-0079
PO_B10_000080,Cashfree Escrow,BLNK-ORD-935444 BLNK-ORD-186847 BATCH-BLNK-0080,177376,3547,0,0,173829,INR,2026-08-12T16:16:00Z,BATCH-BLNK-0080
PO_B10_000081,PayU Enterprise,AMZN-INV-126046 PO_B10_000081,248319,4437,0,0,243882,INR,2026-08-12T15:22:00Z,BATCH-AMZN-0081
PO_B10_000082,Cashfree Escrow,PHNP-INV-911521 PO_B10_000082,303542,6379,0,0,297163,INR,2026-08-12T04:30:00Z,BATCH-PHNP-0082
PO_B10_000083,PayU Enterprise,SWIG-INV-447192 PO_B10_000083,231445,5713,0,0,225732,INR,2026-08-12T02:15:00Z,BATCH-SWIG-0083
PO_B10_000084,Cashfree Escrow,MYNT-INV-616721 PO_B10_000084,404075,8333,0,0,395742,INR,2026-08-11T23:38:00Z,BATCH-MYNT-0084
PO_B10_000085,BillDesk Settlement,BKMS-INV-406185 PO_B10_000085,90063,1512,0,0,88551,INR,2026-08-12T06:13:00Z,BATCH-BKMS-0085
PO_B10_000086,Razorpay Nodal,UBER-INV-533647 PO_B10_000086,322029,5655,0,0,316374,INR,2026-08-12T16:46:00Z,BATCH-UBER-0086
PO_B10_000087,PayU Enterprise,NYKA-INV-720860 PO_B10_000087,266849,6456,0,0,260393,INR,2026-08-12T12:08:00Z,BATCH-NYKA-0087
PO_B10_000088,BillDesk Settlement,PHNP-INV-773408 PO_B10_000088,91579,1808,0,0,89771,INR,2026-08-12T16:53:00Z,BATCH-PHNP-0088
PO_B10_000089,Razorpay Nodal,ZOMA-INV-707427 PO_B10_000089,448340,7113,0,0,441227,INR,2026-08-12T15:19:00Z,BATCH-ZOMA-0089
PO_B10_000090,Cashfree Escrow,SWIG-INV-185937 PO_B10_000090,448326,7252,0,0,441074,INR,2026-08-12T11:31:00Z,BATCH-SWIG-0090
PO_B10_000091,PayU Enterprise,NYKA-INV-894711 PO_B10_000091,349302,8450,0,0,340852,INR,2026-08-12T08:49:00Z,BATCH-NYKA-0091
PO_B10_000092,Razorpay Nodal,AMZN-INV-153988 PO_B10_000092,233983,4605,0,0,229378,INR,2026-08-12T04:17:00Z,BATCH-AMZN-0092
PO_B10_000093,Stripe India,AMZN-ORD-300011 AMZN-ORD-155196 BATCH-AMZN-0093,248693,4973,0,0,243720,INR,2026-08-12T20:35:00Z,BATCH-AMZN-0093
PO_B10_000094,Stripe India,BLNK-INV-956665 PO_B10_000094,351377,6335,0,0,345042,INR,2026-08-11T19:59:00Z,BATCH-BLNK-0094
PO_B10_000095,Stripe India,UBER-INV-430268 PO_B10_000095,32199,543,0,0,31656,INR,2026-08-12T00:25:00Z,BATCH-UBER-0095
PO_B10_000096,BillDesk Settlement,FLPK-INV-451400 PO_B10_000096,63637,1402,0,0,62235,INR,2026-08-11T17:52:00Z,BATCH-FLPK-0096
PO_B10_000097,Cashfree Escrow,ZOMA-INV-810501 PO_B10_000097,379712,9218,0,0,370494,INR,2026-08-12T05:39:00Z,BATCH-ZOMA-0097
PO_B10_000098,Cashfree Escrow,BBAS-INV-181232 PO_B10_000098,394724,7534,0,0,387190,INR,2026-08-12T08:50:00Z,BATCH-BBAS-0098
PO_B10_000099,Razorpay Nodal,BBAS-INV-297793 PO_B10_000099,142248,2158,0,0,140090,INR,2026-08-12T17:58:00Z,BATCH-BBAS-0099
PO_B10_000100,Stripe India,SWIG-ORD-813339 SWIG-ORD-710742 BATCH-SWIG-0100,275650,5513,0,0,270137,INR,2026-08-12T02:11:00Z,BATCH-SWIG-0100
PO_B10_000101,Razorpay Nodal,UBER-INV-795798 PO_B10_000101,434828,9451,0,0,425377,INR,2026-08-12T13:17:00Z,BATCH-UBER-0101
PO_B10_000102,Cashfree Escrow,OLAA-INV-130392 PO_B10_000102,327874,6300,0,0,321574,INR,2026-08-11T23:37:00Z,BATCH-OLAA-0102
PO_B10_000103,PayU Enterprise,BLNK-INV-510582 PO_B10_000103,284661,6947,0,0,277714,INR,2026-08-12T06:17:00Z,BATCH-BLNK-0103
PO_B10_000104,BillDesk Settlement,NYKA-INV-333856 PO_B10_000104,304459,5349,0,0,299110,INR,2026-08-12T03:24:00Z,BATCH-NYKA-0104
PO_B10_000105,Stripe India,PHNP-INV-350640 PO_B10_000105,246226,5190,0,0,241036,INR,2026-08-12T23:37:00Z,BATCH-PHNP-0105
PO_B10_000106,Razorpay Nodal,PAYT-INV-443819 PO_B10_000106,124365,2046,0,0,122319,INR,2026-08-12T17:01:00Z,BATCH-PAYT-0106
PO_B10_000107,Razorpay Nodal,MYNT-INV-248501 PO_B10_000107,419442,6331,0,0,413111,INR,2026-08-12T05:01:00Z,BATCH-MYNT-0107
PO_B10_000108,Razorpay Nodal,NYKA-INV-694276 PO_B10_000108,347999,7660,0,0,340339,INR,2026-08-12T13:31:00Z,BATCH-NYKA-0108
PO_B10_000109,Razorpay Nodal,ZOMA-INV-174707 PO_B10_000109,359286,5774,0,0,353512,INR,2026-08-12T13:39:00Z,BATCH-ZOMA-0109
PO_B10_000110,Stripe India,ZOMA-INV-616686 PO_B10_000110,281772,5908,0,0,275864,INR,2026-08-12T04:04:00Z,BATCH-ZOMA-0110
PO_B10_000111,PayU Enterprise,AMZN-INV-111868 PO_B10_000111,348007,8418,0,0,339589,INR,2026-08-12T05:39:00Z,BATCH-AMZN-0111
PO_B10_000112,Razorpay Nodal,SWIG-EXC-510511-UNRESOLVED,176847,3526,0,0,173321,INR,2026-08-13T07:29:00Z,HOLD-ESCROW
PO_B10_000113,PayU Enterprise,PHNP-INV-259416 PO_B10_000113,98248,1678,0,0,96570,INR,2026-08-12T20:25:00Z,BATCH-PHNP-0113
PO_B10_000114,Razorpay Nodal,NYKA-EXC-306689-UNRESOLVED,162505,3240,0,0,159265,INR,2026-08-13T07:22:00Z,HOLD-ESCROW
PO_B10_000115,Stripe India,BKMS-INV-831791 PO_B10_000115,395641,7726,0,0,387915,INR,2026-08-12T00:17:00Z,BATCH-BKMS-0115
PO_B10_000116,BillDesk Settlement,BBAS-ORD-188489 BBAS-ORD-404995 BBAS-ORD-385665 BATCH-BBAS-0116,392956,7859,0,0,385097,INR,2026-08-12T17:10:00Z,BATCH-BBAS-0116
PO_B10_000117,BillDesk Settlement,MMTR-INV-927047 PO_B10_000117,377677,8283,0,0,369394,INR,2026-08-11T21:06:00Z,BATCH-MMTR-0117
PO_B10_000118,Cashfree Escrow,OLAA-INV-900017 PO_B10_000118,118937,2467,0,0,116470,INR,2026-08-12T01:17:00Z,BATCH-OLAA-0118
PO_B10_000119,Cashfree Escrow,MYNT-INV-285675 PO_B10_000119,394927,9565,0,0,385362,INR,2026-08-12T00:59:00Z,BATCH-MYNT-0119
PO_B10_000120,Stripe India,SWIG-INV-570126 PO_B10_000120,428965,9317,0,0,419648,INR,2026-08-11T18:09:00Z,BATCH-SWIG-0120
PO_B10_000121,BillDesk Settlement,NYKA-INV-485214 PO_B10_000121,25454,394,0,0,25060,INR,2026-08-12T04:07:00Z,BATCH-NYKA-0121
PO_B10_000122,Stripe India,PHNP-INV-122428 PO_B10_000122,401526,9944,0,0,391582,INR,2026-08-12T09:42:00Z,BATCH-PHNP-0122
PO_B10_000123,Stripe India,MMTR-INV-794194 PO_B10_000123,159388,2827,0,0,156561,INR,2026-08-12T16:52:00Z,BATCH-MMTR-0123
PO_B10_000124,Cashfree Escrow,FLPK-ORD-622663 FLPK-ORD-219649 BATCH-FLPK-0124,179141,3582,0,0,175559,INR,2026-08-11T23:11:00Z,BATCH-FLPK-0124
PO_B10_000125,Razorpay Nodal,SWIG-INV-561890 PO_B10_000125,118958,2533,0,0,116425,INR,2026-08-11T19:26:00Z,BATCH-SWIG-0125
PO_B10_000126,Cashfree Escrow,BKMS-INV-930971 PO_B10_000126,175929,3217,0,0,172712,INR,2026-08-12T06:48:00Z,BATCH-BKMS-0126
PO_B10_000127,Stripe India,ZOMA-INV-170233 PO_B10_000127,425257,8828,0,0,416429,INR,2026-08-12T02:25:00Z,BATCH-ZOMA-0127
PO_B10_000128,PayU Enterprise,AMZN-INV-117424 PO_B10_000128,231088,4552,0,0,226536,INR,2026-08-12T08:16:00Z,BATCH-AMZN-0128
PO_B10_000129,BillDesk Settlement,BKMS-ORD-825469 BKMS-ORD-345775 BATCH-BKMS-0129,265612,5312,0,0,260300,INR,2026-08-12T08:07:00Z,BATCH-BKMS-0129
PO_B10_000130,PayU Enterprise,TATA-INV-843891 PO_B10_000130,102579,1822,0,0,100757,INR,2026-08-12T07:51:00Z,BATCH-TATA-0130
PO_B10_000131,Cashfree Escrow,ZOMA-INV-540580 PO_B10_000131,247222,4702,0,0,242520,INR,2026-08-12T07:34:00Z,BATCH-ZOMA-0131
PO_B10_000132,Stripe India,AMZN-ORD-859332 AMZN-ORD-992696 BATCH-AMZN-0132,446896,8937,0,0,437959,INR,2026-08-12T10:43:00Z,BATCH-AMZN-0132
PO_B10_000133,Cashfree Escrow,MYNT-ORD-727102 MYNT-ORD-195941 MYNT-ORD-734469 BATCH-MYNT-0133,593225,11864,0,0,581361,INR,2026-08-12T05:37:00Z,BATCH-MYNT-0133
PO_B10_000134,BillDesk Settlement,ZOMA-INV-741075 PO_B10_000134,32726,528,0,0,32198,INR,2026-08-12T17:07:00Z,BATCH-ZOMA-0134
PO_B10_000135,Razorpay Nodal,AMZN-EXC-992244-UNRESOLVED,213124,4252,0,0,208872,INR,2026-08-12T18:13:00Z,HOLD-ESCROW
PO_B10_000136,Stripe India,MMTR-ORD-752024 MMTR-ORD-413312 MMTR-ORD-483972 BATCH-MMTR-0136,355158,7103,0,0,348055,INR,2026-08-12T14:50:00Z,BATCH-MMTR-0136
PO_B10_000137,Cashfree Escrow,JIOO-INV-651322 PO_B10_000137,47006,1112,0,0,45894,INR,2026-08-11T22:09:00Z,BATCH-JIOO-0137
PO_B10_000138,Cashfree Escrow,FLPK-INV-895041 PO_B10_000138,248882,5826,0,0,243056,INR,2026-08-12T11:37:00Z,BATCH-FLPK-0138
PO_B10_000139,Stripe India,TATA-ORD-430076 TATA-ORD-944915 TATA-ORD-562381 BATCH-TATA-0139,416606,8332,0,0,408274,INR,2026-08-12T20:46:00Z,BATCH-TATA-0139
PO_B10_000140,Cashfree Escrow,PHNP-ORD-824154 PHNP-ORD-633804 BATCH-PHNP-0140,355287,7105,0,0,348182,INR,2026-08-11T23:06:00Z,BATCH-PHNP-0140
PO_B10_000141,Cashfree Escrow,BBAS-INV-147842 PO_B10_000141,218081,3773,0,0,214308,INR,2026-08-12T03:36:00Z,BATCH-BBAS-0141
PO_B10_000142,Cashfree Escrow,MYNT-INV-693500 PO_B10_000142,278233,5810,0,0,272423,INR,2026-08-12T03:10:00Z,BATCH-MYNT-0142
PO_B10_000143,BillDesk Settlement,PHNP-INV-693401 PO_B10_000143,446240,8055,0,0,438185,INR,2026-08-12T13:49:00Z,BATCH-PHNP-0143
PO_B10_000144,Stripe India,SWIG-INV-534186 PO_B10_000144,80781,1807,0,0,78974,INR,2026-08-11T22:09:00Z,BATCH-SWIG-0144
PO_B10_000145,Stripe India,BLNK-INV-674418 PO_B10_000145,186823,3631,0,0,183192,INR,2026-08-11T16:21:00Z,BATCH-BLNK-0145
PO_B10_000146,Stripe India,MMTR-INV-732264 PO_B10_000146,274703,4299,0,0,270404,INR,2026-08-11T22:43:00Z,BATCH-MMTR-0146
PO_B10_000147,BillDesk Settlement,UBER-ORD-271355 UBER-ORD-555655 BATCH-UBER-0147,426288,8525,0,0,417763,INR,2026-08-12T20:33:00Z,BATCH-UBER-0147
PO_B10_000148,Stripe India,BBAS-EXC-957893-UNRESOLVED,207680,4143,0,0,203537,INR,2026-08-12T13:30:00Z,HOLD-ESCROW
PO_B10_000149,PayU Enterprise,MMTR-ORD-681729 MMTR-ORD-647241 BATCH-MMTR-0149,366929,7338,0,0,359591,INR,2026-08-12T02:38:00Z,BATCH-MMTR-0149
PO_B10_000150,Stripe India,SWIG-INV-672967 PO_B10_000150,170493,4012,0,0,166481,INR,2026-08-11T18:17:00Z,BATCH-SWIG-0150
PO_B10_000151,Stripe India,JIOO-INV-918693 PO_B10_000151,177232,4350,0,0,172882,INR,2026-08-12T12:30:00Z,BATCH-JIOO-0151
PO_B10_000152,PayU Enterprise,SWIG-INV-960332 PO_B10_000152,324729,8072,0,0,316657,INR,2026-08-12T04:44:00Z,BATCH-SWIG-0152
PO_B10_000153,Razorpay Nodal,FLPK-ORD-590529 FLPK-ORD-316214 BATCH-FLPK-0153,159826,3196,0,0,156630,INR,2026-08-12T00:40:00Z,BATCH-FLPK-0153
PO_B10_000154,Cashfree Escrow,AMZN-INV-145340 PO_B10_000154,287791,6511,0,0,281280,INR,2026-08-12T00:21:00Z,BATCH-AMZN-0154
PO_B10_000155,BillDesk Settlement,PHNP-ORD-646502 PHNP-ORD-571799 BATCH-PHNP-0155,390486,7809,0,0,382677,INR,2026-08-12T00:33:00Z,BATCH-PHNP-0155
PO_B10_000156,PayU Enterprise,MMTR-INV-517693 PO_B10_000156,275632,5663,0,0,269969,INR,2026-08-12T09:13:00Z,BATCH-MMTR-0156
PO_B10_000157,BillDesk Settlement,SWIG-ORD-783956 SWIG-ORD-419327 BATCH-SWIG-0157,277393,5547,0,0,271846,INR,2026-08-12T01:13:00Z,BATCH-SWIG-0157
PO_B10_000158,Stripe India,JIOO-INV-694065 PO_B10_000158,263394,4059,0,0,259335,INR,2026-08-11T15:56:00Z,BATCH-JIOO-0158
PO_B10_000159,Cashfree Escrow,MYNT-INV-498122 PO_B10_000159,82005,1513,0,0,80492,INR,2026-08-12T10:04:00Z,BATCH-MYNT-0159
PO_B10_000160,Razorpay Nodal,BLNK-INV-999067 PO_B10_000160,50691,856,0,0,49835,INR,2026-08-13T01:17:00Z,BATCH-BLNK-0160
PO_B10_000161,Stripe India,BLNK-ORD-891710 BLNK-ORD-614332 BATCH-BLNK-0161,322660,6453,0,0,316207,INR,2026-08-12T03:00:00Z,BATCH-BLNK-0161
PO_B10_000162,BillDesk Settlement,MMTR-INV-643382 PO_B10_000162,208909,4388,0,0,204521,INR,2026-08-12T16:24:00Z,BATCH-MMTR-0162
PO_B10_000163,Razorpay Nodal,BKMS-INV-541895 PO_B10_000163,402169,7954,0,0,394215,INR,2026-08-11T22:24:00Z,BATCH-BKMS-0163
PO_B10_000164,Cashfree Escrow,UBER-ORD-528724 UBER-ORD-388106 BATCH-UBER-0164,218451,4369,0,0,214082,INR,2026-08-12T19:52:00Z,BATCH-UBER-0164
PO_B10_000165,PayU Enterprise,SWIG-INV-752822 PO_B10_000165,80271,1847,0,0,78424,INR,2026-08-12T16:22:00Z,BATCH-SWIG-0165
PO_B10_000166,Stripe India,NYKA-INV-134894 PO_B10_000166,28973,679,0,0,28294,INR,2026-08-12T15:23:00Z,BATCH-NYKA-0166
PO_B10_000167,Razorpay Nodal,PAYT-INV-493165 PO_B10_000167,434960,10298,0,0,424662,INR,2026-08-12T14:42:00Z,BATCH-PAYT-0167
PO_B10_000168,BillDesk Settlement,PAYT-INV-474793 PO_B10_000168,96160,1516,0,0,94644,INR,2026-08-12T14:42:00Z,BATCH-PAYT-0168
PO_B10_000169,Razorpay Nodal,OLAA-INV-924242 PO_B10_000169,308642,6351,0,0,302291,INR,2026-08-12T07:39:00Z,BATCH-OLAA-0169
PO_B10_000170,Razorpay Nodal,BBAS-INV-651090 PO_B10_000170,253337,4646,0,0,248691,INR,2026-08-12T13:13:00Z,BATCH-BBAS-0170
PO_B10_000171,Stripe India,JIOO-ORD-511213 JIOO-ORD-944223 BATCH-JIOO-0171,341329,6826,0,0,334503,INR,2026-08-11T23:38:00Z,BATCH-JIOO-0171
PO_B10_000172,Razorpay Nodal,SWIG-INV-340076 PO_B10_000172,75411,1671,0,0,73740,INR,2026-08-12T12:26:00Z,BATCH-SWIG-0172
PO_B10_000173,PayU Enterprise,ZOMA-EXC-677337-UNRESOLVED,106874,2127,0,0,104747,INR,2026-08-12T10:50:00Z,HOLD-ESCROW
PO_B10_000174,PayU Enterprise,SWIG-ORD-283644 SWIG-ORD-586291 BATCH-SWIG-0174,175033,3500,0,0,171533,INR,2026-08-12T08:49:00Z,BATCH-SWIG-0174
PO_B10_000175,Cashfree Escrow,OLAA-INV-428158 PO_B10_000175,383378,8545,0,0,374833,INR,2026-08-12T17:31:00Z,BATCH-OLAA-0175
PO_B10_000176,Razorpay Nodal,BBAS-INV-586019 PO_B10_000176,57454,1195,0,0,56259,INR,2026-08-12T01:14:00Z,BATCH-BBAS-0176
PO_B10_000177,Stripe India,NYKA-INV-931304 PO_B10_000177,121309,2436,0,0,118873,INR,2026-08-12T13:12:00Z,BATCH-NYKA-0177
PO_B10_000178,PayU Enterprise,PAYT-INV-815334 PO_B10_000178,339326,8413,0,0,330913,INR,2026-08-12T03:17:00Z,BATCH-PAYT-0178
PO_B10_000179,Stripe India,ZOMA-ORD-828991 ZOMA-ORD-840024 BATCH-ZOMA-0179,351237,7024,0,0,344213,INR,2026-08-12T15:59:00Z,BATCH-ZOMA-0179
PO_B10_000180,Cashfree Escrow,ZOMA-INV-984772 PO_B10_000180,44754,830,0,0,43924,INR,2026-08-11T18:43:00Z,BATCH-ZOMA-0180
PO_B10_000181,PayU Enterprise,OLAA-EXC-313943-UNRESOLVED,192248,3834,0,0,188414,INR,2026-08-13T08:22:00Z,HOLD-ESCROW
PO_B10_000182,Razorpay Nodal,ZOMA-INV-816999 PO_B10_000182,357040,5935,0,0,351105,INR,2026-08-12T00:45:00Z,BATCH-ZOMA-0182
PO_B10_000183,Razorpay Nodal,JIOO-ORD-865260 JIOO-ORD-585254 JIOO-ORD-103390 BATCH-JIOO-0183,537633,10752,0,0,526881,INR,2026-08-12T12:17:00Z,BATCH-JIOO-0183
PO_B10_000184,Stripe India,UBER-ORD-493103 UBER-ORD-580568 UBER-ORD-985618 BATCH-UBER-0184,356203,7124,0,0,349079,INR,2026-08-12T06:20:00Z,BATCH-UBER-0184
PO_B10_000185,Razorpay Nodal,NYKA-INV-240391 PO_B10_000185,95704,1797,0,0,93907,INR,2026-08-11T21:23:00Z,BATCH-NYKA-0185
PO_B10_000186,Razorpay Nodal,PAYT-INV-746069 PO_B10_000186,377364,6257,0,0,371107,INR,2026-08-11T15:08:00Z,BATCH-PAYT-0186
PO_B10_000187,Razorpay Nodal,MYNT-INV-824442 PO_B10_000187,405847,9939,0,0,395908,INR,2026-08-12T15:36:00Z,BATCH-MYNT-0187
PO_B10_000188,Razorpay Nodal,TATA-INV-903568 PO_B10_000188,364201,6474,0,0,357727,INR,2026-08-12T06:54:00Z,BATCH-TATA-0188
PO_B10_000189,Razorpay Nodal,ZOMA-INV-484020 PO_B10_000189,27772,472,0,0,27300,INR,2026-08-12T08:57:00Z,BATCH-ZOMA-0189
PO_B10_000190,Stripe India,BBAS-INV-348221 PO_B10_000190,73472,1723,0,0,71749,INR,2026-08-12T22:11:00Z,BATCH-BBAS-0190
PO_B10_000191,PayU Enterprise,ZOMA-INV-160270 PO_B10_000191,223324,4531,0,0,218793,INR,2026-08-11T23:37:00Z,BATCH-ZOMA-0191
PO_B10_000192,BillDesk Settlement,JIOO-ORD-833388 JIOO-ORD-906715 JIOO-ORD-517327 BATCH-JIOO-0192,220525,4410,0,0,216115,INR,2026-08-12T09:03:00Z,BATCH-JIOO-0192
PO_B10_000193,BillDesk Settlement,MMTR-INV-466592 PO_B10_000193,58062,1416,0,0,56646,INR,2026-08-12T04:37:00Z,BATCH-MMTR-0193
PO_B10_000194,Razorpay Nodal,MMTR-INV-399518 PO_B10_000194,156752,3226,0,0,153526,INR,2026-08-12T16:36:00Z,BATCH-MMTR-0194
PO_B10_000195,PayU Enterprise,OLAA-INV-107367 PO_B10_000195,304026,7076,0,0,296950,INR,2026-08-12T11:35:00Z,BATCH-OLAA-0195
PO_B10_000196,Stripe India,BKMS-INV-848225 PO_B10_000196,361228,6809,0,0,354419,INR,2026-08-12T04:56:00Z,BATCH-BKMS-0196
PO_B10_000197,PayU Enterprise,OLAA-ORD-411012 OLAA-ORD-299323 OLAA-ORD-976136 BATCH-OLAA-0197,225782,4515,0,0,221267,INR,2026-08-12T07:43:00Z,BATCH-OLAA-0197
PO_B10_000198,PayU Enterprise,BLNK-INV-358295 PO_B10_000198,359033,8480,0,0,350553,INR,2026-08-12T05:05:00Z,BATCH-BLNK-0198
PO_B10_000199,PayU Enterprise,SWIG-INV-832148 PO_B10_000199,348085,6997,0,0,341088,INR,2026-08-12T11:20:00Z,BATCH-SWIG-0199
PO_B10_000200,Razorpay Nodal,TATA-INV-518708 PO_B10_000200,61317,1126,0,0,60191,INR,2026-08-12T17:10:00Z,BATCH-TATA-0200
PO_B10_000201,PayU Enterprise,BLNK-INV-914282 PO_B10_000201,389989,6960,0,0,383029,INR,2026-08-13T01:25:00Z,BATCH-BLNK-0201
PO_B10_000202,Razorpay Nodal,MMTR-ORD-451514 MMTR-ORD-635555 MMTR-ORD-842371 BATCH-MMTR-0202,523139,10462,0,0,512677,INR,2026-08-12T04:44:00Z,BATCH-MMTR-0202
PO_B10_000203,Cashfree Escrow,AMZN-EXC-497971-UNRESOLVED,57738,1144,0,0,56594,INR,2026-08-12T19:33:00Z,HOLD-ESCROW
PO_B10_000204,Razorpay Nodal,PAYT-INV-435083 PO_B10_000204,192153,3795,0,0,188358,INR,2026-08-12T12:53:00Z,BATCH-PAYT-0204
PO_B10_000205,PayU Enterprise,AMZN-INV-319991 PO_B10_000205,182129,3005,0,0,179124,INR,2026-08-12T15:48:00Z,BATCH-AMZN-0205
PO_B10_000206,Cashfree Escrow,MYNT-INV-893584 PO_B10_000206,148507,2788,0,0,145719,INR,2026-08-11T21:19:00Z,BATCH-MYNT-0206
PO_B10_000207,Stripe India,MMTR-INV-126345 PO_B10_000207,234943,5140,0,0,229803,INR,2026-08-11T18:34:00Z,BATCH-MMTR-0207
PO_B10_000208,BillDesk Settlement,UBER-ORD-425266 UBER-ORD-469879 BATCH-UBER-0208,229430,4588,0,0,224842,INR,2026-08-12T16:39:00Z,BATCH-UBER-0208
PO_B10_000209,Cashfree Escrow,AMZN-INV-190403 PO_B10_000209,407009,8667,0,0,398342,INR,2026-08-11T20:02:00Z,BATCH-AMZN-0209
PO_B10_000210,PayU Enterprise,AMZN-ORD-251354 AMZN-ORD-505580 AMZN-ORD-471020 BATCH-AMZN-0210,215822,4316,0,0,211506,INR,2026-08-12T18:23:00Z,BATCH-AMZN-0210
PO_B10_000211,Stripe India,MMTR-INV-910836 PO_B10_000211,25615,595,0,0,25020,INR,2026-08-12T23:52:00Z,BATCH-MMTR-0211
PO_B10_000212,Cashfree Escrow,JIOO-INV-268747 PO_B10_000212,177167,3313,0,0,173854,INR,2026-08-12T05:59:00Z,BATCH-JIOO-0212
PO_B10_000213,Razorpay Nodal,PHNP-INV-476731 PO_B10_000213,421006,9888,0,0,411118,INR,2026-08-11T16:46:00Z,BATCH-PHNP-0213
PO_B10_000214,Cashfree Escrow,PAYT-ORD-258867 PAYT-ORD-636292 PAYT-ORD-954177 BATCH-PAYT-0214,343938,6878,0,0,337060,INR,2026-08-11T21:30:00Z,BATCH-PAYT-0214
PO_B10_000215,Stripe India,ZOMA-ORD-576610 ZOMA-ORD-901576 BATCH-ZOMA-0215,421406,8428,0,0,412978,INR,2026-08-12T06:34:00Z,BATCH-ZOMA-0215
PO_B10_000216,BillDesk Settlement,MYNT-INV-833093 PO_B10_000216,410495,8337,0,0,402158,INR,2026-08-12T12:06:00Z,BATCH-MYNT-0216
PO_B10_000217,PayU Enterprise,PHNP-INV-650508 PO_B10_000217,211573,4877,0,0,206696,INR,2026-08-12T17:32:00Z,BATCH-PHNP-0217
PO_B10_000218,Cashfree Escrow,PAYT-INV-540955 PO_B10_000218,252067,4181,0,0,247886,INR,2026-08-12T20:26:00Z,BATCH-PAYT-0218
PO_B10_000219,Razorpay Nodal,OLAA-ORD-521879 OLAA-ORD-531823 BATCH-OLAA-0219,132138,2642,0,0,129496,INR,2026-08-12T20:08:00Z,BATCH-OLAA-0219
PO_B10_000220,PayU Enterprise,PAYT-INV-639087 PO_B10_000220,172624,3561,0,0,169063,INR,2026-08-12T03:55:00Z,BATCH-PAYT-0220
PO_B10_000221,Razorpay Nodal,AMZN-EXC-175762-UNRESOLVED,240454,4799,0,0,235655,INR,2026-08-13T06:05:00Z,HOLD-ESCROW
PO_B10_000222,Cashfree Escrow,PHNP-INV-401290 PO_B10_000222,90641,1629,0,0,89012,INR,2026-08-11T22:38:00Z,BATCH-PHNP-0222
PO_B10_000223,Cashfree Escrow,PAYT-EXC-916078-UNRESOLVED,85993,1709,0,0,84284,INR,2026-08-12T10:02:00Z,HOLD-ESCROW
PO_B10_000224,Cashfree Escrow,AMZN-ORD-711263 AMZN-ORD-499514 AMZN-ORD-659865 BATCH-AMZN-0224,545423,10908,0,0,534515,INR,2026-08-12T07:19:00Z,BATCH-AMZN-0224
PO_B10_000225,PayU Enterprise,TATA-INV-526045 PO_B10_000225,377346,6164,0,0,371182,INR,2026-08-12T16:47:00Z,BATCH-TATA-0225
PO_B10_000226,Cashfree Escrow,JIOO-INV-512115 PO_B10_000226,326983,6413,0,0,320570,INR,2026-08-12T00:13:00Z,BATCH-JIOO-0226
PO_B10_000227,Stripe India,PHNP-INV-351300 PO_B10_000227,294217,6646,0,0,287571,INR,2026-08-11T16:22:00Z,BATCH-PHNP-0227
PO_B10_000228,BillDesk Settlement,FLPK-INV-842830 PO_B10_000228,323460,4928,0,0,318532,INR,2026-08-11T23:11:00Z,BATCH-FLPK-0228
PO_B10_000229,Razorpay Nodal,NYKA-INV-885918 PO_B10_000229,247258,4564,0,0,242694,INR,2026-08-12T02:05:00Z,BATCH-NYKA-0229
PO_B10_000230,Razorpay Nodal,BKMS-INV-297477 PO_B10_000230,390176,6032,0,0,384144,INR,2026-08-12T04:45:00Z,BATCH-BKMS-0230
PO_B10_000231,Razorpay Nodal,OLAA-INV-415802 PO_B10_000231,136904,3042,0,0,133862,INR,2026-08-11T20:43:00Z,BATCH-OLAA-0231
PO_B10_000232,Stripe India,MMTR-INV-929496 PO_B10_000232,384679,9220,0,0,375459,INR,2026-08-12T13:28:00Z,BATCH-MMTR-0232
PO_B10_000233,Stripe India,BBAS-INV-557395 PO_B10_000233,416940,9414,0,0,407526,INR,2026-08-12T04:34:00Z,BATCH-BBAS-0233
PO_B10_000234,Cashfree Escrow,PAYT-ORD-890176 PAYT-ORD-349701 PAYT-ORD-139064 BATCH-PAYT-0234,394054,7881,0,0,386173,INR,2026-08-12T03:34:00Z,BATCH-PAYT-0234
PO_B10_000235,Razorpay Nodal,BLNK-INV-553000 PO_B10_000235,248005,6078,0,0,241927,INR,2026-08-12T04:59:00Z,BATCH-BLNK-0235
PO_B10_000236,BillDesk Settlement,JIOO-ORD-933098 JIOO-ORD-124554 BATCH-JIOO-0236,195851,3917,0,0,191934,INR,2026-08-12T04:11:00Z,BATCH-JIOO-0236
PO_B10_000237,BillDesk Settlement,FLPK-INV-548132 PO_B10_000237,265373,4388,0,0,260985,INR,2026-08-12T12:52:00Z,BATCH-FLPK-0237
PO_B10_000238,PayU Enterprise,JIOO-INV-436199 PO_B10_000238,320988,6780,0,0,314208,INR,2026-08-12T14:34:00Z,BATCH-JIOO-0238
PO_B10_000239,Cashfree Escrow,BBAS-INV-956694 PO_B10_000239,314703,5150,0,0,309553,INR,2026-08-11T15:49:00Z,BATCH-BBAS-0239
PO_B10_000240,PayU Enterprise,BLNK-ORD-187843 BLNK-ORD-443711 BATCH-BLNK-0240,318373,6367,0,0,312006,INR,2026-08-12T12:43:00Z,BATCH-BLNK-0240
PO_B10_000241,Cashfree Escrow,BKMS-ORD-224846 BKMS-ORD-374271 BKMS-ORD-343149 BATCH-BKMS-0241,483227,9664,0,0,473563,INR,2026-08-12T11:49:00Z,BATCH-BKMS-0241
PO_B10_000242,Cashfree Escrow,SWIG-INV-765255 PO_B10_000242,181722,2968,0,0,178754,INR,2026-08-12T08:46:00Z,BATCH-SWIG-0242
PO_B10_000243,PayU Enterprise,JIOO-INV-157602 PO_B10_000243,67708,1395,0,0,66313,INR,2026-08-12T02:26:00Z,BATCH-JIOO-0243
PO_B10_000244,Stripe India,MMTR-INV-314316 PO_B10_000244,209993,3781,0,0,206212,INR,2026-08-12T03:12:00Z,BATCH-MMTR-0244
PO_B10_000245,BillDesk Settlement,PAYT-INV-920996 PO_B10_000245,57950,1229,0,0,56721,INR,2026-08-12T18:27:00Z,BATCH-PAYT-0245
PO_B10_000246,Razorpay Nodal,BKMS-INV-592354 PO_B10_000246,233554,5235,0,0,228319,INR,2026-08-12T11:19:00Z,BATCH-BKMS-0246
PO_B10_000247,Razorpay Nodal,NYKA-ORD-104363 NYKA-ORD-892066 BATCH-NYKA-0247,373439,7468,0,0,365971,INR,2026-08-11T23:12:00Z,BATCH-NYKA-0247
PO_B10_000248,Stripe India,PHNP-INV-774590 PO_B10_000248,434254,9377,0,0,424877,INR,2026-08-12T01:22:00Z,BATCH-PHNP-0248
PO_B10_000249,Cashfree Escrow,FLPK-ORD-162268 FLPK-ORD-769387 FLPK-ORD-592374 BATCH-FLPK-0249,472693,9453,0,0,463240,INR,2026-08-12T18:03:00Z,BATCH-FLPK-0249
PO_B10_000250,Razorpay Nodal,BKMS-INV-244647 PO_B10_000250,412842,6705,0,0,406137,INR,2026-08-12T21:58:00Z,BATCH-BKMS-0250
PO_B10_000251,Stripe India,NYKA-INV-567312 PO_B10_000251,105235,1904,0,0,103331,INR,2026-08-12T23:34:00Z,BATCH-NYKA-0251
PO_B10_000252,Cashfree Escrow,SWIG-INV-108225 PO_B10_000252,376123,8719,0,0,367404,INR,2026-08-12T04:20:00Z,BATCH-SWIG-0252
PO_B10_000253,Cashfree Escrow,NYKA-ORD-662542 NYKA-ORD-335327 NYKA-ORD-545549 BATCH-NYKA-0253,164666,3293,0,0,161373,INR,2026-08-12T15:51:00Z,BATCH-NYKA-0253
PO_B10_000254,Stripe India,MMTR-ORD-588956 MMTR-ORD-773324 MMTR-ORD-436880 BATCH-MMTR-0254,365856,7317,0,0,358539,INR,2026-08-12T20:31:00Z,BATCH-MMTR-0254
PO_B10_000255,Cashfree Escrow,JIOO-INV-854981 PO_B10_000255,94945,1708,0,0,93237,INR,2026-08-12T14:18:00Z,BATCH-JIOO-0255
PO_B10_000256,Cashfree Escrow,PHNP-INV-599791 PO_B10_000256,234125,4321,0,0,229804,INR,2026-08-12T16:30:00Z,BATCH-PHNP-0256
PO_B10_000257,PayU Enterprise,AMZN-ORD-430453 AMZN-ORD-699768 BATCH-AMZN-0257,224897,4497,0,0,220400,INR,2026-08-12T09:37:00Z,BATCH-AMZN-0257
PO_B10_000258,Cashfree Escrow,UBER-INV-275474 PO_B10_000258,132298,2805,0,0,129493,INR,2026-08-12T12:54:00Z,BATCH-UBER-0258
PO_B10_000259,BillDesk Settlement,AMZN-INV-341272 PO_B10_000259,134870,2961,0,0,131909,INR,2026-08-11T18:24:00Z,BATCH-AMZN-0259
PO_B10_000260,PayU Enterprise,UBER-INV-827432 PO_B10_000260,247932,5445,0,0,242487,INR,2026-08-12T04:24:00Z,BATCH-UBER-0260
PO_B10_000261,PayU Enterprise,UBER-INV-594280 PO_B10_000261,178842,3381,0,0,175461,INR,2026-08-12T21:23:00Z,BATCH-UBER-0261
PO_B10_000262,BillDesk Settlement,MMTR-INV-160369 PO_B10_000262,138335,3205,0,0,135130,INR,2026-08-11T23:07:00Z,BATCH-MMTR-0262
PO_B10_000263,BillDesk Settlement,PAYT-INV-183143 PO_B10_000263,206555,4707,0,0,201848,INR,2026-08-12T02:03:00Z,BATCH-PAYT-0263
PO_B10_000264,Stripe India,TATA-INV-350999 PO_B10_000264,359090,7597,0,0,351493,INR,2026-08-12T18:02:00Z,BATCH-TATA-0264
PO_B10_000265,PayU Enterprise,MYNT-EXC-652597-UNRESOLVED,145131,2892,0,0,142239,INR,2026-08-13T04:19:00Z,HOLD-ESCROW
PO_B10_000266,Stripe India,OLAA-INV-180516 PO_B10_000266,413676,6600,0,0,407076,INR,2026-08-11T23:10:00Z,BATCH-OLAA-0266
PO_B10_000267,Cashfree Escrow,TATA-INV-451959 PO_B10_000267,189837,3253,0,0,186584,INR,2026-08-13T00:35:00Z,BATCH-TATA-0267
PO_B10_000268,Cashfree Escrow,SWIG-INV-602526 PO_B10_000268,38272,748,0,0,37524,INR,2026-08-11T21:41:00Z,BATCH-SWIG-0268
PO_B10_000269,Cashfree Escrow,MMTR-INV-391952 PO_B10_000269,302963,4993,0,0,297970,INR,2026-08-12T10:25:00Z,BATCH-MMTR-0269
PO_B10_000270,BillDesk Settlement,SWIG-INV-679065 PO_B10_000270,332858,5141,0,0,327717,INR,2026-08-11T18:37:00Z,BATCH-SWIG-0270
PO_B10_000271,BillDesk Settlement,BKMS-ORD-535939 BKMS-ORD-179400 BKMS-ORD-661511 BATCH-BKMS-0271,497675,9953,0,0,487722,INR,2026-08-12T17:19:00Z,BATCH-BKMS-0271
PO_B10_000272,BillDesk Settlement,BKMS-INV-271707 PO_B10_000272,415419,10103,0,0,405316,INR,2026-08-12T12:56:00Z,BATCH-BKMS-0272
PO_B10_000273,Cashfree Escrow,MYNT-ORD-502136 MYNT-ORD-961277 BATCH-MYNT-0273,416885,8337,0,0,408548,INR,2026-08-12T10:35:00Z,BATCH-MYNT-0273
PO_B10_000274,PayU Enterprise,PAYT-INV-592919 PO_B10_000274,413121,7602,0,0,405519,INR,2026-08-12T04:43:00Z,BATCH-PAYT-0274
PO_B10_000275,BillDesk Settlement,AMZN-ORD-352427 AMZN-ORD-740706 BATCH-AMZN-0275,301296,6025,0,0,295271,INR,2026-08-12T17:51:00Z,BATCH-AMZN-0275
PO_B10_000276,Cashfree Escrow,AMZN-INV-589509 PO_B10_000276,377631,8674,0,0,368957,INR,2026-08-11T16:53:00Z,BATCH-AMZN-0276
PO_B10_000277,PayU Enterprise,JIOO-ORD-768489 JIOO-ORD-803260 JIOO-ORD-536681 BATCH-JIOO-0277,591104,11822,0,0,579282,INR,2026-08-12T01:49:00Z,BATCH-JIOO-0277
PO_B10_000278,Stripe India,ZOMA-ORD-205291 ZOMA-ORD-703106 ZOMA-ORD-680037 BATCH-ZOMA-0278,422837,8456,0,0,414381,INR,2026-08-11T21:47:00Z,BATCH-ZOMA-0278
PO_B10_000279,BillDesk Settlement,BBAS-INV-545413 PO_B10_000279,239622,5329,0,0,234293,INR,2026-08-11T20:09:00Z,BATCH-BBAS-0279
PO_B10_000280,PayU Enterprise,TATA-ORD-153290 TATA-ORD-345166 BATCH-TATA-0280,268823,5376,0,0,263447,INR,2026-08-12T02:45:00Z,BATCH-TATA-0280
PO_B10_000281,Stripe India,JIOO-EXC-872884-UNRESOLVED,249936,4988,0,0,244948,INR,2026-08-12T13:42:00Z,HOLD-ESCROW
PO_B10_000282,BillDesk Settlement,ZOMA-INV-442538 PO_B10_000282,436679,6801,0,0,429878,INR,2026-08-12T04:23:00Z,BATCH-ZOMA-0282
PO_B10_000283,BillDesk Settlement,OLAA-ORD-672595 OLAA-ORD-849571 OLAA-ORD-777592 BATCH-OLAA-0283,484641,9692,0,0,474949,INR,2026-08-12T12:37:00Z,BATCH-OLAA-0283
PO_B10_000284,BillDesk Settlement,JIOO-INV-229429 PO_B10_000284,371771,8083,0,0,363688,INR,2026-08-12T05:42:00Z,BATCH-JIOO-0284
PO_B10_000285,Stripe India,BLNK-INV-264207 PO_B10_000285,430349,7068,0,0,423281,INR,2026-08-12T20:28:00Z,BATCH-BLNK-0285
PO_B10_000286,Razorpay Nodal,BLNK-INV-206671 PO_B10_000286,393477,8367,0,0,385110,INR,2026-08-13T01:31:00Z,BATCH-BLNK-0286
PO_B10_000287,Razorpay Nodal,PAYT-INV-431328 PO_B10_000287,158165,2441,0,0,155724,INR,2026-08-12T11:37:00Z,BATCH-PAYT-0287
PO_B10_000288,BillDesk Settlement,MYNT-EXC-228141-UNRESOLVED,259374,5177,0,0,254197,INR,2026-08-12T13:12:00Z,HOLD-ESCROW
PO_B10_000289,PayU Enterprise,AMZN-INV-183233 PO_B10_000289,187200,3529,0,0,183671,INR,2026-08-12T13:12:00Z,BATCH-AMZN-0289
PO_B10_000290,PayU Enterprise,MYNT-INV-637355 PO_B10_000290,142237,3351,0,0,138886,INR,2026-08-12T14:06:00Z,BATCH-MYNT-0290
PO_B10_000291,BillDesk Settlement,BKMS-INV-666851 PO_B10_000291,388361,9426,0,0,378935,INR,2026-08-12T05:24:00Z,BATCH-BKMS-0291
PO_B10_000292,Razorpay Nodal,ZOMA-INV-268329 PO_B10_000292,213553,5308,0,0,208245,INR,2026-08-12T10:05:00Z,BATCH-ZOMA-0292
PO_B10_000293,PayU Enterprise,MYNT-ORD-223490 MYNT-ORD-218785 MYNT-ORD-867805 BATCH-MYNT-0293,171034,3420,0,0,167614,INR,2026-08-12T10:30:00Z,BATCH-MYNT-0293
PO_B10_000294,Cashfree Escrow,BLNK-ORD-380237 BLNK-ORD-960866 BATCH-BLNK-0294,238000,4760,0,0,233240,INR,2026-08-11T21:49:00Z,BATCH-BLNK-0294
PO_B10_000295,Razorpay Nodal,MMTR-ORD-604952 MMTR-ORD-489204 BATCH-MMTR-0295,227908,4558,0,0,223350,INR,2026-08-12T00:22:00Z,BATCH-MMTR-0295
PO_B10_000296,BillDesk Settlement,UBER-ORD-897431 UBER-ORD-223990 UBER-ORD-153734 BATCH-UBER-0296,527609,10552,0,0,517057,INR,2026-08-12T19:06:00Z,BATCH-UBER-0296
PO_B10_000297,BillDesk Settlement,MMTR-EXC-811722-UNRESOLVED,71570,1421,0,0,70149,INR,2026-08-12T13:15:00Z,HOLD-ESCROW
PO_B10_000298,Stripe India,TATA-INV-980871 PO_B10_000298,171013,2571,0,0,168442,INR,2026-08-12T14:37:00Z,BATCH-TATA-0298
PO_B10_000299,Razorpay Nodal,AMZN-ORD-891882 AMZN-ORD-354659 AMZN-ORD-178169 BATCH-AMZN-0299,306216,6124,0,0,300092,INR,2026-08-12T08:40:00Z,BATCH-AMZN-0299
PO_B10_000300,Stripe India,JIOO-INV-507563 PO_B10_000300,83810,1707,0,0,82103,INR,2026-08-11T17:42:00Z,BATCH-JIOO-0300
PO_B10_000301,PayU Enterprise,PHNP-INV-356073 PO_B10_000301,250534,5751,0,0,244783,INR,2026-08-11T20:41:00Z,BATCH-PHNP-0301
PO_B10_000302,Cashfree Escrow,TATA-ORD-714139 TATA-ORD-600522 BATCH-TATA-0302,331717,6634,0,0,325083,INR,2026-08-12T03:38:00Z,BATCH-TATA-0302
PO_B10_000303,Razorpay Nodal,TATA-INV-911321 PO_B10_000303,204994,3112,0,0,201882,INR,2026-08-11T21:03:00Z,BATCH-TATA-0303
PO_B10_000304,BillDesk Settlement,ZOMA-INV-815170 PO_B10_000304,31453,574,0,0,30879,INR,2026-08-12T07:00:00Z,BATCH-ZOMA-0304
PO_B10_000305,Razorpay Nodal,MMTR-INV-160655 PO_B10_000305,390223,8598,0,0,381625,INR,2026-08-11T20:29:00Z,BATCH-MMTR-0305
PO_B10_000306,Cashfree Escrow,FLPK-INV-735340 PO_B10_000306,39489,973,0,0,38516,INR,2026-08-12T02:26:00Z,BATCH-FLPK-0306
PO_B10_000307,PayU Enterprise,BKMS-ORD-718776 BKMS-ORD-477661 BATCH-BKMS-0307,199355,3987,0,0,195368,INR,2026-08-12T18:08:00Z,BATCH-BKMS-0307
PO_B10_000308,PayU Enterprise,BKMS-INV-398280 PO_B10_000308,70247,1539,0,0,68708,INR,2026-08-12T05:57:00Z,BATCH-BKMS-0308
PO_B10_000309,Stripe India,NYKA-INV-946240 PO_B10_000309,166564,3733,0,0,162831,INR,2026-08-11T18:02:00Z,BATCH-NYKA-0309
PO_B10_000310,Cashfree Escrow,SWIG-INV-388181 PO_B10_000310,347517,5325,0,0,342192,INR,2026-08-12T21:34:00Z,BATCH-SWIG-0310
PO_B10_000311,Cashfree Escrow,PHNP-ORD-962905 PHNP-ORD-866651 PHNP-ORD-221725 BATCH-PHNP-0311,477597,9551,0,0,468046,INR,2026-08-12T17:38:00Z,BATCH-PHNP-0311
PO_B10_000312,PayU Enterprise,SWIG-INV-809303 PO_B10_000312,443137,10845,0,0,432292,INR,2026-08-12T05:53:00Z,BATCH-SWIG-0312
PO_B10_000313,PayU Enterprise,TATA-INV-136784 PO_B10_000313,27010,478,0,0,26532,INR,2026-08-12T19:28:00Z,BATCH-TATA-0313
PO_B10_000314,Razorpay Nodal,OLAA-INV-475725 PO_B10_000314,248361,5404,0,0,242957,INR,2026-08-12T13:02:00Z,BATCH-OLAA-0314
PO_B10_000315,Cashfree Escrow,OLAA-INV-712935 PO_B10_000315,209139,3308,0,0,205831,INR,2026-08-12T10:26:00Z,BATCH-OLAA-0315
PO_B10_000316,Stripe India,JIOO-INV-522591 PO_B10_000316,344332,7989,0,0,336343,INR,2026-08-12T14:53:00Z,BATCH-JIOO-0316
PO_B10_000317,Cashfree Escrow,BLNK-ORD-285426 BLNK-ORD-368207 BATCH-BLNK-0317,208006,4160,0,0,203846,INR,2026-08-12T17:54:00Z,BATCH-BLNK-0317
PO_B10_000318,Stripe India,MYNT-ORD-854757 MYNT-ORD-328728 MYNT-ORD-358679 BATCH-MYNT-0318,200055,4001,0,0,196054,INR,2026-08-12T17:39:00Z,BATCH-MYNT-0318
PO_B10_000319,Razorpay Nodal,BLNK-ORD-921513 BLNK-ORD-778275 BATCH-BLNK-0319,230425,4608,0,0,225817,INR,2026-08-12T20:38:00Z,BATCH-BLNK-0319
PO_B10_000320,Cashfree Escrow,ZOMA-INV-245484 PO_B10_000320,267510,5084,0,0,262426,INR,2026-08-12T02:37:00Z,BATCH-ZOMA-0320
PO_B10_000321,Razorpay Nodal,PAYT-INV-189552 PO_B10_000321,184048,3887,0,0,180161,INR,2026-08-12T14:16:00Z,BATCH-PAYT-0321
PO_B10_000322,Cashfree Escrow,PAYT-INV-196340 PO_B10_000322,325441,5005,0,0,320436,INR,2026-08-12T05:39:00Z,BATCH-PAYT-0322
PO_B10_000323,BillDesk Settlement,PAYT-ORD-427958 PAYT-ORD-768015 BATCH-PAYT-0323,358433,7168,0,0,351265,INR,2026-08-12T08:59:00Z,BATCH-PAYT-0323
PO_B10_000324,BillDesk Settlement,JIOO-EXC-515002-UNRESOLVED,149458,2979,0,0,146479,INR,2026-08-13T08:42:00Z,HOLD-ESCROW
PO_B10_000325,BillDesk Settlement,BKMS-INV-541212 PO_B10_000325,121756,2333,0,0,119423,INR,2026-08-12T09:45:00Z,BATCH-BKMS-0325
PO_B10_000326,BillDesk Settlement,OLAA-ORD-120003 OLAA-ORD-594571 BATCH-OLAA-0326,146089,2921,0,0,143168,INR,2026-08-12T20:56:00Z,BATCH-OLAA-0326
PO_B10_000327,PayU Enterprise,NYKA-INV-964846 PO_B10_000327,198548,3462,0,0,195086,INR,2026-08-12T01:02:00Z,BATCH-NYKA-0327
PO_B10_000328,Cashfree Escrow,MMTR-INV-271530 PO_B10_000328,448138,7875,0,0,440263,INR,2026-08-12T04:17:00Z,BATCH-MMTR-0328
PO_B10_000329,Stripe India,MMTR-INV-474120 PO_B10_000329,355540,5626,0,0,349914,INR,2026-08-12T10:59:00Z,BATCH-MMTR-0329
PO_B10_000330,Razorpay Nodal,NYKA-INV-889153 PO_B10_000330,54838,1364,0,0,53474,INR,2026-08-12T05:15:00Z,BATCH-NYKA-0330
PO_B10_000331,PayU Enterprise,UBER-ORD-193527 UBER-ORD-579588 UBER-ORD-220926 BATCH-UBER-0331,462348,9246,0,0,453102,INR,2026-08-12T06:37:00Z,BATCH-UBER-0331
PO_B10_000332,Razorpay Nodal,TATA-ORD-848947 TATA-ORD-373815 TATA-ORD-851783 BATCH-TATA-0332,517012,10340,0,0,506672,INR,2026-08-12T13:24:00Z,BATCH-TATA-0332
PO_B10_000333,Stripe India,PAYT-INV-287697 PO_B10_000333,113488,1728,0,0,111760,INR,2026-08-12T05:21:00Z,BATCH-PAYT-0333
PO_B10_000334,Cashfree Escrow,OLAA-INV-480242 PO_B10_000334,373678,8128,0,0,365550,INR,2026-08-12T04:28:00Z,BATCH-OLAA-0334
PO_B10_000335,Razorpay Nodal,BBAS-INV-488543 PO_B10_000335,413948,7361,0,0,406587,INR,2026-08-12T02:43:00Z,BATCH-BBAS-0335
PO_B10_000336,PayU Enterprise,UBER-INV-918284 PO_B10_000336,386869,5814,0,0,381055,INR,2026-08-12T03:16:00Z,BATCH-UBER-0336
PO_B10_000337,Stripe India,MYNT-ORD-518653 MYNT-ORD-210536 MYNT-ORD-579396 BATCH-MYNT-0337,423216,8464,0,0,414752,INR,2026-08-12T02:47:00Z,BATCH-MYNT-0337
PO_B10_000338,PayU Enterprise,FLPK-INV-109722 PO_B10_000338,104306,2219,0,0,102087,INR,2026-08-12T15:54:00Z,BATCH-FLPK-0338
PO_B10_000339,Stripe India,FLPK-ORD-529332 FLPK-ORD-322670 FLPK-ORD-879005 BATCH-FLPK-0339,317922,6358,0,0,311564,INR,2026-08-12T02:04:00Z,BATCH-FLPK-0339
PO_B10_000340,Cashfree Escrow,ZOMA-INV-249678 PO_B10_000340,415252,7407,0,0,407845,INR,2026-08-12T03:57:00Z,BATCH-ZOMA-0340
PO_B10_000341,BillDesk Settlement,PHNP-ORD-230657 PHNP-ORD-197925 BATCH-PHNP-0341,393433,7868,0,0,385565,INR,2026-08-12T19:17:00Z,BATCH-PHNP-0341
PO_B10_000342,Stripe India,SWIG-INV-481599 PO_B10_000342,50946,906,0,0,50040,INR,2026-08-11T22:12:00Z,BATCH-SWIG-0342
PO_B10_000343,PayU Enterprise,SWIG-INV-135791 PO_B10_000343,180862,3125,0,0,177737,INR,2026-08-12T13:48:00Z,BATCH-SWIG-0343
PO_B10_000344,Cashfree Escrow,MMTR-ORD-661426 MMTR-ORD-745863 BATCH-MMTR-0344,421520,8430,0,0,413090,INR,2026-08-12T13:34:00Z,BATCH-MMTR-0344
PO_B10_000345,Stripe India,SWIG-ORD-702543 SWIG-ORD-955360 SWIG-ORD-953032 BATCH-SWIG-0345,523858,10477,0,0,513381,INR,2026-08-12T17:03:00Z,BATCH-SWIG-0345
PO_B10_000346,BillDesk Settlement,BKMS-INV-363881 PO_B10_000346,278844,4429,0,0,274415,INR,2026-08-11T21:20:00Z,BATCH-BKMS-0346
PO_B10_000347,PayU Enterprise,ZOMA-INV-362984 PO_B10_000347,292735,4664,0,0,288071,INR,2026-08-12T15:57:00Z,BATCH-ZOMA-0347
PO_B10_000348,Cashfree Escrow,TATA-ORD-858736 TATA-ORD-725368 BATCH-TATA-0348,189652,3793,0,0,185859,INR,2026-08-11T21:28:00Z,BATCH-TATA-0348
PO_B10_000349,BillDesk Settlement,TATA-INV-967546 PO_B10_000349,242568,6017,0,0,236551,INR,2026-08-11T21:18:00Z,BATCH-TATA-0349
PO_B10_000350,Stripe India,ZOMA-INV-139554 PO_B10_000350,176132,2799,0,0,173333,INR,2026-08-12T18:22:00Z,BATCH-ZOMA-0350
PO_B10_000351,Razorpay Nodal,PAYT-INV-768335 PO_B10_000351,335055,8290,0,0,326765,INR,2026-08-12T08:30:00Z,BATCH-PAYT-0351
PO_B10_000352,Stripe India,PAYT-INV-785652 PO_B10_000352,116953,2916,0,0,114037,INR,2026-08-12T19:16:00Z,BATCH-PAYT-0352
PO_B10_000353,Razorpay Nodal,PAYT-INV-665845 PO_B10_000353,68771,1049,0,0,67722,INR,2026-08-12T16:34:00Z,BATCH-PAYT-0353
PO_B10_000354,BillDesk Settlement,MMTR-ORD-973367 MMTR-ORD-734162 BATCH-MMTR-0354,178220,3564,0,0,174656,INR,2026-08-11T22:30:00Z,BATCH-MMTR-0354
PO_B10_000355,Stripe India,PHNP-INV-706847 PO_B10_000355,28192,518,0,0,27674,INR,2026-08-12T16:30:00Z,BATCH-PHNP-0355
PO_B10_000356,PayU Enterprise,PHNP-INV-481679 PO_B10_000356,262763,5634,0,0,257129,INR,2026-08-11T18:59:00Z,BATCH-PHNP-0356
PO_B10_000357,PayU Enterprise,OLAA-INV-891189 PO_B10_000357,172744,2774,0,0,169970,INR,2026-08-12T01:17:00Z,BATCH-OLAA-0357
PO_B10_000358,Cashfree Escrow,MYNT-INV-871075 PO_B10_000358,302688,6308,0,0,296380,INR,2026-08-12T18:52:00Z,BATCH-MYNT-0358
PO_B10_000359,BillDesk Settlement,BLNK-ORD-904262 BLNK-ORD-884524 BLNK-ORD-999812 BATCH-BLNK-0359,228413,4568,0,0,223845,INR,2026-08-12T12:10:00Z,BATCH-BLNK-0359
PO_B10_000360,PayU Enterprise,AMZN-INV-813988 PO_B10_000360,32530,796,0,0,31734,INR,2026-08-12T10:49:00Z,BATCH-AMZN-0360
PO_B10_000361,Cashfree Escrow,JIOO-INV-951694 PO_B10_000361,406882,8688,0,0,398194,INR,2026-08-12T03:56:00Z,BATCH-JIOO-0361
PO_B10_000362,BillDesk Settlement,ZOMA-INV-463217 PO_B10_000362,380335,8413,0,0,371922,INR,2026-08-11T18:39:00Z,BATCH-ZOMA-0362
PO_B10_000363,PayU Enterprise,MMTR-INV-889504 PO_B10_000363,202338,3351,0,0,198987,INR,2026-08-12T15:13:00Z,BATCH-MMTR-0363
PO_B10_000364,Razorpay Nodal,PHNP-INV-684225 PO_B10_000364,257051,5990,0,0,251061,INR,2026-08-12T14:35:00Z,BATCH-PHNP-0364
PO_B10_000365,Stripe India,NYKA-INV-766272 PO_B10_000365,308178,6519,0,0,301659,INR,2026-08-11T22:47:00Z,BATCH-NYKA-0365
PO_B10_000366,Stripe India,ZOMA-INV-345289 PO_B10_000366,322518,5205,0,0,317313,INR,2026-08-12T09:22:00Z,BATCH-ZOMA-0366
PO_B10_000367,Razorpay Nodal,ZOMA-ORD-827509 ZOMA-ORD-924374 BATCH-ZOMA-0367,182979,3659,0,0,179320,INR,2026-08-12T20:58:00Z,BATCH-ZOMA-0367
PO_B10_000368,PayU Enterprise,BBAS-ORD-463610 BBAS-ORD-577960 BATCH-BBAS-0368,384960,7699,0,0,377261,INR,2026-08-12T00:17:00Z,BATCH-BBAS-0368
PO_B10_000369,Razorpay Nodal,NYKA-ORD-747548 NYKA-ORD-851601 BATCH-NYKA-0369,394000,7880,0,0,386120,INR,2026-08-12T00:39:00Z,BATCH-NYKA-0369
PO_B10_000370,Stripe India,TATA-INV-904726 PO_B10_000370,94589,1707,0,0,92882,INR,2026-08-11T22:57:00Z,BATCH-TATA-0370
PO_B10_000371,Cashfree Escrow,BBAS-INV-945725 PO_B10_000371,64459,1068,0,0,63391,INR,2026-08-11T20:01:00Z,BATCH-BBAS-0371
PO_B10_000372,Stripe India,MMTR-INV-929788 PO_B10_000372,269094,6330,0,0,262764,INR,2026-08-12T12:36:00Z,BATCH-MMTR-0372
PO_B10_000373,Razorpay Nodal,TATA-INV-242253 PO_B10_000373,374550,8508,0,0,366042,INR,2026-08-12T04:05:00Z,BATCH-TATA-0373
PO_B10_000374,Cashfree Escrow,PAYT-ORD-309757 PAYT-ORD-431452 PAYT-ORD-405435 BATCH-PAYT-0374,413102,8262,0,0,404840,INR,2026-08-12T08:23:00Z,BATCH-PAYT-0374
PO_B10_000375,BillDesk Settlement,OLAA-INV-308088 PO_B10_000375,362106,8964,0,0,353142,INR,2026-08-12T09:00:00Z,BATCH-OLAA-0375
PO_B10_000376,Stripe India,BLNK-ORD-103695 BLNK-ORD-886877 BATCH-BLNK-0376,400048,8000,0,0,392048,INR,2026-08-12T13:13:00Z,BATCH-BLNK-0376
PO_B10_000377,PayU Enterprise,BLNK-INV-754150 PO_B10_000377,146304,2317,0,0,143987,INR,2026-08-13T00:02:00Z,BATCH-BLNK-0377
PO_B10_000378,BillDesk Settlement,MYNT-ORD-718535 MYNT-ORD-192412 MYNT-ORD-966992 BATCH-MYNT-0378,481133,9622,0,0,471511,INR,2026-08-12T15:47:00Z,BATCH-MYNT-0378
PO_B10_000379,Razorpay Nodal,PHNP-INV-868342 PO_B10_000379,161968,3169,0,0,158799,INR,2026-08-12T16:02:00Z,BATCH-PHNP-0379
PO_B10_000380,Razorpay Nodal,NYKA-INV-987041 PO_B10_000380,123687,2536,0,0,121151,INR,2026-08-12T08:25:00Z,BATCH-NYKA-0380
PO_B10_000381,PayU Enterprise,NYKA-INV-777046 PO_B10_000381,123615,2177,0,0,121438,INR,2026-08-12T11:21:00Z,BATCH-NYKA-0381
PO_B10_000382,Razorpay Nodal,FLPK-ORD-498543 FLPK-ORD-854524 BATCH-FLPK-0382,234783,4695,0,0,230088,INR,2026-08-12T01:48:00Z,BATCH-FLPK-0382
PO_B10_000383,PayU Enterprise,TATA-ORD-772011 TATA-ORD-143387 TATA-ORD-816555 BATCH-TATA-0383,262571,5251,0,0,257320,INR,2026-08-12T11:45:00Z,BATCH-TATA-0383
PO_B10_000384,Razorpay Nodal,OLAA-ORD-431387 OLAA-ORD-408354 BATCH-OLAA-0384,295183,5903,0,0,289280,INR,2026-08-12T18:45:00Z,BATCH-OLAA-0384
PO_B10_000385,PayU Enterprise,JIOO-ORD-239537 JIOO-ORD-209567 BATCH-JIOO-0385,128584,2571,0,0,126013,INR,2026-08-11T22:36:00Z,BATCH-JIOO-0385
PO_B10_000386,BillDesk Settlement,BKMS-ORD-760192 BKMS-ORD-118693 BKMS-ORD-756373 BATCH-BKMS-0386,473058,9461,0,0,463597,INR,2026-08-12T02:24:00Z,BATCH-BKMS-0386
PO_B10_000387,BillDesk Settlement,BKMS-INV-393352 PO_B10_000387,332349,7352,0,0,324997,INR,2026-08-12T12:13:00Z,BATCH-BKMS-0387
PO_B10_000388,Razorpay Nodal,ZOMA-ORD-341055 ZOMA-ORD-416547 BATCH-ZOMA-0388,144660,2893,0,0,141767,INR,2026-08-11T23:48:00Z,BATCH-ZOMA-0388
PO_B10_000389,BillDesk Settlement,OLAA-ORD-567811 OLAA-ORD-782310 OLAA-ORD-676198 BATCH-OLAA-0389,339415,6788,0,0,332627,INR,2026-08-11T23:42:00Z,BATCH-OLAA-0389
PO_B10_000390,PayU Enterprise,BLNK-ORD-716626 BLNK-ORD-245357 BLNK-ORD-910588 BATCH-BLNK-0390,418478,8369,0,0,410109,INR,2026-08-11T22:36:00Z,BATCH-BLNK-0390
PO_B10_000391,BillDesk Settlement,PHNP-INV-402240 PO_B10_000391,38742,764,0,0,37978,INR,2026-08-12T04:14:00Z,BATCH-PHNP-0391
PO_B10_000392,Stripe India,FLPK-ORD-180790 FLPK-ORD-269150 FLPK-ORD-247784 BATCH-FLPK-0392,527847,10556,0,0,517291,INR,2026-08-11T22:11:00Z,BATCH-FLPK-0392
PO_B10_000393,PayU Enterprise,PHNP-INV-158429 PO_B10_000393,269944,5119,0,0,264825,INR,2026-08-11T15:58:00Z,BATCH-PHNP-0393
PO_B10_000394,Cashfree Escrow,PAYT-INV-478301 PO_B10_000394,401130,6312,0,0,394818,INR,2026-08-11T19:31:00Z,BATCH-PAYT-0394
PO_B10_000395,Stripe India,MMTR-INV-263129 PO_B10_000395,329785,6947,0,0,322838,INR,2026-08-12T09:05:00Z,BATCH-MMTR-0395
PO_B10_000396,Cashfree Escrow,MMTR-INV-646935 PO_B10_000396,398999,9670,0,0,389329,INR,2026-08-12T03:20:00Z,BATCH-MMTR-0396
PO_B10_000397,Razorpay Nodal,MMTR-INV-502664 PO_B10_000397,277218,4900,0,0,272318,INR,2026-08-12T14:42:00Z,BATCH-MMTR-0397
PO_B10_000398,Razorpay Nodal,ZOMA-INV-637863 PO_B10_000398,350154,7798,0,0,342356,INR,2026-08-12T14:21:00Z,BATCH-ZOMA-0398
PO_B10_000399,PayU Enterprise,UBER-INV-424324 PO_B10_000399,381510,8688,0,0,372822,INR,2026-08-12T01:07:00Z,BATCH-UBER-0399
PO_B10_000400,BillDesk Settlement,OLAA-ORD-558663 OLAA-ORD-499622 OLAA-ORD-459657 BATCH-OLAA-0400,385942,7718,0,0,378224,INR,2026-08-12T09:05:00Z,BATCH-OLAA-0400
PO_B10_000401,Stripe India,NYKA-INV-855040 PO_B10_000401,368656,8338,0,0,360318,INR,2026-08-12T06:26:00Z,BATCH-NYKA-0401
PO_B10_000402,BillDesk Settlement,AMZN-ORD-621203 AMZN-ORD-195969 BATCH-AMZN-0402,223403,4468,0,0,218935,INR,2026-08-12T18:20:00Z,BATCH-AMZN-0402
PO_B10_000403,BillDesk Settlement,BLNK-INV-477975 PO_B10_000403,410880,8022,0,0,402858,INR,2026-08-12T00:15:00Z,BATCH-BLNK-0403
PO_B10_000404,Cashfree Escrow,BKMS-INV-115774 PO_B10_000404,96580,1936,0,0,94644,INR,2026-08-12T01:45:00Z,BATCH-BKMS-0404
PO_B10_000405,BillDesk Settlement,PAYT-INV-218796 PO_B10_000405,45538,811,0,0,44727,INR,2026-08-11T21:44:00Z,BATCH-PAYT-0405
PO_B10_000406,Stripe India,UBER-INV-829442 PO_B10_000406,290349,6373,0,0,283976,INR,2026-08-12T19:12:00Z,BATCH-UBER-0406
PO_B10_000407,Cashfree Escrow,NYKA-INV-491916 PO_B10_000407,365101,9105,0,0,355996,INR,2026-08-12T15:30:00Z,BATCH-NYKA-0407
PO_B10_000408,Cashfree Escrow,NYKA-ORD-582829 NYKA-ORD-713582 BATCH-NYKA-0408,291857,5837,0,0,286020,INR,2026-08-12T08:05:00Z,BATCH-NYKA-0408
PO_B10_000409,Razorpay Nodal,JIOO-INV-373596 PO_B10_000409,432739,8967,0,0,423772,INR,2026-08-12T14:55:00Z,BATCH-JIOO-0409
PO_B10_000410,BillDesk Settlement,PHNP-INV-814980 PO_B10_000410,41936,645,0,0,41291,INR,2026-08-12T06:53:00Z,BATCH-PHNP-0410
PO_B10_000411,Razorpay Nodal,FLPK-INV-651688 PO_B10_000411,88922,1746,0,0,87176,INR,2026-08-12T02:19:00Z,BATCH-FLPK-0411
PO_B10_000412,Cashfree Escrow,FLPK-INV-473281 PO_B10_000412,314507,4837,0,0,309670,INR,2026-08-12T16:06:00Z,BATCH-FLPK-0412
PO_B10_000413,Stripe India,SWIG-INV-298574 PO_B10_000413,80286,1301,0,0,78985,INR,2026-08-12T09:11:00Z,BATCH-SWIG-0413
PO_B10_000414,Cashfree Escrow,FLPK-INV-288228 PO_B10_000414,190135,2913,0,0,187222,INR,2026-08-12T09:46:00Z,BATCH-FLPK-0414
PO_B10_000415,BillDesk Settlement,SWIG-INV-203396 PO_B10_000415,255750,4897,0,0,250853,INR,2026-08-12T09:19:00Z,BATCH-SWIG-0415
PO_B10_000416,PayU Enterprise,PHNP-ORD-566990 PHNP-ORD-344084 BATCH-PHNP-0416,137454,2749,0,0,134705,INR,2026-08-11T22:52:00Z,BATCH-PHNP-0416
PO_B10_000417,Stripe India,JIOO-INV-437482 PO_B10_000417,431263,9508,0,0,421755,INR,2026-08-12T04:58:00Z,BATCH-JIOO-0417
PO_B10_000418,PayU Enterprise,MMTR-ORD-252929 MMTR-ORD-787316 BATCH-MMTR-0418,209104,4182,0,0,204922,INR,2026-08-12T13:01:00Z,BATCH-MMTR-0418
PO_B10_000419,PayU Enterprise,BLNK-INV-275652 PO_B10_000419,441627,6732,0,0,434895,INR,2026-08-12T03:01:00Z,BATCH-BLNK-0419
PO_B10_000420,Cashfree Escrow,BBAS-INV-434710 PO_B10_000420,246756,6139,0,0,240617,INR,2026-08-12T09:15:00Z,BATCH-BBAS-0420
PO_B10_000421,Stripe India,JIOO-INV-265468 PO_B10_000421,63914,1498,0,0,62416,INR,2026-08-12T08:46:00Z,BATCH-JIOO-0421
PO_B10_000422,PayU Enterprise,MMTR-INV-681001 PO_B10_000422,170421,3973,0,0,166448,INR,2026-08-12T09:07:00Z,BATCH-MMTR-0422
PO_B10_000423,Razorpay Nodal,MMTR-INV-914466 PO_B10_000423,416821,8068,0,0,408753,INR,2026-08-12T15:41:00Z,BATCH-MMTR-0423
PO_B10_000424,PayU Enterprise,ZOMA-ORD-915343 ZOMA-ORD-589036 BATCH-ZOMA-0424,270180,5403,0,0,264777,INR,2026-08-12T08:40:00Z,BATCH-ZOMA-0424
PO_B10_000425,BillDesk Settlement,BKMS-INV-506336 PO_B10_000425,336206,7543,0,0,328663,INR,2026-08-12T05:23:00Z,BATCH-BKMS-0425
PO_B10_000426,PayU Enterprise,ZOMA-ORD-607039 ZOMA-ORD-652812 BATCH-ZOMA-0426,151448,3028,0,0,148420,INR,2026-08-12T09:44:00Z,BATCH-ZOMA-0426
PO_B10_000427,BillDesk Settlement,PHNP-INV-409053 PO_B10_000427,356125,7251,0,0,348874,INR,2026-08-12T10:17:00Z,BATCH-PHNP-0427
PO_B10_000428,Stripe India,FLPK-INV-697677 PO_B10_000428,282632,4371,0,0,278261,INR,2026-08-12T11:34:00Z,BATCH-FLPK-0428
PO_B10_000429,Stripe India,BBAS-INV-471158 PO_B10_000429,332207,5747,0,0,326460,INR,2026-08-11T23:30:00Z,BATCH-BBAS-0429
PO_B10_000430,BillDesk Settlement,MMTR-ORD-731064 MMTR-ORD-975598 BATCH-MMTR-0430,133547,2670,0,0,130877,INR,2026-08-11T21:53:00Z,BATCH-MMTR-0430
PO_B10_000431,PayU Enterprise,SWIG-ORD-142028 SWIG-ORD-436563 SWIG-ORD-606805 BATCH-SWIG-0431,225874,4517,0,0,221357,INR,2026-08-11T21:22:00Z,BATCH-SWIG-0431
PO_B10_000432,PayU Enterprise,AMZN-INV-135616 PO_B10_000432,307375,5019,0,0,302356,INR,2026-08-12T22:51:00Z,BATCH-AMZN-0432
PO_B10_000433,Cashfree Escrow,BKMS-ORD-833022 BKMS-ORD-587378 BATCH-BKMS-0433,105538,2110,0,0,103428,INR,2026-08-12T00:47:00Z,BATCH-BKMS-0433
PO_B10_000434,PayU Enterprise,AMZN-INV-391855 PO_B10_000434,376510,5949,0,0,370561,INR,2026-08-11T22:05:00Z,BATCH-AMZN-0434
PO_B10_000435,BillDesk Settlement,BBAS-INV-339110 PO_B10_000435,128884,2224,0,0,126660,INR,2026-08-12T09:58:00Z,BATCH-BBAS-0435
PO_B10_000436,Stripe India,BBAS-INV-284528 PO_B10_000436,89655,1705,0,0,87950,INR,2026-08-12T09:36:00Z,BATCH-BBAS-0436
PO_B10_000437,Cashfree Escrow,MYNT-INV-392132 PO_B10_000437,112321,2159,0,0,110162,INR,2026-08-12T13:35:00Z,BATCH-MYNT-0437
PO_B10_000438,Razorpay Nodal,TATA-ORD-549104 TATA-ORD-149698 TATA-ORD-124538 BATCH-TATA-0438,474082,9481,0,0,464601,INR,2026-08-12T09:41:00Z,BATCH-TATA-0438
PO_B10_000439,Cashfree Escrow,TATA-INV-244354 PO_B10_000439,168039,3732,0,0,164307,INR,2026-08-11T22:54:00Z,BATCH-TATA-0439
PO_B10_000440,Stripe India,UBER-ORD-129650 UBER-ORD-935404 BATCH-UBER-0440,226051,4521,0,0,221530,INR,2026-08-12T17:22:00Z,BATCH-UBER-0440
PO_B10_000441,Cashfree Escrow,UBER-INV-816445 PO_B10_000441,84540,1351,0,0,83189,INR,2026-08-11T20:07:00Z,BATCH-UBER-0441
PO_B10_000442,Razorpay Nodal,SWIG-INV-678977 PO_B10_000442,382477,8420,0,0,374057,INR,2026-08-12T06:32:00Z,BATCH-SWIG-0442
PO_B10_000443,PayU Enterprise,AMZN-INV-428633 PO_B10_000443,244304,5383,0,0,238921,INR,2026-08-11T17:52:00Z,BATCH-AMZN-0443
PO_B10_000444,PayU Enterprise,NYKA-INV-606500 PO_B10_000444,267472,4641,0,0,262831,INR,2026-08-12T10:11:00Z,BATCH-NYKA-0444
PO_B10_000445,BillDesk Settlement,AMZN-INV-499259 PO_B10_000445,279505,4629,0,0,274876,INR,2026-08-11T23:25:00Z,BATCH-AMZN-0445
PO_B10_000446,Stripe India,PHNP-INV-458151 PO_B10_000446,296109,4886,0,0,291223,INR,2026-08-12T20:25:00Z,BATCH-PHNP-0446
PO_B10_000447,Razorpay Nodal,BLNK-ORD-236637 BLNK-ORD-233455 BLNK-ORD-697312 BATCH-BLNK-0447,514389,10287,0,0,504102,INR,2026-08-12T14:17:00Z,BATCH-BLNK-0447
PO_B10_000448,Razorpay Nodal,PHNP-INV-340742 PO_B10_000448,369602,5891,0,0,363711,INR,2026-08-12T09:00:00Z,BATCH-PHNP-0448
PO_B10_000449,PayU Enterprise,TATA-INV-873189 PO_B10_000449,39266,705,0,0,38561,INR,2026-08-12T04:25:00Z,BATCH-TATA-0449
PO_B10_000450,PayU Enterprise,PAYT-INV-881395 PO_B10_000450,441553,9579,0,0,431974,INR,2026-08-12T00:06:00Z,BATCH-PAYT-0450
PO_B10_000451,PayU Enterprise,UBER-INV-161826 PO_B10_000451,391449,7274,0,0,384175,INR,2026-08-12T07:26:00Z,BATCH-UBER-0451
PO_B10_000452,Stripe India,NYKA-INV-374429 PO_B10_000452,211789,4223,0,0,207566,INR,2026-08-12T15:06:00Z,BATCH-NYKA-0452
PO_B10_000453,Razorpay Nodal,MYNT-INV-935335 PO_B10_000453,40531,992,0,0,39539,INR,2026-08-12T02:17:00Z,BATCH-MYNT-0453
PO_B10_000454,Stripe India,BBAS-INV-819498 PO_B10_000454,114073,1908,0,0,112165,INR,2026-08-12T12:03:00Z,BATCH-BBAS-0454
PO_B10_000455,Cashfree Escrow,ZOMA-INV-821957 PO_B10_000455,28229,654,0,0,27575,INR,2026-08-12T15:25:00Z,BATCH-ZOMA-0455
PO_B10_000456,Razorpay Nodal,TATA-INV-555379 PO_B10_000456,85174,1390,0,0,83784,INR,2026-08-12T23:50:00Z,BATCH-TATA-0456
PO_B10_000457,Stripe India,BBAS-EXC-712362-UNRESOLVED,280770,5605,0,0,275165,INR,2026-08-13T07:38:00Z,HOLD-ESCROW
PO_B10_000458,Cashfree Escrow,FLPK-INV-649058 PO_B10_000458,319835,7004,0,0,312831,INR,2026-08-12T09:20:00Z,BATCH-FLPK-0458
PO_B10_000459,Razorpay Nodal,PAYT-INV-346489 PO_B10_000459,291135,6792,0,0,284343,INR,2026-08-12T11:47:00Z,BATCH-PAYT-0459
PO_B10_000460,PayU Enterprise,PHNP-INV-592809 PO_B10_000460,439310,7466,0,0,431844,INR,2026-08-12T13:08:00Z,BATCH-PHNP-0460
PO_B10_000461,Cashfree Escrow,BBAS-INV-624522 PO_B10_000461,434155,10163,0,0,423992,INR,2026-08-11T20:18:00Z,BATCH-BBAS-0461
PO_B10_000462,Stripe India,PAYT-INV-686273 PO_B10_000462,431678,7990,0,0,423688,INR,2026-08-12T07:07:00Z,BATCH-PAYT-0462
PO_B10_000463,Cashfree Escrow,TATA-INV-164598 PO_B10_000463,273855,5972,0,0,267883,INR,2026-08-12T11:10:00Z,BATCH-TATA-0463
PO_B10_000464,PayU Enterprise,AMZN-ORD-936068 AMZN-ORD-121107 BATCH-AMZN-0464,459352,9187,0,0,450165,INR,2026-08-12T02:14:00Z,BATCH-AMZN-0464
PO_B10_000465,Cashfree Escrow,OLAA-INV-152296 PO_B10_000465,122045,2074,0,0,119971,INR,2026-08-12T21:46:00Z,BATCH-OLAA-0465
PO_B10_000466,Cashfree Escrow,BBAS-EXC-985902-UNRESOLVED,170473,3399,0,0,167074,INR,2026-08-12T11:34:00Z,HOLD-ESCROW
PO_B10_000467,Cashfree Escrow,BBAS-INV-749413 PO_B10_000467,234192,4786,0,0,229406,INR,2026-08-12T05:30:00Z,BATCH-BBAS-0467
PO_B10_000468,BillDesk Settlement,BBAS-INV-513044 PO_B10_000468,176967,3300,0,0,173667,INR,2026-08-11T20:47:00Z,BATCH-BBAS-0468
PO_B10_000469,BillDesk Settlement,OLAA-ORD-486394 OLAA-ORD-907894 BATCH-OLAA-0469,354905,7098,0,0,347807,INR,2026-08-12T05:39:00Z,BATCH-OLAA-0469
PO_B10_000470,Stripe India,PHNP-INV-539114 PO_B10_000470,423766,10297,0,0,413469,INR,2026-08-12T02:50:00Z,BATCH-PHNP-0470
PO_B10_000471,Stripe India,TATA-INV-868801 PO_B10_000471,121121,2229,0,0,118892,INR,2026-08-12T10:50:00Z,BATCH-TATA-0471
PO_B10_000472,BillDesk Settlement,UBER-INV-844524 PO_B10_000472,266941,4999,0,0,261942,INR,2026-08-12T21:54:00Z,BATCH-UBER-0472
PO_B10_000473,Stripe India,FLPK-ORD-903923 FLPK-ORD-540281 FLPK-ORD-793719 BATCH-FLPK-0473,346391,6927,0,0,339464,INR,2026-08-12T10:02:00Z,BATCH-FLPK-0473
PO_B10_000474,PayU Enterprise,MMTR-INV-630959 PO_B10_000474,44366,1024,0,0,43342,INR,2026-08-12T07:39:00Z,BATCH-MMTR-0474
PO_B10_000475,Cashfree Escrow,MMTR-INV-983078 PO_B10_000475,94526,1690,0,0,92836,INR,2026-08-12T12:40:00Z,BATCH-MMTR-0475
PO_B10_000476,Razorpay Nodal,SWIG-ORD-410906 SWIG-ORD-100812 SWIG-ORD-511293 BATCH-SWIG-0476,429131,8582,0,0,420549,INR,2026-08-12T15:13:00Z,BATCH-SWIG-0476
PO_B10_000477,Stripe India,PAYT-INV-138492 PO_B10_000477,243878,4065,0,0,239813,INR,2026-08-11T20:43:00Z,BATCH-PAYT-0477
PO_B10_000478,Razorpay Nodal,AMZN-INV-818478 PO_B10_000478,301447,7307,0,0,294140,INR,2026-08-12T00:52:00Z,BATCH-AMZN-0478
PO_B10_000479,Razorpay Nodal,BKMS-INV-131815 PO_B10_000479,125919,2484,0,0,123435,INR,2026-08-12T03:41:00Z,BATCH-BKMS-0479
PO_B10_000480,Cashfree Escrow,NYKA-ORD-779066 NYKA-ORD-908763 NYKA-ORD-791374 BATCH-NYKA-0480,414532,8290,0,0,406242,INR,2026-08-12T13:43:00Z,BATCH-NYKA-0480
PO_B10_000481,BillDesk Settlement,TATA-INV-245674 PO_B10_000481,254269,4557,0,0,249712,INR,2026-08-12T18:23:00Z,BATCH-TATA-0481
PO_B10_000482,Stripe India,BLNK-ORD-559849 BLNK-ORD-982726 BATCH-BLNK-0482,419109,8382,0,0,410727,INR,2026-08-12T04:25:00Z,BATCH-BLNK-0482
PO_B10_000483,Razorpay Nodal,MMTR-ORD-688870 MMTR-ORD-101581 BATCH-MMTR-0483,352774,7055,0,0,345719,INR,2026-08-12T03:34:00Z,BATCH-MMTR-0483
PO_B10_000484,Razorpay Nodal,AMZN-ORD-143443 AMZN-ORD-842159 BATCH-AMZN-0484,242727,4854,0,0,237873,INR,2026-08-12T04:49:00Z,BATCH-AMZN-0484
PO_B10_000485,Razorpay Nodal,FLPK-INV-285403 PO_B10_000485,213617,4727,0,0,208890,INR,2026-08-12T12:59:00Z,BATCH-FLPK-0485
PO_B10_000486,Cashfree Escrow,NYKA-INV-179358 PO_B10_000486,442942,7786,0,0,435156,INR,2026-08-11T20:18:00Z,BATCH-NYKA-0486
PO_B10_000487,Razorpay Nodal,BLNK-INV-967037 PO_B10_000487,444096,9868,0,0,434228,INR,2026-08-12T06:28:00Z,BATCH-BLNK-0487
PO_B10_000488,Stripe India,BBAS-INV-160486 PO_B10_000488,100671,1539,0,0,99132,INR,2026-08-12T05:11:00Z,BATCH-BBAS-0488
PO_B10_000489,Cashfree Escrow,MYNT-INV-994994 PO_B10_000489,179197,3185,0,0,176012,INR,2026-08-12T11:05:00Z,BATCH-MYNT-0489
PO_B10_000490,Razorpay Nodal,PHNP-INV-976394 PO_B10_000490,422054,9126,0,0,412928,INR,2026-08-12T11:41:00Z,BATCH-PHNP-0490
PO_B10_000491,Cashfree Escrow,PHNP-EXC-101864-UNRESOLVED,81693,1623,0,0,80070,INR,2026-08-12T19:08:00Z,HOLD-ESCROW
PO_B10_000492,Stripe India,ZOMA-INV-455128 PO_B10_000492,136975,3353,0,0,133622,INR,2026-08-12T16:58:00Z,BATCH-ZOMA-0492
PO_B10_000493,Stripe India,UBER-INV-648303 PO_B10_000493,253482,4410,0,0,249072,INR,2026-08-12T20:52:00Z,BATCH-UBER-0493
PO_B10_000494,BillDesk Settlement,BBAS-INV-545386 PO_B10_000494,123270,3045,0,0,120225,INR,2026-08-12T03:25:00Z,BATCH-BBAS-0494
PO_B10_000495,Cashfree Escrow,BKMS-INV-468608 PO_B10_000495,35379,534,0,0,34845,INR,2026-08-12T13:40:00Z,BATCH-BKMS-0495
PO_B10_000496,Razorpay Nodal,BKMS-INV-874164 PO_B10_000496,136346,2613,0,0,133733,INR,2026-08-12T20:59:00Z,BATCH-BKMS-0496
PO_B10_000497,Cashfree Escrow,MMTR-INV-594641 PO_B10_000497,241542,4847,0,0,236695,INR,2026-08-11T16:05:00Z,BATCH-MMTR-0497
PO_B10_000498,PayU Enterprise,MYNT-ORD-758584 MYNT-ORD-642300 MYNT-ORD-650987 BATCH-MYNT-0498,324024,6480,0,0,317544,INR,2026-08-11T22:03:00Z,BATCH-MYNT-0498
PO_B10_000499,Cashfree Escrow,ZOMA-ORD-958974 ZOMA-ORD-830147 BATCH-ZOMA-0499,241685,4833,0,0,236852,INR,2026-08-12T20:42:00Z,BATCH-ZOMA-0499
PO_B10_000500,PayU Enterprise,TATA-ORD-382137 TATA-ORD-713499 BATCH-TATA-0500,264742,5294,0,0,259448,INR,2026-08-12T18:56:00Z,BATCH-TATA-0500
PO_B10_000501,PayU Enterprise,NYKA-ORD-437755 NYKA-ORD-444397 NYKA-ORD-640439 BATCH-NYKA-0501,397389,7947,0,0,389442,INR,2026-08-12T13:09:00Z,BATCH-NYKA-0501
PO_B10_000502,PayU Enterprise,MYNT-ORD-136293 MYNT-ORD-889044 BATCH-MYNT-0502,467192,9343,0,0,457849,INR,2026-08-11T22:26:00Z,BATCH-MYNT-0502
PO_B10_000503,BillDesk Settlement,UBER-INV-807160 PO_B10_000503,275768,4418,0,0,271350,INR,2026-08-12T19:05:00Z,BATCH-UBER-0503
PO_B10_000504,Stripe India,BBAS-INV-335653 PO_B10_000504,252328,5904,0,0,246424,INR,2026-08-12T04:19:00Z,BATCH-BBAS-0504
PO_B10_000505,Razorpay Nodal,AMZN-INV-459208 PO_B10_000505,282153,4407,0,0,277746,INR,2026-08-11T17:03:00Z,BATCH-AMZN-0505
PO_B10_000506,Cashfree Escrow,SWIG-INV-998824 PO_B10_000506,394100,6334,0,0,387766,INR,2026-08-12T10:50:00Z,BATCH-SWIG-0506
PO_B10_000507,Stripe India,BBAS-INV-942954 PO_B10_000507,129062,2105,0,0,126957,INR,2026-08-11T23:17:00Z,BATCH-BBAS-0507
PO_B10_000508,Razorpay Nodal,MYNT-ORD-594802 MYNT-ORD-674480 MYNT-ORD-966237 BATCH-MYNT-0508,145387,2907,0,0,142480,INR,2026-08-12T01:09:00Z,BATCH-MYNT-0508
PO_B10_000509,PayU Enterprise,JIOO-INV-574633 PO_B10_000509,357801,6026,0,0,351775,INR,2026-08-12T09:35:00Z,BATCH-JIOO-0509
PO_B10_000510,Cashfree Escrow,TATA-EXC-888494-UNRESOLVED,112965,2249,0,0,110716,INR,2026-08-12T13:55:00Z,HOLD-ESCROW
PO_B10_000511,Cashfree Escrow,ZOMA-INV-422840 PO_B10_000511,159779,3541,0,0,156238,INR,2026-08-12T09:35:00Z,BATCH-ZOMA-0511
PO_B10_000512,BillDesk Settlement,UBER-INV-672608 PO_B10_000512,245970,4836,0,0,241134,INR,2026-08-11T19:58:00Z,BATCH-UBER-0512
PO_B10_000513,BillDesk Settlement,MYNT-ORD-680814 MYNT-ORD-370321 BATCH-MYNT-0513,384678,7693,0,0,376985,INR,2026-08-12T12:51:00Z,BATCH-MYNT-0513
PO_B10_000514,Razorpay Nodal,AMZN-INV-421450 PO_B10_000514,158055,3201,0,0,154854,INR,2026-08-12T04:29:00Z,BATCH-AMZN-0514
PO_B10_000515,Stripe India,BLNK-INV-194837 PO_B10_000515,107417,2159,0,0,105258,INR,2026-08-12T14:45:00Z,BATCH-BLNK-0515
PO_B10_000516,Razorpay Nodal,FLPK-INV-441381 PO_B10_000516,228994,3905,0,0,225089,INR,2026-08-11T15:33:00Z,BATCH-FLPK-0516
PO_B10_000517,Razorpay Nodal,SWIG-INV-827260 PO_B10_000517,325919,5602,0,0,320317,INR,2026-08-12T17:08:00Z,BATCH-SWIG-0517
PO_B10_000518,BillDesk Settlement,UBER-INV-282545 PO_B10_000518,90159,1402,0,0,88757,INR,2026-08-12T15:01:00Z,BATCH-UBER-0518
PO_B10_000519,BillDesk Settlement,FLPK-INV-138282 PO_B10_000519,69010,1215,0,0,67795,INR,2026-08-12T18:45:00Z,BATCH-FLPK-0519
PO_B10_000520,Razorpay Nodal,BBAS-INV-313281 PO_B10_000520,99568,1598,0,0,97970,INR,2026-08-12T08:56:00Z,BATCH-BBAS-0520
PO_B10_000521,Stripe India,FLPK-INV-468354 PO_B10_000521,285558,6599,0,0,278959,INR,2026-08-12T07:31:00Z,BATCH-FLPK-0521
PO_B10_000522,Cashfree Escrow,JIOO-INV-386621 PO_B10_000522,97392,1683,0,0,95709,INR,2026-08-12T02:48:00Z,BATCH-JIOO-0522
PO_B10_000523,PayU Enterprise,BLNK-INV-815517 PO_B10_000523,38323,682,0,0,37641,INR,2026-08-12T12:31:00Z,BATCH-BLNK-0523
PO_B10_000524,BillDesk Settlement,JIOO-ORD-674090 JIOO-ORD-767488 BATCH-JIOO-0524,289773,5795,0,0,283978,INR,2026-08-12T12:07:00Z,BATCH-JIOO-0524
PO_B10_000525,Razorpay Nodal,MMTR-INV-218801 PO_B10_000525,237164,5649,0,0,231515,INR,2026-08-12T21:59:00Z,BATCH-MMTR-0525
PO_B10_000526,PayU Enterprise,BBAS-ORD-395975 BBAS-ORD-650623 BATCH-BBAS-0526,274441,5488,0,0,268953,INR,2026-08-12T05:46:00Z,BATCH-BBAS-0526
PO_B10_000527,Razorpay Nodal,MMTR-INV-719899 PO_B10_000527,175751,3270,0,0,172481,INR,2026-08-11T14:57:00Z,BATCH-MMTR-0527
PO_B10_000528,Razorpay Nodal,TATA-INV-115140 PO_B10_000528,214654,4497,0,0,210157,INR,2026-08-12T07:27:00Z,BATCH-TATA-0528
PO_B10_000529,Cashfree Escrow,NYKA-INV-449673 PO_B10_000529,93493,2194,0,0,91299,INR,2026-08-12T23:46:00Z,BATCH-NYKA-0529
PO_B10_000530,Cashfree Escrow,PHNP-INV-107976 PO_B10_000530,75803,1735,0,0,74068,INR,2026-08-11T22:20:00Z,BATCH-PHNP-0530
PO_B10_000531,BillDesk Settlement,NYKA-ORD-589651 NYKA-ORD-717025 BATCH-NYKA-0531,155523,3110,0,0,152413,INR,2026-08-12T15:31:00Z,BATCH-NYKA-0531
PO_B10_000532,BillDesk Settlement,JIOO-INV-480594 PO_B10_000532,58056,1342,0,0,56714,INR,2026-08-12T21:48:00Z,BATCH-JIOO-0532
PO_B10_000533,Razorpay Nodal,MYNT-INV-568710 PO_B10_000533,402698,6536,0,0,396162,INR,2026-08-12T23:34:00Z,BATCH-MYNT-0533
PO_B10_000534,PayU Enterprise,MYNT-INV-298523 PO_B10_000534,36489,691,0,0,35798,INR,2026-08-11T18:49:00Z,BATCH-MYNT-0534
PO_B10_000535,BillDesk Settlement,OLAA-ORD-479590 OLAA-ORD-128507 OLAA-ORD-263843 BATCH-OLAA-0535,340771,6815,0,0,333956,INR,2026-08-12T01:02:00Z,BATCH-OLAA-0535
PO_B10_000536,Cashfree Escrow,OLAA-INV-572232 PO_B10_000536,377088,7886,0,0,369202,INR,2026-08-11T20:35:00Z,BATCH-OLAA-0536
PO_B10_000537,Razorpay Nodal,BBAS-INV-385826 PO_B10_000537,40600,806,0,0,39794,INR,2026-08-12T15:33:00Z,BATCH-BBAS-0537
PO_B10_000538,Stripe India,NYKA-INV-892229 PO_B10_000538,114942,2323,0,0,112619,INR,2026-08-12T13:15:00Z,BATCH-NYKA-0538
PO_B10_000539,PayU Enterprise,FLPK-INV-390862 PO_B10_000539,307514,6463,0,0,301051,INR,2026-08-12T08:24:00Z,BATCH-FLPK-0539
PO_B10_000540,Stripe India,BLNK-INV-505274 PO_B10_000540,190406,2967,0,0,187439,INR,2026-08-12T02:32:00Z,BATCH-BLNK-0540
PO_B10_000541,Cashfree Escrow,BKMS-INV-793820 PO_B10_000541,168610,3541,0,0,165069,INR,2026-08-12T12:47:00Z,BATCH-BKMS-0541
PO_B10_000542,BillDesk Settlement,OLAA-ORD-974141 OLAA-ORD-306304 OLAA-ORD-313434 BATCH-OLAA-0542,324252,6485,0,0,317767,INR,2026-08-11T22:34:00Z,BATCH-OLAA-0542
PO_B10_000543,PayU Enterprise,TATA-INV-635297 PO_B10_000543,366154,8671,0,0,357483,INR,2026-08-12T05:28:00Z,BATCH-TATA-0543
PO_B10_000544,BillDesk Settlement,ZOMA-INV-901141 PO_B10_000544,154104,3164,0,0,150940,INR,2026-08-12T18:40:00Z,BATCH-ZOMA-0544
PO_B10_000545,Cashfree Escrow,BKMS-INV-950039 PO_B10_000545,51504,868,0,0,50636,INR,2026-08-12T20:02:00Z,BATCH-BKMS-0545
PO_B10_000546,Cashfree Escrow,AMZN-INV-937258 PO_B10_000546,64903,1540,0,0,63363,INR,2026-08-12T05:01:00Z,BATCH-AMZN-0546
PO_B10_000547,BillDesk Settlement,MMTR-INV-314480 PO_B10_000547,369653,6597,0,0,363056,INR,2026-08-12T04:26:00Z,BATCH-MMTR-0547
PO_B10_000548,Razorpay Nodal,PAYT-INV-309924 PO_B10_000548,235501,5298,0,0,230203,INR,2026-08-12T13:42:00Z,BATCH-PAYT-0548
PO_B10_000549,BillDesk Settlement,FLPK-INV-225782 PO_B10_000549,27168,562,0,0,26606,INR,2026-08-12T03:32:00Z,BATCH-FLPK-0549
PO_B10_000550,Cashfree Escrow,BLNK-INV-476658 PO_B10_000550,63452,1413,0,0,62039,INR,2026-08-12T07:00:00Z,BATCH-BLNK-0550
PO_B10_000551,Razorpay Nodal,JIOO-INV-479534 PO_B10_000551,162060,2608,0,0,159452,INR,2026-08-12T01:02:00Z,BATCH-JIOO-0551
PO_B10_000552,Stripe India,NYKA-ORD-563895 NYKA-ORD-548834 BATCH-NYKA-0552,215022,4300,0,0,210722,INR,2026-08-12T17:11:00Z,BATCH-NYKA-0552
PO_B10_000553,Razorpay Nodal,UBER-INV-945283 PO_B10_000553,93167,1669,0,0,91498,INR,2026-08-12T12:56:00Z,BATCH-UBER-0553
PO_B10_000554,Stripe India,BBAS-INV-276164 PO_B10_000554,274493,6039,0,0,268454,INR,2026-08-12T04:29:00Z,BATCH-BBAS-0554
PO_B10_000555,BillDesk Settlement,NYKA-INV-319629 PO_B10_000555,428585,9160,0,0,419425,INR,2026-08-11T20:00:00Z,BATCH-NYKA-0555
PO_B10_000556,PayU Enterprise,MYNT-INV-567206 PO_B10_000556,205649,3538,0,0,202111,INR,2026-08-12T02:07:00Z,BATCH-MYNT-0556
PO_B10_000557,PayU Enterprise,FLPK-INV-191194 PO_B10_000557,166719,3272,0,0,163447,INR,2026-08-12T11:06:00Z,BATCH-FLPK-0557
PO_B10_000558,Cashfree Escrow,PAYT-ORD-451483 PAYT-ORD-806910 BATCH-PAYT-0558,230609,4612,0,0,225997,INR,2026-08-12T06:36:00Z,BATCH-PAYT-0558
PO_B10_000559,Stripe India,JIOO-EXC-630395-UNRESOLVED,208708,4164,0,0,204544,INR,2026-08-12T16:40:00Z,HOLD-ESCROW
PO_B10_000560,Cashfree Escrow,JIOO-EXC-853916-UNRESOLVED,156583,3121,0,0,153462,INR,2026-08-12T10:20:00Z,HOLD-ESCROW
PO_B10_000561,Stripe India,ZOMA-INV-322520 PO_B10_000561,404041,8212,0,0,395829,INR,2026-08-13T02:35:00Z,BATCH-ZOMA-0561
PO_B10_000562,BillDesk Settlement,MMTR-INV-435262 PO_B10_000562,164058,3930,0,0,160128,INR,2026-08-11T23:23:00Z,BATCH-MMTR-0562
PO_B10_000563,PayU Enterprise,PHNP-INV-432128 PO_B10_000563,298468,7454,0,0,291014,INR,2026-08-12T08:12:00Z,BATCH-PHNP-0563
PO_B10_000564,Razorpay Nodal,OLAA-INV-579552 PO_B10_000564,442293,9243,0,0,433050,INR,2026-08-12T07:24:00Z,BATCH-OLAA-0564
PO_B10_000565,Stripe India,SWIG-ORD-454609 SWIG-ORD-898788 BATCH-SWIG-0565,210563,4211,0,0,206352,INR,2026-08-12T19:26:00Z,BATCH-SWIG-0565
PO_B10_000566,PayU Enterprise,UBER-ORD-581676 UBER-ORD-537514 UBER-ORD-967090 BATCH-UBER-0566,433972,8679,0,0,425293,INR,2026-08-12T07:01:00Z,BATCH-UBER-0566
PO_B10_000567,Cashfree Escrow,FLPK-INV-338180 PO_B10_000567,434649,7035,0,0,427614,INR,2026-08-12T06:06:00Z,BATCH-FLPK-0567
PO_B10_000568,Stripe India,BBAS-INV-299888 PO_B10_000568,420698,6554,0,0,414144,INR,2026-08-11T23:53:00Z,BATCH-BBAS-0568
PO_B10_000569,BillDesk Settlement,NYKA-INV-788615 PO_B10_000569,419062,7068,0,0,411994,INR,2026-08-12T09:39:00Z,BATCH-NYKA-0569
PO_B10_000570,BillDesk Settlement,FLPK-ORD-131527 FLPK-ORD-323820 FLPK-ORD-778426 BATCH-FLPK-0570,353474,7069,0,0,346405,INR,2026-08-11T22:51:00Z,BATCH-FLPK-0570
PO_B10_000571,BillDesk Settlement,ZOMA-ORD-290091 ZOMA-ORD-816782 ZOMA-ORD-776320 BATCH-ZOMA-0571,197982,3959,0,0,194023,INR,2026-08-12T19:45:00Z,BATCH-ZOMA-0571
PO_B10_000572,Razorpay Nodal,PAYT-INV-440858 PO_B10_000572,319464,5830,0,0,313634,INR,2026-08-12T18:20:00Z,BATCH-PAYT-0572
PO_B10_000573,PayU Enterprise,AMZN-ORD-833501 AMZN-ORD-532814 AMZN-ORD-524274 BATCH-AMZN-0573,375460,7509,0,0,367951,INR,2026-08-12T16:12:00Z,BATCH-AMZN-0573
PO_B10_000574,Razorpay Nodal,ZOMA-INV-161236 PO_B10_000574,358738,8794,0,0,349944,INR,2026-08-11T22:50:00Z,BATCH-ZOMA-0574
PO_B10_000575,BillDesk Settlement,MYNT-INV-254303 PO_B10_000575,132984,2776,0,0,130208,INR,2026-08-12T02:21:00Z,BATCH-MYNT-0575
PO_B10_000576,PayU Enterprise,MMTR-INV-903424 PO_B10_000576,71803,1511,0,0,70292,INR,2026-08-12T02:33:00Z,BATCH-MMTR-0576
PO_B10_000577,Cashfree Escrow,OLAA-ORD-293715 OLAA-ORD-313424 OLAA-ORD-443249 BATCH-OLAA-0577,342187,6843,0,0,335344,INR,2026-08-12T10:18:00Z,BATCH-OLAA-0577
PO_B10_000578,BillDesk Settlement,AMZN-INV-522006 PO_B10_000578,148326,2290,0,0,146036,INR,2026-08-12T07:55:00Z,BATCH-AMZN-0578
PO_B10_000579,PayU Enterprise,JIOO-INV-780179 PO_B10_000579,430776,7133,0,0,423643,INR,2026-08-12T10:28:00Z,BATCH-JIOO-0579
PO_B10_000580,Stripe India,ZOMA-INV-946835 PO_B10_000580,236999,4693,0,0,232306,INR,2026-08-12T03:51:00Z,BATCH-ZOMA-0580
PO_B10_000581,Razorpay Nodal,ZOMA-EXC-413627-UNRESOLVED,210396,4197,0,0,206199,INR,2026-08-13T01:08:00Z,HOLD-ESCROW
PO_B10_000582,PayU Enterprise,JIOO-INV-955358 PO_B10_000582,244259,5545,0,0,238714,INR,2026-08-12T02:45:00Z,BATCH-JIOO-0582
PO_B10_000583,Razorpay Nodal,JIOO-INV-269581 PO_B10_000583,170216,3117,0,0,167099,INR,2026-08-12T00:36:00Z,BATCH-JIOO-0583
PO_B10_000584,BillDesk Settlement,BLNK-INV-807773 PO_B10_000584,444832,11022,0,0,433810,INR,2026-08-12T15:42:00Z,BATCH-BLNK-0584
PO_B10_000585,PayU Enterprise,AMZN-INV-340549 PO_B10_000585,200747,3377,0,0,197370,INR,2026-08-12T02:47:00Z,BATCH-AMZN-0585
PO_B10_000586,PayU Enterprise,BLNK-INV-716761 PO_B10_000586,398036,7268,0,0,390768,INR,2026-08-11T18:02:00Z,BATCH-BLNK-0586
PO_B10_000587,Cashfree Escrow,JIOO-INV-443581 PO_B10_000587,424593,8651,0,0,415942,INR,2026-08-11T19:22:00Z,BATCH-JIOO-0587
PO_B10_000588,Stripe India,NYKA-INV-596482 PO_B10_000588,239058,4542,0,0,234516,INR,2026-08-12T01:28:00Z,BATCH-NYKA-0588
PO_B10_000589,Stripe India,MYNT-ORD-766697 MYNT-ORD-830226 BATCH-MYNT-0589,268618,5372,0,0,263246,INR,2026-08-12T06:03:00Z,BATCH-MYNT-0589
PO_B10_000590,Razorpay Nodal,AMZN-INV-701870 PO_B10_000590,73889,1187,0,0,72702,INR,2026-08-12T08:24:00Z,BATCH-AMZN-0590
PO_B10_000591,Razorpay Nodal,MMTR-ORD-630161 MMTR-ORD-861346 BATCH-MMTR-0591,229499,4589,0,0,224910,INR,2026-08-12T16:54:00Z,BATCH-MMTR-0591
PO_B10_000592,Cashfree Escrow,BBAS-INV-121656 PO_B10_000592,419580,7813,0,0,411767,INR,2026-08-12T11:18:00Z,BATCH-BBAS-0592
PO_B10_000593,BillDesk Settlement,PHNP-INV-960599 PO_B10_000593,189020,3994,0,0,185026,INR,2026-08-12T13:17:00Z,BATCH-PHNP-0593
PO_B10_000594,Cashfree Escrow,FLPK-ORD-614663 FLPK-ORD-539659 BATCH-FLPK-0594,306465,6129,0,0,300336,INR,2026-08-12T06:27:00Z,BATCH-FLPK-0594
PO_B10_000595,PayU Enterprise,NYKA-ORD-843420 NYKA-ORD-508194 NYKA-ORD-875211 BATCH-NYKA-0595,526560,10531,0,0,516029,INR,2026-08-12T06:24:00Z,BATCH-NYKA-0595
PO_B10_000596,Cashfree Escrow,ZOMA-ORD-270593 ZOMA-ORD-833693 BATCH-ZOMA-0596,430758,8615,0,0,422143,INR,2026-08-12T00:25:00Z,BATCH-ZOMA-0596
PO_B10_000597,Cashfree Escrow,BLNK-INV-315618 PO_B10_000597,151776,2590,0,0,149186,INR,2026-08-13T00:10:00Z,BATCH-BLNK-0597
PO_B10_000598,BillDesk Settlement,MYNT-ORD-412832 MYNT-ORD-801849 BATCH-MYNT-0598,191486,3829,0,0,187657,INR,2026-08-12T03:38:00Z,BATCH-MYNT-0598
PO_B10_000599,BillDesk Settlement,MMTR-INV-553990 PO_B10_000599,151338,3695,0,0,147643,INR,2026-08-12T02:15:00Z,BATCH-MMTR-0599
PO_B10_000600,Stripe India,BBAS-INV-280119 PO_B10_000600,270312,4851,0,0,265461,INR,2026-08-12T10:36:00Z,BATCH-BBAS-0600
PO_B10_000601,Stripe India,TATA-INV-624520 PO_B10_000601,384482,7340,0,0,377142,INR,2026-08-12T11:36:00Z,BATCH-TATA-0601
PO_B10_000602,Stripe India,OLAA-INV-641687 PO_B10_000602,345258,8164,0,0,337094,INR,2026-08-12T06:10:00Z,BATCH-OLAA-0602
PO_B10_000603,PayU Enterprise,TATA-INV-152971 PO_B10_000603,352706,8310,0,0,344396,INR,2026-08-12T05:34:00Z,BATCH-TATA-0603
PO_B10_000604,BillDesk Settlement,OLAA-INV-128116 PO_B10_000604,42041,1006,0,0,41035,INR,2026-08-11T20:42:00Z,BATCH-OLAA-0604
PO_B10_000605,Stripe India,AMZN-ORD-370734 AMZN-ORD-628613 AMZN-ORD-252622 BATCH-AMZN-0605,144137,2882,0,0,141255,INR,2026-08-12T07:09:00Z,BATCH-AMZN-0605
PO_B10_000606,PayU Enterprise,MYNT-ORD-408006 MYNT-ORD-622574 BATCH-MYNT-0606,317725,6354,0,0,311371,INR,2026-08-12T19:25:00Z,BATCH-MYNT-0606
PO_B10_000607,BillDesk Settlement,AMZN-INV-733061 PO_B10_000607,448219,10917,0,0,437302,INR,2026-08-12T17:09:00Z,BATCH-AMZN-0607
PO_B10_000608,Cashfree Escrow,TATA-INV-711141 PO_B10_000608,233725,3773,0,0,229952,INR,2026-08-13T00:55:00Z,BATCH-TATA-0608
PO_B10_000609,BillDesk Settlement,UBER-INV-270516 PO_B10_000609,312610,4999,0,0,307611,INR,2026-08-12T09:28:00Z,BATCH-UBER-0609
PO_B10_000610,Cashfree Escrow,ZOMA-ORD-443312 ZOMA-ORD-661047 BATCH-ZOMA-0610,376679,7533,0,0,369146,INR,2026-08-12T20:29:00Z,BATCH-ZOMA-0610
PO_B10_000611,PayU Enterprise,BBAS-INV-695973 PO_B10_000611,429813,10051,0,0,419762,INR,2026-08-11T18:11:00Z,BATCH-BBAS-0611
PO_B10_000612,Cashfree Escrow,PHNP-INV-135444 PO_B10_000612,296339,6222,0,0,290117,INR,2026-08-12T12:34:00Z,BATCH-PHNP-0612
PO_B10_000613,Stripe India,BBAS-INV-340052 PO_B10_000613,243577,5296,0,0,238281,INR,2026-08-12T13:34:00Z,BATCH-BBAS-0613
PO_B10_000614,Cashfree Escrow,OLAA-INV-331992 PO_B10_000614,187065,3939,0,0,183126,INR,2026-08-12T04:26:00Z,BATCH-OLAA-0614
PO_B10_000615,BillDesk Settlement,NYKA-INV-960297 PO_B10_000615,359423,7202,0,0,352221,INR,2026-08-12T07:24:00Z,BATCH-NYKA-0615
PO_B10_000616,BillDesk Settlement,OLAA-INV-927585 PO_B10_000616,301368,5836,0,0,295532,INR,2026-08-12T12:23:00Z,BATCH-OLAA-0616
PO_B10_000617,BillDesk Settlement,MYNT-ORD-317876 MYNT-ORD-250220 MYNT-ORD-800958 BATCH-MYNT-0617,389284,7785,0,0,381499,INR,2026-08-12T19:19:00Z,BATCH-MYNT-0617
PO_B10_000618,Stripe India,PHNP-INV-526961 PO_B10_000618,88676,2040,0,0,86636,INR,2026-08-11T20:28:00Z,BATCH-PHNP-0618
PO_B10_000619,Stripe India,BBAS-INV-142250 PO_B10_000619,83379,1645,0,0,81734,INR,2026-08-12T05:34:00Z,BATCH-BBAS-0619
PO_B10_000620,BillDesk Settlement,OLAA-ORD-240931 OLAA-ORD-878349 OLAA-ORD-679733 BATCH-OLAA-0620,433484,8669,0,0,424815,INR,2026-08-12T14:15:00Z,BATCH-OLAA-0620
PO_B10_000621,PayU Enterprise,MMTR-INV-819405 PO_B10_000621,278511,4542,0,0,273969,INR,2026-08-12T20:26:00Z,BATCH-MMTR-0621
PO_B10_000622,PayU Enterprise,NYKA-ORD-376342 NYKA-ORD-916557 BATCH-NYKA-0622,201008,4020,0,0,196988,INR,2026-08-12T02:26:00Z,BATCH-NYKA-0622
PO_B10_000623,Cashfree Escrow,MYNT-ORD-900314 MYNT-ORD-266527 MYNT-ORD-675186 BATCH-MYNT-0623,439697,8793,0,0,430904,INR,2026-08-11T22:42:00Z,BATCH-MYNT-0623
PO_B10_000624,PayU Enterprise,PHNP-INV-542241 PO_B10_000624,299396,5362,0,0,294034,INR,2026-08-12T02:00:00Z,BATCH-PHNP-0624
PO_B10_000625,PayU Enterprise,OLAA-ORD-416644 OLAA-ORD-769012 OLAA-ORD-396754 BATCH-OLAA-0625,299227,5984,0,0,293243,INR,2026-08-12T01:19:00Z,BATCH-OLAA-0625
PO_B10_000626,BillDesk Settlement,BBAS-INV-811857 PO_B10_000626,214099,4885,0,0,209214,INR,2026-08-12T19:26:00Z,BATCH-BBAS-0626
PO_B10_000627,Cashfree Escrow,UBER-INV-962882 PO_B10_000627,428579,6520,0,0,422059,INR,2026-08-12T10:59:00Z,BATCH-UBER-0627
PO_B10_000628,Stripe India,FLPK-INV-843342 PO_B10_000628,308822,5874,0,0,302948,INR,2026-08-12T03:07:00Z,BATCH-FLPK-0628
PO_B10_000629,BillDesk Settlement,UBER-ORD-522567 UBER-ORD-466070 BATCH-UBER-0629,193191,3863,0,0,189328,INR,2026-08-12T14:21:00Z,BATCH-UBER-0629
PO_B10_000630,BillDesk Settlement,BKMS-ORD-113450 BKMS-ORD-593073 BKMS-ORD-312877 BATCH-BKMS-0630,497986,9959,0,0,488027,INR,2026-08-12T06:32:00Z,BATCH-BKMS-0630
PO_B10_000631,Razorpay Nodal,TATA-INV-865850 PO_B10_000631,139941,2240,0,0,137701,INR,2026-08-12T02:12:00Z,BATCH-TATA-0631
PO_B10_000632,Stripe India,FLPK-INV-896442 PO_B10_000632,419949,7398,0,0,412551,INR,2026-08-12T07:17:00Z,BATCH-FLPK-0632
PO_B10_000633,PayU Enterprise,FLPK-INV-317374 PO_B10_000633,415719,9688,0,0,406031,INR,2026-08-12T08:45:00Z,BATCH-FLPK-0633
PO_B10_000634,BillDesk Settlement,MYNT-INV-372963 PO_B10_000634,280186,6499,0,0,273687,INR,2026-08-12T07:03:00Z,BATCH-MYNT-0634
PO_B10_000635,BillDesk Settlement,PAYT-INV-755051 PO_B10_000635,289903,5495,0,0,284408,INR,2026-08-12T11:22:00Z,BATCH-PAYT-0635
PO_B10_000636,BillDesk Settlement,SWIG-INV-541666 PO_B10_000636,132820,2504,0,0,130316,INR,2026-08-12T03:22:00Z,BATCH-SWIG-0636
PO_B10_000637,Stripe India,SWIG-ORD-138585 SWIG-ORD-182692 SWIG-ORD-381373 BATCH-SWIG-0637,590293,11805,0,0,578488,INR,2026-08-12T07:08:00Z,BATCH-SWIG-0637
PO_B10_000638,BillDesk Settlement,FLPK-INV-685198 PO_B10_000638,160106,3722,0,0,156384,INR,2026-08-11T23:24:00Z,BATCH-FLPK-0638
PO_B10_000639,BillDesk Settlement,BBAS-ORD-701643 BBAS-ORD-118161 BATCH-BBAS-0639,287522,5750,0,0,281772,INR,2026-08-12T14:52:00Z,BATCH-BBAS-0639
PO_B10_000640,Stripe India,MMTR-INV-566685 PO_B10_000640,310142,5422,0,0,304720,INR,2026-08-12T14:46:00Z,BATCH-MMTR-0640
PO_B10_000641,Razorpay Nodal,JIOO-ORD-733352 JIOO-ORD-497936 BATCH-JIOO-0641,266482,5329,0,0,261153,INR,2026-08-12T12:09:00Z,BATCH-JIOO-0641
PO_B10_000642,PayU Enterprise,AMZN-INV-986631 PO_B10_000642,143648,2256,0,0,141392,INR,2026-08-11T17:30:00Z,BATCH-AMZN-0642
PO_B10_000643,Cashfree Escrow,ZOMA-INV-976301 PO_B10_000643,423334,7944,0,0,415390,INR,2026-08-12T01:06:00Z,BATCH-ZOMA-0643
PO_B10_000644,Cashfree Escrow,SWIG-INV-409111 PO_B10_000644,144542,3475,0,0,141067,INR,2026-08-13T01:43:00Z,BATCH-SWIG-0644
PO_B10_000645,PayU Enterprise,PAYT-INV-177269 PO_B10_000645,157330,2858,0,0,154472,INR,2026-08-12T01:58:00Z,BATCH-PAYT-0645
PO_B10_000646,Stripe India,PAYT-INV-765760 PO_B10_000646,111983,2244,0,0,109739,INR,2026-08-11T17:57:00Z,BATCH-PAYT-0646
PO_B10_000647,Razorpay Nodal,PHNP-INV-436613 PO_B10_000647,119522,2052,0,0,117470,INR,2026-08-12T00:05:00Z,BATCH-PHNP-0647
PO_B10_000648,Stripe India,MMTR-EXC-961082-UNRESOLVED,100507,2000,0,0,98507,INR,2026-08-12T12:00:00Z,HOLD-ESCROW
PO_B10_000649,Stripe India,MYNT-ORD-308508 MYNT-ORD-363527 MYNT-ORD-233015 BATCH-MYNT-0649,330598,6611,0,0,323987,INR,2026-08-12T06:07:00Z,BATCH-MYNT-0649
PO_B10_000650,Cashfree Escrow,SWIG-INV-978022 PO_B10_000650,209345,4820,0,0,204525,INR,2026-08-12T14:01:00Z,BATCH-SWIG-0650
PO_B10_000651,PayU Enterprise,BKMS-INV-190832 PO_B10_000651,348608,5323,0,0,343285,INR,2026-08-12T14:31:00Z,BATCH-BKMS-0651
PO_B10_000652,BillDesk Settlement,ZOMA-INV-885495 PO_B10_000652,256925,5313,0,0,251612,INR,2026-08-12T14:46:00Z,BATCH-ZOMA-0652
PO_B10_000653,BillDesk Settlement,MMTR-EXC-117974-UNRESOLVED,59478,1179,0,0,58299,INR,2026-08-12T20:05:00Z,HOLD-ESCROW
PO_B10_000654,Stripe India,PHNP-INV-346328 PO_B10_000654,205932,4122,0,0,201810,INR,2026-08-11T19:06:00Z,BATCH-PHNP-0654
PO_B10_000655,BillDesk Settlement,MYNT-INV-672146 PO_B10_000655,48164,1012,0,0,47152,INR,2026-08-11T21:59:00Z,BATCH-MYNT-0655
PO_B10_000656,Stripe India,OLAA-INV-817399 PO_B10_000656,255219,4199,0,0,251020,INR,2026-08-12T01:53:00Z,BATCH-OLAA-0656
PO_B10_000657,Cashfree Escrow,BKMS-INV-151449 PO_B10_000657,379733,8906,0,0,370827,INR,2026-08-12T00:50:00Z,BATCH-BKMS-0657
PO_B10_000658,PayU Enterprise,UBER-ORD-524486 UBER-ORD-258444 UBER-ORD-345975 BATCH-UBER-0658,636470,12729,0,0,623741,INR,2026-08-12T11:16:00Z,BATCH-UBER-0658
PO_B10_000659,BillDesk Settlement,JIOO-INV-639345 PO_B10_000659,233463,5020,0,0,228443,INR,2026-08-12T08:31:00Z,BATCH-JIOO-0659
PO_B10_000660,Cashfree Escrow,MMTR-INV-597345 PO_B10_000660,115806,1848,0,0,113958,INR,2026-08-12T12:31:00Z,BATCH-MMTR-0660
PO_B10_000661,Razorpay Nodal,PHNP-INV-175405 PO_B10_000661,26939,567,0,0,26372,INR,2026-08-12T05:38:00Z,BATCH-PHNP-0661
PO_B10_000662,PayU Enterprise,PHNP-INV-739271 PO_B10_000662,165984,3293,0,0,162691,INR,2026-08-12T22:59:00Z,BATCH-PHNP-0662
PO_B10_000663,PayU Enterprise,JIOO-INV-750390 PO_B10_000663,270302,5063,0,0,265239,INR,2026-08-12T19:17:00Z,BATCH-JIOO-0663
PO_B10_000664,Cashfree Escrow,BBAS-INV-193129 PO_B10_000664,343689,8133,0,0,335556,INR,2026-08-12T06:24:00Z,BATCH-BBAS-0664
PO_B10_000665,PayU Enterprise,MYNT-INV-537516 PO_B10_000665,215431,3652,0,0,211779,INR,2026-08-12T13:51:00Z,BATCH-MYNT-0665
PO_B10_000666,PayU Enterprise,SWIG-INV-813381 PO_B10_000666,161317,3289,0,0,158028,INR,2026-08-13T01:24:00Z,BATCH-SWIG-0666
PO_B10_000667,Cashfree Escrow,SWIG-INV-222004 PO_B10_000667,364209,8460,0,0,355749,INR,2026-08-12T09:26:00Z,BATCH-SWIG-0667
PO_B10_000668,BillDesk Settlement,ZOMA-INV-266688 PO_B10_000668,155957,3788,0,0,152169,INR,2026-08-12T03:52:00Z,BATCH-ZOMA-0668
PO_B10_000669,PayU Enterprise,BBAS-ORD-655560 BBAS-ORD-657947 BATCH-BBAS-0669,304638,6092,0,0,298546,INR,2026-08-12T00:07:00Z,BATCH-BBAS-0669
PO_B10_000670,BillDesk Settlement,SWIG-ORD-870755 SWIG-ORD-489048 BATCH-SWIG-0670,82198,1643,0,0,80555,INR,2026-08-12T11:57:00Z,BATCH-SWIG-0670
PO_B10_000671,Razorpay Nodal,PHNP-INV-503349 PO_B10_000671,435376,9295,0,0,426081,INR,2026-08-12T02:54:00Z,BATCH-PHNP-0671
PO_B10_000672,Stripe India,SWIG-INV-524956 PO_B10_000672,291539,6493,0,0,285046,INR,2026-08-11T18:58:00Z,BATCH-SWIG-0672
PO_B10_000673,Stripe India,PHNP-ORD-829782 PHNP-ORD-407086 BATCH-PHNP-0673,203798,4075,0,0,199723,INR,2026-08-12T03:05:00Z,BATCH-PHNP-0673
PO_B10_000674,PayU Enterprise,PAYT-INV-561421 PO_B10_000674,431634,7514,0,0,424120,INR,2026-08-11T17:53:00Z,BATCH-PAYT-0674
PO_B10_000675,Stripe India,UBER-INV-794572 PO_B10_000675,142122,3488,0,0,138634,INR,2026-08-12T10:36:00Z,BATCH-UBER-0675
PO_B10_000676,BillDesk Settlement,OLAA-INV-385307 PO_B10_000676,243339,4135,0,0,239204,INR,2026-08-12T08:09:00Z,BATCH-OLAA-0676
PO_B10_000677,Cashfree Escrow,PAYT-ORD-293288 PAYT-ORD-406105 PAYT-ORD-143582 BATCH-PAYT-0677,193143,3862,0,0,189281,INR,2026-08-11T23:44:00Z,BATCH-PAYT-0677
PO_B10_000678,PayU Enterprise,FLPK-ORD-335663 FLPK-ORD-632041 BATCH-FLPK-0678,117454,2349,0,0,115105,INR,2026-08-12T10:29:00Z,BATCH-FLPK-0678
PO_B10_000679,Stripe India,PAYT-INV-724680 PO_B10_000679,137653,2576,0,0,135077,INR,2026-08-11T21:56:00Z,BATCH-PAYT-0679
PO_B10_000680,Cashfree Escrow,ZOMA-INV-208376 PO_B10_000680,378493,7581,0,0,370912,INR,2026-08-12T08:12:00Z,BATCH-ZOMA-0680
PO_B10_000681,Cashfree Escrow,UBER-ORD-667587 UBER-ORD-821040 BATCH-UBER-0681,372428,7448,0,0,364980,INR,2026-08-12T03:45:00Z,BATCH-UBER-0681
PO_B10_000682,Stripe India,PHNP-INV-920034 PO_B10_000682,381264,8465,0,0,372799,INR,2026-08-12T08:19:00Z,BATCH-PHNP-0682
PO_B10_000683,PayU Enterprise,MYNT-INV-267831 PO_B10_000683,332729,5346,0,0,327383,INR,2026-08-12T11:44:00Z,BATCH-MYNT-0683
PO_B10_000684,PayU Enterprise,BKMS-INV-945482 PO_B10_000684,83892,1373,0,0,82519,INR,2026-08-12T17:19:00Z,BATCH-BKMS-0684
PO_B10_000685,PayU Enterprise,PAYT-INV-345809 PO_B10_000685,283490,4267,0,0,279223,INR,2026-08-12T21:25:00Z,BATCH-PAYT-0685
PO_B10_000686,Stripe India,TATA-INV-131845 PO_B10_000686,62850,1337,0,0,61513,INR,2026-08-12T09:26:00Z,BATCH-TATA-0686
PO_B10_000687,PayU Enterprise,AMZN-INV-762460 PO_B10_000687,189335,3921,0,0,185414,INR,2026-08-12T17:06:00Z,BATCH-AMZN-0687
PO_B10_000688,BillDesk Settlement,PAYT-INV-190893 PO_B10_000688,220617,3592,0,0,217025,INR,2026-08-12T20:59:00Z,BATCH-PAYT-0688
PO_B10_000689,Stripe India,TATA-INV-887863 PO_B10_000689,180570,4327,0,0,176243,INR,2026-08-12T00:12:00Z,BATCH-TATA-0689
PO_B10_000690,PayU Enterprise,PHNP-ORD-931764 PHNP-ORD-999577 BATCH-PHNP-0690,158592,3171,0,0,155421,INR,2026-08-12T05:21:00Z,BATCH-PHNP-0690
PO_B10_000691,Stripe India,PHNP-EXC-701280-UNRESOLVED,164637,3282,0,0,161355,INR,2026-08-12T10:51:00Z,HOLD-ESCROW
PO_B10_000692,BillDesk Settlement,OLAA-INV-453538 PO_B10_000692,37017,894,0,0,36123,INR,2026-08-12T12:30:00Z,BATCH-OLAA-0692
PO_B10_000693,Razorpay Nodal,TATA-ORD-881152 TATA-ORD-236807 BATCH-TATA-0693,295498,5909,0,0,289589,INR,2026-08-12T14:19:00Z,BATCH-TATA-0693
PO_B10_000694,PayU Enterprise,MMTR-INV-946657 PO_B10_000694,159589,2480,0,0,157109,INR,2026-08-11T23:56:00Z,BATCH-MMTR-0694
PO_B10_000695,PayU Enterprise,OLAA-INV-129199 PO_B10_000695,75332,1352,0,0,73980,INR,2026-08-11T22:21:00Z,BATCH-OLAA-0695
PO_B10_000696,PayU Enterprise,BKMS-ORD-280442 BKMS-ORD-276799 BKMS-ORD-144028 BATCH-BKMS-0696,492501,9850,0,0,482651,INR,2026-08-12T20:40:00Z,BATCH-BKMS-0696
PO_B10_000697,Razorpay Nodal,SWIG-INV-433205 PO_B10_000697,238631,4468,0,0,234163,INR,2026-08-12T13:22:00Z,BATCH-SWIG-0697
PO_B10_000698,PayU Enterprise,JIOO-ORD-441779 JIOO-ORD-481572 BATCH-JIOO-0698,395871,7917,0,0,387954,INR,2026-08-12T13:42:00Z,BATCH-JIOO-0698
PO_B10_000699,Cashfree Escrow,NYKA-EXC-820212-UNRESOLVED,71683,1423,0,0,70260,INR,2026-08-13T00:18:00Z,HOLD-ESCROW
PO_B10_000700,Stripe India,MYNT-INV-854191 PO_B10_000700,187434,3255,0,0,184179,INR,2026-08-12T00:43:00Z,BATCH-MYNT-0700
PO_B10_000701,Cashfree Escrow,BBAS-INV-495196 PO_B10_000701,382015,7555,0,0,374460,INR,2026-08-12T04:26:00Z,BATCH-BBAS-0701
PO_B10_000702,PayU Enterprise,OLAA-INV-220706 PO_B10_000702,55985,887,0,0,55098,INR,2026-08-12T13:37:00Z,BATCH-OLAA-0702
PO_B10_000703,PayU Enterprise,BLNK-INV-772595 PO_B10_000703,263901,5130,0,0,258771,INR,2026-08-12T11:01:00Z,BATCH-BLNK-0703
PO_B10_000704,BillDesk Settlement,BLNK-ORD-331215 BLNK-ORD-918882 BATCH-BLNK-0704,331663,6633,0,0,325030,INR,2026-08-12T02:31:00Z,BATCH-BLNK-0704
PO_B10_000705,PayU Enterprise,ZOMA-INV-376620 PO_B10_000705,81884,1886,0,0,79998,INR,2026-08-11T23:31:00Z,BATCH-ZOMA-0705
PO_B10_000706,Cashfree Escrow,FLPK-ORD-694867 FLPK-ORD-989276 BATCH-FLPK-0706,210110,4202,0,0,205908,INR,2026-08-12T05:19:00Z,BATCH-FLPK-0706
PO_B10_000707,PayU Enterprise,TATA-EXC-443612-UNRESOLVED,263844,5266,0,0,258578,INR,2026-08-13T07:18:00Z,HOLD-ESCROW
PO_B10_000708,Razorpay Nodal,BKMS-INV-227364 PO_B10_000708,90537,2245,0,0,88292,INR,2026-08-11T23:37:00Z,BATCH-BKMS-0708
PO_B10_000709,Stripe India,SWIG-INV-628495 PO_B10_000709,429164,8213,0,0,420951,INR,2026-08-12T14:49:00Z,BATCH-SWIG-0709
PO_B10_000710,Razorpay Nodal,OLAA-ORD-108279 OLAA-ORD-578025 OLAA-ORD-221581 BATCH-OLAA-0710,324707,6494,0,0,318213,INR,2026-08-12T19:40:00Z,BATCH-OLAA-0710
PO_B10_000711,Stripe India,AMZN-INV-941674 PO_B10_000711,209746,3976,0,0,205770,INR,2026-08-12T06:46:00Z,BATCH-AMZN-0711
PO_B10_000712,Razorpay Nodal,AMZN-INV-251379 PO_B10_000712,154116,2548,0,0,151568,INR,2026-08-12T06:06:00Z,BATCH-AMZN-0712
PO_B10_000713,Cashfree Escrow,BBAS-INV-360897 PO_B10_000713,341335,5326,0,0,336009,INR,2026-08-12T20:00:00Z,BATCH-BBAS-0713
PO_B10_000714,BillDesk Settlement,PHNP-INV-820736 PO_B10_000714,242428,4082,0,0,238346,INR,2026-08-11T20:50:00Z,BATCH-PHNP-0714
PO_B10_000715,BillDesk Settlement,BKMS-INV-369323 PO_B10_000715,96265,1922,0,0,94343,INR,2026-08-12T03:26:00Z,BATCH-BKMS-0715
PO_B10_000716,PayU Enterprise,ZOMA-INV-777011 PO_B10_000716,358683,6535,0,0,352148,INR,2026-08-12T03:24:00Z,BATCH-ZOMA-0716
PO_B10_000717,BillDesk Settlement,MYNT-INV-377359 PO_B10_000717,114715,2850,0,0,111865,INR,2026-08-11T18:07:00Z,BATCH-MYNT-0717
PO_B10_000718,Cashfree Escrow,TATA-INV-813496 PO_B10_000718,50891,787,0,0,50104,INR,2026-08-12T04:50:00Z,BATCH-TATA-0718
PO_B10_000719,Stripe India,PHNP-EXC-635101-UNRESOLVED,157298,3135,0,0,154163,INR,2026-08-12T18:23:00Z,HOLD-ESCROW
PO_B10_000720,Cashfree Escrow,PAYT-INV-283179 PO_B10_000720,187141,4411,0,0,182730,INR,2026-08-11T13:56:00Z,BATCH-PAYT-0720
PO_B10_000721,BillDesk Settlement,SWIG-ORD-973643 SWIG-ORD-549333 BATCH-SWIG-0721,443250,8865,0,0,434385,INR,2026-08-12T12:12:00Z,BATCH-SWIG-0721
PO_B10_000722,Cashfree Escrow,OLAA-INV-998628 PO_B10_000722,115672,2050,0,0,113622,INR,2026-08-12T03:45:00Z,BATCH-OLAA-0722
PO_B10_000723,PayU Enterprise,OLAA-EXC-130767-UNRESOLVED,285739,5704,0,0,280035,INR,2026-08-13T01:50:00Z,HOLD-ESCROW
PO_B10_000724,Cashfree Escrow,SWIG-ORD-294772 SWIG-ORD-890390 SWIG-ORD-261611 BATCH-SWIG-0724,559805,11196,0,0,548609,INR,2026-08-12T03:26:00Z,BATCH-SWIG-0724
PO_B10_000725,Cashfree Escrow,BBAS-INV-181023 PO_B10_000725,91818,2127,0,0,89691,INR,2026-08-11T17:25:00Z,BATCH-BBAS-0725
PO_B10_000726,Stripe India,MYNT-ORD-312977 MYNT-ORD-415043 BATCH-MYNT-0726,280285,5605,0,0,274680,INR,2026-08-12T14:35:00Z,BATCH-MYNT-0726
PO_B10_000727,BillDesk Settlement,NYKA-EXC-539258-UNRESOLVED,234244,4674,0,0,229570,INR,2026-08-13T03:05:00Z,HOLD-ESCROW
PO_B10_000728,Stripe India,PAYT-ORD-143930 PAYT-ORD-793214 PAYT-ORD-977305 BATCH-PAYT-0728,503467,10069,0,0,493398,INR,2026-08-11T23:41:00Z,BATCH-PAYT-0728
PO_B10_000729,PayU Enterprise,JIOO-INV-325689 PO_B10_000729,111068,2737,0,0,108331,INR,2026-08-12T04:17:00Z,BATCH-JIOO-0729
PO_B10_000730,BillDesk Settlement,UBER-ORD-101009 UBER-ORD-985679 BATCH-UBER-0730,437446,8748,0,0,428698,INR,2026-08-12T04:12:00Z,BATCH-UBER-0730
PO_B10_000731,Cashfree Escrow,BKMS-INV-576047 PO_B10_000731,214628,4193,0,0,210435,INR,2026-08-12T10:02:00Z,BATCH-BKMS-0731
PO_B10_000732,Cashfree Escrow,PAYT-INV-132370 PO_B10_000732,191955,3800,0,0,188155,INR,2026-08-12T09:09:00Z,BATCH-PAYT-0732
PO_B10_000733,Razorpay Nodal,TATA-INV-495719 PO_B10_000733,199131,4263,0,0,194868,INR,2026-08-11T21:18:00Z,BATCH-TATA-0733
PO_B10_000734,Cashfree Escrow,PHNP-ORD-376731 PHNP-ORD-624732 BATCH-PHNP-0734,322399,6447,0,0,315952,INR,2026-08-12T11:59:00Z,BATCH-PHNP-0734
PO_B10_000735,Cashfree Escrow,MYNT-ORD-492826 MYNT-ORD-705401 MYNT-ORD-493537 BATCH-MYNT-0735,347564,6951,0,0,340613,INR,2026-08-12T05:54:00Z,BATCH-MYNT-0735
PO_B10_000736,Stripe India,OLAA-INV-222163 PO_B10_000736,377571,6467,0,0,371104,INR,2026-08-12T05:49:00Z,BATCH-OLAA-0736
PO_B10_000737,Razorpay Nodal,SWIG-INV-985040 PO_B10_000737,187562,4165,0,0,183397,INR,2026-08-11T16:18:00Z,BATCH-SWIG-0737
PO_B10_000738,Cashfree Escrow,BKMS-INV-677457 PO_B10_000738,162733,4019,0,0,158714,INR,2026-08-12T20:38:00Z,BATCH-BKMS-0738
PO_B10_000739,Cashfree Escrow,ZOMA-INV-621160 PO_B10_000739,75675,1462,0,0,74213,INR,2026-08-12T03:56:00Z,BATCH-ZOMA-0739
PO_B10_000740,Cashfree Escrow,PHNP-INV-953160 PO_B10_000740,155894,3092,0,0,152802,INR,2026-08-11T21:25:00Z,BATCH-PHNP-0740
PO_B10_000741,Cashfree Escrow,BKMS-ORD-488936 BKMS-ORD-378726 BATCH-BKMS-0741,486379,9727,0,0,476652,INR,2026-08-11T21:02:00Z,BATCH-BKMS-0741
PO_B10_000742,Razorpay Nodal,JIOO-INV-240346 PO_B10_000742,441917,7123,0,0,434794,INR,2026-08-11T22:43:00Z,BATCH-JIOO-0742
PO_B10_000743,BillDesk Settlement,JIOO-ORD-314200 JIOO-ORD-327267 BATCH-JIOO-0743,236901,4738,0,0,232163,INR,2026-08-12T14:57:00Z,BATCH-JIOO-0743
PO_B10_000744,Cashfree Escrow,TATA-EXC-661629-UNRESOLVED,51214,1014,0,0,50200,INR,2026-08-12T12:03:00Z,HOLD-ESCROW
PO_B10_000745,PayU Enterprise,SWIG-ORD-176578 SWIG-ORD-428387 BATCH-SWIG-0745,260040,5200,0,0,254840,INR,2026-08-12T03:33:00Z,BATCH-SWIG-0745
PO_B10_000746,PayU Enterprise,UBER-INV-366849 PO_B10_000746,108002,2018,0,0,105984,INR,2026-08-12T16:50:00Z,BATCH-UBER-0746
PO_B10_000747,PayU Enterprise,BLNK-ORD-936296 BLNK-ORD-832901 BATCH-BLNK-0747,338311,6766,0,0,331545,INR,2026-08-12T04:33:00Z,BATCH-BLNK-0747
PO_B10_000748,Razorpay Nodal,OLAA-INV-796322 PO_B10_000748,163870,2902,0,0,160968,INR,2026-08-12T21:03:00Z,BATCH-OLAA-0748
PO_B10_000749,Stripe India,MMTR-ORD-233872 MMTR-ORD-357340 MMTR-ORD-615798 BATCH-MMTR-0749,552037,11040,0,0,540997,INR,2026-08-12T04:26:00Z,BATCH-MMTR-0749
PO_B10_000750,Cashfree Escrow,BKMS-INV-728114 PO_B10_000750,383890,9197,0,0,374693,INR,2026-08-12T15:59:00Z,BATCH-BKMS-0750
PO_B10_000751,Cashfree Escrow,FLPK-INV-509026 PO_B10_000751,212285,4503,0,0,207782,INR,2026-08-12T07:40:00Z,BATCH-FLPK-0751
PO_B10_000752,Stripe India,MYNT-EXC-693501-UNRESOLVED,186353,3717,0,0,182636,INR,2026-08-13T03:12:00Z,HOLD-ESCROW
PO_B10_000753,BillDesk Settlement,PHNP-ORD-137300 PHNP-ORD-634249 BATCH-PHNP-0753,205419,4108,0,0,201311,INR,2026-08-12T06:49:00Z,BATCH-PHNP-0753
PO_B10_000754,Stripe India,FLPK-ORD-610596 FLPK-ORD-228582 BATCH-FLPK-0754,226750,4535,0,0,222215,INR,2026-08-12T14:37:00Z,BATCH-FLPK-0754
PO_B10_000755,PayU Enterprise,PAYT-ORD-991887 PAYT-ORD-793527 BATCH-PAYT-0755,417097,8341,0,0,408756,INR,2026-08-12T08:59:00Z,BATCH-PAYT-0755
PO_B10_000756,PayU Enterprise,SWIG-INV-924357 PO_B10_000756,175594,4019,0,0,171575,INR,2026-08-12T05:26:00Z,BATCH-SWIG-0756
PO_B10_000757,PayU Enterprise,MMTR-INV-639319 PO_B10_000757,67125,1382,0,0,65743,INR,2026-08-12T10:46:00Z,BATCH-MMTR-0757
PO_B10_000758,BillDesk Settlement,BLNK-ORD-329739 BLNK-ORD-854416 BATCH-BLNK-0758,238373,4767,0,0,233606,INR,2026-08-12T00:27:00Z,BATCH-BLNK-0758
PO_B10_000759,PayU Enterprise,FLPK-EXC-207163-UNRESOLVED,155676,3103,0,0,152573,INR,2026-08-13T04:02:00Z,HOLD-ESCROW
PO_B10_000760,PayU Enterprise,PHNP-INV-985133 PO_B10_000760,224185,5256,0,0,218929,INR,2026-08-12T07:24:00Z,BATCH-PHNP-0760
PO_B10_000761,Cashfree Escrow,ZOMA-INV-132392 PO_B10_000761,444153,10200,0,0,433953,INR,2026-08-12T03:04:00Z,BATCH-ZOMA-0761
PO_B10_000762,Stripe India,MMTR-ORD-778267 MMTR-ORD-477576 BATCH-MMTR-0762,284284,5685,0,0,278599,INR,2026-08-12T11:52:00Z,BATCH-MMTR-0762
PO_B10_000763,Stripe India,PHNP-INV-277745 PO_B10_000763,128560,2505,0,0,126055,INR,2026-08-12T00:30:00Z,BATCH-PHNP-0763
PO_B10_000764,Razorpay Nodal,JIOO-INV-153231 PO_B10_000764,276655,5311,0,0,271344,INR,2026-08-12T02:12:00Z,BATCH-JIOO-0764
PO_B10_000765,BillDesk Settlement,BKMS-INV-340590 PO_B10_000765,175302,3988,0,0,171314,INR,2026-08-11T23:37:00Z,BATCH-BKMS-0765
PO_B10_000766,Stripe India,AMZN-INV-914341 PO_B10_000766,149242,2752,0,0,146490,INR,2026-08-12T20:02:00Z,BATCH-AMZN-0766
PO_B10_000767,Stripe India,TATA-ORD-769537 TATA-ORD-170880 BATCH-TATA-0767,440611,8812,0,0,431799,INR,2026-08-11T22:53:00Z,BATCH-TATA-0767
PO_B10_000768,BillDesk Settlement,BKMS-INV-198213 PO_B10_000768,196181,4872,0,0,191309,INR,2026-08-11T23:52:00Z,BATCH-BKMS-0768
PO_B10_000769,BillDesk Settlement,JIOO-ORD-524400 JIOO-ORD-649976 BATCH-JIOO-0769,355255,7105,0,0,348150,INR,2026-08-12T10:55:00Z,BATCH-JIOO-0769
PO_B10_000770,Stripe India,AMZN-ORD-814137 AMZN-ORD-249849 BATCH-AMZN-0770,157168,3143,0,0,154025,INR,2026-08-12T19:18:00Z,BATCH-AMZN-0770
PO_B10_000771,Razorpay Nodal,MMTR-INV-773259 PO_B10_000771,267633,4646,0,0,262987,INR,2026-08-12T04:13:00Z,BATCH-MMTR-0771
PO_B10_000772,Stripe India,TATA-ORD-802044 TATA-ORD-491501 BATCH-TATA-0772,310613,6212,0,0,304401,INR,2026-08-11T23:43:00Z,BATCH-TATA-0772
PO_B10_000773,Stripe India,FLPK-INV-427139 PO_B10_000773,213274,4543,0,0,208731,INR,2026-08-12T01:17:00Z,BATCH-FLPK-0773
PO_B10_000774,Stripe India,PHNP-INV-464065 PO_B10_000774,270358,6058,0,0,264300,INR,2026-08-12T05:33:00Z,BATCH-PHNP-0774
PO_B10_000775,Razorpay Nodal,SWIG-ORD-865574 SWIG-ORD-533003 SWIG-ORD-809817 BATCH-SWIG-0775,485296,9705,0,0,475591,INR,2026-08-12T16:55:00Z,BATCH-SWIG-0775
PO_B10_000776,PayU Enterprise,PAYT-EXC-437520-UNRESOLVED,104715,2084,0,0,102631,INR,2026-08-12T13:35:00Z,HOLD-ESCROW
PO_B10_000777,BillDesk Settlement,BLNK-ORD-372208 BLNK-ORD-675565 BATCH-BLNK-0777,266584,5331,0,0,261253,INR,2026-08-12T05:13:00Z,BATCH-BLNK-0777
PO_B10_000778,PayU Enterprise,BLNK-INV-417350 PO_B10_000778,416209,7450,0,0,408759,INR,2026-08-12T14:04:00Z,BATCH-BLNK-0778
PO_B10_000779,Razorpay Nodal,OLAA-ORD-931994 OLAA-ORD-870099 BATCH-OLAA-0779,435637,8712,0,0,426925,INR,2026-08-12T12:01:00Z,BATCH-OLAA-0779
PO_B10_000780,PayU Enterprise,MYNT-INV-502415 PO_B10_000780,222153,3649,0,0,218504,INR,2026-08-12T06:04:00Z,BATCH-MYNT-0780
PO_B10_000781,Stripe India,BKMS-INV-916491 PO_B10_000781,110798,2299,0,0,108499,INR,2026-08-11T16:28:00Z,BATCH-BKMS-0781
PO_B10_000782,Razorpay Nodal,BBAS-ORD-271118 BBAS-ORD-279467 BBAS-ORD-108702 BATCH-BBAS-0782,236893,4737,0,0,232156,INR,2026-08-12T00:33:00Z,BATCH-BBAS-0782
PO_B10_000783,BillDesk Settlement,BLNK-INV-617544 PO_B10_000783,386586,7534,0,0,379052,INR,2026-08-11T19:25:00Z,BATCH-BLNK-0783
PO_B10_000784,PayU Enterprise,TATA-INV-756806 PO_B10_000784,310930,6300,0,0,304630,INR,2026-08-11T19:39:00Z,BATCH-TATA-0784
PO_B10_000785,PayU Enterprise,TATA-ORD-459160 TATA-ORD-259621 BATCH-TATA-0785,445604,8912,0,0,436692,INR,2026-08-12T06:12:00Z,BATCH-TATA-0785
PO_B10_000786,Razorpay Nodal,UBER-INV-634917 PO_B10_000786,61260,1411,0,0,59849,INR,2026-08-12T18:36:00Z,BATCH-UBER-0786
PO_B10_000787,PayU Enterprise,BBAS-INV-691531 PO_B10_000787,149215,2314,0,0,146901,INR,2026-08-12T10:10:00Z,BATCH-BBAS-0787
PO_B10_000788,Cashfree Escrow,AMZN-ORD-954860 AMZN-ORD-930163 BATCH-AMZN-0788,398789,7975,0,0,390814,INR,2026-08-11T22:42:00Z,BATCH-AMZN-0788
PO_B10_000789,Stripe India,JIOO-INV-809597 PO_B10_000789,73181,1550,0,0,71631,INR,2026-08-12T18:25:00Z,BATCH-JIOO-0789
PO_B10_000790,Razorpay Nodal,MMTR-INV-727738 PO_B10_000790,164579,4075,0,0,160504,INR,2026-08-12T10:29:00Z,BATCH-MMTR-0790
PO_B10_000791,Stripe India,MYNT-INV-624181 PO_B10_000791,438462,8298,0,0,430164,INR,2026-08-12T19:52:00Z,BATCH-MYNT-0791
PO_B10_000792,BillDesk Settlement,SWIG-INV-791631 PO_B10_000792,129450,2036,0,0,127414,INR,2026-08-12T04:29:00Z,BATCH-SWIG-0792
PO_B10_000793,PayU Enterprise,BBAS-INV-513943 PO_B10_000793,267560,6124,0,0,261436,INR,2026-08-11T22:26:00Z,BATCH-BBAS-0793
PO_B10_000794,Razorpay Nodal,MMTR-INV-858553 PO_B10_000794,246983,5225,0,0,241758,INR,2026-08-12T17:23:00Z,BATCH-MMTR-0794
PO_B10_000795,Cashfree Escrow,BBAS-ORD-424287 BBAS-ORD-424016 BATCH-BBAS-0795,379257,7585,0,0,371672,INR,2026-08-12T16:13:00Z,BATCH-BBAS-0795
PO_B10_000796,PayU Enterprise,JIOO-INV-355498 PO_B10_000796,306383,6775,0,0,299608,INR,2026-08-12T10:16:00Z,BATCH-JIOO-0796
PO_B10_000797,Razorpay Nodal,OLAA-INV-257618 PO_B10_000797,87718,1405,0,0,86313,INR,2026-08-12T05:01:00Z,BATCH-OLAA-0797
PO_B10_000798,PayU Enterprise,UBER-INV-865235 PO_B10_000798,124379,2580,0,0,121799,INR,2026-08-11T15:11:00Z,BATCH-UBER-0798
PO_B10_000799,PayU Enterprise,AMZN-INV-139602 PO_B10_000799,387683,7973,0,0,379710,INR,2026-08-13T00:22:00Z,BATCH-AMZN-0799
PO_B10_000800,PayU Enterprise,FLPK-ORD-809339 FLPK-ORD-952161 BATCH-FLPK-0800,340598,6811,0,0,333787,INR,2026-08-12T00:00:00Z,BATCH-FLPK-0800
PO_B10_000801,Cashfree Escrow,SWIG-ORD-289593 SWIG-ORD-387119 SWIG-ORD-787549 BATCH-SWIG-0801,449096,8981,0,0,440115,INR,2026-08-12T05:19:00Z,BATCH-SWIG-0801
PO_B10_000802,PayU Enterprise,NYKA-INV-283031 PO_B10_000802,367055,6369,0,0,360686,INR,2026-08-12T08:56:00Z,BATCH-NYKA-0802
PO_B10_000803,Stripe India,BLNK-ORD-161335 BLNK-ORD-730087 BATCH-BLNK-0803,313669,6273,0,0,307396,INR,2026-08-12T20:29:00Z,BATCH-BLNK-0803
PO_B10_000804,Razorpay Nodal,BLNK-INV-121419 PO_B10_000804,81822,1815,0,0,80007,INR,2026-08-12T07:47:00Z,BATCH-BLNK-0804
PO_B10_000805,Cashfree Escrow,PHNP-ORD-966257 PHNP-ORD-438810 BATCH-PHNP-0805,399457,7989,0,0,391468,INR,2026-08-11T21:53:00Z,BATCH-PHNP-0805
PO_B10_000806,Stripe India,SWIG-INV-609238 PO_B10_000806,83783,1947,0,0,81836,INR,2026-08-12T08:40:00Z,BATCH-SWIG-0806
PO_B10_000807,Razorpay Nodal,BKMS-INV-244097 PO_B10_000807,93827,1545,0,0,92282,INR,2026-08-11T18:17:00Z,BATCH-BKMS-0807
PO_B10_000808,Cashfree Escrow,TATA-ORD-338571 TATA-ORD-165881 TATA-ORD-960035 BATCH-TATA-0808,502297,10045,0,0,492252,INR,2026-08-12T04:33:00Z,BATCH-TATA-0808
PO_B10_000809,Cashfree Escrow,UBER-EXC-907264-UNRESOLVED,158627,3162,0,0,155465,INR,2026-08-13T03:19:00Z,HOLD-ESCROW
PO_B10_000810,BillDesk Settlement,BLNK-INV-535045 PO_B10_000810,422519,7657,0,0,414862,INR,2026-08-12T02:47:00Z,BATCH-BLNK-0810
PO_B10_000811,BillDesk Settlement,MMTR-ORD-552173 MMTR-ORD-780038 MMTR-ORD-251888 BATCH-MMTR-0811,522225,10444,0,0,511781,INR,2026-08-12T00:05:00Z,BATCH-MMTR-0811
PO_B10_000812,Cashfree Escrow,AMZN-INV-570995 PO_B10_000812,425488,9484,0,0,416004,INR,2026-08-12T05:01:00Z,BATCH-AMZN-0812
PO_B10_000813,Stripe India,BKMS-ORD-152806 BKMS-ORD-135703 BKMS-ORD-568030 BATCH-BKMS-0813,292111,5842,0,0,286269,INR,2026-08-12T01:29:00Z,BATCH-BKMS-0813
PO_B10_000814,Razorpay Nodal,JIOO-ORD-145020 JIOO-ORD-716622 JIOO-ORD-511403 BATCH-JIOO-0814,513514,10270,0,0,503244,INR,2026-08-12T01:28:00Z,BATCH-JIOO-0814
PO_B10_000815,Stripe India,BLNK-ORD-486919 BLNK-ORD-667844 BATCH-BLNK-0815,122415,2448,0,0,119967,INR,2026-08-12T05:43:00Z,BATCH-BLNK-0815
PO_B10_000816,PayU Enterprise,JIOO-ORD-767959 JIOO-ORD-125147 JIOO-ORD-652277 BATCH-JIOO-0816,366113,7322,0,0,358791,INR,2026-08-12T05:07:00Z,BATCH-JIOO-0816
PO_B10_000817,Cashfree Escrow,BLNK-INV-879305 PO_B10_000817,232262,4810,0,0,227452,INR,2026-08-12T11:06:00Z,BATCH-BLNK-0817
PO_B10_000818,Stripe India,FLPK-INV-228714 PO_B10_000818,111963,2332,0,0,109631,INR,2026-08-12T16:51:00Z,BATCH-FLPK-0818
PO_B10_000819,Stripe India,OLAA-ORD-796576 OLAA-ORD-974964 OLAA-ORD-406900 BATCH-OLAA-0819,472810,9456,0,0,463354,INR,2026-08-12T05:19:00Z,BATCH-OLAA-0819
PO_B10_000820,BillDesk Settlement,BKMS-INV-840645 PO_B10_000820,365838,6807,0,0,359031,INR,2026-08-12T01:54:00Z,BATCH-BKMS-0820
PO_B10_000821,Cashfree Escrow,BLNK-INV-729556 PO_B10_000821,280291,5660,0,0,274631,INR,2026-08-12T03:26:00Z,BATCH-BLNK-0821
PO_B10_000822,BillDesk Settlement,PAYT-INV-450650 PO_B10_000822,381639,8976,0,0,372663,INR,2026-08-12T10:05:00Z,BATCH-PAYT-0822
PO_B10_000823,Stripe India,PHNP-EXC-655243-UNRESOLVED,125429,2498,0,0,122931,INR,2026-08-12T09:36:00Z,HOLD-ESCROW
PO_B10_000824,Stripe India,MMTR-ORD-992109 MMTR-ORD-699870 BATCH-MMTR-0824,54509,1090,0,0,53419,INR,2026-08-12T12:05:00Z,BATCH-MMTR-0824
PO_B10_000825,PayU Enterprise,BBAS-INV-499778 PO_B10_000825,421461,9726,0,0,411735,INR,2026-08-12T10:34:00Z,BATCH-BBAS-0825
PO_B10_000826,PayU Enterprise,BKMS-INV-887545 PO_B10_000826,322784,5383,0,0,317401,INR,2026-08-12T08:43:00Z,BATCH-BKMS-0826
PO_B10_000827,BillDesk Settlement,UBER-INV-199808 PO_B10_000827,295028,5337,0,0,289691,INR,2026-08-11T19:29:00Z,BATCH-UBER-0827
PO_B10_000828,Razorpay Nodal,BLNK-INV-346517 PO_B10_000828,362396,8963,0,0,353433,INR,2026-08-12T15:44:00Z,BATCH-BLNK-0828
PO_B10_000829,PayU Enterprise,MMTR-INV-720679 PO_B10_000829,392204,8583,0,0,383621,INR,2026-08-12T14:51:00Z,BATCH-MMTR-0829
PO_B10_000830,PayU Enterprise,NYKA-INV-298823 PO_B10_000830,30519,596,0,0,29923,INR,2026-08-11T22:08:00Z,BATCH-NYKA-0830
PO_B10_000831,Cashfree Escrow,BLNK-INV-405166 PO_B10_000831,336007,5297,0,0,330710,INR,2026-08-12T00:59:00Z,BATCH-BLNK-0831
PO_B10_000832,BillDesk Settlement,BLNK-INV-300430 PO_B10_000832,82878,1273,0,0,81605,INR,2026-08-11T22:38:00Z,BATCH-BLNK-0832
PO_B10_000833,Cashfree Escrow,FLPK-ORD-185377 FLPK-ORD-613977 BATCH-FLPK-0833,359072,7181,0,0,351891,INR,2026-08-12T03:15:00Z,BATCH-FLPK-0833
PO_B10_000834,Stripe India,UBER-ORD-338905 UBER-ORD-508466 BATCH-UBER-0834,173965,3479,0,0,170486,INR,2026-08-12T00:48:00Z,BATCH-UBER-0834
PO_B10_000835,BillDesk Settlement,SWIG-ORD-768266 SWIG-ORD-560979 BATCH-SWIG-0835,257964,5159,0,0,252805,INR,2026-08-12T20:12:00Z,BATCH-SWIG-0835
PO_B10_000836,PayU Enterprise,MYNT-INV-281025 PO_B10_000836,61472,1347,0,0,60125,INR,2026-08-12T00:51:00Z,BATCH-MYNT-0836
PO_B10_000837,BillDesk Settlement,AMZN-ORD-890661 AMZN-ORD-353650 BATCH-AMZN-0837,230382,4607,0,0,225775,INR,2026-08-12T13:12:00Z,BATCH-AMZN-0837
PO_B10_000838,Cashfree Escrow,AMZN-INV-333550 PO_B10_000838,231306,5060,0,0,226246,INR,2026-08-12T00:25:00Z,BATCH-AMZN-0838
PO_B10_000839,Stripe India,UBER-INV-317617 PO_B10_000839,37803,666,0,0,37137,INR,2026-08-11T22:31:00Z,BATCH-UBER-0839
PO_B10_000840,Razorpay Nodal,UBER-INV-112288 PO_B10_000840,384080,6753,0,0,377327,INR,2026-08-12T08:41:00Z,BATCH-UBER-0840
PO_B10_000841,Cashfree Escrow,JIOO-INV-372072 PO_B10_000841,45655,909,0,0,44746,INR,2026-08-12T04:52:00Z,BATCH-JIOO-0841
PO_B10_000842,PayU Enterprise,BBAS-INV-369007 PO_B10_000842,424937,7277,0,0,417660,INR,2026-08-12T04:49:00Z,BATCH-BBAS-0842
PO_B10_000843,Stripe India,JIOO-INV-702378 PO_B10_000843,52261,1234,0,0,51027,INR,2026-08-12T16:20:00Z,BATCH-JIOO-0843
PO_B10_000844,BillDesk Settlement,MYNT-INV-944212 PO_B10_000844,416813,9564,0,0,407249,INR,2026-08-12T11:52:00Z,BATCH-MYNT-0844
PO_B10_000845,BillDesk Settlement,TATA-INV-655304 PO_B10_000845,387690,8917,0,0,378773,INR,2026-08-12T17:27:00Z,BATCH-TATA-0845
PO_B10_000846,Razorpay Nodal,MMTR-INV-593013 PO_B10_000846,32016,795,0,0,31221,INR,2026-08-12T13:25:00Z,BATCH-MMTR-0846
PO_B10_000847,PayU Enterprise,SWIG-INV-794476 PO_B10_000847,420418,9552,0,0,410866,INR,2026-08-12T12:15:00Z,BATCH-SWIG-0847
PO_B10_000848,BillDesk Settlement,BKMS-INV-246495 PO_B10_000848,399865,6425,0,0,393440,INR,2026-08-12T07:07:00Z,BATCH-BKMS-0848
PO_B10_000849,BillDesk Settlement,PAYT-INV-913247 PO_B10_000849,299684,5719,0,0,293965,INR,2026-08-11T19:44:00Z,BATCH-PAYT-0849
PO_B10_000850,BillDesk Settlement,BBAS-INV-473857 PO_B10_000850,44041,1040,0,0,43001,INR,2026-08-12T03:49:00Z,BATCH-BBAS-0850
PO_B10_000851,Razorpay Nodal,JIOO-INV-560113 PO_B10_000851,200470,4344,0,0,196126,INR,2026-08-12T10:40:00Z,BATCH-JIOO-0851
PO_B10_000852,Razorpay Nodal,UBER-ORD-724267 UBER-ORD-723657 UBER-ORD-417890 BATCH-UBER-0852,212330,4246,0,0,208084,INR,2026-08-12T12:24:00Z,BATCH-UBER-0852
PO_B10_000853,Stripe India,AMZN-ORD-629062 AMZN-ORD-991080 AMZN-ORD-384467 BATCH-AMZN-0853,601509,12030,0,0,589479,INR,2026-08-11T21:41:00Z,BATCH-AMZN-0853
PO_B10_000854,Stripe India,NYKA-INV-770497 PO_B10_000854,361247,6007,0,0,355240,INR,2026-08-12T04:21:00Z,BATCH-NYKA-0854
PO_B10_000855,Razorpay Nodal,OLAA-ORD-576126 OLAA-ORD-435775 BATCH-OLAA-0855,336197,6723,0,0,329474,INR,2026-08-11T23:36:00Z,BATCH-OLAA-0855
PO_B10_000856,Razorpay Nodal,SWIG-INV-696575 PO_B10_000856,80904,1834,0,0,79070,INR,2026-08-12T15:02:00Z,BATCH-SWIG-0856
PO_B10_000857,Cashfree Escrow,BKMS-INV-112218 PO_B10_000857,68334,1471,0,0,66863,INR,2026-08-12T04:15:00Z,BATCH-BKMS-0857
PO_B10_000858,Stripe India,TATA-INV-433754 PO_B10_000858,409489,9148,0,0,400341,INR,2026-08-12T04:19:00Z,BATCH-TATA-0858
PO_B10_000859,Cashfree Escrow,BLNK-ORD-387030 BLNK-ORD-255086 BATCH-BLNK-0859,166893,3337,0,0,163556,INR,2026-08-12T15:04:00Z,BATCH-BLNK-0859
PO_B10_000860,BillDesk Settlement,PAYT-ORD-354816 PAYT-ORD-676488 BATCH-PAYT-0860,177137,3542,0,0,173595,INR,2026-08-12T03:29:00Z,BATCH-PAYT-0860
PO_B10_000861,PayU Enterprise,NYKA-INV-754499 PO_B10_000861,140528,2515,0,0,138013,INR,2026-08-12T23:00:00Z,BATCH-NYKA-0861
PO_B10_000862,PayU Enterprise,MMTR-INV-387516 PO_B10_000862,63205,1450,0,0,61755,INR,2026-08-12T06:49:00Z,BATCH-MMTR-0862
PO_B10_000863,BillDesk Settlement,MYNT-ORD-960121 MYNT-ORD-726682 BATCH-MYNT-0863,402241,8044,0,0,394197,INR,2026-08-12T10:14:00Z,BATCH-MYNT-0863
PO_B10_000864,Cashfree Escrow,OLAA-ORD-696828 OLAA-ORD-316959 OLAA-ORD-988958 BATCH-OLAA-0864,476055,9521,0,0,466534,INR,2026-08-11T21:54:00Z,BATCH-OLAA-0864
PO_B10_000865,Razorpay Nodal,NYKA-INV-390914 PO_B10_000865,237898,5415,0,0,232483,INR,2026-08-11T22:31:00Z,BATCH-NYKA-0865
PO_B10_000866,Stripe India,OLAA-INV-866177 PO_B10_000866,97231,1479,0,0,95752,INR,2026-08-12T15:08:00Z,BATCH-OLAA-0866
PO_B10_000867,Razorpay Nodal,BLNK-INV-262635 PO_B10_000867,175271,3933,0,0,171338,INR,2026-08-12T13:39:00Z,BATCH-BLNK-0867
PO_B10_000868,Stripe India,SWIG-INV-596728 PO_B10_000868,54383,883,0,0,53500,INR,2026-08-12T17:38:00Z,BATCH-SWIG-0868
PO_B10_000869,BillDesk Settlement,TATA-INV-704663 PO_B10_000869,243082,6037,0,0,237045,INR,2026-08-12T10:29:00Z,BATCH-TATA-0869
PO_B10_000870,Razorpay Nodal,FLPK-INV-964033 PO_B10_000870,84605,1786,0,0,82819,INR,2026-08-12T00:10:00Z,BATCH-FLPK-0870
PO_B10_000871,BillDesk Settlement,TATA-INV-967631 PO_B10_000871,300497,6202,0,0,294295,INR,2026-08-12T01:16:00Z,BATCH-TATA-0871
PO_B10_000872,Razorpay Nodal,AMZN-INV-913512 PO_B10_000872,139449,3148,0,0,136301,INR,2026-08-12T13:03:00Z,BATCH-AMZN-0872
PO_B10_000873,BillDesk Settlement,AMZN-INV-875047 PO_B10_000873,319659,4938,0,0,314721,INR,2026-08-12T05:35:00Z,BATCH-AMZN-0873
PO_B10_000874,PayU Enterprise,SWIG-INV-564946 PO_B10_000874,165286,2935,0,0,162351,INR,2026-08-12T00:28:00Z,BATCH-SWIG-0874
PO_B10_000875,Razorpay Nodal,BBAS-INV-418814 PO_B10_000875,333948,8280,0,0,325668,INR,2026-08-12T11:02:00Z,BATCH-BBAS-0875
PO_B10_000876,Cashfree Escrow,BKMS-INV-698575 PO_B10_000876,329590,7068,0,0,322522,INR,2026-08-12T02:12:00Z,BATCH-BKMS-0876
PO_B10_000877,PayU Enterprise,UBER-ORD-257103 UBER-ORD-250510 UBER-ORD-383716 BATCH-UBER-0877,520428,10408,0,0,510020,INR,2026-08-12T19:17:00Z,BATCH-UBER-0877
PO_B10_000878,Cashfree Escrow,JIOO-ORD-879075 JIOO-ORD-143137 BATCH-JIOO-0878,177499,3549,0,0,173950,INR,2026-08-12T10:23:00Z,BATCH-JIOO-0878
PO_B10_000879,Stripe India,AMZN-INV-566717 PO_B10_000879,110165,2021,0,0,108144,INR,2026-08-12T17:55:00Z,BATCH-AMZN-0879
PO_B10_000880,Stripe India,OLAA-EXC-697302-UNRESOLVED,200148,3992,0,0,196156,INR,2026-08-12T17:28:00Z,HOLD-ESCROW
PO_B10_000881,Razorpay Nodal,NYKA-INV-324437 PO_B10_000881,413665,7435,0,0,406230,INR,2026-08-12T14:13:00Z,BATCH-NYKA-0881
PO_B10_000882,BillDesk Settlement,TATA-INV-669067 PO_B10_000882,387929,8848,0,0,379081,INR,2026-08-12T06:48:00Z,BATCH-TATA-0882
PO_B10_000883,PayU Enterprise,BLNK-INV-281168 PO_B10_000883,136389,2456,0,0,133933,INR,2026-08-12T10:18:00Z,BATCH-BLNK-0883
PO_B10_000884,BillDesk Settlement,BBAS-INV-996968 PO_B10_000884,140530,2236,0,0,138294,INR,2026-08-12T12:39:00Z,BATCH-BBAS-0884
PO_B10_000885,Razorpay Nodal,PHNP-INV-587016 PO_B10_000885,309756,6217,0,0,303539,INR,2026-08-11T17:13:00Z,BATCH-PHNP-0885
PO_B10_000886,Razorpay Nodal,MMTR-INV-475504 PO_B10_000886,272897,5633,0,0,267264,INR,2026-08-12T11:55:00Z,BATCH-MMTR-0886
PO_B10_000887,PayU Enterprise,BKMS-ORD-575104 BKMS-ORD-567241 BATCH-BKMS-0887,483097,9661,0,0,473436,INR,2026-08-12T10:26:00Z,BATCH-BKMS-0887
PO_B10_000888,Stripe India,MYNT-INV-138286 PO_B10_000888,144240,3535,0,0,140705,INR,2026-08-11T21:57:00Z,BATCH-MYNT-0888
PO_B10_000889,PayU Enterprise,PHNP-ORD-704345 PHNP-ORD-629364 PHNP-ORD-189546 BATCH-PHNP-0889,220709,4414,0,0,216295,INR,2026-08-12T05:54:00Z,BATCH-PHNP-0889
PO_B10_000890,Cashfree Escrow,SWIG-ORD-404846 SWIG-ORD-920068 BATCH-SWIG-0890,245004,4900,0,0,240104,INR,2026-08-12T07:59:00Z,BATCH-SWIG-0890
PO_B10_000891,Stripe India,BLNK-INV-390780 PO_B10_000891,300828,7463,0,0,293365,INR,2026-08-12T08:14:00Z,BATCH-BLNK-0891
PO_B10_000892,Cashfree Escrow,TATA-EXC-916166-UNRESOLVED,129377,2577,0,0,126800,INR,2026-08-13T02:42:00Z,HOLD-ESCROW
PO_B10_000893,PayU Enterprise,PAYT-INV-422375 PO_B10_000893,202740,4136,0,0,198604,INR,2026-08-12T14:25:00Z,BATCH-PAYT-0893
PO_B10_000894,BillDesk Settlement,BKMS-INV-110833 PO_B10_000894,193898,3610,0,0,190288,INR,2026-08-12T16:07:00Z,BATCH-BKMS-0894
PO_B10_000895,PayU Enterprise,MYNT-INV-971664 PO_B10_000895,404052,8999,0,0,395053,INR,2026-08-12T18:00:00Z,BATCH-MYNT-0895
PO_B10_000896,PayU Enterprise,FLPK-INV-433305 PO_B10_000896,169979,3919,0,0,166060,INR,2026-08-12T00:23:00Z,BATCH-FLPK-0896
PO_B10_000897,Razorpay Nodal,PAYT-INV-876796 PO_B10_000897,96460,2091,0,0,94369,INR,2026-08-12T01:24:00Z,BATCH-PAYT-0897
PO_B10_000898,Cashfree Escrow,BLNK-INV-782696 PO_B10_000898,111624,1946,0,0,109678,INR,2026-08-12T11:46:00Z,BATCH-BLNK-0898
PO_B10_000899,Stripe India,MMTR-INV-978428 PO_B10_000899,72879,1557,0,0,71322,INR,2026-08-12T01:45:00Z,BATCH-MMTR-0899
PO_B10_000900,Stripe India,AMZN-EXC-587440-UNRESOLVED,225605,4502,0,0,221103,INR,2026-08-12T11:19:00Z,HOLD-ESCROW
PO_B10_000901,Stripe India,BKMS-INV-570830 PO_B10_000901,102987,1639,0,0,101348,INR,2026-08-12T03:14:00Z,BATCH-BKMS-0901
PO_B10_000902,PayU Enterprise,PAYT-INV-712286 PO_B10_000902,116997,1877,0,0,115120,INR,2026-08-12T11:36:00Z,BATCH-PAYT-0902
PO_B10_000903,BillDesk Settlement,SWIG-INV-518305 PO_B10_000903,358970,8713,0,0,350257,INR,2026-08-12T05:12:00Z,BATCH-SWIG-0903
PO_B10_000904,Cashfree Escrow,BBAS-ORD-564113 BBAS-ORD-727249 BATCH-BBAS-0904,212341,4246,0,0,208095,INR,2026-08-12T16:58:00Z,BATCH-BBAS-0904
PO_B10_000905,Razorpay Nodal,JIOO-INV-866860 PO_B10_000905,392922,6744,0,0,386178,INR,2026-08-12T09:57:00Z,BATCH-JIOO-0905
PO_B10_000906,Stripe India,FLPK-INV-369707 PO_B10_000906,161081,3239,0,0,157842,INR,2026-08-12T10:04:00Z,BATCH-FLPK-0906
PO_B10_000907,Cashfree Escrow,AMZN-ORD-579927 AMZN-ORD-974695 BATCH-AMZN-0907,66100,1322,0,0,64778,INR,2026-08-11T22:47:00Z,BATCH-AMZN-0907
PO_B10_000908,Stripe India,AMZN-ORD-913431 AMZN-ORD-662736 BATCH-AMZN-0908,415968,8319,0,0,407649,INR,2026-08-11T23:40:00Z,BATCH-AMZN-0908
PO_B10_000909,Stripe India,MMTR-EXC-356021-UNRESOLVED,67407,1338,0,0,66069,INR,2026-08-13T02:18:00Z,HOLD-ESCROW
PO_B10_000910,Stripe India,BKMS-INV-409246 PO_B10_000910,431181,8676,0,0,422505,INR,2026-08-12T21:02:00Z,BATCH-BKMS-0910
PO_B10_000911,BillDesk Settlement,TATA-INV-994624 PO_B10_000911,278542,5138,0,0,273404,INR,2026-08-12T16:21:00Z,BATCH-TATA-0911
PO_B10_000912,Cashfree Escrow,OLAA-INV-670525 PO_B10_000912,424006,7091,0,0,416915,INR,2026-08-12T12:59:00Z,BATCH-OLAA-0912
PO_B10_000913,Cashfree Escrow,BBAS-ORD-760798 BBAS-ORD-827981 BATCH-BBAS-0913,265044,5300,0,0,259744,INR,2026-08-11T22:55:00Z,BATCH-BBAS-0913
PO_B10_000914,PayU Enterprise,FLPK-INV-557662 PO_B10_000914,414229,9453,0,0,404776,INR,2026-08-12T14:43:00Z,BATCH-FLPK-0914
PO_B10_000915,Razorpay Nodal,ZOMA-INV-659153 PO_B10_000915,310363,6737,0,0,303626,INR,2026-08-12T03:29:00Z,BATCH-ZOMA-0915
PO_B10_000916,PayU Enterprise,NYKA-EXC-298231-UNRESOLVED,232770,4645,0,0,228125,INR,2026-08-12T21:30:00Z,HOLD-ESCROW
PO_B10_000917,PayU Enterprise,SWIG-ORD-136573 SWIG-ORD-312560 SWIG-ORD-666737 BATCH-SWIG-0917,570743,11414,0,0,559329,INR,2026-08-12T05:21:00Z,BATCH-SWIG-0917
PO_B10_000918,BillDesk Settlement,MYNT-INV-898983 PO_B10_000918,387800,7999,0,0,379801,INR,2026-08-12T12:35:00Z,BATCH-MYNT-0918
PO_B10_000919,Razorpay Nodal,AMZN-INV-514895 PO_B10_000919,189128,4542,0,0,184586,INR,2026-08-12T11:34:00Z,BATCH-AMZN-0919
PO_B10_000920,Cashfree Escrow,ZOMA-INV-338601 PO_B10_000920,213196,3722,0,0,209474,INR,2026-08-12T17:13:00Z,BATCH-ZOMA-0920
PO_B10_000921,BillDesk Settlement,TATA-EXC-470003-UNRESOLVED,144893,2887,0,0,142006,INR,2026-08-12T15:44:00Z,HOLD-ESCROW
PO_B10_000922,PayU Enterprise,MMTR-INV-816133 PO_B10_000922,439187,8728,0,0,430459,INR,2026-08-13T01:07:00Z,BATCH-MMTR-0922
PO_B10_000923,Cashfree Escrow,PHNP-INV-273279 PO_B10_000923,130497,3045,0,0,127452,INR,2026-08-12T12:54:00Z,BATCH-PHNP-0923
PO_B10_000924,PayU Enterprise,OLAA-ORD-945653 OLAA-ORD-155018 OLAA-ORD-488989 BATCH-OLAA-0924,307478,6149,0,0,301329,INR,2026-08-12T18:06:00Z,BATCH-OLAA-0924
PO_B10_000925,BillDesk Settlement,UBER-INV-440431 PO_B10_000925,247843,3991,0,0,243852,INR,2026-08-11T18:01:00Z,BATCH-UBER-0925
PO_B10_000926,PayU Enterprise,MMTR-INV-650353 PO_B10_000926,434364,10753,0,0,423611,INR,2026-08-12T08:19:00Z,BATCH-MMTR-0926
PO_B10_000927,BillDesk Settlement,FLPK-INV-862194 PO_B10_000927,98419,1657,0,0,96762,INR,2026-08-12T19:11:00Z,BATCH-FLPK-0927
PO_B10_000928,BillDesk Settlement,BBAS-INV-367200 PO_B10_000928,236959,5476,0,0,231483,INR,2026-08-11T18:44:00Z,BATCH-BBAS-0928
PO_B10_000929,Stripe India,UBER-INV-379902 PO_B10_000929,301614,4951,0,0,296663,INR,2026-08-12T12:56:00Z,BATCH-UBER-0929
PO_B10_000930,Cashfree Escrow,OLAA-INV-641842 PO_B10_000930,312500,7058,0,0,305442,INR,2026-08-12T05:09:00Z,BATCH-OLAA-0930
PO_B10_000931,BillDesk Settlement,UBER-INV-682192 PO_B10_000931,194203,4494,0,0,189709,INR,2026-08-12T08:37:00Z,BATCH-UBER-0931
PO_B10_000932,Stripe India,TATA-INV-927610 PO_B10_000932,192216,3276,0,0,188940,INR,2026-08-12T08:19:00Z,BATCH-TATA-0932
PO_B10_000933,BillDesk Settlement,NYKA-ORD-490136 NYKA-ORD-798781 BATCH-NYKA-0933,352133,7042,0,0,345091,INR,2026-08-12T05:42:00Z,BATCH-NYKA-0933
PO_B10_000934,PayU Enterprise,NYKA-INV-478270 PO_B10_000934,243777,5134,0,0,238643,INR,2026-08-11T15:36:00Z,BATCH-NYKA-0934
PO_B10_000935,PayU Enterprise,BKMS-ORD-155375 BKMS-ORD-489234 BATCH-BKMS-0935,369197,7383,0,0,361814,INR,2026-08-12T19:22:00Z,BATCH-BKMS-0935
PO_B10_000936,Stripe India,NYKA-INV-404946 PO_B10_000936,156235,2681,0,0,153554,INR,2026-08-12T11:16:00Z,BATCH-NYKA-0936
PO_B10_000937,BillDesk Settlement,MYNT-INV-825844 PO_B10_000937,238289,5838,0,0,232451,INR,2026-08-12T03:19:00Z,BATCH-MYNT-0937
PO_B10_000938,BillDesk Settlement,OLAA-INV-265692 PO_B10_000938,238072,5057,0,0,233015,INR,2026-08-12T13:08:00Z,BATCH-OLAA-0938
PO_B10_000939,Stripe India,MMTR-ORD-363910 MMTR-ORD-205047 MMTR-ORD-248851 BATCH-MMTR-0939,433233,8664,0,0,424569,INR,2026-08-11T21:41:00Z,BATCH-MMTR-0939
PO_B10_000940,BillDesk Settlement,UBER-ORD-430976 UBER-ORD-186806 BATCH-UBER-0940,210939,4218,0,0,206721,INR,2026-08-12T04:36:00Z,BATCH-UBER-0940
PO_B10_000941,PayU Enterprise,TATA-ORD-323970 TATA-ORD-121631 BATCH-TATA-0941,322151,6443,0,0,315708,INR,2026-08-12T19:34:00Z,BATCH-TATA-0941
PO_B10_000942,Razorpay Nodal,SWIG-INV-387268 PO_B10_000942,59726,1217,0,0,58509,INR,2026-08-12T03:40:00Z,BATCH-SWIG-0942
PO_B10_000943,BillDesk Settlement,JIOO-INV-831618 PO_B10_000943,391134,9016,0,0,382118,INR,2026-08-12T05:26:00Z,BATCH-JIOO-0943
PO_B10_000944,PayU Enterprise,PHNP-INV-621545 PO_B10_000944,263007,4911,0,0,258096,INR,2026-08-11T23:27:00Z,BATCH-PHNP-0944
PO_B10_000945,BillDesk Settlement,FLPK-INV-523474 PO_B10_000945,39502,727,0,0,38775,INR,2026-08-12T02:28:00Z,BATCH-FLPK-0945
PO_B10_000946,Razorpay Nodal,NYKA-ORD-125054 NYKA-ORD-650239 NYKA-ORD-495229 BATCH-NYKA-0946,457573,9151,0,0,448422,INR,2026-08-12T07:50:00Z,BATCH-NYKA-0946
PO_B10_000947,Cashfree Escrow,AMZN-INV-478070 PO_B10_000947,163308,3014,0,0,160294,INR,2026-08-12T11:41:00Z,BATCH-AMZN-0947
PO_B10_000948,PayU Enterprise,BKMS-ORD-568423 BKMS-ORD-782708 BKMS-ORD-768980 BATCH-BKMS-0948,449928,8998,0,0,440930,INR,2026-08-12T13:12:00Z,BATCH-BKMS-0948
PO_B10_000949,Cashfree Escrow,BKMS-INV-342105 PO_B10_000949,342643,7930,0,0,334713,INR,2026-08-12T11:42:00Z,BATCH-BKMS-0949
PO_B10_000950,BillDesk Settlement,ZOMA-INV-641184 PO_B10_000950,223727,4265,0,0,219462,INR,2026-08-11T22:10:00Z,BATCH-ZOMA-0950
PO_B10_000951,BillDesk Settlement,TATA-INV-683022 PO_B10_000951,386301,8051,0,0,378250,INR,2026-08-12T16:28:00Z,BATCH-TATA-0951
PO_B10_000952,PayU Enterprise,OLAA-INV-997227 PO_B10_000952,310118,5740,0,0,304378,INR,2026-08-12T21:43:00Z,BATCH-OLAA-0952
PO_B10_000953,Razorpay Nodal,JIOO-ORD-161842 JIOO-ORD-895230 JIOO-ORD-154838 BATCH-JIOO-0953,544290,10885,0,0,533405,INR,2026-08-12T17:33:00Z,BATCH-JIOO-0953
PO_B10_000954,Cashfree Escrow,JIOO-INV-128151 PO_B10_000954,34414,844,0,0,33570,INR,2026-08-12T17:44:00Z,BATCH-JIOO-0954
PO_B10_000955,Cashfree Escrow,BLNK-INV-570861 PO_B10_000955,83917,1368,0,0,82549,INR,2026-08-12T08:02:00Z,BATCH-BLNK-0955
PO_B10_000956,BillDesk Settlement,AMZN-INV-266515 PO_B10_000956,292914,6854,0,0,286060,INR,2026-08-12T07:08:00Z,BATCH-AMZN-0956
PO_B10_000957,BillDesk Settlement,UBER-INV-393038 PO_B10_000957,311972,6433,0,0,305539,INR,2026-08-11T23:56:00Z,BATCH-UBER-0957
PO_B10_000958,Razorpay Nodal,FLPK-INV-384087 PO_B10_000958,243934,4823,0,0,239111,INR,2026-08-11T21:14:00Z,BATCH-FLPK-0958
PO_B10_000959,Cashfree Escrow,UBER-ORD-773623 UBER-ORD-480497 UBER-ORD-405710 BATCH-UBER-0959,490273,9805,0,0,480468,INR,2026-08-12T06:17:00Z,BATCH-UBER-0959
PO_B10_000960,BillDesk Settlement,SWIG-INV-617883 PO_B10_000960,281696,5716,0,0,275980,INR,2026-08-12T16:50:00Z,BATCH-SWIG-0960
PO_B10_000961,Cashfree Escrow,BLNK-INV-363260 PO_B10_000961,443653,10135,0,0,433518,INR,2026-08-12T20:41:00Z,BATCH-BLNK-0961
PO_B10_000962,Stripe India,JIOO-ORD-977158 JIOO-ORD-780679 BATCH-JIOO-0962,205676,4113,0,0,201563,INR,2026-08-12T18:58:00Z,BATCH-JIOO-0962
PO_B10_000963,PayU Enterprise,SWIG-INV-253657 PO_B10_000963,439533,8343,0,0,431190,INR,2026-08-12T10:38:00Z,BATCH-SWIG-0963
PO_B10_000964,Razorpay Nodal,SWIG-EXC-971926-UNRESOLVED,295028,5890,0,0,289138,INR,2026-08-13T03:09:00Z,HOLD-ESCROW
PO_B10_000965,BillDesk Settlement,BKMS-EXC-293746-UNRESOLVED,76494,1519,0,0,74975,INR,2026-08-13T00:56:00Z,HOLD-ESCROW
PO_B10_000966,Razorpay Nodal,AMZN-ORD-699568 AMZN-ORD-773025 BATCH-AMZN-0966,188793,3775,0,0,185018,INR,2026-08-12T01:02:00Z,BATCH-AMZN-0966
PO_B10_000967,BillDesk Settlement,SWIG-INV-109400 PO_B10_000967,190440,4447,0,0,185993,INR,2026-08-12T04:19:00Z,BATCH-SWIG-0967
PO_B10_000968,PayU Enterprise,SWIG-INV-234523 PO_B10_000968,335750,7581,0,0,328169,INR,2026-08-12T14:52:00Z,BATCH-SWIG-0968
PO_B10_000969,BillDesk Settlement,BKMS-INV-105300 PO_B10_000969,95281,1804,0,0,93477,INR,2026-08-12T03:41:00Z,BATCH-BKMS-0969
PO_B10_000970,Stripe India,JIOO-ORD-598423 JIOO-ORD-262293 BATCH-JIOO-0970,146200,2924,0,0,143276,INR,2026-08-12T16:05:00Z,BATCH-JIOO-0970
PO_B10_000971,Stripe India,AMZN-INV-485182 PO_B10_000971,187415,3657,0,0,183758,INR,2026-08-12T08:12:00Z,BATCH-AMZN-0971
PO_B10_000972,BillDesk Settlement,BBAS-ORD-176912 BBAS-ORD-475811 BATCH-BBAS-0972,311987,6239,0,0,305748,INR,2026-08-12T05:46:00Z,BATCH-BBAS-0972
PO_B10_000973,BillDesk Settlement,OLAA-ORD-227120 OLAA-ORD-202237 BATCH-OLAA-0973,366591,7331,0,0,359260,INR,2026-08-12T14:21:00Z,BATCH-OLAA-0973
PO_B10_000974,BillDesk Settlement,ZOMA-ORD-573192 ZOMA-ORD-666674 BATCH-ZOMA-0974,275946,5518,0,0,270428,INR,2026-08-12T01:53:00Z,BATCH-ZOMA-0974
PO_B10_000975,BillDesk Settlement,MMTR-INV-693392 PO_B10_000975,439718,8253,0,0,431465,INR,2026-08-12T02:05:00Z,BATCH-MMTR-0975
PO_B10_000976,BillDesk Settlement,JIOO-ORD-845474 JIOO-ORD-768281 JIOO-ORD-854303 BATCH-JIOO-0976,466889,9337,0,0,457552,INR,2026-08-12T19:40:00Z,BATCH-JIOO-0976
PO_B10_000977,BillDesk Settlement,OLAA-INV-525917 PO_B10_000977,54878,1167,0,0,53711,INR,2026-08-12T05:49:00Z,BATCH-OLAA-0977
PO_B10_000978,PayU Enterprise,OLAA-INV-959554 PO_B10_000978,186740,3273,0,0,183467,INR,2026-08-12T07:00:00Z,BATCH-OLAA-0978
PO_B10_000979,Stripe India,OLAA-INV-819493 PO_B10_000979,242336,4840,0,0,237496,INR,2026-08-12T13:49:00Z,BATCH-OLAA-0979
PO_B10_000980,Cashfree Escrow,BBAS-ORD-316686 BBAS-ORD-442659 BATCH-BBAS-0980,346226,6924,0,0,339302,INR,2026-08-12T19:58:00Z,BATCH-BBAS-0980
PO_B10_000981,Razorpay Nodal,MMTR-ORD-431274 MMTR-ORD-660393 MMTR-ORD-781946 BATCH-MMTR-0981,337503,6750,0,0,330753,INR,2026-08-12T11:15:00Z,BATCH-MMTR-0981
PO_B10_000982,PayU Enterprise,BBAS-INV-248125 PO_B10_000982,347524,8367,0,0,339157,INR,2026-08-12T18:00:00Z,BATCH-BBAS-0982
PO_B10_000983,BillDesk Settlement,FLPK-INV-475469 PO_B10_000983,319655,6353,0,0,313302,INR,2026-08-12T03:18:00Z,BATCH-FLPK-0983
PO_B10_000984,Razorpay Nodal,MMTR-INV-398089 PO_B10_000984,295978,5073,0,0,290905,INR,2026-08-12T06:21:00Z,BATCH-MMTR-0984
PO_B10_000985,Razorpay Nodal,BBAS-INV-423810 PO_B10_000985,439216,10303,0,0,428913,INR,2026-08-12T09:18:00Z,BATCH-BBAS-0985
PO_B10_000986,Stripe India,PAYT-ORD-332379 PAYT-ORD-618269 PAYT-ORD-178620 BATCH-PAYT-0986,432263,8645,0,0,423618,INR,2026-08-12T10:36:00Z,BATCH-PAYT-0986
PO_B10_000987,PayU Enterprise,JIOO-INV-247641 PO_B10_000987,51392,1117,0,0,50275,INR,2026-08-12T09:33:00Z,BATCH-JIOO-0987
PO_B10_000988,BillDesk Settlement,NYKA-EXC-711196-UNRESOLVED,151435,3018,0,0,148417,INR,2026-08-12T15:16:00Z,HOLD-ESCROW
PO_B10_000989,Stripe India,UBER-INV-841124 PO_B10_000989,381050,8877,0,0,372173,INR,2026-08-12T19:35:00Z,BATCH-UBER-0989
PO_B10_000990,BillDesk Settlement,FLPK-INV-887336 PO_B10_000990,192386,4251,0,0,188135,INR,2026-08-11T15:21:00Z,BATCH-FLPK-0990
PO_B10_000991,Cashfree Escrow,UBER-INV-246845 PO_B10_000991,258733,5769,0,0,252964,INR,2026-08-12T19:24:00Z,BATCH-UBER-0991
PO_B10_000992,Razorpay Nodal,PHNP-INV-206234 PO_B10_000992,292149,5378,0,0,286771,INR,2026-08-12T14:07:00Z,BATCH-PHNP-0992
PO_B10_000993,Cashfree Escrow,MMTR-INV-746161 PO_B10_000993,258565,5161,0,0,253404,INR,2026-08-11T23:22:00Z,BATCH-MMTR-0993
PO_B10_000994,BillDesk Settlement,JIOO-INV-695125 PO_B10_000994,189213,4411,0,0,184802,INR,2026-08-12T08:39:00Z,BATCH-JIOO-0994
PO_B10_000995,BillDesk Settlement,ZOMA-ORD-621009 ZOMA-ORD-532075 BATCH-ZOMA-0995,292386,5847,0,0,286539,INR,2026-08-12T11:16:00Z,BATCH-ZOMA-0995
PO_B10_000996,Cashfree Escrow,ZOMA-INV-517519 PO_B10_000996,348063,7686,0,0,340377,INR,2026-08-12T23:18:00Z,BATCH-ZOMA-0996
PO_B10_000997,PayU Enterprise,SWIG-INV-218670 PO_B10_000997,101428,1985,0,0,99443,INR,2026-08-12T14:15:00Z,BATCH-SWIG-0997
PO_B10_000998,Stripe India,UBER-INV-784064 PO_B10_000998,54089,1284,0,0,52805,INR,2026-08-11T17:18:00Z,BATCH-UBER-0998
PO_B10_000999,Cashfree Escrow,BKMS-INV-406801 PO_B10_000999,211144,3676,0,0,207468,INR,2026-08-12T09:12:00Z,BATCH-BKMS-0999
PO_B10_001000,Stripe India,MYNT-ORD-114586 MYNT-ORD-803107 BATCH-MYNT-1000,155951,3119,0,0,152832,INR,2026-08-12T07:01:00Z,BATCH-MYNT-1000
PO_B10_001001,PayU Enterprise,OLAA-INV-179781 PO_B10_001001,319309,5226,0,0,314083,INR,2026-08-12T04:54:00Z,BATCH-OLAA-1001
PO_B10_001002,Cashfree Escrow,FLPK-INV-282573 PO_B10_001002,255687,5027,0,0,250660,INR,2026-08-12T19:55:00Z,BATCH-FLPK-1002
PO_B10_001003,PayU Enterprise,PHNP-INV-329424 PO_B10_001003,247624,3811,0,0,243813,INR,2026-08-12T00:09:00Z,BATCH-PHNP-1003
PO_B10_001004,BillDesk Settlement,PAYT-INV-797579 PO_B10_001004,44199,903,0,0,43296,INR,2026-08-12T06:29:00Z,BATCH-PAYT-1004
PO_B10_001005,Razorpay Nodal,BLNK-INV-404585 PO_B10_001005,191215,4310,0,0,186905,INR,2026-08-12T11:32:00Z,BATCH-BLNK-1005
PO_B10_001006,Stripe India,MYNT-INV-552732 PO_B10_001006,269317,5582,0,0,263735,INR,2026-08-11T18:20:00Z,BATCH-MYNT-1006
PO_B10_001007,BillDesk Settlement,TATA-ORD-951808 TATA-ORD-757037 BATCH-TATA-1007,162931,3258,0,0,159673,INR,2026-08-12T07:54:00Z,BATCH-TATA-1007
PO_B10_001008,Stripe India,JIOO-INV-940870 PO_B10_001008,57543,1346,0,0,56197,INR,2026-08-11T19:35:00Z,BATCH-JIOO-1008
PO_B10_001009,Stripe India,UBER-INV-414265 PO_B10_001009,92791,1687,0,0,91104,INR,2026-08-12T00:11:00Z,BATCH-UBER-1009
PO_B10_001010,Razorpay Nodal,JIOO-EXC-280504-UNRESOLVED,264523,5280,0,0,259243,INR,2026-08-13T08:14:00Z,HOLD-ESCROW
PO_B10_001011,PayU Enterprise,MYNT-ORD-471537 MYNT-ORD-493450 MYNT-ORD-965661 BATCH-MYNT-1011,400061,8001,0,0,392060,INR,2026-08-12T03:41:00Z,BATCH-MYNT-1011
PO_B10_001012,Cashfree Escrow,BLNK-INV-578889 PO_B10_001012,316114,6692,0,0,309422,INR,2026-08-12T07:27:00Z,BATCH-BLNK-1012
PO_B10_001013,BillDesk Settlement,SWIG-INV-605690 PO_B10_001013,292643,5413,0,0,287230,INR,2026-08-12T04:37:00Z,BATCH-SWIG-1013
PO_B10_001014,PayU Enterprise,BKMS-ORD-719123 BKMS-ORD-330600 BATCH-BKMS-1014,129743,2594,0,0,127149,INR,2026-08-12T15:47:00Z,BATCH-BKMS-1014
PO_B10_001015,Cashfree Escrow,UBER-INV-104479 PO_B10_001015,77164,1776,0,0,75388,INR,2026-08-12T22:01:00Z,BATCH-UBER-1015
PO_B10_001016,Stripe India,AMZN-INV-825021 PO_B10_001016,288555,4637,0,0,283918,INR,2026-08-12T08:17:00Z,BATCH-AMZN-1016
PO_B10_001017,Razorpay Nodal,BLNK-INV-369129 PO_B10_001017,150242,3059,0,0,147183,INR,2026-08-12T19:41:00Z,BATCH-BLNK-1017
PO_B10_001018,Razorpay Nodal,BKMS-INV-223188 PO_B10_001018,441826,9193,0,0,432633,INR,2026-08-12T15:23:00Z,BATCH-BKMS-1018
PO_B10_001019,Razorpay Nodal,AMZN-INV-129768 PO_B10_001019,375238,8153,0,0,367085,INR,2026-08-12T06:18:00Z,BATCH-AMZN-1019
PO_B10_001020,BillDesk Settlement,AMZN-INV-363417 PO_B10_001020,330569,6619,0,0,323950,INR,2026-08-12T04:09:00Z,BATCH-AMZN-1020
PO_B10_001021,BillDesk Settlement,UBER-INV-222097 PO_B10_001021,78736,1470,0,0,77266,INR,2026-08-12T11:34:00Z,BATCH-UBER-1021
PO_B10_001022,Razorpay Nodal,BBAS-INV-816842 PO_B10_001022,151934,3350,0,0,148584,INR,2026-08-12T22:12:00Z,BATCH-BBAS-1022
PO_B10_001023,Razorpay Nodal,AMZN-INV-532115 PO_B10_001023,102725,1666,0,0,101059,INR,2026-08-12T05:58:00Z,BATCH-AMZN-1023
PO_B10_001024,Stripe India,ZOMA-EXC-926239-UNRESOLVED,77113,1532,0,0,75581,INR,2026-08-12T09:56:00Z,HOLD-ESCROW
PO_B10_001025,BillDesk Settlement,MMTR-INV-404589 PO_B10_001025,206786,4386,0,0,202400,INR,2026-08-12T06:13:00Z,BATCH-MMTR-1025
PO_B10_001026,BillDesk Settlement,MYNT-INV-946972 PO_B10_001026,53324,1047,0,0,52277,INR,2026-08-12T09:18:00Z,BATCH-MYNT-1026
PO_B10_001027,Razorpay Nodal,FLPK-INV-314425 PO_B10_001027,233237,4811,0,0,228426,INR,2026-08-12T12:06:00Z,BATCH-FLPK-1027
PO_B10_001028,BillDesk Settlement,BKMS-INV-452929 PO_B10_001028,372645,8389,0,0,364256,INR,2026-08-12T15:02:00Z,BATCH-BKMS-1028
PO_B10_001029,PayU Enterprise,AMZN-INV-310668 PO_B10_001029,287591,4536,0,0,283055,INR,2026-08-11T19:56:00Z,BATCH-AMZN-1029
PO_B10_001030,Razorpay Nodal,MYNT-ORD-869198 MYNT-ORD-663946 MYNT-ORD-157701 BATCH-MYNT-1030,158303,3166,0,0,155137,INR,2026-08-12T04:58:00Z,BATCH-MYNT-1030
PO_B10_001031,Razorpay Nodal,JIOO-INV-409104 PO_B10_001031,342226,7477,0,0,334749,INR,2026-08-12T02:33:00Z,BATCH-JIOO-1031
PO_B10_001032,Stripe India,BLNK-INV-499086 PO_B10_001032,208690,4709,0,0,203981,INR,2026-08-12T09:37:00Z,BATCH-BLNK-1032
PO_B10_001033,Razorpay Nodal,PAYT-INV-134983 PO_B10_001033,105646,2601,0,0,103045,INR,2026-08-12T07:15:00Z,BATCH-PAYT-1033
PO_B10_001034,PayU Enterprise,FLPK-ORD-833663 FLPK-ORD-725939 FLPK-ORD-455810 BATCH-FLPK-1034,332296,6645,0,0,325651,INR,2026-08-12T04:21:00Z,BATCH-FLPK-1034
PO_B10_001035,Cashfree Escrow,MMTR-ORD-836649 MMTR-ORD-973298 BATCH-MMTR-1035,291694,5833,0,0,285861,INR,2026-08-12T05:03:00Z,BATCH-MMTR-1035
PO_B10_001036,Razorpay Nodal,BKMS-INV-574125 PO_B10_001036,174523,2699,0,0,171824,INR,2026-08-12T17:49:00Z,BATCH-BKMS-1036
PO_B10_001037,BillDesk Settlement,UBER-INV-284146 PO_B10_001037,435637,7275,0,0,428362,INR,2026-08-12T06:04:00Z,BATCH-UBER-1037
PO_B10_001038,BillDesk Settlement,BBAS-INV-187104 PO_B10_001038,166088,2922,0,0,163166,INR,2026-08-12T05:09:00Z,BATCH-BBAS-1038
PO_B10_001039,BillDesk Settlement,TATA-ORD-125597 TATA-ORD-207919 TATA-ORD-218144 BATCH-TATA-1039,375239,7504,0,0,367735,INR,2026-08-12T06:36:00Z,BATCH-TATA-1039
PO_B10_001040,Cashfree Escrow,AMZN-EXC-742907-UNRESOLVED,77591,1541,0,0,76050,INR,2026-08-13T04:14:00Z,HOLD-ESCROW
PO_B10_001041,Stripe India,ZOMA-ORD-176109 ZOMA-ORD-831601 BATCH-ZOMA-1041,368743,7374,0,0,361369,INR,2026-08-12T20:05:00Z,BATCH-ZOMA-1041
PO_B10_001042,Cashfree Escrow,MMTR-INV-546829 PO_B10_001042,224078,4274,0,0,219804,INR,2026-08-12T23:46:00Z,BATCH-MMTR-1042
PO_B10_001043,BillDesk Settlement,TATA-ORD-511316 TATA-ORD-244169 BATCH-TATA-1043,180848,3616,0,0,177232,INR,2026-08-12T12:38:00Z,BATCH-TATA-1043
PO_B10_001044,Cashfree Escrow,JIOO-INV-568770 PO_B10_001044,313679,7050,0,0,306629,INR,2026-08-11T23:46:00Z,BATCH-JIOO-1044
PO_B10_001045,Stripe India,UBER-ORD-453783 UBER-ORD-318895 UBER-ORD-993443 BATCH-UBER-1045,356169,7123,0,0,349046,INR,2026-08-12T04:01:00Z,BATCH-UBER-1045
PO_B10_001046,Stripe India,BBAS-INV-772751 PO_B10_001046,400322,6285,0,0,394037,INR,2026-08-12T17:50:00Z,BATCH-BBAS-1046
PO_B10_001047,Stripe India,UBER-INV-278962 PO_B10_001047,197991,3100,0,0,194891,INR,2026-08-12T05:45:00Z,BATCH-UBER-1047
PO_B10_001048,PayU Enterprise,UBER-ORD-457104 UBER-ORD-399836 UBER-ORD-770648 BATCH-UBER-1048,518709,10374,0,0,508335,INR,2026-08-12T06:15:00Z,BATCH-UBER-1048
PO_B10_001049,BillDesk Settlement,OLAA-EXC-377726-UNRESOLVED,91071,1811,0,0,89260,INR,2026-08-13T04:51:00Z,HOLD-ESCROW
PO_B10_001050,BillDesk Settlement,FLPK-INV-209306 PO_B10_001050,208137,5186,0,0,202951,INR,2026-08-12T07:49:00Z,BATCH-FLPK-1050
PO_B10_001051,BillDesk Settlement,MMTR-INV-180757 PO_B10_001051,370417,5813,0,0,364604,INR,2026-08-12T00:27:00Z,BATCH-MMTR-1051
PO_B10_001052,PayU Enterprise,MMTR-ORD-859662 MMTR-ORD-506441 BATCH-MMTR-1052,293887,5877,0,0,288010,INR,2026-08-12T12:10:00Z,BATCH-MMTR-1052
PO_B10_001053,BillDesk Settlement,ZOMA-INV-311207 PO_B10_001053,300537,6925,0,0,293612,INR,2026-08-12T08:36:00Z,BATCH-ZOMA-1053
PO_B10_001054,BillDesk Settlement,PAYT-EXC-576457-UNRESOLVED,160551,3201,0,0,157350,INR,2026-08-12T16:26:00Z,HOLD-ESCROW
PO_B10_001055,Razorpay Nodal,BBAS-ORD-694583 BBAS-ORD-280186 BATCH-BBAS-1055,115299,2305,0,0,112994,INR,2026-08-11T21:35:00Z,BATCH-BBAS-1055
PO_B10_001056,BillDesk Settlement,UBER-INV-359428 PO_B10_001056,321468,5081,0,0,316387,INR,2026-08-11T22:18:00Z,BATCH-UBER-1056
PO_B10_001057,Razorpay Nodal,BBAS-ORD-513188 BBAS-ORD-195350 BATCH-BBAS-1057,170808,3416,0,0,167392,INR,2026-08-12T13:42:00Z,BATCH-BBAS-1057
PO_B10_001058,Stripe India,BBAS-ORD-182610 BBAS-ORD-586548 BATCH-BBAS-1058,216825,4336,0,0,212489,INR,2026-08-12T20:07:00Z,BATCH-BBAS-1058
PO_B10_001059,PayU Enterprise,BKMS-INV-322627 PO_B10_001059,154961,3768,0,0,151193,INR,2026-08-12T09:15:00Z,BATCH-BKMS-1059
PO_B10_001060,PayU Enterprise,ZOMA-INV-411375 PO_B10_001060,333436,7671,0,0,325765,INR,2026-08-12T11:07:00Z,BATCH-ZOMA-1060
PO_B10_001061,Cashfree Escrow,BBAS-INV-696709 PO_B10_001061,118317,1808,0,0,116509,INR,2026-08-12T10:06:00Z,BATCH-BBAS-1061
PO_B10_001062,Cashfree Escrow,PHNP-INV-885681 PO_B10_001062,100639,1785,0,0,98854,INR,2026-08-12T15:26:00Z,BATCH-PHNP-1062
PO_B10_001063,Razorpay Nodal,SWIG-INV-564624 PO_B10_001063,240889,4039,0,0,236850,INR,2026-08-12T08:46:00Z,BATCH-SWIG-1063
PO_B10_001064,Razorpay Nodal,PHNP-INV-354115 PO_B10_001064,274882,4692,0,0,270190,INR,2026-08-12T04:51:00Z,BATCH-PHNP-1064
PO_B10_001065,Cashfree Escrow,TATA-ORD-288170 TATA-ORD-701273 TATA-ORD-275836 BATCH-TATA-1065,506064,10121,0,0,495943,INR,2026-08-12T07:18:00Z,BATCH-TATA-1065
PO_B10_001066,Cashfree Escrow,NYKA-INV-852607 PO_B10_001066,427989,9849,0,0,418140,INR,2026-08-12T02:53:00Z,BATCH-NYKA-1066
PO_B10_001067,Cashfree Escrow,FLPK-INV-245137 PO_B10_001067,161998,3343,0,0,158655,INR,2026-08-12T08:37:00Z,BATCH-FLPK-1067
PO_B10_001068,PayU Enterprise,BKMS-INV-205310 PO_B10_001068,113024,2607,0,0,110417,INR,2026-08-12T14:53:00Z,BATCH-BKMS-1068
PO_B10_001069,Stripe India,BLNK-INV-252069 PO_B10_001069,233513,3748,0,0,229765,INR,2026-08-12T07:31:00Z,BATCH-BLNK-1069
PO_B10_001070,Cashfree Escrow,BKMS-INV-229121 PO_B10_001070,222851,5022,0,0,217829,INR,2026-08-11T23:30:00Z,BATCH-BKMS-1070
PO_B10_001071,BillDesk Settlement,TATA-INV-165485 PO_B10_001071,33551,684,0,0,32867,INR,2026-08-12T03:11:00Z,BATCH-TATA-1071
PO_B10_001072,Cashfree Escrow,MYNT-INV-954869 PO_B10_001072,113048,2441,0,0,110607,INR,2026-08-11T19:35:00Z,BATCH-MYNT-1072
PO_B10_001073,Razorpay Nodal,BLNK-INV-844067 PO_B10_001073,417219,7584,0,0,409635,INR,2026-08-12T20:30:00Z,BATCH-BLNK-1073
PO_B10_001074,Stripe India,ZOMA-INV-398593 PO_B10_001074,147133,2509,0,0,144624,INR,2026-08-12T03:18:00Z,BATCH-ZOMA-1074
PO_B10_001075,BillDesk Settlement,BKMS-ORD-399062 BKMS-ORD-725944 BATCH-BKMS-1075,260029,5200,0,0,254829,INR,2026-08-11T21:50:00Z,BATCH-BKMS-1075
PO_B10_001076,Stripe India,BKMS-INV-844977 PO_B10_001076,180474,3791,0,0,176683,INR,2026-08-11T23:29:00Z,BATCH-BKMS-1076
PO_B10_001077,Cashfree Escrow,OLAA-INV-256579 PO_B10_001077,255900,6223,0,0,249677,INR,2026-08-12T07:25:00Z,BATCH-OLAA-1077
PO_B10_001078,Razorpay Nodal,OLAA-INV-614896 PO_B10_001078,287902,5162,0,0,282740,INR,2026-08-12T05:29:00Z,BATCH-OLAA-1078
PO_B10_001079,Stripe India,AMZN-INV-667959 PO_B10_001079,347019,6511,0,0,340508,INR,2026-08-12T08:23:00Z,BATCH-AMZN-1079
PO_B10_001080,Cashfree Escrow,BLNK-ORD-269854 BLNK-ORD-427973 BLNK-ORD-205912 BATCH-BLNK-1080,367784,7355,0,0,360429,INR,2026-08-12T18:07:00Z,BATCH-BLNK-1080
PO_B10_001081,Cashfree Escrow,FLPK-INV-235776 PO_B10_001081,358698,7973,0,0,350725,INR,2026-08-12T07:59:00Z,BATCH-FLPK-1081
PO_B10_001082,PayU Enterprise,SWIG-ORD-421965 SWIG-ORD-962624 BATCH-SWIG-1082,187770,3755,0,0,184015,INR,2026-08-12T02:27:00Z,BATCH-SWIG-1082
PO_B10_001083,Cashfree Escrow,AMZN-INV-863801 PO_B10_001083,71806,1180,0,0,70626,INR,2026-08-12T10:54:00Z,BATCH-AMZN-1083
PO_B10_001084,PayU Enterprise,MYNT-EXC-481509-UNRESOLVED,165727,3304,0,0,162423,INR,2026-08-12T23:13:00Z,HOLD-ESCROW
PO_B10_001085,Stripe India,MYNT-INV-763965 PO_B10_001085,383229,7761,0,0,375468,INR,2026-08-12T04:10:00Z,BATCH-MYNT-1085
PO_B10_001086,PayU Enterprise,MMTR-ORD-907732 MMTR-ORD-663528 BATCH-MMTR-1086,414629,8292,0,0,406337,INR,2026-08-12T17:23:00Z,BATCH-MMTR-1086
PO_B10_001087,Razorpay Nodal,MYNT-INV-367872 PO_B10_001087,222271,3935,0,0,218336,INR,2026-08-12T08:32:00Z,BATCH-MYNT-1087
PO_B10_001088,Stripe India,PAYT-INV-992984 PO_B10_001088,40863,888,0,0,39975,INR,2026-08-12T04:24:00Z,BATCH-PAYT-1088
PO_B10_001089,Cashfree Escrow,NYKA-INV-619935 PO_B10_001089,382930,8844,0,0,374086,INR,2026-08-12T15:32:00Z,BATCH-NYKA-1089
PO_B10_001090,PayU Enterprise,NYKA-INV-651023 PO_B10_001090,272164,6745,0,0,265419,INR,2026-08-12T06:59:00Z,BATCH-NYKA-1090
PO_B10_001091,PayU Enterprise,UBER-INV-979959 PO_B10_001091,273841,6061,0,0,267780,INR,2026-08-12T07:39:00Z,BATCH-UBER-1091
PO_B10_001092,Stripe India,OLAA-INV-836780 PO_B10_001092,159970,2778,0,0,157192,INR,2026-08-12T16:20:00Z,BATCH-OLAA-1092
PO_B10_001093,Cashfree Escrow,PAYT-INV-578361 PO_B10_001093,93289,2195,0,0,91094,INR,2026-08-12T02:57:00Z,BATCH-PAYT-1093
PO_B10_001094,BillDesk Settlement,SWIG-INV-382295 PO_B10_001094,368898,5714,0,0,363184,INR,2026-08-12T01:17:00Z,BATCH-SWIG-1094
PO_B10_001095,Razorpay Nodal,ZOMA-INV-512241 PO_B10_001095,406908,10126,0,0,396782,INR,2026-08-12T14:47:00Z,BATCH-ZOMA-1095
PO_B10_001096,PayU Enterprise,PAYT-INV-364594 PO_B10_001096,158011,2953,0,0,155058,INR,2026-08-13T02:29:00Z,BATCH-PAYT-1096
PO_B10_001097,BillDesk Settlement,FLPK-INV-859361 PO_B10_001097,197955,3199,0,0,194756,INR,2026-08-12T12:32:00Z,BATCH-FLPK-1097
PO_B10_001098,Stripe India,PAYT-INV-451484 PO_B10_001098,76022,1480,0,0,74542,INR,2026-08-12T10:38:00Z,BATCH-PAYT-1098
PO_B10_001099,Cashfree Escrow,OLAA-ORD-359283 OLAA-ORD-215172 OLAA-ORD-536017 BATCH-OLAA-1099,278035,5560,0,0,272475,INR,2026-08-12T09:48:00Z,BATCH-OLAA-1099
PO_B10_001100,PayU Enterprise,AMZN-ORD-642241 AMZN-ORD-883289 BATCH-AMZN-1100,261352,5227,0,0,256125,INR,2026-08-12T01:51:00Z,BATCH-AMZN-1100
PO_B10_001101,Stripe India,PAYT-INV-962541 PO_B10_001101,35661,544,0,0,35117,INR,2026-08-12T14:09:00Z,BATCH-PAYT-1101
PO_B10_001102,Razorpay Nodal,TATA-INV-810285 PO_B10_001102,90319,1961,0,0,88358,INR,2026-08-11T19:14:00Z,BATCH-TATA-1102
PO_B10_001103,BillDesk Settlement,UBER-INV-507871 PO_B10_001103,87039,1529,0,0,85510,INR,2026-08-11T20:12:00Z,BATCH-UBER-1103
PO_B10_001104,Razorpay Nodal,AMZN-INV-224649 PO_B10_001104,281009,4891,0,0,276118,INR,2026-08-12T19:45:00Z,BATCH-AMZN-1104
PO_B10_001105,BillDesk Settlement,PHNP-ORD-226021 PHNP-ORD-313673 BATCH-PHNP-1105,188019,3760,0,0,184259,INR,2026-08-12T10:38:00Z,BATCH-PHNP-1105
PO_B10_001106,Razorpay Nodal,PHNP-ORD-963593 PHNP-ORD-242816 BATCH-PHNP-1106,129147,2582,0,0,126565,INR,2026-08-12T00:40:00Z,BATCH-PHNP-1106
PO_B10_001107,Razorpay Nodal,FLPK-ORD-723868 FLPK-ORD-969711 BATCH-FLPK-1107,200080,4001,0,0,196079,INR,2026-08-11T22:26:00Z,BATCH-FLPK-1107
PO_B10_001108,PayU Enterprise,AMZN-INV-356413 PO_B10_001108,383376,9388,0,0,373988,INR,2026-08-12T09:28:00Z,BATCH-AMZN-1108
PO_B10_001109,BillDesk Settlement,PAYT-ORD-724224 PAYT-ORD-927618 BATCH-PAYT-1109,410081,8201,0,0,401880,INR,2026-08-12T13:33:00Z,BATCH-PAYT-1109
PO_B10_001110,Razorpay Nodal,PAYT-INV-220367 PO_B10_001110,144818,2453,0,0,142365,INR,2026-08-12T15:01:00Z,BATCH-PAYT-1110
PO_B10_001111,BillDesk Settlement,FLPK-INV-889948 PO_B10_001111,405159,8877,0,0,396282,INR,2026-08-11T18:45:00Z,BATCH-FLPK-1111
PO_B10_001112,Cashfree Escrow,BLNK-INV-870317 PO_B10_001112,383460,9319,0,0,374141,INR,2026-08-12T15:45:00Z,BATCH-BLNK-1112
PO_B10_001113,Cashfree Escrow,MMTR-INV-385830 PO_B10_001113,251243,5775,0,0,245468,INR,2026-08-12T08:10:00Z,BATCH-MMTR-1113
PO_B10_001114,PayU Enterprise,BBAS-INV-156334 PO_B10_001114,71016,1495,0,0,69521,INR,2026-08-12T15:25:00Z,BATCH-BBAS-1114
PO_B10_001115,BillDesk Settlement,PHNP-ORD-821552 PHNP-ORD-435909 BATCH-PHNP-1115,453159,9063,0,0,444096,INR,2026-08-12T01:32:00Z,BATCH-PHNP-1115
PO_B10_001116,Cashfree Escrow,UBER-ORD-321708 UBER-ORD-177466 UBER-ORD-105137 BATCH-UBER-1116,523956,10479,0,0,513477,INR,2026-08-12T12:08:00Z,BATCH-UBER-1116
PO_B10_001117,Razorpay Nodal,UBER-INV-414394 PO_B10_001117,67837,1252,0,0,66585,INR,2026-08-12T11:30:00Z,BATCH-UBER-1117
PO_B10_001118,BillDesk Settlement,SWIG-INV-542202 PO_B10_001118,125409,2275,0,0,123134,INR,2026-08-12T16:52:00Z,BATCH-SWIG-1118
PO_B10_001119,Stripe India,ZOMA-INV-402494 PO_B10_001119,382651,8889,0,0,373762,INR,2026-08-12T15:48:00Z,BATCH-ZOMA-1119
PO_B10_001120,PayU Enterprise,SWIG-INV-678784 PO_B10_001120,429072,9167,0,0,419905,INR,2026-08-12T04:09:00Z,BATCH-SWIG-1120
PO_B10_001121,PayU Enterprise,OLAA-ORD-992209 OLAA-ORD-851408 OLAA-ORD-363853 BATCH-OLAA-1121,510311,10206,0,0,500105,INR,2026-08-12T00:24:00Z,BATCH-OLAA-1121
PO_B10_001122,Stripe India,PHNP-INV-634732 PO_B10_001122,307317,6890,0,0,300427,INR,2026-08-12T19:39:00Z,BATCH-PHNP-1122
PO_B10_001123,PayU Enterprise,UBER-INV-313314 PO_B10_001123,393697,9196,0,0,384501,INR,2026-08-12T14:03:00Z,BATCH-UBER-1123
PO_B10_001124,Stripe India,UBER-ORD-201576 UBER-ORD-214368 UBER-ORD-472271 BATCH-UBER-1124,237406,4748,0,0,232658,INR,2026-08-12T16:59:00Z,BATCH-UBER-1124
PO_B10_001125,BillDesk Settlement,OLAA-INV-875526 PO_B10_001125,346142,8084,0,0,338058,INR,2026-08-12T23:24:00Z,BATCH-OLAA-1125
PO_B10_001126,Stripe India,AMZN-INV-341517 PO_B10_001126,160206,2551,0,0,157655,INR,2026-08-12T22:11:00Z,BATCH-AMZN-1126
PO_B10_001127,BillDesk Settlement,UBER-INV-439232 PO_B10_001127,438579,10089,0,0,428490,INR,2026-08-11T21:09:00Z,BATCH-UBER-1127
PO_B10_001128,Razorpay Nodal,PHNP-ORD-106000 PHNP-ORD-252785 PHNP-ORD-916009 BATCH-PHNP-1128,249972,4999,0,0,244973,INR,2026-08-12T00:14:00Z,BATCH-PHNP-1128
PO_B10_001129,PayU Enterprise,UBER-INV-470495 PO_B10_001129,102423,1855,0,0,100568,INR,2026-08-12T16:26:00Z,BATCH-UBER-1129
PO_B10_001130,Stripe India,BLNK-INV-821084 PO_B10_001130,30730,666,0,0,30064,INR,2026-08-12T07:10:00Z,BATCH-BLNK-1130
PO_B10_001131,Stripe India,PHNP-INV-736164 PO_B10_001131,377266,6149,0,0,371117,INR,2026-08-13T02:49:00Z,BATCH-PHNP-1131
PO_B10_001132,PayU Enterprise,UBER-INV-272833 PO_B10_001132,103500,2503,0,0,100997,INR,2026-08-12T08:50:00Z,BATCH-UBER-1132
PO_B10_001133,BillDesk Settlement,JIOO-ORD-363856 JIOO-ORD-608170 BATCH-JIOO-1133,314367,6287,0,0,308080,INR,2026-08-12T11:53:00Z,BATCH-JIOO-1133
PO_B10_001134,BillDesk Settlement,OLAA-INV-298463 PO_B10_001134,361290,5813,0,0,355477,INR,2026-08-12T03:30:00Z,BATCH-OLAA-1134
PO_B10_001135,BillDesk Settlement,JIOO-INV-992700 PO_B10_001135,78101,1417,0,0,76684,INR,2026-08-12T03:35:00Z,BATCH-JIOO-1135
PO_B10_001136,PayU Enterprise,BLNK-INV-472553 PO_B10_001136,109793,2158,0,0,107635,INR,2026-08-12T12:44:00Z,BATCH-BLNK-1136
PO_B10_001137,Stripe India,BKMS-INV-453436 PO_B10_001137,367117,6417,0,0,360700,INR,2026-08-11T23:30:00Z,BATCH-BKMS-1137
PO_B10_001138,Razorpay Nodal,TATA-INV-461708 PO_B10_001138,31095,703,0,0,30392,INR,2026-08-12T02:53:00Z,BATCH-TATA-1138
PO_B10_001139,Cashfree Escrow,ZOMA-INV-116393 PO_B10_001139,76823,1253,0,0,75570,INR,2026-08-12T06:29:00Z,BATCH-ZOMA-1139
PO_B10_001140,BillDesk Settlement,BKMS-INV-154580 PO_B10_001140,416708,6505,0,0,410203,INR,2026-08-12T21:20:00Z,BATCH-BKMS-1140
PO_B10_001141,PayU Enterprise,ZOMA-INV-801226 PO_B10_001141,45336,791,0,0,44545,INR,2026-08-12T12:47:00Z,BATCH-ZOMA-1141
PO_B10_001142,BillDesk Settlement,BKMS-ORD-137977 BKMS-ORD-380690 BKMS-ORD-556744 BATCH-BKMS-1142,543290,10865,0,0,532425,INR,2026-08-12T01:37:00Z,BATCH-BKMS-1142
PO_B10_001143,Razorpay Nodal,PHNP-ORD-867888 PHNP-ORD-225892 BATCH-PHNP-1143,291329,5826,0,0,285503,INR,2026-08-12T06:15:00Z,BATCH-PHNP-1143
PO_B10_001144,Stripe India,PAYT-INV-897605 PO_B10_001144,165858,3131,0,0,162727,INR,2026-08-11T19:30:00Z,BATCH-PAYT-1144
PO_B10_001145,BillDesk Settlement,BLNK-ORD-239886 BLNK-ORD-259947 BATCH-BLNK-1145,177061,3541,0,0,173520,INR,2026-08-12T10:51:00Z,BATCH-BLNK-1145
PO_B10_001146,BillDesk Settlement,AMZN-INV-661603 PO_B10_001146,47521,1071,0,0,46450,INR,2026-08-12T07:58:00Z,BATCH-AMZN-1146
PO_B10_001147,Razorpay Nodal,TATA-INV-538390 PO_B10_001147,177525,3363,0,0,174162,INR,2026-08-12T03:48:00Z,BATCH-TATA-1147
PO_B10_001148,BillDesk Settlement,FLPK-INV-109792 PO_B10_001148,350742,5349,0,0,345393,INR,2026-08-12T02:35:00Z,BATCH-FLPK-1148
PO_B10_001149,BillDesk Settlement,PHNP-INV-298245 PO_B10_001149,71535,1142,0,0,70393,INR,2026-08-12T04:22:00Z,BATCH-PHNP-1149
PO_B10_001150,Razorpay Nodal,JIOO-INV-701594 PO_B10_001150,29339,442,0,0,28897,INR,2026-08-12T17:13:00Z,BATCH-JIOO-1150
PO_B10_001151,PayU Enterprise,OLAA-INV-239828 PO_B10_001151,104468,2405,0,0,102063,INR,2026-08-11T18:39:00Z,BATCH-OLAA-1151
PO_B10_001152,BillDesk Settlement,BLNK-INV-992639 PO_B10_001152,140371,2486,0,0,137885,INR,2026-08-12T05:27:00Z,BATCH-BLNK-1152
PO_B10_001153,Stripe India,AMZN-ORD-997405 AMZN-ORD-895142 BATCH-AMZN-1153,183152,3663,0,0,179489,INR,2026-08-11T22:04:00Z,BATCH-AMZN-1153
PO_B10_001154,Cashfree Escrow,BBAS-ORD-168485 BBAS-ORD-184941 BATCH-BBAS-1154,393517,7870,0,0,385647,INR,2026-08-12T15:02:00Z,BATCH-BBAS-1154
PO_B10_001155,PayU Enterprise,NYKA-INV-485533 PO_B10_001155,233561,5700,0,0,227861,INR,2026-08-12T03:22:00Z,BATCH-NYKA-1155
PO_B10_001156,Razorpay Nodal,JIOO-ORD-559003 JIOO-ORD-730296 JIOO-ORD-566489 BATCH-JIOO-1156,362793,7255,0,0,355538,INR,2026-08-12T08:56:00Z,BATCH-JIOO-1156
PO_B10_001157,Cashfree Escrow,AMZN-ORD-463629 AMZN-ORD-105566 AMZN-ORD-576274 BATCH-AMZN-1157,562091,11241,0,0,550850,INR,2026-08-12T19:19:00Z,BATCH-AMZN-1157
PO_B10_001158,PayU Enterprise,AMZN-INV-160929 PO_B10_001158,336891,8164,0,0,328727,INR,2026-08-12T15:14:00Z,BATCH-AMZN-1158
PO_B10_001159,Cashfree Escrow,BBAS-ORD-602112 BBAS-ORD-834152 BBAS-ORD-301302 BATCH-BBAS-1159,391372,7827,0,0,383545,INR,2026-08-12T03:54:00Z,BATCH-BBAS-1159
PO_B10_001160,BillDesk Settlement,SWIG-INV-239490 PO_B10_001160,256614,4701,0,0,251913,INR,2026-08-12T04:48:00Z,BATCH-SWIG-1160
PO_B10_001161,PayU Enterprise,AMZN-INV-871043 PO_B10_001161,182528,3388,0,0,179140,INR,2026-08-12T13:46:00Z,BATCH-AMZN-1161
PO_B10_001162,PayU Enterprise,SWIG-ORD-342994 SWIG-ORD-547885 BATCH-SWIG-1162,250703,5014,0,0,245689,INR,2026-08-12T17:28:00Z,BATCH-SWIG-1162
PO_B10_001163,Stripe India,FLPK-EXC-632734-UNRESOLVED,283293,5655,0,0,277638,INR,2026-08-13T07:16:00Z,HOLD-ESCROW
PO_B10_001164,BillDesk Settlement,OLAA-INV-145280 PO_B10_001164,232208,4207,0,0,228001,INR,2026-08-12T12:32:00Z,BATCH-OLAA-1164
PO_B10_001165,Razorpay Nodal,PHNP-INV-427874 PO_B10_001165,248084,5420,0,0,242664,INR,2026-08-12T07:47:00Z,BATCH-PHNP-1165
PO_B10_001166,PayU Enterprise,TATA-INV-302185 PO_B10_001166,236910,5595,0,0,231315,INR,2026-08-11T18:21:00Z,BATCH-TATA-1166
PO_B10_001167,PayU Enterprise,PAYT-ORD-356196 PAYT-ORD-147147 BATCH-PAYT-1167,184394,3687,0,0,180707,INR,2026-08-12T17:18:00Z,BATCH-PAYT-1167
PO_B10_001168,Stripe India,BLNK-ORD-938569 BLNK-ORD-253671 BATCH-BLNK-1168,313013,6260,0,0,306753,INR,2026-08-11T22:13:00Z,BATCH-BLNK-1168
PO_B10_001169,PayU Enterprise,ZOMA-INV-347098 PO_B10_001169,383601,6289,0,0,377312,INR,2026-08-11T14:40:00Z,BATCH-ZOMA-1169
PO_B10_001170,Stripe India,UBER-ORD-192665 UBER-ORD-305661 UBER-ORD-913160 BATCH-UBER-1170,472503,9450,0,0,463053,INR,2026-08-12T03:42:00Z,BATCH-UBER-1170
PO_B10_001171,Stripe India,BLNK-INV-560414 PO_B10_001171,312128,5001,0,0,307127,INR,2026-08-12T10:46:00Z,BATCH-BLNK-1171
PO_B10_001172,Cashfree Escrow,BLNK-INV-616052 PO_B10_001172,417361,6642,0,0,410719,INR,2026-08-12T09:54:00Z,BATCH-BLNK-1172
PO_B10_001173,BillDesk Settlement,PAYT-INV-104746 PO_B10_001173,399088,6240,0,0,392848,INR,2026-08-12T21:23:00Z,BATCH-PAYT-1173
PO_B10_001174,Razorpay Nodal,BKMS-INV-740483 PO_B10_001174,175008,4198,0,0,170810,INR,2026-08-12T14:29:00Z,BATCH-BKMS-1174
PO_B10_001175,Cashfree Escrow,SWIG-INV-813506 PO_B10_001175,107215,2048,0,0,105167,INR,2026-08-12T10:18:00Z,BATCH-SWIG-1175
PO_B10_001176,PayU Enterprise,NYKA-ORD-811487 NYKA-ORD-768844 BATCH-NYKA-1176,329446,6588,0,0,322858,INR,2026-08-12T06:26:00Z,BATCH-NYKA-1176
PO_B10_001177,Stripe India,MMTR-INV-876595 PO_B10_001177,365625,5914,0,0,359711,INR,2026-08-12T09:56:00Z,BATCH-MMTR-1177
PO_B10_001178,PayU Enterprise,JIOO-EXC-659088-UNRESOLVED,137934,2748,0,0,135186,INR,2026-08-12T22:22:00Z,HOLD-ESCROW
PO_B10_001179,Stripe India,PAYT-ORD-982728 PAYT-ORD-971398 PAYT-ORD-895629 BATCH-PAYT-1179,206507,4130,0,0,202377,INR,2026-08-12T12:22:00Z,BATCH-PAYT-1179
PO_B10_001180,BillDesk Settlement,BKMS-INV-902763 PO_B10_001180,145647,3304,0,0,142343,INR,2026-08-12T10:01:00Z,BATCH-BKMS-1180
PO_B10_001181,BillDesk Settlement,NYKA-ORD-785161 NYKA-ORD-382236 BATCH-NYKA-1181,469642,9392,0,0,460250,INR,2026-08-12T09:21:00Z,BATCH-NYKA-1181
PO_B10_001182,PayU Enterprise,AMZN-ORD-632783 AMZN-ORD-404140 AMZN-ORD-172738 BATCH-AMZN-1182,353757,7075,0,0,346682,INR,2026-08-12T13:36:00Z,BATCH-AMZN-1182
PO_B10_001183,PayU Enterprise,FLPK-ORD-622479 FLPK-ORD-497586 FLPK-ORD-629183 BATCH-FLPK-1183,661612,13232,0,0,648380,INR,2026-08-12T09:58:00Z,BATCH-FLPK-1183
PO_B10_001184,BillDesk Settlement,BLNK-INV-975381 PO_B10_001184,220582,4657,0,0,215925,INR,2026-08-12T06:35:00Z,BATCH-BLNK-1184
PO_B10_001185,BillDesk Settlement,BLNK-INV-991791 PO_B10_001185,393488,7785,0,0,385703,INR,2026-08-12T02:30:00Z,BATCH-BLNK-1185
PO_B10_001186,Razorpay Nodal,TATA-ORD-486742 TATA-ORD-884532 BATCH-TATA-1186,418242,8364,0,0,409878,INR,2026-08-12T09:20:00Z,BATCH-TATA-1186
PO_B10_001187,Cashfree Escrow,BLNK-ORD-459345 BLNK-ORD-979667 BLNK-ORD-534764 BATCH-BLNK-1187,624915,12498,0,0,612417,INR,2026-08-12T07:10:00Z,BATCH-BLNK-1187
PO_B10_001188,Razorpay Nodal,MYNT-INV-966284 PO_B10_001188,27244,534,0,0,26710,INR,2026-08-12T11:57:00Z,BATCH-MYNT-1188
PO_B10_001189,PayU Enterprise,PHNP-INV-896675 PO_B10_001189,298195,4656,0,0,293539,INR,2026-08-12T03:39:00Z,BATCH-PHNP-1189
PO_B10_001190,Razorpay Nodal,TATA-INV-682554 PO_B10_001190,88326,2050,0,0,86276,INR,2026-08-12T11:31:00Z,BATCH-TATA-1190
PO_B10_001191,PayU Enterprise,FLPK-INV-684723 PO_B10_001191,230195,4060,0,0,226135,INR,2026-08-12T01:09:00Z,BATCH-FLPK-1191
PO_B10_001192,Razorpay Nodal,AMZN-ORD-188730 AMZN-ORD-668538 BATCH-AMZN-1192,182944,3658,0,0,179286,INR,2026-08-12T00:47:00Z,BATCH-AMZN-1192
PO_B10_001193,BillDesk Settlement,SWIG-INV-540713 PO_B10_001193,305189,5019,0,0,300170,INR,2026-08-12T16:07:00Z,BATCH-SWIG-1193
PO_B10_001194,Cashfree Escrow,OLAA-INV-357247 PO_B10_001194,436953,8136,0,0,428817,INR,2026-08-12T17:49:00Z,BATCH-OLAA-1194
PO_B10_001195,PayU Enterprise,FLPK-INV-306439 PO_B10_001195,119029,1939,0,0,117090,INR,2026-08-11T23:25:00Z,BATCH-FLPK-1195
PO_B10_001196,Razorpay Nodal,ZOMA-INV-308962 PO_B10_001196,398783,7842,0,0,390941,INR,2026-08-11T19:39:00Z,BATCH-ZOMA-1196
PO_B10_001197,Cashfree Escrow,MYNT-ORD-966407 MYNT-ORD-277228 MYNT-ORD-478980 BATCH-MYNT-1197,456660,9133,0,0,447527,INR,2026-08-12T20:30:00Z,BATCH-MYNT-1197
PO_B10_001198,BillDesk Settlement,NYKA-INV-837929 PO_B10_001198,448488,7505,0,0,440983,INR,2026-08-12T21:37:00Z,BATCH-NYKA-1198
PO_B10_001199,Cashfree Escrow,PAYT-ORD-279775 PAYT-ORD-151557 BATCH-PAYT-1199,118425,2368,0,0,116057,INR,2026-08-11T22:15:00Z,BATCH-PAYT-1199
PO_B10_001200,PayU Enterprise,MMTR-INV-985002 PO_B10_001200,247395,4160,0,0,243235,INR,2026-08-12T03:42:00Z,BATCH-MMTR-1200
PO_B10_001201,Cashfree Escrow,BLNK-INV-767328 PO_B10_001201,265984,4174,0,0,261810,INR,2026-08-12T10:41:00Z,BATCH-BLNK-1201
PO_B10_001202,BillDesk Settlement,OLAA-INV-727593 PO_B10_001202,401622,7339,0,0,394283,INR,2026-08-12T09:42:00Z,BATCH-OLAA-1202
PO_B10_001203,Cashfree Escrow,PHNP-INV-937407 PO_B10_001203,204052,4167,0,0,199885,INR,2026-08-12T00:22:00Z,BATCH-PHNP-1203
PO_B10_001204,BillDesk Settlement,AMZN-INV-459589 PO_B10_001204,261426,3992,0,0,257434,INR,2026-08-12T18:42:00Z,BATCH-AMZN-1204
PO_B10_001205,BillDesk Settlement,FLPK-INV-769069 PO_B10_001205,294211,5118,0,0,289093,INR,2026-08-12T08:21:00Z,BATCH-FLPK-1205
PO_B10_001206,Cashfree Escrow,BBAS-INV-844112 PO_B10_001206,161512,3966,0,0,157546,INR,2026-08-12T01:37:00Z,BATCH-BBAS-1206
PO_B10_001207,Razorpay Nodal,BBAS-INV-538859 PO_B10_001207,402706,6766,0,0,395940,INR,2026-08-12T09:38:00Z,BATCH-BBAS-1207
PO_B10_001208,Razorpay Nodal,BLNK-ORD-693695 BLNK-ORD-320410 BLNK-ORD-379655 BATCH-BLNK-1208,510223,10204,0,0,500019,INR,2026-08-12T05:52:00Z,BATCH-BLNK-1208
PO_B10_001209,Cashfree Escrow,MYNT-INV-719259 PO_B10_001209,390072,5853,0,0,384219,INR,2026-08-12T02:56:00Z,BATCH-MYNT-1209
PO_B10_001210,BillDesk Settlement,SWIG-INV-659175 PO_B10_001210,347134,7490,0,0,339644,INR,2026-08-13T02:46:00Z,BATCH-SWIG-1210
PO_B10_001211,Razorpay Nodal,UBER-INV-304894 PO_B10_001211,276264,6025,0,0,270239,INR,2026-08-12T01:42:00Z,BATCH-UBER-1211
PO_B10_001212,PayU Enterprise,JIOO-ORD-799128 JIOO-ORD-546319 JIOO-ORD-181227 BATCH-JIOO-1212,457029,9140,0,0,447889,INR,2026-08-11T23:32:00Z,BATCH-JIOO-1212
PO_B10_001213,PayU Enterprise,MYNT-INV-283202 PO_B10_001213,183887,3135,0,0,180752,INR,2026-08-11T21:43:00Z,BATCH-MYNT-1213
PO_B10_001214,Stripe India,PAYT-ORD-910831 PAYT-ORD-671702 BATCH-PAYT-1214,258030,5160,0,0,252870,INR,2026-08-12T16:11:00Z,BATCH-PAYT-1214
PO_B10_001215,Razorpay Nodal,OLAA-INV-561281 PO_B10_001215,169340,3198,0,0,166142,INR,2026-08-12T15:02:00Z,BATCH-OLAA-1215
PO_B10_001216,PayU Enterprise,FLPK-INV-570570 PO_B10_001216,181120,3625,0,0,177495,INR,2026-08-12T11:57:00Z,BATCH-FLPK-1216
PO_B10_001217,Stripe India,OLAA-INV-525593 PO_B10_001217,265171,4947,0,0,260224,INR,2026-08-11T23:50:00Z,BATCH-OLAA-1217
PO_B10_001218,Cashfree Escrow,FLPK-INV-869473 PO_B10_001218,336642,6081,0,0,330561,INR,2026-08-11T20:58:00Z,BATCH-FLPK-1218
PO_B10_001219,Stripe India,ZOMA-ORD-962827 ZOMA-ORD-321796 ZOMA-ORD-371463 BATCH-ZOMA-1219,536091,10721,0,0,525370,INR,2026-08-12T08:37:00Z,BATCH-ZOMA-1219
PO_B10_001220,Razorpay Nodal,PAYT-ORD-508564 PAYT-ORD-256230 BATCH-PAYT-1220,287202,5744,0,0,281458,INR,2026-08-12T07:33:00Z,BATCH-PAYT-1220
PO_B10_001221,Stripe India,TATA-ORD-880262 TATA-ORD-983370 BATCH-TATA-1221,415905,8318,0,0,407587,INR,2026-08-12T19:57:00Z,BATCH-TATA-1221
PO_B10_001222,PayU Enterprise,JIOO-ORD-704570 JIOO-ORD-548475 BATCH-JIOO-1222,374498,7489,0,0,367009,INR,2026-08-12T11:40:00Z,BATCH-JIOO-1222
PO_B10_001223,Cashfree Escrow,TATA-INV-412476 PO_B10_001223,118696,2604,0,0,116092,INR,2026-08-12T00:44:00Z,BATCH-TATA-1223
PO_B10_001224,Cashfree Escrow,AMZN-INV-856138 PO_B10_001224,378253,5918,0,0,372335,INR,2026-08-12T06:31:00Z,BATCH-AMZN-1224
PO_B10_001225,Razorpay Nodal,BLNK-INV-422680 PO_B10_001225,346347,8520,0,0,337827,INR,2026-08-12T13:23:00Z,BATCH-BLNK-1225
PO_B10_001226,Razorpay Nodal,BLNK-INV-407062 PO_B10_001226,159262,2411,0,0,156851,INR,2026-08-12T03:55:00Z,BATCH-BLNK-1226
PO_B10_001227,PayU Enterprise,PAYT-INV-765968 PO_B10_001227,190409,4141,0,0,186268,INR,2026-08-12T11:50:00Z,BATCH-PAYT-1227
PO_B10_001228,PayU Enterprise,FLPK-INV-362438 PO_B10_001228,259400,4449,0,0,254951,INR,2026-08-11T21:31:00Z,BATCH-FLPK-1228
PO_B10_001229,BillDesk Settlement,PHNP-INV-666695 PO_B10_001229,29889,708,0,0,29181,INR,2026-08-11T15:23:00Z,BATCH-PHNP-1229
PO_B10_001230,Razorpay Nodal,BKMS-INV-623863 PO_B10_001230,214835,4829,0,0,210006,INR,2026-08-11T21:30:00Z,BATCH-BKMS-1230
PO_B10_001231,Stripe India,BLNK-ORD-542269 BLNK-ORD-101604 BLNK-ORD-841911 BATCH-BLNK-1231,323903,6478,0,0,317425,INR,2026-08-12T16:06:00Z,BATCH-BLNK-1231
PO_B10_001232,BillDesk Settlement,TATA-EXC-139622-UNRESOLVED,144129,2872,0,0,141257,INR,2026-08-12T20:27:00Z,HOLD-ESCROW
PO_B10_001233,PayU Enterprise,TATA-INV-141586 PO_B10_001233,170270,3431,0,0,166839,INR,2026-08-12T07:45:00Z,BATCH-TATA-1233
PO_B10_001234,Razorpay Nodal,PHNP-INV-931409 PO_B10_001234,387012,8332,0,0,378680,INR,2026-08-12T14:44:00Z,BATCH-PHNP-1234
PO_B10_001235,Cashfree Escrow,OLAA-INV-532257 PO_B10_001235,161487,3275,0,0,158212,INR,2026-08-12T22:14:00Z,BATCH-OLAA-1235
PO_B10_001236,Stripe India,PAYT-ORD-514960 PAYT-ORD-852224 PAYT-ORD-898842 BATCH-PAYT-1236,329656,6593,0,0,323063,INR,2026-08-12T17:58:00Z,BATCH-PAYT-1236
PO_B10_001237,Stripe India,UBER-INV-231836 PO_B10_001237,411939,7041,0,0,404898,INR,2026-08-12T14:40:00Z,BATCH-UBER-1237
PO_B10_001238,BillDesk Settlement,MMTR-INV-346191 PO_B10_001238,252263,5384,0,0,246879,INR,2026-08-12T01:03:00Z,BATCH-MMTR-1238
PO_B10_001239,BillDesk Settlement,PHNP-ORD-473351 PHNP-ORD-930277 PHNP-ORD-702401 BATCH-PHNP-1239,359086,7181,0,0,351905,INR,2026-08-12T00:31:00Z,BATCH-PHNP-1239
PO_B10_001240,BillDesk Settlement,ZOMA-INV-436711 PO_B10_001240,361818,7095,0,0,354723,INR,2026-08-12T00:15:00Z,BATCH-ZOMA-1240
PO_B10_001241,BillDesk Settlement,SWIG-ORD-765882 SWIG-ORD-442880 SWIG-ORD-313466 BATCH-SWIG-1241,517390,10347,0,0,507043,INR,2026-08-12T01:33:00Z,BATCH-SWIG-1241
PO_B10_001242,PayU Enterprise,JIOO-ORD-227287 JIOO-ORD-377636 BATCH-JIOO-1242,170757,3415,0,0,167342,INR,2026-08-12T20:41:00Z,BATCH-JIOO-1242
PO_B10_001243,PayU Enterprise,PAYT-INV-113280 PO_B10_001243,127725,2364,0,0,125361,INR,2026-08-12T06:16:00Z,BATCH-PAYT-1243
PO_B10_001244,Stripe India,TATA-INV-539883 PO_B10_001244,112260,2623,0,0,109637,INR,2026-08-12T11:09:00Z,BATCH-TATA-1244
PO_B10_001245,Stripe India,ZOMA-INV-444057 PO_B10_001245,276612,5500,0,0,271112,INR,2026-08-12T14:47:00Z,BATCH-ZOMA-1245
PO_B10_001246,BillDesk Settlement,PHNP-INV-559745 PO_B10_001246,156851,3078,0,0,153773,INR,2026-08-12T02:00:00Z,BATCH-PHNP-1246
PO_B10_001247,BillDesk Settlement,ZOMA-ORD-891288 ZOMA-ORD-443783 BATCH-ZOMA-1247,358494,7169,0,0,351325,INR,2026-08-12T11:40:00Z,BATCH-ZOMA-1247
PO_B10_001248,BillDesk Settlement,PHNP-ORD-828503 PHNP-ORD-693684 BATCH-PHNP-1248,242453,4849,0,0,237604,INR,2026-08-12T10:22:00Z,BATCH-PHNP-1248
PO_B10_001249,Cashfree Escrow,PAYT-INV-648479 PO_B10_001249,243597,5966,0,0,237631,INR,2026-08-11T23:02:00Z,BATCH-PAYT-1249
PO_B10_001250,Razorpay Nodal,FLPK-INV-162614 PO_B10_001250,272732,6216,0,0,266516,INR,2026-08-11T21:33:00Z,BATCH-FLPK-1250
PO_B10_001251,Cashfree Escrow,AMZN-INV-289793 PO_B10_001251,50886,798,0,0,50088,INR,2026-08-12T18:25:00Z,BATCH-AMZN-1251
PO_B10_001252,Cashfree Escrow,AMZN-ORD-220965 AMZN-ORD-239000 BATCH-AMZN-1252,251793,5035,0,0,246758,INR,2026-08-12T05:51:00Z,BATCH-AMZN-1252
PO_B10_001253,Stripe India,ZOMA-INV-754254 PO_B10_001253,435757,8360,0,0,427397,INR,2026-08-12T12:19:00Z,BATCH-ZOMA-1253
PO_B10_001254,Stripe India,MYNT-ORD-974658 MYNT-ORD-312185 MYNT-ORD-689845 BATCH-MYNT-1254,571667,11433,0,0,560234,INR,2026-08-12T01:56:00Z,BATCH-MYNT-1254
PO_B10_001255,BillDesk Settlement,PHNP-INV-139929 PO_B10_001255,121716,2810,0,0,118906,INR,2026-08-12T19:03:00Z,BATCH-PHNP-1255
PO_B10_001256,Razorpay Nodal,JIOO-INV-149097 PO_B10_001256,316369,6222,0,0,310147,INR,2026-08-12T00:39:00Z,BATCH-JIOO-1256
PO_B10_001257,Razorpay Nodal,AMZN-INV-531226 PO_B10_001257,353505,5915,0,0,347590,INR,2026-08-13T00:05:00Z,BATCH-AMZN-1257
PO_B10_001258,Stripe India,ZOMA-INV-688771 PO_B10_001258,324502,5192,0,0,319310,INR,2026-08-12T03:56:00Z,BATCH-ZOMA-1258
PO_B10_001259,Razorpay Nodal,SWIG-INV-240035 PO_B10_001259,239629,4210,0,0,235419,INR,2026-08-11T20:05:00Z,BATCH-SWIG-1259
PO_B10_001260,PayU Enterprise,PAYT-INV-428112 PO_B10_001260,448175,10711,0,0,437464,INR,2026-08-12T16:07:00Z,BATCH-PAYT-1260
PO_B10_001261,BillDesk Settlement,TATA-INV-142893 PO_B10_001261,111270,2008,0,0,109262,INR,2026-08-12T11:25:00Z,BATCH-TATA-1261
PO_B10_001262,Razorpay Nodal,ZOMA-INV-254795 PO_B10_001262,393338,9347,0,0,383991,INR,2026-08-11T21:27:00Z,BATCH-ZOMA-1262
PO_B10_001263,PayU Enterprise,PHNP-INV-154155 PO_B10_001263,247622,5736,0,0,241886,INR,2026-08-12T05:34:00Z,BATCH-PHNP-1263
PO_B10_001264,Cashfree Escrow,BBAS-INV-460155 PO_B10_001264,353712,7633,0,0,346079,INR,2026-08-12T01:11:00Z,BATCH-BBAS-1264
PO_B10_001265,Stripe India,MYNT-INV-452020 PO_B10_001265,120072,2455,0,0,117617,INR,2026-08-12T18:04:00Z,BATCH-MYNT-1265
PO_B10_001266,Razorpay Nodal,PAYT-INV-137410 PO_B10_001266,428432,6454,0,0,421978,INR,2026-08-12T15:50:00Z,BATCH-PAYT-1266
PO_B10_001267,Stripe India,BKMS-INV-829752 PO_B10_001267,347184,7788,0,0,339396,INR,2026-08-12T18:47:00Z,BATCH-BKMS-1267
PO_B10_001268,BillDesk Settlement,MMTR-INV-174394 PO_B10_001268,178413,3262,0,0,175151,INR,2026-08-11T23:13:00Z,BATCH-MMTR-1268
PO_B10_001269,BillDesk Settlement,TATA-INV-977656 PO_B10_001269,136909,2232,0,0,134677,INR,2026-08-12T07:10:00Z,BATCH-TATA-1269
PO_B10_001270,Stripe India,MYNT-INV-956961 PO_B10_001270,355898,6137,0,0,349761,INR,2026-08-12T20:12:00Z,BATCH-MYNT-1270
PO_B10_001271,PayU Enterprise,BKMS-INV-426066 PO_B10_001271,402217,6329,0,0,395888,INR,2026-08-11T15:19:00Z,BATCH-BKMS-1271
PO_B10_001272,Cashfree Escrow,TATA-INV-777489 PO_B10_001272,372569,7744,0,0,364825,INR,2026-08-12T17:55:00Z,BATCH-TATA-1272
PO_B10_001273,Stripe India,PAYT-INV-696561 PO_B10_001273,320941,7276,0,0,313665,INR,2026-08-12T03:06:00Z,BATCH-PAYT-1273
PO_B10_001274,PayU Enterprise,NYKA-INV-962655 PO_B10_001274,155986,3858,0,0,152128,INR,2026-08-12T02:57:00Z,BATCH-NYKA-1274
PO_B10_001275,BillDesk Settlement,AMZN-INV-456073 PO_B10_001275,338802,6618,0,0,332184,INR,2026-08-11T22:29:00Z,BATCH-AMZN-1275
PO_B10_001276,Stripe India,NYKA-EXC-221601-UNRESOLVED,143662,2863,0,0,140799,INR,2026-08-12T19:00:00Z,HOLD-ESCROW
PO_B10_001277,PayU Enterprise,FLPK-ORD-362793 FLPK-ORD-984511 BATCH-FLPK-1277,225612,4512,0,0,221100,INR,2026-08-12T10:31:00Z,BATCH-FLPK-1277
PO_B10_001278,BillDesk Settlement,BKMS-ORD-661519 BKMS-ORD-980668 BATCH-BKMS-1278,169730,3394,0,0,166336,INR,2026-08-12T11:35:00Z,BATCH-BKMS-1278
PO_B10_001279,Razorpay Nodal,BKMS-ORD-150853 BKMS-ORD-631556 BATCH-BKMS-1279,87341,1746,0,0,85595,INR,2026-08-11T23:40:00Z,BATCH-BKMS-1279
PO_B10_001280,PayU Enterprise,MMTR-INV-508630 PO_B10_001280,219559,4276,0,0,215283,INR,2026-08-12T03:20:00Z,BATCH-MMTR-1280
PO_B10_001281,BillDesk Settlement,UBER-INV-476717 PO_B10_001281,385258,7158,0,0,378100,INR,2026-08-12T01:47:00Z,BATCH-UBER-1281
PO_B10_001282,Cashfree Escrow,SWIG-INV-324288 PO_B10_001282,356338,8205,0,0,348133,INR,2026-08-12T12:43:00Z,BATCH-SWIG-1282
PO_B10_001283,Stripe India,OLAA-ORD-359509 OLAA-ORD-285620 BATCH-OLAA-1283,224553,4491,0,0,220062,INR,2026-08-12T17:42:00Z,BATCH-OLAA-1283
PO_B10_001284,Razorpay Nodal,ZOMA-INV-628784 PO_B10_001284,174096,4167,0,0,169929,INR,2026-08-12T10:30:00Z,BATCH-ZOMA-1284
PO_B10_001285,Stripe India,SWIG-INV-269753 PO_B10_001285,313414,6661,0,0,306753,INR,2026-08-12T06:39:00Z,BATCH-SWIG-1285
PO_B10_001286,PayU Enterprise,MYNT-ORD-504849 MYNT-ORD-540394 MYNT-ORD-742772 BATCH-MYNT-1286,385130,7702,0,0,377428,INR,2026-08-12T11:09:00Z,BATCH-MYNT-1286
PO_B10_001287,PayU Enterprise,UBER-INV-186172 PO_B10_001287,418349,6825,0,0,411524,INR,2026-08-12T04:25:00Z,BATCH-UBER-1287
PO_B10_001288,PayU Enterprise,MYNT-INV-762598 PO_B10_001288,135370,3344,0,0,132026,INR,2026-08-13T00:48:00Z,BATCH-MYNT-1288
PO_B10_001289,BillDesk Settlement,BLNK-INV-517465 PO_B10_001289,197583,3410,0,0,194173,INR,2026-08-12T21:51:00Z,BATCH-BLNK-1289
PO_B10_001290,Razorpay Nodal,FLPK-ORD-184489 FLPK-ORD-652396 FLPK-ORD-664275 BATCH-FLPK-1290,393261,7865,0,0,385396,INR,2026-08-12T16:30:00Z,BATCH-FLPK-1290
PO_B10_001291,Stripe India,AMZN-ORD-254949 AMZN-ORD-854170 BATCH-AMZN-1291,451818,9036,0,0,442782,INR,2026-08-11T23:04:00Z,BATCH-AMZN-1291
PO_B10_001292,Razorpay Nodal,BKMS-INV-118816 PO_B10_001292,263818,6323,0,0,257495,INR,2026-08-11T18:17:00Z,BATCH-BKMS-1292
PO_B10_001293,Cashfree Escrow,MYNT-ORD-746784 MYNT-ORD-584313 BATCH-MYNT-1293,216632,4332,0,0,212300,INR,2026-08-12T10:56:00Z,BATCH-MYNT-1293
PO_B10_001294,PayU Enterprise,AMZN-INV-835164 PO_B10_001294,192351,4149,0,0,188202,INR,2026-08-12T14:26:00Z,BATCH-AMZN-1294
PO_B10_001295,Razorpay Nodal,PHNP-INV-329606 PO_B10_001295,261346,5603,0,0,255743,INR,2026-08-12T09:22:00Z,BATCH-PHNP-1295
PO_B10_001296,Stripe India,JIOO-INV-114598 PO_B10_001296,133557,3324,0,0,130233,INR,2026-08-11T21:23:00Z,BATCH-JIOO-1296
PO_B10_001297,PayU Enterprise,FLPK-INV-955730 PO_B10_001297,184172,3557,0,0,180615,INR,2026-08-11T21:53:00Z,BATCH-FLPK-1297
PO_B10_001298,Cashfree Escrow,PAYT-EXC-703856-UNRESOLVED,76507,1520,0,0,74987,INR,2026-08-12T10:49:00Z,HOLD-ESCROW
PO_B10_001299,BillDesk Settlement,SWIG-ORD-759534 SWIG-ORD-861596 SWIG-ORD-772848 BATCH-SWIG-1299,446796,8935,0,0,437861,INR,2026-08-12T01:48:00Z,BATCH-SWIG-1299
PO_B10_001300,Cashfree Escrow,JIOO-INV-437832 PO_B10_001300,368029,5637,0,0,362392,INR,2026-08-12T12:24:00Z,BATCH-JIOO-1300
PO_B10_001301,PayU Enterprise,JIOO-INV-697645 PO_B10_001301,131938,2158,0,0,129780,INR,2026-08-12T00:33:00Z,BATCH-JIOO-1301
PO_B10_001302,Razorpay Nodal,BLNK-INV-155139 PO_B10_001302,368248,8546,0,0,359702,INR,2026-08-12T17:32:00Z,BATCH-BLNK-1302
PO_B10_001303,PayU Enterprise,FLPK-ORD-342245 FLPK-ORD-433388 BATCH-FLPK-1303,235336,4706,0,0,230630,INR,2026-08-12T06:45:00Z,BATCH-FLPK-1303
PO_B10_001304,Cashfree Escrow,OLAA-INV-777641 PO_B10_001304,179128,4378,0,0,174750,INR,2026-08-12T10:04:00Z,BATCH-OLAA-1304
PO_B10_001305,Cashfree Escrow,UBER-INV-919424 PO_B10_001305,52270,1276,0,0,50994,INR,2026-08-12T17:16:00Z,BATCH-UBER-1305
PO_B10_001306,PayU Enterprise,OLAA-ORD-302958 OLAA-ORD-847716 BATCH-OLAA-1306,256531,5130,0,0,251401,INR,2026-08-12T08:06:00Z,BATCH-OLAA-1306
PO_B10_001307,Razorpay Nodal,PHNP-INV-718561 PO_B10_001307,40152,642,0,0,39510,INR,2026-08-12T14:56:00Z,BATCH-PHNP-1307
PO_B10_001308,Razorpay Nodal,AMZN-ORD-172357 AMZN-ORD-280705 BATCH-AMZN-1308,270779,5415,0,0,265364,INR,2026-08-12T02:15:00Z,BATCH-AMZN-1308
PO_B10_001309,Stripe India,NYKA-INV-113272 PO_B10_001309,220764,3461,0,0,217303,INR,2026-08-12T04:47:00Z,BATCH-NYKA-1309
PO_B10_001310,PayU Enterprise,PHNP-INV-829310 PO_B10_001310,106959,2386,0,0,104573,INR,2026-08-12T01:14:00Z,BATCH-PHNP-1310
PO_B10_001311,Cashfree Escrow,JIOO-INV-267349 PO_B10_001311,47412,1178,0,0,46234,INR,2026-08-12T20:28:00Z,BATCH-JIOO-1311
PO_B10_001312,BillDesk Settlement,BKMS-INV-965355 PO_B10_001312,196954,3507,0,0,193447,INR,2026-08-12T13:47:00Z,BATCH-BKMS-1312
PO_B10_001313,PayU Enterprise,MYNT-INV-303457 PO_B10_001313,101627,2469,0,0,99158,INR,2026-08-12T11:54:00Z,BATCH-MYNT-1313
PO_B10_001314,BillDesk Settlement,OLAA-INV-145310 PO_B10_001314,28263,558,0,0,27705,INR,2026-08-12T13:11:00Z,BATCH-OLAA-1314
PO_B10_001315,Razorpay Nodal,PHNP-INV-773194 PO_B10_001315,298801,6804,0,0,291997,INR,2026-08-11T18:26:00Z,BATCH-PHNP-1315
PO_B10_001316,BillDesk Settlement,PAYT-INV-278219 PO_B10_001316,225213,3977,0,0,221236,INR,2026-08-12T02:55:00Z,BATCH-PAYT-1316
PO_B10_001317,BillDesk Settlement,NYKA-INV-194867 PO_B10_001317,175917,3399,0,0,172518,INR,2026-08-11T23:47:00Z,BATCH-NYKA-1317
PO_B10_001318,Cashfree Escrow,ZOMA-INV-581448 PO_B10_001318,164908,2523,0,0,162385,INR,2026-08-12T20:02:00Z,BATCH-ZOMA-1318
PO_B10_001319,BillDesk Settlement,NYKA-ORD-920782 NYKA-ORD-469089 NYKA-ORD-636977 BATCH-NYKA-1319,402395,8047,0,0,394348,INR,2026-08-12T09:31:00Z,BATCH-NYKA-1319
PO_B10_001320,Cashfree Escrow,JIOO-INV-616398 PO_B10_001320,240170,5973,0,0,234197,INR,2026-08-12T14:58:00Z,BATCH-JIOO-1320
PO_B10_001321,PayU Enterprise,BLNK-ORD-880879 BLNK-ORD-883658 BATCH-BLNK-1321,248922,4978,0,0,243944,INR,2026-08-12T12:07:00Z,BATCH-BLNK-1321
PO_B10_001322,BillDesk Settlement,OLAA-ORD-459801 OLAA-ORD-457256 BATCH-OLAA-1322,236439,4728,0,0,231711,INR,2026-08-11T23:59:00Z,BATCH-OLAA-1322
PO_B10_001323,Stripe India,BLNK-ORD-498575 BLNK-ORD-856704 BATCH-BLNK-1323,256105,5122,0,0,250983,INR,2026-08-12T00:41:00Z,BATCH-BLNK-1323
PO_B10_001324,Stripe India,BLNK-INV-554073 PO_B10_001324,436653,8687,0,0,427966,INR,2026-08-12T04:53:00Z,BATCH-BLNK-1324
PO_B10_001325,PayU Enterprise,PAYT-INV-221767 PO_B10_001325,435349,10011,0,0,425338,INR,2026-08-12T11:25:00Z,BATCH-PAYT-1325
PO_B10_001326,Razorpay Nodal,PHNP-INV-713479 PO_B10_001326,70901,1159,0,0,69742,INR,2026-08-12T13:10:00Z,BATCH-PHNP-1326
PO_B10_001327,PayU Enterprise,BKMS-ORD-498451 BKMS-ORD-161062 BATCH-BKMS-1327,126540,2530,0,0,124010,INR,2026-08-12T17:35:00Z,BATCH-BKMS-1327
PO_B10_001328,BillDesk Settlement,ZOMA-ORD-528315 ZOMA-ORD-153244 BATCH-ZOMA-1328,340346,6806,0,0,333540,INR,2026-08-12T02:57:00Z,BATCH-ZOMA-1328
PO_B10_001329,PayU Enterprise,NYKA-INV-898619 PO_B10_001329,414731,9468,0,0,405263,INR,2026-08-12T06:11:00Z,BATCH-NYKA-1329
PO_B10_001330,Razorpay Nodal,SWIG-INV-117022 PO_B10_001330,35394,752,0,0,34642,INR,2026-08-12T15:39:00Z,BATCH-SWIG-1330
PO_B10_001331,Stripe India,AMZN-INV-350010 PO_B10_001331,406373,6683,0,0,399690,INR,2026-08-12T12:48:00Z,BATCH-AMZN-1331
PO_B10_001332,BillDesk Settlement,TATA-INV-632853 PO_B10_001332,428473,6677,0,0,421796,INR,2026-08-12T20:15:00Z,BATCH-TATA-1332
PO_B10_001333,Razorpay Nodal,BKMS-INV-896970 PO_B10_001333,86754,1987,0,0,84767,INR,2026-08-12T06:40:00Z,BATCH-BKMS-1333
PO_B10_001334,BillDesk Settlement,OLAA-INV-577133 PO_B10_001334,63792,1070,0,0,62722,INR,2026-08-12T05:51:00Z,BATCH-OLAA-1334
PO_B10_001335,BillDesk Settlement,BKMS-INV-884685 PO_B10_001335,207315,4473,0,0,202842,INR,2026-08-11T22:18:00Z,BATCH-BKMS-1335
PO_B10_001336,BillDesk Settlement,BBAS-ORD-229971 BBAS-ORD-459792 BBAS-ORD-339282 BATCH-BBAS-1336,463494,9269,0,0,454225,INR,2026-08-12T15:07:00Z,BATCH-BBAS-1336
PO_B10_001337,Razorpay Nodal,BLNK-INV-846466 PO_B10_001337,272470,5141,0,0,267329,INR,2026-08-12T15:34:00Z,BATCH-BLNK-1337
PO_B10_001338,Razorpay Nodal,BLNK-INV-768505 PO_B10_001338,235122,5298,0,0,229824,INR,2026-08-12T03:06:00Z,BATCH-BLNK-1338
PO_B10_001339,Razorpay Nodal,BBAS-INV-853984 PO_B10_001339,347819,5499,0,0,342320,INR,2026-08-11T18:45:00Z,BATCH-BBAS-1339
PO_B10_001340,Stripe India,AMZN-INV-308359 PO_B10_001340,323170,6589,0,0,316581,INR,2026-08-12T08:36:00Z,BATCH-AMZN-1340
PO_B10_001341,PayU Enterprise,NYKA-INV-976231 PO_B10_001341,413751,7336,0,0,406415,INR,2026-08-12T10:57:00Z,BATCH-NYKA-1341
PO_B10_001342,BillDesk Settlement,OLAA-EXC-242566-UNRESOLVED,206324,4116,0,0,202208,INR,2026-08-12T23:26:00Z,HOLD-ESCROW
PO_B10_001343,BillDesk Settlement,JIOO-INV-431842 PO_B10_001343,355847,7683,0,0,348164,INR,2026-08-12T08:13:00Z,BATCH-JIOO-1343
PO_B10_001344,Razorpay Nodal,NYKA-INV-780684 PO_B10_001344,202384,4278,0,0,198106,INR,2026-08-12T16:05:00Z,BATCH-NYKA-1344
PO_B10_001345,Razorpay Nodal,OLAA-EXC-441448-UNRESOLVED,177373,3537,0,0,173836,INR,2026-08-12T21:40:00Z,HOLD-ESCROW
PO_B10_001346,BillDesk Settlement,BLNK-ORD-680708 BLNK-ORD-464148 BATCH-BLNK-1346,451187,9023,0,0,442164,INR,2026-08-11T21:41:00Z,BATCH-BLNK-1346
PO_B10_001347,Stripe India,PAYT-INV-587193 PO_B10_001347,297152,4528,0,0,292624,INR,2026-08-12T07:04:00Z,BATCH-PAYT-1347
PO_B10_001348,Stripe India,MYNT-INV-184069 PO_B10_001348,410033,8643,0,0,401390,INR,2026-08-11T22:36:00Z,BATCH-MYNT-1348
PO_B10_001349,Razorpay Nodal,FLPK-INV-837691 PO_B10_001349,121225,2267,0,0,118958,INR,2026-08-12T00:05:00Z,BATCH-FLPK-1349
PO_B10_001350,PayU Enterprise,BKMS-INV-824596 PO_B10_001350,373022,7210,0,0,365812,INR,2026-08-12T09:29:00Z,BATCH-BKMS-1350
PO_B10_001351,PayU Enterprise,MMTR-INV-255035 PO_B10_001351,97441,1774,0,0,95667,INR,2026-08-12T02:50:00Z,BATCH-MMTR-1351
PO_B10_001352,Razorpay Nodal,PAYT-INV-499519 PO_B10_001352,387301,6579,0,0,380722,INR,2026-08-12T01:27:00Z,BATCH-PAYT-1352
PO_B10_001353,BillDesk Settlement,NYKA-INV-114567 PO_B10_001353,382132,9041,0,0,373091,INR,2026-08-12T06:01:00Z,BATCH-NYKA-1353
PO_B10_001354,PayU Enterprise,SWIG-INV-342645 PO_B10_001354,237154,5611,0,0,231543,INR,2026-08-12T03:24:00Z,BATCH-SWIG-1354
PO_B10_001355,Stripe India,FLPK-INV-209783 PO_B10_001355,357775,5483,0,0,352292,INR,2026-08-12T10:20:00Z,BATCH-FLPK-1355
PO_B10_001356,PayU Enterprise,BBAS-INV-463547 PO_B10_001356,190179,3155,0,0,187024,INR,2026-08-12T05:58:00Z,BATCH-BBAS-1356
PO_B10_001357,PayU Enterprise,BBAS-ORD-556388 BBAS-ORD-595629 BATCH-BBAS-1357,215061,4301,0,0,210760,INR,2026-08-12T08:28:00Z,BATCH-BBAS-1357
PO_B10_001358,Razorpay Nodal,UBER-INV-940527 PO_B10_001358,353814,8158,0,0,345656,INR,2026-08-12T19:21:00Z,BATCH-UBER-1358
PO_B10_001359,PayU Enterprise,ZOMA-INV-444985 PO_B10_001359,188945,4426,0,0,184519,INR,2026-08-12T16:07:00Z,BATCH-ZOMA-1359
PO_B10_001360,Razorpay Nodal,AMZN-INV-657141 PO_B10_001360,204075,3489,0,0,200586,INR,2026-08-12T20:14:00Z,BATCH-AMZN-1360
PO_B10_001361,Razorpay Nodal,ZOMA-INV-404105 PO_B10_001361,258585,4247,0,0,254338,INR,2026-08-12T09:03:00Z,BATCH-ZOMA-1361
PO_B10_001362,Cashfree Escrow,MYNT-INV-167124 PO_B10_001362,41623,659,0,0,40964,INR,2026-08-12T10:13:00Z,BATCH-MYNT-1362
PO_B10_001363,Stripe India,AMZN-ORD-731262 AMZN-ORD-145269 BATCH-AMZN-1363,290454,5809,0,0,284645,INR,2026-08-12T11:00:00Z,BATCH-AMZN-1363
PO_B10_001364,Stripe India,UBER-INV-699560 PO_B10_001364,449338,6756,0,0,442582,INR,2026-08-12T19:29:00Z,BATCH-UBER-1364
PO_B10_001365,BillDesk Settlement,NYKA-ORD-879800 NYKA-ORD-857566 BATCH-NYKA-1365,248222,4964,0,0,243258,INR,2026-08-11T23:07:00Z,BATCH-NYKA-1365
PO_B10_001366,PayU Enterprise,NYKA-ORD-134791 NYKA-ORD-952669 BATCH-NYKA-1366,228932,4578,0,0,224354,INR,2026-08-12T10:36:00Z,BATCH-NYKA-1366
PO_B10_001367,Razorpay Nodal,UBER-ORD-494520 UBER-ORD-112762 BATCH-UBER-1367,353099,7061,0,0,346038,INR,2026-08-12T09:58:00Z,BATCH-UBER-1367
PO_B10_001368,PayU Enterprise,PAYT-INV-863210 PO_B10_001368,129816,2480,0,0,127336,INR,2026-08-12T03:58:00Z,BATCH-PAYT-1368
PO_B10_001369,BillDesk Settlement,BKMS-INV-994327 PO_B10_001369,172253,3274,0,0,168979,INR,2026-08-11T17:30:00Z,BATCH-BKMS-1369
PO_B10_001370,Razorpay Nodal,BBAS-EXC-897436-UNRESOLVED,171227,3414,0,0,167813,INR,2026-08-12T16:49:00Z,HOLD-ESCROW
PO_B10_001371,Razorpay Nodal,MYNT-ORD-569670 MYNT-ORD-722679 BATCH-MYNT-1371,131388,2627,0,0,128761,INR,2026-08-11T23:55:00Z,BATCH-MYNT-1371
PO_B10_001372,Stripe India,FLPK-INV-430736 PO_B10_001372,373786,8423,0,0,365363,INR,2026-08-12T14:12:00Z,BATCH-FLPK-1372
PO_B10_001373,Stripe India,BKMS-INV-608088 PO_B10_001373,319301,7345,0,0,311956,INR,2026-08-12T11:38:00Z,BATCH-BKMS-1373
PO_B10_001374,Razorpay Nodal,BBAS-EXC-933775-UNRESOLVED,137564,2741,0,0,134823,INR,2026-08-12T23:54:00Z,HOLD-ESCROW
PO_B10_001375,Stripe India,MYNT-INV-975192 PO_B10_001375,233780,3610,0,0,230170,INR,2026-08-11T19:39:00Z,BATCH-MYNT-1375
PO_B10_001376,Razorpay Nodal,PHNP-INV-480634 PO_B10_001376,137626,2256,0,0,135370,INR,2026-08-11T16:32:00Z,BATCH-PHNP-1376
PO_B10_001377,Stripe India,FLPK-INV-457774 PO_B10_001377,166575,2872,0,0,163703,INR,2026-08-12T18:58:00Z,BATCH-FLPK-1377
PO_B10_001378,BillDesk Settlement,MMTR-ORD-495031 MMTR-ORD-503680 BATCH-MMTR-1378,369950,7399,0,0,362551,INR,2026-08-12T07:13:00Z,BATCH-MMTR-1378
PO_B10_001379,Razorpay Nodal,UBER-ORD-191620 UBER-ORD-583752 UBER-ORD-213108 BATCH-UBER-1379,409651,8193,0,0,401458,INR,2026-08-12T04:08:00Z,BATCH-UBER-1379
PO_B10_001380,BillDesk Settlement,ZOMA-INV-111827 PO_B10_001380,138653,2186,0,0,136467,INR,2026-08-12T03:37:00Z,BATCH-ZOMA-1380
PO_B10_001381,Stripe India,OLAA-EXC-737457-UNRESOLVED,144296,2875,0,0,141421,INR,2026-08-12T11:28:00Z,HOLD-ESCROW
PO_B10_001382,PayU Enterprise,AMZN-INV-794939 PO_B10_001382,255942,5449,0,0,250493,INR,2026-08-12T09:51:00Z,BATCH-AMZN-1382
PO_B10_001383,Razorpay Nodal,JIOO-INV-412989 PO_B10_001383,391398,8525,0,0,382873,INR,2026-08-12T12:51:00Z,BATCH-JIOO-1383
PO_B10_001384,BillDesk Settlement,MMTR-ORD-290056 MMTR-ORD-504400 BATCH-MMTR-1384,313317,6266,0,0,307051,INR,2026-08-12T11:49:00Z,BATCH-MMTR-1384
PO_B10_001385,Stripe India,ZOMA-INV-881308 PO_B10_001385,145837,2921,0,0,142916,INR,2026-08-11T19:20:00Z,BATCH-ZOMA-1385
PO_B10_001386,Stripe India,BBAS-INV-896776 PO_B10_001386,65569,1433,0,0,64136,INR,2026-08-12T06:51:00Z,BATCH-BBAS-1386
PO_B10_001387,PayU Enterprise,OLAA-INV-969252 PO_B10_001387,341012,8181,0,0,332831,INR,2026-08-12T15:02:00Z,BATCH-OLAA-1387
PO_B10_001388,Cashfree Escrow,TATA-INV-511240 PO_B10_001388,120548,1923,0,0,118625,INR,2026-08-12T02:04:00Z,BATCH-TATA-1388
PO_B10_001389,Razorpay Nodal,AMZN-INV-882021 PO_B10_001389,121870,2167,0,0,119703,INR,2026-08-12T09:53:00Z,BATCH-AMZN-1389
PO_B10_001390,Razorpay Nodal,BKMS-INV-941792 PO_B10_001390,378597,6336,0,0,372261,INR,2026-08-11T17:24:00Z,BATCH-BKMS-1390
PO_B10_001391,Cashfree Escrow,NYKA-INV-937373 PO_B10_001391,156946,2429,0,0,154517,INR,2026-08-12T16:27:00Z,BATCH-NYKA-1391
PO_B10_001392,Stripe India,SWIG-ORD-417171 SWIG-ORD-120446 BATCH-SWIG-1392,183564,3671,0,0,179893,INR,2026-08-12T00:33:00Z,BATCH-SWIG-1392
PO_B10_001393,BillDesk Settlement,MYNT-INV-283111 PO_B10_001393,375306,8046,0,0,367260,INR,2026-08-12T16:05:00Z,BATCH-MYNT-1393
PO_B10_001394,Stripe India,ZOMA-INV-645533 PO_B10_001394,428497,7286,0,0,421211,INR,2026-08-13T00:49:00Z,BATCH-ZOMA-1394
PO_B10_001395,Stripe India,PAYT-ORD-505733 PAYT-ORD-917033 PAYT-ORD-508394 BATCH-PAYT-1395,254514,5090,0,0,249424,INR,2026-08-12T12:06:00Z,BATCH-PAYT-1395
PO_B10_001396,Razorpay Nodal,ZOMA-INV-269485 PO_B10_001396,122347,2287,0,0,120060,INR,2026-08-12T15:34:00Z,BATCH-ZOMA-1396
PO_B10_001397,Cashfree Escrow,JIOO-INV-947161 PO_B10_001397,423142,7807,0,0,415335,INR,2026-08-12T22:00:00Z,BATCH-JIOO-1397
PO_B10_001398,BillDesk Settlement,SWIG-INV-586252 PO_B10_001398,153480,2874,0,0,150606,INR,2026-08-12T02:52:00Z,BATCH-SWIG-1398
PO_B10_001399,PayU Enterprise,BLNK-INV-803665 PO_B10_001399,419037,7128,0,0,411909,INR,2026-08-12T10:50:00Z,BATCH-BLNK-1399
PO_B10_001400,Cashfree Escrow,AMZN-INV-862707 PO_B10_001400,61964,1156,0,0,60808,INR,2026-08-12T10:33:00Z,BATCH-AMZN-1400
PO_B10_001401,Stripe India,FLPK-INV-941736 PO_B10_001401,131417,2993,0,0,128424,INR,2026-08-11T16:50:00Z,BATCH-FLPK-1401
PO_B10_001402,Cashfree Escrow,JIOO-INV-467945 PO_B10_001402,139352,2790,0,0,136562,INR,2026-08-12T13:36:00Z,BATCH-JIOO-1402
PO_B10_001403,BillDesk Settlement,OLAA-INV-671647 PO_B10_001403,78189,1639,0,0,76550,INR,2026-08-12T03:16:00Z,BATCH-OLAA-1403
PO_B10_001404,BillDesk Settlement,SWIG-INV-873811 PO_B10_001404,350794,6069,0,0,344725,INR,2026-08-12T05:17:00Z,BATCH-SWIG-1404
PO_B10_001405,Stripe India,NYKA-INV-324556 PO_B10_001405,417523,9519,0,0,408004,INR,2026-08-12T10:54:00Z,BATCH-NYKA-1405
PO_B10_001406,BillDesk Settlement,NYKA-INV-164108 PO_B10_001406,334427,7031,0,0,327396,INR,2026-08-11T21:22:00Z,BATCH-NYKA-1406
PO_B10_001407,Razorpay Nodal,OLAA-INV-790511 PO_B10_001407,415305,9037,0,0,406268,INR,2026-08-12T23:05:00Z,BATCH-OLAA-1407
PO_B10_001408,Stripe India,MYNT-ORD-850079 MYNT-ORD-337753 BATCH-MYNT-1408,314960,6299,0,0,308661,INR,2026-08-12T18:56:00Z,BATCH-MYNT-1408
PO_B10_001409,PayU Enterprise,JIOO-INV-363435 PO_B10_001409,276871,5496,0,0,271375,INR,2026-08-12T12:28:00Z,BATCH-JIOO-1409
PO_B10_001410,Razorpay Nodal,BLNK-INV-588174 PO_B10_001410,232904,4568,0,0,228336,INR,2026-08-12T11:53:00Z,BATCH-BLNK-1410
PO_B10_001411,Cashfree Escrow,TATA-INV-153899 PO_B10_001411,371938,6301,0,0,365637,INR,2026-08-12T14:07:00Z,BATCH-TATA-1411
PO_B10_001412,BillDesk Settlement,ZOMA-INV-643071 PO_B10_001412,265919,6343,0,0,259576,INR,2026-08-12T04:14:00Z,BATCH-ZOMA-1412
PO_B10_001413,BillDesk Settlement,NYKA-INV-531540 PO_B10_001413,290005,5898,0,0,284107,INR,2026-08-11T18:04:00Z,BATCH-NYKA-1413
PO_B10_001414,Razorpay Nodal,PAYT-INV-385645 PO_B10_001414,210668,3665,0,0,207003,INR,2026-08-12T02:24:00Z,BATCH-PAYT-1414
PO_B10_001415,BillDesk Settlement,BBAS-INV-280845 PO_B10_001415,283567,5464,0,0,278103,INR,2026-08-12T08:51:00Z,BATCH-BBAS-1415
PO_B10_001416,PayU Enterprise,MMTR-ORD-590288 MMTR-ORD-634925 MMTR-ORD-693127 BATCH-MMTR-1416,265686,5313,0,0,260373,INR,2026-08-12T03:36:00Z,BATCH-MMTR-1416
PO_B10_001417,Stripe India,ZOMA-INV-732311 PO_B10_001417,232758,5195,0,0,227563,INR,2026-08-12T07:43:00Z,BATCH-ZOMA-1417
PO_B10_001418,PayU Enterprise,NYKA-INV-996125 PO_B10_001418,430138,8754,0,0,421384,INR,2026-08-12T02:40:00Z,BATCH-NYKA-1418
PO_B10_001419,Razorpay Nodal,JIOO-INV-552078 PO_B10_001419,76984,1333,0,0,75651,INR,2026-08-12T02:21:00Z,BATCH-JIOO-1419
PO_B10_001420,BillDesk Settlement,MMTR-ORD-702777 MMTR-ORD-119474 BATCH-MMTR-1420,342874,6857,0,0,336017,INR,2026-08-11T21:08:00Z,BATCH-MMTR-1420
PO_B10_001421,Razorpay Nodal,TATA-INV-531868 PO_B10_001421,418959,9894,0,0,409065,INR,2026-08-11T18:08:00Z,BATCH-TATA-1421
PO_B10_001422,Razorpay Nodal,TATA-INV-358396 PO_B10_001422,311746,5647,0,0,306099,INR,2026-08-12T22:33:00Z,BATCH-TATA-1422
PO_B10_001423,PayU Enterprise,MMTR-INV-996467 PO_B10_001423,118606,2606,0,0,116000,INR,2026-08-12T06:16:00Z,BATCH-MMTR-1423
PO_B10_001424,PayU Enterprise,MMTR-INV-400817 PO_B10_001424,41353,830,0,0,40523,INR,2026-08-12T19:58:00Z,BATCH-MMTR-1424
PO_B10_001425,Stripe India,BKMS-EXC-545910-UNRESOLVED,135839,2706,0,0,133133,INR,2026-08-12T14:46:00Z,HOLD-ESCROW
PO_B10_001426,Cashfree Escrow,MYNT-INV-150522 PO_B10_001426,78140,1619,0,0,76521,INR,2026-08-11T20:53:00Z,BATCH-MYNT-1426
PO_B10_001427,PayU Enterprise,MYNT-INV-837630 PO_B10_001427,145100,2700,0,0,142400,INR,2026-08-12T19:52:00Z,BATCH-MYNT-1427
PO_B10_001428,Stripe India,AMZN-INV-655955 PO_B10_001428,105671,2263,0,0,103408,INR,2026-08-12T10:37:00Z,BATCH-AMZN-1428
PO_B10_001429,Cashfree Escrow,OLAA-INV-761965 PO_B10_001429,54795,1225,0,0,53570,INR,2026-08-12T02:59:00Z,BATCH-OLAA-1429
PO_B10_001430,Razorpay Nodal,FLPK-INV-894196 PO_B10_001430,102797,1711,0,0,101086,INR,2026-08-11T15:32:00Z,BATCH-FLPK-1430
PO_B10_001431,BillDesk Settlement,PHNP-ORD-530001 PHNP-ORD-722162 BATCH-PHNP-1431,294032,5880,0,0,288152,INR,2026-08-12T01:51:00Z,BATCH-PHNP-1431
PO_B10_001432,Stripe India,TATA-INV-541197 PO_B10_001432,100602,1541,0,0,99061,INR,2026-08-12T01:03:00Z,BATCH-TATA-1432
PO_B10_001433,Stripe India,BBAS-ORD-322347 BBAS-ORD-215951 BBAS-ORD-191788 BATCH-BBAS-1433,364785,7295,0,0,357490,INR,2026-08-12T02:21:00Z,BATCH-BBAS-1433
PO_B10_001434,Cashfree Escrow,ZOMA-INV-508957 PO_B10_001434,45765,912,0,0,44853,INR,2026-08-11T14:15:00Z,BATCH-ZOMA-1434
PO_B10_001435,PayU Enterprise,NYKA-INV-259178 PO_B10_001435,170030,3678,0,0,166352,INR,2026-08-12T21:06:00Z,BATCH-NYKA-1435
PO_B10_001436,BillDesk Settlement,BKMS-INV-937022 PO_B10_001436,155591,2879,0,0,152712,INR,2026-08-12T07:10:00Z,BATCH-BKMS-1436
PO_B10_001437,Stripe India,BBAS-INV-920223 PO_B10_001437,275883,5170,0,0,270713,INR,2026-08-12T06:03:00Z,BATCH-BBAS-1437
PO_B10_001438,PayU Enterprise,NYKA-ORD-338268 NYKA-ORD-432728 NYKA-ORD-576966 BATCH-NYKA-1438,321449,6428,0,0,315021,INR,2026-08-12T10:48:00Z,BATCH-NYKA-1438
PO_B10_001439,BillDesk Settlement,ZOMA-ORD-191941 ZOMA-ORD-254072 BATCH-ZOMA-1439,349844,6996,0,0,342848,INR,2026-08-12T00:14:00Z,BATCH-ZOMA-1439
PO_B10_001440,BillDesk Settlement,UBER-ORD-566704 UBER-ORD-833320 UBER-ORD-797874 BATCH-UBER-1440,401012,8020,0,0,392992,INR,2026-08-11T23:33:00Z,BATCH-UBER-1440
PO_B10_001441,Razorpay Nodal,NYKA-INV-513389 PO_B10_001441,54449,1128,0,0,53321,INR,2026-08-11T19:57:00Z,BATCH-NYKA-1441
PO_B10_001442,Razorpay Nodal,BKMS-INV-332646 PO_B10_001442,80770,1766,0,0,79004,INR,2026-08-11T19:08:00Z,BATCH-BKMS-1442
PO_B10_001443,Stripe India,MYNT-EXC-443574-UNRESOLVED,140189,2793,0,0,137396,INR,2026-08-13T03:43:00Z,HOLD-ESCROW
PO_B10_001444,BillDesk Settlement,MYNT-ORD-586342 MYNT-ORD-111668 MYNT-ORD-238374 BATCH-MYNT-1444,360662,7213,0,0,353449,INR,2026-08-12T15:23:00Z,BATCH-MYNT-1444
PO_B10_001445,BillDesk Settlement,ZOMA-INV-367877 PO_B10_001445,428365,9918,0,0,418447,INR,2026-08-12T11:45:00Z,BATCH-ZOMA-1445
PO_B10_001446,Cashfree Escrow,UBER-ORD-182424 UBER-ORD-315960 BATCH-UBER-1446,191968,3839,0,0,188129,INR,2026-08-12T00:14:00Z,BATCH-UBER-1446
PO_B10_001447,Stripe India,OLAA-INV-852785 PO_B10_001447,88522,1753,0,0,86769,INR,2026-08-12T22:08:00Z,BATCH-OLAA-1447
PO_B10_001448,Razorpay Nodal,AMZN-ORD-698836 AMZN-ORD-719816 AMZN-ORD-340138 BATCH-AMZN-1448,471976,9439,0,0,462537,INR,2026-08-12T05:48:00Z,BATCH-AMZN-1448
PO_B10_001449,BillDesk Settlement,JIOO-INV-918730 PO_B10_001449,123789,1861,0,0,121928,INR,2026-08-12T10:05:00Z,BATCH-JIOO-1449
PO_B10_001450,Stripe India,UBER-ORD-816332 UBER-ORD-959395 BATCH-UBER-1450,409357,8187,0,0,401170,INR,2026-08-12T02:30:00Z,BATCH-UBER-1450
PO_B10_001451,Cashfree Escrow,AMZN-INV-689732 PO_B10_001451,435752,6618,0,0,429134,INR,2026-08-12T14:20:00Z,BATCH-AMZN-1451
PO_B10_001452,PayU Enterprise,FLPK-ORD-359125 FLPK-ORD-126746 BATCH-FLPK-1452,330829,6616,0,0,324213,INR,2026-08-12T00:27:00Z,BATCH-FLPK-1452
PO_B10_001453,PayU Enterprise,MYNT-ORD-588448 MYNT-ORD-347642 BATCH-MYNT-1453,265492,5309,0,0,260183,INR,2026-08-12T03:40:00Z,BATCH-MYNT-1453
PO_B10_001454,PayU Enterprise,FLPK-INV-757838 PO_B10_001454,92367,2149,0,0,90218,INR,2026-08-12T17:59:00Z,BATCH-FLPK-1454
PO_B10_001455,BillDesk Settlement,BKMS-INV-319475 PO_B10_001455,305860,5999,0,0,299861,INR,2026-08-12T21:15:00Z,BATCH-BKMS-1455
PO_B10_001456,Cashfree Escrow,BKMS-INV-419266 PO_B10_001456,26256,641,0,0,25615,INR,2026-08-11T21:22:00Z,BATCH-BKMS-1456
PO_B10_001457,BillDesk Settlement,JIOO-ORD-191611 JIOO-ORD-478091 JIOO-ORD-926544 BATCH-JIOO-1457,261618,5232,0,0,256386,INR,2026-08-12T17:21:00Z,BATCH-JIOO-1457
PO_B10_001458,PayU Enterprise,OLAA-INV-992905 PO_B10_001458,284777,4590,0,0,280187,INR,2026-08-12T06:14:00Z,BATCH-OLAA-1458
PO_B10_001459,Cashfree Escrow,ZOMA-INV-734034 PO_B10_001459,212176,3969,0,0,208207,INR,2026-08-11T18:40:00Z,BATCH-ZOMA-1459
PO_B10_001460,Razorpay Nodal,PHNP-INV-886391 PO_B10_001460,279026,4950,0,0,274076,INR,2026-08-12T00:37:00Z,BATCH-PHNP-1460
PO_B10_001461,Stripe India,BKMS-INV-984277 PO_B10_001461,383077,6930,0,0,376147,INR,2026-08-12T13:07:00Z,BATCH-BKMS-1461
PO_B10_001462,Razorpay Nodal,OLAA-ORD-155919 OLAA-ORD-645000 OLAA-ORD-960145 BATCH-OLAA-1462,507173,10143,0,0,497030,INR,2026-08-12T09:40:00Z,BATCH-OLAA-1462
PO_B10_001463,Stripe India,BBAS-ORD-725510 BBAS-ORD-682617 BATCH-BBAS-1463,133982,2679,0,0,131303,INR,2026-08-12T15:41:00Z,BATCH-BBAS-1463
PO_B10_001464,Cashfree Escrow,TATA-ORD-645216 TATA-ORD-959656 BATCH-TATA-1464,296343,5926,0,0,290417,INR,2026-08-12T07:41:00Z,BATCH-TATA-1464
PO_B10_001465,Stripe India,FLPK-INV-825445 PO_B10_001465,376820,7797,0,0,369023,INR,2026-08-11T20:41:00Z,BATCH-FLPK-1465
PO_B10_001466,BillDesk Settlement,JIOO-INV-440942 PO_B10_001466,434569,10002,0,0,424567,INR,2026-08-12T03:52:00Z,BATCH-JIOO-1466
PO_B10_001467,PayU Enterprise,UBER-INV-957126 PO_B10_001467,281318,6924,0,0,274394,INR,2026-08-11T22:25:00Z,BATCH-UBER-1467
PO_B10_001468,PayU Enterprise,OLAA-INV-460349 PO_B10_001468,150214,3028,0,0,147186,INR,2026-08-12T02:18:00Z,BATCH-OLAA-1468
PO_B10_001469,Stripe India,OLAA-INV-414140 PO_B10_001469,339888,5962,0,0,333926,INR,2026-08-12T04:06:00Z,BATCH-OLAA-1469
PO_B10_001470,PayU Enterprise,PAYT-INV-732162 PO_B10_001470,306025,5538,0,0,300487,INR,2026-08-11T22:30:00Z,BATCH-PAYT-1470
PO_B10_001471,BillDesk Settlement,BLNK-INV-526912 PO_B10_001471,88652,2068,0,0,86584,INR,2026-08-12T22:40:00Z,BATCH-BLNK-1471
PO_B10_001472,Stripe India,MMTR-INV-162484 PO_B10_001472,76526,1499,0,0,75027,INR,2026-08-12T12:24:00Z,BATCH-MMTR-1472
PO_B10_001473,Stripe India,JIOO-INV-895892 PO_B10_001473,237006,4553,0,0,232453,INR,2026-08-12T01:16:00Z,BATCH-JIOO-1473
PO_B10_001474,BillDesk Settlement,MYNT-INV-451320 PO_B10_001474,223870,4985,0,0,218885,INR,2026-08-11T21:57:00Z,BATCH-MYNT-1474
PO_B10_001475,PayU Enterprise,BLNK-INV-741943 PO_B10_001475,268741,4821,0,0,263920,INR,2026-08-12T05:54:00Z,BATCH-BLNK-1475
PO_B10_001476,PayU Enterprise,PHNP-INV-479507 PO_B10_001476,337588,7511,0,0,330077,INR,2026-08-12T10:31:00Z,BATCH-PHNP-1476
PO_B10_001477,Razorpay Nodal,MYNT-ORD-274954 MYNT-ORD-555682 BATCH-MYNT-1477,353427,7068,0,0,346359,INR,2026-08-12T07:47:00Z,BATCH-MYNT-1477
PO_B10_001478,Cashfree Escrow,PAYT-INV-917999 PO_B10_001478,80842,1571,0,0,79271,INR,2026-08-12T18:51:00Z,BATCH-PAYT-1478
PO_B10_001479,Cashfree Escrow,BKMS-INV-163907 PO_B10_001479,430680,6999,0,0,423681,INR,2026-08-11T15:14:00Z,BATCH-BKMS-1479
PO_B10_001480,PayU Enterprise,PAYT-ORD-682461 PAYT-ORD-837385 BATCH-PAYT-1480,259806,5196,0,0,254610,INR,2026-08-12T18:44:00Z,BATCH-PAYT-1480
PO_B10_001481,BillDesk Settlement,MMTR-INV-780289 PO_B10_001481,262494,4626,0,0,257868,INR,2026-08-12T23:54:00Z,BATCH-MMTR-1481
PO_B10_001482,Stripe India,TATA-INV-355324 PO_B10_001482,428355,10653,0,0,417702,INR,2026-08-12T18:45:00Z,BATCH-TATA-1482
PO_B10_001483,Stripe India,MMTR-INV-126090 PO_B10_001483,255382,4107,0,0,251275,INR,2026-08-11T20:12:00Z,BATCH-MMTR-1483
PO_B10_001484,Cashfree Escrow,SWIG-INV-942148 PO_B10_001484,193850,3047,0,0,190803,INR,2026-08-11T17:47:00Z,BATCH-SWIG-1484
PO_B10_001485,Cashfree Escrow,MYNT-INV-964499 PO_B10_001485,233351,4297,0,0,229054,INR,2026-08-12T06:19:00Z,BATCH-MYNT-1485
PO_B10_001486,BillDesk Settlement,TATA-INV-803969 PO_B10_001486,217674,5286,0,0,212388,INR,2026-08-12T07:31:00Z,BATCH-TATA-1486
PO_B10_001487,Stripe India,MYNT-EXC-910387-UNRESOLVED,265283,5295,0,0,259988,INR,2026-08-12T23:34:00Z,HOLD-ESCROW
PO_B10_001488,BillDesk Settlement,AMZN-ORD-973405 AMZN-ORD-195891 AMZN-ORD-878157 BATCH-AMZN-1488,391298,7825,0,0,383473,INR,2026-08-12T11:00:00Z,BATCH-AMZN-1488
PO_B10_001489,Cashfree Escrow,FLPK-EXC-585887-UNRESOLVED,57813,1146,0,0,56667,INR,2026-08-13T08:07:00Z,HOLD-ESCROW
PO_B10_001490,BillDesk Settlement,AMZN-INV-226383 PO_B10_001490,436597,6923,0,0,429674,INR,2026-08-12T12:48:00Z,BATCH-AMZN-1490
PO_B10_001491,Razorpay Nodal,MYNT-INV-408325 PO_B10_001491,367641,6271,0,0,361370,INR,2026-08-12T03:14:00Z,BATCH-MYNT-1491
PO_B10_001492,Razorpay Nodal,JIOO-INV-577253 PO_B10_001492,293916,5045,0,0,288871,INR,2026-08-12T03:55:00Z,BATCH-JIOO-1492
PO_B10_001493,Razorpay Nodal,BBAS-ORD-929699 BBAS-ORD-420959 BATCH-BBAS-1493,330632,6612,0,0,324020,INR,2026-08-12T18:48:00Z,BATCH-BBAS-1493
PO_B10_001494,Cashfree Escrow,MYNT-INV-359752 PO_B10_001494,141095,2895,0,0,138200,INR,2026-08-12T07:57:00Z,BATCH-MYNT-1494
PO_B10_001495,PayU Enterprise,OLAA-INV-894698 PO_B10_001495,368104,6041,0,0,362063,INR,2026-08-12T05:14:00Z,BATCH-OLAA-1495
PO_B10_001496,Razorpay Nodal,NYKA-INV-998736 PO_B10_001496,97360,2353,0,0,95007,INR,2026-08-12T19:50:00Z,BATCH-NYKA-1496
PO_B10_001497,BillDesk Settlement,UBER-INV-392038 PO_B10_001497,218518,3946,0,0,214572,INR,2026-08-11T18:57:00Z,BATCH-UBER-1497
PO_B10_001498,Cashfree Escrow,JIOO-ORD-608776 JIOO-ORD-773152 BATCH-JIOO-1498,280345,5606,0,0,274739,INR,2026-08-12T12:43:00Z,BATCH-JIOO-1498
PO_B10_001499,Stripe India,AMZN-INV-904957 PO_B10_001499,151393,3715,0,0,147678,INR,2026-08-12T13:56:00Z,BATCH-AMZN-1499
PO_B10_001500,BillDesk Settlement,UBER-INV-819405 PO_B10_001500,344992,7923,0,0,337069,INR,2026-08-12T01:27:00Z,BATCH-UBER-1500
PO_B10_001501,Stripe India,PHNP-INV-576149 PO_B10_001501,176479,3800,0,0,172679,INR,2026-08-12T02:18:00Z,BATCH-PHNP-1501
PO_B10_001502,Razorpay Nodal,OLAA-INV-726391 PO_B10_001502,187133,4546,0,0,182587,INR,2026-08-12T07:18:00Z,BATCH-OLAA-1502
PO_B10_001503,Cashfree Escrow,BLNK-ORD-448232 BLNK-ORD-658865 BATCH-BLNK-1503,267841,5356,0,0,262485,INR,2026-08-12T07:16:00Z,BATCH-BLNK-1503
PO_B10_001504,Razorpay Nodal,MMTR-INV-272477 PO_B10_001504,420115,8941,0,0,411174,INR,2026-08-12T12:47:00Z,BATCH-MMTR-1504
PO_B10_001505,Razorpay Nodal,JIOO-INV-324899 PO_B10_001505,130510,2198,0,0,128312,INR,2026-08-12T00:01:00Z,BATCH-JIOO-1505
PO_B10_001506,Stripe India,PHNP-ORD-311824 PHNP-ORD-367550 BATCH-PHNP-1506,127381,2547,0,0,124834,INR,2026-08-12T03:26:00Z,BATCH-PHNP-1506
PO_B10_001507,Cashfree Escrow,AMZN-INV-472930 PO_B10_001507,180756,3344,0,0,177412,INR,2026-08-12T11:37:00Z,BATCH-AMZN-1507
PO_B10_001508,Razorpay Nodal,SWIG-INV-354831 PO_B10_001508,385595,6382,0,0,379213,INR,2026-08-12T16:25:00Z,BATCH-SWIG-1508
PO_B10_001509,PayU Enterprise,OLAA-INV-620883 PO_B10_001509,194213,4808,0,0,189405,INR,2026-08-12T09:43:00Z,BATCH-OLAA-1509
PO_B10_001510,Stripe India,JIOO-ORD-235383 JIOO-ORD-920925 BATCH-JIOO-1510,357350,7147,0,0,350203,INR,2026-08-12T06:02:00Z,BATCH-JIOO-1510
PO_B10_001511,BillDesk Settlement,NYKA-INV-388408 PO_B10_001511,374665,7463,0,0,367202,INR,2026-08-12T07:07:00Z,BATCH-NYKA-1511
PO_B10_001512,Razorpay Nodal,MYNT-INV-682901 PO_B10_001512,140727,2396,0,0,138331,INR,2026-08-11T23:20:00Z,BATCH-MYNT-1512
PO_B10_001513,Stripe India,MYNT-ORD-827726 MYNT-ORD-965640 MYNT-ORD-551461 BATCH-MYNT-1513,492563,9851,0,0,482712,INR,2026-08-11T22:39:00Z,BATCH-MYNT-1513
PO_B10_001514,PayU Enterprise,PHNP-INV-273895 PO_B10_001514,203406,4434,0,0,198972,INR,2026-08-12T10:36:00Z,BATCH-PHNP-1514
PO_B10_001515,Cashfree Escrow,BLNK-INV-551477 PO_B10_001515,180603,3514,0,0,177089,INR,2026-08-12T11:54:00Z,BATCH-BLNK-1515
PO_B10_001516,Cashfree Escrow,BKMS-INV-233052 PO_B10_001516,42750,810,0,0,41940,INR,2026-08-11T22:05:00Z,BATCH-BKMS-1516
PO_B10_001517,BillDesk Settlement,MMTR-ORD-360883 MMTR-ORD-493041 MMTR-ORD-140013 BATCH-MMTR-1517,313826,6276,0,0,307550,INR,2026-08-12T02:05:00Z,BATCH-MMTR-1517
PO_B10_001518,Stripe India,BLNK-INV-698628 PO_B10_001518,94458,1597,0,0,92861,INR,2026-08-12T14:47:00Z,BATCH-BLNK-1518
PO_B10_001519,Cashfree Escrow,ZOMA-INV-686289 PO_B10_001519,315610,5419,0,0,310191,INR,2026-08-12T11:22:00Z,BATCH-ZOMA-1519
PO_B10_001520,BillDesk Settlement,JIOO-INV-554332 PO_B10_001520,419444,9521,0,0,409923,INR,2026-08-11T23:37:00Z,BATCH-JIOO-1520
PO_B10_001521,Stripe India,UBER-ORD-753347 UBER-ORD-117869 BATCH-UBER-1521,263232,5264,0,0,257968,INR,2026-08-12T05:21:00Z,BATCH-UBER-1521
PO_B10_001522,Razorpay Nodal,BKMS-INV-901662 PO_B10_001522,363339,5907,0,0,357432,INR,2026-08-12T11:53:00Z,BATCH-BKMS-1522
PO_B10_001523,Razorpay Nodal,BKMS-ORD-394020 BKMS-ORD-355283 BKMS-ORD-700167 BATCH-BKMS-1523,358564,7171,0,0,351393,INR,2026-08-12T01:04:00Z,BATCH-BKMS-1523
PO_B10_001524,PayU Enterprise,ZOMA-ORD-674861 ZOMA-ORD-863833 ZOMA-ORD-856586 BATCH-ZOMA-1524,336394,6727,0,0,329667,INR,2026-08-12T19:48:00Z,BATCH-ZOMA-1524
PO_B10_001525,Cashfree Escrow,PAYT-INV-230567 PO_B10_001525,300282,6522,0,0,293760,INR,2026-08-12T11:54:00Z,BATCH-PAYT-1525
PO_B10_001526,Razorpay Nodal,TATA-ORD-290100 TATA-ORD-884591 BATCH-TATA-1526,222302,4446,0,0,217856,INR,2026-08-12T08:22:00Z,BATCH-TATA-1526
PO_B10_001527,Stripe India,ZOMA-INV-925435 PO_B10_001527,159564,3813,0,0,155751,INR,2026-08-12T04:29:00Z,BATCH-ZOMA-1527
PO_B10_001528,Razorpay Nodal,MYNT-INV-755945 PO_B10_001528,216511,4177,0,0,212334,INR,2026-08-12T13:49:00Z,BATCH-MYNT-1528
PO_B10_001529,PayU Enterprise,UBER-ORD-885300 UBER-ORD-875551 UBER-ORD-758701 BATCH-UBER-1529,476204,9524,0,0,466680,INR,2026-08-12T02:12:00Z,BATCH-UBER-1529
PO_B10_001530,PayU Enterprise,OLAA-INV-553537 PO_B10_001530,330305,7188,0,0,323117,INR,2026-08-12T14:00:00Z,BATCH-OLAA-1530
PO_B10_001531,Razorpay Nodal,ZOMA-ORD-726210 ZOMA-ORD-235037 ZOMA-ORD-321498 BATCH-ZOMA-1531,397105,7942,0,0,389163,INR,2026-08-12T08:11:00Z,BATCH-ZOMA-1531
PO_B10_001532,Razorpay Nodal,MYNT-ORD-334476 MYNT-ORD-309279 BATCH-MYNT-1532,253450,5069,0,0,248381,INR,2026-08-12T16:16:00Z,BATCH-MYNT-1532
PO_B10_001533,BillDesk Settlement,JIOO-INV-507381 PO_B10_001533,264543,4342,0,0,260201,INR,2026-08-12T10:37:00Z,BATCH-JIOO-1533
PO_B10_001534,BillDesk Settlement,NYKA-INV-119953 PO_B10_001534,140693,3382,0,0,137311,INR,2026-08-12T20:43:00Z,BATCH-NYKA-1534
PO_B10_001535,Razorpay Nodal,UBER-ORD-869553 UBER-ORD-632904 BATCH-UBER-1535,274521,5490,0,0,269031,INR,2026-08-12T12:11:00Z,BATCH-UBER-1535
PO_B10_001536,Stripe India,MMTR-INV-956420 PO_B10_001536,157343,2993,0,0,154350,INR,2026-08-12T08:54:00Z,BATCH-MMTR-1536
PO_B10_001537,PayU Enterprise,BBAS-INV-920662 PO_B10_001537,277572,5756,0,0,271816,INR,2026-08-12T20:10:00Z,BATCH-BBAS-1537
PO_B10_001538,Stripe India,BKMS-INV-588464 PO_B10_001538,135742,3337,0,0,132405,INR,2026-08-12T09:24:00Z,BATCH-BKMS-1538
PO_B10_001539,Stripe India,OLAA-ORD-483162 OLAA-ORD-148749 OLAA-ORD-393931 BATCH-OLAA-1539,328252,6565,0,0,321687,INR,2026-08-11T23:09:00Z,BATCH-OLAA-1539
PO_B10_001540,BillDesk Settlement,BLNK-INV-574167 PO_B10_001540,358775,6742,0,0,352033,INR,2026-08-12T01:28:00Z,BATCH-BLNK-1540
PO_B10_001541,PayU Enterprise,NYKA-INV-436214 PO_B10_001541,341222,5645,0,0,335577,INR,2026-08-12T09:25:00Z,BATCH-NYKA-1541
PO_B10_001542,Cashfree Escrow,BLNK-INV-197486 PO_B10_001542,127121,2131,0,0,124990,INR,2026-08-12T02:39:00Z,BATCH-BLNK-1542
PO_B10_001543,Razorpay Nodal,FLPK-INV-559220 PO_B10_001543,320969,6272,0,0,314697,INR,2026-08-12T20:04:00Z,BATCH-FLPK-1543
PO_B10_001544,Cashfree Escrow,FLPK-INV-914517 PO_B10_001544,153324,2441,0,0,150883,INR,2026-08-11T20:53:00Z,BATCH-FLPK-1544
PO_B10_001545,Stripe India,MYNT-INV-199236 PO_B10_001545,207880,3839,0,0,204041,INR,2026-08-12T20:58:00Z,BATCH-MYNT-1545
PO_B10_001546,BillDesk Settlement,BKMS-INV-951135 PO_B10_001546,329938,5116,0,0,324822,INR,2026-08-12T01:41:00Z,BATCH-BKMS-1546
PO_B10_001547,Cashfree Escrow,MMTR-ORD-584678 MMTR-ORD-982343 BATCH-MMTR-1547,449187,8983,0,0,440204,INR,2026-08-12T06:58:00Z,BATCH-MMTR-1547
PO_B10_001548,Cashfree Escrow,NYKA-INV-261720 PO_B10_001548,261405,4195,0,0,257210,INR,2026-08-12T05:24:00Z,BATCH-NYKA-1548
PO_B10_001549,PayU Enterprise,MYNT-INV-486171 PO_B10_001549,64416,1164,0,0,63252,INR,2026-08-12T10:02:00Z,BATCH-MYNT-1549
PO_B10_001550,BillDesk Settlement,MMTR-EXC-418851-UNRESOLVED,147229,2934,0,0,144295,INR,2026-08-13T08:13:00Z,HOLD-ESCROW
PO_B10_001551,Stripe India,AMZN-INV-447745 PO_B10_001551,144298,2730,0,0,141568,INR,2026-08-11T14:26:00Z,BATCH-AMZN-1551
PO_B10_001552,PayU Enterprise,TATA-ORD-509615 TATA-ORD-993259 BATCH-TATA-1552,400738,8014,0,0,392724,INR,2026-08-12T18:39:00Z,BATCH-TATA-1552
PO_B10_001553,PayU Enterprise,MMTR-INV-649816 PO_B10_001553,360193,5608,0,0,354585,INR,2026-08-12T15:57:00Z,BATCH-MMTR-1553
PO_B10_001554,Razorpay Nodal,BLNK-INV-760959 PO_B10_001554,434679,8828,0,0,425851,INR,2026-08-12T03:11:00Z,BATCH-BLNK-1554
PO_B10_001555,BillDesk Settlement,ZOMA-INV-767218 PO_B10_001555,94546,2025,0,0,92521,INR,2026-08-12T22:10:00Z,BATCH-ZOMA-1555
PO_B10_001556,BillDesk Settlement,BKMS-INV-789324 PO_B10_001556,213746,4691,0,0,209055,INR,2026-08-12T10:04:00Z,BATCH-BKMS-1556
PO_B10_001557,Razorpay Nodal,PHNP-ORD-914175 PHNP-ORD-752007 BATCH-PHNP-1557,233281,4665,0,0,228616,INR,2026-08-12T06:48:00Z,BATCH-PHNP-1557
PO_B10_001558,PayU Enterprise,MYNT-INV-194128 PO_B10_001558,127565,2315,0,0,125250,INR,2026-08-12T13:26:00Z,BATCH-MYNT-1558
PO_B10_001559,Cashfree Escrow,AMZN-INV-242775 PO_B10_001559,255288,3864,0,0,251424,INR,2026-08-12T01:45:00Z,BATCH-AMZN-1559
PO_B10_001560,PayU Enterprise,SWIG-INV-871998 PO_B10_001560,281829,6663,0,0,275166,INR,2026-08-12T10:19:00Z,BATCH-SWIG-1560
PO_B10_001561,Cashfree Escrow,UBER-INV-576804 PO_B10_001561,61298,1488,0,0,59810,INR,2026-08-12T09:00:00Z,BATCH-UBER-1561
PO_B10_001562,PayU Enterprise,MYNT-INV-813691 PO_B10_001562,288111,4493,0,0,283618,INR,2026-08-12T22:05:00Z,BATCH-MYNT-1562
PO_B10_001563,Cashfree Escrow,PHNP-ORD-514065 PHNP-ORD-488290 BATCH-PHNP-1563,114906,2298,0,0,112608,INR,2026-08-12T03:31:00Z,BATCH-PHNP-1563
PO_B10_001564,PayU Enterprise,JIOO-EXC-340399-UNRESOLVED,148332,2956,0,0,145376,INR,2026-08-12T21:19:00Z,HOLD-ESCROW
PO_B10_001565,Cashfree Escrow,OLAA-INV-504987 PO_B10_001565,359948,7196,0,0,352752,INR,2026-08-12T18:31:00Z,BATCH-OLAA-1565
PO_B10_001566,Razorpay Nodal,TATA-ORD-898885 TATA-ORD-314745 BATCH-TATA-1566,204363,4087,0,0,200276,INR,2026-08-12T08:31:00Z,BATCH-TATA-1566
PO_B10_001567,Razorpay Nodal,FLPK-INV-434093 PO_B10_001567,49225,1029,0,0,48196,INR,2026-08-12T17:10:00Z,BATCH-FLPK-1567
PO_B10_001568,Cashfree Escrow,PAYT-INV-659328 PO_B10_001568,266858,4110,0,0,262748,INR,2026-08-12T02:22:00Z,BATCH-PAYT-1568
PO_B10_001569,Cashfree Escrow,MMTR-INV-524343 PO_B10_001569,386624,6199,0,0,380425,INR,2026-08-12T00:43:00Z,BATCH-MMTR-1569
PO_B10_001570,Razorpay Nodal,SWIG-INV-417567 PO_B10_001570,424196,9204,0,0,414992,INR,2026-08-12T01:46:00Z,BATCH-SWIG-1570
PO_B10_001571,PayU Enterprise,OLAA-INV-281741 PO_B10_001571,205151,3588,0,0,201563,INR,2026-08-12T12:58:00Z,BATCH-OLAA-1571
PO_B10_001572,BillDesk Settlement,BBAS-EXC-451316-UNRESOLVED,275672,5503,0,0,270169,INR,2026-08-12T16:51:00Z,HOLD-ESCROW
PO_B10_001573,PayU Enterprise,MYNT-INV-916687 PO_B10_001573,132271,2593,0,0,129678,INR,2026-08-12T08:44:00Z,BATCH-MYNT-1573
PO_B10_001574,Cashfree Escrow,BKMS-INV-829020 PO_B10_001574,296366,7160,0,0,289206,INR,2026-08-12T07:45:00Z,BATCH-BKMS-1574
PO_B10_001575,Razorpay Nodal,PHNP-INV-811052 PO_B10_001575,416390,6724,0,0,409666,INR,2026-08-12T13:01:00Z,BATCH-PHNP-1575
PO_B10_001576,BillDesk Settlement,JIOO-ORD-361648 JIOO-ORD-700125 BATCH-JIOO-1576,312888,6257,0,0,306631,INR,2026-08-12T04:47:00Z,BATCH-JIOO-1576
PO_B10_001577,Stripe India,TATA-INV-667566 PO_B10_001577,409574,10226,0,0,399348,INR,2026-08-12T18:02:00Z,BATCH-TATA-1577
PO_B10_001578,Razorpay Nodal,MMTR-INV-771507 PO_B10_001578,125663,2109,0,0,123554,INR,2026-08-12T21:02:00Z,BATCH-MMTR-1578
PO_B10_001579,BillDesk Settlement,BLNK-INV-779152 PO_B10_001579,357956,5627,0,0,352329,INR,2026-08-12T10:27:00Z,BATCH-BLNK-1579
PO_B10_001580,Cashfree Escrow,SWIG-ORD-729768 SWIG-ORD-625242 BATCH-SWIG-1580,145028,2900,0,0,142128,INR,2026-08-12T09:35:00Z,BATCH-SWIG-1580
PO_B10_001581,PayU Enterprise,PAYT-INV-755504 PO_B10_001581,385664,6591,0,0,379073,INR,2026-08-12T03:32:00Z,BATCH-PAYT-1581
PO_B10_001582,Razorpay Nodal,BKMS-ORD-148078 BKMS-ORD-425379 BATCH-BKMS-1582,389034,7780,0,0,381254,INR,2026-08-11T21:53:00Z,BATCH-BKMS-1582
PO_B10_001583,BillDesk Settlement,OLAA-EXC-646812-UNRESOLVED,174290,3475,0,0,170815,INR,2026-08-12T13:38:00Z,HOLD-ESCROW
PO_B10_001584,Cashfree Escrow,SWIG-INV-295926 PO_B10_001584,230971,3649,0,0,227322,INR,2026-08-12T05:37:00Z,BATCH-SWIG-1584
PO_B10_001585,PayU Enterprise,UBER-INV-295644 PO_B10_001585,297234,5858,0,0,291376,INR,2026-08-12T00:19:00Z,BATCH-UBER-1585
PO_B10_001586,Razorpay Nodal,MMTR-ORD-420123 MMTR-ORD-513015 BATCH-MMTR-1586,449324,8986,0,0,440338,INR,2026-08-12T17:56:00Z,BATCH-MMTR-1586
PO_B10_001587,Razorpay Nodal,BKMS-ORD-716001 BKMS-ORD-948816 BATCH-BKMS-1587,268788,5375,0,0,263413,INR,2026-08-12T20:59:00Z,BATCH-BKMS-1587
PO_B10_001588,Razorpay Nodal,UBER-EXC-808698-UNRESOLVED,192142,3832,0,0,188310,INR,2026-08-12T18:08:00Z,HOLD-ESCROW
PO_B10_001589,Razorpay Nodal,MMTR-ORD-733482 MMTR-ORD-363193 BATCH-MMTR-1589,152068,3041,0,0,149027,INR,2026-08-12T02:21:00Z,BATCH-MMTR-1589
PO_B10_001590,BillDesk Settlement,TATA-INV-435842 PO_B10_001590,387620,6644,0,0,380976,INR,2026-08-11T23:34:00Z,BATCH-TATA-1590
PO_B10_001591,Stripe India,BBAS-ORD-941416 BBAS-ORD-618617 BATCH-BBAS-1591,232195,4643,0,0,227552,INR,2026-08-12T20:07:00Z,BATCH-BBAS-1591
PO_B10_001592,BillDesk Settlement,BBAS-ORD-357507 BBAS-ORD-171409 BATCH-BBAS-1592,242777,4855,0,0,237922,INR,2026-08-12T01:29:00Z,BATCH-BBAS-1592
PO_B10_001593,Cashfree Escrow,MYNT-INV-398516 PO_B10_001593,255340,6246,0,0,249094,INR,2026-08-12T11:54:00Z,BATCH-MYNT-1593
PO_B10_001594,Stripe India,AMZN-INV-178338 PO_B10_001594,411337,9700,0,0,401637,INR,2026-08-12T08:34:00Z,BATCH-AMZN-1594
PO_B10_001595,Cashfree Escrow,AMZN-INV-514786 PO_B10_001595,144005,2444,0,0,141561,INR,2026-08-11T21:55:00Z,BATCH-AMZN-1595
PO_B10_001596,Cashfree Escrow,BLNK-INV-333830 PO_B10_001596,115920,2815,0,0,113105,INR,2026-08-12T14:46:00Z,BATCH-BLNK-1596
PO_B10_001597,Cashfree Escrow,FLPK-ORD-526284 FLPK-ORD-851541 FLPK-ORD-298075 BATCH-FLPK-1597,326436,6528,0,0,319908,INR,2026-08-12T17:19:00Z,BATCH-FLPK-1597
PO_B10_001598,Razorpay Nodal,NYKA-INV-195594 PO_B10_001598,62037,1329,0,0,60708,INR,2026-08-11T22:14:00Z,BATCH-NYKA-1598
PO_B10_001599,Stripe India,FLPK-INV-607214 PO_B10_001599,31436,685,0,0,30751,INR,2026-08-12T19:16:00Z,BATCH-FLPK-1599
PO_B10_001600,BillDesk Settlement,NYKA-INV-891406 PO_B10_001600,82951,1678,0,0,81273,INR,2026-08-12T21:46:00Z,BATCH-NYKA-1600
PO_B10_001601,Cashfree Escrow,PHNP-INV-845252 PO_B10_001601,179924,3404,0,0,176520,INR,2026-08-12T11:00:00Z,BATCH-PHNP-1601
PO_B10_001602,BillDesk Settlement,BBAS-ORD-245805 BBAS-ORD-849000 BATCH-BBAS-1602,251794,5035,0,0,246759,INR,2026-08-12T10:56:00Z,BATCH-BBAS-1602
PO_B10_001603,Razorpay Nodal,MYNT-INV-390672 PO_B10_001603,95817,1928,0,0,93889,INR,2026-08-12T14:49:00Z,BATCH-MYNT-1603
PO_B10_001604,BillDesk Settlement,JIOO-INV-228135 PO_B10_001604,104001,2109,0,0,101892,INR,2026-08-12T07:03:00Z,BATCH-JIOO-1604
PO_B10_001605,Cashfree Escrow,AMZN-INV-586403 PO_B10_001605,353785,6814,0,0,346971,INR,2026-08-12T10:41:00Z,BATCH-AMZN-1605
PO_B10_001606,PayU Enterprise,MMTR-INV-296857 PO_B10_001606,156956,3688,0,0,153268,INR,2026-08-12T04:42:00Z,BATCH-MMTR-1606
PO_B10_001607,Cashfree Escrow,PHNP-INV-215852 PO_B10_001607,371934,6841,0,0,365093,INR,2026-08-11T16:43:00Z,BATCH-PHNP-1607
PO_B10_001608,Cashfree Escrow,MMTR-ORD-306875 MMTR-ORD-357175 MMTR-ORD-783714 BATCH-MMTR-1608,454924,9098,0,0,445826,INR,2026-08-12T06:51:00Z,BATCH-MMTR-1608
PO_B10_001609,Razorpay Nodal,UBER-ORD-335623 UBER-ORD-751485 BATCH-UBER-1609,356669,7133,0,0,349536,INR,2026-08-12T08:43:00Z,BATCH-UBER-1609
PO_B10_001610,Cashfree Escrow,MMTR-INV-670892 PO_B10_001610,395307,7887,0,0,387420,INR,2026-08-12T07:43:00Z,BATCH-MMTR-1610
PO_B10_001611,Stripe India,FLPK-INV-849240 PO_B10_001611,107693,2288,0,0,105405,INR,2026-08-12T19:06:00Z,BATCH-FLPK-1611
PO_B10_001612,Razorpay Nodal,PHNP-ORD-696185 PHNP-ORD-152185 PHNP-ORD-814804 BATCH-PHNP-1612,549919,10998,0,0,538921,INR,2026-08-12T00:31:00Z,BATCH-PHNP-1612
PO_B10_001613,PayU Enterprise,ZOMA-INV-770947 PO_B10_001613,92343,2204,0,0,90139,INR,2026-08-12T13:21:00Z,BATCH-ZOMA-1613
PO_B10_001614,Cashfree Escrow,NYKA-ORD-738405 NYKA-ORD-746568 NYKA-ORD-207863 BATCH-NYKA-1614,289123,5782,0,0,283341,INR,2026-08-12T09:10:00Z,BATCH-NYKA-1614
PO_B10_001615,Stripe India,MYNT-INV-379446 PO_B10_001615,80786,1662,0,0,79124,INR,2026-08-11T19:02:00Z,BATCH-MYNT-1615
PO_B10_001616,Razorpay Nodal,SWIG-INV-729720 PO_B10_001616,421734,8633,0,0,413101,INR,2026-08-12T11:11:00Z,BATCH-SWIG-1616
PO_B10_001617,PayU Enterprise,FLPK-ORD-843166 FLPK-ORD-737759 BATCH-FLPK-1617,267604,5352,0,0,262252,INR,2026-08-12T18:52:00Z,BATCH-FLPK-1617
PO_B10_001618,Cashfree Escrow,PHNP-INV-253875 PO_B10_001618,448104,10470,0,0,437634,INR,2026-08-11T17:24:00Z,BATCH-PHNP-1618
PO_B10_001619,Razorpay Nodal,BBAS-INV-555302 PO_B10_001619,144371,3522,0,0,140849,INR,2026-08-12T04:19:00Z,BATCH-BBAS-1619
PO_B10_001620,Razorpay Nodal,MYNT-INV-239014 PO_B10_001620,244438,5063,0,0,239375,INR,2026-08-12T16:46:00Z,BATCH-MYNT-1620
PO_B10_001621,Stripe India,PHNP-INV-482511 PO_B10_001621,388498,6616,0,0,381882,INR,2026-08-12T14:16:00Z,BATCH-PHNP-1621
PO_B10_001622,BillDesk Settlement,BLNK-INV-541680 PO_B10_001622,180204,3413,0,0,176791,INR,2026-08-12T12:52:00Z,BATCH-BLNK-1622
PO_B10_001623,Stripe India,BLNK-ORD-982890 BLNK-ORD-721169 BATCH-BLNK-1623,428219,8564,0,0,419655,INR,2026-08-12T08:08:00Z,BATCH-BLNK-1623
PO_B10_001624,BillDesk Settlement,BLNK-INV-850932 PO_B10_001624,30559,570,0,0,29989,INR,2026-08-12T05:18:00Z,BATCH-BLNK-1624
PO_B10_001625,BillDesk Settlement,BBAS-INV-793334 PO_B10_001625,81822,1699,0,0,80123,INR,2026-08-12T03:07:00Z,BATCH-BBAS-1625
PO_B10_001626,Cashfree Escrow,MMTR-INV-640535 PO_B10_001626,98240,1585,0,0,96655,INR,2026-08-12T23:12:00Z,BATCH-MMTR-1626
PO_B10_001627,Razorpay Nodal,BKMS-INV-483611 PO_B10_001627,34901,585,0,0,34316,INR,2026-08-12T12:17:00Z,BATCH-BKMS-1627
PO_B10_001628,BillDesk Settlement,BBAS-EXC-811939-UNRESOLVED,241308,4816,0,0,236492,INR,2026-08-12T11:58:00Z,HOLD-ESCROW
PO_B10_001629,BillDesk Settlement,FLPK-ORD-202856 FLPK-ORD-398850 BATCH-FLPK-1629,127840,2556,0,0,125284,INR,2026-08-12T14:15:00Z,BATCH-FLPK-1629
PO_B10_001630,Razorpay Nodal,AMZN-INV-256634 PO_B10_001630,343451,7501,0,0,335950,INR,2026-08-12T04:11:00Z,BATCH-AMZN-1630
PO_B10_001631,Cashfree Escrow,MYNT-INV-475473 PO_B10_001631,49522,812,0,0,48710,INR,2026-08-12T00:12:00Z,BATCH-MYNT-1631
PO_B10_001632,PayU Enterprise,BKMS-EXC-964816-UNRESOLVED,81814,1626,0,0,80188,INR,2026-08-13T08:50:00Z,HOLD-ESCROW
PO_B10_001633,Razorpay Nodal,MMTR-INV-616422 PO_B10_001633,238320,5316,0,0,233004,INR,2026-08-12T15:36:00Z,BATCH-MMTR-1633
PO_B10_001634,PayU Enterprise,FLPK-ORD-444572 FLPK-ORD-864734 BATCH-FLPK-1634,466685,9333,0,0,457352,INR,2026-08-12T15:17:00Z,BATCH-FLPK-1634
PO_B10_001635,PayU Enterprise,BLNK-INV-471223 PO_B10_001635,139896,2661,0,0,137235,INR,2026-08-12T05:15:00Z,BATCH-BLNK-1635
PO_B10_001636,Cashfree Escrow,JIOO-INV-214578 PO_B10_001636,103288,1553,0,0,101735,INR,2026-08-12T02:34:00Z,BATCH-JIOO-1636
PO_B10_001637,PayU Enterprise,SWIG-INV-708874 PO_B10_001637,245765,5193,0,0,240572,INR,2026-08-12T15:27:00Z,BATCH-SWIG-1637
PO_B10_001638,PayU Enterprise,BKMS-INV-925906 PO_B10_001638,194150,3392,0,0,190758,INR,2026-08-12T08:02:00Z,BATCH-BKMS-1638
PO_B10_001639,Stripe India,OLAA-ORD-873912 OLAA-ORD-939384 OLAA-ORD-501318 BATCH-OLAA-1639,373759,7475,0,0,366284,INR,2026-08-12T01:25:00Z,BATCH-OLAA-1639
PO_B10_001640,Stripe India,TATA-INV-450184 PO_B10_001640,217346,5076,0,0,212270,INR,2026-08-12T06:33:00Z,BATCH-TATA-1640
PO_B10_001641,PayU Enterprise,SWIG-INV-792408 PO_B10_001641,344274,6127,0,0,338147,INR,2026-08-12T14:39:00Z,BATCH-SWIG-1641
PO_B10_001642,BillDesk Settlement,JIOO-ORD-985626 JIOO-ORD-248882 JIOO-ORD-454098 BATCH-JIOO-1642,438047,8760,0,0,429287,INR,2026-08-11T23:42:00Z,BATCH-JIOO-1642
PO_B10_001643,Stripe India,UBER-ORD-477624 UBER-ORD-383539 BATCH-UBER-1643,134192,2683,0,0,131509,INR,2026-08-12T01:50:00Z,BATCH-UBER-1643
PO_B10_001644,Stripe India,NYKA-INV-721373 PO_B10_001644,52532,1257,0,0,51275,INR,2026-08-12T03:54:00Z,BATCH-NYKA-1644
PO_B10_001645,PayU Enterprise,BBAS-INV-556406 PO_B10_001645,298362,4716,0,0,293646,INR,2026-08-12T07:47:00Z,BATCH-BBAS-1645
PO_B10_001646,BillDesk Settlement,FLPK-INV-889318 PO_B10_001646,415383,6789,0,0,408594,INR,2026-08-12T03:52:00Z,BATCH-FLPK-1646
PO_B10_001647,PayU Enterprise,SWIG-INV-604288 PO_B10_001647,67377,1080,0,0,66297,INR,2026-08-11T17:48:00Z,BATCH-SWIG-1647
PO_B10_001648,Razorpay Nodal,ZOMA-ORD-171703 ZOMA-ORD-182198 BATCH-ZOMA-1648,299204,5984,0,0,293220,INR,2026-08-12T04:10:00Z,BATCH-ZOMA-1648
PO_B10_001649,Stripe India,FLPK-INV-505563 PO_B10_001649,189176,4297,0,0,184879,INR,2026-08-12T09:44:00Z,BATCH-FLPK-1649
PO_B10_001650,Razorpay Nodal,AMZN-INV-240910 PO_B10_001650,30826,476,0,0,30350,INR,2026-08-12T20:34:00Z,BATCH-AMZN-1650
PO_B10_001651,Razorpay Nodal,JIOO-INV-363645 PO_B10_001651,434012,7524,0,0,426488,INR,2026-08-12T15:15:00Z,BATCH-JIOO-1651
PO_B10_001652,BillDesk Settlement,ZOMA-INV-262727 PO_B10_001652,430516,8548,0,0,421968,INR,2026-08-12T03:04:00Z,BATCH-ZOMA-1652
PO_B10_001653,Stripe India,OLAA-INV-500577 PO_B10_001653,263679,5479,0,0,258200,INR,2026-08-12T05:32:00Z,BATCH-OLAA-1653
PO_B10_001654,Cashfree Escrow,OLAA-INV-962432 PO_B10_001654,170342,4013,0,0,166329,INR,2026-08-12T12:36:00Z,BATCH-OLAA-1654
PO_B10_001655,Stripe India,PAYT-INV-762333 PO_B10_001655,131030,2163,0,0,128867,INR,2026-08-12T11:38:00Z,BATCH-PAYT-1655
PO_B10_001656,Razorpay Nodal,MMTR-ORD-592869 MMTR-ORD-701038 MMTR-ORD-937068 BATCH-MMTR-1656,494648,9892,0,0,484756,INR,2026-08-12T17:49:00Z,BATCH-MMTR-1656
PO_B10_001657,PayU Enterprise,SWIG-ORD-584479 SWIG-ORD-278729 BATCH-SWIG-1657,392293,7845,0,0,384448,INR,2026-08-12T00:48:00Z,BATCH-SWIG-1657
PO_B10_001658,Cashfree Escrow,BLNK-INV-418622 PO_B10_001658,45887,1069,0,0,44818,INR,2026-08-12T03:03:00Z,BATCH-BLNK-1658
PO_B10_001659,Razorpay Nodal,PAYT-INV-946958 PO_B10_001659,250607,5352,0,0,245255,INR,2026-08-12T00:14:00Z,BATCH-PAYT-1659
PO_B10_001660,Cashfree Escrow,AMZN-INV-332345 PO_B10_001660,113720,2151,0,0,111569,INR,2026-08-12T05:08:00Z,BATCH-AMZN-1660
PO_B10_001661,Razorpay Nodal,SWIG-INV-655914 PO_B10_001661,150832,2346,0,0,148486,INR,2026-08-12T10:36:00Z,BATCH-SWIG-1661
PO_B10_001662,Cashfree Escrow,JIOO-INV-208811 PO_B10_001662,254449,4074,0,0,250375,INR,2026-08-12T05:29:00Z,BATCH-JIOO-1662
PO_B10_001663,Cashfree Escrow,NYKA-INV-990795 PO_B10_001663,299326,6740,0,0,292586,INR,2026-08-12T10:10:00Z,BATCH-NYKA-1663
PO_B10_001664,Stripe India,SWIG-ORD-685089 SWIG-ORD-144136 SWIG-ORD-622688 BATCH-SWIG-1664,389859,7797,0,0,382062,INR,2026-08-12T06:01:00Z,BATCH-SWIG-1664
PO_B10_001665,Stripe India,BLNK-EXC-482081-UNRESOLVED,242971,4849,0,0,238122,INR,2026-08-12T17:07:00Z,HOLD-ESCROW
PO_B10_001666,Razorpay Nodal,AMZN-INV-721956 PO_B10_001666,229817,5401,0,0,224416,INR,2026-08-12T23:19:00Z,BATCH-AMZN-1666
PO_B10_001667,PayU Enterprise,SWIG-INV-475899 PO_B10_001667,381366,6723,0,0,374643,INR,2026-08-11T20:15:00Z,BATCH-SWIG-1667
PO_B10_001668,Razorpay Nodal,BBAS-ORD-562957 BBAS-ORD-634600 BATCH-BBAS-1668,426034,8520,0,0,417514,INR,2026-08-12T12:25:00Z,BATCH-BBAS-1668
PO_B10_001669,Stripe India,BKMS-INV-512690 PO_B10_001669,213282,3980,0,0,209302,INR,2026-08-12T15:12:00Z,BATCH-BKMS-1669
PO_B10_001670,Razorpay Nodal,BLNK-INV-565309 PO_B10_001670,351842,5966,0,0,345876,INR,2026-08-12T18:23:00Z,BATCH-BLNK-1670
PO_B10_001671,BillDesk Settlement,UBER-INV-797231 PO_B10_001671,370167,8105,0,0,362062,INR,2026-08-12T05:07:00Z,BATCH-UBER-1671
PO_B10_001672,PayU Enterprise,BLNK-INV-794007 PO_B10_001672,116466,2658,0,0,113808,INR,2026-08-12T02:50:00Z,BATCH-BLNK-1672
PO_B10_001673,Razorpay Nodal,OLAA-INV-528403 PO_B10_001673,144300,2592,0,0,141708,INR,2026-08-12T01:38:00Z,BATCH-OLAA-1673
PO_B10_001674,Razorpay Nodal,SWIG-INV-934544 PO_B10_001674,281109,6567,0,0,274542,INR,2026-08-12T01:26:00Z,BATCH-SWIG-1674
PO_B10_001675,Razorpay Nodal,PHNP-INV-781835 PO_B10_001675,71428,1696,0,0,69732,INR,2026-08-12T19:01:00Z,BATCH-PHNP-1675
PO_B10_001676,PayU Enterprise,ZOMA-ORD-593287 ZOMA-ORD-877350 BATCH-ZOMA-1676,352710,7054,0,0,345656,INR,2026-08-12T16:46:00Z,BATCH-ZOMA-1676
PO_B10_001677,Stripe India,AMZN-ORD-325285 AMZN-ORD-546254 AMZN-ORD-985517 BATCH-AMZN-1677,478184,9563,0,0,468621,INR,2026-08-12T05:57:00Z,BATCH-AMZN-1677
PO_B10_001678,BillDesk Settlement,SWIG-INV-947754 PO_B10_001678,278583,6379,0,0,272204,INR,2026-08-11T21:38:00Z,BATCH-SWIG-1678
PO_B10_001679,Stripe India,FLPK-INV-525969 PO_B10_001679,99259,2353,0,0,96906,INR,2026-08-12T14:20:00Z,BATCH-FLPK-1679
PO_B10_001680,Cashfree Escrow,MMTR-INV-704308 PO_B10_001680,374005,6358,0,0,367647,INR,2026-08-12T15:17:00Z,BATCH-MMTR-1680
PO_B10_001681,BillDesk Settlement,OLAA-INV-296319 PO_B10_001681,255090,6087,0,0,249003,INR,2026-08-12T00:34:00Z,BATCH-OLAA-1681
PO_B10_001682,PayU Enterprise,MYNT-INV-964214 PO_B10_001682,70805,1247,0,0,69558,INR,2026-08-12T21:10:00Z,BATCH-MYNT-1682
PO_B10_001683,PayU Enterprise,JIOO-INV-192708 PO_B10_001683,211258,3778,0,0,207480,INR,2026-08-12T07:29:00Z,BATCH-JIOO-1683
PO_B10_001684,Razorpay Nodal,MMTR-INV-289443 PO_B10_001684,43565,655,0,0,42910,INR,2026-08-12T13:17:00Z,BATCH-MMTR-1684
PO_B10_001685,BillDesk Settlement,BBAS-INV-462312 PO_B10_001685,277121,6793,0,0,270328,INR,2026-08-12T12:27:00Z,BATCH-BBAS-1685
PO_B10_001686,BillDesk Settlement,SWIG-INV-949101 PO_B10_001686,333385,6496,0,0,326889,INR,2026-08-12T12:10:00Z,BATCH-SWIG-1686
PO_B10_001687,Cashfree Escrow,OLAA-INV-327769 PO_B10_001687,34080,847,0,0,33233,INR,2026-08-13T02:17:00Z,BATCH-OLAA-1687
PO_B10_001688,Razorpay Nodal,JIOO-INV-405376 PO_B10_001688,145970,3247,0,0,142723,INR,2026-08-12T10:38:00Z,BATCH-JIOO-1688
PO_B10_001689,Cashfree Escrow,JIOO-INV-611262 PO_B10_001689,363806,7182,0,0,356624,INR,2026-08-12T21:53:00Z,BATCH-JIOO-1689
PO_B10_001690,Stripe India,SWIG-INV-967899 PO_B10_001690,157507,2688,0,0,154819,INR,2026-08-12T18:15:00Z,BATCH-SWIG-1690
PO_B10_001691,Stripe India,FLPK-INV-744650 PO_B10_001691,354154,5396,0,0,348758,INR,2026-08-11T19:08:00Z,BATCH-FLPK-1691
PO_B10_001692,PayU Enterprise,AMZN-EXC-334625-UNRESOLVED,87032,1730,0,0,85302,INR,2026-08-13T05:38:00Z,HOLD-ESCROW
PO_B10_001693,BillDesk Settlement,ZOMA-INV-140953 PO_B10_001693,188217,3171,0,0,185046,INR,2026-08-12T19:03:00Z,BATCH-ZOMA-1693
PO_B10_001694,Cashfree Escrow,MYNT-INV-960349 PO_B10_001694,71960,1585,0,0,70375,INR,2026-08-12T06:54:00Z,BATCH-MYNT-1694
PO_B10_001695,Razorpay Nodal,MMTR-EXC-708856-UNRESOLVED,279111,5572,0,0,273539,INR,2026-08-12T10:10:00Z,HOLD-ESCROW
PO_B10_001696,Razorpay Nodal,UBER-INV-701375 PO_B10_001696,390863,8548,0,0,382315,INR,2026-08-12T09:26:00Z,BATCH-UBER-1696
PO_B10_001697,BillDesk Settlement,PAYT-INV-731425 PO_B10_001697,130782,3023,0,0,127759,INR,2026-08-12T07:20:00Z,BATCH-PAYT-1697
PO_B10_001698,BillDesk Settlement,TATA-INV-233771 PO_B10_001698,165585,3685,0,0,161900,INR,2026-08-12T08:39:00Z,BATCH-TATA-1698
PO_B10_001699,Cashfree Escrow,NYKA-INV-813905 PO_B10_001699,172755,3515,0,0,169240,INR,2026-08-12T07:49:00Z,BATCH-NYKA-1699
PO_B10_001700,Stripe India,ZOMA-INV-969069 PO_B10_001700,366029,8052,0,0,357977,INR,2026-08-11T21:44:00Z,BATCH-ZOMA-1700
PO_B10_001701,Stripe India,SWIG-INV-987266 PO_B10_001701,329056,7332,0,0,321724,INR,2026-08-12T15:56:00Z,BATCH-SWIG-1701
PO_B10_001702,Cashfree Escrow,ZOMA-INV-626403 PO_B10_001702,32146,731,0,0,31415,INR,2026-08-12T11:19:00Z,BATCH-ZOMA-1702
PO_B10_001703,BillDesk Settlement,FLPK-ORD-642110 FLPK-ORD-305844 BATCH-FLPK-1703,236965,4739,0,0,232226,INR,2026-08-12T07:31:00Z,BATCH-FLPK-1703
PO_B10_001704,Stripe India,BLNK-INV-732157 PO_B10_001704,330008,7983,0,0,322025,INR,2026-08-12T22:34:00Z,BATCH-BLNK-1704
PO_B10_001705,Stripe India,PAYT-INV-198613 PO_B10_001705,323039,6888,0,0,316151,INR,2026-08-12T04:49:00Z,BATCH-PAYT-1705
PO_B10_001706,Cashfree Escrow,BKMS-ORD-206275 BKMS-ORD-401388 BKMS-ORD-571853 BATCH-BKMS-1706,457379,9147,0,0,448232,INR,2026-08-12T16:30:00Z,BATCH-BKMS-1706
PO_B10_001707,PayU Enterprise,TATA-EXC-477890-UNRESOLVED,133183,2653,0,0,130530,INR,2026-08-12T19:09:00Z,HOLD-ESCROW
PO_B10_001708,Stripe India,AMZN-INV-251678 PO_B10_001708,188668,3202,0,0,185466,INR,2026-08-12T08:00:00Z,BATCH-AMZN-1708
PO_B10_001709,Razorpay Nodal,UBER-ORD-318156 UBER-ORD-911306 UBER-ORD-844563 BATCH-UBER-1709,307117,6142,0,0,300975,INR,2026-08-12T02:53:00Z,BATCH-UBER-1709
PO_B10_001710,BillDesk Settlement,FLPK-INV-976333 PO_B10_001710,307738,6021,0,0,301717,INR,2026-08-12T02:14:00Z,BATCH-FLPK-1710
PO_B10_001711,PayU Enterprise,BBAS-ORD-614336 BBAS-ORD-936627 BATCH-BBAS-1711,426185,8523,0,0,417662,INR,2026-08-12T09:35:00Z,BATCH-BBAS-1711
PO_B10_001712,Razorpay Nodal,OLAA-INV-303059 PO_B10_001712,175519,3765,0,0,171754,INR,2026-08-12T09:32:00Z,BATCH-OLAA-1712
PO_B10_001713,Razorpay Nodal,MMTR-INV-992310 PO_B10_001713,206802,3270,0,0,203532,INR,2026-08-12T18:16:00Z,BATCH-MMTR-1713
PO_B10_001714,Stripe India,SWIG-ORD-216668 SWIG-ORD-590794 BATCH-SWIG-1714,378419,7568,0,0,370851,INR,2026-08-12T01:41:00Z,BATCH-SWIG-1714
PO_B10_001715,BillDesk Settlement,NYKA-INV-409620 PO_B10_001715,57967,1160,0,0,56807,INR,2026-08-11T20:01:00Z,BATCH-NYKA-1715
PO_B10_001716,Cashfree Escrow,AMZN-INV-456899 PO_B10_001716,292690,6985,0,0,285705,INR,2026-08-12T06:15:00Z,BATCH-AMZN-1716
PO_B10_001717,PayU Enterprise,MMTR-ORD-798826 MMTR-ORD-747385 BATCH-MMTR-1717,433979,8679,0,0,425300,INR,2026-08-12T07:26:00Z,BATCH-MMTR-1717
PO_B10_001718,PayU Enterprise,PHNP-INV-742370 PO_B10_001718,188783,3139,0,0,185644,INR,2026-08-12T22:14:00Z,BATCH-PHNP-1718
PO_B10_001719,Razorpay Nodal,FLPK-INV-718667 PO_B10_001719,371761,9254,0,0,362507,INR,2026-08-12T14:33:00Z,BATCH-FLPK-1719
PO_B10_001720,Cashfree Escrow,BKMS-INV-994436 PO_B10_001720,306382,4859,0,0,301523,INR,2026-08-12T14:07:00Z,BATCH-BKMS-1720
PO_B10_001721,Cashfree Escrow,SWIG-ORD-606321 SWIG-ORD-811461 SWIG-ORD-303077 BATCH-SWIG-1721,433940,8678,0,0,425262,INR,2026-08-12T15:12:00Z,BATCH-SWIG-1721
PO_B10_001722,BillDesk Settlement,JIOO-INV-187114 PO_B10_001722,55880,967,0,0,54913,INR,2026-08-12T02:26:00Z,BATCH-JIOO-1722
PO_B10_001723,PayU Enterprise,AMZN-INV-517489 PO_B10_001723,317365,7825,0,0,309540,INR,2026-08-12T03:32:00Z,BATCH-AMZN-1723
PO_B10_001724,Razorpay Nodal,BKMS-ORD-963936 BKMS-ORD-367440 BATCH-BKMS-1724,414106,8282,0,0,405824,INR,2026-08-12T02:13:00Z,BATCH-BKMS-1724
PO_B10_001725,Razorpay Nodal,TATA-INV-208216 PO_B10_001725,259045,5493,0,0,253552,INR,2026-08-12T19:16:00Z,BATCH-TATA-1725
PO_B10_001726,Razorpay Nodal,UBER-ORD-905097 UBER-ORD-376036 BATCH-UBER-1726,297300,5946,0,0,291354,INR,2026-08-12T18:53:00Z,BATCH-UBER-1726
PO_B10_001727,Razorpay Nodal,ZOMA-INV-779945 PO_B10_001727,321511,6587,0,0,314924,INR,2026-08-12T14:18:00Z,BATCH-ZOMA-1727
PO_B10_001728,BillDesk Settlement,BLNK-ORD-781394 BLNK-ORD-562365 BATCH-BLNK-1728,391193,7823,0,0,383370,INR,2026-08-12T01:37:00Z,BATCH-BLNK-1728
PO_B10_001729,Razorpay Nodal,BKMS-INV-527620 PO_B10_001729,415010,8496,0,0,406514,INR,2026-08-11T22:05:00Z,BATCH-BKMS-1729
PO_B10_001730,Razorpay Nodal,BLNK-INV-168988 PO_B10_001730,439385,6685,0,0,432700,INR,2026-08-12T07:41:00Z,BATCH-BLNK-1730
PO_B10_001731,PayU Enterprise,OLAA-INV-632879 PO_B10_001731,289302,4466,0,0,284836,INR,2026-08-12T09:21:00Z,BATCH-OLAA-1731
PO_B10_001732,Cashfree Escrow,PHNP-INV-621465 PO_B10_001732,275143,5984,0,0,269159,INR,2026-08-12T03:47:00Z,BATCH-PHNP-1732
PO_B10_001733,Razorpay Nodal,NYKA-INV-624019 PO_B10_001733,81957,1805,0,0,80152,INR,2026-08-12T05:51:00Z,BATCH-NYKA-1733
PO_B10_001734,Cashfree Escrow,MYNT-ORD-275649 MYNT-ORD-336969 BATCH-MYNT-1734,186456,3729,0,0,182727,INR,2026-08-12T01:17:00Z,BATCH-MYNT-1734
PO_B10_001735,Cashfree Escrow,FLPK-ORD-756179 FLPK-ORD-513026 FLPK-ORD-489239 BATCH-FLPK-1735,477501,9550,0,0,467951,INR,2026-08-12T18:47:00Z,BATCH-FLPK-1735
PO_B10_001736,Razorpay Nodal,PAYT-INV-274934 PO_B10_001736,47535,894,0,0,46641,INR,2026-08-12T03:46:00Z,BATCH-PAYT-1736
PO_B10_001737,Razorpay Nodal,BLNK-INV-286268 PO_B10_001737,377762,8372,0,0,369390,INR,2026-08-12T01:21:00Z,BATCH-BLNK-1737
PO_B10_001738,PayU Enterprise,PAYT-INV-188940 PO_B10_001738,62199,1459,0,0,60740,INR,2026-08-11T22:05:00Z,BATCH-PAYT-1738
PO_B10_001739,PayU Enterprise,SWIG-ORD-753517 SWIG-ORD-451087 BATCH-SWIG-1739,167035,3340,0,0,163695,INR,2026-08-12T16:26:00Z,BATCH-SWIG-1739
PO_B10_001740,BillDesk Settlement,JIOO-INV-848036 PO_B10_001740,327602,6580,0,0,321022,INR,2026-08-12T16:43:00Z,BATCH-JIOO-1740
PO_B10_001741,Razorpay Nodal,OLAA-INV-272282 PO_B10_001741,29987,746,0,0,29241,INR,2026-08-12T08:03:00Z,BATCH-OLAA-1741
PO_B10_001742,BillDesk Settlement,ZOMA-ORD-131110 ZOMA-ORD-472054 ZOMA-ORD-142415 BATCH-ZOMA-1742,513301,10266,0,0,503035,INR,2026-08-12T09:19:00Z,BATCH-ZOMA-1742
PO_B10_001743,BillDesk Settlement,PHNP-ORD-268485 PHNP-ORD-168522 BATCH-PHNP-1743,291668,5833,0,0,285835,INR,2026-08-12T00:33:00Z,BATCH-PHNP-1743
PO_B10_001744,Stripe India,UBER-INV-810197 PO_B10_001744,306646,7417,0,0,299229,INR,2026-08-12T15:11:00Z,BATCH-UBER-1744
PO_B10_001745,Razorpay Nodal,FLPK-INV-564217 PO_B10_001745,170343,3984,0,0,166359,INR,2026-08-12T05:27:00Z,BATCH-FLPK-1745
PO_B10_001746,Razorpay Nodal,OLAA-INV-972558 PO_B10_001746,257326,4248,0,0,253078,INR,2026-08-12T00:50:00Z,BATCH-OLAA-1746
PO_B10_001747,PayU Enterprise,TATA-INV-267481 PO_B10_001747,241910,4539,0,0,237371,INR,2026-08-12T16:57:00Z,BATCH-TATA-1747
PO_B10_001748,Stripe India,NYKA-INV-393585 PO_B10_001748,280789,6642,0,0,274147,INR,2026-08-12T14:23:00Z,BATCH-NYKA-1748
PO_B10_001749,Razorpay Nodal,SWIG-INV-455716 PO_B10_001749,141885,2494,0,0,139391,INR,2026-08-12T03:11:00Z,BATCH-SWIG-1749
PO_B10_001750,BillDesk Settlement,BLNK-INV-484545 PO_B10_001750,157640,3047,0,0,154593,INR,2026-08-11T23:35:00Z,BATCH-BLNK-1750
PO_B10_001751,BillDesk Settlement,UBER-INV-532150 PO_B10_001751,437333,9807,0,0,427526,INR,2026-08-12T06:16:00Z,BATCH-UBER-1751
PO_B10_001752,Stripe India,MYNT-INV-797429 PO_B10_001752,61852,1327,0,0,60525,INR,2026-08-12T12:19:00Z,BATCH-MYNT-1752
PO_B10_001753,Stripe India,SWIG-INV-361740 PO_B10_001753,313482,7290,0,0,306192,INR,2026-08-12T20:37:00Z,BATCH-SWIG-1753
PO_B10_001754,Stripe India,MYNT-ORD-486829 MYNT-ORD-173452 BATCH-MYNT-1754,344877,6897,0,0,337980,INR,2026-08-11T23:32:00Z,BATCH-MYNT-1754
PO_B10_001755,Razorpay Nodal,ZOMA-INV-117469 PO_B10_001755,133798,3131,0,0,130667,INR,2026-08-12T10:35:00Z,BATCH-ZOMA-1755
PO_B10_001756,Stripe India,BLNK-ORD-813109 BLNK-ORD-565983 BLNK-ORD-570990 BATCH-BLNK-1756,474428,9488,0,0,464940,INR,2026-08-12T09:14:00Z,BATCH-BLNK-1756
PO_B10_001757,Cashfree Escrow,OLAA-INV-409268 PO_B10_001757,427021,7362,0,0,419659,INR,2026-08-12T10:56:00Z,BATCH-OLAA-1757
PO_B10_001758,BillDesk Settlement,MMTR-ORD-338551 MMTR-ORD-564851 BATCH-MMTR-1758,118967,2379,0,0,116588,INR,2026-08-12T10:06:00Z,BATCH-MMTR-1758
PO_B10_001759,Cashfree Escrow,BKMS-INV-167849 PO_B10_001759,307537,7085,0,0,300452,INR,2026-08-12T07:13:00Z,BATCH-BKMS-1759
PO_B10_001760,BillDesk Settlement,TATA-INV-406106 PO_B10_001760,443521,7063,0,0,436458,INR,2026-08-12T01:36:00Z,BATCH-TATA-1760
PO_B10_001761,Razorpay Nodal,FLPK-INV-369343 PO_B10_001761,140816,3056,0,0,137760,INR,2026-08-12T03:26:00Z,BATCH-FLPK-1761
PO_B10_001762,PayU Enterprise,AMZN-ORD-109520 AMZN-ORD-694684 BATCH-AMZN-1762,362268,7245,0,0,355023,INR,2026-08-12T20:52:00Z,BATCH-AMZN-1762
PO_B10_001763,Razorpay Nodal,JIOO-INV-928602 PO_B10_001763,212849,4309,0,0,208540,INR,2026-08-11T23:01:00Z,BATCH-JIOO-1763
PO_B10_001764,Cashfree Escrow,TATA-ORD-814779 TATA-ORD-607754 BATCH-TATA-1764,329747,6594,0,0,323153,INR,2026-08-12T19:17:00Z,BATCH-TATA-1764
PO_B10_001765,PayU Enterprise,UBER-INV-845892 PO_B10_001765,297511,7157,0,0,290354,INR,2026-08-11T22:03:00Z,BATCH-UBER-1765
PO_B10_001766,BillDesk Settlement,BKMS-ORD-810386 BKMS-ORD-595379 BATCH-BKMS-1766,359913,7198,0,0,352715,INR,2026-08-12T03:34:00Z,BATCH-BKMS-1766
PO_B10_001767,BillDesk Settlement,FLPK-ORD-344482 FLPK-ORD-917566 FLPK-ORD-974845 BATCH-FLPK-1767,405911,8118,0,0,397793,INR,2026-08-12T07:36:00Z,BATCH-FLPK-1767
PO_B10_001768,PayU Enterprise,MMTR-ORD-610561 MMTR-ORD-778119 BATCH-MMTR-1768,297319,5946,0,0,291373,INR,2026-08-12T19:38:00Z,BATCH-MMTR-1768
PO_B10_001769,BillDesk Settlement,BBAS-EXC-818017-UNRESOLVED,270713,5404,0,0,265309,INR,2026-08-13T05:20:00Z,HOLD-ESCROW
PO_B10_001770,Razorpay Nodal,MMTR-INV-500255 PO_B10_001770,438593,7040,0,0,431553,INR,2026-08-12T03:07:00Z,BATCH-MMTR-1770
PO_B10_001771,Stripe India,FLPK-ORD-589368 FLPK-ORD-496967 BATCH-FLPK-1771,169501,3390,0,0,166111,INR,2026-08-12T07:15:00Z,BATCH-FLPK-1771
PO_B10_001772,PayU Enterprise,OLAA-INV-683489 PO_B10_001772,139645,2606,0,0,137039,INR,2026-08-12T18:58:00Z,BATCH-OLAA-1772
PO_B10_001773,BillDesk Settlement,UBER-INV-629234 PO_B10_001773,340587,7348,0,0,333239,INR,2026-08-12T16:54:00Z,BATCH-UBER-1773
PO_B10_001774,PayU Enterprise,MMTR-ORD-902756 MMTR-ORD-296318 BATCH-MMTR-1774,121174,2423,0,0,118751,INR,2026-08-12T17:07:00Z,BATCH-MMTR-1774
PO_B10_001775,Razorpay Nodal,MMTR-INV-526376 PO_B10_001775,102506,1754,0,0,100752,INR,2026-08-12T23:53:00Z,BATCH-MMTR-1775
PO_B10_001776,PayU Enterprise,MMTR-INV-320227 PO_B10_001776,78779,1222,0,0,77557,INR,2026-08-13T01:23:00Z,BATCH-MMTR-1776
PO_B10_001777,PayU Enterprise,PHNP-INV-634935 PO_B10_001777,448186,9923,0,0,438263,INR,2026-08-12T03:52:00Z,BATCH-PHNP-1777
PO_B10_001778,PayU Enterprise,AMZN-INV-164678 PO_B10_001778,366373,7934,0,0,358439,INR,2026-08-12T07:48:00Z,BATCH-AMZN-1778
PO_B10_001779,Razorpay Nodal,MYNT-INV-252569 PO_B10_001779,334602,5592,0,0,329010,INR,2026-08-12T10:34:00Z,BATCH-MYNT-1779
PO_B10_001780,PayU Enterprise,AMZN-INV-682663 PO_B10_001780,350594,6742,0,0,343852,INR,2026-08-12T09:49:00Z,BATCH-AMZN-1780
PO_B10_001781,BillDesk Settlement,MYNT-INV-832172 PO_B10_001781,365487,6688,0,0,358799,INR,2026-08-12T19:45:00Z,BATCH-MYNT-1781
PO_B10_001782,Cashfree Escrow,BKMS-ORD-231297 BKMS-ORD-903788 BATCH-BKMS-1782,214546,4290,0,0,210256,INR,2026-08-12T18:18:00Z,BATCH-BKMS-1782
PO_B10_001783,Stripe India,OLAA-INV-548826 PO_B10_001783,404979,9004,0,0,395975,INR,2026-08-11T20:31:00Z,BATCH-OLAA-1783
PO_B10_001784,PayU Enterprise,BLNK-INV-885479 PO_B10_001784,305686,5260,0,0,300426,INR,2026-08-12T08:18:00Z,BATCH-BLNK-1784
PO_B10_001785,Stripe India,MMTR-INV-729746 PO_B10_001785,129435,2227,0,0,127208,INR,2026-08-12T04:51:00Z,BATCH-MMTR-1785
PO_B10_001786,Cashfree Escrow,PAYT-INV-859165 PO_B10_001786,357845,7703,0,0,350142,INR,2026-08-12T01:01:00Z,BATCH-PAYT-1786
PO_B10_001787,PayU Enterprise,BLNK-EXC-356039-UNRESOLVED,263026,5250,0,0,257776,INR,2026-08-12T09:05:00Z,HOLD-ESCROW
PO_B10_001788,BillDesk Settlement,MYNT-INV-916258 PO_B10_001788,444460,9510,0,0,434950,INR,2026-08-12T09:06:00Z,BATCH-MYNT-1788
PO_B10_001789,Razorpay Nodal,BLNK-ORD-485300 BLNK-ORD-417232 BATCH-BLNK-1789,280576,5611,0,0,274965,INR,2026-08-12T06:32:00Z,BATCH-BLNK-1789
PO_B10_001790,Cashfree Escrow,BBAS-INV-358182 PO_B10_001790,289763,6223,0,0,283540,INR,2026-08-12T03:49:00Z,BATCH-BBAS-1790
PO_B10_001791,BillDesk Settlement,SWIG-INV-848256 PO_B10_001791,47670,760,0,0,46910,INR,2026-08-12T03:25:00Z,BATCH-SWIG-1791
PO_B10_001792,Razorpay Nodal,BBAS-ORD-146232 BBAS-ORD-112602 BATCH-BBAS-1792,71782,1435,0,0,70347,INR,2026-08-12T03:23:00Z,BATCH-BBAS-1792
PO_B10_001793,Razorpay Nodal,JIOO-INV-306541 PO_B10_001793,169282,3714,0,0,165568,INR,2026-08-12T09:07:00Z,BATCH-JIOO-1793
PO_B10_001794,BillDesk Settlement,NYKA-INV-984597 PO_B10_001794,192728,3027,0,0,189701,INR,2026-08-11T14:16:00Z,BATCH-NYKA-1794
PO_B10_001795,BillDesk Settlement,BBAS-EXC-809926-UNRESOLVED,258783,5165,0,0,253618,INR,2026-08-12T16:12:00Z,HOLD-ESCROW
PO_B10_001796,PayU Enterprise,BKMS-ORD-181273 BKMS-ORD-901317 BKMS-ORD-787465 BATCH-BKMS-1796,425215,8504,0,0,416711,INR,2026-08-12T15:20:00Z,BATCH-BKMS-1796
PO_B10_001797,BillDesk Settlement,MMTR-INV-917031 PO_B10_001797,298460,5331,0,0,293129,INR,2026-08-12T19:55:00Z,BATCH-MMTR-1797
PO_B10_001798,BillDesk Settlement,JIOO-INV-763781 PO_B10_001798,348086,7093,0,0,340993,INR,2026-08-12T15:43:00Z,BATCH-JIOO-1798
PO_B10_001799,Stripe India,TATA-ORD-257631 TATA-ORD-369395 BATCH-TATA-1799,213370,4267,0,0,209103,INR,2026-08-11T22:59:00Z,BATCH-TATA-1799
PO_B10_001800,PayU Enterprise,UBER-INV-608583 PO_B10_001800,136857,2760,0,0,134097,INR,2026-08-12T01:47:00Z,BATCH-UBER-1800
PO_B10_001801,BillDesk Settlement,ZOMA-INV-696341 PO_B10_001801,150767,3727,0,0,147040,INR,2026-08-11T18:30:00Z,BATCH-ZOMA-1801
PO_B10_001802,Stripe India,BBAS-INV-112990 PO_B10_001802,313296,5783,0,0,307513,INR,2026-08-12T03:49:00Z,BATCH-BBAS-1802
PO_B10_001803,PayU Enterprise,TATA-ORD-923002 TATA-ORD-471814 BATCH-TATA-1803,451345,9026,0,0,442319,INR,2026-08-11T21:37:00Z,BATCH-TATA-1803
PO_B10_001804,BillDesk Settlement,BLNK-EXC-836213-UNRESOLVED,296942,5928,0,0,291014,INR,2026-08-12T23:46:00Z,HOLD-ESCROW
PO_B10_001805,BillDesk Settlement,PAYT-INV-692437 PO_B10_001805,441124,7987,0,0,433137,INR,2026-08-12T03:06:00Z,BATCH-PAYT-1805
PO_B10_001806,Cashfree Escrow,AMZN-INV-599921 PO_B10_001806,206503,3425,0,0,203078,INR,2026-08-11T21:53:00Z,BATCH-AMZN-1806
PO_B10_001807,Cashfree Escrow,BBAS-ORD-918057 BBAS-ORD-667230 BBAS-ORD-558248 BATCH-BBAS-1807,320489,6409,0,0,314080,INR,2026-08-11T22:38:00Z,BATCH-BBAS-1807
PO_B10_001808,PayU Enterprise,UBER-INV-503458 PO_B10_001808,175089,2716,0,0,172373,INR,2026-08-12T10:52:00Z,BATCH-UBER-1808
PO_B10_001809,PayU Enterprise,ZOMA-ORD-535192 ZOMA-ORD-370288 BATCH-ZOMA-1809,389538,7790,0,0,381748,INR,2026-08-12T03:52:00Z,BATCH-ZOMA-1809
PO_B10_001810,Cashfree Escrow,JIOO-INV-218105 PO_B10_001810,241545,6022,0,0,235523,INR,2026-08-12T18:34:00Z,BATCH-JIOO-1810
PO_B10_001811,PayU Enterprise,BLNK-INV-813848 PO_B10_001811,267006,4588,0,0,262418,INR,2026-08-12T12:20:00Z,BATCH-BLNK-1811
PO_B10_001812,BillDesk Settlement,FLPK-INV-204356 PO_B10_001812,179545,3599,0,0,175946,INR,2026-08-12T02:11:00Z,BATCH-FLPK-1812
PO_B10_001813,BillDesk Settlement,BLNK-ORD-824563 BLNK-ORD-363768 BLNK-ORD-171957 BATCH-BLNK-1813,283733,5674,0,0,278059,INR,2026-08-11T21:04:00Z,BATCH-BLNK-1813
PO_B10_001814,Cashfree Escrow,BKMS-INV-122879 PO_B10_001814,346483,6623,0,0,339860,INR,2026-08-11T17:23:00Z,BATCH-BKMS-1814
PO_B10_001815,Razorpay Nodal,MMTR-INV-768608 PO_B10_001815,237437,3944,0,0,233493,INR,2026-08-12T20:05:00Z,BATCH-MMTR-1815
PO_B10_001816,Stripe India,MYNT-INV-958924 PO_B10_001816,342359,5189,0,0,337170,INR,2026-08-12T04:43:00Z,BATCH-MYNT-1816
PO_B10_001817,Cashfree Escrow,BKMS-INV-215235 PO_B10_001817,213027,4315,0,0,208712,INR,2026-08-12T15:15:00Z,BATCH-BKMS-1817
PO_B10_001818,Cashfree Escrow,NYKA-INV-142772 PO_B10_001818,39357,670,0,0,38687,INR,2026-08-11T20:14:00Z,BATCH-NYKA-1818
PO_B10_001819,Stripe India,MYNT-INV-190918 PO_B10_001819,117034,2876,0,0,114158,INR,2026-08-12T11:56:00Z,BATCH-MYNT-1819
PO_B10_001820,BillDesk Settlement,PAYT-INV-302657 PO_B10_001820,381997,8094,0,0,373903,INR,2026-08-12T17:46:00Z,BATCH-PAYT-1820
PO_B10_001821,Cashfree Escrow,PHNP-INV-325205 PO_B10_001821,186978,3489,0,0,183489,INR,2026-08-12T05:25:00Z,BATCH-PHNP-1821
PO_B10_001822,PayU Enterprise,PHNP-INV-950822 PO_B10_001822,201432,4344,0,0,197088,INR,2026-08-11T22:59:00Z,BATCH-PHNP-1822
PO_B10_001823,BillDesk Settlement,BKMS-ORD-501062 BKMS-ORD-111782 BATCH-BKMS-1823,357303,7146,0,0,350157,INR,2026-08-12T18:48:00Z,BATCH-BKMS-1823
PO_B10_001824,Cashfree Escrow,PHNP-INV-440923 PO_B10_001824,76563,1307,0,0,75256,INR,2026-08-11T20:45:00Z,BATCH-PHNP-1824
PO_B10_001825,Cashfree Escrow,OLAA-INV-619617 PO_B10_001825,142272,3391,0,0,138881,INR,2026-08-12T08:39:00Z,BATCH-OLAA-1825
PO_B10_001826,Razorpay Nodal,PHNP-INV-487561 PO_B10_001826,57748,1122,0,0,56626,INR,2026-08-12T15:11:00Z,BATCH-PHNP-1826
PO_B10_001827,Razorpay Nodal,NYKA-INV-403211 PO_B10_001827,53086,1237,0,0,51849,INR,2026-08-12T08:07:00Z,BATCH-NYKA-1827
PO_B10_001828,Stripe India,BBAS-INV-167885 PO_B10_001828,68344,1521,0,0,66823,INR,2026-08-12T04:19:00Z,BATCH-BBAS-1828
PO_B10_001829,Stripe India,OLAA-INV-799721 PO_B10_001829,91048,2025,0,0,89023,INR,2026-08-12T14:48:00Z,BATCH-OLAA-1829
PO_B10_001830,Cashfree Escrow,AMZN-EXC-541474-UNRESOLVED,127668,2543,0,0,125125,INR,2026-08-12T23:28:00Z,HOLD-ESCROW
PO_B10_001831,BillDesk Settlement,OLAA-INV-103723 PO_B10_001831,50390,1131,0,0,49259,INR,2026-08-12T02:51:00Z,BATCH-OLAA-1831
PO_B10_001832,Cashfree Escrow,MYNT-INV-163667 PO_B10_001832,405287,8797,0,0,396490,INR,2026-08-12T20:26:00Z,BATCH-MYNT-1832
PO_B10_001833,Razorpay Nodal,FLPK-INV-175396 PO_B10_001833,42191,762,0,0,41429,INR,2026-08-12T10:32:00Z,BATCH-FLPK-1833
PO_B10_001834,Cashfree Escrow,SWIG-INV-166326 PO_B10_001834,311657,7419,0,0,304238,INR,2026-08-12T06:27:00Z,BATCH-SWIG-1834
PO_B10_001835,Razorpay Nodal,BBAS-INV-355836 PO_B10_001835,439875,9768,0,0,430107,INR,2026-08-12T09:10:00Z,BATCH-BBAS-1835
PO_B10_001836,Razorpay Nodal,PHNP-INV-822923 PO_B10_001836,402282,9843,0,0,392439,INR,2026-08-12T23:23:00Z,BATCH-PHNP-1836
PO_B10_001837,Stripe India,OLAA-EXC-115214-UNRESOLVED,73026,1450,0,0,71576,INR,2026-08-13T01:40:00Z,HOLD-ESCROW
PO_B10_001838,Stripe India,PHNP-INV-335658 PO_B10_001838,156933,2392,0,0,154541,INR,2026-08-12T11:01:00Z,BATCH-PHNP-1838
PO_B10_001839,Stripe India,FLPK-INV-231673 PO_B10_001839,92031,2000,0,0,90031,INR,2026-08-11T17:27:00Z,BATCH-FLPK-1839
PO_B10_001840,Cashfree Escrow,BKMS-INV-798045 PO_B10_001840,423947,8761,0,0,415186,INR,2026-08-12T01:54:00Z,BATCH-BKMS-1840
PO_B10_001841,Razorpay Nodal,PAYT-ORD-632994 PAYT-ORD-399236 PAYT-ORD-212366 BATCH-PAYT-1841,406053,8121,0,0,397932,INR,2026-08-12T02:43:00Z,BATCH-PAYT-1841
PO_B10_001842,Cashfree Escrow,ZOMA-INV-660251 PO_B10_001842,165874,2947,0,0,162927,INR,2026-08-12T09:41:00Z,BATCH-ZOMA-1842
PO_B10_001843,Razorpay Nodal,BKMS-INV-603540 PO_B10_001843,216616,4303,0,0,212313,INR,2026-08-12T05:16:00Z,BATCH-BKMS-1843
PO_B10_001844,Razorpay Nodal,BLNK-INV-266265 PO_B10_001844,164356,4102,0,0,160254,INR,2026-08-12T13:52:00Z,BATCH-BLNK-1844
PO_B10_001845,Razorpay Nodal,MMTR-INV-802485 PO_B10_001845,193336,4724,0,0,188612,INR,2026-08-12T11:55:00Z,BATCH-MMTR-1845
PO_B10_001846,Cashfree Escrow,FLPK-INV-277170 PO_B10_001846,28723,583,0,0,28140,INR,2026-08-12T12:12:00Z,BATCH-FLPK-1846
PO_B10_001847,Cashfree Escrow,PHNP-INV-962865 PO_B10_001847,73108,1428,0,0,71680,INR,2026-08-12T19:35:00Z,BATCH-PHNP-1847
PO_B10_001848,Razorpay Nodal,PAYT-INV-413779 PO_B10_001848,360343,5946,0,0,354397,INR,2026-08-11T17:02:00Z,BATCH-PAYT-1848
PO_B10_001849,PayU Enterprise,JIOO-INV-242021 PO_B10_001849,405051,6626,0,0,398425,INR,2026-08-12T18:04:00Z,BATCH-JIOO-1849
PO_B10_001850,BillDesk Settlement,BLNK-INV-788982 PO_B10_001850,212674,4489,0,0,208185,INR,2026-08-12T09:17:00Z,BATCH-BLNK-1850
PO_B10_001851,PayU Enterprise,NYKA-INV-339238 PO_B10_001851,389242,6139,0,0,383103,INR,2026-08-12T16:20:00Z,BATCH-NYKA-1851
PO_B10_001852,PayU Enterprise,ZOMA-INV-419225 PO_B10_001852,169652,3787,0,0,165865,INR,2026-08-12T07:37:00Z,BATCH-ZOMA-1852
PO_B10_001853,PayU Enterprise,SWIG-INV-935482 PO_B10_001853,84010,1461,0,0,82549,INR,2026-08-12T00:49:00Z,BATCH-SWIG-1853
PO_B10_001854,Stripe India,BLNK-INV-216937 PO_B10_001854,342706,7609,0,0,335097,INR,2026-08-12T06:02:00Z,BATCH-BLNK-1854
PO_B10_001855,PayU Enterprise,UBER-INV-496403 PO_B10_001855,28227,597,0,0,27630,INR,2026-08-12T10:55:00Z,BATCH-UBER-1855
PO_B10_001856,Cashfree Escrow,MMTR-INV-851419 PO_B10_001856,191394,4608,0,0,186786,INR,2026-08-11T22:44:00Z,BATCH-MMTR-1856
PO_B10_001857,PayU Enterprise,FLPK-ORD-369666 FLPK-ORD-159084 BATCH-FLPK-1857,334634,6692,0,0,327942,INR,2026-08-12T05:55:00Z,BATCH-FLPK-1857
PO_B10_001858,PayU Enterprise,MYNT-INV-336890 PO_B10_001858,362669,6340,0,0,356329,INR,2026-08-12T14:36:00Z,BATCH-MYNT-1858
PO_B10_001859,Razorpay Nodal,FLPK-INV-446722 PO_B10_001859,243164,5038,0,0,238126,INR,2026-08-12T13:59:00Z,BATCH-FLPK-1859
PO_B10_001860,Razorpay Nodal,OLAA-INV-442421 PO_B10_001860,244481,4960,0,0,239521,INR,2026-08-12T16:55:00Z,BATCH-OLAA-1860
PO_B10_001861,Razorpay Nodal,PAYT-INV-454719 PO_B10_001861,328559,6836,0,0,321723,INR,2026-08-12T03:47:00Z,BATCH-PAYT-1861
PO_B10_001862,Cashfree Escrow,AMZN-INV-140617 PO_B10_001862,307593,5621,0,0,301972,INR,2026-08-12T20:01:00Z,BATCH-AMZN-1862
PO_B10_001863,Stripe India,NYKA-INV-639927 PO_B10_001863,291814,6689,0,0,285125,INR,2026-08-12T02:18:00Z,BATCH-NYKA-1863
PO_B10_001864,Stripe India,AMZN-INV-917725 PO_B10_001864,389046,8175,0,0,380871,INR,2026-08-11T18:08:00Z,BATCH-AMZN-1864
PO_B10_001865,BillDesk Settlement,ZOMA-ORD-904528 ZOMA-ORD-859425 BATCH-ZOMA-1865,349835,6996,0,0,342839,INR,2026-08-12T08:06:00Z,BATCH-ZOMA-1865
PO_B10_001866,Stripe India,BKMS-INV-321901 PO_B10_001866,184842,2919,0,0,181923,INR,2026-08-12T02:19:00Z,BATCH-BKMS-1866
PO_B10_001867,Razorpay Nodal,BLNK-ORD-744845 BLNK-ORD-412922 BATCH-BLNK-1867,63597,1271,0,0,62326,INR,2026-08-12T05:35:00Z,BATCH-BLNK-1867
PO_B10_001868,Cashfree Escrow,UBER-INV-740964 PO_B10_001868,106706,2610,0,0,104096,INR,2026-08-12T15:51:00Z,BATCH-UBER-1868
PO_B10_001869,Cashfree Escrow,BKMS-INV-408563 PO_B10_001869,382621,8136,0,0,374485,INR,2026-08-12T15:58:00Z,BATCH-BKMS-1869
PO_B10_001870,Razorpay Nodal,AMZN-INV-891740 PO_B10_001870,84430,1467,0,0,82963,INR,2026-08-12T07:13:00Z,BATCH-AMZN-1870
PO_B10_001871,PayU Enterprise,SWIG-ORD-739027 SWIG-ORD-217645 BATCH-SWIG-1871,162712,3254,0,0,159458,INR,2026-08-12T03:26:00Z,BATCH-SWIG-1871
PO_B10_001872,Razorpay Nodal,MYNT-INV-885113 PO_B10_001872,28740,612,0,0,28128,INR,2026-08-12T10:38:00Z,BATCH-MYNT-1872
PO_B10_001873,Razorpay Nodal,UBER-INV-803965 PO_B10_001873,190114,3122,0,0,186992,INR,2026-08-11T23:25:00Z,BATCH-UBER-1873
PO_B10_001874,Stripe India,TATA-ORD-290996 TATA-ORD-846386 BATCH-TATA-1874,94505,1890,0,0,92615,INR,2026-08-12T12:56:00Z,BATCH-TATA-1874
PO_B10_001875,PayU Enterprise,ZOMA-ORD-336049 ZOMA-ORD-310771 BATCH-ZOMA-1875,236967,4739,0,0,232228,INR,2026-08-12T10:27:00Z,BATCH-ZOMA-1875
PO_B10_001876,Stripe India,BLNK-INV-641885 PO_B10_001876,366622,8580,0,0,358042,INR,2026-08-12T03:49:00Z,BATCH-BLNK-1876
PO_B10_001877,PayU Enterprise,OLAA-INV-122417 PO_B10_001877,370558,8856,0,0,361702,INR,2026-08-12T15:46:00Z,BATCH-OLAA-1877
PO_B10_001878,PayU Enterprise,TATA-INV-418355 PO_B10_001878,427823,6925,0,0,420898,INR,2026-08-12T16:00:00Z,BATCH-TATA-1878
PO_B10_001879,PayU Enterprise,BLNK-INV-983773 PO_B10_001879,279172,5967,0,0,273205,INR,2026-08-12T14:58:00Z,BATCH-BLNK-1879
PO_B10_001880,BillDesk Settlement,PAYT-INV-241395 PO_B10_001880,111152,2461,0,0,108691,INR,2026-08-12T06:53:00Z,BATCH-PAYT-1880
PO_B10_001881,Razorpay Nodal,BKMS-ORD-866526 BKMS-ORD-104102 BKMS-ORD-274593 BATCH-BKMS-1881,148118,2962,0,0,145156,INR,2026-08-11T22:20:00Z,BATCH-BKMS-1881
PO_B10_001882,BillDesk Settlement,ZOMA-ORD-415712 ZOMA-ORD-849076 ZOMA-ORD-616782 BATCH-ZOMA-1882,136035,2720,0,0,133315,INR,2026-08-12T06:37:00Z,BATCH-ZOMA-1882
PO_B10_001883,PayU Enterprise,UBER-INV-154424 PO_B10_001883,315870,4796,0,0,311074,INR,2026-08-12T01:14:00Z,BATCH-UBER-1883
PO_B10_001884,Stripe India,BBAS-ORD-895471 BBAS-ORD-964207 BATCH-BBAS-1884,253373,5067,0,0,248306,INR,2026-08-11T21:18:00Z,BATCH-BBAS-1884
PO_B10_001885,Cashfree Escrow,BBAS-EXC-374978-UNRESOLVED,107936,2148,0,0,105788,INR,2026-08-13T07:14:00Z,HOLD-ESCROW
PO_B10_001886,Stripe India,FLPK-INV-189932 PO_B10_001886,175897,3635,0,0,172262,INR,2026-08-12T14:00:00Z,BATCH-FLPK-1886
PO_B10_001887,PayU Enterprise,NYKA-INV-846630 PO_B10_001887,36607,682,0,0,35925,INR,2026-08-12T06:14:00Z,BATCH-NYKA-1887
PO_B10_001888,Stripe India,BLNK-INV-473043 PO_B10_001888,412651,9823,0,0,402828,INR,2026-08-12T21:10:00Z,BATCH-BLNK-1888
PO_B10_001889,Cashfree Escrow,PHNP-INV-945420 PO_B10_001889,273071,5413,0,0,267658,INR,2026-08-12T17:16:00Z,BATCH-PHNP-1889
PO_B10_001890,Cashfree Escrow,BBAS-INV-885786 PO_B10_001890,194950,4827,0,0,190123,INR,2026-08-11T22:00:00Z,BATCH-BBAS-1890
PO_B10_001891,Cashfree Escrow,NYKA-INV-440242 PO_B10_001891,150581,3448,0,0,147133,INR,2026-08-11T23:44:00Z,BATCH-NYKA-1891
PO_B10_001892,PayU Enterprise,PAYT-ORD-231175 PAYT-ORD-617891 BATCH-PAYT-1892,233536,4670,0,0,228866,INR,2026-08-12T14:57:00Z,BATCH-PAYT-1892
PO_B10_001893,BillDesk Settlement,PAYT-EXC-896255-UNRESOLVED,186512,3720,0,0,182792,INR,2026-08-13T07:15:00Z,HOLD-ESCROW
PO_B10_001894,Stripe India,NYKA-INV-420154 PO_B10_001894,227516,4393,0,0,223123,INR,2026-08-12T05:50:00Z,BATCH-NYKA-1894
PO_B10_001895,PayU Enterprise,PAYT-INV-162210 PO_B10_001895,265617,5300,0,0,260317,INR,2026-08-11T20:03:00Z,BATCH-PAYT-1895
PO_B10_001896,Razorpay Nodal,BBAS-INV-655700 PO_B10_001896,322655,5653,0,0,317002,INR,2026-08-11T23:22:00Z,BATCH-BBAS-1896
PO_B10_001897,PayU Enterprise,BLNK-INV-880573 PO_B10_001897,383115,8453,0,0,374662,INR,2026-08-12T08:11:00Z,BATCH-BLNK-1897
PO_B10_001898,Razorpay Nodal,BBAS-INV-680547 PO_B10_001898,62833,1307,0,0,61526,INR,2026-08-12T06:18:00Z,BATCH-BBAS-1898
PO_B10_001899,Stripe India,AMZN-EXC-932321-UNRESOLVED,288397,5757,0,0,282640,INR,2026-08-12T09:40:00Z,HOLD-ESCROW
PO_B10_001900,PayU Enterprise,JIOO-ORD-200896 JIOO-ORD-263063 BATCH-JIOO-1900,280305,5606,0,0,274699,INR,2026-08-12T02:57:00Z,BATCH-JIOO-1900
PO_B10_001901,Stripe India,BKMS-ORD-245060 BKMS-ORD-462332 BKMS-ORD-966915 BATCH-BKMS-1901,313890,6277,0,0,307613,INR,2026-08-12T09:49:00Z,BATCH-BKMS-1901
PO_B10_001902,BillDesk Settlement,FLPK-INV-626312 PO_B10_001902,288435,5200,0,0,283235,INR,2026-08-11T23:31:00Z,BATCH-FLPK-1902
PO_B10_001903,Cashfree Escrow,PAYT-INV-401125 PO_B10_001903,377317,8224,0,0,369093,INR,2026-08-12T20:30:00Z,BATCH-PAYT-1903
PO_B10_001904,Razorpay Nodal,PAYT-INV-451249 PO_B10_001904,33400,753,0,0,32647,INR,2026-08-12T10:05:00Z,BATCH-PAYT-1904
PO_B10_001905,Razorpay Nodal,PHNP-INV-401565 PO_B10_001905,333875,5561,0,0,328314,INR,2026-08-12T16:09:00Z,BATCH-PHNP-1905
PO_B10_001906,Cashfree Escrow,BKMS-INV-392262 PO_B10_001906,393661,6920,0,0,386741,INR,2026-08-11T14:39:00Z,BATCH-BKMS-1906
PO_B10_001907,Stripe India,NYKA-INV-610401 PO_B10_001907,48814,1056,0,0,47758,INR,2026-08-11T22:45:00Z,BATCH-NYKA-1907
PO_B10_001908,Razorpay Nodal,JIOO-INV-747371 PO_B10_001908,267301,6234,0,0,261067,INR,2026-08-12T11:10:00Z,BATCH-JIOO-1908
PO_B10_001909,BillDesk Settlement,ZOMA-INV-355830 PO_B10_001909,130263,2743,0,0,127520,INR,2026-08-12T07:42:00Z,BATCH-ZOMA-1909
PO_B10_001910,Stripe India,MYNT-INV-655880 PO_B10_001910,74463,1493,0,0,72970,INR,2026-08-12T10:47:00Z,BATCH-MYNT-1910
PO_B10_001911,Cashfree Escrow,SWIG-INV-945868 PO_B10_001911,132991,2342,0,0,130649,INR,2026-08-11T18:06:00Z,BATCH-SWIG-1911
PO_B10_001912,BillDesk Settlement,SWIG-INV-408543 PO_B10_001912,336238,6562,0,0,329676,INR,2026-08-11T22:47:00Z,BATCH-SWIG-1912
PO_B10_001913,Cashfree Escrow,PAYT-ORD-677968 PAYT-ORD-293942 PAYT-ORD-333582 BATCH-PAYT-1913,508733,10174,0,0,498559,INR,2026-08-12T19:10:00Z,BATCH-PAYT-1913
PO_B10_001914,PayU Enterprise,UBER-INV-842142 PO_B10_001914,267354,4237,0,0,263117,INR,2026-08-12T06:25:00Z,BATCH-UBER-1914
PO_B10_001915,Cashfree Escrow,BBAS-INV-856257 PO_B10_001915,336819,7781,0,0,329038,INR,2026-08-12T02:04:00Z,BATCH-BBAS-1915
PO_B10_001916,BillDesk Settlement,FLPK-INV-891649 PO_B10_001916,407536,6592,0,0,400944,INR,2026-08-12T11:07:00Z,BATCH-FLPK-1916
PO_B10_001917,Cashfree Escrow,UBER-INV-561930 PO_B10_001917,332835,6280,0,0,326555,INR,2026-08-12T23:52:00Z,BATCH-UBER-1917
PO_B10_001918,Razorpay Nodal,SWIG-INV-157092 PO_B10_001918,347749,6879,0,0,340870,INR,2026-08-11T19:59:00Z,BATCH-SWIG-1918
PO_B10_001919,Cashfree Escrow,UBER-INV-813154 PO_B10_001919,366945,8074,0,0,358871,INR,2026-08-12T08:06:00Z,BATCH-UBER-1919
PO_B10_001920,Razorpay Nodal,MYNT-INV-448983 PO_B10_001920,136405,2572,0,0,133833,INR,2026-08-12T08:24:00Z,BATCH-MYNT-1920
PO_B10_001921,PayU Enterprise,AMZN-ORD-571584 AMZN-ORD-485815 AMZN-ORD-785948 BATCH-AMZN-1921,365017,7300,0,0,357717,INR,2026-08-12T13:14:00Z,BATCH-AMZN-1921
PO_B10_001922,Cashfree Escrow,TATA-INV-324043 PO_B10_001922,108518,1670,0,0,106848,INR,2026-08-11T14:22:00Z,BATCH-TATA-1922
PO_B10_001923,PayU Enterprise,ZOMA-ORD-954029 ZOMA-ORD-337423 ZOMA-ORD-945642 BATCH-ZOMA-1923,411950,8239,0,0,403711,INR,2026-08-11T22:20:00Z,BATCH-ZOMA-1923
PO_B10_001924,Stripe India,MYNT-ORD-191605 MYNT-ORD-779954 BATCH-MYNT-1924,369346,7386,0,0,361960,INR,2026-08-12T15:22:00Z,BATCH-MYNT-1924
PO_B10_001925,Razorpay Nodal,MMTR-INV-222726 PO_B10_001925,353185,6561,0,0,346624,INR,2026-08-12T06:11:00Z,BATCH-MMTR-1925
PO_B10_001926,Stripe India,SWIG-INV-858675 PO_B10_001926,175050,4168,0,0,170882,INR,2026-08-11T23:05:00Z,BATCH-SWIG-1926
PO_B10_001927,Razorpay Nodal,SWIG-INV-214695 PO_B10_001927,407976,6762,0,0,401214,INR,2026-08-12T16:05:00Z,BATCH-SWIG-1927
PO_B10_001928,BillDesk Settlement,BKMS-INV-268302 PO_B10_001928,160786,2508,0,0,158278,INR,2026-08-11T19:13:00Z,BATCH-BKMS-1928
PO_B10_001929,BillDesk Settlement,ZOMA-INV-293665 PO_B10_001929,209946,4854,0,0,205092,INR,2026-08-11T16:36:00Z,BATCH-ZOMA-1929
PO_B10_001930,BillDesk Settlement,ZOMA-INV-965922 PO_B10_001930,101228,1882,0,0,99346,INR,2026-08-12T11:36:00Z,BATCH-ZOMA-1930
PO_B10_001931,PayU Enterprise,MMTR-INV-251243 PO_B10_001931,325594,6135,0,0,319459,INR,2026-08-12T22:48:00Z,BATCH-MMTR-1931
PO_B10_001932,BillDesk Settlement,MMTR-ORD-783618 MMTR-ORD-561847 BATCH-MMTR-1932,437805,8756,0,0,429049,INR,2026-08-11T22:32:00Z,BATCH-MMTR-1932
PO_B10_001933,BillDesk Settlement,AMZN-INV-271379 PO_B10_001933,94619,2017,0,0,92602,INR,2026-08-12T02:15:00Z,BATCH-AMZN-1933
PO_B10_001934,Cashfree Escrow,MYNT-INV-697971 PO_B10_001934,369792,7512,0,0,362280,INR,2026-08-12T09:37:00Z,BATCH-MYNT-1934
PO_B10_001935,Razorpay Nodal,JIOO-ORD-298180 JIOO-ORD-102903 JIOO-ORD-114900 BATCH-JIOO-1935,299056,5981,0,0,293075,INR,2026-08-12T18:44:00Z,BATCH-JIOO-1935
PO_B10_001936,BillDesk Settlement,PHNP-ORD-587896 PHNP-ORD-338784 BATCH-PHNP-1936,153773,3075,0,0,150698,INR,2026-08-11T23:24:00Z,BATCH-PHNP-1936
PO_B10_001937,BillDesk Settlement,PAYT-INV-504181 PO_B10_001937,131854,3283,0,0,128571,INR,2026-08-12T12:11:00Z,BATCH-PAYT-1937
PO_B10_001938,PayU Enterprise,NYKA-INV-914092 PO_B10_001938,239613,4817,0,0,234796,INR,2026-08-12T02:48:00Z,BATCH-NYKA-1938
PO_B10_001939,Stripe India,NYKA-EXC-478185-UNRESOLVED,147896,2947,0,0,144949,INR,2026-08-12T16:13:00Z,HOLD-ESCROW
PO_B10_001940,Cashfree Escrow,BBAS-INV-565765 PO_B10_001940,57002,1006,0,0,55996,INR,2026-08-12T09:08:00Z,BATCH-BBAS-1940
PO_B10_001941,BillDesk Settlement,AMZN-INV-532829 PO_B10_001941,425437,9942,0,0,415495,INR,2026-08-12T01:14:00Z,BATCH-AMZN-1941
PO_B10_001942,Stripe India,UBER-INV-701315 PO_B10_001942,164900,3947,0,0,160953,INR,2026-08-12T18:28:00Z,BATCH-UBER-1942
PO_B10_001943,BillDesk Settlement,FLPK-ORD-684127 FLPK-ORD-723628 BATCH-FLPK-1943,301252,6025,0,0,295227,INR,2026-08-12T11:49:00Z,BATCH-FLPK-1943
PO_B10_001944,Stripe India,MYNT-INV-251136 PO_B10_001944,124707,2932,0,0,121775,INR,2026-08-12T02:24:00Z,BATCH-MYNT-1944
PO_B10_001945,BillDesk Settlement,FLPK-INV-906775 PO_B10_001945,101780,2314,0,0,99466,INR,2026-08-11T15:22:00Z,BATCH-FLPK-1945
PO_B10_001946,Stripe India,SWIG-INV-577795 PO_B10_001946,443566,10088,0,0,433478,INR,2026-08-12T04:14:00Z,BATCH-SWIG-1946
PO_B10_001947,Stripe India,UBER-INV-787548 PO_B10_001947,370040,9206,0,0,360834,INR,2026-08-11T16:50:00Z,BATCH-UBER-1947
PO_B10_001948,Stripe India,TATA-INV-403645 PO_B10_001948,102381,1552,0,0,100829,INR,2026-08-12T23:07:00Z,BATCH-TATA-1948
PO_B10_001949,BillDesk Settlement,MYNT-ORD-294576 MYNT-ORD-232558 BATCH-MYNT-1949,280204,5604,0,0,274600,INR,2026-08-12T16:19:00Z,BATCH-MYNT-1949
PO_B10_001950,Razorpay Nodal,AMZN-ORD-878945 AMZN-ORD-875291 AMZN-ORD-433311 BATCH-AMZN-1950,350151,7003,0,0,343148,INR,2026-08-12T08:50:00Z,BATCH-AMZN-1950
PO_B10_001951,PayU Enterprise,JIOO-ORD-905338 JIOO-ORD-572779 JIOO-ORD-969739 BATCH-JIOO-1951,390950,7819,0,0,383131,INR,2026-08-12T16:54:00Z,BATCH-JIOO-1951
PO_B10_001952,Cashfree Escrow,AMZN-ORD-293088 AMZN-ORD-939922 AMZN-ORD-643243 BATCH-AMZN-1952,263382,5267,0,0,258115,INR,2026-08-12T08:50:00Z,BATCH-AMZN-1952
PO_B10_001953,Cashfree Escrow,SWIG-ORD-680884 SWIG-ORD-922521 BATCH-SWIG-1953,362706,7254,0,0,355452,INR,2026-08-12T16:40:00Z,BATCH-SWIG-1953
PO_B10_001954,BillDesk Settlement,UBER-ORD-121543 UBER-ORD-204609 UBER-ORD-879522 BATCH-UBER-1954,472761,9455,0,0,463306,INR,2026-08-12T01:57:00Z,BATCH-UBER-1954
PO_B10_001955,Cashfree Escrow,JIOO-INV-623205 PO_B10_001955,316743,6411,0,0,310332,INR,2026-08-12T14:59:00Z,BATCH-JIOO-1955
PO_B10_001956,Stripe India,OLAA-INV-799218 PO_B10_001956,222395,3634,0,0,218761,INR,2026-08-12T13:15:00Z,BATCH-OLAA-1956
PO_B10_001957,Razorpay Nodal,FLPK-INV-539941 PO_B10_001957,71848,1170,0,0,70678,INR,2026-08-12T10:49:00Z,BATCH-FLPK-1957
PO_B10_001958,BillDesk Settlement,BKMS-INV-132955 PO_B10_001958,76030,1440,0,0,74590,INR,2026-08-12T15:58:00Z,BATCH-BKMS-1958
PO_B10_001959,Cashfree Escrow,MYNT-INV-163602 PO_B10_001959,204303,4326,0,0,199977,INR,2026-08-11T22:42:00Z,BATCH-MYNT-1959
PO_B10_001960,Razorpay Nodal,PHNP-INV-560526 PO_B10_001960,331024,7375,0,0,323649,INR,2026-08-12T02:21:00Z,BATCH-PHNP-1960
PO_B10_001961,PayU Enterprise,MYNT-EXC-977305-UNRESOLVED,165696,3303,0,0,162393,INR,2026-08-12T16:44:00Z,HOLD-ESCROW
PO_B10_001962,Stripe India,PAYT-INV-530677 PO_B10_001962,317345,7140,0,0,310205,INR,2026-08-12T06:02:00Z,BATCH-PAYT-1962
PO_B10_001963,Stripe India,FLPK-INV-782199 PO_B10_001963,113038,1717,0,0,111321,INR,2026-08-12T18:23:00Z,BATCH-FLPK-1963
PO_B10_001964,Razorpay Nodal,UBER-INV-690756 PO_B10_001964,443955,9208,0,0,434747,INR,2026-08-11T20:24:00Z,BATCH-UBER-1964
PO_B10_001965,Stripe India,AMZN-EXC-699218-UNRESOLVED,187267,3735,0,0,183532,INR,2026-08-12T13:40:00Z,HOLD-ESCROW
PO_B10_001966,BillDesk Settlement,UBER-INV-240888 PO_B10_001966,207222,4032,0,0,203190,INR,2026-08-12T07:01:00Z,BATCH-UBER-1966
PO_B10_001967,Razorpay Nodal,MYNT-INV-241048 PO_B10_001967,108654,2686,0,0,105968,INR,2026-08-11T17:17:00Z,BATCH-MYNT-1967
PO_B10_001968,Cashfree Escrow,MYNT-ORD-736544 MYNT-ORD-359500 BATCH-MYNT-1968,131047,2620,0,0,128427,INR,2026-08-12T07:59:00Z,BATCH-MYNT-1968
PO_B10_001969,PayU Enterprise,MYNT-ORD-265724 MYNT-ORD-388718 MYNT-ORD-415390 BATCH-MYNT-1969,394964,7899,0,0,387065,INR,2026-08-12T17:17:00Z,BATCH-MYNT-1969
PO_B10_001970,Stripe India,UBER-INV-757550 PO_B10_001970,290521,5911,0,0,284610,INR,2026-08-12T14:07:00Z,BATCH-UBER-1970
PO_B10_001971,Razorpay Nodal,JIOO-INV-521331 PO_B10_001971,376509,6528,0,0,369981,INR,2026-08-12T12:36:00Z,BATCH-JIOO-1971
PO_B10_001972,Stripe India,FLPK-ORD-787598 FLPK-ORD-932674 BATCH-FLPK-1972,164133,3282,0,0,160851,INR,2026-08-12T11:42:00Z,BATCH-FLPK-1972
PO_B10_001973,Stripe India,JIOO-INV-826948 PO_B10_001973,433872,9888,0,0,423984,INR,2026-08-12T12:23:00Z,BATCH-JIOO-1973
PO_B10_001974,Stripe India,BLNK-INV-575226 PO_B10_001974,110652,2015,0,0,108637,INR,2026-08-12T03:18:00Z,BATCH-BLNK-1974
PO_B10_001975,PayU Enterprise,MYNT-INV-723252 PO_B10_001975,379223,7553,0,0,371670,INR,2026-08-11T22:04:00Z,BATCH-MYNT-1975
PO_B10_001976,Stripe India,AMZN-EXC-766262-UNRESOLVED,171808,3426,0,0,168382,INR,2026-08-12T17:10:00Z,HOLD-ESCROW
PO_B10_001977,Cashfree Escrow,BLNK-EXC-912503-UNRESOLVED,275598,5501,0,0,270097,INR,2026-08-13T06:13:00Z,HOLD-ESCROW
PO_B10_001978,BillDesk Settlement,JIOO-INV-882164 PO_B10_001978,248716,4622,0,0,244094,INR,2026-08-12T15:02:00Z,BATCH-JIOO-1978
PO_B10_001979,BillDesk Settlement,OLAA-INV-271923 PO_B10_001979,79661,1392,0,0,78269,INR,2026-08-11T23:59:00Z,BATCH-OLAA-1979
PO_B10_001980,Stripe India,PAYT-EXC-635660-UNRESOLVED,112045,2230,0,0,109815,INR,2026-08-12T10:18:00Z,HOLD-ESCROW
PO_B10_001981,Stripe India,UBER-INV-228697 PO_B10_001981,284114,4701,0,0,279413,INR,2026-08-12T18:14:00Z,BATCH-UBER-1981
PO_B10_001982,Razorpay Nodal,PAYT-INV-521598 PO_B10_001982,352815,6430,0,0,346385,INR,2026-08-12T07:46:00Z,BATCH-PAYT-1982
PO_B10_001983,BillDesk Settlement,BLNK-INV-221973 PO_B10_001983,51156,1062,0,0,50094,INR,2026-08-11T18:16:00Z,BATCH-BLNK-1983
PO_B10_001984,Stripe India,MYNT-ORD-385335 MYNT-ORD-508564 BATCH-MYNT-1984,266159,5323,0,0,260836,INR,2026-08-12T02:02:00Z,BATCH-MYNT-1984
PO_B10_001985,PayU Enterprise,BKMS-INV-224372 PO_B10_001985,120063,2038,0,0,118025,INR,2026-08-12T15:16:00Z,BATCH-BKMS-1985
PO_B10_001986,BillDesk Settlement,BKMS-INV-186452 PO_B10_001986,49010,827,0,0,48183,INR,2026-08-12T12:54:00Z,BATCH-BKMS-1986
PO_B10_001987,Razorpay Nodal,TATA-INV-716499 PO_B10_001987,89135,1720,0,0,87415,INR,2026-08-12T01:32:00Z,BATCH-TATA-1987
PO_B10_001988,PayU Enterprise,OLAA-ORD-189445 OLAA-ORD-398224 BATCH-OLAA-1988,224387,4487,0,0,219900,INR,2026-08-12T18:48:00Z,BATCH-OLAA-1988
PO_B10_001989,BillDesk Settlement,MYNT-INV-202789 PO_B10_001989,142636,3444,0,0,139192,INR,2026-08-12T10:45:00Z,BATCH-MYNT-1989
PO_B10_001990,Razorpay Nodal,UBER-INV-540627 PO_B10_001990,365913,7591,0,0,358322,INR,2026-08-12T11:37:00Z,BATCH-UBER-1990
PO_B10_001991,Stripe India,SWIG-INV-991763 PO_B10_001991,142787,2237,0,0,140550,INR,2026-08-12T06:35:00Z,BATCH-SWIG-1991
PO_B10_001992,Stripe India,UBER-INV-649664 PO_B10_001992,234964,5053,0,0,229911,INR,2026-08-12T20:58:00Z,BATCH-UBER-1992
PO_B10_001993,Cashfree Escrow,UBER-ORD-338541 UBER-ORD-134025 UBER-ORD-470621 BATCH-UBER-1993,490297,9805,0,0,480492,INR,2026-08-12T09:17:00Z,BATCH-UBER-1993
PO_B10_001994,PayU Enterprise,OLAA-ORD-277406 OLAA-ORD-178736 BATCH-OLAA-1994,130573,2611,0,0,127962,INR,2026-08-12T12:06:00Z,BATCH-OLAA-1994
PO_B10_001995,Razorpay Nodal,MMTR-INV-708362 PO_B10_001995,102828,1567,0,0,101261,INR,2026-08-12T03:05:00Z,BATCH-MMTR-1995
PO_B10_001996,Stripe India,JIOO-INV-950345 PO_B10_001996,222851,3364,0,0,219487,INR,2026-08-12T14:48:00Z,BATCH-JIOO-1996
PO_B10_001997,Stripe India,MMTR-INV-654404 PO_B10_001997,213463,3661,0,0,209802,INR,2026-08-12T22:16:00Z,BATCH-MMTR-1997
PO_B10_001998,Razorpay Nodal,PAYT-INV-382924 PO_B10_001998,387516,9039,0,0,378477,INR,2026-08-12T16:23:00Z,BATCH-PAYT-1998
PO_B10_001999,Stripe India,NYKA-INV-832691 PO_B10_001999,381592,6549,0,0,375043,INR,2026-08-12T21:03:00Z,BATCH-NYKA-1999
PO_B10_002000,PayU Enterprise,BBAS-INV-547045 PO_B10_002000,362003,7047,0,0,354956,INR,2026-08-12T00:56:00Z,BATCH-BBAS-2000
PO_B10_002001,PayU Enterprise,OLAA-INV-977288 PO_B10_002001,55102,839,0,0,54263,INR,2026-08-12T04:29:00Z,BATCH-OLAA-2001
PO_B10_002002,Stripe India,PHNP-INV-646427 PO_B10_002002,57620,870,0,0,56750,INR,2026-08-12T10:06:00Z,BATCH-PHNP-2002
PO_B10_002003,Stripe India,AMZN-INV-251269 PO_B10_002003,257095,4967,0,0,252128,INR,2026-08-12T13:30:00Z,BATCH-AMZN-2003
PO_B10_002004,BillDesk Settlement,UBER-INV-154928 PO_B10_002004,430102,7247,0,0,422855,INR,2026-08-12T18:18:00Z,BATCH-UBER-2004
PO_B10_002005,PayU Enterprise,FLPK-INV-477729 PO_B10_002005,337228,7274,0,0,329954,INR,2026-08-12T08:49:00Z,BATCH-FLPK-2005
PO_B10_002006,Razorpay Nodal,BBAS-INV-651486 PO_B10_002006,358292,8480,0,0,349812,INR,2026-08-12T16:06:00Z,BATCH-BBAS-2006
PO_B10_002007,Razorpay Nodal,MYNT-EXC-961635-UNRESOLVED,147385,2937,0,0,144448,INR,2026-08-12T17:06:00Z,HOLD-ESCROW
PO_B10_002008,BillDesk Settlement,MYNT-EXC-407313-UNRESOLVED,271975,5429,0,0,266546,INR,2026-08-12T12:00:00Z,HOLD-ESCROW
PO_B10_002009,Stripe India,UBER-INV-670165 PO_B10_002009,336695,5104,0,0,331591,INR,2026-08-11T18:09:00Z,BATCH-UBER-2009
PO_B10_002010,Razorpay Nodal,FLPK-INV-666054 PO_B10_002010,74489,1728,0,0,72761,INR,2026-08-11T18:59:00Z,BATCH-FLPK-2010
PO_B10_002011,Cashfree Escrow,FLPK-INV-172531 PO_B10_002011,177518,4229,0,0,173289,INR,2026-08-12T09:02:00Z,BATCH-FLPK-2011
PO_B10_002012,Cashfree Escrow,TATA-INV-470875 PO_B10_002012,70488,1090,0,0,69398,INR,2026-08-12T09:41:00Z,BATCH-TATA-2012
PO_B10_002013,Stripe India,BBAS-INV-701722 PO_B10_002013,411547,8801,0,0,402746,INR,2026-08-12T11:09:00Z,BATCH-BBAS-2013
PO_B10_002014,PayU Enterprise,AMZN-INV-338906 PO_B10_002014,306701,4796,0,0,301905,INR,2026-08-12T15:22:00Z,BATCH-AMZN-2014
PO_B10_002015,Cashfree Escrow,BBAS-INV-612941 PO_B10_002015,211848,4462,0,0,207386,INR,2026-08-12T12:28:00Z,BATCH-BBAS-2015
PO_B10_002016,Stripe India,BBAS-INV-732358 PO_B10_002016,209147,3409,0,0,205738,INR,2026-08-12T16:52:00Z,BATCH-BBAS-2016
PO_B10_002017,BillDesk Settlement,SWIG-ORD-232805 SWIG-ORD-774963 BATCH-SWIG-2017,288363,5767,0,0,282596,INR,2026-08-12T14:18:00Z,BATCH-SWIG-2017
PO_B10_002018,PayU Enterprise,FLPK-INV-704217 PO_B10_002018,286047,6111,0,0,279936,INR,2026-08-12T08:01:00Z,BATCH-FLPK-2018
PO_B10_002019,PayU Enterprise,BKMS-ORD-955905 BKMS-ORD-595140 BKMS-ORD-411135 BATCH-BKMS-2019,245599,4911,0,0,240688,INR,2026-08-11T21:08:00Z,BATCH-BKMS-2019
PO_B10_002020,Stripe India,ZOMA-INV-833156 PO_B10_002020,210178,3344,0,0,206834,INR,2026-08-12T08:19:00Z,BATCH-ZOMA-2020
PO_B10_002021,Razorpay Nodal,BBAS-INV-398286 PO_B10_002021,138643,2437,0,0,136206,INR,2026-08-12T12:46:00Z,BATCH-BBAS-2021
PO_B10_002022,PayU Enterprise,OLAA-ORD-199756 OLAA-ORD-998896 OLAA-ORD-976404 BATCH-OLAA-2022,514316,10286,0,0,504030,INR,2026-08-12T03:18:00Z,BATCH-OLAA-2022
PO_B10_002023,Razorpay Nodal,FLPK-INV-862659 PO_B10_002023,411100,6681,0,0,404419,INR,2026-08-11T23:02:00Z,BATCH-FLPK-2023
PO_B10_002024,BillDesk Settlement,JIOO-ORD-820873 JIOO-ORD-514601 JIOO-ORD-921046 BATCH-JIOO-2024,330110,6602,0,0,323508,INR,2026-08-12T08:06:00Z,BATCH-JIOO-2024
PO_B10_002025,Cashfree Escrow,AMZN-INV-164057 PO_B10_002025,182957,3882,0,0,179075,INR,2026-08-11T21:00:00Z,BATCH-AMZN-2025
PO_B10_002026,Cashfree Escrow,MYNT-INV-617656 PO_B10_002026,442863,9788,0,0,433075,INR,2026-08-12T05:25:00Z,BATCH-MYNT-2026
PO_B10_002027,Razorpay Nodal,NYKA-INV-749252 PO_B10_002027,27250,561,0,0,26689,INR,2026-08-12T08:27:00Z,BATCH-NYKA-2027
PO_B10_002028,PayU Enterprise,TATA-INV-340390 PO_B10_002028,361131,8749,0,0,352382,INR,2026-08-12T15:15:00Z,BATCH-TATA-2028
PO_B10_002029,BillDesk Settlement,AMZN-INV-875193 PO_B10_002029,141649,3204,0,0,138445,INR,2026-08-12T06:46:00Z,BATCH-AMZN-2029
PO_B10_002030,Razorpay Nodal,UBER-INV-552340 PO_B10_002030,107312,2466,0,0,104846,INR,2026-08-11T22:35:00Z,BATCH-UBER-2030
PO_B10_002031,PayU Enterprise,BLNK-ORD-258175 BLNK-ORD-939901 BLNK-ORD-764501 BATCH-BLNK-2031,478995,9579,0,0,469416,INR,2026-08-12T02:27:00Z,BATCH-BLNK-2031
PO_B10_002032,Razorpay Nodal,SWIG-INV-234677 PO_B10_002032,109743,2317,0,0,107426,INR,2026-08-12T04:30:00Z,BATCH-SWIG-2032
PO_B10_002033,PayU Enterprise,PHNP-ORD-719854 PHNP-ORD-473441 PHNP-ORD-835782 BATCH-PHNP-2033,312031,6240,0,0,305791,INR,2026-08-12T17:47:00Z,BATCH-PHNP-2033
PO_B10_002034,Cashfree Escrow,BKMS-INV-927215 PO_B10_002034,106107,2307,0,0,103800,INR,2026-08-11T23:07:00Z,BATCH-BKMS-2034
PO_B10_002035,PayU Enterprise,JIOO-INV-169449 PO_B10_002035,355334,8851,0,0,346483,INR,2026-08-12T11:33:00Z,BATCH-JIOO-2035
PO_B10_002036,Stripe India,BLNK-ORD-684844 BLNK-ORD-185157 BLNK-ORD-556111 BATCH-BLNK-2036,353039,7060,0,0,345979,INR,2026-08-12T03:16:00Z,BATCH-BLNK-2036
PO_B10_002037,PayU Enterprise,PAYT-ORD-397222 PAYT-ORD-640209 BATCH-PAYT-2037,245686,4913,0,0,240773,INR,2026-08-11T21:44:00Z,BATCH-PAYT-2037
PO_B10_002038,BillDesk Settlement,OLAA-ORD-892685 OLAA-ORD-302443 BATCH-OLAA-2038,174387,3487,0,0,170900,INR,2026-08-12T14:44:00Z,BATCH-OLAA-2038
PO_B10_002039,BillDesk Settlement,AMZN-INV-122261 PO_B10_002039,213822,5242,0,0,208580,INR,2026-08-11T23:27:00Z,BATCH-AMZN-2039
PO_B10_002040,Stripe India,SWIG-INV-763894 PO_B10_002040,216147,4376,0,0,211771,INR,2026-08-12T10:20:00Z,BATCH-SWIG-2040
PO_B10_002041,BillDesk Settlement,FLPK-ORD-384777 FLPK-ORD-864130 FLPK-ORD-703766 BATCH-FLPK-2041,562047,11240,0,0,550807,INR,2026-08-12T06:51:00Z,BATCH-FLPK-2041
PO_B10_002042,Stripe India,SWIG-EXC-416192-UNRESOLVED,113645,2262,0,0,111383,INR,2026-08-12T15:17:00Z,HOLD-ESCROW
PO_B10_002043,Stripe India,BBAS-INV-609423 PO_B10_002043,176261,2889,0,0,173372,INR,2026-08-12T02:48:00Z,BATCH-BBAS-2043
PO_B10_002044,Stripe India,AMZN-INV-308841 PO_B10_002044,120864,3003,0,0,117861,INR,2026-08-12T10:40:00Z,BATCH-AMZN-2044
PO_B10_002045,BillDesk Settlement,PHNP-INV-821324 PO_B10_002045,361130,8873,0,0,352257,INR,2026-08-12T06:58:00Z,BATCH-PHNP-2045
PO_B10_002046,Cashfree Escrow,MMTR-INV-886295 PO_B10_002046,48409,977,0,0,47432,INR,2026-08-11T21:11:00Z,BATCH-MMTR-2046
PO_B10_002047,PayU Enterprise,NYKA-INV-198219 PO_B10_002047,263142,4650,0,0,258492,INR,2026-08-12T12:26:00Z,BATCH-NYKA-2047
PO_B10_002048,Stripe India,PHNP-ORD-562111 PHNP-ORD-336204 BATCH-PHNP-2048,323364,6467,0,0,316897,INR,2026-08-12T01:51:00Z,BATCH-PHNP-2048
PO_B10_002049,Razorpay Nodal,PHNP-INV-720864 PO_B10_002049,218574,4316,0,0,214258,INR,2026-08-12T12:31:00Z,BATCH-PHNP-2049
PO_B10_002050,PayU Enterprise,ZOMA-ORD-608264 ZOMA-ORD-432073 BATCH-ZOMA-2050,481916,9638,0,0,472278,INR,2026-08-12T04:08:00Z,BATCH-ZOMA-2050
PO_B10_002051,Cashfree Escrow,MMTR-ORD-473360 MMTR-ORD-994753 BATCH-MMTR-2051,424352,8487,0,0,415865,INR,2026-08-12T18:06:00Z,BATCH-MMTR-2051
PO_B10_002052,BillDesk Settlement,SWIG-INV-448771 PO_B10_002052,328280,6428,0,0,321852,INR,2026-08-12T12:02:00Z,BATCH-SWIG-2052
PO_B10_002053,PayU Enterprise,ZOMA-INV-653355 PO_B10_002053,228767,3710,0,0,225057,INR,2026-08-12T20:40:00Z,BATCH-ZOMA-2053
PO_B10_002054,Cashfree Escrow,BLNK-INV-327642 PO_B10_002054,157394,3750,0,0,153644,INR,2026-08-12T11:59:00Z,BATCH-BLNK-2054
PO_B10_002055,Cashfree Escrow,SWIG-INV-644574 PO_B10_002055,302298,7363,0,0,294935,INR,2026-08-12T15:21:00Z,BATCH-SWIG-2055
PO_B10_002056,PayU Enterprise,MMTR-INV-963813 PO_B10_002056,309316,4921,0,0,304395,INR,2026-08-11T21:01:00Z,BATCH-MMTR-2056
PO_B10_002057,Stripe India,ZOMA-ORD-915239 ZOMA-ORD-908979 ZOMA-ORD-173841 BATCH-ZOMA-2057,536422,10728,0,0,525694,INR,2026-08-12T19:36:00Z,BATCH-ZOMA-2057
PO_B10_002058,Razorpay Nodal,PHNP-ORD-266489 PHNP-ORD-171009 BATCH-PHNP-2058,220335,4406,0,0,215929,INR,2026-08-12T03:16:00Z,BATCH-PHNP-2058
PO_B10_002059,Cashfree Escrow,SWIG-INV-711090 PO_B10_002059,430656,10274,0,0,420382,INR,2026-08-13T00:12:00Z,BATCH-SWIG-2059
PO_B10_002060,PayU Enterprise,PAYT-INV-527669 PO_B10_002060,165652,2598,0,0,163054,INR,2026-08-11T22:23:00Z,BATCH-PAYT-2060
PO_B10_002061,PayU Enterprise,ZOMA-INV-710283 PO_B10_002061,404433,8566,0,0,395867,INR,2026-08-12T00:10:00Z,BATCH-ZOMA-2061
PO_B10_002062,PayU Enterprise,MMTR-INV-468578 PO_B10_002062,73977,1426,0,0,72551,INR,2026-08-11T22:15:00Z,BATCH-MMTR-2062
PO_B10_002063,Stripe India,SWIG-EXC-257508-UNRESOLVED,165171,3293,0,0,161878,INR,2026-08-12T15:45:00Z,HOLD-ESCROW
PO_B10_002064,Razorpay Nodal,ZOMA-ORD-654164 ZOMA-ORD-529859 BATCH-ZOMA-2064,191053,3821,0,0,187232,INR,2026-08-11T21:17:00Z,BATCH-ZOMA-2064
PO_B10_002065,BillDesk Settlement,MMTR-INV-281071 PO_B10_002065,116668,2864,0,0,113804,INR,2026-08-12T18:03:00Z,BATCH-MMTR-2065
PO_B10_002066,Cashfree Escrow,PAYT-ORD-510502 PAYT-ORD-266221 BATCH-PAYT-2066,271805,5436,0,0,266369,INR,2026-08-12T19:16:00Z,BATCH-PAYT-2066
PO_B10_002067,PayU Enterprise,BKMS-ORD-645950 BKMS-ORD-909110 BATCH-BKMS-2067,218256,4365,0,0,213891,INR,2026-08-12T11:53:00Z,BATCH-BKMS-2067
PO_B10_002068,PayU Enterprise,BLNK-ORD-683765 BLNK-ORD-729807 BATCH-BLNK-2068,290160,5803,0,0,284357,INR,2026-08-12T20:18:00Z,BATCH-BLNK-2068
PO_B10_002069,PayU Enterprise,UBER-ORD-185496 UBER-ORD-211642 UBER-ORD-374111 BATCH-UBER-2069,288788,5775,0,0,283013,INR,2026-08-11T22:09:00Z,BATCH-UBER-2069
PO_B10_002070,Razorpay Nodal,UBER-INV-747114 PO_B10_002070,80137,1934,0,0,78203,INR,2026-08-11T23:20:00Z,BATCH-UBER-2070
PO_B10_002071,BillDesk Settlement,SWIG-INV-139594 PO_B10_002071,399562,9988,0,0,389574,INR,2026-08-12T04:36:00Z,BATCH-SWIG-2071
PO_B10_002072,BillDesk Settlement,MMTR-ORD-847634 MMTR-ORD-958361 BATCH-MMTR-2072,180554,3611,0,0,176943,INR,2026-08-11T21:16:00Z,BATCH-MMTR-2072
PO_B10_002073,Stripe India,PHNP-INV-229345 PO_B10_002073,367628,7719,0,0,359909,INR,2026-08-12T13:57:00Z,BATCH-PHNP-2073
PO_B10_002074,PayU Enterprise,PAYT-INV-475001 PO_B10_002074,218777,4964,0,0,213813,INR,2026-08-12T03:55:00Z,BATCH-PAYT-2074
PO_B10_002075,PayU Enterprise,BLNK-INV-122212 PO_B10_002075,250808,6032,0,0,244776,INR,2026-08-12T00:46:00Z,BATCH-BLNK-2075
PO_B10_002076,Stripe India,TATA-INV-712838 PO_B10_002076,142984,3450,0,0,139534,INR,2026-08-12T23:23:00Z,BATCH-TATA-2076
PO_B10_002077,BillDesk Settlement,MMTR-ORD-818423 MMTR-ORD-313635 BATCH-MMTR-2077,261209,5224,0,0,255985,INR,2026-08-12T01:37:00Z,BATCH-MMTR-2077
PO_B10_002078,Cashfree Escrow,MMTR-INV-449302 PO_B10_002078,417405,8931,0,0,408474,INR,2026-08-11T20:20:00Z,BATCH-MMTR-2078
PO_B10_002079,PayU Enterprise,MMTR-ORD-590008 MMTR-ORD-263045 BATCH-MMTR-2079,157811,3156,0,0,154655,INR,2026-08-12T15:44:00Z,BATCH-MMTR-2079
PO_B10_002080,Stripe India,SWIG-ORD-364683 SWIG-ORD-141029 BATCH-SWIG-2080,423652,8473,0,0,415179,INR,2026-08-12T05:56:00Z,BATCH-SWIG-2080
PO_B10_002081,BillDesk Settlement,UBER-ORD-547890 UBER-ORD-823623 UBER-ORD-232294 BATCH-UBER-2081,310490,6209,0,0,304281,INR,2026-08-12T13:43:00Z,BATCH-UBER-2081
PO_B10_002082,Razorpay Nodal,ZOMA-ORD-151159 ZOMA-ORD-962780 ZOMA-ORD-952217 BATCH-ZOMA-2082,493834,9876,0,0,483958,INR,2026-08-12T06:07:00Z,BATCH-ZOMA-2082
PO_B10_002083,PayU Enterprise,JIOO-INV-338853 PO_B10_002083,113588,1964,0,0,111624,INR,2026-08-12T10:00:00Z,BATCH-JIOO-2083
PO_B10_002084,Razorpay Nodal,FLPK-INV-216497 PO_B10_002084,40060,949,0,0,39111,INR,2026-08-12T09:44:00Z,BATCH-FLPK-2084
PO_B10_002085,Razorpay Nodal,UBER-ORD-812873 UBER-ORD-346443 UBER-ORD-360507 BATCH-UBER-2085,368148,7362,0,0,360786,INR,2026-08-12T08:15:00Z,BATCH-UBER-2085
PO_B10_002086,BillDesk Settlement,BBAS-INV-330755 PO_B10_002086,344894,6655,0,0,338239,INR,2026-08-11T15:19:00Z,BATCH-BBAS-2086
PO_B10_002087,Razorpay Nodal,OLAA-INV-346338 PO_B10_002087,358999,8019,0,0,350980,INR,2026-08-12T04:01:00Z,BATCH-OLAA-2087
PO_B10_002088,BillDesk Settlement,TATA-INV-847934 PO_B10_002088,120391,1828,0,0,118563,INR,2026-08-12T09:48:00Z,BATCH-TATA-2088
PO_B10_002089,PayU Enterprise,AMZN-INV-566206 PO_B10_002089,448054,8039,0,0,440015,INR,2026-08-12T00:03:00Z,BATCH-AMZN-2089
PO_B10_002090,Cashfree Escrow,BBAS-EXC-429773-UNRESOLVED,191684,3823,0,0,187861,INR,2026-08-12T17:28:00Z,HOLD-ESCROW
PO_B10_002091,Cashfree Escrow,PAYT-INV-634627 PO_B10_002091,344996,8445,0,0,336551,INR,2026-08-11T22:58:00Z,BATCH-PAYT-2091
PO_B10_002092,PayU Enterprise,ZOMA-INV-342577 PO_B10_002092,438880,10108,0,0,428772,INR,2026-08-12T10:43:00Z,BATCH-ZOMA-2092
PO_B10_002093,Stripe India,PHNP-INV-514853 PO_B10_002093,291219,6970,0,0,284249,INR,2026-08-12T08:11:00Z,BATCH-PHNP-2093
PO_B10_002094,Cashfree Escrow,BLNK-EXC-806873-UNRESOLVED,111492,2219,0,0,109273,INR,2026-08-12T15:37:00Z,HOLD-ESCROW
PO_B10_002095,PayU Enterprise,BLNK-ORD-941140 BLNK-ORD-478647 BATCH-BLNK-2095,71173,1423,0,0,69750,INR,2026-08-12T06:34:00Z,BATCH-BLNK-2095
PO_B10_002096,PayU Enterprise,SWIG-ORD-558423 SWIG-ORD-978145 SWIG-ORD-754941 BATCH-SWIG-2096,413426,8268,0,0,405158,INR,2026-08-12T15:12:00Z,BATCH-SWIG-2096
PO_B10_002097,BillDesk Settlement,PHNP-ORD-238759 PHNP-ORD-873742 PHNP-ORD-428660 BATCH-PHNP-2097,404429,8088,0,0,396341,INR,2026-08-11T23:19:00Z,BATCH-PHNP-2097
PO_B10_002098,Stripe India,TATA-EXC-870207-UNRESOLVED,118829,2366,0,0,116463,INR,2026-08-12T12:48:00Z,HOLD-ESCROW
PO_B10_002099,Razorpay Nodal,JIOO-INV-993078 PO_B10_002099,236958,4560,0,0,232398,INR,2026-08-11T22:40:00Z,BATCH-JIOO-2099
PO_B10_002100,BillDesk Settlement,BLNK-INV-342403 PO_B10_002100,51769,1192,0,0,50577,INR,2026-08-12T15:19:00Z,BATCH-BLNK-2100
PO_B10_002101,BillDesk Settlement,ZOMA-INV-392896 PO_B10_002101,53571,886,0,0,52685,INR,2026-08-11T20:06:00Z,BATCH-ZOMA-2101
PO_B10_002102,Stripe India,BKMS-ORD-607414 BKMS-ORD-571026 BATCH-BKMS-2102,313762,6275,0,0,307487,INR,2026-08-12T02:57:00Z,BATCH-BKMS-2102
PO_B10_002103,Cashfree Escrow,SWIG-INV-961747 PO_B10_002103,55400,1235,0,0,54165,INR,2026-08-11T20:31:00Z,BATCH-SWIG-2103
PO_B10_002104,Razorpay Nodal,SWIG-INV-655662 PO_B10_002104,157062,3852,0,0,153210,INR,2026-08-12T04:04:00Z,BATCH-SWIG-2104
PO_B10_002105,PayU Enterprise,MYNT-INV-698212 PO_B10_002105,166182,3698,0,0,162484,INR,2026-08-12T13:25:00Z,BATCH-MYNT-2105
PO_B10_002106,BillDesk Settlement,BKMS-INV-426904 PO_B10_002106,441887,10248,0,0,431639,INR,2026-08-12T02:32:00Z,BATCH-BKMS-2106
PO_B10_002107,Cashfree Escrow,NYKA-INV-938238 PO_B10_002107,309384,5006,0,0,304378,INR,2026-08-12T05:03:00Z,BATCH-NYKA-2107
PO_B10_002108,Razorpay Nodal,FLPK-ORD-305725 FLPK-ORD-554525 FLPK-ORD-652162 BATCH-FLPK-2108,359513,7190,0,0,352323,INR,2026-08-12T06:16:00Z,BATCH-FLPK-2108
PO_B10_002109,Razorpay Nodal,SWIG-INV-559482 PO_B10_002109,427189,8666,0,0,418523,INR,2026-08-12T11:20:00Z,BATCH-SWIG-2109
PO_B10_002110,Stripe India,SWIG-INV-682141 PO_B10_002110,164861,2779,0,0,162082,INR,2026-08-11T21:22:00Z,BATCH-SWIG-2110
PO_B10_002111,BillDesk Settlement,PAYT-INV-904973 PO_B10_002111,151171,2897,0,0,148274,INR,2026-08-12T05:55:00Z,BATCH-PAYT-2111
PO_B10_002112,BillDesk Settlement,FLPK-INV-403140 PO_B10_002112,434214,7284,0,0,426930,INR,2026-08-12T12:18:00Z,BATCH-FLPK-2112
PO_B10_002113,BillDesk Settlement,FLPK-INV-550861 PO_B10_002113,333787,5612,0,0,328175,INR,2026-08-12T12:37:00Z,BATCH-FLPK-2113
PO_B10_002114,Stripe India,PAYT-INV-788399 PO_B10_002114,348380,6704,0,0,341676,INR,2026-08-12T02:47:00Z,BATCH-PAYT-2114
PO_B10_002115,Razorpay Nodal,MYNT-INV-116700 PO_B10_002115,58743,1048,0,0,57695,INR,2026-08-11T23:08:00Z,BATCH-MYNT-2115
PO_B10_002116,BillDesk Settlement,BKMS-INV-979086 PO_B10_002116,106816,2004,0,0,104812,INR,2026-08-11T22:51:00Z,BATCH-BKMS-2116
PO_B10_002117,Cashfree Escrow,ZOMA-ORD-126934 ZOMA-ORD-809730 ZOMA-ORD-133417 BATCH-ZOMA-2117,593818,11876,0,0,581942,INR,2026-08-12T04:35:00Z,BATCH-ZOMA-2117
PO_B10_002118,Cashfree Escrow,ZOMA-ORD-736814 ZOMA-ORD-934781 BATCH-ZOMA-2118,209510,4190,0,0,205320,INR,2026-08-12T02:48:00Z,BATCH-ZOMA-2118
PO_B10_002119,Stripe India,PHNP-INV-561519 PO_B10_002119,45456,1041,0,0,44415,INR,2026-08-11T23:48:00Z,BATCH-PHNP-2119
PO_B10_002120,Cashfree Escrow,SWIG-INV-583077 PO_B10_002120,47643,1048,0,0,46595,INR,2026-08-12T00:24:00Z,BATCH-SWIG-2120
PO_B10_002121,PayU Enterprise,MYNT-INV-143057 PO_B10_002121,138781,2660,0,0,136121,INR,2026-08-12T08:48:00Z,BATCH-MYNT-2121
PO_B10_002122,Stripe India,NYKA-INV-264360 PO_B10_002122,263170,4876,0,0,258294,INR,2026-08-12T12:20:00Z,BATCH-NYKA-2122
PO_B10_002123,BillDesk Settlement,BLNK-ORD-301295 BLNK-ORD-580241 BLNK-ORD-295555 BATCH-BLNK-2123,379113,7582,0,0,371531,INR,2026-08-12T04:11:00Z,BATCH-BLNK-2123
PO_B10_002124,Stripe India,NYKA-INV-987548 PO_B10_002124,50783,1193,0,0,49590,INR,2026-08-12T07:03:00Z,BATCH-NYKA-2124
PO_B10_002125,Razorpay Nodal,NYKA-ORD-829964 NYKA-ORD-517480 NYKA-ORD-773069 BATCH-NYKA-2125,428672,8573,0,0,420099,INR,2026-08-12T15:02:00Z,BATCH-NYKA-2125
PO_B10_002126,PayU Enterprise,PHNP-INV-429375 PO_B10_002126,132992,2479,0,0,130513,INR,2026-08-12T05:51:00Z,BATCH-PHNP-2126
PO_B10_002127,PayU Enterprise,JIOO-INV-538244 PO_B10_002127,28556,545,0,0,28011,INR,2026-08-11T20:05:00Z,BATCH-JIOO-2127
PO_B10_002128,Stripe India,BLNK-ORD-374849 BLNK-ORD-758035 BATCH-BLNK-2128,65421,1308,0,0,64113,INR,2026-08-12T06:16:00Z,BATCH-BLNK-2128
PO_B10_002129,Cashfree Escrow,BKMS-INV-374804 PO_B10_002129,50428,1069,0,0,49359,INR,2026-08-12T07:50:00Z,BATCH-BKMS-2129
PO_B10_002130,Stripe India,PAYT-INV-289987 PO_B10_002130,404551,6614,0,0,397937,INR,2026-08-12T00:57:00Z,BATCH-PAYT-2130
PO_B10_002131,Stripe India,FLPK-INV-739545 PO_B10_002131,239689,5157,0,0,234532,INR,2026-08-12T02:45:00Z,BATCH-FLPK-2131
PO_B10_002132,BillDesk Settlement,FLPK-INV-798859 PO_B10_002132,344473,6154,0,0,338319,INR,2026-08-12T06:16:00Z,BATCH-FLPK-2132
PO_B10_002133,Stripe India,OLAA-INV-511969 PO_B10_002133,56844,1403,0,0,55441,INR,2026-08-12T00:37:00Z,BATCH-OLAA-2133
PO_B10_002134,PayU Enterprise,FLPK-INV-591764 PO_B10_002134,108733,2024,0,0,106709,INR,2026-08-12T08:15:00Z,BATCH-FLPK-2134
PO_B10_002135,Stripe India,UBER-INV-717521 PO_B10_002135,357771,8897,0,0,348874,INR,2026-08-12T18:08:00Z,BATCH-UBER-2135
PO_B10_002136,PayU Enterprise,PHNP-INV-931108 PO_B10_002136,49773,930,0,0,48843,INR,2026-08-11T14:49:00Z,BATCH-PHNP-2136
PO_B10_002137,Stripe India,BBAS-INV-214083 PO_B10_002137,131359,2853,0,0,128506,INR,2026-08-12T02:07:00Z,BATCH-BBAS-2137
PO_B10_002138,BillDesk Settlement,TATA-INV-289726 PO_B10_002138,430526,8029,0,0,422497,INR,2026-08-12T03:34:00Z,BATCH-TATA-2138
PO_B10_002139,Cashfree Escrow,FLPK-INV-435042 PO_B10_002139,337163,8358,0,0,328805,INR,2026-08-12T11:06:00Z,BATCH-FLPK-2139
PO_B10_002140,Cashfree Escrow,BBAS-INV-761471 PO_B10_002140,339765,6961,0,0,332804,INR,2026-08-12T00:27:00Z,BATCH-BBAS-2140
PO_B10_002141,Razorpay Nodal,UBER-INV-631791 PO_B10_002141,77241,1910,0,0,75331,INR,2026-08-12T09:03:00Z,BATCH-UBER-2141
PO_B10_002142,BillDesk Settlement,FLPK-INV-647147 PO_B10_002142,364452,6974,0,0,357478,INR,2026-08-11T23:34:00Z,BATCH-FLPK-2142
PO_B10_002143,PayU Enterprise,BBAS-INV-345126 PO_B10_002143,223404,5360,0,0,218044,INR,2026-08-12T03:20:00Z,BATCH-BBAS-2143
PO_B10_002144,Cashfree Escrow,OLAA-INV-585718 PO_B10_002144,126784,2910,0,0,123874,INR,2026-08-12T18:47:00Z,BATCH-OLAA-2144
PO_B10_002145,BillDesk Settlement,OLAA-ORD-906027 OLAA-ORD-592401 BATCH-OLAA-2145,213448,4268,0,0,209180,INR,2026-08-12T03:59:00Z,BATCH-OLAA-2145
PO_B10_002146,PayU Enterprise,PAYT-ORD-866242 PAYT-ORD-267434 BATCH-PAYT-2146,247178,4943,0,0,242235,INR,2026-08-12T03:55:00Z,BATCH-PAYT-2146
PO_B10_002147,Stripe India,AMZN-INV-696264 PO_B10_002147,345164,8363,0,0,336801,INR,2026-08-12T09:06:00Z,BATCH-AMZN-2147
PO_B10_002148,Stripe India,BBAS-ORD-295097 BBAS-ORD-262404 BATCH-BBAS-2148,163019,3260,0,0,159759,INR,2026-08-12T03:58:00Z,BATCH-BBAS-2148
PO_B10_002149,BillDesk Settlement,BBAS-INV-976749 PO_B10_002149,239143,5248,0,0,233895,INR,2026-08-12T16:24:00Z,BATCH-BBAS-2149
PO_B10_002150,BillDesk Settlement,PAYT-INV-814730 PO_B10_002150,148592,3053,0,0,145539,INR,2026-08-12T12:37:00Z,BATCH-PAYT-2150
PO_B10_002151,Cashfree Escrow,FLPK-EXC-460727-UNRESOLVED,104494,2079,0,0,102415,INR,2026-08-12T10:14:00Z,HOLD-ESCROW
PO_B10_002152,BillDesk Settlement,FLPK-ORD-183063 FLPK-ORD-592282 FLPK-ORD-339635 BATCH-FLPK-2152,349729,6994,0,0,342735,INR,2026-08-12T15:12:00Z,BATCH-FLPK-2152
PO_B10_002153,Razorpay Nodal,UBER-INV-381118 PO_B10_002153,88296,2201,0,0,86095,INR,2026-08-12T18:02:00Z,BATCH-UBER-2153
PO_B10_002154,Stripe India,AMZN-INV-271903 PO_B10_002154,48608,1173,0,0,47435,INR,2026-08-12T03:12:00Z,BATCH-AMZN-2154
PO_B10_002155,BillDesk Settlement,JIOO-ORD-841768 JIOO-ORD-263377 JIOO-ORD-432159 BATCH-JIOO-2155,398674,7973,0,0,390701,INR,2026-08-11T21:59:00Z,BATCH-JIOO-2155
PO_B10_002156,PayU Enterprise,TATA-INV-322061 PO_B10_002156,293709,6429,0,0,287280,INR,2026-08-12T05:23:00Z,BATCH-TATA-2156
PO_B10_002157,BillDesk Settlement,BKMS-INV-352890 PO_B10_002157,332822,7292,0,0,325530,INR,2026-08-12T02:29:00Z,BATCH-BKMS-2157
PO_B10_002158,BillDesk Settlement,BKMS-INV-186041 PO_B10_002158,33231,724,0,0,32507,INR,2026-08-12T07:44:00Z,BATCH-BKMS-2158
PO_B10_002159,PayU Enterprise,BKMS-INV-354157 PO_B10_002159,44201,866,0,0,43335,INR,2026-08-12T07:04:00Z,BATCH-BKMS-2159
PO_B10_002160,BillDesk Settlement,SWIG-INV-397193 PO_B10_002160,380387,8848,0,0,371539,INR,2026-08-12T17:54:00Z,BATCH-SWIG-2160
PO_B10_002161,Razorpay Nodal,ZOMA-INV-880821 PO_B10_002161,71144,1674,0,0,69470,INR,2026-08-12T22:02:00Z,BATCH-ZOMA-2161
PO_B10_002162,Razorpay Nodal,AMZN-ORD-233480 AMZN-ORD-200671 AMZN-ORD-136929 BATCH-AMZN-2162,448055,8961,0,0,439094,INR,2026-08-12T04:03:00Z,BATCH-AMZN-2162
PO_B10_002163,BillDesk Settlement,TATA-INV-986259 PO_B10_002163,135959,2411,0,0,133548,INR,2026-08-12T05:21:00Z,BATCH-TATA-2163
PO_B10_002164,PayU Enterprise,TATA-ORD-215819 TATA-ORD-190042 BATCH-TATA-2164,159106,3182,0,0,155924,INR,2026-08-12T07:12:00Z,BATCH-TATA-2164
PO_B10_002165,Cashfree Escrow,JIOO-INV-344899 PO_B10_002165,345634,5278,0,0,340356,INR,2026-08-12T04:19:00Z,BATCH-JIOO-2165
PO_B10_002166,Stripe India,JIOO-EXC-874027-UNRESOLVED,99518,1980,0,0,97538,INR,2026-08-12T15:36:00Z,HOLD-ESCROW
PO_B10_002167,PayU Enterprise,MMTR-INV-481531 PO_B10_002167,70448,1285,0,0,69163,INR,2026-08-11T18:39:00Z,BATCH-MMTR-2167
PO_B10_002168,Stripe India,FLPK-INV-185927 PO_B10_002168,154195,3279,0,0,150916,INR,2026-08-12T04:46:00Z,BATCH-FLPK-2168
PO_B10_002169,BillDesk Settlement,OLAA-ORD-249104 OLAA-ORD-182811 OLAA-ORD-751707 BATCH-OLAA-2169,280980,5619,0,0,275361,INR,2026-08-12T10:44:00Z,BATCH-OLAA-2169
PO_B10_002170,Cashfree Escrow,MYNT-INV-948904 PO_B10_002170,260883,6473,0,0,254410,INR,2026-08-12T02:17:00Z,BATCH-MYNT-2170
PO_B10_002171,Stripe India,UBER-EXC-596645-UNRESOLVED,279975,5589,0,0,274386,INR,2026-08-13T02:03:00Z,HOLD-ESCROW
PO_B10_002172,PayU Enterprise,NYKA-INV-863391 PO_B10_002172,169371,3646,0,0,165725,INR,2026-08-12T03:40:00Z,BATCH-NYKA-2172
PO_B10_002173,Razorpay Nodal,NYKA-INV-431008 PO_B10_002173,162039,3933,0,0,158106,INR,2026-08-12T23:07:00Z,BATCH-NYKA-2173
PO_B10_002174,Razorpay Nodal,TATA-INV-659601 PO_B10_002174,72432,1335,0,0,71097,INR,2026-08-11T23:44:00Z,BATCH-TATA-2174
PO_B10_002175,BillDesk Settlement,BLNK-INV-842057 PO_B10_002175,137376,2771,0,0,134605,INR,2026-08-12T10:55:00Z,BATCH-BLNK-2175
PO_B10_002176,PayU Enterprise,BLNK-ORD-131958 BLNK-ORD-988954 BATCH-BLNK-2176,252296,5045,0,0,247251,INR,2026-08-12T09:05:00Z,BATCH-BLNK-2176
PO_B10_002177,Stripe India,BBAS-INV-340935 PO_B10_002177,420493,9608,0,0,410885,INR,2026-08-11T15:12:00Z,BATCH-BBAS-2177
PO_B10_002178,BillDesk Settlement,PAYT-ORD-407305 PAYT-ORD-677205 PAYT-ORD-650077 BATCH-PAYT-2178,420182,8403,0,0,411779,INR,2026-08-12T04:58:00Z,BATCH-PAYT-2178
PO_B10_002179,Razorpay Nodal,JIOO-EXC-870352-UNRESOLVED,178845,3566,0,0,175279,INR,2026-08-12T21:06:00Z,HOLD-ESCROW
PO_B10_002180,PayU Enterprise,AMZN-INV-184947 PO_B10_002180,199333,3410,0,0,195923,INR,2026-08-11T18:30:00Z,BATCH-AMZN-2180
PO_B10_002181,Cashfree Escrow,AMZN-ORD-270218 AMZN-ORD-210530 AMZN-ORD-460759 BATCH-AMZN-2181,432398,8647,0,0,423751,INR,2026-08-12T07:09:00Z,BATCH-AMZN-2181
PO_B10_002182,Stripe India,OLAA-ORD-613375 OLAA-ORD-831436 BATCH-OLAA-2182,134419,2688,0,0,131731,INR,2026-08-11T22:40:00Z,BATCH-OLAA-2182
PO_B10_002183,PayU Enterprise,AMZN-INV-483280 PO_B10_002183,335541,7966,0,0,327575,INR,2026-08-12T14:41:00Z,BATCH-AMZN-2183
PO_B10_002184,Razorpay Nodal,BKMS-INV-752545 PO_B10_002184,275159,6558,0,0,268601,INR,2026-08-12T13:05:00Z,BATCH-BKMS-2184
PO_B10_002185,Cashfree Escrow,NYKA-INV-397845 PO_B10_002185,335382,7893,0,0,327489,INR,2026-08-11T17:09:00Z,BATCH-NYKA-2185
PO_B10_002186,Stripe India,NYKA-ORD-267984 NYKA-ORD-787826 BATCH-NYKA-2186,242212,4844,0,0,237368,INR,2026-08-12T18:59:00Z,BATCH-NYKA-2186
PO_B10_002187,Razorpay Nodal,PAYT-INV-860902 PO_B10_002187,390195,7343,0,0,382852,INR,2026-08-12T21:52:00Z,BATCH-PAYT-2187
PO_B10_002188,Razorpay Nodal,UBER-INV-696932 PO_B10_002188,90327,1654,0,0,88673,INR,2026-08-12T05:46:00Z,BATCH-UBER-2188
PO_B10_002189,BillDesk Settlement,JIOO-ORD-138837 JIOO-ORD-677729 JIOO-ORD-328750 BATCH-JIOO-2189,309878,6197,0,0,303681,INR,2026-08-12T12:43:00Z,BATCH-JIOO-2189
PO_B10_002190,PayU Enterprise,JIOO-INV-628585 PO_B10_002190,117536,2451,0,0,115085,INR,2026-08-11T19:59:00Z,BATCH-JIOO-2190
PO_B10_002191,Cashfree Escrow,PHNP-INV-632566 PO_B10_002191,249433,4140,0,0,245293,INR,2026-08-12T21:39:00Z,BATCH-PHNP-2191
PO_B10_002192,Razorpay Nodal,TATA-ORD-909177 TATA-ORD-703429 BATCH-TATA-2192,294205,5884,0,0,288321,INR,2026-08-12T12:24:00Z,BATCH-TATA-2192
PO_B10_002193,Stripe India,BBAS-ORD-610126 BBAS-ORD-764617 BATCH-BBAS-2193,249437,4988,0,0,244449,INR,2026-08-12T09:58:00Z,BATCH-BBAS-2193
PO_B10_002194,BillDesk Settlement,JIOO-INV-904700 PO_B10_002194,315473,7089,0,0,308384,INR,2026-08-12T03:40:00Z,BATCH-JIOO-2194
PO_B10_002195,Razorpay Nodal,SWIG-INV-900861 PO_B10_002195,164252,3355,0,0,160897,INR,2026-08-11T22:41:00Z,BATCH-SWIG-2195
PO_B10_002196,BillDesk Settlement,FLPK-INV-963093 PO_B10_002196,369163,6984,0,0,362179,INR,2026-08-12T03:13:00Z,BATCH-FLPK-2196
PO_B10_002197,Razorpay Nodal,SWIG-INV-554639 PO_B10_002197,106313,2528,0,0,103785,INR,2026-08-12T12:11:00Z,BATCH-SWIG-2197
PO_B10_002198,PayU Enterprise,MMTR-INV-174866 PO_B10_002198,341935,5426,0,0,336509,INR,2026-08-12T19:14:00Z,BATCH-MMTR-2198
PO_B10_002199,PayU Enterprise,BKMS-ORD-651181 BKMS-ORD-903692 BATCH-BKMS-2199,258768,5175,0,0,253593,INR,2026-08-12T11:58:00Z,BATCH-BKMS-2199
PO_B10_002200,PayU Enterprise,TATA-INV-134477 PO_B10_002200,393534,8966,0,0,384568,INR,2026-08-11T23:43:00Z,BATCH-TATA-2200
PO_B10_002201,Stripe India,OLAA-INV-623988 PO_B10_002201,31831,543,0,0,31288,INR,2026-08-12T07:00:00Z,BATCH-OLAA-2201
PO_B10_002202,Razorpay Nodal,BKMS-INV-328130 PO_B10_002202,241284,4150,0,0,237134,INR,2026-08-12T13:13:00Z,BATCH-BKMS-2202
PO_B10_002203,BillDesk Settlement,SWIG-INV-518609 PO_B10_002203,337391,8122,0,0,329269,INR,2026-08-12T13:20:00Z,BATCH-SWIG-2203
PO_B10_002204,Razorpay Nodal,OLAA-INV-225908 PO_B10_002204,90034,1880,0,0,88154,INR,2026-08-12T06:21:00Z,BATCH-OLAA-2204
PO_B10_002205,Cashfree Escrow,FLPK-ORD-142906 FLPK-ORD-424876 BATCH-FLPK-2205,201643,4032,0,0,197611,INR,2026-08-12T16:58:00Z,BATCH-FLPK-2205
PO_B10_002206,Stripe India,UBER-INV-717752 PO_B10_002206,122803,2426,0,0,120377,INR,2026-08-11T19:41:00Z,BATCH-UBER-2206
PO_B10_002207,Cashfree Escrow,TATA-ORD-726560 TATA-ORD-702281 TATA-ORD-311957 BATCH-TATA-2207,434675,8693,0,0,425982,INR,2026-08-12T16:53:00Z,BATCH-TATA-2207
PO_B10_002208,Stripe India,AMZN-ORD-831043 AMZN-ORD-858927 BATCH-AMZN-2208,299432,5988,0,0,293444,INR,2026-08-12T12:30:00Z,BATCH-AMZN-2208
PO_B10_002209,Stripe India,AMZN-ORD-394650 AMZN-ORD-472783 AMZN-ORD-309111 BATCH-AMZN-2209,311592,6231,0,0,305361,INR,2026-08-12T07:49:00Z,BATCH-AMZN-2209
PO_B10_002210,Razorpay Nodal,JIOO-INV-241718 PO_B10_002210,141663,2360,0,0,139303,INR,2026-08-12T01:42:00Z,BATCH-JIOO-2210
PO_B10_002211,Stripe India,MMTR-INV-439016 PO_B10_002211,235657,5634,0,0,230023,INR,2026-08-12T17:03:00Z,BATCH-MMTR-2211
PO_B10_002212,PayU Enterprise,FLPK-INV-520474 PO_B10_002212,192476,4124,0,0,188352,INR,2026-08-12T08:10:00Z,BATCH-FLPK-2212
PO_B10_002213,BillDesk Settlement,PHNP-INV-124843 PO_B10_002213,355720,6711,0,0,349009,INR,2026-08-11T23:05:00Z,BATCH-PHNP-2213
PO_B10_002214,PayU Enterprise,MYNT-EXC-135413-UNRESOLVED,242483,4839,0,0,237644,INR,2026-08-12T21:28:00Z,HOLD-ESCROW
PO_B10_002215,Stripe India,NYKA-ORD-909035 NYKA-ORD-794567 BATCH-NYKA-2215,303902,6078,0,0,297824,INR,2026-08-12T03:03:00Z,BATCH-NYKA-2215
PO_B10_002216,Cashfree Escrow,FLPK-INV-744038 PO_B10_002216,216685,5093,0,0,211592,INR,2026-08-12T02:07:00Z,BATCH-FLPK-2216
PO_B10_002217,Razorpay Nodal,AMZN-INV-300939 PO_B10_002217,187497,3361,0,0,184136,INR,2026-08-12T15:34:00Z,BATCH-AMZN-2217
PO_B10_002218,Razorpay Nodal,SWIG-INV-663389 PO_B10_002218,77968,1300,0,0,76668,INR,2026-08-12T11:37:00Z,BATCH-SWIG-2218
PO_B10_002219,Cashfree Escrow,JIOO-INV-462922 PO_B10_002219,269871,5500,0,0,264371,INR,2026-08-12T16:15:00Z,BATCH-JIOO-2219
PO_B10_002220,Stripe India,BKMS-INV-907584 PO_B10_002220,280753,5304,0,0,275449,INR,2026-08-11T20:12:00Z,BATCH-BKMS-2220
PO_B10_002221,BillDesk Settlement,PAYT-INV-361387 PO_B10_002221,423151,8527,0,0,414624,INR,2026-08-12T18:29:00Z,BATCH-PAYT-2221
PO_B10_002222,Razorpay Nodal,NYKA-INV-481411 PO_B10_002222,291348,5317,0,0,286031,INR,2026-08-12T18:30:00Z,BATCH-NYKA-2222
PO_B10_002223,Razorpay Nodal,PAYT-ORD-103500 PAYT-ORD-955031 BATCH-PAYT-2223,282814,5656,0,0,277158,INR,2026-08-12T14:23:00Z,BATCH-PAYT-2223
PO_B10_002224,Razorpay Nodal,PAYT-EXC-494324-UNRESOLVED,55041,1090,0,0,53951,INR,2026-08-12T22:21:00Z,HOLD-ESCROW
PO_B10_002225,PayU Enterprise,TATA-INV-787013 PO_B10_002225,72990,1721,0,0,71269,INR,2026-08-12T00:29:00Z,BATCH-TATA-2225
PO_B10_002226,BillDesk Settlement,UBER-ORD-390010 UBER-ORD-956046 BATCH-UBER-2226,302357,6047,0,0,296310,INR,2026-08-12T09:41:00Z,BATCH-UBER-2226
PO_B10_002227,BillDesk Settlement,ZOMA-INV-101684 PO_B10_002227,386123,7954,0,0,378169,INR,2026-08-12T09:43:00Z,BATCH-ZOMA-2227
PO_B10_002228,Cashfree Escrow,AMZN-INV-457911 PO_B10_002228,193649,3145,0,0,190504,INR,2026-08-12T18:33:00Z,BATCH-AMZN-2228
PO_B10_002229,BillDesk Settlement,ZOMA-INV-294885 PO_B10_002229,330794,7866,0,0,322928,INR,2026-08-12T01:14:00Z,BATCH-ZOMA-2229
PO_B10_002230,Cashfree Escrow,NYKA-INV-710431 PO_B10_002230,365626,6488,0,0,359138,INR,2026-08-12T14:44:00Z,BATCH-NYKA-2230
PO_B10_002231,PayU Enterprise,OLAA-INV-572245 PO_B10_002231,410445,8219,0,0,402226,INR,2026-08-11T14:56:00Z,BATCH-OLAA-2231
PO_B10_002232,Razorpay Nodal,PAYT-ORD-878194 PAYT-ORD-238334 BATCH-PAYT-2232,234641,4692,0,0,229949,INR,2026-08-12T12:49:00Z,BATCH-PAYT-2232
PO_B10_002233,Cashfree Escrow,PHNP-ORD-993062 PHNP-ORD-707655 BATCH-PHNP-2233,159267,3185,0,0,156082,INR,2026-08-12T19:36:00Z,BATCH-PHNP-2233
PO_B10_002234,PayU Enterprise,MYNT-INV-800543 PO_B10_002234,143773,3017,0,0,140756,INR,2026-08-12T07:17:00Z,BATCH-MYNT-2234
PO_B10_002235,Razorpay Nodal,JIOO-INV-705902 PO_B10_002235,96452,1496,0,0,94956,INR,2026-08-12T11:03:00Z,BATCH-JIOO-2235
PO_B10_002236,Razorpay Nodal,SWIG-INV-232787 PO_B10_002236,217885,5270,0,0,212615,INR,2026-08-11T21:14:00Z,BATCH-SWIG-2236
PO_B10_002237,Stripe India,FLPK-INV-508424 PO_B10_002237,211217,3998,0,0,207219,INR,2026-08-12T01:47:00Z,BATCH-FLPK-2237
PO_B10_002238,Razorpay Nodal,JIOO-INV-475876 PO_B10_002238,264364,6376,0,0,257988,INR,2026-08-12T14:01:00Z,BATCH-JIOO-2238
PO_B10_002239,Stripe India,NYKA-INV-570429 PO_B10_002239,404071,8171,0,0,395900,INR,2026-08-12T14:57:00Z,BATCH-NYKA-2239
PO_B10_002240,BillDesk Settlement,BKMS-INV-860654 PO_B10_002240,275605,5462,0,0,270143,INR,2026-08-12T12:01:00Z,BATCH-BKMS-2240
PO_B10_002241,Cashfree Escrow,SWIG-INV-298997 PO_B10_002241,339738,6311,0,0,333427,INR,2026-08-12T06:19:00Z,BATCH-SWIG-2241
PO_B10_002242,PayU Enterprise,PHNP-ORD-944428 PHNP-ORD-240881 BATCH-PHNP-2242,283303,5666,0,0,277637,INR,2026-08-12T01:23:00Z,BATCH-PHNP-2242
PO_B10_002243,Stripe India,SWIG-INV-531394 PO_B10_002243,397507,6053,0,0,391454,INR,2026-08-11T21:14:00Z,BATCH-SWIG-2243
PO_B10_002244,Razorpay Nodal,FLPK-INV-493675 PO_B10_002244,261592,4799,0,0,256793,INR,2026-08-11T17:40:00Z,BATCH-FLPK-2244
PO_B10_002245,Razorpay Nodal,PAYT-INV-635644 PO_B10_002245,368950,6539,0,0,362411,INR,2026-08-12T02:24:00Z,BATCH-PAYT-2245
PO_B10_002246,Razorpay Nodal,SWIG-INV-246456 PO_B10_002246,107065,2086,0,0,104979,INR,2026-08-12T12:13:00Z,BATCH-SWIG-2246
PO_B10_002247,Cashfree Escrow,PAYT-ORD-971633 PAYT-ORD-604321 BATCH-PAYT-2247,447071,8941,0,0,438130,INR,2026-08-12T06:28:00Z,BATCH-PAYT-2247
PO_B10_002248,Razorpay Nodal,JIOO-INV-783933 PO_B10_002248,431133,8902,0,0,422231,INR,2026-08-11T16:48:00Z,BATCH-JIOO-2248
PO_B10_002249,PayU Enterprise,UBER-INV-871507 PO_B10_002249,282891,4619,0,0,278272,INR,2026-08-12T17:52:00Z,BATCH-UBER-2249
PO_B10_002250,Stripe India,ZOMA-ORD-480347 ZOMA-ORD-911953 BATCH-ZOMA-2250,270811,5416,0,0,265395,INR,2026-08-12T14:40:00Z,BATCH-ZOMA-2250
PO_B10_002251,Razorpay Nodal,NYKA-INV-725313 PO_B10_002251,65591,1095,0,0,64496,INR,2026-08-12T13:48:00Z,BATCH-NYKA-2251
PO_B10_002252,PayU Enterprise,PHNP-ORD-295941 PHNP-ORD-616298 BATCH-PHNP-2252,335201,6704,0,0,328497,INR,2026-08-12T08:39:00Z,BATCH-PHNP-2252
PO_B10_002253,PayU Enterprise,FLPK-ORD-461123 FLPK-ORD-568375 BATCH-FLPK-2253,243788,4875,0,0,238913,INR,2026-08-12T18:51:00Z,BATCH-FLPK-2253
PO_B10_002254,Cashfree Escrow,SWIG-INV-970534 PO_B10_002254,257048,5005,0,0,252043,INR,2026-08-12T09:41:00Z,BATCH-SWIG-2254
PO_B10_002255,BillDesk Settlement,FLPK-INV-422857 PO_B10_002255,226258,5527,0,0,220731,INR,2026-08-12T05:42:00Z,BATCH-FLPK-2255
PO_B10_002256,BillDesk Settlement,MMTR-INV-380948 PO_B10_002256,111056,2516,0,0,108540,INR,2026-08-12T17:00:00Z,BATCH-MMTR-2256
PO_B10_002257,Stripe India,UBER-INV-378368 PO_B10_002257,413233,8554,0,0,404679,INR,2026-08-12T10:55:00Z,BATCH-UBER-2257
PO_B10_002258,BillDesk Settlement,MYNT-ORD-413130 MYNT-ORD-474202 BATCH-MYNT-2258,110571,2211,0,0,108360,INR,2026-08-12T06:02:00Z,BATCH-MYNT-2258
PO_B10_002259,Stripe India,AMZN-INV-741541 PO_B10_002259,234608,3534,0,0,231074,INR,2026-08-12T14:15:00Z,BATCH-AMZN-2259
PO_B10_002260,PayU Enterprise,JIOO-INV-281975 PO_B10_002260,254031,5806,0,0,248225,INR,2026-08-12T22:20:00Z,BATCH-JIOO-2260
PO_B10_002261,Razorpay Nodal,TATA-ORD-227068 TATA-ORD-324845 TATA-ORD-732360 BATCH-TATA-2261,533919,10678,0,0,523241,INR,2026-08-12T12:25:00Z,BATCH-TATA-2261
PO_B10_002262,Cashfree Escrow,MMTR-ORD-119213 MMTR-ORD-791042 MMTR-ORD-146612 BATCH-MMTR-2262,314701,6294,0,0,308407,INR,2026-08-11T21:18:00Z,BATCH-MMTR-2262
PO_B10_002263,PayU Enterprise,BLNK-EXC-940232-UNRESOLVED,255684,5103,0,0,250581,INR,2026-08-12T12:55:00Z,HOLD-ESCROW
PO_B10_002264,PayU Enterprise,MMTR-INV-355250 PO_B10_002264,316183,6084,0,0,310099,INR,2026-08-12T18:12:00Z,BATCH-MMTR-2264
PO_B10_002265,Stripe India,JIOO-INV-689419 PO_B10_002265,301959,6028,0,0,295931,INR,2026-08-12T04:46:00Z,BATCH-JIOO-2265
PO_B10_002266,Razorpay Nodal,MMTR-INV-357171 PO_B10_002266,422852,7991,0,0,414861,INR,2026-08-12T07:55:00Z,BATCH-MMTR-2266
PO_B10_002267,Cashfree Escrow,MYNT-INV-612352 PO_B10_002267,372918,7000,0,0,365918,INR,2026-08-12T01:44:00Z,BATCH-MYNT-2267
PO_B10_002268,Razorpay Nodal,JIOO-INV-504351 PO_B10_002268,433696,7389,0,0,426307,INR,2026-08-12T17:34:00Z,BATCH-JIOO-2268
PO_B10_002269,PayU Enterprise,MYNT-ORD-645939 MYNT-ORD-431965 BATCH-MYNT-2269,288971,5779,0,0,283192,INR,2026-08-12T10:56:00Z,BATCH-MYNT-2269
PO_B10_002270,Stripe India,PHNP-INV-605945 PO_B10_002270,43280,986,0,0,42294,INR,2026-08-12T10:45:00Z,BATCH-PHNP-2270
PO_B10_002271,Stripe India,TATA-INV-614313 PO_B10_002271,428083,9264,0,0,418819,INR,2026-08-12T03:46:00Z,BATCH-TATA-2271
PO_B10_002272,Cashfree Escrow,BLNK-INV-595060 PO_B10_002272,401483,8119,0,0,393364,INR,2026-08-12T02:05:00Z,BATCH-BLNK-2272
PO_B10_002273,Cashfree Escrow,PAYT-INV-628154 PO_B10_002273,28261,587,0,0,27674,INR,2026-08-12T01:44:00Z,BATCH-PAYT-2273
PO_B10_002274,Razorpay Nodal,UBER-INV-210036 PO_B10_002274,438225,9973,0,0,428252,INR,2026-08-11T19:14:00Z,BATCH-UBER-2274
PO_B10_002275,Cashfree Escrow,SWIG-INV-952713 PO_B10_002275,123343,3023,0,0,120320,INR,2026-08-12T09:35:00Z,BATCH-SWIG-2275
PO_B10_002276,Razorpay Nodal,BKMS-ORD-480649 BKMS-ORD-160825 BATCH-BKMS-2276,241259,4825,0,0,236434,INR,2026-08-12T06:24:00Z,BATCH-BKMS-2276
PO_B10_002277,Cashfree Escrow,TATA-INV-201691 PO_B10_002277,50097,895,0,0,49202,INR,2026-08-11T18:38:00Z,BATCH-TATA-2277
PO_B10_002278,PayU Enterprise,UBER-INV-738702 PO_B10_002278,64462,1226,0,0,63236,INR,2026-08-12T13:28:00Z,BATCH-UBER-2278
PO_B10_002279,BillDesk Settlement,AMZN-INV-156138 PO_B10_002279,328463,6605,0,0,321858,INR,2026-08-12T22:43:00Z,BATCH-AMZN-2279
PO_B10_002280,Cashfree Escrow,AMZN-INV-282578 PO_B10_002280,105223,2483,0,0,102740,INR,2026-08-12T16:17:00Z,BATCH-AMZN-2280
PO_B10_002281,Cashfree Escrow,JIOO-INV-595768 PO_B10_002281,253704,5088,0,0,248616,INR,2026-08-12T14:39:00Z,BATCH-JIOO-2281
PO_B10_002282,Cashfree Escrow,BBAS-INV-543776 PO_B10_002282,71222,1629,0,0,69593,INR,2026-08-12T06:53:00Z,BATCH-BBAS-2282
PO_B10_002283,BillDesk Settlement,FLPK-INV-578006 PO_B10_002283,190255,4494,0,0,185761,INR,2026-08-12T08:36:00Z,BATCH-FLPK-2283
PO_B10_002284,PayU Enterprise,JIOO-INV-623443 PO_B10_002284,38079,873,0,0,37206,INR,2026-08-12T22:39:00Z,BATCH-JIOO-2284
PO_B10_002285,BillDesk Settlement,MMTR-ORD-315149 MMTR-ORD-759280 MMTR-ORD-646564 BATCH-MMTR-2285,126159,2523,0,0,123636,INR,2026-08-12T12:24:00Z,BATCH-MMTR-2285
PO_B10_002286,BillDesk Settlement,FLPK-INV-403176 PO_B10_002286,27966,663,0,0,27303,INR,2026-08-12T06:45:00Z,BATCH-FLPK-2286
PO_B10_002287,BillDesk Settlement,MMTR-ORD-546513 MMTR-ORD-769751 BATCH-MMTR-2287,182415,3648,0,0,178767,INR,2026-08-12T13:33:00Z,BATCH-MMTR-2287
PO_B10_002288,BillDesk Settlement,MMTR-INV-736028 PO_B10_002288,185494,3814,0,0,181680,INR,2026-08-12T07:46:00Z,BATCH-MMTR-2288
PO_B10_002289,Cashfree Escrow,OLAA-INV-641988 PO_B10_002289,255639,5680,0,0,249959,INR,2026-08-12T21:28:00Z,BATCH-OLAA-2289
PO_B10_002290,Razorpay Nodal,BBAS-EXC-938886-UNRESOLVED,80200,1594,0,0,78606,INR,2026-08-13T07:54:00Z,HOLD-ESCROW
PO_B10_002291,PayU Enterprise,BBAS-ORD-509215 BBAS-ORD-188103 BATCH-BBAS-2291,247739,4954,0,0,242785,INR,2026-08-12T08:11:00Z,BATCH-BBAS-2291
PO_B10_002292,Razorpay Nodal,PHNP-INV-281183 PO_B10_002292,123077,2756,0,0,120321,INR,2026-08-12T19:03:00Z,BATCH-PHNP-2292
PO_B10_002293,Razorpay Nodal,OLAA-INV-157987 PO_B10_002293,443987,9223,0,0,434764,INR,2026-08-12T03:07:00Z,BATCH-OLAA-2293
PO_B10_002294,BillDesk Settlement,BKMS-INV-365694 PO_B10_002294,238738,5171,0,0,233567,INR,2026-08-12T12:10:00Z,BATCH-BKMS-2294
PO_B10_002295,BillDesk Settlement,UBER-INV-158383 PO_B10_002295,311008,7659,0,0,303349,INR,2026-08-12T12:51:00Z,BATCH-UBER-2295
PO_B10_002296,Stripe India,UBER-INV-947612 PO_B10_002296,144490,2811,0,0,141679,INR,2026-08-11T16:06:00Z,BATCH-UBER-2296
PO_B10_002297,Razorpay Nodal,PAYT-INV-174239 PO_B10_002297,420948,8960,0,0,411988,INR,2026-08-12T04:05:00Z,BATCH-PAYT-2297
PO_B10_002298,PayU Enterprise,PAYT-INV-408805 PO_B10_002298,202584,4446,0,0,198138,INR,2026-08-12T00:33:00Z,BATCH-PAYT-2298
PO_B10_002299,Razorpay Nodal,MYNT-INV-926590 PO_B10_002299,261271,4319,0,0,256952,INR,2026-08-11T18:58:00Z,BATCH-MYNT-2299
PO_B10_002300,BillDesk Settlement,BLNK-INV-849480 PO_B10_002300,109732,2013,0,0,107719,INR,2026-08-12T08:00:00Z,BATCH-BLNK-2300
PO_B10_002301,PayU Enterprise,JIOO-ORD-188753 JIOO-ORD-771854 JIOO-ORD-309882 BATCH-JIOO-2301,266217,5324,0,0,260893,INR,2026-08-12T19:30:00Z,BATCH-JIOO-2301
PO_B10_002302,BillDesk Settlement,NYKA-INV-680577 PO_B10_002302,214182,3995,0,0,210187,INR,2026-08-12T12:17:00Z,BATCH-NYKA-2302
PO_B10_002303,Stripe India,TATA-INV-189503 PO_B10_002303,250392,5668,0,0,244724,INR,2026-08-12T12:46:00Z,BATCH-TATA-2303
PO_B10_002304,Cashfree Escrow,PHNP-EXC-453807-UNRESOLVED,100007,1990,0,0,98017,INR,2026-08-12T09:35:00Z,HOLD-ESCROW
PO_B10_002305,PayU Enterprise,AMZN-INV-473541 PO_B10_002305,427617,7669,0,0,419948,INR,2026-08-12T07:00:00Z,BATCH-AMZN-2305
PO_B10_002306,PayU Enterprise,MYNT-ORD-780530 MYNT-ORD-450182 BATCH-MYNT-2306,249207,4984,0,0,244223,INR,2026-08-12T20:05:00Z,BATCH-MYNT-2306
PO_B10_002307,PayU Enterprise,NYKA-INV-186103 PO_B10_002307,221292,3391,0,0,217901,INR,2026-08-11T15:57:00Z,BATCH-NYKA-2307
PO_B10_002308,Razorpay Nodal,FLPK-INV-230019 PO_B10_002308,238631,5600,0,0,233031,INR,2026-08-12T02:52:00Z,BATCH-FLPK-2308
PO_B10_002309,Cashfree Escrow,TATA-INV-902772 PO_B10_002309,279768,4764,0,0,275004,INR,2026-08-12T03:08:00Z,BATCH-TATA-2309
PO_B10_002310,Cashfree Escrow,MYNT-INV-527159 PO_B10_002310,166715,3163,0,0,163552,INR,2026-08-12T19:20:00Z,BATCH-MYNT-2310
PO_B10_002311,PayU Enterprise,JIOO-ORD-498649 JIOO-ORD-581520 BATCH-JIOO-2311,290582,5811,0,0,284771,INR,2026-08-12T14:08:00Z,BATCH-JIOO-2311
PO_B10_002312,Razorpay Nodal,SWIG-INV-354216 PO_B10_002312,176435,2869,0,0,173566,INR,2026-08-12T09:32:00Z,BATCH-SWIG-2312
PO_B10_002313,Cashfree Escrow,NYKA-ORD-106892 NYKA-ORD-594581 BATCH-NYKA-2313,306466,6129,0,0,300337,INR,2026-08-12T05:47:00Z,BATCH-NYKA-2313
PO_B10_002314,Cashfree Escrow,MMTR-EXC-926544-UNRESOLVED,223942,4468,0,0,219474,INR,2026-08-13T05:10:00Z,HOLD-ESCROW
PO_B10_002315,BillDesk Settlement,BBAS-INV-302513 PO_B10_002315,99033,2018,0,0,97015,INR,2026-08-11T23:18:00Z,BATCH-BBAS-2315
PO_B10_002316,PayU Enterprise,MYNT-INV-872388 PO_B10_002316,157567,2492,0,0,155075,INR,2026-08-11T18:31:00Z,BATCH-MYNT-2316
PO_B10_002317,BillDesk Settlement,MMTR-ORD-373425 MMTR-ORD-878462 BATCH-MMTR-2317,195095,3901,0,0,191194,INR,2026-08-12T10:23:00Z,BATCH-MMTR-2317
PO_B10_002318,Razorpay Nodal,TATA-INV-495943 PO_B10_002318,180228,3451,0,0,176777,INR,2026-08-12T16:02:00Z,BATCH-TATA-2318
PO_B10_002319,Stripe India,OLAA-INV-871409 PO_B10_002319,312934,6078,0,0,306856,INR,2026-08-11T18:21:00Z,BATCH-OLAA-2319
PO_B10_002320,PayU Enterprise,FLPK-INV-354163 PO_B10_002320,138297,3299,0,0,134998,INR,2026-08-12T06:49:00Z,BATCH-FLPK-2320
PO_B10_002321,Razorpay Nodal,PHNP-INV-502382 PO_B10_002321,301420,4959,0,0,296461,INR,2026-08-12T08:04:00Z,BATCH-PHNP-2321
PO_B10_002322,Stripe India,BKMS-ORD-399136 BKMS-ORD-801331 BATCH-BKMS-2322,408992,8179,0,0,400813,INR,2026-08-12T00:42:00Z,BATCH-BKMS-2322
PO_B10_002323,PayU Enterprise,NYKA-INV-142132 PO_B10_002323,54091,1276,0,0,52815,INR,2026-08-12T05:31:00Z,BATCH-NYKA-2323
PO_B10_002324,PayU Enterprise,MYNT-INV-874977 PO_B10_002324,103454,2523,0,0,100931,INR,2026-08-12T03:02:00Z,BATCH-MYNT-2324
PO_B10_002325,PayU Enterprise,JIOO-INV-313111 PO_B10_002325,240232,4670,0,0,235562,INR,2026-08-12T10:59:00Z,BATCH-JIOO-2325
PO_B10_002326,Stripe India,JIOO-INV-619654 PO_B10_002326,188211,4250,0,0,183961,INR,2026-08-11T21:06:00Z,BATCH-JIOO-2326
PO_B10_002327,Stripe India,PAYT-INV-272089 PO_B10_002327,186983,3082,0,0,183901,INR,2026-08-12T19:28:00Z,BATCH-PAYT-2327
PO_B10_002328,Cashfree Escrow,SWIG-INV-798738 PO_B10_002328,101838,1875,0,0,99963,INR,2026-08-12T01:27:00Z,BATCH-SWIG-2328
PO_B10_002329,Stripe India,BKMS-ORD-569804 BKMS-ORD-791328 BKMS-ORD-249698 BATCH-BKMS-2329,497383,9947,0,0,487436,INR,2026-08-12T09:39:00Z,BATCH-BKMS-2329
PO_B10_002330,Cashfree Escrow,AMZN-INV-570879 PO_B10_002330,153661,2827,0,0,150834,INR,2026-08-12T01:03:00Z,BATCH-AMZN-2330
PO_B10_002331,Razorpay Nodal,NYKA-INV-706922 PO_B10_002331,217971,3671,0,0,214300,INR,2026-08-12T15:50:00Z,BATCH-NYKA-2331
PO_B10_002332,Stripe India,PAYT-INV-519151 PO_B10_002332,65690,1626,0,0,64064,INR,2026-08-12T11:48:00Z,BATCH-PAYT-2332
PO_B10_002333,PayU Enterprise,PAYT-INV-923542 PO_B10_002333,396472,7761,0,0,388711,INR,2026-08-12T08:25:00Z,BATCH-PAYT-2333
PO_B10_002334,Cashfree Escrow,BBAS-INV-309913 PO_B10_002334,288522,6101,0,0,282421,INR,2026-08-13T00:56:00Z,BATCH-BBAS-2334
PO_B10_002335,PayU Enterprise,BBAS-INV-250352 PO_B10_002335,443018,9357,0,0,433661,INR,2026-08-12T11:52:00Z,BATCH-BBAS-2335
PO_B10_002336,Cashfree Escrow,MYNT-INV-851920 PO_B10_002336,275720,5593,0,0,270127,INR,2026-08-12T01:50:00Z,BATCH-MYNT-2336
PO_B10_002337,BillDesk Settlement,MMTR-INV-729747 PO_B10_002337,298240,7145,0,0,291095,INR,2026-08-12T09:57:00Z,BATCH-MMTR-2337
PO_B10_002338,BillDesk Settlement,UBER-INV-809996 PO_B10_002338,285685,4413,0,0,281272,INR,2026-08-12T15:58:00Z,BATCH-UBER-2338
PO_B10_002339,Stripe India,MMTR-ORD-208865 MMTR-ORD-727990 BATCH-MMTR-2339,176880,3537,0,0,173343,INR,2026-08-12T19:07:00Z,BATCH-MMTR-2339
PO_B10_002340,Stripe India,NYKA-ORD-100207 NYKA-ORD-830118 NYKA-ORD-637153 BATCH-NYKA-2340,440149,8802,0,0,431347,INR,2026-08-12T15:24:00Z,BATCH-NYKA-2340
PO_B10_002341,Razorpay Nodal,ZOMA-INV-985279 PO_B10_002341,60993,1055,0,0,59938,INR,2026-08-12T14:47:00Z,BATCH-ZOMA-2341
PO_B10_002342,Razorpay Nodal,OLAA-ORD-735128 OLAA-ORD-330106 BATCH-OLAA-2342,353595,7071,0,0,346524,INR,2026-08-12T01:58:00Z,BATCH-OLAA-2342
PO_B10_002343,Stripe India,TATA-INV-942373 PO_B10_002343,91715,1748,0,0,89967,INR,2026-08-12T15:59:00Z,BATCH-TATA-2343
PO_B10_002344,Stripe India,SWIG-INV-553945 PO_B10_002344,46194,995,0,0,45199,INR,2026-08-12T01:52:00Z,BATCH-SWIG-2344
PO_B10_002345,PayU Enterprise,BLNK-INV-712901 PO_B10_002345,363502,7540,0,0,355962,INR,2026-08-12T07:29:00Z,BATCH-BLNK-2345
PO_B10_002346,Razorpay Nodal,ZOMA-INV-413623 PO_B10_002346,427672,8724,0,0,418948,INR,2026-08-13T02:36:00Z,BATCH-ZOMA-2346
PO_B10_002347,Razorpay Nodal,MYNT-EXC-308205-UNRESOLVED,272830,5446,0,0,267384,INR,2026-08-12T09:03:00Z,HOLD-ESCROW
PO_B10_002348,PayU Enterprise,AMZN-INV-752661 PO_B10_002348,440988,9357,0,0,431631,INR,2026-08-12T12:43:00Z,BATCH-AMZN-2348
PO_B10_002349,PayU Enterprise,SWIG-INV-399466 PO_B10_002349,338569,6194,0,0,332375,INR,2026-08-12T01:16:00Z,BATCH-SWIG-2349
PO_B10_002350,Stripe India,ZOMA-ORD-538084 ZOMA-ORD-226510 ZOMA-ORD-597524 BATCH-ZOMA-2350,340864,6817,0,0,334047,INR,2026-08-12T02:07:00Z,BATCH-ZOMA-2350
PO_B10_002351,Cashfree Escrow,FLPK-EXC-966469-UNRESOLVED,229165,4573,0,0,224592,INR,2026-08-12T16:14:00Z,HOLD-ESCROW
PO_B10_002352,PayU Enterprise,OLAA-ORD-282549 OLAA-ORD-376715 OLAA-ORD-713258 BATCH-OLAA-2352,171163,3423,0,0,167740,INR,2026-08-12T08:03:00Z,BATCH-OLAA-2352
PO_B10_002353,Stripe India,BBAS-INV-747979 PO_B10_002353,51346,1042,0,0,50304,INR,2026-08-11T22:12:00Z,BATCH-BBAS-2353
PO_B10_002354,Cashfree Escrow,FLPK-INV-931918 PO_B10_002354,181769,3588,0,0,178181,INR,2026-08-11T18:13:00Z,BATCH-FLPK-2354
PO_B10_002355,PayU Enterprise,BKMS-INV-388469 PO_B10_002355,248952,4617,0,0,244335,INR,2026-08-12T03:24:00Z,BATCH-BKMS-2355
PO_B10_002356,Cashfree Escrow,ZOMA-ORD-865507 ZOMA-ORD-160119 BATCH-ZOMA-2356,266500,5330,0,0,261170,INR,2026-08-12T05:00:00Z,BATCH-ZOMA-2356
PO_B10_002357,Razorpay Nodal,TATA-INV-980027 PO_B10_002357,316317,5541,0,0,310776,INR,2026-08-11T23:28:00Z,BATCH-TATA-2357
PO_B10_002358,Cashfree Escrow,UBER-ORD-276582 UBER-ORD-213038 UBER-ORD-777705 BATCH-UBER-2358,588548,11770,0,0,576778,INR,2026-08-12T20:37:00Z,BATCH-UBER-2358
PO_B10_002359,Stripe India,MMTR-INV-902139 PO_B10_002359,428882,8275,0,0,420607,INR,2026-08-12T12:47:00Z,BATCH-MMTR-2359
PO_B10_002360,Stripe India,FLPK-INV-874294 PO_B10_002360,114151,2183,0,0,111968,INR,2026-08-12T04:34:00Z,BATCH-FLPK-2360
PO_B10_002361,Razorpay Nodal,UBER-INV-552462 PO_B10_002361,345001,7089,0,0,337912,INR,2026-08-11T14:25:00Z,BATCH-UBER-2361
PO_B10_002362,Cashfree Escrow,FLPK-INV-804776 PO_B10_002362,228200,3450,0,0,224750,INR,2026-08-12T11:31:00Z,BATCH-FLPK-2362
PO_B10_002363,BillDesk Settlement,JIOO-INV-291433 PO_B10_002363,217985,4500,0,0,213485,INR,2026-08-12T01:01:00Z,BATCH-JIOO-2363
PO_B10_002364,Razorpay Nodal,FLPK-INV-581200 PO_B10_002364,70827,1454,0,0,69373,INR,2026-08-12T18:15:00Z,BATCH-FLPK-2364
PO_B10_002365,BillDesk Settlement,FLPK-EXC-639949-UNRESOLVED,133615,2662,0,0,130953,INR,2026-08-12T13:29:00Z,HOLD-ESCROW
PO_B10_002366,PayU Enterprise,TATA-INV-889102 PO_B10_002366,130883,2066,0,0,128817,INR,2026-08-12T04:23:00Z,BATCH-TATA-2366
PO_B10_002367,Razorpay Nodal,PAYT-ORD-275314 PAYT-ORD-878094 BATCH-PAYT-2367,429082,8581,0,0,420501,INR,2026-08-12T06:33:00Z,BATCH-PAYT-2367
PO_B10_002368,Razorpay Nodal,PAYT-INV-412780 PO_B10_002368,118020,2451,0,0,115569,INR,2026-08-12T07:12:00Z,BATCH-PAYT-2368
PO_B10_002369,Cashfree Escrow,BLNK-INV-693229 PO_B10_002369,37593,906,0,0,36687,INR,2026-08-12T02:47:00Z,BATCH-BLNK-2369
PO_B10_002370,BillDesk Settlement,PHNP-EXC-259869-UNRESOLVED,275653,5503,0,0,270150,INR,2026-08-13T02:09:00Z,HOLD-ESCROW
PO_B10_002371,Stripe India,BKMS-INV-438991 PO_B10_002371,417481,6680,0,0,410801,INR,2026-08-12T13:41:00Z,BATCH-BKMS-2371
PO_B10_002372,BillDesk Settlement,UBER-INV-998133 PO_B10_002372,72846,1221,0,0,71625,INR,2026-08-12T08:39:00Z,BATCH-UBER-2372
PO_B10_002373,BillDesk Settlement,JIOO-EXC-148894-UNRESOLVED,180337,3596,0,0,176741,INR,2026-08-13T07:47:00Z,HOLD-ESCROW
PO_B10_002374,PayU Enterprise,PAYT-INV-554945 PO_B10_002374,403059,9613,0,0,393446,INR,2026-08-12T03:45:00Z,BATCH-PAYT-2374
PO_B10_002375,Stripe India,TATA-INV-149961 PO_B10_002375,313831,6671,0,0,307160,INR,2026-08-12T09:54:00Z,BATCH-TATA-2375
PO_B10_002376,Cashfree Escrow,SWIG-ORD-837564 SWIG-ORD-387752 BATCH-SWIG-2376,287757,5755,0,0,282002,INR,2026-08-12T10:18:00Z,BATCH-SWIG-2376
PO_B10_002377,Stripe India,SWIG-INV-411623 PO_B10_002377,403428,8804,0,0,394624,INR,2026-08-11T22:50:00Z,BATCH-SWIG-2377
PO_B10_002378,Razorpay Nodal,BBAS-EXC-983873-UNRESOLVED,253686,5063,0,0,248623,INR,2026-08-12T13:57:00Z,HOLD-ESCROW
PO_B10_002379,PayU Enterprise,FLPK-INV-754441 PO_B10_002379,432489,8539,0,0,423950,INR,2026-08-11T20:30:00Z,BATCH-FLPK-2379
PO_B10_002380,Razorpay Nodal,PAYT-INV-894006 PO_B10_002380,315535,5319,0,0,310216,INR,2026-08-12T03:18:00Z,BATCH-PAYT-2380
PO_B10_002381,Cashfree Escrow,JIOO-ORD-687063 JIOO-ORD-679362 BATCH-JIOO-2381,295927,5918,0,0,290009,INR,2026-08-11T22:59:00Z,BATCH-JIOO-2381
PO_B10_002382,PayU Enterprise,PHNP-INV-485294 PO_B10_002382,203636,4467,0,0,199169,INR,2026-08-12T13:44:00Z,BATCH-PHNP-2382
PO_B10_002383,Stripe India,FLPK-INV-448839 PO_B10_002383,388348,6953,0,0,381395,INR,2026-08-11T17:49:00Z,BATCH-FLPK-2383
PO_B10_002384,BillDesk Settlement,PAYT-INV-487574 PO_B10_002384,42127,1047,0,0,41080,INR,2026-08-12T12:14:00Z,BATCH-PAYT-2384
PO_B10_002385,Stripe India,AMZN-INV-517906 PO_B10_002385,301751,4798,0,0,296953,INR,2026-08-12T08:34:00Z,BATCH-AMZN-2385
PO_B10_002386,Stripe India,MMTR-ORD-509036 MMTR-ORD-457546 BATCH-MMTR-2386,246333,4926,0,0,241407,INR,2026-08-12T04:20:00Z,BATCH-MMTR-2386
PO_B10_002387,Cashfree Escrow,NYKA-ORD-315889 NYKA-ORD-539409 BATCH-NYKA-2387,169173,3383,0,0,165790,INR,2026-08-12T05:42:00Z,BATCH-NYKA-2387
PO_B10_002388,BillDesk Settlement,UBER-ORD-301887 UBER-ORD-921490 UBER-ORD-938592 BATCH-UBER-2388,533148,10662,0,0,522486,INR,2026-08-12T01:34:00Z,BATCH-UBER-2388
PO_B10_002389,Cashfree Escrow,BBAS-INV-418632 PO_B10_002389,30019,728,0,0,29291,INR,2026-08-12T08:12:00Z,BATCH-BBAS-2389
PO_B10_002390,Stripe India,PHNP-ORD-134228 PHNP-ORD-418910 PHNP-ORD-426071 BATCH-PHNP-2390,295501,5910,0,0,289591,INR,2026-08-12T15:50:00Z,BATCH-PHNP-2390
PO_B10_002391,BillDesk Settlement,JIOO-INV-393601 PO_B10_002391,98236,1801,0,0,96435,INR,2026-08-12T13:14:00Z,BATCH-JIOO-2391
PO_B10_002392,PayU Enterprise,BLNK-INV-742649 PO_B10_002392,104346,2597,0,0,101749,INR,2026-08-12T12:42:00Z,BATCH-BLNK-2392
PO_B10_002393,Razorpay Nodal,NYKA-INV-811384 PO_B10_002393,242806,4378,0,0,238428,INR,2026-08-11T23:36:00Z,BATCH-NYKA-2393
PO_B10_002394,BillDesk Settlement,NYKA-ORD-996747 NYKA-ORD-631412 NYKA-ORD-453339 BATCH-NYKA-2394,443134,8862,0,0,434272,INR,2026-08-12T07:11:00Z,BATCH-NYKA-2394
PO_B10_002395,Stripe India,NYKA-INV-375268 PO_B10_002395,196655,4114,0,0,192541,INR,2026-08-11T22:57:00Z,BATCH-NYKA-2395
PO_B10_002396,PayU Enterprise,TATA-ORD-789062 TATA-ORD-908976 TATA-ORD-248520 BATCH-TATA-2396,460321,9206,0,0,451115,INR,2026-08-12T10:27:00Z,BATCH-TATA-2396
PO_B10_002397,Cashfree Escrow,TATA-INV-622772 PO_B10_002397,158934,3505,0,0,155429,INR,2026-08-12T11:45:00Z,BATCH-TATA-2397
PO_B10_002398,Razorpay Nodal,TATA-INV-381283 PO_B10_002398,441981,7148,0,0,434833,INR,2026-08-12T14:35:00Z,BATCH-TATA-2398
PO_B10_002399,BillDesk Settlement,FLPK-INV-113247 PO_B10_002399,333994,7530,0,0,326464,INR,2026-08-12T17:50:00Z,BATCH-FLPK-2399
PO_B10_002400,PayU Enterprise,PHNP-EXC-978403-UNRESOLVED,213282,4255,0,0,209027,INR,2026-08-12T23:41:00Z,HOLD-ESCROW
PO_B10_002401,BillDesk Settlement,BKMS-INV-171917 PO_B10_002401,222541,4826,0,0,217715,INR,2026-08-12T19:37:00Z,BATCH-BKMS-2401
PO_B10_002402,Razorpay Nodal,OLAA-INV-659139 PO_B10_002402,352160,7656,0,0,344504,INR,2026-08-12T06:58:00Z,BATCH-OLAA-2402
PO_B10_002403,Razorpay Nodal,NYKA-INV-483987 PO_B10_002403,290328,6015,0,0,284313,INR,2026-08-12T07:45:00Z,BATCH-NYKA-2403
PO_B10_002404,Cashfree Escrow,JIOO-INV-630178 PO_B10_002404,202304,4908,0,0,197396,INR,2026-08-12T14:05:00Z,BATCH-JIOO-2404
PO_B10_002405,Cashfree Escrow,MYNT-ORD-127280 MYNT-ORD-425565 MYNT-ORD-419556 BATCH-MYNT-2405,297366,5947,0,0,291419,INR,2026-08-11T21:13:00Z,BATCH-MYNT-2405
PO_B10_002406,Stripe India,MMTR-ORD-648107 MMTR-ORD-207761 BATCH-MMTR-2406,345786,6915,0,0,338871,INR,2026-08-12T03:42:00Z,BATCH-MMTR-2406
PO_B10_002407,Stripe India,SWIG-INV-799151 PO_B10_002407,420539,8874,0,0,411665,INR,2026-08-12T01:48:00Z,BATCH-SWIG-2407
PO_B10_002408,Cashfree Escrow,JIOO-ORD-425560 JIOO-ORD-622513 JIOO-ORD-247904 BATCH-JIOO-2408,376279,7525,0,0,368754,INR,2026-08-12T17:21:00Z,BATCH-JIOO-2408
PO_B10_002409,Cashfree Escrow,MMTR-INV-597052 PO_B10_002409,322976,7559,0,0,315417,INR,2026-08-11T23:59:00Z,BATCH-MMTR-2409
PO_B10_002410,Cashfree Escrow,SWIG-ORD-867810 SWIG-ORD-909615 BATCH-SWIG-2410,101781,2035,0,0,99746,INR,2026-08-12T15:00:00Z,BATCH-SWIG-2410
PO_B10_002411,Stripe India,MYNT-INV-896920 PO_B10_002411,41818,807,0,0,41011,INR,2026-08-12T17:59:00Z,BATCH-MYNT-2411
PO_B10_002412,BillDesk Settlement,ZOMA-INV-304323 PO_B10_002412,139555,3219,0,0,136336,INR,2026-08-12T18:44:00Z,BATCH-ZOMA-2412
PO_B10_002413,Razorpay Nodal,JIOO-INV-707699 PO_B10_002413,71065,1392,0,0,69673,INR,2026-08-11T19:22:00Z,BATCH-JIOO-2413
PO_B10_002414,Razorpay Nodal,JIOO-ORD-536758 JIOO-ORD-267350 BATCH-JIOO-2414,417411,8348,0,0,409063,INR,2026-08-12T03:22:00Z,BATCH-JIOO-2414
PO_B10_002415,BillDesk Settlement,BBAS-INV-475986 PO_B10_002415,173885,4220,0,0,169665,INR,2026-08-12T05:54:00Z,BATCH-BBAS-2415
PO_B10_002416,Razorpay Nodal,NYKA-INV-978924 PO_B10_002416,441503,9887,0,0,431616,INR,2026-08-12T08:01:00Z,BATCH-NYKA-2416
PO_B10_002417,Cashfree Escrow,NYKA-INV-903094 PO_B10_002417,29382,659,0,0,28723,INR,2026-08-11T16:18:00Z,BATCH-NYKA-2417
PO_B10_002418,Stripe India,SWIG-INV-684690 PO_B10_002418,378223,9153,0,0,369070,INR,2026-08-12T12:11:00Z,BATCH-SWIG-2418
PO_B10_002419,Stripe India,OLAA-INV-659635 PO_B10_002419,119034,2441,0,0,116593,INR,2026-08-12T11:55:00Z,BATCH-OLAA-2419
PO_B10_002420,Cashfree Escrow,FLPK-INV-698191 PO_B10_002420,352446,8717,0,0,343729,INR,2026-08-12T02:37:00Z,BATCH-FLPK-2420
PO_B10_002421,Razorpay Nodal,UBER-INV-206418 PO_B10_002421,78840,1197,0,0,77643,INR,2026-08-11T15:52:00Z,BATCH-UBER-2421
PO_B10_002422,PayU Enterprise,PAYT-INV-584289 PO_B10_002422,426234,7645,0,0,418589,INR,2026-08-12T10:54:00Z,BATCH-PAYT-2422
PO_B10_002423,PayU Enterprise,PHNP-INV-761819 PO_B10_002423,62111,1412,0,0,60699,INR,2026-08-12T04:50:00Z,BATCH-PHNP-2423
PO_B10_002424,PayU Enterprise,TATA-INV-897829 PO_B10_002424,362578,6683,0,0,355895,INR,2026-08-11T15:43:00Z,BATCH-TATA-2424
PO_B10_002425,PayU Enterprise,PHNP-INV-680641 PO_B10_002425,73524,1824,0,0,71700,INR,2026-08-12T21:30:00Z,BATCH-PHNP-2425
PO_B10_002426,Stripe India,TATA-INV-662054 PO_B10_002426,248747,5606,0,0,243141,INR,2026-08-12T10:37:00Z,BATCH-TATA-2426
PO_B10_002427,Cashfree Escrow,BLNK-ORD-428136 BLNK-ORD-546997 BATCH-BLNK-2427,364689,7293,0,0,357396,INR,2026-08-12T18:56:00Z,BATCH-BLNK-2427
PO_B10_002428,BillDesk Settlement,SWIG-INV-160993 PO_B10_002428,38766,599,0,0,38167,INR,2026-08-12T09:20:00Z,BATCH-SWIG-2428
PO_B10_002429,Cashfree Escrow,OLAA-ORD-251793 OLAA-ORD-594996 BATCH-OLAA-2429,328905,6578,0,0,322327,INR,2026-08-12T16:29:00Z,BATCH-OLAA-2429
PO_B10_002430,Razorpay Nodal,SWIG-INV-781844 PO_B10_002430,127491,2955,0,0,124536,INR,2026-08-11T19:42:00Z,BATCH-SWIG-2430
PO_B10_002431,BillDesk Settlement,MMTR-INV-636759 PO_B10_002431,308769,7117,0,0,301652,INR,2026-08-12T14:09:00Z,BATCH-MMTR-2431
PO_B10_002432,PayU Enterprise,PHNP-INV-716031 PO_B10_002432,382581,5965,0,0,376616,INR,2026-08-12T11:23:00Z,BATCH-PHNP-2432
PO_B10_002433,BillDesk Settlement,BKMS-EXC-202031-UNRESOLVED,104212,2074,0,0,102138,INR,2026-08-12T12:57:00Z,HOLD-ESCROW
PO_B10_002434,Cashfree Escrow,MMTR-INV-240102 PO_B10_002434,245587,3830,0,0,241757,INR,2026-08-12T11:44:00Z,BATCH-MMTR-2434
PO_B10_002435,PayU Enterprise,FLPK-INV-744882 PO_B10_002435,83301,1931,0,0,81370,INR,2026-08-12T13:33:00Z,BATCH-FLPK-2435
PO_B10_002436,BillDesk Settlement,BLNK-INV-905331 PO_B10_002436,273521,4848,0,0,268673,INR,2026-08-12T19:03:00Z,BATCH-BLNK-2436
PO_B10_002437,BillDesk Settlement,OLAA-INV-643465 PO_B10_002437,113947,2158,0,0,111789,INR,2026-08-11T18:57:00Z,BATCH-OLAA-2437
PO_B10_002438,BillDesk Settlement,PHNP-INV-814767 PO_B10_002438,314948,6461,0,0,308487,INR,2026-08-12T12:41:00Z,BATCH-PHNP-2438
PO_B10_002439,PayU Enterprise,TATA-INV-433245 PO_B10_002439,440206,8567,0,0,431639,INR,2026-08-12T02:51:00Z,BATCH-TATA-2439
PO_B10_002440,Razorpay Nodal,FLPK-INV-774775 PO_B10_002440,422428,8875,0,0,413553,INR,2026-08-11T19:38:00Z,BATCH-FLPK-2440
PO_B10_002441,BillDesk Settlement,BBAS-ORD-819153 BBAS-ORD-674422 BATCH-BBAS-2441,280679,5613,0,0,275066,INR,2026-08-12T08:01:00Z,BATCH-BBAS-2441
PO_B10_002442,Stripe India,OLAA-ORD-971402 OLAA-ORD-447767 OLAA-ORD-538762 BATCH-OLAA-2442,353232,7064,0,0,346168,INR,2026-08-12T04:02:00Z,BATCH-OLAA-2442
PO_B10_002443,Razorpay Nodal,PAYT-ORD-158099 PAYT-ORD-856414 BATCH-PAYT-2443,252825,5056,0,0,247769,INR,2026-08-12T09:43:00Z,BATCH-PAYT-2443
PO_B10_002444,PayU Enterprise,AMZN-INV-516443 PO_B10_002444,175644,2788,0,0,172856,INR,2026-08-12T01:56:00Z,BATCH-AMZN-2444
PO_B10_002445,Stripe India,FLPK-INV-921815 PO_B10_002445,244063,5950,0,0,238113,INR,2026-08-11T20:45:00Z,BATCH-FLPK-2445
PO_B10_002446,PayU Enterprise,AMZN-EXC-368554-UNRESOLVED,281872,5627,0,0,276245,INR,2026-08-12T19:15:00Z,HOLD-ESCROW
PO_B10_002447,Stripe India,SWIG-INV-912187 PO_B10_002447,245664,5629,0,0,240035,INR,2026-08-11T18:37:00Z,BATCH-SWIG-2447
PO_B10_002448,Razorpay Nodal,PAYT-EXC-611531-UNRESOLVED,135582,2701,0,0,132881,INR,2026-08-12T14:10:00Z,HOLD-ESCROW
PO_B10_002449,Razorpay Nodal,SWIG-INV-576777 PO_B10_002449,123992,1988,0,0,122004,INR,2026-08-12T05:19:00Z,BATCH-SWIG-2449
PO_B10_002450,Stripe India,TATA-INV-174540 PO_B10_002450,211052,3563,0,0,207489,INR,2026-08-11T19:58:00Z,BATCH-TATA-2450
PO_B10_002451,Cashfree Escrow,AMZN-ORD-439933 AMZN-ORD-844127 AMZN-ORD-347708 BATCH-AMZN-2451,374088,7481,0,0,366607,INR,2026-08-12T02:38:00Z,BATCH-AMZN-2451
PO_B10_002452,Razorpay Nodal,ZOMA-INV-854669 PO_B10_002452,320402,7116,0,0,313286,INR,2026-08-12T01:56:00Z,BATCH-ZOMA-2452
PO_B10_002453,Cashfree Escrow,SWIG-INV-764286 PO_B10_002453,56032,1017,0,0,55015,INR,2026-08-12T07:48:00Z,BATCH-SWIG-2453
PO_B10_002454,PayU Enterprise,TATA-ORD-572236 TATA-ORD-590817 BATCH-TATA-2454,320666,6413,0,0,314253,INR,2026-08-11T21:44:00Z,BATCH-TATA-2454
PO_B10_002455,Cashfree Escrow,BBAS-INV-879540 PO_B10_002455,50351,832,0,0,49519,INR,2026-08-12T12:12:00Z,BATCH-BBAS-2455
PO_B10_002456,Stripe India,PHNP-ORD-391698 PHNP-ORD-300776 PHNP-ORD-974386 BATCH-PHNP-2456,286199,5723,0,0,280476,INR,2026-08-12T17:22:00Z,BATCH-PHNP-2456
PO_B10_002457,PayU Enterprise,MMTR-ORD-808992 MMTR-ORD-850867 MMTR-ORD-358119 BATCH-MMTR-2457,249418,4988,0,0,244430,INR,2026-08-12T04:02:00Z,BATCH-MMTR-2457
PO_B10_002458,PayU Enterprise,UBER-INV-174768 PO_B10_002458,443635,8591,0,0,435044,INR,2026-08-12T13:42:00Z,BATCH-UBER-2458
PO_B10_002459,PayU Enterprise,BKMS-INV-835829 PO_B10_002459,240456,4374,0,0,236082,INR,2026-08-12T08:54:00Z,BATCH-BKMS-2459
PO_B10_002460,Stripe India,OLAA-INV-526635 PO_B10_002460,100962,2139,0,0,98823,INR,2026-08-12T07:49:00Z,BATCH-OLAA-2460
PO_B10_002461,PayU Enterprise,BBAS-ORD-660362 BBAS-ORD-139242 BBAS-ORD-428686 BATCH-BBAS-2461,447138,8942,0,0,438196,INR,2026-08-12T11:45:00Z,BATCH-BBAS-2461
PO_B10_002462,Stripe India,TATA-INV-700477 PO_B10_002462,100407,2311,0,0,98096,INR,2026-08-12T03:18:00Z,BATCH-TATA-2462
PO_B10_002463,BillDesk Settlement,PHNP-INV-509903 PO_B10_002463,294020,7150,0,0,286870,INR,2026-08-12T12:40:00Z,BATCH-PHNP-2463
PO_B10_002464,Razorpay Nodal,JIOO-INV-863397 PO_B10_002464,442316,9954,0,0,432362,INR,2026-08-12T03:11:00Z,BATCH-JIOO-2464
PO_B10_002465,Stripe India,FLPK-INV-147175 PO_B10_002465,229761,4567,0,0,225194,INR,2026-08-12T04:18:00Z,BATCH-FLPK-2465
PO_B10_002466,Razorpay Nodal,NYKA-ORD-466100 NYKA-ORD-568728 NYKA-ORD-696243 BATCH-NYKA-2466,433990,8679,0,0,425311,INR,2026-08-12T14:04:00Z,BATCH-NYKA-2466
PO_B10_002467,BillDesk Settlement,AMZN-INV-614945 PO_B10_002467,83040,1557,0,0,81483,INR,2026-08-12T20:48:00Z,BATCH-AMZN-2467
PO_B10_002468,Razorpay Nodal,TATA-INV-394097 PO_B10_002468,40057,990,0,0,39067,INR,2026-08-12T15:52:00Z,BATCH-TATA-2468
PO_B10_002469,BillDesk Settlement,PAYT-INV-172679 PO_B10_002469,58634,1358,0,0,57276,INR,2026-08-11T18:34:00Z,BATCH-PAYT-2469
PO_B10_002470,Stripe India,UBER-INV-781999 PO_B10_002470,128086,2295,0,0,125791,INR,2026-08-12T09:04:00Z,BATCH-UBER-2470
PO_B10_002471,PayU Enterprise,JIOO-INV-235321 PO_B10_002471,137215,2795,0,0,134420,INR,2026-08-12T10:31:00Z,BATCH-JIOO-2471
PO_B10_002472,Cashfree Escrow,PHNP-ORD-293162 PHNP-ORD-223288 BATCH-PHNP-2472,272231,5444,0,0,266787,INR,2026-08-12T10:09:00Z,BATCH-PHNP-2472
PO_B10_002473,Stripe India,OLAA-INV-775028 PO_B10_002473,337253,5347,0,0,331906,INR,2026-08-12T01:50:00Z,BATCH-OLAA-2473
PO_B10_002474,PayU Enterprise,UBER-INV-976830 PO_B10_002474,374987,8781,0,0,366206,INR,2026-08-12T10:00:00Z,BATCH-UBER-2474
PO_B10_002475,PayU Enterprise,JIOO-INV-624409 PO_B10_002475,261939,4713,0,0,257226,INR,2026-08-12T00:43:00Z,BATCH-JIOO-2475
PO_B10_002476,BillDesk Settlement,BLNK-INV-523189 PO_B10_002476,164023,2930,0,0,161093,INR,2026-08-12T05:44:00Z,BATCH-BLNK-2476
PO_B10_002477,BillDesk Settlement,BKMS-INV-610403 PO_B10_002477,303761,5365,0,0,298396,INR,2026-08-11T21:47:00Z,BATCH-BKMS-2477
PO_B10_002478,Razorpay Nodal,UBER-INV-699346 PO_B10_002478,101962,2161,0,0,99801,INR,2026-08-12T19:00:00Z,BATCH-UBER-2478
PO_B10_002479,Cashfree Escrow,NYKA-ORD-750578 NYKA-ORD-601714 BATCH-NYKA-2479,95880,1917,0,0,93963,INR,2026-08-12T00:44:00Z,BATCH-NYKA-2479
PO_B10_002480,BillDesk Settlement,OLAA-INV-143764 PO_B10_002480,397298,7007,0,0,390291,INR,2026-08-12T18:58:00Z,BATCH-OLAA-2480
PO_B10_002481,BillDesk Settlement,BLNK-INV-967872 PO_B10_002481,443375,9966,0,0,433409,INR,2026-08-11T21:22:00Z,BATCH-BLNK-2481
PO_B10_002482,Razorpay Nodal,OLAA-ORD-594817 OLAA-ORD-934645 BATCH-OLAA-2482,350981,7019,0,0,343962,INR,2026-08-12T08:34:00Z,BATCH-OLAA-2482
PO_B10_002483,BillDesk Settlement,BKMS-INV-668916 PO_B10_002483,28764,663,0,0,28101,INR,2026-08-12T19:35:00Z,BATCH-BKMS-2483
PO_B10_002484,Stripe India,NYKA-INV-416774 PO_B10_002484,66244,1139,0,0,65105,INR,2026-08-12T11:02:00Z,BATCH-NYKA-2484
PO_B10_002485,Stripe India,MYNT-INV-972346 PO_B10_002485,364413,7090,0,0,357323,INR,2026-08-12T14:54:00Z,BATCH-MYNT-2485
PO_B10_002486,Stripe India,TATA-ORD-261725 TATA-ORD-296341 BATCH-TATA-2486,397220,7944,0,0,389276,INR,2026-08-12T16:30:00Z,BATCH-TATA-2486
PO_B10_002487,Razorpay Nodal,JIOO-ORD-841819 JIOO-ORD-444228 BATCH-JIOO-2487,355464,7109,0,0,348355,INR,2026-08-12T15:25:00Z,BATCH-JIOO-2487
PO_B10_002488,Cashfree Escrow,MYNT-INV-243202 PO_B10_002488,440748,8117,0,0,432631,INR,2026-08-12T04:33:00Z,BATCH-MYNT-2488
PO_B10_002489,BillDesk Settlement,BLNK-ORD-594390 BLNK-ORD-964741 BATCH-BLNK-2489,221003,4420,0,0,216583,INR,2026-08-12T08:05:00Z,BATCH-BLNK-2489
PO_B10_002490,Razorpay Nodal,AMZN-INV-347351 PO_B10_002490,71916,1404,0,0,70512,INR,2026-08-12T15:39:00Z,BATCH-AMZN-2490
PO_B10_002491,Razorpay Nodal,BKMS-INV-851778 PO_B10_002491,154897,3239,0,0,151658,INR,2026-08-12T15:06:00Z,BATCH-BKMS-2491
PO_B10_002492,BillDesk Settlement,AMZN-INV-885365 PO_B10_002492,402983,8644,0,0,394339,INR,2026-08-12T13:59:00Z,BATCH-AMZN-2492
PO_B10_002493,Razorpay Nodal,UBER-INV-601740 PO_B10_002493,233385,4108,0,0,229277,INR,2026-08-12T09:26:00Z,BATCH-UBER-2493
PO_B10_002494,BillDesk Settlement,SWIG-INV-467422 PO_B10_002494,68491,1508,0,0,66983,INR,2026-08-12T02:24:00Z,BATCH-SWIG-2494
PO_B10_002495,BillDesk Settlement,JIOO-INV-855512 PO_B10_002495,335609,8124,0,0,327485,INR,2026-08-12T09:55:00Z,BATCH-JIOO-2495
PO_B10_002496,BillDesk Settlement,BBAS-INV-301365 PO_B10_002496,175777,3472,0,0,172305,INR,2026-08-12T02:18:00Z,BATCH-BBAS-2496
PO_B10_002497,Stripe India,TATA-ORD-586612 TATA-ORD-752302 TATA-ORD-152815 BATCH-TATA-2497,350777,7015,0,0,343762,INR,2026-08-12T02:10:00Z,BATCH-TATA-2497
PO_B10_002498,Stripe India,JIOO-INV-885364 PO_B10_002498,108713,2507,0,0,106206,INR,2026-08-12T12:03:00Z,BATCH-JIOO-2498
PO_B10_002499,PayU Enterprise,MYNT-INV-592081 PO_B10_002499,140438,3156,0,0,137282,INR,2026-08-12T10:12:00Z,BATCH-MYNT-2499
PO_B10_002500,Stripe India,PHNP-ORD-912646 PHNP-ORD-765546 PHNP-ORD-421384 BATCH-PHNP-2500,528675,10573,0,0,518102,INR,2026-08-12T19:31:00Z,BATCH-PHNP-2500
PO_B10_002501,BillDesk Settlement,NYKA-ORD-603611 NYKA-ORD-974789 BATCH-NYKA-2501,216898,4337,0,0,212561,INR,2026-08-11T23:36:00Z,BATCH-NYKA-2501
PO_B10_002502,Cashfree Escrow,BBAS-INV-559558 PO_B10_002502,94968,1606,0,0,93362,INR,2026-08-12T17:54:00Z,BATCH-BBAS-2502
PO_B10_002503,Cashfree Escrow,ZOMA-ORD-198564 ZOMA-ORD-559581 BATCH-ZOMA-2503,302724,6054,0,0,296670,INR,2026-08-12T19:27:00Z,BATCH-ZOMA-2503
PO_B10_002504,Stripe India,SWIG-INV-954078 PO_B10_002504,293128,6407,0,0,286721,INR,2026-08-12T06:59:00Z,BATCH-SWIG-2504
PO_B10_002505,PayU Enterprise,UBER-INV-818626 PO_B10_002505,57579,1424,0,0,56155,INR,2026-08-12T14:05:00Z,BATCH-UBER-2505
PO_B10_002506,Cashfree Escrow,NYKA-INV-202598 PO_B10_002506,439440,10695,0,0,428745,INR,2026-08-12T09:19:00Z,BATCH-NYKA-2506
PO_B10_002507,Stripe India,MYNT-EXC-491743-UNRESOLVED,214773,4285,0,0,210488,INR,2026-08-12T16:13:00Z,HOLD-ESCROW
PO_B10_002508,PayU Enterprise,BKMS-INV-197836 PO_B10_002508,321117,6084,0,0,315033,INR,2026-08-11T20:35:00Z,BATCH-BKMS-2508
PO_B10_002509,Cashfree Escrow,UBER-INV-896455 PO_B10_002509,119833,2710,0,0,117123,INR,2026-08-12T12:03:00Z,BATCH-UBER-2509
PO_B10_002510,BillDesk Settlement,JIOO-INV-443340 PO_B10_002510,96958,2262,0,0,94696,INR,2026-08-12T19:01:00Z,BATCH-JIOO-2510
PO_B10_002511,Stripe India,OLAA-ORD-410282 OLAA-ORD-965203 OLAA-ORD-369036 BATCH-OLAA-2511,128451,2569,0,0,125882,INR,2026-08-11T23:01:00Z,BATCH-OLAA-2511
PO_B10_002512,BillDesk Settlement,BKMS-INV-719318 PO_B10_002512,244211,3749,0,0,240462,INR,2026-08-12T07:31:00Z,BATCH-BKMS-2512
PO_B10_002513,Razorpay Nodal,PHNP-INV-143335 PO_B10_002513,30191,615,0,0,29576,INR,2026-08-12T07:06:00Z,BATCH-PHNP-2513
PO_B10_002514,Razorpay Nodal,BBAS-ORD-254542 BBAS-ORD-916773 BBAS-ORD-819563 BATCH-BBAS-2514,533012,10660,0,0,522352,INR,2026-08-12T09:18:00Z,BATCH-BBAS-2514
PO_B10_002515,Cashfree Escrow,PHNP-INV-841131 PO_B10_002515,262835,5245,0,0,257590,INR,2026-08-12T08:42:00Z,BATCH-PHNP-2515
PO_B10_002516,Razorpay Nodal,ZOMA-INV-747383 PO_B10_002516,323906,5944,0,0,317962,INR,2026-08-12T01:52:00Z,BATCH-ZOMA-2516
PO_B10_002517,Cashfree Escrow,TATA-ORD-537165 TATA-ORD-774210 BATCH-TATA-2517,337471,6749,0,0,330722,INR,2026-08-12T14:48:00Z,BATCH-TATA-2517
PO_B10_002518,PayU Enterprise,OLAA-INV-359749 PO_B10_002518,344136,6680,0,0,337456,INR,2026-08-12T16:44:00Z,BATCH-OLAA-2518
PO_B10_002519,Stripe India,AMZN-INV-740388 PO_B10_002519,119799,1936,0,0,117863,INR,2026-08-12T04:31:00Z,BATCH-AMZN-2519
PO_B10_002520,PayU Enterprise,UBER-INV-425606 PO_B10_002520,239467,5362,0,0,234105,INR,2026-08-12T11:24:00Z,BATCH-UBER-2520
PO_B10_002521,PayU Enterprise,MMTR-INV-895070 PO_B10_002521,153155,2889,0,0,150266,INR,2026-08-11T20:42:00Z,BATCH-MMTR-2521
PO_B10_002522,Cashfree Escrow,BKMS-INV-924686 PO_B10_002522,302262,6574,0,0,295688,INR,2026-08-12T23:45:00Z,BATCH-BKMS-2522
PO_B10_002523,Stripe India,JIOO-INV-849831 PO_B10_002523,370940,8516,0,0,362424,INR,2026-08-12T09:24:00Z,BATCH-JIOO-2523
PO_B10_002524,BillDesk Settlement,MMTR-INV-611363 PO_B10_002524,237164,3962,0,0,233202,INR,2026-08-12T12:14:00Z,BATCH-MMTR-2524
PO_B10_002525,BillDesk Settlement,PAYT-INV-638419 PO_B10_002525,112053,2297,0,0,109756,INR,2026-08-12T15:27:00Z,BATCH-PAYT-2525
PO_B10_002526,Cashfree Escrow,JIOO-INV-986142 PO_B10_002526,33235,809,0,0,32426,INR,2026-08-12T07:41:00Z,BATCH-JIOO-2526
PO_B10_002527,Razorpay Nodal,BKMS-INV-535181 PO_B10_002527,328063,7281,0,0,320782,INR,2026-08-12T12:21:00Z,BATCH-BKMS-2527
PO_B10_002528,BillDesk Settlement,PAYT-INV-334859 PO_B10_002528,322282,6819,0,0,315463,INR,2026-08-12T10:28:00Z,BATCH-PAYT-2528
PO_B10_002529,Razorpay Nodal,MMTR-INV-105299 PO_B10_002529,107037,1988,0,0,105049,INR,2026-08-12T21:48:00Z,BATCH-MMTR-2529
PO_B10_002530,BillDesk Settlement,MYNT-INV-101970 PO_B10_002530,325357,6110,0,0,319247,INR,2026-08-12T04:24:00Z,BATCH-MYNT-2530
PO_B10_002531,Razorpay Nodal,UBER-INV-196073 PO_B10_002531,76364,1520,0,0,74844,INR,2026-08-12T14:35:00Z,BATCH-UBER-2531
PO_B10_002532,BillDesk Settlement,TATA-INV-678789 PO_B10_002532,278806,6029,0,0,272777,INR,2026-08-12T05:13:00Z,BATCH-TATA-2532
PO_B10_002533,BillDesk Settlement,MYNT-INV-550852 PO_B10_002533,236936,4257,0,0,232679,INR,2026-08-12T22:30:00Z,BATCH-MYNT-2533
PO_B10_002534,BillDesk Settlement,JIOO-INV-101443 PO_B10_002534,127012,2071,0,0,124941,INR,2026-08-12T00:34:00Z,BATCH-JIOO-2534
PO_B10_002535,Cashfree Escrow,BBAS-EXC-477530-UNRESOLVED,268346,5356,0,0,262990,INR,2026-08-13T08:04:00Z,HOLD-ESCROW
PO_B10_002536,Stripe India,PHNP-INV-662677 PO_B10_002536,174592,2795,0,0,171797,INR,2026-08-12T15:17:00Z,BATCH-PHNP-2536
PO_B10_002537,Stripe India,PHNP-ORD-294046 PHNP-ORD-723898 PHNP-ORD-525816 BATCH-PHNP-2537,481284,9625,0,0,471659,INR,2026-08-12T19:50:00Z,BATCH-PHNP-2537
PO_B10_002538,Razorpay Nodal,JIOO-INV-588773 PO_B10_002538,424192,7799,0,0,416393,INR,2026-08-12T05:24:00Z,BATCH-JIOO-2538
PO_B10_002539,Cashfree Escrow,UBER-ORD-758492 UBER-ORD-993367 BATCH-UBER-2539,256737,5134,0,0,251603,INR,2026-08-12T00:54:00Z,BATCH-UBER-2539
PO_B10_002540,PayU Enterprise,JIOO-ORD-743036 JIOO-ORD-773906 BATCH-JIOO-2540,294344,5886,0,0,288458,INR,2026-08-12T02:07:00Z,BATCH-JIOO-2540
PO_B10_002541,Stripe India,JIOO-INV-620338 PO_B10_002541,90998,1388,0,0,89610,INR,2026-08-12T18:22:00Z,BATCH-JIOO-2541
PO_B10_002542,Stripe India,SWIG-INV-808913 PO_B10_002542,281844,6673,0,0,275171,INR,2026-08-12T04:02:00Z,BATCH-SWIG-2542
PO_B10_002543,Razorpay Nodal,OLAA-INV-212363 PO_B10_002543,224517,5360,0,0,219157,INR,2026-08-12T13:36:00Z,BATCH-OLAA-2543
PO_B10_002544,Cashfree Escrow,MYNT-INV-671462 PO_B10_002544,111234,1673,0,0,109561,INR,2026-08-12T17:31:00Z,BATCH-MYNT-2544
PO_B10_002545,BillDesk Settlement,FLPK-INV-165884 PO_B10_002545,128774,2840,0,0,125934,INR,2026-08-12T17:25:00Z,BATCH-FLPK-2545
PO_B10_002546,PayU Enterprise,PHNP-ORD-912231 PHNP-ORD-128097 BATCH-PHNP-2546,147604,2952,0,0,144652,INR,2026-08-12T14:10:00Z,BATCH-PHNP-2546
PO_B10_002547,Stripe India,MYNT-INV-568211 PO_B10_002547,368051,6624,0,0,361427,INR,2026-08-12T02:41:00Z,BATCH-MYNT-2547
PO_B10_002548,Cashfree Escrow,SWIG-INV-340880 PO_B10_002548,152028,3063,0,0,148965,INR,2026-08-12T08:49:00Z,BATCH-SWIG-2548
PO_B10_002549,BillDesk Settlement,BKMS-ORD-574067 BKMS-ORD-222080 BATCH-BKMS-2549,325150,6503,0,0,318647,INR,2026-08-12T08:41:00Z,BATCH-BKMS-2549
PO_B10_002550,Razorpay Nodal,MMTR-INV-801697 PO_B10_002550,305539,6815,0,0,298724,INR,2026-08-12T03:22:00Z,BATCH-MMTR-2550
PO_B10_002551,Stripe India,NYKA-INV-652494 PO_B10_002551,89174,2041,0,0,87133,INR,2026-08-12T07:58:00Z,BATCH-NYKA-2551
PO_B10_002552,Razorpay Nodal,BKMS-INV-258153 PO_B10_002552,210133,3214,0,0,206919,INR,2026-08-11T20:17:00Z,BATCH-BKMS-2552
PO_B10_002553,PayU Enterprise,MYNT-INV-180866 PO_B10_002553,438289,6903,0,0,431386,INR,2026-08-12T08:09:00Z,BATCH-MYNT-2553
PO_B10_002554,BillDesk Settlement,TATA-INV-851154 PO_B10_002554,344615,7881,0,0,336734,INR,2026-08-11T21:27:00Z,BATCH-TATA-2554
PO_B10_002555,Cashfree Escrow,PAYT-INV-569862 PO_B10_002555,90646,1867,0,0,88779,INR,2026-08-11T23:26:00Z,BATCH-PAYT-2555
PO_B10_002556,Razorpay Nodal,MMTR-INV-998539 PO_B10_002556,325033,6638,0,0,318395,INR,2026-08-12T07:09:00Z,BATCH-MMTR-2556
PO_B10_002557,Stripe India,TATA-INV-170591 PO_B10_002557,170717,3756,0,0,166961,INR,2026-08-12T18:04:00Z,BATCH-TATA-2557
PO_B10_002558,Stripe India,SWIG-INV-916599 PO_B10_002558,169246,4106,0,0,165140,INR,2026-08-11T20:04:00Z,BATCH-SWIG-2558
PO_B10_002559,Cashfree Escrow,ZOMA-INV-913854 PO_B10_002559,27366,480,0,0,26886,INR,2026-08-12T00:35:00Z,BATCH-ZOMA-2559
PO_B10_002560,BillDesk Settlement,FLPK-INV-321822 PO_B10_002560,202018,3627,0,0,198391,INR,2026-08-11T16:20:00Z,BATCH-FLPK-2560
PO_B10_002561,Razorpay Nodal,JIOO-INV-131507 PO_B10_002561,43267,791,0,0,42476,INR,2026-08-12T02:36:00Z,BATCH-JIOO-2561
PO_B10_002562,BillDesk Settlement,PHNP-INV-418632 PO_B10_002562,369288,6118,0,0,363170,INR,2026-08-12T17:08:00Z,BATCH-PHNP-2562
PO_B10_002563,BillDesk Settlement,PHNP-ORD-301372 PHNP-ORD-832598 PHNP-ORD-679464 BATCH-PHNP-2563,500372,10007,0,0,490365,INR,2026-08-12T20:46:00Z,BATCH-PHNP-2563
PO_B10_002564,Stripe India,OLAA-ORD-852122 OLAA-ORD-436611 BATCH-OLAA-2564,323497,6469,0,0,317028,INR,2026-08-12T03:52:00Z,BATCH-OLAA-2564
PO_B10_002565,PayU Enterprise,ZOMA-INV-638204 PO_B10_002565,88509,1566,0,0,86943,INR,2026-08-12T04:34:00Z,BATCH-ZOMA-2565
PO_B10_002566,Stripe India,SWIG-INV-299670 PO_B10_002566,368364,6617,0,0,361747,INR,2026-08-12T08:28:00Z,BATCH-SWIG-2566
PO_B10_002567,Razorpay Nodal,MMTR-ORD-720791 MMTR-ORD-273778 MMTR-ORD-852519 BATCH-MMTR-2567,450169,9003,0,0,441166,INR,2026-08-12T20:34:00Z,BATCH-MMTR-2567
PO_B10_002568,PayU Enterprise,AMZN-INV-466636 PO_B10_002568,122637,2466,0,0,120171,INR,2026-08-12T09:05:00Z,BATCH-AMZN-2568
PO_B10_002569,Razorpay Nodal,UBER-ORD-757170 UBER-ORD-314643 BATCH-UBER-2569,55098,1101,0,0,53997,INR,2026-08-12T09:09:00Z,BATCH-UBER-2569
PO_B10_002570,Stripe India,PAYT-INV-841656 PO_B10_002570,337851,6360,0,0,331491,INR,2026-08-12T18:05:00Z,BATCH-PAYT-2570
PO_B10_002571,Stripe India,SWIG-INV-522278 PO_B10_002571,230649,4364,0,0,226285,INR,2026-08-12T06:25:00Z,BATCH-SWIG-2571
PO_B10_002572,Stripe India,NYKA-INV-321997 PO_B10_002572,410184,7350,0,0,402834,INR,2026-08-11T15:43:00Z,BATCH-NYKA-2572
PO_B10_002573,Stripe India,SWIG-ORD-651338 SWIG-ORD-691077 BATCH-SWIG-2573,307666,6153,0,0,301513,INR,2026-08-12T09:31:00Z,BATCH-SWIG-2573
PO_B10_002574,Razorpay Nodal,BKMS-ORD-539718 BKMS-ORD-579857 BATCH-BKMS-2574,253468,5069,0,0,248399,INR,2026-08-12T19:36:00Z,BATCH-BKMS-2574
PO_B10_002575,BillDesk Settlement,BLNK-INV-222553 PO_B10_002575,137824,2448,0,0,135376,INR,2026-08-12T01:44:00Z,BATCH-BLNK-2575
PO_B10_002576,PayU Enterprise,NYKA-ORD-111869 NYKA-ORD-771548 NYKA-ORD-846089 BATCH-NYKA-2576,306210,6124,0,0,300086,INR,2026-08-12T19:19:00Z,BATCH-NYKA-2576
PO_B10_002577,Razorpay Nodal,JIOO-INV-452335 PO_B10_002577,114267,2190,0,0,112077,INR,2026-08-12T00:38:00Z,BATCH-JIOO-2577
PO_B10_002578,Cashfree Escrow,JIOO-INV-491515 PO_B10_002578,424071,9585,0,0,414486,INR,2026-08-12T00:06:00Z,BATCH-JIOO-2578
PO_B10_002579,BillDesk Settlement,BLNK-INV-774317 PO_B10_002579,411554,7237,0,0,404317,INR,2026-08-12T07:28:00Z,BATCH-BLNK-2579
PO_B10_002580,BillDesk Settlement,BKMS-EXC-780126-UNRESOLVED,77070,1531,0,0,75539,INR,2026-08-13T03:59:00Z,HOLD-ESCROW
PO_B10_002581,Cashfree Escrow,BLNK-INV-302219 PO_B10_002581,228166,4017,0,0,224149,INR,2026-08-12T18:29:00Z,BATCH-BLNK-2581
PO_B10_002582,Stripe India,AMZN-INV-591460 PO_B10_002582,134157,2167,0,0,131990,INR,2026-08-12T01:00:00Z,BATCH-AMZN-2582
PO_B10_002583,Stripe India,PHNP-EXC-174429-UNRESOLVED,159646,3182,0,0,156464,INR,2026-08-12T22:49:00Z,HOLD-ESCROW
PO_B10_002584,Stripe India,NYKA-INV-623540 PO_B10_002584,295772,7283,0,0,288489,INR,2026-08-12T21:16:00Z,BATCH-NYKA-2584
PO_B10_002585,BillDesk Settlement,BLNK-INV-569351 PO_B10_002585,179535,3827,0,0,175708,INR,2026-08-12T10:15:00Z,BATCH-BLNK-2585
PO_B10_002586,PayU Enterprise,BKMS-INV-674858 PO_B10_002586,31548,774,0,0,30774,INR,2026-08-12T02:10:00Z,BATCH-BKMS-2586
PO_B10_002587,BillDesk Settlement,OLAA-INV-971531 PO_B10_002587,392004,9550,0,0,382454,INR,2026-08-12T14:05:00Z,BATCH-OLAA-2587
PO_B10_002588,BillDesk Settlement,MYNT-INV-918001 PO_B10_002588,306658,6911,0,0,299747,INR,2026-08-12T13:40:00Z,BATCH-MYNT-2588
PO_B10_002589,Cashfree Escrow,BKMS-INV-453246 PO_B10_002589,403906,6691,0,0,397215,INR,2026-08-12T07:25:00Z,BATCH-BKMS-2589
PO_B10_002590,Razorpay Nodal,NYKA-ORD-438949 NYKA-ORD-855226 BATCH-NYKA-2590,140027,2800,0,0,137227,INR,2026-08-12T12:24:00Z,BATCH-NYKA-2590
PO_B10_002591,Stripe India,PHNP-INV-239955 PO_B10_002591,400845,7276,0,0,393569,INR,2026-08-12T09:26:00Z,BATCH-PHNP-2591
PO_B10_002592,Stripe India,AMZN-EXC-836656-UNRESOLVED,148715,2964,0,0,145751,INR,2026-08-12T13:31:00Z,HOLD-ESCROW
PO_B10_002593,Cashfree Escrow,MYNT-INV-758317 PO_B10_002593,155901,2443,0,0,153458,INR,2026-08-12T19:33:00Z,BATCH-MYNT-2593
PO_B10_002594,BillDesk Settlement,OLAA-ORD-542865 OLAA-ORD-173736 BATCH-OLAA-2594,94106,1882,0,0,92224,INR,2026-08-12T09:33:00Z,BATCH-OLAA-2594
PO_B10_002595,Stripe India,PAYT-INV-866924 PO_B10_002595,63416,1352,0,0,62064,INR,2026-08-12T09:38:00Z,BATCH-PAYT-2595
PO_B10_002596,BillDesk Settlement,FLPK-ORD-388568 FLPK-ORD-153056 BATCH-FLPK-2596,193029,3860,0,0,189169,INR,2026-08-12T00:03:00Z,BATCH-FLPK-2596
PO_B10_002597,PayU Enterprise,OLAA-INV-966027 PO_B10_002597,141699,2178,0,0,139521,INR,2026-08-12T20:02:00Z,BATCH-OLAA-2597
PO_B10_002598,Cashfree Escrow,AMZN-INV-785865 PO_B10_002598,312103,4975,0,0,307128,INR,2026-08-12T23:44:00Z,BATCH-AMZN-2598
PO_B10_002599,Razorpay Nodal,UBER-INV-426003 PO_B10_002599,318606,5557,0,0,313049,INR,2026-08-12T07:59:00Z,BATCH-UBER-2599
PO_B10_002600,Cashfree Escrow,PAYT-ORD-677171 PAYT-ORD-830145 PAYT-ORD-821740 BATCH-PAYT-2600,404748,8094,0,0,396654,INR,2026-08-12T01:22:00Z,BATCH-PAYT-2600
PO_B10_002601,PayU Enterprise,MYNT-ORD-741155 MYNT-ORD-203935 BATCH-MYNT-2601,229373,4587,0,0,224786,INR,2026-08-12T00:54:00Z,BATCH-MYNT-2601
PO_B10_002602,Stripe India,OLAA-INV-229640 PO_B10_002602,395201,8898,0,0,386303,INR,2026-08-12T03:12:00Z,BATCH-OLAA-2602
PO_B10_002603,Stripe India,AMZN-INV-293699 PO_B10_002603,435817,10010,0,0,425807,INR,2026-08-12T14:34:00Z,BATCH-AMZN-2603
PO_B10_002604,Stripe India,ZOMA-ORD-482694 ZOMA-ORD-938775 ZOMA-ORD-689593 BATCH-ZOMA-2604,193279,3865,0,0,189414,INR,2026-08-12T00:16:00Z,BATCH-ZOMA-2604
PO_B10_002605,BillDesk Settlement,MMTR-ORD-296052 MMTR-ORD-131361 BATCH-MMTR-2605,221380,4427,0,0,216953,INR,2026-08-12T20:03:00Z,BATCH-MMTR-2605
PO_B10_002606,BillDesk Settlement,NYKA-INV-584225 PO_B10_002606,321403,7464,0,0,313939,INR,2026-08-11T23:05:00Z,BATCH-NYKA-2606
PO_B10_002607,Cashfree Escrow,SWIG-INV-577534 PO_B10_002607,112643,2797,0,0,109846,INR,2026-08-12T05:06:00Z,BATCH-SWIG-2607
PO_B10_002608,PayU Enterprise,TATA-EXC-449391-UNRESOLVED,171045,3410,0,0,167635,INR,2026-08-12T11:32:00Z,HOLD-ESCROW
PO_B10_002609,BillDesk Settlement,SWIG-INV-281593 PO_B10_002609,221607,3998,0,0,217609,INR,2026-08-11T19:57:00Z,BATCH-SWIG-2609
PO_B10_002610,Cashfree Escrow,AMZN-ORD-843259 AMZN-ORD-354280 BATCH-AMZN-2610,313026,6260,0,0,306766,INR,2026-08-12T04:31:00Z,BATCH-AMZN-2610
PO_B10_002611,Stripe India,MYNT-INV-737755 PO_B10_002611,160232,3005,0,0,157227,INR,2026-08-12T09:59:00Z,BATCH-MYNT-2611
PO_B10_002612,Cashfree Escrow,TATA-INV-865189 PO_B10_002612,67487,1018,0,0,66469,INR,2026-08-12T10:45:00Z,BATCH-TATA-2612
PO_B10_002613,Razorpay Nodal,OLAA-ORD-323794 OLAA-ORD-468568 OLAA-ORD-839437 BATCH-OLAA-2613,586040,11720,0,0,574320,INR,2026-08-12T04:08:00Z,BATCH-OLAA-2613
PO_B10_002614,PayU Enterprise,MYNT-ORD-386985 MYNT-ORD-516095 MYNT-ORD-705214 BATCH-MYNT-2614,325110,6502,0,0,318608,INR,2026-08-12T20:32:00Z,BATCH-MYNT-2614
PO_B10_002615,PayU Enterprise,NYKA-INV-535109 PO_B10_002615,401048,8757,0,0,392291,INR,2026-08-12T13:27:00Z,BATCH-NYKA-2615
PO_B10_002616,PayU Enterprise,JIOO-INV-950416 PO_B10_002616,354097,5781,0,0,348316,INR,2026-08-12T13:13:00Z,BATCH-JIOO-2616
PO_B10_002617,Stripe India,ZOMA-INV-215600 PO_B10_002617,81859,1308,0,0,80551,INR,2026-08-12T06:55:00Z,BATCH-ZOMA-2617
PO_B10_002618,Stripe India,FLPK-INV-898604 PO_B10_002618,188796,3913,0,0,184883,INR,2026-08-11T19:26:00Z,BATCH-FLPK-2618
PO_B10_002619,Stripe India,UBER-EXC-952672-UNRESOLVED,151308,3016,0,0,148292,INR,2026-08-12T17:45:00Z,HOLD-ESCROW
PO_B10_002620,Stripe India,BBAS-INV-275011 PO_B10_002620,114821,2844,0,0,111977,INR,2026-08-12T07:23:00Z,BATCH-BBAS-2620
PO_B10_002621,Cashfree Escrow,PAYT-ORD-448049 PAYT-ORD-922014 PAYT-ORD-528862 BATCH-PAYT-2621,391262,7825,0,0,383437,INR,2026-08-11T21:53:00Z,BATCH-PAYT-2621
PO_B10_002622,BillDesk Settlement,MMTR-ORD-450905 MMTR-ORD-531993 BATCH-MMTR-2622,183049,3660,0,0,179389,INR,2026-08-12T06:29:00Z,BATCH-MMTR-2622
PO_B10_002623,BillDesk Settlement,SWIG-ORD-597599 SWIG-ORD-657689 BATCH-SWIG-2623,339622,6792,0,0,332830,INR,2026-08-12T04:40:00Z,BATCH-SWIG-2623
PO_B10_002624,Cashfree Escrow,FLPK-INV-163242 PO_B10_002624,29680,469,0,0,29211,INR,2026-08-12T15:00:00Z,BATCH-FLPK-2624
PO_B10_002625,PayU Enterprise,NYKA-INV-533425 PO_B10_002625,420621,7493,0,0,413128,INR,2026-08-11T15:01:00Z,BATCH-NYKA-2625
PO_B10_002626,Razorpay Nodal,PHNP-INV-966702 PO_B10_002626,45115,905,0,0,44210,INR,2026-08-11T15:39:00Z,BATCH-PHNP-2626
PO_B10_002627,PayU Enterprise,MYNT-INV-476823 PO_B10_002627,399435,6839,0,0,392596,INR,2026-08-12T03:21:00Z,BATCH-MYNT-2627
PO_B10_002628,Razorpay Nodal,MYNT-INV-474759 PO_B10_002628,120298,2377,0,0,117921,INR,2026-08-12T02:20:00Z,BATCH-MYNT-2628
PO_B10_002629,Cashfree Escrow,AMZN-INV-707584 PO_B10_002629,28899,623,0,0,28276,INR,2026-08-12T04:08:00Z,BATCH-AMZN-2629
PO_B10_002630,Stripe India,NYKA-INV-880457 PO_B10_002630,289660,6277,0,0,283383,INR,2026-08-12T01:43:00Z,BATCH-NYKA-2630
PO_B10_002631,Razorpay Nodal,BKMS-ORD-794030 BKMS-ORD-616043 BATCH-BKMS-2631,373811,7476,0,0,366335,INR,2026-08-12T20:01:00Z,BATCH-BKMS-2631
PO_B10_002632,PayU Enterprise,BBAS-ORD-786643 BBAS-ORD-614511 BBAS-ORD-389741 BATCH-BBAS-2632,361886,7237,0,0,354649,INR,2026-08-12T19:43:00Z,BATCH-BBAS-2632
PO_B10_002633,Stripe India,PHNP-ORD-354794 PHNP-ORD-322578 BATCH-PHNP-2633,270397,5407,0,0,264990,INR,2026-08-12T03:27:00Z,BATCH-PHNP-2633
PO_B10_002634,Cashfree Escrow,OLAA-INV-132324 PO_B10_002634,326897,7320,0,0,319577,INR,2026-08-12T13:34:00Z,BATCH-OLAA-2634
PO_B10_002635,Stripe India,PHNP-ORD-818192 PHNP-ORD-254185 BATCH-PHNP-2635,427237,8544,0,0,418693,INR,2026-08-12T07:24:00Z,BATCH-PHNP-2635
PO_B10_002636,PayU Enterprise,MMTR-INV-398625 PO_B10_002636,435322,8018,0,0,427304,INR,2026-08-11T22:55:00Z,BATCH-MMTR-2636
PO_B10_002637,Cashfree Escrow,NYKA-INV-231413 PO_B10_002637,307267,5198,0,0,302069,INR,2026-08-12T07:30:00Z,BATCH-NYKA-2637
PO_B10_002638,PayU Enterprise,TATA-ORD-306767 TATA-ORD-620932 BATCH-TATA-2638,143768,2875,0,0,140893,INR,2026-08-11T23:51:00Z,BATCH-TATA-2638
PO_B10_002639,Cashfree Escrow,TATA-ORD-781146 TATA-ORD-269766 BATCH-TATA-2639,380891,7617,0,0,373274,INR,2026-08-12T01:01:00Z,BATCH-TATA-2639
PO_B10_002640,BillDesk Settlement,BLNK-INV-465120 PO_B10_002640,421396,9210,0,0,412186,INR,2026-08-12T00:16:00Z,BATCH-BLNK-2640
PO_B10_002641,PayU Enterprise,PHNP-INV-911838 PO_B10_002641,134100,2397,0,0,131703,INR,2026-08-12T08:56:00Z,BATCH-PHNP-2641
PO_B10_002642,Razorpay Nodal,TATA-INV-487091 PO_B10_002642,199327,3661,0,0,195666,INR,2026-08-12T00:22:00Z,BATCH-TATA-2642
PO_B10_002643,BillDesk Settlement,BBAS-INV-997110 PO_B10_002643,124403,2274,0,0,122129,INR,2026-08-12T02:08:00Z,BATCH-BBAS-2643
PO_B10_002644,BillDesk Settlement,UBER-ORD-631603 UBER-ORD-548158 BATCH-UBER-2644,271213,5424,0,0,265789,INR,2026-08-11T23:43:00Z,BATCH-UBER-2644
PO_B10_002645,PayU Enterprise,AMZN-INV-991110 PO_B10_002645,393799,8057,0,0,385742,INR,2026-08-12T16:12:00Z,BATCH-AMZN-2645
PO_B10_002646,Cashfree Escrow,PAYT-INV-108377 PO_B10_002646,25632,508,0,0,25124,INR,2026-08-12T10:57:00Z,BATCH-PAYT-2646
PO_B10_002647,BillDesk Settlement,PHNP-INV-276470 PO_B10_002647,248564,6159,0,0,242405,INR,2026-08-12T21:31:00Z,BATCH-PHNP-2647
PO_B10_002648,PayU Enterprise,OLAA-INV-574922 PO_B10_002648,156701,3126,0,0,153575,INR,2026-08-11T20:02:00Z,BATCH-OLAA-2648
PO_B10_002649,BillDesk Settlement,SWIG-INV-303340 PO_B10_002649,235705,5522,0,0,230183,INR,2026-08-12T13:10:00Z,BATCH-SWIG-2649
PO_B10_002650,Cashfree Escrow,OLAA-INV-403215 PO_B10_002650,358843,7899,0,0,350944,INR,2026-08-12T20:09:00Z,BATCH-OLAA-2650
PO_B10_002651,Cashfree Escrow,PAYT-INV-973476 PO_B10_002651,175505,4120,0,0,171385,INR,2026-08-12T09:37:00Z,BATCH-PAYT-2651
PO_B10_002652,PayU Enterprise,JIOO-ORD-836120 JIOO-ORD-231164 BATCH-JIOO-2652,461548,9230,0,0,452318,INR,2026-08-12T09:15:00Z,BATCH-JIOO-2652
PO_B10_002653,PayU Enterprise,BLNK-ORD-767940 BLNK-ORD-162668 BATCH-BLNK-2653,143525,2870,0,0,140655,INR,2026-08-12T17:27:00Z,BATCH-BLNK-2653
PO_B10_002654,Cashfree Escrow,BBAS-INV-922751 PO_B10_002654,181283,4403,0,0,176880,INR,2026-08-12T16:49:00Z,BATCH-BBAS-2654
PO_B10_002655,BillDesk Settlement,MMTR-INV-666836 PO_B10_002655,56969,1160,0,0,55809,INR,2026-08-11T15:18:00Z,BATCH-MMTR-2655
PO_B10_002656,Razorpay Nodal,JIOO-INV-373481 PO_B10_002656,340496,5688,0,0,334808,INR,2026-08-12T14:32:00Z,BATCH-JIOO-2656
PO_B10_002657,Cashfree Escrow,BBAS-INV-980712 PO_B10_002657,415420,7779,0,0,407641,INR,2026-08-12T15:01:00Z,BATCH-BBAS-2657
PO_B10_002658,Cashfree Escrow,TATA-ORD-966240 TATA-ORD-352786 TATA-ORD-606310 BATCH-TATA-2658,421609,8432,0,0,413177,INR,2026-08-12T13:14:00Z,BATCH-TATA-2658
PO_B10_002659,PayU Enterprise,OLAA-ORD-505403 OLAA-ORD-291438 OLAA-ORD-596588 BATCH-OLAA-2659,524954,10499,0,0,514455,INR,2026-08-12T01:00:00Z,BATCH-OLAA-2659
PO_B10_002660,Razorpay Nodal,JIOO-INV-438253 PO_B10_002660,117976,2546,0,0,115430,INR,2026-08-12T03:21:00Z,BATCH-JIOO-2660
PO_B10_002661,BillDesk Settlement,ZOMA-INV-477207 PO_B10_002661,46451,980,0,0,45471,INR,2026-08-12T07:18:00Z,BATCH-ZOMA-2661
PO_B10_002662,PayU Enterprise,BBAS-INV-253123 PO_B10_002662,346468,6500,0,0,339968,INR,2026-08-12T19:23:00Z,BATCH-BBAS-2662
PO_B10_002663,Cashfree Escrow,FLPK-INV-421954 PO_B10_002663,124752,2741,0,0,122011,INR,2026-08-12T04:23:00Z,BATCH-FLPK-2663
PO_B10_002664,Cashfree Escrow,ZOMA-ORD-193313 ZOMA-ORD-495100 BATCH-ZOMA-2664,239531,4790,0,0,234741,INR,2026-08-12T02:21:00Z,BATCH-ZOMA-2664
PO_B10_002665,Razorpay Nodal,BBAS-INV-989129 PO_B10_002665,102121,2457,0,0,99664,INR,2026-08-12T11:26:00Z,BATCH-BBAS-2665
PO_B10_002666,BillDesk Settlement,FLPK-ORD-750542 FLPK-ORD-965776 FLPK-ORD-122186 BATCH-FLPK-2666,505434,10108,0,0,495326,INR,2026-08-11T21:35:00Z,BATCH-FLPK-2666
PO_B10_002667,Cashfree Escrow,AMZN-ORD-506816 AMZN-ORD-856237 AMZN-ORD-481339 BATCH-AMZN-2667,405410,8108,0,0,397302,INR,2026-08-12T10:00:00Z,BATCH-AMZN-2667
PO_B10_002668,Cashfree Escrow,PAYT-ORD-656114 PAYT-ORD-796992 BATCH-PAYT-2668,131806,2636,0,0,129170,INR,2026-08-12T00:24:00Z,BATCH-PAYT-2668
PO_B10_002669,Cashfree Escrow,PHNP-INV-760093 PO_B10_002669,249332,5712,0,0,243620,INR,2026-08-11T14:28:00Z,BATCH-PHNP-2669
PO_B10_002670,Stripe India,BLNK-ORD-901594 BLNK-ORD-526150 BATCH-BLNK-2670,324100,6482,0,0,317618,INR,2026-08-12T03:12:00Z,BATCH-BLNK-2670
PO_B10_002671,Cashfree Escrow,AMZN-INV-625689 PO_B10_002671,91738,1444,0,0,90294,INR,2026-08-12T05:01:00Z,BATCH-AMZN-2671
PO_B10_002672,PayU Enterprise,NYKA-INV-634738 PO_B10_002672,92736,2298,0,0,90438,INR,2026-08-12T06:59:00Z,BATCH-NYKA-2672
PO_B10_002673,Cashfree Escrow,PAYT-INV-542840 PO_B10_002673,51012,871,0,0,50141,INR,2026-08-12T16:32:00Z,BATCH-PAYT-2673
PO_B10_002674,Stripe India,SWIG-INV-396708 PO_B10_002674,71261,1202,0,0,70059,INR,2026-08-12T17:58:00Z,BATCH-SWIG-2674
PO_B10_002675,BillDesk Settlement,FLPK-INV-751687 PO_B10_002675,76606,1789,0,0,74817,INR,2026-08-11T22:38:00Z,BATCH-FLPK-2675
PO_B10_002676,Cashfree Escrow,BBAS-INV-283084 PO_B10_002676,224050,3434,0,0,220616,INR,2026-08-12T20:10:00Z,BATCH-BBAS-2676
PO_B10_002677,Stripe India,PAYT-INV-888587 PO_B10_002677,394661,6920,0,0,387741,INR,2026-08-12T18:07:00Z,BATCH-PAYT-2677
PO_B10_002678,BillDesk Settlement,TATA-INV-901193 PO_B10_002678,404102,6823,0,0,397279,INR,2026-08-12T02:44:00Z,BATCH-TATA-2678
PO_B10_002679,Cashfree Escrow,PAYT-INV-103803 PO_B10_002679,430679,9160,0,0,421519,INR,2026-08-12T20:33:00Z,BATCH-PAYT-2679
PO_B10_002680,Cashfree Escrow,AMZN-INV-826386 PO_B10_002680,285888,5602,0,0,280286,INR,2026-08-12T09:41:00Z,BATCH-AMZN-2680
PO_B10_002681,Razorpay Nodal,NYKA-INV-145646 PO_B10_002681,115006,2466,0,0,112540,INR,2026-08-11T13:18:00Z,BATCH-NYKA-2681
PO_B10_002682,Stripe India,MMTR-INV-251771 PO_B10_002682,341925,7656,0,0,334269,INR,2026-08-11T23:37:00Z,BATCH-MMTR-2682
PO_B10_002683,Stripe India,NYKA-EXC-571330-UNRESOLVED,50669,1003,0,0,49666,INR,2026-08-12T19:17:00Z,HOLD-ESCROW
PO_B10_002684,Cashfree Escrow,BKMS-ORD-640731 BKMS-ORD-635477 BATCH-BKMS-2684,182393,3647,0,0,178746,INR,2026-08-12T03:57:00Z,BATCH-BKMS-2684
PO_B10_002685,Cashfree Escrow,BBAS-INV-288873 PO_B10_002685,28864,668,0,0,28196,INR,2026-08-12T14:01:00Z,BATCH-BBAS-2685
PO_B10_002686,PayU Enterprise,BBAS-ORD-745251 BBAS-ORD-986419 BBAS-ORD-662175 BATCH-BBAS-2686,582473,11649,0,0,570824,INR,2026-08-12T04:05:00Z,BATCH-BBAS-2686
PO_B10_002687,BillDesk Settlement,PAYT-EXC-123659-UNRESOLVED,106803,2126,0,0,104677,INR,2026-08-12T19:15:00Z,HOLD-ESCROW
PO_B10_002688,PayU Enterprise,AMZN-INV-995842 PO_B10_002688,295056,5155,0,0,289901,INR,2026-08-12T04:58:00Z,BATCH-AMZN-2688
PO_B10_002689,PayU Enterprise,BLNK-INV-322428 PO_B10_002689,344041,6201,0,0,337840,INR,2026-08-13T02:17:00Z,BATCH-BLNK-2689
PO_B10_002690,Cashfree Escrow,PAYT-INV-155604 PO_B10_002690,327399,6332,0,0,321067,INR,2026-08-12T13:41:00Z,BATCH-PAYT-2690
PO_B10_002691,PayU Enterprise,BKMS-EXC-622111-UNRESOLVED,238563,4761,0,0,233802,INR,2026-08-12T18:21:00Z,HOLD-ESCROW
PO_B10_002692,Razorpay Nodal,PAYT-INV-499379 PO_B10_002692,421763,9575,0,0,412188,INR,2026-08-12T18:12:00Z,BATCH-PAYT-2692
PO_B10_002693,Cashfree Escrow,BKMS-INV-920158 PO_B10_002693,414975,7238,0,0,407737,INR,2026-08-11T20:54:00Z,BATCH-BKMS-2693
PO_B10_002694,Stripe India,PAYT-INV-148292 PO_B10_002694,288721,7007,0,0,281714,INR,2026-08-11T22:34:00Z,BATCH-PAYT-2694
PO_B10_002695,Stripe India,MYNT-INV-156413 PO_B10_002695,264002,5455,0,0,258547,INR,2026-08-12T08:24:00Z,BATCH-MYNT-2695
PO_B10_002696,Stripe India,FLPK-INV-682804 PO_B10_002696,166154,3059,0,0,163095,INR,2026-08-12T15:50:00Z,BATCH-FLPK-2696
PO_B10_002697,Stripe India,PAYT-ORD-441913 PAYT-ORD-927687 PAYT-ORD-816227 BATCH-PAYT-2697,420872,8417,0,0,412455,INR,2026-08-11T23:31:00Z,BATCH-PAYT-2697
PO_B10_002698,Stripe India,PAYT-INV-516365 PO_B10_002698,276987,5496,0,0,271491,INR,2026-08-12T01:05:00Z,BATCH-PAYT-2698
PO_B10_002699,Stripe India,MMTR-INV-234173 PO_B10_002699,370211,7880,0,0,362331,INR,2026-08-12T06:46:00Z,BATCH-MMTR-2699
PO_B10_002700,Stripe India,PAYT-INV-377140 PO_B10_002700,147396,2923,0,0,144473,INR,2026-08-11T19:55:00Z,BATCH-PAYT-2700
PO_B10_002701,Razorpay Nodal,TATA-ORD-342814 TATA-ORD-980419 BATCH-TATA-2701,86793,1735,0,0,85058,INR,2026-08-12T13:32:00Z,BATCH-TATA-2701
PO_B10_002702,Cashfree Escrow,ZOMA-INV-632087 PO_B10_002702,131136,2031,0,0,129105,INR,2026-08-12T16:39:00Z,BATCH-ZOMA-2702
PO_B10_002703,Razorpay Nodal,PAYT-INV-507736 PO_B10_002703,419226,8689,0,0,410537,INR,2026-08-12T16:23:00Z,BATCH-PAYT-2703
PO_B10_002704,PayU Enterprise,PAYT-INV-730059 PO_B10_002704,62533,982,0,0,61551,INR,2026-08-12T06:06:00Z,BATCH-PAYT-2704
PO_B10_002705,Stripe India,TATA-INV-146819 PO_B10_002705,380250,6218,0,0,374032,INR,2026-08-12T07:53:00Z,BATCH-TATA-2705
PO_B10_002706,PayU Enterprise,MMTR-ORD-829756 MMTR-ORD-569420 MMTR-ORD-656711 BATCH-MMTR-2706,276251,5525,0,0,270726,INR,2026-08-12T19:07:00Z,BATCH-MMTR-2706
PO_B10_002707,Razorpay Nodal,BKMS-INV-272001 PO_B10_002707,256610,4877,0,0,251733,INR,2026-08-11T22:02:00Z,BATCH-BKMS-2707
PO_B10_002708,PayU Enterprise,UBER-INV-367901 PO_B10_002708,44144,1090,0,0,43054,INR,2026-08-12T07:12:00Z,BATCH-UBER-2708
PO_B10_002709,Cashfree Escrow,AMZN-ORD-914223 AMZN-ORD-475126 BATCH-AMZN-2709,421748,8434,0,0,413314,INR,2026-08-12T01:19:00Z,BATCH-AMZN-2709
PO_B10_002710,Razorpay Nodal,PHNP-ORD-296301 PHNP-ORD-408833 PHNP-ORD-675582 BATCH-PHNP-2710,384624,7692,0,0,376932,INR,2026-08-12T18:59:00Z,BATCH-PHNP-2710
PO_B10_002711,Cashfree Escrow,BKMS-INV-672869 PO_B10_002711,176161,4134,0,0,172027,INR,2026-08-12T17:27:00Z,BATCH-BKMS-2711
PO_B10_002712,Stripe India,TATA-ORD-304409 TATA-ORD-170424 TATA-ORD-213612 BATCH-TATA-2712,485581,9711,0,0,475870,INR,2026-08-12T13:42:00Z,BATCH-TATA-2712
PO_B10_002713,Stripe India,AMZN-INV-270197 PO_B10_002713,353594,6368,0,0,347226,INR,2026-08-12T00:17:00Z,BATCH-AMZN-2713
PO_B10_002714,Cashfree Escrow,BLNK-ORD-560784 BLNK-ORD-532361 BATCH-BLNK-2714,313874,6277,0,0,307597,INR,2026-08-12T18:34:00Z,BATCH-BLNK-2714
PO_B10_002715,Cashfree Escrow,TATA-ORD-772404 TATA-ORD-151409 BATCH-TATA-2715,174236,3484,0,0,170752,INR,2026-08-11T22:54:00Z,BATCH-TATA-2715
PO_B10_002716,Stripe India,BBAS-INV-227921 PO_B10_002716,54013,1234,0,0,52779,INR,2026-08-12T10:10:00Z,BATCH-BBAS-2716
PO_B10_002717,Razorpay Nodal,PAYT-INV-192826 PO_B10_002717,148340,3145,0,0,145195,INR,2026-08-12T19:12:00Z,BATCH-PAYT-2717
PO_B10_002718,Cashfree Escrow,PHNP-INV-510143 PO_B10_002718,89840,2059,0,0,87781,INR,2026-08-12T10:41:00Z,BATCH-PHNP-2718
PO_B10_002719,Cashfree Escrow,OLAA-INV-562387 PO_B10_002719,203347,3706,0,0,199641,INR,2026-08-12T13:13:00Z,BATCH-OLAA-2719
PO_B10_002720,Cashfree Escrow,OLAA-ORD-391931 OLAA-ORD-297959 BATCH-OLAA-2720,241715,4834,0,0,236881,INR,2026-08-12T12:06:00Z,BATCH-OLAA-2720
PO_B10_002721,BillDesk Settlement,NYKA-INV-258147 PO_B10_002721,449000,9059,0,0,439941,INR,2026-08-12T20:17:00Z,BATCH-NYKA-2721
PO_B10_002722,Stripe India,BBAS-INV-468432 PO_B10_002722,386683,7152,0,0,379531,INR,2026-08-11T19:10:00Z,BATCH-BBAS-2722
PO_B10_002723,Razorpay Nodal,ZOMA-INV-125097 PO_B10_002723,87532,1496,0,0,86036,INR,2026-08-12T18:54:00Z,BATCH-ZOMA-2723
PO_B10_002724,Cashfree Escrow,BBAS-INV-835137 PO_B10_002724,200124,3123,0,0,197001,INR,2026-08-12T04:07:00Z,BATCH-BBAS-2724
PO_B10_002725,PayU Enterprise,BKMS-INV-337150 PO_B10_002725,448517,8814,0,0,439703,INR,2026-08-11T22:40:00Z,BATCH-BKMS-2725
PO_B10_002726,BillDesk Settlement,UBER-INV-418041 PO_B10_002726,190158,4036,0,0,186122,INR,2026-08-12T08:35:00Z,BATCH-UBER-2726
PO_B10_002727,Razorpay Nodal,TATA-INV-440835 PO_B10_002727,69486,1136,0,0,68350,INR,2026-08-12T22:48:00Z,BATCH-TATA-2727
PO_B10_002728,Cashfree Escrow,BBAS-ORD-333977 BBAS-ORD-480402 BBAS-ORD-998364 BATCH-BBAS-2728,597477,11949,0,0,585528,INR,2026-08-12T08:34:00Z,BATCH-BBAS-2728
PO_B10_002729,BillDesk Settlement,BLNK-INV-557794 PO_B10_002729,151616,3651,0,0,147965,INR,2026-08-12T09:10:00Z,BATCH-BLNK-2729
PO_B10_002730,Razorpay Nodal,UBER-ORD-765187 UBER-ORD-236160 BATCH-UBER-2730,124285,2485,0,0,121800,INR,2026-08-12T07:59:00Z,BATCH-UBER-2730
PO_B10_002731,PayU Enterprise,BLNK-INV-263108 PO_B10_002731,80762,1669,0,0,79093,INR,2026-08-12T07:39:00Z,BATCH-BLNK-2731
PO_B10_002732,Razorpay Nodal,SWIG-INV-634878 PO_B10_002732,117652,2249,0,0,115403,INR,2026-08-12T10:53:00Z,BATCH-SWIG-2732
PO_B10_002733,Stripe India,NYKA-INV-609028 PO_B10_002733,113612,2815,0,0,110797,INR,2026-08-12T07:47:00Z,BATCH-NYKA-2733
PO_B10_002734,Razorpay Nodal,NYKA-ORD-925009 NYKA-ORD-567705 BATCH-NYKA-2734,384646,7692,0,0,376954,INR,2026-08-12T04:39:00Z,BATCH-NYKA-2734
PO_B10_002735,BillDesk Settlement,PHNP-ORD-552986 PHNP-ORD-312421 PHNP-ORD-710429 BATCH-PHNP-2735,457327,9146,0,0,448181,INR,2026-08-12T15:58:00Z,BATCH-PHNP-2735
PO_B10_002736,Cashfree Escrow,TATA-INV-223994 PO_B10_002736,132592,2868,0,0,129724,INR,2026-08-12T06:47:00Z,BATCH-TATA-2736
PO_B10_002737,Stripe India,SWIG-EXC-139634-UNRESOLVED,292381,5837,0,0,286544,INR,2026-08-13T02:46:00Z,HOLD-ESCROW
PO_B10_002738,Razorpay Nodal,MMTR-INV-555444 PO_B10_002738,340352,6027,0,0,334325,INR,2026-08-12T10:31:00Z,BATCH-MMTR-2738
PO_B10_002739,PayU Enterprise,MYNT-INV-163656 PO_B10_002739,59966,1492,0,0,58474,INR,2026-08-11T23:59:00Z,BATCH-MYNT-2739
PO_B10_002740,Stripe India,PHNP-INV-445685 PO_B10_002740,380656,6347,0,0,374309,INR,2026-08-12T06:24:00Z,BATCH-PHNP-2740
PO_B10_002741,PayU Enterprise,BKMS-INV-825385 PO_B10_002741,368766,8934,0,0,359832,INR,2026-08-12T05:56:00Z,BATCH-BKMS-2741
PO_B10_002742,PayU Enterprise,PHNP-INV-460820 PO_B10_002742,155051,2630,0,0,152421,INR,2026-08-12T02:08:00Z,BATCH-PHNP-2742
PO_B10_002743,BillDesk Settlement,PHNP-ORD-403719 PHNP-ORD-963393 BATCH-PHNP-2743,386572,7731,0,0,378841,INR,2026-08-12T11:53:00Z,BATCH-PHNP-2743
PO_B10_002744,Razorpay Nodal,MYNT-ORD-656775 MYNT-ORD-819157 MYNT-ORD-455564 BATCH-MYNT-2744,198844,3976,0,0,194868,INR,2026-08-12T00:42:00Z,BATCH-MYNT-2744
PO_B10_002745,Stripe India,BLNK-INV-396891 PO_B10_002745,413052,7987,0,0,405065,INR,2026-08-12T05:04:00Z,BATCH-BLNK-2745
PO_B10_002746,Stripe India,NYKA-INV-130291 PO_B10_002746,73555,1532,0,0,72023,INR,2026-08-12T17:34:00Z,BATCH-NYKA-2746
PO_B10_002747,Cashfree Escrow,BBAS-ORD-639482 BBAS-ORD-347505 BATCH-BBAS-2747,196820,3936,0,0,192884,INR,2026-08-12T05:50:00Z,BATCH-BBAS-2747
PO_B10_002748,PayU Enterprise,MYNT-ORD-975109 MYNT-ORD-805628 BATCH-MYNT-2748,264488,5289,0,0,259199,INR,2026-08-12T04:41:00Z,BATCH-MYNT-2748
PO_B10_002749,PayU Enterprise,BBAS-INV-894491 PO_B10_002749,267988,5633,0,0,262355,INR,2026-08-12T03:32:00Z,BATCH-BBAS-2749
PO_B10_002750,PayU Enterprise,AMZN-INV-410783 PO_B10_002750,347191,6932,0,0,340259,INR,2026-08-12T00:57:00Z,BATCH-AMZN-2750
PO_B10_002751,PayU Enterprise,JIOO-INV-610807 PO_B10_002751,105841,1749,0,0,104092,INR,2026-08-12T18:51:00Z,BATCH-JIOO-2751
PO_B10_002752,BillDesk Settlement,NYKA-INV-348053 PO_B10_002752,385319,9173,0,0,376146,INR,2026-08-12T16:35:00Z,BATCH-NYKA-2752
PO_B10_002753,Razorpay Nodal,NYKA-INV-815671 PO_B10_002753,369187,6228,0,0,362959,INR,2026-08-12T20:33:00Z,BATCH-NYKA-2753
PO_B10_002754,Cashfree Escrow,NYKA-INV-681214 PO_B10_002754,212445,3937,0,0,208508,INR,2026-08-12T07:42:00Z,BATCH-NYKA-2754
PO_B10_002755,Stripe India,BLNK-INV-867815 PO_B10_002755,387689,8168,0,0,379521,INR,2026-08-12T06:23:00Z,BATCH-BLNK-2755
PO_B10_002756,Cashfree Escrow,OLAA-ORD-783637 OLAA-ORD-848309 OLAA-ORD-188048 BATCH-OLAA-2756,319324,6386,0,0,312938,INR,2026-08-12T10:31:00Z,BATCH-OLAA-2756
PO_B10_002757,BillDesk Settlement,AMZN-INV-980988 PO_B10_002757,88456,2017,0,0,86439,INR,2026-08-12T13:33:00Z,BATCH-AMZN-2757
PO_B10_002758,Cashfree Escrow,MMTR-INV-758593 PO_B10_002758,168406,3249,0,0,165157,INR,2026-08-11T15:30:00Z,BATCH-MMTR-2758
PO_B10_002759,BillDesk Settlement,BBAS-ORD-645726 BBAS-ORD-183467 BBAS-ORD-617439 BATCH-BBAS-2759,362099,7241,0,0,354858,INR,2026-08-12T13:58:00Z,BATCH-BBAS-2759
PO_B10_002760,Cashfree Escrow,SWIG-INV-666459 PO_B10_002760,256244,5419,0,0,250825,INR,2026-08-12T19:07:00Z,BATCH-SWIG-2760
PO_B10_002761,BillDesk Settlement,PHNP-INV-164179 PO_B10_002761,44439,1012,0,0,43427,INR,2026-08-12T06:25:00Z,BATCH-PHNP-2761
PO_B10_002762,Razorpay Nodal,SWIG-ORD-161953 SWIG-ORD-585739 BATCH-SWIG-2762,359030,7180,0,0,351850,INR,2026-08-12T10:35:00Z,BATCH-SWIG-2762
PO_B10_002763,BillDesk Settlement,FLPK-INV-409132 PO_B10_002763,327536,7171,0,0,320365,INR,2026-08-12T11:03:00Z,BATCH-FLPK-2763
PO_B10_002764,PayU Enterprise,BLNK-INV-777397 PO_B10_002764,296579,5285,0,0,291294,INR,2026-08-12T08:52:00Z,BATCH-BLNK-2764
PO_B10_002765,Cashfree Escrow,BKMS-ORD-687463 BKMS-ORD-169167 BATCH-BKMS-2765,232169,4643,0,0,227526,INR,2026-08-12T11:32:00Z,BATCH-BKMS-2765
PO_B10_002766,Cashfree Escrow,FLPK-INV-890516 PO_B10_002766,287696,6237,0,0,281459,INR,2026-08-12T15:07:00Z,BATCH-FLPK-2766
PO_B10_002767,PayU Enterprise,NYKA-INV-158618 PO_B10_002767,94567,1629,0,0,92938,INR,2026-08-12T06:42:00Z,BATCH-NYKA-2767
PO_B10_002768,Cashfree Escrow,FLPK-INV-108109 PO_B10_002768,106073,1638,0,0,104435,INR,2026-08-12T12:00:00Z,BATCH-FLPK-2768
PO_B10_002769,Stripe India,BBAS-INV-398839 PO_B10_002769,158732,3163,0,0,155569,INR,2026-08-12T17:27:00Z,BATCH-BBAS-2769
PO_B10_002770,Razorpay Nodal,PAYT-INV-557860 PO_B10_002770,196943,2972,0,0,193971,INR,2026-08-11T19:10:00Z,BATCH-PAYT-2770
PO_B10_002771,BillDesk Settlement,PHNP-INV-346552 PO_B10_002771,415611,8960,0,0,406651,INR,2026-08-12T11:14:00Z,BATCH-PHNP-2771
PO_B10_002772,Cashfree Escrow,BLNK-ORD-145495 BLNK-ORD-189926 BATCH-BLNK-2772,470839,9416,0,0,461423,INR,2026-08-12T10:15:00Z,BATCH-BLNK-2772
PO_B10_002773,Razorpay Nodal,OLAA-INV-352996 PO_B10_002773,219905,3508,0,0,216397,INR,2026-08-11T22:37:00Z,BATCH-OLAA-2773
PO_B10_002774,Stripe India,JIOO-INV-516866 PO_B10_002774,263431,6175,0,0,257256,INR,2026-08-12T04:17:00Z,BATCH-JIOO-2774
PO_B10_002775,PayU Enterprise,OLAA-INV-316187 PO_B10_002775,299535,6697,0,0,292838,INR,2026-08-12T10:52:00Z,BATCH-OLAA-2775
PO_B10_002776,BillDesk Settlement,PHNP-INV-976996 PO_B10_002776,432067,9800,0,0,422267,INR,2026-08-11T19:37:00Z,BATCH-PHNP-2776
PO_B10_002777,Cashfree Escrow,OLAA-ORD-182634 OLAA-ORD-692476 OLAA-ORD-457637 BATCH-OLAA-2777,633778,12675,0,0,621103,INR,2026-08-12T16:03:00Z,BATCH-OLAA-2777
PO_B10_002778,Stripe India,TATA-ORD-608879 TATA-ORD-959704 BATCH-TATA-2778,97195,1943,0,0,95252,INR,2026-08-12T09:17:00Z,BATCH-TATA-2778
PO_B10_002779,Stripe India,BBAS-INV-282949 PO_B10_002779,329181,8044,0,0,321137,INR,2026-08-12T06:08:00Z,BATCH-BBAS-2779
PO_B10_002780,Cashfree Escrow,BLNK-ORD-470603 BLNK-ORD-390837 BATCH-BLNK-2780,160140,3202,0,0,156938,INR,2026-08-12T07:56:00Z,BATCH-BLNK-2780
PO_B10_002781,Stripe India,SWIG-INV-766977 PO_B10_002781,63398,1280,0,0,62118,INR,2026-08-12T07:12:00Z,BATCH-SWIG-2781
PO_B10_002782,BillDesk Settlement,MYNT-INV-244186 PO_B10_002782,278277,5973,0,0,272304,INR,2026-08-12T03:08:00Z,BATCH-MYNT-2782
PO_B10_002783,BillDesk Settlement,AMZN-ORD-846306 AMZN-ORD-798463 AMZN-ORD-463681 BATCH-AMZN-2783,511284,10225,0,0,501059,INR,2026-08-12T19:28:00Z,BATCH-AMZN-2783
PO_B10_002784,PayU Enterprise,BLNK-ORD-966495 BLNK-ORD-633661 BLNK-ORD-581375 BATCH-BLNK-2784,468450,9369,0,0,459081,INR,2026-08-12T10:41:00Z,BATCH-BLNK-2784
PO_B10_002785,BillDesk Settlement,PHNP-INV-778884 PO_B10_002785,362484,6247,0,0,356237,INR,2026-08-12T07:48:00Z,BATCH-PHNP-2785
PO_B10_002786,Cashfree Escrow,FLPK-ORD-852286 FLPK-ORD-722143 BATCH-FLPK-2786,368686,7373,0,0,361313,INR,2026-08-12T04:50:00Z,BATCH-FLPK-2786
PO_B10_002787,Stripe India,OLAA-INV-469278 PO_B10_002787,158404,3193,0,0,155211,INR,2026-08-12T18:33:00Z,BATCH-OLAA-2787
PO_B10_002788,Cashfree Escrow,PAYT-INV-704287 PO_B10_002788,276582,5255,0,0,271327,INR,2026-08-12T15:23:00Z,BATCH-PAYT-2788
PO_B10_002789,BillDesk Settlement,OLAA-INV-488028 PO_B10_002789,417717,7990,0,0,409727,INR,2026-08-12T10:41:00Z,BATCH-OLAA-2789
PO_B10_002790,Stripe India,MYNT-EXC-358964-UNRESOLVED,293250,5855,0,0,287395,INR,2026-08-12T20:22:00Z,HOLD-ESCROW
PO_B10_002791,Stripe India,PAYT-INV-348812 PO_B10_002791,246796,5644,0,0,241152,INR,2026-08-12T09:11:00Z,BATCH-PAYT-2791
PO_B10_002792,BillDesk Settlement,AMZN-INV-909954 PO_B10_002792,424985,10031,0,0,414954,INR,2026-08-12T04:26:00Z,BATCH-AMZN-2792
PO_B10_002793,Cashfree Escrow,BKMS-ORD-122237 BKMS-ORD-178650 BATCH-BKMS-2793,259624,5192,0,0,254432,INR,2026-08-12T06:11:00Z,BATCH-BKMS-2793
PO_B10_002794,Razorpay Nodal,BKMS-INV-728834 PO_B10_002794,405962,6690,0,0,399272,INR,2026-08-12T10:29:00Z,BATCH-BKMS-2794
PO_B10_002795,PayU Enterprise,PHNP-ORD-132415 PHNP-ORD-285050 BATCH-PHNP-2795,103191,2063,0,0,101128,INR,2026-08-12T00:51:00Z,BATCH-PHNP-2795
PO_B10_002796,BillDesk Settlement,PAYT-INV-771079 PO_B10_002796,103909,2276,0,0,101633,INR,2026-08-12T19:57:00Z,BATCH-PAYT-2796
PO_B10_002797,PayU Enterprise,MYNT-ORD-698235 MYNT-ORD-347575 BATCH-MYNT-2797,344061,6881,0,0,337180,INR,2026-08-12T01:29:00Z,BATCH-MYNT-2797
PO_B10_002798,BillDesk Settlement,AMZN-INV-806936 PO_B10_002798,288340,6054,0,0,282286,INR,2026-08-12T08:13:00Z,BATCH-AMZN-2798
PO_B10_002799,Cashfree Escrow,FLPK-INV-594077 PO_B10_002799,194892,4334,0,0,190558,INR,2026-08-12T03:42:00Z,BATCH-FLPK-2799
PO_B10_002800,PayU Enterprise,SWIG-INV-773617 PO_B10_002800,375396,5708,0,0,369688,INR,2026-08-12T04:55:00Z,BATCH-SWIG-2800
PO_B10_002801,Razorpay Nodal,MMTR-INV-779771 PO_B10_002801,102961,1847,0,0,101114,INR,2026-08-12T04:58:00Z,BATCH-MMTR-2801
PO_B10_002802,Stripe India,ZOMA-INV-870730 PO_B10_002802,289207,6029,0,0,283178,INR,2026-08-12T19:18:00Z,BATCH-ZOMA-2802
PO_B10_002803,Stripe India,BBAS-INV-482867 PO_B10_002803,277926,6275,0,0,271651,INR,2026-08-12T12:31:00Z,BATCH-BBAS-2803
PO_B10_002804,Razorpay Nodal,ZOMA-INV-441063 PO_B10_002804,247131,5641,0,0,241490,INR,2026-08-12T08:27:00Z,BATCH-ZOMA-2804
PO_B10_002805,Razorpay Nodal,BBAS-INV-676243 PO_B10_002805,274845,5813,0,0,269032,INR,2026-08-11T16:32:00Z,BATCH-BBAS-2805
PO_B10_002806,PayU Enterprise,MYNT-INV-198195 PO_B10_002806,84726,1920,0,0,82806,INR,2026-08-12T11:21:00Z,BATCH-MYNT-2806
PO_B10_002807,Cashfree Escrow,PHNP-ORD-514974 PHNP-ORD-323550 BATCH-PHNP-2807,217949,4358,0,0,213591,INR,2026-08-12T11:14:00Z,BATCH-PHNP-2807
PO_B10_002808,Cashfree Escrow,FLPK-INV-188654 PO_B10_002808,286279,5262,0,0,281017,INR,2026-08-12T05:37:00Z,BATCH-FLPK-2808
PO_B10_002809,Razorpay Nodal,OLAA-INV-230250 PO_B10_002809,288769,4998,0,0,283771,INR,2026-08-12T01:52:00Z,BATCH-OLAA-2809
PO_B10_002810,PayU Enterprise,BLNK-INV-744335 PO_B10_002810,264896,6106,0,0,258790,INR,2026-08-12T09:13:00Z,BATCH-BLNK-2810
PO_B10_002811,BillDesk Settlement,PAYT-INV-151477 PO_B10_002811,236212,5775,0,0,230437,INR,2026-08-12T18:12:00Z,BATCH-PAYT-2811
PO_B10_002812,BillDesk Settlement,NYKA-ORD-681575 NYKA-ORD-565274 BATCH-NYKA-2812,442661,8853,0,0,433808,INR,2026-08-11T22:01:00Z,BATCH-NYKA-2812
PO_B10_002813,PayU Enterprise,BBAS-INV-503187 PO_B10_002813,163570,2510,0,0,161060,INR,2026-08-12T19:55:00Z,BATCH-BBAS-2813
PO_B10_002814,Razorpay Nodal,PHNP-INV-258177 PO_B10_002814,131466,2069,0,0,129397,INR,2026-08-12T03:14:00Z,BATCH-PHNP-2814
PO_B10_002815,Razorpay Nodal,NYKA-ORD-526048 NYKA-ORD-343717 BATCH-NYKA-2815,201796,4035,0,0,197761,INR,2026-08-12T03:06:00Z,BATCH-NYKA-2815
PO_B10_002816,BillDesk Settlement,BLNK-INV-300518 PO_B10_002816,222265,4508,0,0,217757,INR,2026-08-11T23:49:00Z,BATCH-BLNK-2816
PO_B10_002817,Razorpay Nodal,TATA-ORD-712228 TATA-ORD-379480 BATCH-TATA-2817,302425,6048,0,0,296377,INR,2026-08-12T17:29:00Z,BATCH-TATA-2817
PO_B10_002818,Razorpay Nodal,BBAS-INV-628190 PO_B10_002818,364831,7307,0,0,357524,INR,2026-08-12T08:24:00Z,BATCH-BBAS-2818
PO_B10_002819,PayU Enterprise,PAYT-INV-666422 PO_B10_002819,264147,4305,0,0,259842,INR,2026-08-11T17:18:00Z,BATCH-PAYT-2819
PO_B10_002820,Razorpay Nodal,JIOO-INV-135019 PO_B10_002820,356831,7753,0,0,349078,INR,2026-08-12T14:12:00Z,BATCH-JIOO-2820
PO_B10_002821,PayU Enterprise,UBER-INV-644451 PO_B10_002821,98795,1699,0,0,97096,INR,2026-08-12T08:34:00Z,BATCH-UBER-2821
PO_B10_002822,Razorpay Nodal,AMZN-INV-536427 PO_B10_002822,213767,3732,0,0,210035,INR,2026-08-12T20:15:00Z,BATCH-AMZN-2822
PO_B10_002823,PayU Enterprise,MMTR-INV-913160 PO_B10_002823,130427,2614,0,0,127813,INR,2026-08-11T19:37:00Z,BATCH-MMTR-2823
PO_B10_002824,Cashfree Escrow,MMTR-ORD-505071 MMTR-ORD-133905 BATCH-MMTR-2824,389814,7796,0,0,382018,INR,2026-08-12T12:58:00Z,BATCH-MMTR-2824
PO_B10_002825,PayU Enterprise,UBER-INV-476378 PO_B10_002825,170537,3552,0,0,166985,INR,2026-08-12T19:13:00Z,BATCH-UBER-2825
PO_B10_002826,Razorpay Nodal,AMZN-INV-799816 PO_B10_002826,108409,2142,0,0,106267,INR,2026-08-12T04:15:00Z,BATCH-AMZN-2826
PO_B10_002827,Cashfree Escrow,UBER-INV-724960 PO_B10_002827,37429,782,0,0,36647,INR,2026-08-12T12:35:00Z,BATCH-UBER-2827
PO_B10_002828,Razorpay Nodal,AMZN-ORD-618273 AMZN-ORD-414866 BATCH-AMZN-2828,151844,3036,0,0,148808,INR,2026-08-12T02:53:00Z,BATCH-AMZN-2828
PO_B10_002829,Cashfree Escrow,AMZN-ORD-311573 AMZN-ORD-204393 AMZN-ORD-982566 BATCH-AMZN-2829,85416,1708,0,0,83708,INR,2026-08-12T11:52:00Z,BATCH-AMZN-2829
PO_B10_002830,Cashfree Escrow,AMZN-ORD-356608 AMZN-ORD-921476 BATCH-AMZN-2830,126198,2523,0,0,123675,INR,2026-08-12T13:53:00Z,BATCH-AMZN-2830
PO_B10_002831,Stripe India,BKMS-INV-583225 PO_B10_002831,298308,7443,0,0,290865,INR,2026-08-12T05:02:00Z,BATCH-BKMS-2831
PO_B10_002832,Stripe India,BLNK-INV-705526 PO_B10_002832,427027,10014,0,0,417013,INR,2026-08-12T09:39:00Z,BATCH-BLNK-2832
PO_B10_002833,PayU Enterprise,AMZN-ORD-576993 AMZN-ORD-330985 BATCH-AMZN-2833,289196,5783,0,0,283413,INR,2026-08-12T09:47:00Z,BATCH-AMZN-2833
PO_B10_002834,Cashfree Escrow,AMZN-INV-437358 PO_B10_002834,344953,5905,0,0,339048,INR,2026-08-12T08:53:00Z,BATCH-AMZN-2834
PO_B10_002835,Stripe India,BBAS-EXC-932428-UNRESOLVED,57982,1149,0,0,56833,INR,2026-08-13T00:07:00Z,HOLD-ESCROW
PO_B10_002836,Stripe India,PHNP-INV-716985 PO_B10_002836,33220,743,0,0,32477,INR,2026-08-12T15:39:00Z,BATCH-PHNP-2836
PO_B10_002837,Razorpay Nodal,UBER-ORD-962968 UBER-ORD-654633 BATCH-UBER-2837,363607,7272,0,0,356335,INR,2026-08-12T09:16:00Z,BATCH-UBER-2837
PO_B10_002838,Cashfree Escrow,OLAA-INV-402025 PO_B10_002838,215173,4427,0,0,210746,INR,2026-08-12T04:17:00Z,BATCH-OLAA-2838
PO_B10_002839,Stripe India,PAYT-INV-340975 PO_B10_002839,330025,7142,0,0,322883,INR,2026-08-12T00:51:00Z,BATCH-PAYT-2839
PO_B10_002840,Stripe India,BBAS-INV-191512 PO_B10_002840,205423,4730,0,0,200693,INR,2026-08-13T00:31:00Z,BATCH-BBAS-2840
PO_B10_002841,Stripe India,PAYT-INV-996024 PO_B10_002841,163765,3854,0,0,159911,INR,2026-08-12T12:44:00Z,BATCH-PAYT-2841
PO_B10_002842,Cashfree Escrow,SWIG-INV-973492 PO_B10_002842,367304,7618,0,0,359686,INR,2026-08-12T15:44:00Z,BATCH-SWIG-2842
PO_B10_002843,BillDesk Settlement,JIOO-INV-103541 PO_B10_002843,43940,838,0,0,43102,INR,2026-08-12T05:28:00Z,BATCH-JIOO-2843
PO_B10_002844,Stripe India,ZOMA-INV-214793 PO_B10_002844,250357,6085,0,0,244272,INR,2026-08-12T16:14:00Z,BATCH-ZOMA-2844
PO_B10_002845,BillDesk Settlement,OLAA-INV-821382 PO_B10_002845,442162,10952,0,0,431210,INR,2026-08-12T21:42:00Z,BATCH-OLAA-2845
PO_B10_002846,Cashfree Escrow,TATA-INV-845439 PO_B10_002846,420119,9292,0,0,410827,INR,2026-08-11T23:13:00Z,BATCH-TATA-2846
PO_B10_002847,Stripe India,JIOO-ORD-187804 JIOO-ORD-969559 JIOO-ORD-517499 BATCH-JIOO-2847,502623,10052,0,0,492571,INR,2026-08-12T19:15:00Z,BATCH-JIOO-2847
PO_B10_002848,Cashfree Escrow,ZOMA-EXC-721795-UNRESOLVED,122296,2435,0,0,119861,INR,2026-08-13T00:14:00Z,HOLD-ESCROW
PO_B10_002849,Stripe India,AMZN-ORD-288583 AMZN-ORD-424568 AMZN-ORD-172416 BATCH-AMZN-2849,601000,12020,0,0,588980,INR,2026-08-12T04:43:00Z,BATCH-AMZN-2849
PO_B10_002850,Razorpay Nodal,MYNT-INV-620283 PO_B10_002850,198581,3040,0,0,195541,INR,2026-08-12T14:52:00Z,BATCH-MYNT-2850
PO_B10_002851,Razorpay Nodal,PAYT-ORD-191474 PAYT-ORD-226163 BATCH-PAYT-2851,171791,3435,0,0,168356,INR,2026-08-11T22:00:00Z,BATCH-PAYT-2851
PO_B10_002852,Cashfree Escrow,PHNP-INV-802061 PO_B10_002852,44149,846,0,0,43303,INR,2026-08-12T15:16:00Z,BATCH-PHNP-2852
PO_B10_002853,PayU Enterprise,BKMS-INV-849817 PO_B10_002853,327720,6233,0,0,321487,INR,2026-08-11T19:39:00Z,BATCH-BKMS-2853
PO_B10_002854,Cashfree Escrow,OLAA-INV-174551 PO_B10_002854,236759,5897,0,0,230862,INR,2026-08-12T09:50:00Z,BATCH-OLAA-2854
PO_B10_002855,BillDesk Settlement,MMTR-INV-550313 PO_B10_002855,144571,2324,0,0,142247,INR,2026-08-12T18:14:00Z,BATCH-MMTR-2855
PO_B10_002856,Razorpay Nodal,SWIG-EXC-381281-UNRESOLVED,294183,5873,0,0,288310,INR,2026-08-12T20:08:00Z,HOLD-ESCROW
PO_B10_002857,PayU Enterprise,SWIG-INV-381455 PO_B10_002857,233957,5617,0,0,228340,INR,2026-08-12T01:36:00Z,BATCH-SWIG-2857
PO_B10_002858,BillDesk Settlement,MMTR-INV-266753 PO_B10_002858,359138,8336,0,0,350802,INR,2026-08-11T17:56:00Z,BATCH-MMTR-2858
PO_B10_002859,Razorpay Nodal,SWIG-INV-900052 PO_B10_002859,431253,6724,0,0,424529,INR,2026-08-12T04:16:00Z,BATCH-SWIG-2859
PO_B10_002860,PayU Enterprise,TATA-ORD-572258 TATA-ORD-427418 BATCH-TATA-2860,122603,2452,0,0,120151,INR,2026-08-12T14:05:00Z,BATCH-TATA-2860
PO_B10_002861,Razorpay Nodal,BBAS-ORD-244211 BBAS-ORD-662631 BATCH-BBAS-2861,237592,4751,0,0,232841,INR,2026-08-12T06:59:00Z,BATCH-BBAS-2861
PO_B10_002862,Razorpay Nodal,NYKA-INV-526879 PO_B10_002862,160405,3760,0,0,156645,INR,2026-08-12T17:52:00Z,BATCH-NYKA-2862
PO_B10_002863,PayU Enterprise,AMZN-ORD-562011 AMZN-ORD-557142 BATCH-AMZN-2863,219901,4398,0,0,215503,INR,2026-08-12T07:02:00Z,BATCH-AMZN-2863
PO_B10_002864,Razorpay Nodal,TATA-INV-894922 PO_B10_002864,228897,3639,0,0,225258,INR,2026-08-12T14:37:00Z,BATCH-TATA-2864
PO_B10_002865,PayU Enterprise,PAYT-INV-710730 PO_B10_002865,101921,1597,0,0,100324,INR,2026-08-12T12:12:00Z,BATCH-PAYT-2865
PO_B10_002866,Cashfree Escrow,PAYT-ORD-918251 PAYT-ORD-656831 BATCH-PAYT-2866,290106,5802,0,0,284304,INR,2026-08-11T22:47:00Z,BATCH-PAYT-2866
PO_B10_002867,Cashfree Escrow,AMZN-ORD-262182 AMZN-ORD-914558 BATCH-AMZN-2867,438008,8760,0,0,429248,INR,2026-08-12T11:19:00Z,BATCH-AMZN-2867
PO_B10_002868,BillDesk Settlement,SWIG-INV-809010 PO_B10_002868,393701,8364,0,0,385337,INR,2026-08-12T06:56:00Z,BATCH-SWIG-2868
PO_B10_002869,Cashfree Escrow,UBER-ORD-488107 UBER-ORD-528178 UBER-ORD-724213 BATCH-UBER-2869,464539,9290,0,0,455249,INR,2026-08-12T01:32:00Z,BATCH-UBER-2869
PO_B10_002870,Stripe India,AMZN-ORD-636482 AMZN-ORD-309858 BATCH-AMZN-2870,298799,5975,0,0,292824,INR,2026-08-12T16:10:00Z,BATCH-AMZN-2870
PO_B10_002871,PayU Enterprise,BLNK-ORD-710822 BLNK-ORD-500129 BATCH-BLNK-2871,205831,4116,0,0,201715,INR,2026-08-12T18:56:00Z,BATCH-BLNK-2871
PO_B10_002872,Stripe India,BBAS-INV-568145 PO_B10_002872,292514,5962,0,0,286552,INR,2026-08-12T01:30:00Z,BATCH-BBAS-2872
PO_B10_002873,BillDesk Settlement,PAYT-INV-740338 PO_B10_002873,132652,2189,0,0,130463,INR,2026-08-11T19:28:00Z,BATCH-PAYT-2873
PO_B10_002874,Stripe India,FLPK-INV-180234 PO_B10_002874,394757,8545,0,0,386212,INR,2026-08-11T23:51:00Z,BATCH-FLPK-2874
PO_B10_002875,PayU Enterprise,TATA-INV-474014 PO_B10_002875,90561,2025,0,0,88536,INR,2026-08-12T02:27:00Z,BATCH-TATA-2875
PO_B10_002876,Stripe India,ZOMA-EXC-326869-UNRESOLVED,254617,5082,0,0,249535,INR,2026-08-12T10:33:00Z,HOLD-ESCROW
PO_B10_002877,BillDesk Settlement,TATA-INV-399932 PO_B10_002877,231034,4142,0,0,226892,INR,2026-08-12T15:22:00Z,BATCH-TATA-2877
PO_B10_002878,BillDesk Settlement,FLPK-ORD-962910 FLPK-ORD-203684 FLPK-ORD-702079 BATCH-FLPK-2878,85943,1718,0,0,84225,INR,2026-08-12T06:27:00Z,BATCH-FLPK-2878
PO_B10_002879,Razorpay Nodal,NYKA-ORD-642728 NYKA-ORD-590912 NYKA-ORD-674831 BATCH-NYKA-2879,362669,7253,0,0,355416,INR,2026-08-12T09:50:00Z,BATCH-NYKA-2879
PO_B10_002880,BillDesk Settlement,SWIG-ORD-192627 SWIG-ORD-472359 BATCH-SWIG-2880,236923,4738,0,0,232185,INR,2026-08-12T05:17:00Z,BATCH-SWIG-2880
PO_B10_002881,PayU Enterprise,PAYT-INV-897890 PO_B10_002881,412427,6924,0,0,405503,INR,2026-08-11T22:01:00Z,BATCH-PAYT-2881
PO_B10_002882,BillDesk Settlement,BKMS-INV-888773 PO_B10_002882,433924,6937,0,0,426987,INR,2026-08-11T23:24:00Z,BATCH-BKMS-2882
PO_B10_002883,Razorpay Nodal,MYNT-INV-499428 PO_B10_002883,340130,7117,0,0,333013,INR,2026-08-11T17:50:00Z,BATCH-MYNT-2883
PO_B10_002884,BillDesk Settlement,TATA-INV-840693 PO_B10_002884,174303,2677,0,0,171626,INR,2026-08-13T00:36:00Z,BATCH-TATA-2884
PO_B10_002885,Cashfree Escrow,NYKA-ORD-827023 NYKA-ORD-969887 BATCH-NYKA-2885,285176,5703,0,0,279473,INR,2026-08-12T07:14:00Z,BATCH-NYKA-2885
PO_B10_002886,Stripe India,BLNK-INV-153367 PO_B10_002886,249209,3974,0,0,245235,INR,2026-08-11T21:08:00Z,BATCH-BLNK-2886
PO_B10_002887,BillDesk Settlement,SWIG-ORD-570755 SWIG-ORD-931525 BATCH-SWIG-2887,330849,6616,0,0,324233,INR,2026-08-12T11:24:00Z,BATCH-SWIG-2887
PO_B10_002888,Cashfree Escrow,ZOMA-INV-410139 PO_B10_002888,438598,10872,0,0,427726,INR,2026-08-12T05:49:00Z,BATCH-ZOMA-2888
PO_B10_002889,Stripe India,BKMS-INV-450596 PO_B10_002889,435481,9169,0,0,426312,INR,2026-08-11T21:53:00Z,BATCH-BKMS-2889
PO_B10_002890,BillDesk Settlement,UBER-EXC-982937-UNRESOLVED,97068,1931,0,0,95137,INR,2026-08-13T06:03:00Z,HOLD-ESCROW
PO_B10_002891,Stripe India,TATA-ORD-649961 TATA-ORD-416202 BATCH-TATA-2891,357297,7145,0,0,350152,INR,2026-08-12T11:30:00Z,BATCH-TATA-2891
PO_B10_002892,Cashfree Escrow,MMTR-INV-766185 PO_B10_002892,339493,6314,0,0,333179,INR,2026-08-12T05:21:00Z,BATCH-MMTR-2892
PO_B10_002893,Razorpay Nodal,PAYT-INV-213663 PO_B10_002893,373548,7680,0,0,365868,INR,2026-08-12T02:19:00Z,BATCH-PAYT-2893
PO_B10_002894,PayU Enterprise,AMZN-ORD-687869 AMZN-ORD-143703 AMZN-ORD-205902 BATCH-AMZN-2894,543423,10868,0,0,532555,INR,2026-08-11T22:30:00Z,BATCH-AMZN-2894
PO_B10_002895,Razorpay Nodal,BKMS-INV-562886 PO_B10_002895,138429,2606,0,0,135823,INR,2026-08-12T10:04:00Z,BATCH-BKMS-2895
PO_B10_002896,Stripe India,PHNP-ORD-269088 PHNP-ORD-288986 BATCH-PHNP-2896,180766,3615,0,0,177151,INR,2026-08-12T07:39:00Z,BATCH-PHNP-2896
PO_B10_002897,PayU Enterprise,UBER-INV-402531 PO_B10_002897,370681,6693,0,0,363988,INR,2026-08-12T10:33:00Z,BATCH-UBER-2897
PO_B10_002898,Cashfree Escrow,NYKA-EXC-629185-UNRESOLVED,200833,4006,0,0,196827,INR,2026-08-12T22:12:00Z,HOLD-ESCROW
PO_B10_002899,BillDesk Settlement,JIOO-EXC-784482-UNRESOLVED,219607,4382,0,0,215225,INR,2026-08-12T09:28:00Z,HOLD-ESCROW
PO_B10_002900,Cashfree Escrow,UBER-INV-373952 PO_B10_002900,276776,6873,0,0,269903,INR,2026-08-12T05:34:00Z,BATCH-UBER-2900
PO_B10_002901,PayU Enterprise,SWIG-INV-277587 PO_B10_002901,86176,2070,0,0,84106,INR,2026-08-12T06:54:00Z,BATCH-SWIG-2901
PO_B10_002902,BillDesk Settlement,BKMS-ORD-267471 BKMS-ORD-364509 BATCH-BKMS-2902,300906,6018,0,0,294888,INR,2026-08-12T10:20:00Z,BATCH-BKMS-2902
PO_B10_002903,BillDesk Settlement,BLNK-INV-249950 PO_B10_002903,339333,7518,0,0,331815,INR,2026-08-12T07:46:00Z,BATCH-BLNK-2903
PO_B10_002904,PayU Enterprise,JIOO-ORD-426324 JIOO-ORD-486025 BATCH-JIOO-2904,356947,7138,0,0,349809,INR,2026-08-12T09:58:00Z,BATCH-JIOO-2904
PO_B10_002905,Cashfree Escrow,BKMS-INV-453770 PO_B10_002905,82506,1369,0,0,81137,INR,2026-08-12T13:32:00Z,BATCH-BKMS-2905
PO_B10_002906,Razorpay Nodal,JIOO-ORD-938809 JIOO-ORD-732447 BATCH-JIOO-2906,39881,797,0,0,39084,INR,2026-08-12T15:35:00Z,BATCH-JIOO-2906
PO_B10_002907,Razorpay Nodal,SWIG-ORD-331490 SWIG-ORD-101388 SWIG-ORD-982566 BATCH-SWIG-2907,517248,10344,0,0,506904,INR,2026-08-12T08:45:00Z,BATCH-SWIG-2907
PO_B10_002908,Razorpay Nodal,BLNK-ORD-508851 BLNK-ORD-508248 BATCH-BLNK-2908,257367,5147,0,0,252220,INR,2026-08-12T13:27:00Z,BATCH-BLNK-2908
PO_B10_002909,Cashfree Escrow,TATA-INV-906617 PO_B10_002909,177380,4314,0,0,173066,INR,2026-08-12T14:07:00Z,BATCH-TATA-2909
PO_B10_002910,BillDesk Settlement,JIOO-INV-906574 PO_B10_002910,240585,4542,0,0,236043,INR,2026-08-12T02:35:00Z,BATCH-JIOO-2910
PO_B10_002911,Stripe India,BLNK-INV-432099 PO_B10_002911,46527,795,0,0,45732,INR,2026-08-12T19:48:00Z,BATCH-BLNK-2911
PO_B10_002912,BillDesk Settlement,PHNP-INV-898333 PO_B10_002912,151442,3261,0,0,148181,INR,2026-08-12T14:45:00Z,BATCH-PHNP-2912
PO_B10_002913,Cashfree Escrow,AMZN-INV-405649 PO_B10_002913,293798,4424,0,0,289374,INR,2026-08-11T23:07:00Z,BATCH-AMZN-2913
PO_B10_002914,PayU Enterprise,BKMS-ORD-822158 BKMS-ORD-184267 BATCH-BKMS-2914,228450,4569,0,0,223881,INR,2026-08-12T06:31:00Z,BATCH-BKMS-2914
PO_B10_002915,Stripe India,UBER-EXC-396129-UNRESOLVED,71174,1413,0,0,69761,INR,2026-08-13T00:39:00Z,HOLD-ESCROW
PO_B10_002916,BillDesk Settlement,BBAS-INV-595862 PO_B10_002916,29343,651,0,0,28692,INR,2026-08-11T23:14:00Z,BATCH-BBAS-2916
PO_B10_002917,BillDesk Settlement,MMTR-ORD-775374 MMTR-ORD-679692 MMTR-ORD-928010 BATCH-MMTR-2917,626420,12528,0,0,613892,INR,2026-08-11T23:24:00Z,BATCH-MMTR-2917
PO_B10_002918,Stripe India,FLPK-INV-528836 PO_B10_002918,32319,681,0,0,31638,INR,2026-08-12T05:28:00Z,BATCH-FLPK-2918
PO_B10_002919,Stripe India,SWIG-INV-409933 PO_B10_002919,402025,9249,0,0,392776,INR,2026-08-12T02:05:00Z,BATCH-SWIG-2919
PO_B10_002920,PayU Enterprise,MMTR-ORD-693672 MMTR-ORD-700823 BATCH-MMTR-2920,186038,3720,0,0,182318,INR,2026-08-12T19:49:00Z,BATCH-MMTR-2920
PO_B10_002921,PayU Enterprise,MYNT-INV-348628 PO_B10_002921,203843,4361,0,0,199482,INR,2026-08-12T07:14:00Z,BATCH-MYNT-2921
PO_B10_002922,BillDesk Settlement,FLPK-INV-226690 PO_B10_002922,37574,721,0,0,36853,INR,2026-08-12T17:31:00Z,BATCH-FLPK-2922
PO_B10_002923,Cashfree Escrow,BBAS-INV-934160 PO_B10_002923,190517,3382,0,0,187135,INR,2026-08-12T19:11:00Z,BATCH-BBAS-2923
PO_B10_002924,BillDesk Settlement,PHNP-INV-533998 PO_B10_002924,92973,1785,0,0,91188,INR,2026-08-12T03:17:00Z,BATCH-PHNP-2924
PO_B10_002925,BillDesk Settlement,BLNK-INV-868042 PO_B10_002925,117131,2388,0,0,114743,INR,2026-08-12T01:14:00Z,BATCH-BLNK-2925
PO_B10_002926,Stripe India,ZOMA-INV-887529 PO_B10_002926,109539,1733,0,0,107806,INR,2026-08-12T08:09:00Z,BATCH-ZOMA-2926
PO_B10_002927,BillDesk Settlement,BBAS-INV-152670 PO_B10_002927,163565,3080,0,0,160485,INR,2026-08-11T15:30:00Z,BATCH-BBAS-2927
PO_B10_002928,Stripe India,PAYT-INV-299119 PO_B10_002928,390147,9191,0,0,380956,INR,2026-08-11T21:39:00Z,BATCH-PAYT-2928
PO_B10_002929,PayU Enterprise,BKMS-EXC-872409-UNRESOLVED,146337,2916,0,0,143421,INR,2026-08-13T02:32:00Z,HOLD-ESCROW
PO_B10_002930,PayU Enterprise,AMZN-INV-792153 PO_B10_002930,416485,7155,0,0,409330,INR,2026-08-12T13:11:00Z,BATCH-AMZN-2930
PO_B10_002931,Razorpay Nodal,FLPK-ORD-973013 FLPK-ORD-975454 BATCH-FLPK-2931,262704,5254,0,0,257450,INR,2026-08-12T04:45:00Z,BATCH-FLPK-2931
PO_B10_002932,Cashfree Escrow,BKMS-ORD-484393 BKMS-ORD-387380 BATCH-BKMS-2932,326504,6530,0,0,319974,INR,2026-08-12T09:47:00Z,BATCH-BKMS-2932
PO_B10_002933,Cashfree Escrow,SWIG-INV-496192 PO_B10_002933,56203,1279,0,0,54924,INR,2026-08-11T23:45:00Z,BATCH-SWIG-2933
PO_B10_002934,Cashfree Escrow,ZOMA-INV-544966 PO_B10_002934,294457,7086,0,0,287371,INR,2026-08-12T07:03:00Z,BATCH-ZOMA-2934
PO_B10_002935,Cashfree Escrow,PAYT-ORD-671155 PAYT-ORD-379368 PAYT-ORD-390833 BATCH-PAYT-2935,529815,10596,0,0,519219,INR,2026-08-12T08:01:00Z,BATCH-PAYT-2935
PO_B10_002936,PayU Enterprise,BBAS-INV-167658 PO_B10_002936,375622,6979,0,0,368643,INR,2026-08-11T20:06:00Z,BATCH-BBAS-2936
PO_B10_002937,Razorpay Nodal,BKMS-INV-427936 PO_B10_002937,214889,4090,0,0,210799,INR,2026-08-11T20:41:00Z,BATCH-BKMS-2937
PO_B10_002938,BillDesk Settlement,FLPK-INV-584055 PO_B10_002938,167181,3978,0,0,163203,INR,2026-08-12T06:51:00Z,BATCH-FLPK-2938
PO_B10_002939,PayU Enterprise,BKMS-INV-233214 PO_B10_002939,131552,3161,0,0,128391,INR,2026-08-12T08:13:00Z,BATCH-BKMS-2939
PO_B10_002940,Razorpay Nodal,NYKA-INV-624922 PO_B10_002940,312420,5847,0,0,306573,INR,2026-08-12T19:01:00Z,BATCH-NYKA-2940
PO_B10_002941,PayU Enterprise,JIOO-ORD-890984 JIOO-ORD-400082 BATCH-JIOO-2941,207220,4144,0,0,203076,INR,2026-08-12T02:06:00Z,BATCH-JIOO-2941
PO_B10_002942,BillDesk Settlement,PAYT-INV-262133 PO_B10_002942,160798,3700,0,0,157098,INR,2026-08-12T10:41:00Z,BATCH-PAYT-2942
PO_B10_002943,BillDesk Settlement,MYNT-INV-109509 PO_B10_002943,391294,8699,0,0,382595,INR,2026-08-12T06:28:00Z,BATCH-MYNT-2943
PO_B10_002944,Stripe India,FLPK-INV-470706 PO_B10_002944,261730,5922,0,0,255808,INR,2026-08-12T21:59:00Z,BATCH-FLPK-2944
PO_B10_002945,Razorpay Nodal,MYNT-INV-139001 PO_B10_002945,256363,4206,0,0,252157,INR,2026-08-12T19:48:00Z,BATCH-MYNT-2945
PO_B10_002946,Stripe India,JIOO-ORD-824867 JIOO-ORD-760557 BATCH-JIOO-2946,286162,5723,0,0,280439,INR,2026-08-11T22:17:00Z,BATCH-JIOO-2946
PO_B10_002947,PayU Enterprise,MMTR-INV-308607 PO_B10_002947,195002,3639,0,0,191363,INR,2026-08-12T19:25:00Z,BATCH-MMTR-2947
PO_B10_002948,PayU Enterprise,MYNT-ORD-326967 MYNT-ORD-672417 BATCH-MYNT-2948,55531,1110,0,0,54421,INR,2026-08-12T10:33:00Z,BATCH-MYNT-2948
PO_B10_002949,Stripe India,MYNT-INV-784005 PO_B10_002949,384058,6024,0,0,378034,INR,2026-08-12T21:51:00Z,BATCH-MYNT-2949
PO_B10_002950,Cashfree Escrow,MYNT-ORD-947051 MYNT-ORD-786525 MYNT-ORD-112571 BATCH-MYNT-2950,337999,6759,0,0,331240,INR,2026-08-11T22:51:00Z,BATCH-MYNT-2950
PO_B10_002951,Cashfree Escrow,MMTR-EXC-364614-UNRESOLVED,233597,4661,0,0,228936,INR,2026-08-12T22:59:00Z,HOLD-ESCROW
PO_B10_002952,PayU Enterprise,FLPK-INV-685648 PO_B10_002952,289084,5080,0,0,284004,INR,2026-08-12T03:18:00Z,BATCH-FLPK-2952
PO_B10_002953,Cashfree Escrow,JIOO-INV-420030 PO_B10_002953,328674,6920,0,0,321754,INR,2026-08-12T21:21:00Z,BATCH-JIOO-2953
PO_B10_002954,Razorpay Nodal,MYNT-INV-836350 PO_B10_002954,326129,5670,0,0,320459,INR,2026-08-11T14:00:00Z,BATCH-MYNT-2954
PO_B10_002955,Stripe India,FLPK-ORD-786892 FLPK-ORD-272064 BATCH-FLPK-2955,272725,5454,0,0,267271,INR,2026-08-11T23:57:00Z,BATCH-FLPK-2955
PO_B10_002956,Cashfree Escrow,MMTR-INV-267067 PO_B10_002956,102525,1664,0,0,100861,INR,2026-08-12T20:55:00Z,BATCH-MMTR-2956
PO_B10_002957,Stripe India,FLPK-INV-338629 PO_B10_002957,299865,5860,0,0,294005,INR,2026-08-12T12:49:00Z,BATCH-FLPK-2957
PO_B10_002958,Cashfree Escrow,AMZN-INV-290249 PO_B10_002958,313182,5791,0,0,307391,INR,2026-08-12T06:49:00Z,BATCH-AMZN-2958
PO_B10_002959,Stripe India,NYKA-INV-537598 PO_B10_002959,445338,9847,0,0,435491,INR,2026-08-12T12:02:00Z,BATCH-NYKA-2959
PO_B10_002960,Cashfree Escrow,UBER-INV-360868 PO_B10_002960,225086,5260,0,0,219826,INR,2026-08-12T12:47:00Z,BATCH-UBER-2960
PO_B10_002961,Cashfree Escrow,MMTR-INV-749911 PO_B10_002961,101946,1788,0,0,100158,INR,2026-08-12T06:07:00Z,BATCH-MMTR-2961
PO_B10_002962,Cashfree Escrow,BLNK-INV-885223 PO_B10_002962,248705,4268,0,0,244437,INR,2026-08-12T01:25:00Z,BATCH-BLNK-2962
PO_B10_002963,Stripe India,OLAA-INV-193294 PO_B10_002963,114202,2782,0,0,111420,INR,2026-08-12T01:43:00Z,BATCH-OLAA-2963
PO_B10_002964,PayU Enterprise,JIOO-INV-162255 PO_B10_002964,432167,9797,0,0,422370,INR,2026-08-12T01:27:00Z,BATCH-JIOO-2964
PO_B10_002965,PayU Enterprise,BBAS-INV-735436 PO_B10_002965,225233,4581,0,0,220652,INR,2026-08-12T09:03:00Z,BATCH-BBAS-2965
PO_B10_002966,PayU Enterprise,UBER-ORD-364125 UBER-ORD-216999 UBER-ORD-846115 BATCH-UBER-2966,533309,10666,0,0,522643,INR,2026-08-12T12:05:00Z,BATCH-UBER-2966
PO_B10_002967,Cashfree Escrow,MMTR-EXC-146342-UNRESOLVED,143567,2861,0,0,140706,INR,2026-08-12T09:19:00Z,HOLD-ESCROW
PO_B10_002968,BillDesk Settlement,JIOO-INV-244909 PO_B10_002968,289551,6199,0,0,283352,INR,2026-08-12T02:28:00Z,BATCH-JIOO-2968
PO_B10_002969,Razorpay Nodal,UBER-ORD-456803 UBER-ORD-409805 BATCH-UBER-2969,243878,4877,0,0,239001,INR,2026-08-12T04:59:00Z,BATCH-UBER-2969
PO_B10_002970,BillDesk Settlement,MYNT-INV-639096 PO_B10_002970,210451,3226,0,0,207225,INR,2026-08-12T16:47:00Z,BATCH-MYNT-2970
PO_B10_002971,PayU Enterprise,JIOO-ORD-868744 JIOO-ORD-902540 BATCH-JIOO-2971,402754,8055,0,0,394699,INR,2026-08-12T18:27:00Z,BATCH-JIOO-2971
PO_B10_002972,PayU Enterprise,MMTR-INV-840640 PO_B10_002972,328886,6629,0,0,322257,INR,2026-08-12T08:42:00Z,BATCH-MMTR-2972
PO_B10_002973,Stripe India,BLNK-ORD-676389 BLNK-ORD-352468 BATCH-BLNK-2973,163525,3270,0,0,160255,INR,2026-08-12T08:45:00Z,BATCH-BLNK-2973
PO_B10_002974,Stripe India,JIOO-INV-651197 PO_B10_002974,188241,3411,0,0,184830,INR,2026-08-12T22:29:00Z,BATCH-JIOO-2974
PO_B10_002975,PayU Enterprise,ZOMA-INV-100938 PO_B10_002975,269357,5220,0,0,264137,INR,2026-08-11T17:23:00Z,BATCH-ZOMA-2975
PO_B10_002976,Razorpay Nodal,BKMS-INV-363114 PO_B10_002976,332713,5517,0,0,327196,INR,2026-08-11T16:11:00Z,BATCH-BKMS-2976
PO_B10_002977,BillDesk Settlement,UBER-INV-102374 PO_B10_002977,443853,6884,0,0,436969,INR,2026-08-12T04:27:00Z,BATCH-UBER-2977
PO_B10_002978,PayU Enterprise,OLAA-EXC-470998-UNRESOLVED,183910,3668,0,0,180242,INR,2026-08-13T08:02:00Z,HOLD-ESCROW
PO_B10_002979,BillDesk Settlement,JIOO-ORD-660532 JIOO-ORD-800768 BATCH-JIOO-2979,252922,5058,0,0,247864,INR,2026-08-12T03:03:00Z,BATCH-JIOO-2979
PO_B10_002980,PayU Enterprise,ZOMA-INV-834716 PO_B10_002980,115306,2597,0,0,112709,INR,2026-08-12T16:26:00Z,BATCH-ZOMA-2980
PO_B10_002981,PayU Enterprise,AMZN-INV-339546 PO_B10_002981,128896,2791,0,0,126105,INR,2026-08-11T16:10:00Z,BATCH-AMZN-2981
PO_B10_002982,Razorpay Nodal,JIOO-ORD-380370 JIOO-ORD-293761 JIOO-ORD-300063 BATCH-JIOO-2982,279960,5599,0,0,274361,INR,2026-08-12T03:28:00Z,BATCH-JIOO-2982
PO_B10_002983,Razorpay Nodal,AMZN-INV-114080 PO_B10_002983,90139,2104,0,0,88035,INR,2026-08-12T09:15:00Z,BATCH-AMZN-2983
PO_B10_002984,Cashfree Escrow,OLAA-INV-806233 PO_B10_002984,147124,2719,0,0,144405,INR,2026-08-13T00:24:00Z,BATCH-OLAA-2984
PO_B10_002985,Cashfree Escrow,PHNP-ORD-533384 PHNP-ORD-646313 PHNP-ORD-213488 BATCH-PHNP-2985,427032,8540,0,0,418492,INR,2026-08-12T14:49:00Z,BATCH-PHNP-2985
PO_B10_002986,Stripe India,PAYT-ORD-317277 PAYT-ORD-314842 BATCH-PAYT-2986,260580,5211,0,0,255369,INR,2026-08-11T23:44:00Z,BATCH-PAYT-2986
PO_B10_002987,Stripe India,SWIG-INV-992315 PO_B10_002987,318903,7914,0,0,310989,INR,2026-08-11T20:28:00Z,BATCH-SWIG-2987
PO_B10_002988,BillDesk Settlement,NYKA-EXC-517496-UNRESOLVED,141555,2821,0,0,138734,INR,2026-08-12T20:49:00Z,HOLD-ESCROW
PO_B10_002989,Stripe India,BKMS-ORD-207682 BKMS-ORD-315913 BKMS-ORD-579354 BATCH-BKMS-2989,238889,4777,0,0,234112,INR,2026-08-12T13:06:00Z,BATCH-BKMS-2989
PO_B10_002990,Razorpay Nodal,MMTR-INV-331543 PO_B10_002990,54902,943,0,0,53959,INR,2026-08-12T08:30:00Z,BATCH-MMTR-2990
PO_B10_002991,Razorpay Nodal,BLNK-ORD-470126 BLNK-ORD-391731 BATCH-BLNK-2991,226591,4531,0,0,222060,INR,2026-08-12T12:49:00Z,BATCH-BLNK-2991
PO_B10_002992,PayU Enterprise,NYKA-INV-131381 PO_B10_002992,204476,4952,0,0,199524,INR,2026-08-11T16:13:00Z,BATCH-NYKA-2992
PO_B10_002993,PayU Enterprise,PAYT-INV-161734 PO_B10_002993,226508,5027,0,0,221481,INR,2026-08-12T01:52:00Z,BATCH-PAYT-2993
PO_B10_002994,PayU Enterprise,BLNK-INV-377235 PO_B10_002994,211930,3886,0,0,208044,INR,2026-08-12T08:49:00Z,BATCH-BLNK-2994
PO_B10_002995,BillDesk Settlement,BKMS-INV-277553 PO_B10_002995,26642,486,0,0,26156,INR,2026-08-11T19:35:00Z,BATCH-BKMS-2995
PO_B10_002996,BillDesk Settlement,SWIG-ORD-765733 SWIG-ORD-525094 SWIG-ORD-801616 BATCH-SWIG-2996,342805,6856,0,0,335949,INR,2026-08-12T02:45:00Z,BATCH-SWIG-2996
PO_B10_002997,Razorpay Nodal,BLNK-ORD-388879 BLNK-ORD-349879 BATCH-BLNK-2997,296230,5924,0,0,290306,INR,2026-08-11T21:55:00Z,BATCH-BLNK-2997
PO_B10_002998,Cashfree Escrow,BBAS-ORD-497884 BBAS-ORD-303640 BBAS-ORD-288911 BATCH-BBAS-2998,360506,7210,0,0,353296,INR,2026-08-12T13:52:00Z,BATCH-BBAS-2998
PO_B10_002999,Razorpay Nodal,OLAA-INV-386197 PO_B10_002999,35335,568,0,0,34767,INR,2026-08-12T13:46:00Z,BATCH-OLAA-2999
PO_B10_003000,BillDesk Settlement,NYKA-ORD-513327 NYKA-ORD-682048 BATCH-NYKA-3000,168063,3361,0,0,164702,INR,2026-08-12T12:29:00Z,BATCH-NYKA-3000
PO_B10_003001,PayU Enterprise,FLPK-EXC-958116-UNRESOLVED,217243,4334,0,0,212909,INR,2026-08-13T02:23:00Z,HOLD-ESCROW
PO_B10_003002,Stripe India,TATA-INV-868878 PO_B10_003002,313117,7476,0,0,305641,INR,2026-08-12T15:22:00Z,BATCH-TATA-3002
PO_B10_003003,BillDesk Settlement,TATA-INV-925051 PO_B10_003003,158575,3725,0,0,154850,INR,2026-08-12T05:30:00Z,BATCH-TATA-3003
PO_B10_003004,Razorpay Nodal,UBER-INV-679007 PO_B10_003004,311749,7204,0,0,304545,INR,2026-08-12T02:52:00Z,BATCH-UBER-3004
PO_B10_003005,BillDesk Settlement,MMTR-INV-705468 PO_B10_003005,167614,3829,0,0,163785,INR,2026-08-12T19:00:00Z,BATCH-MMTR-3005
PO_B10_003006,PayU Enterprise,ZOMA-ORD-498012 ZOMA-ORD-769425 ZOMA-ORD-488152 BATCH-ZOMA-3006,336066,6721,0,0,329345,INR,2026-08-12T11:04:00Z,BATCH-ZOMA-3006
PO_B10_003007,Stripe India,MMTR-INV-211039 PO_B10_003007,310915,7406,0,0,303509,INR,2026-08-12T00:22:00Z,BATCH-MMTR-3007
PO_B10_003008,Stripe India,PAYT-INV-122336 PO_B10_003008,440511,10804,0,0,429707,INR,2026-08-12T00:53:00Z,BATCH-PAYT-3008
PO_B10_003009,Razorpay Nodal,SWIG-INV-624113 PO_B10_003009,155833,3014,0,0,152819,INR,2026-08-12T03:49:00Z,BATCH-SWIG-3009
PO_B10_003010,Stripe India,OLAA-INV-634742 PO_B10_003010,68505,1224,0,0,67281,INR,2026-08-12T19:06:00Z,BATCH-OLAA-3010
PO_B10_003011,Razorpay Nodal,OLAA-INV-273575 PO_B10_003011,265046,4924,0,0,260122,INR,2026-08-11T17:56:00Z,BATCH-OLAA-3011
PO_B10_003012,BillDesk Settlement,FLPK-INV-494532 PO_B10_003012,262945,5386,0,0,257559,INR,2026-08-12T05:33:00Z,BATCH-FLPK-3012
PO_B10_003013,Stripe India,UBER-EXC-874575-UNRESOLVED,108653,2163,0,0,106490,INR,2026-08-13T04:33:00Z,HOLD-ESCROW
PO_B10_003014,PayU Enterprise,TATA-ORD-203876 TATA-ORD-341733 BATCH-TATA-3014,189057,3781,0,0,185276,INR,2026-08-12T04:11:00Z,BATCH-TATA-3014
PO_B10_003015,BillDesk Settlement,BBAS-ORD-698276 BBAS-ORD-557842 BATCH-BBAS-3015,260820,5216,0,0,255604,INR,2026-08-11T21:51:00Z,BATCH-BBAS-3015
PO_B10_003016,Razorpay Nodal,MYNT-INV-124474 PO_B10_003016,29045,671,0,0,28374,INR,2026-08-12T14:41:00Z,BATCH-MYNT-3016
PO_B10_003017,Stripe India,PHNP-INV-489025 PO_B10_003017,394601,7965,0,0,386636,INR,2026-08-11T21:15:00Z,BATCH-PHNP-3017
PO_B10_003018,Razorpay Nodal,BBAS-ORD-878099 BBAS-ORD-590958 BATCH-BBAS-3018,210906,4218,0,0,206688,INR,2026-08-11T21:33:00Z,BATCH-BBAS-3018
PO_B10_003019,Stripe India,BKMS-INV-956645 PO_B10_003019,202316,4324,0,0,197992,INR,2026-08-12T16:22:00Z,BATCH-BKMS-3019
PO_B10_003020,BillDesk Settlement,UBER-INV-222568 PO_B10_003020,288893,5360,0,0,283533,INR,2026-08-11T21:30:00Z,BATCH-UBER-3020
PO_B10_003021,PayU Enterprise,AMZN-ORD-688719 AMZN-ORD-126921 BATCH-AMZN-3021,247976,4959,0,0,243017,INR,2026-08-11T21:28:00Z,BATCH-AMZN-3021
PO_B10_003022,BillDesk Settlement,ZOMA-ORD-774813 ZOMA-ORD-684112 ZOMA-ORD-377130 BATCH-ZOMA-3022,464884,9297,0,0,455587,INR,2026-08-12T11:57:00Z,BATCH-ZOMA-3022
PO_B10_003023,BillDesk Settlement,NYKA-ORD-793778 NYKA-ORD-466263 BATCH-NYKA-3023,261885,5237,0,0,256648,INR,2026-08-12T18:06:00Z,BATCH-NYKA-3023
PO_B10_003024,BillDesk Settlement,FLPK-INV-832765 PO_B10_003024,360572,5500,0,0,355072,INR,2026-08-12T10:30:00Z,BATCH-FLPK-3024
PO_B10_003025,PayU Enterprise,SWIG-ORD-453060 SWIG-ORD-993985 SWIG-ORD-736656 BATCH-SWIG-3025,320833,6416,0,0,314417,INR,2026-08-12T11:55:00Z,BATCH-SWIG-3025
PO_B10_003026,Cashfree Escrow,BLNK-INV-794272 PO_B10_003026,101994,2530,0,0,99464,INR,2026-08-12T19:49:00Z,BATCH-BLNK-3026
PO_B10_003027,Cashfree Escrow,PAYT-INV-980774 PO_B10_003027,171232,2916,0,0,168316,INR,2026-08-12T07:36:00Z,BATCH-PAYT-3027
PO_B10_003028,Razorpay Nodal,PAYT-INV-192670 PO_B10_003028,181205,4271,0,0,176934,INR,2026-08-12T10:21:00Z,BATCH-PAYT-3028
PO_B10_003029,Cashfree Escrow,NYKA-ORD-200146 NYKA-ORD-558855 BATCH-NYKA-3029,447235,8944,0,0,438291,INR,2026-08-12T19:43:00Z,BATCH-NYKA-3029
PO_B10_003030,BillDesk Settlement,BKMS-INV-172131 PO_B10_003030,436484,8757,0,0,427727,INR,2026-08-12T14:05:00Z,BATCH-BKMS-3030
PO_B10_003031,BillDesk Settlement,BLNK-ORD-360243 BLNK-ORD-931425 BATCH-BLNK-3031,176050,3521,0,0,172529,INR,2026-08-12T12:56:00Z,BATCH-BLNK-3031
PO_B10_003032,Stripe India,ZOMA-INV-573534 PO_B10_003032,242871,4815,0,0,238056,INR,2026-08-12T17:04:00Z,BATCH-ZOMA-3032
PO_B10_003033,PayU Enterprise,OLAA-ORD-216347 OLAA-ORD-398191 BATCH-OLAA-3033,337000,6740,0,0,330260,INR,2026-08-12T17:40:00Z,BATCH-OLAA-3033
PO_B10_003034,PayU Enterprise,TATA-ORD-320876 TATA-ORD-437390 BATCH-TATA-3034,95442,1908,0,0,93534,INR,2026-08-12T17:55:00Z,BATCH-TATA-3034
PO_B10_003035,PayU Enterprise,BLNK-INV-480384 PO_B10_003035,164344,2930,0,0,161414,INR,2026-08-12T09:18:00Z,BATCH-BLNK-3035
PO_B10_003036,Cashfree Escrow,AMZN-EXC-605168-UNRESOLVED,232740,4644,0,0,228096,INR,2026-08-12T22:16:00Z,HOLD-ESCROW
PO_B10_003037,PayU Enterprise,NYKA-EXC-737625-UNRESOLVED,100155,1993,0,0,98162,INR,2026-08-13T00:06:00Z,HOLD-ESCROW
PO_B10_003038,PayU Enterprise,TATA-ORD-915656 TATA-ORD-531558 BATCH-TATA-3038,330883,6617,0,0,324266,INR,2026-08-12T15:25:00Z,BATCH-TATA-3038
PO_B10_003039,PayU Enterprise,FLPK-INV-606246 PO_B10_003039,205103,3678,0,0,201425,INR,2026-08-12T19:34:00Z,BATCH-FLPK-3039
PO_B10_003040,BillDesk Settlement,AMZN-INV-450819 PO_B10_003040,382378,7162,0,0,375216,INR,2026-08-12T14:35:00Z,BATCH-AMZN-3040
PO_B10_003041,Cashfree Escrow,NYKA-INV-266621 PO_B10_003041,120782,2116,0,0,118666,INR,2026-08-11T13:25:00Z,BATCH-NYKA-3041
PO_B10_003042,BillDesk Settlement,AMZN-ORD-162635 AMZN-ORD-803830 BATCH-AMZN-3042,241646,4832,0,0,236814,INR,2026-08-12T14:51:00Z,BATCH-AMZN-3042
PO_B10_003043,Cashfree Escrow,NYKA-INV-413096 PO_B10_003043,290407,6230,0,0,284177,INR,2026-08-12T08:55:00Z,BATCH-NYKA-3043
PO_B10_003044,BillDesk Settlement,BKMS-INV-215669 PO_B10_003044,338905,5699,0,0,333206,INR,2026-08-12T05:51:00Z,BATCH-BKMS-3044
PO_B10_003045,PayU Enterprise,UBER-EXC-811127-UNRESOLVED,108260,2155,0,0,106105,INR,2026-08-13T01:30:00Z,HOLD-ESCROW
PO_B10_003046,Stripe India,UBER-INV-503032 PO_B10_003046,127714,2240,0,0,125474,INR,2026-08-12T12:34:00Z,BATCH-UBER-3046
PO_B10_003047,Razorpay Nodal,UBER-ORD-554351 UBER-ORD-953206 BATCH-UBER-3047,318869,6377,0,0,312492,INR,2026-08-12T04:13:00Z,BATCH-UBER-3047
PO_B10_003048,PayU Enterprise,PHNP-INV-241610 PO_B10_003048,400268,8988,0,0,391280,INR,2026-08-11T15:44:00Z,BATCH-PHNP-3048
PO_B10_003049,Stripe India,BLNK-ORD-451589 BLNK-ORD-643125 BATCH-BLNK-3049,412337,8246,0,0,404091,INR,2026-08-11T21:29:00Z,BATCH-BLNK-3049
PO_B10_003050,BillDesk Settlement,MMTR-INV-220718 PO_B10_003050,112005,1770,0,0,110235,INR,2026-08-12T02:51:00Z,BATCH-MMTR-3050
PO_B10_003051,Razorpay Nodal,AMZN-INV-917936 PO_B10_003051,214590,3509,0,0,211081,INR,2026-08-12T01:34:00Z,BATCH-AMZN-3051
PO_B10_003052,BillDesk Settlement,JIOO-INV-686572 PO_B10_003052,249870,4328,0,0,245542,INR,2026-08-12T13:42:00Z,BATCH-JIOO-3052
PO_B10_003053,BillDesk Settlement,PAYT-INV-658101 PO_B10_003053,256508,4830,0,0,251678,INR,2026-08-12T14:08:00Z,BATCH-PAYT-3053
PO_B10_003054,BillDesk Settlement,TATA-INV-554618 PO_B10_003054,383028,9228,0,0,373800,INR,2026-08-12T09:17:00Z,BATCH-TATA-3054
PO_B10_003055,BillDesk Settlement,MMTR-INV-795846 PO_B10_003055,242894,5044,0,0,237850,INR,2026-08-12T07:27:00Z,BATCH-MMTR-3055
PO_B10_003056,PayU Enterprise,AMZN-ORD-663215 AMZN-ORD-475428 BATCH-AMZN-3056,419690,8393,0,0,411297,INR,2026-08-12T03:37:00Z,BATCH-AMZN-3056
PO_B10_003057,Stripe India,TATA-EXC-115303-UNRESOLVED,54196,1073,0,0,53123,INR,2026-08-13T02:26:00Z,HOLD-ESCROW
PO_B10_003058,Cashfree Escrow,PAYT-INV-436809 PO_B10_003058,253803,4424,0,0,249379,INR,2026-08-12T21:21:00Z,BATCH-PAYT-3058
PO_B10_003059,Razorpay Nodal,AMZN-INV-299683 PO_B10_003059,282543,6019,0,0,276524,INR,2026-08-12T18:56:00Z,BATCH-AMZN-3059
PO_B10_003060,PayU Enterprise,AMZN-INV-511292 PO_B10_003060,200972,3872,0,0,197100,INR,2026-08-12T02:33:00Z,BATCH-AMZN-3060
PO_B10_003061,Razorpay Nodal,BLNK-INV-227345 PO_B10_003061,232096,4279,0,0,227817,INR,2026-08-11T22:04:00Z,BATCH-BLNK-3061
PO_B10_003062,Cashfree Escrow,BKMS-ORD-891020 BKMS-ORD-372145 BATCH-BKMS-3062,350227,7004,0,0,343223,INR,2026-08-12T08:22:00Z,BATCH-BKMS-3062
PO_B10_003063,PayU Enterprise,MYNT-INV-745997 PO_B10_003063,92505,2054,0,0,90451,INR,2026-08-12T06:03:00Z,BATCH-MYNT-3063
PO_B10_003064,PayU Enterprise,JIOO-EXC-550011-UNRESOLVED,183704,3664,0,0,180040,INR,2026-08-12T22:45:00Z,HOLD-ESCROW
PO_B10_003065,BillDesk Settlement,SWIG-INV-913235 PO_B10_003065,107686,1826,0,0,105860,INR,2026-08-12T08:27:00Z,BATCH-SWIG-3065
PO_B10_003066,BillDesk Settlement,AMZN-INV-236537 PO_B10_003066,247810,3926,0,0,243884,INR,2026-08-11T22:45:00Z,BATCH-AMZN-3066
PO_B10_003067,Razorpay Nodal,UBER-ORD-505421 UBER-ORD-405325 BATCH-UBER-3067,238693,4773,0,0,233920,INR,2026-08-12T04:38:00Z,BATCH-UBER-3067
PO_B10_003068,Razorpay Nodal,BBAS-INV-916210 PO_B10_003068,55792,1165,0,0,54627,INR,2026-08-12T12:16:00Z,BATCH-BBAS-3068
PO_B10_003069,Stripe India,TATA-INV-583387 PO_B10_003069,405016,9302,0,0,395714,INR,2026-08-12T11:05:00Z,BATCH-TATA-3069
PO_B10_003070,BillDesk Settlement,OLAA-ORD-368063 OLAA-ORD-887784 BATCH-OLAA-3070,296865,5937,0,0,290928,INR,2026-08-12T06:04:00Z,BATCH-OLAA-3070
PO_B10_003071,BillDesk Settlement,UBER-EXC-885742-UNRESOLVED,212132,4232,0,0,207900,INR,2026-08-13T08:11:00Z,HOLD-ESCROW
PO_B10_003072,Razorpay Nodal,SWIG-ORD-399410 SWIG-ORD-846010 BATCH-SWIG-3072,345263,6905,0,0,338358,INR,2026-08-12T08:25:00Z,BATCH-SWIG-3072
PO_B10_003073,Stripe India,PAYT-INV-273499 PO_B10_003073,265530,6358,0,0,259172,INR,2026-08-12T07:50:00Z,BATCH-PAYT-3073
PO_B10_003074,PayU Enterprise,NYKA-INV-167724 PO_B10_003074,288957,4375,0,0,284582,INR,2026-08-11T17:23:00Z,BATCH-NYKA-3074
PO_B10_003075,Razorpay Nodal,MYNT-INV-409364 PO_B10_003075,335982,5751,0,0,330231,INR,2026-08-12T13:59:00Z,BATCH-MYNT-3075
PO_B10_003076,Cashfree Escrow,JIOO-INV-793184 PO_B10_003076,51878,1259,0,0,50619,INR,2026-08-12T20:21:00Z,BATCH-JIOO-3076
PO_B10_003077,Stripe India,TATA-INV-434669 PO_B10_003077,30575,655,0,0,29920,INR,2026-08-12T18:25:00Z,BATCH-TATA-3077
PO_B10_003078,BillDesk Settlement,FLPK-ORD-590643 FLPK-ORD-470946 BATCH-FLPK-3078,195184,3903,0,0,191281,INR,2026-08-12T05:18:00Z,BATCH-FLPK-3078
PO_B10_003079,Cashfree Escrow,MMTR-ORD-275054 MMTR-ORD-902462 MMTR-ORD-929264 BATCH-MMTR-3079,250586,5011,0,0,245575,INR,2026-08-12T05:26:00Z,BATCH-MMTR-3079
PO_B10_003080,PayU Enterprise,OLAA-INV-203441 PO_B10_003080,169116,3026,0,0,166090,INR,2026-08-12T08:33:00Z,BATCH-OLAA-3080
PO_B10_003081,Cashfree Escrow,BLNK-INV-173444 PO_B10_003081,430755,8077,0,0,422678,INR,2026-08-12T15:53:00Z,BATCH-BLNK-3081
PO_B10_003082,PayU Enterprise,OLAA-ORD-160811 OLAA-ORD-733098 OLAA-ORD-118886 BATCH-OLAA-3082,220575,4411,0,0,216164,INR,2026-08-12T00:49:00Z,BATCH-OLAA-3082
PO_B10_003083,BillDesk Settlement,NYKA-INV-707044 PO_B10_003083,152577,2452,0,0,150125,INR,2026-08-12T10:15:00Z,BATCH-NYKA-3083
PO_B10_003084,Razorpay Nodal,OLAA-INV-777025 PO_B10_003084,276123,6611,0,0,269512,INR,2026-08-12T23:48:00Z,BATCH-OLAA-3084
PO_B10_003085,BillDesk Settlement,BLNK-INV-163498 PO_B10_003085,252524,4028,0,0,248496,INR,2026-08-12T22:41:00Z,BATCH-BLNK-3085
PO_B10_003086,Stripe India,AMZN-INV-568061 PO_B10_003086,104915,2410,0,0,102505,INR,2026-08-11T14:50:00Z,BATCH-AMZN-3086
PO_B10_003087,PayU Enterprise,OLAA-INV-643003 PO_B10_003087,292650,5491,0,0,287159,INR,2026-08-11T16:24:00Z,BATCH-OLAA-3087
PO_B10_003088,PayU Enterprise,ZOMA-INV-857803 PO_B10_003088,427720,7173,0,0,420547,INR,2026-08-12T10:30:00Z,BATCH-ZOMA-3088
PO_B10_003089,BillDesk Settlement,PHNP-INV-468977 PO_B10_003089,281623,4957,0,0,276666,INR,2026-08-11T18:56:00Z,BATCH-PHNP-3089
PO_B10_003090,PayU Enterprise,BKMS-ORD-127922 BKMS-ORD-834754 BATCH-BKMS-3090,257833,5156,0,0,252677,INR,2026-08-12T12:57:00Z,BATCH-BKMS-3090
PO_B10_003091,Razorpay Nodal,NYKA-INV-635416 PO_B10_003091,141817,2881,0,0,138936,INR,2026-08-12T05:04:00Z,BATCH-NYKA-3091
PO_B10_003092,Cashfree Escrow,TATA-INV-701631 PO_B10_003092,339524,8239,0,0,331285,INR,2026-08-12T21:50:00Z,BATCH-TATA-3092
PO_B10_003093,Razorpay Nodal,FLPK-ORD-749465 FLPK-ORD-574203 FLPK-ORD-447946 BATCH-FLPK-3093,459528,9190,0,0,450338,INR,2026-08-12T19:06:00Z,BATCH-FLPK-3093
PO_B10_003094,Stripe India,UBER-INV-348906 PO_B10_003094,100218,1594,0,0,98624,INR,2026-08-12T12:33:00Z,BATCH-UBER-3094
PO_B10_003095,Razorpay Nodal,SWIG-INV-912729 PO_B10_003095,221512,4595,0,0,216917,INR,2026-08-12T04:11:00Z,BATCH-SWIG-3095
PO_B10_003096,BillDesk Settlement,MYNT-INV-985792 PO_B10_003096,317519,5163,0,0,312356,INR,2026-08-11T22:08:00Z,BATCH-MYNT-3096
PO_B10_003097,Stripe India,MMTR-INV-729391 PO_B10_003097,351423,6596,0,0,344827,INR,2026-08-12T15:37:00Z,BATCH-MMTR-3097
PO_B10_003098,Razorpay Nodal,UBER-INV-305887 PO_B10_003098,195459,4322,0,0,191137,INR,2026-08-12T02:36:00Z,BATCH-UBER-3098
PO_B10_003099,PayU Enterprise,BKMS-ORD-840075 BKMS-ORD-975530 BATCH-BKMS-3099,120445,2408,0,0,118037,INR,2026-08-12T08:47:00Z,BATCH-BKMS-3099
PO_B10_003100,Cashfree Escrow,BBAS-ORD-441401 BBAS-ORD-225819 BBAS-ORD-350112 BATCH-BBAS-3100,150822,3016,0,0,147806,INR,2026-08-12T13:14:00Z,BATCH-BBAS-3100
PO_B10_003101,BillDesk Settlement,TATA-INV-361542 PO_B10_003101,290489,4746,0,0,285743,INR,2026-08-12T04:05:00Z,BATCH-TATA-3101
PO_B10_003102,Stripe India,NYKA-EXC-666765-UNRESOLVED,224159,4473,0,0,219686,INR,2026-08-12T16:41:00Z,HOLD-ESCROW
PO_B10_003103,Razorpay Nodal,FLPK-ORD-428675 FLPK-ORD-192167 FLPK-ORD-696406 BATCH-FLPK-3103,426046,8520,0,0,417526,INR,2026-08-12T13:37:00Z,BATCH-FLPK-3103
PO_B10_003104,Cashfree Escrow,AMZN-INV-852018 PO_B10_003104,293044,5710,0,0,287334,INR,2026-08-11T22:32:00Z,BATCH-AMZN-3104
PO_B10_003105,BillDesk Settlement,SWIG-INV-593492 PO_B10_003105,379284,7494,0,0,371790,INR,2026-08-12T05:20:00Z,BATCH-SWIG-3105
PO_B10_003106,Cashfree Escrow,BBAS-INV-789314 PO_B10_003106,159521,2664,0,0,156857,INR,2026-08-11T21:17:00Z,BATCH-BBAS-3106
PO_B10_003107,Stripe India,TATA-ORD-562572 TATA-ORD-824212 BATCH-TATA-3107,305528,6110,0,0,299418,INR,2026-08-12T01:16:00Z,BATCH-TATA-3107
PO_B10_003108,Stripe India,NYKA-INV-109292 PO_B10_003108,82337,1563,0,0,80774,INR,2026-08-12T05:55:00Z,BATCH-NYKA-3108
PO_B10_003109,PayU Enterprise,BKMS-ORD-524757 BKMS-ORD-960530 BATCH-BKMS-3109,185430,3708,0,0,181722,INR,2026-08-12T04:51:00Z,BATCH-BKMS-3109
PO_B10_003110,Razorpay Nodal,PHNP-INV-170226 PO_B10_003110,270315,5130,0,0,265185,INR,2026-08-12T14:34:00Z,BATCH-PHNP-3110
PO_B10_003111,Stripe India,BKMS-INV-929913 PO_B10_003111,130225,2973,0,0,127252,INR,2026-08-12T22:16:00Z,BATCH-BKMS-3111
PO_B10_003112,Cashfree Escrow,PAYT-ORD-536169 PAYT-ORD-806528 PAYT-ORD-754694 BATCH-PAYT-3112,483607,9672,0,0,473935,INR,2026-08-11T22:47:00Z,BATCH-PAYT-3112
PO_B10_003113,PayU Enterprise,AMZN-ORD-237542 AMZN-ORD-805508 AMZN-ORD-709601 BATCH-AMZN-3113,638204,12764,0,0,625440,INR,2026-08-12T10:47:00Z,BATCH-AMZN-3113
PO_B10_003114,Razorpay Nodal,ZOMA-INV-262750 PO_B10_003114,339446,6191,0,0,333255,INR,2026-08-12T17:30:00Z,BATCH-ZOMA-3114
PO_B10_003115,Stripe India,BBAS-INV-188780 PO_B10_003115,236422,4349,0,0,232073,INR,2026-08-12T20:29:00Z,BATCH-BBAS-3115
PO_B10_003116,Razorpay Nodal,PHNP-INV-681602 PO_B10_003116,61900,1178,0,0,60722,INR,2026-08-12T02:38:00Z,BATCH-PHNP-3116
PO_B10_003117,BillDesk Settlement,ZOMA-INV-662273 PO_B10_003117,56104,1065,0,0,55039,INR,2026-08-12T13:32:00Z,BATCH-ZOMA-3117
PO_B10_003118,Cashfree Escrow,MYNT-INV-103255 PO_B10_003118,324545,5238,0,0,319307,INR,2026-08-12T14:42:00Z,BATCH-MYNT-3118
PO_B10_003119,Cashfree Escrow,JIOO-INV-648908 PO_B10_003119,151214,3742,0,0,147472,INR,2026-08-11T22:12:00Z,BATCH-JIOO-3119
PO_B10_003120,PayU Enterprise,BLNK-INV-218177 PO_B10_003120,263817,6327,0,0,257490,INR,2026-08-11T15:33:00Z,BATCH-BLNK-3120
PO_B10_003121,PayU Enterprise,AMZN-INV-398520 PO_B10_003121,177262,3729,0,0,173533,INR,2026-08-12T10:57:00Z,BATCH-AMZN-3121
PO_B10_003122,BillDesk Settlement,BLNK-INV-688369 PO_B10_003122,414876,8723,0,0,406153,INR,2026-08-12T06:47:00Z,BATCH-BLNK-3122
PO_B10_003123,Stripe India,MMTR-INV-431415 PO_B10_003123,235800,4085,0,0,231715,INR,2026-08-12T04:30:00Z,BATCH-MMTR-3123
PO_B10_003124,PayU Enterprise,PAYT-INV-422710 PO_B10_003124,130837,3161,0,0,127676,INR,2026-08-11T20:08:00Z,BATCH-PAYT-3124
PO_B10_003125,Razorpay Nodal,TATA-INV-649787 PO_B10_003125,73967,1734,0,0,72233,INR,2026-08-12T02:40:00Z,BATCH-TATA-3125
PO_B10_003126,Cashfree Escrow,FLPK-INV-217461 PO_B10_003126,187859,4608,0,0,183251,INR,2026-08-12T18:54:00Z,BATCH-FLPK-3126
PO_B10_003127,PayU Enterprise,MMTR-INV-573500 PO_B10_003127,324782,5647,0,0,319135,INR,2026-08-12T15:18:00Z,BATCH-MMTR-3127
PO_B10_003128,Cashfree Escrow,PAYT-INV-498885 PO_B10_003128,185469,4416,0,0,181053,INR,2026-08-11T21:57:00Z,BATCH-PAYT-3128
PO_B10_003129,Stripe India,UBER-EXC-349749-UNRESOLVED,83340,1656,0,0,81684,INR,2026-08-12T19:53:00Z,HOLD-ESCROW
PO_B10_003130,BillDesk Settlement,PAYT-INV-534112 PO_B10_003130,148625,2631,0,0,145994,INR,2026-08-12T09:46:00Z,BATCH-PAYT-3130
PO_B10_003131,PayU Enterprise,TATA-INV-185978 PO_B10_003131,341408,6150,0,0,335258,INR,2026-08-12T16:59:00Z,BATCH-TATA-3131
PO_B10_003132,BillDesk Settlement,BBAS-ORD-146483 BBAS-ORD-310786 BATCH-BBAS-3132,255489,5109,0,0,250380,INR,2026-08-12T01:40:00Z,BATCH-BBAS-3132
PO_B10_003133,BillDesk Settlement,PHNP-INV-455414 PO_B10_003133,183912,4309,0,0,179603,INR,2026-08-11T18:24:00Z,BATCH-PHNP-3133
PO_B10_003134,Razorpay Nodal,AMZN-INV-785230 PO_B10_003134,330565,7544,0,0,323021,INR,2026-08-12T00:03:00Z,BATCH-AMZN-3134
PO_B10_003135,BillDesk Settlement,BKMS-EXC-304442-UNRESOLVED,231147,4612,0,0,226535,INR,2026-08-12T16:03:00Z,HOLD-ESCROW
PO_B10_003136,Stripe India,UBER-ORD-666247 UBER-ORD-349157 UBER-ORD-728667 BATCH-UBER-3136,371100,7422,0,0,363678,INR,2026-08-12T03:50:00Z,BATCH-UBER-3136
PO_B10_003137,PayU Enterprise,BLNK-INV-292291 PO_B10_003137,249613,5281,0,0,244332,INR,2026-08-12T05:43:00Z,BATCH-BLNK-3137
PO_B10_003138,Razorpay Nodal,JIOO-INV-760998 PO_B10_003138,216662,4869,0,0,211793,INR,2026-08-12T00:02:00Z,BATCH-JIOO-3138
PO_B10_003139,Stripe India,PHNP-ORD-401934 PHNP-ORD-917498 PHNP-ORD-406437 BATCH-PHNP-3139,508268,10165,0,0,498103,INR,2026-08-12T10:31:00Z,BATCH-PHNP-3139
PO_B10_003140,BillDesk Settlement,NYKA-INV-698334 PO_B10_003140,155125,2830,0,0,152295,INR,2026-08-11T17:24:00Z,BATCH-NYKA-3140
PO_B10_003141,BillDesk Settlement,BKMS-ORD-938497 BKMS-ORD-855002 BKMS-ORD-386026 BATCH-BKMS-3141,228108,4562,0,0,223546,INR,2026-08-12T20:20:00Z,BATCH-BKMS-3141
PO_B10_003142,Razorpay Nodal,OLAA-INV-861913 PO_B10_003142,143836,2408,0,0,141428,INR,2026-08-12T11:21:00Z,BATCH-OLAA-3142
PO_B10_003143,Stripe India,NYKA-INV-800133 PO_B10_003143,250761,3858,0,0,246903,INR,2026-08-12T10:11:00Z,BATCH-NYKA-3143
PO_B10_003144,Razorpay Nodal,BKMS-INV-614535 PO_B10_003144,283908,5916,0,0,277992,INR,2026-08-13T01:18:00Z,BATCH-BKMS-3144
PO_B10_003145,Stripe India,AMZN-ORD-361249 AMZN-ORD-254887 AMZN-ORD-828805 BATCH-AMZN-3145,530236,10604,0,0,519632,INR,2026-08-12T08:15:00Z,BATCH-AMZN-3145
PO_B10_003146,Razorpay Nodal,PAYT-INV-636787 PO_B10_003146,296228,5097,0,0,291131,INR,2026-08-12T16:40:00Z,BATCH-PAYT-3146
PO_B10_003147,PayU Enterprise,PHNP-INV-787523 PO_B10_003147,119987,2926,0,0,117061,INR,2026-08-12T05:14:00Z,BATCH-PHNP-3147
PO_B10_003148,PayU Enterprise,MYNT-EXC-924079-UNRESOLVED,137365,2737,0,0,134628,INR,2026-08-13T04:27:00Z,HOLD-ESCROW
PO_B10_003149,Razorpay Nodal,BLNK-ORD-464283 BLNK-ORD-404942 BLNK-ORD-438709 BATCH-BLNK-3149,185769,3715,0,0,182054,INR,2026-08-12T20:55:00Z,BATCH-BLNK-3149
PO_B10_003150,Razorpay Nodal,JIOO-INV-704656 PO_B10_003150,59483,1332,0,0,58151,INR,2026-08-12T17:42:00Z,BATCH-JIOO-3150
PO_B10_003151,Cashfree Escrow,NYKA-ORD-211643 NYKA-ORD-593909 BATCH-NYKA-3151,43486,869,0,0,42617,INR,2026-08-12T11:12:00Z,BATCH-NYKA-3151
PO_B10_003152,BillDesk Settlement,AMZN-INV-586417 PO_B10_003152,362925,6849,0,0,356076,INR,2026-08-12T21:50:00Z,BATCH-AMZN-3152
PO_B10_003153,Stripe India,OLAA-EXC-599859-UNRESOLVED,239222,4774,0,0,234448,INR,2026-08-13T00:01:00Z,HOLD-ESCROW
PO_B10_003154,PayU Enterprise,TATA-INV-989601 PO_B10_003154,303928,5175,0,0,298753,INR,2026-08-12T21:59:00Z,BATCH-TATA-3154
PO_B10_003155,BillDesk Settlement,ZOMA-INV-177735 PO_B10_003155,287150,5657,0,0,281493,INR,2026-08-11T22:38:00Z,BATCH-ZOMA-3155
PO_B10_003156,Stripe India,TATA-INV-395227 PO_B10_003156,311547,5833,0,0,305714,INR,2026-08-12T05:38:00Z,BATCH-TATA-3156
PO_B10_003157,Razorpay Nodal,BLNK-INV-896958 PO_B10_003157,249862,5639,0,0,244223,INR,2026-08-12T04:10:00Z,BATCH-BLNK-3157
PO_B10_003158,PayU Enterprise,UBER-INV-664214 PO_B10_003158,202281,4821,0,0,197460,INR,2026-08-12T10:50:00Z,BATCH-UBER-3158
PO_B10_003159,BillDesk Settlement,MYNT-INV-656749 PO_B10_003159,39583,948,0,0,38635,INR,2026-08-12T01:33:00Z,BATCH-MYNT-3159
PO_B10_003160,Cashfree Escrow,UBER-INV-439848 PO_B10_003160,96180,2208,0,0,93972,INR,2026-08-11T20:09:00Z,BATCH-UBER-3160
PO_B10_003161,BillDesk Settlement,BBAS-INV-587324 PO_B10_003161,259542,4915,0,0,254627,INR,2026-08-12T05:37:00Z,BATCH-BBAS-3161
PO_B10_003162,BillDesk Settlement,PHNP-ORD-814889 PHNP-ORD-918022 BATCH-PHNP-3162,470375,9407,0,0,460968,INR,2026-08-12T18:00:00Z,BATCH-PHNP-3162
PO_B10_003163,Stripe India,SWIG-ORD-985319 SWIG-ORD-963675 SWIG-ORD-690290 BATCH-SWIG-3163,416611,8332,0,0,408279,INR,2026-08-12T00:19:00Z,BATCH-SWIG-3163
PO_B10_003164,PayU Enterprise,UBER-INV-491948 PO_B10_003164,420601,8010,0,0,412591,INR,2026-08-11T22:58:00Z,BATCH-UBER-3164
PO_B10_003165,PayU Enterprise,ZOMA-EXC-210310-UNRESOLVED,166517,3320,0,0,163197,INR,2026-08-13T04:20:00Z,HOLD-ESCROW
PO_B10_003166,Razorpay Nodal,MMTR-ORD-520800 MMTR-ORD-824816 BATCH-MMTR-3166,227352,4547,0,0,222805,INR,2026-08-12T19:47:00Z,BATCH-MMTR-3166
PO_B10_003167,Cashfree Escrow,MYNT-EXC-461167-UNRESOLVED,87756,1745,0,0,86011,INR,2026-08-13T01:58:00Z,HOLD-ESCROW
PO_B10_003168,Razorpay Nodal,BKMS-ORD-774906 BKMS-ORD-143614 BKMS-ORD-654461 BATCH-BKMS-3168,151531,3030,0,0,148501,INR,2026-08-12T05:07:00Z,BATCH-BKMS-3168
PO_B10_003169,BillDesk Settlement,BLNK-ORD-977032 BLNK-ORD-974202 BATCH-BLNK-3169,362991,7259,0,0,355732,INR,2026-08-12T20:36:00Z,BATCH-BLNK-3169
PO_B10_003170,Cashfree Escrow,FLPK-INV-594072 PO_B10_003170,447619,9295,0,0,438324,INR,2026-08-12T04:35:00Z,BATCH-FLPK-3170
PO_B10_003171,BillDesk Settlement,PHNP-ORD-554915 PHNP-ORD-278438 PHNP-ORD-259826 BATCH-PHNP-3171,506592,10131,0,0,496461,INR,2026-08-12T13:36:00Z,BATCH-PHNP-3171
PO_B10_003172,Stripe India,UBER-INV-599169 PO_B10_003172,344573,6348,0,0,338225,INR,2026-08-12T22:46:00Z,BATCH-UBER-3172
PO_B10_003173,Razorpay Nodal,BKMS-INV-555149 PO_B10_003173,171537,4043,0,0,167494,INR,2026-08-12T14:55:00Z,BATCH-BKMS-3173
PO_B10_003174,Razorpay Nodal,PAYT-INV-831674 PO_B10_003174,80752,1526,0,0,79226,INR,2026-08-12T11:12:00Z,BATCH-PAYT-3174
PO_B10_003175,Stripe India,ZOMA-ORD-111724 ZOMA-ORD-306708 ZOMA-ORD-221741 BATCH-ZOMA-3175,506041,10120,0,0,495921,INR,2026-08-12T11:39:00Z,BATCH-ZOMA-3175
PO_B10_003176,Stripe India,FLPK-ORD-178584 FLPK-ORD-196190 BATCH-FLPK-3176,303336,6066,0,0,297270,INR,2026-08-11T21:59:00Z,BATCH-FLPK-3176
PO_B10_003177,Razorpay Nodal,OLAA-INV-483343 PO_B10_003177,422478,7041,0,0,415437,INR,2026-08-12T13:09:00Z,BATCH-OLAA-3177
PO_B10_003178,Cashfree Escrow,OLAA-INV-556656 PO_B10_003178,102596,2248,0,0,100348,INR,2026-08-12T05:11:00Z,BATCH-OLAA-3178
PO_B10_003179,Stripe India,MMTR-INV-839768 PO_B10_003179,157782,3175,0,0,154607,INR,2026-08-12T04:24:00Z,BATCH-MMTR-3179
PO_B10_003180,PayU Enterprise,PAYT-ORD-419075 PAYT-ORD-154277 BATCH-PAYT-3180,345061,6901,0,0,338160,INR,2026-08-12T12:35:00Z,BATCH-PAYT-3180
PO_B10_003181,Razorpay Nodal,AMZN-ORD-110871 AMZN-ORD-889416 AMZN-ORD-271364 BATCH-AMZN-3181,334622,6692,0,0,327930,INR,2026-08-12T14:16:00Z,BATCH-AMZN-3181
PO_B10_003182,BillDesk Settlement,SWIG-INV-130979 PO_B10_003182,84208,1294,0,0,82914,INR,2026-08-12T20:45:00Z,BATCH-SWIG-3182
PO_B10_003183,PayU Enterprise,BBAS-INV-514472 PO_B10_003183,406271,7221,0,0,399050,INR,2026-08-12T05:23:00Z,BATCH-BBAS-3183
PO_B10_003184,Razorpay Nodal,ZOMA-INV-842797 PO_B10_003184,210439,3890,0,0,206549,INR,2026-08-12T05:40:00Z,BATCH-ZOMA-3184
PO_B10_003185,BillDesk Settlement,BBAS-INV-361852 PO_B10_003185,118638,2928,0,0,115710,INR,2026-08-12T18:56:00Z,BATCH-BBAS-3185
PO_B10_003186,Cashfree Escrow,NYKA-INV-256022 PO_B10_003186,317997,7144,0,0,310853,INR,2026-08-11T22:40:00Z,BATCH-NYKA-3186
PO_B10_003187,Stripe India,BBAS-INV-532018 PO_B10_003187,104568,2558,0,0,102010,INR,2026-08-12T07:55:00Z,BATCH-BBAS-3187
PO_B10_003188,BillDesk Settlement,UBER-INV-979333 PO_B10_003188,152442,2892,0,0,149550,INR,2026-08-12T19:36:00Z,BATCH-UBER-3188
PO_B10_003189,Stripe India,AMZN-INV-504221 PO_B10_003189,165524,2555,0,0,162969,INR,2026-08-12T05:48:00Z,BATCH-AMZN-3189
PO_B10_003190,BillDesk Settlement,FLPK-INV-407999 PO_B10_003190,46502,1030,0,0,45472,INR,2026-08-11T22:14:00Z,BATCH-FLPK-3190
PO_B10_003191,PayU Enterprise,FLPK-ORD-647941 FLPK-ORD-104302 BATCH-FLPK-3191,280886,5617,0,0,275269,INR,2026-08-12T20:24:00Z,BATCH-FLPK-3191
PO_B10_003192,Razorpay Nodal,NYKA-INV-633605 PO_B10_003192,119264,2108,0,0,117156,INR,2026-08-12T02:33:00Z,BATCH-NYKA-3192
PO_B10_003193,Razorpay Nodal,AMZN-ORD-506371 AMZN-ORD-575820 BATCH-AMZN-3193,134375,2687,0,0,131688,INR,2026-08-12T10:19:00Z,BATCH-AMZN-3193
PO_B10_003194,PayU Enterprise,TATA-INV-991997 PO_B10_003194,41772,947,0,0,40825,INR,2026-08-11T22:57:00Z,BATCH-TATA-3194
PO_B10_003195,PayU Enterprise,FLPK-ORD-614842 FLPK-ORD-878083 BATCH-FLPK-3195,210940,4218,0,0,206722,INR,2026-08-12T11:39:00Z,BATCH-FLPK-3195
PO_B10_003196,PayU Enterprise,ZOMA-INV-692006 PO_B10_003196,137929,2523,0,0,135406,INR,2026-08-12T12:53:00Z,BATCH-ZOMA-3196
PO_B10_003197,Stripe India,MYNT-INV-460359 PO_B10_003197,203642,4793,0,0,198849,INR,2026-08-12T08:03:00Z,BATCH-MYNT-3197
PO_B10_003198,Stripe India,SWIG-INV-963551 PO_B10_003198,86725,1837,0,0,84888,INR,2026-08-12T10:06:00Z,BATCH-SWIG-3198
PO_B10_003199,Cashfree Escrow,BKMS-ORD-859564 BKMS-ORD-775876 BATCH-BKMS-3199,473465,9469,0,0,463996,INR,2026-08-12T03:59:00Z,BATCH-BKMS-3199
PO_B10_003200,Stripe India,BLNK-INV-667988 PO_B10_003200,356614,7490,0,0,349124,INR,2026-08-12T00:00:00Z,BATCH-BLNK-3200
PO_B10_003201,Stripe India,MMTR-ORD-695770 MMTR-ORD-204144 MMTR-ORD-979490 BATCH-MMTR-3201,329031,6580,0,0,322451,INR,2026-08-12T01:51:00Z,BATCH-MMTR-3201
PO_B10_003202,BillDesk Settlement,TATA-ORD-719336 TATA-ORD-539359 BATCH-TATA-3202,288495,5769,0,0,282726,INR,2026-08-12T18:46:00Z,BATCH-TATA-3202
PO_B10_003203,Cashfree Escrow,SWIG-INV-126829 PO_B10_003203,356928,6476,0,0,350452,INR,2026-08-12T04:01:00Z,BATCH-SWIG-3203
PO_B10_003204,BillDesk Settlement,SWIG-INV-683477 PO_B10_003204,400442,7956,0,0,392486,INR,2026-08-12T08:43:00Z,BATCH-SWIG-3204
PO_B10_003205,Razorpay Nodal,ZOMA-INV-227481 PO_B10_003205,37132,602,0,0,36530,INR,2026-08-12T14:32:00Z,BATCH-ZOMA-3205
PO_B10_003206,Stripe India,BBAS-INV-787304 PO_B10_003206,222447,5014,0,0,217433,INR,2026-08-11T18:28:00Z,BATCH-BBAS-3206
PO_B10_003207,PayU Enterprise,FLPK-INV-676769 PO_B10_003207,256153,5196,0,0,250957,INR,2026-08-11T23:44:00Z,BATCH-FLPK-3207
PO_B10_003208,Stripe India,ZOMA-INV-594194 PO_B10_003208,424067,8437,0,0,415630,INR,2026-08-11T14:34:00Z,BATCH-ZOMA-3208
PO_B10_003209,Cashfree Escrow,BLNK-INV-138658 PO_B10_003209,56931,1050,0,0,55881,INR,2026-08-11T22:43:00Z,BATCH-BLNK-3209
PO_B10_003210,BillDesk Settlement,JIOO-INV-522557 PO_B10_003210,312692,6294,0,0,306398,INR,2026-08-12T16:58:00Z,BATCH-JIOO-3210
PO_B10_003211,BillDesk Settlement,PHNP-INV-348699 PO_B10_003211,387632,7142,0,0,380490,INR,2026-08-12T19:09:00Z,BATCH-PHNP-3211
PO_B10_003212,Razorpay Nodal,FLPK-INV-675720 PO_B10_003212,349316,8087,0,0,341229,INR,2026-08-12T14:40:00Z,BATCH-FLPK-3212
PO_B10_003213,Stripe India,SWIG-INV-687196 PO_B10_003213,417477,7209,0,0,410268,INR,2026-08-12T23:53:00Z,BATCH-SWIG-3213
PO_B10_003214,Razorpay Nodal,PHNP-INV-749436 PO_B10_003214,419408,7330,0,0,412078,INR,2026-08-12T16:54:00Z,BATCH-PHNP-3214
PO_B10_003215,Cashfree Escrow,BBAS-INV-438875 PO_B10_003215,434687,7421,0,0,427266,INR,2026-08-12T08:25:00Z,BATCH-BBAS-3215
PO_B10_003216,Cashfree Escrow,NYKA-INV-339225 PO_B10_003216,252759,5591,0,0,247168,INR,2026-08-12T06:17:00Z,BATCH-NYKA-3216
PO_B10_003217,BillDesk Settlement,OLAA-ORD-534206 OLAA-ORD-710761 BATCH-OLAA-3217,161565,3231,0,0,158334,INR,2026-08-11T23:26:00Z,BATCH-OLAA-3217
PO_B10_003218,BillDesk Settlement,BLNK-INV-498037 PO_B10_003218,367493,8867,0,0,358626,INR,2026-08-12T04:15:00Z,BATCH-BLNK-3218
PO_B10_003219,BillDesk Settlement,FLPK-INV-713924 PO_B10_003219,121585,2027,0,0,119558,INR,2026-08-12T05:58:00Z,BATCH-FLPK-3219
PO_B10_003220,PayU Enterprise,SWIG-ORD-701355 SWIG-ORD-433305 SWIG-ORD-470402 BATCH-SWIG-3220,355493,7109,0,0,348384,INR,2026-08-12T15:07:00Z,BATCH-SWIG-3220
PO_B10_003221,Razorpay Nodal,MMTR-ORD-132721 MMTR-ORD-961330 BATCH-MMTR-3221,292761,5855,0,0,286906,INR,2026-08-12T08:31:00Z,BATCH-MMTR-3221
PO_B10_003222,PayU Enterprise,MMTR-INV-448216 PO_B10_003222,322016,5732,0,0,316284,INR,2026-08-12T13:29:00Z,BATCH-MMTR-3222
PO_B10_003223,BillDesk Settlement,OLAA-INV-653537 PO_B10_003223,56206,1282,0,0,54924,INR,2026-08-12T03:23:00Z,BATCH-OLAA-3223
PO_B10_003224,Razorpay Nodal,AMZN-INV-662891 PO_B10_003224,357441,8374,0,0,349067,INR,2026-08-12T05:28:00Z,BATCH-AMZN-3224
PO_B10_003225,BillDesk Settlement,BLNK-ORD-238657 BLNK-ORD-506755 BATCH-BLNK-3225,210447,4208,0,0,206239,INR,2026-08-12T17:56:00Z,BATCH-BLNK-3225
PO_B10_003226,Cashfree Escrow,AMZN-INV-989432 PO_B10_003226,364433,6576,0,0,357857,INR,2026-08-12T08:56:00Z,BATCH-AMZN-3226
PO_B10_003227,BillDesk Settlement,TATA-INV-498344 PO_B10_003227,100369,2441,0,0,97928,INR,2026-08-12T12:48:00Z,BATCH-TATA-3227
PO_B10_003228,Cashfree Escrow,TATA-INV-149537 PO_B10_003228,311798,5502,0,0,306296,INR,2026-08-12T06:59:00Z,BATCH-TATA-3228
PO_B10_003229,Cashfree Escrow,UBER-INV-131430 PO_B10_003229,177538,4172,0,0,173366,INR,2026-08-12T21:52:00Z,BATCH-UBER-3229
PO_B10_003230,Stripe India,PAYT-INV-425081 PO_B10_003230,212874,3642,0,0,209232,INR,2026-08-12T19:36:00Z,BATCH-PAYT-3230
PO_B10_003231,Razorpay Nodal,PAYT-INV-843681 PO_B10_003231,228498,4600,0,0,223898,INR,2026-08-12T01:16:00Z,BATCH-PAYT-3231
PO_B10_003232,Stripe India,MMTR-ORD-544563 MMTR-ORD-344102 MMTR-ORD-446928 BATCH-MMTR-3232,342340,6846,0,0,335494,INR,2026-08-12T06:06:00Z,BATCH-MMTR-3232
PO_B10_003233,Cashfree Escrow,PHNP-ORD-453970 PHNP-ORD-238356 PHNP-ORD-735989 BATCH-PHNP-3233,402468,8049,0,0,394419,INR,2026-08-12T15:33:00Z,BATCH-PHNP-3233
PO_B10_003234,Cashfree Escrow,BKMS-ORD-209752 BKMS-ORD-754094 BKMS-ORD-149310 BATCH-BKMS-3234,640995,12819,0,0,628176,INR,2026-08-12T05:35:00Z,BATCH-BKMS-3234
PO_B10_003235,Stripe India,PAYT-INV-953697 PO_B10_003235,199498,3395,0,0,196103,INR,2026-08-11T15:21:00Z,BATCH-PAYT-3235
PO_B10_003236,PayU Enterprise,BLNK-EXC-369464-UNRESOLVED,233614,4662,0,0,228952,INR,2026-08-12T22:19:00Z,HOLD-ESCROW
PO_B10_003237,Stripe India,MMTR-INV-404906 PO_B10_003237,104238,2328,0,0,101910,INR,2026-08-12T12:15:00Z,BATCH-MMTR-3237
PO_B10_003238,PayU Enterprise,JIOO-ORD-697069 JIOO-ORD-737410 JIOO-ORD-521363 BATCH-JIOO-3238,324128,6482,0,0,317646,INR,2026-08-11T22:31:00Z,BATCH-JIOO-3238
PO_B10_003239,BillDesk Settlement,NYKA-ORD-849372 NYKA-ORD-999098 NYKA-ORD-393884 BATCH-NYKA-3239,305494,6109,0,0,299385,INR,2026-08-12T06:17:00Z,BATCH-NYKA-3239
PO_B10_003240,Stripe India,UBER-INV-842050 PO_B10_003240,68839,1408,0,0,67431,INR,2026-08-12T05:28:00Z,BATCH-UBER-3240
PO_B10_003241,BillDesk Settlement,JIOO-INV-460242 PO_B10_003241,380061,7624,0,0,372437,INR,2026-08-12T16:13:00Z,BATCH-JIOO-3241
PO_B10_003242,Stripe India,MMTR-ORD-260069 MMTR-ORD-497898 MMTR-ORD-329155 BATCH-MMTR-3242,473200,9464,0,0,463736,INR,2026-08-12T14:58:00Z,BATCH-MMTR-3242
PO_B10_003243,PayU Enterprise,NYKA-INV-531238 PO_B10_003243,71297,1449,0,0,69848,INR,2026-08-12T17:23:00Z,BATCH-NYKA-3243
PO_B10_003244,Stripe India,AMZN-INV-671281 PO_B10_003244,89714,2100,0,0,87614,INR,2026-08-12T03:10:00Z,BATCH-AMZN-3244
PO_B10_003245,Razorpay Nodal,BLNK-INV-572031 PO_B10_003245,112008,2718,0,0,109290,INR,2026-08-11T22:46:00Z,BATCH-BLNK-3245
PO_B10_003246,Stripe India,BKMS-INV-432708 PO_B10_003246,196324,4806,0,0,191518,INR,2026-08-12T08:09:00Z,BATCH-BKMS-3246
PO_B10_003247,Razorpay Nodal,PAYT-INV-528825 PO_B10_003247,294261,5245,0,0,289016,INR,2026-08-12T02:14:00Z,BATCH-PAYT-3247
PO_B10_003248,Razorpay Nodal,TATA-INV-793727 PO_B10_003248,25630,621,0,0,25009,INR,2026-08-12T06:01:00Z,BATCH-TATA-3248
PO_B10_003249,Cashfree Escrow,JIOO-EXC-139940-UNRESOLVED,257466,5139,0,0,252327,INR,2026-08-13T07:38:00Z,HOLD-ESCROW
PO_B10_003250,BillDesk Settlement,PAYT-INV-570545 PO_B10_003250,310223,6633,0,0,303590,INR,2026-08-12T01:41:00Z,BATCH-PAYT-3250
PO_B10_003251,Stripe India,PAYT-ORD-524039 PAYT-ORD-604445 BATCH-PAYT-3251,244427,4888,0,0,239539,INR,2026-08-12T02:48:00Z,BATCH-PAYT-3251
PO_B10_003252,BillDesk Settlement,BLNK-INV-276802 PO_B10_003252,233878,4137,0,0,229741,INR,2026-08-12T07:45:00Z,BATCH-BLNK-3252
PO_B10_003253,Razorpay Nodal,MMTR-ORD-422440 MMTR-ORD-514204 MMTR-ORD-243577 BATCH-MMTR-3253,486955,9739,0,0,477216,INR,2026-08-12T01:29:00Z,BATCH-MMTR-3253
PO_B10_003254,BillDesk Settlement,AMZN-INV-718746 PO_B10_003254,88683,1959,0,0,86724,INR,2026-08-11T23:09:00Z,BATCH-AMZN-3254
PO_B10_003255,Stripe India,JIOO-INV-281165 PO_B10_003255,134056,2335,0,0,131721,INR,2026-08-11T20:30:00Z,BATCH-JIOO-3255
PO_B10_003256,PayU Enterprise,PHNP-INV-528983 PO_B10_003256,167306,3115,0,0,164191,INR,2026-08-11T18:21:00Z,BATCH-PHNP-3256
PO_B10_003257,Stripe India,MYNT-INV-968030 PO_B10_003257,126006,3055,0,0,122951,INR,2026-08-12T08:10:00Z,BATCH-MYNT-3257
PO_B10_003258,PayU Enterprise,ZOMA-INV-580954 PO_B10_003258,35885,824,0,0,35061,INR,2026-08-12T11:33:00Z,BATCH-ZOMA-3258
PO_B10_003259,PayU Enterprise,MYNT-INV-961974 PO_B10_003259,403355,7531,0,0,395824,INR,2026-08-12T16:43:00Z,BATCH-MYNT-3259
PO_B10_003260,BillDesk Settlement,SWIG-INV-861221 PO_B10_003260,448484,8076,0,0,440408,INR,2026-08-12T05:37:00Z,BATCH-SWIG-3260
PO_B10_003261,Cashfree Escrow,BBAS-INV-631742 PO_B10_003261,443436,9717,0,0,433719,INR,2026-08-11T20:45:00Z,BATCH-BBAS-3261
PO_B10_003262,PayU Enterprise,UBER-INV-778064 PO_B10_003262,262572,4727,0,0,257845,INR,2026-08-12T06:13:00Z,BATCH-UBER-3262
PO_B10_003263,Razorpay Nodal,BLNK-INV-325349 PO_B10_003263,371195,9216,0,0,361979,INR,2026-08-12T02:52:00Z,BATCH-BLNK-3263
PO_B10_003264,Razorpay Nodal,MMTR-INV-843108 PO_B10_003264,134980,3261,0,0,131719,INR,2026-08-11T23:16:00Z,BATCH-MMTR-3264
PO_B10_003265,PayU Enterprise,AMZN-INV-877841 PO_B10_003265,224443,4784,0,0,219659,INR,2026-08-12T05:45:00Z,BATCH-AMZN-3265
PO_B10_003266,Cashfree Escrow,BBAS-INV-132018 PO_B10_003266,64433,1329,0,0,63104,INR,2026-08-12T04:22:00Z,BATCH-BBAS-3266
PO_B10_003267,Razorpay Nodal,ZOMA-ORD-890917 ZOMA-ORD-928813 BATCH-ZOMA-3267,244775,4895,0,0,239880,INR,2026-08-12T19:29:00Z,BATCH-ZOMA-3267
PO_B10_003268,BillDesk Settlement,BBAS-INV-395856 PO_B10_003268,189359,3464,0,0,185895,INR,2026-08-12T11:54:00Z,BATCH-BBAS-3268
PO_B10_003269,Razorpay Nodal,JIOO-INV-201412 PO_B10_003269,346421,6602,0,0,339819,INR,2026-08-12T08:35:00Z,BATCH-JIOO-3269
PO_B10_003270,BillDesk Settlement,ZOMA-INV-788053 PO_B10_003270,284071,5270,0,0,278801,INR,2026-08-12T15:07:00Z,BATCH-ZOMA-3270
PO_B10_003271,Razorpay Nodal,UBER-INV-392243 PO_B10_003271,47273,1046,0,0,46227,INR,2026-08-12T20:45:00Z,BATCH-UBER-3271
PO_B10_003272,Razorpay Nodal,NYKA-INV-840087 PO_B10_003272,236846,5235,0,0,231611,INR,2026-08-12T01:43:00Z,BATCH-NYKA-3272
PO_B10_003273,PayU Enterprise,PHNP-ORD-445494 PHNP-ORD-360696 PHNP-ORD-162256 BATCH-PHNP-3273,650152,13003,0,0,637149,INR,2026-08-11T22:04:00Z,BATCH-PHNP-3273
PO_B10_003274,Cashfree Escrow,ZOMA-INV-692459 PO_B10_003274,388070,8328,0,0,379742,INR,2026-08-12T05:21:00Z,BATCH-ZOMA-3274
PO_B10_003275,Razorpay Nodal,TATA-INV-634811 PO_B10_003275,164790,3647,0,0,161143,INR,2026-08-11T23:42:00Z,BATCH-TATA-3275
PO_B10_003276,Cashfree Escrow,BBAS-INV-281552 PO_B10_003276,188825,3102,0,0,185723,INR,2026-08-12T00:19:00Z,BATCH-BBAS-3276
PO_B10_003277,Cashfree Escrow,OLAA-INV-775407 PO_B10_003277,355911,5717,0,0,350194,INR,2026-08-12T11:16:00Z,BATCH-OLAA-3277
PO_B10_003278,PayU Enterprise,NYKA-INV-312970 PO_B10_003278,351751,7269,0,0,344482,INR,2026-08-12T00:20:00Z,BATCH-NYKA-3278
PO_B10_003279,BillDesk Settlement,AMZN-INV-531503 PO_B10_003279,277295,5288,0,0,272007,INR,2026-08-12T17:04:00Z,BATCH-AMZN-3279
PO_B10_003280,Cashfree Escrow,MYNT-INV-694808 PO_B10_003280,79514,1496,0,0,78018,INR,2026-08-12T01:00:00Z,BATCH-MYNT-3280
PO_B10_003281,BillDesk Settlement,BBAS-INV-200252 PO_B10_003281,44708,1020,0,0,43688,INR,2026-08-12T09:25:00Z,BATCH-BBAS-3281
PO_B10_003282,Razorpay Nodal,BKMS-INV-654758 PO_B10_003282,248730,3806,0,0,244924,INR,2026-08-11T23:12:00Z,BATCH-BKMS-3282
PO_B10_003283,Razorpay Nodal,SWIG-INV-325662 PO_B10_003283,274281,4756,0,0,269525,INR,2026-08-12T02:35:00Z,BATCH-SWIG-3283
PO_B10_003284,Stripe India,PAYT-INV-795790 PO_B10_003284,363062,7365,0,0,355697,INR,2026-08-12T03:33:00Z,BATCH-PAYT-3284
PO_B10_003285,PayU Enterprise,MYNT-INV-929345 PO_B10_003285,410333,9750,0,0,400583,INR,2026-08-12T06:08:00Z,BATCH-MYNT-3285
PO_B10_003286,BillDesk Settlement,PHNP-INV-688244 PO_B10_003286,324166,7329,0,0,316837,INR,2026-08-11T15:25:00Z,BATCH-PHNP-3286
PO_B10_003287,Cashfree Escrow,TATA-INV-424408 PO_B10_003287,419377,8299,0,0,411078,INR,2026-08-11T17:25:00Z,BATCH-TATA-3287
PO_B10_003288,Stripe India,NYKA-INV-999014 PO_B10_003288,145066,3532,0,0,141534,INR,2026-08-12T09:41:00Z,BATCH-NYKA-3288
PO_B10_003289,Stripe India,SWIG-INV-400947 PO_B10_003289,316412,7613,0,0,308799,INR,2026-08-11T18:14:00Z,BATCH-SWIG-3289
PO_B10_003290,Stripe India,PHNP-INV-839553 PO_B10_003290,430558,7591,0,0,422967,INR,2026-08-12T01:58:00Z,BATCH-PHNP-3290
PO_B10_003291,PayU Enterprise,SWIG-INV-165942 PO_B10_003291,279606,5057,0,0,274549,INR,2026-08-12T16:09:00Z,BATCH-SWIG-3291
PO_B10_003292,Cashfree Escrow,ZOMA-INV-651000 PO_B10_003292,229176,4242,0,0,224934,INR,2026-08-12T16:46:00Z,BATCH-ZOMA-3292
PO_B10_003293,Stripe India,JIOO-INV-467901 PO_B10_003293,88860,2132,0,0,86728,INR,2026-08-12T17:21:00Z,BATCH-JIOO-3293
PO_B10_003294,BillDesk Settlement,TATA-INV-376380 PO_B10_003294,81604,1669,0,0,79935,INR,2026-08-12T09:02:00Z,BATCH-TATA-3294
PO_B10_003295,Razorpay Nodal,MYNT-INV-790526 PO_B10_003295,55089,973,0,0,54116,INR,2026-08-11T23:59:00Z,BATCH-MYNT-3295
PO_B10_003296,PayU Enterprise,NYKA-INV-822618 PO_B10_003296,359365,7197,0,0,352168,INR,2026-08-12T11:35:00Z,BATCH-NYKA-3296
PO_B10_003297,Cashfree Escrow,BKMS-ORD-243742 BKMS-ORD-286946 BKMS-ORD-145309 BATCH-BKMS-3297,408172,8163,0,0,400009,INR,2026-08-12T18:45:00Z,BATCH-BKMS-3297
PO_B10_003298,Cashfree Escrow,TATA-ORD-132971 TATA-ORD-975520 TATA-ORD-210093 BATCH-TATA-3298,249592,4991,0,0,244601,INR,2026-08-12T04:12:00Z,BATCH-TATA-3298
PO_B10_003299,Stripe India,BKMS-INV-190218 PO_B10_003299,42350,753,0,0,41597,INR,2026-08-12T05:09:00Z,BATCH-BKMS-3299
PO_B10_003300,Razorpay Nodal,BLNK-ORD-129630 BLNK-ORD-646053 BATCH-BLNK-3300,401228,8024,0,0,393204,INR,2026-08-11T23:40:00Z,BATCH-BLNK-3300
PO_B10_003301,Stripe India,BBAS-ORD-406020 BBAS-ORD-265026 BBAS-ORD-948592 BATCH-BBAS-3301,412728,8254,0,0,404474,INR,2026-08-12T04:13:00Z,BATCH-BBAS-3301
PO_B10_003302,Stripe India,FLPK-INV-706789 PO_B10_003302,43735,978,0,0,42757,INR,2026-08-12T13:20:00Z,BATCH-FLPK-3302
PO_B10_003303,PayU Enterprise,TATA-ORD-180533 TATA-ORD-910441 BATCH-TATA-3303,345278,6905,0,0,338373,INR,2026-08-11T21:37:00Z,BATCH-TATA-3303
PO_B10_003304,Cashfree Escrow,AMZN-INV-753628 PO_B10_003304,270563,6382,0,0,264181,INR,2026-08-12T15:00:00Z,BATCH-AMZN-3304
PO_B10_003305,Cashfree Escrow,UBER-ORD-640141 UBER-ORD-100474 UBER-ORD-847607 BATCH-UBER-3305,650277,13005,0,0,637272,INR,2026-08-12T16:15:00Z,BATCH-UBER-3305
PO_B10_003306,Cashfree Escrow,OLAA-INV-310595 PO_B10_003306,252954,5817,0,0,247137,INR,2026-08-12T12:26:00Z,BATCH-OLAA-3306
PO_B10_003307,BillDesk Settlement,SWIG-INV-239088 PO_B10_003307,333669,7192,0,0,326477,INR,2026-08-11T23:34:00Z,BATCH-SWIG-3307
PO_B10_003308,Stripe India,BLNK-INV-861805 PO_B10_003308,427781,10501,0,0,417280,INR,2026-08-12T18:52:00Z,BATCH-BLNK-3308
PO_B10_003309,PayU Enterprise,TATA-INV-372211 PO_B10_003309,251341,4489,0,0,246852,INR,2026-08-12T16:47:00Z,BATCH-TATA-3309
PO_B10_003310,BillDesk Settlement,PHNP-INV-414592 PO_B10_003310,433217,9456,0,0,423761,INR,2026-08-12T04:31:00Z,BATCH-PHNP-3310
PO_B10_003311,Razorpay Nodal,PAYT-INV-747969 PO_B10_003311,135303,2874,0,0,132429,INR,2026-08-12T20:29:00Z,BATCH-PAYT-3311
PO_B10_003312,PayU Enterprise,FLPK-INV-632728 PO_B10_003312,445255,9199,0,0,436056,INR,2026-08-12T19:46:00Z,BATCH-FLPK-3312
PO_B10_003313,Razorpay Nodal,JIOO-INV-268911 PO_B10_003313,94083,1737,0,0,92346,INR,2026-08-12T14:35:00Z,BATCH-JIOO-3313
PO_B10_003314,BillDesk Settlement,NYKA-ORD-192935 NYKA-ORD-977040 BATCH-NYKA-3314,278862,5577,0,0,273285,INR,2026-08-12T15:35:00Z,BATCH-NYKA-3314
PO_B10_003315,BillDesk Settlement,OLAA-INV-918804 PO_B10_003315,103271,2536,0,0,100735,INR,2026-08-11T18:30:00Z,BATCH-OLAA-3315
PO_B10_003316,BillDesk Settlement,OLAA-ORD-306826 OLAA-ORD-519154 BATCH-OLAA-3316,324057,6481,0,0,317576,INR,2026-08-12T18:01:00Z,BATCH-OLAA-3316
PO_B10_003317,Stripe India,MMTR-INV-596253 PO_B10_003317,288112,4550,0,0,283562,INR,2026-08-12T17:44:00Z,BATCH-MMTR-3317
PO_B10_003318,BillDesk Settlement,BBAS-INV-243921 PO_B10_003318,88866,1692,0,0,87174,INR,2026-08-12T00:48:00Z,BATCH-BBAS-3318
PO_B10_003319,Stripe India,BKMS-INV-455055 PO_B10_003319,68244,1484,0,0,66760,INR,2026-08-12T05:44:00Z,BATCH-BKMS-3319
PO_B10_003320,Stripe India,MYNT-INV-135125 PO_B10_003320,229745,3998,0,0,225747,INR,2026-08-12T04:03:00Z,BATCH-MYNT-3320
PO_B10_003321,Cashfree Escrow,PHNP-INV-525777 PO_B10_003321,318460,6039,0,0,312421,INR,2026-08-12T15:09:00Z,BATCH-PHNP-3321
PO_B10_003322,Stripe India,BKMS-INV-216620 PO_B10_003322,121644,2441,0,0,119203,INR,2026-08-11T20:53:00Z,BATCH-BKMS-3322
PO_B10_003323,Razorpay Nodal,BLNK-ORD-989632 BLNK-ORD-857591 BLNK-ORD-738574 BATCH-BLNK-3323,365565,7311,0,0,358254,INR,2026-08-12T15:11:00Z,BATCH-BLNK-3323
PO_B10_003324,Stripe India,BKMS-INV-108977 PO_B10_003324,53203,858,0,0,52345,INR,2026-08-11T18:14:00Z,BATCH-BKMS-3324
PO_B10_003325,Stripe India,TATA-INV-484606 PO_B10_003325,171553,2692,0,0,168861,INR,2026-08-11T17:31:00Z,BATCH-TATA-3325
PO_B10_003326,Stripe India,PAYT-INV-563831 PO_B10_003326,240172,5115,0,0,235057,INR,2026-08-12T14:26:00Z,BATCH-PAYT-3326
PO_B10_003327,Cashfree Escrow,TATA-INV-247442 PO_B10_003327,336535,7993,0,0,328542,INR,2026-08-12T02:40:00Z,BATCH-TATA-3327
PO_B10_003328,Cashfree Escrow,BBAS-INV-831044 PO_B10_003328,382709,7219,0,0,375490,INR,2026-08-12T10:40:00Z,BATCH-BBAS-3328
PO_B10_003329,PayU Enterprise,ZOMA-INV-215751 PO_B10_003329,208016,4418,0,0,203598,INR,2026-08-12T10:58:00Z,BATCH-ZOMA-3329
PO_B10_003330,Cashfree Escrow,UBER-INV-418889 PO_B10_003330,406801,7653,0,0,399148,INR,2026-08-12T20:43:00Z,BATCH-UBER-3330
PO_B10_003331,Stripe India,PHNP-ORD-423507 PHNP-ORD-103280 PHNP-ORD-705905 BATCH-PHNP-3331,433889,8677,0,0,425212,INR,2026-08-12T07:41:00Z,BATCH-PHNP-3331
PO_B10_003332,Stripe India,UBER-INV-526738 PO_B10_003332,148954,3299,0,0,145655,INR,2026-08-12T18:01:00Z,BATCH-UBER-3332
PO_B10_003333,Stripe India,JIOO-ORD-522786 JIOO-ORD-589953 JIOO-ORD-300084 BATCH-JIOO-3333,355827,7116,0,0,348711,INR,2026-08-12T03:19:00Z,BATCH-JIOO-3333
PO_B10_003334,Stripe India,UBER-ORD-597391 UBER-ORD-390441 BATCH-UBER-3334,181956,3639,0,0,178317,INR,2026-08-12T15:42:00Z,BATCH-UBER-3334
PO_B10_003335,BillDesk Settlement,SWIG-INV-754970 PO_B10_003335,188671,3910,0,0,184761,INR,2026-08-12T11:59:00Z,BATCH-SWIG-3335
PO_B10_003336,BillDesk Settlement,BBAS-INV-206482 PO_B10_003336,65436,995,0,0,64441,INR,2026-08-11T17:05:00Z,BATCH-BBAS-3336
PO_B10_003337,Stripe India,ZOMA-INV-564312 PO_B10_003337,378752,6014,0,0,372738,INR,2026-08-12T09:34:00Z,BATCH-ZOMA-3337
PO_B10_003338,Cashfree Escrow,BLNK-INV-681982 PO_B10_003338,28237,663,0,0,27574,INR,2026-08-12T05:47:00Z,BATCH-BLNK-3338
PO_B10_003339,Stripe India,BKMS-ORD-756640 BKMS-ORD-984528 BKMS-ORD-815093 BATCH-BKMS-3339,381726,7634,0,0,374092,INR,2026-08-12T16:36:00Z,BATCH-BKMS-3339
PO_B10_003340,Razorpay Nodal,TATA-ORD-174198 TATA-ORD-978114 BATCH-TATA-3340,290025,5800,0,0,284225,INR,2026-08-12T09:31:00Z,BATCH-TATA-3340
PO_B10_003341,Stripe India,BKMS-INV-743561 PO_B10_003341,88090,1779,0,0,86311,INR,2026-08-12T05:48:00Z,BATCH-BKMS-3341
PO_B10_003342,Cashfree Escrow,FLPK-INV-953261 PO_B10_003342,134508,2583,0,0,131925,INR,2026-08-12T19:11:00Z,BATCH-FLPK-3342
PO_B10_003343,Stripe India,OLAA-INV-243055 PO_B10_003343,184541,3457,0,0,181084,INR,2026-08-12T16:22:00Z,BATCH-OLAA-3343
PO_B10_003344,Razorpay Nodal,SWIG-INV-709158 PO_B10_003344,226479,3792,0,0,222687,INR,2026-08-12T18:22:00Z,BATCH-SWIG-3344
PO_B10_003345,BillDesk Settlement,NYKA-ORD-669598 NYKA-ORD-259361 NYKA-ORD-269021 BATCH-NYKA-3345,564147,11282,0,0,552865,INR,2026-08-12T09:53:00Z,BATCH-NYKA-3345
PO_B10_003346,PayU Enterprise,UBER-ORD-862029 UBER-ORD-722260 BATCH-UBER-3346,204204,4084,0,0,200120,INR,2026-08-11T22:09:00Z,BATCH-UBER-3346
PO_B10_003347,Stripe India,TATA-INV-240204 PO_B10_003347,101440,2155,0,0,99285,INR,2026-08-12T11:59:00Z,BATCH-TATA-3347
PO_B10_003348,Stripe India,FLPK-INV-280600 PO_B10_003348,297072,5051,0,0,292021,INR,2026-08-12T06:57:00Z,BATCH-FLPK-3348
PO_B10_003349,Stripe India,FLPK-INV-376191 PO_B10_003349,75076,1645,0,0,73431,INR,2026-08-11T14:04:00Z,BATCH-FLPK-3349
PO_B10_003350,PayU Enterprise,PHNP-ORD-466304 PHNP-ORD-295875 PHNP-ORD-426258 BATCH-PHNP-3350,400117,8002,0,0,392115,INR,2026-08-12T13:26:00Z,BATCH-PHNP-3350
PO_B10_003351,Cashfree Escrow,OLAA-INV-742624 PO_B10_003351,165929,2692,0,0,163237,INR,2026-08-12T19:48:00Z,BATCH-OLAA-3351
PO_B10_003352,PayU Enterprise,TATA-INV-389127 PO_B10_003352,444102,9513,0,0,434589,INR,2026-08-12T03:22:00Z,BATCH-TATA-3352
PO_B10_003353,Stripe India,BKMS-INV-551643 PO_B10_003353,325172,6883,0,0,318289,INR,2026-08-11T22:28:00Z,BATCH-BKMS-3353
PO_B10_003354,BillDesk Settlement,MMTR-INV-327851 PO_B10_003354,48720,1191,0,0,47529,INR,2026-08-12T07:13:00Z,BATCH-MMTR-3354
PO_B10_003355,Stripe India,PHNP-INV-298117 PO_B10_003355,417437,6947,0,0,410490,INR,2026-08-11T23:50:00Z,BATCH-PHNP-3355
PO_B10_003356,Razorpay Nodal,BKMS-INV-374993 PO_B10_003356,181675,3864,0,0,177811,INR,2026-08-12T09:06:00Z,BATCH-BKMS-3356
PO_B10_003357,Cashfree Escrow,BKMS-EXC-969544-UNRESOLVED,115192,2293,0,0,112899,INR,2026-08-13T05:23:00Z,HOLD-ESCROW
PO_B10_003358,Razorpay Nodal,ZOMA-INV-205626 PO_B10_003358,112493,1809,0,0,110684,INR,2026-08-12T04:34:00Z,BATCH-ZOMA-3358
PO_B10_003359,BillDesk Settlement,SWIG-INV-552746 PO_B10_003359,188926,3374,0,0,185552,INR,2026-08-12T11:38:00Z,BATCH-SWIG-3359
PO_B10_003360,BillDesk Settlement,NYKA-INV-331570 PO_B10_003360,41211,674,0,0,40537,INR,2026-08-12T00:35:00Z,BATCH-NYKA-3360
PO_B10_003361,PayU Enterprise,BLNK-INV-547149 PO_B10_003361,243115,6015,0,0,237100,INR,2026-08-12T00:41:00Z,BATCH-BLNK-3361
PO_B10_003362,BillDesk Settlement,MMTR-ORD-938374 MMTR-ORD-582899 BATCH-MMTR-3362,193870,3877,0,0,189993,INR,2026-08-12T14:20:00Z,BATCH-MMTR-3362
PO_B10_003363,BillDesk Settlement,MYNT-INV-876503 PO_B10_003363,55450,969,0,0,54481,INR,2026-08-12T02:14:00Z,BATCH-MYNT-3363
PO_B10_003364,Stripe India,PAYT-EXC-714064-UNRESOLVED,77934,1548,0,0,76386,INR,2026-08-12T11:04:00Z,HOLD-ESCROW
PO_B10_003365,PayU Enterprise,MYNT-INV-236717 PO_B10_003365,396164,6187,0,0,389977,INR,2026-08-12T20:46:00Z,BATCH-MYNT-3365
PO_B10_003366,Stripe India,MYNT-INV-637797 PO_B10_003366,44714,968,0,0,43746,INR,2026-08-12T01:34:00Z,BATCH-MYNT-3366
PO_B10_003367,Stripe India,FLPK-INV-144247 PO_B10_003367,50685,1191,0,0,49494,INR,2026-08-12T03:17:00Z,BATCH-FLPK-3367
PO_B10_003368,Razorpay Nodal,SWIG-INV-579668 PO_B10_003368,159292,3252,0,0,156040,INR,2026-08-12T01:20:00Z,BATCH-SWIG-3368
PO_B10_003369,Stripe India,MMTR-INV-361120 PO_B10_003369,240595,3837,0,0,236758,INR,2026-08-11T23:10:00Z,BATCH-MMTR-3369
PO_B10_003370,PayU Enterprise,NYKA-INV-574586 PO_B10_003370,191401,3404,0,0,187997,INR,2026-08-12T07:41:00Z,BATCH-NYKA-3370
PO_B10_003371,BillDesk Settlement,OLAA-INV-429326 PO_B10_003371,320883,4965,0,0,315918,INR,2026-08-13T00:12:00Z,BATCH-OLAA-3371
PO_B10_003372,BillDesk Settlement,JIOO-INV-844197 PO_B10_003372,180717,2781,0,0,177936,INR,2026-08-12T09:14:00Z,BATCH-JIOO-3372
PO_B10_003373,PayU Enterprise,JIOO-INV-462037 PO_B10_003373,88693,2081,0,0,86612,INR,2026-08-12T02:59:00Z,BATCH-JIOO-3373
PO_B10_003374,Stripe India,BBAS-INV-942061 PO_B10_003374,99905,2354,0,0,97551,INR,2026-08-12T09:53:00Z,BATCH-BBAS-3374
PO_B10_003375,PayU Enterprise,AMZN-INV-620959 PO_B10_003375,403598,7573,0,0,396025,INR,2026-08-11T22:38:00Z,BATCH-AMZN-3375
PO_B10_003376,Razorpay Nodal,FLPK-INV-643016 PO_B10_003376,248814,5581,0,0,243233,INR,2026-08-12T21:17:00Z,BATCH-FLPK-3376
PO_B10_003377,Stripe India,SWIG-INV-523875 PO_B10_003377,217787,4491,0,0,213296,INR,2026-08-12T13:30:00Z,BATCH-SWIG-3377
PO_B10_003378,Cashfree Escrow,PAYT-INV-100374 PO_B10_003378,178446,3545,0,0,174901,INR,2026-08-12T06:29:00Z,BATCH-PAYT-3378
PO_B10_003379,Razorpay Nodal,BKMS-ORD-413960 BKMS-ORD-873237 BKMS-ORD-457514 BATCH-BKMS-3379,525244,10504,0,0,514740,INR,2026-08-12T06:27:00Z,BATCH-BKMS-3379
PO_B10_003380,Razorpay Nodal,NYKA-INV-981545 PO_B10_003380,194227,4630,0,0,189597,INR,2026-08-12T13:54:00Z,BATCH-NYKA-3380
PO_B10_003381,BillDesk Settlement,JIOO-INV-847678 PO_B10_003381,370352,6325,0,0,364027,INR,2026-08-12T09:02:00Z,BATCH-JIOO-3381
PO_B10_003382,Stripe India,FLPK-ORD-797359 FLPK-ORD-401822 FLPK-ORD-175324 BATCH-FLPK-3382,275147,5502,0,0,269645,INR,2026-08-12T02:22:00Z,BATCH-FLPK-3382
PO_B10_003383,Cashfree Escrow,MMTR-ORD-582245 MMTR-ORD-758527 BATCH-MMTR-3383,327739,6554,0,0,321185,INR,2026-08-12T01:00:00Z,BATCH-MMTR-3383
PO_B10_003384,Stripe India,AMZN-INV-941514 PO_B10_003384,279116,6938,0,0,272178,INR,2026-08-11T19:22:00Z,BATCH-AMZN-3384
PO_B10_003385,Cashfree Escrow,BLNK-INV-772330 PO_B10_003385,449304,7870,0,0,441434,INR,2026-08-12T15:55:00Z,BATCH-BLNK-3385
PO_B10_003386,Stripe India,BBAS-INV-793314 PO_B10_003386,437204,8821,0,0,428383,INR,2026-08-12T04:41:00Z,BATCH-BBAS-3386
PO_B10_003387,Stripe India,PAYT-ORD-433571 PAYT-ORD-651684 BATCH-PAYT-3387,315989,6319,0,0,309670,INR,2026-08-12T20:25:00Z,BATCH-PAYT-3387
PO_B10_003388,Razorpay Nodal,PHNP-ORD-894900 PHNP-ORD-886613 BATCH-PHNP-3388,341076,6821,0,0,334255,INR,2026-08-12T14:48:00Z,BATCH-PHNP-3388
PO_B10_003389,Razorpay Nodal,AMZN-ORD-121116 AMZN-ORD-899763 BATCH-AMZN-3389,282787,5655,0,0,277132,INR,2026-08-12T14:21:00Z,BATCH-AMZN-3389
PO_B10_003390,Cashfree Escrow,JIOO-INV-703029 PO_B10_003390,442492,9759,0,0,432733,INR,2026-08-12T12:16:00Z,BATCH-JIOO-3390
PO_B10_003391,BillDesk Settlement,MYNT-INV-711555 PO_B10_003391,222498,4559,0,0,217939,INR,2026-08-12T10:02:00Z,BATCH-MYNT-3391
PO_B10_003392,Cashfree Escrow,MMTR-ORD-772676 MMTR-ORD-311503 MMTR-ORD-523746 BATCH-MMTR-3392,555299,11105,0,0,544194,INR,2026-08-12T01:47:00Z,BATCH-MMTR-3392
PO_B10_003393,Stripe India,TATA-INV-708698 PO_B10_003393,358286,8381,0,0,349905,INR,2026-08-12T15:32:00Z,BATCH-TATA-3393
PO_B10_003394,Razorpay Nodal,BKMS-EXC-139775-UNRESOLVED,65604,1302,0,0,64302,INR,2026-08-13T05:25:00Z,HOLD-ESCROW
PO_B10_003395,Razorpay Nodal,TATA-INV-982869 PO_B10_003395,182703,4033,0,0,178670,INR,2026-08-12T00:27:00Z,BATCH-TATA-3395
PO_B10_003396,Stripe India,BBAS-INV-651262 PO_B10_003396,162320,2437,0,0,159883,INR,2026-08-12T19:15:00Z,BATCH-BBAS-3396
PO_B10_003397,Razorpay Nodal,FLPK-INV-622060 PO_B10_003397,70962,1432,0,0,69530,INR,2026-08-12T07:23:00Z,BATCH-FLPK-3397
PO_B10_003398,BillDesk Settlement,MMTR-INV-624549 PO_B10_003398,281294,6858,0,0,274436,INR,2026-08-12T17:19:00Z,BATCH-MMTR-3398
PO_B10_003399,Razorpay Nodal,SWIG-INV-108858 PO_B10_003399,192186,4726,0,0,187460,INR,2026-08-12T03:39:00Z,BATCH-SWIG-3399
PO_B10_003400,Stripe India,SWIG-ORD-658082 SWIG-ORD-875394 BATCH-SWIG-3400,372260,7445,0,0,364815,INR,2026-08-12T06:59:00Z,BATCH-SWIG-3400
PO_B10_003401,Cashfree Escrow,PAYT-INV-530649 PO_B10_003401,403777,6953,0,0,396824,INR,2026-08-12T07:21:00Z,BATCH-PAYT-3401
PO_B10_003402,BillDesk Settlement,BKMS-INV-480191 PO_B10_003402,220673,4913,0,0,215760,INR,2026-08-12T10:45:00Z,BATCH-BKMS-3402
PO_B10_003403,Razorpay Nodal,BKMS-INV-621542 PO_B10_003403,270761,4445,0,0,266316,INR,2026-08-12T07:04:00Z,BATCH-BKMS-3403
PO_B10_003404,BillDesk Settlement,BBAS-INV-547755 PO_B10_003404,48986,1189,0,0,47797,INR,2026-08-12T03:14:00Z,BATCH-BBAS-3404
PO_B10_003405,Stripe India,PHNP-ORD-161826 PHNP-ORD-929125 PHNP-ORD-785540 BATCH-PHNP-3405,373417,7468,0,0,365949,INR,2026-08-12T15:12:00Z,BATCH-PHNP-3405
PO_B10_003406,Razorpay Nodal,NYKA-INV-202698 PO_B10_003406,380629,7210,0,0,373419,INR,2026-08-11T16:59:00Z,BATCH-NYKA-3406
PO_B10_003407,PayU Enterprise,PHNP-ORD-390012 PHNP-ORD-993811 BATCH-PHNP-3407,85641,1712,0,0,83929,INR,2026-08-12T13:05:00Z,BATCH-PHNP-3407
PO_B10_003408,PayU Enterprise,MMTR-ORD-948046 MMTR-ORD-332549 MMTR-ORD-685185 BATCH-MMTR-3408,355038,7100,0,0,347938,INR,2026-08-12T13:46:00Z,BATCH-MMTR-3408
PO_B10_003409,PayU Enterprise,SWIG-ORD-169892 SWIG-ORD-813240 SWIG-ORD-813643 BATCH-SWIG-3409,417665,8353,0,0,409312,INR,2026-08-12T03:26:00Z,BATCH-SWIG-3409
PO_B10_003410,Razorpay Nodal,AMZN-EXC-230959-UNRESOLVED,272616,5442,0,0,267174,INR,2026-08-12T23:32:00Z,HOLD-ESCROW
PO_B10_003411,Razorpay Nodal,MMTR-INV-343079 PO_B10_003411,114393,1736,0,0,112657,INR,2026-08-12T16:25:00Z,BATCH-MMTR-3411
PO_B10_003412,Stripe India,AMZN-INV-268050 PO_B10_003412,368345,7647,0,0,360698,INR,2026-08-12T17:03:00Z,BATCH-AMZN-3412
PO_B10_003413,PayU Enterprise,TATA-INV-723586 PO_B10_003413,138075,3064,0,0,135011,INR,2026-08-12T08:15:00Z,BATCH-TATA-3413
PO_B10_003414,Razorpay Nodal,MMTR-INV-758697 PO_B10_003414,330882,7636,0,0,323246,INR,2026-08-12T15:50:00Z,BATCH-MMTR-3414
PO_B10_003415,Stripe India,BLNK-INV-560435 PO_B10_003415,441751,11006,0,0,430745,INR,2026-08-11T21:27:00Z,BATCH-BLNK-3415
PO_B10_003416,BillDesk Settlement,ZOMA-INV-116071 PO_B10_003416,96466,1741,0,0,94725,INR,2026-08-12T09:46:00Z,BATCH-ZOMA-3416
PO_B10_003417,BillDesk Settlement,BLNK-ORD-212753 BLNK-ORD-571503 BATCH-BLNK-3417,320886,6417,0,0,314469,INR,2026-08-12T11:46:00Z,BATCH-BLNK-3417
PO_B10_003418,PayU Enterprise,ZOMA-ORD-174469 ZOMA-ORD-109060 ZOMA-ORD-423940 BATCH-ZOMA-3418,505090,10101,0,0,494989,INR,2026-08-11T23:44:00Z,BATCH-ZOMA-3418
PO_B10_003419,BillDesk Settlement,ZOMA-INV-669857 PO_B10_003419,403018,9458,0,0,393560,INR,2026-08-12T11:17:00Z,BATCH-ZOMA-3419
PO_B10_003420,BillDesk Settlement,SWIG-ORD-818316 SWIG-ORD-432552 BATCH-SWIG-3420,135916,2718,0,0,133198,INR,2026-08-12T17:46:00Z,BATCH-SWIG-3420
PO_B10_003421,PayU Enterprise,BLNK-ORD-451170 BLNK-ORD-392636 BLNK-ORD-221288 BATCH-BLNK-3421,311054,6221,0,0,304833,INR,2026-08-12T19:57:00Z,BATCH-BLNK-3421
PO_B10_003422,BillDesk Settlement,JIOO-INV-476553 PO_B10_003422,266013,5153,0,0,260860,INR,2026-08-12T13:49:00Z,BATCH-JIOO-3422
PO_B10_003423,BillDesk Settlement,BBAS-ORD-782560 BBAS-ORD-993626 BATCH-BBAS-3423,263864,5277,0,0,258587,INR,2026-08-12T10:59:00Z,BATCH-BBAS-3423
PO_B10_003424,PayU Enterprise,UBER-INV-950464 PO_B10_003424,367064,6251,0,0,360813,INR,2026-08-12T03:48:00Z,BATCH-UBER-3424
PO_B10_003425,Razorpay Nodal,AMZN-ORD-564219 AMZN-ORD-370326 BATCH-AMZN-3425,262590,5251,0,0,257339,INR,2026-08-12T10:46:00Z,BATCH-AMZN-3425
PO_B10_003426,Stripe India,TATA-ORD-293166 TATA-ORD-855145 TATA-ORD-467228 BATCH-TATA-3426,384912,7698,0,0,377214,INR,2026-08-12T14:50:00Z,BATCH-TATA-3426
PO_B10_003427,Stripe India,PAYT-INV-980103 PO_B10_003427,184501,4015,0,0,180486,INR,2026-08-12T23:59:00Z,BATCH-PAYT-3427
PO_B10_003428,Stripe India,ZOMA-INV-356482 PO_B10_003428,417426,8255,0,0,409171,INR,2026-08-12T12:10:00Z,BATCH-ZOMA-3428
PO_B10_003429,Razorpay Nodal,PHNP-ORD-650121 PHNP-ORD-247586 PHNP-ORD-593560 BATCH-PHNP-3429,526169,10523,0,0,515646,INR,2026-08-12T03:12:00Z,BATCH-PHNP-3429
PO_B10_003430,PayU Enterprise,NYKA-INV-629511 PO_B10_003430,308227,6973,0,0,301254,INR,2026-08-12T16:17:00Z,BATCH-NYKA-3430
PO_B10_003431,Stripe India,TATA-INV-701692 PO_B10_003431,221092,4192,0,0,216900,INR,2026-08-11T23:00:00Z,BATCH-TATA-3431
PO_B10_003432,PayU Enterprise,JIOO-INV-288908 PO_B10_003432,351726,7901,0,0,343825,INR,2026-08-12T18:31:00Z,BATCH-JIOO-3432
PO_B10_003433,PayU Enterprise,MMTR-INV-343010 PO_B10_003433,103984,2063,0,0,101921,INR,2026-08-12T10:38:00Z,BATCH-MMTR-3433
PO_B10_003434,PayU Enterprise,BBAS-INV-839345 PO_B10_003434,148353,3154,0,0,145199,INR,2026-08-11T16:18:00Z,BATCH-BBAS-3434
PO_B10_003435,PayU Enterprise,JIOO-INV-582024 PO_B10_003435,188928,3076,0,0,185852,INR,2026-08-12T10:23:00Z,BATCH-JIOO-3435
PO_B10_003436,BillDesk Settlement,PAYT-INV-578697 PO_B10_003436,286226,4646,0,0,281580,INR,2026-08-12T03:35:00Z,BATCH-PAYT-3436
PO_B10_003437,Cashfree Escrow,OLAA-INV-874606 PO_B10_003437,389184,7850,0,0,381334,INR,2026-08-11T20:19:00Z,BATCH-OLAA-3437
PO_B10_003438,Razorpay Nodal,BLNK-INV-921046 PO_B10_003438,380949,6523,0,0,374426,INR,2026-08-12T18:26:00Z,BATCH-BLNK-3438
PO_B10_003439,Cashfree Escrow,JIOO-INV-144071 PO_B10_003439,423998,9892,0,0,414106,INR,2026-08-12T18:08:00Z,BATCH-JIOO-3439
PO_B10_003440,Cashfree Escrow,BKMS-INV-600329 PO_B10_003440,344653,8284,0,0,336369,INR,2026-08-12T02:22:00Z,BATCH-BKMS-3440
PO_B10_003441,PayU Enterprise,SWIG-INV-217559 PO_B10_003441,64688,1612,0,0,63076,INR,2026-08-11T23:04:00Z,BATCH-SWIG-3441
PO_B10_003442,Cashfree Escrow,JIOO-INV-595540 PO_B10_003442,143328,2497,0,0,140831,INR,2026-08-12T17:07:00Z,BATCH-JIOO-3442
PO_B10_003443,Cashfree Escrow,TATA-INV-433316 PO_B10_003443,279224,6955,0,0,272269,INR,2026-08-12T10:24:00Z,BATCH-TATA-3443
PO_B10_003444,Razorpay Nodal,MMTR-ORD-712550 MMTR-ORD-441926 MMTR-ORD-606871 BATCH-MMTR-3444,394935,7898,0,0,387037,INR,2026-08-12T20:16:00Z,BATCH-MMTR-3444
PO_B10_003445,Razorpay Nodal,MMTR-INV-682225 PO_B10_003445,366720,8542,0,0,358178,INR,2026-08-12T09:16:00Z,BATCH-MMTR-3445
PO_B10_003446,Stripe India,SWIG-INV-674952 PO_B10_003446,209737,4186,0,0,205551,INR,2026-08-12T05:06:00Z,BATCH-SWIG-3446
PO_B10_003447,Cashfree Escrow,BBAS-INV-106829 PO_B10_003447,265304,5762,0,0,259542,INR,2026-08-12T17:34:00Z,BATCH-BBAS-3447
PO_B10_003448,BillDesk Settlement,NYKA-INV-911882 PO_B10_003448,228338,3877,0,0,224461,INR,2026-08-12T09:57:00Z,BATCH-NYKA-3448
PO_B10_003449,Razorpay Nodal,MYNT-ORD-449563 MYNT-ORD-731870 BATCH-MYNT-3449,169547,3390,0,0,166157,INR,2026-08-12T12:40:00Z,BATCH-MYNT-3449
PO_B10_003450,Stripe India,AMZN-ORD-403830 AMZN-ORD-289923 BATCH-AMZN-3450,129305,2586,0,0,126719,INR,2026-08-12T02:15:00Z,BATCH-AMZN-3450
PO_B10_003451,Razorpay Nodal,AMZN-INV-157489 PO_B10_003451,234062,4935,0,0,229127,INR,2026-08-12T10:36:00Z,BATCH-AMZN-3451
PO_B10_003452,Stripe India,FLPK-INV-693486 PO_B10_003452,404310,6542,0,0,397768,INR,2026-08-12T11:36:00Z,BATCH-FLPK-3452
PO_B10_003453,BillDesk Settlement,UBER-INV-777167 PO_B10_003453,341159,5764,0,0,335395,INR,2026-08-12T22:16:00Z,BATCH-UBER-3453
PO_B10_003454,BillDesk Settlement,ZOMA-INV-978676 PO_B10_003454,393918,6403,0,0,387515,INR,2026-08-12T11:21:00Z,BATCH-ZOMA-3454
PO_B10_003455,Stripe India,MMTR-INV-720036 PO_B10_003455,122799,1875,0,0,120924,INR,2026-08-12T13:43:00Z,BATCH-MMTR-3455
PO_B10_003456,Stripe India,OLAA-INV-981229 PO_B10_003456,330245,6332,0,0,323913,INR,2026-08-12T12:42:00Z,BATCH-OLAA-3456
PO_B10_003457,BillDesk Settlement,FLPK-ORD-677095 FLPK-ORD-347622 FLPK-ORD-295424 BATCH-FLPK-3457,271685,5433,0,0,266252,INR,2026-08-12T12:27:00Z,BATCH-FLPK-3457
PO_B10_003458,PayU Enterprise,JIOO-ORD-560216 JIOO-ORD-225353 BATCH-JIOO-3458,373345,7466,0,0,365879,INR,2026-08-12T00:48:00Z,BATCH-JIOO-3458
PO_B10_003459,BillDesk Settlement,NYKA-INV-742205 PO_B10_003459,448937,7676,0,0,441261,INR,2026-08-12T01:36:00Z,BATCH-NYKA-3459
PO_B10_003460,Razorpay Nodal,SWIG-EXC-499160-UNRESOLVED,179292,3575,0,0,175717,INR,2026-08-12T19:04:00Z,HOLD-ESCROW
PO_B10_003461,Cashfree Escrow,PAYT-ORD-738782 PAYT-ORD-619124 BATCH-PAYT-3461,117304,2346,0,0,114958,INR,2026-08-12T00:53:00Z,BATCH-PAYT-3461
PO_B10_003462,BillDesk Settlement,NYKA-ORD-696172 NYKA-ORD-460432 NYKA-ORD-694098 BATCH-NYKA-3462,361680,7233,0,0,354447,INR,2026-08-12T18:32:00Z,BATCH-NYKA-3462
PO_B10_003463,Stripe India,SWIG-INV-127942 PO_B10_003463,285526,6086,0,0,279440,INR,2026-08-12T02:18:00Z,BATCH-SWIG-3463
PO_B10_003464,PayU Enterprise,SWIG-ORD-854939 SWIG-ORD-868218 BATCH-SWIG-3464,380102,7602,0,0,372500,INR,2026-08-12T17:57:00Z,BATCH-SWIG-3464
PO_B10_003465,Stripe India,SWIG-INV-888730 PO_B10_003465,94773,2289,0,0,92484,INR,2026-08-12T09:46:00Z,BATCH-SWIG-3465
PO_B10_003466,PayU Enterprise,JIOO-INV-751631 PO_B10_003466,378039,8984,0,0,369055,INR,2026-08-12T02:47:00Z,BATCH-JIOO-3466
PO_B10_003467,Stripe India,NYKA-INV-709691 PO_B10_003467,42470,967,0,0,41503,INR,2026-08-11T16:11:00Z,BATCH-NYKA-3467
PO_B10_003468,PayU Enterprise,UBER-ORD-635353 UBER-ORD-603814 UBER-ORD-950556 BATCH-UBER-3468,430765,8615,0,0,422150,INR,2026-08-11T23:13:00Z,BATCH-UBER-3468
PO_B10_003469,PayU Enterprise,BLNK-INV-850003 PO_B10_003469,318022,7274,0,0,310748,INR,2026-08-12T10:19:00Z,BATCH-BLNK-3469
PO_B10_003470,Razorpay Nodal,PHNP-INV-231077 PO_B10_003470,427133,9869,0,0,417264,INR,2026-08-12T03:07:00Z,BATCH-PHNP-3470
PO_B10_003471,Cashfree Escrow,TATA-INV-719566 PO_B10_003471,327577,7277,0,0,320300,INR,2026-08-12T16:06:00Z,BATCH-TATA-3471
PO_B10_003472,Razorpay Nodal,OLAA-EXC-404390-UNRESOLVED,98501,1960,0,0,96541,INR,2026-08-12T09:28:00Z,HOLD-ESCROW
PO_B10_003473,Razorpay Nodal,MMTR-INV-890019 PO_B10_003473,444394,8416,0,0,435978,INR,2026-08-11T22:36:00Z,BATCH-MMTR-3473
PO_B10_003474,Cashfree Escrow,FLPK-INV-511674 PO_B10_003474,282232,6052,0,0,276180,INR,2026-08-11T14:46:00Z,BATCH-FLPK-3474
PO_B10_003475,Cashfree Escrow,BKMS-ORD-592008 BKMS-ORD-860361 BKMS-ORD-671321 BATCH-BKMS-3475,296266,5925,0,0,290341,INR,2026-08-12T00:17:00Z,BATCH-BKMS-3475
PO_B10_003476,Stripe India,PHNP-ORD-623284 PHNP-ORD-516938 BATCH-PHNP-3476,289869,5797,0,0,284072,INR,2026-08-12T16:39:00Z,BATCH-PHNP-3476
PO_B10_003477,PayU Enterprise,JIOO-INV-269528 PO_B10_003477,66263,1311,0,0,64952,INR,2026-08-12T08:22:00Z,BATCH-JIOO-3477
PO_B10_003478,Stripe India,NYKA-INV-617684 PO_B10_003478,322467,8029,0,0,314438,INR,2026-08-12T07:08:00Z,BATCH-NYKA-3478
PO_B10_003479,Stripe India,BLNK-INV-991070 PO_B10_003479,353996,5872,0,0,348124,INR,2026-08-12T01:27:00Z,BATCH-BLNK-3479
PO_B10_003480,PayU Enterprise,JIOO-ORD-395123 JIOO-ORD-314875 BATCH-JIOO-3480,168222,3364,0,0,164858,INR,2026-08-12T08:05:00Z,BATCH-JIOO-3480
PO_B10_003481,Razorpay Nodal,MMTR-INV-384500 PO_B10_003481,99263,1536,0,0,97727,INR,2026-08-13T01:34:00Z,BATCH-MMTR-3481
PO_B10_003482,Razorpay Nodal,BBAS-EXC-534203-UNRESOLVED,79941,1588,0,0,78353,INR,2026-08-12T19:46:00Z,HOLD-ESCROW
PO_B10_003483,Stripe India,FLPK-INV-641401 PO_B10_003483,260384,4875,0,0,255509,INR,2026-08-12T21:26:00Z,BATCH-FLPK-3483
PO_B10_003484,Cashfree Escrow,PHNP-ORD-456798 PHNP-ORD-961321 BATCH-PHNP-3484,405378,8107,0,0,397271,INR,2026-08-12T09:05:00Z,BATCH-PHNP-3484
PO_B10_003485,Cashfree Escrow,BLNK-INV-928588 PO_B10_003485,265398,4489,0,0,260909,INR,2026-08-11T19:46:00Z,BATCH-BLNK-3485
PO_B10_003486,Stripe India,BBAS-ORD-390602 BBAS-ORD-902137 BATCH-BBAS-3486,115621,2312,0,0,113309,INR,2026-08-12T07:40:00Z,BATCH-BBAS-3486
PO_B10_003487,Razorpay Nodal,SWIG-INV-952262 PO_B10_003487,153437,2784,0,0,150653,INR,2026-08-12T03:56:00Z,BATCH-SWIG-3487
PO_B10_003488,Razorpay Nodal,UBER-INV-170066 PO_B10_003488,368738,8193,0,0,360545,INR,2026-08-12T05:47:00Z,BATCH-UBER-3488
PO_B10_003489,Stripe India,BKMS-INV-652351 PO_B10_003489,356769,6804,0,0,349965,INR,2026-08-12T03:42:00Z,BATCH-BKMS-3489
PO_B10_003490,PayU Enterprise,PAYT-INV-144972 PO_B10_003490,369081,7613,0,0,361468,INR,2026-08-12T07:34:00Z,BATCH-PAYT-3490
PO_B10_003491,PayU Enterprise,TATA-ORD-309125 TATA-ORD-348739 TATA-ORD-377599 BATCH-TATA-3491,367727,7354,0,0,360373,INR,2026-08-12T12:29:00Z,BATCH-TATA-3491
PO_B10_003492,PayU Enterprise,PHNP-ORD-146185 PHNP-ORD-509355 BATCH-PHNP-3492,382089,7641,0,0,374448,INR,2026-08-12T10:18:00Z,BATCH-PHNP-3492
PO_B10_003493,BillDesk Settlement,AMZN-INV-841518 PO_B10_003493,391625,8683,0,0,382942,INR,2026-08-12T03:21:00Z,BATCH-AMZN-3493
PO_B10_003494,Stripe India,TATA-INV-553459 PO_B10_003494,177475,3373,0,0,174102,INR,2026-08-12T19:50:00Z,BATCH-TATA-3494
PO_B10_003495,Stripe India,BKMS-ORD-306551 BKMS-ORD-385811 BATCH-BKMS-3495,162272,3245,0,0,159027,INR,2026-08-12T04:58:00Z,BATCH-BKMS-3495
PO_B10_003496,Stripe India,PHNP-INV-536069 PO_B10_003496,266240,5963,0,0,260277,INR,2026-08-12T16:54:00Z,BATCH-PHNP-3496
PO_B10_003497,Cashfree Escrow,ZOMA-INV-705703 PO_B10_003497,75041,1250,0,0,73791,INR,2026-08-12T07:12:00Z,BATCH-ZOMA-3497
PO_B10_003498,Cashfree Escrow,NYKA-INV-419752 PO_B10_003498,332965,7433,0,0,325532,INR,2026-08-12T15:44:00Z,BATCH-NYKA-3498
PO_B10_003499,BillDesk Settlement,AMZN-INV-689513 PO_B10_003499,64436,1542,0,0,62894,INR,2026-08-12T00:37:00Z,BATCH-AMZN-3499
PO_B10_003500,PayU Enterprise,NYKA-ORD-280194 NYKA-ORD-508438 BATCH-NYKA-3500,389048,7780,0,0,381268,INR,2026-08-11T21:11:00Z,BATCH-NYKA-3500
PO_B10_003501,Cashfree Escrow,NYKA-INV-140210 PO_B10_003501,401445,9056,0,0,392389,INR,2026-08-12T16:37:00Z,BATCH-NYKA-3501
PO_B10_003502,Cashfree Escrow,JIOO-ORD-808939 JIOO-ORD-409529 BATCH-JIOO-3502,357229,7144,0,0,350085,INR,2026-08-12T01:58:00Z,BATCH-JIOO-3502
PO_B10_003503,Cashfree Escrow,PHNP-INV-652376 PO_B10_003503,318320,6409,0,0,311911,INR,2026-08-11T19:59:00Z,BATCH-PHNP-3503
PO_B10_003504,Stripe India,BKMS-INV-993256 PO_B10_003504,146081,3097,0,0,142984,INR,2026-08-12T19:24:00Z,BATCH-BKMS-3504
PO_B10_003505,Cashfree Escrow,PAYT-INV-849074 PO_B10_003505,97464,1559,0,0,95905,INR,2026-08-12T12:21:00Z,BATCH-PAYT-3505
PO_B10_003506,Cashfree Escrow,SWIG-INV-388565 PO_B10_003506,209424,3261,0,0,206163,INR,2026-08-12T05:28:00Z,BATCH-SWIG-3506
PO_B10_003507,Razorpay Nodal,SWIG-ORD-652036 SWIG-ORD-571936 SWIG-ORD-354232 BATCH-SWIG-3507,212655,4253,0,0,208402,INR,2026-08-12T02:35:00Z,BATCH-SWIG-3507
PO_B10_003508,BillDesk Settlement,JIOO-ORD-970513 JIOO-ORD-934789 BATCH-JIOO-3508,248564,4971,0,0,243593,INR,2026-08-11T21:17:00Z,BATCH-JIOO-3508
PO_B10_003509,Razorpay Nodal,MYNT-INV-628132 PO_B10_003509,393205,8378,0,0,384827,INR,2026-08-11T21:00:00Z,BATCH-MYNT-3509
PO_B10_003510,Razorpay Nodal,PAYT-ORD-329219 PAYT-ORD-665666 BATCH-PAYT-3510,264799,5295,0,0,259504,INR,2026-08-12T06:25:00Z,BATCH-PAYT-3510
PO_B10_003511,Stripe India,SWIG-INV-668785 PO_B10_003511,334050,7378,0,0,326672,INR,2026-08-12T19:43:00Z,BATCH-SWIG-3511
PO_B10_003512,Cashfree Escrow,PHNP-INV-124842 PO_B10_003512,322750,5940,0,0,316810,INR,2026-08-11T21:42:00Z,BATCH-PHNP-3512
PO_B10_003513,BillDesk Settlement,MMTR-ORD-326734 MMTR-ORD-570392 BATCH-MMTR-3513,401090,8021,0,0,393069,INR,2026-08-12T04:39:00Z,BATCH-MMTR-3513
PO_B10_003514,PayU Enterprise,FLPK-INV-298104 PO_B10_003514,203974,4916,0,0,199058,INR,2026-08-11T21:05:00Z,BATCH-FLPK-3514
PO_B10_003515,BillDesk Settlement,PHNP-ORD-105603 PHNP-ORD-197698 BATCH-PHNP-3515,136710,2734,0,0,133976,INR,2026-08-12T05:38:00Z,BATCH-PHNP-3515
PO_B10_003516,Razorpay Nodal,UBER-ORD-171350 UBER-ORD-550777 BATCH-UBER-3516,133357,2667,0,0,130690,INR,2026-08-12T20:01:00Z,BATCH-UBER-3516
PO_B10_003517,BillDesk Settlement,AMZN-ORD-212413 AMZN-ORD-590629 AMZN-ORD-349468 BATCH-AMZN-3517,314367,6287,0,0,308080,INR,2026-08-12T20:14:00Z,BATCH-AMZN-3517
PO_B10_003518,Razorpay Nodal,JIOO-INV-923596 PO_B10_003518,423149,9747,0,0,413402,INR,2026-08-12T11:21:00Z,BATCH-JIOO-3518
PO_B10_003519,Cashfree Escrow,UBER-INV-966601 PO_B10_003519,347547,5452,0,0,342095,INR,2026-08-11T22:25:00Z,BATCH-UBER-3519
PO_B10_003520,Stripe India,BBAS-INV-412821 PO_B10_003520,78840,1622,0,0,77218,INR,2026-08-11T17:04:00Z,BATCH-BBAS-3520
PO_B10_003521,Razorpay Nodal,MMTR-INV-618521 PO_B10_003521,260523,5885,0,0,254638,INR,2026-08-12T17:58:00Z,BATCH-MMTR-3521
PO_B10_003522,BillDesk Settlement,NYKA-INV-879100 PO_B10_003522,207685,4345,0,0,203340,INR,2026-08-12T05:30:00Z,BATCH-NYKA-3522
PO_B10_003523,Razorpay Nodal,NYKA-INV-581744 PO_B10_003523,275103,4935,0,0,270168,INR,2026-08-11T23:51:00Z,BATCH-NYKA-3523
PO_B10_003524,Stripe India,PHNP-INV-879653 PO_B10_003524,98313,1797,0,0,96516,INR,2026-08-12T10:50:00Z,BATCH-PHNP-3524
PO_B10_003525,PayU Enterprise,AMZN-INV-711495 PO_B10_003525,365028,5902,0,0,359126,INR,2026-08-12T00:00:00Z,BATCH-AMZN-3525
PO_B10_003526,PayU Enterprise,MYNT-INV-560334 PO_B10_003526,253097,4297,0,0,248800,INR,2026-08-12T02:56:00Z,BATCH-MYNT-3526
PO_B10_003527,Razorpay Nodal,ZOMA-INV-771306 PO_B10_003527,276205,5384,0,0,270821,INR,2026-08-12T22:11:00Z,BATCH-ZOMA-3527
PO_B10_003528,Razorpay Nodal,JIOO-INV-805248 PO_B10_003528,208377,3983,0,0,204394,INR,2026-08-12T07:44:00Z,BATCH-JIOO-3528
PO_B10_003529,PayU Enterprise,TATA-INV-651361 PO_B10_003529,387522,7972,0,0,379550,INR,2026-08-12T10:03:00Z,BATCH-TATA-3529
PO_B10_003530,Stripe India,NYKA-INV-536267 PO_B10_003530,340415,5678,0,0,334737,INR,2026-08-12T09:26:00Z,BATCH-NYKA-3530
PO_B10_003531,Razorpay Nodal,BKMS-INV-569699 PO_B10_003531,197996,3749,0,0,194247,INR,2026-08-12T16:40:00Z,BATCH-BKMS-3531
PO_B10_003532,PayU Enterprise,TATA-INV-346386 PO_B10_003532,160462,2823,0,0,157639,INR,2026-08-12T09:03:00Z,BATCH-TATA-3532
PO_B10_003533,BillDesk Settlement,ZOMA-INV-776104 PO_B10_003533,405986,8061,0,0,397925,INR,2026-08-12T20:05:00Z,BATCH-ZOMA-3533
PO_B10_003534,Stripe India,OLAA-INV-255298 PO_B10_003534,372820,6678,0,0,366142,INR,2026-08-12T19:46:00Z,BATCH-OLAA-3534
PO_B10_003535,Cashfree Escrow,SWIG-INV-915936 PO_B10_003535,103171,1571,0,0,101600,INR,2026-08-12T12:09:00Z,BATCH-SWIG-3535
PO_B10_003536,Cashfree Escrow,BBAS-INV-781674 PO_B10_003536,163734,3697,0,0,160037,INR,2026-08-11T19:13:00Z,BATCH-BBAS-3536
PO_B10_003537,PayU Enterprise,UBER-ORD-443013 UBER-ORD-991029 BATCH-UBER-3537,249253,4985,0,0,244268,INR,2026-08-12T20:08:00Z,BATCH-UBER-3537
PO_B10_003538,Stripe India,MYNT-INV-879228 PO_B10_003538,96314,1520,0,0,94794,INR,2026-08-12T05:10:00Z,BATCH-MYNT-3538
PO_B10_003539,PayU Enterprise,ZOMA-INV-939531 PO_B10_003539,90657,1691,0,0,88966,INR,2026-08-12T02:20:00Z,BATCH-ZOMA-3539
PO_B10_003540,PayU Enterprise,BKMS-ORD-265971 BKMS-ORD-307671 BKMS-ORD-305931 BATCH-BKMS-3540,321064,6421,0,0,314643,INR,2026-08-12T10:23:00Z,BATCH-BKMS-3540
PO_B10_003541,Razorpay Nodal,AMZN-ORD-833113 AMZN-ORD-284614 BATCH-AMZN-3541,281666,5633,0,0,276033,INR,2026-08-12T17:08:00Z,BATCH-AMZN-3541
PO_B10_003542,BillDesk Settlement,JIOO-ORD-955670 JIOO-ORD-543930 BATCH-JIOO-3542,143860,2877,0,0,140983,INR,2026-08-12T15:31:00Z,BATCH-JIOO-3542
PO_B10_003543,Razorpay Nodal,PHNP-INV-887523 PO_B10_003543,247150,4058,0,0,243092,INR,2026-08-12T06:42:00Z,BATCH-PHNP-3543
PO_B10_003544,Cashfree Escrow,FLPK-ORD-584271 FLPK-ORD-601927 BATCH-FLPK-3544,401319,8026,0,0,393293,INR,2026-08-12T03:13:00Z,BATCH-FLPK-3544
PO_B10_003545,Stripe India,PHNP-INV-755946 PO_B10_003545,318888,5695,0,0,313193,INR,2026-08-12T18:53:00Z,BATCH-PHNP-3545
PO_B10_003546,Razorpay Nodal,OLAA-INV-390585 PO_B10_003546,371299,8081,0,0,363218,INR,2026-08-12T19:51:00Z,BATCH-OLAA-3546
PO_B10_003547,Cashfree Escrow,FLPK-INV-416559 PO_B10_003547,152597,2947,0,0,149650,INR,2026-08-12T03:32:00Z,BATCH-FLPK-3547
PO_B10_003548,BillDesk Settlement,AMZN-INV-909925 PO_B10_003548,307655,5733,0,0,301922,INR,2026-08-12T06:05:00Z,BATCH-AMZN-3548
PO_B10_003549,Cashfree Escrow,OLAA-INV-640053 PO_B10_003549,171738,2747,0,0,168991,INR,2026-08-12T07:12:00Z,BATCH-OLAA-3549
PO_B10_003550,PayU Enterprise,SWIG-ORD-703933 SWIG-ORD-656914 SWIG-ORD-100446 BATCH-SWIG-3550,518442,10368,0,0,508074,INR,2026-08-11T23:56:00Z,BATCH-SWIG-3550
PO_B10_003551,Stripe India,FLPK-INV-497105 PO_B10_003551,273075,5682,0,0,267393,INR,2026-08-12T03:27:00Z,BATCH-FLPK-3551
PO_B10_003552,PayU Enterprise,ZOMA-INV-636233 PO_B10_003552,415795,8077,0,0,407718,INR,2026-08-12T11:50:00Z,BATCH-ZOMA-3552
PO_B10_003553,PayU Enterprise,OLAA-ORD-662577 OLAA-ORD-704341 BATCH-OLAA-3553,175681,3513,0,0,172168,INR,2026-08-11T22:05:00Z,BATCH-OLAA-3553
PO_B10_003554,Cashfree Escrow,BBAS-INV-378365 PO_B10_003554,399694,8207,0,0,391487,INR,2026-08-12T14:46:00Z,BATCH-BBAS-3554
PO_B10_003555,Razorpay Nodal,SWIG-INV-877224 PO_B10_003555,68272,1683,0,0,66589,INR,2026-08-12T05:55:00Z,BATCH-SWIG-3555
PO_B10_003556,Razorpay Nodal,ZOMA-INV-844579 PO_B10_003556,286435,6142,0,0,280293,INR,2026-08-12T20:37:00Z,BATCH-ZOMA-3556
PO_B10_003557,Cashfree Escrow,MMTR-INV-641338 PO_B10_003557,76894,1283,0,0,75611,INR,2026-08-12T05:05:00Z,BATCH-MMTR-3557
PO_B10_003558,BillDesk Settlement,OLAA-ORD-600599 OLAA-ORD-795573 BATCH-OLAA-3558,195549,3910,0,0,191639,INR,2026-08-12T03:11:00Z,BATCH-OLAA-3558
PO_B10_003559,Stripe India,TATA-ORD-846178 TATA-ORD-296074 BATCH-TATA-3559,130052,2601,0,0,127451,INR,2026-08-12T21:00:00Z,BATCH-TATA-3559
PO_B10_003560,PayU Enterprise,MMTR-INV-674889 PO_B10_003560,45524,869,0,0,44655,INR,2026-08-12T07:35:00Z,BATCH-MMTR-3560
PO_B10_003561,BillDesk Settlement,SWIG-ORD-476551 SWIG-ORD-681828 BATCH-SWIG-3561,143017,2860,0,0,140157,INR,2026-08-12T16:37:00Z,BATCH-SWIG-3561
PO_B10_003562,BillDesk Settlement,BBAS-INV-561386 PO_B10_003562,232978,4568,0,0,228410,INR,2026-08-11T20:33:00Z,BATCH-BBAS-3562
PO_B10_003563,Razorpay Nodal,BBAS-INV-938689 PO_B10_003563,301154,5578,0,0,295576,INR,2026-08-12T16:00:00Z,BATCH-BBAS-3563
PO_B10_003564,PayU Enterprise,BLNK-INV-756751 PO_B10_003564,443032,10610,0,0,432422,INR,2026-08-12T03:59:00Z,BATCH-BLNK-3564
PO_B10_003565,Cashfree Escrow,BLNK-INV-482679 PO_B10_003565,441764,7917,0,0,433847,INR,2026-08-12T05:31:00Z,BATCH-BLNK-3565
PO_B10_003566,PayU Enterprise,SWIG-EXC-565088-UNRESOLVED,121749,2424,0,0,119325,INR,2026-08-13T01:40:00Z,HOLD-ESCROW
PO_B10_003567,Cashfree Escrow,MYNT-INV-153171 PO_B10_003567,289651,6673,0,0,282978,INR,2026-08-12T04:36:00Z,BATCH-MYNT-3567
PO_B10_003568,Stripe India,PAYT-ORD-789347 PAYT-ORD-340552 BATCH-PAYT-3568,330083,6601,0,0,323482,INR,2026-08-12T00:21:00Z,BATCH-PAYT-3568
PO_B10_003569,Cashfree Escrow,PHNP-INV-807945 PO_B10_003569,349765,8700,0,0,341065,INR,2026-08-12T11:31:00Z,BATCH-PHNP-3569
PO_B10_003570,Cashfree Escrow,UBER-INV-348715 PO_B10_003570,25562,405,0,0,25157,INR,2026-08-12T13:51:00Z,BATCH-UBER-3570
PO_B10_003571,Cashfree Escrow,MYNT-INV-476775 PO_B10_003571,198440,4099,0,0,194341,INR,2026-08-12T21:26:00Z,BATCH-MYNT-3571
PO_B10_003572,PayU Enterprise,BKMS-INV-606972 PO_B10_003572,404732,10117,0,0,394615,INR,2026-08-12T14:25:00Z,BATCH-BKMS-3572
PO_B10_003573,BillDesk Settlement,JIOO-ORD-525112 JIOO-ORD-126505 BATCH-JIOO-3573,224199,4483,0,0,219716,INR,2026-08-12T12:21:00Z,BATCH-JIOO-3573
PO_B10_003574,PayU Enterprise,BBAS-INV-441468 PO_B10_003574,29153,715,0,0,28438,INR,2026-08-12T05:33:00Z,BATCH-BBAS-3574
PO_B10_003575,PayU Enterprise,UBER-INV-820602 PO_B10_003575,311743,5650,0,0,306093,INR,2026-08-12T10:01:00Z,BATCH-UBER-3575
PO_B10_003576,Cashfree Escrow,JIOO-EXC-644221-UNRESOLVED,135836,2706,0,0,133130,INR,2026-08-13T01:52:00Z,HOLD-ESCROW
PO_B10_003577,BillDesk Settlement,TATA-ORD-698804 TATA-ORD-390117 TATA-ORD-978444 BATCH-TATA-3577,313815,6276,0,0,307539,INR,2026-08-12T01:10:00Z,BATCH-TATA-3577
PO_B10_003578,PayU Enterprise,JIOO-INV-455372 PO_B10_003578,69433,1164,0,0,68269,INR,2026-08-11T22:39:00Z,BATCH-JIOO-3578
PO_B10_003579,PayU Enterprise,ZOMA-INV-274748 PO_B10_003579,150452,3410,0,0,147042,INR,2026-08-12T00:22:00Z,BATCH-ZOMA-3579
PO_B10_003580,PayU Enterprise,MYNT-INV-302831 PO_B10_003580,443935,7815,0,0,436120,INR,2026-08-12T15:02:00Z,BATCH-MYNT-3580
PO_B10_003581,Stripe India,FLPK-ORD-896802 FLPK-ORD-900608 BATCH-FLPK-3581,117007,2340,0,0,114667,INR,2026-08-12T05:04:00Z,BATCH-FLPK-3581
PO_B10_003582,Cashfree Escrow,TATA-ORD-296879 TATA-ORD-666326 BATCH-TATA-3582,264468,5289,0,0,259179,INR,2026-08-12T18:26:00Z,BATCH-TATA-3582
PO_B10_003583,Stripe India,JIOO-ORD-983644 JIOO-ORD-707363 JIOO-ORD-925106 BATCH-JIOO-3583,594734,11894,0,0,582840,INR,2026-08-12T00:11:00Z,BATCH-JIOO-3583
PO_B10_003584,Cashfree Escrow,AMZN-INV-275034 PO_B10_003584,442917,8881,0,0,434036,INR,2026-08-12T02:32:00Z,BATCH-AMZN-3584
PO_B10_003585,Razorpay Nodal,OLAA-ORD-483352 OLAA-ORD-609429 OLAA-ORD-655527 BATCH-OLAA-3585,393026,7860,0,0,385166,INR,2026-08-12T17:00:00Z,BATCH-OLAA-3585
PO_B10_003586,BillDesk Settlement,OLAA-INV-127447 PO_B10_003586,80199,1401,0,0,78798,INR,2026-08-12T08:28:00Z,BATCH-OLAA-3586
PO_B10_003587,Stripe India,FLPK-INV-361451 PO_B10_003587,361762,7231,0,0,354531,INR,2026-08-12T10:10:00Z,BATCH-FLPK-3587
PO_B10_003588,PayU Enterprise,SWIG-ORD-896530 SWIG-ORD-338550 BATCH-SWIG-3588,68206,1364,0,0,66842,INR,2026-08-12T20:17:00Z,BATCH-SWIG-3588
PO_B10_003589,BillDesk Settlement,UBER-ORD-704389 UBER-ORD-447132 BATCH-UBER-3589,181204,3624,0,0,177580,INR,2026-08-12T14:43:00Z,BATCH-UBER-3589
PO_B10_003590,Cashfree Escrow,SWIG-INV-197445 PO_B10_003590,36325,789,0,0,35536,INR,2026-08-12T19:18:00Z,BATCH-SWIG-3590
PO_B10_003591,Razorpay Nodal,SWIG-INV-848769 PO_B10_003591,79302,1934,0,0,77368,INR,2026-08-12T17:19:00Z,BATCH-SWIG-3591
PO_B10_003592,Stripe India,MYNT-INV-104215 PO_B10_003592,361862,8033,0,0,353829,INR,2026-08-12T01:16:00Z,BATCH-MYNT-3592
PO_B10_003593,Cashfree Escrow,UBER-ORD-817320 UBER-ORD-926201 BATCH-UBER-3593,268152,5363,0,0,262789,INR,2026-08-11T22:10:00Z,BATCH-UBER-3593
PO_B10_003594,PayU Enterprise,TATA-INV-177188 PO_B10_003594,52666,901,0,0,51765,INR,2026-08-11T23:15:00Z,BATCH-TATA-3594
PO_B10_003595,Stripe India,SWIG-INV-623210 PO_B10_003595,345513,8454,0,0,337059,INR,2026-08-12T03:59:00Z,BATCH-SWIG-3595
PO_B10_003596,Cashfree Escrow,JIOO-ORD-978104 JIOO-ORD-848484 BATCH-JIOO-3596,300569,6011,0,0,294558,INR,2026-08-12T18:25:00Z,BATCH-JIOO-3596
PO_B10_003597,Cashfree Escrow,UBER-INV-641384 PO_B10_003597,249653,5686,0,0,243967,INR,2026-08-12T08:44:00Z,BATCH-UBER-3597
PO_B10_003598,Cashfree Escrow,BKMS-EXC-349289-UNRESOLVED,245680,4903,0,0,240777,INR,2026-08-13T04:21:00Z,HOLD-ESCROW
PO_B10_003599,Cashfree Escrow,SWIG-ORD-679780 SWIG-ORD-904313 BATCH-SWIG-3599,218276,4365,0,0,213911,INR,2026-08-12T11:44:00Z,BATCH-SWIG-3599
PO_B10_003600,Stripe India,PHNP-INV-943872 PO_B10_003600,433598,6628,0,0,426970,INR,2026-08-11T19:59:00Z,BATCH-PHNP-3600
PO_B10_003601,Stripe India,TATA-EXC-316420-UNRESOLVED,241636,4822,0,0,236814,INR,2026-08-12T15:35:00Z,HOLD-ESCROW
PO_B10_003602,Cashfree Escrow,BKMS-INV-902955 PO_B10_003602,425304,6872,0,0,418432,INR,2026-08-12T23:08:00Z,BATCH-BKMS-3602
PO_B10_003603,Cashfree Escrow,JIOO-INV-303070 PO_B10_003603,400906,7800,0,0,393106,INR,2026-08-12T12:49:00Z,BATCH-JIOO-3603
PO_B10_003604,Cashfree Escrow,BLNK-ORD-924633 BLNK-ORD-451183 BLNK-ORD-135222 BATCH-BLNK-3604,325870,6517,0,0,319353,INR,2026-08-12T00:21:00Z,BATCH-BLNK-3604
PO_B10_003605,PayU Enterprise,UBER-INV-812745 PO_B10_003605,165631,3723,0,0,161908,INR,2026-08-12T12:22:00Z,BATCH-UBER-3605
PO_B10_003606,Razorpay Nodal,MYNT-INV-912116 PO_B10_003606,220765,5429,0,0,215336,INR,2026-08-12T19:21:00Z,BATCH-MYNT-3606
PO_B10_003607,BillDesk Settlement,JIOO-INV-914319 PO_B10_003607,178951,3954,0,0,174997,INR,2026-08-11T22:19:00Z,BATCH-JIOO-3607
PO_B10_003608,Stripe India,SWIG-ORD-630110 SWIG-ORD-898344 BATCH-SWIG-3608,88008,1760,0,0,86248,INR,2026-08-12T00:22:00Z,BATCH-SWIG-3608
PO_B10_003609,BillDesk Settlement,ZOMA-ORD-394628 ZOMA-ORD-229209 BATCH-ZOMA-3609,277218,5544,0,0,271674,INR,2026-08-11T21:57:00Z,BATCH-ZOMA-3609
PO_B10_003610,PayU Enterprise,PAYT-INV-235628 PO_B10_003610,147750,2996,0,0,144754,INR,2026-08-12T18:06:00Z,BATCH-PAYT-3610
PO_B10_003611,Razorpay Nodal,SWIG-EXC-701739-UNRESOLVED,262032,5230,0,0,256802,INR,2026-08-12T10:25:00Z,HOLD-ESCROW
PO_B10_003612,Cashfree Escrow,NYKA-INV-909520 PO_B10_003612,182017,3057,0,0,178960,INR,2026-08-12T02:58:00Z,BATCH-NYKA-3612
PO_B10_003613,PayU Enterprise,BLNK-INV-348829 PO_B10_003613,297658,6166,0,0,291492,INR,2026-08-12T07:22:00Z,BATCH-BLNK-3613
PO_B10_003614,Cashfree Escrow,MMTR-INV-388880 PO_B10_003614,441433,9984,0,0,431449,INR,2026-08-11T23:09:00Z,BATCH-MMTR-3614
PO_B10_003615,BillDesk Settlement,MYNT-INV-569341 PO_B10_003615,165021,4016,0,0,161005,INR,2026-08-11T21:03:00Z,BATCH-MYNT-3615
PO_B10_003616,PayU Enterprise,FLPK-INV-190172 PO_B10_003616,116758,2592,0,0,114166,INR,2026-08-12T09:48:00Z,BATCH-FLPK-3616
PO_B10_003617,Cashfree Escrow,UBER-INV-727200 PO_B10_003617,323089,6072,0,0,317017,INR,2026-08-12T12:25:00Z,BATCH-UBER-3617
PO_B10_003618,Razorpay Nodal,SWIG-INV-373671 PO_B10_003618,372027,7889,0,0,364138,INR,2026-08-12T20:37:00Z,BATCH-SWIG-3618
PO_B10_003619,Cashfree Escrow,ZOMA-INV-388177 PO_B10_003619,46846,708,0,0,46138,INR,2026-08-12T03:41:00Z,BATCH-ZOMA-3619
PO_B10_003620,BillDesk Settlement,UBER-ORD-736182 UBER-ORD-293871 UBER-ORD-353583 BATCH-UBER-3620,544290,10885,0,0,533405,INR,2026-08-12T20:12:00Z,BATCH-UBER-3620
PO_B10_003621,PayU Enterprise,AMZN-ORD-546819 AMZN-ORD-383321 AMZN-ORD-645097 BATCH-AMZN-3621,325052,6501,0,0,318551,INR,2026-08-12T10:59:00Z,BATCH-AMZN-3621
PO_B10_003622,Stripe India,MYNT-INV-201126 PO_B10_003622,385758,6272,0,0,379486,INR,2026-08-12T03:20:00Z,BATCH-MYNT-3622
PO_B10_003623,BillDesk Settlement,NYKA-ORD-557197 NYKA-ORD-865505 NYKA-ORD-854932 BATCH-NYKA-3623,484136,9682,0,0,474454,INR,2026-08-12T12:22:00Z,BATCH-NYKA-3623
PO_B10_003624,Razorpay Nodal,BLNK-INV-129125 PO_B10_003624,326310,5660,0,0,320650,INR,2026-08-12T15:44:00Z,BATCH-BLNK-3624
PO_B10_003625,PayU Enterprise,MYNT-INV-902117 PO_B10_003625,167112,4163,0,0,162949,INR,2026-08-12T14:48:00Z,BATCH-MYNT-3625
PO_B10_003626,BillDesk Settlement,BLNK-INV-686256 PO_B10_003626,363284,8401,0,0,354883,INR,2026-08-12T15:02:00Z,BATCH-BLNK-3626
PO_B10_003627,PayU Enterprise,MMTR-INV-831314 PO_B10_003627,253108,5255,0,0,247853,INR,2026-08-12T05:43:00Z,BATCH-MMTR-3627
PO_B10_003628,Cashfree Escrow,MYNT-INV-250290 PO_B10_003628,336872,7556,0,0,329316,INR,2026-08-12T03:48:00Z,BATCH-MYNT-3628
PO_B10_003629,PayU Enterprise,BBAS-INV-957569 PO_B10_003629,334578,5684,0,0,328894,INR,2026-08-12T11:34:00Z,BATCH-BBAS-3629
PO_B10_003630,PayU Enterprise,MYNT-INV-444476 PO_B10_003630,73346,1778,0,0,71568,INR,2026-08-12T06:53:00Z,BATCH-MYNT-3630
PO_B10_003631,Stripe India,NYKA-EXC-558193-UNRESOLVED,257067,5131,0,0,251936,INR,2026-08-13T01:03:00Z,HOLD-ESCROW
PO_B10_003632,Razorpay Nodal,AMZN-ORD-450069 AMZN-ORD-325484 AMZN-ORD-650763 BATCH-AMZN-3632,464849,9296,0,0,455553,INR,2026-08-12T00:03:00Z,BATCH-AMZN-3632
PO_B10_003633,Cashfree Escrow,MMTR-INV-972753 PO_B10_003633,282352,5807,0,0,276545,INR,2026-08-11T23:12:00Z,BATCH-MMTR-3633
PO_B10_003634,BillDesk Settlement,ZOMA-INV-532103 PO_B10_003634,230091,4174,0,0,225917,INR,2026-08-11T22:31:00Z,BATCH-ZOMA-3634
PO_B10_003635,Cashfree Escrow,NYKA-INV-806555 PO_B10_003635,364980,7636,0,0,357344,INR,2026-08-12T09:10:00Z,BATCH-NYKA-3635
PO_B10_003636,PayU Enterprise,FLPK-ORD-687964 FLPK-ORD-456484 FLPK-ORD-788742 BATCH-FLPK-3636,462619,9252,0,0,453367,INR,2026-08-12T07:12:00Z,BATCH-FLPK-3636
PO_B10_003637,Stripe India,SWIG-INV-758764 PO_B10_003637,268429,6704,0,0,261725,INR,2026-08-12T02:15:00Z,BATCH-SWIG-3637
PO_B10_003638,PayU Enterprise,BKMS-INV-864590 PO_B10_003638,180491,2860,0,0,177631,INR,2026-08-12T12:39:00Z,BATCH-BKMS-3638
PO_B10_003639,Cashfree Escrow,OLAA-INV-793774 PO_B10_003639,33348,778,0,0,32570,INR,2026-08-12T02:21:00Z,BATCH-OLAA-3639
PO_B10_003640,Razorpay Nodal,SWIG-INV-882087 PO_B10_003640,264221,3985,0,0,260236,INR,2026-08-12T12:43:00Z,BATCH-SWIG-3640
PO_B10_003641,Razorpay Nodal,NYKA-INV-786245 PO_B10_003641,433498,10188,0,0,423310,INR,2026-08-11T22:55:00Z,BATCH-NYKA-3641
PO_B10_003642,BillDesk Settlement,BLNK-ORD-516783 BLNK-ORD-916905 BATCH-BLNK-3642,356548,7130,0,0,349418,INR,2026-08-12T16:52:00Z,BATCH-BLNK-3642
PO_B10_003643,BillDesk Settlement,MYNT-ORD-800899 MYNT-ORD-893504 BATCH-MYNT-3643,346237,6924,0,0,339313,INR,2026-08-12T19:14:00Z,BATCH-MYNT-3643
PO_B10_003644,PayU Enterprise,UBER-ORD-360835 UBER-ORD-132050 BATCH-UBER-3644,254238,5084,0,0,249154,INR,2026-08-12T08:16:00Z,BATCH-UBER-3644
PO_B10_003645,BillDesk Settlement,ZOMA-INV-315704 PO_B10_003645,363576,6070,0,0,357506,INR,2026-08-12T04:27:00Z,BATCH-ZOMA-3645
PO_B10_003646,BillDesk Settlement,OLAA-ORD-550360 OLAA-ORD-368493 OLAA-ORD-907951 BATCH-OLAA-3646,160325,3206,0,0,157119,INR,2026-08-12T20:38:00Z,BATCH-OLAA-3646
PO_B10_003647,Stripe India,MYNT-INV-986739 PO_B10_003647,325890,5844,0,0,320046,INR,2026-08-12T09:59:00Z,BATCH-MYNT-3647
PO_B10_003648,Cashfree Escrow,TATA-INV-409047 PO_B10_003648,179388,3002,0,0,176386,INR,2026-08-12T01:20:00Z,BATCH-TATA-3648
PO_B10_003649,BillDesk Settlement,BKMS-INV-237224 PO_B10_003649,440791,7545,0,0,433246,INR,2026-08-12T10:32:00Z,BATCH-BKMS-3649
PO_B10_003650,Stripe India,PHNP-ORD-658626 PHNP-ORD-165089 PHNP-ORD-594493 BATCH-PHNP-3650,493797,9875,0,0,483922,INR,2026-08-11T23:56:00Z,BATCH-PHNP-3650
PO_B10_003651,Razorpay Nodal,PAYT-INV-426747 PO_B10_003651,201010,3512,0,0,197498,INR,2026-08-12T01:07:00Z,BATCH-PAYT-3651
PO_B10_003652,Stripe India,BBAS-INV-767451 PO_B10_003652,292418,6958,0,0,285460,INR,2026-08-12T07:16:00Z,BATCH-BBAS-3652
PO_B10_003653,PayU Enterprise,AMZN-ORD-464076 AMZN-ORD-237110 BATCH-AMZN-3653,103578,2071,0,0,101507,INR,2026-08-12T03:48:00Z,BATCH-AMZN-3653
PO_B10_003654,Cashfree Escrow,BKMS-ORD-281664 BKMS-ORD-828416 BATCH-BKMS-3654,210688,4213,0,0,206475,INR,2026-08-12T16:24:00Z,BATCH-BKMS-3654
PO_B10_003655,Razorpay Nodal,SWIG-INV-928353 PO_B10_003655,223598,5428,0,0,218170,INR,2026-08-11T23:02:00Z,BATCH-SWIG-3655
PO_B10_003656,Razorpay Nodal,UBER-INV-706227 PO_B10_003656,55617,1381,0,0,54236,INR,2026-08-12T17:07:00Z,BATCH-UBER-3656
PO_B10_003657,Stripe India,BLNK-INV-314249 PO_B10_003657,259765,5036,0,0,254729,INR,2026-08-12T07:19:00Z,BATCH-BLNK-3657
PO_B10_003658,PayU Enterprise,BLNK-INV-837142 PO_B10_003658,109141,1894,0,0,107247,INR,2026-08-12T05:03:00Z,BATCH-BLNK-3658
PO_B10_003659,Stripe India,MMTR-INV-462332 PO_B10_003659,88607,1879,0,0,86728,INR,2026-08-11T16:13:00Z,BATCH-MMTR-3659
PO_B10_003660,Stripe India,MMTR-INV-774980 PO_B10_003660,303635,5485,0,0,298150,INR,2026-08-12T16:31:00Z,BATCH-MMTR-3660
PO_B10_003661,Stripe India,TATA-INV-276287 PO_B10_003661,353458,5436,0,0,348022,INR,2026-08-11T16:56:00Z,BATCH-TATA-3661
PO_B10_003662,BillDesk Settlement,ZOMA-INV-451225 PO_B10_003662,355986,8031,0,0,347955,INR,2026-08-12T07:02:00Z,BATCH-ZOMA-3662
PO_B10_003663,Stripe India,NYKA-INV-523214 PO_B10_003663,430616,8485,0,0,422131,INR,2026-08-12T10:36:00Z,BATCH-NYKA-3663
PO_B10_003664,Stripe India,ZOMA-INV-254946 PO_B10_003664,85245,1675,0,0,83570,INR,2026-08-12T00:49:00Z,BATCH-ZOMA-3664
PO_B10_003665,Cashfree Escrow,PHNP-INV-439083 PO_B10_003665,81247,1835,0,0,79412,INR,2026-08-12T04:52:00Z,BATCH-PHNP-3665
PO_B10_003666,Cashfree Escrow,BKMS-INV-509125 PO_B10_003666,87995,1510,0,0,86485,INR,2026-08-11T23:09:00Z,BATCH-BKMS-3666
PO_B10_003667,BillDesk Settlement,MYNT-ORD-588404 MYNT-ORD-486748 MYNT-ORD-509305 BATCH-MYNT-3667,228559,4571,0,0,223988,INR,2026-08-12T04:52:00Z,BATCH-MYNT-3667
PO_B10_003668,Cashfree Escrow,TATA-INV-855600 PO_B10_003668,171512,3946,0,0,167566,INR,2026-08-11T23:27:00Z,BATCH-TATA-3668
PO_B10_003669,Cashfree Escrow,BLNK-INV-908027 PO_B10_003669,45495,1128,0,0,44367,INR,2026-08-12T06:20:00Z,BATCH-BLNK-3669
PO_B10_003670,BillDesk Settlement,BKMS-ORD-670950 BKMS-ORD-894550 BATCH-BKMS-3670,284217,5684,0,0,278533,INR,2026-08-11T22:22:00Z,BATCH-BKMS-3670
PO_B10_003671,Stripe India,TATA-ORD-310074 TATA-ORD-547997 BATCH-TATA-3671,180527,3610,0,0,176917,INR,2026-08-12T09:18:00Z,BATCH-TATA-3671
PO_B10_003672,BillDesk Settlement,AMZN-INV-903474 PO_B10_003672,296943,6436,0,0,290507,INR,2026-08-12T10:13:00Z,BATCH-AMZN-3672
PO_B10_003673,Razorpay Nodal,UBER-INV-801688 PO_B10_003673,115162,1922,0,0,113240,INR,2026-08-12T06:45:00Z,BATCH-UBER-3673
PO_B10_003674,BillDesk Settlement,BBAS-INV-668802 PO_B10_003674,315451,7512,0,0,307939,INR,2026-08-12T04:55:00Z,BATCH-BBAS-3674
PO_B10_003675,Stripe India,BBAS-INV-532231 PO_B10_003675,165227,2998,0,0,162229,INR,2026-08-12T14:25:00Z,BATCH-BBAS-3675
PO_B10_003676,Cashfree Escrow,NYKA-INV-594335 PO_B10_003676,390652,6217,0,0,384435,INR,2026-08-11T22:24:00Z,BATCH-NYKA-3676
PO_B10_003677,PayU Enterprise,BBAS-ORD-844317 BBAS-ORD-541398 BATCH-BBAS-3677,65923,1318,0,0,64605,INR,2026-08-12T17:54:00Z,BATCH-BBAS-3677
PO_B10_003678,BillDesk Settlement,PAYT-INV-688431 PO_B10_003678,292879,6387,0,0,286492,INR,2026-08-12T16:33:00Z,BATCH-PAYT-3678
PO_B10_003679,PayU Enterprise,NYKA-INV-376296 PO_B10_003679,254105,6154,0,0,247951,INR,2026-08-12T19:13:00Z,BATCH-NYKA-3679
PO_B10_003680,Razorpay Nodal,MYNT-EXC-799653-UNRESOLVED,294358,5877,0,0,288481,INR,2026-08-12T15:08:00Z,HOLD-ESCROW
PO_B10_003681,BillDesk Settlement,BLNK-INV-703253 PO_B10_003681,127392,3125,0,0,124267,INR,2026-08-11T16:50:00Z,BATCH-BLNK-3681
PO_B10_003682,Cashfree Escrow,UBER-INV-485550 PO_B10_003682,411142,6202,0,0,404940,INR,2026-08-12T22:03:00Z,BATCH-UBER-3682
PO_B10_003683,BillDesk Settlement,TATA-INV-189267 PO_B10_003683,148913,2692,0,0,146221,INR,2026-08-11T23:30:00Z,BATCH-TATA-3683
PO_B10_003684,Cashfree Escrow,JIOO-ORD-730369 JIOO-ORD-902692 BATCH-JIOO-3684,331368,6627,0,0,324741,INR,2026-08-12T08:49:00Z,BATCH-JIOO-3684
PO_B10_003685,PayU Enterprise,PHNP-INV-924832 PO_B10_003685,61019,1349,0,0,59670,INR,2026-08-11T20:16:00Z,BATCH-PHNP-3685
PO_B10_003686,Cashfree Escrow,TATA-INV-328258 PO_B10_003686,44541,971,0,0,43570,INR,2026-08-12T05:22:00Z,BATCH-TATA-3686
PO_B10_003687,BillDesk Settlement,NYKA-INV-127032 PO_B10_003687,397714,9566,0,0,388148,INR,2026-08-12T08:44:00Z,BATCH-NYKA-3687
PO_B10_003688,Razorpay Nodal,PHNP-INV-227822 PO_B10_003688,421824,7826,0,0,413998,INR,2026-08-12T08:04:00Z,BATCH-PHNP-3688
PO_B10_003689,PayU Enterprise,OLAA-INV-892728 PO_B10_003689,206408,4206,0,0,202202,INR,2026-08-12T05:05:00Z,BATCH-OLAA-3689
PO_B10_003690,BillDesk Settlement,MMTR-ORD-709668 MMTR-ORD-899563 BATCH-MMTR-3690,443026,8860,0,0,434166,INR,2026-08-12T02:44:00Z,BATCH-MMTR-3690
PO_B10_003691,PayU Enterprise,FLPK-INV-212408 PO_B10_003691,57420,861,0,0,56559,INR,2026-08-12T05:05:00Z,BATCH-FLPK-3691
PO_B10_003692,PayU Enterprise,MYNT-INV-823874 PO_B10_003692,343130,6955,0,0,336175,INR,2026-08-11T23:50:00Z,BATCH-MYNT-3692
PO_B10_003693,PayU Enterprise,BKMS-INV-872517 PO_B10_003693,334005,5518,0,0,328487,INR,2026-08-11T21:52:00Z,BATCH-BKMS-3693
PO_B10_003694,Cashfree Escrow,UBER-ORD-487398 UBER-ORD-992458 UBER-ORD-445941 BATCH-UBER-3694,351680,7033,0,0,344647,INR,2026-08-12T06:30:00Z,BATCH-UBER-3694
PO_B10_003695,BillDesk Settlement,UBER-ORD-383188 UBER-ORD-110985 BATCH-UBER-3695,149230,2984,0,0,146246,INR,2026-08-12T01:19:00Z,BATCH-UBER-3695
PO_B10_003696,Razorpay Nodal,PHNP-INV-414662 PO_B10_003696,316668,7105,0,0,309563,INR,2026-08-12T02:21:00Z,BATCH-PHNP-3696
PO_B10_003697,PayU Enterprise,JIOO-INV-779065 PO_B10_003697,72305,1606,0,0,70699,INR,2026-08-12T17:52:00Z,BATCH-JIOO-3697
PO_B10_003698,Cashfree Escrow,BBAS-INV-195739 PO_B10_003698,68277,1163,0,0,67114,INR,2026-08-12T13:55:00Z,BATCH-BBAS-3698
PO_B10_003699,Razorpay Nodal,TATA-INV-200925 PO_B10_003699,142128,3236,0,0,138892,INR,2026-08-12T15:59:00Z,BATCH-TATA-3699
PO_B10_003700,Cashfree Escrow,BKMS-INV-664561 PO_B10_003700,284731,5518,0,0,279213,INR,2026-08-12T14:36:00Z,BATCH-BKMS-3700
PO_B10_003701,PayU Enterprise,FLPK-INV-151830 PO_B10_003701,274234,4194,0,0,270040,INR,2026-08-13T01:09:00Z,BATCH-FLPK-3701
PO_B10_003702,BillDesk Settlement,BLNK-INV-697564 PO_B10_003702,39601,607,0,0,38994,INR,2026-08-11T21:38:00Z,BATCH-BLNK-3702
PO_B10_003703,Stripe India,SWIG-INV-899570 PO_B10_003703,400919,8760,0,0,392159,INR,2026-08-11T21:57:00Z,BATCH-SWIG-3703
PO_B10_003704,Stripe India,SWIG-ORD-729236 SWIG-ORD-971976 SWIG-ORD-891722 BATCH-SWIG-3704,456414,9128,0,0,447286,INR,2026-08-12T04:11:00Z,BATCH-SWIG-3704
PO_B10_003705,Stripe India,BBAS-INV-319768 PO_B10_003705,92941,2075,0,0,90866,INR,2026-08-12T05:13:00Z,BATCH-BBAS-3705
PO_B10_003706,BillDesk Settlement,AMZN-INV-754946 PO_B10_003706,404621,6445,0,0,398176,INR,2026-08-12T13:06:00Z,BATCH-AMZN-3706
PO_B10_003707,Cashfree Escrow,NYKA-INV-345302 PO_B10_003707,274543,4572,0,0,269971,INR,2026-08-12T23:41:00Z,BATCH-NYKA-3707
PO_B10_003708,Razorpay Nodal,OLAA-INV-598431 PO_B10_003708,398639,8783,0,0,389856,INR,2026-08-12T12:11:00Z,BATCH-OLAA-3708
PO_B10_003709,Razorpay Nodal,MMTR-INV-783915 PO_B10_003709,116576,2011,0,0,114565,INR,2026-08-12T00:12:00Z,BATCH-MMTR-3709
PO_B10_003710,BillDesk Settlement,MYNT-INV-982405 PO_B10_003710,294982,5212,0,0,289770,INR,2026-08-12T01:47:00Z,BATCH-MYNT-3710
PO_B10_003711,Cashfree Escrow,ZOMA-INV-124887 PO_B10_003711,191417,4320,0,0,187097,INR,2026-08-12T02:26:00Z,BATCH-ZOMA-3711
PO_B10_003712,Cashfree Escrow,OLAA-INV-790709 PO_B10_003712,309252,6757,0,0,302495,INR,2026-08-12T08:54:00Z,BATCH-OLAA-3712
PO_B10_003713,PayU Enterprise,MYNT-ORD-622958 MYNT-ORD-486299 BATCH-MYNT-3713,112321,2246,0,0,110075,INR,2026-08-12T11:38:00Z,BATCH-MYNT-3713
PO_B10_003714,Razorpay Nodal,JIOO-INV-501956 PO_B10_003714,306048,7609,0,0,298439,INR,2026-08-12T00:37:00Z,BATCH-JIOO-3714
PO_B10_003715,Stripe India,BLNK-INV-302765 PO_B10_003715,327854,7046,0,0,320808,INR,2026-08-12T21:51:00Z,BATCH-BLNK-3715
PO_B10_003716,PayU Enterprise,BLNK-EXC-838540-UNRESOLVED,124409,2478,0,0,121931,INR,2026-08-13T03:56:00Z,HOLD-ESCROW
PO_B10_003717,Cashfree Escrow,NYKA-ORD-601305 NYKA-ORD-950387 NYKA-ORD-565855 BATCH-NYKA-3717,391778,7835,0,0,383943,INR,2026-08-12T09:09:00Z,BATCH-NYKA-3717
PO_B10_003718,PayU Enterprise,MYNT-INV-510079 PO_B10_003718,380959,9153,0,0,371806,INR,2026-08-12T16:55:00Z,BATCH-MYNT-3718
PO_B10_003719,PayU Enterprise,AMZN-ORD-536025 AMZN-ORD-947389 BATCH-AMZN-3719,182018,3640,0,0,178378,INR,2026-08-12T12:15:00Z,BATCH-AMZN-3719
PO_B10_003720,Stripe India,ZOMA-INV-622211 PO_B10_003720,142608,2400,0,0,140208,INR,2026-08-12T12:37:00Z,BATCH-ZOMA-3720
PO_B10_003721,Razorpay Nodal,JIOO-INV-474602 PO_B10_003721,447101,10452,0,0,436649,INR,2026-08-12T03:14:00Z,BATCH-JIOO-3721
PO_B10_003722,BillDesk Settlement,AMZN-ORD-575087 AMZN-ORD-583773 BATCH-AMZN-3722,305345,6106,0,0,299239,INR,2026-08-12T01:15:00Z,BATCH-AMZN-3722
PO_B10_003723,BillDesk Settlement,UBER-INV-868996 PO_B10_003723,26840,620,0,0,26220,INR,2026-08-12T09:31:00Z,BATCH-UBER-3723
PO_B10_003724,Stripe India,TATA-INV-348461 PO_B10_003724,243550,5038,0,0,238512,INR,2026-08-12T19:22:00Z,BATCH-TATA-3724
PO_B10_003725,Cashfree Escrow,MMTR-ORD-616358 MMTR-ORD-867728 BATCH-MMTR-3725,182809,3656,0,0,179153,INR,2026-08-12T07:39:00Z,BATCH-MMTR-3725
PO_B10_003726,Razorpay Nodal,MMTR-ORD-866035 MMTR-ORD-745957 BATCH-MMTR-3726,369504,7390,0,0,362114,INR,2026-08-12T09:20:00Z,BATCH-MMTR-3726
PO_B10_003727,PayU Enterprise,OLAA-ORD-711265 OLAA-ORD-885655 OLAA-ORD-496360 BATCH-OLAA-3727,465866,9317,0,0,456549,INR,2026-08-12T14:49:00Z,BATCH-OLAA-3727
PO_B10_003728,Stripe India,JIOO-INV-930039 PO_B10_003728,167757,2980,0,0,164777,INR,2026-08-12T09:06:00Z,BATCH-JIOO-3728
PO_B10_003729,Cashfree Escrow,PHNP-EXC-678072-UNRESOLVED,120660,2403,0,0,118257,INR,2026-08-13T07:11:00Z,HOLD-ESCROW
PO_B10_003730,Cashfree Escrow,SWIG-INV-463344 PO_B10_003730,284036,7028,0,0,277008,INR,2026-08-12T10:54:00Z,BATCH-SWIG-3730
PO_B10_003731,PayU Enterprise,MYNT-ORD-607473 MYNT-ORD-657226 BATCH-MYNT-3731,145814,2916,0,0,142898,INR,2026-08-12T17:43:00Z,BATCH-MYNT-3731
PO_B10_003732,Stripe India,OLAA-INV-235607 PO_B10_003732,221465,4651,0,0,216814,INR,2026-08-12T06:03:00Z,BATCH-OLAA-3732
PO_B10_003733,Cashfree Escrow,BLNK-INV-205244 PO_B10_003733,135719,3392,0,0,132327,INR,2026-08-12T04:47:00Z,BATCH-BLNK-3733
PO_B10_003734,BillDesk Settlement,NYKA-INV-613459 PO_B10_003734,166541,3391,0,0,163150,INR,2026-08-13T00:49:00Z,BATCH-NYKA-3734
PO_B10_003735,Razorpay Nodal,BLNK-ORD-462076 BLNK-ORD-879681 BLNK-ORD-880710 BATCH-BLNK-3735,397996,7959,0,0,390037,INR,2026-08-12T14:50:00Z,BATCH-BLNK-3735
PO_B10_003736,Razorpay Nodal,OLAA-INV-883923 PO_B10_003736,257743,6136,0,0,251607,INR,2026-08-12T09:56:00Z,BATCH-OLAA-3736
PO_B10_003737,Cashfree Escrow,ZOMA-INV-745936 PO_B10_003737,156622,3009,0,0,153613,INR,2026-08-12T04:17:00Z,BATCH-ZOMA-3737
PO_B10_003738,Stripe India,MYNT-INV-411788 PO_B10_003738,255301,4658,0,0,250643,INR,2026-08-12T15:23:00Z,BATCH-MYNT-3738
PO_B10_003739,PayU Enterprise,AMZN-INV-514930 PO_B10_003739,258967,6290,0,0,252677,INR,2026-08-12T13:41:00Z,BATCH-AMZN-3739
PO_B10_003740,Razorpay Nodal,OLAA-INV-204359 PO_B10_003740,160217,2717,0,0,157500,INR,2026-08-12T04:26:00Z,BATCH-OLAA-3740
PO_B10_003741,Razorpay Nodal,SWIG-INV-255133 PO_B10_003741,241678,5334,0,0,236344,INR,2026-08-12T05:29:00Z,BATCH-SWIG-3741
PO_B10_003742,Stripe India,JIOO-INV-299062 PO_B10_003742,66225,1462,0,0,64763,INR,2026-08-12T18:54:00Z,BATCH-JIOO-3742
PO_B10_003743,BillDesk Settlement,SWIG-INV-860631 PO_B10_003743,227554,5425,0,0,222129,INR,2026-08-11T21:18:00Z,BATCH-SWIG-3743
PO_B10_003744,Stripe India,ZOMA-ORD-768502 ZOMA-ORD-116466 BATCH-ZOMA-3744,243738,4874,0,0,238864,INR,2026-08-11T22:57:00Z,BATCH-ZOMA-3744
PO_B10_003745,Stripe India,FLPK-ORD-436014 FLPK-ORD-128552 FLPK-ORD-842967 BATCH-FLPK-3745,401834,8036,0,0,393798,INR,2026-08-12T11:49:00Z,BATCH-FLPK-3745
PO_B10_003746,Cashfree Escrow,FLPK-ORD-299601 FLPK-ORD-669865 BATCH-FLPK-3746,206649,4132,0,0,202517,INR,2026-08-12T14:15:00Z,BATCH-FLPK-3746
PO_B10_003747,Stripe India,AMZN-ORD-765859 AMZN-ORD-431153 BATCH-AMZN-3747,188256,3765,0,0,184491,INR,2026-08-12T05:57:00Z,BATCH-AMZN-3747
PO_B10_003748,PayU Enterprise,MMTR-INV-864529 PO_B10_003748,303811,5116,0,0,298695,INR,2026-08-11T18:43:00Z,BATCH-MMTR-3748
PO_B10_003749,PayU Enterprise,MMTR-ORD-312245 MMTR-ORD-230753 MMTR-ORD-670679 BATCH-MMTR-3749,311601,6232,0,0,305369,INR,2026-08-12T16:22:00Z,BATCH-MMTR-3749
PO_B10_003750,BillDesk Settlement,UBER-INV-450347 PO_B10_003750,56718,1063,0,0,55655,INR,2026-08-12T01:28:00Z,BATCH-UBER-3750
PO_B10_003751,BillDesk Settlement,BBAS-INV-905087 PO_B10_003751,223083,5494,0,0,217589,INR,2026-08-12T02:21:00Z,BATCH-BBAS-3751
PO_B10_003752,BillDesk Settlement,MYNT-INV-988682 PO_B10_003752,39403,980,0,0,38423,INR,2026-08-12T16:22:00Z,BATCH-MYNT-3752
PO_B10_003753,Stripe India,BBAS-ORD-102842 BBAS-ORD-242669 BATCH-BBAS-3753,158202,3164,0,0,155038,INR,2026-08-12T13:34:00Z,BATCH-BBAS-3753
PO_B10_003754,PayU Enterprise,FLPK-INV-215657 PO_B10_003754,236552,3918,0,0,232634,INR,2026-08-12T16:59:00Z,BATCH-FLPK-3754
PO_B10_003755,Stripe India,BKMS-INV-977339 PO_B10_003755,164035,2971,0,0,161064,INR,2026-08-12T21:33:00Z,BATCH-BKMS-3755
PO_B10_003756,PayU Enterprise,BLNK-INV-408148 PO_B10_003756,426166,10648,0,0,415518,INR,2026-08-12T10:08:00Z,BATCH-BLNK-3756
PO_B10_003757,BillDesk Settlement,PHNP-INV-185762 PO_B10_003757,25141,512,0,0,24629,INR,2026-08-12T22:44:00Z,BATCH-PHNP-3757
PO_B10_003758,Cashfree Escrow,ZOMA-INV-399880 PO_B10_003758,253514,6300,0,0,247214,INR,2026-08-12T15:38:00Z,BATCH-ZOMA-3758
PO_B10_003759,BillDesk Settlement,AMZN-INV-615386 PO_B10_003759,293210,5800,0,0,287410,INR,2026-08-11T18:48:00Z,BATCH-AMZN-3759
PO_B10_003760,PayU Enterprise,MMTR-INV-476089 PO_B10_003760,109988,1866,0,0,108122,INR,2026-08-12T12:17:00Z,BATCH-MMTR-3760
PO_B10_003761,Stripe India,MYNT-ORD-315181 MYNT-ORD-917809 BATCH-MYNT-3761,135117,2702,0,0,132415,INR,2026-08-12T03:48:00Z,BATCH-MYNT-3761
PO_B10_003762,Cashfree Escrow,FLPK-ORD-752404 FLPK-ORD-379380 BATCH-FLPK-3762,281647,5632,0,0,276015,INR,2026-08-12T05:16:00Z,BATCH-FLPK-3762
PO_B10_003763,Razorpay Nodal,ZOMA-ORD-815048 ZOMA-ORD-772496 ZOMA-ORD-489767 BATCH-ZOMA-3763,510957,10219,0,0,500738,INR,2026-08-12T04:55:00Z,BATCH-ZOMA-3763
PO_B10_003764,Cashfree Escrow,SWIG-ORD-467193 SWIG-ORD-322653 SWIG-ORD-169298 BATCH-SWIG-3764,349471,6989,0,0,342482,INR,2026-08-11T21:33:00Z,BATCH-SWIG-3764
PO_B10_003765,Razorpay Nodal,SWIG-INV-549745 PO_B10_003765,438138,9873,0,0,428265,INR,2026-08-12T22:55:00Z,BATCH-SWIG-3765
PO_B10_003766,BillDesk Settlement,ZOMA-INV-182396 PO_B10_003766,30996,578,0,0,30418,INR,2026-08-12T01:50:00Z,BATCH-ZOMA-3766
PO_B10_003767,BillDesk Settlement,TATA-ORD-295796 TATA-ORD-924891 BATCH-TATA-3767,201659,4033,0,0,197626,INR,2026-08-12T12:08:00Z,BATCH-TATA-3767
PO_B10_003768,PayU Enterprise,MMTR-INV-637746 PO_B10_003768,317648,4804,0,0,312844,INR,2026-08-12T20:45:00Z,BATCH-MMTR-3768
PO_B10_003769,PayU Enterprise,PHNP-ORD-729100 PHNP-ORD-687415 BATCH-PHNP-3769,253676,5073,0,0,248603,INR,2026-08-12T04:48:00Z,BATCH-PHNP-3769
PO_B10_003770,BillDesk Settlement,MYNT-INV-627061 PO_B10_003770,168498,3061,0,0,165437,INR,2026-08-12T07:03:00Z,BATCH-MYNT-3770
PO_B10_003771,BillDesk Settlement,BKMS-ORD-309658 BKMS-ORD-406194 BATCH-BKMS-3771,215580,4311,0,0,211269,INR,2026-08-12T15:18:00Z,BATCH-BKMS-3771
PO_B10_003772,BillDesk Settlement,BLNK-INV-734118 PO_B10_003772,153821,2978,0,0,150843,INR,2026-08-12T07:49:00Z,BATCH-BLNK-3772
PO_B10_003773,BillDesk Settlement,PAYT-INV-826328 PO_B10_003773,444712,10730,0,0,433982,INR,2026-08-12T12:38:00Z,BATCH-PAYT-3773
PO_B10_003774,Razorpay Nodal,PHNP-INV-698722 PO_B10_003774,34361,686,0,0,33675,INR,2026-08-11T17:20:00Z,BATCH-PHNP-3774
PO_B10_003775,PayU Enterprise,PHNP-INV-426093 PO_B10_003775,277019,5263,0,0,271756,INR,2026-08-12T12:06:00Z,BATCH-PHNP-3775
PO_B10_003776,Stripe India,ZOMA-INV-865770 PO_B10_003776,410034,7725,0,0,402309,INR,2026-08-12T00:13:00Z,BATCH-ZOMA-3776
PO_B10_003777,Stripe India,PHNP-INV-267610 PO_B10_003777,101657,2218,0,0,99439,INR,2026-08-12T12:48:00Z,BATCH-PHNP-3777
PO_B10_003778,Cashfree Escrow,JIOO-INV-645681 PO_B10_003778,444284,9265,0,0,435019,INR,2026-08-12T17:27:00Z,BATCH-JIOO-3778
PO_B10_003779,PayU Enterprise,UBER-INV-673401 PO_B10_003779,410770,6398,0,0,404372,INR,2026-08-12T12:24:00Z,BATCH-UBER-3779
PO_B10_003780,BillDesk Settlement,MYNT-ORD-450789 MYNT-ORD-227721 BATCH-MYNT-3780,171125,3422,0,0,167703,INR,2026-08-12T00:29:00Z,BATCH-MYNT-3780
PO_B10_003781,Razorpay Nodal,MMTR-INV-224045 PO_B10_003781,145345,2860,0,0,142485,INR,2026-08-11T23:23:00Z,BATCH-MMTR-3781
PO_B10_003782,PayU Enterprise,MYNT-INV-864256 PO_B10_003782,163139,3241,0,0,159898,INR,2026-08-12T03:28:00Z,BATCH-MYNT-3782
PO_B10_003783,PayU Enterprise,NYKA-INV-857093 PO_B10_003783,71560,1671,0,0,69889,INR,2026-08-12T14:44:00Z,BATCH-NYKA-3783
PO_B10_003784,Cashfree Escrow,BKMS-INV-382858 PO_B10_003784,371360,9044,0,0,362316,INR,2026-08-12T12:32:00Z,BATCH-BKMS-3784
PO_B10_003785,PayU Enterprise,TATA-INV-291858 PO_B10_003785,430346,7138,0,0,423208,INR,2026-08-11T23:04:00Z,BATCH-TATA-3785
PO_B10_003786,BillDesk Settlement,TATA-ORD-795294 TATA-ORD-467170 TATA-ORD-769997 BATCH-TATA-3786,240229,4804,0,0,235425,INR,2026-08-12T10:37:00Z,BATCH-TATA-3786
PO_B10_003787,PayU Enterprise,NYKA-ORD-295838 NYKA-ORD-841547 NYKA-ORD-567552 BATCH-NYKA-3787,576616,11532,0,0,565084,INR,2026-08-12T02:42:00Z,BATCH-NYKA-3787
PO_B10_003788,Stripe India,FLPK-ORD-125900 FLPK-ORD-330580 BATCH-FLPK-3788,341124,6822,0,0,334302,INR,2026-08-12T03:01:00Z,BATCH-FLPK-3788
PO_B10_003789,BillDesk Settlement,SWIG-ORD-167955 SWIG-ORD-377550 BATCH-SWIG-3789,254952,5099,0,0,249853,INR,2026-08-12T14:41:00Z,BATCH-SWIG-3789
PO_B10_003790,PayU Enterprise,MYNT-INV-485915 PO_B10_003790,299107,6488,0,0,292619,INR,2026-08-12T07:22:00Z,BATCH-MYNT-3790
PO_B10_003791,BillDesk Settlement,PHNP-INV-718593 PO_B10_003791,353794,7987,0,0,345807,INR,2026-08-11T17:55:00Z,BATCH-PHNP-3791
PO_B10_003792,BillDesk Settlement,PHNP-INV-534062 PO_B10_003792,31868,558,0,0,31310,INR,2026-08-12T13:26:00Z,BATCH-PHNP-3792
PO_B10_003793,Razorpay Nodal,FLPK-ORD-172006 FLPK-ORD-365408 BATCH-FLPK-3793,187008,3740,0,0,183268,INR,2026-08-12T16:22:00Z,BATCH-FLPK-3793
PO_B10_003794,PayU Enterprise,MYNT-INV-283990 PO_B10_003794,270347,5081,0,0,265266,INR,2026-08-12T08:47:00Z,BATCH-MYNT-3794
PO_B10_003795,BillDesk Settlement,SWIG-INV-811546 PO_B10_003795,251081,3789,0,0,247292,INR,2026-08-12T04:12:00Z,BATCH-SWIG-3795
PO_B10_003796,PayU Enterprise,MMTR-INV-706794 PO_B10_003796,236410,3909,0,0,232501,INR,2026-08-11T22:07:00Z,BATCH-MMTR-3796
PO_B10_003797,Stripe India,ZOMA-INV-248949 PO_B10_003797,428726,7582,0,0,421144,INR,2026-08-12T12:33:00Z,BATCH-ZOMA-3797
PO_B10_003798,Cashfree Escrow,TATA-ORD-261551 TATA-ORD-295531 BATCH-TATA-3798,366957,7339,0,0,359618,INR,2026-08-12T03:21:00Z,BATCH-TATA-3798
PO_B10_003799,Stripe India,TATA-INV-164340 PO_B10_003799,397785,6254,0,0,391531,INR,2026-08-12T17:32:00Z,BATCH-TATA-3799
PO_B10_003800,Cashfree Escrow,UBER-INV-740205 PO_B10_003800,198815,4963,0,0,193852,INR,2026-08-12T02:56:00Z,BATCH-UBER-3800
PO_B10_003801,Cashfree Escrow,NYKA-ORD-244040 NYKA-ORD-405116 BATCH-NYKA-3801,147567,2951,0,0,144616,INR,2026-08-12T18:36:00Z,BATCH-NYKA-3801
PO_B10_003802,Cashfree Escrow,OLAA-INV-971878 PO_B10_003802,392355,8512,0,0,383843,INR,2026-08-12T13:08:00Z,BATCH-OLAA-3802
PO_B10_003803,BillDesk Settlement,UBER-EXC-829982-UNRESOLVED,86123,1712,0,0,84411,INR,2026-08-12T18:03:00Z,HOLD-ESCROW
PO_B10_003804,BillDesk Settlement,BBAS-INV-263503 PO_B10_003804,132338,2924,0,0,129414,INR,2026-08-12T09:25:00Z,BATCH-BBAS-3804
PO_B10_003805,Razorpay Nodal,BLNK-ORD-130244 BLNK-ORD-758912 BATCH-BLNK-3805,81767,1635,0,0,80132,INR,2026-08-12T14:51:00Z,BATCH-BLNK-3805
PO_B10_003806,BillDesk Settlement,OLAA-INV-894657 PO_B10_003806,273157,4840,0,0,268317,INR,2026-08-12T17:58:00Z,BATCH-OLAA-3806
PO_B10_003807,PayU Enterprise,PAYT-INV-653205 PO_B10_003807,218387,3663,0,0,214724,INR,2026-08-12T15:34:00Z,BATCH-PAYT-3807
PO_B10_003808,Stripe India,PAYT-ORD-578706 PAYT-ORD-382965 PAYT-ORD-404385 BATCH-PAYT-3808,372756,7455,0,0,365301,INR,2026-08-12T09:23:00Z,BATCH-PAYT-3808
PO_B10_003809,BillDesk Settlement,MMTR-INV-177510 PO_B10_003809,261814,4644,0,0,257170,INR,2026-08-12T17:57:00Z,BATCH-MMTR-3809
PO_B10_003810,BillDesk Settlement,JIOO-ORD-390305 JIOO-ORD-296497 BATCH-JIOO-3810,254484,5089,0,0,249395,INR,2026-08-12T05:58:00Z,BATCH-JIOO-3810
PO_B10_003811,Stripe India,UBER-INV-689134 PO_B10_003811,263909,4377,0,0,259532,INR,2026-08-12T03:24:00Z,BATCH-UBER-3811
PO_B10_003812,Stripe India,UBER-INV-386598 PO_B10_003812,332810,6716,0,0,326094,INR,2026-08-12T12:43:00Z,BATCH-UBER-3812
PO_B10_003813,Stripe India,NYKA-INV-737477 PO_B10_003813,318588,5934,0,0,312654,INR,2026-08-13T02:32:00Z,BATCH-NYKA-3813
PO_B10_003814,Razorpay Nodal,JIOO-EXC-699401-UNRESOLVED,166075,3311,0,0,162764,INR,2026-08-12T23:23:00Z,HOLD-ESCROW
PO_B10_003815,Razorpay Nodal,NYKA-INV-259034 PO_B10_003815,386848,8890,0,0,377958,INR,2026-08-12T12:35:00Z,BATCH-NYKA-3815
PO_B10_003816,BillDesk Settlement,MYNT-INV-657874 PO_B10_003816,312498,5856,0,0,306642,INR,2026-08-12T04:11:00Z,BATCH-MYNT-3816
PO_B10_003817,Cashfree Escrow,BKMS-ORD-453843 BKMS-ORD-551445 BKMS-ORD-312795 BATCH-BKMS-3817,155591,3111,0,0,152480,INR,2026-08-12T18:08:00Z,BATCH-BKMS-3817
PO_B10_003818,Razorpay Nodal,MMTR-INV-502440 PO_B10_003818,148694,2434,0,0,146260,INR,2026-08-12T05:44:00Z,BATCH-MMTR-3818
PO_B10_003819,BillDesk Settlement,BKMS-ORD-455400 BKMS-ORD-379108 BATCH-BKMS-3819,248561,4971,0,0,243590,INR,2026-08-12T00:45:00Z,BATCH-BKMS-3819
PO_B10_003820,PayU Enterprise,TATA-INV-150562 PO_B10_003820,435194,8060,0,0,427134,INR,2026-08-12T07:47:00Z,BATCH-TATA-3820
PO_B10_003821,PayU Enterprise,BLNK-INV-972272 PO_B10_003821,439297,9521,0,0,429776,INR,2026-08-12T16:37:00Z,BATCH-BLNK-3821
PO_B10_003822,BillDesk Settlement,UBER-INV-622316 PO_B10_003822,444797,8322,0,0,436475,INR,2026-08-13T01:35:00Z,BATCH-UBER-3822
PO_B10_003823,PayU Enterprise,SWIG-ORD-588620 SWIG-ORD-224091 SWIG-ORD-713955 BATCH-SWIG-3823,584684,11693,0,0,572991,INR,2026-08-12T17:42:00Z,BATCH-SWIG-3823
PO_B10_003824,Cashfree Escrow,BKMS-INV-891450 PO_B10_003824,95230,1577,0,0,93653,INR,2026-08-12T07:25:00Z,BATCH-BKMS-3824
PO_B10_003825,Cashfree Escrow,BLNK-INV-441670 PO_B10_003825,344668,8300,0,0,336368,INR,2026-08-12T06:16:00Z,BATCH-BLNK-3825
PO_B10_003826,Razorpay Nodal,NYKA-INV-871224 PO_B10_003826,288999,5032,0,0,283967,INR,2026-08-12T12:00:00Z,BATCH-NYKA-3826
PO_B10_003827,Cashfree Escrow,JIOO-INV-535503 PO_B10_003827,221817,3593,0,0,218224,INR,2026-08-12T12:12:00Z,BATCH-JIOO-3827
PO_B10_003828,Cashfree Escrow,PAYT-INV-167295 PO_B10_003828,350560,7449,0,0,343111,INR,2026-08-12T22:20:00Z,BATCH-PAYT-3828
PO_B10_003829,Razorpay Nodal,SWIG-EXC-177205-UNRESOLVED,226639,4522,0,0,222117,INR,2026-08-12T11:55:00Z,HOLD-ESCROW
PO_B10_003830,Stripe India,TATA-ORD-916405 TATA-ORD-468873 TATA-ORD-672349 BATCH-TATA-3830,365219,7304,0,0,357915,INR,2026-08-11T21:42:00Z,BATCH-TATA-3830
PO_B10_003831,Stripe India,PAYT-INV-377733 PO_B10_003831,335716,6365,0,0,329351,INR,2026-08-12T12:29:00Z,BATCH-PAYT-3831
PO_B10_003832,Stripe India,MYNT-ORD-198980 MYNT-ORD-890661 MYNT-ORD-332287 BATCH-MYNT-3832,629284,12585,0,0,616699,INR,2026-08-12T08:30:00Z,BATCH-MYNT-3832
PO_B10_003833,BillDesk Settlement,PAYT-INV-546315 PO_B10_003833,179185,3594,0,0,175591,INR,2026-08-12T08:07:00Z,BATCH-PAYT-3833
PO_B10_003834,Stripe India,PHNP-INV-513630 PO_B10_003834,191331,4314,0,0,187017,INR,2026-08-11T18:17:00Z,BATCH-PHNP-3834
PO_B10_003835,BillDesk Settlement,PHNP-INV-954035 PO_B10_003835,33426,726,0,0,32700,INR,2026-08-11T19:09:00Z,BATCH-PHNP-3835
PO_B10_003836,Razorpay Nodal,BLNK-INV-829615 PO_B10_003836,430235,8133,0,0,422102,INR,2026-08-12T03:20:00Z,BATCH-BLNK-3836
PO_B10_003837,Cashfree Escrow,BKMS-INV-772692 PO_B10_003837,433614,9300,0,0,424314,INR,2026-08-11T20:52:00Z,BATCH-BKMS-3837
PO_B10_003838,PayU Enterprise,SWIG-INV-607442 PO_B10_003838,404116,8435,0,0,395681,INR,2026-08-12T23:08:00Z,BATCH-SWIG-3838
PO_B10_003839,Razorpay Nodal,FLPK-INV-531886 PO_B10_003839,267958,4101,0,0,263857,INR,2026-08-11T23:55:00Z,BATCH-FLPK-3839
PO_B10_003840,Razorpay Nodal,PHNP-INV-769930 PO_B10_003840,73228,1166,0,0,72062,INR,2026-08-12T19:56:00Z,BATCH-PHNP-3840
PO_B10_003841,Stripe India,UBER-ORD-630041 UBER-ORD-911620 BATCH-UBER-3841,189166,3783,0,0,185383,INR,2026-08-12T01:45:00Z,BATCH-UBER-3841
PO_B10_003842,BillDesk Settlement,PHNP-ORD-657443 PHNP-ORD-370413 BATCH-PHNP-3842,167123,3342,0,0,163781,INR,2026-08-11T23:27:00Z,BATCH-PHNP-3842
PO_B10_003843,Razorpay Nodal,JIOO-INV-823238 PO_B10_003843,244316,3733,0,0,240583,INR,2026-08-12T11:03:00Z,BATCH-JIOO-3843
PO_B10_003844,Cashfree Escrow,FLPK-INV-164024 PO_B10_003844,278757,6321,0,0,272436,INR,2026-08-12T17:22:00Z,BATCH-FLPK-3844
PO_B10_003845,Razorpay Nodal,PAYT-ORD-294899 PAYT-ORD-861838 PAYT-ORD-474303 BATCH-PAYT-3845,231364,4627,0,0,226737,INR,2026-08-12T14:46:00Z,BATCH-PAYT-3845
PO_B10_003846,Razorpay Nodal,BKMS-INV-982884 PO_B10_003846,58357,1065,0,0,57292,INR,2026-08-12T07:07:00Z,BATCH-BKMS-3846
PO_B10_003847,PayU Enterprise,BBAS-ORD-787600 BBAS-ORD-284187 BATCH-BBAS-3847,187647,3752,0,0,183895,INR,2026-08-12T04:06:00Z,BATCH-BBAS-3847
PO_B10_003848,PayU Enterprise,UBER-INV-856133 PO_B10_003848,65993,1239,0,0,64754,INR,2026-08-12T23:54:00Z,BATCH-UBER-3848
PO_B10_003849,Cashfree Escrow,OLAA-INV-935763 PO_B10_003849,157262,2875,0,0,154387,INR,2026-08-11T21:04:00Z,BATCH-OLAA-3849
PO_B10_003850,BillDesk Settlement,NYKA-ORD-946379 NYKA-ORD-342711 BATCH-NYKA-3850,385996,7719,0,0,378277,INR,2026-08-12T02:12:00Z,BATCH-NYKA-3850
PO_B10_003851,Cashfree Escrow,PAYT-ORD-355394 PAYT-ORD-856239 BATCH-PAYT-3851,255619,5112,0,0,250507,INR,2026-08-12T15:35:00Z,BATCH-PAYT-3851
PO_B10_003852,Stripe India,MYNT-INV-713995 PO_B10_003852,324861,7772,0,0,317089,INR,2026-08-12T15:02:00Z,BATCH-MYNT-3852
PO_B10_003853,BillDesk Settlement,ZOMA-INV-882085 PO_B10_003853,402293,8797,0,0,393496,INR,2026-08-11T20:12:00Z,BATCH-ZOMA-3853
PO_B10_003854,BillDesk Settlement,PHNP-INV-443853 PO_B10_003854,218251,4007,0,0,214244,INR,2026-08-12T14:05:00Z,BATCH-PHNP-3854
PO_B10_003855,Stripe India,JIOO-INV-631092 PO_B10_003855,182006,4107,0,0,177899,INR,2026-08-12T11:21:00Z,BATCH-JIOO-3855
PO_B10_003856,Razorpay Nodal,SWIG-INV-769347 PO_B10_003856,37379,840,0,0,36539,INR,2026-08-12T06:10:00Z,BATCH-SWIG-3856
PO_B10_003857,Stripe India,OLAA-ORD-728350 OLAA-ORD-111676 BATCH-OLAA-3857,137229,2744,0,0,134485,INR,2026-08-12T03:30:00Z,BATCH-OLAA-3857
PO_B10_003858,Razorpay Nodal,ZOMA-INV-764127 PO_B10_003858,159163,2939,0,0,156224,INR,2026-08-12T07:04:00Z,BATCH-ZOMA-3858
PO_B10_003859,Stripe India,BLNK-ORD-231137 BLNK-ORD-731732 BATCH-BLNK-3859,279882,5597,0,0,274285,INR,2026-08-11T21:30:00Z,BATCH-BLNK-3859
PO_B10_003860,Razorpay Nodal,SWIG-INV-891528 PO_B10_003860,417138,9138,0,0,408000,INR,2026-08-12T08:24:00Z,BATCH-SWIG-3860
PO_B10_003861,Razorpay Nodal,OLAA-ORD-132780 OLAA-ORD-512677 BATCH-OLAA-3861,283724,5674,0,0,278050,INR,2026-08-12T07:54:00Z,BATCH-OLAA-3861
PO_B10_003862,Razorpay Nodal,BLNK-ORD-429658 BLNK-ORD-756941 BATCH-BLNK-3862,264596,5291,0,0,259305,INR,2026-08-12T13:53:00Z,BATCH-BLNK-3862
PO_B10_003863,Cashfree Escrow,ZOMA-INV-477447 PO_B10_003863,193284,4256,0,0,189028,INR,2026-08-12T16:00:00Z,BATCH-ZOMA-3863
PO_B10_003864,Cashfree Escrow,NYKA-ORD-829819 NYKA-ORD-377796 NYKA-ORD-852809 BATCH-NYKA-3864,273541,5470,0,0,268071,INR,2026-08-12T20:40:00Z,BATCH-NYKA-3864
PO_B10_003865,Cashfree Escrow,ZOMA-INV-968664 PO_B10_003865,148260,3511,0,0,144749,INR,2026-08-12T03:09:00Z,BATCH-ZOMA-3865
PO_B10_003866,Razorpay Nodal,NYKA-INV-308154 PO_B10_003866,32158,626,0,0,31532,INR,2026-08-12T11:33:00Z,BATCH-NYKA-3866
PO_B10_003867,PayU Enterprise,BKMS-INV-141972 PO_B10_003867,369054,9181,0,0,359873,INR,2026-08-12T05:23:00Z,BATCH-BKMS-3867
PO_B10_003868,BillDesk Settlement,JIOO-INV-974312 PO_B10_003868,115351,2346,0,0,113005,INR,2026-08-11T19:40:00Z,BATCH-JIOO-3868
PO_B10_003869,PayU Enterprise,TATA-INV-661404 PO_B10_003869,288666,4928,0,0,283738,INR,2026-08-11T19:51:00Z,BATCH-TATA-3869
PO_B10_003870,PayU Enterprise,FLPK-INV-508840 PO_B10_003870,405306,6143,0,0,399163,INR,2026-08-12T15:28:00Z,BATCH-FLPK-3870
PO_B10_003871,Razorpay Nodal,BKMS-INV-184990 PO_B10_003871,93588,2233,0,0,91355,INR,2026-08-12T13:19:00Z,BATCH-BKMS-3871
PO_B10_003872,Stripe India,JIOO-INV-649028 PO_B10_003872,87002,1354,0,0,85648,INR,2026-08-12T12:38:00Z,BATCH-JIOO-3872
PO_B10_003873,PayU Enterprise,PAYT-ORD-822874 PAYT-ORD-236646 BATCH-PAYT-3873,215987,4319,0,0,211668,INR,2026-08-11T22:04:00Z,BATCH-PAYT-3873
PO_B10_003874,BillDesk Settlement,SWIG-INV-381336 PO_B10_003874,378537,9266,0,0,369271,INR,2026-08-11T18:56:00Z,BATCH-SWIG-3874
PO_B10_003875,PayU Enterprise,BLNK-INV-725812 PO_B10_003875,415324,9127,0,0,406197,INR,2026-08-11T15:03:00Z,BATCH-BLNK-3875
PO_B10_003876,Cashfree Escrow,ZOMA-INV-435796 PO_B10_003876,118980,1827,0,0,117153,INR,2026-08-12T09:20:00Z,BATCH-ZOMA-3876
PO_B10_003877,Razorpay Nodal,SWIG-INV-203125 PO_B10_003877,413359,8614,0,0,404745,INR,2026-08-12T09:51:00Z,BATCH-SWIG-3877
PO_B10_003878,Razorpay Nodal,MYNT-INV-550190 PO_B10_003878,384436,6941,0,0,377495,INR,2026-08-12T10:13:00Z,BATCH-MYNT-3878
PO_B10_003879,Razorpay Nodal,BLNK-ORD-301148 BLNK-ORD-209422 BATCH-BLNK-3879,293782,5875,0,0,287907,INR,2026-08-12T07:56:00Z,BATCH-BLNK-3879
PO_B10_003880,BillDesk Settlement,PHNP-INV-513224 PO_B10_003880,169272,3265,0,0,166007,INR,2026-08-12T05:03:00Z,BATCH-PHNP-3880
PO_B10_003881,PayU Enterprise,TATA-INV-136605 PO_B10_003881,86398,1426,0,0,84972,INR,2026-08-12T22:55:00Z,BATCH-TATA-3881
PO_B10_003882,Stripe India,TATA-INV-245599 PO_B10_003882,87377,2037,0,0,85340,INR,2026-08-12T09:37:00Z,BATCH-TATA-3882
PO_B10_003883,Cashfree Escrow,SWIG-INV-755719 PO_B10_003883,342571,7927,0,0,334644,INR,2026-08-12T12:59:00Z,BATCH-SWIG-3883
PO_B10_003884,Razorpay Nodal,BKMS-INV-141374 PO_B10_003884,245809,5309,0,0,240500,INR,2026-08-12T12:32:00Z,BATCH-BKMS-3884
PO_B10_003885,Cashfree Escrow,PAYT-ORD-470933 PAYT-ORD-748410 PAYT-ORD-676884 BATCH-PAYT-3885,326036,6520,0,0,319516,INR,2026-08-12T05:53:00Z,BATCH-PAYT-3885
PO_B10_003886,Cashfree Escrow,ZOMA-INV-199972 PO_B10_003886,405977,8989,0,0,396988,INR,2026-08-11T23:41:00Z,BATCH-ZOMA-3886
PO_B10_003887,BillDesk Settlement,UBER-ORD-436820 UBER-ORD-720311 BATCH-UBER-3887,153487,3069,0,0,150418,INR,2026-08-12T01:16:00Z,BATCH-UBER-3887
PO_B10_003888,PayU Enterprise,ZOMA-INV-298651 PO_B10_003888,370838,6204,0,0,364634,INR,2026-08-12T10:44:00Z,BATCH-ZOMA-3888
PO_B10_003889,PayU Enterprise,SWIG-INV-815217 PO_B10_003889,103920,2133,0,0,101787,INR,2026-08-11T23:23:00Z,BATCH-SWIG-3889
PO_B10_003890,PayU Enterprise,BKMS-INV-378104 PO_B10_003890,185160,3551,0,0,181609,INR,2026-08-12T13:36:00Z,BATCH-BKMS-3890
PO_B10_003891,Razorpay Nodal,PHNP-ORD-712813 PHNP-ORD-551633 BATCH-PHNP-3891,307252,6145,0,0,301107,INR,2026-08-12T14:35:00Z,BATCH-PHNP-3891
PO_B10_003892,Stripe India,BLNK-INV-557619 PO_B10_003892,176295,3565,0,0,172730,INR,2026-08-12T22:21:00Z,BATCH-BLNK-3892
PO_B10_003893,BillDesk Settlement,NYKA-INV-337542 PO_B10_003893,41786,816,0,0,40970,INR,2026-08-12T21:09:00Z,BATCH-NYKA-3893
PO_B10_003894,Razorpay Nodal,ZOMA-INV-968340 PO_B10_003894,430060,7705,0,0,422355,INR,2026-08-12T16:31:00Z,BATCH-ZOMA-3894
PO_B10_003895,PayU Enterprise,BBAS-INV-318720 PO_B10_003895,59604,1114,0,0,58490,INR,2026-08-12T08:26:00Z,BATCH-BBAS-3895
PO_B10_003896,Stripe India,FLPK-ORD-743974 FLPK-ORD-546810 BATCH-FLPK-3896,344335,6886,0,0,337449,INR,2026-08-12T18:29:00Z,BATCH-FLPK-3896
PO_B10_003897,Cashfree Escrow,BBAS-ORD-364223 BBAS-ORD-223948 BATCH-BBAS-3897,293329,5866,0,0,287463,INR,2026-08-12T05:50:00Z,BATCH-BBAS-3897
PO_B10_003898,Stripe India,SWIG-INV-167215 PO_B10_003898,256716,5009,0,0,251707,INR,2026-08-12T09:03:00Z,BATCH-SWIG-3898
PO_B10_003899,BillDesk Settlement,BBAS-INV-561171 PO_B10_003899,251090,5666,0,0,245424,INR,2026-08-11T22:46:00Z,BATCH-BBAS-3899
PO_B10_003900,Stripe India,UBER-INV-969241 PO_B10_003900,48100,1036,0,0,47064,INR,2026-08-12T01:32:00Z,BATCH-UBER-3900
PO_B10_003901,BillDesk Settlement,TATA-EXC-169747-UNRESOLVED,58043,1150,0,0,56893,INR,2026-08-12T15:56:00Z,HOLD-ESCROW
PO_B10_003902,Razorpay Nodal,BBAS-INV-706676 PO_B10_003902,167836,3150,0,0,164686,INR,2026-08-12T19:20:00Z,BATCH-BBAS-3902
PO_B10_003903,PayU Enterprise,UBER-EXC-123544-UNRESOLVED,53179,1053,0,0,52126,INR,2026-08-12T15:07:00Z,HOLD-ESCROW
PO_B10_003904,BillDesk Settlement,FLPK-ORD-956559 FLPK-ORD-807941 FLPK-ORD-885844 BATCH-FLPK-3904,323197,6463,0,0,316734,INR,2026-08-12T13:34:00Z,BATCH-FLPK-3904
PO_B10_003905,Stripe India,BBAS-EXC-552902-UNRESOLVED,60901,1208,0,0,59693,INR,2026-08-12T16:38:00Z,HOLD-ESCROW
PO_B10_003906,Razorpay Nodal,FLPK-INV-198827 PO_B10_003906,89730,2170,0,0,87560,INR,2026-08-12T06:16:00Z,BATCH-FLPK-3906
PO_B10_003907,Cashfree Escrow,BLNK-ORD-282862 BLNK-ORD-318625 BLNK-ORD-476484 BATCH-BLNK-3907,385022,7700,0,0,377322,INR,2026-08-12T00:00:00Z,BATCH-BLNK-3907
PO_B10_003908,Cashfree Escrow,BLNK-INV-235907 PO_B10_003908,114597,2733,0,0,111864,INR,2026-08-12T16:15:00Z,BATCH-BLNK-3908
PO_B10_003909,Stripe India,AMZN-INV-115207 PO_B10_003909,147939,3431,0,0,144508,INR,2026-08-12T06:42:00Z,BATCH-AMZN-3909
PO_B10_003910,PayU Enterprise,FLPK-INV-279380 PO_B10_003910,79652,1518,0,0,78134,INR,2026-08-12T01:35:00Z,BATCH-FLPK-3910
PO_B10_003911,Cashfree Escrow,MYNT-EXC-958983-UNRESOLVED,94283,1875,0,0,92408,INR,2026-08-12T13:26:00Z,HOLD-ESCROW
PO_B10_003912,PayU Enterprise,AMZN-ORD-931783 AMZN-ORD-285616 BATCH-AMZN-3912,269497,5389,0,0,264108,INR,2026-08-12T11:31:00Z,BATCH-AMZN-3912
PO_B10_003913,Stripe India,UBER-INV-720464 PO_B10_003913,331095,7003,0,0,324092,INR,2026-08-12T16:54:00Z,BATCH-UBER-3913
PO_B10_003914,PayU Enterprise,MYNT-INV-192251 PO_B10_003914,92485,1625,0,0,90860,INR,2026-08-12T02:43:00Z,BATCH-MYNT-3914
PO_B10_003915,Cashfree Escrow,FLPK-INV-127994 PO_B10_003915,330394,8041,0,0,322353,INR,2026-08-11T18:46:00Z,BATCH-FLPK-3915
PO_B10_003916,Stripe India,OLAA-INV-823053 PO_B10_003916,151496,2611,0,0,148885,INR,2026-08-12T03:49:00Z,BATCH-OLAA-3916
PO_B10_003917,Stripe India,FLPK-EXC-552522-UNRESOLVED,234800,4686,0,0,230114,INR,2026-08-13T01:33:00Z,HOLD-ESCROW
PO_B10_003918,BillDesk Settlement,MMTR-INV-375899 PO_B10_003918,271381,5757,0,0,265624,INR,2026-08-11T22:45:00Z,BATCH-MMTR-3918
PO_B10_003919,Cashfree Escrow,PHNP-ORD-649626 PHNP-ORD-598395 BATCH-PHNP-3919,179188,3583,0,0,175605,INR,2026-08-12T03:43:00Z,BATCH-PHNP-3919
PO_B10_003920,PayU Enterprise,OLAA-INV-820463 PO_B10_003920,400187,7633,0,0,392554,INR,2026-08-12T07:02:00Z,BATCH-OLAA-3920
PO_B10_003921,Cashfree Escrow,MMTR-INV-221134 PO_B10_003921,405355,9718,0,0,395637,INR,2026-08-11T15:40:00Z,BATCH-MMTR-3921
PO_B10_003922,Stripe India,MMTR-INV-698795 PO_B10_003922,443419,7386,0,0,436033,INR,2026-08-12T10:51:00Z,BATCH-MMTR-3922
PO_B10_003923,Cashfree Escrow,ZOMA-INV-237330 PO_B10_003923,431363,9651,0,0,421712,INR,2026-08-12T13:16:00Z,BATCH-ZOMA-3923
PO_B10_003924,Cashfree Escrow,FLPK-INV-946706 PO_B10_003924,25824,575,0,0,25249,INR,2026-08-12T11:43:00Z,BATCH-FLPK-3924
PO_B10_003925,BillDesk Settlement,TATA-INV-877023 PO_B10_003925,111490,2688,0,0,108802,INR,2026-08-11T22:04:00Z,BATCH-TATA-3925
PO_B10_003926,BillDesk Settlement,BBAS-ORD-324238 BBAS-ORD-972029 BATCH-BBAS-3926,345335,6906,0,0,338429,INR,2026-08-12T20:59:00Z,BATCH-BBAS-3926
PO_B10_003927,Cashfree Escrow,MMTR-INV-559458 PO_B10_003927,356088,8754,0,0,347334,INR,2026-08-12T12:41:00Z,BATCH-MMTR-3927
PO_B10_003928,Cashfree Escrow,ZOMA-ORD-534521 ZOMA-ORD-584636 ZOMA-ORD-502551 BATCH-ZOMA-3928,441216,8824,0,0,432392,INR,2026-08-12T12:10:00Z,BATCH-ZOMA-3928
PO_B10_003929,Cashfree Escrow,MMTR-INV-842858 PO_B10_003929,280104,4861,0,0,275243,INR,2026-08-11T23:09:00Z,BATCH-MMTR-3929
PO_B10_003930,BillDesk Settlement,FLPK-INV-749281 PO_B10_003930,428934,8049,0,0,420885,INR,2026-08-12T03:03:00Z,BATCH-FLPK-3930
PO_B10_003931,Stripe India,TATA-INV-202291 PO_B10_003931,32257,525,0,0,31732,INR,2026-08-12T14:09:00Z,BATCH-TATA-3931
PO_B10_003932,BillDesk Settlement,TATA-INV-146908 PO_B10_003932,125244,2399,0,0,122845,INR,2026-08-12T18:50:00Z,BATCH-TATA-3932
PO_B10_003933,Razorpay Nodal,ZOMA-INV-304072 PO_B10_003933,328646,6157,0,0,322489,INR,2026-08-11T23:20:00Z,BATCH-ZOMA-3933
PO_B10_003934,Razorpay Nodal,TATA-INV-647002 PO_B10_003934,378336,6425,0,0,371911,INR,2026-08-12T02:32:00Z,BATCH-TATA-3934
PO_B10_003935,Stripe India,BLNK-INV-578671 PO_B10_003935,358077,6138,0,0,351939,INR,2026-08-11T22:39:00Z,BATCH-BLNK-3935
PO_B10_003936,BillDesk Settlement,PAYT-EXC-513889-UNRESOLVED,80716,1604,0,0,79112,INR,2026-08-13T05:31:00Z,HOLD-ESCROW
PO_B10_003937,Razorpay Nodal,MYNT-INV-618672 PO_B10_003937,48305,940,0,0,47365,INR,2026-08-12T16:57:00Z,BATCH-MYNT-3937
PO_B10_003938,Cashfree Escrow,AMZN-INV-642847 PO_B10_003938,134626,3037,0,0,131589,INR,2026-08-12T16:21:00Z,BATCH-AMZN-3938
PO_B10_003939,BillDesk Settlement,ZOMA-EXC-812184-UNRESOLVED,85916,1708,0,0,84208,INR,2026-08-12T12:34:00Z,HOLD-ESCROW
PO_B10_003940,Stripe India,PAYT-INV-375109 PO_B10_003940,167809,2563,0,0,165246,INR,2026-08-12T08:07:00Z,BATCH-PAYT-3940
PO_B10_003941,PayU Enterprise,OLAA-INV-334446 PO_B10_003941,88487,2057,0,0,86430,INR,2026-08-12T04:50:00Z,BATCH-OLAA-3941
PO_B10_003942,Stripe India,JIOO-INV-919129 PO_B10_003942,300180,6118,0,0,294062,INR,2026-08-12T06:31:00Z,BATCH-JIOO-3942
PO_B10_003943,BillDesk Settlement,OLAA-INV-290008 PO_B10_003943,282650,5277,0,0,277373,INR,2026-08-11T21:17:00Z,BATCH-OLAA-3943
PO_B10_003944,Stripe India,MYNT-ORD-650190 MYNT-ORD-282616 MYNT-ORD-810165 BATCH-MYNT-3944,314600,6292,0,0,308308,INR,2026-08-12T02:51:00Z,BATCH-MYNT-3944
PO_B10_003945,Razorpay Nodal,PHNP-INV-471519 PO_B10_003945,49837,1227,0,0,48610,INR,2026-08-12T03:07:00Z,BATCH-PHNP-3945
PO_B10_003946,Cashfree Escrow,BKMS-INV-995699 PO_B10_003946,308819,4970,0,0,303849,INR,2026-08-12T07:32:00Z,BATCH-BKMS-3946
PO_B10_003947,Razorpay Nodal,BKMS-INV-357643 PO_B10_003947,191093,4272,0,0,186821,INR,2026-08-11T21:23:00Z,BATCH-BKMS-3947
PO_B10_003948,BillDesk Settlement,BBAS-ORD-407184 BBAS-ORD-876296 BATCH-BBAS-3948,185283,3705,0,0,181578,INR,2026-08-11T22:22:00Z,BATCH-BBAS-3948
PO_B10_003949,Razorpay Nodal,JIOO-INV-475118 PO_B10_003949,126840,2130,0,0,124710,INR,2026-08-12T15:13:00Z,BATCH-JIOO-3949
PO_B10_003950,Stripe India,UBER-ORD-489897 UBER-ORD-138013 UBER-ORD-174972 BATCH-UBER-3950,381235,7624,0,0,373611,INR,2026-08-12T13:11:00Z,BATCH-UBER-3950
PO_B10_003951,Stripe India,BLNK-ORD-252397 BLNK-ORD-607988 BLNK-ORD-661152 BATCH-BLNK-3951,520334,10406,0,0,509928,INR,2026-08-12T04:43:00Z,BATCH-BLNK-3951
PO_B10_003952,Cashfree Escrow,JIOO-INV-216588 PO_B10_003952,187171,3000,0,0,184171,INR,2026-08-12T07:22:00Z,BATCH-JIOO-3952
PO_B10_003953,Stripe India,JIOO-INV-729863 PO_B10_003953,426741,10127,0,0,416614,INR,2026-08-12T08:01:00Z,BATCH-JIOO-3953
PO_B10_003954,BillDesk Settlement,BBAS-INV-339504 PO_B10_003954,48668,1186,0,0,47482,INR,2026-08-11T21:02:00Z,BATCH-BBAS-3954
PO_B10_003955,Cashfree Escrow,ZOMA-INV-221342 PO_B10_003955,77073,1212,0,0,75861,INR,2026-08-12T02:55:00Z,BATCH-ZOMA-3955
PO_B10_003956,Cashfree Escrow,AMZN-INV-872778 PO_B10_003956,95353,2303,0,0,93050,INR,2026-08-12T10:27:00Z,BATCH-AMZN-3956
PO_B10_003957,BillDesk Settlement,BLNK-ORD-403251 BLNK-ORD-164932 BATCH-BLNK-3957,321674,6433,0,0,315241,INR,2026-08-12T08:12:00Z,BATCH-BLNK-3957
PO_B10_003958,BillDesk Settlement,NYKA-EXC-281732-UNRESOLVED,135234,2694,0,0,132540,INR,2026-08-12T22:07:00Z,HOLD-ESCROW
PO_B10_003959,Stripe India,FLPK-ORD-573299 FLPK-ORD-135816 FLPK-ORD-549815 BATCH-FLPK-3959,216585,4331,0,0,212254,INR,2026-08-12T07:56:00Z,BATCH-FLPK-3959
PO_B10_003960,BillDesk Settlement,FLPK-ORD-197749 FLPK-ORD-581713 FLPK-ORD-753161 BATCH-FLPK-3960,458951,9179,0,0,449772,INR,2026-08-12T14:35:00Z,BATCH-FLPK-3960
PO_B10_003961,BillDesk Settlement,MMTR-INV-818260 PO_B10_003961,367428,6064,0,0,361364,INR,2026-08-12T10:07:00Z,BATCH-MMTR-3961
PO_B10_003962,PayU Enterprise,MMTR-EXC-255348-UNRESOLVED,244151,4873,0,0,239278,INR,2026-08-12T11:28:00Z,HOLD-ESCROW
PO_B10_003963,Cashfree Escrow,BKMS-INV-901015 PO_B10_003963,131534,3039,0,0,128495,INR,2026-08-12T10:16:00Z,BATCH-BKMS-3963
PO_B10_003964,PayU Enterprise,FLPK-ORD-364497 FLPK-ORD-320206 BATCH-FLPK-3964,269663,5393,0,0,264270,INR,2026-08-12T10:56:00Z,BATCH-FLPK-3964
PO_B10_003965,BillDesk Settlement,UBER-INV-467011 PO_B10_003965,362786,8457,0,0,354329,INR,2026-08-12T13:48:00Z,BATCH-UBER-3965
PO_B10_003966,PayU Enterprise,OLAA-INV-248873 PO_B10_003966,244844,4747,0,0,240097,INR,2026-08-12T18:11:00Z,BATCH-OLAA-3966
PO_B10_003967,Stripe India,OLAA-INV-148878 PO_B10_003967,277653,6693,0,0,270960,INR,2026-08-11T20:27:00Z,BATCH-OLAA-3967
PO_B10_003968,BillDesk Settlement,NYKA-ORD-354507 NYKA-ORD-217929 NYKA-ORD-827290 BATCH-NYKA-3968,346536,6930,0,0,339606,INR,2026-08-12T09:28:00Z,BATCH-NYKA-3968
PO_B10_003969,PayU Enterprise,NYKA-INV-622864 PO_B10_003969,77842,1548,0,0,76294,INR,2026-08-12T10:05:00Z,BATCH-NYKA-3969
PO_B10_003970,Razorpay Nodal,ZOMA-INV-193250 PO_B10_003970,254258,6047,0,0,248211,INR,2026-08-12T05:45:00Z,BATCH-ZOMA-3970
PO_B10_003971,Razorpay Nodal,BBAS-INV-287206 PO_B10_003971,183485,3630,0,0,179855,INR,2026-08-12T17:06:00Z,BATCH-BBAS-3971
PO_B10_003972,Razorpay Nodal,PHNP-INV-900978 PO_B10_003972,178714,2954,0,0,175760,INR,2026-08-12T06:17:00Z,BATCH-PHNP-3972
PO_B10_003973,Razorpay Nodal,ZOMA-ORD-276462 ZOMA-ORD-128273 ZOMA-ORD-823543 BATCH-ZOMA-3973,316572,6331,0,0,310241,INR,2026-08-12T00:41:00Z,BATCH-ZOMA-3973
PO_B10_003974,PayU Enterprise,PHNP-INV-473324 PO_B10_003974,191324,4490,0,0,186834,INR,2026-08-12T07:15:00Z,BATCH-PHNP-3974
PO_B10_003975,PayU Enterprise,MMTR-ORD-936523 MMTR-ORD-497285 MMTR-ORD-338242 BATCH-MMTR-3975,280062,5601,0,0,274461,INR,2026-08-12T19:05:00Z,BATCH-MMTR-3975
PO_B10_003976,PayU Enterprise,BKMS-INV-982477 PO_B10_003976,255865,4138,0,0,251727,INR,2026-08-12T06:47:00Z,BATCH-BKMS-3976
PO_B10_003977,Cashfree Escrow,TATA-INV-766663 PO_B10_003977,346863,7268,0,0,339595,INR,2026-08-12T17:14:00Z,BATCH-TATA-3977
PO_B10_003978,PayU Enterprise,PAYT-INV-383970 PO_B10_003978,236608,5296,0,0,231312,INR,2026-08-12T10:29:00Z,BATCH-PAYT-3978
PO_B10_003979,Cashfree Escrow,UBER-ORD-870517 UBER-ORD-933556 BATCH-UBER-3979,301025,6020,0,0,295005,INR,2026-08-12T03:05:00Z,BATCH-UBER-3979
PO_B10_003980,BillDesk Settlement,BBAS-INV-323072 PO_B10_003980,210109,4394,0,0,205715,INR,2026-08-12T03:16:00Z,BATCH-BBAS-3980
PO_B10_003981,Stripe India,FLPK-ORD-386810 FLPK-ORD-412065 BATCH-FLPK-3981,306619,6132,0,0,300487,INR,2026-08-11T22:43:00Z,BATCH-FLPK-3981
PO_B10_003982,PayU Enterprise,SWIG-INV-926151 PO_B10_003982,297810,5425,0,0,292385,INR,2026-08-12T10:41:00Z,BATCH-SWIG-3982
PO_B10_003983,BillDesk Settlement,BKMS-ORD-816327 BKMS-ORD-368776 BKMS-ORD-717152 BATCH-BKMS-3983,287123,5742,0,0,281381,INR,2026-08-11T21:09:00Z,BATCH-BKMS-3983
PO_B10_003984,Cashfree Escrow,AMZN-ORD-627394 AMZN-ORD-601506 AMZN-ORD-559428 BATCH-AMZN-3984,325374,6507,0,0,318867,INR,2026-08-11T22:28:00Z,BATCH-AMZN-3984
PO_B10_003985,PayU Enterprise,SWIG-INV-399837 PO_B10_003985,371862,5932,0,0,365930,INR,2026-08-12T01:03:00Z,BATCH-SWIG-3985
PO_B10_003986,Razorpay Nodal,BBAS-INV-594264 PO_B10_003986,421110,8533,0,0,412577,INR,2026-08-12T13:59:00Z,BATCH-BBAS-3986
PO_B10_003987,Razorpay Nodal,FLPK-ORD-715997 FLPK-ORD-531511 FLPK-ORD-328142 BATCH-FLPK-3987,240672,4813,0,0,235859,INR,2026-08-11T23:05:00Z,BATCH-FLPK-3987
PO_B10_003988,Stripe India,BKMS-INV-575709 PO_B10_003988,417910,8348,0,0,409562,INR,2026-08-11T22:26:00Z,BATCH-BKMS-3988
PO_B10_003989,Stripe India,BLNK-INV-622813 PO_B10_003989,329212,6821,0,0,322391,INR,2026-08-12T02:52:00Z,BATCH-BLNK-3989
PO_B10_003990,Cashfree Escrow,BKMS-INV-641320 PO_B10_003990,346421,7561,0,0,338860,INR,2026-08-12T23:33:00Z,BATCH-BKMS-3990
PO_B10_003991,Razorpay Nodal,BKMS-ORD-132412 BKMS-ORD-365659 BATCH-BKMS-3991,226974,4539,0,0,222435,INR,2026-08-12T10:50:00Z,BATCH-BKMS-3991
PO_B10_003992,BillDesk Settlement,SWIG-ORD-874118 SWIG-ORD-410615 SWIG-ORD-424545 BATCH-SWIG-3992,224688,4493,0,0,220195,INR,2026-08-12T06:46:00Z,BATCH-SWIG-3992
PO_B10_003993,Stripe India,NYKA-INV-558144 PO_B10_003993,373779,5980,0,0,367799,INR,2026-08-12T13:10:00Z,BATCH-NYKA-3993
PO_B10_003994,Razorpay Nodal,ZOMA-ORD-567486 ZOMA-ORD-490738 ZOMA-ORD-485150 BATCH-ZOMA-3994,272107,5442,0,0,266665,INR,2026-08-12T04:57:00Z,BATCH-ZOMA-3994
PO_B10_003995,Razorpay Nodal,AMZN-INV-271823 PO_B10_003995,178547,3260,0,0,175287,INR,2026-08-12T03:23:00Z,BATCH-AMZN-3995
PO_B10_003996,Razorpay Nodal,PHNP-INV-353340 PO_B10_003996,441755,10251,0,0,431504,INR,2026-08-11T17:28:00Z,BATCH-PHNP-3996
PO_B10_003997,Cashfree Escrow,NYKA-INV-755190 PO_B10_003997,119798,2541,0,0,117257,INR,2026-08-12T08:46:00Z,BATCH-NYKA-3997
PO_B10_003998,BillDesk Settlement,AMZN-INV-814052 PO_B10_003998,279554,6446,0,0,273108,INR,2026-08-12T13:18:00Z,BATCH-AMZN-3998
PO_B10_003999,Razorpay Nodal,UBER-INV-192047 PO_B10_003999,223482,4944,0,0,218538,INR,2026-08-12T16:33:00Z,BATCH-UBER-3999
PO_B10_004000,Stripe India,JIOO-INV-502654 PO_B10_004000,141287,2338,0,0,138949,INR,2026-08-12T21:58:00Z,BATCH-JIOO-4000
PO_B10_004001,Stripe India,TATA-EXC-807341-UNRESOLVED,66237,1314,0,0,64923,INR,2026-08-12T09:38:00Z,HOLD-ESCROW
PO_B10_004002,Stripe India,MYNT-INV-899276 PO_B10_004002,264482,6019,0,0,258463,INR,2026-08-12T02:34:00Z,BATCH-MYNT-4002
PO_B10_004003,Cashfree Escrow,UBER-INV-833144 PO_B10_004003,358008,7208,0,0,350800,INR,2026-08-12T10:00:00Z,BATCH-UBER-4003
PO_B10_004004,Stripe India,BLNK-INV-862089 PO_B10_004004,146750,3551,0,0,143199,INR,2026-08-12T14:17:00Z,BATCH-BLNK-4004
PO_B10_004005,PayU Enterprise,BKMS-INV-660743 PO_B10_004005,287271,6264,0,0,281007,INR,2026-08-12T23:19:00Z,BATCH-BKMS-4005
PO_B10_004006,Razorpay Nodal,MYNT-EXC-455393-UNRESOLVED,217574,4341,0,0,213233,INR,2026-08-13T03:47:00Z,HOLD-ESCROW
PO_B10_004007,Cashfree Escrow,OLAA-INV-767312 PO_B10_004007,323834,7146,0,0,316688,INR,2026-08-11T21:12:00Z,BATCH-OLAA-4007
PO_B10_004008,PayU Enterprise,BKMS-INV-450005 PO_B10_004008,44583,1036,0,0,43547,INR,2026-08-11T19:22:00Z,BATCH-BKMS-4008
PO_B10_004009,Cashfree Escrow,BKMS-INV-638737 PO_B10_004009,435697,6896,0,0,428801,INR,2026-08-11T19:38:00Z,BATCH-BKMS-4009
PO_B10_004010,PayU Enterprise,MMTR-INV-549787 PO_B10_004010,299151,5151,0,0,294000,INR,2026-08-11T21:43:00Z,BATCH-MMTR-4010
PO_B10_004011,Cashfree Escrow,PHNP-INV-232894 PO_B10_004011,54972,1188,0,0,53784,INR,2026-08-12T03:15:00Z,BATCH-PHNP-4011
PO_B10_004012,Razorpay Nodal,SWIG-EXC-435777-UNRESOLVED,189609,3782,0,0,185827,INR,2026-08-12T17:10:00Z,HOLD-ESCROW
PO_B10_004013,BillDesk Settlement,UBER-INV-553569 PO_B10_004013,100968,2341,0,0,98627,INR,2026-08-12T14:08:00Z,BATCH-UBER-4013
PO_B10_004014,PayU Enterprise,PAYT-INV-106633 PO_B10_004014,119181,1945,0,0,117236,INR,2026-08-11T19:01:00Z,BATCH-PAYT-4014
PO_B10_004015,Cashfree Escrow,BBAS-ORD-316163 BBAS-ORD-509233 BATCH-BBAS-4015,153152,3063,0,0,150089,INR,2026-08-12T00:16:00Z,BATCH-BBAS-4015
PO_B10_004016,Razorpay Nodal,JIOO-INV-250009 PO_B10_004016,393043,6726,0,0,386317,INR,2026-08-12T04:56:00Z,BATCH-JIOO-4016
PO_B10_004017,Stripe India,UBER-INV-794804 PO_B10_004017,319219,7965,0,0,311254,INR,2026-08-12T17:23:00Z,BATCH-UBER-4017
PO_B10_004018,PayU Enterprise,ZOMA-ORD-106725 ZOMA-ORD-660777 BATCH-ZOMA-4018,127825,2556,0,0,125269,INR,2026-08-12T11:15:00Z,BATCH-ZOMA-4018
PO_B10_004019,Cashfree Escrow,SWIG-ORD-228146 SWIG-ORD-294818 BATCH-SWIG-4019,304983,6099,0,0,298884,INR,2026-08-12T06:14:00Z,BATCH-SWIG-4019
PO_B10_004020,Stripe India,OLAA-INV-745651 PO_B10_004020,156350,2539,0,0,153811,INR,2026-08-12T22:48:00Z,BATCH-OLAA-4020
PO_B10_004021,Cashfree Escrow,PHNP-INV-490566 PO_B10_004021,305043,6659,0,0,298384,INR,2026-08-12T03:37:00Z,BATCH-PHNP-4021
PO_B10_004022,Razorpay Nodal,NYKA-ORD-155006 NYKA-ORD-550477 BATCH-NYKA-4022,110487,2209,0,0,108278,INR,2026-08-12T03:37:00Z,BATCH-NYKA-4022
PO_B10_004023,PayU Enterprise,BBAS-ORD-443458 BBAS-ORD-735049 BBAS-ORD-654931 BATCH-BBAS-4023,203303,4066,0,0,199237,INR,2026-08-12T11:03:00Z,BATCH-BBAS-4023
PO_B10_004024,Razorpay Nodal,BLNK-INV-270424 PO_B10_004024,70624,1464,0,0,69160,INR,2026-08-12T20:20:00Z,BATCH-BLNK-4024
PO_B10_004025,BillDesk Settlement,SWIG-INV-443429 PO_B10_004025,190306,3234,0,0,187072,INR,2026-08-12T11:46:00Z,BATCH-SWIG-4025
PO_B10_004026,Stripe India,FLPK-ORD-809033 FLPK-ORD-100472 BATCH-FLPK-4026,353474,7069,0,0,346405,INR,2026-08-12T06:57:00Z,BATCH-FLPK-4026
PO_B10_004027,Stripe India,SWIG-INV-317343 PO_B10_004027,259689,4135,0,0,255554,INR,2026-08-11T19:15:00Z,BATCH-SWIG-4027
PO_B10_004028,Cashfree Escrow,ZOMA-INV-360396 PO_B10_004028,248536,5073,0,0,243463,INR,2026-08-11T18:18:00Z,BATCH-ZOMA-4028
PO_B10_004029,Razorpay Nodal,PHNP-INV-991692 PO_B10_004029,442265,10417,0,0,431848,INR,2026-08-12T02:40:00Z,BATCH-PHNP-4029
PO_B10_004030,Cashfree Escrow,BKMS-INV-549637 PO_B10_004030,421769,9189,0,0,412580,INR,2026-08-12T11:07:00Z,BATCH-BKMS-4030
PO_B10_004031,Cashfree Escrow,FLPK-INV-358091 PO_B10_004031,151297,3263,0,0,148034,INR,2026-08-12T05:35:00Z,BATCH-FLPK-4031
PO_B10_004032,Razorpay Nodal,MMTR-INV-538125 PO_B10_004032,351584,8481,0,0,343103,INR,2026-08-12T09:06:00Z,BATCH-MMTR-4032
PO_B10_004033,Razorpay Nodal,UBER-INV-535160 PO_B10_004033,293572,5920,0,0,287652,INR,2026-08-12T16:28:00Z,BATCH-UBER-4033
PO_B10_004034,BillDesk Settlement,OLAA-INV-797468 PO_B10_004034,179403,2739,0,0,176664,INR,2026-08-11T20:36:00Z,BATCH-OLAA-4034
PO_B10_004035,Razorpay Nodal,FLPK-INV-690414 PO_B10_004035,384840,9362,0,0,375478,INR,2026-08-12T01:14:00Z,BATCH-FLPK-4035
PO_B10_004036,PayU Enterprise,FLPK-ORD-821564 FLPK-ORD-354362 FLPK-ORD-318001 BATCH-FLPK-4036,364095,7281,0,0,356814,INR,2026-08-11T21:52:00Z,BATCH-FLPK-4036
PO_B10_004037,Stripe India,BKMS-INV-862180 PO_B10_004037,222236,4191,0,0,218045,INR,2026-08-12T08:15:00Z,BATCH-BKMS-4037
PO_B10_004038,PayU Enterprise,AMZN-ORD-920622 AMZN-ORD-706362 AMZN-ORD-391432 BATCH-AMZN-4038,638679,12773,0,0,625906,INR,2026-08-12T03:30:00Z,BATCH-AMZN-4038
PO_B10_004039,Cashfree Escrow,PAYT-INV-770693 PO_B10_004039,364925,7304,0,0,357621,INR,2026-08-12T21:54:00Z,BATCH-PAYT-4039
PO_B10_004040,PayU Enterprise,SWIG-ORD-746226 SWIG-ORD-688769 BATCH-SWIG-4040,223719,4474,0,0,219245,INR,2026-08-12T01:33:00Z,BATCH-SWIG-4040
PO_B10_004041,Razorpay Nodal,ZOMA-INV-304910 PO_B10_004041,279620,6290,0,0,273330,INR,2026-08-12T11:18:00Z,BATCH-ZOMA-4041
PO_B10_004042,PayU Enterprise,ZOMA-INV-468448 PO_B10_004042,124823,2065,0,0,122758,INR,2026-08-12T14:34:00Z,BATCH-ZOMA-4042
PO_B10_004043,PayU Enterprise,BLNK-INV-269750 PO_B10_004043,340287,8082,0,0,332205,INR,2026-08-12T16:06:00Z,BATCH-BLNK-4043
PO_B10_004044,PayU Enterprise,AMZN-INV-572230 PO_B10_004044,389484,9561,0,0,379923,INR,2026-08-12T07:57:00Z,BATCH-AMZN-4044
PO_B10_004045,Cashfree Escrow,PHNP-ORD-758845 PHNP-ORD-406492 PHNP-ORD-602342 BATCH-PHNP-4045,290786,5815,0,0,284971,INR,2026-08-12T00:43:00Z,BATCH-PHNP-4045
PO_B10_004046,PayU Enterprise,AMZN-ORD-494363 AMZN-ORD-618387 BATCH-AMZN-4046,191850,3837,0,0,188013,INR,2026-08-12T13:50:00Z,BATCH-AMZN-4046
PO_B10_004047,Stripe India,AMZN-ORD-895213 AMZN-ORD-106161 BATCH-AMZN-4047,136300,2726,0,0,133574,INR,2026-08-11T22:08:00Z,BATCH-AMZN-4047
PO_B10_004048,Razorpay Nodal,OLAA-INV-646285 PO_B10_004048,55189,1314,0,0,53875,INR,2026-08-13T00:36:00Z,BATCH-OLAA-4048
PO_B10_004049,BillDesk Settlement,TATA-INV-479851 PO_B10_004049,276493,6906,0,0,269587,INR,2026-08-12T09:52:00Z,BATCH-TATA-4049
PO_B10_004050,Cashfree Escrow,BKMS-INV-914387 PO_B10_004050,355205,6144,0,0,349061,INR,2026-08-11T13:56:00Z,BATCH-BKMS-4050
PO_B10_004051,Razorpay Nodal,OLAA-ORD-896288 OLAA-ORD-218434 BATCH-OLAA-4051,272977,5459,0,0,267518,INR,2026-08-12T07:30:00Z,BATCH-OLAA-4051
PO_B10_004052,PayU Enterprise,MMTR-INV-953873 PO_B10_004052,238497,4270,0,0,234227,INR,2026-08-12T18:25:00Z,BATCH-MMTR-4052
PO_B10_004053,Razorpay Nodal,PAYT-INV-526346 PO_B10_004053,428803,9839,0,0,418964,INR,2026-08-12T01:06:00Z,BATCH-PAYT-4053
PO_B10_004054,Razorpay Nodal,BLNK-INV-394234 PO_B10_004054,175139,3373,0,0,171766,INR,2026-08-12T04:25:00Z,BATCH-BLNK-4054
PO_B10_004055,Cashfree Escrow,ZOMA-EXC-235617-UNRESOLVED,289625,5782,0,0,283843,INR,2026-08-13T00:52:00Z,HOLD-ESCROW
PO_B10_004056,Razorpay Nodal,PAYT-INV-257651 PO_B10_004056,30606,529,0,0,30077,INR,2026-08-12T08:17:00Z,BATCH-PAYT-4056
PO_B10_004057,Razorpay Nodal,MMTR-INV-975603 PO_B10_004057,248744,4495,0,0,244249,INR,2026-08-11T23:01:00Z,BATCH-MMTR-4057
PO_B10_004058,PayU Enterprise,AMZN-INV-252870 PO_B10_004058,279704,6222,0,0,273482,INR,2026-08-11T17:26:00Z,BATCH-AMZN-4058
PO_B10_004059,Razorpay Nodal,BLNK-INV-232726 PO_B10_004059,306374,7609,0,0,298765,INR,2026-08-11T21:44:00Z,BATCH-BLNK-4059
PO_B10_004060,Razorpay Nodal,MMTR-INV-241500 PO_B10_004060,392402,6016,0,0,386386,INR,2026-08-12T08:21:00Z,BATCH-MMTR-4060
PO_B10_004061,Stripe India,SWIG-INV-733825 PO_B10_004061,94230,2346,0,0,91884,INR,2026-08-12T14:27:00Z,BATCH-SWIG-4061
PO_B10_004062,PayU Enterprise,MMTR-INV-174788 PO_B10_004062,217363,4141,0,0,213222,INR,2026-08-11T13:50:00Z,BATCH-MMTR-4062
PO_B10_004063,PayU Enterprise,BLNK-INV-200749 PO_B10_004063,399895,8149,0,0,391746,INR,2026-08-12T01:13:00Z,BATCH-BLNK-4063
PO_B10_004064,BillDesk Settlement,BLNK-ORD-799117 BLNK-ORD-674103 BATCH-BLNK-4064,162670,3253,0,0,159417,INR,2026-08-12T18:04:00Z,BATCH-BLNK-4064
PO_B10_004065,Cashfree Escrow,BKMS-ORD-807927 BKMS-ORD-939751 BKMS-ORD-188653 BATCH-BKMS-4065,293773,5875,0,0,287898,INR,2026-08-12T07:57:00Z,BATCH-BKMS-4065
PO_B10_004066,Cashfree Escrow,JIOO-INV-273805 PO_B10_004066,50172,1117,0,0,49055,INR,2026-08-12T08:53:00Z,BATCH-JIOO-4066
PO_B10_004067,Stripe India,TATA-INV-452766 PO_B10_004067,229035,5691,0,0,223344,INR,2026-08-12T05:41:00Z,BATCH-TATA-4067
PO_B10_004068,Razorpay Nodal,SWIG-INV-177551 PO_B10_004068,443120,6711,0,0,436409,INR,2026-08-12T10:38:00Z,BATCH-SWIG-4068
PO_B10_004069,Cashfree Escrow,PAYT-ORD-356605 PAYT-ORD-685040 PAYT-ORD-391336 BATCH-PAYT-4069,214090,4281,0,0,209809,INR,2026-08-12T17:55:00Z,BATCH-PAYT-4069
PO_B10_004070,Razorpay Nodal,UBER-INV-678216 PO_B10_004070,223905,5278,0,0,218627,INR,2026-08-12T13:20:00Z,BATCH-UBER-4070
PO_B10_004071,BillDesk Settlement,ZOMA-INV-938942 PO_B10_004071,376701,8191,0,0,368510,INR,2026-08-12T02:16:00Z,BATCH-ZOMA-4071
PO_B10_004072,Stripe India,FLPK-INV-439599 PO_B10_004072,224318,4783,0,0,219535,INR,2026-08-12T06:36:00Z,BATCH-FLPK-4072
PO_B10_004073,Stripe India,OLAA-EXC-864948-UNRESOLVED,172266,3435,0,0,168831,INR,2026-08-12T22:14:00Z,HOLD-ESCROW
PO_B10_004074,Razorpay Nodal,ZOMA-EXC-675156-UNRESOLVED,71162,1413,0,0,69749,INR,2026-08-13T04:26:00Z,HOLD-ESCROW
PO_B10_004075,Razorpay Nodal,TATA-INV-147673 PO_B10_004075,316672,7856,0,0,308816,INR,2026-08-11T22:56:00Z,BATCH-TATA-4075
PO_B10_004076,Stripe India,TATA-INV-741774 PO_B10_004076,302378,5518,0,0,296860,INR,2026-08-11T21:10:00Z,BATCH-TATA-4076
PO_B10_004077,BillDesk Settlement,PAYT-INV-167970 PO_B10_004077,401495,7421,0,0,394074,INR,2026-08-11T21:47:00Z,BATCH-PAYT-4077
PO_B10_004078,BillDesk Settlement,PAYT-INV-922015 PO_B10_004078,248847,6181,0,0,242666,INR,2026-08-12T13:17:00Z,BATCH-PAYT-4078
PO_B10_004079,Cashfree Escrow,UBER-INV-406858 PO_B10_004079,300075,5945,0,0,294130,INR,2026-08-12T05:53:00Z,BATCH-UBER-4079
PO_B10_004080,Stripe India,BKMS-ORD-653649 BKMS-ORD-914476 BATCH-BKMS-4080,239853,4797,0,0,235056,INR,2026-08-12T00:13:00Z,BATCH-BKMS-4080
PO_B10_004081,Stripe India,PHNP-INV-326109 PO_B10_004081,50936,1051,0,0,49885,INR,2026-08-12T09:29:00Z,BATCH-PHNP-4081
PO_B10_004082,Stripe India,BKMS-INV-514083 PO_B10_004082,198845,3934,0,0,194911,INR,2026-08-12T15:56:00Z,BATCH-BKMS-4082
PO_B10_004083,BillDesk Settlement,JIOO-INV-815789 PO_B10_004083,81328,1962,0,0,79366,INR,2026-08-12T02:19:00Z,BATCH-JIOO-4083
PO_B10_004084,Cashfree Escrow,OLAA-INV-336547 PO_B10_004084,148491,3157,0,0,145334,INR,2026-08-11T21:37:00Z,BATCH-OLAA-4084
PO_B10_004085,Cashfree Escrow,MMTR-INV-934033 PO_B10_004085,196003,3267,0,0,192736,INR,2026-08-12T05:18:00Z,BATCH-MMTR-4085
PO_B10_004086,Razorpay Nodal,BKMS-INV-259350 PO_B10_004086,74120,1561,0,0,72559,INR,2026-08-12T08:15:00Z,BATCH-BKMS-4086
PO_B10_004087,Cashfree Escrow,JIOO-INV-741492 PO_B10_004087,381614,9454,0,0,372160,INR,2026-08-12T01:20:00Z,BATCH-JIOO-4087
PO_B10_004088,Stripe India,AMZN-INV-246118 PO_B10_004088,94224,2173,0,0,92051,INR,2026-08-12T00:17:00Z,BATCH-AMZN-4088
PO_B10_004089,PayU Enterprise,SWIG-ORD-507069 SWIG-ORD-761651 SWIG-ORD-241098 BATCH-SWIG-4089,468179,9363,0,0,458816,INR,2026-08-12T14:18:00Z,BATCH-SWIG-4089
PO_B10_004090,Stripe India,MMTR-INV-627960 PO_B10_004090,179405,3593,0,0,175812,INR,2026-08-12T19:20:00Z,BATCH-MMTR-4090
PO_B10_004091,Razorpay Nodal,BLNK-INV-631795 PO_B10_004091,402307,9789,0,0,392518,INR,2026-08-11T23:33:00Z,BATCH-BLNK-4091
PO_B10_004092,PayU Enterprise,BBAS-ORD-415179 BBAS-ORD-915338 BBAS-ORD-818671 BATCH-BBAS-4092,408593,8171,0,0,400422,INR,2026-08-12T14:13:00Z,BATCH-BBAS-4092
PO_B10_004093,BillDesk Settlement,UBER-INV-250753 PO_B10_004093,247196,4052,0,0,243144,INR,2026-08-12T14:25:00Z,BATCH-UBER-4093
PO_B10_004094,Stripe India,NYKA-INV-139414 PO_B10_004094,426780,10028,0,0,416752,INR,2026-08-12T04:39:00Z,BATCH-NYKA-4094
PO_B10_004095,Razorpay Nodal,PHNP-INV-410298 PO_B10_004095,210615,3302,0,0,207313,INR,2026-08-12T09:10:00Z,BATCH-PHNP-4095
PO_B10_004096,BillDesk Settlement,UBER-EXC-296114-UNRESOLVED,65571,1301,0,0,64270,INR,2026-08-13T02:17:00Z,HOLD-ESCROW
PO_B10_004097,Stripe India,ZOMA-ORD-536413 ZOMA-ORD-312443 BATCH-ZOMA-4097,310989,6219,0,0,304770,INR,2026-08-12T00:32:00Z,BATCH-ZOMA-4097
PO_B10_004098,Cashfree Escrow,OLAA-INV-655612 PO_B10_004098,233112,3876,0,0,229236,INR,2026-08-12T17:28:00Z,BATCH-OLAA-4098
PO_B10_004099,PayU Enterprise,SWIG-INV-980827 PO_B10_004099,398238,9210,0,0,389028,INR,2026-08-12T20:06:00Z,BATCH-SWIG-4099
PO_B10_004100,Cashfree Escrow,AMZN-INV-658216 PO_B10_004100,110357,2376,0,0,107981,INR,2026-08-12T03:40:00Z,BATCH-AMZN-4100
PO_B10_004101,Cashfree Escrow,AMZN-INV-579436 PO_B10_004101,87471,1551,0,0,85920,INR,2026-08-12T17:18:00Z,BATCH-AMZN-4101
PO_B10_004102,BillDesk Settlement,BBAS-INV-899196 PO_B10_004102,300474,5315,0,0,295159,INR,2026-08-11T17:26:00Z,BATCH-BBAS-4102
PO_B10_004103,Stripe India,BBAS-ORD-270639 BBAS-ORD-723576 BBAS-ORD-384683 BATCH-BBAS-4103,474123,9482,0,0,464641,INR,2026-08-12T21:00:00Z,BATCH-BBAS-4103
PO_B10_004104,Razorpay Nodal,BLNK-INV-965467 PO_B10_004104,370793,7233,0,0,363560,INR,2026-08-11T17:29:00Z,BATCH-BLNK-4104
PO_B10_004105,Cashfree Escrow,ZOMA-INV-137224 PO_B10_004105,47638,765,0,0,46873,INR,2026-08-12T17:05:00Z,BATCH-ZOMA-4105
PO_B10_004106,Stripe India,TATA-INV-438339 PO_B10_004106,29058,682,0,0,28376,INR,2026-08-12T14:07:00Z,BATCH-TATA-4106
PO_B10_004107,Cashfree Escrow,NYKA-ORD-371791 NYKA-ORD-165489 NYKA-ORD-795971 BATCH-NYKA-4107,417501,8350,0,0,409151,INR,2026-08-11T21:26:00Z,BATCH-NYKA-4107
PO_B10_004108,Cashfree Escrow,ZOMA-INV-801438 PO_B10_004108,230736,3870,0,0,226866,INR,2026-08-12T14:51:00Z,BATCH-ZOMA-4108
PO_B10_004109,PayU Enterprise,SWIG-ORD-587058 SWIG-ORD-987886 BATCH-SWIG-4109,219983,4399,0,0,215584,INR,2026-08-12T08:14:00Z,BATCH-SWIG-4109
PO_B10_004110,PayU Enterprise,PAYT-EXC-973679-UNRESOLVED,130955,2609,0,0,128346,INR,2026-08-12T21:32:00Z,HOLD-ESCROW
PO_B10_004111,Stripe India,PHNP-ORD-647122 PHNP-ORD-404863 BATCH-PHNP-4111,353282,7065,0,0,346217,INR,2026-08-12T12:27:00Z,BATCH-PHNP-4111
PO_B10_004112,Razorpay Nodal,OLAA-INV-740267 PO_B10_004112,433219,7668,0,0,425551,INR,2026-08-12T13:04:00Z,BATCH-OLAA-4112
PO_B10_004113,Razorpay Nodal,JIOO-INV-698618 PO_B10_004113,391393,7135,0,0,384258,INR,2026-08-12T05:20:00Z,BATCH-JIOO-4113
PO_B10_004114,Cashfree Escrow,JIOO-INV-722378 PO_B10_004114,194989,3836,0,0,191153,INR,2026-08-12T03:40:00Z,BATCH-JIOO-4114
PO_B10_004115,Razorpay Nodal,ZOMA-INV-437140 PO_B10_004115,133454,3044,0,0,130410,INR,2026-08-12T16:40:00Z,BATCH-ZOMA-4115
PO_B10_004116,BillDesk Settlement,PAYT-INV-927913 PO_B10_004116,167174,3799,0,0,163375,INR,2026-08-12T20:14:00Z,BATCH-PAYT-4116
PO_B10_004117,Stripe India,TATA-INV-601453 PO_B10_004117,366193,5570,0,0,360623,INR,2026-08-12T15:30:00Z,BATCH-TATA-4117
PO_B10_004118,Stripe India,PHNP-EXC-967012-UNRESOLVED,112760,2245,0,0,110515,INR,2026-08-13T02:54:00Z,HOLD-ESCROW
PO_B10_004119,PayU Enterprise,MYNT-INV-376979 PO_B10_004119,365402,7885,0,0,357517,INR,2026-08-11T19:58:00Z,BATCH-MYNT-4119
PO_B10_004120,PayU Enterprise,BBAS-INV-486991 PO_B10_004120,431197,10667,0,0,420530,INR,2026-08-12T20:22:00Z,BATCH-BBAS-4120
PO_B10_004121,Stripe India,MYNT-INV-275390 PO_B10_004121,378724,8300,0,0,370424,INR,2026-08-12T00:11:00Z,BATCH-MYNT-4121
PO_B10_004122,PayU Enterprise,FLPK-INV-779579 PO_B10_004122,174351,3294,0,0,171057,INR,2026-08-12T10:06:00Z,BATCH-FLPK-4122
PO_B10_004123,Stripe India,SWIG-INV-260551 PO_B10_004123,84829,1501,0,0,83328,INR,2026-08-12T05:05:00Z,BATCH-SWIG-4123
PO_B10_004124,PayU Enterprise,OLAA-INV-670752 PO_B10_004124,432696,10470,0,0,422226,INR,2026-08-11T18:44:00Z,BATCH-OLAA-4124
PO_B10_004125,Razorpay Nodal,FLPK-ORD-859267 FLPK-ORD-919931 BATCH-FLPK-4125,244788,4895,0,0,239893,INR,2026-08-12T19:30:00Z,BATCH-FLPK-4125
PO_B10_004126,BillDesk Settlement,MYNT-INV-717873 PO_B10_004126,182494,4159,0,0,178335,INR,2026-08-12T14:40:00Z,BATCH-MYNT-4126
PO_B10_004127,PayU Enterprise,NYKA-INV-586906 PO_B10_004127,87505,1626,0,0,85879,INR,2026-08-12T09:58:00Z,BATCH-NYKA-4127
PO_B10_004128,BillDesk Settlement,PHNP-INV-800990 PO_B10_004128,43013,844,0,0,42169,INR,2026-08-12T00:29:00Z,BATCH-PHNP-4128
PO_B10_004129,Stripe India,AMZN-INV-648484 PO_B10_004129,219842,4769,0,0,215073,INR,2026-08-12T04:47:00Z,BATCH-AMZN-4129
PO_B10_004130,Stripe India,PHNP-INV-693553 PO_B10_004130,29064,676,0,0,28388,INR,2026-08-12T20:06:00Z,BATCH-PHNP-4130
PO_B10_004131,PayU Enterprise,JIOO-ORD-151819 JIOO-ORD-624082 BATCH-JIOO-4131,262343,5246,0,0,257097,INR,2026-08-12T16:43:00Z,BATCH-JIOO-4131
PO_B10_004132,PayU Enterprise,TATA-INV-664665 PO_B10_004132,161965,2754,0,0,159211,INR,2026-08-12T19:44:00Z,BATCH-TATA-4132
PO_B10_004133,PayU Enterprise,JIOO-INV-428950 PO_B10_004133,337461,8400,0,0,329061,INR,2026-08-12T15:53:00Z,BATCH-JIOO-4133
PO_B10_004134,Razorpay Nodal,ZOMA-ORD-225176 ZOMA-ORD-992767 BATCH-ZOMA-4134,421664,8433,0,0,413231,INR,2026-08-12T17:45:00Z,BATCH-ZOMA-4134
PO_B10_004135,BillDesk Settlement,PHNP-INV-373885 PO_B10_004135,146985,3436,0,0,143549,INR,2026-08-11T22:19:00Z,BATCH-PHNP-4135
PO_B10_004136,BillDesk Settlement,MYNT-INV-316412 PO_B10_004136,346625,5978,0,0,340647,INR,2026-08-12T03:47:00Z,BATCH-MYNT-4136
PO_B10_004137,Stripe India,MMTR-INV-386193 PO_B10_004137,251022,5951,0,0,245071,INR,2026-08-12T17:21:00Z,BATCH-MMTR-4137
PO_B10_004138,BillDesk Settlement,UBER-INV-297715 PO_B10_004138,273850,6514,0,0,267336,INR,2026-08-11T15:22:00Z,BATCH-UBER-4138
PO_B10_004139,PayU Enterprise,JIOO-ORD-939338 JIOO-ORD-117563 BATCH-JIOO-4139,177876,3557,0,0,174319,INR,2026-08-12T19:11:00Z,BATCH-JIOO-4139
PO_B10_004140,Cashfree Escrow,BKMS-EXC-971622-UNRESOLVED,101634,2022,0,0,99612,INR,2026-08-12T13:09:00Z,HOLD-ESCROW
PO_B10_004141,Stripe India,SWIG-ORD-931909 SWIG-ORD-721770 BATCH-SWIG-4141,301197,6023,0,0,295174,INR,2026-08-12T13:15:00Z,BATCH-SWIG-4141
PO_B10_004142,BillDesk Settlement,BBAS-INV-277100 PO_B10_004142,93601,1618,0,0,91983,INR,2026-08-12T03:49:00Z,BATCH-BBAS-4142
PO_B10_004143,Cashfree Escrow,BBAS-ORD-181126 BBAS-ORD-873405 BBAS-ORD-653553 BATCH-BBAS-4143,371731,7434,0,0,364297,INR,2026-08-12T02:12:00Z,BATCH-BBAS-4143
PO_B10_004144,Razorpay Nodal,ZOMA-ORD-277188 ZOMA-ORD-628387 BATCH-ZOMA-4144,350695,7013,0,0,343682,INR,2026-08-12T03:25:00Z,BATCH-ZOMA-4144
PO_B10_004145,BillDesk Settlement,MMTR-ORD-351022 MMTR-ORD-200082 MMTR-ORD-746405 BATCH-MMTR-4145,561048,11220,0,0,549828,INR,2026-08-12T13:31:00Z,BATCH-MMTR-4145
PO_B10_004146,Cashfree Escrow,MMTR-INV-799235 PO_B10_004146,231094,5086,0,0,226008,INR,2026-08-12T15:06:00Z,BATCH-MMTR-4146
PO_B10_004147,PayU Enterprise,SWIG-INV-274759 PO_B10_004147,279698,6515,0,0,273183,INR,2026-08-12T00:10:00Z,BATCH-SWIG-4147
PO_B10_004148,PayU Enterprise,SWIG-ORD-829017 SWIG-ORD-310615 SWIG-ORD-438118 BATCH-SWIG-4148,330378,6607,0,0,323771,INR,2026-08-12T08:51:00Z,BATCH-SWIG-4148
PO_B10_004149,BillDesk Settlement,JIOO-EXC-601916-UNRESOLVED,293835,5866,0,0,287969,INR,2026-08-13T01:19:00Z,HOLD-ESCROW
PO_B10_004150,Cashfree Escrow,AMZN-ORD-323902 AMZN-ORD-123588 AMZN-ORD-564071 BATCH-AMZN-4150,563787,11275,0,0,552512,INR,2026-08-11T21:15:00Z,BATCH-AMZN-4150
PO_B10_004151,Stripe India,TATA-INV-171983 PO_B10_004151,201075,3734,0,0,197341,INR,2026-08-12T16:49:00Z,BATCH-TATA-4151
PO_B10_004152,BillDesk Settlement,FLPK-INV-584656 PO_B10_004152,259896,4803,0,0,255093,INR,2026-08-12T00:53:00Z,BATCH-FLPK-4152
PO_B10_004153,BillDesk Settlement,AMZN-INV-557920 PO_B10_004153,85406,1283,0,0,84123,INR,2026-08-12T14:31:00Z,BATCH-AMZN-4153
PO_B10_004154,Cashfree Escrow,MMTR-INV-723564 PO_B10_004154,76396,1256,0,0,75140,INR,2026-08-12T00:21:00Z,BATCH-MMTR-4154
PO_B10_004155,PayU Enterprise,PAYT-INV-456295 PO_B10_004155,340496,6234,0,0,334262,INR,2026-08-11T21:27:00Z,BATCH-PAYT-4155
PO_B10_004156,BillDesk Settlement,OLAA-INV-256824 PO_B10_004156,91918,1540,0,0,90378,INR,2026-08-12T00:27:00Z,BATCH-OLAA-4156
PO_B10_004157,BillDesk Settlement,BKMS-INV-641080 PO_B10_004157,298114,5470,0,0,292644,INR,2026-08-12T06:10:00Z,BATCH-BKMS-4157
PO_B10_004158,PayU Enterprise,BBAS-INV-210079 PO_B10_004158,444595,7066,0,0,437529,INR,2026-08-12T07:16:00Z,BATCH-BBAS-4158
PO_B10_004159,PayU Enterprise,OLAA-INV-698212 PO_B10_004159,254641,4325,0,0,250316,INR,2026-08-11T18:54:00Z,BATCH-OLAA-4159
PO_B10_004160,Razorpay Nodal,BBAS-INV-460173 PO_B10_004160,412830,10188,0,0,402642,INR,2026-08-12T16:18:00Z,BATCH-BBAS-4160
PO_B10_004161,Razorpay Nodal,UBER-ORD-741873 UBER-ORD-810202 UBER-ORD-916503 BATCH-UBER-4161,481355,9627,0,0,471728,INR,2026-08-12T17:16:00Z,BATCH-UBER-4161
PO_B10_004162,PayU Enterprise,BKMS-INV-122878 PO_B10_004162,232882,3551,0,0,229331,INR,2026-08-12T19:27:00Z,BATCH-BKMS-4162
PO_B10_004163,Razorpay Nodal,ZOMA-INV-461459 PO_B10_004163,97582,1802,0,0,95780,INR,2026-08-12T08:37:00Z,BATCH-ZOMA-4163
PO_B10_004164,BillDesk Settlement,OLAA-INV-100553 PO_B10_004164,128445,3124,0,0,125321,INR,2026-08-11T22:21:00Z,BATCH-OLAA-4164
PO_B10_004165,Stripe India,ZOMA-INV-114510 PO_B10_004165,58090,1061,0,0,57029,INR,2026-08-12T09:18:00Z,BATCH-ZOMA-4165
PO_B10_004166,Cashfree Escrow,FLPK-INV-175626 PO_B10_004166,228177,5645,0,0,222532,INR,2026-08-12T10:48:00Z,BATCH-FLPK-4166
PO_B10_004167,PayU Enterprise,MMTR-ORD-871941 MMTR-ORD-669911 MMTR-ORD-814353 BATCH-MMTR-4167,296309,5926,0,0,290383,INR,2026-08-12T11:26:00Z,BATCH-MMTR-4167
PO_B10_004168,Razorpay Nodal,PHNP-INV-177846 PO_B10_004168,233570,5564,0,0,228006,INR,2026-08-12T14:50:00Z,BATCH-PHNP-4168
PO_B10_004169,BillDesk Settlement,AMZN-INV-406320 PO_B10_004169,436546,10880,0,0,425666,INR,2026-08-11T16:39:00Z,BATCH-AMZN-4169
PO_B10_004170,Cashfree Escrow,BKMS-ORD-728742 BKMS-ORD-387195 BATCH-BKMS-4170,244223,4884,0,0,239339,INR,2026-08-12T17:50:00Z,BATCH-BKMS-4170
PO_B10_004171,Stripe India,BBAS-ORD-446036 BBAS-ORD-573674 BBAS-ORD-503603 BATCH-BBAS-4171,129160,2583,0,0,126577,INR,2026-08-12T04:30:00Z,BATCH-BBAS-4171
PO_B10_004172,Cashfree Escrow,PAYT-ORD-252180 PAYT-ORD-846659 PAYT-ORD-877539 BATCH-PAYT-4172,331287,6625,0,0,324662,INR,2026-08-12T05:38:00Z,BATCH-PAYT-4172
PO_B10_004173,PayU Enterprise,NYKA-INV-587637 PO_B10_004173,246100,4675,0,0,241425,INR,2026-08-12T05:27:00Z,BATCH-NYKA-4173
PO_B10_004174,Razorpay Nodal,MMTR-INV-800940 PO_B10_004174,393635,7746,0,0,385889,INR,2026-08-12T15:25:00Z,BATCH-MMTR-4174
PO_B10_004175,Stripe India,PAYT-INV-449308 PO_B10_004175,87439,1384,0,0,86055,INR,2026-08-12T15:43:00Z,BATCH-PAYT-4175
PO_B10_004176,Stripe India,BBAS-INV-412206 PO_B10_004176,161140,3570,0,0,157570,INR,2026-08-11T14:08:00Z,BATCH-BBAS-4176
PO_B10_004177,Razorpay Nodal,UBER-INV-687282 PO_B10_004177,391989,7044,0,0,384945,INR,2026-08-11T14:13:00Z,BATCH-UBER-4177
PO_B10_004178,PayU Enterprise,ZOMA-ORD-884101 ZOMA-ORD-101300 ZOMA-ORD-979672 BATCH-ZOMA-4178,349677,6993,0,0,342684,INR,2026-08-12T16:48:00Z,BATCH-ZOMA-4178
PO_B10_004179,Cashfree Escrow,MMTR-ORD-405742 MMTR-ORD-317868 BATCH-MMTR-4179,265758,5315,0,0,260443,INR,2026-08-12T19:18:00Z,BATCH-MMTR-4179
PO_B10_004180,Razorpay Nodal,OLAA-ORD-755002 OLAA-ORD-285393 OLAA-ORD-552764 BATCH-OLAA-4180,282199,5643,0,0,276556,INR,2026-08-12T12:21:00Z,BATCH-OLAA-4180
PO_B10_004181,Stripe India,SWIG-EXC-107815-UNRESOLVED,73197,1453,0,0,71744,INR,2026-08-13T06:03:00Z,HOLD-ESCROW
PO_B10_004182,PayU Enterprise,AMZN-INV-521683 PO_B10_004182,334527,5763,0,0,328764,INR,2026-08-12T17:04:00Z,BATCH-AMZN-4182
PO_B10_004183,BillDesk Settlement,NYKA-INV-444172 PO_B10_004183,260825,4986,0,0,255839,INR,2026-08-12T19:26:00Z,BATCH-NYKA-4183
PO_B10_004184,PayU Enterprise,MMTR-INV-860082 PO_B10_004184,129652,2096,0,0,127556,INR,2026-08-12T04:05:00Z,BATCH-MMTR-4184
PO_B10_004185,Cashfree Escrow,UBER-INV-903612 PO_B10_004185,122898,2629,0,0,120269,INR,2026-08-12T09:01:00Z,BATCH-UBER-4185
PO_B10_004186,PayU Enterprise,MYNT-INV-152761 PO_B10_004186,418413,8679,0,0,409734,INR,2026-08-12T01:23:00Z,BATCH-MYNT-4186
PO_B10_004187,PayU Enterprise,SWIG-ORD-384918 SWIG-ORD-600276 BATCH-SWIG-4187,237550,4751,0,0,232799,INR,2026-08-12T01:54:00Z,BATCH-SWIG-4187
PO_B10_004188,Stripe India,MYNT-INV-542593 PO_B10_004188,70390,1166,0,0,69224,INR,2026-08-11T20:09:00Z,BATCH-MYNT-4188
PO_B10_004189,Cashfree Escrow,NYKA-INV-577816 PO_B10_004189,434329,7303,0,0,427026,INR,2026-08-12T04:27:00Z,BATCH-NYKA-4189
PO_B10_004190,BillDesk Settlement,BBAS-INV-364938 PO_B10_004190,93104,2042,0,0,91062,INR,2026-08-12T08:04:00Z,BATCH-BBAS-4190
PO_B10_004191,Razorpay Nodal,UBER-INV-635121 PO_B10_004191,440797,10440,0,0,430357,INR,2026-08-12T01:16:00Z,BATCH-UBER-4191
PO_B10_004192,Stripe India,PHNP-ORD-237668 PHNP-ORD-513406 PHNP-ORD-509195 BATCH-PHNP-4192,306137,6122,0,0,300015,INR,2026-08-12T08:02:00Z,BATCH-PHNP-4192
PO_B10_004193,BillDesk Settlement,FLPK-INV-130757 PO_B10_004193,162622,2832,0,0,159790,INR,2026-08-12T09:36:00Z,BATCH-FLPK-4193
PO_B10_004194,BillDesk Settlement,SWIG-EXC-505190-UNRESOLVED,287902,5748,0,0,282154,INR,2026-08-12T21:01:00Z,HOLD-ESCROW
PO_B10_004195,Stripe India,SWIG-INV-312608 PO_B10_004195,243148,4660,0,0,238488,INR,2026-08-12T05:19:00Z,BATCH-SWIG-4195
PO_B10_004196,Stripe India,NYKA-INV-750566 PO_B10_004196,64431,1147,0,0,63284,INR,2026-08-11T19:58:00Z,BATCH-NYKA-4196
PO_B10_004197,Stripe India,BLNK-INV-549912 PO_B10_004197,301105,4863,0,0,296242,INR,2026-08-12T06:29:00Z,BATCH-BLNK-4197
PO_B10_004198,Razorpay Nodal,TATA-ORD-490928 TATA-ORD-323118 BATCH-TATA-4198,219500,4390,0,0,215110,INR,2026-08-12T08:11:00Z,BATCH-TATA-4198
PO_B10_004199,Razorpay Nodal,MMTR-INV-203843 PO_B10_004199,171296,4059,0,0,167237,INR,2026-08-12T11:52:00Z,BATCH-MMTR-4199
PO_B10_004200,Stripe India,AMZN-INV-592151 PO_B10_004200,135659,2594,0,0,133065,INR,2026-08-11T18:33:00Z,BATCH-AMZN-4200
PO_B10_004201,Razorpay Nodal,SWIG-INV-774384 PO_B10_004201,74154,1225,0,0,72929,INR,2026-08-11T20:46:00Z,BATCH-SWIG-4201
PO_B10_004202,Stripe India,MYNT-INV-629136 PO_B10_004202,68885,1477,0,0,67408,INR,2026-08-12T08:14:00Z,BATCH-MYNT-4202
PO_B10_004203,BillDesk Settlement,BBAS-INV-628651 PO_B10_004203,207589,4319,0,0,203270,INR,2026-08-12T14:05:00Z,BATCH-BBAS-4203
PO_B10_004204,Razorpay Nodal,NYKA-INV-664267 PO_B10_004204,380853,6463,0,0,374390,INR,2026-08-12T17:44:00Z,BATCH-NYKA-4204
PO_B10_004205,BillDesk Settlement,UBER-INV-712908 PO_B10_004205,323022,5347,0,0,317675,INR,2026-08-12T00:31:00Z,BATCH-UBER-4205
PO_B10_004206,Cashfree Escrow,OLAA-INV-550816 PO_B10_004206,88570,2095,0,0,86475,INR,2026-08-12T13:42:00Z,BATCH-OLAA-4206
PO_B10_004207,BillDesk Settlement,BLNK-EXC-720713-UNRESOLVED,126050,2511,0,0,123539,INR,2026-08-12T15:51:00Z,HOLD-ESCROW
PO_B10_004208,Cashfree Escrow,TATA-INV-404642 PO_B10_004208,417189,8796,0,0,408393,INR,2026-08-12T09:10:00Z,BATCH-TATA-4208
PO_B10_004209,PayU Enterprise,BLNK-ORD-248520 BLNK-ORD-199321 BLNK-ORD-509796 BATCH-BLNK-4209,314833,6296,0,0,308537,INR,2026-08-12T02:52:00Z,BATCH-BLNK-4209
PO_B10_004210,Stripe India,BKMS-INV-604036 PO_B10_004210,222149,3925,0,0,218224,INR,2026-08-12T14:07:00Z,BATCH-BKMS-4210
PO_B10_004211,Cashfree Escrow,OLAA-INV-809935 PO_B10_004211,205152,3793,0,0,201359,INR,2026-08-12T05:32:00Z,BATCH-OLAA-4211
PO_B10_004212,BillDesk Settlement,NYKA-INV-173859 PO_B10_004212,132186,2131,0,0,130055,INR,2026-08-12T14:37:00Z,BATCH-NYKA-4212
PO_B10_004213,Razorpay Nodal,SWIG-INV-281439 PO_B10_004213,153301,2762,0,0,150539,INR,2026-08-12T20:33:00Z,BATCH-SWIG-4213
PO_B10_004214,Razorpay Nodal,NYKA-INV-724806 PO_B10_004214,420089,8805,0,0,411284,INR,2026-08-12T05:36:00Z,BATCH-NYKA-4214
PO_B10_004215,PayU Enterprise,NYKA-ORD-679944 NYKA-ORD-108791 BATCH-NYKA-4215,272087,5441,0,0,266646,INR,2026-08-11T22:41:00Z,BATCH-NYKA-4215
PO_B10_004216,BillDesk Settlement,OLAA-EXC-312514-UNRESOLVED,103722,2064,0,0,101658,INR,2026-08-12T13:25:00Z,HOLD-ESCROW
PO_B10_004217,Stripe India,JIOO-INV-525497 PO_B10_004217,327175,5041,0,0,322134,INR,2026-08-12T17:20:00Z,BATCH-JIOO-4217
PO_B10_004218,BillDesk Settlement,NYKA-ORD-574233 NYKA-ORD-773848 BATCH-NYKA-4218,384260,7685,0,0,376575,INR,2026-08-12T18:41:00Z,BATCH-NYKA-4218
PO_B10_004219,PayU Enterprise,UBER-INV-225177 PO_B10_004219,239863,3851,0,0,236012,INR,2026-08-12T01:46:00Z,BATCH-UBER-4219
PO_B10_004220,Cashfree Escrow,BKMS-ORD-696231 BKMS-ORD-469610 BATCH-BKMS-4220,172607,3452,0,0,169155,INR,2026-08-12T14:49:00Z,BATCH-BKMS-4220
PO_B10_004221,Cashfree Escrow,FLPK-INV-371904 PO_B10_004221,290575,5641,0,0,284934,INR,2026-08-12T12:14:00Z,BATCH-FLPK-4221
PO_B10_004222,Stripe India,BKMS-ORD-583871 BKMS-ORD-544058 BATCH-BKMS-4222,363679,7273,0,0,356406,INR,2026-08-11T23:42:00Z,BATCH-BKMS-4222
PO_B10_004223,Stripe India,UBER-ORD-492685 UBER-ORD-235586 BATCH-UBER-4223,162827,3256,0,0,159571,INR,2026-08-12T06:44:00Z,BATCH-UBER-4223
PO_B10_004224,PayU Enterprise,AMZN-INV-632582 PO_B10_004224,424925,9358,0,0,415567,INR,2026-08-12T08:53:00Z,BATCH-AMZN-4224
PO_B10_004225,Razorpay Nodal,OLAA-INV-156969 PO_B10_004225,231064,5491,0,0,225573,INR,2026-08-12T02:55:00Z,BATCH-OLAA-4225
PO_B10_004226,BillDesk Settlement,BKMS-INV-994006 PO_B10_004226,30064,463,0,0,29601,INR,2026-08-12T00:24:00Z,BATCH-BKMS-4226
PO_B10_004227,Stripe India,MMTR-INV-588606 PO_B10_004227,185688,4172,0,0,181516,INR,2026-08-13T01:27:00Z,BATCH-MMTR-4227
PO_B10_004228,Razorpay Nodal,PAYT-INV-947409 PO_B10_004228,95641,2355,0,0,93286,INR,2026-08-12T01:38:00Z,BATCH-PAYT-4228
PO_B10_004229,PayU Enterprise,AMZN-ORD-639323 AMZN-ORD-773913 BATCH-AMZN-4229,203042,4060,0,0,198982,INR,2026-08-11T22:12:00Z,BATCH-AMZN-4229
PO_B10_004230,Stripe India,SWIG-ORD-123554 SWIG-ORD-549184 BATCH-SWIG-4230,264605,5292,0,0,259313,INR,2026-08-12T10:36:00Z,BATCH-SWIG-4230
PO_B10_004231,Stripe India,PAYT-INV-514390 PO_B10_004231,34951,751,0,0,34200,INR,2026-08-12T16:26:00Z,BATCH-PAYT-4231
PO_B10_004232,Razorpay Nodal,UBER-INV-930301 PO_B10_004232,229893,4924,0,0,224969,INR,2026-08-12T12:17:00Z,BATCH-UBER-4232
PO_B10_004233,Razorpay Nodal,PAYT-INV-904463 PO_B10_004233,139044,2897,0,0,136147,INR,2026-08-12T16:33:00Z,BATCH-PAYT-4233
PO_B10_004234,Stripe India,BKMS-INV-970427 PO_B10_004234,323320,5540,0,0,317780,INR,2026-08-12T11:31:00Z,BATCH-BKMS-4234
PO_B10_004235,PayU Enterprise,BKMS-INV-168562 PO_B10_004235,254965,4997,0,0,249968,INR,2026-08-12T12:57:00Z,BATCH-BKMS-4235
PO_B10_004236,Cashfree Escrow,BBAS-INV-674335 PO_B10_004236,259720,5885,0,0,253835,INR,2026-08-12T16:51:00Z,BATCH-BBAS-4236
PO_B10_004237,Stripe India,PAYT-ORD-916152 PAYT-ORD-255718 BATCH-PAYT-4237,138976,2779,0,0,136197,INR,2026-08-12T01:19:00Z,BATCH-PAYT-4237
PO_B10_004238,Cashfree Escrow,ZOMA-INV-923511 PO_B10_004238,192672,2965,0,0,189707,INR,2026-08-12T13:28:00Z,BATCH-ZOMA-4238
PO_B10_004239,Stripe India,OLAA-INV-863997 PO_B10_004239,409802,6153,0,0,403649,INR,2026-08-12T06:56:00Z,BATCH-OLAA-4239
PO_B10_004240,PayU Enterprise,ZOMA-INV-287945 PO_B10_004240,217644,5044,0,0,212600,INR,2026-08-11T17:52:00Z,BATCH-ZOMA-4240
PO_B10_004241,Razorpay Nodal,NYKA-INV-547917 PO_B10_004241,211286,3761,0,0,207525,INR,2026-08-11T16:36:00Z,BATCH-NYKA-4241
PO_B10_004242,PayU Enterprise,SWIG-ORD-959772 SWIG-ORD-129897 BATCH-SWIG-4242,238477,4769,0,0,233708,INR,2026-08-12T00:07:00Z,BATCH-SWIG-4242
PO_B10_004243,PayU Enterprise,ZOMA-INV-760484 PO_B10_004243,83573,1701,0,0,81872,INR,2026-08-12T10:20:00Z,BATCH-ZOMA-4243
PO_B10_004244,Cashfree Escrow,BKMS-ORD-623669 BKMS-ORD-320699 BATCH-BKMS-4244,235842,4716,0,0,231126,INR,2026-08-12T00:00:00Z,BATCH-BKMS-4244
PO_B10_004245,PayU Enterprise,BKMS-INV-635715 PO_B10_004245,106793,2440,0,0,104353,INR,2026-08-12T05:24:00Z,BATCH-BKMS-4245
PO_B10_004246,Stripe India,MMTR-INV-240206 PO_B10_004246,95130,1703,0,0,93427,INR,2026-08-12T17:27:00Z,BATCH-MMTR-4246
PO_B10_004247,PayU Enterprise,BLNK-INV-537579 PO_B10_004247,294146,7222,0,0,286924,INR,2026-08-11T16:50:00Z,BATCH-BLNK-4247
PO_B10_004248,Cashfree Escrow,BLNK-INV-494650 PO_B10_004248,140476,2301,0,0,138175,INR,2026-08-12T12:53:00Z,BATCH-BLNK-4248
PO_B10_004249,Cashfree Escrow,UBER-INV-343865 PO_B10_004249,291070,5278,0,0,285792,INR,2026-08-12T07:12:00Z,BATCH-UBER-4249
PO_B10_004250,Cashfree Escrow,TATA-INV-556747 PO_B10_004250,40696,763,0,0,39933,INR,2026-08-12T00:38:00Z,BATCH-TATA-4250
PO_B10_004251,BillDesk Settlement,FLPK-INV-596396 PO_B10_004251,76231,1700,0,0,74531,INR,2026-08-12T04:29:00Z,BATCH-FLPK-4251
PO_B10_004252,PayU Enterprise,FLPK-INV-753795 PO_B10_004252,313205,7153,0,0,306052,INR,2026-08-11T21:51:00Z,BATCH-FLPK-4252
PO_B10_004253,Cashfree Escrow,PHNP-ORD-270757 PHNP-ORD-752618 BATCH-PHNP-4253,126289,2525,0,0,123764,INR,2026-08-12T12:54:00Z,BATCH-PHNP-4253
PO_B10_004254,PayU Enterprise,UBER-INV-570877 PO_B10_004254,130253,2803,0,0,127450,INR,2026-08-12T22:08:00Z,BATCH-UBER-4254
PO_B10_004255,Stripe India,TATA-INV-106636 PO_B10_004255,245916,5027,0,0,240889,INR,2026-08-12T01:56:00Z,BATCH-TATA-4255
PO_B10_004256,Cashfree Escrow,ZOMA-INV-252225 PO_B10_004256,141901,2573,0,0,139328,INR,2026-08-12T08:43:00Z,BATCH-ZOMA-4256
PO_B10_004257,Stripe India,AMZN-INV-589850 PO_B10_004257,136196,2738,0,0,133458,INR,2026-08-11T19:43:00Z,BATCH-AMZN-4257
PO_B10_004258,BillDesk Settlement,BLNK-INV-783751 PO_B10_004258,311185,6211,0,0,304974,INR,2026-08-12T00:48:00Z,BATCH-BLNK-4258
PO_B10_004259,PayU Enterprise,SWIG-INV-768811 PO_B10_004259,406876,7253,0,0,399623,INR,2026-08-12T12:05:00Z,BATCH-SWIG-4259
PO_B10_004260,Stripe India,TATA-INV-893239 PO_B10_004260,102375,2412,0,0,99963,INR,2026-08-12T08:16:00Z,BATCH-TATA-4260
PO_B10_004261,Cashfree Escrow,BLNK-INV-685712 PO_B10_004261,428589,9218,0,0,419371,INR,2026-08-12T01:27:00Z,BATCH-BLNK-4261
PO_B10_004262,Cashfree Escrow,MYNT-ORD-622060 MYNT-ORD-338809 BATCH-MYNT-4262,329400,6588,0,0,322812,INR,2026-08-12T14:48:00Z,BATCH-MYNT-4262
PO_B10_004263,Cashfree Escrow,AMZN-INV-188265 PO_B10_004263,351164,6630,0,0,344534,INR,2026-08-12T02:24:00Z,BATCH-AMZN-4263
PO_B10_004264,Razorpay Nodal,JIOO-INV-432555 PO_B10_004264,388135,9426,0,0,378709,INR,2026-08-11T21:38:00Z,BATCH-JIOO-4264
PO_B10_004265,BillDesk Settlement,ZOMA-INV-939139 PO_B10_004265,96573,1480,0,0,95093,INR,2026-08-12T04:37:00Z,BATCH-ZOMA-4265
PO_B10_004266,PayU Enterprise,JIOO-INV-515248 PO_B10_004266,408853,6204,0,0,402649,INR,2026-08-12T09:57:00Z,BATCH-JIOO-4266
PO_B10_004267,Stripe India,BLNK-INV-198709 PO_B10_004267,138726,3351,0,0,135375,INR,2026-08-12T10:37:00Z,BATCH-BLNK-4267
PO_B10_004268,Razorpay Nodal,TATA-INV-938793 PO_B10_004268,59520,1128,0,0,58392,INR,2026-08-11T20:21:00Z,BATCH-TATA-4268
PO_B10_004269,BillDesk Settlement,UBER-INV-711454 PO_B10_004269,198093,4306,0,0,193787,INR,2026-08-11T23:06:00Z,BATCH-UBER-4269
PO_B10_004270,BillDesk Settlement,BLNK-INV-672828 PO_B10_004270,156651,2557,0,0,154094,INR,2026-08-12T08:58:00Z,BATCH-BLNK-4270
PO_B10_004271,PayU Enterprise,PHNP-INV-158287 PO_B10_004271,302503,6574,0,0,295929,INR,2026-08-12T06:38:00Z,BATCH-PHNP-4271
PO_B10_004272,Cashfree Escrow,JIOO-INV-337016 PO_B10_004272,100697,2192,0,0,98505,INR,2026-08-12T17:32:00Z,BATCH-JIOO-4272
PO_B10_004273,PayU Enterprise,UBER-INV-871815 PO_B10_004273,152031,2953,0,0,149078,INR,2026-08-12T21:34:00Z,BATCH-UBER-4273
PO_B10_004274,Stripe India,TATA-EXC-502540-UNRESOLVED,172853,3447,0,0,169406,INR,2026-08-13T06:36:00Z,HOLD-ESCROW
PO_B10_004275,BillDesk Settlement,MYNT-ORD-701304 MYNT-ORD-922342 MYNT-ORD-776642 BATCH-MYNT-4275,357354,7147,0,0,350207,INR,2026-08-12T13:49:00Z,BATCH-MYNT-4275
PO_B10_004276,Stripe India,MYNT-INV-269155 PO_B10_004276,32243,541,0,0,31702,INR,2026-08-12T10:01:00Z,BATCH-MYNT-4276
PO_B10_004277,Razorpay Nodal,UBER-ORD-332601 UBER-ORD-149318 BATCH-UBER-4277,158068,3161,0,0,154907,INR,2026-08-12T09:18:00Z,BATCH-UBER-4277
PO_B10_004278,Stripe India,PHNP-INV-933908 PO_B10_004278,385607,7017,0,0,378590,INR,2026-08-12T01:33:00Z,BATCH-PHNP-4278
PO_B10_004279,BillDesk Settlement,ZOMA-INV-685378 PO_B10_004279,37024,722,0,0,36302,INR,2026-08-12T12:12:00Z,BATCH-ZOMA-4279
PO_B10_004280,Cashfree Escrow,MYNT-INV-293345 PO_B10_004280,348693,5740,0,0,342953,INR,2026-08-11T14:32:00Z,BATCH-MYNT-4280
PO_B10_004281,BillDesk Settlement,BBAS-INV-536298 PO_B10_004281,427149,8268,0,0,418881,INR,2026-08-12T04:57:00Z,BATCH-BBAS-4281
PO_B10_004282,BillDesk Settlement,FLPK-INV-134043 PO_B10_004282,78016,1501,0,0,76515,INR,2026-08-12T16:02:00Z,BATCH-FLPK-4282
PO_B10_004283,Razorpay Nodal,NYKA-INV-152370 PO_B10_004283,58755,1443,0,0,57312,INR,2026-08-12T09:21:00Z,BATCH-NYKA-4283
PO_B10_004284,Razorpay Nodal,PAYT-INV-360494 PO_B10_004284,249416,3950,0,0,245466,INR,2026-08-12T00:25:00Z,BATCH-PAYT-4284
PO_B10_004285,Razorpay Nodal,PAYT-EXC-606434-UNRESOLVED,126326,2516,0,0,123810,INR,2026-08-12T18:16:00Z,HOLD-ESCROW
PO_B10_004286,Cashfree Escrow,PAYT-INV-758801 PO_B10_004286,409537,7547,0,0,401990,INR,2026-08-12T12:29:00Z,BATCH-PAYT-4286
PO_B10_004287,PayU Enterprise,MYNT-ORD-458393 MYNT-ORD-317491 BATCH-MYNT-4287,269394,5387,0,0,264007,INR,2026-08-12T13:01:00Z,BATCH-MYNT-4287
PO_B10_004288,Razorpay Nodal,JIOO-INV-722013 PO_B10_004288,227207,4459,0,0,222748,INR,2026-08-12T03:03:00Z,BATCH-JIOO-4288
PO_B10_004289,Cashfree Escrow,MMTR-EXC-425065-UNRESOLVED,145034,2890,0,0,142144,INR,2026-08-13T06:30:00Z,HOLD-ESCROW
PO_B10_004290,PayU Enterprise,MMTR-INV-579342 PO_B10_004290,128853,2728,0,0,126125,INR,2026-08-11T17:44:00Z,BATCH-MMTR-4290
PO_B10_004291,Razorpay Nodal,SWIG-INV-422286 PO_B10_004291,382579,7917,0,0,374662,INR,2026-08-11T22:09:00Z,BATCH-SWIG-4291
PO_B10_004292,BillDesk Settlement,AMZN-INV-697283 PO_B10_004292,338268,6405,0,0,331863,INR,2026-08-12T00:47:00Z,BATCH-AMZN-4292
PO_B10_004293,PayU Enterprise,AMZN-INV-267601 PO_B10_004293,331447,8157,0,0,323290,INR,2026-08-11T23:52:00Z,BATCH-AMZN-4293
PO_B10_004294,BillDesk Settlement,PHNP-INV-675722 PO_B10_004294,167047,3079,0,0,163968,INR,2026-08-11T20:18:00Z,BATCH-PHNP-4294
PO_B10_004295,Stripe India,BKMS-INV-306704 PO_B10_004295,243223,5250,0,0,237973,INR,2026-08-11T20:10:00Z,BATCH-BKMS-4295
PO_B10_004296,Stripe India,UBER-ORD-939660 UBER-ORD-905467 UBER-ORD-503840 BATCH-UBER-4296,410262,8205,0,0,402057,INR,2026-08-12T04:28:00Z,BATCH-UBER-4296
PO_B10_004297,Stripe India,MMTR-INV-480919 PO_B10_004297,388302,6514,0,0,381788,INR,2026-08-12T21:23:00Z,BATCH-MMTR-4297
PO_B10_004298,Cashfree Escrow,OLAA-INV-251163 PO_B10_004298,315169,4809,0,0,310360,INR,2026-08-11T17:34:00Z,BATCH-OLAA-4298
PO_B10_004299,Cashfree Escrow,NYKA-INV-444002 PO_B10_004299,28605,566,0,0,28039,INR,2026-08-11T23:02:00Z,BATCH-NYKA-4299
PO_B10_004300,Cashfree Escrow,MYNT-INV-817113 PO_B10_004300,262198,4014,0,0,258184,INR,2026-08-11T19:01:00Z,BATCH-MYNT-4300
PO_B10_004301,BillDesk Settlement,AMZN-ORD-330541 AMZN-ORD-626892 BATCH-AMZN-4301,372041,7440,0,0,364601,INR,2026-08-12T13:30:00Z,BATCH-AMZN-4301
PO_B10_004302,PayU Enterprise,PHNP-INV-232798 PO_B10_004302,67382,1625,0,0,65757,INR,2026-08-11T19:46:00Z,BATCH-PHNP-4302
PO_B10_004303,PayU Enterprise,PAYT-INV-411406 PO_B10_004303,434860,10733,0,0,424127,INR,2026-08-12T06:08:00Z,BATCH-PAYT-4303
PO_B10_004304,Cashfree Escrow,NYKA-ORD-718615 NYKA-ORD-141717 BATCH-NYKA-4304,444255,8885,0,0,435370,INR,2026-08-12T04:34:00Z,BATCH-NYKA-4304
PO_B10_004305,BillDesk Settlement,BLNK-INV-899195 PO_B10_004305,229564,3891,0,0,225673,INR,2026-08-12T17:25:00Z,BATCH-BLNK-4305
PO_B10_004306,Razorpay Nodal,AMZN-EXC-750330-UNRESOLVED,165859,3307,0,0,162552,INR,2026-08-13T04:12:00Z,HOLD-ESCROW
PO_B10_004307,BillDesk Settlement,TATA-INV-389814 PO_B10_004307,312409,5863,0,0,306546,INR,2026-08-12T11:11:00Z,BATCH-TATA-4307
PO_B10_004308,BillDesk Settlement,PAYT-ORD-284709 PAYT-ORD-303174 BATCH-PAYT-4308,350369,7007,0,0,343362,INR,2026-08-11T23:10:00Z,BATCH-PAYT-4308
PO_B10_004309,PayU Enterprise,PHNP-INV-592288 PO_B10_004309,108412,1940,0,0,106472,INR,2026-08-12T12:32:00Z,BATCH-PHNP-4309
PO_B10_004310,Stripe India,MMTR-ORD-530759 MMTR-ORD-866556 BATCH-MMTR-4310,260769,5215,0,0,255554,INR,2026-08-12T00:07:00Z,BATCH-MMTR-4310
PO_B10_004311,PayU Enterprise,PHNP-INV-146929 PO_B10_004311,115773,2431,0,0,113342,INR,2026-08-12T13:34:00Z,BATCH-PHNP-4311
PO_B10_004312,BillDesk Settlement,BLNK-ORD-272166 BLNK-ORD-819391 BLNK-ORD-644057 BATCH-BLNK-4312,272513,5450,0,0,267063,INR,2026-08-12T11:35:00Z,BATCH-BLNK-4312
PO_B10_004313,Cashfree Escrow,NYKA-INV-694508 PO_B10_004313,262969,4968,0,0,258001,INR,2026-08-12T18:51:00Z,BATCH-NYKA-4313
PO_B10_004314,BillDesk Settlement,UBER-ORD-265131 UBER-ORD-283457 BATCH-UBER-4314,84130,1682,0,0,82448,INR,2026-08-12T08:06:00Z,BATCH-UBER-4314
PO_B10_004315,Razorpay Nodal,BLNK-INV-705908 PO_B10_004315,396114,6181,0,0,389933,INR,2026-08-12T16:41:00Z,BATCH-BLNK-4315
PO_B10_004316,Razorpay Nodal,PAYT-INV-821984 PO_B10_004316,256126,4744,0,0,251382,INR,2026-08-12T11:37:00Z,BATCH-PAYT-4316
PO_B10_004317,Stripe India,BBAS-INV-922545 PO_B10_004317,57683,1194,0,0,56489,INR,2026-08-11T19:45:00Z,BATCH-BBAS-4317
PO_B10_004318,Cashfree Escrow,BBAS-INV-703611 PO_B10_004318,443811,8421,0,0,435390,INR,2026-08-11T17:32:00Z,BATCH-BBAS-4318
PO_B10_004319,BillDesk Settlement,SWIG-ORD-927377 SWIG-ORD-845566 SWIG-ORD-947886 BATCH-SWIG-4319,448276,8965,0,0,439311,INR,2026-08-12T19:05:00Z,BATCH-SWIG-4319
PO_B10_004320,Stripe India,PHNP-ORD-793776 PHNP-ORD-809376 PHNP-ORD-462003 BATCH-PHNP-4320,558418,11168,0,0,547250,INR,2026-08-12T10:23:00Z,BATCH-PHNP-4320
PO_B10_004321,PayU Enterprise,ZOMA-INV-812342 PO_B10_004321,227739,5116,0,0,222623,INR,2026-08-12T15:19:00Z,BATCH-ZOMA-4321
PO_B10_004322,BillDesk Settlement,SWIG-ORD-105115 SWIG-ORD-371834 SWIG-ORD-849180 BATCH-SWIG-4322,509850,10197,0,0,499653,INR,2026-08-12T15:55:00Z,BATCH-SWIG-4322
PO_B10_004323,Razorpay Nodal,ZOMA-ORD-814975 ZOMA-ORD-327945 ZOMA-ORD-726374 BATCH-ZOMA-4323,362158,7243,0,0,354915,INR,2026-08-11T23:35:00Z,BATCH-ZOMA-4323
PO_B10_004324,Razorpay Nodal,MMTR-INV-675883 PO_B10_004324,124333,2646,0,0,121687,INR,2026-08-11T22:53:00Z,BATCH-MMTR-4324
PO_B10_004325,BillDesk Settlement,MYNT-INV-813558 PO_B10_004325,129683,2109,0,0,127574,INR,2026-08-11T22:52:00Z,BATCH-MYNT-4325
PO_B10_004326,Razorpay Nodal,BLNK-INV-293360 PO_B10_004326,192340,3772,0,0,188568,INR,2026-08-12T11:19:00Z,BATCH-BLNK-4326
PO_B10_004327,BillDesk Settlement,MYNT-INV-161964 PO_B10_004327,180522,3457,0,0,177065,INR,2026-08-12T05:38:00Z,BATCH-MYNT-4327
PO_B10_004328,Razorpay Nodal,PHNP-INV-651693 PO_B10_004328,85367,2001,0,0,83366,INR,2026-08-12T11:32:00Z,BATCH-PHNP-4328
PO_B10_004329,Razorpay Nodal,BBAS-INV-839581 PO_B10_004329,412264,7811,0,0,404453,INR,2026-08-12T08:49:00Z,BATCH-BBAS-4329
PO_B10_004330,BillDesk Settlement,FLPK-ORD-117260 FLPK-ORD-495004 BATCH-FLPK-4330,224983,4499,0,0,220484,INR,2026-08-12T12:44:00Z,BATCH-FLPK-4330
PO_B10_004331,Cashfree Escrow,PAYT-INV-505739 PO_B10_004331,420519,9471,0,0,411048,INR,2026-08-11T19:43:00Z,BATCH-PAYT-4331
PO_B10_004332,PayU Enterprise,AMZN-EXC-591563-UNRESOLVED,218324,4356,0,0,213968,INR,2026-08-12T16:51:00Z,HOLD-ESCROW
PO_B10_004333,Razorpay Nodal,NYKA-INV-592796 PO_B10_004333,304864,7257,0,0,297607,INR,2026-08-12T12:14:00Z,BATCH-NYKA-4333
PO_B10_004334,Razorpay Nodal,BLNK-INV-356616 PO_B10_004334,359363,6703,0,0,352660,INR,2026-08-11T22:31:00Z,BATCH-BLNK-4334
PO_B10_004335,Razorpay Nodal,PAYT-INV-879606 PO_B10_004335,365978,7250,0,0,358728,INR,2026-08-12T02:29:00Z,BATCH-PAYT-4335
PO_B10_004336,Stripe India,NYKA-INV-256829 PO_B10_004336,42794,903,0,0,41891,INR,2026-08-12T03:49:00Z,BATCH-NYKA-4336
PO_B10_004337,Stripe India,BBAS-ORD-764020 BBAS-ORD-865023 BBAS-ORD-346944 BATCH-BBAS-4337,362142,7242,0,0,354900,INR,2026-08-12T07:04:00Z,BATCH-BBAS-4337
PO_B10_004338,Cashfree Escrow,FLPK-EXC-821467-UNRESOLVED,277953,5549,0,0,272404,INR,2026-08-12T10:04:00Z,HOLD-ESCROW
PO_B10_004339,Stripe India,UBER-INV-917173 PO_B10_004339,369969,8066,0,0,361903,INR,2026-08-13T02:00:00Z,BATCH-UBER-4339
PO_B10_004340,Stripe India,SWIG-INV-868476 PO_B10_004340,241839,5396,0,0,236443,INR,2026-08-12T10:13:00Z,BATCH-SWIG-4340
PO_B10_004341,Cashfree Escrow,AMZN-INV-674784 PO_B10_004341,422820,8728,0,0,414092,INR,2026-08-12T13:37:00Z,BATCH-AMZN-4341
PO_B10_004342,Stripe India,AMZN-INV-670959 PO_B10_004342,134273,2470,0,0,131803,INR,2026-08-12T14:55:00Z,BATCH-AMZN-4342
PO_B10_004343,Cashfree Escrow,ZOMA-ORD-472210 ZOMA-ORD-328256 BATCH-ZOMA-4343,284785,5695,0,0,279090,INR,2026-08-12T17:32:00Z,BATCH-ZOMA-4343
PO_B10_004344,Cashfree Escrow,MYNT-INV-339559 PO_B10_004344,414100,8028,0,0,406072,INR,2026-08-12T09:31:00Z,BATCH-MYNT-4344
PO_B10_004345,PayU Enterprise,JIOO-INV-203676 PO_B10_004345,128804,2393,0,0,126411,INR,2026-08-11T18:43:00Z,BATCH-JIOO-4345
PO_B10_004346,Cashfree Escrow,AMZN-ORD-360580 AMZN-ORD-282873 BATCH-AMZN-4346,191805,3836,0,0,187969,INR,2026-08-12T05:08:00Z,BATCH-AMZN-4346
PO_B10_004347,PayU Enterprise,MMTR-ORD-759699 MMTR-ORD-556043 MMTR-ORD-167671 BATCH-MMTR-4347,381229,7624,0,0,373605,INR,2026-08-12T18:18:00Z,BATCH-MMTR-4347
PO_B10_004348,Razorpay Nodal,AMZN-INV-796326 PO_B10_004348,446479,9271,0,0,437208,INR,2026-08-11T23:15:00Z,BATCH-AMZN-4348
PO_B10_004349,PayU Enterprise,NYKA-ORD-759733 NYKA-ORD-665135 BATCH-NYKA-4349,311875,6237,0,0,305638,INR,2026-08-12T07:11:00Z,BATCH-NYKA-4349
PO_B10_004350,BillDesk Settlement,TATA-ORD-469402 TATA-ORD-257073 BATCH-TATA-4350,129946,2598,0,0,127348,INR,2026-08-12T06:44:00Z,BATCH-TATA-4350
PO_B10_004351,PayU Enterprise,BKMS-INV-370320 PO_B10_004351,404584,9179,0,0,395405,INR,2026-08-12T21:25:00Z,BATCH-BKMS-4351
PO_B10_004352,Cashfree Escrow,PHNP-INV-632160 PO_B10_004352,298034,5713,0,0,292321,INR,2026-08-12T15:55:00Z,BATCH-PHNP-4352
PO_B10_004353,PayU Enterprise,BBAS-ORD-794762 BBAS-ORD-249485 BATCH-BBAS-4353,427852,8557,0,0,419295,INR,2026-08-11T22:26:00Z,BATCH-BBAS-4353
PO_B10_004354,Stripe India,UBER-INV-246196 PO_B10_004354,104478,2316,0,0,102162,INR,2026-08-12T15:56:00Z,BATCH-UBER-4354
PO_B10_004355,BillDesk Settlement,PAYT-INV-807467 PO_B10_004355,410445,9259,0,0,401186,INR,2026-08-12T08:06:00Z,BATCH-PAYT-4355
PO_B10_004356,Stripe India,UBER-ORD-522019 UBER-ORD-106941 UBER-ORD-120115 BATCH-UBER-4356,391535,7830,0,0,383705,INR,2026-08-12T16:22:00Z,BATCH-UBER-4356
PO_B10_004357,BillDesk Settlement,BKMS-INV-964662 PO_B10_004357,366320,8024,0,0,358296,INR,2026-08-12T01:14:00Z,BATCH-BKMS-4357
PO_B10_004358,Stripe India,PAYT-ORD-492644 PAYT-ORD-340435 PAYT-ORD-443170 BATCH-PAYT-4358,284237,5684,0,0,278553,INR,2026-08-11T21:22:00Z,BATCH-PAYT-4358
PO_B10_004359,Razorpay Nodal,ZOMA-INV-182178 PO_B10_004359,114563,1733,0,0,112830,INR,2026-08-12T16:02:00Z,BATCH-ZOMA-4359
PO_B10_004360,Razorpay Nodal,MMTR-INV-940360 PO_B10_004360,143552,2723,0,0,140829,INR,2026-08-12T10:09:00Z,BATCH-MMTR-4360
PO_B10_004361,Stripe India,TATA-INV-265622 PO_B10_004361,116271,1784,0,0,114487,INR,2026-08-12T15:30:00Z,BATCH-TATA-4361
PO_B10_004362,BillDesk Settlement,BKMS-INV-531438 PO_B10_004362,377814,6360,0,0,371454,INR,2026-08-11T23:38:00Z,BATCH-BKMS-4362
PO_B10_004363,Cashfree Escrow,TATA-ORD-936224 TATA-ORD-297071 BATCH-TATA-4363,397007,7940,0,0,389067,INR,2026-08-12T15:08:00Z,BATCH-TATA-4363
PO_B10_004364,Stripe India,AMZN-ORD-262930 AMZN-ORD-632843 AMZN-ORD-295100 BATCH-AMZN-4364,218997,4379,0,0,214618,INR,2026-08-12T19:17:00Z,BATCH-AMZN-4364
PO_B10_004365,BillDesk Settlement,UBER-ORD-164617 UBER-ORD-756703 UBER-ORD-963563 BATCH-UBER-4365,454350,9087,0,0,445263,INR,2026-08-12T04:02:00Z,BATCH-UBER-4365
PO_B10_004366,Cashfree Escrow,MMTR-INV-983653 PO_B10_004366,291963,4574,0,0,287389,INR,2026-08-12T23:44:00Z,BATCH-MMTR-4366
PO_B10_004367,Cashfree Escrow,NYKA-ORD-103742 NYKA-ORD-679846 NYKA-ORD-670502 BATCH-NYKA-4367,460387,9207,0,0,451180,INR,2026-08-12T13:41:00Z,BATCH-NYKA-4367
PO_B10_004368,BillDesk Settlement,TATA-INV-748961 PO_B10_004368,364711,5495,0,0,359216,INR,2026-08-12T05:41:00Z,BATCH-TATA-4368
PO_B10_004369,Cashfree Escrow,UBER-INV-136991 PO_B10_004369,442189,10171,0,0,432018,INR,2026-08-12T01:24:00Z,BATCH-UBER-4369
PO_B10_004370,Stripe India,JIOO-INV-833909 PO_B10_004370,188892,3607,0,0,185285,INR,2026-08-12T07:44:00Z,BATCH-JIOO-4370
PO_B10_004371,Stripe India,NYKA-INV-474146 PO_B10_004371,173261,3034,0,0,170227,INR,2026-08-12T11:43:00Z,BATCH-NYKA-4371
PO_B10_004372,Cashfree Escrow,BLNK-ORD-620872 BLNK-ORD-283653 BATCH-BLNK-4372,316439,6328,0,0,310111,INR,2026-08-12T12:12:00Z,BATCH-BLNK-4372
PO_B10_004373,Stripe India,PHNP-INV-803017 PO_B10_004373,46909,1110,0,0,45799,INR,2026-08-12T13:54:00Z,BATCH-PHNP-4373
PO_B10_004374,BillDesk Settlement,OLAA-EXC-549229-UNRESOLVED,64984,1289,0,0,63695,INR,2026-08-12T15:34:00Z,HOLD-ESCROW
PO_B10_004375,BillDesk Settlement,AMZN-INV-276071 PO_B10_004375,412681,9880,0,0,402801,INR,2026-08-12T15:19:00Z,BATCH-AMZN-4375
PO_B10_004376,Cashfree Escrow,BLNK-INV-984469 PO_B10_004376,400576,8582,0,0,391994,INR,2026-08-12T06:15:00Z,BATCH-BLNK-4376
PO_B10_004377,Stripe India,BKMS-INV-192042 PO_B10_004377,327743,6140,0,0,321603,INR,2026-08-12T13:02:00Z,BATCH-BKMS-4377
PO_B10_004378,BillDesk Settlement,OLAA-INV-617570 PO_B10_004378,248620,4555,0,0,244065,INR,2026-08-11T23:20:00Z,BATCH-OLAA-4378
PO_B10_004379,Cashfree Escrow,BKMS-INV-705740 PO_B10_004379,125039,2395,0,0,122644,INR,2026-08-12T07:13:00Z,BATCH-BKMS-4379
PO_B10_004380,Razorpay Nodal,SWIG-INV-977306 PO_B10_004380,329283,7764,0,0,321519,INR,2026-08-12T21:32:00Z,BATCH-SWIG-4380
PO_B10_004381,BillDesk Settlement,NYKA-INV-866066 PO_B10_004381,185237,3666,0,0,181571,INR,2026-08-12T10:06:00Z,BATCH-NYKA-4381
PO_B10_004382,BillDesk Settlement,FLPK-EXC-762811-UNRESOLVED,176925,3528,0,0,173397,INR,2026-08-13T06:00:00Z,HOLD-ESCROW
PO_B10_004383,Stripe India,FLPK-ORD-962139 FLPK-ORD-233847 FLPK-ORD-304361 BATCH-FLPK-4383,288955,5779,0,0,283176,INR,2026-08-12T19:20:00Z,BATCH-FLPK-4383
PO_B10_004384,PayU Enterprise,OLAA-INV-519432 PO_B10_004384,198703,3226,0,0,195477,INR,2026-08-11T23:22:00Z,BATCH-OLAA-4384
PO_B10_004385,PayU Enterprise,BLNK-INV-568786 PO_B10_004385,402687,9844,0,0,392843,INR,2026-08-12T10:15:00Z,BATCH-BLNK-4385
PO_B10_004386,Stripe India,MMTR-INV-659111 PO_B10_004386,185687,3762,0,0,181925,INR,2026-08-12T18:25:00Z,BATCH-MMTR-4386
PO_B10_004387,Stripe India,MMTR-ORD-348938 MMTR-ORD-366593 BATCH-MMTR-4387,368866,7377,0,0,361489,INR,2026-08-12T08:57:00Z,BATCH-MMTR-4387
PO_B10_004388,PayU Enterprise,TATA-ORD-397504 TATA-ORD-910516 TATA-ORD-728294 BATCH-TATA-4388,362674,7253,0,0,355421,INR,2026-08-12T00:14:00Z,BATCH-TATA-4388
PO_B10_004389,Razorpay Nodal,BBAS-INV-606762 PO_B10_004389,250842,4623,0,0,246219,INR,2026-08-12T12:10:00Z,BATCH-BBAS-4389
PO_B10_004390,PayU Enterprise,BBAS-INV-424413 PO_B10_004390,230740,4271,0,0,226469,INR,2026-08-12T15:46:00Z,BATCH-BBAS-4390
PO_B10_004391,Stripe India,AMZN-INV-241724 PO_B10_004391,431873,10616,0,0,421257,INR,2026-08-12T08:24:00Z,BATCH-AMZN-4391
PO_B10_004392,Razorpay Nodal,SWIG-INV-499535 PO_B10_004392,143720,2640,0,0,141080,INR,2026-08-12T14:33:00Z,BATCH-SWIG-4392
PO_B10_004393,BillDesk Settlement,SWIG-INV-302901 PO_B10_004393,254083,5979,0,0,248104,INR,2026-08-12T02:10:00Z,BATCH-SWIG-4393
PO_B10_004394,BillDesk Settlement,FLPK-INV-583042 PO_B10_004394,288532,6461,0,0,282071,INR,2026-08-12T06:50:00Z,BATCH-FLPK-4394
PO_B10_004395,Cashfree Escrow,AMZN-INV-292259 PO_B10_004395,181382,3962,0,0,177420,INR,2026-08-12T02:44:00Z,BATCH-AMZN-4395
PO_B10_004396,Stripe India,BBAS-INV-978979 PO_B10_004396,435709,10432,0,0,425277,INR,2026-08-12T06:06:00Z,BATCH-BBAS-4396
PO_B10_004397,BillDesk Settlement,SWIG-ORD-470013 SWIG-ORD-461794 BATCH-SWIG-4397,288344,5766,0,0,282578,INR,2026-08-11T22:41:00Z,BATCH-SWIG-4397
PO_B10_004398,Cashfree Escrow,AMZN-EXC-283914-UNRESOLVED,234207,4674,0,0,229533,INR,2026-08-12T09:26:00Z,HOLD-ESCROW
PO_B10_004399,Stripe India,OLAA-INV-611636 PO_B10_004399,39059,886,0,0,38173,INR,2026-08-11T23:23:00Z,BATCH-OLAA-4399
PO_B10_004400,Razorpay Nodal,MMTR-EXC-853498-UNRESOLVED,170504,3400,0,0,167104,INR,2026-08-12T10:13:00Z,HOLD-ESCROW
PO_B10_004401,Stripe India,OLAA-INV-525165 PO_B10_004401,349243,5281,0,0,343962,INR,2026-08-12T04:08:00Z,BATCH-OLAA-4401
PO_B10_004402,PayU Enterprise,JIOO-INV-380208 PO_B10_004402,91629,1786,0,0,89843,INR,2026-08-12T04:30:00Z,BATCH-JIOO-4402
PO_B10_004403,Razorpay Nodal,BBAS-INV-705263 PO_B10_004403,189274,3704,0,0,185570,INR,2026-08-12T03:53:00Z,BATCH-BBAS-4403
PO_B10_004404,BillDesk Settlement,NYKA-INV-346741 PO_B10_004404,102603,1716,0,0,100887,INR,2026-08-12T12:50:00Z,BATCH-NYKA-4404
PO_B10_004405,PayU Enterprise,PHNP-INV-121900 PO_B10_004405,167235,3151,0,0,164084,INR,2026-08-12T18:19:00Z,BATCH-PHNP-4405
PO_B10_004406,Stripe India,OLAA-EXC-241174-UNRESOLVED,97819,1946,0,0,95873,INR,2026-08-13T00:32:00Z,HOLD-ESCROW
PO_B10_004407,Razorpay Nodal,UBER-INV-188682 PO_B10_004407,390656,8480,0,0,382176,INR,2026-08-12T09:48:00Z,BATCH-UBER-4407
PO_B10_004408,Razorpay Nodal,TATA-INV-207122 PO_B10_004408,205782,4786,0,0,200996,INR,2026-08-11T21:29:00Z,BATCH-TATA-4408
PO_B10_004409,Stripe India,BBAS-ORD-426756 BBAS-ORD-354449 BBAS-ORD-246279 BATCH-BBAS-4409,239737,4794,0,0,234943,INR,2026-08-12T02:40:00Z,BATCH-BBAS-4409
PO_B10_004410,Razorpay Nodal,TATA-INV-131388 PO_B10_004410,220070,5276,0,0,214794,INR,2026-08-11T19:28:00Z,BATCH-TATA-4410
PO_B10_004411,Cashfree Escrow,PAYT-ORD-164570 PAYT-ORD-488005 PAYT-ORD-324863 BATCH-PAYT-4411,304696,6093,0,0,298603,INR,2026-08-12T06:53:00Z,BATCH-PAYT-4411
PO_B10_004412,Razorpay Nodal,ZOMA-ORD-491670 ZOMA-ORD-886710 ZOMA-ORD-716425 BATCH-ZOMA-4412,203275,4065,0,0,199210,INR,2026-08-12T01:38:00Z,BATCH-ZOMA-4412
PO_B10_004413,Cashfree Escrow,OLAA-INV-624560 PO_B10_004413,286492,5329,0,0,281163,INR,2026-08-12T13:57:00Z,BATCH-OLAA-4413
PO_B10_004414,PayU Enterprise,ZOMA-INV-606048 PO_B10_004414,307864,6891,0,0,300973,INR,2026-08-12T06:58:00Z,BATCH-ZOMA-4414
PO_B10_004415,PayU Enterprise,UBER-INV-864204 PO_B10_004415,360493,8497,0,0,351996,INR,2026-08-12T05:11:00Z,BATCH-UBER-4415
PO_B10_004416,BillDesk Settlement,MMTR-INV-826784 PO_B10_004416,156742,2580,0,0,154162,INR,2026-08-12T12:56:00Z,BATCH-MMTR-4416
PO_B10_004417,Stripe India,MYNT-INV-676656 PO_B10_004417,446087,8401,0,0,437686,INR,2026-08-12T03:55:00Z,BATCH-MYNT-4417
PO_B10_004418,Cashfree Escrow,PAYT-INV-882780 PO_B10_004418,27859,579,0,0,27280,INR,2026-08-12T08:31:00Z,BATCH-PAYT-4418
PO_B10_004419,Stripe India,BLNK-INV-840384 PO_B10_004419,224340,4877,0,0,219463,INR,2026-08-11T21:53:00Z,BATCH-BLNK-4419
PO_B10_004420,Cashfree Escrow,BKMS-ORD-798644 BKMS-ORD-307912 BATCH-BKMS-4420,341079,6821,0,0,334258,INR,2026-08-12T15:54:00Z,BATCH-BKMS-4420
PO_B10_004421,Stripe India,PHNP-ORD-120020 PHNP-ORD-668643 PHNP-ORD-869434 BATCH-PHNP-4421,238433,4768,0,0,233665,INR,2026-08-11T21:13:00Z,BATCH-PHNP-4421
PO_B10_004422,Stripe India,AMZN-INV-888207 PO_B10_004422,416630,8926,0,0,407704,INR,2026-08-12T10:37:00Z,BATCH-AMZN-4422
PO_B10_004423,BillDesk Settlement,OLAA-INV-317111 PO_B10_004423,92171,2261,0,0,89910,INR,2026-08-11T23:39:00Z,BATCH-OLAA-4423
PO_B10_004424,Stripe India,JIOO-ORD-445276 JIOO-ORD-555193 JIOO-ORD-660723 BATCH-JIOO-4424,490874,9817,0,0,481057,INR,2026-08-12T10:34:00Z,BATCH-JIOO-4424
PO_B10_004425,Razorpay Nodal,JIOO-INV-431481 PO_B10_004425,427173,6948,0,0,420225,INR,2026-08-11T19:27:00Z,BATCH-JIOO-4425
PO_B10_004426,BillDesk Settlement,UBER-INV-370757 PO_B10_004426,438118,7815,0,0,430303,INR,2026-08-12T16:00:00Z,BATCH-UBER-4426
PO_B10_004427,BillDesk Settlement,UBER-INV-359620 PO_B10_004427,225810,5083,0,0,220727,INR,2026-08-12T23:05:00Z,BATCH-UBER-4427
PO_B10_004428,PayU Enterprise,SWIG-INV-886604 PO_B10_004428,204722,3971,0,0,200751,INR,2026-08-11T14:41:00Z,BATCH-SWIG-4428
PO_B10_004429,Cashfree Escrow,BKMS-INV-700401 PO_B10_004429,191919,4550,0,0,187369,INR,2026-08-12T07:10:00Z,BATCH-BKMS-4429
PO_B10_004430,Razorpay Nodal,TATA-INV-591340 PO_B10_004430,175696,4162,0,0,171534,INR,2026-08-11T19:23:00Z,BATCH-TATA-4430
PO_B10_004431,Stripe India,ZOMA-EXC-397640-UNRESOLVED,122080,2431,0,0,119649,INR,2026-08-12T19:45:00Z,HOLD-ESCROW
PO_B10_004432,BillDesk Settlement,ZOMA-INV-455207 PO_B10_004432,263445,5976,0,0,257469,INR,2026-08-12T07:49:00Z,BATCH-ZOMA-4432
PO_B10_004433,Razorpay Nodal,AMZN-INV-755386 PO_B10_004433,315708,7186,0,0,308522,INR,2026-08-12T18:30:00Z,BATCH-AMZN-4433
PO_B10_004434,Razorpay Nodal,AMZN-INV-692819 PO_B10_004434,215918,4750,0,0,211168,INR,2026-08-12T06:16:00Z,BATCH-AMZN-4434
PO_B10_004435,Cashfree Escrow,FLPK-INV-309885 PO_B10_004435,356268,8491,0,0,347777,INR,2026-08-11T15:41:00Z,BATCH-FLPK-4435
PO_B10_004436,Cashfree Escrow,SWIG-INV-318187 PO_B10_004436,120696,2660,0,0,118036,INR,2026-08-12T17:08:00Z,BATCH-SWIG-4436
PO_B10_004437,BillDesk Settlement,PAYT-INV-122116 PO_B10_004437,391876,8395,0,0,383481,INR,2026-08-12T10:54:00Z,BATCH-PAYT-4437
PO_B10_004438,Cashfree Escrow,BBAS-INV-491942 PO_B10_004438,74252,1841,0,0,72411,INR,2026-08-12T14:26:00Z,BATCH-BBAS-4438
PO_B10_004439,Stripe India,FLPK-INV-354900 PO_B10_004439,208414,3348,0,0,205066,INR,2026-08-12T06:28:00Z,BATCH-FLPK-4439
PO_B10_004440,PayU Enterprise,BKMS-INV-970479 PO_B10_004440,340787,5303,0,0,335484,INR,2026-08-12T13:53:00Z,BATCH-BKMS-4440
PO_B10_004441,PayU Enterprise,NYKA-INV-276445 PO_B10_004441,115541,1888,0,0,113653,INR,2026-08-12T19:48:00Z,BATCH-NYKA-4441
PO_B10_004442,Razorpay Nodal,AMZN-INV-696997 PO_B10_004442,105970,1880,0,0,104090,INR,2026-08-12T08:46:00Z,BATCH-AMZN-4442
PO_B10_004443,PayU Enterprise,BKMS-INV-238531 PO_B10_004443,187076,3024,0,0,184052,INR,2026-08-12T08:54:00Z,BATCH-BKMS-4443
PO_B10_004444,Cashfree Escrow,PAYT-ORD-428812 PAYT-ORD-433785 PAYT-ORD-835468 BATCH-PAYT-4444,399939,7998,0,0,391941,INR,2026-08-12T17:30:00Z,BATCH-PAYT-4444
PO_B10_004445,Cashfree Escrow,ZOMA-INV-581542 PO_B10_004445,305369,6937,0,0,298432,INR,2026-08-12T14:18:00Z,BATCH-ZOMA-4445
PO_B10_004446,PayU Enterprise,MMTR-ORD-818142 MMTR-ORD-843754 BATCH-MMTR-4446,127085,2541,0,0,124544,INR,2026-08-12T03:26:00Z,BATCH-MMTR-4446
PO_B10_004447,BillDesk Settlement,ZOMA-INV-766003 PO_B10_004447,378449,5970,0,0,372479,INR,2026-08-12T20:47:00Z,BATCH-ZOMA-4447
PO_B10_004448,Stripe India,TATA-INV-344851 PO_B10_004448,256474,6126,0,0,250348,INR,2026-08-12T07:34:00Z,BATCH-TATA-4448
PO_B10_004449,PayU Enterprise,TATA-INV-546033 PO_B10_004449,379123,7970,0,0,371153,INR,2026-08-12T01:50:00Z,BATCH-TATA-4449
PO_B10_004450,PayU Enterprise,ZOMA-INV-648099 PO_B10_004450,433532,9343,0,0,424189,INR,2026-08-12T14:59:00Z,BATCH-ZOMA-4450
PO_B10_004451,PayU Enterprise,BLNK-ORD-599034 BLNK-ORD-289327 BLNK-ORD-337247 BATCH-BLNK-4451,530973,10619,0,0,520354,INR,2026-08-12T10:36:00Z,BATCH-BLNK-4451
PO_B10_004452,Stripe India,BKMS-INV-913087 PO_B10_004452,410800,9891,0,0,400909,INR,2026-08-11T17:15:00Z,BATCH-BKMS-4452
PO_B10_004453,PayU Enterprise,MMTR-ORD-850938 MMTR-ORD-526151 MMTR-ORD-287525 BATCH-MMTR-4453,396828,7936,0,0,388892,INR,2026-08-12T04:42:00Z,BATCH-MMTR-4453
PO_B10_004454,Stripe India,PHNP-ORD-165741 PHNP-ORD-514855 PHNP-ORD-223307 BATCH-PHNP-4454,466387,9327,0,0,457060,INR,2026-08-11T23:11:00Z,BATCH-PHNP-4454
PO_B10_004455,Cashfree Escrow,PAYT-INV-480651 PO_B10_004455,417992,8355,0,0,409637,INR,2026-08-11T22:54:00Z,BATCH-PAYT-4455
PO_B10_004456,BillDesk Settlement,PHNP-INV-570899 PO_B10_004456,349740,7059,0,0,342681,INR,2026-08-12T05:05:00Z,BATCH-PHNP-4456
PO_B10_004457,Cashfree Escrow,AMZN-INV-351418 PO_B10_004457,357540,6695,0,0,350845,INR,2026-08-12T22:39:00Z,BATCH-AMZN-4457
PO_B10_004458,BillDesk Settlement,NYKA-INV-403138 PO_B10_004458,412404,7177,0,0,405227,INR,2026-08-12T01:58:00Z,BATCH-NYKA-4458
PO_B10_004459,Cashfree Escrow,FLPK-ORD-838370 FLPK-ORD-923740 BATCH-FLPK-4459,290095,5801,0,0,284294,INR,2026-08-12T16:03:00Z,BATCH-FLPK-4459
PO_B10_004460,BillDesk Settlement,OLAA-INV-814872 PO_B10_004460,254895,5899,0,0,248996,INR,2026-08-11T22:52:00Z,BATCH-OLAA-4460
PO_B10_004461,PayU Enterprise,MYNT-INV-429147 PO_B10_004461,65273,1115,0,0,64158,INR,2026-08-11T17:10:00Z,BATCH-MYNT-4461
PO_B10_004462,PayU Enterprise,PAYT-INV-276541 PO_B10_004462,429913,10376,0,0,419537,INR,2026-08-12T12:11:00Z,BATCH-PAYT-4462
PO_B10_004463,PayU Enterprise,SWIG-ORD-345965 SWIG-ORD-416002 SWIG-ORD-746533 BATCH-SWIG-4463,383718,7674,0,0,376044,INR,2026-08-11T21:23:00Z,BATCH-SWIG-4463
PO_B10_004464,Cashfree Escrow,ZOMA-INV-936916 PO_B10_004464,59005,942,0,0,58063,INR,2026-08-12T14:38:00Z,BATCH-ZOMA-4464
PO_B10_004465,PayU Enterprise,ZOMA-INV-301127 PO_B10_004465,427920,10097,0,0,417823,INR,2026-08-11T18:56:00Z,BATCH-ZOMA-4465
PO_B10_004466,Cashfree Escrow,ZOMA-ORD-293109 ZOMA-ORD-363522 ZOMA-ORD-292145 BATCH-ZOMA-4466,252741,5054,0,0,247687,INR,2026-08-12T19:16:00Z,BATCH-ZOMA-4466
PO_B10_004467,Razorpay Nodal,AMZN-ORD-319935 AMZN-ORD-397328 BATCH-AMZN-4467,291157,5823,0,0,285334,INR,2026-08-12T04:00:00Z,BATCH-AMZN-4467
PO_B10_004468,Stripe India,SWIG-INV-888845 PO_B10_004468,142172,2335,0,0,139837,INR,2026-08-12T01:18:00Z,BATCH-SWIG-4468
PO_B10_004469,Cashfree Escrow,OLAA-INV-179619 PO_B10_004469,376790,6454,0,0,370336,INR,2026-08-12T16:33:00Z,BATCH-OLAA-4469
PO_B10_004470,BillDesk Settlement,JIOO-EXC-889751-UNRESOLVED,257424,5138,0,0,252286,INR,2026-08-12T22:48:00Z,HOLD-ESCROW
PO_B10_004471,Stripe India,MYNT-INV-880431 PO_B10_004471,169731,2878,0,0,166853,INR,2026-08-12T14:14:00Z,BATCH-MYNT-4471
PO_B10_004472,BillDesk Settlement,JIOO-INV-303567 PO_B10_004472,195182,3751,0,0,191431,INR,2026-08-12T15:58:00Z,BATCH-JIOO-4472
PO_B10_004473,Razorpay Nodal,OLAA-INV-521846 PO_B10_004473,340860,7695,0,0,333165,INR,2026-08-12T15:30:00Z,BATCH-OLAA-4473
PO_B10_004474,Stripe India,BBAS-ORD-130334 BBAS-ORD-245388 BBAS-ORD-575383 BATCH-BBAS-4474,358266,7165,0,0,351101,INR,2026-08-11T21:27:00Z,BATCH-BBAS-4474
PO_B10_004475,BillDesk Settlement,OLAA-ORD-292109 OLAA-ORD-810069 BATCH-OLAA-4475,391994,7839,0,0,384155,INR,2026-08-12T14:20:00Z,BATCH-OLAA-4475
PO_B10_004476,BillDesk Settlement,AMZN-ORD-484235 AMZN-ORD-577896 AMZN-ORD-537841 BATCH-AMZN-4476,289203,5784,0,0,283419,INR,2026-08-12T12:34:00Z,BATCH-AMZN-4476
PO_B10_004477,PayU Enterprise,BBAS-INV-326953 PO_B10_004477,289163,7155,0,0,282008,INR,2026-08-12T04:48:00Z,BATCH-BBAS-4477
PO_B10_004478,Stripe India,UBER-ORD-761323 UBER-ORD-712759 UBER-ORD-692855 BATCH-UBER-4478,314342,6286,0,0,308056,INR,2026-08-12T08:17:00Z,BATCH-UBER-4478
PO_B10_004479,Stripe India,TATA-INV-496886 PO_B10_004479,421215,8297,0,0,412918,INR,2026-08-11T18:09:00Z,BATCH-TATA-4479
PO_B10_004480,PayU Enterprise,MYNT-ORD-227695 MYNT-ORD-256572 BATCH-MYNT-4480,160481,3209,0,0,157272,INR,2026-08-12T16:41:00Z,BATCH-MYNT-4480
PO_B10_004481,Stripe India,SWIG-EXC-833884-UNRESOLVED,78014,1550,0,0,76464,INR,2026-08-13T01:24:00Z,HOLD-ESCROW
PO_B10_004482,Stripe India,PHNP-ORD-998785 PHNP-ORD-235994 BATCH-PHNP-4482,47467,949,0,0,46518,INR,2026-08-12T10:49:00Z,BATCH-PHNP-4482
PO_B10_004483,PayU Enterprise,ZOMA-INV-467682 PO_B10_004483,113103,2778,0,0,110325,INR,2026-08-12T08:55:00Z,BATCH-ZOMA-4483
PO_B10_004484,Razorpay Nodal,MMTR-INV-813065 PO_B10_004484,235347,3734,0,0,231613,INR,2026-08-12T09:51:00Z,BATCH-MMTR-4484
PO_B10_004485,BillDesk Settlement,BKMS-ORD-647986 BKMS-ORD-129787 BATCH-BKMS-4485,330604,6612,0,0,323992,INR,2026-08-12T15:00:00Z,BATCH-BKMS-4485
PO_B10_004486,PayU Enterprise,MMTR-ORD-239811 MMTR-ORD-323439 BATCH-MMTR-4486,418043,8360,0,0,409683,INR,2026-08-12T16:31:00Z,BATCH-MMTR-4486
PO_B10_004487,Razorpay Nodal,BLNK-INV-274223 PO_B10_004487,56290,1390,0,0,54900,INR,2026-08-12T05:48:00Z,BATCH-BLNK-4487
PO_B10_004488,BillDesk Settlement,TATA-INV-664163 PO_B10_004488,117165,2528,0,0,114637,INR,2026-08-12T07:55:00Z,BATCH-TATA-4488
PO_B10_004489,PayU Enterprise,BKMS-ORD-762558 BKMS-ORD-905978 BATCH-BKMS-4489,332080,6641,0,0,325439,INR,2026-08-12T19:00:00Z,BATCH-BKMS-4489
PO_B10_004490,Razorpay Nodal,JIOO-INV-884475 PO_B10_004490,220026,4936,0,0,215090,INR,2026-08-12T07:06:00Z,BATCH-JIOO-4490
PO_B10_004491,Razorpay Nodal,SWIG-ORD-845978 SWIG-ORD-204922 SWIG-ORD-208187 BATCH-SWIG-4491,494808,9896,0,0,484912,INR,2026-08-12T17:26:00Z,BATCH-SWIG-4491
PO_B10_004492,PayU Enterprise,MMTR-INV-932160 PO_B10_004492,424359,7713,0,0,416646,INR,2026-08-12T10:23:00Z,BATCH-MMTR-4492
PO_B10_004493,BillDesk Settlement,NYKA-INV-380291 PO_B10_004493,256550,5531,0,0,251019,INR,2026-08-12T14:07:00Z,BATCH-NYKA-4493
PO_B10_004494,Razorpay Nodal,NYKA-INV-868079 PO_B10_004494,78896,1652,0,0,77244,INR,2026-08-12T06:45:00Z,BATCH-NYKA-4494
PO_B10_004495,Stripe India,PHNP-INV-179779 PO_B10_004495,100034,2041,0,0,97993,INR,2026-08-11T18:04:00Z,BATCH-PHNP-4495
PO_B10_004496,Razorpay Nodal,BLNK-INV-898674 PO_B10_004496,218191,5352,0,0,212839,INR,2026-08-12T21:10:00Z,BATCH-BLNK-4496
PO_B10_004497,Cashfree Escrow,SWIG-INV-200143 PO_B10_004497,347821,5561,0,0,342260,INR,2026-08-12T09:51:00Z,BATCH-SWIG-4497
PO_B10_004498,Stripe India,FLPK-ORD-637422 FLPK-ORD-429678 BATCH-FLPK-4498,246977,4939,0,0,242038,INR,2026-08-11T22:55:00Z,BATCH-FLPK-4498
PO_B10_004499,Stripe India,NYKA-INV-821333 PO_B10_004499,393957,7340,0,0,386617,INR,2026-08-12T18:46:00Z,BATCH-NYKA-4499
PO_B10_004500,Cashfree Escrow,ZOMA-INV-780781 PO_B10_004500,167784,3563,0,0,164221,INR,2026-08-12T08:59:00Z,BATCH-ZOMA-4500
PO_B10_004501,BillDesk Settlement,FLPK-INV-620136 PO_B10_004501,288364,5932,0,0,282432,INR,2026-08-12T02:52:00Z,BATCH-FLPK-4501
PO_B10_004502,Cashfree Escrow,ZOMA-INV-210078 PO_B10_004502,351830,7688,0,0,344142,INR,2026-08-12T07:22:00Z,BATCH-ZOMA-4502
PO_B10_004503,PayU Enterprise,AMZN-INV-696434 PO_B10_004503,441423,8307,0,0,433116,INR,2026-08-12T17:23:00Z,BATCH-AMZN-4503
PO_B10_004504,Razorpay Nodal,FLPK-INV-729424 PO_B10_004504,111134,1729,0,0,109405,INR,2026-08-12T03:34:00Z,BATCH-FLPK-4504
PO_B10_004505,Cashfree Escrow,MMTR-INV-724488 PO_B10_004505,378238,8508,0,0,369730,INR,2026-08-12T12:31:00Z,BATCH-MMTR-4505
PO_B10_004506,PayU Enterprise,AMZN-INV-651608 PO_B10_004506,252344,4083,0,0,248261,INR,2026-08-12T22:24:00Z,BATCH-AMZN-4506
PO_B10_004507,Razorpay Nodal,PHNP-INV-164817 PO_B10_004507,106652,2416,0,0,104236,INR,2026-08-12T14:00:00Z,BATCH-PHNP-4507
PO_B10_004508,PayU Enterprise,ZOMA-INV-518742 PO_B10_004508,364429,5881,0,0,358548,INR,2026-08-12T12:29:00Z,BATCH-ZOMA-4508
PO_B10_004509,Stripe India,TATA-INV-495198 PO_B10_004509,146291,2965,0,0,143326,INR,2026-08-12T11:41:00Z,BATCH-TATA-4509
PO_B10_004510,BillDesk Settlement,TATA-ORD-360028 TATA-ORD-240539 TATA-ORD-308605 BATCH-TATA-4510,572065,11441,0,0,560624,INR,2026-08-12T11:19:00Z,BATCH-TATA-4510
PO_B10_004511,Razorpay Nodal,BLNK-ORD-359992 BLNK-ORD-903657 BATCH-BLNK-4511,178111,3562,0,0,174549,INR,2026-08-12T05:13:00Z,BATCH-BLNK-4511
PO_B10_004512,Cashfree Escrow,FLPK-INV-958623 PO_B10_004512,389930,7006,0,0,382924,INR,2026-08-12T19:23:00Z,BATCH-FLPK-4512
PO_B10_004513,Stripe India,SWIG-INV-110138 PO_B10_004513,127628,2358,0,0,125270,INR,2026-08-11T22:05:00Z,BATCH-SWIG-4513
PO_B10_004514,Cashfree Escrow,JIOO-ORD-199097 JIOO-ORD-171590 BATCH-JIOO-4514,379987,7599,0,0,372388,INR,2026-08-12T07:46:00Z,BATCH-JIOO-4514
PO_B10_004515,Stripe India,NYKA-INV-399141 PO_B10_004515,333879,8147,0,0,325732,INR,2026-08-11T22:12:00Z,BATCH-NYKA-4515
PO_B10_004516,PayU Enterprise,UBER-INV-230417 PO_B10_004516,391732,7925,0,0,383807,INR,2026-08-12T15:05:00Z,BATCH-UBER-4516
PO_B10_004517,Razorpay Nodal,MYNT-INV-180713 PO_B10_004517,269281,5996,0,0,263285,INR,2026-08-12T04:40:00Z,BATCH-MYNT-4517
PO_B10_004518,Razorpay Nodal,FLPK-INV-753385 PO_B10_004518,118364,1959,0,0,116405,INR,2026-08-11T17:53:00Z,BATCH-FLPK-4518
PO_B10_004519,PayU Enterprise,UBER-INV-740535 PO_B10_004519,241779,4362,0,0,237417,INR,2026-08-12T14:56:00Z,BATCH-UBER-4519
PO_B10_004520,Stripe India,SWIG-INV-183750 PO_B10_004520,76993,1769,0,0,75224,INR,2026-08-12T07:58:00Z,BATCH-SWIG-4520
PO_B10_004521,PayU Enterprise,PAYT-ORD-672801 PAYT-ORD-683750 BATCH-PAYT-4521,398954,7979,0,0,390975,INR,2026-08-12T09:48:00Z,BATCH-PAYT-4521
PO_B10_004522,Razorpay Nodal,MMTR-INV-663061 PO_B10_004522,164261,3251,0,0,161010,INR,2026-08-12T13:39:00Z,BATCH-MMTR-4522
PO_B10_004523,BillDesk Settlement,OLAA-INV-526632 PO_B10_004523,363633,5723,0,0,357910,INR,2026-08-12T04:36:00Z,BATCH-OLAA-4523
PO_B10_004524,BillDesk Settlement,OLAA-INV-836396 PO_B10_004524,277261,5205,0,0,272056,INR,2026-08-12T11:45:00Z,BATCH-OLAA-4524
PO_B10_004525,Cashfree Escrow,NYKA-INV-356205 PO_B10_004525,251885,5348,0,0,246537,INR,2026-08-11T23:44:00Z,BATCH-NYKA-4525
PO_B10_004526,Cashfree Escrow,BLNK-INV-238081 PO_B10_004526,35718,537,0,0,35181,INR,2026-08-12T13:54:00Z,BATCH-BLNK-4526
PO_B10_004527,PayU Enterprise,MMTR-INV-568682 PO_B10_004527,69108,1605,0,0,67503,INR,2026-08-12T06:31:00Z,BATCH-MMTR-4527
PO_B10_004528,BillDesk Settlement,OLAA-ORD-993732 OLAA-ORD-377399 OLAA-ORD-586836 BATCH-OLAA-4528,517504,10350,0,0,507154,INR,2026-08-12T19:19:00Z,BATCH-OLAA-4528
PO_B10_004529,BillDesk Settlement,ZOMA-EXC-802452-UNRESOLVED,189035,3770,0,0,185265,INR,2026-08-12T23:24:00Z,HOLD-ESCROW
PO_B10_004530,Cashfree Escrow,AMZN-INV-164597 PO_B10_004530,238238,3972,0,0,234266,INR,2026-08-12T03:54:00Z,BATCH-AMZN-4530
PO_B10_004531,Razorpay Nodal,JIOO-INV-506729 PO_B10_004531,438322,10239,0,0,428083,INR,2026-08-11T23:03:00Z,BATCH-JIOO-4531
PO_B10_004532,Cashfree Escrow,TATA-INV-965436 PO_B10_004532,426998,9946,0,0,417052,INR,2026-08-12T18:29:00Z,BATCH-TATA-4532
PO_B10_004533,Cashfree Escrow,PHNP-INV-762426 PO_B10_004533,46861,1014,0,0,45847,INR,2026-08-12T07:02:00Z,BATCH-PHNP-4533
PO_B10_004534,BillDesk Settlement,TATA-ORD-784270 TATA-ORD-760826 BATCH-TATA-4534,378700,7574,0,0,371126,INR,2026-08-11T23:17:00Z,BATCH-TATA-4534
PO_B10_004535,Razorpay Nodal,MMTR-INV-282585 PO_B10_004535,340074,5972,0,0,334102,INR,2026-08-12T13:09:00Z,BATCH-MMTR-4535
PO_B10_004536,Razorpay Nodal,NYKA-INV-292790 PO_B10_004536,435828,8543,0,0,427285,INR,2026-08-12T01:29:00Z,BATCH-NYKA-4536
PO_B10_004537,Stripe India,OLAA-ORD-121383 OLAA-ORD-200639 OLAA-ORD-141059 BATCH-OLAA-4537,538940,10778,0,0,528162,INR,2026-08-12T06:11:00Z,BATCH-OLAA-4537
PO_B10_004538,BillDesk Settlement,BLNK-ORD-290834 BLNK-ORD-408618 BATCH-BLNK-4538,222680,4453,0,0,218227,INR,2026-08-11T21:11:00Z,BATCH-BLNK-4538
PO_B10_004539,Stripe India,SWIG-INV-952333 PO_B10_004539,222020,5029,0,0,216991,INR,2026-08-12T03:43:00Z,BATCH-SWIG-4539
PO_B10_004540,Stripe India,TATA-INV-552278 PO_B10_004540,155716,3227,0,0,152489,INR,2026-08-12T06:17:00Z,BATCH-TATA-4540
PO_B10_004541,BillDesk Settlement,BKMS-INV-977781 PO_B10_004541,306281,7530,0,0,298751,INR,2026-08-12T19:56:00Z,BATCH-BKMS-4541
PO_B10_004542,Stripe India,BBAS-INV-766435 PO_B10_004542,349765,7434,0,0,342331,INR,2026-08-12T21:36:00Z,BATCH-BBAS-4542
PO_B10_004543,Cashfree Escrow,BBAS-INV-831457 PO_B10_004543,152742,3232,0,0,149510,INR,2026-08-12T03:09:00Z,BATCH-BBAS-4543
PO_B10_004544,BillDesk Settlement,AMZN-INV-733143 PO_B10_004544,377039,7668,0,0,369371,INR,2026-08-11T17:36:00Z,BATCH-AMZN-4544
PO_B10_004545,Razorpay Nodal,JIOO-INV-250168 PO_B10_004545,96321,2195,0,0,94126,INR,2026-08-12T18:54:00Z,BATCH-JIOO-4545
PO_B10_004546,BillDesk Settlement,MYNT-INV-973969 PO_B10_004546,189823,3624,0,0,186199,INR,2026-08-12T22:07:00Z,BATCH-MYNT-4546
PO_B10_004547,PayU Enterprise,OLAA-INV-609889 PO_B10_004547,39970,848,0,0,39122,INR,2026-08-12T14:47:00Z,BATCH-OLAA-4547
PO_B10_004548,PayU Enterprise,ZOMA-INV-443468 PO_B10_004548,233271,4016,0,0,229255,INR,2026-08-12T12:44:00Z,BATCH-ZOMA-4548
PO_B10_004549,PayU Enterprise,PHNP-EXC-441455-UNRESOLVED,106840,2126,0,0,104714,INR,2026-08-13T07:09:00Z,HOLD-ESCROW
PO_B10_004550,Cashfree Escrow,MYNT-INV-812855 PO_B10_004550,405417,9261,0,0,396156,INR,2026-08-12T16:12:00Z,BATCH-MYNT-4550
PO_B10_004551,PayU Enterprise,SWIG-ORD-837790 SWIG-ORD-259455 BATCH-SWIG-4551,312909,6258,0,0,306651,INR,2026-08-11T21:54:00Z,BATCH-SWIG-4551
PO_B10_004552,Stripe India,BKMS-ORD-693320 BKMS-ORD-414870 BATCH-BKMS-4552,327526,6550,0,0,320976,INR,2026-08-12T08:38:00Z,BATCH-BKMS-4552
PO_B10_004553,Razorpay Nodal,UBER-INV-947512 PO_B10_004553,129125,2562,0,0,126563,INR,2026-08-12T10:35:00Z,BATCH-UBER-4553
PO_B10_004554,Stripe India,NYKA-INV-717042 PO_B10_004554,443278,8577,0,0,434701,INR,2026-08-12T05:29:00Z,BATCH-NYKA-4554
PO_B10_004555,BillDesk Settlement,UBER-INV-824395 PO_B10_004555,54543,917,0,0,53626,INR,2026-08-12T12:54:00Z,BATCH-UBER-4555
PO_B10_004556,Stripe India,SWIG-INV-103721 PO_B10_004556,102246,2353,0,0,99893,INR,2026-08-12T17:36:00Z,BATCH-SWIG-4556
PO_B10_004557,PayU Enterprise,PHNP-ORD-851822 PHNP-ORD-233656 BATCH-PHNP-4557,226193,4523,0,0,221670,INR,2026-08-12T11:33:00Z,BATCH-PHNP-4557
PO_B10_004558,PayU Enterprise,OLAA-INV-353839 PO_B10_004558,375628,9351,0,0,366277,INR,2026-08-12T05:04:00Z,BATCH-OLAA-4558
PO_B10_004559,Stripe India,ZOMA-INV-286528 PO_B10_004559,97333,2165,0,0,95168,INR,2026-08-12T17:34:00Z,BATCH-ZOMA-4559
PO_B10_004560,BillDesk Settlement,SWIG-INV-565645 PO_B10_004560,73207,1269,0,0,71938,INR,2026-08-12T06:14:00Z,BATCH-SWIG-4560
PO_B10_004561,PayU Enterprise,SWIG-ORD-214713 SWIG-ORD-421024 BATCH-SWIG-4561,169532,3390,0,0,166142,INR,2026-08-12T00:13:00Z,BATCH-SWIG-4561
PO_B10_004562,Stripe India,MYNT-ORD-702117 MYNT-ORD-740508 BATCH-MYNT-4562,169372,3387,0,0,165985,INR,2026-08-12T00:29:00Z,BATCH-MYNT-4562
PO_B10_004563,Stripe India,FLPK-INV-627898 PO_B10_004563,143210,2409,0,0,140801,INR,2026-08-12T09:22:00Z,BATCH-FLPK-4563
PO_B10_004564,Cashfree Escrow,AMZN-INV-315806 PO_B10_004564,435905,6839,0,0,429066,INR,2026-08-11T21:39:00Z,BATCH-AMZN-4564
PO_B10_004565,PayU Enterprise,UBER-INV-678899 PO_B10_004565,283195,6914,0,0,276281,INR,2026-08-12T16:24:00Z,BATCH-UBER-4565
PO_B10_004566,PayU Enterprise,NYKA-INV-910213 PO_B10_004566,28870,476,0,0,28394,INR,2026-08-13T01:40:00Z,BATCH-NYKA-4566
PO_B10_004567,Cashfree Escrow,NYKA-EXC-676277-UNRESOLVED,197277,3935,0,0,193342,INR,2026-08-12T15:25:00Z,HOLD-ESCROW
PO_B10_004568,Stripe India,NYKA-INV-137427 PO_B10_004568,333326,7139,0,0,326187,INR,2026-08-12T19:27:00Z,BATCH-NYKA-4568
PO_B10_004569,Cashfree Escrow,PAYT-INV-602968 PO_B10_004569,158276,3314,0,0,154962,INR,2026-08-12T19:07:00Z,BATCH-PAYT-4569
PO_B10_004570,Cashfree Escrow,UBER-ORD-228775 UBER-ORD-291641 UBER-ORD-452093 BATCH-UBER-4570,523879,10477,0,0,513402,INR,2026-08-11T23:17:00Z,BATCH-UBER-4570
PO_B10_004571,PayU Enterprise,BKMS-ORD-408091 BKMS-ORD-490703 BATCH-BKMS-4571,239834,4796,0,0,235038,INR,2026-08-12T16:37:00Z,BATCH-BKMS-4571
PO_B10_004572,PayU Enterprise,PHNP-INV-268094 PO_B10_004572,44721,1020,0,0,43701,INR,2026-08-12T02:23:00Z,BATCH-PHNP-4572
PO_B10_004573,Stripe India,NYKA-ORD-404487 NYKA-ORD-310927 BATCH-NYKA-4573,116640,2332,0,0,114308,INR,2026-08-12T16:53:00Z,BATCH-NYKA-4573
PO_B10_004574,Stripe India,BBAS-ORD-504725 BBAS-ORD-890505 BBAS-ORD-179271 BATCH-BBAS-4574,471420,9428,0,0,461992,INR,2026-08-12T02:17:00Z,BATCH-BBAS-4574
PO_B10_004575,Cashfree Escrow,OLAA-INV-714349 PO_B10_004575,378301,7943,0,0,370358,INR,2026-08-12T11:28:00Z,BATCH-OLAA-4575
PO_B10_004576,PayU Enterprise,NYKA-INV-608002 PO_B10_004576,329472,7247,0,0,322225,INR,2026-08-11T21:59:00Z,BATCH-NYKA-4576
PO_B10_004577,PayU Enterprise,UBER-INV-175432 PO_B10_004577,53236,1032,0,0,52204,INR,2026-08-12T05:00:00Z,BATCH-UBER-4577
PO_B10_004578,Razorpay Nodal,PHNP-INV-364404 PO_B10_004578,333037,5184,0,0,327853,INR,2026-08-12T20:45:00Z,BATCH-PHNP-4578
PO_B10_004579,PayU Enterprise,PAYT-ORD-829102 PAYT-ORD-212711 BATCH-PAYT-4579,424750,8495,0,0,416255,INR,2026-08-12T13:37:00Z,BATCH-PAYT-4579
PO_B10_004580,Cashfree Escrow,SWIG-ORD-368392 SWIG-ORD-541119 BATCH-SWIG-4580,193378,3867,0,0,189511,INR,2026-08-12T10:43:00Z,BATCH-SWIG-4580
PO_B10_004581,Razorpay Nodal,BKMS-INV-653517 PO_B10_004581,128910,2734,0,0,126176,INR,2026-08-11T21:27:00Z,BATCH-BKMS-4581
PO_B10_004582,Cashfree Escrow,SWIG-INV-891753 PO_B10_004582,293002,4976,0,0,288026,INR,2026-08-12T18:10:00Z,BATCH-SWIG-4582
PO_B10_004583,PayU Enterprise,UBER-INV-967724 PO_B10_004583,71097,1694,0,0,69403,INR,2026-08-12T17:00:00Z,BATCH-UBER-4583
PO_B10_004584,BillDesk Settlement,BBAS-INV-386938 PO_B10_004584,303661,6526,0,0,297135,INR,2026-08-12T10:02:00Z,BATCH-BBAS-4584
PO_B10_004585,Razorpay Nodal,ZOMA-ORD-155554 ZOMA-ORD-182997 ZOMA-ORD-219118 BATCH-ZOMA-4585,369657,7393,0,0,362264,INR,2026-08-11T21:34:00Z,BATCH-ZOMA-4585
PO_B10_004586,PayU Enterprise,AMZN-INV-773774 PO_B10_004586,145941,3065,0,0,142876,INR,2026-08-12T14:39:00Z,BATCH-AMZN-4586
PO_B10_004587,Cashfree Escrow,MMTR-INV-738926 PO_B10_004587,371991,6448,0,0,365543,INR,2026-08-12T08:28:00Z,BATCH-MMTR-4587
PO_B10_004588,Cashfree Escrow,MMTR-ORD-715465 MMTR-ORD-205935 BATCH-MMTR-4588,242927,4858,0,0,238069,INR,2026-08-12T09:48:00Z,BATCH-MMTR-4588
PO_B10_004589,PayU Enterprise,BKMS-INV-523485 PO_B10_004589,45791,1085,0,0,44706,INR,2026-08-12T14:42:00Z,BATCH-BKMS-4589
PO_B10_004590,Cashfree Escrow,BKMS-INV-311409 PO_B10_004590,123232,2223,0,0,121009,INR,2026-08-12T01:23:00Z,BATCH-BKMS-4590
PO_B10_004591,Cashfree Escrow,UBER-EXC-705125-UNRESOLVED,57241,1134,0,0,56107,INR,2026-08-12T21:01:00Z,HOLD-ESCROW
PO_B10_004592,Cashfree Escrow,JIOO-INV-364905 PO_B10_004592,77051,1794,0,0,75257,INR,2026-08-12T09:32:00Z,BATCH-JIOO-4592
PO_B10_004593,PayU Enterprise,MMTR-INV-883753 PO_B10_004593,190901,4345,0,0,186556,INR,2026-08-12T07:16:00Z,BATCH-MMTR-4593
PO_B10_004594,PayU Enterprise,JIOO-ORD-666567 JIOO-ORD-313768 JIOO-ORD-367366 BATCH-JIOO-4594,382422,7648,0,0,374774,INR,2026-08-12T12:05:00Z,BATCH-JIOO-4594
PO_B10_004595,PayU Enterprise,PAYT-INV-204663 PO_B10_004595,238365,4928,0,0,233437,INR,2026-08-12T22:50:00Z,BATCH-PAYT-4595
PO_B10_004596,Cashfree Escrow,MYNT-INV-344925 PO_B10_004596,205493,3585,0,0,201908,INR,2026-08-12T14:21:00Z,BATCH-MYNT-4596
PO_B10_004597,Stripe India,JIOO-ORD-277833 JIOO-ORD-528449 BATCH-JIOO-4597,356694,7133,0,0,349561,INR,2026-08-12T10:41:00Z,BATCH-JIOO-4597
PO_B10_004598,Stripe India,MYNT-EXC-653729-UNRESOLVED,290122,5792,0,0,284330,INR,2026-08-12T23:45:00Z,HOLD-ESCROW
PO_B10_004599,Stripe India,AMZN-INV-792634 PO_B10_004599,385924,9389,0,0,376535,INR,2026-08-12T16:18:00Z,BATCH-AMZN-4599
PO_B10_004600,Stripe India,BKMS-ORD-877923 BKMS-ORD-162884 BATCH-BKMS-4600,233944,4678,0,0,229266,INR,2026-08-12T08:55:00Z,BATCH-BKMS-4600
PO_B10_004601,BillDesk Settlement,TATA-INV-944948 PO_B10_004601,398621,9610,0,0,389011,INR,2026-08-12T14:03:00Z,BATCH-TATA-4601
PO_B10_004602,BillDesk Settlement,MYNT-INV-488331 PO_B10_004602,158245,3307,0,0,154938,INR,2026-08-12T14:55:00Z,BATCH-MYNT-4602
PO_B10_004603,Cashfree Escrow,BBAS-INV-884032 PO_B10_004603,120031,2270,0,0,117761,INR,2026-08-12T15:28:00Z,BATCH-BBAS-4603
PO_B10_004604,Razorpay Nodal,BKMS-INV-694744 PO_B10_004604,113297,2143,0,0,111154,INR,2026-08-12T14:50:00Z,BATCH-BKMS-4604
PO_B10_004605,Razorpay Nodal,SWIG-INV-549524 PO_B10_004605,240999,4332,0,0,236667,INR,2026-08-11T21:38:00Z,BATCH-SWIG-4605
PO_B10_004606,Razorpay Nodal,BKMS-ORD-939819 BKMS-ORD-490473 BATCH-BKMS-4606,64040,1280,0,0,62760,INR,2026-08-12T17:35:00Z,BATCH-BKMS-4606
PO_B10_004607,Razorpay Nodal,BBAS-INV-494551 PO_B10_004607,115599,2422,0,0,113177,INR,2026-08-11T22:53:00Z,BATCH-BBAS-4607
PO_B10_004608,PayU Enterprise,PHNP-INV-633273 PO_B10_004608,424053,8134,0,0,415919,INR,2026-08-12T10:29:00Z,BATCH-PHNP-4608
PO_B10_004609,PayU Enterprise,TATA-ORD-323419 TATA-ORD-901868 TATA-ORD-809841 BATCH-TATA-4609,522592,10451,0,0,512141,INR,2026-08-12T13:28:00Z,BATCH-TATA-4609
PO_B10_004610,PayU Enterprise,TATA-INV-129713 PO_B10_004610,105012,2193,0,0,102819,INR,2026-08-12T02:57:00Z,BATCH-TATA-4610
PO_B10_004611,Cashfree Escrow,NYKA-INV-988117 PO_B10_004611,199642,3847,0,0,195795,INR,2026-08-12T04:00:00Z,BATCH-NYKA-4611
PO_B10_004612,PayU Enterprise,NYKA-INV-680220 PO_B10_004612,239947,5305,0,0,234642,INR,2026-08-12T20:42:00Z,BATCH-NYKA-4612
PO_B10_004613,PayU Enterprise,NYKA-INV-784503 PO_B10_004613,231750,5661,0,0,226089,INR,2026-08-11T20:43:00Z,BATCH-NYKA-4613
PO_B10_004614,Stripe India,MYNT-INV-315846 PO_B10_004614,382241,7311,0,0,374930,INR,2026-08-12T11:31:00Z,BATCH-MYNT-4614
PO_B10_004615,BillDesk Settlement,BLNK-ORD-224544 BLNK-ORD-491575 BLNK-ORD-714870 BATCH-BLNK-4615,320335,6406,0,0,313929,INR,2026-08-12T07:24:00Z,BATCH-BLNK-4615
PO_B10_004616,PayU Enterprise,UBER-ORD-946860 UBER-ORD-225269 UBER-ORD-837268 BATCH-UBER-4616,196544,3930,0,0,192614,INR,2026-08-12T08:27:00Z,BATCH-UBER-4616
PO_B10_004617,Stripe India,JIOO-INV-122453 PO_B10_004617,257911,5332,0,0,252579,INR,2026-08-12T09:37:00Z,BATCH-JIOO-4617
PO_B10_004618,Razorpay Nodal,MYNT-INV-727678 PO_B10_004618,175731,3107,0,0,172624,INR,2026-08-12T08:02:00Z,BATCH-MYNT-4618
PO_B10_004619,Stripe India,FLPK-INV-706468 PO_B10_004619,91165,2158,0,0,89007,INR,2026-08-12T07:48:00Z,BATCH-FLPK-4619
PO_B10_004620,Razorpay Nodal,BBAS-INV-368510 PO_B10_004620,395818,8576,0,0,387242,INR,2026-08-12T10:48:00Z,BATCH-BBAS-4620
PO_B10_004621,Razorpay Nodal,SWIG-INV-299984 PO_B10_004621,371940,9290,0,0,362650,INR,2026-08-11T21:29:00Z,BATCH-SWIG-4621
PO_B10_004622,PayU Enterprise,TATA-INV-767102 PO_B10_004622,27761,603,0,0,27158,INR,2026-08-12T20:37:00Z,BATCH-TATA-4622
PO_B10_004623,Razorpay Nodal,NYKA-INV-775277 PO_B10_004623,148045,3097,0,0,144948,INR,2026-08-12T18:17:00Z,BATCH-NYKA-4623
PO_B10_004624,Razorpay Nodal,MMTR-INV-857733 PO_B10_004624,123685,1866,0,0,121819,INR,2026-08-12T13:44:00Z,BATCH-MMTR-4624
PO_B10_004625,PayU Enterprise,SWIG-INV-578500 PO_B10_004625,423179,10563,0,0,412616,INR,2026-08-12T13:49:00Z,BATCH-SWIG-4625
PO_B10_004626,Cashfree Escrow,UBER-INV-623353 PO_B10_004626,110176,2529,0,0,107647,INR,2026-08-12T01:12:00Z,BATCH-UBER-4626
PO_B10_004627,Stripe India,BLNK-INV-687131 PO_B10_004627,235044,3709,0,0,231335,INR,2026-08-12T03:40:00Z,BATCH-BLNK-4627
PO_B10_004628,Razorpay Nodal,AMZN-INV-957405 PO_B10_004628,109366,1717,0,0,107649,INR,2026-08-12T04:04:00Z,BATCH-AMZN-4628
PO_B10_004629,BillDesk Settlement,NYKA-ORD-587047 NYKA-ORD-419714 NYKA-ORD-467318 BATCH-NYKA-4629,321326,6426,0,0,314900,INR,2026-08-12T13:55:00Z,BATCH-NYKA-4629
PO_B10_004630,Stripe India,JIOO-ORD-782228 JIOO-ORD-313809 BATCH-JIOO-4630,259094,5181,0,0,253913,INR,2026-08-12T06:16:00Z,BATCH-JIOO-4630
PO_B10_004631,PayU Enterprise,SWIG-ORD-749176 SWIG-ORD-931417 SWIG-ORD-898979 BATCH-SWIG-4631,183420,3668,0,0,179752,INR,2026-08-12T13:13:00Z,BATCH-SWIG-4631
PO_B10_004632,BillDesk Settlement,OLAA-INV-616785 PO_B10_004632,271058,4356,0,0,266702,INR,2026-08-12T04:01:00Z,BATCH-OLAA-4632
PO_B10_004633,PayU Enterprise,UBER-INV-806156 PO_B10_004633,335983,6357,0,0,329626,INR,2026-08-12T13:09:00Z,BATCH-UBER-4633
PO_B10_004634,Cashfree Escrow,TATA-INV-157311 PO_B10_004634,198337,4208,0,0,194129,INR,2026-08-11T16:59:00Z,BATCH-TATA-4634
PO_B10_004635,PayU Enterprise,AMZN-ORD-226310 AMZN-ORD-496081 BATCH-AMZN-4635,265002,5300,0,0,259702,INR,2026-08-12T05:02:00Z,BATCH-AMZN-4635
PO_B10_004636,Cashfree Escrow,MMTR-INV-708522 PO_B10_004636,178265,3114,0,0,175151,INR,2026-08-12T09:13:00Z,BATCH-MMTR-4636
PO_B10_004637,BillDesk Settlement,OLAA-INV-225972 PO_B10_004637,156956,3356,0,0,153600,INR,2026-08-12T02:34:00Z,BATCH-OLAA-4637
PO_B10_004638,Razorpay Nodal,NYKA-ORD-233692 NYKA-ORD-141956 BATCH-NYKA-4638,91131,1822,0,0,89309,INR,2026-08-12T03:09:00Z,BATCH-NYKA-4638
PO_B10_004639,Stripe India,PHNP-INV-974738 PO_B10_004639,162668,3407,0,0,159261,INR,2026-08-12T16:00:00Z,BATCH-PHNP-4639
PO_B10_004640,PayU Enterprise,BBAS-ORD-640067 BBAS-ORD-255118 BBAS-ORD-322669 BATCH-BBAS-4640,445080,8901,0,0,436179,INR,2026-08-11T23:32:00Z,BATCH-BBAS-4640
PO_B10_004641,BillDesk Settlement,PAYT-INV-519299 PO_B10_004641,273946,5407,0,0,268539,INR,2026-08-12T01:31:00Z,BATCH-PAYT-4641
PO_B10_004642,Razorpay Nodal,BBAS-INV-148495 PO_B10_004642,120301,2075,0,0,118226,INR,2026-08-12T10:40:00Z,BATCH-BBAS-4642
PO_B10_004643,Stripe India,JIOO-INV-446761 PO_B10_004643,410279,9389,0,0,400890,INR,2026-08-12T07:35:00Z,BATCH-JIOO-4643
PO_B10_004644,Stripe India,ZOMA-INV-571509 PO_B10_004644,320697,6660,0,0,314037,INR,2026-08-12T16:04:00Z,BATCH-ZOMA-4644
PO_B10_004645,Stripe India,BLNK-INV-159812 PO_B10_004645,353211,5835,0,0,347376,INR,2026-08-12T05:49:00Z,BATCH-BLNK-4645
PO_B10_004646,Cashfree Escrow,MMTR-INV-588394 PO_B10_004646,189915,4069,0,0,185846,INR,2026-08-12T16:14:00Z,BATCH-MMTR-4646
PO_B10_004647,Stripe India,MMTR-ORD-635740 MMTR-ORD-166821 BATCH-MMTR-4647,257683,5153,0,0,252530,INR,2026-08-12T14:41:00Z,BATCH-MMTR-4647
PO_B10_004648,Razorpay Nodal,BLNK-INV-214830 PO_B10_004648,64654,1054,0,0,63600,INR,2026-08-12T16:16:00Z,BATCH-BLNK-4648
PO_B10_004649,Razorpay Nodal,FLPK-INV-552031 PO_B10_004649,337325,7889,0,0,329436,INR,2026-08-12T05:38:00Z,BATCH-FLPK-4649
PO_B10_004650,Razorpay Nodal,TATA-INV-797610 PO_B10_004650,124646,2748,0,0,121898,INR,2026-08-12T12:27:00Z,BATCH-TATA-4650
PO_B10_004651,Stripe India,OLAA-INV-887592 PO_B10_004651,400804,6067,0,0,394737,INR,2026-08-12T11:31:00Z,BATCH-OLAA-4651
PO_B10_004652,PayU Enterprise,TATA-INV-318909 PO_B10_004652,389915,8232,0,0,381683,INR,2026-08-12T04:14:00Z,BATCH-TATA-4652
PO_B10_004653,BillDesk Settlement,MMTR-INV-111059 PO_B10_004653,106292,2091,0,0,104201,INR,2026-08-12T19:53:00Z,BATCH-MMTR-4653
PO_B10_004654,PayU Enterprise,NYKA-INV-439101 PO_B10_004654,136915,3054,0,0,133861,INR,2026-08-12T08:11:00Z,BATCH-NYKA-4654
PO_B10_004655,PayU Enterprise,PAYT-ORD-976249 PAYT-ORD-420006 PAYT-ORD-796342 BATCH-PAYT-4655,348650,6973,0,0,341677,INR,2026-08-12T13:43:00Z,BATCH-PAYT-4655
PO_B10_004656,BillDesk Settlement,OLAA-INV-265102 PO_B10_004656,44274,684,0,0,43590,INR,2026-08-12T04:27:00Z,BATCH-OLAA-4656
PO_B10_004657,PayU Enterprise,BLNK-INV-588666 PO_B10_004657,158750,2814,0,0,155936,INR,2026-08-12T00:59:00Z,BATCH-BLNK-4657
PO_B10_004658,Razorpay Nodal,MMTR-INV-551049 PO_B10_004658,379386,7265,0,0,372121,INR,2026-08-11T20:23:00Z,BATCH-MMTR-4658
PO_B10_004659,Cashfree Escrow,UBER-INV-384907 PO_B10_004659,250390,4110,0,0,246280,INR,2026-08-12T03:21:00Z,BATCH-UBER-4659
PO_B10_004660,Cashfree Escrow,MMTR-EXC-153978-UNRESOLVED,168886,3367,0,0,165519,INR,2026-08-12T09:31:00Z,HOLD-ESCROW
PO_B10_004661,Cashfree Escrow,UBER-EXC-203692-UNRESOLVED,226057,4511,0,0,221546,INR,2026-08-12T21:03:00Z,HOLD-ESCROW
PO_B10_004662,Cashfree Escrow,BKMS-INV-557745 PO_B10_004662,437972,6621,0,0,431351,INR,2026-08-12T08:32:00Z,BATCH-BKMS-4662
PO_B10_004663,Razorpay Nodal,BBAS-INV-510526 PO_B10_004663,270921,5077,0,0,265844,INR,2026-08-12T09:45:00Z,BATCH-BBAS-4663
PO_B10_004664,Stripe India,PAYT-INV-200627 PO_B10_004664,225450,4375,0,0,221075,INR,2026-08-12T12:36:00Z,BATCH-PAYT-4664
PO_B10_004665,BillDesk Settlement,BKMS-INV-467434 PO_B10_004665,215223,4086,0,0,211137,INR,2026-08-12T01:53:00Z,BATCH-BKMS-4665
PO_B10_004666,BillDesk Settlement,MYNT-INV-821740 PO_B10_004666,266747,4570,0,0,262177,INR,2026-08-12T15:41:00Z,BATCH-MYNT-4666
PO_B10_004667,Stripe India,TATA-INV-749798 PO_B10_004667,85050,1871,0,0,83179,INR,2026-08-12T05:39:00Z,BATCH-TATA-4667
PO_B10_004668,Cashfree Escrow,PAYT-INV-753326 PO_B10_004668,134228,3075,0,0,131153,INR,2026-08-12T10:54:00Z,BATCH-PAYT-4668
PO_B10_004669,PayU Enterprise,ZOMA-INV-523866 PO_B10_004669,74368,1792,0,0,72576,INR,2026-08-11T17:33:00Z,BATCH-ZOMA-4669
PO_B10_004670,BillDesk Settlement,AMZN-INV-524084 PO_B10_004670,354318,6889,0,0,347429,INR,2026-08-11T21:33:00Z,BATCH-AMZN-4670
PO_B10_004671,Stripe India,ZOMA-INV-785517 PO_B10_004671,94245,1795,0,0,92450,INR,2026-08-12T05:51:00Z,BATCH-ZOMA-4671
PO_B10_004672,Razorpay Nodal,AMZN-INV-613053 PO_B10_004672,315859,6256,0,0,309603,INR,2026-08-12T03:32:00Z,BATCH-AMZN-4672
PO_B10_004673,PayU Enterprise,ZOMA-INV-645717 PO_B10_004673,250563,3851,0,0,246712,INR,2026-08-11T14:41:00Z,BATCH-ZOMA-4673
PO_B10_004674,Stripe India,NYKA-EXC-437312-UNRESOLVED,256416,5118,0,0,251298,INR,2026-08-12T13:25:00Z,HOLD-ESCROW
PO_B10_004675,BillDesk Settlement,OLAA-ORD-562457 OLAA-ORD-991151 BATCH-OLAA-4675,247515,4950,0,0,242565,INR,2026-08-12T03:26:00Z,BATCH-OLAA-4675
PO_B10_004676,Stripe India,PHNP-EXC-419572-UNRESOLVED,62831,1246,0,0,61585,INR,2026-08-13T02:23:00Z,HOLD-ESCROW
PO_B10_004677,Cashfree Escrow,MMTR-ORD-135432 MMTR-ORD-345092 BATCH-MMTR-4677,201931,4038,0,0,197893,INR,2026-08-12T10:51:00Z,BATCH-MMTR-4677
PO_B10_004678,BillDesk Settlement,NYKA-INV-158831 PO_B10_004678,374607,8081,0,0,366526,INR,2026-08-12T13:56:00Z,BATCH-NYKA-4678
PO_B10_004679,PayU Enterprise,MYNT-INV-619155 PO_B10_004679,112735,2135,0,0,110600,INR,2026-08-12T02:51:00Z,BATCH-MYNT-4679
PO_B10_004680,Stripe India,NYKA-ORD-829970 NYKA-ORD-407016 NYKA-ORD-291198 BATCH-NYKA-4680,438236,8764,0,0,429472,INR,2026-08-11T23:00:00Z,BATCH-NYKA-4680
PO_B10_004681,PayU Enterprise,FLPK-INV-780953 PO_B10_004681,49625,905,0,0,48720,INR,2026-08-12T05:29:00Z,BATCH-FLPK-4681
PO_B10_004682,Razorpay Nodal,JIOO-INV-380227 PO_B10_004682,58165,1013,0,0,57152,INR,2026-08-12T01:40:00Z,BATCH-JIOO-4682
PO_B10_004683,Stripe India,FLPK-ORD-261385 FLPK-ORD-773256 BATCH-FLPK-4683,272761,5455,0,0,267306,INR,2026-08-12T19:59:00Z,BATCH-FLPK-4683
PO_B10_004684,Stripe India,UBER-ORD-276266 UBER-ORD-295861 BATCH-UBER-4684,234484,4689,0,0,229795,INR,2026-08-12T14:06:00Z,BATCH-UBER-4684
PO_B10_004685,Cashfree Escrow,MMTR-INV-292206 PO_B10_004685,284227,6954,0,0,277273,INR,2026-08-12T03:48:00Z,BATCH-MMTR-4685
PO_B10_004686,Stripe India,BBAS-INV-612528 PO_B10_004686,255299,4361,0,0,250938,INR,2026-08-12T05:43:00Z,BATCH-BBAS-4686
PO_B10_004687,Cashfree Escrow,NYKA-INV-314124 PO_B10_004687,446484,9918,0,0,436566,INR,2026-08-12T07:28:00Z,BATCH-NYKA-4687
PO_B10_004688,Cashfree Escrow,MYNT-INV-525797 PO_B10_004688,270494,5320,0,0,265174,INR,2026-08-12T09:47:00Z,BATCH-MYNT-4688
PO_B10_004689,Cashfree Escrow,TATA-INV-243878 PO_B10_004689,397190,8097,0,0,389093,INR,2026-08-12T09:34:00Z,BATCH-TATA-4689
PO_B10_004690,PayU Enterprise,AMZN-INV-254710 PO_B10_004690,290653,6753,0,0,283900,INR,2026-08-12T11:42:00Z,BATCH-AMZN-4690
PO_B10_004691,PayU Enterprise,AMZN-ORD-688814 AMZN-ORD-697880 BATCH-AMZN-4691,302111,6042,0,0,296069,INR,2026-08-12T00:28:00Z,BATCH-AMZN-4691
PO_B10_004692,Razorpay Nodal,NYKA-INV-421037 PO_B10_004692,328852,7639,0,0,321213,INR,2026-08-12T18:17:00Z,BATCH-NYKA-4692
PO_B10_004693,Stripe India,PAYT-ORD-479016 PAYT-ORD-169628 BATCH-PAYT-4693,237077,4741,0,0,232336,INR,2026-08-12T00:33:00Z,BATCH-PAYT-4693
PO_B10_004694,Razorpay Nodal,PHNP-INV-833197 PO_B10_004694,349930,6464,0,0,343466,INR,2026-08-12T13:31:00Z,BATCH-PHNP-4694
PO_B10_004695,BillDesk Settlement,ZOMA-ORD-255008 ZOMA-ORD-144086 ZOMA-ORD-706263 BATCH-ZOMA-4695,567530,11350,0,0,556180,INR,2026-08-12T05:06:00Z,BATCH-ZOMA-4695
PO_B10_004696,Razorpay Nodal,BLNK-INV-553812 PO_B10_004696,353697,5638,0,0,348059,INR,2026-08-12T04:26:00Z,BATCH-BLNK-4696
PO_B10_004697,Stripe India,UBER-INV-878685 PO_B10_004697,360071,7406,0,0,352665,INR,2026-08-12T06:19:00Z,BATCH-UBER-4697
PO_B10_004698,Razorpay Nodal,PHNP-ORD-819711 PHNP-ORD-748113 BATCH-PHNP-4698,172006,3440,0,0,168566,INR,2026-08-12T18:39:00Z,BATCH-PHNP-4698
PO_B10_004699,Razorpay Nodal,PHNP-INV-277781 PO_B10_004699,358929,6049,0,0,352880,INR,2026-08-12T11:41:00Z,BATCH-PHNP-4699
PO_B10_004700,PayU Enterprise,BKMS-ORD-389869 BKMS-ORD-290674 BATCH-BKMS-4700,198299,3965,0,0,194334,INR,2026-08-12T20:15:00Z,BATCH-BKMS-4700
PO_B10_004701,PayU Enterprise,AMZN-ORD-817672 AMZN-ORD-392706 BATCH-AMZN-4701,284447,5688,0,0,278759,INR,2026-08-12T08:05:00Z,BATCH-AMZN-4701
PO_B10_004702,PayU Enterprise,PAYT-INV-652387 PO_B10_004702,74457,1701,0,0,72756,INR,2026-08-12T13:04:00Z,BATCH-PAYT-4702
PO_B10_004703,Stripe India,MYNT-INV-801583 PO_B10_004703,227245,3832,0,0,223413,INR,2026-08-12T15:53:00Z,BATCH-MYNT-4703
PO_B10_004704,Cashfree Escrow,BKMS-ORD-378573 BKMS-ORD-175891 BATCH-BKMS-4704,237452,4749,0,0,232703,INR,2026-08-12T17:06:00Z,BATCH-BKMS-4704
PO_B10_004705,Cashfree Escrow,ZOMA-INV-251473 PO_B10_004705,179523,3559,0,0,175964,INR,2026-08-12T12:02:00Z,BATCH-ZOMA-4705
PO_B10_004706,PayU Enterprise,JIOO-ORD-253448 JIOO-ORD-512414 BATCH-JIOO-4706,352032,7040,0,0,344992,INR,2026-08-11T21:20:00Z,BATCH-JIOO-4706
PO_B10_004707,Razorpay Nodal,NYKA-INV-682104 PO_B10_004707,348059,7938,0,0,340121,INR,2026-08-12T04:59:00Z,BATCH-NYKA-4707
PO_B10_004708,BillDesk Settlement,BLNK-INV-662076 PO_B10_004708,56175,1161,0,0,55014,INR,2026-08-12T03:36:00Z,BATCH-BLNK-4708
PO_B10_004709,Razorpay Nodal,AMZN-INV-874403 PO_B10_004709,46656,908,0,0,45748,INR,2026-08-12T12:39:00Z,BATCH-AMZN-4709
PO_B10_004710,Cashfree Escrow,OLAA-INV-317330 PO_B10_004710,286754,6904,0,0,279850,INR,2026-08-12T11:17:00Z,BATCH-OLAA-4710
PO_B10_004711,Stripe India,JIOO-INV-324999 PO_B10_004711,157783,2576,0,0,155207,INR,2026-08-12T04:08:00Z,BATCH-JIOO-4711
PO_B10_004712,Stripe India,SWIG-INV-333266 PO_B10_004712,164269,3537,0,0,160732,INR,2026-08-12T10:56:00Z,BATCH-SWIG-4712
PO_B10_004713,Stripe India,MYNT-INV-736887 PO_B10_004713,252125,4407,0,0,247718,INR,2026-08-12T11:17:00Z,BATCH-MYNT-4713
PO_B10_004714,Cashfree Escrow,SWIG-ORD-174972 SWIG-ORD-424541 BATCH-SWIG-4714,314022,6280,0,0,307742,INR,2026-08-12T15:47:00Z,BATCH-SWIG-4714
PO_B10_004715,BillDesk Settlement,PHNP-INV-543359 PO_B10_004715,338196,8088,0,0,330108,INR,2026-08-12T02:53:00Z,BATCH-PHNP-4715
PO_B10_004716,Cashfree Escrow,MYNT-ORD-232209 MYNT-ORD-778996 BATCH-MYNT-4716,252278,5045,0,0,247233,INR,2026-08-12T11:00:00Z,BATCH-MYNT-4716
PO_B10_004717,PayU Enterprise,TATA-INV-599400 PO_B10_004717,437141,7282,0,0,429859,INR,2026-08-12T05:54:00Z,BATCH-TATA-4717
PO_B10_004718,BillDesk Settlement,BBAS-INV-924735 PO_B10_004718,226360,4472,0,0,221888,INR,2026-08-12T18:19:00Z,BATCH-BBAS-4718
PO_B10_004719,Razorpay Nodal,PAYT-ORD-724013 PAYT-ORD-192427 PAYT-ORD-147831 BATCH-PAYT-4719,527213,10544,0,0,516669,INR,2026-08-12T18:12:00Z,BATCH-PAYT-4719
PO_B10_004720,Stripe India,MYNT-ORD-956505 MYNT-ORD-867908 BATCH-MYNT-4720,239498,4789,0,0,234709,INR,2026-08-12T10:17:00Z,BATCH-MYNT-4720
PO_B10_004721,Stripe India,PHNP-ORD-166323 PHNP-ORD-849792 BATCH-PHNP-4721,256561,5131,0,0,251430,INR,2026-08-12T02:13:00Z,BATCH-PHNP-4721
PO_B10_004722,PayU Enterprise,AMZN-INV-712500 PO_B10_004722,337778,7552,0,0,330226,INR,2026-08-12T02:06:00Z,BATCH-AMZN-4722
PO_B10_004723,Cashfree Escrow,ZOMA-ORD-847015 ZOMA-ORD-301528 ZOMA-ORD-400944 BATCH-ZOMA-4723,597375,11947,0,0,585428,INR,2026-08-12T17:17:00Z,BATCH-ZOMA-4723
PO_B10_004724,Cashfree Escrow,PAYT-INV-219673 PO_B10_004724,220159,5224,0,0,214935,INR,2026-08-12T03:47:00Z,BATCH-PAYT-4724
PO_B10_004725,Razorpay Nodal,MMTR-INV-862374 PO_B10_004725,102403,2156,0,0,100247,INR,2026-08-11T21:56:00Z,BATCH-MMTR-4725
PO_B10_004726,Stripe India,FLPK-INV-302706 PO_B10_004726,266203,5440,0,0,260763,INR,2026-08-12T12:42:00Z,BATCH-FLPK-4726
PO_B10_004727,Razorpay Nodal,UBER-EXC-949207-UNRESOLVED,284628,5682,0,0,278946,INR,2026-08-12T13:25:00Z,HOLD-ESCROW
PO_B10_004728,Cashfree Escrow,NYKA-INV-746664 PO_B10_004728,442280,9806,0,0,432474,INR,2026-08-11T20:47:00Z,BATCH-NYKA-4728
PO_B10_004729,PayU Enterprise,MMTR-INV-765471 PO_B10_004729,74955,1199,0,0,73756,INR,2026-08-12T13:01:00Z,BATCH-MMTR-4729
PO_B10_004730,Cashfree Escrow,JIOO-INV-489637 PO_B10_004730,196831,3402,0,0,193429,INR,2026-08-12T01:47:00Z,BATCH-JIOO-4730
PO_B10_004731,Stripe India,NYKA-INV-888822 PO_B10_004731,82185,1707,0,0,80478,INR,2026-08-12T15:16:00Z,BATCH-NYKA-4731
PO_B10_004732,BillDesk Settlement,UBER-INV-302440 PO_B10_004732,217674,4926,0,0,212748,INR,2026-08-12T18:16:00Z,BATCH-UBER-4732
PO_B10_004733,BillDesk Settlement,JIOO-INV-976098 PO_B10_004733,147872,3409,0,0,144463,INR,2026-08-11T22:05:00Z,BATCH-JIOO-4733
PO_B10_004734,Cashfree Escrow,BKMS-INV-736331 PO_B10_004734,357998,8041,0,0,349957,INR,2026-08-12T17:46:00Z,BATCH-BKMS-4734
PO_B10_004735,PayU Enterprise,PAYT-INV-347111 PO_B10_004735,259409,4773,0,0,254636,INR,2026-08-12T03:14:00Z,BATCH-PAYT-4735
PO_B10_004736,BillDesk Settlement,PHNP-INV-743451 PO_B10_004736,352814,7032,0,0,345782,INR,2026-08-11T16:29:00Z,BATCH-PHNP-4736
PO_B10_004737,Cashfree Escrow,BBAS-ORD-776090 BBAS-ORD-633647 BBAS-ORD-715348 BATCH-BBAS-4737,426754,8535,0,0,418219,INR,2026-08-11T22:17:00Z,BATCH-BBAS-4737
PO_B10_004738,Razorpay Nodal,TATA-INV-411700 PO_B10_004738,205217,3701,0,0,201516,INR,2026-08-12T07:01:00Z,BATCH-TATA-4738
PO_B10_004739,Stripe India,PAYT-ORD-188964 PAYT-ORD-474816 PAYT-ORD-978664 BATCH-PAYT-4739,384264,7685,0,0,376579,INR,2026-08-12T04:06:00Z,BATCH-PAYT-4739
PO_B10_004740,Stripe India,PHNP-INV-272831 PO_B10_004740,193961,4259,0,0,189702,INR,2026-08-12T00:02:00Z,BATCH-PHNP-4740
PO_B10_004741,Razorpay Nodal,UBER-INV-536938 PO_B10_004741,295144,4763,0,0,290381,INR,2026-08-11T18:13:00Z,BATCH-UBER-4741
PO_B10_004742,PayU Enterprise,MYNT-ORD-397998 MYNT-ORD-386728 BATCH-MYNT-4742,288027,5760,0,0,282267,INR,2026-08-11T22:13:00Z,BATCH-MYNT-4742
PO_B10_004743,Razorpay Nodal,PHNP-INV-135933 PO_B10_004743,251992,5775,0,0,246217,INR,2026-08-12T02:19:00Z,BATCH-PHNP-4743
PO_B10_004744,Cashfree Escrow,MYNT-ORD-703928 MYNT-ORD-254182 MYNT-ORD-274075 BATCH-MYNT-4744,330070,6601,0,0,323469,INR,2026-08-12T15:06:00Z,BATCH-MYNT-4744
PO_B10_004745,BillDesk Settlement,TATA-ORD-330768 TATA-ORD-226511 BATCH-TATA-4745,229522,4590,0,0,224932,INR,2026-08-12T06:55:00Z,BATCH-TATA-4745
PO_B10_004746,PayU Enterprise,SWIG-EXC-863550-UNRESOLVED,288255,5755,0,0,282500,INR,2026-08-12T22:05:00Z,HOLD-ESCROW
PO_B10_004747,PayU Enterprise,PAYT-ORD-738969 PAYT-ORD-346816 PAYT-ORD-789170 BATCH-PAYT-4747,538623,10772,0,0,527851,INR,2026-08-11T21:36:00Z,BATCH-PAYT-4747
PO_B10_004748,Cashfree Escrow,OLAA-INV-811282 PO_B10_004748,57285,863,0,0,56422,INR,2026-08-12T02:57:00Z,BATCH-OLAA-4748
PO_B10_004749,PayU Enterprise,MYNT-INV-392945 PO_B10_004749,118168,2925,0,0,115243,INR,2026-08-12T06:44:00Z,BATCH-MYNT-4749
PO_B10_004750,Razorpay Nodal,PHNP-EXC-854773-UNRESOLVED,51778,1025,0,0,50753,INR,2026-08-12T16:42:00Z,HOLD-ESCROW
PO_B10_004751,PayU Enterprise,NYKA-INV-717790 PO_B10_004751,401132,7378,0,0,393754,INR,2026-08-12T06:56:00Z,BATCH-NYKA-4751
PO_B10_004752,Cashfree Escrow,BLNK-INV-614035 PO_B10_004752,411952,9523,0,0,402429,INR,2026-08-13T00:31:00Z,BATCH-BLNK-4752
PO_B10_004753,BillDesk Settlement,SWIG-EXC-571157-UNRESOLVED,282395,5637,0,0,276758,INR,2026-08-12T13:52:00Z,HOLD-ESCROW
PO_B10_004754,PayU Enterprise,OLAA-ORD-619816 OLAA-ORD-559102 BATCH-OLAA-4754,272625,5452,0,0,267173,INR,2026-08-12T06:51:00Z,BATCH-OLAA-4754
PO_B10_004755,Stripe India,BLNK-INV-838943 PO_B10_004755,309271,5469,0,0,303802,INR,2026-08-12T01:29:00Z,BATCH-BLNK-4755
PO_B10_004756,Cashfree Escrow,JIOO-INV-937179 PO_B10_004756,171664,3257,0,0,168407,INR,2026-08-11T15:36:00Z,BATCH-JIOO-4756
PO_B10_004757,Stripe India,SWIG-ORD-952279 SWIG-ORD-341224 BATCH-SWIG-4757,236223,4724,0,0,231499,INR,2026-08-12T19:51:00Z,BATCH-SWIG-4757
PO_B10_004758,BillDesk Settlement,MMTR-EXC-855797-UNRESOLVED,246397,4917,0,0,241480,INR,2026-08-12T23:22:00Z,HOLD-ESCROW
PO_B10_004759,BillDesk Settlement,AMZN-ORD-345817 AMZN-ORD-932552 BATCH-AMZN-4759,155438,3108,0,0,152330,INR,2026-08-12T09:44:00Z,BATCH-AMZN-4759
PO_B10_004760,Razorpay Nodal,AMZN-INV-412927 PO_B10_004760,219980,4738,0,0,215242,INR,2026-08-12T05:35:00Z,BATCH-AMZN-4760
PO_B10_004761,BillDesk Settlement,BKMS-INV-756976 PO_B10_004761,107054,2092,0,0,104962,INR,2026-08-11T20:48:00Z,BATCH-BKMS-4761
PO_B10_004762,Stripe India,MYNT-INV-575781 PO_B10_004762,241560,5457,0,0,236103,INR,2026-08-11T21:57:00Z,BATCH-MYNT-4762
PO_B10_004763,BillDesk Settlement,AMZN-INV-284374 PO_B10_004763,84504,1372,0,0,83132,INR,2026-08-12T10:54:00Z,BATCH-AMZN-4763
PO_B10_004764,Cashfree Escrow,JIOO-INV-794163 PO_B10_004764,135974,2552,0,0,133422,INR,2026-08-12T18:38:00Z,BATCH-JIOO-4764
PO_B10_004765,BillDesk Settlement,FLPK-INV-306934 PO_B10_004765,414285,8558,0,0,405727,INR,2026-08-12T12:57:00Z,BATCH-FLPK-4765
PO_B10_004766,Cashfree Escrow,MMTR-INV-879261 PO_B10_004766,299407,4540,0,0,294867,INR,2026-08-12T13:53:00Z,BATCH-MMTR-4766
PO_B10_004767,Cashfree Escrow,OLAA-ORD-684864 OLAA-ORD-637271 OLAA-ORD-180231 BATCH-OLAA-4767,688769,13775,0,0,674994,INR,2026-08-12T18:39:00Z,BATCH-OLAA-4767
PO_B10_004768,PayU Enterprise,BLNK-ORD-371548 BLNK-ORD-740961 BATCH-BLNK-4768,197188,3943,0,0,193245,INR,2026-08-12T16:39:00Z,BATCH-BLNK-4768
PO_B10_004769,BillDesk Settlement,BKMS-ORD-797118 BKMS-ORD-734590 BKMS-ORD-362717 BATCH-BKMS-4769,502307,10046,0,0,492261,INR,2026-08-12T00:11:00Z,BATCH-BKMS-4769
PO_B10_004770,Cashfree Escrow,OLAA-ORD-928469 OLAA-ORD-945310 BATCH-OLAA-4770,383845,7676,0,0,376169,INR,2026-08-12T10:53:00Z,BATCH-OLAA-4770
PO_B10_004771,Razorpay Nodal,PHNP-INV-847813 PO_B10_004771,110487,2588,0,0,107899,INR,2026-08-12T13:18:00Z,BATCH-PHNP-4771
PO_B10_004772,BillDesk Settlement,BKMS-INV-118034 PO_B10_004772,414393,6824,0,0,407569,INR,2026-08-12T19:44:00Z,BATCH-BKMS-4772
PO_B10_004773,Stripe India,MYNT-ORD-275409 MYNT-ORD-172798 BATCH-MYNT-4773,216745,4334,0,0,212411,INR,2026-08-11T23:15:00Z,BATCH-MYNT-4773
PO_B10_004774,Razorpay Nodal,JIOO-INV-627813 PO_B10_004774,283169,6384,0,0,276785,INR,2026-08-12T09:05:00Z,BATCH-JIOO-4774
PO_B10_004775,BillDesk Settlement,TATA-ORD-527819 TATA-ORD-632721 BATCH-TATA-4775,355156,7103,0,0,348053,INR,2026-08-12T17:44:00Z,BATCH-TATA-4775
PO_B10_004776,BillDesk Settlement,UBER-ORD-174751 UBER-ORD-930511 BATCH-UBER-4776,259892,5197,0,0,254695,INR,2026-08-12T20:29:00Z,BATCH-UBER-4776
PO_B10_004777,Cashfree Escrow,BKMS-INV-660100 PO_B10_004777,325140,6627,0,0,318513,INR,2026-08-12T18:57:00Z,BATCH-BKMS-4777
PO_B10_004778,PayU Enterprise,AMZN-EXC-846777-UNRESOLVED,182042,3630,0,0,178412,INR,2026-08-12T18:53:00Z,HOLD-ESCROW
PO_B10_004779,PayU Enterprise,PAYT-INV-561971 PO_B10_004779,288483,5883,0,0,282600,INR,2026-08-12T23:55:00Z,BATCH-PAYT-4779
PO_B10_004780,Stripe India,NYKA-INV-460238 PO_B10_004780,166523,3978,0,0,162545,INR,2026-08-12T21:28:00Z,BATCH-NYKA-4780
PO_B10_004781,BillDesk Settlement,PAYT-INV-465897 PO_B10_004781,91846,1629,0,0,90217,INR,2026-08-12T04:18:00Z,BATCH-PAYT-4781
PO_B10_004782,Razorpay Nodal,UBER-INV-359887 PO_B10_004782,399758,9591,0,0,390167,INR,2026-08-12T05:31:00Z,BATCH-UBER-4782
PO_B10_004783,Cashfree Escrow,JIOO-INV-125727 PO_B10_004783,253774,4822,0,0,248952,INR,2026-08-12T06:27:00Z,BATCH-JIOO-4783
PO_B10_004784,Razorpay Nodal,FLPK-INV-223594 PO_B10_004784,306973,7438,0,0,299535,INR,2026-08-12T11:01:00Z,BATCH-FLPK-4784
PO_B10_004785,PayU Enterprise,TATA-INV-122271 PO_B10_004785,404547,7249,0,0,397298,INR,2026-08-12T11:31:00Z,BATCH-TATA-4785
PO_B10_004786,Razorpay Nodal,MYNT-INV-625750 PO_B10_004786,121766,2826,0,0,118940,INR,2026-08-11T18:36:00Z,BATCH-MYNT-4786
PO_B10_004787,Stripe India,PHNP-ORD-258205 PHNP-ORD-113438 PHNP-ORD-132771 BATCH-PHNP-4787,363458,7269,0,0,356189,INR,2026-08-12T00:29:00Z,BATCH-PHNP-4787
PO_B10_004788,BillDesk Settlement,FLPK-INV-873958 PO_B10_004788,371741,7114,0,0,364627,INR,2026-08-12T01:24:00Z,BATCH-FLPK-4788
PO_B10_004789,PayU Enterprise,PAYT-INV-356782 PO_B10_004789,429424,10081,0,0,419343,INR,2026-08-12T20:09:00Z,BATCH-PAYT-4789
PO_B10_004790,BillDesk Settlement,BKMS-ORD-461811 BKMS-ORD-283896 BKMS-ORD-694553 BATCH-BKMS-4790,372785,7455,0,0,365330,INR,2026-08-12T18:57:00Z,BATCH-BKMS-4790
PO_B10_004791,Cashfree Escrow,NYKA-ORD-522055 NYKA-ORD-397739 BATCH-NYKA-4791,310473,6209,0,0,304264,INR,2026-08-12T10:32:00Z,BATCH-NYKA-4791
PO_B10_004792,Stripe India,AMZN-INV-567638 PO_B10_004792,368541,8940,0,0,359601,INR,2026-08-12T12:06:00Z,BATCH-AMZN-4792
PO_B10_004793,Stripe India,JIOO-ORD-654935 JIOO-ORD-812929 JIOO-ORD-410989 BATCH-JIOO-4793,490620,9812,0,0,480808,INR,2026-08-12T17:18:00Z,BATCH-JIOO-4793
PO_B10_004794,Cashfree Escrow,BBAS-INV-911506 PO_B10_004794,397080,9059,0,0,388021,INR,2026-08-12T05:46:00Z,BATCH-BBAS-4794
PO_B10_004795,Stripe India,MMTR-ORD-155221 MMTR-ORD-393155 BATCH-MMTR-4795,154991,3099,0,0,151892,INR,2026-08-11T22:49:00Z,BATCH-MMTR-4795
PO_B10_004796,BillDesk Settlement,UBER-INV-300010 PO_B10_004796,213960,5033,0,0,208927,INR,2026-08-12T11:52:00Z,BATCH-UBER-4796
PO_B10_004797,Razorpay Nodal,UBER-INV-291732 PO_B10_004797,302875,4924,0,0,297951,INR,2026-08-12T15:49:00Z,BATCH-UBER-4797
PO_B10_004798,BillDesk Settlement,BKMS-INV-903319 PO_B10_004798,157644,3646,0,0,153998,INR,2026-08-12T02:06:00Z,BATCH-BKMS-4798
PO_B10_004799,Cashfree Escrow,SWIG-INV-474418 PO_B10_004799,172655,3727,0,0,168928,INR,2026-08-12T03:54:00Z,BATCH-SWIG-4799
PO_B10_004800,Cashfree Escrow,TATA-ORD-218836 TATA-ORD-943250 BATCH-TATA-4800,105102,2102,0,0,103000,INR,2026-08-12T05:17:00Z,BATCH-TATA-4800
PO_B10_004801,BillDesk Settlement,NYKA-ORD-929830 NYKA-ORD-488018 BATCH-NYKA-4801,244925,4898,0,0,240027,INR,2026-08-12T17:32:00Z,BATCH-NYKA-4801
PO_B10_004802,PayU Enterprise,MMTR-INV-460245 PO_B10_004802,82501,1660,0,0,80841,INR,2026-08-11T19:02:00Z,BATCH-MMTR-4802
PO_B10_004803,BillDesk Settlement,TATA-INV-945061 PO_B10_004803,376969,8035,0,0,368934,INR,2026-08-12T22:35:00Z,BATCH-TATA-4803
PO_B10_004804,BillDesk Settlement,PAYT-ORD-722141 PAYT-ORD-569221 BATCH-PAYT-4804,380625,7612,0,0,373013,INR,2026-08-12T19:07:00Z,BATCH-PAYT-4804
PO_B10_004805,Cashfree Escrow,PHNP-INV-991280 PO_B10_004805,217578,5000,0,0,212578,INR,2026-08-12T12:07:00Z,BATCH-PHNP-4805
PO_B10_004806,Stripe India,MMTR-INV-460116 PO_B10_004806,157970,3390,0,0,154580,INR,2026-08-11T17:49:00Z,BATCH-MMTR-4806
PO_B10_004807,Razorpay Nodal,JIOO-INV-391643 PO_B10_004807,292019,5666,0,0,286353,INR,2026-08-11T16:30:00Z,BATCH-JIOO-4807
PO_B10_004808,PayU Enterprise,BBAS-INV-646777 PO_B10_004808,345433,7676,0,0,337757,INR,2026-08-11T22:59:00Z,BATCH-BBAS-4808
PO_B10_004809,Stripe India,PAYT-INV-662637 PO_B10_004809,205491,5033,0,0,200458,INR,2026-08-12T08:34:00Z,BATCH-PAYT-4809
PO_B10_004810,PayU Enterprise,MYNT-INV-283110 PO_B10_004810,422957,9978,0,0,412979,INR,2026-08-11T15:01:00Z,BATCH-MYNT-4810
PO_B10_004811,PayU Enterprise,AMZN-ORD-145874 AMZN-ORD-670837 AMZN-ORD-630528 BATCH-AMZN-4811,560899,11217,0,0,549682,INR,2026-08-12T15:07:00Z,BATCH-AMZN-4811
PO_B10_004812,BillDesk Settlement,MMTR-ORD-901458 MMTR-ORD-152599 MMTR-ORD-116850 BATCH-MMTR-4812,410518,8210,0,0,402308,INR,2026-08-11T23:08:00Z,BATCH-MMTR-4812
PO_B10_004813,Razorpay Nodal,PHNP-ORD-770808 PHNP-ORD-229869 PHNP-ORD-357332 BATCH-PHNP-4813,399540,7990,0,0,391550,INR,2026-08-12T03:06:00Z,BATCH-PHNP-4813
PO_B10_004814,PayU Enterprise,BKMS-EXC-488015-UNRESOLVED,289954,5789,0,0,284165,INR,2026-08-12T16:46:00Z,HOLD-ESCROW
PO_B10_004815,Stripe India,NYKA-INV-326217 PO_B10_004815,216785,3428,0,0,213357,INR,2026-08-12T02:50:00Z,BATCH-NYKA-4815
PO_B10_004816,Stripe India,ZOMA-INV-436636 PO_B10_004816,224986,4397,0,0,220589,INR,2026-08-12T08:37:00Z,BATCH-ZOMA-4816
PO_B10_004817,Stripe India,AMZN-INV-744422 PO_B10_004817,87391,1880,0,0,85511,INR,2026-08-11T21:39:00Z,BATCH-AMZN-4817
PO_B10_004818,PayU Enterprise,AMZN-INV-799075 PO_B10_004818,260175,5863,0,0,254312,INR,2026-08-12T16:25:00Z,BATCH-AMZN-4818
PO_B10_004819,Cashfree Escrow,JIOO-INV-399872 PO_B10_004819,113429,1851,0,0,111578,INR,2026-08-12T18:50:00Z,BATCH-JIOO-4819
PO_B10_004820,Stripe India,ZOMA-INV-245761 PO_B10_004820,121019,2702,0,0,118317,INR,2026-08-11T20:36:00Z,BATCH-ZOMA-4820
PO_B10_004821,PayU Enterprise,NYKA-INV-167481 PO_B10_004821,276848,6544,0,0,270304,INR,2026-08-11T23:53:00Z,BATCH-NYKA-4821
PO_B10_004822,Stripe India,JIOO-INV-851918 PO_B10_004822,146336,2751,0,0,143585,INR,2026-08-12T13:11:00Z,BATCH-JIOO-4822
PO_B10_004823,PayU Enterprise,MYNT-INV-435423 PO_B10_004823,353114,7297,0,0,345817,INR,2026-08-12T04:15:00Z,BATCH-MYNT-4823
PO_B10_004824,PayU Enterprise,AMZN-INV-232600 PO_B10_004824,253586,4876,0,0,248710,INR,2026-08-12T11:33:00Z,BATCH-AMZN-4824
PO_B10_004825,BillDesk Settlement,JIOO-ORD-551394 JIOO-ORD-247915 BATCH-JIOO-4825,296001,5920,0,0,290081,INR,2026-08-12T19:51:00Z,BATCH-JIOO-4825
PO_B10_004826,Cashfree Escrow,NYKA-INV-403329 PO_B10_004826,147032,3182,0,0,143850,INR,2026-08-12T15:13:00Z,BATCH-NYKA-4826
PO_B10_004827,PayU Enterprise,SWIG-INV-697856 PO_B10_004827,134614,2396,0,0,132218,INR,2026-08-12T06:11:00Z,BATCH-SWIG-4827
PO_B10_004828,BillDesk Settlement,JIOO-INV-642629 PO_B10_004828,231906,4811,0,0,227095,INR,2026-08-12T22:17:00Z,BATCH-JIOO-4828
PO_B10_004829,Stripe India,TATA-INV-829819 PO_B10_004829,403026,9839,0,0,393187,INR,2026-08-12T01:05:00Z,BATCH-TATA-4829
PO_B10_004830,BillDesk Settlement,SWIG-ORD-828654 SWIG-ORD-525711 BATCH-SWIG-4830,174560,3491,0,0,171069,INR,2026-08-12T04:16:00Z,BATCH-SWIG-4830
PO_B10_004831,Razorpay Nodal,PAYT-ORD-838479 PAYT-ORD-954632 PAYT-ORD-554126 BATCH-PAYT-4831,452100,9042,0,0,443058,INR,2026-08-12T09:41:00Z,BATCH-PAYT-4831
PO_B10_004832,Razorpay Nodal,BLNK-INV-890903 PO_B10_004832,381977,7180,0,0,374797,INR,2026-08-12T09:52:00Z,BATCH-BLNK-4832
PO_B10_004833,BillDesk Settlement,ZOMA-ORD-890671 ZOMA-ORD-895502 ZOMA-ORD-579022 BATCH-ZOMA-4833,287189,5743,0,0,281446,INR,2026-08-12T12:36:00Z,BATCH-ZOMA-4833
PO_B10_004834,Stripe India,TATA-EXC-528245-UNRESOLVED,79373,1577,0,0,77796,INR,2026-08-13T00:42:00Z,HOLD-ESCROW
PO_B10_004835,PayU Enterprise,TATA-ORD-992931 TATA-ORD-496407 TATA-ORD-763481 BATCH-TATA-4835,380776,7615,0,0,373161,INR,2026-08-12T16:59:00Z,BATCH-TATA-4835
PO_B10_004836,BillDesk Settlement,PHNP-INV-762794 PO_B10_004836,390642,6841,0,0,383801,INR,2026-08-12T22:51:00Z,BATCH-PHNP-4836
PO_B10_004837,Stripe India,JIOO-INV-680710 PO_B10_004837,393568,9301,0,0,384267,INR,2026-08-13T00:54:00Z,BATCH-JIOO-4837
PO_B10_004838,PayU Enterprise,ZOMA-INV-860818 PO_B10_004838,178899,3700,0,0,175199,INR,2026-08-11T22:28:00Z,BATCH-ZOMA-4838
PO_B10_004839,PayU Enterprise,TATA-INV-796339 PO_B10_004839,257770,5604,0,0,252166,INR,2026-08-12T01:32:00Z,BATCH-TATA-4839
PO_B10_004840,Cashfree Escrow,NYKA-ORD-937577 NYKA-ORD-487734 BATCH-NYKA-4840,344806,6896,0,0,337910,INR,2026-08-11T21:26:00Z,BATCH-NYKA-4840
PO_B10_004841,Razorpay Nodal,BKMS-INV-917301 PO_B10_004841,83205,1640,0,0,81565,INR,2026-08-12T02:27:00Z,BATCH-BKMS-4841
PO_B10_004842,Razorpay Nodal,PHNP-ORD-254725 PHNP-ORD-321593 BATCH-PHNP-4842,242195,4843,0,0,237352,INR,2026-08-12T19:54:00Z,BATCH-PHNP-4842
PO_B10_004843,Stripe India,PAYT-INV-131214 PO_B10_004843,395622,6712,0,0,388910,INR,2026-08-12T10:42:00Z,BATCH-PAYT-4843
PO_B10_004844,Cashfree Escrow,SWIG-ORD-234760 SWIG-ORD-500755 BATCH-SWIG-4844,265692,5313,0,0,260379,INR,2026-08-12T20:24:00Z,BATCH-SWIG-4844
PO_B10_004845,Razorpay Nodal,UBER-INV-586562 PO_B10_004845,170645,3582,0,0,167063,INR,2026-08-11T23:38:00Z,BATCH-UBER-4845
PO_B10_004846,Cashfree Escrow,AMZN-INV-395798 PO_B10_004846,370668,8398,0,0,362270,INR,2026-08-13T00:38:00Z,BATCH-AMZN-4846
PO_B10_004847,Razorpay Nodal,MMTR-INV-787764 PO_B10_004847,136474,2097,0,0,134377,INR,2026-08-12T05:27:00Z,BATCH-MMTR-4847
PO_B10_004848,BillDesk Settlement,JIOO-INV-556841 PO_B10_004848,185723,3389,0,0,182334,INR,2026-08-12T01:37:00Z,BATCH-JIOO-4848
PO_B10_004849,BillDesk Settlement,MMTR-ORD-902127 MMTR-ORD-601378 MMTR-ORD-259708 BATCH-MMTR-4849,264353,5287,0,0,259066,INR,2026-08-12T01:36:00Z,BATCH-MMTR-4849
PO_B10_004850,BillDesk Settlement,AMZN-INV-639366 PO_B10_004850,41071,715,0,0,40356,INR,2026-08-12T08:59:00Z,BATCH-AMZN-4850
PO_B10_004851,Stripe India,PAYT-ORD-125931 PAYT-ORD-510765 BATCH-PAYT-4851,272326,5446,0,0,266880,INR,2026-08-11T22:28:00Z,BATCH-PAYT-4851
PO_B10_004852,BillDesk Settlement,MMTR-INV-959605 PO_B10_004852,349762,6528,0,0,343234,INR,2026-08-11T16:36:00Z,BATCH-MMTR-4852
PO_B10_004853,BillDesk Settlement,MMTR-INV-536658 PO_B10_004853,254851,4484,0,0,250367,INR,2026-08-11T22:51:00Z,BATCH-MMTR-4853
PO_B10_004854,Razorpay Nodal,ZOMA-INV-825305 PO_B10_004854,366696,6770,0,0,359926,INR,2026-08-12T21:58:00Z,BATCH-ZOMA-4854
PO_B10_004855,PayU Enterprise,ZOMA-INV-642171 PO_B10_004855,234352,5190,0,0,229162,INR,2026-08-12T12:41:00Z,BATCH-ZOMA-4855
PO_B10_004856,Stripe India,MMTR-INV-363444 PO_B10_004856,187665,3841,0,0,183824,INR,2026-08-11T23:31:00Z,BATCH-MMTR-4856
PO_B10_004857,BillDesk Settlement,BBAS-INV-262316 PO_B10_004857,349347,6828,0,0,342519,INR,2026-08-12T23:01:00Z,BATCH-BBAS-4857
PO_B10_004858,PayU Enterprise,ZOMA-INV-907814 PO_B10_004858,436740,7405,0,0,429335,INR,2026-08-12T18:18:00Z,BATCH-ZOMA-4858
PO_B10_004859,PayU Enterprise,PAYT-ORD-128735 PAYT-ORD-145801 BATCH-PAYT-4859,289602,5792,0,0,283810,INR,2026-08-12T20:24:00Z,BATCH-PAYT-4859
PO_B10_004860,Razorpay Nodal,SWIG-INV-502660 PO_B10_004860,83046,1251,0,0,81795,INR,2026-08-12T08:36:00Z,BATCH-SWIG-4860
PO_B10_004861,Stripe India,BKMS-ORD-211956 BKMS-ORD-310372 BATCH-BKMS-4861,219757,4395,0,0,215362,INR,2026-08-12T17:58:00Z,BATCH-BKMS-4861
PO_B10_004862,Razorpay Nodal,TATA-EXC-739673-UNRESOLVED,252270,5035,0,0,247235,INR,2026-08-12T17:15:00Z,HOLD-ESCROW
PO_B10_004863,Razorpay Nodal,PHNP-INV-537647 PO_B10_004863,317375,5829,0,0,311546,INR,2026-08-12T19:13:00Z,BATCH-PHNP-4863
PO_B10_004864,PayU Enterprise,PAYT-ORD-444493 PAYT-ORD-166439 PAYT-ORD-585874 BATCH-PAYT-4864,464506,9290,0,0,455216,INR,2026-08-12T13:36:00Z,BATCH-PAYT-4864
PO_B10_004865,Stripe India,AMZN-ORD-672200 AMZN-ORD-124980 AMZN-ORD-475591 BATCH-AMZN-4865,515499,10309,0,0,505190,INR,2026-08-12T15:26:00Z,BATCH-AMZN-4865
PO_B10_004866,Stripe India,UBER-ORD-578571 UBER-ORD-165875 BATCH-UBER-4866,173037,3460,0,0,169577,INR,2026-08-11T22:04:00Z,BATCH-UBER-4866
PO_B10_004867,PayU Enterprise,MYNT-INV-948143 PO_B10_004867,217863,5145,0,0,212718,INR,2026-08-12T00:27:00Z,BATCH-MYNT-4867
PO_B10_004868,Stripe India,MMTR-EXC-825627-UNRESOLVED,108629,2162,0,0,106467,INR,2026-08-13T00:19:00Z,HOLD-ESCROW
PO_B10_004869,PayU Enterprise,JIOO-INV-132615 PO_B10_004869,407841,8586,0,0,399255,INR,2026-08-12T16:19:00Z,BATCH-JIOO-4869
PO_B10_004870,PayU Enterprise,MYNT-INV-532475 PO_B10_004870,339972,7085,0,0,332887,INR,2026-08-12T04:00:00Z,BATCH-MYNT-4870
PO_B10_004871,Stripe India,BKMS-INV-529406 PO_B10_004871,380916,8120,0,0,372796,INR,2026-08-13T00:42:00Z,BATCH-BKMS-4871
PO_B10_004872,Razorpay Nodal,AMZN-INV-956741 PO_B10_004872,132629,2236,0,0,130393,INR,2026-08-12T15:26:00Z,BATCH-AMZN-4872
PO_B10_004873,Stripe India,BBAS-INV-368432 PO_B10_004873,319290,6862,0,0,312428,INR,2026-08-11T18:05:00Z,BATCH-BBAS-4873
PO_B10_004874,Cashfree Escrow,UBER-EXC-681235-UNRESOLVED,244604,4882,0,0,239722,INR,2026-08-12T10:14:00Z,HOLD-ESCROW
PO_B10_004875,Razorpay Nodal,TATA-ORD-222262 TATA-ORD-207780 TATA-ORD-991480 BATCH-TATA-4875,280834,5616,0,0,275218,INR,2026-08-11T23:06:00Z,BATCH-TATA-4875
PO_B10_004876,Razorpay Nodal,BKMS-INV-772953 PO_B10_004876,165771,3467,0,0,162304,INR,2026-08-11T22:17:00Z,BATCH-BKMS-4876
PO_B10_004877,Cashfree Escrow,BBAS-INV-228772 PO_B10_004877,68499,1388,0,0,67111,INR,2026-08-12T02:11:00Z,BATCH-BBAS-4877
PO_B10_004878,PayU Enterprise,AMZN-INV-266965 PO_B10_004878,378395,6097,0,0,372298,INR,2026-08-12T12:45:00Z,BATCH-AMZN-4878
PO_B10_004879,Stripe India,AMZN-INV-442009 PO_B10_004879,66099,1578,0,0,64521,INR,2026-08-12T13:12:00Z,BATCH-AMZN-4879
PO_B10_004880,Razorpay Nodal,UBER-INV-317973 PO_B10_004880,446145,9850,0,0,436295,INR,2026-08-12T06:23:00Z,BATCH-UBER-4880
PO_B10_004881,Cashfree Escrow,PAYT-INV-854342 PO_B10_004881,178334,3808,0,0,174526,INR,2026-08-12T01:08:00Z,BATCH-PAYT-4881
PO_B10_004882,Stripe India,BKMS-INV-857013 PO_B10_004882,333108,6072,0,0,327036,INR,2026-08-12T09:44:00Z,BATCH-BKMS-4882
PO_B10_004883,Cashfree Escrow,ZOMA-ORD-571799 ZOMA-ORD-308164 ZOMA-ORD-846815 BATCH-ZOMA-4883,155722,3114,0,0,152608,INR,2026-08-12T15:58:00Z,BATCH-ZOMA-4883
PO_B10_004884,BillDesk Settlement,JIOO-INV-923915 PO_B10_004884,49114,1129,0,0,47985,INR,2026-08-11T18:48:00Z,BATCH-JIOO-4884
PO_B10_004885,PayU Enterprise,SWIG-ORD-955447 SWIG-ORD-822042 SWIG-ORD-200370 BATCH-SWIG-4885,495169,9903,0,0,485266,INR,2026-08-12T10:42:00Z,BATCH-SWIG-4885
PO_B10_004886,BillDesk Settlement,UBER-INV-329165 PO_B10_004886,210417,4346,0,0,206071,INR,2026-08-11T23:42:00Z,BATCH-UBER-4886
PO_B10_004887,PayU Enterprise,MYNT-INV-926427 PO_B10_004887,420814,7077,0,0,413737,INR,2026-08-11T14:13:00Z,BATCH-MYNT-4887
PO_B10_004888,Cashfree Escrow,BBAS-INV-686536 PO_B10_004888,113080,2622,0,0,110458,INR,2026-08-11T22:40:00Z,BATCH-BBAS-4888
PO_B10_004889,Razorpay Nodal,SWIG-INV-215862 PO_B10_004889,316178,5183,0,0,310995,INR,2026-08-12T17:16:00Z,BATCH-SWIG-4889
PO_B10_004890,Cashfree Escrow,BBAS-ORD-414153 BBAS-ORD-541404 BATCH-BBAS-4890,283249,5664,0,0,277585,INR,2026-08-12T14:43:00Z,BATCH-BBAS-4890
PO_B10_004891,Razorpay Nodal,FLPK-ORD-799645 FLPK-ORD-141989 BATCH-FLPK-4891,353666,7073,0,0,346593,INR,2026-08-12T01:57:00Z,BATCH-FLPK-4891
PO_B10_004892,Razorpay Nodal,PHNP-ORD-558953 PHNP-ORD-204625 PHNP-ORD-590663 BATCH-PHNP-4892,611329,12226,0,0,599103,INR,2026-08-11T23:54:00Z,BATCH-PHNP-4892
PO_B10_004893,BillDesk Settlement,SWIG-INV-966398 PO_B10_004893,422274,9399,0,0,412875,INR,2026-08-12T02:47:00Z,BATCH-SWIG-4893
PO_B10_004894,Razorpay Nodal,MMTR-INV-768756 PO_B10_004894,108923,2545,0,0,106378,INR,2026-08-12T16:25:00Z,BATCH-MMTR-4894
PO_B10_004895,Razorpay Nodal,MMTR-INV-886270 PO_B10_004895,34795,705,0,0,34090,INR,2026-08-13T00:49:00Z,BATCH-MMTR-4895
PO_B10_004896,Stripe India,UBER-INV-633530 PO_B10_004896,316935,6454,0,0,310481,INR,2026-08-11T16:45:00Z,BATCH-UBER-4896
PO_B10_004897,Stripe India,ZOMA-INV-914009 PO_B10_004897,437336,8605,0,0,428731,INR,2026-08-12T10:39:00Z,BATCH-ZOMA-4897
PO_B10_004898,Stripe India,AMZN-INV-643590 PO_B10_004898,320766,4830,0,0,315936,INR,2026-08-12T11:55:00Z,BATCH-AMZN-4898
PO_B10_004899,PayU Enterprise,MYNT-INV-680632 PO_B10_004899,61716,1011,0,0,60705,INR,2026-08-12T14:03:00Z,BATCH-MYNT-4899
PO_B10_004900,BillDesk Settlement,TATA-ORD-288405 TATA-ORD-540296 BATCH-TATA-4900,361354,7227,0,0,354127,INR,2026-08-11T22:08:00Z,BATCH-TATA-4900
PO_B10_004901,Razorpay Nodal,MYNT-EXC-253192-UNRESOLVED,189114,3772,0,0,185342,INR,2026-08-13T08:02:00Z,HOLD-ESCROW
PO_B10_004902,PayU Enterprise,AMZN-INV-197709 PO_B10_004902,321954,6806,0,0,315148,INR,2026-08-12T04:55:00Z,BATCH-AMZN-4902
PO_B10_004903,BillDesk Settlement,BLNK-INV-196343 PO_B10_004903,395970,6360,0,0,389610,INR,2026-08-12T04:49:00Z,BATCH-BLNK-4903
PO_B10_004904,Stripe India,TATA-ORD-250100 TATA-ORD-151953 BATCH-TATA-4904,166957,3339,0,0,163618,INR,2026-08-12T05:20:00Z,BATCH-TATA-4904
PO_B10_004905,Cashfree Escrow,MMTR-EXC-807237-UNRESOLVED,110933,2208,0,0,108725,INR,2026-08-12T11:48:00Z,HOLD-ESCROW
PO_B10_004906,PayU Enterprise,PAYT-INV-778902 PO_B10_004906,96485,1755,0,0,94730,INR,2026-08-12T11:36:00Z,BATCH-PAYT-4906
PO_B10_004907,PayU Enterprise,BKMS-INV-826087 PO_B10_004907,137242,2712,0,0,134530,INR,2026-08-12T13:22:00Z,BATCH-BKMS-4907
PO_B10_004908,Razorpay Nodal,MMTR-EXC-535488-UNRESOLVED,173224,3454,0,0,169770,INR,2026-08-12T22:31:00Z,HOLD-ESCROW
PO_B10_004909,Stripe India,BBAS-ORD-452846 BBAS-ORD-272765 BATCH-BBAS-4909,450089,9001,0,0,441088,INR,2026-08-12T11:36:00Z,BATCH-BBAS-4909
PO_B10_004910,BillDesk Settlement,JIOO-ORD-491568 JIOO-ORD-972168 JIOO-ORD-339477 BATCH-JIOO-4910,200664,4013,0,0,196651,INR,2026-08-12T12:51:00Z,BATCH-JIOO-4910
PO_B10_004911,Cashfree Escrow,NYKA-EXC-332490-UNRESOLVED,173163,3453,0,0,169710,INR,2026-08-13T01:00:00Z,HOLD-ESCROW
PO_B10_004912,Stripe India,BBAS-EXC-315752-UNRESOLVED,202586,4041,0,0,198545,INR,2026-08-13T03:53:00Z,HOLD-ESCROW
PO_B10_004913,PayU Enterprise,ZOMA-EXC-847845-UNRESOLVED,267783,5345,0,0,262438,INR,2026-08-13T04:33:00Z,HOLD-ESCROW
PO_B10_004914,PayU Enterprise,BLNK-INV-609118 PO_B10_004914,75563,1611,0,0,73952,INR,2026-08-12T06:39:00Z,BATCH-BLNK-4914
PO_B10_004915,Stripe India,BBAS-INV-183169 PO_B10_004915,245580,4101,0,0,241479,INR,2026-08-11T20:43:00Z,BATCH-BBAS-4915
PO_B10_004916,Razorpay Nodal,SWIG-INV-221830 PO_B10_004916,136184,2139,0,0,134045,INR,2026-08-11T22:43:00Z,BATCH-SWIG-4916
PO_B10_004917,PayU Enterprise,UBER-INV-534279 PO_B10_004917,344103,6812,0,0,337291,INR,2026-08-13T02:58:00Z,BATCH-UBER-4917
PO_B10_004918,PayU Enterprise,UBER-INV-672577 PO_B10_004918,344463,8339,0,0,336124,INR,2026-08-12T08:44:00Z,BATCH-UBER-4918
PO_B10_004919,PayU Enterprise,PHNP-INV-585191 PO_B10_004919,177890,2920,0,0,174970,INR,2026-08-12T12:54:00Z,BATCH-PHNP-4919
PO_B10_004920,Razorpay Nodal,SWIG-INV-723106 PO_B10_004920,147840,3127,0,0,144713,INR,2026-08-13T01:04:00Z,BATCH-SWIG-4920
PO_B10_004921,BillDesk Settlement,NYKA-INV-520279 PO_B10_004921,93299,2140,0,0,91159,INR,2026-08-12T13:55:00Z,BATCH-NYKA-4921
PO_B10_004922,Razorpay Nodal,JIOO-INV-395075 PO_B10_004922,163231,3052,0,0,160179,INR,2026-08-11T23:54:00Z,BATCH-JIOO-4922
PO_B10_004923,BillDesk Settlement,BLNK-INV-175930 PO_B10_004923,65069,1052,0,0,64017,INR,2026-08-12T08:28:00Z,BATCH-BLNK-4923
PO_B10_004924,Razorpay Nodal,MMTR-INV-226085 PO_B10_004924,212242,4362,0,0,207880,INR,2026-08-12T12:53:00Z,BATCH-MMTR-4924
PO_B10_004925,BillDesk Settlement,AMZN-INV-531988 PO_B10_004925,210721,3765,0,0,206956,INR,2026-08-12T17:19:00Z,BATCH-AMZN-4925
PO_B10_004926,Stripe India,UBER-INV-440867 PO_B10_004926,129342,2120,0,0,127222,INR,2026-08-12T21:13:00Z,BATCH-UBER-4926
PO_B10_004927,BillDesk Settlement,ZOMA-EXC-572665-UNRESOLVED,186394,3717,0,0,182677,INR,2026-08-12T15:15:00Z,HOLD-ESCROW
PO_B10_004928,Razorpay Nodal,JIOO-ORD-818227 JIOO-ORD-999526 BATCH-JIOO-4928,305706,6114,0,0,299592,INR,2026-08-12T19:02:00Z,BATCH-JIOO-4928
PO_B10_004929,Razorpay Nodal,OLAA-INV-147394 PO_B10_004929,419333,8047,0,0,411286,INR,2026-08-12T04:33:00Z,BATCH-OLAA-4929
PO_B10_004930,PayU Enterprise,UBER-ORD-122656 UBER-ORD-601673 UBER-ORD-431527 BATCH-UBER-4930,365984,7319,0,0,358665,INR,2026-08-11T21:41:00Z,BATCH-UBER-4930
PO_B10_004931,Stripe India,MMTR-EXC-107220-UNRESOLVED,251493,5019,0,0,246474,INR,2026-08-12T17:18:00Z,HOLD-ESCROW
PO_B10_004932,Cashfree Escrow,MMTR-INV-194108 PO_B10_004932,141292,3447,0,0,137845,INR,2026-08-12T09:00:00Z,BATCH-MMTR-4932
PO_B10_004933,Stripe India,JIOO-ORD-862430 JIOO-ORD-442010 JIOO-ORD-151553 BATCH-JIOO-4933,332242,6644,0,0,325598,INR,2026-08-12T07:52:00Z,BATCH-JIOO-4933
PO_B10_004934,PayU Enterprise,TATA-INV-358703 PO_B10_004934,310980,5264,0,0,305716,INR,2026-08-12T01:27:00Z,BATCH-TATA-4934
PO_B10_004935,BillDesk Settlement,AMZN-ORD-410611 AMZN-ORD-950024 AMZN-ORD-446258 BATCH-AMZN-4935,475928,9518,0,0,466410,INR,2026-08-12T08:46:00Z,BATCH-AMZN-4935
PO_B10_004936,Cashfree Escrow,PAYT-INV-739841 PO_B10_004936,330375,6542,0,0,323833,INR,2026-08-12T16:58:00Z,BATCH-PAYT-4936
PO_B10_004937,PayU Enterprise,MMTR-INV-318818 PO_B10_004937,428845,9505,0,0,419340,INR,2026-08-11T18:26:00Z,BATCH-MMTR-4937
PO_B10_004938,PayU Enterprise,MMTR-ORD-700297 MMTR-ORD-104833 BATCH-MMTR-4938,377999,7559,0,0,370440,INR,2026-08-11T23:23:00Z,BATCH-MMTR-4938
PO_B10_004939,Stripe India,BLNK-ORD-881832 BLNK-ORD-883491 BLNK-ORD-460338 BATCH-BLNK-4939,352582,7051,0,0,345531,INR,2026-08-12T12:27:00Z,BATCH-BLNK-4939
PO_B10_004940,Stripe India,TATA-INV-583583 PO_B10_004940,357638,5601,0,0,352037,INR,2026-08-11T16:36:00Z,BATCH-TATA-4940
PO_B10_004941,BillDesk Settlement,PHNP-ORD-147000 PHNP-ORD-409443 PHNP-ORD-430809 BATCH-PHNP-4941,444467,8889,0,0,435578,INR,2026-08-12T04:22:00Z,BATCH-PHNP-4941
PO_B10_004942,Stripe India,UBER-INV-479820 PO_B10_004942,442164,7648,0,0,434516,INR,2026-08-12T01:40:00Z,BATCH-UBER-4942
PO_B10_004943,Razorpay Nodal,TATA-INV-584815 PO_B10_004943,46463,1056,0,0,45407,INR,2026-08-12T01:17:00Z,BATCH-TATA-4943
PO_B10_004944,PayU Enterprise,SWIG-ORD-657446 SWIG-ORD-803928 SWIG-ORD-142794 BATCH-SWIG-4944,441988,8839,0,0,433149,INR,2026-08-11T21:55:00Z,BATCH-SWIG-4944
PO_B10_004945,Razorpay Nodal,MMTR-ORD-470851 MMTR-ORD-164395 BATCH-MMTR-4945,278009,5560,0,0,272449,INR,2026-08-11T23:46:00Z,BATCH-MMTR-4945
PO_B10_004946,BillDesk Settlement,BBAS-INV-588555 PO_B10_004946,306228,7517,0,0,298711,INR,2026-08-11T20:55:00Z,BATCH-BBAS-4946
PO_B10_004947,Razorpay Nodal,JIOO-ORD-534686 JIOO-ORD-450959 JIOO-ORD-720371 BATCH-JIOO-4947,114629,2292,0,0,112337,INR,2026-08-12T16:01:00Z,BATCH-JIOO-4947
PO_B10_004948,Razorpay Nodal,PHNP-INV-300395 PO_B10_004948,290953,4526,0,0,286427,INR,2026-08-12T14:33:00Z,BATCH-PHNP-4948
PO_B10_004949,Razorpay Nodal,FLPK-INV-144430 PO_B10_004949,356191,5412,0,0,350779,INR,2026-08-11T23:05:00Z,BATCH-FLPK-4949
PO_B10_004950,BillDesk Settlement,FLPK-INV-171782 PO_B10_004950,33611,606,0,0,33005,INR,2026-08-12T12:21:00Z,BATCH-FLPK-4950
PO_B10_004951,Razorpay Nodal,TATA-INV-373968 PO_B10_004951,217339,4900,0,0,212439,INR,2026-08-12T15:12:00Z,BATCH-TATA-4951
PO_B10_004952,Razorpay Nodal,UBER-ORD-394026 UBER-ORD-927808 BATCH-UBER-4952,448856,8977,0,0,439879,INR,2026-08-12T20:58:00Z,BATCH-UBER-4952
PO_B10_004953,PayU Enterprise,SWIG-INV-921479 PO_B10_004953,202997,4678,0,0,198319,INR,2026-08-13T01:38:00Z,BATCH-SWIG-4953
PO_B10_004954,PayU Enterprise,PHNP-INV-534395 PO_B10_004954,361607,7164,0,0,354443,INR,2026-08-12T12:59:00Z,BATCH-PHNP-4954
PO_B10_004955,Razorpay Nodal,TATA-INV-150609 PO_B10_004955,326398,6318,0,0,320080,INR,2026-08-12T22:51:00Z,BATCH-TATA-4955
PO_B10_004956,PayU Enterprise,OLAA-ORD-246132 OLAA-ORD-913710 BATCH-OLAA-4956,214382,4287,0,0,210095,INR,2026-08-11T23:22:00Z,BATCH-OLAA-4956
PO_B10_004957,PayU Enterprise,MYNT-EXC-247815-UNRESOLVED,137243,2734,0,0,134509,INR,2026-08-12T13:23:00Z,HOLD-ESCROW
PO_B10_004958,Razorpay Nodal,MYNT-ORD-245624 MYNT-ORD-992946 MYNT-ORD-240646 BATCH-MYNT-4958,476690,9533,0,0,467157,INR,2026-08-12T12:29:00Z,BATCH-MYNT-4958
PO_B10_004959,Cashfree Escrow,PHNP-INV-172035 PO_B10_004959,432396,7147,0,0,425249,INR,2026-08-12T12:01:00Z,BATCH-PHNP-4959
PO_B10_004960,BillDesk Settlement,SWIG-INV-620917 PO_B10_004960,228964,4279,0,0,224685,INR,2026-08-12T19:46:00Z,BATCH-SWIG-4960
PO_B10_004961,Razorpay Nodal,AMZN-INV-320804 PO_B10_004961,82574,1665,0,0,80909,INR,2026-08-12T06:14:00Z,BATCH-AMZN-4961
PO_B10_004962,Cashfree Escrow,BKMS-ORD-437581 BKMS-ORD-464776 BATCH-BKMS-4962,217309,4346,0,0,212963,INR,2026-08-12T08:22:00Z,BATCH-BKMS-4962
PO_B10_004963,Razorpay Nodal,ZOMA-INV-986634 PO_B10_004963,130751,3034,0,0,127717,INR,2026-08-12T15:02:00Z,BATCH-ZOMA-4963
PO_B10_004964,Stripe India,BBAS-INV-963052 PO_B10_004964,32521,494,0,0,32027,INR,2026-08-12T07:53:00Z,BATCH-BBAS-4964
PO_B10_004965,Razorpay Nodal,UBER-INV-796892 PO_B10_004965,130606,2016,0,0,128590,INR,2026-08-12T11:11:00Z,BATCH-UBER-4965
PO_B10_004966,Stripe India,FLPK-INV-786159 PO_B10_004966,280055,4289,0,0,275766,INR,2026-08-11T23:05:00Z,BATCH-FLPK-4966
PO_B10_004967,BillDesk Settlement,ZOMA-INV-753322 PO_B10_004967,179755,2911,0,0,176844,INR,2026-08-13T02:37:00Z,BATCH-ZOMA-4967
PO_B10_004968,Razorpay Nodal,ZOMA-INV-525910 PO_B10_004968,167421,2897,0,0,164524,INR,2026-08-12T02:26:00Z,BATCH-ZOMA-4968
PO_B10_004969,PayU Enterprise,PHNP-ORD-832603 PHNP-ORD-995355 PHNP-ORD-181274 BATCH-PHNP-4969,225545,4510,0,0,221035,INR,2026-08-12T12:17:00Z,BATCH-PHNP-4969
PO_B10_004970,PayU Enterprise,PHNP-INV-240849 PO_B10_004970,62103,1479,0,0,60624,INR,2026-08-12T23:16:00Z,BATCH-PHNP-4970
PO_B10_004971,Razorpay Nodal,OLAA-INV-264601 PO_B10_004971,30510,538,0,0,29972,INR,2026-08-12T15:41:00Z,BATCH-OLAA-4971
PO_B10_004972,Razorpay Nodal,FLPK-ORD-567078 FLPK-ORD-939961 FLPK-ORD-146767 BATCH-FLPK-4972,329426,6588,0,0,322838,INR,2026-08-12T08:01:00Z,BATCH-FLPK-4972
PO_B10_004973,BillDesk Settlement,BLNK-INV-678435 PO_B10_004973,308181,6055,0,0,302126,INR,2026-08-12T13:39:00Z,BATCH-BLNK-4973
PO_B10_004974,Razorpay Nodal,BLNK-ORD-524472 BLNK-ORD-778823 BLNK-ORD-546671 BATCH-BLNK-4974,387673,7753,0,0,379920,INR,2026-08-12T12:29:00Z,BATCH-BLNK-4974
PO_B10_004975,PayU Enterprise,PHNP-INV-948175 PO_B10_004975,176852,3751,0,0,173101,INR,2026-08-11T21:18:00Z,BATCH-PHNP-4975
PO_B10_004976,Stripe India,PAYT-INV-459679 PO_B10_004976,262687,5213,0,0,257474,INR,2026-08-11T20:56:00Z,BATCH-PAYT-4976
PO_B10_004977,PayU Enterprise,ZOMA-INV-624232 PO_B10_004977,111270,1835,0,0,109435,INR,2026-08-12T07:04:00Z,BATCH-ZOMA-4977
PO_B10_004978,PayU Enterprise,AMZN-ORD-312095 AMZN-ORD-907849 BATCH-AMZN-4978,363972,7279,0,0,356693,INR,2026-08-12T04:49:00Z,BATCH-AMZN-4978
PO_B10_004979,Stripe India,PAYT-EXC-565055-UNRESOLVED,181943,3628,0,0,178315,INR,2026-08-13T07:59:00Z,HOLD-ESCROW
PO_B10_004980,Stripe India,OLAA-INV-892933 PO_B10_004980,35765,659,0,0,35106,INR,2026-08-12T13:52:00Z,BATCH-OLAA-4980
PO_B10_004981,Cashfree Escrow,BLNK-ORD-316639 BLNK-ORD-290234 BATCH-BLNK-4981,301562,6031,0,0,295531,INR,2026-08-12T12:09:00Z,BATCH-BLNK-4981
PO_B10_004982,Cashfree Escrow,PHNP-INV-499364 PO_B10_004982,432691,8202,0,0,424489,INR,2026-08-12T12:24:00Z,BATCH-PHNP-4982
PO_B10_004983,PayU Enterprise,AMZN-INV-889075 PO_B10_004983,250829,5901,0,0,244928,INR,2026-08-12T22:58:00Z,BATCH-AMZN-4983
PO_B10_004984,Stripe India,SWIG-INV-282792 PO_B10_004984,283771,5555,0,0,278216,INR,2026-08-12T01:55:00Z,BATCH-SWIG-4984
PO_B10_004985,Razorpay Nodal,BLNK-INV-946609 PO_B10_004985,332077,7567,0,0,324510,INR,2026-08-12T16:23:00Z,BATCH-BLNK-4985
PO_B10_004986,BillDesk Settlement,JIOO-INV-996686 PO_B10_004986,165534,2816,0,0,162718,INR,2026-08-12T09:41:00Z,BATCH-JIOO-4986
PO_B10_004987,BillDesk Settlement,ZOMA-ORD-387749 ZOMA-ORD-716613 ZOMA-ORD-241464 BATCH-ZOMA-4987,308491,6169,0,0,302322,INR,2026-08-12T15:15:00Z,BATCH-ZOMA-4987
PO_B10_004988,Razorpay Nodal,PAYT-INV-379843 PO_B10_004988,112743,2145,0,0,110598,INR,2026-08-12T14:30:00Z,BATCH-PAYT-4988
PO_B10_004989,Stripe India,AMZN-INV-344952 PO_B10_004989,365769,6247,0,0,359522,INR,2026-08-12T01:01:00Z,BATCH-AMZN-4989
PO_B10_004990,Stripe India,OLAA-INV-100019 PO_B10_004990,170499,4039,0,0,166460,INR,2026-08-12T04:36:00Z,BATCH-OLAA-4990
PO_B10_004991,Razorpay Nodal,MMTR-ORD-918272 MMTR-ORD-622921 MMTR-ORD-384422 BATCH-MMTR-4991,236196,4723,0,0,231473,INR,2026-08-12T11:39:00Z,BATCH-MMTR-4991
PO_B10_004992,Razorpay Nodal,NYKA-INV-422851 PO_B10_004992,267989,4774,0,0,263215,INR,2026-08-12T07:36:00Z,BATCH-NYKA-4992
PO_B10_004993,Cashfree Escrow,MMTR-ORD-747567 MMTR-ORD-751397 BATCH-MMTR-4993,198494,3969,0,0,194525,INR,2026-08-12T18:20:00Z,BATCH-MMTR-4993
PO_B10_004994,BillDesk Settlement,BBAS-ORD-316078 BBAS-ORD-910717 BBAS-ORD-142955 BATCH-BBAS-4994,499368,9987,0,0,489381,INR,2026-08-12T11:22:00Z,BATCH-BBAS-4994
PO_B10_004995,Stripe India,BLNK-ORD-802179 BLNK-ORD-504322 BATCH-BLNK-4995,319130,6382,0,0,312748,INR,2026-08-11T23:43:00Z,BATCH-BLNK-4995
PO_B10_004996,PayU Enterprise,UBER-INV-728557 PO_B10_004996,362628,5905,0,0,356723,INR,2026-08-12T06:28:00Z,BATCH-UBER-4996
PO_B10_004997,Razorpay Nodal,PAYT-ORD-403365 PAYT-ORD-377392 PAYT-ORD-754092 BATCH-PAYT-4997,598922,11978,0,0,586944,INR,2026-08-12T03:36:00Z,BATCH-PAYT-4997
PO_B10_004998,Cashfree Escrow,NYKA-INV-363382 PO_B10_004998,208892,4625,0,0,204267,INR,2026-08-12T04:18:00Z,BATCH-NYKA-4998
PO_B10_004999,BillDesk Settlement,ZOMA-INV-718206 PO_B10_004999,53390,1028,0,0,52362,INR,2026-08-13T00:00:00Z,BATCH-ZOMA-4999
PO_B10_005000,Cashfree Escrow,TATA-INV-721427 PO_B10_005000,78850,1780,0,0,77070,INR,2026-08-12T17:13:00Z,BATCH-TATA-5000
PO_B10_005001,Stripe India,ZOMA-INV-592698 PO_B10_005001,381035,6709,0,0,374326,INR,2026-08-12T05:38:00Z,BATCH-ZOMA-5001
PO_B10_005002,BillDesk Settlement,BBAS-INV-765729 PO_B10_005002,204689,3639,0,0,201050,INR,2026-08-13T01:13:00Z,BATCH-BBAS-5002
PO_B10_005003,Stripe India,BKMS-INV-548926 PO_B10_005003,164689,3104,0,0,161585,INR,2026-08-12T13:16:00Z,BATCH-BKMS-5003
PO_B10_005004,BillDesk Settlement,MMTR-INV-830816 PO_B10_005004,318503,6103,0,0,312400,INR,2026-08-12T13:08:00Z,BATCH-MMTR-5004
PO_B10_005005,PayU Enterprise,MYNT-ORD-726879 MYNT-ORD-531611 BATCH-MYNT-5005,210079,4201,0,0,205878,INR,2026-08-12T12:35:00Z,BATCH-MYNT-5005
PO_B10_005006,Razorpay Nodal,NYKA-INV-142408 PO_B10_005006,340889,6656,0,0,334233,INR,2026-08-12T12:16:00Z,BATCH-NYKA-5006
PO_B10_005007,Cashfree Escrow,FLPK-INV-257390 PO_B10_005007,442438,7270,0,0,435168,INR,2026-08-12T11:40:00Z,BATCH-FLPK-5007
PO_B10_005008,PayU Enterprise,JIOO-ORD-799957 JIOO-ORD-802570 BATCH-JIOO-5008,234088,4681,0,0,229407,INR,2026-08-12T16:51:00Z,BATCH-JIOO-5008
PO_B10_005009,Cashfree Escrow,NYKA-INV-221216 PO_B10_005009,245099,5194,0,0,239905,INR,2026-08-11T17:13:00Z,BATCH-NYKA-5009
PO_B10_005010,Stripe India,BLNK-ORD-912342 BLNK-ORD-348560 BATCH-BLNK-5010,293069,5861,0,0,287208,INR,2026-08-12T10:50:00Z,BATCH-BLNK-5010
PO_B10_005011,PayU Enterprise,TATA-INV-200448 PO_B10_005011,67824,1673,0,0,66151,INR,2026-08-12T20:57:00Z,BATCH-TATA-5011
PO_B10_005012,PayU Enterprise,PHNP-ORD-648437 PHNP-ORD-963628 BATCH-PHNP-5012,161659,3233,0,0,158426,INR,2026-08-12T10:40:00Z,BATCH-PHNP-5012
PO_B10_005013,Razorpay Nodal,FLPK-INV-364026 PO_B10_005013,302523,5459,0,0,297064,INR,2026-08-12T00:45:00Z,BATCH-FLPK-5013
PO_B10_005014,BillDesk Settlement,MYNT-INV-509694 PO_B10_005014,191093,4608,0,0,186485,INR,2026-08-12T11:26:00Z,BATCH-MYNT-5014
PO_B10_005015,Razorpay Nodal,NYKA-EXC-671726-UNRESOLVED,208037,4150,0,0,203887,INR,2026-08-12T18:34:00Z,HOLD-ESCROW
PO_B10_005016,Razorpay Nodal,BBAS-INV-800709 PO_B10_005016,279160,5469,0,0,273691,INR,2026-08-12T05:15:00Z,BATCH-BBAS-5016
PO_B10_005017,BillDesk Settlement,UBER-INV-783828 PO_B10_005017,292366,4842,0,0,287524,INR,2026-08-12T04:35:00Z,BATCH-UBER-5017
PO_B10_005018,Razorpay Nodal,AMZN-INV-942476 PO_B10_005018,127363,2470,0,0,124893,INR,2026-08-12T01:41:00Z,BATCH-AMZN-5018
PO_B10_005019,Stripe India,ZOMA-EXC-258448-UNRESOLVED,87800,1746,0,0,86054,INR,2026-08-12T13:01:00Z,HOLD-ESCROW
PO_B10_005020,BillDesk Settlement,FLPK-ORD-710028 FLPK-ORD-883029 BATCH-FLPK-5020,309256,6185,0,0,303071,INR,2026-08-11T21:33:00Z,BATCH-FLPK-5020
PO_B10_005021,Stripe India,ZOMA-INV-245712 PO_B10_005021,356569,7384,0,0,349185,INR,2026-08-12T11:50:00Z,BATCH-ZOMA-5021
PO_B10_005022,PayU Enterprise,MMTR-INV-265180 PO_B10_005022,234267,4082,0,0,230185,INR,2026-08-11T22:51:00Z,BATCH-MMTR-5022
PO_B10_005023,Cashfree Escrow,TATA-INV-599517 PO_B10_005023,61621,1260,0,0,60361,INR,2026-08-11T15:31:00Z,BATCH-TATA-5023
PO_B10_005024,Cashfree Escrow,AMZN-ORD-747108 AMZN-ORD-686991 AMZN-ORD-346238 BATCH-AMZN-5024,614841,12296,0,0,602545,INR,2026-08-11T21:29:00Z,BATCH-AMZN-5024
PO_B10_005025,Razorpay Nodal,PHNP-INV-283633 PO_B10_005025,96031,1803,0,0,94228,INR,2026-08-12T01:47:00Z,BATCH-PHNP-5025
PO_B10_005026,Razorpay Nodal,OLAA-EXC-193863-UNRESOLVED,258704,5164,0,0,253540,INR,2026-08-12T14:22:00Z,HOLD-ESCROW
PO_B10_005027,Stripe India,BLNK-INV-679298 PO_B10_005027,197094,4758,0,0,192336,INR,2026-08-12T01:22:00Z,BATCH-BLNK-5027
PO_B10_005028,PayU Enterprise,PAYT-INV-261112 PO_B10_005028,72916,1191,0,0,71725,INR,2026-08-12T03:38:00Z,BATCH-PAYT-5028
PO_B10_005029,Cashfree Escrow,ZOMA-ORD-278260 ZOMA-ORD-841646 BATCH-ZOMA-5029,270678,5413,0,0,265265,INR,2026-08-12T10:18:00Z,BATCH-ZOMA-5029
PO_B10_005030,Razorpay Nodal,MYNT-INV-160808 PO_B10_005030,237112,4372,0,0,232740,INR,2026-08-12T15:03:00Z,BATCH-MYNT-5030
PO_B10_005031,PayU Enterprise,BKMS-ORD-292961 BKMS-ORD-481874 BATCH-BKMS-5031,121654,2433,0,0,119221,INR,2026-08-12T17:04:00Z,BATCH-BKMS-5031
PO_B10_005032,Razorpay Nodal,TATA-INV-979161 PO_B10_005032,85144,1837,0,0,83307,INR,2026-08-12T16:26:00Z,BATCH-TATA-5032
PO_B10_005033,Cashfree Escrow,MYNT-INV-430396 PO_B10_005033,228055,5018,0,0,223037,INR,2026-08-12T05:12:00Z,BATCH-MYNT-5033
PO_B10_005034,BillDesk Settlement,BLNK-INV-485420 PO_B10_005034,441691,9470,0,0,432221,INR,2026-08-12T12:37:00Z,BATCH-BLNK-5034
PO_B10_005035,PayU Enterprise,MMTR-INV-313815 PO_B10_005035,236904,5157,0,0,231747,INR,2026-08-12T12:35:00Z,BATCH-MMTR-5035
PO_B10_005036,Cashfree Escrow,ZOMA-ORD-982384 ZOMA-ORD-796649 BATCH-ZOMA-5036,316231,6324,0,0,309907,INR,2026-08-12T20:53:00Z,BATCH-ZOMA-5036
PO_B10_005037,Stripe India,UBER-ORD-819891 UBER-ORD-834831 BATCH-UBER-5037,431398,8627,0,0,422771,INR,2026-08-12T01:56:00Z,BATCH-UBER-5037
PO_B10_005038,PayU Enterprise,AMZN-INV-977111 PO_B10_005038,87434,1804,0,0,85630,INR,2026-08-12T04:58:00Z,BATCH-AMZN-5038
PO_B10_005039,Cashfree Escrow,SWIG-INV-107330 PO_B10_005039,258679,4667,0,0,254012,INR,2026-08-12T10:59:00Z,BATCH-SWIG-5039
PO_B10_005040,BillDesk Settlement,FLPK-ORD-842146 FLPK-ORD-918942 BATCH-FLPK-5040,290931,5818,0,0,285113,INR,2026-08-12T17:20:00Z,BATCH-FLPK-5040
PO_B10_005041,Razorpay Nodal,PHNP-INV-570155 PO_B10_005041,270873,5062,0,0,265811,INR,2026-08-11T23:30:00Z,BATCH-PHNP-5041
PO_B10_005042,BillDesk Settlement,PHNP-INV-123478 PO_B10_005042,402449,7420,0,0,395029,INR,2026-08-12T14:26:00Z,BATCH-PHNP-5042
PO_B10_005043,BillDesk Settlement,BBAS-INV-696439 PO_B10_005043,53647,1065,0,0,52582,INR,2026-08-12T13:35:00Z,BATCH-BBAS-5043
PO_B10_005044,PayU Enterprise,NYKA-INV-366697 PO_B10_005044,57771,1389,0,0,56382,INR,2026-08-12T12:24:00Z,BATCH-NYKA-5044
PO_B10_005045,BillDesk Settlement,MMTR-ORD-280555 MMTR-ORD-282658 MMTR-ORD-799097 BATCH-MMTR-5045,405868,8117,0,0,397751,INR,2026-08-12T20:47:00Z,BATCH-MMTR-5045
PO_B10_005046,Stripe India,BKMS-ORD-292771 BKMS-ORD-286745 BATCH-BKMS-5046,233413,4668,0,0,228745,INR,2026-08-11T23:23:00Z,BATCH-BKMS-5046
PO_B10_005047,Cashfree Escrow,AMZN-INV-152412 PO_B10_005047,64950,1251,0,0,63699,INR,2026-08-12T15:55:00Z,BATCH-AMZN-5047
PO_B10_005048,Razorpay Nodal,TATA-ORD-449717 TATA-ORD-786620 BATCH-TATA-5048,376076,7521,0,0,368555,INR,2026-08-12T20:13:00Z,BATCH-TATA-5048
PO_B10_005049,PayU Enterprise,BKMS-INV-446066 PO_B10_005049,127273,1973,0,0,125300,INR,2026-08-12T06:04:00Z,BATCH-BKMS-5049
PO_B10_005050,Stripe India,UBER-ORD-437544 UBER-ORD-952142 UBER-ORD-105160 BATCH-UBER-5050,563773,11275,0,0,552498,INR,2026-08-12T11:31:00Z,BATCH-UBER-5050
PO_B10_005051,PayU Enterprise,MYNT-INV-306456 PO_B10_005051,57853,1444,0,0,56409,INR,2026-08-11T17:25:00Z,BATCH-MYNT-5051
PO_B10_005052,Stripe India,FLPK-INV-144320 PO_B10_005052,241222,5187,0,0,236035,INR,2026-08-12T06:58:00Z,BATCH-FLPK-5052
PO_B10_005053,PayU Enterprise,BBAS-ORD-837030 BBAS-ORD-592257 BATCH-BBAS-5053,135840,2716,0,0,133124,INR,2026-08-12T10:52:00Z,BATCH-BBAS-5053
PO_B10_005054,Stripe India,BKMS-INV-699475 PO_B10_005054,169777,2658,0,0,167119,INR,2026-08-12T19:29:00Z,BATCH-BKMS-5054
PO_B10_005055,Razorpay Nodal,BKMS-ORD-206680 BKMS-ORD-556317 BKMS-ORD-306476 BATCH-BKMS-5055,266127,5322,0,0,260805,INR,2026-08-12T11:43:00Z,BATCH-BKMS-5055
PO_B10_005056,Stripe India,PAYT-INV-261505 PO_B10_005056,250368,4954,0,0,245414,INR,2026-08-13T00:05:00Z,BATCH-PAYT-5056
PO_B10_005057,BillDesk Settlement,UBER-INV-875260 PO_B10_005057,264704,5029,0,0,259675,INR,2026-08-12T10:51:00Z,BATCH-UBER-5057
PO_B10_005058,Razorpay Nodal,BLNK-INV-789678 PO_B10_005058,216683,5318,0,0,211365,INR,2026-08-11T23:41:00Z,BATCH-BLNK-5058
PO_B10_005059,BillDesk Settlement,OLAA-INV-876584 PO_B10_005059,297636,5288,0,0,292348,INR,2026-08-12T06:03:00Z,BATCH-OLAA-5059
PO_B10_005060,Cashfree Escrow,BBAS-INV-166809 PO_B10_005060,59441,1163,0,0,58278,INR,2026-08-12T04:48:00Z,BATCH-BBAS-5060
PO_B10_005061,BillDesk Settlement,UBER-INV-328006 PO_B10_005061,422434,8678,0,0,413756,INR,2026-08-12T11:56:00Z,BATCH-UBER-5061
PO_B10_005062,Razorpay Nodal,BBAS-INV-565654 PO_B10_005062,113913,2318,0,0,111595,INR,2026-08-12T02:02:00Z,BATCH-BBAS-5062
PO_B10_005063,Stripe India,UBER-INV-324647 PO_B10_005063,431669,10695,0,0,420974,INR,2026-08-11T23:25:00Z,BATCH-UBER-5063
PO_B10_005064,BillDesk Settlement,SWIG-ORD-848337 SWIG-ORD-571497 BATCH-SWIG-5064,463460,9269,0,0,454191,INR,2026-08-11T21:37:00Z,BATCH-SWIG-5064
PO_B10_005065,Stripe India,UBER-INV-772194 PO_B10_005065,50635,1136,0,0,49499,INR,2026-08-11T23:31:00Z,BATCH-UBER-5065
PO_B10_005066,Stripe India,MYNT-ORD-790082 MYNT-ORD-296972 BATCH-MYNT-5066,255351,5107,0,0,250244,INR,2026-08-12T13:07:00Z,BATCH-MYNT-5066
PO_B10_005067,PayU Enterprise,ZOMA-INV-125247 PO_B10_005067,38498,905,0,0,37593,INR,2026-08-12T02:23:00Z,BATCH-ZOMA-5067
PO_B10_005068,BillDesk Settlement,PAYT-INV-725463 PO_B10_005068,230508,3990,0,0,226518,INR,2026-08-12T01:37:00Z,BATCH-PAYT-5068
PO_B10_005069,Razorpay Nodal,AMZN-INV-702694 PO_B10_005069,441794,8353,0,0,433441,INR,2026-08-12T09:48:00Z,BATCH-AMZN-5069
PO_B10_005070,BillDesk Settlement,JIOO-INV-512046 PO_B10_005070,328324,5639,0,0,322685,INR,2026-08-11T21:38:00Z,BATCH-JIOO-5070
PO_B10_005071,PayU Enterprise,BKMS-ORD-932276 BKMS-ORD-834034 BATCH-BKMS-5071,267164,5343,0,0,261821,INR,2026-08-12T15:47:00Z,BATCH-BKMS-5071
PO_B10_005072,Stripe India,ZOMA-INV-259198 PO_B10_005072,165496,3684,0,0,161812,INR,2026-08-11T23:45:00Z,BATCH-ZOMA-5072
PO_B10_005073,Razorpay Nodal,BBAS-INV-847175 PO_B10_005073,269281,4741,0,0,264540,INR,2026-08-12T19:13:00Z,BATCH-BBAS-5073
PO_B10_005074,Cashfree Escrow,NYKA-INV-318203 PO_B10_005074,409112,7699,0,0,401413,INR,2026-08-11T15:19:00Z,BATCH-NYKA-5074
PO_B10_005075,BillDesk Settlement,AMZN-ORD-848127 AMZN-ORD-236250 BATCH-AMZN-5075,255400,5108,0,0,250292,INR,2026-08-12T03:59:00Z,BATCH-AMZN-5075
PO_B10_005076,Cashfree Escrow,BBAS-INV-207449 PO_B10_005076,131117,2177,0,0,128940,INR,2026-08-11T15:42:00Z,BATCH-BBAS-5076
PO_B10_005077,BillDesk Settlement,NYKA-INV-151693 PO_B10_005077,368869,8796,0,0,360073,INR,2026-08-12T01:14:00Z,BATCH-NYKA-5077
PO_B10_005078,Stripe India,UBER-INV-817690 PO_B10_005078,58217,1176,0,0,57041,INR,2026-08-13T00:03:00Z,BATCH-UBER-5078
PO_B10_005079,BillDesk Settlement,BBAS-INV-306218 PO_B10_005079,317490,6223,0,0,311267,INR,2026-08-11T23:23:00Z,BATCH-BBAS-5079
PO_B10_005080,Razorpay Nodal,BBAS-INV-929749 PO_B10_005080,390735,9153,0,0,381582,INR,2026-08-12T05:25:00Z,BATCH-BBAS-5080
PO_B10_005081,Razorpay Nodal,JIOO-INV-570108 PO_B10_005081,160430,3729,0,0,156701,INR,2026-08-12T02:09:00Z,BATCH-JIOO-5081
PO_B10_005082,Razorpay Nodal,FLPK-INV-260088 PO_B10_005082,448011,9927,0,0,438084,INR,2026-08-12T07:44:00Z,BATCH-FLPK-5082
PO_B10_005083,Razorpay Nodal,PAYT-INV-746265 PO_B10_005083,140312,3141,0,0,137171,INR,2026-08-11T20:57:00Z,BATCH-PAYT-5083
PO_B10_005084,Razorpay Nodal,OLAA-INV-111988 PO_B10_005084,61831,997,0,0,60834,INR,2026-08-12T12:17:00Z,BATCH-OLAA-5084
PO_B10_005085,Stripe India,MYNT-EXC-171904-UNRESOLVED,252860,5047,0,0,247813,INR,2026-08-12T14:18:00Z,HOLD-ESCROW
PO_B10_005086,Stripe India,PAYT-INV-142148 PO_B10_005086,86463,1846,0,0,84617,INR,2026-08-12T15:45:00Z,BATCH-PAYT-5086
PO_B10_005087,Cashfree Escrow,MYNT-EXC-678020-UNRESOLVED,224041,4470,0,0,219571,INR,2026-08-12T13:32:00Z,HOLD-ESCROW
PO_B10_005088,PayU Enterprise,OLAA-INV-703596 PO_B10_005088,233901,4617,0,0,229284,INR,2026-08-12T04:54:00Z,BATCH-OLAA-5088
PO_B10_005089,Stripe India,PHNP-INV-180340 PO_B10_005089,323376,7779,0,0,315597,INR,2026-08-11T18:47:00Z,BATCH-PHNP-5089
PO_B10_005090,Stripe India,BLNK-INV-116971 PO_B10_005090,388417,9418,0,0,378999,INR,2026-08-12T08:57:00Z,BATCH-BLNK-5090
PO_B10_005091,Razorpay Nodal,AMZN-ORD-674487 AMZN-ORD-979462 BATCH-AMZN-5091,429456,8589,0,0,420867,INR,2026-08-12T00:37:00Z,BATCH-AMZN-5091
PO_B10_005092,Stripe India,MMTR-INV-659545 PO_B10_005092,49058,744,0,0,48314,INR,2026-08-12T17:15:00Z,BATCH-MMTR-5092
PO_B10_005093,Stripe India,NYKA-INV-580197 PO_B10_005093,76662,1694,0,0,74968,INR,2026-08-12T11:32:00Z,BATCH-NYKA-5093
PO_B10_005094,BillDesk Settlement,FLPK-INV-791225 PO_B10_005094,347228,7097,0,0,340131,INR,2026-08-11T22:16:00Z,BATCH-FLPK-5094
PO_B10_005095,BillDesk Settlement,UBER-EXC-411851-UNRESOLVED,277810,5546,0,0,272264,INR,2026-08-12T13:06:00Z,HOLD-ESCROW
PO_B10_005096,Razorpay Nodal,AMZN-INV-784430 PO_B10_005096,109525,1826,0,0,107699,INR,2026-08-12T02:30:00Z,BATCH-AMZN-5096
PO_B10_005097,Stripe India,OLAA-INV-845337 PO_B10_005097,50265,1144,0,0,49121,INR,2026-08-12T22:30:00Z,BATCH-OLAA-5097
PO_B10_005098,PayU Enterprise,NYKA-INV-970048 PO_B10_005098,449869,10211,0,0,439658,INR,2026-08-12T08:10:00Z,BATCH-NYKA-5098
PO_B10_005099,Stripe India,JIOO-INV-120215 PO_B10_005099,332783,7124,0,0,325659,INR,2026-08-12T20:22:00Z,BATCH-JIOO-5099
PO_B10_005100,Stripe India,BKMS-INV-689124 PO_B10_005100,442227,8413,0,0,433814,INR,2026-08-12T18:42:00Z,BATCH-BKMS-5100
PO_B10_005101,Cashfree Escrow,MMTR-INV-207506 PO_B10_005101,195036,3841,0,0,191195,INR,2026-08-12T12:53:00Z,BATCH-MMTR-5101
PO_B10_005102,Stripe India,BLNK-INV-561537 PO_B10_005102,221492,3651,0,0,217841,INR,2026-08-12T07:52:00Z,BATCH-BLNK-5102
PO_B10_005103,Cashfree Escrow,FLPK-INV-777568 PO_B10_005103,77790,1748,0,0,76042,INR,2026-08-12T11:45:00Z,BATCH-FLPK-5103
PO_B10_005104,PayU Enterprise,NYKA-INV-287863 PO_B10_005104,77394,1805,0,0,75589,INR,2026-08-12T09:21:00Z,BATCH-NYKA-5104
PO_B10_005105,Cashfree Escrow,TATA-INV-744774 PO_B10_005105,364033,5854,0,0,358179,INR,2026-08-12T19:35:00Z,BATCH-TATA-5105
PO_B10_005106,BillDesk Settlement,MMTR-ORD-324985 MMTR-ORD-573092 BATCH-MMTR-5106,354133,7082,0,0,347051,INR,2026-08-12T12:27:00Z,BATCH-MMTR-5106
PO_B10_005107,PayU Enterprise,NYKA-EXC-967421-UNRESOLVED,214098,4271,0,0,209827,INR,2026-08-12T10:25:00Z,HOLD-ESCROW
PO_B10_005108,PayU Enterprise,BLNK-INV-341982 PO_B10_005108,223044,4159,0,0,218885,INR,2026-08-12T20:05:00Z,BATCH-BLNK-5108
PO_B10_005109,PayU Enterprise,PAYT-INV-150020 PO_B10_005109,322617,5957,0,0,316660,INR,2026-08-12T05:38:00Z,BATCH-PAYT-5109
PO_B10_005110,Razorpay Nodal,FLPK-INV-121176 PO_B10_005110,156624,2707,0,0,153917,INR,2026-08-12T06:56:00Z,BATCH-FLPK-5110
PO_B10_005111,PayU Enterprise,ZOMA-ORD-580633 ZOMA-ORD-257687 ZOMA-ORD-876848 BATCH-ZOMA-5111,299310,5986,0,0,293324,INR,2026-08-12T10:23:00Z,BATCH-ZOMA-5111
PO_B10_005112,PayU Enterprise,PHNP-ORD-634699 PHNP-ORD-113091 BATCH-PHNP-5112,317134,6342,0,0,310792,INR,2026-08-12T09:16:00Z,BATCH-PHNP-5112
PO_B10_005113,PayU Enterprise,PHNP-INV-512397 PO_B10_005113,185398,3418,0,0,181980,INR,2026-08-12T00:51:00Z,BATCH-PHNP-5113
PO_B10_005114,Stripe India,MMTR-INV-871350 PO_B10_005114,342903,8401,0,0,334502,INR,2026-08-12T09:16:00Z,BATCH-MMTR-5114
PO_B10_005115,PayU Enterprise,SWIG-ORD-143312 SWIG-ORD-799077 SWIG-ORD-209507 BATCH-SWIG-5115,359894,7197,0,0,352697,INR,2026-08-12T16:59:00Z,BATCH-SWIG-5115
PO_B10_005116,BillDesk Settlement,MYNT-INV-353992 PO_B10_005116,264899,5031,0,0,259868,INR,2026-08-11T17:55:00Z,BATCH-MYNT-5116
PO_B10_005117,BillDesk Settlement,BBAS-INV-907333 PO_B10_005117,342283,6362,0,0,335921,INR,2026-08-11T18:12:00Z,BATCH-BBAS-5117
PO_B10_005118,Stripe India,AMZN-INV-959603 PO_B10_005118,271688,4384,0,0,267304,INR,2026-08-12T05:17:00Z,BATCH-AMZN-5118
PO_B10_005119,BillDesk Settlement,BLNK-INV-622288 PO_B10_005119,335837,7356,0,0,328481,INR,2026-08-12T13:57:00Z,BATCH-BLNK-5119
PO_B10_005120,Stripe India,TATA-INV-430197 PO_B10_005120,25972,440,0,0,25532,INR,2026-08-12T22:06:00Z,BATCH-TATA-5120
PO_B10_005121,Stripe India,BLNK-ORD-615580 BLNK-ORD-231829 BATCH-BLNK-5121,431746,8634,0,0,423112,INR,2026-08-12T11:22:00Z,BATCH-BLNK-5121
PO_B10_005122,PayU Enterprise,TATA-INV-714827 PO_B10_005122,78962,1614,0,0,77348,INR,2026-08-12T05:50:00Z,BATCH-TATA-5122
PO_B10_005123,Razorpay Nodal,JIOO-INV-686869 PO_B10_005123,232120,4332,0,0,227788,INR,2026-08-12T09:20:00Z,BATCH-JIOO-5123
PO_B10_005124,PayU Enterprise,BKMS-ORD-203378 BKMS-ORD-466269 BATCH-BKMS-5124,394121,7882,0,0,386239,INR,2026-08-12T08:23:00Z,BATCH-BKMS-5124
PO_B10_005125,Stripe India,ZOMA-INV-921118 PO_B10_005125,249768,6045,0,0,243723,INR,2026-08-12T11:59:00Z,BATCH-ZOMA-5125
PO_B10_005126,Razorpay Nodal,MMTR-INV-228187 PO_B10_005126,414447,8241,0,0,406206,INR,2026-08-12T07:14:00Z,BATCH-MMTR-5126
PO_B10_005127,Stripe India,AMZN-INV-839396 PO_B10_005127,28063,440,0,0,27623,INR,2026-08-12T09:34:00Z,BATCH-AMZN-5127
PO_B10_005128,PayU Enterprise,SWIG-INV-123819 PO_B10_005128,66245,1265,0,0,64980,INR,2026-08-12T05:03:00Z,BATCH-SWIG-5128
PO_B10_005129,PayU Enterprise,BBAS-ORD-856826 BBAS-ORD-618649 BBAS-ORD-178510 BATCH-BBAS-5129,611645,12232,0,0,599413,INR,2026-08-12T20:01:00Z,BATCH-BBAS-5129
PO_B10_005130,BillDesk Settlement,OLAA-EXC-528617-UNRESOLVED,140100,2792,0,0,137308,INR,2026-08-12T22:49:00Z,HOLD-ESCROW
PO_B10_005131,Stripe India,MMTR-INV-659154 PO_B10_005131,262293,4843,0,0,257450,INR,2026-08-12T13:47:00Z,BATCH-MMTR-5131
PO_B10_005132,BillDesk Settlement,SWIG-INV-823038 PO_B10_005132,392602,8778,0,0,383824,INR,2026-08-12T04:28:00Z,BATCH-SWIG-5132
PO_B10_005133,BillDesk Settlement,BLNK-INV-857091 PO_B10_005133,383965,5937,0,0,378028,INR,2026-08-11T19:33:00Z,BATCH-BLNK-5133
PO_B10_005134,Stripe India,OLAA-ORD-973407 OLAA-ORD-235283 BATCH-OLAA-5134,150629,3012,0,0,147617,INR,2026-08-12T18:32:00Z,BATCH-OLAA-5134
PO_B10_005135,PayU Enterprise,BKMS-EXC-405963-UNRESOLVED,148660,2963,0,0,145697,INR,2026-08-13T05:25:00Z,HOLD-ESCROW
PO_B10_005136,BillDesk Settlement,TATA-INV-206657 PO_B10_005136,167152,4019,0,0,163133,INR,2026-08-12T11:14:00Z,BATCH-TATA-5136
PO_B10_005137,Razorpay Nodal,AMZN-INV-433696 PO_B10_005137,278663,5399,0,0,273264,INR,2026-08-12T15:05:00Z,BATCH-AMZN-5137
PO_B10_005138,BillDesk Settlement,BLNK-INV-483938 PO_B10_005138,231632,4624,0,0,227008,INR,2026-08-12T05:07:00Z,BATCH-BLNK-5138
PO_B10_005139,Stripe India,BBAS-ORD-396693 BBAS-ORD-215757 BATCH-BBAS-5139,289857,5797,0,0,284060,INR,2026-08-12T14:13:00Z,BATCH-BBAS-5139
PO_B10_005140,BillDesk Settlement,UBER-INV-248329 PO_B10_005140,80591,1991,0,0,78600,INR,2026-08-12T12:35:00Z,BATCH-UBER-5140
PO_B10_005141,Cashfree Escrow,FLPK-ORD-981368 FLPK-ORD-180514 BATCH-FLPK-5141,102568,2051,0,0,100517,INR,2026-08-12T00:55:00Z,BATCH-FLPK-5141
PO_B10_005142,Cashfree Escrow,JIOO-INV-253171 PO_B10_005142,435599,8865,0,0,426734,INR,2026-08-12T14:18:00Z,BATCH-JIOO-5142
PO_B10_005143,PayU Enterprise,BBAS-INV-732043 PO_B10_005143,342890,5280,0,0,337610,INR,2026-08-12T12:35:00Z,BATCH-BBAS-5143
PO_B10_005144,Cashfree Escrow,ZOMA-EXC-445288-UNRESOLVED,210509,4200,0,0,206309,INR,2026-08-12T20:32:00Z,HOLD-ESCROW
PO_B10_005145,Cashfree Escrow,BBAS-INV-122546 PO_B10_005145,310168,7314,0,0,302854,INR,2026-08-12T05:51:00Z,BATCH-BBAS-5145
PO_B10_005146,BillDesk Settlement,TATA-INV-187297 PO_B10_005146,148143,2961,0,0,145182,INR,2026-08-12T15:53:00Z,BATCH-TATA-5146
PO_B10_005147,Cashfree Escrow,BKMS-ORD-859514 BKMS-ORD-653699 BATCH-BKMS-5147,204810,4096,0,0,200714,INR,2026-08-11T22:02:00Z,BATCH-BKMS-5147
PO_B10_005148,BillDesk Settlement,PHNP-ORD-995515 PHNP-ORD-654579 PHNP-ORD-931454 BATCH-PHNP-5148,358266,7165,0,0,351101,INR,2026-08-12T16:01:00Z,BATCH-PHNP-5148
PO_B10_005149,Razorpay Nodal,BBAS-INV-670562 PO_B10_005149,132143,2361,0,0,129782,INR,2026-08-12T03:25:00Z,BATCH-BBAS-5149
PO_B10_005150,PayU Enterprise,MYNT-INV-728007 PO_B10_005150,263086,5142,0,0,257944,INR,2026-08-12T17:47:00Z,BATCH-MYNT-5150
PO_B10_005151,Cashfree Escrow,OLAA-INV-379772 PO_B10_005151,387031,7265,0,0,379766,INR,2026-08-12T13:26:00Z,BATCH-OLAA-5151
PO_B10_005152,Cashfree Escrow,NYKA-ORD-344761 NYKA-ORD-135466 BATCH-NYKA-5152,425757,8515,0,0,417242,INR,2026-08-12T15:25:00Z,BATCH-NYKA-5152
PO_B10_005153,PayU Enterprise,PAYT-ORD-102444 PAYT-ORD-887760 BATCH-PAYT-5153,271168,5423,0,0,265745,INR,2026-08-12T01:05:00Z,BATCH-PAYT-5153
PO_B10_005154,BillDesk Settlement,BLNK-INV-603942 PO_B10_005154,184293,3037,0,0,181256,INR,2026-08-12T13:41:00Z,BATCH-BLNK-5154
PO_B10_005155,Cashfree Escrow,MMTR-INV-828260 PO_B10_005155,273451,4190,0,0,269261,INR,2026-08-11T18:49:00Z,BATCH-MMTR-5155
PO_B10_005156,BillDesk Settlement,BKMS-INV-956287 PO_B10_005156,232014,4646,0,0,227368,INR,2026-08-12T17:46:00Z,BATCH-BKMS-5156
PO_B10_005157,BillDesk Settlement,BKMS-INV-269507 PO_B10_005157,220489,5469,0,0,215020,INR,2026-08-12T05:45:00Z,BATCH-BKMS-5157
PO_B10_005158,Razorpay Nodal,MYNT-INV-139982 PO_B10_005158,340038,6817,0,0,333221,INR,2026-08-12T21:11:00Z,BATCH-MYNT-5158
PO_B10_005159,Stripe India,FLPK-ORD-384094 FLPK-ORD-879464 BATCH-FLPK-5159,157062,3141,0,0,153921,INR,2026-08-12T06:37:00Z,BATCH-FLPK-5159
PO_B10_005160,PayU Enterprise,TATA-INV-931491 PO_B10_005160,97715,2102,0,0,95613,INR,2026-08-11T17:49:00Z,BATCH-TATA-5160
PO_B10_005161,PayU Enterprise,ZOMA-INV-770195 PO_B10_005161,182124,2983,0,0,179141,INR,2026-08-12T17:36:00Z,BATCH-ZOMA-5161
PO_B10_005162,BillDesk Settlement,JIOO-INV-431554 PO_B10_005162,207416,4325,0,0,203091,INR,2026-08-12T21:01:00Z,BATCH-JIOO-5162
PO_B10_005163,Cashfree Escrow,UBER-INV-340380 PO_B10_005163,70979,1655,0,0,69324,INR,2026-08-12T07:28:00Z,BATCH-UBER-5163
PO_B10_005164,Stripe India,BKMS-INV-208557 PO_B10_005164,77708,1221,0,0,76487,INR,2026-08-12T18:23:00Z,BATCH-BKMS-5164
PO_B10_005165,Cashfree Escrow,PAYT-INV-734265 PO_B10_005165,278645,6447,0,0,272198,INR,2026-08-12T20:22:00Z,BATCH-PAYT-5165
PO_B10_005166,Stripe India,JIOO-INV-435521 PO_B10_005166,85279,1939,0,0,83340,INR,2026-08-13T00:20:00Z,BATCH-JIOO-5166
PO_B10_005167,Razorpay Nodal,NYKA-INV-651198 PO_B10_005167,232543,4072,0,0,228471,INR,2026-08-12T13:04:00Z,BATCH-NYKA-5167
PO_B10_005168,Cashfree Escrow,OLAA-INV-682554 PO_B10_005168,441300,10784,0,0,430516,INR,2026-08-11T17:40:00Z,BATCH-OLAA-5168
PO_B10_005169,Stripe India,SWIG-INV-172145 PO_B10_005169,306988,5716,0,0,301272,INR,2026-08-11T20:49:00Z,BATCH-SWIG-5169
PO_B10_005170,Cashfree Escrow,NYKA-INV-573859 PO_B10_005170,154912,3631,0,0,151281,INR,2026-08-12T04:08:00Z,BATCH-NYKA-5170
PO_B10_005171,Razorpay Nodal,TATA-INV-788948 PO_B10_005171,102039,2434,0,0,99605,INR,2026-08-12T13:24:00Z,BATCH-TATA-5171
PO_B10_005172,PayU Enterprise,AMZN-INV-323236 PO_B10_005172,221445,3733,0,0,217712,INR,2026-08-12T09:00:00Z,BATCH-AMZN-5172
PO_B10_005173,Stripe India,MMTR-ORD-872837 MMTR-ORD-923595 BATCH-MMTR-5173,377832,7556,0,0,370276,INR,2026-08-12T18:04:00Z,BATCH-MMTR-5173
PO_B10_005174,PayU Enterprise,AMZN-INV-969663 PO_B10_005174,225165,4773,0,0,220392,INR,2026-08-12T13:45:00Z,BATCH-AMZN-5174
PO_B10_005175,PayU Enterprise,AMZN-ORD-547128 AMZN-ORD-789275 AMZN-ORD-583681 BATCH-AMZN-5175,438125,8762,0,0,429363,INR,2026-08-12T16:08:00Z,BATCH-AMZN-5175
PO_B10_005176,Cashfree Escrow,OLAA-INV-171567 PO_B10_005176,49972,848,0,0,49124,INR,2026-08-12T08:05:00Z,BATCH-OLAA-5176
PO_B10_005177,Razorpay Nodal,PHNP-INV-796968 PO_B10_005177,38465,785,0,0,37680,INR,2026-08-12T03:42:00Z,BATCH-PHNP-5177
PO_B10_005178,Stripe India,OLAA-INV-743326 PO_B10_005178,46400,932,0,0,45468,INR,2026-08-12T10:55:00Z,BATCH-OLAA-5178
PO_B10_005179,Stripe India,TATA-EXC-662242-UNRESOLVED,270273,5395,0,0,264878,INR,2026-08-13T00:34:00Z,HOLD-ESCROW
PO_B10_005180,BillDesk Settlement,ZOMA-INV-568859 PO_B10_005180,163273,3836,0,0,159437,INR,2026-08-12T21:20:00Z,BATCH-ZOMA-5180
PO_B10_005181,Cashfree Escrow,ZOMA-INV-776546 PO_B10_005181,323501,6356,0,0,317145,INR,2026-08-11T19:59:00Z,BATCH-ZOMA-5181
PO_B10_005182,BillDesk Settlement,FLPK-INV-592562 PO_B10_005182,448541,8610,0,0,439931,INR,2026-08-11T20:10:00Z,BATCH-FLPK-5182
PO_B10_005183,Razorpay Nodal,BLNK-INV-424645 PO_B10_005183,446688,7481,0,0,439207,INR,2026-08-12T16:24:00Z,BATCH-BLNK-5183
PO_B10_005184,PayU Enterprise,SWIG-EXC-392607-UNRESOLVED,284082,5671,0,0,278411,INR,2026-08-13T01:55:00Z,HOLD-ESCROW
PO_B10_005185,Razorpay Nodal,TATA-INV-355774 PO_B10_005185,444667,7855,0,0,436812,INR,2026-08-11T16:40:00Z,BATCH-TATA-5185
PO_B10_005186,PayU Enterprise,PHNP-ORD-128479 PHNP-ORD-331404 BATCH-PHNP-5186,311124,6222,0,0,304902,INR,2026-08-12T06:17:00Z,BATCH-PHNP-5186
PO_B10_005187,Cashfree Escrow,AMZN-INV-579423 PO_B10_005187,226245,3973,0,0,222272,INR,2026-08-11T19:53:00Z,BATCH-AMZN-5187
PO_B10_005188,Cashfree Escrow,PHNP-INV-843873 PO_B10_005188,413835,8644,0,0,405191,INR,2026-08-12T19:53:00Z,BATCH-PHNP-5188
PO_B10_005189,BillDesk Settlement,SWIG-ORD-432834 SWIG-ORD-436022 SWIG-ORD-267650 BATCH-SWIG-5189,497894,9957,0,0,487937,INR,2026-08-12T06:56:00Z,BATCH-SWIG-5189
PO_B10_005190,PayU Enterprise,MYNT-INV-655649 PO_B10_005190,327226,7419,0,0,319807,INR,2026-08-12T11:32:00Z,BATCH-MYNT-5190
PO_B10_005191,PayU Enterprise,FLPK-INV-979619 PO_B10_005191,130712,2427,0,0,128285,INR,2026-08-12T03:00:00Z,BATCH-FLPK-5191
PO_B10_005192,PayU Enterprise,MMTR-INV-759471 PO_B10_005192,382823,8193,0,0,374630,INR,2026-08-12T04:15:00Z,BATCH-MMTR-5192
PO_B10_005193,BillDesk Settlement,BBAS-INV-683925 PO_B10_005193,433953,10671,0,0,423282,INR,2026-08-12T11:33:00Z,BATCH-BBAS-5193
PO_B10_005194,Stripe India,MMTR-INV-368222 PO_B10_005194,61534,1186,0,0,60348,INR,2026-08-11T22:09:00Z,BATCH-MMTR-5194
PO_B10_005195,PayU Enterprise,BBAS-INV-623358 PO_B10_005195,121261,2039,0,0,119222,INR,2026-08-12T04:59:00Z,BATCH-BBAS-5195
PO_B10_005196,Cashfree Escrow,BLNK-ORD-738579 BLNK-ORD-265745 BLNK-ORD-989920 BATCH-BLNK-5196,469500,9390,0,0,460110,INR,2026-08-12T20:11:00Z,BATCH-BLNK-5196
PO_B10_005197,Stripe India,BBAS-ORD-648761 BBAS-ORD-528989 BATCH-BBAS-5197,261524,5230,0,0,256294,INR,2026-08-12T13:06:00Z,BATCH-BBAS-5197
PO_B10_005198,PayU Enterprise,PAYT-INV-889422 PO_B10_005198,95815,2328,0,0,93487,INR,2026-08-12T18:06:00Z,BATCH-PAYT-5198
PO_B10_005199,Cashfree Escrow,PHNP-INV-311407 PO_B10_005199,204783,4586,0,0,200197,INR,2026-08-12T16:11:00Z,BATCH-PHNP-5199
PO_B10_005200,Razorpay Nodal,BLNK-ORD-161852 BLNK-ORD-610802 BATCH-BLNK-5200,227186,4543,0,0,222643,INR,2026-08-12T13:26:00Z,BATCH-BLNK-5200
PO_B10_005201,Razorpay Nodal,BLNK-ORD-594555 BLNK-ORD-919298 BLNK-ORD-621902 BATCH-BLNK-5201,488598,9771,0,0,478827,INR,2026-08-12T03:49:00Z,BATCH-BLNK-5201
PO_B10_005202,Razorpay Nodal,SWIG-INV-267347 PO_B10_005202,374087,7065,0,0,367022,INR,2026-08-12T18:59:00Z,BATCH-SWIG-5202
PO_B10_005203,BillDesk Settlement,FLPK-INV-384275 PO_B10_005203,290192,6402,0,0,283790,INR,2026-08-12T10:57:00Z,BATCH-FLPK-5203
PO_B10_005204,Razorpay Nodal,UBER-INV-890961 PO_B10_005204,152429,2834,0,0,149595,INR,2026-08-12T15:42:00Z,BATCH-UBER-5204
PO_B10_005205,PayU Enterprise,ZOMA-INV-841739 PO_B10_005205,413705,10261,0,0,403444,INR,2026-08-12T14:24:00Z,BATCH-ZOMA-5205
PO_B10_005206,Razorpay Nodal,NYKA-INV-892002 PO_B10_005206,346207,6588,0,0,339619,INR,2026-08-12T14:28:00Z,BATCH-NYKA-5206
PO_B10_005207,Stripe India,ZOMA-INV-910453 PO_B10_005207,141553,3124,0,0,138429,INR,2026-08-12T00:44:00Z,BATCH-ZOMA-5207
PO_B10_005208,Razorpay Nodal,BBAS-ORD-966327 BBAS-ORD-535368 BBAS-ORD-430166 BATCH-BBAS-5208,448910,8978,0,0,439932,INR,2026-08-11T23:27:00Z,BATCH-BBAS-5208
PO_B10_005209,BillDesk Settlement,TATA-INV-696774 PO_B10_005209,408036,7071,0,0,400965,INR,2026-08-12T12:50:00Z,BATCH-TATA-5209
PO_B10_005210,BillDesk Settlement,TATA-INV-537243 PO_B10_005210,72157,1793,0,0,70364,INR,2026-08-12T09:47:00Z,BATCH-TATA-5210
PO_B10_005211,Razorpay Nodal,AMZN-INV-783863 PO_B10_005211,167991,2896,0,0,165095,INR,2026-08-13T01:07:00Z,BATCH-AMZN-5211
PO_B10_005212,BillDesk Settlement,TATA-INV-939574 PO_B10_005212,287021,5410,0,0,281611,INR,2026-08-12T23:31:00Z,BATCH-TATA-5212
PO_B10_005213,Cashfree Escrow,PAYT-INV-674151 PO_B10_005213,259997,4994,0,0,255003,INR,2026-08-12T12:04:00Z,BATCH-PAYT-5213
PO_B10_005214,Stripe India,FLPK-INV-571063 PO_B10_005214,201538,3993,0,0,197545,INR,2026-08-12T15:03:00Z,BATCH-FLPK-5214
PO_B10_005215,Razorpay Nodal,AMZN-INV-320511 PO_B10_005215,307595,5700,0,0,301895,INR,2026-08-12T11:49:00Z,BATCH-AMZN-5215
PO_B10_005216,Cashfree Escrow,JIOO-EXC-345611-UNRESOLVED,81383,1617,0,0,79766,INR,2026-08-13T05:31:00Z,HOLD-ESCROW
PO_B10_005217,Stripe India,MMTR-ORD-687271 MMTR-ORD-578058 BATCH-MMTR-5217,384139,7682,0,0,376457,INR,2026-08-12T09:05:00Z,BATCH-MMTR-5217
PO_B10_005218,Cashfree Escrow,OLAA-INV-595480 PO_B10_005218,307289,5703,0,0,301586,INR,2026-08-12T01:06:00Z,BATCH-OLAA-5218
PO_B10_005219,BillDesk Settlement,PAYT-EXC-982802-UNRESOLVED,126526,2520,0,0,124006,INR,2026-08-12T23:06:00Z,HOLD-ESCROW
PO_B10_005220,BillDesk Settlement,SWIG-INV-392614 PO_B10_005220,140509,2195,0,0,138314,INR,2026-08-12T10:08:00Z,BATCH-SWIG-5220
PO_B10_005221,Stripe India,UBER-INV-955008 PO_B10_005221,107461,1933,0,0,105528,INR,2026-08-12T20:20:00Z,BATCH-UBER-5221
PO_B10_005222,BillDesk Settlement,ZOMA-ORD-453702 ZOMA-ORD-325256 ZOMA-ORD-993099 BATCH-ZOMA-5222,460127,9202,0,0,450925,INR,2026-08-11T21:07:00Z,BATCH-ZOMA-5222
PO_B10_005223,PayU Enterprise,PAYT-INV-848377 PO_B10_005223,151614,3150,0,0,148464,INR,2026-08-12T06:10:00Z,BATCH-PAYT-5223
PO_B10_005224,Razorpay Nodal,MYNT-INV-787218 PO_B10_005224,245723,6077,0,0,239646,INR,2026-08-12T16:29:00Z,BATCH-MYNT-5224
PO_B10_005225,Stripe India,NYKA-INV-282319 PO_B10_005225,191477,2902,0,0,188575,INR,2026-08-12T00:16:00Z,BATCH-NYKA-5225
PO_B10_005226,Cashfree Escrow,MMTR-INV-418976 PO_B10_005226,56287,1112,0,0,55175,INR,2026-08-12T04:37:00Z,BATCH-MMTR-5226
PO_B10_005227,Razorpay Nodal,NYKA-INV-191791 PO_B10_005227,411137,6762,0,0,404375,INR,2026-08-12T08:09:00Z,BATCH-NYKA-5227
PO_B10_005228,BillDesk Settlement,TATA-INV-739350 PO_B10_005228,340814,7568,0,0,333246,INR,2026-08-11T19:15:00Z,BATCH-TATA-5228
PO_B10_005229,PayU Enterprise,PAYT-INV-202806 PO_B10_005229,347920,6734,0,0,341186,INR,2026-08-12T01:36:00Z,BATCH-PAYT-5229
PO_B10_005230,BillDesk Settlement,SWIG-INV-714783 PO_B10_005230,229514,3639,0,0,225875,INR,2026-08-12T06:13:00Z,BATCH-SWIG-5230
PO_B10_005231,Stripe India,BLNK-INV-229651 PO_B10_005231,293573,5007,0,0,288566,INR,2026-08-11T20:19:00Z,BATCH-BLNK-5231
PO_B10_005232,Cashfree Escrow,FLPK-INV-473532 PO_B10_005232,389248,6545,0,0,382703,INR,2026-08-12T08:32:00Z,BATCH-FLPK-5232
PO_B10_005233,Razorpay Nodal,PAYT-INV-262971 PO_B10_005233,181282,4063,0,0,177219,INR,2026-08-12T00:41:00Z,BATCH-PAYT-5233
PO_B10_005234,Stripe India,BKMS-INV-511982 PO_B10_005234,243874,4258,0,0,239616,INR,2026-08-12T18:00:00Z,BATCH-BKMS-5234
PO_B10_005235,BillDesk Settlement,SWIG-INV-620076 PO_B10_005235,84039,1895,0,0,82144,INR,2026-08-12T02:11:00Z,BATCH-SWIG-5235
PO_B10_005236,PayU Enterprise,MYNT-INV-549577 PO_B10_005236,360340,7195,0,0,353145,INR,2026-08-12T06:54:00Z,BATCH-MYNT-5236
PO_B10_005237,Razorpay Nodal,TATA-ORD-530297 TATA-ORD-466651 TATA-ORD-259263 BATCH-TATA-5237,531323,10626,0,0,520697,INR,2026-08-11T23:01:00Z,BATCH-TATA-5237
PO_B10_005238,Stripe India,BBAS-ORD-804138 BBAS-ORD-333253 BATCH-BBAS-5238,300603,6012,0,0,294591,INR,2026-08-12T08:53:00Z,BATCH-BBAS-5238
PO_B10_005239,Cashfree Escrow,PHNP-INV-757619 PO_B10_005239,322494,6118,0,0,316376,INR,2026-08-12T08:06:00Z,BATCH-PHNP-5239
PO_B10_005240,BillDesk Settlement,OLAA-INV-668237 PO_B10_005240,204080,3757,0,0,200323,INR,2026-08-11T17:32:00Z,BATCH-OLAA-5240
PO_B10_005241,Cashfree Escrow,OLAA-INV-759211 PO_B10_005241,48719,806,0,0,47913,INR,2026-08-11T21:07:00Z,BATCH-OLAA-5241
PO_B10_005242,BillDesk Settlement,TATA-INV-427889 PO_B10_005242,148323,3473,0,0,144850,INR,2026-08-12T14:53:00Z,BATCH-TATA-5242
PO_B10_005243,Razorpay Nodal,NYKA-EXC-905617-UNRESOLVED,133181,2653,0,0,130528,INR,2026-08-12T12:19:00Z,HOLD-ESCROW
PO_B10_005244,Cashfree Escrow,OLAA-ORD-194649 OLAA-ORD-407790 BATCH-OLAA-5244,292485,5849,0,0,286636,INR,2026-08-12T01:32:00Z,BATCH-OLAA-5244
PO_B10_005245,PayU Enterprise,TATA-INV-644187 PO_B10_005245,111760,2715,0,0,109045,INR,2026-08-12T16:31:00Z,BATCH-TATA-5245
PO_B10_005246,Stripe India,UBER-INV-549609 PO_B10_005246,371466,5684,0,0,365782,INR,2026-08-12T13:49:00Z,BATCH-UBER-5246
PO_B10_005247,PayU Enterprise,BBAS-INV-104683 PO_B10_005247,231657,3713,0,0,227944,INR,2026-08-12T18:43:00Z,BATCH-BBAS-5247
PO_B10_005248,Razorpay Nodal,OLAA-ORD-625678 OLAA-ORD-804543 BATCH-OLAA-5248,136928,2738,0,0,134190,INR,2026-08-12T01:47:00Z,BATCH-OLAA-5248
PO_B10_005249,Stripe India,PHNP-INV-537947 PO_B10_005249,118279,2819,0,0,115460,INR,2026-08-12T05:56:00Z,BATCH-PHNP-5249
PO_B10_005250,BillDesk Settlement,UBER-INV-333975 PO_B10_005250,48784,1171,0,0,47613,INR,2026-08-12T20:06:00Z,BATCH-UBER-5250
PO_B10_005251,Razorpay Nodal,OLAA-INV-861671 PO_B10_005251,153599,3185,0,0,150414,INR,2026-08-12T10:39:00Z,BATCH-OLAA-5251
PO_B10_005252,PayU Enterprise,BLNK-INV-679431 PO_B10_005252,221217,4959,0,0,216258,INR,2026-08-12T15:49:00Z,BATCH-BLNK-5252
PO_B10_005253,Cashfree Escrow,TATA-INV-544092 PO_B10_005253,178299,2951,0,0,175348,INR,2026-08-12T00:44:00Z,BATCH-TATA-5253
PO_B10_005254,Razorpay Nodal,PHNP-INV-918635 PO_B10_005254,150779,2579,0,0,148200,INR,2026-08-12T16:49:00Z,BATCH-PHNP-5254
PO_B10_005255,BillDesk Settlement,SWIG-ORD-320912 SWIG-ORD-459756 BATCH-SWIG-5255,295196,5903,0,0,289293,INR,2026-08-11T22:35:00Z,BATCH-SWIG-5255
PO_B10_005256,BillDesk Settlement,PAYT-INV-297278 PO_B10_005256,88754,1900,0,0,86854,INR,2026-08-12T15:45:00Z,BATCH-PAYT-5256
PO_B10_005257,Stripe India,OLAA-INV-931289 PO_B10_005257,99596,1970,0,0,97626,INR,2026-08-11T21:20:00Z,BATCH-OLAA-5257
PO_B10_005258,Stripe India,SWIG-INV-226696 PO_B10_005258,193503,3252,0,0,190251,INR,2026-08-11T17:47:00Z,BATCH-SWIG-5258
PO_B10_005259,Cashfree Escrow,AMZN-INV-897726 PO_B10_005259,275569,6124,0,0,269445,INR,2026-08-12T11:28:00Z,BATCH-AMZN-5259
PO_B10_005260,BillDesk Settlement,JIOO-INV-377634 PO_B10_005260,386179,7264,0,0,378915,INR,2026-08-12T14:37:00Z,BATCH-JIOO-5260
PO_B10_005261,BillDesk Settlement,TATA-INV-894683 PO_B10_005261,440379,10622,0,0,429757,INR,2026-08-12T14:58:00Z,BATCH-TATA-5261
PO_B10_005262,Cashfree Escrow,TATA-ORD-115931 TATA-ORD-994396 TATA-ORD-890060 BATCH-TATA-5262,591311,11826,0,0,579485,INR,2026-08-12T17:23:00Z,BATCH-TATA-5262
PO_B10_005263,Cashfree Escrow,PAYT-INV-428893 PO_B10_005263,275932,6835,0,0,269097,INR,2026-08-12T23:14:00Z,BATCH-PAYT-5263
PO_B10_005264,Stripe India,MMTR-INV-450436 PO_B10_005264,38144,643,0,0,37501,INR,2026-08-12T17:16:00Z,BATCH-MMTR-5264
PO_B10_005265,BillDesk Settlement,SWIG-ORD-882434 SWIG-ORD-384905 BATCH-SWIG-5265,155362,3107,0,0,152255,INR,2026-08-12T10:09:00Z,BATCH-SWIG-5265
PO_B10_005266,Cashfree Escrow,BKMS-INV-788432 PO_B10_005266,90942,1690,0,0,89252,INR,2026-08-11T21:53:00Z,BATCH-BKMS-5266
PO_B10_005267,Razorpay Nodal,AMZN-INV-415989 PO_B10_005267,438715,9668,0,0,429047,INR,2026-08-12T03:19:00Z,BATCH-AMZN-5267
PO_B10_005268,Stripe India,OLAA-INV-341404 PO_B10_005268,275471,6106,0,0,269365,INR,2026-08-12T21:08:00Z,BATCH-OLAA-5268
PO_B10_005269,PayU Enterprise,PAYT-INV-928891 PO_B10_005269,428890,9859,0,0,419031,INR,2026-08-11T15:33:00Z,BATCH-PAYT-5269
PO_B10_005270,Stripe India,MMTR-INV-599346 PO_B10_005270,244622,4495,0,0,240127,INR,2026-08-12T13:14:00Z,BATCH-MMTR-5270
PO_B10_005271,Stripe India,MYNT-ORD-658443 MYNT-ORD-369201 MYNT-ORD-489630 BATCH-MYNT-5271,191801,3836,0,0,187965,INR,2026-08-11T23:59:00Z,BATCH-MYNT-5271
PO_B10_005272,PayU Enterprise,ZOMA-INV-562552 PO_B10_005272,397090,8386,0,0,388704,INR,2026-08-12T08:06:00Z,BATCH-ZOMA-5272
PO_B10_005273,BillDesk Settlement,BBAS-INV-941098 PO_B10_005273,429943,10398,0,0,419545,INR,2026-08-12T11:22:00Z,BATCH-BBAS-5273
PO_B10_005274,Stripe India,SWIG-INV-823857 PO_B10_005274,226615,3696,0,0,222919,INR,2026-08-11T20:34:00Z,BATCH-SWIG-5274
PO_B10_005275,Stripe India,ZOMA-EXC-755982-UNRESOLVED,267168,5333,0,0,261835,INR,2026-08-12T16:52:00Z,HOLD-ESCROW
PO_B10_005276,PayU Enterprise,PAYT-INV-582337 PO_B10_005276,112799,2531,0,0,110268,INR,2026-08-12T23:20:00Z,BATCH-PAYT-5276
PO_B10_005277,Razorpay Nodal,BBAS-INV-682107 PO_B10_005277,139965,2788,0,0,137177,INR,2026-08-11T17:33:00Z,BATCH-BBAS-5277
PO_B10_005278,PayU Enterprise,BLNK-ORD-314563 BLNK-ORD-831358 BATCH-BLNK-5278,172084,3441,0,0,168643,INR,2026-08-12T04:21:00Z,BATCH-BLNK-5278
PO_B10_005279,Stripe India,PAYT-ORD-745410 PAYT-ORD-595078 BATCH-PAYT-5279,46728,934,0,0,45794,INR,2026-08-12T04:28:00Z,BATCH-PAYT-5279
PO_B10_005280,BillDesk Settlement,NYKA-INV-670839 PO_B10_005280,372515,7477,0,0,365038,INR,2026-08-12T16:31:00Z,BATCH-NYKA-5280
PO_B10_005281,Razorpay Nodal,BBAS-INV-206565 PO_B10_005281,82375,2056,0,0,80319,INR,2026-08-12T09:41:00Z,BATCH-BBAS-5281
PO_B10_005282,PayU Enterprise,UBER-INV-170360 PO_B10_005282,273483,5441,0,0,268042,INR,2026-08-12T04:35:00Z,BATCH-UBER-5282
PO_B10_005283,Razorpay Nodal,ZOMA-ORD-295611 ZOMA-ORD-478357 BATCH-ZOMA-5283,186933,3738,0,0,183195,INR,2026-08-12T15:05:00Z,BATCH-ZOMA-5283
PO_B10_005284,Razorpay Nodal,FLPK-ORD-983243 FLPK-ORD-530373 BATCH-FLPK-5284,177119,3542,0,0,173577,INR,2026-08-11T21:29:00Z,BATCH-FLPK-5284
PO_B10_005285,BillDesk Settlement,OLAA-INV-788565 PO_B10_005285,102286,1606,0,0,100680,INR,2026-08-12T12:40:00Z,BATCH-OLAA-5285
PO_B10_005286,Cashfree Escrow,TATA-EXC-321661-UNRESOLVED,137492,2739,0,0,134753,INR,2026-08-12T12:48:00Z,HOLD-ESCROW
PO_B10_005287,PayU Enterprise,TATA-INV-506109 PO_B10_005287,138575,2292,0,0,136283,INR,2026-08-11T20:37:00Z,BATCH-TATA-5287
PO_B10_005288,Stripe India,BBAS-ORD-550128 BBAS-ORD-970014 BBAS-ORD-944836 BATCH-BBAS-5288,470604,9412,0,0,461192,INR,2026-08-12T07:58:00Z,BATCH-BBAS-5288
PO_B10_005289,Stripe India,FLPK-ORD-280245 FLPK-ORD-432787 BATCH-FLPK-5289,358134,7162,0,0,350972,INR,2026-08-11T22:00:00Z,BATCH-FLPK-5289
PO_B10_005290,Stripe India,NYKA-INV-433018 PO_B10_005290,185011,3450,0,0,181561,INR,2026-08-12T19:22:00Z,BATCH-NYKA-5290
PO_B10_005291,PayU Enterprise,PHNP-ORD-297971 PHNP-ORD-728298 BATCH-PHNP-5291,365413,7308,0,0,358105,INR,2026-08-12T02:02:00Z,BATCH-PHNP-5291
PO_B10_005292,Cashfree Escrow,AMZN-ORD-141636 AMZN-ORD-264997 BATCH-AMZN-5292,334346,6686,0,0,327660,INR,2026-08-12T20:25:00Z,BATCH-AMZN-5292
PO_B10_005293,Cashfree Escrow,MYNT-INV-470995 PO_B10_005293,247074,5396,0,0,241678,INR,2026-08-12T12:13:00Z,BATCH-MYNT-5293
PO_B10_005294,Stripe India,FLPK-INV-175219 PO_B10_005294,242224,4725,0,0,237499,INR,2026-08-11T23:51:00Z,BATCH-FLPK-5294
PO_B10_005295,PayU Enterprise,BKMS-INV-507259 PO_B10_005295,257865,5996,0,0,251869,INR,2026-08-12T23:00:00Z,BATCH-BKMS-5295
PO_B10_005296,Cashfree Escrow,AMZN-INV-784062 PO_B10_005296,407937,10030,0,0,397907,INR,2026-08-11T21:02:00Z,BATCH-AMZN-5296
PO_B10_005297,Cashfree Escrow,NYKA-INV-966474 PO_B10_005297,116028,1926,0,0,114102,INR,2026-08-12T05:09:00Z,BATCH-NYKA-5297
PO_B10_005298,Cashfree Escrow,AMZN-ORD-292206 AMZN-ORD-446658 BATCH-AMZN-5298,123380,2467,0,0,120913,INR,2026-08-11T21:01:00Z,BATCH-AMZN-5298
PO_B10_005299,Stripe India,TATA-INV-741394 PO_B10_005299,189065,4257,0,0,184808,INR,2026-08-11T19:30:00Z,BATCH-TATA-5299
PO_B10_005300,PayU Enterprise,MYNT-INV-172474 PO_B10_005300,66292,1397,0,0,64895,INR,2026-08-12T11:52:00Z,BATCH-MYNT-5300
PO_B10_005301,Cashfree Escrow,PAYT-INV-943698 PO_B10_005301,328898,5385,0,0,323513,INR,2026-08-12T08:47:00Z,BATCH-PAYT-5301
PO_B10_005302,Razorpay Nodal,NYKA-ORD-981388 NYKA-ORD-646118 BATCH-NYKA-5302,317716,6354,0,0,311362,INR,2026-08-12T15:16:00Z,BATCH-NYKA-5302
PO_B10_005303,Stripe India,AMZN-INV-250725 PO_B10_005303,127696,2088,0,0,125608,INR,2026-08-12T13:02:00Z,BATCH-AMZN-5303
PO_B10_005304,BillDesk Settlement,ZOMA-INV-191632 PO_B10_005304,247387,5830,0,0,241557,INR,2026-08-12T13:51:00Z,BATCH-ZOMA-5304
PO_B10_005305,PayU Enterprise,PHNP-ORD-611533 PHNP-ORD-525630 BATCH-PHNP-5305,418883,8377,0,0,410506,INR,2026-08-12T03:40:00Z,BATCH-PHNP-5305
PO_B10_005306,BillDesk Settlement,FLPK-ORD-594607 FLPK-ORD-211496 BATCH-FLPK-5306,409110,8182,0,0,400928,INR,2026-08-11T23:32:00Z,BATCH-FLPK-5306
PO_B10_005307,PayU Enterprise,PHNP-INV-539170 PO_B10_005307,222443,5188,0,0,217255,INR,2026-08-12T06:30:00Z,BATCH-PHNP-5307
PO_B10_005308,Razorpay Nodal,OLAA-INV-918210 PO_B10_005308,85497,1583,0,0,83914,INR,2026-08-12T14:41:00Z,BATCH-OLAA-5308
PO_B10_005309,Razorpay Nodal,PAYT-INV-152390 PO_B10_005309,237034,4764,0,0,232270,INR,2026-08-12T06:03:00Z,BATCH-PAYT-5309
PO_B10_005310,Razorpay Nodal,TATA-INV-855783 PO_B10_005310,215787,3549,0,0,212238,INR,2026-08-12T06:33:00Z,BATCH-TATA-5310
PO_B10_005311,PayU Enterprise,AMZN-INV-367241 PO_B10_005311,443663,8872,0,0,434791,INR,2026-08-12T14:54:00Z,BATCH-AMZN-5311
PO_B10_005312,Cashfree Escrow,NYKA-ORD-291530 NYKA-ORD-575389 BATCH-NYKA-5312,336305,6726,0,0,329579,INR,2026-08-12T12:59:00Z,BATCH-NYKA-5312
PO_B10_005313,PayU Enterprise,SWIG-INV-158650 PO_B10_005313,397497,6207,0,0,391290,INR,2026-08-12T07:08:00Z,BATCH-SWIG-5313
PO_B10_005314,Stripe India,BBAS-INV-683746 PO_B10_005314,330189,7907,0,0,322282,INR,2026-08-13T01:20:00Z,BATCH-BBAS-5314
PO_B10_005315,Cashfree Escrow,UBER-ORD-319382 UBER-ORD-182890 UBER-ORD-591206 BATCH-UBER-5315,339303,6786,0,0,332517,INR,2026-08-12T00:31:00Z,BATCH-UBER-5315
PO_B10_005316,Stripe India,BLNK-INV-733684 PO_B10_005316,350884,5872,0,0,345012,INR,2026-08-11T22:45:00Z,BATCH-BLNK-5316
PO_B10_005317,BillDesk Settlement,FLPK-INV-890457 PO_B10_005317,172919,2652,0,0,170267,INR,2026-08-13T01:06:00Z,BATCH-FLPK-5317
PO_B10_005318,BillDesk Settlement,JIOO-ORD-443594 JIOO-ORD-180853 BATCH-JIOO-5318,181874,3637,0,0,178237,INR,2026-08-12T00:29:00Z,BATCH-JIOO-5318
PO_B10_005319,BillDesk Settlement,PAYT-INV-659606 PO_B10_005319,394001,7665,0,0,386336,INR,2026-08-12T19:45:00Z,BATCH-PAYT-5319
PO_B10_005320,BillDesk Settlement,ZOMA-ORD-749116 ZOMA-ORD-572063 ZOMA-ORD-981212 BATCH-ZOMA-5320,366029,7320,0,0,358709,INR,2026-08-12T19:29:00Z,BATCH-ZOMA-5320
PO_B10_005321,Stripe India,BLNK-INV-394218 PO_B10_005321,409257,8226,0,0,401031,INR,2026-08-11T20:29:00Z,BATCH-BLNK-5321
PO_B10_005322,Razorpay Nodal,BBAS-ORD-730127 BBAS-ORD-145338 BATCH-BBAS-5322,319279,6385,0,0,312894,INR,2026-08-12T10:01:00Z,BATCH-BBAS-5322
PO_B10_005323,Cashfree Escrow,SWIG-EXC-900889-UNRESOLVED,110027,2190,0,0,107837,INR,2026-08-12T12:37:00Z,HOLD-ESCROW
PO_B10_005324,PayU Enterprise,NYKA-INV-374282 PO_B10_005324,248638,5061,0,0,243577,INR,2026-08-12T09:47:00Z,BATCH-NYKA-5324
PO_B10_005325,BillDesk Settlement,BBAS-INV-113394 PO_B10_005325,92726,2039,0,0,90687,INR,2026-08-12T03:25:00Z,BATCH-BBAS-5325
PO_B10_005326,Cashfree Escrow,ZOMA-ORD-895880 ZOMA-ORD-586582 BATCH-ZOMA-5326,183379,3667,0,0,179712,INR,2026-08-12T02:53:00Z,BATCH-ZOMA-5326
PO_B10_005327,Stripe India,MMTR-INV-858179 PO_B10_005327,226021,5581,0,0,220440,INR,2026-08-12T19:06:00Z,BATCH-MMTR-5327
PO_B10_005328,Stripe India,BKMS-ORD-131181 BKMS-ORD-856810 BATCH-BKMS-5328,367044,7340,0,0,359704,INR,2026-08-12T05:31:00Z,BATCH-BKMS-5328
PO_B10_005329,BillDesk Settlement,SWIG-INV-523961 PO_B10_005329,128680,2375,0,0,126305,INR,2026-08-11T16:50:00Z,BATCH-SWIG-5329
PO_B10_005330,PayU Enterprise,NYKA-INV-257656 PO_B10_005330,299875,5816,0,0,294059,INR,2026-08-11T22:47:00Z,BATCH-NYKA-5330
PO_B10_005331,Razorpay Nodal,SWIG-INV-972822 PO_B10_005331,229790,3964,0,0,225826,INR,2026-08-12T14:55:00Z,BATCH-SWIG-5331
PO_B10_005332,BillDesk Settlement,ZOMA-ORD-300087 ZOMA-ORD-420344 BATCH-ZOMA-5332,244560,4891,0,0,239669,INR,2026-08-12T15:07:00Z,BATCH-ZOMA-5332
PO_B10_005333,Stripe India,OLAA-ORD-109372 OLAA-ORD-320133 BATCH-OLAA-5333,235431,4708,0,0,230723,INR,2026-08-12T08:09:00Z,BATCH-OLAA-5333
PO_B10_005334,BillDesk Settlement,PHNP-INV-227691 PO_B10_005334,196094,3504,0,0,192590,INR,2026-08-12T10:23:00Z,BATCH-PHNP-5334
PO_B10_005335,Razorpay Nodal,MYNT-INV-726810 PO_B10_005335,342987,7801,0,0,335186,INR,2026-08-12T23:01:00Z,BATCH-MYNT-5335
PO_B10_005336,PayU Enterprise,BBAS-INV-452864 PO_B10_005336,28153,661,0,0,27492,INR,2026-08-12T05:19:00Z,BATCH-BBAS-5336
PO_B10_005337,Stripe India,NYKA-INV-967509 PO_B10_005337,324759,7362,0,0,317397,INR,2026-08-12T17:44:00Z,BATCH-NYKA-5337
PO_B10_005338,Razorpay Nodal,BKMS-ORD-375304 BKMS-ORD-312649 BKMS-ORD-295241 BATCH-BKMS-5338,466992,9339,0,0,457653,INR,2026-08-12T00:18:00Z,BATCH-BKMS-5338
PO_B10_005339,Cashfree Escrow,FLPK-INV-651513 PO_B10_005339,247088,6039,0,0,241049,INR,2026-08-12T11:36:00Z,BATCH-FLPK-5339
PO_B10_005340,BillDesk Settlement,TATA-ORD-253555 TATA-ORD-672559 BATCH-TATA-5340,277757,5555,0,0,272202,INR,2026-08-12T03:08:00Z,BATCH-TATA-5340
PO_B10_005341,BillDesk Settlement,BKMS-EXC-316574-UNRESOLVED,166728,3324,0,0,163404,INR,2026-08-12T20:24:00Z,HOLD-ESCROW
PO_B10_005342,BillDesk Settlement,FLPK-INV-239665 PO_B10_005342,125730,2723,0,0,123007,INR,2026-08-11T23:59:00Z,BATCH-FLPK-5342
PO_B10_005343,Razorpay Nodal,OLAA-INV-115662 PO_B10_005343,184154,2830,0,0,181324,INR,2026-08-12T09:13:00Z,BATCH-OLAA-5343
PO_B10_005344,BillDesk Settlement,TATA-ORD-280297 TATA-ORD-449696 BATCH-TATA-5344,188919,3778,0,0,185141,INR,2026-08-12T02:29:00Z,BATCH-TATA-5344
PO_B10_005345,Stripe India,BKMS-ORD-764425 BKMS-ORD-187007 BKMS-ORD-726864 BATCH-BKMS-5345,470343,9406,0,0,460937,INR,2026-08-12T08:17:00Z,BATCH-BKMS-5345
PO_B10_005346,BillDesk Settlement,AMZN-ORD-665368 AMZN-ORD-607580 BATCH-AMZN-5346,306614,6132,0,0,300482,INR,2026-08-12T06:47:00Z,BATCH-AMZN-5346
PO_B10_005347,Razorpay Nodal,NYKA-ORD-273659 NYKA-ORD-912536 BATCH-NYKA-5347,283569,5671,0,0,277898,INR,2026-08-12T04:26:00Z,BATCH-NYKA-5347
PO_B10_005348,BillDesk Settlement,NYKA-INV-662316 PO_B10_005348,152392,3529,0,0,148863,INR,2026-08-12T02:32:00Z,BATCH-NYKA-5348
PO_B10_005349,Stripe India,BLNK-INV-870899 PO_B10_005349,107321,2197,0,0,105124,INR,2026-08-12T05:22:00Z,BATCH-BLNK-5349
PO_B10_005350,Razorpay Nodal,BKMS-INV-405816 PO_B10_005350,383956,6305,0,0,377651,INR,2026-08-12T23:15:00Z,BATCH-BKMS-5350
PO_B10_005351,BillDesk Settlement,PHNP-INV-747991 PO_B10_005351,38001,840,0,0,37161,INR,2026-08-12T05:11:00Z,BATCH-PHNP-5351
PO_B10_005352,PayU Enterprise,BKMS-INV-738009 PO_B10_005352,350397,5936,0,0,344461,INR,2026-08-12T05:55:00Z,BATCH-BKMS-5352
PO_B10_005353,Razorpay Nodal,FLPK-INV-805806 PO_B10_005353,187755,4633,0,0,183122,INR,2026-08-12T03:29:00Z,BATCH-FLPK-5353
PO_B10_005354,BillDesk Settlement,MYNT-INV-656173 PO_B10_005354,87619,1571,0,0,86048,INR,2026-08-12T12:30:00Z,BATCH-MYNT-5354
PO_B10_005355,PayU Enterprise,AMZN-INV-726041 PO_B10_005355,378770,6168,0,0,372602,INR,2026-08-12T03:09:00Z,BATCH-AMZN-5355
PO_B10_005356,Stripe India,PHNP-INV-843267 PO_B10_005356,165706,2917,0,0,162789,INR,2026-08-12T01:38:00Z,BATCH-PHNP-5356
PO_B10_005357,PayU Enterprise,BKMS-INV-858014 PO_B10_005357,263767,5872,0,0,257895,INR,2026-08-12T11:42:00Z,BATCH-BKMS-5357
PO_B10_005358,Stripe India,FLPK-ORD-309275 FLPK-ORD-454931 BATCH-FLPK-5358,228962,4579,0,0,224383,INR,2026-08-12T15:00:00Z,BATCH-FLPK-5358
PO_B10_005359,Stripe India,PAYT-INV-302175 PO_B10_005359,105261,2547,0,0,102714,INR,2026-08-12T13:29:00Z,BATCH-PAYT-5359
PO_B10_005360,PayU Enterprise,NYKA-ORD-701669 NYKA-ORD-869378 NYKA-ORD-550062 BATCH-NYKA-5360,527467,10549,0,0,516918,INR,2026-08-12T15:05:00Z,BATCH-NYKA-5360
PO_B10_005361,Cashfree Escrow,OLAA-INV-898864 PO_B10_005361,398123,6712,0,0,391411,INR,2026-08-12T07:51:00Z,BATCH-OLAA-5361
PO_B10_005362,BillDesk Settlement,ZOMA-INV-101542 PO_B10_005362,268925,6321,0,0,262604,INR,2026-08-12T01:38:00Z,BATCH-ZOMA-5362
PO_B10_005363,Stripe India,MMTR-ORD-973689 MMTR-ORD-371469 MMTR-ORD-803256 BATCH-MMTR-5363,334005,6680,0,0,327325,INR,2026-08-12T05:47:00Z,BATCH-MMTR-5363
PO_B10_005364,PayU Enterprise,TATA-INV-484421 PO_B10_005364,403202,8537,0,0,394665,INR,2026-08-12T01:27:00Z,BATCH-TATA-5364
PO_B10_005365,BillDesk Settlement,FLPK-INV-775791 PO_B10_005365,218222,4908,0,0,213314,INR,2026-08-12T04:37:00Z,BATCH-FLPK-5365
PO_B10_005366,Cashfree Escrow,NYKA-INV-912492 PO_B10_005366,39857,726,0,0,39131,INR,2026-08-12T13:47:00Z,BATCH-NYKA-5366
PO_B10_005367,Razorpay Nodal,UBER-INV-420612 PO_B10_005367,137669,3183,0,0,134486,INR,2026-08-11T20:15:00Z,BATCH-UBER-5367
PO_B10_005368,Stripe India,UBER-INV-988832 PO_B10_005368,346382,6984,0,0,339398,INR,2026-08-12T17:56:00Z,BATCH-UBER-5368
PO_B10_005369,Stripe India,BKMS-INV-533888 PO_B10_005369,49434,915,0,0,48519,INR,2026-08-12T07:29:00Z,BATCH-BKMS-5369
PO_B10_005370,PayU Enterprise,UBER-INV-432802 PO_B10_005370,209713,4334,0,0,205379,INR,2026-08-12T11:10:00Z,BATCH-UBER-5370
PO_B10_005371,Razorpay Nodal,ZOMA-ORD-734794 ZOMA-ORD-896373 BATCH-ZOMA-5371,202549,4050,0,0,198499,INR,2026-08-12T20:01:00Z,BATCH-ZOMA-5371
PO_B10_005372,Razorpay Nodal,BKMS-INV-338556 PO_B10_005372,287002,6626,0,0,280376,INR,2026-08-12T07:20:00Z,BATCH-BKMS-5372
PO_B10_005373,Razorpay Nodal,PHNP-ORD-572184 PHNP-ORD-725436 BATCH-PHNP-5373,124768,2495,0,0,122273,INR,2026-08-12T04:15:00Z,BATCH-PHNP-5373
PO_B10_005374,BillDesk Settlement,BBAS-INV-686273 PO_B10_005374,187313,3929,0,0,183384,INR,2026-08-11T17:50:00Z,BATCH-BBAS-5374
PO_B10_005375,Razorpay Nodal,BLNK-EXC-545173-UNRESOLVED,274442,5478,0,0,268964,INR,2026-08-12T20:08:00Z,HOLD-ESCROW
PO_B10_005376,PayU Enterprise,OLAA-INV-978363 PO_B10_005376,356859,8174,0,0,348685,INR,2026-08-12T09:16:00Z,BATCH-OLAA-5376
PO_B10_005377,Cashfree Escrow,PHNP-INV-789381 PO_B10_005377,104471,2210,0,0,102261,INR,2026-08-12T12:06:00Z,BATCH-PHNP-5377
PO_B10_005378,Cashfree Escrow,BLNK-INV-260035 PO_B10_005378,433048,7669,0,0,425379,INR,2026-08-12T04:51:00Z,BATCH-BLNK-5378
PO_B10_005379,BillDesk Settlement,FLPK-ORD-889930 FLPK-ORD-183991 FLPK-ORD-649758 BATCH-FLPK-5379,392060,7841,0,0,384219,INR,2026-08-12T07:42:00Z,BATCH-FLPK-5379
PO_B10_005380,BillDesk Settlement,OLAA-INV-337123 PO_B10_005380,129662,1991,0,0,127671,INR,2026-08-12T02:03:00Z,BATCH-OLAA-5380
PO_B10_005381,BillDesk Settlement,BKMS-INV-164141 PO_B10_005381,399290,8024,0,0,391266,INR,2026-08-12T09:22:00Z,BATCH-BKMS-5381
PO_B10_005382,Cashfree Escrow,UBER-ORD-128088 UBER-ORD-763304 BATCH-UBER-5382,88288,1765,0,0,86523,INR,2026-08-12T02:39:00Z,BATCH-UBER-5382
PO_B10_005383,BillDesk Settlement,BLNK-INV-759200 PO_B10_005383,218715,5391,0,0,213324,INR,2026-08-12T08:49:00Z,BATCH-BLNK-5383
PO_B10_005384,BillDesk Settlement,ZOMA-ORD-629286 ZOMA-ORD-141509 BATCH-ZOMA-5384,273032,5460,0,0,267572,INR,2026-08-12T00:17:00Z,BATCH-ZOMA-5384
PO_B10_005385,BillDesk Settlement,BLNK-INV-544612 PO_B10_005385,241414,4495,0,0,236919,INR,2026-08-12T18:33:00Z,BATCH-BLNK-5385
PO_B10_005386,BillDesk Settlement,MMTR-INV-878625 PO_B10_005386,361901,6318,0,0,355583,INR,2026-08-11T20:34:00Z,BATCH-MMTR-5386
PO_B10_005387,BillDesk Settlement,PHNP-INV-181661 PO_B10_005387,391819,6594,0,0,385225,INR,2026-08-12T01:00:00Z,BATCH-PHNP-5387
PO_B10_005388,Razorpay Nodal,PHNP-INV-989248 PO_B10_005388,281744,6204,0,0,275540,INR,2026-08-12T06:09:00Z,BATCH-PHNP-5388
PO_B10_005389,PayU Enterprise,PHNP-INV-316699 PO_B10_005389,215445,4894,0,0,210551,INR,2026-08-11T20:52:00Z,BATCH-PHNP-5389
PO_B10_005390,PayU Enterprise,MYNT-INV-731117 PO_B10_005390,298979,6511,0,0,292468,INR,2026-08-12T10:57:00Z,BATCH-MYNT-5390
PO_B10_005391,Razorpay Nodal,SWIG-INV-610288 PO_B10_005391,174705,3246,0,0,171459,INR,2026-08-12T15:36:00Z,BATCH-SWIG-5391
PO_B10_005392,Stripe India,UBER-INV-217639 PO_B10_005392,168375,2672,0,0,165703,INR,2026-08-12T09:58:00Z,BATCH-UBER-5392
PO_B10_005393,Cashfree Escrow,SWIG-ORD-896194 SWIG-ORD-959635 SWIG-ORD-234511 BATCH-SWIG-5393,462363,9247,0,0,453116,INR,2026-08-12T12:43:00Z,BATCH-SWIG-5393
PO_B10_005394,Stripe India,TATA-EXC-932148-UNRESOLVED,279117,5572,0,0,273545,INR,2026-08-13T02:26:00Z,HOLD-ESCROW
PO_B10_005395,PayU Enterprise,ZOMA-INV-251092 PO_B10_005395,365502,8015,0,0,357487,INR,2026-08-12T13:27:00Z,BATCH-ZOMA-5395
PO_B10_005396,Stripe India,AMZN-INV-303710 PO_B10_005396,341398,5530,0,0,335868,INR,2026-08-12T19:40:00Z,BATCH-AMZN-5396
PO_B10_005397,Cashfree Escrow,OLAA-INV-737529 PO_B10_005397,152243,3328,0,0,148915,INR,2026-08-12T17:09:00Z,BATCH-OLAA-5397
PO_B10_005398,BillDesk Settlement,MYNT-INV-876143 PO_B10_005398,104519,2509,0,0,102010,INR,2026-08-12T16:29:00Z,BATCH-MYNT-5398
PO_B10_005399,Stripe India,MMTR-INV-183485 PO_B10_005399,344120,6513,0,0,337607,INR,2026-08-11T20:49:00Z,BATCH-MMTR-5399
PO_B10_005400,PayU Enterprise,PAYT-INV-268338 PO_B10_005400,162450,2846,0,0,159604,INR,2026-08-12T15:25:00Z,BATCH-PAYT-5400
PO_B10_005401,BillDesk Settlement,BLNK-INV-512910 PO_B10_005401,355876,6831,0,0,349045,INR,2026-08-12T03:00:00Z,BATCH-BLNK-5401
PO_B10_005402,Stripe India,SWIG-EXC-479059-UNRESOLVED,231989,4629,0,0,227360,INR,2026-08-13T07:24:00Z,HOLD-ESCROW
PO_B10_005403,Razorpay Nodal,UBER-ORD-331622 UBER-ORD-279032 UBER-ORD-242644 BATCH-UBER-5403,560536,11210,0,0,549326,INR,2026-08-12T05:04:00Z,BATCH-UBER-5403
PO_B10_005404,Razorpay Nodal,UBER-EXC-226665-UNRESOLVED,130574,2601,0,0,127973,INR,2026-08-12T15:52:00Z,HOLD-ESCROW
PO_B10_005405,Stripe India,BKMS-EXC-789722-UNRESOLVED,297933,5948,0,0,291985,INR,2026-08-12T19:40:00Z,HOLD-ESCROW
PO_B10_005406,Stripe India,AMZN-INV-706047 PO_B10_005406,195376,3896,0,0,191480,INR,2026-08-12T03:39:00Z,BATCH-AMZN-5406
PO_B10_005407,Stripe India,JIOO-INV-220245 PO_B10_005407,266765,4270,0,0,262495,INR,2026-08-12T06:08:00Z,BATCH-JIOO-5407
PO_B10_005408,Cashfree Escrow,TATA-ORD-256483 TATA-ORD-474361 TATA-ORD-646074 BATCH-TATA-5408,541587,10831,0,0,530756,INR,2026-08-12T10:51:00Z,BATCH-TATA-5408
PO_B10_005409,Razorpay Nodal,JIOO-INV-550978 PO_B10_005409,439249,7673,0,0,431576,INR,2026-08-12T09:29:00Z,BATCH-JIOO-5409
PO_B10_005410,Cashfree Escrow,FLPK-ORD-667647 FLPK-ORD-482889 BATCH-FLPK-5410,257868,5157,0,0,252711,INR,2026-08-12T10:22:00Z,BATCH-FLPK-5410
PO_B10_005411,PayU Enterprise,UBER-INV-349262 PO_B10_005411,116446,2012,0,0,114434,INR,2026-08-12T08:41:00Z,BATCH-UBER-5411
PO_B10_005412,Razorpay Nodal,TATA-INV-341883 PO_B10_005412,114041,2227,0,0,111814,INR,2026-08-12T12:34:00Z,BATCH-TATA-5412
PO_B10_005413,BillDesk Settlement,TATA-INV-846224 PO_B10_005413,28343,688,0,0,27655,INR,2026-08-12T15:31:00Z,BATCH-TATA-5413
PO_B10_005414,PayU Enterprise,MMTR-INV-924895 PO_B10_005414,131821,2765,0,0,129056,INR,2026-08-11T18:30:00Z,BATCH-MMTR-5414
PO_B10_005415,Cashfree Escrow,ZOMA-INV-927698 PO_B10_005415,292869,4958,0,0,287911,INR,2026-08-12T06:29:00Z,BATCH-ZOMA-5415
PO_B10_005416,BillDesk Settlement,BKMS-INV-993844 PO_B10_005416,251149,4213,0,0,246936,INR,2026-08-12T03:34:00Z,BATCH-BKMS-5416
PO_B10_005417,Stripe India,SWIG-INV-504357 PO_B10_005417,329464,8144,0,0,321320,INR,2026-08-12T15:22:00Z,BATCH-SWIG-5417
PO_B10_005418,Stripe India,JIOO-INV-198067 PO_B10_005418,226490,4046,0,0,222444,INR,2026-08-12T17:01:00Z,BATCH-JIOO-5418
PO_B10_005419,BillDesk Settlement,SWIG-INV-937022 PO_B10_005419,172700,3278,0,0,169422,INR,2026-08-12T12:22:00Z,BATCH-SWIG-5419
PO_B10_005420,Razorpay Nodal,FLPK-EXC-146657-UNRESOLVED,212522,4240,0,0,208282,INR,2026-08-12T20:12:00Z,HOLD-ESCROW
PO_B10_005421,BillDesk Settlement,JIOO-INV-765447 PO_B10_005421,135932,2508,0,0,133424,INR,2026-08-12T14:17:00Z,BATCH-JIOO-5421
PO_B10_005422,Cashfree Escrow,NYKA-ORD-312566 NYKA-ORD-154510 BATCH-NYKA-5422,94301,1886,0,0,92415,INR,2026-08-12T14:25:00Z,BATCH-NYKA-5422
PO_B10_005423,Cashfree Escrow,AMZN-INV-566381 PO_B10_005423,261136,5779,0,0,255357,INR,2026-08-12T04:55:00Z,BATCH-AMZN-5423
PO_B10_005424,PayU Enterprise,JIOO-ORD-431743 JIOO-ORD-873074 BATCH-JIOO-5424,246431,4928,0,0,241503,INR,2026-08-12T05:34:00Z,BATCH-JIOO-5424
PO_B10_005425,BillDesk Settlement,SWIG-INV-880601 PO_B10_005425,266258,6441,0,0,259817,INR,2026-08-12T07:05:00Z,BATCH-SWIG-5425
PO_B10_005426,Cashfree Escrow,BBAS-INV-934296 PO_B10_005426,193168,3981,0,0,189187,INR,2026-08-12T13:14:00Z,BATCH-BBAS-5426
PO_B10_005427,BillDesk Settlement,BBAS-ORD-903800 BBAS-ORD-824508 BATCH-BBAS-5427,146037,2920,0,0,143117,INR,2026-08-12T00:19:00Z,BATCH-BBAS-5427
PO_B10_005428,Razorpay Nodal,MMTR-INV-197247 PO_B10_005428,413021,7286,0,0,405735,INR,2026-08-11T20:18:00Z,BATCH-MMTR-5428
PO_B10_005429,Razorpay Nodal,TATA-ORD-945627 TATA-ORD-437311 TATA-ORD-659212 BATCH-TATA-5429,565167,11303,0,0,553864,INR,2026-08-12T09:40:00Z,BATCH-TATA-5429
PO_B10_005430,Cashfree Escrow,MMTR-INV-276844 PO_B10_005430,435295,7412,0,0,427883,INR,2026-08-11T18:30:00Z,BATCH-MMTR-5430
PO_B10_005431,Cashfree Escrow,NYKA-EXC-941993-UNRESOLVED,277337,5536,0,0,271801,INR,2026-08-12T13:24:00Z,HOLD-ESCROW
PO_B10_005432,Razorpay Nodal,BKMS-INV-494177 PO_B10_005432,444766,10161,0,0,434605,INR,2026-08-12T16:52:00Z,BATCH-BKMS-5432
PO_B10_005433,BillDesk Settlement,PHNP-ORD-481163 PHNP-ORD-343223 BATCH-PHNP-5433,293437,5868,0,0,287569,INR,2026-08-12T19:09:00Z,BATCH-PHNP-5433
PO_B10_005434,PayU Enterprise,JIOO-ORD-732935 JIOO-ORD-546115 JIOO-ORD-514263 BATCH-JIOO-5434,276830,5536,0,0,271294,INR,2026-08-12T07:15:00Z,BATCH-JIOO-5434
PO_B10_005435,PayU Enterprise,MMTR-INV-532539 PO_B10_005435,377835,7586,0,0,370249,INR,2026-08-12T02:26:00Z,BATCH-MMTR-5435
PO_B10_005436,Stripe India,BBAS-INV-380420 PO_B10_005436,391354,8947,0,0,382407,INR,2026-08-13T02:09:00Z,BATCH-BBAS-5436
PO_B10_005437,Razorpay Nodal,SWIG-INV-658657 PO_B10_005437,333968,7496,0,0,326472,INR,2026-08-11T18:13:00Z,BATCH-SWIG-5437
PO_B10_005438,BillDesk Settlement,TATA-INV-106623 PO_B10_005438,356562,6786,0,0,349776,INR,2026-08-12T22:23:00Z,BATCH-TATA-5438
PO_B10_005439,Stripe India,NYKA-INV-143056 PO_B10_005439,414435,8203,0,0,406232,INR,2026-08-12T22:28:00Z,BATCH-NYKA-5439
PO_B10_005440,BillDesk Settlement,MMTR-INV-152414 PO_B10_005440,202442,3837,0,0,198605,INR,2026-08-12T09:22:00Z,BATCH-MMTR-5440
PO_B10_005441,Stripe India,AMZN-INV-472685 PO_B10_005441,146458,2949,0,0,143509,INR,2026-08-12T05:13:00Z,BATCH-AMZN-5441
PO_B10_005442,BillDesk Settlement,NYKA-INV-936630 PO_B10_005442,25254,587,0,0,24667,INR,2026-08-12T00:38:00Z,BATCH-NYKA-5442
PO_B10_005443,BillDesk Settlement,SWIG-INV-372431 PO_B10_005443,317771,6244,0,0,311527,INR,2026-08-12T13:41:00Z,BATCH-SWIG-5443
PO_B10_005444,BillDesk Settlement,FLPK-INV-689174 PO_B10_005444,223878,4574,0,0,219304,INR,2026-08-12T03:47:00Z,BATCH-FLPK-5444
PO_B10_005445,BillDesk Settlement,OLAA-INV-837981 PO_B10_005445,415391,6259,0,0,409132,INR,2026-08-12T02:26:00Z,BATCH-OLAA-5445
PO_B10_005446,Razorpay Nodal,BLNK-INV-595732 PO_B10_005446,433831,9293,0,0,424538,INR,2026-08-11T18:28:00Z,BATCH-BLNK-5446
PO_B10_005447,BillDesk Settlement,AMZN-INV-902292 PO_B10_005447,109274,1769,0,0,107505,INR,2026-08-12T05:56:00Z,BATCH-AMZN-5447
PO_B10_005448,PayU Enterprise,OLAA-ORD-146976 OLAA-ORD-738580 OLAA-ORD-504461 BATCH-OLAA-5448,257190,5143,0,0,252047,INR,2026-08-12T20:39:00Z,BATCH-OLAA-5448
PO_B10_005449,BillDesk Settlement,BLNK-INV-165505 PO_B10_005449,215071,4583,0,0,210488,INR,2026-08-12T15:50:00Z,BATCH-BLNK-5449
PO_B10_005450,BillDesk Settlement,FLPK-ORD-727612 FLPK-ORD-655109 BATCH-FLPK-5450,225668,4513,0,0,221155,INR,2026-08-12T03:24:00Z,BATCH-FLPK-5450
PO_B10_005451,PayU Enterprise,BLNK-INV-216290 PO_B10_005451,275861,6544,0,0,269317,INR,2026-08-12T18:01:00Z,BATCH-BLNK-5451
PO_B10_005452,BillDesk Settlement,AMZN-INV-256060 PO_B10_005452,286817,5455,0,0,281362,INR,2026-08-12T05:54:00Z,BATCH-AMZN-5452
PO_B10_005453,Stripe India,ZOMA-INV-496470 PO_B10_005453,119185,1797,0,0,117388,INR,2026-08-12T21:17:00Z,BATCH-ZOMA-5453
PO_B10_005454,Cashfree Escrow,AMZN-INV-840982 PO_B10_005454,136590,2825,0,0,133765,INR,2026-08-12T02:33:00Z,BATCH-AMZN-5454
PO_B10_005455,BillDesk Settlement,BBAS-INV-820140 PO_B10_005455,239066,3771,0,0,235295,INR,2026-08-12T10:36:00Z,BATCH-BBAS-5455
PO_B10_005456,Razorpay Nodal,BBAS-INV-259029 PO_B10_005456,335454,5979,0,0,329475,INR,2026-08-11T23:02:00Z,BATCH-BBAS-5456
PO_B10_005457,Stripe India,PHNP-ORD-614107 PHNP-ORD-973377 PHNP-ORD-342349 BATCH-PHNP-5457,278510,5570,0,0,272940,INR,2026-08-12T15:32:00Z,BATCH-PHNP-5457
PO_B10_005458,Razorpay Nodal,UBER-INV-517425 PO_B10_005458,423388,10248,0,0,413140,INR,2026-08-12T21:00:00Z,BATCH-UBER-5458
PO_B10_005459,Razorpay Nodal,AMZN-INV-583687 PO_B10_005459,137274,2556,0,0,134718,INR,2026-08-12T03:16:00Z,BATCH-AMZN-5459
PO_B10_005460,Razorpay Nodal,BBAS-INV-794246 PO_B10_005460,120577,2442,0,0,118135,INR,2026-08-11T17:05:00Z,BATCH-BBAS-5460
PO_B10_005461,Cashfree Escrow,BKMS-INV-388062 PO_B10_005461,255795,4524,0,0,251271,INR,2026-08-11T21:23:00Z,BATCH-BKMS-5461
PO_B10_005462,Cashfree Escrow,JIOO-INV-875461 PO_B10_005462,384161,7881,0,0,376280,INR,2026-08-12T04:00:00Z,BATCH-JIOO-5462
PO_B10_005463,BillDesk Settlement,MYNT-INV-167161 PO_B10_005463,182599,3451,0,0,179148,INR,2026-08-12T14:25:00Z,BATCH-MYNT-5463
PO_B10_005464,PayU Enterprise,NYKA-INV-929633 PO_B10_005464,136758,3062,0,0,133696,INR,2026-08-12T01:22:00Z,BATCH-NYKA-5464
PO_B10_005465,Razorpay Nodal,NYKA-ORD-438859 NYKA-ORD-132092 NYKA-ORD-386455 BATCH-NYKA-5465,268514,5370,0,0,263144,INR,2026-08-12T11:42:00Z,BATCH-NYKA-5465
PO_B10_005466,Cashfree Escrow,NYKA-ORD-937615 NYKA-ORD-340725 BATCH-NYKA-5466,230755,4615,0,0,226140,INR,2026-08-12T02:44:00Z,BATCH-NYKA-5466
PO_B10_005467,Stripe India,AMZN-EXC-679073-UNRESOLVED,281561,5621,0,0,275940,INR,2026-08-13T04:03:00Z,HOLD-ESCROW
PO_B10_005468,Stripe India,ZOMA-EXC-206392-UNRESOLVED,55691,1103,0,0,54588,INR,2026-08-12T11:33:00Z,HOLD-ESCROW
PO_B10_005469,Stripe India,OLAA-INV-336897 PO_B10_005469,163175,3956,0,0,159219,INR,2026-08-12T09:54:00Z,BATCH-OLAA-5469
PO_B10_005470,Razorpay Nodal,OLAA-ORD-142775 OLAA-ORD-412090 OLAA-ORD-258489 BATCH-OLAA-5470,467802,9356,0,0,458446,INR,2026-08-12T15:46:00Z,BATCH-OLAA-5470
PO_B10_005471,Cashfree Escrow,BKMS-INV-253228 PO_B10_005471,404750,10020,0,0,394730,INR,2026-08-12T02:38:00Z,BATCH-BKMS-5471
PO_B10_005472,Cashfree Escrow,BKMS-INV-844389 PO_B10_005472,232239,5269,0,0,226970,INR,2026-08-12T02:50:00Z,BATCH-BKMS-5472
PO_B10_005473,Cashfree Escrow,NYKA-INV-474577 PO_B10_005473,50898,1204,0,0,49694,INR,2026-08-12T10:44:00Z,BATCH-NYKA-5473
PO_B10_005474,BillDesk Settlement,UBER-INV-677547 PO_B10_005474,190495,3603,0,0,186892,INR,2026-08-12T10:57:00Z,BATCH-UBER-5474
PO_B10_005475,Stripe India,AMZN-INV-788938 PO_B10_005475,119355,2696,0,0,116659,INR,2026-08-12T13:14:00Z,BATCH-AMZN-5475
PO_B10_005476,BillDesk Settlement,OLAA-INV-182963 PO_B10_005476,414011,9327,0,0,404684,INR,2026-08-12T08:30:00Z,BATCH-OLAA-5476
PO_B10_005477,BillDesk Settlement,UBER-INV-752644 PO_B10_005477,247360,3852,0,0,243508,INR,2026-08-12T00:41:00Z,BATCH-UBER-5477
PO_B10_005478,PayU Enterprise,OLAA-ORD-241465 OLAA-ORD-334883 BATCH-OLAA-5478,402432,8048,0,0,394384,INR,2026-08-12T15:27:00Z,BATCH-OLAA-5478
PO_B10_005479,Cashfree Escrow,AMZN-EXC-324661-UNRESOLVED,168929,3368,0,0,165561,INR,2026-08-12T21:40:00Z,HOLD-ESCROW
PO_B10_005480,Cashfree Escrow,ZOMA-ORD-252559 ZOMA-ORD-169002 BATCH-ZOMA-5480,121093,2421,0,0,118672,INR,2026-08-12T10:40:00Z,BATCH-ZOMA-5480
PO_B10_005481,BillDesk Settlement,JIOO-ORD-519540 JIOO-ORD-993133 BATCH-JIOO-5481,292060,5841,0,0,286219,INR,2026-08-12T20:12:00Z,BATCH-JIOO-5481
PO_B10_005482,Cashfree Escrow,ZOMA-ORD-594440 ZOMA-ORD-330371 ZOMA-ORD-300419 BATCH-ZOMA-5482,381112,7622,0,0,373490,INR,2026-08-12T13:31:00Z,BATCH-ZOMA-5482
PO_B10_005483,BillDesk Settlement,MMTR-INV-672727 PO_B10_005483,49068,911,0,0,48157,INR,2026-08-12T06:40:00Z,BATCH-MMTR-5483
PO_B10_005484,PayU Enterprise,MYNT-INV-779432 PO_B10_005484,87379,1528,0,0,85851,INR,2026-08-12T05:39:00Z,BATCH-MYNT-5484
PO_B10_005485,Stripe India,BBAS-INV-250671 PO_B10_005485,377089,8049,0,0,369040,INR,2026-08-12T03:59:00Z,BATCH-BBAS-5485
PO_B10_005486,BillDesk Settlement,ZOMA-ORD-665217 ZOMA-ORD-927150 ZOMA-ORD-960860 BATCH-ZOMA-5486,471414,9428,0,0,461986,INR,2026-08-12T12:09:00Z,BATCH-ZOMA-5486
PO_B10_005487,Razorpay Nodal,ZOMA-ORD-878350 ZOMA-ORD-794081 BATCH-ZOMA-5487,307601,6152,0,0,301449,INR,2026-08-12T18:11:00Z,BATCH-ZOMA-5487
PO_B10_005488,PayU Enterprise,BLNK-INV-434415 PO_B10_005488,177286,3997,0,0,173289,INR,2026-08-12T12:26:00Z,BATCH-BLNK-5488
PO_B10_005489,BillDesk Settlement,JIOO-INV-763042 PO_B10_005489,123214,2364,0,0,120850,INR,2026-08-12T00:38:00Z,BATCH-JIOO-5489
PO_B10_005490,Cashfree Escrow,FLPK-INV-245578 PO_B10_005490,281630,6937,0,0,274693,INR,2026-08-12T03:53:00Z,BATCH-FLPK-5490
PO_B10_005491,Cashfree Escrow,BKMS-ORD-842181 BKMS-ORD-245645 BATCH-BKMS-5491,146521,2930,0,0,143591,INR,2026-08-11T22:49:00Z,BATCH-BKMS-5491
PO_B10_005492,Razorpay Nodal,PHNP-INV-440613 PO_B10_005492,66714,1400,0,0,65314,INR,2026-08-11T22:56:00Z,BATCH-PHNP-5492
PO_B10_005493,PayU Enterprise,TATA-INV-703131 PO_B10_005493,440931,10645,0,0,430286,INR,2026-08-12T03:13:00Z,BATCH-TATA-5493
PO_B10_005494,Stripe India,MYNT-EXC-408741-UNRESOLVED,235118,4692,0,0,230426,INR,2026-08-12T09:27:00Z,HOLD-ESCROW
PO_B10_005495,BillDesk Settlement,MYNT-INV-922101 PO_B10_005495,261316,6483,0,0,254833,INR,2026-08-12T19:08:00Z,BATCH-MYNT-5495
PO_B10_005496,BillDesk Settlement,OLAA-INV-477697 PO_B10_005496,277010,4269,0,0,272741,INR,2026-08-12T12:37:00Z,BATCH-OLAA-5496
PO_B10_005497,Razorpay Nodal,UBER-INV-148442 PO_B10_005497,113036,2058,0,0,110978,INR,2026-08-12T23:37:00Z,BATCH-UBER-5497
PO_B10_005498,Razorpay Nodal,BKMS-INV-465448 PO_B10_005498,122476,2810,0,0,119666,INR,2026-08-12T08:36:00Z,BATCH-BKMS-5498
PO_B10_005499,Razorpay Nodal,JIOO-INV-745118 PO_B10_005499,38199,589,0,0,37610,INR,2026-08-12T08:01:00Z,BATCH-JIOO-5499
PO_B10_005500,Cashfree Escrow,BBAS-EXC-308643-UNRESOLVED,240291,4795,0,0,235496,INR,2026-08-12T14:38:00Z,HOLD-ESCROW
PO_B10_005501,Cashfree Escrow,BBAS-INV-800043 PO_B10_005501,246901,5871,0,0,241030,INR,2026-08-12T12:03:00Z,BATCH-BBAS-5501
PO_B10_005502,Razorpay Nodal,FLPK-INV-309304 PO_B10_005502,185875,2815,0,0,183060,INR,2026-08-12T06:04:00Z,BATCH-FLPK-5502
PO_B10_005503,Razorpay Nodal,SWIG-INV-222866 PO_B10_005503,38578,827,0,0,37751,INR,2026-08-12T19:55:00Z,BATCH-SWIG-5503
PO_B10_005504,Cashfree Escrow,MYNT-ORD-202784 MYNT-ORD-939647 BATCH-MYNT-5504,183208,3664,0,0,179544,INR,2026-08-12T18:51:00Z,BATCH-MYNT-5504
PO_B10_005505,BillDesk Settlement,PHNP-INV-576556 PO_B10_005505,79552,1604,0,0,77948,INR,2026-08-11T19:36:00Z,BATCH-PHNP-5505
PO_B10_005506,BillDesk Settlement,BLNK-INV-823916 PO_B10_005506,423734,8660,0,0,415074,INR,2026-08-12T10:51:00Z,BATCH-BLNK-5506
PO_B10_005507,Stripe India,AMZN-INV-325768 PO_B10_005507,146170,3508,0,0,142662,INR,2026-08-11T17:35:00Z,BATCH-AMZN-5507
PO_B10_005508,Cashfree Escrow,ZOMA-ORD-464553 ZOMA-ORD-720225 ZOMA-ORD-660503 BATCH-ZOMA-5508,513374,10267,0,0,503107,INR,2026-08-12T14:51:00Z,BATCH-ZOMA-5508
PO_B10_005509,Stripe India,PHNP-ORD-648515 PHNP-ORD-384220 PHNP-ORD-130419 BATCH-PHNP-5509,438262,8765,0,0,429497,INR,2026-08-12T06:42:00Z,BATCH-PHNP-5509
PO_B10_005510,PayU Enterprise,MYNT-INV-566075 PO_B10_005510,294445,5094,0,0,289351,INR,2026-08-12T00:45:00Z,BATCH-MYNT-5510
PO_B10_005511,PayU Enterprise,BKMS-INV-657174 PO_B10_005511,327758,7666,0,0,320092,INR,2026-08-12T03:12:00Z,BATCH-BKMS-5511
PO_B10_005512,Stripe India,FLPK-ORD-673395 FLPK-ORD-169634 BATCH-FLPK-5512,393984,7879,0,0,386105,INR,2026-08-12T00:01:00Z,BATCH-FLPK-5512
PO_B10_005513,PayU Enterprise,BBAS-INV-191395 PO_B10_005513,76596,1557,0,0,75039,INR,2026-08-12T00:09:00Z,BATCH-BBAS-5513
PO_B10_005514,BillDesk Settlement,FLPK-INV-329014 PO_B10_005514,130709,2584,0,0,128125,INR,2026-08-12T15:27:00Z,BATCH-FLPK-5514
PO_B10_005515,Cashfree Escrow,JIOO-INV-180554 PO_B10_005515,434348,7737,0,0,426611,INR,2026-08-12T06:12:00Z,BATCH-JIOO-5515
PO_B10_005516,PayU Enterprise,FLPK-ORD-217823 FLPK-ORD-922958 FLPK-ORD-926932 BATCH-FLPK-5516,248640,4972,0,0,243668,INR,2026-08-12T01:40:00Z,BATCH-FLPK-5516
PO_B10_005517,Cashfree Escrow,UBER-ORD-927813 UBER-ORD-553945 UBER-ORD-141858 BATCH-UBER-5517,474027,9480,0,0,464547,INR,2026-08-12T06:49:00Z,BATCH-UBER-5517
PO_B10_005518,BillDesk Settlement,BLNK-INV-177242 PO_B10_005518,141051,2698,0,0,138353,INR,2026-08-11T21:14:00Z,BATCH-BLNK-5518
PO_B10_005519,PayU Enterprise,PHNP-INV-750356 PO_B10_005519,366917,7844,0,0,359073,INR,2026-08-12T12:19:00Z,BATCH-PHNP-5519
PO_B10_005520,Stripe India,PHNP-INV-367933 PO_B10_005520,267270,4596,0,0,262674,INR,2026-08-11T22:02:00Z,BATCH-PHNP-5520
PO_B10_005521,Stripe India,OLAA-INV-578475 PO_B10_005521,434460,10407,0,0,424053,INR,2026-08-12T03:26:00Z,BATCH-OLAA-5521
PO_B10_005522,PayU Enterprise,FLPK-ORD-807134 FLPK-ORD-524677 FLPK-ORD-635963 BATCH-FLPK-5522,319583,6391,0,0,313192,INR,2026-08-12T00:41:00Z,BATCH-FLPK-5522
PO_B10_005523,Stripe India,MMTR-ORD-754715 MMTR-ORD-868565 BATCH-MMTR-5523,197000,3940,0,0,193060,INR,2026-08-11T22:55:00Z,BATCH-MMTR-5523
PO_B10_005524,PayU Enterprise,SWIG-ORD-815197 SWIG-ORD-952128 BATCH-SWIG-5524,209902,4198,0,0,205704,INR,2026-08-12T12:03:00Z,BATCH-SWIG-5524
PO_B10_005525,Cashfree Escrow,PHNP-ORD-855089 PHNP-ORD-501967 PHNP-ORD-947172 BATCH-PHNP-5525,275384,5507,0,0,269877,INR,2026-08-11T21:18:00Z,BATCH-PHNP-5525
PO_B10_005526,Razorpay Nodal,UBER-INV-536613 PO_B10_005526,345682,5282,0,0,340400,INR,2026-08-12T04:31:00Z,BATCH-UBER-5526
PO_B10_005527,Cashfree Escrow,AMZN-ORD-909242 AMZN-ORD-801076 BATCH-AMZN-5527,269391,5387,0,0,264004,INR,2026-08-12T02:20:00Z,BATCH-AMZN-5527
PO_B10_005528,BillDesk Settlement,FLPK-INV-237381 PO_B10_005528,54519,1048,0,0,53471,INR,2026-08-11T17:05:00Z,BATCH-FLPK-5528
PO_B10_005529,Razorpay Nodal,NYKA-EXC-399333-UNRESOLVED,230295,4595,0,0,225700,INR,2026-08-12T20:56:00Z,HOLD-ESCROW
PO_B10_005530,Razorpay Nodal,NYKA-INV-277543 PO_B10_005530,125789,2334,0,0,123455,INR,2026-08-12T04:08:00Z,BATCH-NYKA-5530
PO_B10_005531,Razorpay Nodal,SWIG-INV-268525 PO_B10_005531,203283,3162,0,0,200121,INR,2026-08-13T00:31:00Z,BATCH-SWIG-5531
PO_B10_005532,BillDesk Settlement,TATA-INV-289582 PO_B10_005532,268919,5556,0,0,263363,INR,2026-08-11T22:18:00Z,BATCH-TATA-5532
PO_B10_005533,Cashfree Escrow,ZOMA-ORD-385394 ZOMA-ORD-947236 BATCH-ZOMA-5533,244432,4888,0,0,239544,INR,2026-08-12T08:27:00Z,BATCH-ZOMA-5533
PO_B10_005534,BillDesk Settlement,OLAA-ORD-705953 OLAA-ORD-548839 OLAA-ORD-298456 BATCH-OLAA-5534,246595,4931,0,0,241664,INR,2026-08-12T00:09:00Z,BATCH-OLAA-5534
PO_B10_005535,Stripe India,FLPK-INV-768917 PO_B10_005535,92662,1789,0,0,90873,INR,2026-08-12T02:45:00Z,BATCH-FLPK-5535
PO_B10_005536,Razorpay Nodal,NYKA-EXC-906302-UNRESOLVED,125938,2508,0,0,123430,INR,2026-08-13T01:56:00Z,HOLD-ESCROW
PO_B10_005537,Cashfree Escrow,ZOMA-INV-874063 PO_B10_005537,132292,2755,0,0,129537,INR,2026-08-12T16:59:00Z,BATCH-ZOMA-5537
PO_B10_005538,Razorpay Nodal,MYNT-INV-728419 PO_B10_005538,226165,4055,0,0,222110,INR,2026-08-12T02:48:00Z,BATCH-MYNT-5538
PO_B10_005539,Stripe India,NYKA-ORD-236045 NYKA-ORD-571417 BATCH-NYKA-5539,337637,6752,0,0,330885,INR,2026-08-12T13:59:00Z,BATCH-NYKA-5539
PO_B10_005540,Razorpay Nodal,BKMS-INV-515402 PO_B10_005540,312987,5737,0,0,307250,INR,2026-08-12T07:03:00Z,BATCH-BKMS-5540
PO_B10_005541,Razorpay Nodal,UBER-ORD-791418 UBER-ORD-745715 BATCH-UBER-5541,261694,5233,0,0,256461,INR,2026-08-11T23:10:00Z,BATCH-UBER-5541
PO_B10_005542,Stripe India,MYNT-INV-905049 PO_B10_005542,161905,2566,0,0,159339,INR,2026-08-12T11:02:00Z,BATCH-MYNT-5542
PO_B10_005543,BillDesk Settlement,PHNP-INV-989019 PO_B10_005543,221229,5429,0,0,215800,INR,2026-08-12T18:54:00Z,BATCH-PHNP-5543
PO_B10_005544,Cashfree Escrow,TATA-INV-925313 PO_B10_005544,49844,1172,0,0,48672,INR,2026-08-12T11:14:00Z,BATCH-TATA-5544
PO_B10_005545,BillDesk Settlement,MYNT-ORD-259300 MYNT-ORD-443988 BATCH-MYNT-5545,44408,888,0,0,43520,INR,2026-08-12T07:07:00Z,BATCH-MYNT-5545
PO_B10_005546,Cashfree Escrow,JIOO-INV-867241 PO_B10_005546,247022,5455,0,0,241567,INR,2026-08-12T15:29:00Z,BATCH-JIOO-5546
PO_B10_005547,BillDesk Settlement,PAYT-ORD-905727 PAYT-ORD-237854 BATCH-PAYT-5547,154934,3098,0,0,151836,INR,2026-08-12T01:31:00Z,BATCH-PAYT-5547
PO_B10_005548,BillDesk Settlement,PAYT-INV-497588 PO_B10_005548,338703,6717,0,0,331986,INR,2026-08-12T19:00:00Z,BATCH-PAYT-5548
PO_B10_005549,PayU Enterprise,TATA-INV-296798 PO_B10_005549,315128,5243,0,0,309885,INR,2026-08-12T01:37:00Z,BATCH-TATA-5549
PO_B10_005550,Razorpay Nodal,TATA-INV-379054 PO_B10_005550,198687,3685,0,0,195002,INR,2026-08-12T14:21:00Z,BATCH-TATA-5550
PO_B10_005551,BillDesk Settlement,JIOO-INV-643923 PO_B10_005551,46402,829,0,0,45573,INR,2026-08-12T03:51:00Z,BATCH-JIOO-5551
PO_B10_005552,BillDesk Settlement,PHNP-INV-689359 PO_B10_005552,410859,8365,0,0,402494,INR,2026-08-12T19:37:00Z,BATCH-PHNP-5552
PO_B10_005553,Razorpay Nodal,PHNP-INV-515566 PO_B10_005553,167061,2718,0,0,164343,INR,2026-08-12T22:16:00Z,BATCH-PHNP-5553
PO_B10_005554,Cashfree Escrow,TATA-INV-672255 PO_B10_005554,163960,3556,0,0,160404,INR,2026-08-12T05:56:00Z,BATCH-TATA-5554
PO_B10_005555,Stripe India,AMZN-INV-385550 PO_B10_005555,160644,3066,0,0,157578,INR,2026-08-12T06:52:00Z,BATCH-AMZN-5555
PO_B10_005556,Cashfree Escrow,UBER-INV-488571 PO_B10_005556,213245,4420,0,0,208825,INR,2026-08-11T23:10:00Z,BATCH-UBER-5556
PO_B10_005557,BillDesk Settlement,MYNT-INV-823978 PO_B10_005557,120210,1899,0,0,118311,INR,2026-08-12T19:28:00Z,BATCH-MYNT-5557
PO_B10_005558,Cashfree Escrow,BKMS-INV-951766 PO_B10_005558,100900,2129,0,0,98771,INR,2026-08-12T15:35:00Z,BATCH-BKMS-5558
PO_B10_005559,Stripe India,BLNK-INV-861722 PO_B10_005559,432870,7934,0,0,424936,INR,2026-08-12T14:01:00Z,BATCH-BLNK-5559
PO_B10_005560,Razorpay Nodal,NYKA-INV-954657 PO_B10_005560,279026,5491,0,0,273535,INR,2026-08-12T20:14:00Z,BATCH-NYKA-5560
PO_B10_005561,Cashfree Escrow,AMZN-INV-637698 PO_B10_005561,41998,1024,0,0,40974,INR,2026-08-12T12:01:00Z,BATCH-AMZN-5561
PO_B10_005562,Razorpay Nodal,BKMS-INV-792720 PO_B10_005562,292975,5066,0,0,287909,INR,2026-08-12T08:29:00Z,BATCH-BKMS-5562
PO_B10_005563,Razorpay Nodal,MYNT-INV-398935 PO_B10_005563,434150,10420,0,0,423730,INR,2026-08-12T11:50:00Z,BATCH-MYNT-5563
PO_B10_005564,BillDesk Settlement,FLPK-INV-906455 PO_B10_005564,104419,1636,0,0,102783,INR,2026-08-11T20:35:00Z,BATCH-FLPK-5564
PO_B10_005565,Razorpay Nodal,FLPK-INV-222477 PO_B10_005565,311027,6889,0,0,304138,INR,2026-08-12T04:52:00Z,BATCH-FLPK-5565
PO_B10_005566,Razorpay Nodal,MYNT-INV-928465 PO_B10_005566,41166,872,0,0,40294,INR,2026-08-12T03:14:00Z,BATCH-MYNT-5566
PO_B10_005567,BillDesk Settlement,BBAS-ORD-219590 BBAS-ORD-122124 BATCH-BBAS-5567,404657,8093,0,0,396564,INR,2026-08-12T19:54:00Z,BATCH-BBAS-5567
PO_B10_005568,BillDesk Settlement,SWIG-INV-595867 PO_B10_005568,144701,2972,0,0,141729,INR,2026-08-12T00:36:00Z,BATCH-SWIG-5568
PO_B10_005569,PayU Enterprise,JIOO-EXC-449271-UNRESOLVED,130713,2604,0,0,128109,INR,2026-08-13T04:20:00Z,HOLD-ESCROW
PO_B10_005570,Stripe India,BLNK-INV-434362 PO_B10_005570,64263,1479,0,0,62784,INR,2026-08-12T02:40:00Z,BATCH-BLNK-5570
PO_B10_005571,Stripe India,OLAA-ORD-576539 OLAA-ORD-868207 BATCH-OLAA-5571,270478,5409,0,0,265069,INR,2026-08-12T05:52:00Z,BATCH-OLAA-5571
PO_B10_005572,Stripe India,SWIG-INV-317144 PO_B10_005572,190320,4123,0,0,186197,INR,2026-08-12T12:59:00Z,BATCH-SWIG-5572
PO_B10_005573,Cashfree Escrow,NYKA-INV-177198 PO_B10_005573,179382,2732,0,0,176650,INR,2026-08-12T04:31:00Z,BATCH-NYKA-5573
PO_B10_005574,Cashfree Escrow,OLAA-ORD-261009 OLAA-ORD-385208 BATCH-OLAA-5574,53246,1064,0,0,52182,INR,2026-08-12T08:51:00Z,BATCH-OLAA-5574
PO_B10_005575,PayU Enterprise,MMTR-INV-673866 PO_B10_005575,290114,4376,0,0,285738,INR,2026-08-12T12:21:00Z,BATCH-MMTR-5575
PO_B10_005576,Stripe India,JIOO-INV-913827 PO_B10_005576,415618,7567,0,0,408051,INR,2026-08-11T20:34:00Z,BATCH-JIOO-5576
PO_B10_005577,BillDesk Settlement,JIOO-ORD-763987 JIOO-ORD-399199 BATCH-JIOO-5577,370121,7402,0,0,362719,INR,2026-08-11T21:04:00Z,BATCH-JIOO-5577
PO_B10_005578,BillDesk Settlement,SWIG-INV-435113 PO_B10_005578,200037,3339,0,0,196698,INR,2026-08-11T17:52:00Z,BATCH-SWIG-5578
PO_B10_005579,PayU Enterprise,PHNP-INV-920866 PO_B10_005579,100645,2502,0,0,98143,INR,2026-08-12T18:26:00Z,BATCH-PHNP-5579
PO_B10_005580,Stripe India,BKMS-INV-290746 PO_B10_005580,338817,5628,0,0,333189,INR,2026-08-12T17:32:00Z,BATCH-BKMS-5580
PO_B10_005581,Cashfree Escrow,FLPK-EXC-131272-UNRESOLVED,78815,1566,0,0,77249,INR,2026-08-12T17:53:00Z,HOLD-ESCROW
PO_B10_005582,Stripe India,PAYT-ORD-295586 PAYT-ORD-213598 BATCH-PAYT-5582,273756,5475,0,0,268281,INR,2026-08-12T07:18:00Z,BATCH-PAYT-5582
PO_B10_005583,BillDesk Settlement,TATA-INV-165553 PO_B10_005583,329485,6573,0,0,322912,INR,2026-08-11T20:13:00Z,BATCH-TATA-5583
PO_B10_005584,Stripe India,TATA-INV-845327 PO_B10_005584,166262,3138,0,0,163124,INR,2026-08-12T03:12:00Z,BATCH-TATA-5584
PO_B10_005585,PayU Enterprise,BLNK-ORD-407387 BLNK-ORD-502399 BATCH-BLNK-5585,330648,6612,0,0,324036,INR,2026-08-12T18:32:00Z,BATCH-BLNK-5585
PO_B10_005586,BillDesk Settlement,MYNT-INV-974414 PO_B10_005586,306654,7169,0,0,299485,INR,2026-08-12T12:12:00Z,BATCH-MYNT-5586
PO_B10_005587,Cashfree Escrow,BKMS-INV-399234 PO_B10_005587,235314,4287,0,0,231027,INR,2026-08-12T19:41:00Z,BATCH-BKMS-5587
PO_B10_005588,Cashfree Escrow,BLNK-INV-120232 PO_B10_005588,111423,2642,0,0,108781,INR,2026-08-12T01:28:00Z,BATCH-BLNK-5588
PO_B10_005589,Cashfree Escrow,TATA-ORD-634945 TATA-ORD-287776 TATA-ORD-597127 BATCH-TATA-5589,583687,11673,0,0,572014,INR,2026-08-12T08:33:00Z,BATCH-TATA-5589
PO_B10_005590,PayU Enterprise,AMZN-INV-621856 PO_B10_005590,167708,3086,0,0,164622,INR,2026-08-12T10:32:00Z,BATCH-AMZN-5590
PO_B10_005591,Cashfree Escrow,BBAS-INV-156403 PO_B10_005591,53783,1029,0,0,52754,INR,2026-08-12T02:12:00Z,BATCH-BBAS-5591
PO_B10_005592,Stripe India,PAYT-INV-169046 PO_B10_005592,414096,8639,0,0,405457,INR,2026-08-12T15:02:00Z,BATCH-PAYT-5592
PO_B10_005593,Stripe India,BBAS-INV-546206 PO_B10_005593,443975,7638,0,0,436337,INR,2026-08-11T20:27:00Z,BATCH-BBAS-5593
PO_B10_005594,Cashfree Escrow,MMTR-EXC-916653-UNRESOLVED,83488,1659,0,0,81829,INR,2026-08-12T22:02:00Z,HOLD-ESCROW
PO_B10_005595,Cashfree Escrow,MYNT-INV-941902 PO_B10_005595,281153,4630,0,0,276523,INR,2026-08-12T13:19:00Z,BATCH-MYNT-5595
PO_B10_005596,Stripe India,BKMS-INV-112271 PO_B10_005596,84250,1861,0,0,82389,INR,2026-08-12T08:21:00Z,BATCH-BKMS-5596
PO_B10_005597,Stripe India,UBER-INV-553953 PO_B10_005597,382983,7206,0,0,375777,INR,2026-08-11T20:27:00Z,BATCH-UBER-5597
PO_B10_005598,Razorpay Nodal,TATA-INV-298118 PO_B10_005598,95441,2264,0,0,93177,INR,2026-08-12T05:20:00Z,BATCH-TATA-5598
PO_B10_005599,Razorpay Nodal,OLAA-INV-381703 PO_B10_005599,328688,5093,0,0,323595,INR,2026-08-12T11:18:00Z,BATCH-OLAA-5599
PO_B10_005600,Razorpay Nodal,AMZN-INV-307032 PO_B10_005600,66028,1270,0,0,64758,INR,2026-08-11T15:20:00Z,BATCH-AMZN-5600
PO_B10_005601,Cashfree Escrow,BKMS-INV-914451 PO_B10_005601,382687,9088,0,0,373599,INR,2026-08-12T01:20:00Z,BATCH-BKMS-5601
PO_B10_005602,PayU Enterprise,MYNT-INV-202627 PO_B10_005602,162687,3647,0,0,159040,INR,2026-08-12T19:33:00Z,BATCH-MYNT-5602
PO_B10_005603,Razorpay Nodal,JIOO-INV-205057 PO_B10_005603,403433,6100,0,0,397333,INR,2026-08-12T04:57:00Z,BATCH-JIOO-5603
PO_B10_005604,Cashfree Escrow,SWIG-INV-974999 PO_B10_005604,202177,4638,0,0,197539,INR,2026-08-11T21:35:00Z,BATCH-SWIG-5604
PO_B10_005605,Stripe India,PHNP-INV-309606 PO_B10_005605,245664,6024,0,0,239640,INR,2026-08-12T11:56:00Z,BATCH-PHNP-5605
PO_B10_005606,Cashfree Escrow,SWIG-INV-409742 PO_B10_005606,159396,2582,0,0,156814,INR,2026-08-12T17:46:00Z,BATCH-SWIG-5606
PO_B10_005607,Razorpay Nodal,NYKA-INV-483015 PO_B10_005607,234604,4755,0,0,229849,INR,2026-08-12T17:24:00Z,BATCH-NYKA-5607
PO_B10_005608,Razorpay Nodal,SWIG-INV-859833 PO_B10_005608,426643,10238,0,0,416405,INR,2026-08-12T13:21:00Z,BATCH-SWIG-5608
PO_B10_005609,Stripe India,BBAS-EXC-170703-UNRESOLVED,140659,2803,0,0,137856,INR,2026-08-12T20:39:00Z,HOLD-ESCROW
PO_B10_005610,BillDesk Settlement,BBAS-INV-898230 PO_B10_005610,62908,1383,0,0,61525,INR,2026-08-12T10:09:00Z,BATCH-BBAS-5610
PO_B10_005611,BillDesk Settlement,BBAS-EXC-395296-UNRESOLVED,226426,4518,0,0,221908,INR,2026-08-12T10:03:00Z,HOLD-ESCROW
PO_B10_005612,BillDesk Settlement,PAYT-INV-502340 PO_B10_005612,247635,5151,0,0,242484,INR,2026-08-12T03:05:00Z,BATCH-PAYT-5612
PO_B10_005613,Razorpay Nodal,NYKA-INV-910554 PO_B10_005613,139497,2604,0,0,136893,INR,2026-08-12T17:05:00Z,BATCH-NYKA-5613
PO_B10_005614,Stripe India,SWIG-INV-967847 PO_B10_005614,320783,7686,0,0,313097,INR,2026-08-12T22:59:00Z,BATCH-SWIG-5614
PO_B10_005615,Razorpay Nodal,UBER-INV-810647 PO_B10_005615,215847,4174,0,0,211673,INR,2026-08-12T16:54:00Z,BATCH-UBER-5615
PO_B10_005616,BillDesk Settlement,BKMS-INV-758168 PO_B10_005616,77636,1304,0,0,76332,INR,2026-08-12T00:04:00Z,BATCH-BKMS-5616
PO_B10_005617,Razorpay Nodal,MYNT-EXC-376342-UNRESOLVED,238152,4753,0,0,233399,INR,2026-08-12T19:06:00Z,HOLD-ESCROW
PO_B10_005618,Cashfree Escrow,MMTR-INV-342735 PO_B10_005618,357687,7280,0,0,350407,INR,2026-08-12T13:57:00Z,BATCH-MMTR-5618
PO_B10_005619,PayU Enterprise,FLPK-INV-613880 PO_B10_005619,198691,4371,0,0,194320,INR,2026-08-12T21:01:00Z,BATCH-FLPK-5619
PO_B10_005620,BillDesk Settlement,TATA-INV-939397 PO_B10_005620,422023,6949,0,0,415074,INR,2026-08-12T02:47:00Z,BATCH-TATA-5620
PO_B10_005621,PayU Enterprise,JIOO-ORD-966332 JIOO-ORD-721640 BATCH-JIOO-5621,346339,6926,0,0,339413,INR,2026-08-12T03:08:00Z,BATCH-JIOO-5621
PO_B10_005622,BillDesk Settlement,OLAA-ORD-768861 OLAA-ORD-216997 BATCH-OLAA-5622,414580,8291,0,0,406289,INR,2026-08-12T05:16:00Z,BATCH-OLAA-5622
PO_B10_005623,Stripe India,PAYT-INV-528743 PO_B10_005623,292183,5527,0,0,286656,INR,2026-08-12T01:24:00Z,BATCH-PAYT-5623
PO_B10_005624,BillDesk Settlement,BLNK-ORD-851548 BLNK-ORD-322225 BATCH-BLNK-5624,344545,6890,0,0,337655,INR,2026-08-12T19:03:00Z,BATCH-BLNK-5624
PO_B10_005625,BillDesk Settlement,PAYT-INV-309212 PO_B10_005625,162895,3899,0,0,158996,INR,2026-08-12T20:26:00Z,BATCH-PAYT-5625
PO_B10_005626,Stripe India,MYNT-INV-391571 PO_B10_005626,167225,3982,0,0,163243,INR,2026-08-13T00:19:00Z,BATCH-MYNT-5626
PO_B10_005627,Stripe India,UBER-INV-683601 PO_B10_005627,250718,4073,0,0,246645,INR,2026-08-12T09:38:00Z,BATCH-UBER-5627
PO_B10_005628,Cashfree Escrow,NYKA-INV-659870 PO_B10_005628,329635,6112,0,0,323523,INR,2026-08-12T15:58:00Z,BATCH-NYKA-5628
PO_B10_005629,BillDesk Settlement,BKMS-INV-877044 PO_B10_005629,131615,2611,0,0,129004,INR,2026-08-12T10:56:00Z,BATCH-BKMS-5629
PO_B10_005630,Stripe India,BBAS-INV-478944 PO_B10_005630,79869,1607,0,0,78262,INR,2026-08-12T17:19:00Z,BATCH-BBAS-5630
PO_B10_005631,PayU Enterprise,NYKA-INV-753531 PO_B10_005631,168546,2625,0,0,165921,INR,2026-08-12T02:29:00Z,BATCH-NYKA-5631
PO_B10_005632,Cashfree Escrow,BLNK-INV-166648 PO_B10_005632,254740,5343,0,0,249397,INR,2026-08-12T22:54:00Z,BATCH-BLNK-5632
PO_B10_005633,Stripe India,ZOMA-INV-463519 PO_B10_005633,65069,1094,0,0,63975,INR,2026-08-12T09:40:00Z,BATCH-ZOMA-5633
PO_B10_005634,PayU Enterprise,OLAA-ORD-102046 OLAA-ORD-116342 BATCH-OLAA-5634,86584,1731,0,0,84853,INR,2026-08-12T18:57:00Z,BATCH-OLAA-5634
PO_B10_005635,BillDesk Settlement,BLNK-INV-630252 PO_B10_005635,273120,4256,0,0,268864,INR,2026-08-12T20:20:00Z,BATCH-BLNK-5635
PO_B10_005636,Cashfree Escrow,UBER-INV-964668 PO_B10_005636,355291,8460,0,0,346831,INR,2026-08-12T08:30:00Z,BATCH-UBER-5636
PO_B10_005637,BillDesk Settlement,NYKA-INV-910402 PO_B10_005637,359582,8455,0,0,351127,INR,2026-08-12T16:30:00Z,BATCH-NYKA-5637
PO_B10_005638,Razorpay Nodal,JIOO-ORD-469242 JIOO-ORD-420500 JIOO-ORD-333986 BATCH-JIOO-5638,562562,11251,0,0,551311,INR,2026-08-12T07:02:00Z,BATCH-JIOO-5638
PO_B10_005639,Cashfree Escrow,PHNP-INV-176813 PO_B10_005639,116984,2083,0,0,114901,INR,2026-08-12T10:31:00Z,BATCH-PHNP-5639
PO_B10_005640,BillDesk Settlement,TATA-ORD-116571 TATA-ORD-172397 BATCH-TATA-5640,209529,4190,0,0,205339,INR,2026-08-12T00:13:00Z,BATCH-TATA-5640
PO_B10_005641,BillDesk Settlement,PAYT-INV-868351 PO_B10_005641,438647,8464,0,0,430183,INR,2026-08-12T15:56:00Z,BATCH-PAYT-5641
PO_B10_005642,Stripe India,NYKA-ORD-210018 NYKA-ORD-631873 BATCH-NYKA-5642,396929,7938,0,0,388991,INR,2026-08-11T23:25:00Z,BATCH-NYKA-5642
PO_B10_005643,Cashfree Escrow,BKMS-ORD-180188 BKMS-ORD-699359 BATCH-BKMS-5643,136607,2732,0,0,133875,INR,2026-08-11T21:35:00Z,BATCH-BKMS-5643
PO_B10_005644,Stripe India,BKMS-ORD-452918 BKMS-ORD-832844 BATCH-BKMS-5644,225875,4517,0,0,221358,INR,2026-08-12T00:08:00Z,BATCH-BKMS-5644
PO_B10_005645,Cashfree Escrow,AMZN-INV-807044 PO_B10_005645,413973,8187,0,0,405786,INR,2026-08-12T21:03:00Z,BATCH-AMZN-5645
PO_B10_005646,BillDesk Settlement,BKMS-INV-439028 PO_B10_005646,93292,1848,0,0,91444,INR,2026-08-11T14:29:00Z,BATCH-BKMS-5646
PO_B10_005647,PayU Enterprise,UBER-INV-297722 PO_B10_005647,392587,8923,0,0,383664,INR,2026-08-12T16:59:00Z,BATCH-UBER-5647
PO_B10_005648,Razorpay Nodal,BKMS-INV-144088 PO_B10_005648,78218,1438,0,0,76780,INR,2026-08-12T17:06:00Z,BATCH-BKMS-5648
PO_B10_005649,BillDesk Settlement,PAYT-INV-263230 PO_B10_005649,413094,9591,0,0,403503,INR,2026-08-12T14:30:00Z,BATCH-PAYT-5649
PO_B10_005650,Razorpay Nodal,NYKA-INV-184327 PO_B10_005650,356649,6452,0,0,350197,INR,2026-08-12T17:07:00Z,BATCH-NYKA-5650
PO_B10_005651,PayU Enterprise,SWIG-INV-428450 PO_B10_005651,337827,7112,0,0,330715,INR,2026-08-12T20:31:00Z,BATCH-SWIG-5651
PO_B10_005652,Cashfree Escrow,AMZN-INV-545055 PO_B10_005652,105683,2201,0,0,103482,INR,2026-08-12T12:37:00Z,BATCH-AMZN-5652
PO_B10_005653,Razorpay Nodal,BLNK-INV-758761 PO_B10_005653,447843,8678,0,0,439165,INR,2026-08-12T18:14:00Z,BATCH-BLNK-5653
PO_B10_005654,Razorpay Nodal,MYNT-INV-577826 PO_B10_005654,196910,4789,0,0,192121,INR,2026-08-12T00:09:00Z,BATCH-MYNT-5654
PO_B10_005655,BillDesk Settlement,BLNK-INV-447039 PO_B10_005655,373173,7109,0,0,366064,INR,2026-08-11T21:56:00Z,BATCH-BLNK-5655
PO_B10_005656,Stripe India,OLAA-EXC-892850-UNRESOLVED,77006,1530,0,0,75476,INR,2026-08-13T08:09:00Z,HOLD-ESCROW
PO_B10_005657,Cashfree Escrow,FLPK-INV-709847 PO_B10_005657,65326,1360,0,0,63966,INR,2026-08-12T15:14:00Z,BATCH-FLPK-5657
PO_B10_005658,Stripe India,OLAA-INV-226199 PO_B10_005658,326808,4972,0,0,321836,INR,2026-08-12T10:24:00Z,BATCH-OLAA-5658
PO_B10_005659,Stripe India,BLNK-INV-569877 PO_B10_005659,197643,3984,0,0,193659,INR,2026-08-12T21:59:00Z,BATCH-BLNK-5659
PO_B10_005660,Razorpay Nodal,FLPK-INV-344263 PO_B10_005660,207042,4602,0,0,202440,INR,2026-08-12T09:05:00Z,BATCH-FLPK-5660
PO_B10_005661,BillDesk Settlement,TATA-ORD-838895 TATA-ORD-405808 TATA-ORD-782368 BATCH-TATA-5661,281749,5634,0,0,276115,INR,2026-08-12T02:14:00Z,BATCH-TATA-5661
PO_B10_005662,Cashfree Escrow,BLNK-ORD-491764 BLNK-ORD-471509 BATCH-BLNK-5662,375755,7515,0,0,368240,INR,2026-08-12T09:15:00Z,BATCH-BLNK-5662
PO_B10_005663,BillDesk Settlement,SWIG-INV-679387 PO_B10_005663,85383,2061,0,0,83322,INR,2026-08-12T09:37:00Z,BATCH-SWIG-5663
PO_B10_005664,Razorpay Nodal,ZOMA-INV-673541 PO_B10_005664,417428,6389,0,0,411039,INR,2026-08-12T12:08:00Z,BATCH-ZOMA-5664
PO_B10_005665,PayU Enterprise,MMTR-ORD-630591 MMTR-ORD-230403 MMTR-ORD-177261 BATCH-MMTR-5665,349998,6999,0,0,342999,INR,2026-08-12T08:46:00Z,BATCH-MMTR-5665
PO_B10_005666,BillDesk Settlement,BLNK-INV-646703 PO_B10_005666,239561,5815,0,0,233746,INR,2026-08-12T13:58:00Z,BATCH-BLNK-5666
PO_B10_005667,Cashfree Escrow,MMTR-INV-852035 PO_B10_005667,65159,1127,0,0,64032,INR,2026-08-12T15:41:00Z,BATCH-MMTR-5667
PO_B10_005668,Razorpay Nodal,PHNP-INV-355677 PO_B10_005668,149670,3004,0,0,146666,INR,2026-08-12T10:57:00Z,BATCH-PHNP-5668
PO_B10_005669,Cashfree Escrow,SWIG-EXC-679463-UNRESOLVED,75120,1492,0,0,73628,INR,2026-08-12T18:42:00Z,HOLD-ESCROW
PO_B10_005670,Cashfree Escrow,MMTR-INV-225093 PO_B10_005670,346638,8310,0,0,338328,INR,2026-08-11T20:03:00Z,BATCH-MMTR-5670
PO_B10_005671,Stripe India,PHNP-INV-389360 PO_B10_005671,342614,7673,0,0,334941,INR,2026-08-12T17:19:00Z,BATCH-PHNP-5671
PO_B10_005672,BillDesk Settlement,AMZN-INV-923393 PO_B10_005672,194567,3360,0,0,191207,INR,2026-08-11T22:29:00Z,BATCH-AMZN-5672
PO_B10_005673,Stripe India,UBER-INV-406049 PO_B10_005673,427826,9994,0,0,417832,INR,2026-08-11T17:46:00Z,BATCH-UBER-5673
PO_B10_005674,Cashfree Escrow,NYKA-ORD-293669 NYKA-ORD-541893 BATCH-NYKA-5674,196723,3934,0,0,192789,INR,2026-08-12T13:14:00Z,BATCH-NYKA-5674
PO_B10_005675,Cashfree Escrow,SWIG-INV-982229 PO_B10_005675,81207,1264,0,0,79943,INR,2026-08-12T05:37:00Z,BATCH-SWIG-5675
PO_B10_005676,PayU Enterprise,MMTR-INV-508842 PO_B10_005676,40202,738,0,0,39464,INR,2026-08-12T11:17:00Z,BATCH-MMTR-5676
PO_B10_005677,PayU Enterprise,JIOO-INV-782414 PO_B10_005677,177461,2994,0,0,174467,INR,2026-08-12T09:41:00Z,BATCH-JIOO-5677
PO_B10_005678,Razorpay Nodal,ZOMA-ORD-347760 ZOMA-ORD-179040 BATCH-ZOMA-5678,338108,6762,0,0,331346,INR,2026-08-12T12:24:00Z,BATCH-ZOMA-5678
PO_B10_005679,Stripe India,ZOMA-ORD-307546 ZOMA-ORD-323210 BATCH-ZOMA-5679,177562,3551,0,0,174011,INR,2026-08-12T15:42:00Z,BATCH-ZOMA-5679
PO_B10_005680,Razorpay Nodal,AMZN-INV-107217 PO_B10_005680,241837,4713,0,0,237124,INR,2026-08-12T14:35:00Z,BATCH-AMZN-5680
PO_B10_005681,BillDesk Settlement,JIOO-INV-740719 PO_B10_005681,256317,5401,0,0,250916,INR,2026-08-12T20:19:00Z,BATCH-JIOO-5681
PO_B10_005682,Razorpay Nodal,NYKA-INV-925010 PO_B10_005682,108437,1650,0,0,106787,INR,2026-08-12T18:48:00Z,BATCH-NYKA-5682
PO_B10_005683,Stripe India,PHNP-INV-867504 PO_B10_005683,151812,2521,0,0,149291,INR,2026-08-12T04:03:00Z,BATCH-PHNP-5683
PO_B10_005684,Cashfree Escrow,ZOMA-INV-579760 PO_B10_005684,233442,4128,0,0,229314,INR,2026-08-12T03:40:00Z,BATCH-ZOMA-5684
PO_B10_005685,PayU Enterprise,FLPK-INV-724800 PO_B10_005685,154841,2620,0,0,152221,INR,2026-08-12T15:15:00Z,BATCH-FLPK-5685
PO_B10_005686,PayU Enterprise,MYNT-ORD-801925 MYNT-ORD-283335 MYNT-ORD-231107 BATCH-MYNT-5686,318153,6363,0,0,311790,INR,2026-08-12T08:14:00Z,BATCH-MYNT-5686
PO_B10_005687,BillDesk Settlement,PAYT-INV-581624 PO_B10_005687,91187,1708,0,0,89479,INR,2026-08-12T12:35:00Z,BATCH-PAYT-5687
PO_B10_005688,PayU Enterprise,MYNT-ORD-190768 MYNT-ORD-740018 MYNT-ORD-410235 BATCH-MYNT-5688,432097,8641,0,0,423456,INR,2026-08-12T11:44:00Z,BATCH-MYNT-5688
PO_B10_005689,BillDesk Settlement,AMZN-INV-336781 PO_B10_005689,102444,2168,0,0,100276,INR,2026-08-12T04:30:00Z,BATCH-AMZN-5689
PO_B10_005690,PayU Enterprise,PAYT-INV-384977 PO_B10_005690,374255,6218,0,0,368037,INR,2026-08-12T09:46:00Z,BATCH-PAYT-5690
PO_B10_005691,PayU Enterprise,BBAS-ORD-277852 BBAS-ORD-541611 BATCH-BBAS-5691,300054,6001,0,0,294053,INR,2026-08-12T17:53:00Z,BATCH-BBAS-5691
PO_B10_005692,Razorpay Nodal,TATA-INV-633427 PO_B10_005692,56664,1248,0,0,55416,INR,2026-08-12T06:31:00Z,BATCH-TATA-5692
PO_B10_005693,PayU Enterprise,MYNT-INV-161178 PO_B10_005693,102813,2355,0,0,100458,INR,2026-08-12T07:42:00Z,BATCH-MYNT-5693
PO_B10_005694,Razorpay Nodal,MYNT-INV-372629 PO_B10_005694,382501,6461,0,0,376040,INR,2026-08-12T20:40:00Z,BATCH-MYNT-5694
PO_B10_005695,PayU Enterprise,PHNP-INV-355967 PO_B10_005695,398694,9019,0,0,389675,INR,2026-08-12T11:42:00Z,BATCH-PHNP-5695
PO_B10_005696,Cashfree Escrow,OLAA-ORD-249108 OLAA-ORD-526551 BATCH-OLAA-5696,295678,5913,0,0,289765,INR,2026-08-11T21:51:00Z,BATCH-OLAA-5696
PO_B10_005697,Stripe India,PHNP-INV-139217 PO_B10_005697,86235,1353,0,0,84882,INR,2026-08-12T12:41:00Z,BATCH-PHNP-5697
PO_B10_005698,Cashfree Escrow,NYKA-ORD-571043 NYKA-ORD-769086 BATCH-NYKA-5698,307655,6153,0,0,301502,INR,2026-08-12T18:11:00Z,BATCH-NYKA-5698
PO_B10_005699,Cashfree Escrow,SWIG-INV-160226 PO_B10_005699,246719,6059,0,0,240660,INR,2026-08-12T04:43:00Z,BATCH-SWIG-5699
PO_B10_005700,PayU Enterprise,UBER-INV-493855 PO_B10_005700,386739,6431,0,0,380308,INR,2026-08-13T00:45:00Z,BATCH-UBER-5700
PO_B10_005701,Cashfree Escrow,PAYT-INV-985882 PO_B10_005701,164863,3834,0,0,161029,INR,2026-08-12T02:01:00Z,BATCH-PAYT-5701
PO_B10_005702,BillDesk Settlement,PAYT-INV-471503 PO_B10_005702,106546,1691,0,0,104855,INR,2026-08-12T20:29:00Z,BATCH-PAYT-5702
PO_B10_005703,Stripe India,PAYT-ORD-627000 PAYT-ORD-469169 BATCH-PAYT-5703,350888,7017,0,0,343871,INR,2026-08-12T13:24:00Z,BATCH-PAYT-5703
PO_B10_005704,Stripe India,MMTR-INV-445791 PO_B10_005704,326003,6753,0,0,319250,INR,2026-08-12T22:35:00Z,BATCH-MMTR-5704
PO_B10_005705,PayU Enterprise,NYKA-ORD-529452 NYKA-ORD-809202 NYKA-ORD-431623 BATCH-NYKA-5705,316036,6320,0,0,309716,INR,2026-08-12T09:51:00Z,BATCH-NYKA-5705
PO_B10_005706,PayU Enterprise,MYNT-INV-338625 PO_B10_005706,253137,5244,0,0,247893,INR,2026-08-11T23:06:00Z,BATCH-MYNT-5706
PO_B10_005707,Stripe India,NYKA-INV-632277 PO_B10_005707,25619,629,0,0,24990,INR,2026-08-11T23:29:00Z,BATCH-NYKA-5707
PO_B10_005708,Stripe India,BKMS-INV-689019 PO_B10_005708,35827,814,0,0,35013,INR,2026-08-12T18:24:00Z,BATCH-BKMS-5708
PO_B10_005709,Cashfree Escrow,FLPK-INV-398286 PO_B10_005709,381191,6796,0,0,374395,INR,2026-08-12T17:54:00Z,BATCH-FLPK-5709
PO_B10_005710,Razorpay Nodal,OLAA-ORD-700832 OLAA-ORD-481331 OLAA-ORD-297580 BATCH-OLAA-5710,337299,6745,0,0,330554,INR,2026-08-12T13:23:00Z,BATCH-OLAA-5710
PO_B10_005711,PayU Enterprise,OLAA-INV-522131 PO_B10_005711,188228,3797,0,0,184431,INR,2026-08-12T02:47:00Z,BATCH-OLAA-5711
PO_B10_005712,PayU Enterprise,PAYT-INV-935212 PO_B10_005712,344609,6677,0,0,337932,INR,2026-08-12T09:21:00Z,BATCH-PAYT-5712
PO_B10_005713,BillDesk Settlement,SWIG-ORD-876280 SWIG-ORD-839276 SWIG-ORD-768083 BATCH-SWIG-5713,269284,5385,0,0,263899,INR,2026-08-12T16:02:00Z,BATCH-SWIG-5713
PO_B10_005714,PayU Enterprise,NYKA-EXC-916682-UNRESOLVED,134883,2687,0,0,132196,INR,2026-08-13T04:57:00Z,HOLD-ESCROW
PO_B10_005715,Razorpay Nodal,BKMS-INV-282070 PO_B10_005715,369825,5790,0,0,364035,INR,2026-08-12T03:17:00Z,BATCH-BKMS-5715
PO_B10_005716,Razorpay Nodal,AMZN-INV-484302 PO_B10_005716,128176,2484,0,0,125692,INR,2026-08-11T15:19:00Z,BATCH-AMZN-5716
PO_B10_005717,PayU Enterprise,MMTR-INV-447194 PO_B10_005717,147367,2821,0,0,144546,INR,2026-08-12T12:37:00Z,BATCH-MMTR-5717
PO_B10_005718,BillDesk Settlement,BKMS-INV-411560 PO_B10_005718,325906,6802,0,0,319104,INR,2026-08-12T13:34:00Z,BATCH-BKMS-5718
PO_B10_005719,Stripe India,MYNT-INV-183512 PO_B10_005719,82084,1451,0,0,80633,INR,2026-08-12T14:06:00Z,BATCH-MYNT-5719
PO_B10_005720,Razorpay Nodal,MMTR-INV-511237 PO_B10_005720,381853,7359,0,0,374494,INR,2026-08-11T23:11:00Z,BATCH-MMTR-5720
PO_B10_005721,PayU Enterprise,BBAS-INV-527900 PO_B10_005721,150593,3159,0,0,147434,INR,2026-08-12T01:01:00Z,BATCH-BBAS-5721
PO_B10_005722,Stripe India,PAYT-INV-899737 PO_B10_005722,152152,3076,0,0,149076,INR,2026-08-11T20:20:00Z,BATCH-PAYT-5722
PO_B10_005723,PayU Enterprise,BLNK-INV-114185 PO_B10_005723,283564,4687,0,0,278877,INR,2026-08-12T20:08:00Z,BATCH-BLNK-5723
PO_B10_005724,BillDesk Settlement,OLAA-INV-243375 PO_B10_005724,436100,6864,0,0,429236,INR,2026-08-12T00:58:00Z,BATCH-OLAA-5724
PO_B10_005725,Stripe India,AMZN-INV-356150 PO_B10_005725,147222,3210,0,0,144012,INR,2026-08-12T03:20:00Z,BATCH-AMZN-5725
PO_B10_005726,PayU Enterprise,UBER-EXC-563054-UNRESOLVED,140252,2795,0,0,137457,INR,2026-08-12T19:04:00Z,HOLD-ESCROW
PO_B10_005727,Stripe India,TATA-ORD-762751 TATA-ORD-139354 BATCH-TATA-5727,340297,6805,0,0,333492,INR,2026-08-11T23:04:00Z,BATCH-TATA-5727
PO_B10_005728,Stripe India,ZOMA-INV-398018 PO_B10_005728,424561,9412,0,0,415149,INR,2026-08-12T18:57:00Z,BATCH-ZOMA-5728
PO_B10_005729,Stripe India,BKMS-INV-356045 PO_B10_005729,43804,717,0,0,43087,INR,2026-08-12T16:13:00Z,BATCH-BKMS-5729
PO_B10_005730,PayU Enterprise,AMZN-INV-722638 PO_B10_005730,183076,4497,0,0,178579,INR,2026-08-12T08:03:00Z,BATCH-AMZN-5730
PO_B10_005731,PayU Enterprise,UBER-ORD-165615 UBER-ORD-594334 BATCH-UBER-5731,211473,4229,0,0,207244,INR,2026-08-11T23:22:00Z,BATCH-UBER-5731
PO_B10_005732,PayU Enterprise,NYKA-ORD-391589 NYKA-ORD-113314 NYKA-ORD-406450 BATCH-NYKA-5732,440326,8806,0,0,431520,INR,2026-08-12T19:57:00Z,BATCH-NYKA-5732
PO_B10_005733,Stripe India,ZOMA-ORD-514274 ZOMA-ORD-728533 BATCH-ZOMA-5733,466996,9339,0,0,457657,INR,2026-08-12T07:14:00Z,BATCH-ZOMA-5733
PO_B10_005734,PayU Enterprise,PAYT-ORD-457258 PAYT-ORD-161441 BATCH-PAYT-5734,107572,2151,0,0,105421,INR,2026-08-12T09:03:00Z,BATCH-PAYT-5734
PO_B10_005735,BillDesk Settlement,UBER-ORD-791903 UBER-ORD-132892 BATCH-UBER-5735,147941,2958,0,0,144983,INR,2026-08-12T17:14:00Z,BATCH-UBER-5735
PO_B10_005736,PayU Enterprise,BLNK-INV-305818 PO_B10_005736,349756,7913,0,0,341843,INR,2026-08-12T08:46:00Z,BATCH-BLNK-5736
PO_B10_005737,Cashfree Escrow,BLNK-ORD-527698 BLNK-ORD-920562 BLNK-ORD-580918 BATCH-BLNK-5737,147045,2940,0,0,144105,INR,2026-08-12T04:03:00Z,BATCH-BLNK-5737
PO_B10_005738,BillDesk Settlement,TATA-ORD-668159 TATA-ORD-968385 BATCH-TATA-5738,230116,4602,0,0,225514,INR,2026-08-12T04:02:00Z,BATCH-TATA-5738
PO_B10_005739,Razorpay Nodal,ZOMA-INV-510565 PO_B10_005739,310479,6984,0,0,303495,INR,2026-08-12T11:50:00Z,BATCH-ZOMA-5739
PO_B10_005740,Cashfree Escrow,TATA-ORD-961536 TATA-ORD-875992 BATCH-TATA-5740,235928,4718,0,0,231210,INR,2026-08-12T19:53:00Z,BATCH-TATA-5740
PO_B10_005741,BillDesk Settlement,AMZN-INV-280562 PO_B10_005741,313717,5789,0,0,307928,INR,2026-08-12T21:58:00Z,BATCH-AMZN-5741
PO_B10_005742,PayU Enterprise,FLPK-INV-116249 PO_B10_005742,112734,2684,0,0,110050,INR,2026-08-12T13:36:00Z,BATCH-FLPK-5742
PO_B10_005743,Razorpay Nodal,PAYT-INV-372951 PO_B10_005743,396941,8017,0,0,388924,INR,2026-08-11T23:09:00Z,BATCH-PAYT-5743
PO_B10_005744,Razorpay Nodal,MYNT-ORD-373756 MYNT-ORD-449119 BATCH-MYNT-5744,229122,4582,0,0,224540,INR,2026-08-12T05:39:00Z,BATCH-MYNT-5744
PO_B10_005745,Stripe India,MMTR-INV-381706 PO_B10_005745,258828,4683,0,0,254145,INR,2026-08-12T02:09:00Z,BATCH-MMTR-5745
PO_B10_005746,Stripe India,FLPK-ORD-399535 FLPK-ORD-842172 BATCH-FLPK-5746,79407,1588,0,0,77819,INR,2026-08-12T15:01:00Z,BATCH-FLPK-5746
PO_B10_005747,Razorpay Nodal,FLPK-INV-420461 PO_B10_005747,401516,8194,0,0,393322,INR,2026-08-12T17:49:00Z,BATCH-FLPK-5747
PO_B10_005748,PayU Enterprise,AMZN-INV-331322 PO_B10_005748,263053,5323,0,0,257730,INR,2026-08-12T10:20:00Z,BATCH-AMZN-5748
PO_B10_005749,Razorpay Nodal,ZOMA-INV-230788 PO_B10_005749,52419,1226,0,0,51193,INR,2026-08-12T10:16:00Z,BATCH-ZOMA-5749
PO_B10_005750,Cashfree Escrow,TATA-INV-378732 PO_B10_005750,204351,4839,0,0,199512,INR,2026-08-12T14:03:00Z,BATCH-TATA-5750
PO_B10_005751,PayU Enterprise,PHNP-INV-384847 PO_B10_005751,121241,2460,0,0,118781,INR,2026-08-12T00:53:00Z,BATCH-PHNP-5751
PO_B10_005752,Cashfree Escrow,NYKA-INV-248776 PO_B10_005752,186850,3047,0,0,183803,INR,2026-08-12T05:47:00Z,BATCH-NYKA-5752
PO_B10_005753,Cashfree Escrow,BBAS-ORD-132215 BBAS-ORD-698731 BBAS-ORD-922454 BATCH-BBAS-5753,392577,7851,0,0,384726,INR,2026-08-12T04:54:00Z,BATCH-BBAS-5753
PO_B10_005754,BillDesk Settlement,TATA-INV-649480 PO_B10_005754,232704,4007,0,0,228697,INR,2026-08-12T10:53:00Z,BATCH-TATA-5754
PO_B10_005755,BillDesk Settlement,NYKA-INV-635132 PO_B10_005755,275375,6511,0,0,268864,INR,2026-08-12T02:33:00Z,BATCH-NYKA-5755
PO_B10_005756,Cashfree Escrow,BLNK-ORD-804656 BLNK-ORD-915256 BLNK-ORD-431068 BATCH-BLNK-5756,436806,8736,0,0,428070,INR,2026-08-12T02:01:00Z,BATCH-BLNK-5756
PO_B10_005757,PayU Enterprise,TATA-INV-300153 PO_B10_005757,219773,4589,0,0,215184,INR,2026-08-12T17:08:00Z,BATCH-TATA-5757
PO_B10_005758,BillDesk Settlement,OLAA-INV-439290 PO_B10_005758,189141,4117,0,0,185024,INR,2026-08-12T09:05:00Z,BATCH-OLAA-5758
PO_B10_005759,Cashfree Escrow,PHNP-ORD-959305 PHNP-ORD-745811 PHNP-ORD-634080 BATCH-PHNP-5759,332631,6652,0,0,325979,INR,2026-08-12T05:02:00Z,BATCH-PHNP-5759
PO_B10_005760,PayU Enterprise,UBER-INV-468579 PO_B10_005760,288535,5471,0,0,283064,INR,2026-08-12T02:45:00Z,BATCH-UBER-5760
PO_B10_005761,Cashfree Escrow,PHNP-ORD-598933 PHNP-ORD-922580 PHNP-ORD-595836 BATCH-PHNP-5761,452508,9050,0,0,443458,INR,2026-08-12T07:13:00Z,BATCH-PHNP-5761
PO_B10_005762,Razorpay Nodal,BLNK-INV-581685 PO_B10_005762,113771,1831,0,0,111940,INR,2026-08-12T00:26:00Z,BATCH-BLNK-5762
PO_B10_005763,BillDesk Settlement,PHNP-INV-176916 PO_B10_005763,284796,5735,0,0,279061,INR,2026-08-11T23:57:00Z,BATCH-PHNP-5763
PO_B10_005764,PayU Enterprise,BBAS-INV-282835 PO_B10_005764,199007,4498,0,0,194509,INR,2026-08-12T05:26:00Z,BATCH-BBAS-5764
PO_B10_005765,Cashfree Escrow,BLNK-INV-831082 PO_B10_005765,99561,2150,0,0,97411,INR,2026-08-11T15:17:00Z,BATCH-BLNK-5765
PO_B10_005766,Stripe India,PHNP-INV-416333 PO_B10_005766,379538,7002,0,0,372536,INR,2026-08-12T07:38:00Z,BATCH-PHNP-5766
PO_B10_005767,PayU Enterprise,BKMS-ORD-919231 BKMS-ORD-649310 BKMS-ORD-709537 BATCH-BKMS-5767,313915,6278,0,0,307637,INR,2026-08-12T10:29:00Z,BATCH-BKMS-5767
PO_B10_005768,Razorpay Nodal,TATA-INV-339434 PO_B10_005768,295653,4601,0,0,291052,INR,2026-08-12T02:55:00Z,BATCH-TATA-5768
PO_B10_005769,BillDesk Settlement,UBER-INV-975825 PO_B10_005769,36761,565,0,0,36196,INR,2026-08-12T11:02:00Z,BATCH-UBER-5769
PO_B10_005770,Cashfree Escrow,ZOMA-INV-214129 PO_B10_005770,442856,6986,0,0,435870,INR,2026-08-12T21:47:00Z,BATCH-ZOMA-5770
PO_B10_005771,Cashfree Escrow,PAYT-INV-697158 PO_B10_005771,420701,6933,0,0,413768,INR,2026-08-12T03:10:00Z,BATCH-PAYT-5771
PO_B10_005772,PayU Enterprise,FLPK-INV-914804 PO_B10_005772,302039,4896,0,0,297143,INR,2026-08-12T21:56:00Z,BATCH-FLPK-5772
PO_B10_005773,BillDesk Settlement,PAYT-INV-476839 PO_B10_005773,30353,647,0,0,29706,INR,2026-08-11T23:11:00Z,BATCH-PAYT-5773
PO_B10_005774,Razorpay Nodal,FLPK-INV-840226 PO_B10_005774,180879,2861,0,0,178018,INR,2026-08-11T23:45:00Z,BATCH-FLPK-5774
PO_B10_005775,Cashfree Escrow,BLNK-INV-178701 PO_B10_005775,160391,3172,0,0,157219,INR,2026-08-12T15:09:00Z,BATCH-BLNK-5775
PO_B10_005776,Cashfree Escrow,MYNT-INV-607496 PO_B10_005776,109518,2575,0,0,106943,INR,2026-08-12T11:36:00Z,BATCH-MYNT-5776
PO_B10_005777,Cashfree Escrow,AMZN-INV-225062 PO_B10_005777,254647,4510,0,0,250137,INR,2026-08-12T12:42:00Z,BATCH-AMZN-5777
PO_B10_005778,Razorpay Nodal,BLNK-INV-833529 PO_B10_005778,143067,3113,0,0,139954,INR,2026-08-12T16:42:00Z,BATCH-BLNK-5778
PO_B10_005779,BillDesk Settlement,NYKA-INV-788194 PO_B10_005779,413173,8190,0,0,404983,INR,2026-08-12T08:45:00Z,BATCH-NYKA-5779
PO_B10_005780,Cashfree Escrow,MMTR-INV-981359 PO_B10_005780,320185,7350,0,0,312835,INR,2026-08-11T19:45:00Z,BATCH-MMTR-5780
PO_B10_005781,BillDesk Settlement,TATA-EXC-638713-UNRESOLVED,86995,1729,0,0,85266,INR,2026-08-12T16:25:00Z,HOLD-ESCROW
PO_B10_005782,BillDesk Settlement,BBAS-INV-819899 PO_B10_005782,251944,4450,0,0,247494,INR,2026-08-12T12:36:00Z,BATCH-BBAS-5782
PO_B10_005783,Stripe India,TATA-INV-925133 PO_B10_005783,372681,6678,0,0,366003,INR,2026-08-12T15:40:00Z,BATCH-TATA-5783
PO_B10_005784,Stripe India,PHNP-ORD-692891 PHNP-ORD-400168 BATCH-PHNP-5784,235344,4706,0,0,230638,INR,2026-08-12T09:35:00Z,BATCH-PHNP-5784
PO_B10_005785,Razorpay Nodal,PHNP-ORD-415123 PHNP-ORD-952010 PHNP-ORD-633234 BATCH-PHNP-5785,575872,11517,0,0,564355,INR,2026-08-12T19:44:00Z,BATCH-PHNP-5785
PO_B10_005786,Stripe India,TATA-INV-732024 PO_B10_005786,154266,3531,0,0,150735,INR,2026-08-11T23:19:00Z,BATCH-TATA-5786
PO_B10_005787,BillDesk Settlement,AMZN-INV-962306 PO_B10_005787,124159,2123,0,0,122036,INR,2026-08-12T15:23:00Z,BATCH-AMZN-5787
PO_B10_005788,PayU Enterprise,FLPK-INV-274540 PO_B10_005788,324428,7991,0,0,316437,INR,2026-08-11T16:13:00Z,BATCH-FLPK-5788
PO_B10_005789,BillDesk Settlement,SWIG-ORD-283415 SWIG-ORD-654709 BATCH-SWIG-5789,420974,8419,0,0,412555,INR,2026-08-12T05:32:00Z,BATCH-SWIG-5789
PO_B10_005790,Razorpay Nodal,UBER-INV-334497 PO_B10_005790,225178,4228,0,0,220950,INR,2026-08-12T19:31:00Z,BATCH-UBER-5790
PO_B10_005791,PayU Enterprise,FLPK-INV-608939 PO_B10_005791,141641,3517,0,0,138124,INR,2026-08-12T19:29:00Z,BATCH-FLPK-5791
PO_B10_005792,Cashfree Escrow,MYNT-INV-740091 PO_B10_005792,126056,2390,0,0,123666,INR,2026-08-12T09:43:00Z,BATCH-MYNT-5792
PO_B10_005793,Cashfree Escrow,ZOMA-INV-119623 PO_B10_005793,407589,6406,0,0,401183,INR,2026-08-12T02:59:00Z,BATCH-ZOMA-5793
PO_B10_005794,Stripe India,NYKA-EXC-925822-UNRESOLVED,109380,2177,0,0,107203,INR,2026-08-13T03:10:00Z,HOLD-ESCROW
PO_B10_005795,Cashfree Escrow,BLNK-INV-442233 PO_B10_005795,310823,5069,0,0,305754,INR,2026-08-12T04:02:00Z,BATCH-BLNK-5795
PO_B10_005796,Cashfree Escrow,MMTR-INV-425691 PO_B10_005796,49265,880,0,0,48385,INR,2026-08-11T21:55:00Z,BATCH-MMTR-5796
PO_B10_005797,Stripe India,MYNT-INV-199653 PO_B10_005797,32537,623,0,0,31914,INR,2026-08-11T15:24:00Z,BATCH-MYNT-5797
PO_B10_005798,BillDesk Settlement,TATA-INV-151976 PO_B10_005798,171624,3767,0,0,167857,INR,2026-08-12T05:50:00Z,BATCH-TATA-5798
PO_B10_005799,Razorpay Nodal,NYKA-INV-429452 PO_B10_005799,444017,7445,0,0,436572,INR,2026-08-12T05:21:00Z,BATCH-NYKA-5799
PO_B10_005800,Stripe India,BBAS-ORD-730870 BBAS-ORD-183201 BATCH-BBAS-5800,246328,4926,0,0,241402,INR,2026-08-12T02:11:00Z,BATCH-BBAS-5800
PO_B10_005801,BillDesk Settlement,PAYT-INV-893335 PO_B10_005801,149528,2829,0,0,146699,INR,2026-08-12T12:06:00Z,BATCH-PAYT-5801
PO_B10_005802,Stripe India,PHNP-ORD-537964 PHNP-ORD-155640 BATCH-PHNP-5802,160333,3206,0,0,157127,INR,2026-08-11T23:59:00Z,BATCH-PHNP-5802
PO_B10_005803,PayU Enterprise,BLNK-INV-901744 PO_B10_005803,375158,6482,0,0,368676,INR,2026-08-12T01:20:00Z,BATCH-BLNK-5803
PO_B10_005804,Cashfree Escrow,MMTR-INV-350654 PO_B10_005804,370551,5761,0,0,364790,INR,2026-08-12T06:24:00Z,BATCH-MMTR-5804
PO_B10_005805,Stripe India,TATA-INV-461870 PO_B10_005805,192947,4402,0,0,188545,INR,2026-08-12T12:23:00Z,BATCH-TATA-5805
PO_B10_005806,BillDesk Settlement,OLAA-INV-753074 PO_B10_005806,109294,1666,0,0,107628,INR,2026-08-12T09:38:00Z,BATCH-OLAA-5806
PO_B10_005807,Cashfree Escrow,TATA-INV-442691 PO_B10_005807,372111,6732,0,0,365379,INR,2026-08-12T15:44:00Z,BATCH-TATA-5807
PO_B10_005808,Razorpay Nodal,BKMS-INV-943340 PO_B10_005808,136770,3301,0,0,133469,INR,2026-08-12T16:05:00Z,BATCH-BKMS-5808
PO_B10_005809,Razorpay Nodal,NYKA-ORD-591836 NYKA-ORD-212500 BATCH-NYKA-5809,453270,9065,0,0,444205,INR,2026-08-12T07:56:00Z,BATCH-NYKA-5809
PO_B10_005810,BillDesk Settlement,AMZN-INV-901794 PO_B10_005810,94747,2277,0,0,92470,INR,2026-08-12T00:29:00Z,BATCH-AMZN-5810
PO_B10_005811,BillDesk Settlement,JIOO-INV-790646 PO_B10_005811,428494,8515,0,0,419979,INR,2026-08-12T01:52:00Z,BATCH-JIOO-5811
PO_B10_005812,Cashfree Escrow,BLNK-INV-683340 PO_B10_005812,34355,678,0,0,33677,INR,2026-08-12T07:15:00Z,BATCH-BLNK-5812
PO_B10_005813,PayU Enterprise,FLPK-ORD-423262 FLPK-ORD-934986 BATCH-FLPK-5813,225443,4508,0,0,220935,INR,2026-08-11T22:14:00Z,BATCH-FLPK-5813
PO_B10_005814,Cashfree Escrow,JIOO-ORD-480178 JIOO-ORD-295289 BATCH-JIOO-5814,428239,8564,0,0,419675,INR,2026-08-12T07:52:00Z,BATCH-JIOO-5814
PO_B10_005815,PayU Enterprise,BBAS-INV-591854 PO_B10_005815,153569,3453,0,0,150116,INR,2026-08-12T16:51:00Z,BATCH-BBAS-5815
PO_B10_005816,Cashfree Escrow,BKMS-INV-271853 PO_B10_005816,133227,2586,0,0,130641,INR,2026-08-12T11:39:00Z,BATCH-BKMS-5816
PO_B10_005817,Razorpay Nodal,ZOMA-INV-269884 PO_B10_005817,106800,2659,0,0,104141,INR,2026-08-11T21:23:00Z,BATCH-ZOMA-5817
PO_B10_005818,Stripe India,BKMS-INV-687593 PO_B10_005818,232883,5231,0,0,227652,INR,2026-08-12T17:55:00Z,BATCH-BKMS-5818
PO_B10_005819,Cashfree Escrow,OLAA-INV-799337 PO_B10_005819,192963,4558,0,0,188405,INR,2026-08-12T02:03:00Z,BATCH-OLAA-5819
PO_B10_005820,Cashfree Escrow,FLPK-INV-718779 PO_B10_005820,65167,1225,0,0,63942,INR,2026-08-12T04:50:00Z,BATCH-FLPK-5820
PO_B10_005821,BillDesk Settlement,JIOO-INV-701768 PO_B10_005821,348691,7054,0,0,341637,INR,2026-08-12T05:20:00Z,BATCH-JIOO-5821
PO_B10_005822,Cashfree Escrow,BBAS-ORD-188967 BBAS-ORD-540420 BBAS-ORD-890128 BATCH-BBAS-5822,370019,7400,0,0,362619,INR,2026-08-12T10:34:00Z,BATCH-BBAS-5822
PO_B10_005823,Cashfree Escrow,FLPK-INV-613955 PO_B10_005823,150006,3619,0,0,146387,INR,2026-08-12T10:07:00Z,BATCH-FLPK-5823
PO_B10_005824,BillDesk Settlement,MYNT-INV-933055 PO_B10_005824,207573,3240,0,0,204333,INR,2026-08-12T02:51:00Z,BATCH-MYNT-5824
PO_B10_005825,PayU Enterprise,OLAA-INV-673403 PO_B10_005825,133866,3208,0,0,130658,INR,2026-08-12T05:35:00Z,BATCH-OLAA-5825
PO_B10_005826,Razorpay Nodal,UBER-INV-262266 PO_B10_005826,442240,9834,0,0,432406,INR,2026-08-11T18:47:00Z,BATCH-UBER-5826
PO_B10_005827,PayU Enterprise,PHNP-INV-871290 PO_B10_005827,413919,9560,0,0,404359,INR,2026-08-12T17:41:00Z,BATCH-PHNP-5827
PO_B10_005828,PayU Enterprise,FLPK-INV-558631 PO_B10_005828,376227,8103,0,0,368124,INR,2026-08-12T13:40:00Z,BATCH-FLPK-5828
PO_B10_005829,PayU Enterprise,FLPK-ORD-508016 FLPK-ORD-435452 BATCH-FLPK-5829,264629,5292,0,0,259337,INR,2026-08-12T01:24:00Z,BATCH-FLPK-5829
PO_B10_005830,PayU Enterprise,NYKA-ORD-696165 NYKA-ORD-907191 BATCH-NYKA-5830,353353,7067,0,0,346286,INR,2026-08-12T08:28:00Z,BATCH-NYKA-5830
PO_B10_005831,Stripe India,BLNK-INV-452792 PO_B10_005831,87751,1523,0,0,86228,INR,2026-08-12T00:23:00Z,BATCH-BLNK-5831
PO_B10_005832,Stripe India,TATA-ORD-485696 TATA-ORD-291288 BATCH-TATA-5832,195529,3910,0,0,191619,INR,2026-08-12T12:40:00Z,BATCH-TATA-5832
PO_B10_005833,Razorpay Nodal,SWIG-EXC-130305-UNRESOLVED,281285,5615,0,0,275670,INR,2026-08-13T07:52:00Z,HOLD-ESCROW
PO_B10_005834,BillDesk Settlement,PAYT-ORD-345576 PAYT-ORD-616880 BATCH-PAYT-5834,210094,4201,0,0,205893,INR,2026-08-12T07:15:00Z,BATCH-PAYT-5834
PO_B10_005835,BillDesk Settlement,SWIG-INV-106235 PO_B10_005835,96882,2239,0,0,94643,INR,2026-08-12T06:58:00Z,BATCH-SWIG-5835
PO_B10_005836,BillDesk Settlement,OLAA-INV-211769 PO_B10_005836,395377,9860,0,0,385517,INR,2026-08-11T18:01:00Z,BATCH-OLAA-5836
PO_B10_005837,BillDesk Settlement,PHNP-ORD-522838 PHNP-ORD-650013 BATCH-PHNP-5837,279655,5593,0,0,274062,INR,2026-08-11T23:38:00Z,BATCH-PHNP-5837
PO_B10_005838,PayU Enterprise,UBER-INV-363513 PO_B10_005838,28844,545,0,0,28299,INR,2026-08-11T21:37:00Z,BATCH-UBER-5838
PO_B10_005839,Stripe India,UBER-ORD-570415 UBER-ORD-582083 BATCH-UBER-5839,348031,6960,0,0,341071,INR,2026-08-12T03:03:00Z,BATCH-UBER-5839
PO_B10_005840,Stripe India,PAYT-INV-564743 PO_B10_005840,113539,2737,0,0,110802,INR,2026-08-11T22:41:00Z,BATCH-PAYT-5840
PO_B10_005841,BillDesk Settlement,UBER-INV-450106 PO_B10_005841,366534,6631,0,0,359903,INR,2026-08-11T22:46:00Z,BATCH-UBER-5841
PO_B10_005842,BillDesk Settlement,JIOO-INV-950677 PO_B10_005842,210219,5132,0,0,205087,INR,2026-08-12T16:20:00Z,BATCH-JIOO-5842
PO_B10_005843,PayU Enterprise,OLAA-ORD-987426 OLAA-ORD-625081 BATCH-OLAA-5843,232139,4642,0,0,227497,INR,2026-08-12T03:05:00Z,BATCH-OLAA-5843
PO_B10_005844,BillDesk Settlement,BLNK-INV-689463 PO_B10_005844,435864,6573,0,0,429291,INR,2026-08-12T09:19:00Z,BATCH-BLNK-5844
PO_B10_005845,Cashfree Escrow,BKMS-ORD-946590 BKMS-ORD-901437 BKMS-ORD-763662 BATCH-BKMS-5845,366508,7330,0,0,359178,INR,2026-08-11T23:54:00Z,BATCH-BKMS-5845
PO_B10_005846,Razorpay Nodal,OLAA-INV-424218 PO_B10_005846,308550,5132,0,0,303418,INR,2026-08-12T00:48:00Z,BATCH-OLAA-5846
PO_B10_005847,Stripe India,TATA-INV-209928 PO_B10_005847,358854,6211,0,0,352643,INR,2026-08-12T13:57:00Z,BATCH-TATA-5847
PO_B10_005848,Razorpay Nodal,MMTR-INV-877470 PO_B10_005848,378665,8664,0,0,370001,INR,2026-08-12T06:12:00Z,BATCH-MMTR-5848
PO_B10_005849,BillDesk Settlement,BBAS-INV-486279 PO_B10_005849,439638,10437,0,0,429201,INR,2026-08-12T13:31:00Z,BATCH-BBAS-5849
PO_B10_005850,Cashfree Escrow,MMTR-ORD-300736 MMTR-ORD-386570 MMTR-ORD-698245 BATCH-MMTR-5850,601984,12039,0,0,589945,INR,2026-08-12T00:07:00Z,BATCH-MMTR-5850
PO_B10_005851,Cashfree Escrow,JIOO-INV-555124 PO_B10_005851,146326,3448,0,0,142878,INR,2026-08-11T21:51:00Z,BATCH-JIOO-5851
PO_B10_005852,Cashfree Escrow,MYNT-ORD-274170 MYNT-ORD-978086 BATCH-MYNT-5852,271839,5436,0,0,266403,INR,2026-08-12T00:08:00Z,BATCH-MYNT-5852
PO_B10_005853,PayU Enterprise,SWIG-INV-223913 PO_B10_005853,130278,2358,0,0,127920,INR,2026-08-11T20:18:00Z,BATCH-SWIG-5853
PO_B10_005854,BillDesk Settlement,MYNT-INV-298547 PO_B10_005854,128377,2038,0,0,126339,INR,2026-08-12T05:13:00Z,BATCH-MYNT-5854
PO_B10_005855,Razorpay Nodal,UBER-INV-731096 PO_B10_005855,367947,6018,0,0,361929,INR,2026-08-11T14:57:00Z,BATCH-UBER-5855
PO_B10_005856,PayU Enterprise,PHNP-INV-522952 PO_B10_005856,276567,4504,0,0,272063,INR,2026-08-12T00:10:00Z,BATCH-PHNP-5856
PO_B10_005857,Stripe India,OLAA-INV-921954 PO_B10_005857,120360,2872,0,0,117488,INR,2026-08-12T11:45:00Z,BATCH-OLAA-5857
PO_B10_005858,Stripe India,MYNT-INV-995481 PO_B10_005858,26128,515,0,0,25613,INR,2026-08-12T08:40:00Z,BATCH-MYNT-5858
PO_B10_005859,BillDesk Settlement,OLAA-INV-789693 PO_B10_005859,429663,9532,0,0,420131,INR,2026-08-12T11:47:00Z,BATCH-OLAA-5859
PO_B10_005860,PayU Enterprise,BBAS-INV-615330 PO_B10_005860,440638,9126,0,0,431512,INR,2026-08-11T22:56:00Z,BATCH-BBAS-5860
PO_B10_005861,Cashfree Escrow,ZOMA-ORD-702289 ZOMA-ORD-755550 BATCH-ZOMA-5861,420275,8405,0,0,411870,INR,2026-08-12T17:01:00Z,BATCH-ZOMA-5861
PO_B10_005862,PayU Enterprise,BKMS-INV-596580 PO_B10_005862,328326,6001,0,0,322325,INR,2026-08-11T23:27:00Z,BATCH-BKMS-5862
PO_B10_005863,BillDesk Settlement,BBAS-INV-444518 PO_B10_005863,409637,8372,0,0,401265,INR,2026-08-12T07:43:00Z,BATCH-BBAS-5863
PO_B10_005864,Razorpay Nodal,MMTR-INV-127729 PO_B10_005864,419297,6571,0,0,412726,INR,2026-08-12T05:03:00Z,BATCH-MMTR-5864
PO_B10_005865,Razorpay Nodal,BLNK-INV-945237 PO_B10_005865,77212,1506,0,0,75706,INR,2026-08-12T07:51:00Z,BATCH-BLNK-5865
PO_B10_005866,Stripe India,OLAA-INV-622113 PO_B10_005866,319855,6570,0,0,313285,INR,2026-08-12T13:59:00Z,BATCH-OLAA-5866
PO_B10_005867,Razorpay Nodal,JIOO-EXC-565576-UNRESOLVED,140015,2790,0,0,137225,INR,2026-08-12T14:38:00Z,HOLD-ESCROW
PO_B10_005868,Razorpay Nodal,BLNK-INV-783812 PO_B10_005868,283984,5693,0,0,278291,INR,2026-08-12T04:38:00Z,BATCH-BLNK-5868
PO_B10_005869,PayU Enterprise,SWIG-INV-252094 PO_B10_005869,29331,635,0,0,28696,INR,2026-08-11T20:23:00Z,BATCH-SWIG-5869
PO_B10_005870,PayU Enterprise,MMTR-INV-896204 PO_B10_005870,228664,5157,0,0,223507,INR,2026-08-12T06:51:00Z,BATCH-MMTR-5870
PO_B10_005871,BillDesk Settlement,ZOMA-INV-177533 PO_B10_005871,217249,4684,0,0,212565,INR,2026-08-12T10:01:00Z,BATCH-ZOMA-5871
PO_B10_005872,PayU Enterprise,SWIG-INV-605189 PO_B10_005872,134180,2883,0,0,131297,INR,2026-08-12T00:08:00Z,BATCH-SWIG-5872
PO_B10_005873,Stripe India,SWIG-EXC-862129-UNRESOLVED,166749,3324,0,0,163425,INR,2026-08-13T04:29:00Z,HOLD-ESCROW
PO_B10_005874,Cashfree Escrow,UBER-ORD-780561 UBER-ORD-612489 BATCH-UBER-5874,340107,6802,0,0,333305,INR,2026-08-12T19:20:00Z,BATCH-UBER-5874
PO_B10_005875,Cashfree Escrow,UBER-INV-251500 PO_B10_005875,409697,7559,0,0,402138,INR,2026-08-12T08:49:00Z,BATCH-UBER-5875
PO_B10_005876,Cashfree Escrow,MYNT-INV-605598 PO_B10_005876,268482,5310,0,0,263172,INR,2026-08-12T15:36:00Z,BATCH-MYNT-5876
PO_B10_005877,Razorpay Nodal,PHNP-INV-410865 PO_B10_005877,365245,7318,0,0,357927,INR,2026-08-13T00:42:00Z,BATCH-PHNP-5877
PO_B10_005878,PayU Enterprise,PAYT-INV-515163 PO_B10_005878,420538,8987,0,0,411551,INR,2026-08-12T18:28:00Z,BATCH-PAYT-5878
PO_B10_005879,PayU Enterprise,PHNP-INV-153130 PO_B10_005879,399322,9858,0,0,389464,INR,2026-08-12T23:49:00Z,BATCH-PHNP-5879
PO_B10_005880,PayU Enterprise,BBAS-INV-528919 PO_B10_005880,407681,7609,0,0,400072,INR,2026-08-12T15:09:00Z,BATCH-BBAS-5880
PO_B10_005881,Stripe India,MMTR-ORD-693504 MMTR-ORD-836579 MMTR-ORD-384955 BATCH-MMTR-5881,173114,3462,0,0,169652,INR,2026-08-12T13:17:00Z,BATCH-MMTR-5881
PO_B10_005882,PayU Enterprise,BLNK-ORD-570007 BLNK-ORD-224278 BATCH-BLNK-5882,227489,4549,0,0,222940,INR,2026-08-12T20:40:00Z,BATCH-BLNK-5882
PO_B10_005883,BillDesk Settlement,SWIG-INV-440444 PO_B10_005883,402758,7736,0,0,395022,INR,2026-08-12T04:13:00Z,BATCH-SWIG-5883
PO_B10_005884,BillDesk Settlement,TATA-INV-566721 PO_B10_005884,392071,7008,0,0,385063,INR,2026-08-12T08:34:00Z,BATCH-TATA-5884
PO_B10_005885,BillDesk Settlement,SWIG-INV-859534 PO_B10_005885,444807,7444,0,0,437363,INR,2026-08-12T09:40:00Z,BATCH-SWIG-5885
PO_B10_005886,PayU Enterprise,JIOO-ORD-932382 JIOO-ORD-839544 BATCH-JIOO-5886,214130,4282,0,0,209848,INR,2026-08-12T04:07:00Z,BATCH-JIOO-5886
PO_B10_005887,PayU Enterprise,FLPK-INV-794606 PO_B10_005887,237780,4675,0,0,233105,INR,2026-08-12T01:49:00Z,BATCH-FLPK-5887
PO_B10_005888,Razorpay Nodal,OLAA-INV-586251 PO_B10_005888,155496,3862,0,0,151634,INR,2026-08-12T17:30:00Z,BATCH-OLAA-5888
PO_B10_005889,Razorpay Nodal,PAYT-INV-924442 PO_B10_005889,368006,7284,0,0,360722,INR,2026-08-12T05:55:00Z,BATCH-PAYT-5889
PO_B10_005890,Cashfree Escrow,TATA-INV-434433 PO_B10_005890,303230,7291,0,0,295939,INR,2026-08-12T08:32:00Z,BATCH-TATA-5890
PO_B10_005891,PayU Enterprise,AMZN-EXC-739066-UNRESOLVED,219280,4375,0,0,214905,INR,2026-08-12T18:59:00Z,HOLD-ESCROW
PO_B10_005892,Razorpay Nodal,UBER-INV-110143 PO_B10_005892,40302,868,0,0,39434,INR,2026-08-12T10:48:00Z,BATCH-UBER-5892
PO_B10_005893,Stripe India,BKMS-INV-512668 PO_B10_005893,66826,1626,0,0,65200,INR,2026-08-11T19:08:00Z,BATCH-BKMS-5893
PO_B10_005894,Stripe India,BLNK-ORD-218193 BLNK-ORD-471411 BATCH-BLNK-5894,160910,3218,0,0,157692,INR,2026-08-12T20:40:00Z,BATCH-BLNK-5894
PO_B10_005895,Stripe India,PAYT-INV-559418 PO_B10_005895,375243,8298,0,0,366945,INR,2026-08-12T16:54:00Z,BATCH-PAYT-5895
PO_B10_005896,Razorpay Nodal,PAYT-INV-948854 PO_B10_005896,312811,6203,0,0,306608,INR,2026-08-11T23:44:00Z,BATCH-PAYT-5896
PO_B10_005897,Cashfree Escrow,BBAS-EXC-642011-UNRESOLVED,123666,2463,0,0,121203,INR,2026-08-13T01:20:00Z,HOLD-ESCROW
PO_B10_005898,Stripe India,MMTR-INV-666731 PO_B10_005898,133090,2028,0,0,131062,INR,2026-08-12T11:46:00Z,BATCH-MMTR-5898
PO_B10_005899,BillDesk Settlement,NYKA-INV-960607 PO_B10_005899,330008,6193,0,0,323815,INR,2026-08-12T10:32:00Z,BATCH-NYKA-5899
PO_B10_005900,Cashfree Escrow,FLPK-INV-184538 PO_B10_005900,213837,3564,0,0,210273,INR,2026-08-12T04:04:00Z,BATCH-FLPK-5900
PO_B10_005901,PayU Enterprise,BKMS-INV-893994 PO_B10_005901,149515,2532,0,0,146983,INR,2026-08-12T23:34:00Z,BATCH-BKMS-5901
PO_B10_005902,BillDesk Settlement,UBER-ORD-560200 UBER-ORD-887805 BATCH-UBER-5902,351254,7025,0,0,344229,INR,2026-08-12T16:56:00Z,BATCH-UBER-5902
PO_B10_005903,Cashfree Escrow,OLAA-INV-239438 PO_B10_005903,197981,3115,0,0,194866,INR,2026-08-11T20:35:00Z,BATCH-OLAA-5903
PO_B10_005904,Cashfree Escrow,OLAA-INV-705186 PO_B10_005904,81352,1645,0,0,79707,INR,2026-08-12T19:21:00Z,BATCH-OLAA-5904
PO_B10_005905,PayU Enterprise,BKMS-INV-542064 PO_B10_005905,253063,3813,0,0,249250,INR,2026-08-12T12:00:00Z,BATCH-BKMS-5905
PO_B10_005906,Stripe India,UBER-ORD-797731 UBER-ORD-402579 UBER-ORD-761521 BATCH-UBER-5906,259111,5182,0,0,253929,INR,2026-08-12T14:46:00Z,BATCH-UBER-5906
PO_B10_005907,BillDesk Settlement,PAYT-INV-855417 PO_B10_005907,429516,7378,0,0,422138,INR,2026-08-12T12:08:00Z,BATCH-PAYT-5907
PO_B10_005908,PayU Enterprise,AMZN-INV-483103 PO_B10_005908,287160,5781,0,0,281379,INR,2026-08-12T12:26:00Z,BATCH-AMZN-5908
PO_B10_005909,Stripe India,PHNP-ORD-803478 PHNP-ORD-339517 BATCH-PHNP-5909,262874,5257,0,0,257617,INR,2026-08-12T01:03:00Z,BATCH-PHNP-5909
PO_B10_005910,Razorpay Nodal,PAYT-INV-689654 PO_B10_005910,317032,7622,0,0,309410,INR,2026-08-12T19:01:00Z,BATCH-PAYT-5910
PO_B10_005911,Cashfree Escrow,FLPK-INV-785184 PO_B10_005911,228178,3527,0,0,224651,INR,2026-08-12T12:44:00Z,BATCH-FLPK-5911
PO_B10_005912,Stripe India,SWIG-INV-745491 PO_B10_005912,102104,1939,0,0,100165,INR,2026-08-12T04:36:00Z,BATCH-SWIG-5912
PO_B10_005913,Cashfree Escrow,OLAA-ORD-256479 OLAA-ORD-904887 BATCH-OLAA-5913,208658,4173,0,0,204485,INR,2026-08-12T03:37:00Z,BATCH-OLAA-5913
PO_B10_005914,PayU Enterprise,PAYT-ORD-912960 PAYT-ORD-687675 BATCH-PAYT-5914,182235,3644,0,0,178591,INR,2026-08-12T03:08:00Z,BATCH-PAYT-5914
PO_B10_005915,BillDesk Settlement,TATA-INV-498267 PO_B10_005915,349606,6700,0,0,342906,INR,2026-08-12T11:25:00Z,BATCH-TATA-5915
PO_B10_005916,PayU Enterprise,MYNT-INV-868802 PO_B10_005916,259932,6223,0,0,253709,INR,2026-08-12T04:02:00Z,BATCH-MYNT-5916
PO_B10_005917,BillDesk Settlement,ZOMA-INV-778789 PO_B10_005917,338031,7604,0,0,330427,INR,2026-08-12T16:09:00Z,BATCH-ZOMA-5917
PO_B10_005918,PayU Enterprise,BBAS-INV-853597 PO_B10_005918,141624,2157,0,0,139467,INR,2026-08-12T04:23:00Z,BATCH-BBAS-5918
PO_B10_005919,Cashfree Escrow,MYNT-INV-569014 PO_B10_005919,305913,6314,0,0,299599,INR,2026-08-12T12:37:00Z,BATCH-MYNT-5919
PO_B10_005920,Razorpay Nodal,TATA-INV-385019 PO_B10_005920,97127,1777,0,0,95350,INR,2026-08-11T19:48:00Z,BATCH-TATA-5920
PO_B10_005921,Razorpay Nodal,BKMS-INV-615512 PO_B10_005921,158379,3609,0,0,154770,INR,2026-08-12T09:11:00Z,BATCH-BKMS-5921
PO_B10_005922,Cashfree Escrow,FLPK-ORD-679136 FLPK-ORD-165249 BATCH-FLPK-5922,194413,3888,0,0,190525,INR,2026-08-12T01:30:00Z,BATCH-FLPK-5922
PO_B10_005923,BillDesk Settlement,MMTR-ORD-209362 MMTR-ORD-313543 BATCH-MMTR-5923,300248,6004,0,0,294244,INR,2026-08-12T13:30:00Z,BATCH-MMTR-5923
PO_B10_005924,Stripe India,BKMS-ORD-209454 BKMS-ORD-433024 BATCH-BKMS-5924,290152,5803,0,0,284349,INR,2026-08-12T01:14:00Z,BATCH-BKMS-5924
PO_B10_005925,Razorpay Nodal,BLNK-INV-779160 PO_B10_005925,52142,1242,0,0,50900,INR,2026-08-12T22:39:00Z,BATCH-BLNK-5925
PO_B10_005926,Cashfree Escrow,PHNP-INV-472278 PO_B10_005926,268433,5004,0,0,263429,INR,2026-08-12T00:55:00Z,BATCH-PHNP-5926
PO_B10_005927,Stripe India,BKMS-ORD-488458 BKMS-ORD-920020 BATCH-BKMS-5927,289292,5785,0,0,283507,INR,2026-08-12T12:43:00Z,BATCH-BKMS-5927
PO_B10_005928,BillDesk Settlement,ZOMA-INV-172688 PO_B10_005928,444402,7325,0,0,437077,INR,2026-08-12T09:25:00Z,BATCH-ZOMA-5928
PO_B10_005929,Razorpay Nodal,OLAA-INV-570181 PO_B10_005929,174559,4080,0,0,170479,INR,2026-08-12T13:50:00Z,BATCH-OLAA-5929
PO_B10_005930,Cashfree Escrow,UBER-INV-830562 PO_B10_005930,348373,7846,0,0,340527,INR,2026-08-11T19:52:00Z,BATCH-UBER-5930
PO_B10_005931,PayU Enterprise,FLPK-INV-308001 PO_B10_005931,169082,3269,0,0,165813,INR,2026-08-11T23:01:00Z,BATCH-FLPK-5931
PO_B10_005932,Cashfree Escrow,JIOO-ORD-261202 JIOO-ORD-934869 JIOO-ORD-453697 BATCH-JIOO-5932,404618,8092,0,0,396526,INR,2026-08-12T15:05:00Z,BATCH-JIOO-5932
PO_B10_005933,PayU Enterprise,PAYT-INV-855668 PO_B10_005933,81575,1637,0,0,79938,INR,2026-08-12T00:59:00Z,BATCH-PAYT-5933
PO_B10_005934,BillDesk Settlement,BLNK-INV-816068 PO_B10_005934,190263,3567,0,0,186696,INR,2026-08-13T01:27:00Z,BATCH-BLNK-5934
PO_B10_005935,Razorpay Nodal,BKMS-INV-219293 PO_B10_005935,411891,8311,0,0,403580,INR,2026-08-11T22:08:00Z,BATCH-BKMS-5935
PO_B10_005936,PayU Enterprise,FLPK-INV-717562 PO_B10_005936,127780,2837,0,0,124943,INR,2026-08-12T20:16:00Z,BATCH-FLPK-5936
PO_B10_005937,PayU Enterprise,TATA-INV-737835 PO_B10_005937,96307,2175,0,0,94132,INR,2026-08-12T02:29:00Z,BATCH-TATA-5937
PO_B10_005938,BillDesk Settlement,PHNP-INV-272117 PO_B10_005938,399793,7629,0,0,392164,INR,2026-08-12T07:06:00Z,BATCH-PHNP-5938
PO_B10_005939,Stripe India,UBER-INV-327369 PO_B10_005939,75275,1183,0,0,74092,INR,2026-08-12T21:27:00Z,BATCH-UBER-5939
PO_B10_005940,Razorpay Nodal,NYKA-ORD-399946 NYKA-ORD-718037 NYKA-ORD-582882 BATCH-NYKA-5940,348367,6967,0,0,341400,INR,2026-08-12T09:53:00Z,BATCH-NYKA-5940
PO_B10_005941,Cashfree Escrow,PAYT-INV-381139 PO_B10_005941,167229,3770,0,0,163459,INR,2026-08-11T20:40:00Z,BATCH-PAYT-5941
PO_B10_005942,Cashfree Escrow,MMTR-EXC-128667-UNRESOLVED,113637,2262,0,0,111375,INR,2026-08-12T17:12:00Z,HOLD-ESCROW
PO_B10_005943,BillDesk Settlement,OLAA-EXC-617577-UNRESOLVED,191734,3824,0,0,187910,INR,2026-08-12T19:33:00Z,HOLD-ESCROW
PO_B10_005944,PayU Enterprise,PAYT-ORD-234057 PAYT-ORD-306905 PAYT-ORD-166246 BATCH-PAYT-5944,393228,7864,0,0,385364,INR,2026-08-12T00:07:00Z,BATCH-PAYT-5944
PO_B10_005945,Razorpay Nodal,ZOMA-ORD-842063 ZOMA-ORD-490654 BATCH-ZOMA-5945,119926,2398,0,0,117528,INR,2026-08-12T18:48:00Z,BATCH-ZOMA-5945
PO_B10_005946,PayU Enterprise,BKMS-INV-839164 PO_B10_005946,216173,4678,0,0,211495,INR,2026-08-12T18:17:00Z,BATCH-BKMS-5946
PO_B10_005947,Cashfree Escrow,BKMS-INV-820635 PO_B10_005947,421445,7161,0,0,414284,INR,2026-08-12T16:13:00Z,BATCH-BKMS-5947
PO_B10_005948,Stripe India,UBER-INV-566899 PO_B10_005948,112298,2503,0,0,109795,INR,2026-08-12T19:25:00Z,BATCH-UBER-5948
PO_B10_005949,Stripe India,BBAS-INV-249120 PO_B10_005949,420255,9321,0,0,410934,INR,2026-08-12T15:25:00Z,BATCH-BBAS-5949
PO_B10_005950,BillDesk Settlement,PHNP-INV-540316 PO_B10_005950,415398,9778,0,0,405620,INR,2026-08-12T04:19:00Z,BATCH-PHNP-5950
PO_B10_005951,BillDesk Settlement,NYKA-INV-868119 PO_B10_005951,174717,2655,0,0,172062,INR,2026-08-12T12:59:00Z,BATCH-NYKA-5951
PO_B10_005952,Razorpay Nodal,TATA-INV-316781 PO_B10_005952,435156,7756,0,0,427400,INR,2026-08-12T07:46:00Z,BATCH-TATA-5952
PO_B10_005953,PayU Enterprise,PAYT-INV-371466 PO_B10_005953,304349,4668,0,0,299681,INR,2026-08-12T06:53:00Z,BATCH-PAYT-5953
PO_B10_005954,Razorpay Nodal,PHNP-INV-960525 PO_B10_005954,336891,7088,0,0,329803,INR,2026-08-12T09:15:00Z,BATCH-PHNP-5954
PO_B10_005955,Stripe India,UBER-ORD-141679 UBER-ORD-366759 BATCH-UBER-5955,367392,7347,0,0,360045,INR,2026-08-12T15:49:00Z,BATCH-UBER-5955
PO_B10_005956,Stripe India,BBAS-ORD-324495 BBAS-ORD-680011 BATCH-BBAS-5956,191749,3834,0,0,187915,INR,2026-08-12T17:58:00Z,BATCH-BBAS-5956
PO_B10_005957,PayU Enterprise,BLNK-INV-451429 PO_B10_005957,438067,10777,0,0,427290,INR,2026-08-12T07:54:00Z,BATCH-BLNK-5957
PO_B10_005958,Razorpay Nodal,SWIG-INV-927929 PO_B10_005958,172328,2921,0,0,169407,INR,2026-08-12T07:35:00Z,BATCH-SWIG-5958
PO_B10_005959,Stripe India,MYNT-ORD-776464 MYNT-ORD-164170 BATCH-MYNT-5959,174565,3491,0,0,171074,INR,2026-08-12T02:29:00Z,BATCH-MYNT-5959
PO_B10_005960,Stripe India,TATA-INV-100882 PO_B10_005960,124654,2609,0,0,122045,INR,2026-08-12T11:57:00Z,BATCH-TATA-5960
PO_B10_005961,PayU Enterprise,FLPK-INV-477302 PO_B10_005961,370508,7330,0,0,363178,INR,2026-08-12T15:03:00Z,BATCH-FLPK-5961
PO_B10_005962,Stripe India,SWIG-INV-387062 PO_B10_005962,289370,5220,0,0,284150,INR,2026-08-12T01:19:00Z,BATCH-SWIG-5962
PO_B10_005963,Stripe India,TATA-ORD-130850 TATA-ORD-271594 BATCH-TATA-5963,335161,6703,0,0,328458,INR,2026-08-12T08:58:00Z,BATCH-TATA-5963
PO_B10_005964,PayU Enterprise,MMTR-INV-782329 PO_B10_005964,113905,2467,0,0,111438,INR,2026-08-11T19:07:00Z,BATCH-MMTR-5964
PO_B10_005965,Razorpay Nodal,PAYT-INV-602504 PO_B10_005965,254176,5379,0,0,248797,INR,2026-08-12T08:35:00Z,BATCH-PAYT-5965
PO_B10_005966,Stripe India,FLPK-INV-181621 PO_B10_005966,61735,992,0,0,60743,INR,2026-08-12T02:23:00Z,BATCH-FLPK-5966
PO_B10_005967,Cashfree Escrow,PAYT-EXC-610565-UNRESOLVED,266680,5323,0,0,261357,INR,2026-08-12T22:01:00Z,HOLD-ESCROW
PO_B10_005968,BillDesk Settlement,AMZN-INV-572960 PO_B10_005968,395715,8318,0,0,387397,INR,2026-08-12T02:03:00Z,BATCH-AMZN-5968
PO_B10_005969,Razorpay Nodal,BBAS-INV-552200 PO_B10_005969,309019,6801,0,0,302218,INR,2026-08-12T09:19:00Z,BATCH-BBAS-5969
PO_B10_005970,Stripe India,TATA-INV-481407 PO_B10_005970,58617,1356,0,0,57261,INR,2026-08-12T17:00:00Z,BATCH-TATA-5970
PO_B10_005971,PayU Enterprise,NYKA-INV-941021 PO_B10_005971,177452,3140,0,0,174312,INR,2026-08-12T11:34:00Z,BATCH-NYKA-5971
PO_B10_005972,BillDesk Settlement,ZOMA-INV-946580 PO_B10_005972,193320,3460,0,0,189860,INR,2026-08-12T19:50:00Z,BATCH-ZOMA-5972
PO_B10_005973,PayU Enterprise,PHNP-INV-885323 PO_B10_005973,308810,7706,0,0,301104,INR,2026-08-12T10:43:00Z,BATCH-PHNP-5973
PO_B10_005974,PayU Enterprise,BKMS-ORD-694696 BKMS-ORD-312826 BKMS-ORD-573851 BATCH-BKMS-5974,442593,8851,0,0,433742,INR,2026-08-11T21:28:00Z,BATCH-BKMS-5974
PO_B10_005975,Razorpay Nodal,UBER-INV-642490 PO_B10_005975,267449,5606,0,0,261843,INR,2026-08-12T09:25:00Z,BATCH-UBER-5975
PO_B10_005976,PayU Enterprise,ZOMA-INV-884351 PO_B10_005976,361400,8105,0,0,353295,INR,2026-08-12T22:55:00Z,BATCH-ZOMA-5976
PO_B10_005977,Cashfree Escrow,MMTR-INV-143523 PO_B10_005977,177899,3241,0,0,174658,INR,2026-08-12T04:37:00Z,BATCH-MMTR-5977
PO_B10_005978,Razorpay Nodal,OLAA-INV-168446 PO_B10_005978,164091,3157,0,0,160934,INR,2026-08-12T21:51:00Z,BATCH-OLAA-5978
PO_B10_005979,Razorpay Nodal,FLPK-INV-698814 PO_B10_005979,166133,2767,0,0,163366,INR,2026-08-12T02:04:00Z,BATCH-FLPK-5979
PO_B10_005980,Cashfree Escrow,OLAA-INV-328058 PO_B10_005980,397223,9821,0,0,387402,INR,2026-08-11T16:31:00Z,BATCH-OLAA-5980
PO_B10_005981,Stripe India,BKMS-INV-544474 PO_B10_005981,185227,3906,0,0,181321,INR,2026-08-12T11:36:00Z,BATCH-BKMS-5981
PO_B10_005982,Cashfree Escrow,PAYT-INV-668019 PO_B10_005982,97317,2000,0,0,95317,INR,2026-08-12T23:38:00Z,BATCH-PAYT-5982
PO_B10_005983,Stripe India,ZOMA-ORD-256065 ZOMA-ORD-548664 BATCH-ZOMA-5983,406583,8131,0,0,398452,INR,2026-08-12T13:45:00Z,BATCH-ZOMA-5983
PO_B10_005984,PayU Enterprise,PAYT-INV-410132 PO_B10_005984,106699,2592,0,0,104107,INR,2026-08-12T06:30:00Z,BATCH-PAYT-5984
PO_B10_005985,BillDesk Settlement,BBAS-INV-628344 PO_B10_005985,251263,5669,0,0,245594,INR,2026-08-11T23:52:00Z,BATCH-BBAS-5985
PO_B10_005986,Razorpay Nodal,BLNK-ORD-378496 BLNK-ORD-832139 BATCH-BLNK-5986,386868,7737,0,0,379131,INR,2026-08-12T09:03:00Z,BATCH-BLNK-5986
PO_B10_005987,PayU Enterprise,SWIG-INV-379608 PO_B10_005987,177851,3224,0,0,174627,INR,2026-08-12T01:13:00Z,BATCH-SWIG-5987
PO_B10_005988,BillDesk Settlement,OLAA-INV-827626 PO_B10_005988,61601,1476,0,0,60125,INR,2026-08-12T21:25:00Z,BATCH-OLAA-5988
PO_B10_005989,Cashfree Escrow,BLNK-INV-505609 PO_B10_005989,347742,8611,0,0,339131,INR,2026-08-12T05:49:00Z,BATCH-BLNK-5989
PO_B10_005990,PayU Enterprise,PAYT-INV-307861 PO_B10_005990,291866,6703,0,0,285163,INR,2026-08-11T23:30:00Z,BATCH-PAYT-5990
PO_B10_005991,Stripe India,NYKA-ORD-822051 NYKA-ORD-341915 BATCH-NYKA-5991,117069,2341,0,0,114728,INR,2026-08-12T04:45:00Z,BATCH-NYKA-5991
PO_B10_005992,Cashfree Escrow,FLPK-INV-315255 PO_B10_005992,416321,9775,0,0,406546,INR,2026-08-11T14:27:00Z,BATCH-FLPK-5992
PO_B10_005993,PayU Enterprise,FLPK-INV-200743 PO_B10_005993,135947,2186,0,0,133761,INR,2026-08-12T10:45:00Z,BATCH-FLPK-5993
PO_B10_005994,PayU Enterprise,OLAA-EXC-493764-UNRESOLVED,55016,1090,0,0,53926,INR,2026-08-12T09:54:00Z,HOLD-ESCROW
PO_B10_005995,Cashfree Escrow,OLAA-INV-499712 PO_B10_005995,351824,5488,0,0,346336,INR,2026-08-12T04:50:00Z,BATCH-OLAA-5995
PO_B10_005996,Stripe India,OLAA-INV-737205 PO_B10_005996,276875,4341,0,0,272534,INR,2026-08-12T15:19:00Z,BATCH-OLAA-5996
PO_B10_005997,Stripe India,SWIG-INV-315727 PO_B10_005997,449895,8250,0,0,441645,INR,2026-08-11T23:41:00Z,BATCH-SWIG-5997
PO_B10_005998,Cashfree Escrow,JIOO-ORD-375625 JIOO-ORD-453331 BATCH-JIOO-5998,235736,4714,0,0,231022,INR,2026-08-12T02:10:00Z,BATCH-JIOO-5998
PO_B10_005999,PayU Enterprise,UBER-ORD-682110 UBER-ORD-702560 UBER-ORD-537682 BATCH-UBER-5999,401227,8024,0,0,393203,INR,2026-08-12T10:20:00Z,BATCH-UBER-5999
PO_B10_006000,Razorpay Nodal,BLNK-ORD-553974 BLNK-ORD-715897 BATCH-BLNK-6000,439132,8782,0,0,430350,INR,2026-08-12T10:18:00Z,BATCH-BLNK-6000
PO_B10_006001,BillDesk Settlement,UBER-INV-463546 PO_B10_006001,180069,2900,0,0,177169,INR,2026-08-13T00:51:00Z,BATCH-UBER-6001
PO_B10_006002,Razorpay Nodal,BBAS-INV-144910 PO_B10_006002,443355,10015,0,0,433340,INR,2026-08-12T03:28:00Z,BATCH-BBAS-6002
PO_B10_006003,Cashfree Escrow,OLAA-ORD-521626 OLAA-ORD-672327 BATCH-OLAA-6003,168689,3373,0,0,165316,INR,2026-08-12T17:13:00Z,BATCH-OLAA-6003
PO_B10_006004,Cashfree Escrow,PAYT-INV-837607 PO_B10_006004,439881,6946,0,0,432935,INR,2026-08-12T04:57:00Z,BATCH-PAYT-6004
PO_B10_006005,Stripe India,MMTR-INV-800574 PO_B10_006005,354410,6604,0,0,347806,INR,2026-08-12T16:30:00Z,BATCH-MMTR-6005
PO_B10_006006,Stripe India,ZOMA-INV-128064 PO_B10_006006,442859,9835,0,0,433024,INR,2026-08-12T13:31:00Z,BATCH-ZOMA-6006
PO_B10_006007,BillDesk Settlement,ZOMA-INV-686108 PO_B10_006007,364345,8529,0,0,355816,INR,2026-08-12T04:42:00Z,BATCH-ZOMA-6007
PO_B10_006008,Stripe India,FLPK-ORD-939633 FLPK-ORD-518963 BATCH-FLPK-6008,301247,6024,0,0,295223,INR,2026-08-12T05:22:00Z,BATCH-FLPK-6008
PO_B10_006009,Razorpay Nodal,PAYT-INV-918100 PO_B10_006009,67939,1035,0,0,66904,INR,2026-08-12T17:33:00Z,BATCH-PAYT-6009
PO_B10_006010,Cashfree Escrow,UBER-INV-967363 PO_B10_006010,138735,3382,0,0,135353,INR,2026-08-12T04:11:00Z,BATCH-UBER-6010
PO_B10_006011,Razorpay Nodal,JIOO-ORD-845558 JIOO-ORD-511076 BATCH-JIOO-6011,263739,5274,0,0,258465,INR,2026-08-12T03:01:00Z,BATCH-JIOO-6011
PO_B10_006012,PayU Enterprise,MYNT-INV-542499 PO_B10_006012,29505,552,0,0,28953,INR,2026-08-12T11:00:00Z,BATCH-MYNT-6012
PO_B10_006013,PayU Enterprise,AMZN-INV-679153 PO_B10_006013,291909,4678,0,0,287231,INR,2026-08-12T02:34:00Z,BATCH-AMZN-6013
PO_B10_006014,BillDesk Settlement,BKMS-ORD-431012 BKMS-ORD-699897 BATCH-BKMS-6014,208242,4164,0,0,204078,INR,2026-08-12T02:44:00Z,BATCH-BKMS-6014
PO_B10_006015,Razorpay Nodal,ZOMA-ORD-419915 ZOMA-ORD-421471 BATCH-ZOMA-6015,260328,5206,0,0,255122,INR,2026-08-12T20:24:00Z,BATCH-ZOMA-6015
PO_B10_006016,Razorpay Nodal,JIOO-INV-830453 PO_B10_006016,96417,2137,0,0,94280,INR,2026-08-12T07:03:00Z,BATCH-JIOO-6016
PO_B10_006017,PayU Enterprise,BKMS-INV-966953 PO_B10_006017,427706,9865,0,0,417841,INR,2026-08-12T11:26:00Z,BATCH-BKMS-6017
PO_B10_006018,Razorpay Nodal,NYKA-ORD-839572 NYKA-ORD-899918 NYKA-ORD-556846 BATCH-NYKA-6018,311553,6231,0,0,305322,INR,2026-08-11T22:19:00Z,BATCH-NYKA-6018
PO_B10_006019,Stripe India,PHNP-INV-597590 PO_B10_006019,126099,3028,0,0,123071,INR,2026-08-12T05:01:00Z,BATCH-PHNP-6019
PO_B10_006020,Razorpay Nodal,NYKA-INV-282118 PO_B10_006020,239733,5501,0,0,234232,INR,2026-08-12T08:46:00Z,BATCH-NYKA-6020
PO_B10_006021,BillDesk Settlement,AMZN-ORD-772848 AMZN-ORD-452699 BATCH-AMZN-6021,59334,1186,0,0,58148,INR,2026-08-12T19:59:00Z,BATCH-AMZN-6021
PO_B10_006022,Razorpay Nodal,BLNK-ORD-332809 BLNK-ORD-687585 BATCH-BLNK-6022,267511,5350,0,0,262161,INR,2026-08-12T06:04:00Z,BATCH-BLNK-6022
PO_B10_006023,Cashfree Escrow,NYKA-INV-189117 PO_B10_006023,117182,2168,0,0,115014,INR,2026-08-12T03:29:00Z,BATCH-NYKA-6023
PO_B10_006024,Cashfree Escrow,FLPK-INV-634125 PO_B10_006024,152121,3704,0,0,148417,INR,2026-08-12T06:33:00Z,BATCH-FLPK-6024
PO_B10_006025,PayU Enterprise,NYKA-INV-715110 PO_B10_006025,438412,10314,0,0,428098,INR,2026-08-12T02:04:00Z,BATCH-NYKA-6025
PO_B10_006026,PayU Enterprise,BBAS-INV-963437 PO_B10_006026,105065,2267,0,0,102798,INR,2026-08-11T23:29:00Z,BATCH-BBAS-6026
PO_B10_006027,PayU Enterprise,PHNP-ORD-991680 PHNP-ORD-998159 BATCH-PHNP-6027,272621,5452,0,0,267169,INR,2026-08-12T09:08:00Z,BATCH-PHNP-6027
PO_B10_006028,BillDesk Settlement,PAYT-INV-960952 PO_B10_006028,418968,6570,0,0,412398,INR,2026-08-12T11:03:00Z,BATCH-PAYT-6028
PO_B10_006029,Cashfree Escrow,MYNT-ORD-528702 MYNT-ORD-651905 BATCH-MYNT-6029,144390,2887,0,0,141503,INR,2026-08-12T07:00:00Z,BATCH-MYNT-6029
PO_B10_006030,BillDesk Settlement,UBER-ORD-109419 UBER-ORD-132982 BATCH-UBER-6030,203968,4079,0,0,199889,INR,2026-08-12T17:13:00Z,BATCH-UBER-6030
PO_B10_006031,Razorpay Nodal,AMZN-ORD-890693 AMZN-ORD-804476 AMZN-ORD-534987 BATCH-AMZN-6031,435874,8717,0,0,427157,INR,2026-08-12T13:35:00Z,BATCH-AMZN-6031
PO_B10_006032,Razorpay Nodal,SWIG-INV-622036 PO_B10_006032,206725,4729,0,0,201996,INR,2026-08-11T21:34:00Z,BATCH-SWIG-6032
PO_B10_006033,PayU Enterprise,UBER-ORD-993530 UBER-ORD-788013 BATCH-UBER-6033,355292,7105,0,0,348187,INR,2026-08-12T20:03:00Z,BATCH-UBER-6033
PO_B10_006034,PayU Enterprise,PAYT-INV-241069 PO_B10_006034,97446,2397,0,0,95049,INR,2026-08-12T14:54:00Z,BATCH-PAYT-6034
PO_B10_006035,PayU Enterprise,OLAA-INV-607658 PO_B10_006035,204195,3660,0,0,200535,INR,2026-08-12T09:22:00Z,BATCH-OLAA-6035
PO_B10_006036,Stripe India,OLAA-INV-491394 PO_B10_006036,350645,7390,0,0,343255,INR,2026-08-11T19:40:00Z,BATCH-OLAA-6036
PO_B10_006037,Stripe India,SWIG-EXC-336285-UNRESOLVED,181396,3617,0,0,177779,INR,2026-08-13T04:34:00Z,HOLD-ESCROW
PO_B10_006038,Stripe India,BBAS-ORD-780245 BBAS-ORD-405044 BATCH-BBAS-6038,109116,2182,0,0,106934,INR,2026-08-12T07:48:00Z,BATCH-BBAS-6038
PO_B10_006039,Cashfree Escrow,JIOO-INV-920801 PO_B10_006039,186625,4495,0,0,182130,INR,2026-08-12T11:13:00Z,BATCH-JIOO-6039
PO_B10_006040,Razorpay Nodal,BKMS-INV-806523 PO_B10_006040,387865,6749,0,0,381116,INR,2026-08-11T17:45:00Z,BATCH-BKMS-6040
PO_B10_006041,PayU Enterprise,BBAS-INV-482211 PO_B10_006041,409431,8559,0,0,400872,INR,2026-08-11T23:31:00Z,BATCH-BBAS-6041
PO_B10_006042,Razorpay Nodal,PHNP-INV-926363 PO_B10_006042,393563,7915,0,0,385648,INR,2026-08-12T03:54:00Z,BATCH-PHNP-6042
PO_B10_006043,PayU Enterprise,BKMS-INV-324014 PO_B10_006043,87424,1625,0,0,85799,INR,2026-08-12T17:12:00Z,BATCH-BKMS-6043
PO_B10_006044,PayU Enterprise,BBAS-INV-908863 PO_B10_006044,169885,3275,0,0,166610,INR,2026-08-11T20:39:00Z,BATCH-BBAS-6044
PO_B10_006045,BillDesk Settlement,BBAS-INV-919801 PO_B10_006045,358365,6839,0,0,351526,INR,2026-08-11T22:38:00Z,BATCH-BBAS-6045
PO_B10_006046,Stripe India,NYKA-INV-471765 PO_B10_006046,295807,6418,0,0,289389,INR,2026-08-11T21:08:00Z,BATCH-NYKA-6046
PO_B10_006047,Stripe India,BBAS-ORD-707091 BBAS-ORD-211293 BBAS-ORD-910777 BATCH-BBAS-6047,469310,9386,0,0,459924,INR,2026-08-12T03:19:00Z,BATCH-BBAS-6047
PO_B10_006048,Cashfree Escrow,AMZN-INV-555422 PO_B10_006048,166466,2799,0,0,163667,INR,2026-08-12T23:30:00Z,BATCH-AMZN-6048
PO_B10_006049,BillDesk Settlement,SWIG-INV-143336 PO_B10_006049,384354,9397,0,0,374957,INR,2026-08-11T17:46:00Z,BATCH-SWIG-6049
PO_B10_006050,PayU Enterprise,OLAA-INV-545289 PO_B10_006050,449506,9195,0,0,440311,INR,2026-08-12T11:12:00Z,BATCH-OLAA-6050
PO_B10_006051,Cashfree Escrow,PHNP-INV-838415 PO_B10_006051,201239,4807,0,0,196432,INR,2026-08-12T12:17:00Z,BATCH-PHNP-6051
PO_B10_006052,Stripe India,BLNK-ORD-541613 BLNK-ORD-766458 BLNK-ORD-529035 BATCH-BLNK-6052,424767,8495,0,0,416272,INR,2026-08-12T12:54:00Z,BATCH-BLNK-6052
PO_B10_006053,Cashfree Escrow,FLPK-ORD-822941 FLPK-ORD-739573 FLPK-ORD-699924 BATCH-FLPK-6053,443711,8874,0,0,434837,INR,2026-08-12T14:51:00Z,BATCH-FLPK-6053
PO_B10_006054,BillDesk Settlement,MYNT-ORD-185009 MYNT-ORD-830694 BATCH-MYNT-6054,253776,5075,0,0,248701,INR,2026-08-12T07:44:00Z,BATCH-MYNT-6054
PO_B10_006055,Razorpay Nodal,UBER-INV-435662 PO_B10_006055,59296,1002,0,0,58294,INR,2026-08-12T05:10:00Z,BATCH-UBER-6055
PO_B10_006056,Stripe India,PHNP-ORD-968871 PHNP-ORD-945321 BATCH-PHNP-6056,224661,4493,0,0,220168,INR,2026-08-12T05:37:00Z,BATCH-PHNP-6056
PO_B10_006057,Razorpay Nodal,BKMS-INV-814261 PO_B10_006057,247828,6045,0,0,241783,INR,2026-08-12T11:45:00Z,BATCH-BKMS-6057
PO_B10_006058,Stripe India,MMTR-INV-109494 PO_B10_006058,296228,5708,0,0,290520,INR,2026-08-12T17:17:00Z,BATCH-MMTR-6058
PO_B10_006059,Razorpay Nodal,SWIG-INV-400710 PO_B10_006059,396642,6153,0,0,390489,INR,2026-08-12T08:55:00Z,BATCH-SWIG-6059
PO_B10_006060,Cashfree Escrow,JIOO-INV-625372 PO_B10_006060,199940,3497,0,0,196443,INR,2026-08-12T02:29:00Z,BATCH-JIOO-6060
PO_B10_006061,PayU Enterprise,OLAA-INV-446584 PO_B10_006061,149838,2731,0,0,147107,INR,2026-08-11T23:55:00Z,BATCH-OLAA-6061
PO_B10_006062,Stripe India,NYKA-INV-433729 PO_B10_006062,137421,2455,0,0,134966,INR,2026-08-12T05:54:00Z,BATCH-NYKA-6062
PO_B10_006063,Stripe India,BBAS-ORD-429783 BBAS-ORD-160107 BATCH-BBAS-6063,184155,3683,0,0,180472,INR,2026-08-11T21:36:00Z,BATCH-BBAS-6063
PO_B10_006064,Stripe India,BBAS-ORD-922579 BBAS-ORD-855490 BBAS-ORD-914827 BATCH-BBAS-6064,405340,8106,0,0,397234,INR,2026-08-12T09:09:00Z,BATCH-BBAS-6064
PO_B10_006065,Cashfree Escrow,AMZN-INV-219091 PO_B10_006065,329430,7277,0,0,322153,INR,2026-08-12T03:38:00Z,BATCH-AMZN-6065
PO_B10_006066,PayU Enterprise,FLPK-INV-334472 PO_B10_006066,379139,6189,0,0,372950,INR,2026-08-11T15:59:00Z,BATCH-FLPK-6066
PO_B10_006067,Razorpay Nodal,OLAA-INV-971159 PO_B10_006067,385003,6238,0,0,378765,INR,2026-08-12T21:08:00Z,BATCH-OLAA-6067
PO_B10_006068,BillDesk Settlement,NYKA-INV-377062 PO_B10_006068,109923,2585,0,0,107338,INR,2026-08-12T05:36:00Z,BATCH-NYKA-6068
PO_B10_006069,PayU Enterprise,AMZN-ORD-437190 AMZN-ORD-929617 BATCH-AMZN-6069,96353,1927,0,0,94426,INR,2026-08-12T17:43:00Z,BATCH-AMZN-6069
PO_B10_006070,Razorpay Nodal,MMTR-ORD-881584 MMTR-ORD-432971 MMTR-ORD-709320 BATCH-MMTR-6070,348086,6961,0,0,341125,INR,2026-08-11T23:29:00Z,BATCH-MMTR-6070
PO_B10_006071,PayU Enterprise,NYKA-ORD-331830 NYKA-ORD-576046 BATCH-NYKA-6071,104299,2085,0,0,102214,INR,2026-08-12T13:28:00Z,BATCH-NYKA-6071
PO_B10_006072,BillDesk Settlement,SWIG-ORD-427235 SWIG-ORD-401890 BATCH-SWIG-6072,396267,7925,0,0,388342,INR,2026-08-12T14:57:00Z,BATCH-SWIG-6072
PO_B10_006073,Stripe India,FLPK-INV-432802 PO_B10_006073,357640,6220,0,0,351420,INR,2026-08-12T11:21:00Z,BATCH-FLPK-6073
PO_B10_006074,Cashfree Escrow,NYKA-INV-257653 PO_B10_006074,340407,7077,0,0,333330,INR,2026-08-12T02:55:00Z,BATCH-NYKA-6074
PO_B10_006075,PayU Enterprise,UBER-ORD-546970 UBER-ORD-242884 BATCH-UBER-6075,335893,6717,0,0,329176,INR,2026-08-12T05:34:00Z,BATCH-UBER-6075
PO_B10_006076,BillDesk Settlement,MYNT-INV-917996 PO_B10_006076,87161,1311,0,0,85850,INR,2026-08-12T03:32:00Z,BATCH-MYNT-6076
PO_B10_006077,Cashfree Escrow,SWIG-ORD-750133 SWIG-ORD-426104 SWIG-ORD-347366 BATCH-SWIG-6077,623935,12478,0,0,611457,INR,2026-08-12T01:55:00Z,BATCH-SWIG-6077
PO_B10_006078,Cashfree Escrow,PHNP-INV-412588 PO_B10_006078,78055,1674,0,0,76381,INR,2026-08-12T23:38:00Z,BATCH-PHNP-6078
PO_B10_006079,Razorpay Nodal,NYKA-INV-697685 PO_B10_006079,149797,2742,0,0,147055,INR,2026-08-12T06:42:00Z,BATCH-NYKA-6079
PO_B10_006080,BillDesk Settlement,ZOMA-ORD-443621 ZOMA-ORD-997941 BATCH-ZOMA-6080,353278,7065,0,0,346213,INR,2026-08-12T14:56:00Z,BATCH-ZOMA-6080
PO_B10_006081,Cashfree Escrow,BKMS-INV-842389 PO_B10_006081,138102,2277,0,0,135825,INR,2026-08-12T08:47:00Z,BATCH-BKMS-6081
PO_B10_006082,Stripe India,BLNK-ORD-399117 BLNK-ORD-230795 BATCH-BLNK-6082,268594,5371,0,0,263223,INR,2026-08-12T20:11:00Z,BATCH-BLNK-6082
PO_B10_006083,Stripe India,OLAA-INV-330544 PO_B10_006083,109605,2323,0,0,107282,INR,2026-08-12T08:37:00Z,BATCH-OLAA-6083
PO_B10_006084,BillDesk Settlement,TATA-INV-342961 PO_B10_006084,171034,3328,0,0,167706,INR,2026-08-12T12:10:00Z,BATCH-TATA-6084
PO_B10_006085,PayU Enterprise,TATA-ORD-475580 TATA-ORD-271444 TATA-ORD-727364 BATCH-TATA-6085,412557,8251,0,0,404306,INR,2026-08-11T23:18:00Z,BATCH-TATA-6085
PO_B10_006086,PayU Enterprise,UBER-INV-253992 PO_B10_006086,407988,8243,0,0,399745,INR,2026-08-12T17:55:00Z,BATCH-UBER-6086
PO_B10_006087,PayU Enterprise,JIOO-ORD-192013 JIOO-ORD-530773 JIOO-ORD-730731 BATCH-JIOO-6087,506036,10120,0,0,495916,INR,2026-08-12T20:40:00Z,BATCH-JIOO-6087
PO_B10_006088,Cashfree Escrow,UBER-ORD-335639 UBER-ORD-620287 BATCH-UBER-6088,278559,5571,0,0,272988,INR,2026-08-12T00:01:00Z,BATCH-UBER-6088
PO_B10_006089,BillDesk Settlement,AMZN-ORD-657493 AMZN-ORD-173826 BATCH-AMZN-6089,265462,5309,0,0,260153,INR,2026-08-12T00:53:00Z,BATCH-AMZN-6089
PO_B10_006090,Stripe India,NYKA-INV-344954 PO_B10_006090,313170,6979,0,0,306191,INR,2026-08-11T21:30:00Z,BATCH-NYKA-6090
PO_B10_006091,Cashfree Escrow,BBAS-INV-413321 PO_B10_006091,262709,5032,0,0,257677,INR,2026-08-12T07:41:00Z,BATCH-BBAS-6091
PO_B10_006092,Stripe India,FLPK-INV-328038 PO_B10_006092,51379,1008,0,0,50371,INR,2026-08-12T11:36:00Z,BATCH-FLPK-6092
PO_B10_006093,BillDesk Settlement,BKMS-INV-516635 PO_B10_006093,115211,2427,0,0,112784,INR,2026-08-12T04:01:00Z,BATCH-BKMS-6093
PO_B10_006094,BillDesk Settlement,JIOO-ORD-334959 JIOO-ORD-227190 JIOO-ORD-471522 BATCH-JIOO-6094,278870,5577,0,0,273293,INR,2026-08-12T08:24:00Z,BATCH-JIOO-6094
PO_B10_006095,Stripe India,MMTR-INV-923107 PO_B10_006095,281744,4463,0,0,277281,INR,2026-08-11T21:11:00Z,BATCH-MMTR-6095
PO_B10_006096,Cashfree Escrow,UBER-INV-181005 PO_B10_006096,417279,8223,0,0,409056,INR,2026-08-11T15:57:00Z,BATCH-UBER-6096
PO_B10_006097,PayU Enterprise,BLNK-INV-418035 PO_B10_006097,348122,6976,0,0,341146,INR,2026-08-12T02:35:00Z,BATCH-BLNK-6097
PO_B10_006098,Razorpay Nodal,MYNT-INV-592806 PO_B10_006098,389387,9072,0,0,380315,INR,2026-08-12T13:25:00Z,BATCH-MYNT-6098
PO_B10_006099,Razorpay Nodal,PHNP-EXC-418089-UNRESOLVED,264177,5273,0,0,258904,INR,2026-08-13T04:02:00Z,HOLD-ESCROW
PO_B10_006100,Cashfree Escrow,JIOO-INV-992468 PO_B10_006100,135675,3296,0,0,132379,INR,2026-08-12T03:32:00Z,BATCH-JIOO-6100
PO_B10_006101,Razorpay Nodal,PHNP-INV-769977 PO_B10_006101,419760,6401,0,0,413359,INR,2026-08-12T13:09:00Z,BATCH-PHNP-6101
PO_B10_006102,PayU Enterprise,AMZN-INV-984186 PO_B10_006102,372765,7561,0,0,365204,INR,2026-08-12T18:43:00Z,BATCH-AMZN-6102
PO_B10_006103,Razorpay Nodal,NYKA-INV-226070 PO_B10_006103,195423,3231,0,0,192192,INR,2026-08-12T18:28:00Z,BATCH-NYKA-6103
PO_B10_006104,BillDesk Settlement,MYNT-INV-276451 PO_B10_006104,56955,1357,0,0,55598,INR,2026-08-12T05:37:00Z,BATCH-MYNT-6104
PO_B10_006105,PayU Enterprise,MYNT-INV-855469 PO_B10_006105,289500,4730,0,0,284770,INR,2026-08-12T02:32:00Z,BATCH-MYNT-6105
PO_B10_006106,BillDesk Settlement,FLPK-INV-992269 PO_B10_006106,121160,1894,0,0,119266,INR,2026-08-12T00:33:00Z,BATCH-FLPK-6106
PO_B10_006107,PayU Enterprise,NYKA-ORD-230398 NYKA-ORD-392859 NYKA-ORD-427286 BATCH-NYKA-6107,236122,4722,0,0,231400,INR,2026-08-12T01:15:00Z,BATCH-NYKA-6107
PO_B10_006108,Razorpay Nodal,ZOMA-INV-372294 PO_B10_006108,378920,9321,0,0,369599,INR,2026-08-12T18:28:00Z,BATCH-ZOMA-6108
PO_B10_006109,Razorpay Nodal,MYNT-INV-854693 PO_B10_006109,396486,8387,0,0,388099,INR,2026-08-11T15:42:00Z,BATCH-MYNT-6109
PO_B10_006110,PayU Enterprise,BKMS-INV-186773 PO_B10_006110,202094,3444,0,0,198650,INR,2026-08-11T13:39:00Z,BATCH-BKMS-6110
PO_B10_006111,BillDesk Settlement,AMZN-INV-783192 PO_B10_006111,223999,4607,0,0,219392,INR,2026-08-12T03:39:00Z,BATCH-AMZN-6111
PO_B10_006112,PayU Enterprise,AMZN-INV-865586 PO_B10_006112,289773,6255,0,0,283518,INR,2026-08-12T16:45:00Z,BATCH-AMZN-6112
PO_B10_006113,Stripe India,UBER-INV-781035 PO_B10_006113,221411,4775,0,0,216636,INR,2026-08-12T09:59:00Z,BATCH-UBER-6113
PO_B10_006114,BillDesk Settlement,SWIG-INV-651206 PO_B10_006114,113642,1949,0,0,111693,INR,2026-08-12T13:42:00Z,BATCH-SWIG-6114
PO_B10_006115,Razorpay Nodal,NYKA-EXC-161205-UNRESOLVED,102385,2037,0,0,100348,INR,2026-08-12T14:23:00Z,HOLD-ESCROW
PO_B10_006116,PayU Enterprise,AMZN-INV-882907 PO_B10_006116,419207,9532,0,0,409675,INR,2026-08-12T23:20:00Z,BATCH-AMZN-6116
PO_B10_006117,Stripe India,PHNP-INV-942757 PO_B10_006117,270351,6521,0,0,263830,INR,2026-08-12T03:17:00Z,BATCH-PHNP-6117
PO_B10_006118,BillDesk Settlement,MMTR-ORD-884634 MMTR-ORD-932538 MMTR-ORD-201675 BATCH-MMTR-6118,456380,9127,0,0,447253,INR,2026-08-12T15:20:00Z,BATCH-MMTR-6118
PO_B10_006119,Razorpay Nodal,ZOMA-EXC-949950-UNRESOLVED,107459,2139,0,0,105320,INR,2026-08-12T18:35:00Z,HOLD-ESCROW
PO_B10_006120,PayU Enterprise,SWIG-INV-850534 PO_B10_006120,173194,2750,0,0,170444,INR,2026-08-11T20:33:00Z,BATCH-SWIG-6120
PO_B10_006121,Stripe India,UBER-ORD-236900 UBER-ORD-104879 UBER-ORD-527962 BATCH-UBER-6121,706171,14123,0,0,692048,INR,2026-08-12T17:34:00Z,BATCH-UBER-6121
PO_B10_006122,Cashfree Escrow,OLAA-ORD-968445 OLAA-ORD-197702 OLAA-ORD-888455 BATCH-OLAA-6122,306556,6131,0,0,300425,INR,2026-08-12T04:14:00Z,BATCH-OLAA-6122
PO_B10_006123,Cashfree Escrow,FLPK-INV-869598 PO_B10_006123,372937,9221,0,0,363716,INR,2026-08-11T14:30:00Z,BATCH-FLPK-6123
PO_B10_006124,Cashfree Escrow,OLAA-ORD-663636 OLAA-ORD-645239 BATCH-OLAA-6124,223788,4475,0,0,219313,INR,2026-08-11T23:52:00Z,BATCH-OLAA-6124
PO_B10_006125,BillDesk Settlement,PAYT-ORD-177161 PAYT-ORD-923411 BATCH-PAYT-6125,273922,5478,0,0,268444,INR,2026-08-12T18:23:00Z,BATCH-PAYT-6125
PO_B10_006126,BillDesk Settlement,JIOO-INV-105206 PO_B10_006126,176060,3009,0,0,173051,INR,2026-08-12T07:34:00Z,BATCH-JIOO-6126
PO_B10_006127,Razorpay Nodal,PHNP-INV-233922 PO_B10_006127,32353,719,0,0,31634,INR,2026-08-12T03:34:00Z,BATCH-PHNP-6127
PO_B10_006128,Stripe India,SWIG-INV-864407 PO_B10_006128,66970,1459,0,0,65511,INR,2026-08-12T05:31:00Z,BATCH-SWIG-6128
PO_B10_006129,BillDesk Settlement,PAYT-INV-430553 PO_B10_006129,421690,8568,0,0,413122,INR,2026-08-12T10:13:00Z,BATCH-PAYT-6129
PO_B10_006130,Stripe India,PAYT-INV-357390 PO_B10_006130,127980,3006,0,0,124974,INR,2026-08-12T13:01:00Z,BATCH-PAYT-6130
PO_B10_006131,Stripe India,SWIG-INV-136622 PO_B10_006131,82566,2061,0,0,80505,INR,2026-08-11T23:43:00Z,BATCH-SWIG-6131
PO_B10_006132,Cashfree Escrow,BLNK-INV-147674 PO_B10_006132,367795,7285,0,0,360510,INR,2026-08-12T23:56:00Z,BATCH-BLNK-6132
PO_B10_006133,Stripe India,TATA-INV-367097 PO_B10_006133,132513,3114,0,0,129399,INR,2026-08-12T12:23:00Z,BATCH-TATA-6133
PO_B10_006134,Razorpay Nodal,MMTR-INV-459972 PO_B10_006134,133862,2518,0,0,131344,INR,2026-08-11T17:03:00Z,BATCH-MMTR-6134
PO_B10_006135,Stripe India,NYKA-INV-397026 PO_B10_006135,81470,1549,0,0,79921,INR,2026-08-12T05:51:00Z,BATCH-NYKA-6135
PO_B10_006136,Razorpay Nodal,BKMS-ORD-596553 BKMS-ORD-653063 BKMS-ORD-696981 BATCH-BKMS-6136,356711,7134,0,0,349577,INR,2026-08-12T15:04:00Z,BATCH-BKMS-6136
PO_B10_006137,BillDesk Settlement,BBAS-INV-903586 PO_B10_006137,320069,7693,0,0,312376,INR,2026-08-12T01:25:00Z,BATCH-BBAS-6137
PO_B10_006138,BillDesk Settlement,ZOMA-INV-142295 PO_B10_006138,399912,7776,0,0,392136,INR,2026-08-11T19:24:00Z,BATCH-ZOMA-6138
PO_B10_006139,BillDesk Settlement,NYKA-ORD-290273 NYKA-ORD-860082 BATCH-NYKA-6139,106159,2123,0,0,104036,INR,2026-08-12T04:50:00Z,BATCH-NYKA-6139
PO_B10_006140,Stripe India,UBER-INV-625776 PO_B10_006140,163815,3982,0,0,159833,INR,2026-08-12T16:27:00Z,BATCH-UBER-6140
PO_B10_006141,BillDesk Settlement,PHNP-INV-467711 PO_B10_006141,272154,4492,0,0,267662,INR,2026-08-12T04:33:00Z,BATCH-PHNP-6141
PO_B10_006142,Cashfree Escrow,NYKA-INV-951668 PO_B10_006142,224350,5478,0,0,218872,INR,2026-08-12T13:32:00Z,BATCH-NYKA-6142
PO_B10_006143,Razorpay Nodal,FLPK-INV-344804 PO_B10_006143,291464,5051,0,0,286413,INR,2026-08-12T05:47:00Z,BATCH-FLPK-6143
PO_B10_006144,BillDesk Settlement,JIOO-INV-476008 PO_B10_006144,59644,912,0,0,58732,INR,2026-08-12T07:23:00Z,BATCH-JIOO-6144
PO_B10_006145,Stripe India,UBER-ORD-790811 UBER-ORD-109264 BATCH-UBER-6145,466835,9336,0,0,457499,INR,2026-08-12T16:43:00Z,BATCH-UBER-6145
PO_B10_006146,BillDesk Settlement,MMTR-INV-666181 PO_B10_006146,360285,8288,0,0,351997,INR,2026-08-12T11:00:00Z,BATCH-MMTR-6146
PO_B10_006147,Razorpay Nodal,NYKA-ORD-760306 NYKA-ORD-683444 NYKA-ORD-749003 BATCH-NYKA-6147,351694,7033,0,0,344661,INR,2026-08-12T03:00:00Z,BATCH-NYKA-6147
PO_B10_006148,Cashfree Escrow,FLPK-ORD-798505 FLPK-ORD-761155 BATCH-FLPK-6148,327584,6551,0,0,321033,INR,2026-08-12T02:53:00Z,BATCH-FLPK-6148
PO_B10_006149,Razorpay Nodal,TATA-INV-359799 PO_B10_006149,212842,5163,0,0,207679,INR,2026-08-12T14:30:00Z,BATCH-TATA-6149
PO_B10_006150,Cashfree Escrow,BLNK-INV-758641 PO_B10_006150,176592,3965,0,0,172627,INR,2026-08-12T11:21:00Z,BATCH-BLNK-6150
PO_B10_006151,PayU Enterprise,BKMS-ORD-161894 BKMS-ORD-977005 BKMS-ORD-660128 BATCH-BKMS-6151,368857,7377,0,0,361480,INR,2026-08-12T08:50:00Z,BATCH-BKMS-6151
PO_B10_006152,Stripe India,UBER-INV-796283 PO_B10_006152,57236,1029,0,0,56207,INR,2026-08-12T10:08:00Z,BATCH-UBER-6152
PO_B10_006153,Razorpay Nodal,JIOO-INV-408386 PO_B10_006153,393614,7622,0,0,385992,INR,2026-08-12T02:27:00Z,BATCH-JIOO-6153
PO_B10_006154,Stripe India,SWIG-INV-267791 PO_B10_006154,99024,1766,0,0,97258,INR,2026-08-12T13:41:00Z,BATCH-SWIG-6154
PO_B10_006155,Razorpay Nodal,MYNT-INV-539306 PO_B10_006155,283692,5421,0,0,278271,INR,2026-08-12T07:13:00Z,BATCH-MYNT-6155
PO_B10_006156,Razorpay Nodal,ZOMA-INV-302154 PO_B10_006156,430366,10433,0,0,419933,INR,2026-08-11T23:17:00Z,BATCH-ZOMA-6156
PO_B10_006157,PayU Enterprise,NYKA-INV-661434 PO_B10_006157,420151,6544,0,0,413607,INR,2026-08-11T17:31:00Z,BATCH-NYKA-6157
PO_B10_006158,PayU Enterprise,JIOO-INV-338062 PO_B10_006158,31748,699,0,0,31049,INR,2026-08-11T17:07:00Z,BATCH-JIOO-6158
PO_B10_006159,Cashfree Escrow,OLAA-ORD-212955 OLAA-ORD-685495 BATCH-OLAA-6159,237656,4753,0,0,232903,INR,2026-08-12T20:49:00Z,BATCH-OLAA-6159
PO_B10_006160,BillDesk Settlement,MYNT-ORD-170013 MYNT-ORD-907512 BATCH-MYNT-6160,355885,7117,0,0,348768,INR,2026-08-11T23:17:00Z,BATCH-MYNT-6160
PO_B10_006161,BillDesk Settlement,UBER-ORD-117011 UBER-ORD-681557 BATCH-UBER-6161,236681,4733,0,0,231948,INR,2026-08-12T19:13:00Z,BATCH-UBER-6161
PO_B10_006162,PayU Enterprise,NYKA-ORD-174638 NYKA-ORD-586737 BATCH-NYKA-6162,170526,3410,0,0,167116,INR,2026-08-12T12:59:00Z,BATCH-NYKA-6162
PO_B10_006163,PayU Enterprise,PHNP-INV-401911 PO_B10_006163,116151,2642,0,0,113509,INR,2026-08-13T01:02:00Z,BATCH-PHNP-6163
PO_B10_006164,Cashfree Escrow,JIOO-INV-187272 PO_B10_006164,244401,4997,0,0,239404,INR,2026-08-12T04:38:00Z,BATCH-JIOO-6164
PO_B10_006165,Stripe India,MYNT-INV-471576 PO_B10_006165,384085,7822,0,0,376263,INR,2026-08-12T02:07:00Z,BATCH-MYNT-6165
PO_B10_006166,Cashfree Escrow,BBAS-ORD-952393 BBAS-ORD-997794 BATCH-BBAS-6166,255429,5108,0,0,250321,INR,2026-08-12T19:32:00Z,BATCH-BBAS-6166
PO_B10_006167,BillDesk Settlement,MMTR-INV-567431 PO_B10_006167,412356,9693,0,0,402663,INR,2026-08-12T08:35:00Z,BATCH-MMTR-6167
PO_B10_006168,BillDesk Settlement,BKMS-INV-171735 PO_B10_006168,305289,6620,0,0,298669,INR,2026-08-12T19:08:00Z,BATCH-BKMS-6168
PO_B10_006169,PayU Enterprise,NYKA-INV-912164 PO_B10_006169,277389,4666,0,0,272723,INR,2026-08-12T03:14:00Z,BATCH-NYKA-6169
PO_B10_006170,Cashfree Escrow,PHNP-ORD-343804 PHNP-ORD-477629 BATCH-PHNP-6170,325780,6515,0,0,319265,INR,2026-08-12T00:51:00Z,BATCH-PHNP-6170
PO_B10_006171,Razorpay Nodal,MYNT-INV-796878 PO_B10_006171,447448,6956,0,0,440492,INR,2026-08-11T23:04:00Z,BATCH-MYNT-6171
PO_B10_006172,BillDesk Settlement,MYNT-INV-835631 PO_B10_006172,395685,9623,0,0,386062,INR,2026-08-12T17:34:00Z,BATCH-MYNT-6172
PO_B10_006173,Cashfree Escrow,BKMS-INV-379743 PO_B10_006173,314057,5114,0,0,308943,INR,2026-08-12T17:28:00Z,BATCH-BKMS-6173
PO_B10_006174,Razorpay Nodal,FLPK-ORD-748988 FLPK-ORD-534067 BATCH-FLPK-6174,94092,1881,0,0,92211,INR,2026-08-12T20:52:00Z,BATCH-FLPK-6174
PO_B10_006175,Cashfree Escrow,MYNT-ORD-467659 MYNT-ORD-462326 BATCH-MYNT-6175,369658,7393,0,0,362265,INR,2026-08-12T00:59:00Z,BATCH-MYNT-6175
PO_B10_006176,Stripe India,BLNK-EXC-557734-UNRESOLVED,295150,5893,0,0,289257,INR,2026-08-12T22:43:00Z,HOLD-ESCROW
PO_B10_006177,PayU Enterprise,OLAA-INV-415899 PO_B10_006177,33081,643,0,0,32438,INR,2026-08-12T18:58:00Z,BATCH-OLAA-6177
PO_B10_006178,BillDesk Settlement,SWIG-EXC-884210-UNRESOLVED,143249,2854,0,0,140395,INR,2026-08-12T16:39:00Z,HOLD-ESCROW
PO_B10_006179,Cashfree Escrow,BLNK-INV-761654 PO_B10_006179,377500,9404,0,0,368096,INR,2026-08-12T17:57:00Z,BATCH-BLNK-6179
PO_B10_006180,Razorpay Nodal,TATA-INV-270518 PO_B10_006180,189190,4347,0,0,184843,INR,2026-08-12T14:04:00Z,BATCH-TATA-6180
PO_B10_006181,Cashfree Escrow,MYNT-ORD-148016 MYNT-ORD-701987 BATCH-MYNT-6181,456160,9123,0,0,447037,INR,2026-08-12T04:30:00Z,BATCH-MYNT-6181
PO_B10_006182,BillDesk Settlement,UBER-INV-251745 PO_B10_006182,261275,5311,0,0,255964,INR,2026-08-12T05:23:00Z,BATCH-UBER-6182
PO_B10_006183,Razorpay Nodal,SWIG-INV-365972 PO_B10_006183,234995,5596,0,0,229399,INR,2026-08-12T12:18:00Z,BATCH-SWIG-6183
PO_B10_006184,Stripe India,BKMS-INV-406837 PO_B10_006184,408063,6188,0,0,401875,INR,2026-08-13T00:20:00Z,BATCH-BKMS-6184
PO_B10_006185,Stripe India,TATA-ORD-889284 TATA-ORD-324413 TATA-ORD-644035 BATCH-TATA-6185,317005,6340,0,0,310665,INR,2026-08-11T21:06:00Z,BATCH-TATA-6185
PO_B10_006186,PayU Enterprise,ZOMA-INV-873838 PO_B10_006186,284243,6148,0,0,278095,INR,2026-08-11T19:26:00Z,BATCH-ZOMA-6186
PO_B10_006187,Razorpay Nodal,PAYT-INV-119184 PO_B10_006187,202119,3602,0,0,198517,INR,2026-08-12T06:25:00Z,BATCH-PAYT-6187
PO_B10_006188,BillDesk Settlement,SWIG-INV-940096 PO_B10_006188,404592,6825,0,0,397767,INR,2026-08-11T16:36:00Z,BATCH-SWIG-6188
PO_B10_006189,Cashfree Escrow,PAYT-INV-559161 PO_B10_006189,309256,5088,0,0,304168,INR,2026-08-12T10:14:00Z,BATCH-PAYT-6189
PO_B10_006190,Stripe India,BKMS-ORD-690956 BKMS-ORD-484412 BKMS-ORD-108143 BATCH-BKMS-6190,451892,9037,0,0,442855,INR,2026-08-12T03:53:00Z,BATCH-BKMS-6190
PO_B10_006191,Razorpay Nodal,MMTR-ORD-593941 MMTR-ORD-473685 BATCH-MMTR-6191,256909,5138,0,0,251771,INR,2026-08-12T08:52:00Z,BATCH-MMTR-6191
PO_B10_006192,BillDesk Settlement,MYNT-EXC-951529-UNRESOLVED,120031,2390,0,0,117641,INR,2026-08-13T02:56:00Z,HOLD-ESCROW
PO_B10_006193,Stripe India,BKMS-ORD-345759 BKMS-ORD-106604 BATCH-BKMS-6193,220322,4406,0,0,215916,INR,2026-08-11T23:27:00Z,BATCH-BKMS-6193
PO_B10_006194,Stripe India,OLAA-INV-844727 PO_B10_006194,160768,2510,0,0,158258,INR,2026-08-12T02:07:00Z,BATCH-OLAA-6194
PO_B10_006195,PayU Enterprise,ZOMA-INV-413353 PO_B10_006195,219769,3334,0,0,216435,INR,2026-08-12T07:59:00Z,BATCH-ZOMA-6195
PO_B10_006196,Stripe India,MMTR-ORD-633659 MMTR-ORD-483406 MMTR-ORD-336091 BATCH-MMTR-6196,436830,8736,0,0,428094,INR,2026-08-12T00:14:00Z,BATCH-MMTR-6196
PO_B10_006197,Razorpay Nodal,ZOMA-INV-861695 PO_B10_006197,202188,3673,0,0,198515,INR,2026-08-12T12:41:00Z,BATCH-ZOMA-6197
PO_B10_006198,BillDesk Settlement,MYNT-INV-275356 PO_B10_006198,36525,681,0,0,35844,INR,2026-08-12T02:42:00Z,BATCH-MYNT-6198
PO_B10_006199,Cashfree Escrow,BLNK-INV-377666 PO_B10_006199,379594,6042,0,0,373552,INR,2026-08-12T12:29:00Z,BATCH-BLNK-6199
PO_B10_006200,Stripe India,BKMS-INV-603930 PO_B10_006200,418030,7418,0,0,410612,INR,2026-08-12T19:26:00Z,BATCH-BKMS-6200
PO_B10_006201,Cashfree Escrow,BKMS-INV-721848 PO_B10_006201,33563,631,0,0,32932,INR,2026-08-12T02:16:00Z,BATCH-BKMS-6201
PO_B10_006202,Stripe India,FLPK-INV-562505 PO_B10_006202,249644,4371,0,0,245273,INR,2026-08-12T14:36:00Z,BATCH-FLPK-6202
PO_B10_006203,BillDesk Settlement,UBER-INV-619370 PO_B10_006203,426290,7948,0,0,418342,INR,2026-08-12T02:11:00Z,BATCH-UBER-6203
PO_B10_006204,BillDesk Settlement,PHNP-INV-752918 PO_B10_006204,93469,1755,0,0,91714,INR,2026-08-12T08:14:00Z,BATCH-PHNP-6204
PO_B10_006205,Cashfree Escrow,MMTR-INV-776283 PO_B10_006205,215713,3552,0,0,212161,INR,2026-08-13T01:57:00Z,BATCH-MMTR-6205
PO_B10_006206,PayU Enterprise,PAYT-ORD-688219 PAYT-ORD-430564 PAYT-ORD-185786 BATCH-PAYT-6206,302976,6059,0,0,296917,INR,2026-08-12T15:22:00Z,BATCH-PAYT-6206
PO_B10_006207,Razorpay Nodal,UBER-INV-497373 PO_B10_006207,178363,4306,0,0,174057,INR,2026-08-12T01:53:00Z,BATCH-UBER-6207
PO_B10_006208,PayU Enterprise,PHNP-ORD-607088 PHNP-ORD-941147 BATCH-PHNP-6208,87733,1754,0,0,85979,INR,2026-08-12T01:38:00Z,BATCH-PHNP-6208
PO_B10_006209,PayU Enterprise,SWIG-INV-743955 PO_B10_006209,58607,1359,0,0,57248,INR,2026-08-12T08:40:00Z,BATCH-SWIG-6209
PO_B10_006210,Stripe India,MYNT-INV-162295 PO_B10_006210,120982,2329,0,0,118653,INR,2026-08-12T10:14:00Z,BATCH-MYNT-6210
PO_B10_006211,BillDesk Settlement,BLNK-INV-536304 PO_B10_006211,395495,9077,0,0,386418,INR,2026-08-12T09:30:00Z,BATCH-BLNK-6211
PO_B10_006212,PayU Enterprise,BBAS-ORD-969812 BBAS-ORD-371804 BBAS-ORD-485009 BATCH-BBAS-6212,412638,8252,0,0,404386,INR,2026-08-11T21:46:00Z,BATCH-BBAS-6212
PO_B10_006213,Stripe India,TATA-EXC-403350-UNRESOLVED,89861,1787,0,0,88074,INR,2026-08-12T15:26:00Z,HOLD-ESCROW
PO_B10_006214,Stripe India,NYKA-INV-392855 PO_B10_006214,248201,4265,0,0,243936,INR,2026-08-12T17:08:00Z,BATCH-NYKA-6214
PO_B10_006215,Razorpay Nodal,FLPK-INV-951773 PO_B10_006215,225618,4886,0,0,220732,INR,2026-08-12T08:59:00Z,BATCH-FLPK-6215
PO_B10_006216,BillDesk Settlement,AMZN-ORD-324653 AMZN-ORD-365455 BATCH-AMZN-6216,249596,4991,0,0,244605,INR,2026-08-11T21:55:00Z,BATCH-AMZN-6216
PO_B10_006217,Stripe India,PAYT-ORD-733034 PAYT-ORD-898957 BATCH-PAYT-6217,336309,6726,0,0,329583,INR,2026-08-12T10:41:00Z,BATCH-PAYT-6217
PO_B10_006218,BillDesk Settlement,MYNT-INV-799190 PO_B10_006218,295337,7009,0,0,288328,INR,2026-08-12T18:53:00Z,BATCH-MYNT-6218
PO_B10_006219,BillDesk Settlement,BBAS-INV-926859 PO_B10_006219,404472,9913,0,0,394559,INR,2026-08-12T02:07:00Z,BATCH-BBAS-6219
PO_B10_006220,Razorpay Nodal,TATA-ORD-616101 TATA-ORD-270909 TATA-ORD-690553 BATCH-TATA-6220,349812,6996,0,0,342816,INR,2026-08-12T08:24:00Z,BATCH-TATA-6220
PO_B10_006221,PayU Enterprise,SWIG-INV-667204 PO_B10_006221,178190,3009,0,0,175181,INR,2026-08-12T07:36:00Z,BATCH-SWIG-6221
PO_B10_006222,BillDesk Settlement,ZOMA-INV-324664 PO_B10_006222,204349,3640,0,0,200709,INR,2026-08-12T16:23:00Z,BATCH-ZOMA-6222
PO_B10_006223,Stripe India,JIOO-ORD-759686 JIOO-ORD-683390 JIOO-ORD-220149 BATCH-JIOO-6223,348390,6967,0,0,341423,INR,2026-08-12T13:51:00Z,BATCH-JIOO-6223
PO_B10_006224,Stripe India,PAYT-INV-932537 PO_B10_006224,174188,4025,0,0,170163,INR,2026-08-12T11:59:00Z,BATCH-PAYT-6224
PO_B10_006225,Razorpay Nodal,MYNT-INV-954981 PO_B10_006225,147314,2453,0,0,144861,INR,2026-08-12T19:14:00Z,BATCH-MYNT-6225
PO_B10_006226,Razorpay Nodal,BKMS-ORD-401764 BKMS-ORD-391456 BATCH-BKMS-6226,166401,3328,0,0,163073,INR,2026-08-12T03:54:00Z,BATCH-BKMS-6226
PO_B10_006227,Stripe India,NYKA-INV-636847 PO_B10_006227,124222,2283,0,0,121939,INR,2026-08-12T11:36:00Z,BATCH-NYKA-6227
PO_B10_006228,BillDesk Settlement,BLNK-INV-740229 PO_B10_006228,250438,5298,0,0,245140,INR,2026-08-11T23:54:00Z,BATCH-BLNK-6228
PO_B10_006229,Cashfree Escrow,BBAS-ORD-407720 BBAS-ORD-426362 BBAS-ORD-734553 BATCH-BBAS-6229,436276,8725,0,0,427551,INR,2026-08-12T13:59:00Z,BATCH-BBAS-6229
PO_B10_006230,Cashfree Escrow,PAYT-ORD-815296 PAYT-ORD-867410 BATCH-PAYT-6230,158973,3179,0,0,155794,INR,2026-08-11T23:59:00Z,BATCH-PAYT-6230
PO_B10_006231,PayU Enterprise,MYNT-INV-560277 PO_B10_006231,105759,2061,0,0,103698,INR,2026-08-12T13:57:00Z,BATCH-MYNT-6231
PO_B10_006232,Razorpay Nodal,JIOO-ORD-545395 JIOO-ORD-379078 BATCH-JIOO-6232,328991,6579,0,0,322412,INR,2026-08-12T09:08:00Z,BATCH-JIOO-6232
PO_B10_006233,Razorpay Nodal,SWIG-ORD-969860 SWIG-ORD-597119 SWIG-ORD-797249 BATCH-SWIG-6233,575906,11518,0,0,564388,INR,2026-08-12T19:37:00Z,BATCH-SWIG-6233
PO_B10_006234,BillDesk Settlement,FLPK-INV-118672 PO_B10_006234,166134,3730,0,0,162404,INR,2026-08-12T03:18:00Z,BATCH-FLPK-6234
PO_B10_006235,PayU Enterprise,BKMS-INV-922738 PO_B10_006235,101788,2501,0,0,99287,INR,2026-08-12T10:31:00Z,BATCH-BKMS-6235
PO_B10_006236,Stripe India,MYNT-INV-895230 PO_B10_006236,324561,6566,0,0,317995,INR,2026-08-12T05:54:00Z,BATCH-MYNT-6236
PO_B10_006237,Cashfree Escrow,JIOO-INV-601362 PO_B10_006237,255055,5850,0,0,249205,INR,2026-08-12T02:01:00Z,BATCH-JIOO-6237
PO_B10_006238,BillDesk Settlement,BBAS-INV-659125 PO_B10_006238,87738,1511,0,0,86227,INR,2026-08-12T16:13:00Z,BATCH-BBAS-6238
PO_B10_006239,Stripe India,BKMS-ORD-978365 BKMS-ORD-159027 BATCH-BKMS-6239,403665,8073,0,0,395592,INR,2026-08-11T23:33:00Z,BATCH-BKMS-6239
PO_B10_006240,PayU Enterprise,ZOMA-INV-128337 PO_B10_006240,134633,2720,0,0,131913,INR,2026-08-12T22:29:00Z,BATCH-ZOMA-6240
PO_B10_006241,Cashfree Escrow,BLNK-ORD-833424 BLNK-ORD-575721 BLNK-ORD-466968 BATCH-BLNK-6241,256209,5124,0,0,251085,INR,2026-08-12T04:21:00Z,BATCH-BLNK-6241
PO_B10_006242,PayU Enterprise,PAYT-ORD-955033 PAYT-ORD-544703 PAYT-ORD-343259 BATCH-PAYT-6242,368028,7360,0,0,360668,INR,2026-08-12T17:40:00Z,BATCH-PAYT-6242
PO_B10_006243,PayU Enterprise,MYNT-ORD-761196 MYNT-ORD-377050 BATCH-MYNT-6243,254278,5085,0,0,249193,INR,2026-08-12T13:52:00Z,BATCH-MYNT-6243
PO_B10_006244,Stripe India,NYKA-INV-729255 PO_B10_006244,419819,6395,0,0,413424,INR,2026-08-12T02:30:00Z,BATCH-NYKA-6244
PO_B10_006245,Razorpay Nodal,UBER-INV-312212 PO_B10_006245,367337,6648,0,0,360689,INR,2026-08-12T07:10:00Z,BATCH-UBER-6245
PO_B10_006246,Cashfree Escrow,OLAA-INV-521295 PO_B10_006246,278741,4391,0,0,274350,INR,2026-08-11T17:10:00Z,BATCH-OLAA-6246
PO_B10_006247,BillDesk Settlement,NYKA-INV-581575 PO_B10_006247,152160,2567,0,0,149593,INR,2026-08-12T09:33:00Z,BATCH-NYKA-6247
PO_B10_006248,Stripe India,OLAA-INV-880260 PO_B10_006248,84873,2111,0,0,82762,INR,2026-08-12T10:58:00Z,BATCH-OLAA-6248
PO_B10_006249,Razorpay Nodal,SWIG-INV-473035 PO_B10_006249,444801,9533,0,0,435268,INR,2026-08-12T19:20:00Z,BATCH-SWIG-6249
PO_B10_006250,PayU Enterprise,PHNP-INV-255535 PO_B10_006250,54119,1005,0,0,53114,INR,2026-08-11T22:08:00Z,BATCH-PHNP-6250
PO_B10_006251,Cashfree Escrow,AMZN-ORD-535342 AMZN-ORD-188359 AMZN-ORD-438593 BATCH-AMZN-6251,328480,6569,0,0,321911,INR,2026-08-12T02:37:00Z,BATCH-AMZN-6251
PO_B10_006252,Cashfree Escrow,PAYT-ORD-448465 PAYT-ORD-253015 BATCH-PAYT-6252,107491,2149,0,0,105342,INR,2026-08-12T12:55:00Z,BATCH-PAYT-6252
PO_B10_006253,BillDesk Settlement,UBER-INV-360527 PO_B10_006253,51673,777,0,0,50896,INR,2026-08-12T10:52:00Z,BATCH-UBER-6253
PO_B10_006254,Stripe India,TATA-INV-456343 PO_B10_006254,199592,4346,0,0,195246,INR,2026-08-12T06:44:00Z,BATCH-TATA-6254
PO_B10_006255,BillDesk Settlement,JIOO-EXC-832393-UNRESOLVED,96366,1917,0,0,94449,INR,2026-08-13T08:57:00Z,HOLD-ESCROW
PO_B10_006256,Stripe India,ZOMA-INV-276291 PO_B10_006256,366583,7767,0,0,358816,INR,2026-08-11T21:42:00Z,BATCH-ZOMA-6256
PO_B10_006257,PayU Enterprise,NYKA-INV-828528 PO_B10_006257,351790,7822,0,0,343968,INR,2026-08-12T05:04:00Z,BATCH-NYKA-6257
PO_B10_006258,Stripe India,NYKA-INV-716927 PO_B10_006258,133036,2001,0,0,131035,INR,2026-08-12T07:07:00Z,BATCH-NYKA-6258
PO_B10_006259,Razorpay Nodal,ZOMA-INV-947989 PO_B10_006259,54329,1282,0,0,53047,INR,2026-08-12T20:59:00Z,BATCH-ZOMA-6259
PO_B10_006260,PayU Enterprise,MMTR-INV-178490 PO_B10_006260,283813,4926,0,0,278887,INR,2026-08-12T08:19:00Z,BATCH-MMTR-6260
PO_B10_006261,Razorpay Nodal,ZOMA-INV-713863 PO_B10_006261,345779,5254,0,0,340525,INR,2026-08-12T01:46:00Z,BATCH-ZOMA-6261
PO_B10_006262,Razorpay Nodal,MYNT-INV-194846 PO_B10_006262,388982,9077,0,0,379905,INR,2026-08-12T05:35:00Z,BATCH-MYNT-6262
PO_B10_006263,PayU Enterprise,NYKA-EXC-522527-UNRESOLVED,166750,3325,0,0,163425,INR,2026-08-13T06:21:00Z,HOLD-ESCROW
PO_B10_006264,Razorpay Nodal,TATA-INV-152253 PO_B10_006264,61848,1187,0,0,60661,INR,2026-08-11T15:36:00Z,BATCH-TATA-6264
PO_B10_006265,PayU Enterprise,UBER-ORD-520152 UBER-ORD-742062 UBER-ORD-141172 BATCH-UBER-6265,277535,5550,0,0,271985,INR,2026-08-12T12:09:00Z,BATCH-UBER-6265
PO_B10_006266,BillDesk Settlement,BKMS-ORD-844016 BKMS-ORD-640776 BATCH-BKMS-6266,207544,4150,0,0,203394,INR,2026-08-12T03:57:00Z,BATCH-BKMS-6266
PO_B10_006267,BillDesk Settlement,NYKA-INV-621054 PO_B10_006267,196005,3673,0,0,192332,INR,2026-08-11T22:40:00Z,BATCH-NYKA-6267
PO_B10_006268,Stripe India,BKMS-ORD-999663 BKMS-ORD-712666 BATCH-BKMS-6268,313244,6264,0,0,306980,INR,2026-08-12T07:27:00Z,BATCH-BKMS-6268
PO_B10_006269,PayU Enterprise,TATA-ORD-925365 TATA-ORD-112272 TATA-ORD-945692 BATCH-TATA-6269,490756,9815,0,0,480941,INR,2026-08-12T02:00:00Z,BATCH-TATA-6269
PO_B10_006270,Razorpay Nodal,AMZN-ORD-786816 AMZN-ORD-119022 AMZN-ORD-178926 BATCH-AMZN-6270,350313,7006,0,0,343307,INR,2026-08-12T02:27:00Z,BATCH-AMZN-6270
PO_B10_006271,PayU Enterprise,MYNT-INV-529786 PO_B10_006271,368670,7234,0,0,361436,INR,2026-08-12T00:01:00Z,BATCH-MYNT-6271
PO_B10_006272,Stripe India,PAYT-INV-341330 PO_B10_006272,244357,5705,0,0,238652,INR,2026-08-12T23:40:00Z,BATCH-PAYT-6272
PO_B10_006273,Cashfree Escrow,OLAA-INV-281203 PO_B10_006273,406783,6432,0,0,400351,INR,2026-08-12T23:47:00Z,BATCH-OLAA-6273
PO_B10_006274,Razorpay Nodal,JIOO-INV-374403 PO_B10_006274,116823,2575,0,0,114248,INR,2026-08-12T03:23:00Z,BATCH-JIOO-6274
PO_B10_006275,Razorpay Nodal,JIOO-INV-418152 PO_B10_006275,277618,5801,0,0,271817,INR,2026-08-12T09:03:00Z,BATCH-JIOO-6275
PO_B10_006276,Cashfree Escrow,NYKA-INV-779193 PO_B10_006276,257470,5264,0,0,252206,INR,2026-08-12T06:53:00Z,BATCH-NYKA-6276
PO_B10_006277,Cashfree Escrow,ZOMA-INV-797633 PO_B10_006277,211898,5189,0,0,206709,INR,2026-08-11T21:13:00Z,BATCH-ZOMA-6277
PO_B10_006278,PayU Enterprise,OLAA-INV-542020 PO_B10_006278,153958,2610,0,0,151348,INR,2026-08-11T16:17:00Z,BATCH-OLAA-6278
PO_B10_006279,Cashfree Escrow,BKMS-INV-241111 PO_B10_006279,378529,8532,0,0,369997,INR,2026-08-12T06:24:00Z,BATCH-BKMS-6279
PO_B10_006280,Stripe India,BKMS-INV-834102 PO_B10_006280,125484,2926,0,0,122558,INR,2026-08-12T10:54:00Z,BATCH-BKMS-6280
PO_B10_006281,BillDesk Settlement,NYKA-ORD-536591 NYKA-ORD-191750 BATCH-NYKA-6281,291739,5834,0,0,285905,INR,2026-08-12T01:16:00Z,BATCH-NYKA-6281
PO_B10_006282,BillDesk Settlement,BBAS-ORD-600355 BBAS-ORD-283684 BBAS-ORD-936416 BATCH-BBAS-6282,461882,9237,0,0,452645,INR,2026-08-12T17:02:00Z,BATCH-BBAS-6282
PO_B10_006283,Razorpay Nodal,BKMS-INV-163220 PO_B10_006283,373632,7476,0,0,366156,INR,2026-08-11T23:19:00Z,BATCH-BKMS-6283
PO_B10_006284,BillDesk Settlement,ZOMA-INV-202153 PO_B10_006284,248131,4099,0,0,244032,INR,2026-08-11T18:52:00Z,BATCH-ZOMA-6284
PO_B10_006285,BillDesk Settlement,NYKA-INV-182111 PO_B10_006285,335724,5041,0,0,330683,INR,2026-08-12T13:59:00Z,BATCH-NYKA-6285
PO_B10_006286,Cashfree Escrow,MYNT-ORD-713290 MYNT-ORD-135859 BATCH-MYNT-6286,335843,6716,0,0,329127,INR,2026-08-12T08:53:00Z,BATCH-MYNT-6286
PO_B10_006287,BillDesk Settlement,ZOMA-INV-492861 PO_B10_006287,82714,1250,0,0,81464,INR,2026-08-12T05:18:00Z,BATCH-ZOMA-6287
PO_B10_006288,BillDesk Settlement,BKMS-INV-185415 PO_B10_006288,28797,468,0,0,28329,INR,2026-08-12T09:14:00Z,BATCH-BKMS-6288
PO_B10_006289,Cashfree Escrow,MYNT-ORD-890952 MYNT-ORD-173494 BATCH-MYNT-6289,127131,2542,0,0,124589,INR,2026-08-12T17:20:00Z,BATCH-MYNT-6289
PO_B10_006290,Stripe India,BKMS-INV-703350 PO_B10_006290,57995,1388,0,0,56607,INR,2026-08-12T20:27:00Z,BATCH-BKMS-6290
PO_B10_006291,BillDesk Settlement,OLAA-INV-222564 PO_B10_006291,127694,1972,0,0,125722,INR,2026-08-12T18:22:00Z,BATCH-OLAA-6291
PO_B10_006292,Razorpay Nodal,SWIG-INV-718355 PO_B10_006292,352623,6966,0,0,345657,INR,2026-08-12T09:59:00Z,BATCH-SWIG-6292
PO_B10_006293,Stripe India,NYKA-INV-419472 PO_B10_006293,400561,6887,0,0,393674,INR,2026-08-12T07:43:00Z,BATCH-NYKA-6293
PO_B10_006294,Stripe India,UBER-ORD-127323 UBER-ORD-577930 UBER-ORD-379657 BATCH-UBER-6294,321687,6433,0,0,315254,INR,2026-08-12T09:24:00Z,BATCH-UBER-6294
PO_B10_006295,PayU Enterprise,SWIG-EXC-312858-UNRESOLVED,243053,4851,0,0,238202,INR,2026-08-13T00:47:00Z,HOLD-ESCROW
PO_B10_006296,Razorpay Nodal,ZOMA-INV-912669 PO_B10_006296,354949,8015,0,0,346934,INR,2026-08-12T13:09:00Z,BATCH-ZOMA-6296
PO_B10_006297,Razorpay Nodal,NYKA-INV-133681 PO_B10_006297,156984,2409,0,0,154575,INR,2026-08-12T01:46:00Z,BATCH-NYKA-6297
PO_B10_006298,PayU Enterprise,TATA-INV-303682 PO_B10_006298,99392,2284,0,0,97108,INR,2026-08-12T16:15:00Z,BATCH-TATA-6298
PO_B10_006299,Stripe India,JIOO-INV-879139 PO_B10_006299,415674,10213,0,0,405461,INR,2026-08-12T04:53:00Z,BATCH-JIOO-6299
PO_B10_006300,Stripe India,MMTR-EXC-749632-UNRESOLVED,122232,2434,0,0,119798,INR,2026-08-12T12:11:00Z,HOLD-ESCROW
PO_B10_006301,Razorpay Nodal,BKMS-INV-691910 PO_B10_006301,38220,733,0,0,37487,INR,2026-08-11T21:19:00Z,BATCH-BKMS-6301
PO_B10_006302,BillDesk Settlement,UBER-ORD-113429 UBER-ORD-359793 UBER-ORD-938143 BATCH-UBER-6302,262227,5244,0,0,256983,INR,2026-08-12T08:04:00Z,BATCH-UBER-6302
PO_B10_006303,Cashfree Escrow,BBAS-INV-626923 PO_B10_006303,165974,2935,0,0,163039,INR,2026-08-12T02:04:00Z,BATCH-BBAS-6303
PO_B10_006304,PayU Enterprise,NYKA-ORD-178220 NYKA-ORD-134860 BATCH-NYKA-6304,179431,3588,0,0,175843,INR,2026-08-12T10:50:00Z,BATCH-NYKA-6304
PO_B10_006305,Cashfree Escrow,BKMS-ORD-833712 BKMS-ORD-479631 BKMS-ORD-762428 BATCH-BKMS-6305,349258,6985,0,0,342273,INR,2026-08-12T15:06:00Z,BATCH-BKMS-6305
PO_B10_006306,PayU Enterprise,JIOO-EXC-423200-UNRESOLVED,215313,4296,0,0,211017,INR,2026-08-13T06:12:00Z,HOLD-ESCROW
PO_B10_006307,Razorpay Nodal,MYNT-INV-934861 PO_B10_006307,430282,10060,0,0,420222,INR,2026-08-11T18:26:00Z,BATCH-MYNT-6307
PO_B10_006308,PayU Enterprise,BLNK-ORD-565064 BLNK-ORD-167564 BATCH-BLNK-6308,169668,3393,0,0,166275,INR,2026-08-12T15:10:00Z,BATCH-BLNK-6308
PO_B10_006309,Stripe India,BKMS-ORD-752918 BKMS-ORD-677257 BKMS-ORD-131931 BATCH-BKMS-6309,529777,10595,0,0,519182,INR,2026-08-12T11:18:00Z,BATCH-BKMS-6309
PO_B10_006310,BillDesk Settlement,AMZN-INV-936161 PO_B10_006310,444264,9565,0,0,434699,INR,2026-08-12T10:22:00Z,BATCH-AMZN-6310
PO_B10_006311,BillDesk Settlement,PAYT-INV-713114 PO_B10_006311,169589,4130,0,0,165459,INR,2026-08-12T17:25:00Z,BATCH-PAYT-6311
PO_B10_006312,PayU Enterprise,UBER-INV-423125 PO_B10_006312,42939,823,0,0,42116,INR,2026-08-12T02:19:00Z,BATCH-UBER-6312
PO_B10_006313,Razorpay Nodal,PHNP-INV-944177 PO_B10_006313,116876,2490,0,0,114386,INR,2026-08-12T01:00:00Z,BATCH-PHNP-6313
PO_B10_006314,PayU Enterprise,JIOO-ORD-917634 JIOO-ORD-955515 BATCH-JIOO-6314,351822,7036,0,0,344786,INR,2026-08-12T14:16:00Z,BATCH-JIOO-6314
PO_B10_006315,BillDesk Settlement,OLAA-INV-819522 PO_B10_006315,349449,8504,0,0,340945,INR,2026-08-12T03:42:00Z,BATCH-OLAA-6315
PO_B10_006316,Razorpay Nodal,SWIG-INV-751963 PO_B10_006316,28796,452,0,0,28344,INR,2026-08-12T06:22:00Z,BATCH-SWIG-6316
PO_B10_006317,Razorpay Nodal,AMZN-INV-521191 PO_B10_006317,339486,5457,0,0,334029,INR,2026-08-12T05:31:00Z,BATCH-AMZN-6317
PO_B10_006318,Razorpay Nodal,TATA-ORD-119364 TATA-ORD-251796 BATCH-TATA-6318,277589,5551,0,0,272038,INR,2026-08-12T06:47:00Z,BATCH-TATA-6318
PO_B10_006319,Razorpay Nodal,JIOO-INV-195235 PO_B10_006319,389204,7171,0,0,382033,INR,2026-08-12T14:38:00Z,BATCH-JIOO-6319
PO_B10_006320,Razorpay Nodal,BBAS-INV-498501 PO_B10_006320,305608,5942,0,0,299666,INR,2026-08-12T13:26:00Z,BATCH-BBAS-6320
PO_B10_006321,Razorpay Nodal,JIOO-INV-492306 PO_B10_006321,79830,1593,0,0,78237,INR,2026-08-12T09:15:00Z,BATCH-JIOO-6321
PO_B10_006322,PayU Enterprise,UBER-INV-870377 PO_B10_006322,197685,4106,0,0,193579,INR,2026-08-12T00:40:00Z,BATCH-UBER-6322
PO_B10_006323,Stripe India,BLNK-INV-900080 PO_B10_006323,244178,4441,0,0,239737,INR,2026-08-12T18:23:00Z,BATCH-BLNK-6323
PO_B10_006324,Cashfree Escrow,JIOO-INV-160520 PO_B10_006324,154702,3510,0,0,151192,INR,2026-08-11T23:38:00Z,BATCH-JIOO-6324
PO_B10_006325,Razorpay Nodal,PHNP-ORD-119381 PHNP-ORD-771620 PHNP-ORD-141916 BATCH-PHNP-6325,478148,9562,0,0,468586,INR,2026-08-12T14:07:00Z,BATCH-PHNP-6325
PO_B10_006326,BillDesk Settlement,BKMS-ORD-674772 BKMS-ORD-911668 BKMS-ORD-378399 BATCH-BKMS-6326,592651,11853,0,0,580798,INR,2026-08-12T00:38:00Z,BATCH-BKMS-6326
PO_B10_006327,Stripe India,BKMS-INV-276556 PO_B10_006327,352787,8355,0,0,344432,INR,2026-08-12T08:57:00Z,BATCH-BKMS-6327
PO_B10_006328,Stripe India,OLAA-INV-921479 PO_B10_006328,238200,5097,0,0,233103,INR,2026-08-11T22:44:00Z,BATCH-OLAA-6328
PO_B10_006329,Stripe India,JIOO-INV-698808 PO_B10_006329,265170,6053,0,0,259117,INR,2026-08-11T22:59:00Z,BATCH-JIOO-6329
PO_B10_006330,Stripe India,AMZN-INV-619903 PO_B10_006330,43844,1045,0,0,42799,INR,2026-08-12T20:07:00Z,BATCH-AMZN-6330
PO_B10_006331,Cashfree Escrow,MMTR-INV-619010 PO_B10_006331,257708,4830,0,0,252878,INR,2026-08-11T15:59:00Z,BATCH-MMTR-6331
PO_B10_006332,BillDesk Settlement,BBAS-INV-883306 PO_B10_006332,317722,6133,0,0,311589,INR,2026-08-11T18:04:00Z,BATCH-BBAS-6332
PO_B10_006333,Cashfree Escrow,BLNK-INV-678067 PO_B10_006333,389194,9225,0,0,379969,INR,2026-08-12T11:24:00Z,BATCH-BLNK-6333
PO_B10_006334,PayU Enterprise,JIOO-INV-753721 PO_B10_006334,201570,3984,0,0,197586,INR,2026-08-11T23:37:00Z,BATCH-JIOO-6334
PO_B10_006335,BillDesk Settlement,PHNP-EXC-207659-UNRESOLVED,125681,2503,0,0,123178,INR,2026-08-13T08:22:00Z,HOLD-ESCROW
PO_B10_006336,Razorpay Nodal,JIOO-INV-660315 PO_B10_006336,341629,8201,0,0,333428,INR,2026-08-11T20:25:00Z,BATCH-JIOO-6336
PO_B10_006337,Stripe India,ZOMA-INV-245970 PO_B10_006337,36976,819,0,0,36157,INR,2026-08-12T20:07:00Z,BATCH-ZOMA-6337
PO_B10_006338,PayU Enterprise,BBAS-INV-697383 PO_B10_006338,205476,4979,0,0,200497,INR,2026-08-11T20:51:00Z,BATCH-BBAS-6338
PO_B10_006339,Cashfree Escrow,TATA-ORD-632240 TATA-ORD-303450 TATA-ORD-724181 BATCH-TATA-6339,410118,8202,0,0,401916,INR,2026-08-12T13:13:00Z,BATCH-TATA-6339
PO_B10_006340,Razorpay Nodal,OLAA-ORD-894094 OLAA-ORD-164785 OLAA-ORD-188145 BATCH-OLAA-6340,464512,9290,0,0,455222,INR,2026-08-12T16:24:00Z,BATCH-OLAA-6340
PO_B10_006341,BillDesk Settlement,ZOMA-ORD-349115 ZOMA-ORD-669901 BATCH-ZOMA-6341,297572,5951,0,0,291621,INR,2026-08-12T10:43:00Z,BATCH-ZOMA-6341
PO_B10_006342,Cashfree Escrow,MMTR-INV-778654 PO_B10_006342,399698,9710,0,0,389988,INR,2026-08-12T00:50:00Z,BATCH-MMTR-6342
PO_B10_006343,Stripe India,PAYT-ORD-266158 PAYT-ORD-281544 BATCH-PAYT-6343,256055,5121,0,0,250934,INR,2026-08-12T01:23:00Z,BATCH-PAYT-6343
PO_B10_006344,Stripe India,BLNK-EXC-288972-UNRESOLVED,110115,2192,0,0,107923,INR,2026-08-12T12:59:00Z,HOLD-ESCROW
PO_B10_006345,PayU Enterprise,UBER-ORD-714352 UBER-ORD-787253 BATCH-UBER-6345,459539,9190,0,0,450349,INR,2026-08-12T09:36:00Z,BATCH-UBER-6345
PO_B10_006346,Razorpay Nodal,PHNP-INV-693848 PO_B10_006346,148142,3597,0,0,144545,INR,2026-08-12T02:47:00Z,BATCH-PHNP-6346
PO_B10_006347,PayU Enterprise,PHNP-ORD-712650 PHNP-ORD-289463 PHNP-ORD-231969 BATCH-PHNP-6347,262093,5241,0,0,256852,INR,2026-08-11T23:29:00Z,BATCH-PHNP-6347
PO_B10_006348,BillDesk Settlement,BKMS-INV-215835 PO_B10_006348,411635,8927,0,0,402708,INR,2026-08-12T16:17:00Z,BATCH-BKMS-6348
PO_B10_006349,Stripe India,ZOMA-INV-136860 PO_B10_006349,404829,6875,0,0,397954,INR,2026-08-12T02:29:00Z,BATCH-ZOMA-6349
PO_B10_006350,Cashfree Escrow,PHNP-INV-261449 PO_B10_006350,123217,2050,0,0,121167,INR,2026-08-11T20:55:00Z,BATCH-PHNP-6350
PO_B10_006351,Razorpay Nodal,MYNT-ORD-281714 MYNT-ORD-938459 MYNT-ORD-887356 BATCH-MYNT-6351,467367,9347,0,0,458020,INR,2026-08-12T14:30:00Z,BATCH-MYNT-6351
PO_B10_006352,PayU Enterprise,UBER-ORD-944019 UBER-ORD-209405 UBER-ORD-582603 BATCH-UBER-6352,374691,7493,0,0,367198,INR,2026-08-12T10:10:00Z,BATCH-UBER-6352
PO_B10_006353,Razorpay Nodal,FLPK-ORD-364905 FLPK-ORD-436701 BATCH-FLPK-6353,252173,5043,0,0,247130,INR,2026-08-11T21:48:00Z,BATCH-FLPK-6353
PO_B10_006354,Cashfree Escrow,JIOO-INV-214418 PO_B10_006354,181444,3906,0,0,177538,INR,2026-08-12T20:10:00Z,BATCH-JIOO-6354
PO_B10_006355,BillDesk Settlement,BKMS-INV-388497 PO_B10_006355,422359,10554,0,0,411805,INR,2026-08-11T14:44:00Z,BATCH-BKMS-6355
PO_B10_006356,Cashfree Escrow,TATA-EXC-908090-UNRESOLVED,67675,1343,0,0,66332,INR,2026-08-12T14:22:00Z,HOLD-ESCROW
PO_B10_006357,PayU Enterprise,OLAA-INV-944655 PO_B10_006357,359238,5984,0,0,353254,INR,2026-08-12T13:04:00Z,BATCH-OLAA-6357
PO_B10_006358,PayU Enterprise,JIOO-INV-512925 PO_B10_006358,292476,4601,0,0,287875,INR,2026-08-12T10:48:00Z,BATCH-JIOO-6358
PO_B10_006359,Razorpay Nodal,FLPK-INV-104417 PO_B10_006359,55718,1326,0,0,54392,INR,2026-08-12T09:24:00Z,BATCH-FLPK-6359
PO_B10_006360,BillDesk Settlement,NYKA-INV-371708 PO_B10_006360,77848,1602,0,0,76246,INR,2026-08-11T13:45:00Z,BATCH-NYKA-6360
PO_B10_006361,Razorpay Nodal,MYNT-INV-586816 PO_B10_006361,337654,8147,0,0,329507,INR,2026-08-12T11:56:00Z,BATCH-MYNT-6361
PO_B10_006362,BillDesk Settlement,AMZN-INV-262364 PO_B10_006362,207083,4866,0,0,202217,INR,2026-08-12T02:26:00Z,BATCH-AMZN-6362
PO_B10_006363,Stripe India,BLNK-INV-342158 PO_B10_006363,170258,4241,0,0,166017,INR,2026-08-12T12:43:00Z,BATCH-BLNK-6363
PO_B10_006364,PayU Enterprise,ZOMA-INV-102530 PO_B10_006364,77439,1282,0,0,76157,INR,2026-08-12T11:04:00Z,BATCH-ZOMA-6364
PO_B10_006365,Cashfree Escrow,MMTR-INV-870910 PO_B10_006365,204879,4492,0,0,200387,INR,2026-08-11T15:34:00Z,BATCH-MMTR-6365
PO_B10_006366,BillDesk Settlement,TATA-INV-369188 PO_B10_006366,124887,2018,0,0,122869,INR,2026-08-11T16:59:00Z,BATCH-TATA-6366
PO_B10_006367,PayU Enterprise,MYNT-INV-518119 PO_B10_006367,44530,806,0,0,43724,INR,2026-08-11T15:26:00Z,BATCH-MYNT-6367
PO_B10_006368,PayU Enterprise,UBER-INV-413264 PO_B10_006368,186973,3677,0,0,183296,INR,2026-08-12T02:05:00Z,BATCH-UBER-6368
PO_B10_006369,PayU Enterprise,PAYT-INV-818293 PO_B10_006369,156403,2871,0,0,153532,INR,2026-08-11T14:39:00Z,BATCH-PAYT-6369
PO_B10_006370,Cashfree Escrow,ZOMA-INV-760400 PO_B10_006370,148731,2690,0,0,146041,INR,2026-08-11T18:37:00Z,BATCH-ZOMA-6370
PO_B10_006371,Stripe India,PAYT-INV-665840 PO_B10_006371,403875,6869,0,0,397006,INR,2026-08-12T20:14:00Z,BATCH-PAYT-6371
PO_B10_006372,BillDesk Settlement,BBAS-INV-100429 PO_B10_006372,321096,5116,0,0,315980,INR,2026-08-12T21:01:00Z,BATCH-BBAS-6372
PO_B10_006373,Razorpay Nodal,MYNT-INV-483233 PO_B10_006373,395480,8944,0,0,386536,INR,2026-08-11T20:35:00Z,BATCH-MYNT-6373
PO_B10_006374,Stripe India,JIOO-INV-812249 PO_B10_006374,353285,6063,0,0,347222,INR,2026-08-12T16:09:00Z,BATCH-JIOO-6374
PO_B10_006375,BillDesk Settlement,FLPK-INV-675823 PO_B10_006375,407059,6108,0,0,400951,INR,2026-08-12T08:12:00Z,BATCH-FLPK-6375
PO_B10_006376,Razorpay Nodal,AMZN-EXC-910571-UNRESOLVED,131338,2616,0,0,128722,INR,2026-08-12T15:11:00Z,HOLD-ESCROW
PO_B10_006377,Stripe India,BLNK-INV-193005 PO_B10_006377,332628,7179,0,0,325449,INR,2026-08-12T13:19:00Z,BATCH-BLNK-6377
PO_B10_006378,PayU Enterprise,OLAA-INV-626544 PO_B10_006378,155345,3640,0,0,151705,INR,2026-08-11T23:20:00Z,BATCH-OLAA-6378
PO_B10_006379,PayU Enterprise,ZOMA-ORD-784964 ZOMA-ORD-362288 ZOMA-ORD-659785 BATCH-ZOMA-6379,290308,5806,0,0,284502,INR,2026-08-12T17:06:00Z,BATCH-ZOMA-6379
PO_B10_006380,BillDesk Settlement,BLNK-INV-255438 PO_B10_006380,97276,1489,0,0,95787,INR,2026-08-11T19:47:00Z,BATCH-BLNK-6380
PO_B10_006381,Razorpay Nodal,UBER-INV-193548 PO_B10_006381,29630,455,0,0,29175,INR,2026-08-12T02:21:00Z,BATCH-UBER-6381
PO_B10_006382,BillDesk Settlement,BKMS-INV-262092 PO_B10_006382,312457,4750,0,0,307707,INR,2026-08-12T03:04:00Z,BATCH-BKMS-6382
PO_B10_006383,PayU Enterprise,PAYT-INV-994371 PO_B10_006383,28483,506,0,0,27977,INR,2026-08-13T02:32:00Z,BATCH-PAYT-6383
PO_B10_006384,BillDesk Settlement,SWIG-INV-385887 PO_B10_006384,242118,3662,0,0,238456,INR,2026-08-12T12:49:00Z,BATCH-SWIG-6384
PO_B10_006385,BillDesk Settlement,MMTR-INV-534593 PO_B10_006385,448135,11014,0,0,437121,INR,2026-08-11T23:05:00Z,BATCH-MMTR-6385
PO_B10_006386,BillDesk Settlement,JIOO-INV-798069 PO_B10_006386,155507,3093,0,0,152414,INR,2026-08-13T00:26:00Z,BATCH-JIOO-6386
PO_B10_006387,PayU Enterprise,PHNP-INV-304727 PO_B10_006387,201098,3908,0,0,197190,INR,2026-08-11T20:22:00Z,BATCH-PHNP-6387
PO_B10_006388,BillDesk Settlement,SWIG-INV-613595 PO_B10_006388,260552,6106,0,0,254446,INR,2026-08-12T04:27:00Z,BATCH-SWIG-6388
PO_B10_006389,Stripe India,TATA-INV-121381 PO_B10_006389,445308,10941,0,0,434367,INR,2026-08-11T17:05:00Z,BATCH-TATA-6389
PO_B10_006390,BillDesk Settlement,MMTR-INV-817214 PO_B10_006390,342523,6407,0,0,336116,INR,2026-08-12T04:39:00Z,BATCH-MMTR-6390
PO_B10_006391,Razorpay Nodal,OLAA-ORD-453198 OLAA-ORD-838624 OLAA-ORD-533574 BATCH-OLAA-6391,580325,11606,0,0,568719,INR,2026-08-12T17:54:00Z,BATCH-OLAA-6391
PO_B10_006392,Stripe India,PHNP-INV-499735 PO_B10_006392,292666,5907,0,0,286759,INR,2026-08-12T02:43:00Z,BATCH-PHNP-6392
PO_B10_006393,Stripe India,NYKA-INV-335971 PO_B10_006393,393889,7916,0,0,385973,INR,2026-08-12T17:45:00Z,BATCH-NYKA-6393
PO_B10_006394,Cashfree Escrow,OLAA-INV-529961 PO_B10_006394,409238,8101,0,0,401137,INR,2026-08-12T01:53:00Z,BATCH-OLAA-6394
PO_B10_006395,Razorpay Nodal,JIOO-INV-121896 PO_B10_006395,78712,1844,0,0,76868,INR,2026-08-11T22:21:00Z,BATCH-JIOO-6395
PO_B10_006396,BillDesk Settlement,MMTR-INV-147080 PO_B10_006396,87800,1487,0,0,86313,INR,2026-08-12T18:39:00Z,BATCH-MMTR-6396
PO_B10_006397,PayU Enterprise,UBER-INV-571608 PO_B10_006397,419973,8497,0,0,411476,INR,2026-08-12T01:29:00Z,BATCH-UBER-6397
PO_B10_006398,Cashfree Escrow,AMZN-ORD-196035 AMZN-ORD-134758 BATCH-AMZN-6398,149055,2981,0,0,146074,INR,2026-08-12T03:39:00Z,BATCH-AMZN-6398
PO_B10_006399,Razorpay Nodal,BLNK-INV-408869 PO_B10_006399,54107,1090,0,0,53017,INR,2026-08-12T18:04:00Z,BATCH-BLNK-6399
PO_B10_006400,PayU Enterprise,AMZN-INV-550638 PO_B10_006400,65928,1042,0,0,64886,INR,2026-08-12T15:52:00Z,BATCH-AMZN-6400
PO_B10_006401,Stripe India,JIOO-INV-699625 PO_B10_006401,366753,8398,0,0,358355,INR,2026-08-11T21:49:00Z,BATCH-JIOO-6401
PO_B10_006402,BillDesk Settlement,OLAA-INV-354344 PO_B10_006402,305737,6152,0,0,299585,INR,2026-08-12T16:29:00Z,BATCH-OLAA-6402
PO_B10_006403,Stripe India,PAYT-INV-221482 PO_B10_006403,97235,2172,0,0,95063,INR,2026-08-12T06:47:00Z,BATCH-PAYT-6403
PO_B10_006404,Stripe India,ZOMA-INV-496866 PO_B10_006404,445461,9932,0,0,435529,INR,2026-08-12T14:55:00Z,BATCH-ZOMA-6404
PO_B10_006405,PayU Enterprise,MMTR-EXC-147907-UNRESOLVED,73431,1458,0,0,71973,INR,2026-08-12T09:34:00Z,HOLD-ESCROW
PO_B10_006406,Cashfree Escrow,OLAA-ORD-172362 OLAA-ORD-819735 OLAA-ORD-852244 BATCH-OLAA-6406,546830,10936,0,0,535894,INR,2026-08-12T18:32:00Z,BATCH-OLAA-6406
PO_B10_006407,PayU Enterprise,SWIG-INV-919668 PO_B10_006407,166383,4047,0,0,162336,INR,2026-08-12T02:48:00Z,BATCH-SWIG-6407
PO_B10_006408,Razorpay Nodal,JIOO-INV-405102 PO_B10_006408,230159,3734,0,0,226425,INR,2026-08-12T03:37:00Z,BATCH-JIOO-6408
PO_B10_006409,Cashfree Escrow,ZOMA-ORD-337027 ZOMA-ORD-730148 BATCH-ZOMA-6409,211660,4233,0,0,207427,INR,2026-08-12T08:31:00Z,BATCH-ZOMA-6409
PO_B10_006410,BillDesk Settlement,MYNT-INV-406210 PO_B10_006410,335769,7067,0,0,328702,INR,2026-08-12T12:41:00Z,BATCH-MYNT-6410
PO_B10_006411,Stripe India,NYKA-INV-694556 PO_B10_006411,384517,6525,0,0,377992,INR,2026-08-12T12:41:00Z,BATCH-NYKA-6411
PO_B10_006412,Cashfree Escrow,UBER-INV-288745 PO_B10_006412,55010,924,0,0,54086,INR,2026-08-12T10:13:00Z,BATCH-UBER-6412
PO_B10_006413,PayU Enterprise,PAYT-ORD-957061 PAYT-ORD-229428 BATCH-PAYT-6413,145462,2909,0,0,142553,INR,2026-08-12T05:14:00Z,BATCH-PAYT-6413
PO_B10_006414,BillDesk Settlement,PAYT-INV-850418 PO_B10_006414,40592,934,0,0,39658,INR,2026-08-12T03:24:00Z,BATCH-PAYT-6414
PO_B10_006415,PayU Enterprise,MYNT-INV-740408 PO_B10_006415,39568,733,0,0,38835,INR,2026-08-12T03:39:00Z,BATCH-MYNT-6415
PO_B10_006416,Cashfree Escrow,BBAS-INV-522512 PO_B10_006416,165638,2486,0,0,163152,INR,2026-08-12T13:51:00Z,BATCH-BBAS-6416
PO_B10_006417,Cashfree Escrow,BBAS-ORD-565105 BBAS-ORD-999869 BATCH-BBAS-6417,267605,5352,0,0,262253,INR,2026-08-12T19:45:00Z,BATCH-BBAS-6417
PO_B10_006418,Stripe India,ZOMA-ORD-666481 ZOMA-ORD-210382 BATCH-ZOMA-6418,210188,4203,0,0,205985,INR,2026-08-12T11:33:00Z,BATCH-ZOMA-6418
PO_B10_006419,Cashfree Escrow,UBER-INV-227929 PO_B10_006419,60447,1147,0,0,59300,INR,2026-08-13T02:22:00Z,BATCH-UBER-6419
PO_B10_006420,Razorpay Nodal,BKMS-INV-352490 PO_B10_006420,361210,6149,0,0,355061,INR,2026-08-12T04:17:00Z,BATCH-BKMS-6420
PO_B10_006421,Cashfree Escrow,SWIG-INV-597746 PO_B10_006421,283558,6896,0,0,276662,INR,2026-08-12T18:52:00Z,BATCH-SWIG-6421
PO_B10_006422,Razorpay Nodal,OLAA-INV-438992 PO_B10_006422,144697,3147,0,0,141550,INR,2026-08-12T22:09:00Z,BATCH-OLAA-6422
PO_B10_006423,Razorpay Nodal,UBER-INV-544165 PO_B10_006423,365307,8580,0,0,356727,INR,2026-08-12T14:14:00Z,BATCH-UBER-6423
PO_B10_006424,PayU Enterprise,BKMS-ORD-625239 BKMS-ORD-607598 BATCH-BKMS-6424,323050,6461,0,0,316589,INR,2026-08-11T23:56:00Z,BATCH-BKMS-6424
PO_B10_006425,Cashfree Escrow,TATA-INV-763368 PO_B10_006425,376189,7226,0,0,368963,INR,2026-08-12T07:48:00Z,BATCH-TATA-6425
PO_B10_006426,Razorpay Nodal,PAYT-INV-559204 PO_B10_006426,110514,1852,0,0,108662,INR,2026-08-12T08:30:00Z,BATCH-PAYT-6426
PO_B10_006427,PayU Enterprise,OLAA-INV-558694 PO_B10_006427,349891,7046,0,0,342845,INR,2026-08-11T21:23:00Z,BATCH-OLAA-6427
PO_B10_006428,BillDesk Settlement,TATA-ORD-844495 TATA-ORD-683571 BATCH-TATA-6428,242795,4855,0,0,237940,INR,2026-08-12T17:04:00Z,BATCH-TATA-6428
PO_B10_006429,PayU Enterprise,ZOMA-ORD-499324 ZOMA-ORD-287816 BATCH-ZOMA-6429,239980,4799,0,0,235181,INR,2026-08-12T19:28:00Z,BATCH-ZOMA-6429
PO_B10_006430,BillDesk Settlement,BBAS-INV-336429 PO_B10_006430,295355,4804,0,0,290551,INR,2026-08-12T12:41:00Z,BATCH-BBAS-6430
PO_B10_006431,PayU Enterprise,FLPK-EXC-419627-UNRESOLVED,151129,3012,0,0,148117,INR,2026-08-13T01:58:00Z,HOLD-ESCROW
PO_B10_006432,Cashfree Escrow,AMZN-INV-462205 PO_B10_006432,132280,3056,0,0,129224,INR,2026-08-11T23:34:00Z,BATCH-AMZN-6432
PO_B10_006433,Stripe India,UBER-INV-813193 PO_B10_006433,207556,3731,0,0,203825,INR,2026-08-11T17:24:00Z,BATCH-UBER-6433
PO_B10_006434,BillDesk Settlement,JIOO-INV-891704 PO_B10_006434,268422,6689,0,0,261733,INR,2026-08-12T01:34:00Z,BATCH-JIOO-6434
PO_B10_006435,Stripe India,AMZN-ORD-818106 AMZN-ORD-872506 BATCH-AMZN-6435,76014,1520,0,0,74494,INR,2026-08-12T05:57:00Z,BATCH-AMZN-6435
PO_B10_006436,Razorpay Nodal,BKMS-EXC-919833-UNRESOLVED,234526,4680,0,0,229846,INR,2026-08-13T08:56:00Z,HOLD-ESCROW
PO_B10_006437,Cashfree Escrow,SWIG-INV-927364 PO_B10_006437,159245,3770,0,0,155475,INR,2026-08-12T04:02:00Z,BATCH-SWIG-6437
PO_B10_006438,PayU Enterprise,BLNK-INV-297348 PO_B10_006438,146230,2647,0,0,143583,INR,2026-08-12T16:48:00Z,BATCH-BLNK-6438
PO_B10_006439,Cashfree Escrow,PAYT-ORD-360532 PAYT-ORD-672990 BATCH-PAYT-6439,287568,5751,0,0,281817,INR,2026-08-12T14:40:00Z,BATCH-PAYT-6439
PO_B10_006440,BillDesk Settlement,OLAA-INV-993225 PO_B10_006440,150433,3583,0,0,146850,INR,2026-08-12T05:08:00Z,BATCH-OLAA-6440
PO_B10_006441,Stripe India,SWIG-INV-698464 PO_B10_006441,26404,403,0,0,26001,INR,2026-08-12T19:14:00Z,BATCH-SWIG-6441
PO_B10_006442,Stripe India,NYKA-ORD-751562 NYKA-ORD-848183 BATCH-NYKA-6442,297291,5945,0,0,291346,INR,2026-08-12T17:11:00Z,BATCH-NYKA-6442
PO_B10_006443,Stripe India,PAYT-ORD-712825 PAYT-ORD-694200 PAYT-ORD-567166 BATCH-PAYT-6443,559569,11191,0,0,548378,INR,2026-08-12T19:50:00Z,BATCH-PAYT-6443
PO_B10_006444,BillDesk Settlement,MYNT-INV-863362 PO_B10_006444,343453,6047,0,0,337406,INR,2026-08-12T13:31:00Z,BATCH-MYNT-6444
PO_B10_006445,Stripe India,BKMS-EXC-139443-UNRESOLVED,288614,5762,0,0,282852,INR,2026-08-13T05:43:00Z,HOLD-ESCROW
PO_B10_006446,Cashfree Escrow,FLPK-INV-858140 PO_B10_006446,364467,9022,0,0,355445,INR,2026-08-12T05:26:00Z,BATCH-FLPK-6446
PO_B10_006447,BillDesk Settlement,OLAA-INV-846088 PO_B10_006447,164200,3411,0,0,160789,INR,2026-08-12T15:04:00Z,BATCH-OLAA-6447
PO_B10_006448,Stripe India,SWIG-INV-606960 PO_B10_006448,116480,2063,0,0,114417,INR,2026-08-12T11:28:00Z,BATCH-SWIG-6448
PO_B10_006449,Stripe India,AMZN-INV-678573 PO_B10_006449,35466,752,0,0,34714,INR,2026-08-12T02:16:00Z,BATCH-AMZN-6449
PO_B10_006450,PayU Enterprise,MMTR-INV-802198 PO_B10_006450,84238,1293,0,0,82945,INR,2026-08-12T15:42:00Z,BATCH-MMTR-6450
PO_B10_006451,Stripe India,TATA-EXC-707074-UNRESOLVED,189272,3775,0,0,185497,INR,2026-08-13T00:57:00Z,HOLD-ESCROW
PO_B10_006452,Stripe India,MYNT-INV-118365 PO_B10_006452,235505,4513,0,0,230992,INR,2026-08-12T09:30:00Z,BATCH-MYNT-6452
PO_B10_006453,PayU Enterprise,TATA-ORD-951483 TATA-ORD-854213 BATCH-TATA-6453,407499,8149,0,0,399350,INR,2026-08-12T16:53:00Z,BATCH-TATA-6453
PO_B10_006454,BillDesk Settlement,PAYT-EXC-848718-UNRESOLVED,260348,5196,0,0,255152,INR,2026-08-12T09:23:00Z,HOLD-ESCROW
PO_B10_006455,PayU Enterprise,BKMS-EXC-164522-UNRESOLVED,157943,3148,0,0,154795,INR,2026-08-12T16:28:00Z,HOLD-ESCROW
PO_B10_006456,Stripe India,ZOMA-INV-333058 PO_B10_006456,134306,2104,0,0,132202,INR,2026-08-11T20:19:00Z,BATCH-ZOMA-6456
PO_B10_006457,Stripe India,BLNK-EXC-463924-UNRESOLVED,106853,2127,0,0,104726,INR,2026-08-12T20:59:00Z,HOLD-ESCROW
PO_B10_006458,Cashfree Escrow,BBAS-ORD-382795 BBAS-ORD-262976 BATCH-BBAS-6458,490024,9800,0,0,480224,INR,2026-08-12T19:46:00Z,BATCH-BBAS-6458
PO_B10_006459,Cashfree Escrow,TATA-INV-672748 PO_B10_006459,397804,9527,0,0,388277,INR,2026-08-12T08:17:00Z,BATCH-TATA-6459
PO_B10_006460,Cashfree Escrow,ZOMA-INV-838591 PO_B10_006460,243347,3937,0,0,239410,INR,2026-08-12T05:05:00Z,BATCH-ZOMA-6460
PO_B10_006461,Stripe India,AMZN-INV-819038 PO_B10_006461,337035,7934,0,0,329101,INR,2026-08-12T06:28:00Z,BATCH-AMZN-6461
PO_B10_006462,PayU Enterprise,UBER-INV-724542 PO_B10_006462,292909,6673,0,0,286236,INR,2026-08-11T13:24:00Z,BATCH-UBER-6462
PO_B10_006463,PayU Enterprise,BLNK-INV-818411 PO_B10_006463,352516,8162,0,0,344354,INR,2026-08-12T02:34:00Z,BATCH-BLNK-6463
PO_B10_006464,PayU Enterprise,UBER-ORD-212431 UBER-ORD-164595 BATCH-UBER-6464,55689,1113,0,0,54576,INR,2026-08-12T03:58:00Z,BATCH-UBER-6464
PO_B10_006465,Razorpay Nodal,UBER-INV-462981 PO_B10_006465,67705,1407,0,0,66298,INR,2026-08-12T08:24:00Z,BATCH-UBER-6465
PO_B10_006466,Razorpay Nodal,ZOMA-INV-598869 PO_B10_006466,52452,1005,0,0,51447,INR,2026-08-12T17:34:00Z,BATCH-ZOMA-6466
PO_B10_006467,Razorpay Nodal,PAYT-EXC-170295-UNRESOLVED,77854,1547,0,0,76307,INR,2026-08-13T07:11:00Z,HOLD-ESCROW
PO_B10_006468,Stripe India,AMZN-INV-391213 PO_B10_006468,298684,7186,0,0,291498,INR,2026-08-12T14:37:00Z,BATCH-AMZN-6468
PO_B10_006469,PayU Enterprise,PAYT-EXC-341285-UNRESOLVED,101599,2021,0,0,99578,INR,2026-08-12T14:58:00Z,HOLD-ESCROW
PO_B10_006470,BillDesk Settlement,TATA-INV-719057 PO_B10_006470,41193,895,0,0,40298,INR,2026-08-12T02:22:00Z,BATCH-TATA-6470
PO_B10_006471,Stripe India,MMTR-INV-187712 PO_B10_006471,25804,496,0,0,25308,INR,2026-08-12T07:39:00Z,BATCH-MMTR-6471
PO_B10_006472,PayU Enterprise,FLPK-INV-870180 PO_B10_006472,89141,1948,0,0,87193,INR,2026-08-12T02:42:00Z,BATCH-FLPK-6472
PO_B10_006473,Cashfree Escrow,MYNT-INV-633081 PO_B10_006473,64514,1227,0,0,63287,INR,2026-08-12T12:49:00Z,BATCH-MYNT-6473
PO_B10_006474,Stripe India,PHNP-INV-348823 PO_B10_006474,152804,3334,0,0,149470,INR,2026-08-12T11:50:00Z,BATCH-PHNP-6474
PO_B10_006475,Stripe India,ZOMA-INV-197699 PO_B10_006475,304703,6587,0,0,298116,INR,2026-08-12T09:41:00Z,BATCH-ZOMA-6475
PO_B10_006476,Stripe India,BKMS-INV-980439 PO_B10_006476,87913,1446,0,0,86467,INR,2026-08-12T13:49:00Z,BATCH-BKMS-6476
PO_B10_006477,Razorpay Nodal,PHNP-INV-278167 PO_B10_006477,145008,2943,0,0,142065,INR,2026-08-12T21:35:00Z,BATCH-PHNP-6477
PO_B10_006478,PayU Enterprise,FLPK-INV-787536 PO_B10_006478,140505,3399,0,0,137106,INR,2026-08-12T01:13:00Z,BATCH-FLPK-6478
PO_B10_006479,Stripe India,AMZN-ORD-492066 AMZN-ORD-311714 BATCH-AMZN-6479,146334,2926,0,0,143408,INR,2026-08-12T14:42:00Z,BATCH-AMZN-6479
PO_B10_006480,PayU Enterprise,PAYT-INV-442342 PO_B10_006480,204719,4312,0,0,200407,INR,2026-08-11T16:07:00Z,BATCH-PAYT-6480
PO_B10_006481,Stripe India,PHNP-ORD-946544 PHNP-ORD-535433 BATCH-PHNP-6481,380515,7610,0,0,372905,INR,2026-08-12T06:17:00Z,BATCH-PHNP-6481
PO_B10_006482,Stripe India,BKMS-ORD-617998 BKMS-ORD-358580 BKMS-ORD-791688 BATCH-BKMS-6482,446543,8930,0,0,437613,INR,2026-08-12T08:04:00Z,BATCH-BKMS-6482
PO_B10_006483,PayU Enterprise,JIOO-INV-832514 PO_B10_006483,67226,1479,0,0,65747,INR,2026-08-12T10:04:00Z,BATCH-JIOO-6483
PO_B10_006484,Stripe India,UBER-INV-279836 PO_B10_006484,142005,2698,0,0,139307,INR,2026-08-12T17:35:00Z,BATCH-UBER-6484
PO_B10_006485,BillDesk Settlement,TATA-ORD-505424 TATA-ORD-746109 TATA-ORD-245585 BATCH-TATA-6485,280192,5603,0,0,274589,INR,2026-08-12T04:48:00Z,BATCH-TATA-6485
PO_B10_006486,Stripe India,SWIG-ORD-860632 SWIG-ORD-385294 SWIG-ORD-307055 BATCH-SWIG-6486,313464,6269,0,0,307195,INR,2026-08-12T12:51:00Z,BATCH-SWIG-6486
PO_B10_006487,Cashfree Escrow,MMTR-INV-209747 PO_B10_006487,182539,3819,0,0,178720,INR,2026-08-11T21:10:00Z,BATCH-MMTR-6487
PO_B10_006488,BillDesk Settlement,SWIG-INV-658212 PO_B10_006488,328770,5182,0,0,323588,INR,2026-08-12T07:44:00Z,BATCH-SWIG-6488
PO_B10_006489,PayU Enterprise,SWIG-ORD-542057 SWIG-ORD-209487 BATCH-SWIG-6489,256298,5125,0,0,251173,INR,2026-08-11T23:17:00Z,BATCH-SWIG-6489
PO_B10_006490,PayU Enterprise,MYNT-ORD-549649 MYNT-ORD-629729 BATCH-MYNT-6490,307159,6143,0,0,301016,INR,2026-08-12T11:13:00Z,BATCH-MYNT-6490
PO_B10_006491,BillDesk Settlement,UBER-ORD-750824 UBER-ORD-553592 BATCH-UBER-6491,313514,6270,0,0,307244,INR,2026-08-12T09:05:00Z,BATCH-UBER-6491
PO_B10_006492,Cashfree Escrow,UBER-INV-322836 PO_B10_006492,202969,4898,0,0,198071,INR,2026-08-12T03:23:00Z,BATCH-UBER-6492
PO_B10_006493,PayU Enterprise,OLAA-INV-255944 PO_B10_006493,155769,3284,0,0,152485,INR,2026-08-12T11:20:00Z,BATCH-OLAA-6493
PO_B10_006494,Stripe India,TATA-ORD-352806 TATA-ORD-938585 TATA-ORD-813122 BATCH-TATA-6494,407903,8158,0,0,399745,INR,2026-08-12T05:25:00Z,BATCH-TATA-6494
PO_B10_006495,BillDesk Settlement,PHNP-INV-323733 PO_B10_006495,281277,4273,0,0,277004,INR,2026-08-11T20:40:00Z,BATCH-PHNP-6495
PO_B10_006496,Stripe India,BLNK-INV-833423 PO_B10_006496,243621,3905,0,0,239716,INR,2026-08-11T17:44:00Z,BATCH-BLNK-6496
PO_B10_006497,Cashfree Escrow,NYKA-INV-776350 PO_B10_006497,182637,3797,0,0,178840,INR,2026-08-12T20:59:00Z,BATCH-NYKA-6497
PO_B10_006498,BillDesk Settlement,FLPK-INV-821183 PO_B10_006498,406604,8220,0,0,398384,INR,2026-08-12T01:11:00Z,BATCH-FLPK-6498
PO_B10_006499,PayU Enterprise,OLAA-INV-198032 PO_B10_006499,97154,1727,0,0,95427,INR,2026-08-12T02:11:00Z,BATCH-OLAA-6499
PO_B10_006500,PayU Enterprise,PAYT-INV-257428 PO_B10_006500,201835,3511,0,0,198324,INR,2026-08-13T00:34:00Z,BATCH-PAYT-6500
PO_B10_006501,Razorpay Nodal,JIOO-INV-518834 PO_B10_006501,141552,2137,0,0,139415,INR,2026-08-12T06:05:00Z,BATCH-JIOO-6501
PO_B10_006502,Stripe India,OLAA-INV-742447 PO_B10_006502,60383,1024,0,0,59359,INR,2026-08-12T14:49:00Z,BATCH-OLAA-6502
PO_B10_006503,Cashfree Escrow,AMZN-INV-298285 PO_B10_006503,153392,2810,0,0,150582,INR,2026-08-11T21:59:00Z,BATCH-AMZN-6503
PO_B10_006504,Stripe India,AMZN-INV-283416 PO_B10_006504,127342,2162,0,0,125180,INR,2026-08-12T09:41:00Z,BATCH-AMZN-6504
PO_B10_006505,Cashfree Escrow,FLPK-ORD-647736 FLPK-ORD-605805 BATCH-FLPK-6505,165476,3309,0,0,162167,INR,2026-08-12T05:22:00Z,BATCH-FLPK-6505
PO_B10_006506,BillDesk Settlement,BBAS-INV-318359 PO_B10_006506,145036,2232,0,0,142804,INR,2026-08-12T10:24:00Z,BATCH-BBAS-6506
PO_B10_006507,PayU Enterprise,JIOO-ORD-597636 JIOO-ORD-454233 BATCH-JIOO-6507,235993,4719,0,0,231274,INR,2026-08-12T16:33:00Z,BATCH-JIOO-6507
PO_B10_006508,Stripe India,SWIG-INV-184894 PO_B10_006508,164938,3962,0,0,160976,INR,2026-08-13T01:43:00Z,BATCH-SWIG-6508
PO_B10_006509,Stripe India,PAYT-INV-452075 PO_B10_006509,172727,3011,0,0,169716,INR,2026-08-12T09:17:00Z,BATCH-PAYT-6509
PO_B10_006510,BillDesk Settlement,MMTR-INV-410823 PO_B10_006510,366164,6378,0,0,359786,INR,2026-08-12T06:15:00Z,BATCH-MMTR-6510
PO_B10_006511,Cashfree Escrow,BLNK-INV-337449 PO_B10_006511,307841,4708,0,0,303133,INR,2026-08-12T16:13:00Z,BATCH-BLNK-6511
PO_B10_006512,BillDesk Settlement,OLAA-EXC-861675-UNRESOLVED,262199,5233,0,0,256966,INR,2026-08-12T10:46:00Z,HOLD-ESCROW
PO_B10_006513,Cashfree Escrow,PHNP-ORD-550618 PHNP-ORD-262100 BATCH-PHNP-6513,462139,9242,0,0,452897,INR,2026-08-12T17:18:00Z,BATCH-PHNP-6513
PO_B10_006514,Stripe India,TATA-INV-234980 PO_B10_006514,147602,2773,0,0,144829,INR,2026-08-12T08:00:00Z,BATCH-TATA-6514
PO_B10_006515,Cashfree Escrow,MMTR-INV-221936 PO_B10_006515,55626,1095,0,0,54531,INR,2026-08-12T16:29:00Z,BATCH-MMTR-6515
PO_B10_006516,Razorpay Nodal,BBAS-INV-458729 PO_B10_006516,205501,3650,0,0,201851,INR,2026-08-11T21:45:00Z,BATCH-BBAS-6516
PO_B10_006517,Razorpay Nodal,PAYT-INV-633774 PO_B10_006517,116620,1913,0,0,114707,INR,2026-08-11T18:59:00Z,BATCH-PAYT-6517
PO_B10_006518,Razorpay Nodal,TATA-INV-809346 PO_B10_006518,117952,2279,0,0,115673,INR,2026-08-12T16:14:00Z,BATCH-TATA-6518
PO_B10_006519,Razorpay Nodal,NYKA-INV-554822 PO_B10_006519,161949,3771,0,0,158178,INR,2026-08-12T09:04:00Z,BATCH-NYKA-6519
PO_B10_006520,Razorpay Nodal,ZOMA-INV-584277 PO_B10_006520,272240,6165,0,0,266075,INR,2026-08-12T01:09:00Z,BATCH-ZOMA-6520
PO_B10_006521,Razorpay Nodal,OLAA-ORD-668873 OLAA-ORD-947809 BATCH-OLAA-6521,232562,4651,0,0,227911,INR,2026-08-12T15:43:00Z,BATCH-OLAA-6521
PO_B10_006522,Cashfree Escrow,PHNP-INV-145220 PO_B10_006522,356070,8521,0,0,347549,INR,2026-08-12T10:40:00Z,BATCH-PHNP-6522
PO_B10_006523,Cashfree Escrow,NYKA-INV-323445 PO_B10_006523,90520,1843,0,0,88677,INR,2026-08-12T16:11:00Z,BATCH-NYKA-6523
PO_B10_006524,BillDesk Settlement,TATA-ORD-739002 TATA-ORD-264314 TATA-ORD-248650 BATCH-TATA-6524,506151,10123,0,0,496028,INR,2026-08-12T15:52:00Z,BATCH-TATA-6524
PO_B10_006525,Razorpay Nodal,FLPK-ORD-741984 FLPK-ORD-513711 BATCH-FLPK-6525,385126,7702,0,0,377424,INR,2026-08-12T15:15:00Z,BATCH-FLPK-6525
PO_B10_006526,Stripe India,BLNK-EXC-241333-UNRESOLVED,155000,3090,0,0,151910,INR,2026-08-12T13:57:00Z,HOLD-ESCROW
PO_B10_006527,PayU Enterprise,PAYT-INV-966664 PO_B10_006527,365473,7974,0,0,357499,INR,2026-08-12T04:34:00Z,BATCH-PAYT-6527
PO_B10_006528,PayU Enterprise,NYKA-INV-973776 PO_B10_006528,409630,9275,0,0,400355,INR,2026-08-12T02:06:00Z,BATCH-NYKA-6528
PO_B10_006529,PayU Enterprise,SWIG-INV-198629 PO_B10_006529,413856,7470,0,0,406386,INR,2026-08-12T11:46:00Z,BATCH-SWIG-6529
PO_B10_006530,PayU Enterprise,SWIG-INV-751977 PO_B10_006530,397734,7558,0,0,390176,INR,2026-08-11T18:25:00Z,BATCH-SWIG-6530
PO_B10_006531,Stripe India,AMZN-ORD-449779 AMZN-ORD-793361 AMZN-ORD-195981 BATCH-AMZN-6531,436664,8733,0,0,427931,INR,2026-08-11T21:17:00Z,BATCH-AMZN-6531
PO_B10_006532,Cashfree Escrow,MYNT-INV-367850 PO_B10_006532,82408,1544,0,0,80864,INR,2026-08-12T12:44:00Z,BATCH-MYNT-6532
PO_B10_006533,BillDesk Settlement,JIOO-INV-286752 PO_B10_006533,239779,5984,0,0,233795,INR,2026-08-12T13:04:00Z,BATCH-JIOO-6533
PO_B10_006534,Cashfree Escrow,AMZN-INV-430222 PO_B10_006534,313340,6137,0,0,307203,INR,2026-08-12T05:59:00Z,BATCH-AMZN-6534
PO_B10_006535,Stripe India,PAYT-ORD-903848 PAYT-ORD-233164 BATCH-PAYT-6535,253690,5073,0,0,248617,INR,2026-08-11T22:11:00Z,BATCH-PAYT-6535
PO_B10_006536,BillDesk Settlement,TATA-INV-557583 PO_B10_006536,50543,1098,0,0,49445,INR,2026-08-12T02:08:00Z,BATCH-TATA-6536
PO_B10_006537,PayU Enterprise,AMZN-INV-107998 PO_B10_006537,322486,6912,0,0,315574,INR,2026-08-12T08:54:00Z,BATCH-AMZN-6537
PO_B10_006538,Stripe India,BBAS-INV-673868 PO_B10_006538,246827,4658,0,0,242169,INR,2026-08-12T23:51:00Z,BATCH-BBAS-6538
PO_B10_006539,Razorpay Nodal,ZOMA-INV-242251 PO_B10_006539,47645,742,0,0,46903,INR,2026-08-12T11:49:00Z,BATCH-ZOMA-6539
PO_B10_006540,Stripe India,TATA-INV-298758 PO_B10_006540,103339,2162,0,0,101177,INR,2026-08-12T16:12:00Z,BATCH-TATA-6540
PO_B10_006541,PayU Enterprise,NYKA-INV-892551 PO_B10_006541,256877,5575,0,0,251302,INR,2026-08-12T09:52:00Z,BATCH-NYKA-6541
PO_B10_006542,Razorpay Nodal,TATA-ORD-490609 TATA-ORD-236344 BATCH-TATA-6542,124900,2498,0,0,122402,INR,2026-08-12T02:03:00Z,BATCH-TATA-6542
PO_B10_006543,Stripe India,ZOMA-ORD-715179 ZOMA-ORD-354727 BATCH-ZOMA-6543,326163,6523,0,0,319640,INR,2026-08-12T12:16:00Z,BATCH-ZOMA-6543
PO_B10_006544,Stripe India,JIOO-ORD-601326 JIOO-ORD-166235 JIOO-ORD-191063 BATCH-JIOO-6544,101588,2031,0,0,99557,INR,2026-08-11T21:21:00Z,BATCH-JIOO-6544
PO_B10_006545,Stripe India,FLPK-INV-199750 PO_B10_006545,55847,915,0,0,54932,INR,2026-08-12T10:43:00Z,BATCH-FLPK-6545
PO_B10_006546,Razorpay Nodal,BBAS-INV-362793 PO_B10_006546,52060,1103,0,0,50957,INR,2026-08-12T13:05:00Z,BATCH-BBAS-6546
PO_B10_006547,PayU Enterprise,FLPK-INV-739675 PO_B10_006547,278894,5423,0,0,273471,INR,2026-08-12T14:49:00Z,BATCH-FLPK-6547
PO_B10_006548,Stripe India,TATA-INV-188437 PO_B10_006548,106325,2274,0,0,104051,INR,2026-08-12T12:27:00Z,BATCH-TATA-6548
PO_B10_006549,PayU Enterprise,NYKA-INV-808441 PO_B10_006549,324852,6206,0,0,318646,INR,2026-08-11T23:34:00Z,BATCH-NYKA-6549
PO_B10_006550,Cashfree Escrow,AMZN-INV-298276 PO_B10_006550,55484,901,0,0,54583,INR,2026-08-12T08:42:00Z,BATCH-AMZN-6550
PO_B10_006551,Cashfree Escrow,PHNP-ORD-705030 PHNP-ORD-694407 BATCH-PHNP-6551,283442,5668,0,0,277774,INR,2026-08-12T19:45:00Z,BATCH-PHNP-6551
PO_B10_006552,Cashfree Escrow,ZOMA-INV-902928 PO_B10_006552,429308,7614,0,0,421694,INR,2026-08-12T03:28:00Z,BATCH-ZOMA-6552
PO_B10_006553,Razorpay Nodal,ZOMA-INV-477612 PO_B10_006553,53821,1035,0,0,52786,INR,2026-08-11T13:17:00Z,BATCH-ZOMA-6553
PO_B10_006554,BillDesk Settlement,SWIG-ORD-374441 SWIG-ORD-613513 BATCH-SWIG-6554,128112,2562,0,0,125550,INR,2026-08-12T03:09:00Z,BATCH-SWIG-6554
PO_B10_006555,Razorpay Nodal,AMZN-EXC-334338-UNRESOLVED,225278,4495,0,0,220783,INR,2026-08-13T07:38:00Z,HOLD-ESCROW
PO_B10_006556,Stripe India,BBAS-ORD-455640 BBAS-ORD-587798 BATCH-BBAS-6556,314020,6280,0,0,307740,INR,2026-08-12T08:10:00Z,BATCH-BBAS-6556
PO_B10_006557,Stripe India,AMZN-EXC-576993-UNRESOLVED,251668,5023,0,0,246645,INR,2026-08-13T00:04:00Z,HOLD-ESCROW
PO_B10_006558,Cashfree Escrow,FLPK-ORD-688603 FLPK-ORD-203324 BATCH-FLPK-6558,249698,4993,0,0,244705,INR,2026-08-12T07:37:00Z,BATCH-FLPK-6558
PO_B10_006559,Razorpay Nodal,BLNK-INV-596752 PO_B10_006559,175024,2627,0,0,172397,INR,2026-08-12T19:29:00Z,BATCH-BLNK-6559
PO_B10_006560,Stripe India,MYNT-INV-387317 PO_B10_006560,425512,7832,0,0,417680,INR,2026-08-12T10:21:00Z,BATCH-MYNT-6560
PO_B10_006561,Stripe India,ZOMA-INV-428243 PO_B10_006561,246091,5912,0,0,240179,INR,2026-08-11T19:38:00Z,BATCH-ZOMA-6561
PO_B10_006562,Razorpay Nodal,OLAA-ORD-692368 OLAA-ORD-276934 OLAA-ORD-984918 BATCH-OLAA-6562,193832,3876,0,0,189956,INR,2026-08-12T01:17:00Z,BATCH-OLAA-6562
PO_B10_006563,BillDesk Settlement,BKMS-INV-788487 PO_B10_006563,63653,1345,0,0,62308,INR,2026-08-11T16:10:00Z,BATCH-BKMS-6563
PO_B10_006564,PayU Enterprise,AMZN-INV-684338 PO_B10_006564,38099,914,0,0,37185,INR,2026-08-12T11:06:00Z,BATCH-AMZN-6564
PO_B10_006565,PayU Enterprise,BLNK-INV-900453 PO_B10_006565,207432,3362,0,0,204070,INR,2026-08-12T01:54:00Z,BATCH-BLNK-6565
PO_B10_006566,Stripe India,UBER-INV-859232 PO_B10_006566,173147,3522,0,0,169625,INR,2026-08-11T23:06:00Z,BATCH-UBER-6566
PO_B10_006567,BillDesk Settlement,JIOO-ORD-658189 JIOO-ORD-621854 JIOO-ORD-283510 BATCH-JIOO-6567,405707,8114,0,0,397593,INR,2026-08-12T07:19:00Z,BATCH-JIOO-6567
PO_B10_006568,PayU Enterprise,MYNT-INV-937282 PO_B10_006568,90283,2189,0,0,88094,INR,2026-08-12T02:44:00Z,BATCH-MYNT-6568
PO_B10_006569,Razorpay Nodal,OLAA-INV-295337 PO_B10_006569,177834,3936,0,0,173898,INR,2026-08-11T19:00:00Z,BATCH-OLAA-6569
PO_B10_006570,Cashfree Escrow,ZOMA-INV-970212 PO_B10_006570,73619,1781,0,0,71838,INR,2026-08-11T22:23:00Z,BATCH-ZOMA-6570
PO_B10_006571,BillDesk Settlement,JIOO-INV-202179 PO_B10_006571,216484,3908,0,0,212576,INR,2026-08-12T17:49:00Z,BATCH-JIOO-6571
PO_B10_006572,Cashfree Escrow,PHNP-ORD-873038 PHNP-ORD-138770 PHNP-ORD-358030 BATCH-PHNP-6572,354744,7094,0,0,347650,INR,2026-08-12T06:50:00Z,BATCH-PHNP-6572
PO_B10_006573,Razorpay Nodal,NYKA-ORD-700612 NYKA-ORD-701393 BATCH-NYKA-6573,255053,5101,0,0,249952,INR,2026-08-12T15:19:00Z,BATCH-NYKA-6573
PO_B10_006574,PayU Enterprise,NYKA-ORD-691443 NYKA-ORD-586669 NYKA-ORD-775303 BATCH-NYKA-6574,380855,7617,0,0,373238,INR,2026-08-12T14:24:00Z,BATCH-NYKA-6574
PO_B10_006575,BillDesk Settlement,MYNT-INV-241463 PO_B10_006575,319670,5370,0,0,314300,INR,2026-08-12T09:27:00Z,BATCH-MYNT-6575
PO_B10_006576,Stripe India,UBER-INV-284083 PO_B10_006576,293387,4864,0,0,288523,INR,2026-08-12T19:56:00Z,BATCH-UBER-6576
PO_B10_006577,BillDesk Settlement,PHNP-INV-351955 PO_B10_006577,110243,2658,0,0,107585,INR,2026-08-12T11:54:00Z,BATCH-PHNP-6577
PO_B10_006578,Razorpay Nodal,BBAS-INV-967415 PO_B10_006578,251748,3957,0,0,247791,INR,2026-08-11T20:31:00Z,BATCH-BBAS-6578
PO_B10_006579,Stripe India,BLNK-ORD-208036 BLNK-ORD-862103 BLNK-ORD-516697 BATCH-BLNK-6579,323493,6469,0,0,317024,INR,2026-08-12T06:49:00Z,BATCH-BLNK-6579
PO_B10_006580,Stripe India,ZOMA-ORD-821592 ZOMA-ORD-732334 BATCH-ZOMA-6580,56833,1136,0,0,55697,INR,2026-08-12T15:25:00Z,BATCH-ZOMA-6580
PO_B10_006581,BillDesk Settlement,UBER-ORD-644187 UBER-ORD-172546 BATCH-UBER-6581,275351,5507,0,0,269844,INR,2026-08-12T05:27:00Z,BATCH-UBER-6581
PO_B10_006582,Stripe India,TATA-ORD-830408 TATA-ORD-755480 BATCH-TATA-6582,203474,4069,0,0,199405,INR,2026-08-12T08:10:00Z,BATCH-TATA-6582
PO_B10_006583,Razorpay Nodal,AMZN-ORD-102265 AMZN-ORD-110397 BATCH-AMZN-6583,344851,6897,0,0,337954,INR,2026-08-12T05:06:00Z,BATCH-AMZN-6583
PO_B10_006584,Cashfree Escrow,BLNK-ORD-104079 BLNK-ORD-206936 BLNK-ORD-527424 BATCH-BLNK-6584,281516,5630,0,0,275886,INR,2026-08-12T04:31:00Z,BATCH-BLNK-6584
PO_B10_006585,Razorpay Nodal,JIOO-INV-117446 PO_B10_006585,28852,540,0,0,28312,INR,2026-08-12T02:55:00Z,BATCH-JIOO-6585
PO_B10_006586,Razorpay Nodal,AMZN-INV-412229 PO_B10_006586,145107,3596,0,0,141511,INR,2026-08-12T14:14:00Z,BATCH-AMZN-6586
PO_B10_006587,Stripe India,AMZN-INV-662711 PO_B10_006587,45303,726,0,0,44577,INR,2026-08-12T10:12:00Z,BATCH-AMZN-6587
PO_B10_006588,Cashfree Escrow,SWIG-INV-590867 PO_B10_006588,266824,5545,0,0,261279,INR,2026-08-12T10:11:00Z,BATCH-SWIG-6588
PO_B10_006589,Cashfree Escrow,BLNK-ORD-564488 BLNK-ORD-486501 BLNK-ORD-772092 BATCH-BLNK-6589,406363,8127,0,0,398236,INR,2026-08-11T22:15:00Z,BATCH-BLNK-6589
PO_B10_006590,Stripe India,OLAA-ORD-520319 OLAA-ORD-387843 OLAA-ORD-687575 BATCH-OLAA-6590,481255,9625,0,0,471630,INR,2026-08-12T12:22:00Z,BATCH-OLAA-6590
PO_B10_006591,Razorpay Nodal,NYKA-INV-492950 PO_B10_006591,367526,7409,0,0,360117,INR,2026-08-12T19:56:00Z,BATCH-NYKA-6591
PO_B10_006592,Razorpay Nodal,JIOO-ORD-584395 JIOO-ORD-561081 BATCH-JIOO-6592,106287,2125,0,0,104162,INR,2026-08-11T23:29:00Z,BATCH-JIOO-6592
PO_B10_006593,Cashfree Escrow,TATA-ORD-870431 TATA-ORD-315274 TATA-ORD-801646 BATCH-TATA-6593,304404,6088,0,0,298316,INR,2026-08-11T21:56:00Z,BATCH-TATA-6593
PO_B10_006594,Cashfree Escrow,AMZN-INV-230996 PO_B10_006594,344004,7239,0,0,336765,INR,2026-08-12T02:00:00Z,BATCH-AMZN-6594
PO_B10_006595,BillDesk Settlement,MMTR-INV-899416 PO_B10_006595,407842,9888,0,0,397954,INR,2026-08-12T21:13:00Z,BATCH-MMTR-6595
PO_B10_006596,BillDesk Settlement,JIOO-INV-219998 PO_B10_006596,119580,1922,0,0,117658,INR,2026-08-11T19:21:00Z,BATCH-JIOO-6596
PO_B10_006597,PayU Enterprise,TATA-INV-515067 PO_B10_006597,228086,5456,0,0,222630,INR,2026-08-12T12:51:00Z,BATCH-TATA-6597
PO_B10_006598,Cashfree Escrow,UBER-INV-710109 PO_B10_006598,416637,6948,0,0,409689,INR,2026-08-12T11:22:00Z,BATCH-UBER-6598
PO_B10_006599,BillDesk Settlement,AMZN-EXC-344397-UNRESOLVED,149390,2977,0,0,146413,INR,2026-08-12T17:13:00Z,HOLD-ESCROW
PO_B10_006600,Stripe India,TATA-INV-947900 PO_B10_006600,423328,8779,0,0,414549,INR,2026-08-12T07:49:00Z,BATCH-TATA-6600
PO_B10_006601,Razorpay Nodal,FLPK-INV-594775 PO_B10_006601,76937,1384,0,0,75553,INR,2026-08-11T21:54:00Z,BATCH-FLPK-6601
PO_B10_006602,Stripe India,MYNT-INV-283642 PO_B10_006602,429427,10481,0,0,418946,INR,2026-08-12T05:36:00Z,BATCH-MYNT-6602
PO_B10_006603,Cashfree Escrow,FLPK-ORD-727830 FLPK-ORD-272435 BATCH-FLPK-6603,430854,8617,0,0,422237,INR,2026-08-12T07:48:00Z,BATCH-FLPK-6603
PO_B10_006604,PayU Enterprise,BBAS-ORD-575044 BBAS-ORD-621374 BATCH-BBAS-6604,144572,2891,0,0,141681,INR,2026-08-12T14:32:00Z,BATCH-BBAS-6604
PO_B10_006605,Cashfree Escrow,BKMS-ORD-476355 BKMS-ORD-705251 BATCH-BKMS-6605,405184,8103,0,0,397081,INR,2026-08-11T21:20:00Z,BATCH-BKMS-6605
PO_B10_006606,Stripe India,FLPK-INV-791820 PO_B10_006606,144148,3529,0,0,140619,INR,2026-08-12T15:36:00Z,BATCH-FLPK-6606
PO_B10_006607,PayU Enterprise,JIOO-EXC-140397-UNRESOLVED,237135,4732,0,0,232403,INR,2026-08-12T17:55:00Z,HOLD-ESCROW
PO_B10_006608,PayU Enterprise,JIOO-INV-420087 PO_B10_006608,270826,5122,0,0,265704,INR,2026-08-12T07:39:00Z,BATCH-JIOO-6608
PO_B10_006609,Cashfree Escrow,PHNP-ORD-502105 PHNP-ORD-225939 PHNP-ORD-145431 BATCH-PHNP-6609,462360,9247,0,0,453113,INR,2026-08-12T06:58:00Z,BATCH-PHNP-6609
PO_B10_006610,Cashfree Escrow,PAYT-INV-810793 PO_B10_006610,385800,9389,0,0,376411,INR,2026-08-11T22:23:00Z,BATCH-PAYT-6610
PO_B10_006611,Stripe India,BKMS-ORD-797771 BKMS-ORD-156783 BKMS-ORD-885440 BATCH-BKMS-6611,459280,9185,0,0,450095,INR,2026-08-12T15:09:00Z,BATCH-BKMS-6611
PO_B10_006612,PayU Enterprise,OLAA-INV-611253 PO_B10_006612,300033,6131,0,0,293902,INR,2026-08-12T12:46:00Z,BATCH-OLAA-6612
PO_B10_006613,PayU Enterprise,AMZN-ORD-198688 AMZN-ORD-562256 BATCH-AMZN-6613,124231,2484,0,0,121747,INR,2026-08-12T11:52:00Z,BATCH-AMZN-6613
PO_B10_006614,BillDesk Settlement,MMTR-INV-587284 PO_B10_006614,369536,7774,0,0,361762,INR,2026-08-11T20:18:00Z,BATCH-MMTR-6614
PO_B10_006615,PayU Enterprise,FLPK-EXC-957077-UNRESOLVED,192926,3848,0,0,189078,INR,2026-08-12T12:37:00Z,HOLD-ESCROW
PO_B10_006616,Razorpay Nodal,ZOMA-ORD-897093 ZOMA-ORD-201071 BATCH-ZOMA-6616,358340,7166,0,0,351174,INR,2026-08-12T02:56:00Z,BATCH-ZOMA-6616
PO_B10_006617,Cashfree Escrow,UBER-INV-554892 PO_B10_006617,394367,9617,0,0,384750,INR,2026-08-12T06:35:00Z,BATCH-UBER-6617
PO_B10_006618,Cashfree Escrow,NYKA-INV-395314 PO_B10_006618,89888,2135,0,0,87753,INR,2026-08-12T00:51:00Z,BATCH-NYKA-6618
PO_B10_006619,PayU Enterprise,JIOO-INV-763104 PO_B10_006619,135450,2540,0,0,132910,INR,2026-08-12T12:48:00Z,BATCH-JIOO-6619
PO_B10_006620,BillDesk Settlement,TATA-INV-692757 PO_B10_006620,377512,8600,0,0,368912,INR,2026-08-12T02:10:00Z,BATCH-TATA-6620
PO_B10_006621,PayU Enterprise,PAYT-ORD-164440 PAYT-ORD-970401 BATCH-PAYT-6621,385478,7709,0,0,377769,INR,2026-08-12T19:06:00Z,BATCH-PAYT-6621
PO_B10_006622,Cashfree Escrow,SWIG-INV-972043 PO_B10_006622,394028,8015,0,0,386013,INR,2026-08-11T20:50:00Z,BATCH-SWIG-6622
PO_B10_006623,Stripe India,JIOO-INV-206997 PO_B10_006623,247643,4495,0,0,243148,INR,2026-08-12T02:31:00Z,BATCH-JIOO-6623
PO_B10_006624,BillDesk Settlement,AMZN-INV-975860 PO_B10_006624,418649,10463,0,0,408186,INR,2026-08-12T12:04:00Z,BATCH-AMZN-6624
PO_B10_006625,BillDesk Settlement,ZOMA-EXC-379849-UNRESOLVED,113842,2266,0,0,111576,INR,2026-08-12T09:29:00Z,HOLD-ESCROW
PO_B10_006626,PayU Enterprise,ZOMA-INV-300580 PO_B10_006626,315184,5217,0,0,309967,INR,2026-08-12T10:49:00Z,BATCH-ZOMA-6626
PO_B10_006627,Stripe India,BBAS-INV-260439 PO_B10_006627,296312,5866,0,0,290446,INR,2026-08-12T06:01:00Z,BATCH-BBAS-6627
PO_B10_006628,Cashfree Escrow,PAYT-INV-582086 PO_B10_006628,89585,1600,0,0,87985,INR,2026-08-12T12:26:00Z,BATCH-PAYT-6628
PO_B10_006629,PayU Enterprise,TATA-ORD-814249 TATA-ORD-521154 TATA-ORD-884132 BATCH-TATA-6629,431345,8626,0,0,422719,INR,2026-08-12T14:08:00Z,BATCH-TATA-6629
PO_B10_006630,PayU Enterprise,JIOO-ORD-678030 JIOO-ORD-234740 JIOO-ORD-348345 BATCH-JIOO-6630,305551,6111,0,0,299440,INR,2026-08-12T03:27:00Z,BATCH-JIOO-6630
PO_B10_006631,Razorpay Nodal,PAYT-INV-121780 PO_B10_006631,163006,2842,0,0,160164,INR,2026-08-12T04:04:00Z,BATCH-PAYT-6631
PO_B10_006632,Stripe India,PAYT-INV-218152 PO_B10_006632,225754,3420,0,0,222334,INR,2026-08-12T05:05:00Z,BATCH-PAYT-6632
PO_B10_006633,BillDesk Settlement,JIOO-ORD-880096 JIOO-ORD-467170 BATCH-JIOO-6633,388472,7769,0,0,380703,INR,2026-08-12T01:19:00Z,BATCH-JIOO-6633
PO_B10_006634,Stripe India,BKMS-INV-753988 PO_B10_006634,407283,9005,0,0,398278,INR,2026-08-12T09:18:00Z,BATCH-BKMS-6634
PO_B10_006635,PayU Enterprise,JIOO-ORD-406966 JIOO-ORD-801423 BATCH-JIOO-6635,328817,6576,0,0,322241,INR,2026-08-12T18:55:00Z,BATCH-JIOO-6635
PO_B10_006636,BillDesk Settlement,MMTR-INV-203835 PO_B10_006636,85051,1958,0,0,83093,INR,2026-08-12T14:40:00Z,BATCH-MMTR-6636
PO_B10_006637,PayU Enterprise,MYNT-INV-737256 PO_B10_006637,241614,5919,0,0,235695,INR,2026-08-12T02:48:00Z,BATCH-MYNT-6637
PO_B10_006638,PayU Enterprise,SWIG-EXC-839853-UNRESOLVED,118201,2354,0,0,115847,INR,2026-08-12T23:57:00Z,HOLD-ESCROW
PO_B10_006639,Razorpay Nodal,MYNT-INV-584618 PO_B10_006639,428533,6825,0,0,421708,INR,2026-08-12T06:38:00Z,BATCH-MYNT-6639
PO_B10_006640,Razorpay Nodal,TATA-ORD-702310 TATA-ORD-594289 BATCH-TATA-6640,268292,5365,0,0,262927,INR,2026-08-11T21:43:00Z,BATCH-TATA-6640
PO_B10_006641,Razorpay Nodal,MYNT-ORD-121704 MYNT-ORD-544445 BATCH-MYNT-6641,291409,5828,0,0,285581,INR,2026-08-12T04:04:00Z,BATCH-MYNT-6641
PO_B10_006642,PayU Enterprise,MMTR-INV-191532 PO_B10_006642,325027,4903,0,0,320124,INR,2026-08-12T22:27:00Z,BATCH-MMTR-6642
PO_B10_006643,BillDesk Settlement,ZOMA-INV-112667 PO_B10_006643,246894,4072,0,0,242822,INR,2026-08-12T06:02:00Z,BATCH-ZOMA-6643
PO_B10_006644,Razorpay Nodal,MMTR-INV-705207 PO_B10_006644,143597,2909,0,0,140688,INR,2026-08-12T11:19:00Z,BATCH-MMTR-6644
PO_B10_006645,Razorpay Nodal,OLAA-ORD-653281 OLAA-ORD-844050 BATCH-OLAA-6645,285070,5701,0,0,279369,INR,2026-08-12T09:23:00Z,BATCH-OLAA-6645
PO_B10_006646,BillDesk Settlement,NYKA-ORD-529758 NYKA-ORD-634416 BATCH-NYKA-6646,211735,4234,0,0,207501,INR,2026-08-12T11:25:00Z,BATCH-NYKA-6646
PO_B10_006647,PayU Enterprise,FLPK-INV-384512 PO_B10_006647,256414,5935,0,0,250479,INR,2026-08-11T15:24:00Z,BATCH-FLPK-6647
PO_B10_006648,BillDesk Settlement,PHNP-INV-599563 PO_B10_006648,408251,7332,0,0,400919,INR,2026-08-12T03:46:00Z,BATCH-PHNP-6648
PO_B10_006649,Razorpay Nodal,MYNT-ORD-610485 MYNT-ORD-692879 MYNT-ORD-801176 BATCH-MYNT-6649,261105,5222,0,0,255883,INR,2026-08-12T00:29:00Z,BATCH-MYNT-6649
PO_B10_006650,Cashfree Escrow,MMTR-INV-555423 PO_B10_006650,171197,2984,0,0,168213,INR,2026-08-11T20:07:00Z,BATCH-MMTR-6650
PO_B10_006651,Cashfree Escrow,ZOMA-EXC-564951-UNRESOLVED,107972,2149,0,0,105823,INR,2026-08-13T08:39:00Z,HOLD-ESCROW
PO_B10_006652,Stripe India,AMZN-EXC-653386-UNRESOLVED,175910,3508,0,0,172402,INR,2026-08-12T11:21:00Z,HOLD-ESCROW
PO_B10_006653,PayU Enterprise,TATA-INV-191773 PO_B10_006653,140112,2159,0,0,137953,INR,2026-08-12T07:44:00Z,BATCH-TATA-6653
PO_B10_006654,BillDesk Settlement,MMTR-INV-491566 PO_B10_006654,396977,6492,0,0,390485,INR,2026-08-12T03:04:00Z,BATCH-MMTR-6654
PO_B10_006655,Razorpay Nodal,JIOO-INV-442766 PO_B10_006655,26610,528,0,0,26082,INR,2026-08-12T17:16:00Z,BATCH-JIOO-6655
PO_B10_006656,Razorpay Nodal,FLPK-INV-181511 PO_B10_006656,243178,4902,0,0,238276,INR,2026-08-12T10:44:00Z,BATCH-FLPK-6656
PO_B10_006657,Stripe India,ZOMA-EXC-989820-UNRESOLVED,89238,1774,0,0,87464,INR,2026-08-12T14:11:00Z,HOLD-ESCROW
PO_B10_006658,Stripe India,FLPK-INV-739054 PO_B10_006658,441338,10756,0,0,430582,INR,2026-08-12T12:01:00Z,BATCH-FLPK-6658
PO_B10_006659,Stripe India,MYNT-INV-169726 PO_B10_006659,354463,8356,0,0,346107,INR,2026-08-12T11:20:00Z,BATCH-MYNT-6659
PO_B10_006660,PayU Enterprise,NYKA-INV-448674 PO_B10_006660,320874,6621,0,0,314253,INR,2026-08-11T21:25:00Z,BATCH-NYKA-6660
PO_B10_006661,Cashfree Escrow,BKMS-INV-632582 PO_B10_006661,386335,8337,0,0,377998,INR,2026-08-11T20:37:00Z,BATCH-BKMS-6661
PO_B10_006662,Cashfree Escrow,UBER-INV-595071 PO_B10_006662,333429,6118,0,0,327311,INR,2026-08-12T06:19:00Z,BATCH-UBER-6662
PO_B10_006663,PayU Enterprise,UBER-EXC-185576-UNRESOLVED,222133,4432,0,0,217701,INR,2026-08-12T11:08:00Z,HOLD-ESCROW
PO_B10_006664,Stripe India,BKMS-INV-299694 PO_B10_006664,359694,5862,0,0,353832,INR,2026-08-11T17:54:00Z,BATCH-BKMS-6664
PO_B10_006665,BillDesk Settlement,BLNK-INV-454339 PO_B10_006665,411561,7922,0,0,403639,INR,2026-08-12T02:05:00Z,BATCH-BLNK-6665
PO_B10_006666,Razorpay Nodal,PHNP-INV-154685 PO_B10_006666,366060,7442,0,0,358618,INR,2026-08-12T14:15:00Z,BATCH-PHNP-6666
PO_B10_006667,Stripe India,FLPK-INV-815784 PO_B10_006667,135908,2452,0,0,133456,INR,2026-08-11T19:28:00Z,BATCH-FLPK-6667
PO_B10_006668,Stripe India,PAYT-INV-583221 PO_B10_006668,333717,6050,0,0,327667,INR,2026-08-12T13:58:00Z,BATCH-PAYT-6668
PO_B10_006669,Stripe India,NYKA-ORD-113429 NYKA-ORD-897945 BATCH-NYKA-6669,101028,2020,0,0,99008,INR,2026-08-12T19:53:00Z,BATCH-NYKA-6669
PO_B10_006670,PayU Enterprise,SWIG-INV-945050 PO_B10_006670,428852,10564,0,0,418288,INR,2026-08-12T05:25:00Z,BATCH-SWIG-6670
PO_B10_006671,PayU Enterprise,BBAS-INV-937281 PO_B10_006671,108203,2676,0,0,105527,INR,2026-08-11T15:17:00Z,BATCH-BBAS-6671
PO_B10_006672,PayU Enterprise,UBER-INV-288420 PO_B10_006672,157370,3458,0,0,153912,INR,2026-08-12T04:23:00Z,BATCH-UBER-6672
PO_B10_006673,PayU Enterprise,UBER-ORD-787788 UBER-ORD-257127 BATCH-UBER-6673,165118,3302,0,0,161816,INR,2026-08-12T13:22:00Z,BATCH-UBER-6673
PO_B10_006674,PayU Enterprise,PAYT-EXC-762265-UNRESOLVED,74071,1471,0,0,72600,INR,2026-08-12T11:28:00Z,HOLD-ESCROW
PO_B10_006675,Cashfree Escrow,MMTR-INV-644834 PO_B10_006675,327525,6817,0,0,320708,INR,2026-08-12T04:20:00Z,BATCH-MMTR-6675
PO_B10_006676,PayU Enterprise,MMTR-INV-140891 PO_B10_006676,398503,9408,0,0,389095,INR,2026-08-12T17:54:00Z,BATCH-MMTR-6676
PO_B10_006677,Razorpay Nodal,MYNT-INV-825942 PO_B10_006677,118688,2306,0,0,116382,INR,2026-08-12T10:14:00Z,BATCH-MYNT-6677
PO_B10_006678,PayU Enterprise,BKMS-INV-113107 PO_B10_006678,319576,7602,0,0,311974,INR,2026-08-12T03:03:00Z,BATCH-BKMS-6678
PO_B10_006679,Cashfree Escrow,BBAS-INV-320708 PO_B10_006679,63533,1337,0,0,62196,INR,2026-08-11T17:24:00Z,BATCH-BBAS-6679
PO_B10_006680,BillDesk Settlement,BLNK-INV-917073 PO_B10_006680,323716,6146,0,0,317570,INR,2026-08-12T04:11:00Z,BATCH-BLNK-6680
PO_B10_006681,BillDesk Settlement,JIOO-INV-585225 PO_B10_006681,240450,4095,0,0,236355,INR,2026-08-12T09:17:00Z,BATCH-JIOO-6681
PO_B10_006682,BillDesk Settlement,BKMS-ORD-706347 BKMS-ORD-849842 BATCH-BKMS-6682,390859,7817,0,0,383042,INR,2026-08-12T02:58:00Z,BATCH-BKMS-6682
PO_B10_006683,BillDesk Settlement,ZOMA-INV-605519 PO_B10_006683,436094,7657,0,0,428437,INR,2026-08-12T01:46:00Z,BATCH-ZOMA-6683
PO_B10_006684,Razorpay Nodal,NYKA-INV-825379 PO_B10_006684,441026,7393,0,0,433633,INR,2026-08-12T08:37:00Z,BATCH-NYKA-6684
PO_B10_006685,Razorpay Nodal,TATA-INV-955554 PO_B10_006685,251557,5534,0,0,246023,INR,2026-08-12T13:52:00Z,BATCH-TATA-6685
PO_B10_006686,Stripe India,PAYT-INV-959693 PO_B10_006686,75356,1568,0,0,73788,INR,2026-08-12T13:24:00Z,BATCH-PAYT-6686
PO_B10_006687,Razorpay Nodal,AMZN-INV-385788 PO_B10_006687,173633,3306,0,0,170327,INR,2026-08-12T00:47:00Z,BATCH-AMZN-6687
PO_B10_006688,PayU Enterprise,MYNT-INV-746280 PO_B10_006688,299244,7166,0,0,292078,INR,2026-08-12T18:10:00Z,BATCH-MYNT-6688
PO_B10_006689,BillDesk Settlement,SWIG-INV-519080 PO_B10_006689,249491,4489,0,0,245002,INR,2026-08-12T05:12:00Z,BATCH-SWIG-6689
PO_B10_006690,Cashfree Escrow,NYKA-INV-237147 PO_B10_006690,220277,5460,0,0,214817,INR,2026-08-11T15:44:00Z,BATCH-NYKA-6690
PO_B10_006691,Stripe India,NYKA-INV-551412 PO_B10_006691,388334,9705,0,0,378629,INR,2026-08-12T03:28:00Z,BATCH-NYKA-6691
PO_B10_006692,BillDesk Settlement,ZOMA-INV-806164 PO_B10_006692,133577,2952,0,0,130625,INR,2026-08-12T09:51:00Z,BATCH-ZOMA-6692
PO_B10_006693,BillDesk Settlement,TATA-ORD-858273 TATA-ORD-137715 BATCH-TATA-6693,67629,1352,0,0,66277,INR,2026-08-12T06:02:00Z,BATCH-TATA-6693
PO_B10_006694,Cashfree Escrow,TATA-ORD-791244 TATA-ORD-358501 BATCH-TATA-6694,370949,7418,0,0,363531,INR,2026-08-12T00:26:00Z,BATCH-TATA-6694
PO_B10_006695,PayU Enterprise,BLNK-INV-791399 PO_B10_006695,95601,1897,0,0,93704,INR,2026-08-11T22:55:00Z,BATCH-BLNK-6695
PO_B10_006696,Razorpay Nodal,FLPK-INV-406146 PO_B10_006696,402159,8151,0,0,394008,INR,2026-08-12T13:11:00Z,BATCH-FLPK-6696
PO_B10_006697,BillDesk Settlement,AMZN-ORD-211119 AMZN-ORD-600277 AMZN-ORD-637966 BATCH-AMZN-6697,508303,10166,0,0,498137,INR,2026-08-12T06:22:00Z,BATCH-AMZN-6697
PO_B10_006698,Cashfree Escrow,BKMS-INV-756802 PO_B10_006698,408583,7346,0,0,401237,INR,2026-08-12T12:56:00Z,BATCH-BKMS-6698
PO_B10_006699,Cashfree Escrow,FLPK-ORD-694380 FLPK-ORD-952321 BATCH-FLPK-6699,243605,4872,0,0,238733,INR,2026-08-12T15:20:00Z,BATCH-FLPK-6699
PO_B10_006700,Cashfree Escrow,BBAS-INV-296101 PO_B10_006700,144613,3256,0,0,141357,INR,2026-08-12T12:15:00Z,BATCH-BBAS-6700
PO_B10_006701,Stripe India,BBAS-INV-329377 PO_B10_006701,132608,2325,0,0,130283,INR,2026-08-12T04:07:00Z,BATCH-BBAS-6701
PO_B10_006702,PayU Enterprise,PHNP-INV-278482 PO_B10_006702,301646,5607,0,0,296039,INR,2026-08-12T19:53:00Z,BATCH-PHNP-6702
PO_B10_006703,Stripe India,OLAA-ORD-162092 OLAA-ORD-947794 BATCH-OLAA-6703,315807,6316,0,0,309491,INR,2026-08-11T23:03:00Z,BATCH-OLAA-6703
PO_B10_006704,Stripe India,BKMS-INV-967876 PO_B10_006704,49118,1207,0,0,47911,INR,2026-08-11T17:57:00Z,BATCH-BKMS-6704
PO_B10_006705,Cashfree Escrow,FLPK-EXC-544741-UNRESOLVED,103772,2065,0,0,101707,INR,2026-08-12T14:04:00Z,HOLD-ESCROW
PO_B10_006706,Stripe India,OLAA-INV-157869 PO_B10_006706,364836,8358,0,0,356478,INR,2026-08-12T13:05:00Z,BATCH-OLAA-6706
PO_B10_006707,BillDesk Settlement,PAYT-ORD-427062 PAYT-ORD-922577 BATCH-PAYT-6707,360584,7211,0,0,353373,INR,2026-08-12T12:49:00Z,BATCH-PAYT-6707
PO_B10_006708,Razorpay Nodal,BKMS-INV-398584 PO_B10_006708,64892,1588,0,0,63304,INR,2026-08-12T16:33:00Z,BATCH-BKMS-6708
PO_B10_006709,BillDesk Settlement,SWIG-ORD-885257 SWIG-ORD-424196 BATCH-SWIG-6709,143630,2872,0,0,140758,INR,2026-08-12T15:42:00Z,BATCH-SWIG-6709
PO_B10_006710,Stripe India,BKMS-EXC-774676-UNRESOLVED,73993,1469,0,0,72524,INR,2026-08-13T06:46:00Z,HOLD-ESCROW
PO_B10_006711,Cashfree Escrow,OLAA-INV-534893 PO_B10_006711,239403,5148,0,0,234255,INR,2026-08-12T04:35:00Z,BATCH-OLAA-6711
PO_B10_006712,Cashfree Escrow,SWIG-ORD-710598 SWIG-ORD-122322 BATCH-SWIG-6712,336098,6721,0,0,329377,INR,2026-08-12T02:38:00Z,BATCH-SWIG-6712
PO_B10_006713,Stripe India,BKMS-EXC-150162-UNRESOLVED,299030,5970,0,0,293060,INR,2026-08-13T06:08:00Z,HOLD-ESCROW
PO_B10_006714,PayU Enterprise,MMTR-INV-462969 PO_B10_006714,299659,5222,0,0,294437,INR,2026-08-11T20:37:00Z,BATCH-MMTR-6714
PO_B10_006715,Cashfree Escrow,NYKA-INV-127023 PO_B10_006715,304647,6232,0,0,298415,INR,2026-08-12T18:19:00Z,BATCH-NYKA-6715
PO_B10_006716,BillDesk Settlement,BBAS-ORD-488410 BBAS-ORD-464634 BATCH-BBAS-6716,280594,5611,0,0,274983,INR,2026-08-12T00:01:00Z,BATCH-BBAS-6716
PO_B10_006717,BillDesk Settlement,NYKA-ORD-694717 NYKA-ORD-653186 BATCH-NYKA-6717,356943,7138,0,0,349805,INR,2026-08-12T12:44:00Z,BATCH-NYKA-6717
PO_B10_006718,Razorpay Nodal,ZOMA-INV-817110 PO_B10_006718,44241,996,0,0,43245,INR,2026-08-12T11:07:00Z,BATCH-ZOMA-6718
PO_B10_006719,PayU Enterprise,TATA-INV-666382 PO_B10_006719,349964,6850,0,0,343114,INR,2026-08-12T11:51:00Z,BATCH-TATA-6719
PO_B10_006720,BillDesk Settlement,JIOO-EXC-172785-UNRESOLVED,232666,4643,0,0,228023,INR,2026-08-13T02:12:00Z,HOLD-ESCROW
PO_B10_006721,Stripe India,BLNK-INV-616035 PO_B10_006721,363277,8639,0,0,354638,INR,2026-08-12T04:53:00Z,BATCH-BLNK-6721
PO_B10_006722,Razorpay Nodal,OLAA-INV-128618 PO_B10_006722,236526,5556,0,0,230970,INR,2026-08-12T07:20:00Z,BATCH-OLAA-6722
PO_B10_006723,Stripe India,TATA-INV-353042 PO_B10_006723,124169,2672,0,0,121497,INR,2026-08-11T20:31:00Z,BATCH-TATA-6723
PO_B10_006724,Cashfree Escrow,UBER-INV-599291 PO_B10_006724,37189,830,0,0,36359,INR,2026-08-11T15:04:00Z,BATCH-UBER-6724
PO_B10_006725,Razorpay Nodal,NYKA-ORD-311460 NYKA-ORD-492870 BATCH-NYKA-6725,293328,5866,0,0,287462,INR,2026-08-12T05:25:00Z,BATCH-NYKA-6725
PO_B10_006726,Stripe India,OLAA-INV-139091 PO_B10_006726,97743,1688,0,0,96055,INR,2026-08-12T04:25:00Z,BATCH-OLAA-6726
PO_B10_006727,Razorpay Nodal,PAYT-INV-274605 PO_B10_006727,405321,6229,0,0,399092,INR,2026-08-12T16:31:00Z,BATCH-PAYT-6727
PO_B10_006728,Razorpay Nodal,AMZN-INV-520780 PO_B10_006728,65439,1382,0,0,64057,INR,2026-08-11T18:44:00Z,BATCH-AMZN-6728
PO_B10_006729,Razorpay Nodal,BBAS-INV-210117 PO_B10_006729,106625,2275,0,0,104350,INR,2026-08-12T12:16:00Z,BATCH-BBAS-6729
PO_B10_006730,Stripe India,MMTR-INV-211855 PO_B10_006730,31815,565,0,0,31250,INR,2026-08-11T22:02:00Z,BATCH-MMTR-6730
PO_B10_006731,PayU Enterprise,SWIG-INV-304510 PO_B10_006731,117394,2468,0,0,114926,INR,2026-08-12T17:08:00Z,BATCH-SWIG-6731
PO_B10_006732,BillDesk Settlement,BKMS-ORD-394820 BKMS-ORD-448454 BKMS-ORD-345630 BATCH-BKMS-6732,387215,7744,0,0,379471,INR,2026-08-11T21:29:00Z,BATCH-BKMS-6732
PO_B10_006733,PayU Enterprise,ZOMA-INV-988116 PO_B10_006733,143069,3068,0,0,140001,INR,2026-08-12T11:36:00Z,BATCH-ZOMA-6733
PO_B10_006734,Cashfree Escrow,PAYT-INV-639547 PO_B10_006734,333944,6836,0,0,327108,INR,2026-08-11T14:43:00Z,BATCH-PAYT-6734
PO_B10_006735,PayU Enterprise,FLPK-EXC-397897-UNRESOLVED,230325,4596,0,0,225729,INR,2026-08-12T17:56:00Z,HOLD-ESCROW
PO_B10_006736,Cashfree Escrow,NYKA-ORD-696860 NYKA-ORD-380572 BATCH-NYKA-6736,191950,3839,0,0,188111,INR,2026-08-12T02:57:00Z,BATCH-NYKA-6736
PO_B10_006737,Stripe India,JIOO-INV-909523 PO_B10_006737,112472,2554,0,0,109918,INR,2026-08-11T23:11:00Z,BATCH-JIOO-6737
PO_B10_006738,BillDesk Settlement,NYKA-INV-382475 PO_B10_006738,352102,7461,0,0,344641,INR,2026-08-11T19:12:00Z,BATCH-NYKA-6738
PO_B10_006739,Stripe India,TATA-INV-659242 PO_B10_006739,373420,8110,0,0,365310,INR,2026-08-11T20:37:00Z,BATCH-TATA-6739
PO_B10_006740,Stripe India,AMZN-INV-289208 PO_B10_006740,240343,3997,0,0,236346,INR,2026-08-11T15:52:00Z,BATCH-AMZN-6740
PO_B10_006741,BillDesk Settlement,PAYT-INV-808807 PO_B10_006741,208756,5161,0,0,203595,INR,2026-08-12T16:03:00Z,BATCH-PAYT-6741
PO_B10_006742,BillDesk Settlement,NYKA-INV-235741 PO_B10_006742,132342,3184,0,0,129158,INR,2026-08-12T12:44:00Z,BATCH-NYKA-6742
PO_B10_006743,PayU Enterprise,JIOO-INV-420177 PO_B10_006743,65546,1290,0,0,64256,INR,2026-08-12T07:26:00Z,BATCH-JIOO-6743
PO_B10_006744,Cashfree Escrow,AMZN-INV-837269 PO_B10_006744,107781,2138,0,0,105643,INR,2026-08-12T12:06:00Z,BATCH-AMZN-6744
PO_B10_006745,PayU Enterprise,ZOMA-INV-600914 PO_B10_006745,178126,4056,0,0,174070,INR,2026-08-12T05:57:00Z,BATCH-ZOMA-6745
PO_B10_006746,Cashfree Escrow,BKMS-INV-722553 PO_B10_006746,48131,972,0,0,47159,INR,2026-08-12T03:44:00Z,BATCH-BKMS-6746
PO_B10_006747,BillDesk Settlement,MYNT-INV-987814 PO_B10_006747,29551,492,0,0,29059,INR,2026-08-12T09:26:00Z,BATCH-MYNT-6747
PO_B10_006748,PayU Enterprise,UBER-INV-918311 PO_B10_006748,112133,2126,0,0,110007,INR,2026-08-12T20:25:00Z,BATCH-UBER-6748
PO_B10_006749,PayU Enterprise,MYNT-ORD-388204 MYNT-ORD-551739 BATCH-MYNT-6749,151796,3035,0,0,148761,INR,2026-08-12T13:47:00Z,BATCH-MYNT-6749
PO_B10_006750,PayU Enterprise,NYKA-INV-154790 PO_B10_006750,310342,5453,0,0,304889,INR,2026-08-12T21:15:00Z,BATCH-NYKA-6750
PO_B10_006751,PayU Enterprise,BLNK-INV-261850 PO_B10_006751,195634,3764,0,0,191870,INR,2026-08-11T22:45:00Z,BATCH-BLNK-6751
PO_B10_006752,Razorpay Nodal,FLPK-INV-427944 PO_B10_006752,195716,3385,0,0,192331,INR,2026-08-12T20:49:00Z,BATCH-FLPK-6752
PO_B10_006753,BillDesk Settlement,PHNP-INV-411386 PO_B10_006753,219421,4821,0,0,214600,INR,2026-08-12T01:37:00Z,BATCH-PHNP-6753
PO_B10_006754,BillDesk Settlement,OLAA-INV-899068 PO_B10_006754,107503,1646,0,0,105857,INR,2026-08-11T16:12:00Z,BATCH-OLAA-6754
PO_B10_006755,Cashfree Escrow,JIOO-INV-139063 PO_B10_006755,185764,3467,0,0,182297,INR,2026-08-12T16:31:00Z,BATCH-JIOO-6755
PO_B10_006756,Cashfree Escrow,PHNP-INV-738897 PO_B10_006756,253064,4310,0,0,248754,INR,2026-08-12T22:04:00Z,BATCH-PHNP-6756
PO_B10_006757,Cashfree Escrow,JIOO-INV-721155 PO_B10_006757,128694,2822,0,0,125872,INR,2026-08-12T10:18:00Z,BATCH-JIOO-6757
PO_B10_006758,Cashfree Escrow,NYKA-ORD-263941 NYKA-ORD-972941 NYKA-ORD-606121 BATCH-NYKA-6758,572901,11458,0,0,561443,INR,2026-08-12T09:41:00Z,BATCH-NYKA-6758
PO_B10_006759,Razorpay Nodal,FLPK-INV-249781 PO_B10_006759,261851,4105,0,0,257746,INR,2026-08-12T13:27:00Z,BATCH-FLPK-6759
PO_B10_006760,Razorpay Nodal,OLAA-INV-181128 PO_B10_006760,128371,2445,0,0,125926,INR,2026-08-12T11:28:00Z,BATCH-OLAA-6760
PO_B10_006761,Stripe India,AMZN-INV-757729 PO_B10_006761,446878,9029,0,0,437849,INR,2026-08-12T09:17:00Z,BATCH-AMZN-6761
PO_B10_006762,Stripe India,BKMS-INV-178605 PO_B10_006762,284421,6231,0,0,278190,INR,2026-08-12T12:58:00Z,BATCH-BKMS-6762
PO_B10_006763,Razorpay Nodal,ZOMA-INV-329547 PO_B10_006763,276663,4255,0,0,272408,INR,2026-08-12T01:09:00Z,BATCH-ZOMA-6763
PO_B10_006764,Stripe India,BLNK-INV-102143 PO_B10_006764,77063,1791,0,0,75272,INR,2026-08-12T02:59:00Z,BATCH-BLNK-6764
PO_B10_006765,PayU Enterprise,TATA-INV-737826 PO_B10_006765,135829,2062,0,0,133767,INR,2026-08-12T07:05:00Z,BATCH-TATA-6765
PO_B10_006766,Cashfree Escrow,ZOMA-INV-147645 PO_B10_006766,204483,4134,0,0,200349,INR,2026-08-12T13:40:00Z,BATCH-ZOMA-6766
PO_B10_006767,BillDesk Settlement,PHNP-INV-853976 PO_B10_006767,274477,5906,0,0,268571,INR,2026-08-12T11:27:00Z,BATCH-PHNP-6767
PO_B10_006768,Stripe India,SWIG-INV-993887 PO_B10_006768,31068,766,0,0,30302,INR,2026-08-12T13:08:00Z,BATCH-SWIG-6768
PO_B10_006769,BillDesk Settlement,MYNT-ORD-493099 MYNT-ORD-614131 MYNT-ORD-247715 BATCH-MYNT-6769,397537,7950,0,0,389587,INR,2026-08-12T03:59:00Z,BATCH-MYNT-6769
PO_B10_006770,Cashfree Escrow,AMZN-INV-344333 PO_B10_006770,120810,2654,0,0,118156,INR,2026-08-11T19:45:00Z,BATCH-AMZN-6770
PO_B10_006771,BillDesk Settlement,ZOMA-INV-175224 PO_B10_006771,142753,3271,0,0,139482,INR,2026-08-12T21:30:00Z,BATCH-ZOMA-6771
PO_B10_006772,BillDesk Settlement,MYNT-ORD-114469 MYNT-ORD-863684 BATCH-MYNT-6772,287121,5742,0,0,281379,INR,2026-08-12T07:48:00Z,BATCH-MYNT-6772
PO_B10_006773,Razorpay Nodal,AMZN-INV-215806 PO_B10_006773,253489,5829,0,0,247660,INR,2026-08-12T20:32:00Z,BATCH-AMZN-6773
PO_B10_006774,PayU Enterprise,FLPK-ORD-935297 FLPK-ORD-453733 BATCH-FLPK-6774,323030,6460,0,0,316570,INR,2026-08-12T06:03:00Z,BATCH-FLPK-6774
PO_B10_006775,Cashfree Escrow,PHNP-INV-369786 PO_B10_006775,351451,7146,0,0,344305,INR,2026-08-12T07:58:00Z,BATCH-PHNP-6775
PO_B10_006776,Stripe India,BKMS-INV-632564 PO_B10_006776,420224,7551,0,0,412673,INR,2026-08-12T08:31:00Z,BATCH-BKMS-6776
PO_B10_006777,Razorpay Nodal,SWIG-INV-893040 PO_B10_006777,433740,10265,0,0,423475,INR,2026-08-12T07:26:00Z,BATCH-SWIG-6777
PO_B10_006778,PayU Enterprise,JIOO-INV-821387 PO_B10_006778,191482,3509,0,0,187973,INR,2026-08-11T22:53:00Z,BATCH-JIOO-6778
PO_B10_006779,Stripe India,ZOMA-INV-693994 PO_B10_006779,172960,2935,0,0,170025,INR,2026-08-12T19:46:00Z,BATCH-ZOMA-6779
PO_B10_006780,Razorpay Nodal,AMZN-INV-496288 PO_B10_006780,378604,7325,0,0,371279,INR,2026-08-12T04:40:00Z,BATCH-AMZN-6780
PO_B10_006781,BillDesk Settlement,BBAS-INV-603392 PO_B10_006781,401837,7903,0,0,393934,INR,2026-08-12T06:22:00Z,BATCH-BBAS-6781
PO_B10_006782,BillDesk Settlement,UBER-INV-845215 PO_B10_006782,319792,7806,0,0,311986,INR,2026-08-12T09:31:00Z,BATCH-UBER-6782
PO_B10_006783,BillDesk Settlement,MMTR-INV-142315 PO_B10_006783,238752,3761,0,0,234991,INR,2026-08-11T21:35:00Z,BATCH-MMTR-6783
PO_B10_006784,Stripe India,SWIG-INV-713047 PO_B10_006784,413496,9614,0,0,403882,INR,2026-08-11T21:39:00Z,BATCH-SWIG-6784
PO_B10_006785,Razorpay Nodal,OLAA-INV-323259 PO_B10_006785,329501,6643,0,0,322858,INR,2026-08-11T21:16:00Z,BATCH-OLAA-6785
PO_B10_006786,PayU Enterprise,ZOMA-INV-265358 PO_B10_006786,297407,5193,0,0,292214,INR,2026-08-11T18:14:00Z,BATCH-ZOMA-6786
PO_B10_006787,Cashfree Escrow,NYKA-INV-352504 PO_B10_006787,403928,9829,0,0,394099,INR,2026-08-12T09:51:00Z,BATCH-NYKA-6787
PO_B10_006788,Cashfree Escrow,AMZN-ORD-287224 AMZN-ORD-245052 AMZN-ORD-718193 BATCH-AMZN-6788,469420,9388,0,0,460032,INR,2026-08-12T11:17:00Z,BATCH-AMZN-6788
PO_B10_006789,PayU Enterprise,FLPK-INV-791902 PO_B10_006789,243377,5671,0,0,237706,INR,2026-08-12T04:38:00Z,BATCH-FLPK-6789
PO_B10_006790,Cashfree Escrow,AMZN-ORD-453010 AMZN-ORD-713060 AMZN-ORD-908210 BATCH-AMZN-6790,179750,3595,0,0,176155,INR,2026-08-12T03:03:00Z,BATCH-AMZN-6790
PO_B10_006791,Cashfree Escrow,BKMS-INV-744824 PO_B10_006791,256285,4338,0,0,251947,INR,2026-08-12T10:37:00Z,BATCH-BKMS-6791
PO_B10_006792,Razorpay Nodal,ZOMA-INV-634648 PO_B10_006792,436016,9915,0,0,426101,INR,2026-08-12T13:06:00Z,BATCH-ZOMA-6792
PO_B10_006793,BillDesk Settlement,MMTR-INV-803212 PO_B10_006793,419955,7501,0,0,412454,INR,2026-08-12T07:25:00Z,BATCH-MMTR-6793
PO_B10_006794,Cashfree Escrow,MYNT-ORD-479553 MYNT-ORD-261244 BATCH-MYNT-6794,206012,4120,0,0,201892,INR,2026-08-11T21:24:00Z,BATCH-MYNT-6794
PO_B10_006795,BillDesk Settlement,FLPK-INV-511611 PO_B10_006795,362414,6955,0,0,355459,INR,2026-08-11T23:28:00Z,BATCH-FLPK-6795
PO_B10_006796,Stripe India,PHNP-INV-471626 PO_B10_006796,346954,8035,0,0,338919,INR,2026-08-12T07:34:00Z,BATCH-PHNP-6796
PO_B10_006797,BillDesk Settlement,ZOMA-INV-258440 PO_B10_006797,66178,1407,0,0,64771,INR,2026-08-12T03:16:00Z,BATCH-ZOMA-6797
PO_B10_006798,Cashfree Escrow,SWIG-INV-956901 PO_B10_006798,401792,9615,0,0,392177,INR,2026-08-12T17:46:00Z,BATCH-SWIG-6798
PO_B10_006799,Stripe India,JIOO-INV-481443 PO_B10_006799,58780,899,0,0,57881,INR,2026-08-12T21:21:00Z,BATCH-JIOO-6799
PO_B10_006800,PayU Enterprise,SWIG-INV-140586 PO_B10_006800,234533,4761,0,0,229772,INR,2026-08-12T02:20:00Z,BATCH-SWIG-6800
PO_B10_006801,Razorpay Nodal,ZOMA-ORD-696382 ZOMA-ORD-990169 ZOMA-ORD-475248 BATCH-ZOMA-6801,457375,9147,0,0,448228,INR,2026-08-11T23:12:00Z,BATCH-ZOMA-6801
PO_B10_006802,BillDesk Settlement,JIOO-ORD-889314 JIOO-ORD-967073 BATCH-JIOO-6802,69948,1398,0,0,68550,INR,2026-08-12T08:09:00Z,BATCH-JIOO-6802
PO_B10_006803,Cashfree Escrow,FLPK-INV-825841 PO_B10_006803,99603,2368,0,0,97235,INR,2026-08-12T09:41:00Z,BATCH-FLPK-6803
PO_B10_006804,PayU Enterprise,BLNK-ORD-815749 BLNK-ORD-745718 BATCH-BLNK-6804,350223,7004,0,0,343219,INR,2026-08-12T19:20:00Z,BATCH-BLNK-6804
PO_B10_006805,Cashfree Escrow,SWIG-ORD-990311 SWIG-ORD-392637 SWIG-ORD-563201 BATCH-SWIG-6805,467273,9345,0,0,457928,INR,2026-08-12T17:21:00Z,BATCH-SWIG-6805
PO_B10_006806,PayU Enterprise,OLAA-ORD-903762 OLAA-ORD-389874 BATCH-OLAA-6806,329089,6581,0,0,322508,INR,2026-08-12T09:19:00Z,BATCH-OLAA-6806
PO_B10_006807,BillDesk Settlement,BKMS-INV-343350 PO_B10_006807,252054,3817,0,0,248237,INR,2026-08-12T02:33:00Z,BATCH-BKMS-6807
PO_B10_006808,Stripe India,BKMS-INV-617299 PO_B10_006808,247887,5699,0,0,242188,INR,2026-08-12T21:11:00Z,BATCH-BKMS-6808
PO_B10_006809,Stripe India,BBAS-INV-500480 PO_B10_006809,340317,7904,0,0,332413,INR,2026-08-12T16:41:00Z,BATCH-BBAS-6809
PO_B10_006810,PayU Enterprise,MYNT-INV-603935 PO_B10_006810,360609,7538,0,0,353071,INR,2026-08-12T16:02:00Z,BATCH-MYNT-6810
PO_B10_006811,Stripe India,BBAS-INV-619582 PO_B10_006811,433856,7075,0,0,426781,INR,2026-08-12T09:02:00Z,BATCH-BBAS-6811
PO_B10_006812,Razorpay Nodal,FLPK-INV-535717 PO_B10_006812,110923,1668,0,0,109255,INR,2026-08-12T06:15:00Z,BATCH-FLPK-6812
PO_B10_006813,BillDesk Settlement,MMTR-ORD-314367 MMTR-ORD-116801 MMTR-ORD-928556 BATCH-MMTR-6813,342624,6852,0,0,335772,INR,2026-08-11T21:41:00Z,BATCH-MMTR-6813
PO_B10_006814,Razorpay Nodal,SWIG-INV-896673 PO_B10_006814,303652,5833,0,0,297819,INR,2026-08-12T22:41:00Z,BATCH-SWIG-6814
PO_B10_006815,BillDesk Settlement,MMTR-EXC-363266-UNRESOLVED,285439,5698,0,0,279741,INR,2026-08-13T06:59:00Z,HOLD-ESCROW
PO_B10_006816,PayU Enterprise,JIOO-INV-322289 PO_B10_006816,228264,4595,0,0,223669,INR,2026-08-12T09:18:00Z,BATCH-JIOO-6816
PO_B10_006817,PayU Enterprise,OLAA-EXC-339701-UNRESOLVED,287491,5739,0,0,281752,INR,2026-08-12T14:23:00Z,HOLD-ESCROW
PO_B10_006818,BillDesk Settlement,MYNT-INV-656985 PO_B10_006818,70753,1280,0,0,69473,INR,2026-08-12T18:28:00Z,BATCH-MYNT-6818
PO_B10_006819,PayU Enterprise,FLPK-INV-330293 PO_B10_006819,63433,1027,0,0,62406,INR,2026-08-12T08:33:00Z,BATCH-FLPK-6819
PO_B10_006820,Cashfree Escrow,JIOO-INV-551255 PO_B10_006820,312438,6964,0,0,305474,INR,2026-08-12T09:46:00Z,BATCH-JIOO-6820
PO_B10_006821,Razorpay Nodal,OLAA-INV-806967 PO_B10_006821,203878,4649,0,0,199229,INR,2026-08-11T22:18:00Z,BATCH-OLAA-6821
PO_B10_006822,BillDesk Settlement,BBAS-INV-842695 PO_B10_006822,144178,2887,0,0,141291,INR,2026-08-12T23:35:00Z,BATCH-BBAS-6822
PO_B10_006823,PayU Enterprise,BBAS-INV-535831 PO_B10_006823,120847,3014,0,0,117833,INR,2026-08-12T04:45:00Z,BATCH-BBAS-6823
PO_B10_006824,BillDesk Settlement,ZOMA-EXC-208808-UNRESOLVED,102029,2030,0,0,99999,INR,2026-08-12T20:36:00Z,HOLD-ESCROW
PO_B10_006825,BillDesk Settlement,TATA-ORD-165896 TATA-ORD-496523 BATCH-TATA-6825,206347,4126,0,0,202221,INR,2026-08-12T16:35:00Z,BATCH-TATA-6825
PO_B10_006826,PayU Enterprise,NYKA-ORD-393312 NYKA-ORD-535551 NYKA-ORD-120144 BATCH-NYKA-6826,311652,6233,0,0,305419,INR,2026-08-12T07:14:00Z,BATCH-NYKA-6826
PO_B10_006827,BillDesk Settlement,BKMS-INV-167075 PO_B10_006827,84674,1844,0,0,82830,INR,2026-08-12T00:16:00Z,BATCH-BKMS-6827
PO_B10_006828,Cashfree Escrow,BKMS-ORD-293849 BKMS-ORD-447864 BATCH-BKMS-6828,89130,1782,0,0,87348,INR,2026-08-12T01:58:00Z,BATCH-BKMS-6828
PO_B10_006829,Cashfree Escrow,BLNK-INV-433457 PO_B10_006829,80289,1962,0,0,78327,INR,2026-08-11T22:25:00Z,BATCH-BLNK-6829
PO_B10_006830,Cashfree Escrow,UBER-INV-601987 PO_B10_006830,42833,732,0,0,42101,INR,2026-08-11T23:37:00Z,BATCH-UBER-6830
PO_B10_006831,Razorpay Nodal,AMZN-INV-923487 PO_B10_006831,422596,9459,0,0,413137,INR,2026-08-12T14:48:00Z,BATCH-AMZN-6831
PO_B10_006832,Razorpay Nodal,MYNT-ORD-164524 MYNT-ORD-701266 BATCH-MYNT-6832,129161,2583,0,0,126578,INR,2026-08-12T02:28:00Z,BATCH-MYNT-6832
PO_B10_006833,Cashfree Escrow,BKMS-INV-533253 PO_B10_006833,264196,4242,0,0,259954,INR,2026-08-12T08:24:00Z,BATCH-BKMS-6833
PO_B10_006834,Cashfree Escrow,TATA-ORD-433238 TATA-ORD-340564 BATCH-TATA-6834,390097,7801,0,0,382296,INR,2026-08-12T06:27:00Z,BATCH-TATA-6834
PO_B10_006835,Cashfree Escrow,SWIG-INV-971195 PO_B10_006835,277435,5729,0,0,271706,INR,2026-08-11T19:51:00Z,BATCH-SWIG-6835
PO_B10_006836,PayU Enterprise,JIOO-INV-812864 PO_B10_006836,318719,6018,0,0,312701,INR,2026-08-12T07:17:00Z,BATCH-JIOO-6836
PO_B10_006837,Stripe India,UBER-INV-426400 PO_B10_006837,249311,4877,0,0,244434,INR,2026-08-11T21:33:00Z,BATCH-UBER-6837
PO_B10_006838,Razorpay Nodal,BKMS-INV-709447 PO_B10_006838,225106,4264,0,0,220842,INR,2026-08-12T21:51:00Z,BATCH-BKMS-6838
PO_B10_006839,Cashfree Escrow,MMTR-INV-953173 PO_B10_006839,381300,7143,0,0,374157,INR,2026-08-12T18:22:00Z,BATCH-MMTR-6839
PO_B10_006840,Razorpay Nodal,BKMS-INV-140098 PO_B10_006840,222086,4585,0,0,217501,INR,2026-08-12T16:11:00Z,BATCH-BKMS-6840
PO_B10_006841,Razorpay Nodal,NYKA-ORD-448669 NYKA-ORD-440726 BATCH-NYKA-6841,238878,4777,0,0,234101,INR,2026-08-12T01:55:00Z,BATCH-NYKA-6841
PO_B10_006842,PayU Enterprise,OLAA-INV-775503 PO_B10_006842,74540,1806,0,0,72734,INR,2026-08-12T01:16:00Z,BATCH-OLAA-6842
PO_B10_006843,Cashfree Escrow,PHNP-ORD-586848 PHNP-ORD-359030 BATCH-PHNP-6843,213065,4261,0,0,208804,INR,2026-08-12T01:09:00Z,BATCH-PHNP-6843
PO_B10_006844,Cashfree Escrow,BKMS-INV-819073 PO_B10_006844,297631,6894,0,0,290737,INR,2026-08-12T23:53:00Z,BATCH-BKMS-6844
PO_B10_006845,Cashfree Escrow,JIOO-INV-738980 PO_B10_006845,96527,1910,0,0,94617,INR,2026-08-11T21:43:00Z,BATCH-JIOO-6845
PO_B10_006846,BillDesk Settlement,FLPK-INV-198824 PO_B10_006846,137786,2301,0,0,135485,INR,2026-08-11T19:39:00Z,BATCH-FLPK-6846
PO_B10_006847,BillDesk Settlement,MYNT-ORD-537618 MYNT-ORD-758273 BATCH-MYNT-6847,300767,6015,0,0,294752,INR,2026-08-12T04:05:00Z,BATCH-MYNT-6847
PO_B10_006848,PayU Enterprise,PAYT-INV-509372 PO_B10_006848,160957,2738,0,0,158219,INR,2026-08-11T22:34:00Z,BATCH-PAYT-6848
PO_B10_006849,Cashfree Escrow,JIOO-INV-155949 PO_B10_006849,42248,904,0,0,41344,INR,2026-08-12T11:18:00Z,BATCH-JIOO-6849
PO_B10_006850,Stripe India,JIOO-INV-548952 PO_B10_006850,309427,7617,0,0,301810,INR,2026-08-12T00:15:00Z,BATCH-JIOO-6850
PO_B10_006851,PayU Enterprise,TATA-INV-621772 PO_B10_006851,284373,6613,0,0,277760,INR,2026-08-11T15:08:00Z,BATCH-TATA-6851
PO_B10_006852,BillDesk Settlement,PHNP-INV-720554 PO_B10_006852,55024,1030,0,0,53994,INR,2026-08-12T20:22:00Z,BATCH-PHNP-6852
PO_B10_006853,BillDesk Settlement,OLAA-ORD-735574 OLAA-ORD-278764 BATCH-OLAA-6853,477245,9544,0,0,467701,INR,2026-08-12T15:21:00Z,BATCH-OLAA-6853
PO_B10_006854,BillDesk Settlement,PHNP-ORD-728380 PHNP-ORD-198151 PHNP-ORD-330343 BATCH-PHNP-6854,425522,8510,0,0,417012,INR,2026-08-12T00:24:00Z,BATCH-PHNP-6854
PO_B10_006855,BillDesk Settlement,NYKA-INV-225583 PO_B10_006855,134164,2813,0,0,131351,INR,2026-08-11T20:32:00Z,BATCH-NYKA-6855
PO_B10_006856,Cashfree Escrow,NYKA-INV-206838 PO_B10_006856,309258,5731,0,0,303527,INR,2026-08-12T05:36:00Z,BATCH-NYKA-6856
PO_B10_006857,Razorpay Nodal,MMTR-INV-184868 PO_B10_006857,414649,9926,0,0,404723,INR,2026-08-13T01:01:00Z,BATCH-MMTR-6857
PO_B10_006858,Stripe India,NYKA-INV-808050 PO_B10_006858,54472,843,0,0,53629,INR,2026-08-12T04:25:00Z,BATCH-NYKA-6858
PO_B10_006859,BillDesk Settlement,BKMS-INV-728207 PO_B10_006859,332567,7973,0,0,324594,INR,2026-08-12T21:29:00Z,BATCH-BKMS-6859
PO_B10_006860,PayU Enterprise,MYNT-INV-111259 PO_B10_006860,61216,1518,0,0,59698,INR,2026-08-12T02:54:00Z,BATCH-MYNT-6860
PO_B10_006861,Stripe India,PAYT-INV-593291 PO_B10_006861,163006,2631,0,0,160375,INR,2026-08-12T02:38:00Z,BATCH-PAYT-6861
PO_B10_006862,PayU Enterprise,BLNK-INV-527279 PO_B10_006862,314546,6506,0,0,308040,INR,2026-08-12T17:49:00Z,BATCH-BLNK-6862
PO_B10_006863,BillDesk Settlement,PHNP-INV-798891 PO_B10_006863,396233,5999,0,0,390234,INR,2026-08-12T07:01:00Z,BATCH-PHNP-6863
PO_B10_006864,PayU Enterprise,SWIG-EXC-250841-UNRESOLVED,109800,2186,0,0,107614,INR,2026-08-12T13:28:00Z,HOLD-ESCROW
PO_B10_006865,BillDesk Settlement,UBER-INV-677268 PO_B10_006865,414912,6630,0,0,408282,INR,2026-08-12T22:44:00Z,BATCH-UBER-6865
PO_B10_006866,BillDesk Settlement,PAYT-INV-856708 PO_B10_006866,37424,591,0,0,36833,INR,2026-08-12T16:14:00Z,BATCH-PAYT-6866
PO_B10_006867,Razorpay Nodal,JIOO-INV-764910 PO_B10_006867,422864,9149,0,0,413715,INR,2026-08-11T19:19:00Z,BATCH-JIOO-6867
PO_B10_006868,Stripe India,AMZN-ORD-170595 AMZN-ORD-469696 AMZN-ORD-970403 BATCH-AMZN-6868,401460,8029,0,0,393431,INR,2026-08-12T19:43:00Z,BATCH-AMZN-6868
PO_B10_006869,Stripe India,JIOO-INV-978012 PO_B10_006869,432129,7853,0,0,424276,INR,2026-08-11T23:43:00Z,BATCH-JIOO-6869
PO_B10_006870,Razorpay Nodal,SWIG-INV-944164 PO_B10_006870,233822,5332,0,0,228490,INR,2026-08-12T13:17:00Z,BATCH-SWIG-6870
PO_B10_006871,Stripe India,PHNP-INV-306631 PO_B10_006871,308821,6316,0,0,302505,INR,2026-08-12T21:31:00Z,BATCH-PHNP-6871
PO_B10_006872,Cashfree Escrow,SWIG-INV-607781 PO_B10_006872,68739,1182,0,0,67557,INR,2026-08-12T08:08:00Z,BATCH-SWIG-6872
PO_B10_006873,BillDesk Settlement,NYKA-INV-574187 PO_B10_006873,310808,7681,0,0,303127,INR,2026-08-12T12:18:00Z,BATCH-NYKA-6873
PO_B10_006874,Cashfree Escrow,SWIG-ORD-545270 SWIG-ORD-591673 SWIG-ORD-190747 BATCH-SWIG-6874,524465,10489,0,0,513976,INR,2026-08-12T01:24:00Z,BATCH-SWIG-6874
PO_B10_006875,Stripe India,PHNP-INV-942109 PO_B10_006875,239104,5739,0,0,233365,INR,2026-08-11T17:18:00Z,BATCH-PHNP-6875
PO_B10_006876,Razorpay Nodal,BLNK-INV-433290 PO_B10_006876,365184,7353,0,0,357831,INR,2026-08-11T21:05:00Z,BATCH-BLNK-6876
PO_B10_006877,Razorpay Nodal,ZOMA-EXC-191331-UNRESOLVED,85928,1708,0,0,84220,INR,2026-08-12T12:30:00Z,HOLD-ESCROW
PO_B10_006878,Stripe India,OLAA-ORD-993274 OLAA-ORD-251060 OLAA-ORD-111627 BATCH-OLAA-6878,317421,6348,0,0,311073,INR,2026-08-12T09:36:00Z,BATCH-OLAA-6878
PO_B10_006879,BillDesk Settlement,UBER-INV-874630 PO_B10_006879,235983,3957,0,0,232026,INR,2026-08-11T23:56:00Z,BATCH-UBER-6879
PO_B10_006880,Cashfree Escrow,BLNK-ORD-814019 BLNK-ORD-511689 BLNK-ORD-439248 BATCH-BLNK-6880,471543,9430,0,0,462113,INR,2026-08-12T02:41:00Z,BATCH-BLNK-6880
PO_B10_006881,PayU Enterprise,ZOMA-INV-741867 PO_B10_006881,379292,9334,0,0,369958,INR,2026-08-12T06:52:00Z,BATCH-ZOMA-6881
PO_B10_006882,BillDesk Settlement,BLNK-ORD-602019 BLNK-ORD-887645 BLNK-ORD-459310 BATCH-BLNK-6882,266793,5335,0,0,261458,INR,2026-08-12T18:08:00Z,BATCH-BLNK-6882
PO_B10_006883,Razorpay Nodal,BLNK-INV-189162 PO_B10_006883,352365,8713,0,0,343652,INR,2026-08-12T16:56:00Z,BATCH-BLNK-6883
PO_B10_006884,Cashfree Escrow,MMTR-INV-787064 PO_B10_006884,55292,833,0,0,54459,INR,2026-08-12T06:58:00Z,BATCH-MMTR-6884
PO_B10_006885,Razorpay Nodal,PAYT-ORD-265501 PAYT-ORD-931310 BATCH-PAYT-6885,331940,6638,0,0,325302,INR,2026-08-12T00:16:00Z,BATCH-PAYT-6885
PO_B10_006886,BillDesk Settlement,JIOO-INV-937107 PO_B10_006886,336285,7819,0,0,328466,INR,2026-08-11T19:28:00Z,BATCH-JIOO-6886
PO_B10_006887,BillDesk Settlement,FLPK-EXC-341057-UNRESOLVED,250553,5001,0,0,245552,INR,2026-08-12T12:51:00Z,HOLD-ESCROW
PO_B10_006888,BillDesk Settlement,BKMS-INV-581449 PO_B10_006888,100059,1789,0,0,98270,INR,2026-08-12T06:35:00Z,BATCH-BKMS-6888
PO_B10_006889,Cashfree Escrow,JIOO-INV-218598 PO_B10_006889,29773,477,0,0,29296,INR,2026-08-12T15:55:00Z,BATCH-JIOO-6889
PO_B10_006890,BillDesk Settlement,PAYT-INV-423690 PO_B10_006890,29116,693,0,0,28423,INR,2026-08-12T20:46:00Z,BATCH-PAYT-6890
PO_B10_006891,Stripe India,PHNP-ORD-445530 PHNP-ORD-192235 BATCH-PHNP-6891,162172,3243,0,0,158929,INR,2026-08-12T11:55:00Z,BATCH-PHNP-6891
PO_B10_006892,Cashfree Escrow,UBER-INV-122114 PO_B10_006892,432471,9435,0,0,423036,INR,2026-08-12T05:38:00Z,BATCH-UBER-6892
PO_B10_006893,Cashfree Escrow,UBER-ORD-505973 UBER-ORD-240408 BATCH-UBER-6893,79805,1596,0,0,78209,INR,2026-08-12T09:45:00Z,BATCH-UBER-6893
PO_B10_006894,Stripe India,JIOO-INV-996888 PO_B10_006894,179751,3531,0,0,176220,INR,2026-08-13T01:11:00Z,BATCH-JIOO-6894
PO_B10_006895,PayU Enterprise,JIOO-INV-850443 PO_B10_006895,171066,4103,0,0,166963,INR,2026-08-12T16:29:00Z,BATCH-JIOO-6895
PO_B10_006896,Stripe India,PAYT-INV-468384 PO_B10_006896,162663,3173,0,0,159490,INR,2026-08-12T00:16:00Z,BATCH-PAYT-6896
PO_B10_006897,Cashfree Escrow,JIOO-INV-200380 PO_B10_006897,275202,6341,0,0,268861,INR,2026-08-12T07:50:00Z,BATCH-JIOO-6897
PO_B10_006898,BillDesk Settlement,ZOMA-EXC-863177-UNRESOLVED,84179,1673,0,0,82506,INR,2026-08-12T21:49:00Z,HOLD-ESCROW
PO_B10_006899,Razorpay Nodal,BKMS-ORD-810795 BKMS-ORD-571678 BATCH-BKMS-6899,360067,7201,0,0,352866,INR,2026-08-12T16:14:00Z,BATCH-BKMS-6899
PO_B10_006900,Razorpay Nodal,FLPK-INV-767926 PO_B10_006900,39089,639,0,0,38450,INR,2026-08-12T07:44:00Z,BATCH-FLPK-6900
PO_B10_006901,PayU Enterprise,JIOO-INV-315661 PO_B10_006901,251685,4350,0,0,247335,INR,2026-08-12T19:45:00Z,BATCH-JIOO-6901
PO_B10_006902,Razorpay Nodal,ZOMA-INV-105520 PO_B10_006902,403396,8823,0,0,394573,INR,2026-08-12T13:42:00Z,BATCH-ZOMA-6902
PO_B10_006903,Cashfree Escrow,OLAA-INV-254613 PO_B10_006903,328519,5708,0,0,322811,INR,2026-08-12T13:02:00Z,BATCH-OLAA-6903
PO_B10_006904,BillDesk Settlement,AMZN-INV-488363 PO_B10_006904,137780,3386,0,0,134394,INR,2026-08-12T10:11:00Z,BATCH-AMZN-6904
PO_B10_006905,PayU Enterprise,UBER-INV-431654 PO_B10_006905,119788,2441,0,0,117347,INR,2026-08-12T12:46:00Z,BATCH-UBER-6905
PO_B10_006906,PayU Enterprise,UBER-INV-396564 PO_B10_006906,442498,7445,0,0,435053,INR,2026-08-12T15:25:00Z,BATCH-UBER-6906
PO_B10_006907,BillDesk Settlement,BBAS-INV-787983 PO_B10_006907,410572,7312,0,0,403260,INR,2026-08-12T05:30:00Z,BATCH-BBAS-6907
PO_B10_006908,PayU Enterprise,TATA-INV-800929 PO_B10_006908,338339,8343,0,0,329996,INR,2026-08-11T20:45:00Z,BATCH-TATA-6908
PO_B10_006909,Razorpay Nodal,FLPK-INV-921572 PO_B10_006909,271352,5940,0,0,265412,INR,2026-08-12T03:20:00Z,BATCH-FLPK-6909
PO_B10_006910,Stripe India,MYNT-INV-107335 PO_B10_006910,410380,9533,0,0,400847,INR,2026-08-11T13:19:00Z,BATCH-MYNT-6910
PO_B10_006911,Razorpay Nodal,OLAA-INV-388128 PO_B10_006911,249330,5387,0,0,243943,INR,2026-08-12T00:34:00Z,BATCH-OLAA-6911
PO_B10_006912,Razorpay Nodal,FLPK-ORD-418083 FLPK-ORD-665510 FLPK-ORD-923724 BATCH-FLPK-6912,616159,12323,0,0,603836,INR,2026-08-12T17:15:00Z,BATCH-FLPK-6912
PO_B10_006913,Stripe India,MMTR-ORD-701622 MMTR-ORD-616976 MMTR-ORD-698829 BATCH-MMTR-6913,155685,3113,0,0,152572,INR,2026-08-12T16:34:00Z,BATCH-MMTR-6913
PO_B10_006914,PayU Enterprise,MMTR-INV-740116 PO_B10_006914,133311,2787,0,0,130524,INR,2026-08-11T16:22:00Z,BATCH-MMTR-6914
PO_B10_006915,Stripe India,PAYT-INV-833422 PO_B10_006915,260825,6087,0,0,254738,INR,2026-08-12T11:36:00Z,BATCH-PAYT-6915
PO_B10_006916,Razorpay Nodal,UBER-INV-124360 PO_B10_006916,147832,3262,0,0,144570,INR,2026-08-12T14:10:00Z,BATCH-UBER-6916
PO_B10_006917,PayU Enterprise,OLAA-ORD-675002 OLAA-ORD-181508 BATCH-OLAA-6917,427601,8552,0,0,419049,INR,2026-08-12T13:52:00Z,BATCH-OLAA-6917
PO_B10_006918,Cashfree Escrow,NYKA-INV-878886 PO_B10_006918,116291,2768,0,0,113523,INR,2026-08-12T19:57:00Z,BATCH-NYKA-6918
PO_B10_006919,Stripe India,BLNK-INV-650157 PO_B10_006919,47575,730,0,0,46845,INR,2026-08-12T18:06:00Z,BATCH-BLNK-6919
PO_B10_006920,Stripe India,PHNP-INV-557057 PO_B10_006920,250899,4051,0,0,246848,INR,2026-08-12T04:22:00Z,BATCH-PHNP-6920
PO_B10_006921,Stripe India,FLPK-ORD-518538 FLPK-ORD-738346 FLPK-ORD-206949 BATCH-FLPK-6921,383238,7664,0,0,375574,INR,2026-08-12T07:48:00Z,BATCH-FLPK-6921
PO_B10_006922,Razorpay Nodal,JIOO-INV-424712 PO_B10_006922,233565,3565,0,0,230000,INR,2026-08-12T18:57:00Z,BATCH-JIOO-6922
PO_B10_006923,Cashfree Escrow,MMTR-INV-303157 PO_B10_006923,110847,1693,0,0,109154,INR,2026-08-12T18:59:00Z,BATCH-MMTR-6923
PO_B10_006924,PayU Enterprise,NYKA-ORD-795714 NYKA-ORD-351473 NYKA-ORD-173817 BATCH-NYKA-6924,245850,4917,0,0,240933,INR,2026-08-12T03:30:00Z,BATCH-NYKA-6924
PO_B10_006925,Cashfree Escrow,JIOO-ORD-386621 JIOO-ORD-109490 BATCH-JIOO-6925,377817,7556,0,0,370261,INR,2026-08-11T21:03:00Z,BATCH-JIOO-6925
PO_B10_006926,Razorpay Nodal,PAYT-INV-391702 PO_B10_006926,253910,6131,0,0,247779,INR,2026-08-12T16:45:00Z,BATCH-PAYT-6926
PO_B10_006927,Cashfree Escrow,BKMS-INV-380478 PO_B10_006927,81547,1521,0,0,80026,INR,2026-08-11T19:01:00Z,BATCH-BKMS-6927
PO_B10_006928,Cashfree Escrow,NYKA-INV-136205 PO_B10_006928,347271,7039,0,0,340232,INR,2026-08-12T06:29:00Z,BATCH-NYKA-6928
PO_B10_006929,Stripe India,OLAA-ORD-213815 OLAA-ORD-143733 BATCH-OLAA-6929,175849,3516,0,0,172333,INR,2026-08-12T10:58:00Z,BATCH-OLAA-6929
PO_B10_006930,BillDesk Settlement,JIOO-INV-719621 PO_B10_006930,28740,455,0,0,28285,INR,2026-08-12T06:47:00Z,BATCH-JIOO-6930
PO_B10_006931,BillDesk Settlement,ZOMA-INV-574567 PO_B10_006931,249225,3812,0,0,245413,INR,2026-08-12T07:21:00Z,BATCH-ZOMA-6931
PO_B10_006932,Cashfree Escrow,BBAS-INV-696480 PO_B10_006932,211447,3714,0,0,207733,INR,2026-08-11T15:42:00Z,BATCH-BBAS-6932
PO_B10_006933,Cashfree Escrow,JIOO-ORD-418997 JIOO-ORD-403521 JIOO-ORD-716058 BATCH-JIOO-6933,281494,5629,0,0,275865,INR,2026-08-12T05:51:00Z,BATCH-JIOO-6933
PO_B10_006934,PayU Enterprise,BLNK-INV-585328 PO_B10_006934,259940,4712,0,0,255228,INR,2026-08-12T21:13:00Z,BATCH-BLNK-6934
PO_B10_006935,PayU Enterprise,PAYT-INV-254872 PO_B10_006935,160810,3499,0,0,157311,INR,2026-08-12T01:40:00Z,BATCH-PAYT-6935
PO_B10_006936,Razorpay Nodal,OLAA-ORD-291918 OLAA-ORD-304720 BATCH-OLAA-6936,250560,5011,0,0,245549,INR,2026-08-12T09:31:00Z,BATCH-OLAA-6936
PO_B10_006937,PayU Enterprise,FLPK-INV-558890 PO_B10_006937,197091,3174,0,0,193917,INR,2026-08-12T06:23:00Z,BATCH-FLPK-6937
PO_B10_006938,Stripe India,MYNT-INV-711254 PO_B10_006938,189451,4182,0,0,185269,INR,2026-08-12T12:54:00Z,BATCH-MYNT-6938
PO_B10_006939,Stripe India,PAYT-INV-980749 PO_B10_006939,101914,1781,0,0,100133,INR,2026-08-12T10:31:00Z,BATCH-PAYT-6939
PO_B10_006940,BillDesk Settlement,SWIG-INV-506533 PO_B10_006940,426469,8726,0,0,417743,INR,2026-08-12T08:00:00Z,BATCH-SWIG-6940
PO_B10_006941,Stripe India,OLAA-INV-130246 PO_B10_006941,146445,2923,0,0,143522,INR,2026-08-12T04:53:00Z,BATCH-OLAA-6941
PO_B10_006942,PayU Enterprise,TATA-INV-861839 PO_B10_006942,263815,4048,0,0,259767,INR,2026-08-12T07:47:00Z,BATCH-TATA-6942
PO_B10_006943,BillDesk Settlement,PAYT-INV-965326 PO_B10_006943,216455,4850,0,0,211605,INR,2026-08-12T03:51:00Z,BATCH-PAYT-6943
PO_B10_006944,Razorpay Nodal,AMZN-INV-650011 PO_B10_006944,114866,2402,0,0,112464,INR,2026-08-12T17:21:00Z,BATCH-AMZN-6944
PO_B10_006945,PayU Enterprise,PHNP-INV-163822 PO_B10_006945,250912,4046,0,0,246866,INR,2026-08-11T14:03:00Z,BATCH-PHNP-6945
PO_B10_006946,Stripe India,TATA-ORD-436822 TATA-ORD-840822 BATCH-TATA-6946,256417,5128,0,0,251289,INR,2026-08-12T05:03:00Z,BATCH-TATA-6946
PO_B10_006947,Razorpay Nodal,JIOO-ORD-579859 JIOO-ORD-261995 JIOO-ORD-755008 BATCH-JIOO-6947,362155,7243,0,0,354912,INR,2026-08-12T14:03:00Z,BATCH-JIOO-6947
PO_B10_006948,Cashfree Escrow,FLPK-INV-381933 PO_B10_006948,298417,4911,0,0,293506,INR,2026-08-12T03:33:00Z,BATCH-FLPK-6948
PO_B10_006949,Razorpay Nodal,BLNK-INV-289230 PO_B10_006949,81162,1927,0,0,79235,INR,2026-08-11T17:42:00Z,BATCH-BLNK-6949
PO_B10_006950,Cashfree Escrow,JIOO-INV-159855 PO_B10_006950,243724,5139,0,0,238585,INR,2026-08-12T06:48:00Z,BATCH-JIOO-6950
PO_B10_006951,Stripe India,BLNK-INV-677042 PO_B10_006951,248572,3932,0,0,244640,INR,2026-08-12T20:24:00Z,BATCH-BLNK-6951
PO_B10_006952,Razorpay Nodal,ZOMA-INV-781865 PO_B10_006952,241453,5931,0,0,235522,INR,2026-08-12T20:33:00Z,BATCH-ZOMA-6952
PO_B10_006953,BillDesk Settlement,ZOMA-INV-138697 PO_B10_006953,268540,4910,0,0,263630,INR,2026-08-12T20:38:00Z,BATCH-ZOMA-6953
PO_B10_006954,Cashfree Escrow,ZOMA-INV-280178 PO_B10_006954,49298,1140,0,0,48158,INR,2026-08-12T05:17:00Z,BATCH-ZOMA-6954
PO_B10_006955,Cashfree Escrow,SWIG-EXC-588823-UNRESOLVED,267184,5333,0,0,261851,INR,2026-08-12T17:03:00Z,HOLD-ESCROW
PO_B10_006956,Cashfree Escrow,TATA-INV-485232 PO_B10_006956,181796,3212,0,0,178584,INR,2026-08-11T17:24:00Z,BATCH-TATA-6956
PO_B10_006957,Razorpay Nodal,ZOMA-EXC-318903-UNRESOLVED,90324,1796,0,0,88528,INR,2026-08-12T15:07:00Z,HOLD-ESCROW
PO_B10_006958,PayU Enterprise,MMTR-INV-140303 PO_B10_006958,191036,3566,0,0,187470,INR,2026-08-12T11:21:00Z,BATCH-MMTR-6958
PO_B10_006959,Stripe India,SWIG-EXC-416748-UNRESOLVED,99587,1981,0,0,97606,INR,2026-08-12T20:24:00Z,HOLD-ESCROW
PO_B10_006960,Cashfree Escrow,NYKA-ORD-268892 NYKA-ORD-231819 BATCH-NYKA-6960,267491,5349,0,0,262142,INR,2026-08-12T17:14:00Z,BATCH-NYKA-6960
PO_B10_006961,Stripe India,NYKA-INV-343165 PO_B10_006961,419706,7328,0,0,412378,INR,2026-08-12T06:38:00Z,BATCH-NYKA-6961
PO_B10_006962,Cashfree Escrow,AMZN-INV-339395 PO_B10_006962,214362,5078,0,0,209284,INR,2026-08-12T09:21:00Z,BATCH-AMZN-6962
PO_B10_006963,BillDesk Settlement,NYKA-INV-301029 PO_B10_006963,99430,1771,0,0,97659,INR,2026-08-11T22:01:00Z,BATCH-NYKA-6963
PO_B10_006964,Stripe India,JIOO-INV-597915 PO_B10_006964,426894,8737,0,0,418157,INR,2026-08-12T03:59:00Z,BATCH-JIOO-6964
PO_B10_006965,Razorpay Nodal,NYKA-ORD-654837 NYKA-ORD-975357 BATCH-NYKA-6965,269734,5394,0,0,264340,INR,2026-08-12T09:01:00Z,BATCH-NYKA-6965
PO_B10_006966,PayU Enterprise,BLNK-INV-294842 PO_B10_006966,54476,1334,0,0,53142,INR,2026-08-12T16:36:00Z,BATCH-BLNK-6966
PO_B10_006967,BillDesk Settlement,TATA-ORD-798416 TATA-ORD-615130 TATA-ORD-579178 BATCH-TATA-6967,466117,9322,0,0,456795,INR,2026-08-12T03:54:00Z,BATCH-TATA-6967
PO_B10_006968,Razorpay Nodal,ZOMA-INV-361132 PO_B10_006968,380533,7370,0,0,373163,INR,2026-08-12T10:32:00Z,BATCH-ZOMA-6968
PO_B10_006969,BillDesk Settlement,JIOO-INV-730630 PO_B10_006969,273659,5190,0,0,268469,INR,2026-08-12T20:13:00Z,BATCH-JIOO-6969
PO_B10_006970,Cashfree Escrow,TATA-ORD-382025 TATA-ORD-409318 BATCH-TATA-6970,375101,7502,0,0,367599,INR,2026-08-12T09:27:00Z,BATCH-TATA-6970
PO_B10_006971,Cashfree Escrow,NYKA-INV-234947 PO_B10_006971,123842,1903,0,0,121939,INR,2026-08-12T05:11:00Z,BATCH-NYKA-6971
PO_B10_006972,PayU Enterprise,OLAA-INV-777784 PO_B10_006972,359791,7313,0,0,352478,INR,2026-08-12T13:18:00Z,BATCH-OLAA-6972
PO_B10_006973,BillDesk Settlement,BBAS-INV-731965 PO_B10_006973,107980,1795,0,0,106185,INR,2026-08-12T02:58:00Z,BATCH-BBAS-6973
PO_B10_006974,PayU Enterprise,AMZN-INV-880639 PO_B10_006974,87421,1972,0,0,85449,INR,2026-08-12T16:21:00Z,BATCH-AMZN-6974
PO_B10_006975,BillDesk Settlement,BLNK-INV-897881 PO_B10_006975,223488,4134,0,0,219354,INR,2026-08-12T17:46:00Z,BATCH-BLNK-6975
PO_B10_006976,Cashfree Escrow,OLAA-EXC-660372-UNRESOLVED,245500,4900,0,0,240600,INR,2026-08-12T15:14:00Z,HOLD-ESCROW
PO_B10_006977,BillDesk Settlement,BLNK-INV-135354 PO_B10_006977,356476,6983,0,0,349493,INR,2026-08-12T04:41:00Z,BATCH-BLNK-6977
PO_B10_006978,PayU Enterprise,OLAA-INV-470155 PO_B10_006978,405471,10106,0,0,395365,INR,2026-08-12T15:29:00Z,BATCH-OLAA-6978
PO_B10_006979,Razorpay Nodal,BKMS-INV-603394 PO_B10_006979,374164,6186,0,0,367978,INR,2026-08-12T11:51:00Z,BATCH-BKMS-6979
PO_B10_006980,PayU Enterprise,FLPK-INV-744167 PO_B10_006980,193689,4426,0,0,189263,INR,2026-08-12T04:32:00Z,BATCH-FLPK-6980
PO_B10_006981,BillDesk Settlement,OLAA-INV-673548 PO_B10_006981,143849,2831,0,0,141018,INR,2026-08-12T00:42:00Z,BATCH-OLAA-6981
PO_B10_006982,Stripe India,MYNT-ORD-420030 MYNT-ORD-787869 BATCH-MYNT-6982,300802,6016,0,0,294786,INR,2026-08-12T19:23:00Z,BATCH-MYNT-6982
PO_B10_006983,Stripe India,NYKA-INV-990783 PO_B10_006983,436023,8126,0,0,427897,INR,2026-08-12T14:51:00Z,BATCH-NYKA-6983
PO_B10_006984,Cashfree Escrow,BLNK-INV-806979 PO_B10_006984,159303,3294,0,0,156009,INR,2026-08-12T16:52:00Z,BATCH-BLNK-6984
PO_B10_006985,Razorpay Nodal,PHNP-INV-859346 PO_B10_006985,257283,4890,0,0,252393,INR,2026-08-11T21:53:00Z,BATCH-PHNP-6985
PO_B10_006986,PayU Enterprise,PAYT-ORD-936413 PAYT-ORD-580015 PAYT-ORD-755925 BATCH-PAYT-6986,278414,5568,0,0,272846,INR,2026-08-12T03:37:00Z,BATCH-PAYT-6986
PO_B10_006987,PayU Enterprise,PHNP-ORD-779024 PHNP-ORD-948936 BATCH-PHNP-6987,264939,5298,0,0,259641,INR,2026-08-12T02:42:00Z,BATCH-PHNP-6987
PO_B10_006988,Stripe India,MYNT-INV-606329 PO_B10_006988,307591,6270,0,0,301321,INR,2026-08-12T01:57:00Z,BATCH-MYNT-6988
PO_B10_006989,BillDesk Settlement,AMZN-INV-434995 PO_B10_006989,308473,7530,0,0,300943,INR,2026-08-11T22:38:00Z,BATCH-AMZN-6989
PO_B10_006990,Stripe India,NYKA-INV-966528 PO_B10_006990,363623,9024,0,0,354599,INR,2026-08-12T09:38:00Z,BATCH-NYKA-6990
PO_B10_006991,Stripe India,BBAS-ORD-817288 BBAS-ORD-288363 BATCH-BBAS-6991,241205,4824,0,0,236381,INR,2026-08-12T04:55:00Z,BATCH-BBAS-6991
PO_B10_006992,BillDesk Settlement,SWIG-EXC-880624-UNRESOLVED,186418,3718,0,0,182700,INR,2026-08-13T02:32:00Z,HOLD-ESCROW
PO_B10_006993,Cashfree Escrow,PAYT-INV-738000 PO_B10_006993,86722,1612,0,0,85110,INR,2026-08-12T04:05:00Z,BATCH-PAYT-6993
PO_B10_006994,Razorpay Nodal,PAYT-INV-988572 PO_B10_006994,436374,10748,0,0,425626,INR,2026-08-12T15:47:00Z,BATCH-PAYT-6994
PO_B10_006995,BillDesk Settlement,TATA-EXC-533482-UNRESOLVED,112316,2236,0,0,110080,INR,2026-08-12T10:34:00Z,HOLD-ESCROW
PO_B10_006996,PayU Enterprise,UBER-INV-703755 PO_B10_006996,98372,1665,0,0,96707,INR,2026-08-12T08:58:00Z,BATCH-UBER-6996
PO_B10_006997,PayU Enterprise,TATA-INV-595743 PO_B10_006997,194409,4547,0,0,189862,INR,2026-08-12T08:48:00Z,BATCH-TATA-6997
PO_B10_006998,Cashfree Escrow,SWIG-INV-157422 PO_B10_006998,247365,4985,0,0,242380,INR,2026-08-12T10:26:00Z,BATCH-SWIG-6998
PO_B10_006999,Cashfree Escrow,TATA-ORD-981378 TATA-ORD-817108 BATCH-TATA-6999,433736,8674,0,0,425062,INR,2026-08-12T12:39:00Z,BATCH-TATA-6999
PO_B10_007000,Razorpay Nodal,BKMS-INV-439982 PO_B10_007000,268482,4132,0,0,264350,INR,2026-08-12T17:32:00Z,BATCH-BKMS-7000
PO_B10_007001,Razorpay Nodal,BKMS-ORD-581979 BKMS-ORD-304473 BKMS-ORD-138207 BATCH-BKMS-7001,311930,6238,0,0,305692,INR,2026-08-12T05:28:00Z,BATCH-BKMS-7001
PO_B10_007002,PayU Enterprise,BLNK-INV-345512 PO_B10_007002,335907,5396,0,0,330511,INR,2026-08-11T19:42:00Z,BATCH-BLNK-7002
PO_B10_007003,Stripe India,MMTR-INV-265815 PO_B10_007003,283067,6960,0,0,276107,INR,2026-08-12T06:19:00Z,BATCH-MMTR-7003
PO_B10_007004,PayU Enterprise,ZOMA-INV-325028 PO_B10_007004,350214,5656,0,0,344558,INR,2026-08-12T06:05:00Z,BATCH-ZOMA-7004
PO_B10_007005,Cashfree Escrow,ZOMA-INV-767059 PO_B10_007005,120809,2689,0,0,118120,INR,2026-08-12T12:30:00Z,BATCH-ZOMA-7005
PO_B10_007006,Cashfree Escrow,OLAA-ORD-188875 OLAA-ORD-281789 BATCH-OLAA-7006,439695,8793,0,0,430902,INR,2026-08-12T01:06:00Z,BATCH-OLAA-7006
PO_B10_007007,PayU Enterprise,ZOMA-ORD-757284 ZOMA-ORD-782312 ZOMA-ORD-446601 BATCH-ZOMA-7007,545673,10913,0,0,534760,INR,2026-08-12T01:04:00Z,BATCH-ZOMA-7007
PO_B10_007008,Cashfree Escrow,UBER-INV-122299 PO_B10_007008,238660,5908,0,0,232752,INR,2026-08-12T00:37:00Z,BATCH-UBER-7008
PO_B10_007009,Stripe India,UBER-INV-611843 PO_B10_007009,258905,5395,0,0,253510,INR,2026-08-12T02:37:00Z,BATCH-UBER-7009
PO_B10_007010,Stripe India,MMTR-INV-533880 PO_B10_007010,397576,7226,0,0,390350,INR,2026-08-11T23:08:00Z,BATCH-MMTR-7010
PO_B10_007011,BillDesk Settlement,MYNT-INV-224044 PO_B10_007011,385441,8003,0,0,377438,INR,2026-08-12T09:57:00Z,BATCH-MYNT-7011
PO_B10_007012,PayU Enterprise,AMZN-INV-780649 PO_B10_007012,133708,2138,0,0,131570,INR,2026-08-12T14:51:00Z,BATCH-AMZN-7012
PO_B10_007013,Razorpay Nodal,NYKA-INV-658997 PO_B10_007013,351216,7204,0,0,344012,INR,2026-08-11T19:46:00Z,BATCH-NYKA-7013
PO_B10_007014,PayU Enterprise,UBER-ORD-321491 UBER-ORD-655418 UBER-ORD-143670 BATCH-UBER-7014,504441,10088,0,0,494353,INR,2026-08-12T15:32:00Z,BATCH-UBER-7014
PO_B10_007015,BillDesk Settlement,BBAS-INV-499513 PO_B10_007015,72819,1331,0,0,71488,INR,2026-08-12T09:35:00Z,BATCH-BBAS-7015
PO_B10_007016,Stripe India,NYKA-INV-566205 PO_B10_007016,119394,2924,0,0,116470,INR,2026-08-12T05:51:00Z,BATCH-NYKA-7016
PO_B10_007017,PayU Enterprise,BLNK-INV-631954 PO_B10_007017,333578,5266,0,0,328312,INR,2026-08-12T13:41:00Z,BATCH-BLNK-7017
PO_B10_007018,PayU Enterprise,NYKA-ORD-457901 NYKA-ORD-779169 BATCH-NYKA-7018,303392,6067,0,0,297325,INR,2026-08-12T03:37:00Z,BATCH-NYKA-7018
PO_B10_007019,PayU Enterprise,JIOO-INV-314879 PO_B10_007019,249006,4815,0,0,244191,INR,2026-08-11T21:09:00Z,BATCH-JIOO-7019
PO_B10_007020,BillDesk Settlement,NYKA-INV-925082 PO_B10_007020,424871,6695,0,0,418176,INR,2026-08-12T14:43:00Z,BATCH-NYKA-7020
PO_B10_007021,Stripe India,ZOMA-ORD-165135 ZOMA-ORD-482665 BATCH-ZOMA-7021,311577,6231,0,0,305346,INR,2026-08-12T18:42:00Z,BATCH-ZOMA-7021
PO_B10_007022,Stripe India,FLPK-ORD-361180 FLPK-ORD-113371 FLPK-ORD-995769 BATCH-FLPK-7022,278440,5568,0,0,272872,INR,2026-08-12T18:10:00Z,BATCH-FLPK-7022
PO_B10_007023,BillDesk Settlement,JIOO-INV-179717 PO_B10_007023,26547,642,0,0,25905,INR,2026-08-13T00:13:00Z,BATCH-JIOO-7023
PO_B10_007024,Razorpay Nodal,TATA-INV-545235 PO_B10_007024,235403,4933,0,0,230470,INR,2026-08-11T22:56:00Z,BATCH-TATA-7024
PO_B10_007025,PayU Enterprise,FLPK-ORD-236955 FLPK-ORD-226920 FLPK-ORD-966947 BATCH-FLPK-7025,237282,4745,0,0,232537,INR,2026-08-11T21:47:00Z,BATCH-FLPK-7025
PO_B10_007026,Razorpay Nodal,OLAA-EXC-239609-UNRESOLVED,161605,3222,0,0,158383,INR,2026-08-12T23:52:00Z,HOLD-ESCROW
PO_B10_007027,PayU Enterprise,OLAA-INV-687399 PO_B10_007027,54253,1051,0,0,53202,INR,2026-08-12T02:07:00Z,BATCH-OLAA-7027
PO_B10_007028,BillDesk Settlement,JIOO-ORD-452737 JIOO-ORD-971744 JIOO-ORD-164224 BATCH-JIOO-7028,361593,7231,0,0,354362,INR,2026-08-12T04:38:00Z,BATCH-JIOO-7028
PO_B10_007029,Stripe India,BLNK-INV-442134 PO_B10_007029,52340,787,0,0,51553,INR,2026-08-11T17:48:00Z,BATCH-BLNK-7029
PO_B10_007030,Cashfree Escrow,BBAS-INV-146605 PO_B10_007030,188082,2947,0,0,185135,INR,2026-08-12T06:12:00Z,BATCH-BBAS-7030
PO_B10_007031,PayU Enterprise,OLAA-ORD-157714 OLAA-ORD-666991 BATCH-OLAA-7031,392715,7854,0,0,384861,INR,2026-08-12T18:14:00Z,BATCH-OLAA-7031
PO_B10_007032,Cashfree Escrow,AMZN-INV-444641 PO_B10_007032,381869,8938,0,0,372931,INR,2026-08-12T08:29:00Z,BATCH-AMZN-7032
PO_B10_007033,Cashfree Escrow,BLNK-EXC-495372-UNRESOLVED,61830,1226,0,0,60604,INR,2026-08-13T03:35:00Z,HOLD-ESCROW
PO_B10_007034,Stripe India,PHNP-INV-440172 PO_B10_007034,389525,8241,0,0,381284,INR,2026-08-12T17:52:00Z,BATCH-PHNP-7034
PO_B10_007035,PayU Enterprise,JIOO-INV-967541 PO_B10_007035,382969,6540,0,0,376429,INR,2026-08-12T10:57:00Z,BATCH-JIOO-7035
PO_B10_007036,Razorpay Nodal,PAYT-INV-233241 PO_B10_007036,249687,4433,0,0,245254,INR,2026-08-12T14:45:00Z,BATCH-PAYT-7036
PO_B10_007037,Razorpay Nodal,MYNT-INV-573907 PO_B10_007037,210664,4187,0,0,206477,INR,2026-08-11T21:40:00Z,BATCH-MYNT-7037
PO_B10_007038,Razorpay Nodal,FLPK-INV-981862 PO_B10_007038,348463,6874,0,0,341589,INR,2026-08-12T16:29:00Z,BATCH-FLPK-7038
PO_B10_007039,Cashfree Escrow,ZOMA-INV-805425 PO_B10_007039,65081,1382,0,0,63699,INR,2026-08-12T07:10:00Z,BATCH-ZOMA-7039
PO_B10_007040,Stripe India,PAYT-ORD-352444 PAYT-ORD-875878 BATCH-PAYT-7040,280947,5618,0,0,275329,INR,2026-08-12T09:09:00Z,BATCH-PAYT-7040
PO_B10_007041,PayU Enterprise,PHNP-EXC-756617-UNRESOLVED,62814,1246,0,0,61568,INR,2026-08-12T09:10:00Z,HOLD-ESCROW
PO_B10_007042,PayU Enterprise,BBAS-INV-155428 PO_B10_007042,223997,4868,0,0,219129,INR,2026-08-12T05:12:00Z,BATCH-BBAS-7042
PO_B10_007043,Stripe India,JIOO-INV-910299 PO_B10_007043,263879,4952,0,0,258927,INR,2026-08-12T05:36:00Z,BATCH-JIOO-7043
PO_B10_007044,Stripe India,JIOO-INV-586021 PO_B10_007044,78453,1455,0,0,76998,INR,2026-08-12T11:44:00Z,BATCH-JIOO-7044
PO_B10_007045,Stripe India,ZOMA-INV-557363 PO_B10_007045,186619,4339,0,0,182280,INR,2026-08-12T07:38:00Z,BATCH-ZOMA-7045
PO_B10_007046,Stripe India,NYKA-ORD-123201 NYKA-ORD-615697 NYKA-ORD-902046 BATCH-NYKA-7046,599684,11993,0,0,587691,INR,2026-08-12T11:33:00Z,BATCH-NYKA-7046
PO_B10_007047,Razorpay Nodal,NYKA-ORD-524751 NYKA-ORD-212193 NYKA-ORD-152285 BATCH-NYKA-7047,238547,4770,0,0,233777,INR,2026-08-11T22:31:00Z,BATCH-NYKA-7047
PO_B10_007048,Stripe India,PAYT-INV-582411 PO_B10_007048,81724,1670,0,0,80054,INR,2026-08-12T07:34:00Z,BATCH-PAYT-7048
PO_B10_007049,BillDesk Settlement,BKMS-INV-794840 PO_B10_007049,138637,3057,0,0,135580,INR,2026-08-12T01:43:00Z,BATCH-BKMS-7049
PO_B10_007050,Cashfree Escrow,JIOO-INV-758403 PO_B10_007050,265462,5766,0,0,259696,INR,2026-08-12T12:02:00Z,BATCH-JIOO-7050
PO_B10_007051,BillDesk Settlement,BBAS-INV-785767 PO_B10_007051,203998,3529,0,0,200469,INR,2026-08-12T08:00:00Z,BATCH-BBAS-7051
PO_B10_007052,BillDesk Settlement,JIOO-INV-653315 PO_B10_007052,63551,968,0,0,62583,INR,2026-08-12T09:04:00Z,BATCH-JIOO-7052
PO_B10_007053,BillDesk Settlement,OLAA-INV-527220 PO_B10_007053,280989,6507,0,0,274482,INR,2026-08-12T06:09:00Z,BATCH-OLAA-7053
PO_B10_007054,PayU Enterprise,ZOMA-INV-796656 PO_B10_007054,247362,5746,0,0,241616,INR,2026-08-12T08:41:00Z,BATCH-ZOMA-7054
PO_B10_007055,Razorpay Nodal,NYKA-EXC-808063-UNRESOLVED,76103,1512,0,0,74591,INR,2026-08-13T02:57:00Z,HOLD-ESCROW
PO_B10_007056,PayU Enterprise,JIOO-INV-717998 PO_B10_007056,280770,4764,0,0,276006,INR,2026-08-12T03:07:00Z,BATCH-JIOO-7056
PO_B10_007057,Stripe India,PAYT-ORD-537790 PAYT-ORD-768514 BATCH-PAYT-7057,315000,6300,0,0,308700,INR,2026-08-12T11:22:00Z,BATCH-PAYT-7057
PO_B10_007058,Razorpay Nodal,BLNK-ORD-900815 BLNK-ORD-281882 BATCH-BLNK-7058,356609,7132,0,0,349477,INR,2026-08-12T06:41:00Z,BATCH-BLNK-7058
PO_B10_007059,Stripe India,JIOO-INV-817768 PO_B10_007059,421835,9515,0,0,412320,INR,2026-08-12T19:10:00Z,BATCH-JIOO-7059
PO_B10_007060,Cashfree Escrow,AMZN-INV-954437 PO_B10_007060,120672,2261,0,0,118411,INR,2026-08-12T15:48:00Z,BATCH-AMZN-7060
PO_B10_007061,PayU Enterprise,BBAS-ORD-127449 BBAS-ORD-878181 BATCH-BBAS-7061,249433,4988,0,0,244445,INR,2026-08-12T13:16:00Z,BATCH-BBAS-7061
PO_B10_007062,Razorpay Nodal,MMTR-INV-769191 PO_B10_007062,337610,7076,0,0,330534,INR,2026-08-12T00:49:00Z,BATCH-MMTR-7062
PO_B10_007063,Razorpay Nodal,BKMS-INV-665786 PO_B10_007063,391124,8497,0,0,382627,INR,2026-08-11T23:45:00Z,BATCH-BKMS-7063
PO_B10_007064,Cashfree Escrow,NYKA-INV-355804 PO_B10_007064,271427,4121,0,0,267306,INR,2026-08-12T20:26:00Z,BATCH-NYKA-7064
PO_B10_007065,BillDesk Settlement,AMZN-INV-144612 PO_B10_007065,243324,4288,0,0,239036,INR,2026-08-11T21:26:00Z,BATCH-AMZN-7065
PO_B10_007066,Razorpay Nodal,MMTR-INV-749187 PO_B10_007066,393644,9023,0,0,384621,INR,2026-08-12T11:58:00Z,BATCH-MMTR-7066
PO_B10_007067,BillDesk Settlement,TATA-INV-728661 PO_B10_007067,170781,2998,0,0,167783,INR,2026-08-12T10:16:00Z,BATCH-TATA-7067
PO_B10_007068,PayU Enterprise,OLAA-INV-696659 PO_B10_007068,353222,6287,0,0,346935,INR,2026-08-12T16:40:00Z,BATCH-OLAA-7068
PO_B10_007069,Razorpay Nodal,JIOO-INV-645250 PO_B10_007069,390613,7162,0,0,383451,INR,2026-08-11T23:46:00Z,BATCH-JIOO-7069
PO_B10_007070,Cashfree Escrow,OLAA-INV-385704 PO_B10_007070,364236,7014,0,0,357222,INR,2026-08-11T18:18:00Z,BATCH-OLAA-7070
PO_B10_007071,Razorpay Nodal,BBAS-ORD-403133 BBAS-ORD-568843 BATCH-BBAS-7071,117837,2356,0,0,115481,INR,2026-08-12T03:23:00Z,BATCH-BBAS-7071
PO_B10_007072,Razorpay Nodal,NYKA-INV-852374 PO_B10_007072,438131,10710,0,0,427421,INR,2026-08-11T16:07:00Z,BATCH-NYKA-7072
PO_B10_007073,Razorpay Nodal,PAYT-INV-695368 PO_B10_007073,438603,7093,0,0,431510,INR,2026-08-12T20:54:00Z,BATCH-PAYT-7073
PO_B10_007074,Cashfree Escrow,FLPK-INV-849497 PO_B10_007074,148196,2918,0,0,145278,INR,2026-08-12T09:05:00Z,BATCH-FLPK-7074
PO_B10_007075,BillDesk Settlement,BBAS-INV-337223 PO_B10_007075,431059,10410,0,0,420649,INR,2026-08-12T20:20:00Z,BATCH-BBAS-7075
PO_B10_007076,Razorpay Nodal,PHNP-ORD-711517 PHNP-ORD-165607 PHNP-ORD-660071 BATCH-PHNP-7076,558384,11167,0,0,547217,INR,2026-08-12T10:16:00Z,BATCH-PHNP-7076
PO_B10_007077,PayU Enterprise,BKMS-INV-188122 PO_B10_007077,417687,9787,0,0,407900,INR,2026-08-12T13:01:00Z,BATCH-BKMS-7077
PO_B10_007078,PayU Enterprise,BLNK-INV-417638 PO_B10_007078,416778,7641,0,0,409137,INR,2026-08-11T18:38:00Z,BATCH-BLNK-7078
PO_B10_007079,Razorpay Nodal,NYKA-INV-798975 PO_B10_007079,200305,4001,0,0,196304,INR,2026-08-12T10:35:00Z,BATCH-NYKA-7079
PO_B10_007080,PayU Enterprise,MMTR-INV-287211 PO_B10_007080,65723,1085,0,0,64638,INR,2026-08-12T07:20:00Z,BATCH-MMTR-7080
PO_B10_007081,Cashfree Escrow,ZOMA-INV-129449 PO_B10_007081,36767,611,0,0,36156,INR,2026-08-12T06:58:00Z,BATCH-ZOMA-7081
PO_B10_007082,Cashfree Escrow,AMZN-ORD-265684 AMZN-ORD-193899 BATCH-AMZN-7082,305054,6101,0,0,298953,INR,2026-08-11T21:45:00Z,BATCH-AMZN-7082
PO_B10_007083,Razorpay Nodal,PAYT-ORD-750149 PAYT-ORD-794111 BATCH-PAYT-7083,444361,8887,0,0,435474,INR,2026-08-12T07:01:00Z,BATCH-PAYT-7083
PO_B10_007084,Cashfree Escrow,JIOO-EXC-810575-UNRESOLVED,272673,5443,0,0,267230,INR,2026-08-13T08:42:00Z,HOLD-ESCROW
PO_B10_007085,Stripe India,PAYT-INV-444686 PO_B10_007085,400570,6573,0,0,393997,INR,2026-08-12T06:53:00Z,BATCH-PAYT-7085
PO_B10_007086,Cashfree Escrow,JIOO-INV-116639 PO_B10_007086,56311,1086,0,0,55225,INR,2026-08-11T18:16:00Z,BATCH-JIOO-7086
PO_B10_007087,BillDesk Settlement,PHNP-INV-625495 PO_B10_007087,51017,1056,0,0,49961,INR,2026-08-12T19:14:00Z,BATCH-PHNP-7087
PO_B10_007088,Razorpay Nodal,SWIG-ORD-854166 SWIG-ORD-520626 BATCH-SWIG-7088,245635,4912,0,0,240723,INR,2026-08-12T06:57:00Z,BATCH-SWIG-7088
PO_B10_007089,Cashfree Escrow,NYKA-INV-430880 PO_B10_007089,196532,3303,0,0,193229,INR,2026-08-12T11:06:00Z,BATCH-NYKA-7089
PO_B10_007090,Razorpay Nodal,NYKA-ORD-445778 NYKA-ORD-730090 BATCH-NYKA-7090,323282,6465,0,0,316817,INR,2026-08-12T09:27:00Z,BATCH-NYKA-7090
PO_B10_007091,Cashfree Escrow,JIOO-EXC-652462-UNRESOLVED,227476,4539,0,0,222937,INR,2026-08-12T10:16:00Z,HOLD-ESCROW
PO_B10_007092,BillDesk Settlement,SWIG-INV-521505 PO_B10_007092,327987,5474,0,0,322513,INR,2026-08-12T07:55:00Z,BATCH-SWIG-7092
PO_B10_007093,Razorpay Nodal,BBAS-INV-580036 PO_B10_007093,339032,5344,0,0,333688,INR,2026-08-12T20:58:00Z,BATCH-BBAS-7093
PO_B10_007094,BillDesk Settlement,MMTR-INV-596189 PO_B10_007094,88439,2051,0,0,86388,INR,2026-08-12T18:24:00Z,BATCH-MMTR-7094
PO_B10_007095,Cashfree Escrow,JIOO-INV-349471 PO_B10_007095,330036,7336,0,0,322700,INR,2026-08-12T12:37:00Z,BATCH-JIOO-7095
PO_B10_007096,BillDesk Settlement,UBER-INV-757409 PO_B10_007096,26298,490,0,0,25808,INR,2026-08-12T02:16:00Z,BATCH-UBER-7096
PO_B10_007097,Razorpay Nodal,JIOO-INV-525241 PO_B10_007097,163095,3221,0,0,159874,INR,2026-08-12T05:36:00Z,BATCH-JIOO-7097
PO_B10_007098,Cashfree Escrow,MMTR-ORD-239590 MMTR-ORD-985787 BATCH-MMTR-7098,250308,5006,0,0,245302,INR,2026-08-12T02:47:00Z,BATCH-MMTR-7098
PO_B10_007099,Stripe India,BLNK-ORD-389431 BLNK-ORD-229275 BLNK-ORD-639344 BATCH-BLNK-7099,160342,3206,0,0,157136,INR,2026-08-12T09:02:00Z,BATCH-BLNK-7099
PO_B10_007100,Cashfree Escrow,ZOMA-ORD-406820 ZOMA-ORD-471107 ZOMA-ORD-576716 BATCH-ZOMA-7100,445461,8909,0,0,436552,INR,2026-08-12T17:23:00Z,BATCH-ZOMA-7100
PO_B10_007101,Razorpay Nodal,AMZN-ORD-862813 AMZN-ORD-371205 BATCH-AMZN-7101,299892,5997,0,0,293895,INR,2026-08-12T02:37:00Z,BATCH-AMZN-7101
PO_B10_007102,Razorpay Nodal,BBAS-INV-390958 PO_B10_007102,367117,5515,0,0,361602,INR,2026-08-12T05:55:00Z,BATCH-BBAS-7102
PO_B10_007103,Razorpay Nodal,BKMS-ORD-508009 BKMS-ORD-270313 BATCH-BKMS-7103,295829,5916,0,0,289913,INR,2026-08-11T23:02:00Z,BATCH-BKMS-7103
PO_B10_007104,PayU Enterprise,AMZN-INV-706968 PO_B10_007104,288013,4731,0,0,283282,INR,2026-08-12T09:51:00Z,BATCH-AMZN-7104
PO_B10_007105,PayU Enterprise,UBER-INV-300666 PO_B10_007105,59745,1286,0,0,58459,INR,2026-08-11T16:43:00Z,BATCH-UBER-7105
PO_B10_007106,Razorpay Nodal,BKMS-EXC-746044-UNRESOLVED,137556,2741,0,0,134815,INR,2026-08-12T22:28:00Z,HOLD-ESCROW
PO_B10_007107,PayU Enterprise,TATA-INV-115332 PO_B10_007107,237349,5742,0,0,231607,INR,2026-08-12T11:01:00Z,BATCH-TATA-7107
PO_B10_007108,Cashfree Escrow,PHNP-ORD-271068 PHNP-ORD-309820 BATCH-PHNP-7108,357160,7143,0,0,350017,INR,2026-08-12T18:05:00Z,BATCH-PHNP-7108
PO_B10_007109,Stripe India,UBER-ORD-291220 UBER-ORD-548013 BATCH-UBER-7109,289131,5782,0,0,283349,INR,2026-08-12T08:16:00Z,BATCH-UBER-7109
PO_B10_007110,BillDesk Settlement,AMZN-ORD-111396 AMZN-ORD-933019 BATCH-AMZN-7110,258560,5171,0,0,253389,INR,2026-08-12T04:33:00Z,BATCH-AMZN-7110
PO_B10_007111,Razorpay Nodal,ZOMA-INV-773117 PO_B10_007111,418304,7368,0,0,410936,INR,2026-08-12T03:08:00Z,BATCH-ZOMA-7111
PO_B10_007112,Stripe India,PHNP-ORD-660437 PHNP-ORD-135269 PHNP-ORD-708012 BATCH-PHNP-7112,511591,10231,0,0,501360,INR,2026-08-12T13:29:00Z,BATCH-PHNP-7112
PO_B10_007113,Razorpay Nodal,UBER-INV-281337 PO_B10_007113,65871,1207,0,0,64664,INR,2026-08-12T07:57:00Z,BATCH-UBER-7113
PO_B10_007114,Stripe India,JIOO-INV-790376 PO_B10_007114,247286,3965,0,0,243321,INR,2026-08-12T14:45:00Z,BATCH-JIOO-7114
PO_B10_007115,BillDesk Settlement,MMTR-ORD-187073 MMTR-ORD-887418 BATCH-MMTR-7115,254807,5096,0,0,249711,INR,2026-08-12T03:56:00Z,BATCH-MMTR-7115
PO_B10_007116,Stripe India,SWIG-INV-556779 PO_B10_007116,384793,8344,0,0,376449,INR,2026-08-12T02:43:00Z,BATCH-SWIG-7116
PO_B10_007117,Cashfree Escrow,UBER-INV-981728 PO_B10_007117,116588,2616,0,0,113972,INR,2026-08-13T00:20:00Z,BATCH-UBER-7117
PO_B10_007118,Cashfree Escrow,OLAA-INV-277671 PO_B10_007118,333531,7623,0,0,325908,INR,2026-08-11T23:02:00Z,BATCH-OLAA-7118
PO_B10_007119,Razorpay Nodal,MMTR-ORD-772061 MMTR-ORD-764719 BATCH-MMTR-7119,317215,6344,0,0,310871,INR,2026-08-12T07:50:00Z,BATCH-MMTR-7119
PO_B10_007120,BillDesk Settlement,BLNK-INV-179703 PO_B10_007120,173304,4046,0,0,169258,INR,2026-08-11T22:31:00Z,BATCH-BLNK-7120
PO_B10_007121,Cashfree Escrow,PHNP-INV-597569 PO_B10_007121,35421,559,0,0,34862,INR,2026-08-11T14:15:00Z,BATCH-PHNP-7121
PO_B10_007122,BillDesk Settlement,OLAA-ORD-828372 OLAA-ORD-100490 BATCH-OLAA-7122,467529,9350,0,0,458179,INR,2026-08-12T08:41:00Z,BATCH-OLAA-7122
PO_B10_007123,Razorpay Nodal,ZOMA-INV-607954 PO_B10_007123,60728,911,0,0,59817,INR,2026-08-12T11:24:00Z,BATCH-ZOMA-7123
PO_B10_007124,Stripe India,AMZN-INV-771706 PO_B10_007124,151506,2363,0,0,149143,INR,2026-08-12T22:01:00Z,BATCH-AMZN-7124
PO_B10_007125,Razorpay Nodal,MYNT-INV-716098 PO_B10_007125,41774,710,0,0,41064,INR,2026-08-13T00:34:00Z,BATCH-MYNT-7125
PO_B10_007126,BillDesk Settlement,FLPK-INV-839509 PO_B10_007126,58172,1448,0,0,56724,INR,2026-08-12T02:14:00Z,BATCH-FLPK-7126
PO_B10_007127,Razorpay Nodal,BKMS-INV-874482 PO_B10_007127,380335,5906,0,0,374429,INR,2026-08-12T04:05:00Z,BATCH-BKMS-7127
PO_B10_007128,Cashfree Escrow,PAYT-EXC-404402-UNRESOLVED,182546,3640,0,0,178906,INR,2026-08-12T15:37:00Z,HOLD-ESCROW
PO_B10_007129,PayU Enterprise,BBAS-ORD-395260 BBAS-ORD-984595 BATCH-BBAS-7129,138025,2760,0,0,135265,INR,2026-08-12T14:51:00Z,BATCH-BBAS-7129
PO_B10_007130,Stripe India,MYNT-ORD-101994 MYNT-ORD-448820 MYNT-ORD-381789 BATCH-MYNT-7130,481187,9623,0,0,471564,INR,2026-08-12T03:30:00Z,BATCH-MYNT-7130
PO_B10_007131,BillDesk Settlement,AMZN-INV-262108 PO_B10_007131,354473,5649,0,0,348824,INR,2026-08-12T13:20:00Z,BATCH-AMZN-7131
PO_B10_007132,Stripe India,FLPK-INV-873444 PO_B10_007132,437665,7531,0,0,430134,INR,2026-08-12T11:07:00Z,BATCH-FLPK-7132
PO_B10_007133,Razorpay Nodal,PAYT-INV-776504 PO_B10_007133,405291,9357,0,0,395934,INR,2026-08-12T07:01:00Z,BATCH-PAYT-7133
PO_B10_007134,BillDesk Settlement,MMTR-INV-440599 PO_B10_007134,254967,4123,0,0,250844,INR,2026-08-12T00:07:00Z,BATCH-MMTR-7134
PO_B10_007135,Cashfree Escrow,UBER-INV-760998 PO_B10_007135,195365,3332,0,0,192033,INR,2026-08-11T20:50:00Z,BATCH-UBER-7135
PO_B10_007136,BillDesk Settlement,JIOO-INV-382658 PO_B10_007136,201026,4680,0,0,196346,INR,2026-08-12T01:20:00Z,BATCH-JIOO-7136
PO_B10_007137,Cashfree Escrow,AMZN-INV-997899 PO_B10_007137,162354,3944,0,0,158410,INR,2026-08-12T21:33:00Z,BATCH-AMZN-7137
PO_B10_007138,Cashfree Escrow,MMTR-ORD-480732 MMTR-ORD-393737 BATCH-MMTR-7138,265481,5309,0,0,260172,INR,2026-08-12T00:43:00Z,BATCH-MMTR-7138
PO_B10_007139,Stripe India,BBAS-INV-683661 PO_B10_007139,359008,7951,0,0,351057,INR,2026-08-12T08:44:00Z,BATCH-BBAS-7139
PO_B10_007140,PayU Enterprise,SWIG-INV-671189 PO_B10_007140,33709,707,0,0,33002,INR,2026-08-12T12:30:00Z,BATCH-SWIG-7140
PO_B10_007141,Razorpay Nodal,BLNK-INV-990375 PO_B10_007141,51934,787,0,0,51147,INR,2026-08-12T10:53:00Z,BATCH-BLNK-7141
PO_B10_007142,BillDesk Settlement,MYNT-INV-447738 PO_B10_007142,413413,9700,0,0,403713,INR,2026-08-12T05:25:00Z,BATCH-MYNT-7142
PO_B10_007143,Stripe India,BLNK-ORD-938027 BLNK-ORD-110886 BATCH-BLNK-7143,254545,5090,0,0,249455,INR,2026-08-12T11:35:00Z,BATCH-BLNK-7143
PO_B10_007144,PayU Enterprise,BBAS-INV-749403 PO_B10_007144,427777,6862,0,0,420915,INR,2026-08-12T19:49:00Z,BATCH-BBAS-7144
PO_B10_007145,BillDesk Settlement,PAYT-ORD-479226 PAYT-ORD-895616 BATCH-PAYT-7145,216221,4324,0,0,211897,INR,2026-08-12T03:30:00Z,BATCH-PAYT-7145
PO_B10_007146,Stripe India,BKMS-INV-505806 PO_B10_007146,408045,9202,0,0,398843,INR,2026-08-11T22:14:00Z,BATCH-BKMS-7146
PO_B10_007147,Razorpay Nodal,NYKA-INV-978205 PO_B10_007147,392928,9158,0,0,383770,INR,2026-08-11T23:43:00Z,BATCH-NYKA-7147
PO_B10_007148,Razorpay Nodal,JIOO-INV-362235 PO_B10_007148,305693,4644,0,0,301049,INR,2026-08-12T03:07:00Z,BATCH-JIOO-7148
PO_B10_007149,Cashfree Escrow,FLPK-INV-800613 PO_B10_007149,340982,6758,0,0,334224,INR,2026-08-12T15:10:00Z,BATCH-FLPK-7149
PO_B10_007150,PayU Enterprise,BKMS-ORD-591471 BKMS-ORD-444547 BKMS-ORD-845686 BATCH-BKMS-7150,563287,11265,0,0,552022,INR,2026-08-12T15:30:00Z,BATCH-BKMS-7150
PO_B10_007151,Razorpay Nodal,OLAA-INV-108505 PO_B10_007151,133183,3170,0,0,130013,INR,2026-08-12T18:25:00Z,BATCH-OLAA-7151
PO_B10_007152,Stripe India,MYNT-INV-938929 PO_B10_007152,88627,1527,0,0,87100,INR,2026-08-12T08:55:00Z,BATCH-MYNT-7152
PO_B10_007153,Razorpay Nodal,UBER-INV-197892 PO_B10_007153,432169,9171,0,0,422998,INR,2026-08-12T09:37:00Z,BATCH-UBER-7153
PO_B10_007154,BillDesk Settlement,FLPK-INV-973655 PO_B10_007154,291841,6945,0,0,284896,INR,2026-08-12T10:52:00Z,BATCH-FLPK-7154
PO_B10_007155,Cashfree Escrow,JIOO-ORD-161575 JIOO-ORD-683090 BATCH-JIOO-7155,222481,4449,0,0,218032,INR,2026-08-12T20:20:00Z,BATCH-JIOO-7155
PO_B10_007156,PayU Enterprise,NYKA-INV-841228 PO_B10_007156,240736,5831,0,0,234905,INR,2026-08-11T17:52:00Z,BATCH-NYKA-7156
PO_B10_007157,Razorpay Nodal,UBER-INV-963455 PO_B10_007157,233563,5104,0,0,228459,INR,2026-08-12T21:03:00Z,BATCH-UBER-7157
PO_B10_007158,Cashfree Escrow,SWIG-INV-711764 PO_B10_007158,279038,4238,0,0,274800,INR,2026-08-12T09:57:00Z,BATCH-SWIG-7158
PO_B10_007159,Razorpay Nodal,AMZN-ORD-401924 AMZN-ORD-605565 BATCH-AMZN-7159,117656,2353,0,0,115303,INR,2026-08-11T22:09:00Z,BATCH-AMZN-7159
PO_B10_007160,Cashfree Escrow,TATA-ORD-415221 TATA-ORD-577334 BATCH-TATA-7160,312177,6243,0,0,305934,INR,2026-08-12T11:38:00Z,BATCH-TATA-7160
PO_B10_007161,BillDesk Settlement,PAYT-INV-220547 PO_B10_007161,303448,4729,0,0,298719,INR,2026-08-12T03:27:00Z,BATCH-PAYT-7161
PO_B10_007162,BillDesk Settlement,BBAS-INV-477220 PO_B10_007162,74515,1414,0,0,73101,INR,2026-08-12T02:24:00Z,BATCH-BBAS-7162
PO_B10_007163,Stripe India,BBAS-INV-934303 PO_B10_007163,45279,1041,0,0,44238,INR,2026-08-12T08:44:00Z,BATCH-BBAS-7163
PO_B10_007164,PayU Enterprise,PAYT-INV-911417 PO_B10_007164,283087,4813,0,0,278274,INR,2026-08-12T06:15:00Z,BATCH-PAYT-7164
PO_B10_007165,Razorpay Nodal,ZOMA-ORD-521783 ZOMA-ORD-351527 BATCH-ZOMA-7165,247359,4947,0,0,242412,INR,2026-08-12T08:53:00Z,BATCH-ZOMA-7165
PO_B10_007166,PayU Enterprise,SWIG-INV-516725 PO_B10_007166,124510,1938,0,0,122572,INR,2026-08-12T05:21:00Z,BATCH-SWIG-7166
PO_B10_007167,Razorpay Nodal,SWIG-INV-348054 PO_B10_007167,45287,1064,0,0,44223,INR,2026-08-12T18:05:00Z,BATCH-SWIG-7167
PO_B10_007168,Stripe India,TATA-INV-259579 PO_B10_007168,190798,4574,0,0,186224,INR,2026-08-12T12:19:00Z,BATCH-TATA-7168
PO_B10_007169,Cashfree Escrow,SWIG-ORD-468216 SWIG-ORD-898292 SWIG-ORD-496949 BATCH-SWIG-7169,405788,8115,0,0,397673,INR,2026-08-12T20:27:00Z,BATCH-SWIG-7169
PO_B10_007170,PayU Enterprise,MYNT-INV-424386 PO_B10_007170,92741,1897,0,0,90844,INR,2026-08-12T12:15:00Z,BATCH-MYNT-7170
PO_B10_007171,Razorpay Nodal,NYKA-INV-661307 PO_B10_007171,177656,3904,0,0,173752,INR,2026-08-12T19:51:00Z,BATCH-NYKA-7171
PO_B10_007172,Razorpay Nodal,JIOO-INV-178424 PO_B10_007172,380720,7448,0,0,373272,INR,2026-08-12T18:18:00Z,BATCH-JIOO-7172
PO_B10_007173,Cashfree Escrow,SWIG-ORD-499196 SWIG-ORD-988814 SWIG-ORD-178893 BATCH-SWIG-7173,298194,5963,0,0,292231,INR,2026-08-12T20:02:00Z,BATCH-SWIG-7173
PO_B10_007174,PayU Enterprise,BBAS-ORD-596611 BBAS-ORD-998312 BATCH-BBAS-7174,126820,2536,0,0,124284,INR,2026-08-12T13:26:00Z,BATCH-BBAS-7174
PO_B10_007175,BillDesk Settlement,MMTR-ORD-276643 MMTR-ORD-453915 BATCH-MMTR-7175,164091,3281,0,0,160810,INR,2026-08-12T00:57:00Z,BATCH-MMTR-7175
PO_B10_007176,PayU Enterprise,FLPK-INV-785868 PO_B10_007176,62604,1508,0,0,61096,INR,2026-08-12T13:42:00Z,BATCH-FLPK-7176
PO_B10_007177,PayU Enterprise,NYKA-ORD-753177 NYKA-ORD-734309 NYKA-ORD-815000 BATCH-NYKA-7177,224213,4484,0,0,219729,INR,2026-08-12T11:34:00Z,BATCH-NYKA-7177
PO_B10_007178,Cashfree Escrow,BBAS-INV-922020 PO_B10_007178,436818,8665,0,0,428153,INR,2026-08-12T06:24:00Z,BATCH-BBAS-7178
PO_B10_007179,BillDesk Settlement,PHNP-EXC-396035-UNRESOLVED,128298,2555,0,0,125743,INR,2026-08-12T21:25:00Z,HOLD-ESCROW
PO_B10_007180,Cashfree Escrow,AMZN-INV-121581 PO_B10_007180,306685,6085,0,0,300600,INR,2026-08-12T02:17:00Z,BATCH-AMZN-7180
PO_B10_007181,BillDesk Settlement,FLPK-INV-678059 PO_B10_007181,304481,6892,0,0,297589,INR,2026-08-12T18:48:00Z,BATCH-FLPK-7181
PO_B10_007182,Razorpay Nodal,ZOMA-INV-489766 PO_B10_007182,354627,6013,0,0,348614,INR,2026-08-12T14:27:00Z,BATCH-ZOMA-7182
PO_B10_007183,Razorpay Nodal,OLAA-ORD-577556 OLAA-ORD-138685 OLAA-ORD-957106 BATCH-OLAA-7183,205145,4102,0,0,201043,INR,2026-08-12T12:00:00Z,BATCH-OLAA-7183
PO_B10_007184,Razorpay Nodal,MMTR-INV-170572 PO_B10_007184,168521,3710,0,0,164811,INR,2026-08-12T15:16:00Z,BATCH-MMTR-7184
PO_B10_007185,Stripe India,MYNT-INV-301842 PO_B10_007185,102314,1587,0,0,100727,INR,2026-08-12T17:14:00Z,BATCH-MYNT-7185
PO_B10_007186,Razorpay Nodal,MYNT-ORD-684441 MYNT-ORD-452009 MYNT-ORD-826669 BATCH-MYNT-7186,564373,11287,0,0,553086,INR,2026-08-12T08:18:00Z,BATCH-MYNT-7186
PO_B10_007187,Stripe India,AMZN-INV-494022 PO_B10_007187,53042,1139,0,0,51903,INR,2026-08-12T11:34:00Z,BATCH-AMZN-7187
PO_B10_007188,Stripe India,PHNP-ORD-510986 PHNP-ORD-435165 BATCH-PHNP-7188,352144,7042,0,0,345102,INR,2026-08-12T17:06:00Z,BATCH-PHNP-7188
PO_B10_007189,Razorpay Nodal,BLNK-INV-556568 PO_B10_007189,207714,4213,0,0,203501,INR,2026-08-11T21:49:00Z,BATCH-BLNK-7189
PO_B10_007190,BillDesk Settlement,PAYT-INV-486044 PO_B10_007190,289805,6752,0,0,283053,INR,2026-08-12T12:37:00Z,BATCH-PAYT-7190
PO_B10_007191,PayU Enterprise,BLNK-INV-109863 PO_B10_007191,371843,6737,0,0,365106,INR,2026-08-12T01:08:00Z,BATCH-BLNK-7191
PO_B10_007192,BillDesk Settlement,MMTR-INV-618068 PO_B10_007192,347755,7843,0,0,339912,INR,2026-08-12T21:03:00Z,BATCH-MMTR-7192
PO_B10_007193,BillDesk Settlement,SWIG-INV-705173 PO_B10_007193,87890,2071,0,0,85819,INR,2026-08-12T13:36:00Z,BATCH-SWIG-7193
PO_B10_007194,Stripe India,JIOO-INV-852454 PO_B10_007194,172286,3970,0,0,168316,INR,2026-08-12T07:26:00Z,BATCH-JIOO-7194
PO_B10_007195,Razorpay Nodal,MMTR-ORD-316688 MMTR-ORD-779253 MMTR-ORD-343649 BATCH-MMTR-7195,359478,7189,0,0,352289,INR,2026-08-12T02:38:00Z,BATCH-MMTR-7195
PO_B10_007196,Razorpay Nodal,PHNP-ORD-417097 PHNP-ORD-107490 PHNP-ORD-647003 BATCH-PHNP-7196,302523,6050,0,0,296473,INR,2026-08-12T04:31:00Z,BATCH-PHNP-7196
PO_B10_007197,PayU Enterprise,PHNP-INV-781840 PO_B10_007197,62930,1432,0,0,61498,INR,2026-08-12T09:00:00Z,BATCH-PHNP-7197
PO_B10_007198,Razorpay Nodal,FLPK-INV-321140 PO_B10_007198,90221,1993,0,0,88228,INR,2026-08-11T21:07:00Z,BATCH-FLPK-7198
PO_B10_007199,Razorpay Nodal,MMTR-ORD-511433 MMTR-ORD-865531 BATCH-MMTR-7199,307278,6145,0,0,301133,INR,2026-08-12T10:36:00Z,BATCH-MMTR-7199
PO_B10_007200,BillDesk Settlement,BBAS-INV-883023 PO_B10_007200,198661,2997,0,0,195664,INR,2026-08-12T11:54:00Z,BATCH-BBAS-7200
PO_B10_007201,Stripe India,NYKA-EXC-116918-UNRESOLVED,68945,1368,0,0,67577,INR,2026-08-13T03:42:00Z,HOLD-ESCROW
PO_B10_007202,Stripe India,NYKA-INV-895381 PO_B10_007202,393450,7402,0,0,386048,INR,2026-08-12T17:23:00Z,BATCH-NYKA-7202
PO_B10_007203,BillDesk Settlement,MMTR-INV-896336 PO_B10_007203,187850,3787,0,0,184063,INR,2026-08-11T22:13:00Z,BATCH-MMTR-7203
PO_B10_007204,PayU Enterprise,UBER-INV-103529 PO_B10_007204,54086,822,0,0,53264,INR,2026-08-12T09:38:00Z,BATCH-UBER-7204
PO_B10_007205,PayU Enterprise,ZOMA-INV-888890 PO_B10_007205,191565,4313,0,0,187252,INR,2026-08-11T15:09:00Z,BATCH-ZOMA-7205
PO_B10_007206,Cashfree Escrow,PAYT-INV-309618 PO_B10_007206,407163,9841,0,0,397322,INR,2026-08-12T10:56:00Z,BATCH-PAYT-7206
PO_B10_007207,Razorpay Nodal,BLNK-INV-172598 PO_B10_007207,56747,1084,0,0,55663,INR,2026-08-11T23:40:00Z,BATCH-BLNK-7207
PO_B10_007208,BillDesk Settlement,TATA-INV-654588 PO_B10_007208,258639,5899,0,0,252740,INR,2026-08-12T12:56:00Z,BATCH-TATA-7208
PO_B10_007209,BillDesk Settlement,OLAA-INV-236783 PO_B10_007209,76799,1272,0,0,75527,INR,2026-08-12T23:33:00Z,BATCH-OLAA-7209
PO_B10_007210,Razorpay Nodal,NYKA-ORD-562311 NYKA-ORD-802484 BATCH-NYKA-7210,278858,5577,0,0,273281,INR,2026-08-12T09:13:00Z,BATCH-NYKA-7210
PO_B10_007211,Stripe India,ZOMA-ORD-612782 ZOMA-ORD-143560 ZOMA-ORD-991479 BATCH-ZOMA-7211,383585,7671,0,0,375914,INR,2026-08-12T20:59:00Z,BATCH-ZOMA-7211
PO_B10_007212,Cashfree Escrow,UBER-INV-790769 PO_B10_007212,201085,4644,0,0,196441,INR,2026-08-12T23:33:00Z,BATCH-UBER-7212
PO_B10_007213,Stripe India,BBAS-ORD-813875 BBAS-ORD-925040 BBAS-ORD-928472 BATCH-BBAS-7213,360595,7211,0,0,353384,INR,2026-08-11T23:42:00Z,BATCH-BBAS-7213
PO_B10_007214,Cashfree Escrow,FLPK-INV-182882 PO_B10_007214,328271,5205,0,0,323066,INR,2026-08-12T02:45:00Z,BATCH-FLPK-7214
PO_B10_007215,BillDesk Settlement,PAYT-ORD-518302 PAYT-ORD-232098 BATCH-PAYT-7215,315128,6302,0,0,308826,INR,2026-08-12T08:49:00Z,BATCH-PAYT-7215
PO_B10_007216,PayU Enterprise,SWIG-INV-712933 PO_B10_007216,402504,9752,0,0,392752,INR,2026-08-12T06:26:00Z,BATCH-SWIG-7216
PO_B10_007217,Razorpay Nodal,FLPK-INV-919433 PO_B10_007217,312510,7216,0,0,305294,INR,2026-08-12T12:50:00Z,BATCH-FLPK-7217
PO_B10_007218,BillDesk Settlement,SWIG-INV-615723 PO_B10_007218,152979,2553,0,0,150426,INR,2026-08-12T10:17:00Z,BATCH-SWIG-7218
PO_B10_007219,Cashfree Escrow,FLPK-ORD-795948 FLPK-ORD-637910 BATCH-FLPK-7219,217940,4358,0,0,213582,INR,2026-08-12T00:14:00Z,BATCH-FLPK-7219
PO_B10_007220,Stripe India,BBAS-INV-731516 PO_B10_007220,268528,5109,0,0,263419,INR,2026-08-12T02:40:00Z,BATCH-BBAS-7220
PO_B10_007221,PayU Enterprise,AMZN-ORD-993328 AMZN-ORD-237486 AMZN-ORD-463768 BATCH-AMZN-7221,512697,10253,0,0,502444,INR,2026-08-12T17:18:00Z,BATCH-AMZN-7221
PO_B10_007222,Stripe India,PAYT-ORD-627559 PAYT-ORD-993447 BATCH-PAYT-7222,289605,5792,0,0,283813,INR,2026-08-11T23:46:00Z,BATCH-PAYT-7222
PO_B10_007223,PayU Enterprise,PHNP-INV-929229 PO_B10_007223,182480,2772,0,0,179708,INR,2026-08-11T21:59:00Z,BATCH-PHNP-7223
PO_B10_007224,Razorpay Nodal,JIOO-INV-200349 PO_B10_007224,164689,3482,0,0,161207,INR,2026-08-12T12:33:00Z,BATCH-JIOO-7224
PO_B10_007225,Razorpay Nodal,PAYT-INV-978920 PO_B10_007225,377654,9143,0,0,368511,INR,2026-08-12T09:53:00Z,BATCH-PAYT-7225
PO_B10_007226,Stripe India,BLNK-INV-946781 PO_B10_007226,101136,1822,0,0,99314,INR,2026-08-12T05:45:00Z,BATCH-BLNK-7226
PO_B10_007227,Razorpay Nodal,PAYT-INV-795888 PO_B10_007227,294161,5115,0,0,289046,INR,2026-08-12T08:49:00Z,BATCH-PAYT-7227
PO_B10_007228,PayU Enterprise,MMTR-INV-581305 PO_B10_007228,402633,9291,0,0,393342,INR,2026-08-12T15:56:00Z,BATCH-MMTR-7228
PO_B10_007229,PayU Enterprise,PAYT-INV-613778 PO_B10_007229,349541,5991,0,0,343550,INR,2026-08-12T12:00:00Z,BATCH-PAYT-7229
PO_B10_007230,Razorpay Nodal,BBAS-INV-252694 PO_B10_007230,309824,7346,0,0,302478,INR,2026-08-12T03:45:00Z,BATCH-BBAS-7230
PO_B10_007231,Cashfree Escrow,MMTR-ORD-732413 MMTR-ORD-307447 BATCH-MMTR-7231,284180,5683,0,0,278497,INR,2026-08-12T12:12:00Z,BATCH-MMTR-7231
PO_B10_007232,Stripe India,BLNK-INV-120614 PO_B10_007232,410116,8870,0,0,401246,INR,2026-08-13T00:30:00Z,BATCH-BLNK-7232
PO_B10_007233,PayU Enterprise,TATA-INV-180600 PO_B10_007233,398096,6364,0,0,391732,INR,2026-08-11T20:24:00Z,BATCH-TATA-7233
PO_B10_007234,BillDesk Settlement,ZOMA-EXC-818343-UNRESOLVED,252679,5043,0,0,247636,INR,2026-08-12T13:42:00Z,HOLD-ESCROW
PO_B10_007235,Cashfree Escrow,SWIG-INV-666565 PO_B10_007235,294153,5327,0,0,288826,INR,2026-08-12T07:25:00Z,BATCH-SWIG-7235
PO_B10_007236,PayU Enterprise,OLAA-INV-809119 PO_B10_007236,253210,4260,0,0,248950,INR,2026-08-12T11:29:00Z,BATCH-OLAA-7236
PO_B10_007237,Razorpay Nodal,PAYT-INV-804897 PO_B10_007237,385498,8931,0,0,376567,INR,2026-08-12T02:20:00Z,BATCH-PAYT-7237
PO_B10_007238,Stripe India,PAYT-INV-790512 PO_B10_007238,228619,5230,0,0,223389,INR,2026-08-12T20:47:00Z,BATCH-PAYT-7238
PO_B10_007239,Stripe India,MMTR-INV-329642 PO_B10_007239,254280,6057,0,0,248223,INR,2026-08-12T20:44:00Z,BATCH-MMTR-7239
PO_B10_007240,BillDesk Settlement,PHNP-INV-995140 PO_B10_007240,392053,8224,0,0,383829,INR,2026-08-12T00:40:00Z,BATCH-PHNP-7240
PO_B10_007241,Stripe India,BBAS-ORD-986574 BBAS-ORD-336392 BBAS-ORD-218765 BATCH-BBAS-7241,537075,10741,0,0,526334,INR,2026-08-12T20:40:00Z,BATCH-BBAS-7241
PO_B10_007242,PayU Enterprise,ZOMA-ORD-195597 ZOMA-ORD-825872 ZOMA-ORD-397121 BATCH-ZOMA-7242,484670,9693,0,0,474977,INR,2026-08-11T21:22:00Z,BATCH-ZOMA-7242
PO_B10_007243,Cashfree Escrow,NYKA-ORD-226910 NYKA-ORD-278804 NYKA-ORD-496094 BATCH-NYKA-7243,152197,3043,0,0,149154,INR,2026-08-12T03:38:00Z,BATCH-NYKA-7243
PO_B10_007244,BillDesk Settlement,BBAS-INV-850746 PO_B10_007244,262078,4729,0,0,257349,INR,2026-08-12T13:02:00Z,BATCH-BBAS-7244
PO_B10_007245,Razorpay Nodal,AMZN-INV-817139 PO_B10_007245,202918,4651,0,0,198267,INR,2026-08-12T13:13:00Z,BATCH-AMZN-7245
PO_B10_007246,BillDesk Settlement,AMZN-ORD-989530 AMZN-ORD-212517 BATCH-AMZN-7246,268404,5368,0,0,263036,INR,2026-08-12T00:31:00Z,BATCH-AMZN-7246
PO_B10_007247,Cashfree Escrow,BLNK-INV-923419 PO_B10_007247,65671,1124,0,0,64547,INR,2026-08-12T08:06:00Z,BATCH-BLNK-7247
PO_B10_007248,BillDesk Settlement,ZOMA-INV-853362 PO_B10_007248,136209,2552,0,0,133657,INR,2026-08-12T02:04:00Z,BATCH-ZOMA-7248
PO_B10_007249,Cashfree Escrow,SWIG-ORD-477391 SWIG-ORD-672255 SWIG-ORD-160655 BATCH-SWIG-7249,374909,7498,0,0,367411,INR,2026-08-12T01:54:00Z,BATCH-SWIG-7249
PO_B10_007250,BillDesk Settlement,ZOMA-EXC-120592-UNRESOLVED,135159,2693,0,0,132466,INR,2026-08-13T05:01:00Z,HOLD-ESCROW
PO_B10_007251,Stripe India,MMTR-INV-419900 PO_B10_007251,170207,3796,0,0,166411,INR,2026-08-11T19:03:00Z,BATCH-MMTR-7251
PO_B10_007252,PayU Enterprise,PAYT-INV-172183 PO_B10_007252,189565,4014,0,0,185551,INR,2026-08-12T01:37:00Z,BATCH-PAYT-7252
PO_B10_007253,Cashfree Escrow,PHNP-EXC-782149-UNRESOLVED,190739,3804,0,0,186935,INR,2026-08-13T01:31:00Z,HOLD-ESCROW
PO_B10_007254,Cashfree Escrow,JIOO-INV-572352 PO_B10_007254,102395,2412,0,0,99983,INR,2026-08-12T07:19:00Z,BATCH-JIOO-7254
PO_B10_007255,Razorpay Nodal,PAYT-ORD-458460 PAYT-ORD-418981 PAYT-ORD-378474 BATCH-PAYT-7255,217110,4342,0,0,212768,INR,2026-08-11T21:34:00Z,BATCH-PAYT-7255
PO_B10_007256,Cashfree Escrow,MMTR-INV-246295 PO_B10_007256,145139,3404,0,0,141735,INR,2026-08-12T00:00:00Z,BATCH-MMTR-7256
PO_B10_007257,Stripe India,ZOMA-INV-904005 PO_B10_007257,368162,7807,0,0,360355,INR,2026-08-12T07:49:00Z,BATCH-ZOMA-7257
PO_B10_007258,Cashfree Escrow,ZOMA-INV-421091 PO_B10_007258,160126,2871,0,0,157255,INR,2026-08-12T17:31:00Z,BATCH-ZOMA-7258
PO_B10_007259,Razorpay Nodal,MYNT-ORD-947651 MYNT-ORD-573023 MYNT-ORD-905271 BATCH-MYNT-7259,433653,8673,0,0,424980,INR,2026-08-12T08:42:00Z,BATCH-MYNT-7259
PO_B10_007260,BillDesk Settlement,AMZN-ORD-418256 AMZN-ORD-275618 AMZN-ORD-757487 BATCH-AMZN-7260,325661,6513,0,0,319148,INR,2026-08-12T12:39:00Z,BATCH-AMZN-7260
PO_B10_007261,Stripe India,TATA-INV-533696 PO_B10_007261,159136,3938,0,0,155198,INR,2026-08-11T20:14:00Z,BATCH-TATA-7261
PO_B10_007262,Stripe India,OLAA-ORD-591993 OLAA-ORD-234810 BATCH-OLAA-7262,296946,5938,0,0,291008,INR,2026-08-12T07:36:00Z,BATCH-OLAA-7262
PO_B10_007263,Cashfree Escrow,BKMS-INV-548070 PO_B10_007263,238724,3827,0,0,234897,INR,2026-08-11T21:44:00Z,BATCH-BKMS-7263
PO_B10_007264,BillDesk Settlement,OLAA-INV-498367 PO_B10_007264,429165,8099,0,0,421066,INR,2026-08-12T19:58:00Z,BATCH-OLAA-7264
PO_B10_007265,BillDesk Settlement,UBER-ORD-841150 UBER-ORD-764783 BATCH-UBER-7265,171229,3424,0,0,167805,INR,2026-08-12T09:17:00Z,BATCH-UBER-7265
PO_B10_007266,Razorpay Nodal,PAYT-INV-990248 PO_B10_007266,85686,1719,0,0,83967,INR,2026-08-12T16:11:00Z,BATCH-PAYT-7266
PO_B10_007267,Razorpay Nodal,FLPK-ORD-114175 FLPK-ORD-311084 FLPK-ORD-767454 BATCH-FLPK-7267,327162,6543,0,0,320619,INR,2026-08-12T10:29:00Z,BATCH-FLPK-7267
PO_B10_007268,Stripe India,JIOO-ORD-980785 JIOO-ORD-833977 BATCH-JIOO-7268,262512,5250,0,0,257262,INR,2026-08-12T13:09:00Z,BATCH-JIOO-7268
PO_B10_007269,PayU Enterprise,MMTR-INV-367823 PO_B10_007269,432063,7193,0,0,424870,INR,2026-08-12T04:25:00Z,BATCH-MMTR-7269
PO_B10_007270,BillDesk Settlement,OLAA-ORD-623727 OLAA-ORD-833547 BATCH-OLAA-7270,109630,2192,0,0,107438,INR,2026-08-12T07:42:00Z,BATCH-OLAA-7270
PO_B10_007271,Cashfree Escrow,BBAS-INV-539028 PO_B10_007271,326952,6657,0,0,320295,INR,2026-08-12T03:06:00Z,BATCH-BBAS-7271
PO_B10_007272,Cashfree Escrow,BLNK-INV-514864 PO_B10_007272,122327,2362,0,0,119965,INR,2026-08-12T18:07:00Z,BATCH-BLNK-7272
PO_B10_007273,Cashfree Escrow,PHNP-INV-696135 PO_B10_007273,80048,1741,0,0,78307,INR,2026-08-12T16:22:00Z,BATCH-PHNP-7273
PO_B10_007274,Stripe India,NYKA-INV-768571 PO_B10_007274,33443,521,0,0,32922,INR,2026-08-12T13:03:00Z,BATCH-NYKA-7274
PO_B10_007275,PayU Enterprise,MMTR-ORD-875285 MMTR-ORD-700687 MMTR-ORD-201782 BATCH-MMTR-7275,433520,8670,0,0,424850,INR,2026-08-12T15:08:00Z,BATCH-MMTR-7275
PO_B10_007276,Razorpay Nodal,UBER-INV-892129 PO_B10_007276,264477,5406,0,0,259071,INR,2026-08-12T02:10:00Z,BATCH-UBER-7276
PO_B10_007277,Cashfree Escrow,MMTR-INV-710616 PO_B10_007277,445049,9965,0,0,435084,INR,2026-08-12T11:58:00Z,BATCH-MMTR-7277
PO_B10_007278,Cashfree Escrow,SWIG-INV-284699 PO_B10_007278,371908,8644,0,0,363264,INR,2026-08-12T08:32:00Z,BATCH-SWIG-7278
PO_B10_007279,PayU Enterprise,AMZN-INV-196121 PO_B10_007279,218067,4439,0,0,213628,INR,2026-08-11T18:47:00Z,BATCH-AMZN-7279
PO_B10_007280,Cashfree Escrow,NYKA-INV-208555 PO_B10_007280,264097,4827,0,0,259270,INR,2026-08-12T06:03:00Z,BATCH-NYKA-7280
PO_B10_007281,Razorpay Nodal,BKMS-INV-363804 PO_B10_007281,349379,8051,0,0,341328,INR,2026-08-12T01:58:00Z,BATCH-BKMS-7281
PO_B10_007282,BillDesk Settlement,TATA-ORD-785363 TATA-ORD-525598 BATCH-TATA-7282,273166,5463,0,0,267703,INR,2026-08-12T16:34:00Z,BATCH-TATA-7282
PO_B10_007283,Cashfree Escrow,NYKA-ORD-219773 NYKA-ORD-387274 NYKA-ORD-150903 BATCH-NYKA-7283,260599,5211,0,0,255388,INR,2026-08-12T17:30:00Z,BATCH-NYKA-7283
PO_B10_007284,PayU Enterprise,BBAS-INV-724136 PO_B10_007284,373700,7599,0,0,366101,INR,2026-08-12T10:34:00Z,BATCH-BBAS-7284
PO_B10_007285,Razorpay Nodal,OLAA-EXC-515515-UNRESOLVED,78769,1565,0,0,77204,INR,2026-08-12T10:52:00Z,HOLD-ESCROW
PO_B10_007286,Razorpay Nodal,OLAA-ORD-870554 OLAA-ORD-664816 BATCH-OLAA-7286,382208,7644,0,0,374564,INR,2026-08-11T23:20:00Z,BATCH-OLAA-7286
PO_B10_007287,PayU Enterprise,UBER-ORD-375938 UBER-ORD-318272 UBER-ORD-368572 BATCH-UBER-7287,412040,8240,0,0,403800,INR,2026-08-12T04:27:00Z,BATCH-UBER-7287
PO_B10_007288,Stripe India,BKMS-INV-584957 PO_B10_007288,134502,2784,0,0,131718,INR,2026-08-12T10:22:00Z,BATCH-BKMS-7288
PO_B10_007289,Stripe India,SWIG-ORD-844821 SWIG-ORD-251325 SWIG-ORD-697086 BATCH-SWIG-7289,183711,3674,0,0,180037,INR,2026-08-11T23:39:00Z,BATCH-SWIG-7289
PO_B10_007290,BillDesk Settlement,BLNK-INV-832975 PO_B10_007290,154541,2531,0,0,152010,INR,2026-08-12T03:30:00Z,BATCH-BLNK-7290
PO_B10_007291,Stripe India,NYKA-INV-276119 PO_B10_007291,32136,648,0,0,31488,INR,2026-08-12T10:04:00Z,BATCH-NYKA-7291
PO_B10_007292,PayU Enterprise,AMZN-INV-222383 PO_B10_007292,109588,2107,0,0,107481,INR,2026-08-12T11:05:00Z,BATCH-AMZN-7292
PO_B10_007293,Cashfree Escrow,UBER-ORD-225635 UBER-ORD-999034 UBER-ORD-819008 BATCH-UBER-7293,459362,9187,0,0,450175,INR,2026-08-12T17:33:00Z,BATCH-UBER-7293
PO_B10_007294,Cashfree Escrow,BKMS-INV-239839 PO_B10_007294,354858,8242,0,0,346616,INR,2026-08-12T21:20:00Z,BATCH-BKMS-7294
PO_B10_007295,Razorpay Nodal,TATA-ORD-572672 TATA-ORD-822840 BATCH-TATA-7295,125617,2512,0,0,123105,INR,2026-08-12T16:08:00Z,BATCH-TATA-7295
PO_B10_007296,Stripe India,AMZN-INV-503583 PO_B10_007296,164359,2713,0,0,161646,INR,2026-08-11T21:36:00Z,BATCH-AMZN-7296
PO_B10_007297,Razorpay Nodal,TATA-EXC-235355-UNRESOLVED,92038,1830,0,0,90208,INR,2026-08-12T21:56:00Z,HOLD-ESCROW
PO_B10_007298,PayU Enterprise,FLPK-INV-552873 PO_B10_007298,379266,6820,0,0,372446,INR,2026-08-12T04:47:00Z,BATCH-FLPK-7298
PO_B10_007299,Razorpay Nodal,PHNP-INV-561404 PO_B10_007299,237745,5155,0,0,232590,INR,2026-08-12T00:03:00Z,BATCH-PHNP-7299
PO_B10_007300,BillDesk Settlement,ZOMA-INV-451929 PO_B10_007300,353993,6214,0,0,347779,INR,2026-08-12T16:12:00Z,BATCH-ZOMA-7300
PO_B10_007301,BillDesk Settlement,UBER-ORD-406562 UBER-ORD-663193 BATCH-UBER-7301,162624,3252,0,0,159372,INR,2026-08-12T10:28:00Z,BATCH-UBER-7301
PO_B10_007302,Stripe India,UBER-INV-225743 PO_B10_007302,121073,1974,0,0,119099,INR,2026-08-12T05:31:00Z,BATCH-UBER-7302
PO_B10_007303,Razorpay Nodal,FLPK-INV-691546 PO_B10_007303,294824,6577,0,0,288247,INR,2026-08-11T15:50:00Z,BATCH-FLPK-7303
PO_B10_007304,Stripe India,MYNT-INV-594321 PO_B10_007304,47535,1041,0,0,46494,INR,2026-08-12T20:00:00Z,BATCH-MYNT-7304
PO_B10_007305,Cashfree Escrow,AMZN-INV-341846 PO_B10_007305,140553,2984,0,0,137569,INR,2026-08-12T13:59:00Z,BATCH-AMZN-7305
PO_B10_007306,Cashfree Escrow,TATA-INV-759634 PO_B10_007306,68717,1200,0,0,67517,INR,2026-08-12T07:24:00Z,BATCH-TATA-7306
PO_B10_007307,BillDesk Settlement,MYNT-INV-130379 PO_B10_007307,270045,4631,0,0,265414,INR,2026-08-12T08:52:00Z,BATCH-MYNT-7307
PO_B10_007308,BillDesk Settlement,PHNP-ORD-772167 PHNP-ORD-530597 BATCH-PHNP-7308,268787,5375,0,0,263412,INR,2026-08-12T17:31:00Z,BATCH-PHNP-7308
PO_B10_007309,Cashfree Escrow,PHNP-INV-452755 PO_B10_007309,242523,5136,0,0,237387,INR,2026-08-12T15:13:00Z,BATCH-PHNP-7309
PO_B10_007310,Razorpay Nodal,MMTR-INV-984425 PO_B10_007310,260187,5270,0,0,254917,INR,2026-08-11T20:47:00Z,BATCH-MMTR-7310
PO_B10_007311,BillDesk Settlement,PHNP-INV-503251 PO_B10_007311,377345,7846,0,0,369499,INR,2026-08-12T06:11:00Z,BATCH-PHNP-7311
PO_B10_007312,Cashfree Escrow,FLPK-INV-229802 PO_B10_007312,29028,627,0,0,28401,INR,2026-08-12T16:54:00Z,BATCH-FLPK-7312
PO_B10_007313,Cashfree Escrow,NYKA-ORD-377804 NYKA-ORD-544155 BATCH-NYKA-7313,251925,5038,0,0,246887,INR,2026-08-12T07:03:00Z,BATCH-NYKA-7313
PO_B10_007314,Stripe India,SWIG-INV-540267 PO_B10_007314,272941,4418,0,0,268523,INR,2026-08-12T17:47:00Z,BATCH-SWIG-7314
PO_B10_007315,Cashfree Escrow,SWIG-INV-597303 PO_B10_007315,127730,2181,0,0,125549,INR,2026-08-12T04:55:00Z,BATCH-SWIG-7315
PO_B10_007316,BillDesk Settlement,BKMS-INV-437925 PO_B10_007316,211511,3597,0,0,207914,INR,2026-08-12T15:19:00Z,BATCH-BKMS-7316
PO_B10_007317,Cashfree Escrow,OLAA-INV-972890 PO_B10_007317,199934,3802,0,0,196132,INR,2026-08-12T10:48:00Z,BATCH-OLAA-7317
PO_B10_007318,PayU Enterprise,BBAS-INV-515533 PO_B10_007318,96706,2123,0,0,94583,INR,2026-08-12T15:08:00Z,BATCH-BBAS-7318
PO_B10_007319,Razorpay Nodal,OLAA-INV-884919 PO_B10_007319,215505,5152,0,0,210353,INR,2026-08-12T14:59:00Z,BATCH-OLAA-7319
PO_B10_007320,Stripe India,JIOO-ORD-396569 JIOO-ORD-581119 BATCH-JIOO-7320,404051,8081,0,0,395970,INR,2026-08-12T04:25:00Z,BATCH-JIOO-7320
PO_B10_007321,Razorpay Nodal,MYNT-INV-965229 PO_B10_007321,350671,5634,0,0,345037,INR,2026-08-12T19:13:00Z,BATCH-MYNT-7321
PO_B10_007322,PayU Enterprise,SWIG-INV-189153 PO_B10_007322,203390,3470,0,0,199920,INR,2026-08-12T11:32:00Z,BATCH-SWIG-7322
PO_B10_007323,Razorpay Nodal,OLAA-ORD-315666 OLAA-ORD-315939 OLAA-ORD-325342 BATCH-OLAA-7323,259478,5189,0,0,254289,INR,2026-08-12T17:25:00Z,BATCH-OLAA-7323
PO_B10_007324,Stripe India,MYNT-INV-538601 PO_B10_007324,72598,1268,0,0,71330,INR,2026-08-12T11:57:00Z,BATCH-MYNT-7324
PO_B10_007325,Razorpay Nodal,TATA-INV-476375 PO_B10_007325,172380,3635,0,0,168745,INR,2026-08-12T21:58:00Z,BATCH-TATA-7325
PO_B10_007326,PayU Enterprise,TATA-ORD-631354 TATA-ORD-393051 TATA-ORD-950101 BATCH-TATA-7326,443608,8872,0,0,434736,INR,2026-08-12T17:01:00Z,BATCH-TATA-7326
PO_B10_007327,BillDesk Settlement,BBAS-INV-843161 PO_B10_007327,137406,2140,0,0,135266,INR,2026-08-11T18:38:00Z,BATCH-BBAS-7327
PO_B10_007328,Cashfree Escrow,BBAS-INV-360119 PO_B10_007328,34174,795,0,0,33379,INR,2026-08-11T15:42:00Z,BATCH-BBAS-7328
PO_B10_007329,PayU Enterprise,UBER-INV-561840 PO_B10_007329,350576,7262,0,0,343314,INR,2026-08-12T07:29:00Z,BATCH-UBER-7329
PO_B10_007330,Razorpay Nodal,SWIG-INV-641105 PO_B10_007330,37294,635,0,0,36659,INR,2026-08-12T15:25:00Z,BATCH-SWIG-7330
PO_B10_007331,Cashfree Escrow,BBAS-INV-842773 PO_B10_007331,78542,1612,0,0,76930,INR,2026-08-12T16:35:00Z,BATCH-BBAS-7331
PO_B10_007332,Stripe India,UBER-EXC-370056-UNRESOLVED,166450,3319,0,0,163131,INR,2026-08-12T23:52:00Z,HOLD-ESCROW
PO_B10_007333,PayU Enterprise,MMTR-INV-971889 PO_B10_007333,171576,3795,0,0,167781,INR,2026-08-11T18:44:00Z,BATCH-MMTR-7333
PO_B10_007334,PayU Enterprise,UBER-INV-684477 PO_B10_007334,104202,2562,0,0,101640,INR,2026-08-12T18:39:00Z,BATCH-UBER-7334
PO_B10_007335,BillDesk Settlement,JIOO-INV-576274 PO_B10_007335,99818,2446,0,0,97372,INR,2026-08-11T17:29:00Z,BATCH-JIOO-7335
PO_B10_007336,Razorpay Nodal,BBAS-INV-496912 PO_B10_007336,34039,514,0,0,33525,INR,2026-08-12T12:02:00Z,BATCH-BBAS-7336
PO_B10_007337,PayU Enterprise,FLPK-INV-873952 PO_B10_007337,68716,1407,0,0,67309,INR,2026-08-12T14:22:00Z,BATCH-FLPK-7337
PO_B10_007338,Stripe India,SWIG-ORD-763778 SWIG-ORD-682526 BATCH-SWIG-7338,239198,4783,0,0,234415,INR,2026-08-12T01:23:00Z,BATCH-SWIG-7338
PO_B10_007339,PayU Enterprise,TATA-ORD-637337 TATA-ORD-903981 TATA-ORD-632992 BATCH-TATA-7339,317747,6354,0,0,311393,INR,2026-08-12T07:54:00Z,BATCH-TATA-7339
PO_B10_007340,BillDesk Settlement,MYNT-INV-424674 PO_B10_007340,401569,6401,0,0,395168,INR,2026-08-11T20:02:00Z,BATCH-MYNT-7340
PO_B10_007341,PayU Enterprise,UBER-ORD-955496 UBER-ORD-785590 BATCH-UBER-7341,176824,3536,0,0,173288,INR,2026-08-12T07:08:00Z,BATCH-UBER-7341
PO_B10_007342,Razorpay Nodal,BBAS-INV-523095 PO_B10_007342,370899,5931,0,0,364968,INR,2026-08-11T23:59:00Z,BATCH-BBAS-7342
PO_B10_007343,Cashfree Escrow,MYNT-INV-832897 PO_B10_007343,111200,1683,0,0,109517,INR,2026-08-12T02:23:00Z,BATCH-MYNT-7343
PO_B10_007344,Razorpay Nodal,JIOO-INV-726223 PO_B10_007344,113292,2641,0,0,110651,INR,2026-08-12T19:41:00Z,BATCH-JIOO-7344
PO_B10_007345,BillDesk Settlement,OLAA-INV-754635 PO_B10_007345,371166,7435,0,0,363731,INR,2026-08-12T00:38:00Z,BATCH-OLAA-7345
PO_B10_007346,BillDesk Settlement,BKMS-INV-835373 PO_B10_007346,308859,6669,0,0,302190,INR,2026-08-12T14:34:00Z,BATCH-BKMS-7346
PO_B10_007347,Razorpay Nodal,MMTR-INV-228288 PO_B10_007347,356759,7007,0,0,349752,INR,2026-08-12T11:43:00Z,BATCH-MMTR-7347
PO_B10_007348,Cashfree Escrow,FLPK-ORD-803034 FLPK-ORD-659872 BATCH-FLPK-7348,280988,5619,0,0,275369,INR,2026-08-12T11:17:00Z,BATCH-FLPK-7348
PO_B10_007349,Razorpay Nodal,TATA-INV-213606 PO_B10_007349,284414,5428,0,0,278986,INR,2026-08-12T05:59:00Z,BATCH-TATA-7349
PO_B10_007350,Razorpay Nodal,SWIG-INV-948290 PO_B10_007350,69782,1105,0,0,68677,INR,2026-08-12T02:53:00Z,BATCH-SWIG-7350
PO_B10_007351,Cashfree Escrow,FLPK-INV-227221 PO_B10_007351,147934,2369,0,0,145565,INR,2026-08-12T11:50:00Z,BATCH-FLPK-7351
PO_B10_007352,Razorpay Nodal,UBER-ORD-621947 UBER-ORD-506296 BATCH-UBER-7352,149460,2989,0,0,146471,INR,2026-08-12T02:03:00Z,BATCH-UBER-7352
PO_B10_007353,Cashfree Escrow,BKMS-INV-430556 PO_B10_007353,372063,8182,0,0,363881,INR,2026-08-11T23:57:00Z,BATCH-BKMS-7353
PO_B10_007354,Cashfree Escrow,OLAA-INV-123196 PO_B10_007354,428733,9393,0,0,419340,INR,2026-08-11T19:06:00Z,BATCH-OLAA-7354
PO_B10_007355,PayU Enterprise,MYNT-INV-281910 PO_B10_007355,438959,10499,0,0,428460,INR,2026-08-12T10:30:00Z,BATCH-MYNT-7355
PO_B10_007356,BillDesk Settlement,BBAS-ORD-451840 BBAS-ORD-322073 BATCH-BBAS-7356,234653,4693,0,0,229960,INR,2026-08-12T01:47:00Z,BATCH-BBAS-7356
PO_B10_007357,BillDesk Settlement,PHNP-INV-951720 PO_B10_007357,198493,4565,0,0,193928,INR,2026-08-11T22:00:00Z,BATCH-PHNP-7357
PO_B10_007358,Stripe India,UBER-EXC-696638-UNRESOLVED,188035,3750,0,0,184285,INR,2026-08-12T14:03:00Z,HOLD-ESCROW
PO_B10_007359,PayU Enterprise,PHNP-INV-734028 PO_B10_007359,403067,6262,0,0,396805,INR,2026-08-11T22:50:00Z,BATCH-PHNP-7359
PO_B10_007360,PayU Enterprise,TATA-INV-255599 PO_B10_007360,419961,6888,0,0,413073,INR,2026-08-12T02:16:00Z,BATCH-TATA-7360
PO_B10_007361,Stripe India,PHNP-ORD-834373 PHNP-ORD-275288 PHNP-ORD-976760 BATCH-PHNP-7361,418918,8378,0,0,410540,INR,2026-08-11T23:10:00Z,BATCH-PHNP-7361
PO_B10_007362,Razorpay Nodal,PAYT-INV-160014 PO_B10_007362,402214,8587,0,0,393627,INR,2026-08-11T23:07:00Z,BATCH-PAYT-7362
PO_B10_007363,Razorpay Nodal,BKMS-ORD-644915 BKMS-ORD-873445 BATCH-BKMS-7363,278904,5578,0,0,273326,INR,2026-08-12T03:57:00Z,BATCH-BKMS-7363
PO_B10_007364,BillDesk Settlement,ZOMA-INV-944472 PO_B10_007364,50614,998,0,0,49616,INR,2026-08-12T02:27:00Z,BATCH-ZOMA-7364
PO_B10_007365,Stripe India,ZOMA-ORD-452167 ZOMA-ORD-762246 BATCH-ZOMA-7365,183091,3661,0,0,179430,INR,2026-08-12T09:29:00Z,BATCH-ZOMA-7365
PO_B10_007366,Razorpay Nodal,SWIG-INV-100248 PO_B10_007366,402297,6608,0,0,395689,INR,2026-08-12T00:03:00Z,BATCH-SWIG-7366
PO_B10_007367,Razorpay Nodal,NYKA-INV-869112 PO_B10_007367,401176,8929,0,0,392247,INR,2026-08-12T14:39:00Z,BATCH-NYKA-7367
PO_B10_007368,BillDesk Settlement,MMTR-INV-689094 PO_B10_007368,120329,1844,0,0,118485,INR,2026-08-12T15:26:00Z,BATCH-MMTR-7368
PO_B10_007369,PayU Enterprise,AMZN-ORD-640940 AMZN-ORD-297791 BATCH-AMZN-7369,398653,7973,0,0,390680,INR,2026-08-12T13:26:00Z,BATCH-AMZN-7369
PO_B10_007370,Razorpay Nodal,BLNK-INV-513780 PO_B10_007370,378100,7150,0,0,370950,INR,2026-08-12T00:53:00Z,BATCH-BLNK-7370
PO_B10_007371,Stripe India,BBAS-ORD-790310 BBAS-ORD-494547 BBAS-ORD-631041 BATCH-BBAS-7371,281572,5631,0,0,275941,INR,2026-08-12T13:43:00Z,BATCH-BBAS-7371
PO_B10_007372,BillDesk Settlement,FLPK-INV-953315 PO_B10_007372,444550,6740,0,0,437810,INR,2026-08-12T18:49:00Z,BATCH-FLPK-7372
PO_B10_007373,Stripe India,AMZN-INV-638495 PO_B10_007373,165008,4078,0,0,160930,INR,2026-08-12T18:52:00Z,BATCH-AMZN-7373
PO_B10_007374,PayU Enterprise,TATA-INV-843240 PO_B10_007374,394330,6046,0,0,388284,INR,2026-08-13T01:16:00Z,BATCH-TATA-7374
PO_B10_007375,PayU Enterprise,MMTR-INV-933122 PO_B10_007375,305334,7005,0,0,298329,INR,2026-08-12T09:13:00Z,BATCH-MMTR-7375
PO_B10_007376,Cashfree Escrow,BLNK-ORD-582901 BLNK-ORD-140985 BLNK-ORD-549230 BATCH-BLNK-7376,580529,11610,0,0,568919,INR,2026-08-12T19:40:00Z,BATCH-BLNK-7376
PO_B10_007377,PayU Enterprise,MMTR-INV-278079 PO_B10_007377,331277,6644,0,0,324633,INR,2026-08-12T09:34:00Z,BATCH-MMTR-7377
PO_B10_007378,Stripe India,PAYT-EXC-244552-UNRESOLVED,227496,4539,0,0,222957,INR,2026-08-12T10:57:00Z,HOLD-ESCROW
PO_B10_007379,Stripe India,SWIG-ORD-648328 SWIG-ORD-857342 SWIG-ORD-527649 BATCH-SWIG-7379,400447,8008,0,0,392439,INR,2026-08-12T13:56:00Z,BATCH-SWIG-7379
PO_B10_007380,BillDesk Settlement,BKMS-ORD-968085 BKMS-ORD-158119 BKMS-ORD-312998 BATCH-BKMS-7380,547159,10943,0,0,536216,INR,2026-08-12T13:14:00Z,BATCH-BKMS-7380
PO_B10_007381,PayU Enterprise,BBAS-INV-758404 PO_B10_007381,215566,5001,0,0,210565,INR,2026-08-12T01:58:00Z,BATCH-BBAS-7381
PO_B10_007382,PayU Enterprise,MYNT-INV-115358 PO_B10_007382,291367,7124,0,0,284243,INR,2026-08-12T16:14:00Z,BATCH-MYNT-7382
PO_B10_007383,PayU Enterprise,JIOO-EXC-344977-UNRESOLVED,136394,2717,0,0,133677,INR,2026-08-13T05:59:00Z,HOLD-ESCROW
PO_B10_007384,Stripe India,AMZN-INV-295969 PO_B10_007384,143874,3245,0,0,140629,INR,2026-08-12T00:27:00Z,BATCH-AMZN-7384
PO_B10_007385,Stripe India,MYNT-INV-849256 PO_B10_007385,406235,7467,0,0,398768,INR,2026-08-12T08:48:00Z,BATCH-MYNT-7385
PO_B10_007386,Cashfree Escrow,UBER-EXC-246444-UNRESOLVED,209708,4184,0,0,205524,INR,2026-08-12T18:39:00Z,HOLD-ESCROW
PO_B10_007387,PayU Enterprise,BBAS-INV-702629 PO_B10_007387,127105,2288,0,0,124817,INR,2026-08-12T10:48:00Z,BATCH-BBAS-7387
PO_B10_007388,BillDesk Settlement,PHNP-INV-221035 PO_B10_007388,51466,888,0,0,50578,INR,2026-08-12T02:05:00Z,BATCH-PHNP-7388
PO_B10_007389,PayU Enterprise,BLNK-INV-312494 PO_B10_007389,341067,7254,0,0,333813,INR,2026-08-11T17:06:00Z,BATCH-BLNK-7389
PO_B10_007390,Cashfree Escrow,UBER-INV-640560 PO_B10_007390,362069,8694,0,0,353375,INR,2026-08-12T04:32:00Z,BATCH-UBER-7390
PO_B10_007391,PayU Enterprise,UBER-INV-641851 PO_B10_007391,140679,2945,0,0,137734,INR,2026-08-12T11:42:00Z,BATCH-UBER-7391
PO_B10_007392,BillDesk Settlement,BBAS-INV-402142 PO_B10_007392,149688,3615,0,0,146073,INR,2026-08-12T17:06:00Z,BATCH-BBAS-7392
PO_B10_007393,Razorpay Nodal,JIOO-INV-415614 PO_B10_007393,81708,1450,0,0,80258,INR,2026-08-12T21:18:00Z,BATCH-JIOO-7393
PO_B10_007394,Cashfree Escrow,FLPK-INV-102962 PO_B10_007394,63750,1440,0,0,62310,INR,2026-08-12T05:36:00Z,BATCH-FLPK-7394
PO_B10_007395,Cashfree Escrow,PHNP-EXC-361416-UNRESOLVED,200840,4006,0,0,196834,INR,2026-08-13T04:22:00Z,HOLD-ESCROW
PO_B10_007396,Razorpay Nodal,UBER-INV-562081 PO_B10_007396,218445,5194,0,0,213251,INR,2026-08-12T03:19:00Z,BATCH-UBER-7396
PO_B10_007397,Stripe India,FLPK-INV-304033 PO_B10_007397,324950,6006,0,0,318944,INR,2026-08-12T11:59:00Z,BATCH-FLPK-7397
PO_B10_007398,PayU Enterprise,PAYT-INV-543272 PO_B10_007398,354768,7046,0,0,347722,INR,2026-08-12T18:49:00Z,BATCH-PAYT-7398
PO_B10_007399,BillDesk Settlement,FLPK-INV-509853 PO_B10_007399,336889,7621,0,0,329268,INR,2026-08-12T11:42:00Z,BATCH-FLPK-7399
PO_B10_007400,Cashfree Escrow,PAYT-INV-101230 PO_B10_007400,320985,6283,0,0,314702,INR,2026-08-11T20:01:00Z,BATCH-PAYT-7400
PO_B10_007401,PayU Enterprise,PHNP-INV-304019 PO_B10_007401,320535,7157,0,0,313378,INR,2026-08-12T19:49:00Z,BATCH-PHNP-7401
PO_B10_007402,PayU Enterprise,SWIG-EXC-207679-UNRESOLVED,239583,4781,0,0,234802,INR,2026-08-13T00:27:00Z,HOLD-ESCROW
PO_B10_007403,PayU Enterprise,PAYT-ORD-592476 PAYT-ORD-481600 BATCH-PAYT-7403,346055,6921,0,0,339134,INR,2026-08-12T12:54:00Z,BATCH-PAYT-7403
PO_B10_007404,Razorpay Nodal,PHNP-INV-732622 PO_B10_007404,121190,2844,0,0,118346,INR,2026-08-11T23:46:00Z,BATCH-PHNP-7404
PO_B10_007405,Razorpay Nodal,TATA-INV-713896 PO_B10_007405,312084,6173,0,0,305911,INR,2026-08-12T10:15:00Z,BATCH-TATA-7405
PO_B10_007406,Stripe India,BLNK-EXC-347666-UNRESOLVED,101119,2012,0,0,99107,INR,2026-08-12T10:14:00Z,HOLD-ESCROW
PO_B10_007407,Stripe India,FLPK-INV-884459 PO_B10_007407,168343,3171,0,0,165172,INR,2026-08-12T04:14:00Z,BATCH-FLPK-7407
PO_B10_007408,Cashfree Escrow,UBER-ORD-358670 UBER-ORD-106172 BATCH-UBER-7408,270831,5416,0,0,265415,INR,2026-08-12T09:17:00Z,BATCH-UBER-7408
PO_B10_007409,PayU Enterprise,BLNK-INV-398647 PO_B10_007409,60505,1029,0,0,59476,INR,2026-08-12T12:10:00Z,BATCH-BLNK-7409
PO_B10_007410,Razorpay Nodal,JIOO-INV-730134 PO_B10_007410,68058,1616,0,0,66442,INR,2026-08-11T17:52:00Z,BATCH-JIOO-7410
PO_B10_007411,PayU Enterprise,ZOMA-ORD-207307 ZOMA-ORD-387103 ZOMA-ORD-880364 BATCH-ZOMA-7411,357605,7152,0,0,350453,INR,2026-08-12T07:14:00Z,BATCH-ZOMA-7411
PO_B10_007412,Stripe India,FLPK-ORD-783794 FLPK-ORD-237840 FLPK-ORD-625285 BATCH-FLPK-7412,468611,9372,0,0,459239,INR,2026-08-12T11:03:00Z,BATCH-FLPK-7412
PO_B10_007413,PayU Enterprise,NYKA-ORD-248160 NYKA-ORD-966695 BATCH-NYKA-7413,298982,5979,0,0,293003,INR,2026-08-12T11:57:00Z,BATCH-NYKA-7413
PO_B10_007414,PayU Enterprise,JIOO-INV-146797 PO_B10_007414,104809,2597,0,0,102212,INR,2026-08-12T12:20:00Z,BATCH-JIOO-7414
PO_B10_007415,Razorpay Nodal,PAYT-INV-738913 PO_B10_007415,168825,3689,0,0,165136,INR,2026-08-12T03:09:00Z,BATCH-PAYT-7415
PO_B10_007416,Razorpay Nodal,JIOO-INV-815376 PO_B10_007416,366345,5555,0,0,360790,INR,2026-08-12T14:43:00Z,BATCH-JIOO-7416
PO_B10_007417,BillDesk Settlement,SWIG-INV-223063 PO_B10_007417,291914,6401,0,0,285513,INR,2026-08-11T21:30:00Z,BATCH-SWIG-7417
PO_B10_007418,Cashfree Escrow,BLNK-INV-773524 PO_B10_007418,221267,4198,0,0,217069,INR,2026-08-12T03:05:00Z,BATCH-BLNK-7418
PO_B10_007419,PayU Enterprise,MMTR-EXC-231415-UNRESOLVED,292631,5842,0,0,286789,INR,2026-08-13T03:07:00Z,HOLD-ESCROW
PO_B10_007420,Cashfree Escrow,AMZN-ORD-528111 AMZN-ORD-388682 BATCH-AMZN-7420,139402,2788,0,0,136614,INR,2026-08-12T09:58:00Z,BATCH-AMZN-7420
PO_B10_007421,PayU Enterprise,FLPK-INV-739669 PO_B10_007421,261398,4307,0,0,257091,INR,2026-08-12T17:20:00Z,BATCH-FLPK-7421
PO_B10_007422,PayU Enterprise,ZOMA-INV-417618 PO_B10_007422,262261,4144,0,0,258117,INR,2026-08-12T20:07:00Z,BATCH-ZOMA-7422
PO_B10_007423,Razorpay Nodal,AMZN-INV-656205 PO_B10_007423,153302,2813,0,0,150489,INR,2026-08-12T00:42:00Z,BATCH-AMZN-7423
PO_B10_007424,PayU Enterprise,NYKA-ORD-140950 BATCH-NYKA-7424,192888,3857,0,0,189031,INR,2026-08-12T10:13:00Z,BATCH-NYKA-7424
