payout_id,gateway_name,gateway_reference,gross_amount_minor,processing_fee_minor,refund_amount_minor,chargeback_amount_minor,net_settlement_amount_minor,currency,settlement_timestamp,batch_token
PO_B01_000001,Cashfree Escrow,FLPK-ORD-530290 FLPK-ORD-417200 BATCH-FLPK-0001,412412,8248,0,0,404164,INR,2026-08-03T04:22:00Z,BATCH-FLPK-0001
PO_B01_000002,Razorpay Nodal,PAYT-INV-943947 PO_B01_000002,309452,6568,0,0,302884,INR,2026-08-03T02:04:00Z,BATCH-PAYT-0002
PO_B01_000003,Stripe India,MMTR-ORD-501595 MMTR-ORD-130860 BATCH-MMTR-0003,222338,4446,0,0,217892,INR,2026-08-03T12:06:00Z,BATCH-MMTR-0003
PO_B01_000004,PayU Enterprise,BLNK-ORD-294985 BLNK-ORD-272696 BATCH-BLNK-0004,176561,3531,0,0,173030,INR,2026-08-03T14:47:00Z,BATCH-BLNK-0004
PO_B01_000005,Razorpay Nodal,JIOO-INV-722173 PO_B01_000005,313251,5563,0,0,307688,INR,2026-08-03T02:34:00Z,BATCH-JIOO-0005
PO_B01_000006,Razorpay Nodal,OLAA-INV-856743 PO_B01_000006,219804,4987,0,0,214817,INR,2026-08-03T16:27:00Z,BATCH-OLAA-0006
PO_B01_000007,BillDesk Settlement,BBAS-ORD-712908 BBAS-ORD-554188 BBAS-ORD-927535 BATCH-BBAS-0007,420038,8400,0,0,411638,INR,2026-08-03T01:02:00Z,BATCH-BBAS-0007
PO_B01_000008,Stripe India,OLAA-INV-587864 PO_B01_000008,181030,3062,0,0,177968,INR,2026-08-03T18:09:00Z,BATCH-OLAA-0008
PO_B01_000009,Cashfree Escrow,FLPK-INV-180657 PO_B01_000009,285175,4820,0,0,280355,INR,2026-08-03T13:26:00Z,BATCH-FLPK-0009
PO_B01_000010,PayU Enterprise,MYNT-ORD-843398 MYNT-ORD-608707 BATCH-MYNT-0010,170010,3400,0,0,166610,INR,2026-08-03T05:05:00Z,BATCH-MYNT-0010
PO_B01_000011,Razorpay Nodal,PAYT-ORD-196803 PAYT-ORD-310598 BATCH-PAYT-0011,279295,5585,0,0,273710,INR,2026-08-03T06:27:00Z,BATCH-PAYT-0011
PO_B01_000012,Stripe India,TATA-ORD-576509 TATA-ORD-294919 TATA-ORD-302609 BATCH-TATA-0012,331883,6637,0,0,325246,INR,2026-08-03T16:25:00Z,BATCH-TATA-0012
PO_B01_000013,BillDesk Settlement,BKMS-INV-894115 PO_B01_000013,348711,8081,0,0,340630,INR,2026-08-03T04:29:00Z,BATCH-BKMS-0013
PO_B01_000014,BillDesk Settlement,NYKA-ORD-948490 NYKA-ORD-261224 NYKA-ORD-833135 BATCH-NYKA-0014,388764,7775,0,0,380989,INR,2026-08-03T01:43:00Z,BATCH-NYKA-0014
PO_B01_000015,Stripe India,MMTR-INV-121706 PO_B01_000015,274985,5755,0,0,269230,INR,2026-08-03T11:49:00Z,BATCH-MMTR-0015
PO_B01_000016,Razorpay Nodal,AMZN-INV-101234 PO_B01_000016,410708,6455,0,0,404253,INR,2026-08-03T05:29:00Z,BATCH-AMZN-0016
PO_B01_000017,Stripe India,ZOMA-ORD-721124 ZOMA-ORD-911534 BATCH-ZOMA-0017,94389,1887,0,0,92502,INR,2026-08-03T19:15:00Z,BATCH-ZOMA-0017
PO_B01_000018,BillDesk Settlement,JIOO-INV-618028 PO_B01_000018,129156,2725,0,0,126431,INR,2026-08-02T21:16:00Z,BATCH-JIOO-0018
PO_B01_000019,Razorpay Nodal,JIOO-INV-889125 PO_B01_000019,417525,6851,0,0,410674,INR,2026-08-02T15:04:00Z,BATCH-JIOO-0019
PO_B01_000020,Stripe India,FLPK-ORD-530018 FLPK-ORD-461681 BATCH-FLPK-0020,212882,4257,0,0,208625,INR,2026-08-02T23:44:00Z,BATCH-FLPK-0020
PO_B01_000021,Razorpay Nodal,OLAA-INV-105390 PO_B01_000021,59955,1047,0,0,58908,INR,2026-08-03T09:04:00Z,BATCH-OLAA-0021
PO_B01_000022,Stripe India,JIOO-INV-844787 PO_B01_000022,335630,6602,0,0,329028,INR,2026-08-03T07:36:00Z,BATCH-JIOO-0022
PO_B01_000023,BillDesk Settlement,TATA-INV-902074 PO_B01_000023,306006,7155,0,0,298851,INR,2026-08-03T20:19:00Z,BATCH-TATA-0023
PO_B01_000024,BillDesk Settlement,ZOMA-ORD-406491 ZOMA-ORD-940606 ZOMA-ORD-413837 BATCH-ZOMA-0024,363202,7264,0,0,355938,INR,2026-08-03T00:49:00Z,BATCH-ZOMA-0024
PO_B01_000025,BillDesk Settlement,MYNT-INV-388111 PO_B01_000025,73443,1392,0,0,72051,INR,2026-08-02T20:01:00Z,BATCH-MYNT-0025
PO_B01_000026,Cashfree Escrow,MYNT-INV-404208 PO_B01_000026,140409,2397,0,0,138012,INR,2026-08-03T16:00:00Z,BATCH-MYNT-0026
PO_B01_000027,Razorpay Nodal,ZOMA-INV-748787 PO_B01_000027,109533,2561,0,0,106972,INR,2026-08-03T06:31:00Z,BATCH-ZOMA-0027
PO_B01_000028,BillDesk Settlement,MYNT-ORD-151091 MYNT-ORD-787361 MYNT-ORD-491126 BATCH-MYNT-0028,255631,5112,0,0,250519,INR,2026-08-03T12:51:00Z,BATCH-MYNT-0028
PO_B01_000029,PayU Enterprise,AMZN-INV-488824 PO_B01_000029,218891,3362,0,0,215529,INR,2026-08-03T10:39:00Z,BATCH-AMZN-0029
PO_B01_000030,Cashfree Escrow,FLPK-INV-745263 PO_B01_000030,205452,3915,0,0,201537,INR,2026-08-03T13:53:00Z,BATCH-FLPK-0030
PO_B01_000031,Razorpay Nodal,MYNT-EXC-877171-UNRESOLVED,60490,1199,0,0,59291,INR,2026-08-03T09:32:00Z,HOLD-ESCROW
PO_B01_000032,Stripe India,PHNP-INV-711391 PO_B01_000032,86343,1526,0,0,84817,INR,2026-08-02T20:13:00Z,BATCH-PHNP-0032
PO_B01_000033,Cashfree Escrow,MMTR-INV-550065 PO_B01_000033,122651,2830,0,0,119821,INR,2026-08-03T08:20:00Z,BATCH-MMTR-0033
PO_B01_000034,Razorpay Nodal,PHNP-INV-268116 PO_B01_000034,362943,6636,0,0,356307,INR,2026-08-03T22:24:00Z,BATCH-PHNP-0034
PO_B01_000035,PayU Enterprise,MMTR-ORD-893922 MMTR-ORD-367764 BATCH-MMTR-0035,274765,5495,0,0,269270,INR,2026-08-03T20:49:00Z,BATCH-MMTR-0035
PO_B01_000036,PayU Enterprise,JIOO-ORD-877985 JIOO-ORD-305358 BATCH-JIOO-0036,374504,7490,0,0,367014,INR,2026-08-03T20:18:00Z,BATCH-JIOO-0036
PO_B01_000037,PayU Enterprise,MMTR-ORD-715074 MMTR-ORD-455764 BATCH-MMTR-0037,406389,8127,0,0,398262,INR,2026-08-03T05:38:00Z,BATCH-MMTR-0037
PO_B01_000038,BillDesk Settlement,MYNT-INV-982846 PO_B01_000038,292913,6210,0,0,286703,INR,2026-08-03T15:08:00Z,BATCH-MYNT-0038
PO_B01_000039,Razorpay Nodal,AMZN-INV-630058 PO_B01_000039,252994,5147,0,0,247847,INR,2026-08-03T11:01:00Z,BATCH-AMZN-0039
PO_B01_000040,Cashfree Escrow,JIOO-INV-119435 PO_B01_000040,319462,7823,0,0,311639,INR,2026-08-03T03:51:00Z,BATCH-JIOO-0040
PO_B01_000041,Razorpay Nodal,ZOMA-INV-330889 PO_B01_000041,388467,9285,0,0,379182,INR,2026-08-03T12:41:00Z,BATCH-ZOMA-0041
PO_B01_000042,PayU Enterprise,BLNK-ORD-177359 BLNK-ORD-414112 BATCH-BLNK-0042,234995,4699,0,0,230296,INR,2026-08-03T10:48:00Z,BATCH-BLNK-0042
PO_B01_000043,Razorpay Nodal,UBER-EXC-172757-UNRESOLVED,223103,4452,0,0,218651,INR,2026-08-03T12:33:00Z,HOLD-ESCROW
PO_B01_000044,Cashfree Escrow,SWIG-INV-330042 PO_B01_000044,348407,8161,0,0,340246,INR,2026-08-02T23:13:00Z,BATCH-SWIG-0044
PO_B01_000045,Cashfree Escrow,BLNK-ORD-622828 BLNK-ORD-558982 BATCH-BLNK-0045,59554,1191,0,0,58363,INR,2026-08-03T17:07:00Z,BATCH-BLNK-0045
PO_B01_000046,PayU Enterprise,PHNP-ORD-393557 PHNP-ORD-295353 PHNP-ORD-482802 BATCH-PHNP-0046,434336,8686,0,0,425650,INR,2026-08-03T08:47:00Z,BATCH-PHNP-0046
PO_B01_000047,Razorpay Nodal,NYKA-INV-945662 PO_B01_000047,225238,4159,0,0,221079,INR,2026-08-03T03:11:00Z,BATCH-NYKA-0047
PO_B01_000048,Stripe India,FLPK-INV-465092 PO_B01_000048,190675,3001,0,0,187674,INR,2026-08-03T05:08:00Z,BATCH-FLPK-0048
PO_B01_000049,PayU Enterprise,PAYT-ORD-980948 PAYT-ORD-209115 PAYT-ORD-267405 BATCH-PAYT-0049,506451,10129,0,0,496322,INR,2026-08-03T07:46:00Z,BATCH-PAYT-0049
PO_B01_000050,Razorpay Nodal,FLPK-INV-615700 PO_B01_000050,426763,8871,0,0,417892,INR,2026-08-03T06:47:00Z,BATCH-FLPK-0050
PO_B01_000051,Stripe India,FLPK-ORD-915127 FLPK-ORD-782275 BATCH-FLPK-0051,177135,3542,0,0,173593,INR,2026-08-03T12:48:00Z,BATCH-FLPK-0051
PO_B01_000052,Cashfree Escrow,OLAA-INV-893772 PO_B01_000052,437731,10677,0,0,427054,INR,2026-08-03T07:51:00Z,BATCH-OLAA-0052
PO_B01_000053,Razorpay Nodal,SWIG-INV-532654 PO_B01_000053,112402,2783,0,0,109619,INR,2026-08-03T12:41:00Z,BATCH-SWIG-0053
PO_B01_000054,PayU Enterprise,BBAS-INV-104110 PO_B01_000054,443242,10040,0,0,433202,INR,2026-08-03T10:30:00Z,BATCH-BBAS-0054
PO_B01_000055,Stripe India,MYNT-INV-181897 PO_B01_000055,334105,6725,0,0,327380,INR,2026-08-03T18:39:00Z,BATCH-MYNT-0055
PO_B01_000056,Cashfree Escrow,TATA-ORD-799927 TATA-ORD-421144 BATCH-TATA-0056,390747,7814,0,0,382933,INR,2026-08-03T15:54:00Z,BATCH-TATA-0056
PO_B01_000057,Stripe India,PHNP-INV-686128 PO_B01_000057,301938,5590,0,0,296348,INR,2026-08-03T20:41:00Z,BATCH-PHNP-0057
PO_B01_000058,Razorpay Nodal,BKMS-ORD-635825 BKMS-ORD-922070 BATCH-BKMS-0058,479771,9595,0,0,470176,INR,2026-08-03T13:25:00Z,BATCH-BKMS-0058
PO_B01_000059,BillDesk Settlement,UBER-ORD-205945 UBER-ORD-286198 UBER-ORD-660304 BATCH-UBER-0059,440641,8812,0,0,431829,INR,2026-08-03T06:23:00Z,BATCH-UBER-0059
PO_B01_000060,Razorpay Nodal,MMTR-ORD-128967 MMTR-ORD-891344 BATCH-MMTR-0060,81793,1635,0,0,80158,INR,2026-08-03T15:25:00Z,BATCH-MMTR-0060
PO_B01_000061,Cashfree Escrow,BKMS-INV-445998 PO_B01_000061,189885,4252,0,0,185633,INR,2026-08-02T22:39:00Z,BATCH-BKMS-0061
PO_B01_000062,Razorpay Nodal,MYNT-ORD-975244 MYNT-ORD-392839 BATCH-MYNT-0062,87972,1759,0,0,86213,INR,2026-08-03T19:11:00Z,BATCH-MYNT-0062
PO_B01_000063,Stripe India,BLNK-ORD-320974 BLNK-ORD-866087 BLNK-ORD-304963 BATCH-BLNK-0063,324285,6485,0,0,317800,INR,2026-08-02T22:14:00Z,BATCH-BLNK-0063
PO_B01_000064,Cashfree Escrow,SWIG-INV-848386 PO_B01_000064,406580,7947,0,0,398633,INR,2026-08-03T09:13:00Z,BATCH-SWIG-0064
PO_B01_000065,BillDesk Settlement,PAYT-INV-767339 PO_B01_000065,103656,1816,0,0,101840,INR,2026-08-03T17:53:00Z,BATCH-PAYT-0065
PO_B01_000066,Razorpay Nodal,TATA-INV-920627 PO_B01_000066,350022,7136,0,0,342886,INR,2026-08-03T07:22:00Z,BATCH-TATA-0066
PO_B01_000067,Stripe India,PAYT-INV-606615 PO_B01_000067,204489,3464,0,0,201025,INR,2026-08-03T16:48:00Z,BATCH-PAYT-0067
PO_B01_000068,BillDesk Settlement,AMZN-ORD-769010 AMZN-ORD-280677 BATCH-AMZN-0068,364182,7283,0,0,356899,INR,2026-08-03T12:35:00Z,BATCH-AMZN-0068
PO_B01_000069,Razorpay Nodal,BLNK-ORD-138197 BLNK-ORD-427049 BLNK-ORD-553839 BATCH-BLNK-0069,580364,11607,0,0,568757,INR,2026-08-03T01:52:00Z,BATCH-BLNK-0069
PO_B01_000070,PayU Enterprise,PAYT-INV-575714 PO_B01_000070,174478,3976,0,0,170502,INR,2026-08-03T04:34:00Z,BATCH-PAYT-0070
PO_B01_000071,Razorpay Nodal,NYKA-INV-668625 PO_B01_000071,93485,1855,0,0,91630,INR,2026-08-03T00:23:00Z,BATCH-NYKA-0071
PO_B01_000072,Cashfree Escrow,BKMS-INV-508556 PO_B01_000072,133052,2408,0,0,130644,INR,2026-08-03T22:15:00Z,BATCH-BKMS-0072
PO_B01_000073,Cashfree Escrow,BKMS-ORD-918886 BKMS-ORD-816746 BKMS-ORD-995374 BATCH-BKMS-0073,298525,5970,0,0,292555,INR,2026-08-03T20:45:00Z,BATCH-BKMS-0073
PO_B01_000074,PayU Enterprise,PAYT-ORD-630302 PAYT-ORD-555830 BATCH-PAYT-0074,249314,4986,0,0,244328,INR,2026-08-03T12:17:00Z,BATCH-PAYT-0074
PO_B01_000075,Razorpay Nodal,MMTR-INV-268826 PO_B01_000075,83537,1718,0,0,81819,INR,2026-08-02T15:54:00Z,BATCH-MMTR-0075
PO_B01_000076,Razorpay Nodal,PHNP-EXC-225283-UNRESOLVED,147002,2930,0,0,144072,INR,2026-08-03T23:48:00Z,HOLD-ESCROW
PO_B01_000077,Razorpay Nodal,FLPK-INV-311540 PO_B01_000077,81619,1512,0,0,80107,INR,2026-08-03T21:27:00Z,BATCH-FLPK-0077
PO_B01_000078,Stripe India,AMZN-INV-829466 PO_B01_000078,269493,6503,0,0,262990,INR,2026-08-03T18:15:00Z,BATCH-AMZN-0078
PO_B01_000079,Cashfree Escrow,BLNK-ORD-477826 BLNK-ORD-207034 BATCH-BLNK-0079,259076,5181,0,0,253895,INR,2026-08-03T09:26:00Z,BATCH-BLNK-0079
PO_B01_000080,Razorpay Nodal,PHNP-INV-951136 PO_B01_000080,46596,784,0,0,45812,INR,2026-08-03T07:33:00Z,BATCH-PHNP-0080
PO_B01_000081,BillDesk Settlement,JIOO-INV-892870 PO_B01_000081,87624,1912,0,0,85712,INR,2026-08-03T18:03:00Z,BATCH-JIOO-0081
PO_B01_000082,Cashfree Escrow,ZOMA-INV-104914 PO_B01_000082,50506,914,0,0,49592,INR,2026-08-03T01:37:00Z,BATCH-ZOMA-0082
PO_B01_000083,PayU Enterprise,SWIG-INV-596663 PO_B01_000083,411441,6552,0,0,404889,INR,2026-08-03T02:49:00Z,BATCH-SWIG-0083
PO_B01_000084,Stripe India,OLAA-INV-705527 PO_B01_000084,293216,6413,0,0,286803,INR,2026-08-03T12:32:00Z,BATCH-OLAA-0084
PO_B01_000085,BillDesk Settlement,BLNK-INV-301786 PO_B01_000085,60304,965,0,0,59339,INR,2026-08-03T12:50:00Z,BATCH-BLNK-0085
PO_B01_000086,PayU Enterprise,SWIG-EXC-142120-UNRESOLVED,130356,2597,0,0,127759,INR,2026-08-03T14:33:00Z,HOLD-ESCROW
PO_B01_000087,BillDesk Settlement,SWIG-INV-697937 PO_B01_000087,148565,3290,0,0,145275,INR,2026-08-03T11:19:00Z,BATCH-SWIG-0087
PO_B01_000088,PayU Enterprise,ZOMA-INV-171755 PO_B01_000088,365613,7608,0,0,358005,INR,2026-08-03T12:13:00Z,BATCH-ZOMA-0088
PO_B01_000089,BillDesk Settlement,SWIG-INV-690538 PO_B01_000089,129894,3103,0,0,126791,INR,2026-08-03T09:07:00Z,BATCH-SWIG-0089
PO_B01_000090,BillDesk Settlement,OLAA-INV-331734 PO_B01_000090,245151,5877,0,0,239274,INR,2026-08-03T05:07:00Z,BATCH-OLAA-0090
PO_B01_000091,Razorpay Nodal,NYKA-INV-263677 PO_B01_000091,204790,4390,0,0,200400,INR,2026-08-03T02:41:00Z,BATCH-NYKA-0091
PO_B01_000092,Stripe India,UBER-ORD-638560 UBER-ORD-946274 BATCH-UBER-0092,279369,5587,0,0,273782,INR,2026-08-03T10:21:00Z,BATCH-UBER-0092
PO_B01_000093,Razorpay Nodal,AMZN-ORD-340634 AMZN-ORD-106614 BATCH-AMZN-0093,147809,2956,0,0,144853,INR,2026-08-03T05:06:00Z,BATCH-AMZN-0093
PO_B01_000094,Cashfree Escrow,BLNK-ORD-601160 BLNK-ORD-594058 BATCH-BLNK-0094,325069,6501,0,0,318568,INR,2026-08-03T04:20:00Z,BATCH-BLNK-0094
PO_B01_000095,BillDesk Settlement,TATA-INV-989008 PO_B01_000095,36626,887,0,0,35739,INR,2026-08-03T04:16:00Z,BATCH-TATA-0095
PO_B01_000096,Cashfree Escrow,TATA-ORD-246278 TATA-ORD-461029 BATCH-TATA-0096,261473,5229,0,0,256244,INR,2026-08-02T21:57:00Z,BATCH-TATA-0096
PO_B01_000097,Razorpay Nodal,PAYT-INV-527875 PO_B01_000097,307241,5167,0,0,302074,INR,2026-08-03T23:34:00Z,BATCH-PAYT-0097
PO_B01_000098,Razorpay Nodal,MMTR-INV-336779 PO_B01_000098,95534,2203,0,0,93331,INR,2026-08-03T09:32:00Z,BATCH-MMTR-0098
PO_B01_000099,BillDesk Settlement,BBAS-INV-772239 PO_B01_000099,370081,7937,0,0,362144,INR,2026-08-03T05:06:00Z,BATCH-BBAS-0099
PO_B01_000100,Cashfree Escrow,BBAS-INV-351173 PO_B01_000100,296698,7255,0,0,289443,INR,2026-08-03T06:15:00Z,BATCH-BBAS-0100
PO_B01_000101,Cashfree Escrow,AMZN-INV-433042 PO_B01_000101,96227,1941,0,0,94286,INR,2026-08-03T06:47:00Z,BATCH-AMZN-0101
PO_B01_000102,Stripe India,JIOO-INV-837689 PO_B01_000102,237406,5384,0,0,232022,INR,2026-08-03T12:08:00Z,BATCH-JIOO-0102
PO_B01_000103,BillDesk Settlement,PHNP-ORD-930403 PHNP-ORD-852753 BATCH-PHNP-0103,199000,3980,0,0,195020,INR,2026-08-03T05:26:00Z,BATCH-PHNP-0103
PO_B01_000104,PayU Enterprise,PAYT-INV-505541 PO_B01_000104,156336,3645,0,0,152691,INR,2026-08-03T16:24:00Z,BATCH-PAYT-0104
PO_B01_000105,PayU Enterprise,BLNK-INV-161515 PO_B01_000105,136023,2247,0,0,133776,INR,2026-08-03T00:37:00Z,BATCH-BLNK-0105
PO_B01_000106,Stripe India,OLAA-INV-615965 PO_B01_000106,29252,640,0,0,28612,INR,2026-08-03T02:22:00Z,BATCH-OLAA-0106
PO_B01_000107,Razorpay Nodal,AMZN-ORD-658953 AMZN-ORD-498237 BATCH-AMZN-0107,267247,5344,0,0,261903,INR,2026-08-03T16:39:00Z,BATCH-AMZN-0107
PO_B01_000108,Cashfree Escrow,PHNP-INV-849439 PO_B01_000108,388055,7350,0,0,380705,INR,2026-08-03T17:26:00Z,BATCH-PHNP-0108
PO_B01_000109,Razorpay Nodal,OLAA-INV-807397 PO_B01_000109,54234,985,0,0,53249,INR,2026-08-03T15:42:00Z,BATCH-OLAA-0109
PO_B01_000110,PayU Enterprise,NYKA-INV-580664 PO_B01_000110,409613,6302,0,0,403311,INR,2026-08-03T01:48:00Z,BATCH-NYKA-0110
PO_B01_000111,PayU Enterprise,AMZN-INV-243597 PO_B01_000111,320370,6104,0,0,314266,INR,2026-08-03T08:47:00Z,BATCH-AMZN-0111
PO_B01_000112,PayU Enterprise,ZOMA-EXC-440161-UNRESOLVED,280917,5608,0,0,275309,INR,2026-08-03T17:19:00Z,HOLD-ESCROW
PO_B01_000113,PayU Enterprise,BBAS-INV-387515 PO_B01_000113,362326,8950,0,0,353376,INR,2026-08-03T07:43:00Z,BATCH-BBAS-0113
PO_B01_000114,PayU Enterprise,PAYT-INV-983663 PO_B01_000114,329358,7032,0,0,322326,INR,2026-08-03T04:49:00Z,BATCH-PAYT-0114
PO_B01_000115,Stripe India,ZOMA-ORD-713045 ZOMA-ORD-267621 ZOMA-ORD-982926 BATCH-ZOMA-0115,442584,8851,0,0,433733,INR,2026-08-02T22:20:00Z,BATCH-ZOMA-0115
PO_B01_000116,PayU Enterprise,AMZN-INV-552016 PO_B01_000116,240307,4031,0,0,236276,INR,2026-08-02T20:45:00Z,BATCH-AMZN-0116
PO_B01_000117,PayU Enterprise,UBER-ORD-993822 UBER-ORD-565065 BATCH-UBER-0117,251886,5037,0,0,246849,INR,2026-08-03T15:18:00Z,BATCH-UBER-0117
PO_B01_000118,BillDesk Settlement,BKMS-EXC-943858-UNRESOLVED,235349,4696,0,0,230653,INR,2026-08-03T09:31:00Z,HOLD-ESCROW
PO_B01_000119,Razorpay Nodal,MYNT-ORD-838090 MYNT-ORD-997826 MYNT-ORD-203346 BATCH-MYNT-0119,574656,11493,0,0,563163,INR,2026-08-03T00:28:00Z,BATCH-MYNT-0119
PO_B01_000120,Stripe India,ZOMA-INV-506746 PO_B01_000120,409979,7974,0,0,402005,INR,2026-08-03T11:31:00Z,BATCH-ZOMA-0120
PO_B01_000121,PayU Enterprise,NYKA-INV-939115 PO_B01_000121,98304,2309,0,0,95995,INR,2026-08-03T14:52:00Z,BATCH-NYKA-0121
PO_B01_000122,PayU Enterprise,BLNK-INV-470623 PO_B01_000122,213307,3968,0,0,209339,INR,2026-08-03T08:23:00Z,BATCH-BLNK-0122
PO_B01_000123,PayU Enterprise,ZOMA-ORD-477589 ZOMA-ORD-786463 BATCH-ZOMA-0123,247355,4947,0,0,242408,INR,2026-08-03T03:55:00Z,BATCH-ZOMA-0123
PO_B01_000124,Cashfree Escrow,AMZN-INV-166678 PO_B01_000124,68501,1416,0,0,67085,INR,2026-08-03T04:47:00Z,BATCH-AMZN-0124
PO_B01_000125,Stripe India,NYKA-INV-850686 PO_B01_000125,447435,6795,0,0,440640,INR,2026-08-03T04:15:00Z,BATCH-NYKA-0125
PO_B01_000126,Stripe India,OLAA-INV-525228 PO_B01_000126,365723,5811,0,0,359912,INR,2026-08-03T19:28:00Z,BATCH-OLAA-0126
PO_B01_000127,PayU Enterprise,MYNT-INV-707662 PO_B01_000127,154699,2879,0,0,151820,INR,2026-08-03T04:59:00Z,BATCH-MYNT-0127
PO_B01_000128,Stripe India,FLPK-INV-943053 PO_B01_000128,246866,5884,0,0,240982,INR,2026-08-03T21:14:00Z,BATCH-FLPK-0128
PO_B01_000129,Stripe India,OLAA-ORD-645342 OLAA-ORD-394155 BATCH-OLAA-0129,245972,4919,0,0,241053,INR,2026-08-03T18:22:00Z,BATCH-OLAA-0129
PO_B01_000130,PayU Enterprise,AMZN-EXC-239631-UNRESOLVED,299228,5974,0,0,293254,INR,2026-08-04T00:03:00Z,HOLD-ESCROW
PO_B01_000131,Stripe India,BKMS-INV-699709 PO_B01_000131,273488,5830,0,0,267658,INR,2026-08-02T23:35:00Z,BATCH-BKMS-0131
PO_B01_000132,Razorpay Nodal,BLNK-INV-668716 PO_B01_000132,219913,4392,0,0,215521,INR,2026-08-03T04:05:00Z,BATCH-BLNK-0132
PO_B01_000133,Razorpay Nodal,AMZN-INV-367935 PO_B01_000133,310697,5707,0,0,304990,INR,2026-08-03T11:55:00Z,BATCH-AMZN-0133
PO_B01_000134,Razorpay Nodal,NYKA-INV-134089 PO_B01_000134,280445,6220,0,0,274225,INR,2026-08-03T01:38:00Z,BATCH-NYKA-0134
PO_B01_000135,BillDesk Settlement,TATA-ORD-857640 TATA-ORD-954459 BATCH-TATA-0135,230345,4606,0,0,225739,INR,2026-08-03T06:57:00Z,BATCH-TATA-0135
PO_B01_000136,Cashfree Escrow,BBAS-INV-789945 PO_B01_000136,394856,6022,0,0,388834,INR,2026-08-03T19:41:00Z,BATCH-BBAS-0136
PO_B01_000137,Razorpay Nodal,OLAA-ORD-190614 OLAA-ORD-417844 BATCH-OLAA-0137,43799,875,0,0,42924,INR,2026-08-03T14:11:00Z,BATCH-OLAA-0137
PO_B01_000138,Razorpay Nodal,PAYT-INV-695377 PO_B01_000138,427667,8110,0,0,419557,INR,2026-08-03T21:59:00Z,BATCH-PAYT-0138
PO_B01_000139,BillDesk Settlement,BLNK-INV-817131 PO_B01_000139,408750,7994,0,0,400756,INR,2026-08-03T10:01:00Z,BATCH-BLNK-0139
PO_B01_000140,Razorpay Nodal,MMTR-INV-966346 PO_B01_000140,117831,2853,0,0,114978,INR,2026-08-03T15:49:00Z,BATCH-MMTR-0140
PO_B01_000141,PayU Enterprise,OLAA-ORD-214962 OLAA-ORD-491796 OLAA-ORD-834544 BATCH-OLAA-0141,254018,5080,0,0,248938,INR,2026-08-03T00:44:00Z,BATCH-OLAA-0141
PO_B01_000142,Stripe India,BLNK-ORD-126011 BLNK-ORD-243783 BATCH-BLNK-0142,282827,5656,0,0,277171,INR,2026-08-03T11:15:00Z,BATCH-BLNK-0142
PO_B01_000143,BillDesk Settlement,BBAS-INV-958494 PO_B01_000143,339632,6048,0,0,333584,INR,2026-08-03T08:35:00Z,BATCH-BBAS-0143
PO_B01_000144,PayU Enterprise,BLNK-INV-124133 PO_B01_000144,391676,6376,0,0,385300,INR,2026-08-03T05:27:00Z,BATCH-BLNK-0144
PO_B01_000145,Cashfree Escrow,FLPK-INV-431164 PO_B01_000145,76709,1172,0,0,75537,INR,2026-08-03T14:06:00Z,BATCH-FLPK-0145
PO_B01_000146,BillDesk Settlement,NYKA-INV-682078 PO_B01_000146,296106,5646,0,0,290460,INR,2026-08-03T02:48:00Z,BATCH-NYKA-0146
PO_B01_000147,Razorpay Nodal,PAYT-ORD-447349 PAYT-ORD-630787 BATCH-PAYT-0147,223835,4476,0,0,219359,INR,2026-08-02T21:50:00Z,BATCH-PAYT-0147
PO_B01_000148,Razorpay Nodal,TATA-ORD-289317 TATA-ORD-522247 BATCH-TATA-0148,333630,6672,0,0,326958,INR,2026-08-02T22:29:00Z,BATCH-TATA-0148
PO_B01_000149,PayU Enterprise,PHNP-INV-758636 PO_B01_000149,258113,5030,0,0,253083,INR,2026-08-03T00:28:00Z,BATCH-PHNP-0149
PO_B01_000150,Cashfree Escrow,MMTR-INV-467654 PO_B01_000150,266591,4765,0,0,261826,INR,2026-08-03T04:14:00Z,BATCH-MMTR-0150
PO_B01_000151,Razorpay Nodal,PHNP-ORD-762087 PHNP-ORD-241329 BATCH-PHNP-0151,433544,8670,0,0,424874,INR,2026-08-03T16:27:00Z,BATCH-PHNP-0151
PO_B01_000152,Stripe India,AMZN-ORD-838171 AMZN-ORD-852010 BATCH-AMZN-0152,168067,3361,0,0,164706,INR,2026-08-03T10:19:00Z,BATCH-AMZN-0152
PO_B01_000153,PayU Enterprise,MYNT-INV-114717 PO_B01_000153,423068,9682,0,0,413386,INR,2026-08-03T05:06:00Z,BATCH-MYNT-0153
PO_B01_000154,Razorpay Nodal,BBAS-INV-566218 PO_B01_000154,424193,10557,0,0,413636,INR,2026-08-03T02:51:00Z,BATCH-BBAS-0154
PO_B01_000155,PayU Enterprise,BLNK-INV-119159 PO_B01_000155,270359,6244,0,0,264115,INR,2026-08-02T19:40:00Z,BATCH-BLNK-0155
PO_B01_000156,Cashfree Escrow,JIOO-INV-332507 PO_B01_000156,35818,891,0,0,34927,INR,2026-08-03T11:41:00Z,BATCH-JIOO-0156
PO_B01_000157,Stripe India,UBER-INV-881141 PO_B01_000157,134266,2463,0,0,131803,INR,2026-08-03T12:45:00Z,BATCH-UBER-0157
PO_B01_000158,PayU Enterprise,BKMS-ORD-604304 BKMS-ORD-605640 BATCH-BKMS-0158,59313,1186,0,0,58127,INR,2026-08-03T13:37:00Z,BATCH-BKMS-0158
PO_B01_000159,PayU Enterprise,PAYT-ORD-146927 PAYT-ORD-677584 PAYT-ORD-939069 BATCH-PAYT-0159,432029,8640,0,0,423389,INR,2026-08-03T20:42:00Z,BATCH-PAYT-0159
PO_B01_000160,Stripe India,NYKA-ORD-979954 NYKA-ORD-579327 BATCH-NYKA-0160,278257,5565,0,0,272692,INR,2026-08-02T22:07:00Z,BATCH-NYKA-0160
PO_B01_000161,Stripe India,AMZN-INV-369118 PO_B01_000161,35987,559,0,0,35428,INR,2026-08-03T18:14:00Z,BATCH-AMZN-0161
PO_B01_000162,Cashfree Escrow,NYKA-INV-443140 PO_B01_000162,44579,1099,0,0,43480,INR,2026-08-03T08:14:00Z,BATCH-NYKA-0162
PO_B01_000163,Razorpay Nodal,NYKA-ORD-534704 NYKA-ORD-274345 BATCH-NYKA-0163,317940,6358,0,0,311582,INR,2026-08-03T10:52:00Z,BATCH-NYKA-0163
PO_B01_000164,BillDesk Settlement,TATA-EXC-325222-UNRESOLVED,263425,5258,0,0,258167,INR,2026-08-04T07:31:00Z,HOLD-ESCROW
PO_B01_000165,Cashfree Escrow,BLNK-INV-973347 PO_B01_000165,143194,2203,0,0,140991,INR,2026-08-03T20:05:00Z,BATCH-BLNK-0165
PO_B01_000166,Razorpay Nodal,TATA-ORD-346482 TATA-ORD-946645 BATCH-TATA-0166,248177,4963,0,0,243214,INR,2026-08-03T04:33:00Z,BATCH-TATA-0166
PO_B01_000167,PayU Enterprise,SWIG-INV-409214 PO_B01_000167,274997,6247,0,0,268750,INR,2026-08-02T21:34:00Z,BATCH-SWIG-0167
PO_B01_000168,BillDesk Settlement,MMTR-INV-167638 PO_B01_000168,282492,7043,0,0,275449,INR,2026-08-03T00:53:00Z,BATCH-MMTR-0168
PO_B01_000169,PayU Enterprise,FLPK-ORD-474061 FLPK-ORD-639610 BATCH-FLPK-0169,229721,4594,0,0,225127,INR,2026-08-03T19:02:00Z,BATCH-FLPK-0169
PO_B01_000170,PayU Enterprise,SWIG-INV-994703 PO_B01_000170,114936,1885,0,0,113051,INR,2026-08-03T09:25:00Z,BATCH-SWIG-0170
PO_B01_000171,Stripe India,JIOO-INV-695148 PO_B01_000171,311807,6035,0,0,305772,INR,2026-08-02T18:03:00Z,BATCH-JIOO-0171
PO_B01_000172,PayU Enterprise,BLNK-INV-698830 PO_B01_000172,301704,5972,0,0,295732,INR,2026-08-03T04:21:00Z,BATCH-BLNK-0172
PO_B01_000173,BillDesk Settlement,SWIG-EXC-242398-UNRESOLVED,133073,2651,0,0,130422,INR,2026-08-04T07:27:00Z,HOLD-ESCROW
PO_B01_000174,BillDesk Settlement,BBAS-ORD-242625 BBAS-ORD-919592 BATCH-BBAS-0174,430061,8601,0,0,421460,INR,2026-08-03T02:42:00Z,BATCH-BBAS-0174
PO_B01_000175,Cashfree Escrow,ZOMA-ORD-924483 ZOMA-ORD-957982 ZOMA-ORD-654695 BATCH-ZOMA-0175,512309,10246,0,0,502063,INR,2026-08-03T17:54:00Z,BATCH-ZOMA-0175
PO_B01_000176,Stripe India,MYNT-INV-743096 PO_B01_000176,201558,4395,0,0,197163,INR,2026-08-03T14:48:00Z,BATCH-MYNT-0176
PO_B01_000177,BillDesk Settlement,MMTR-INV-284429 PO_B01_000177,396536,6261,0,0,390275,INR,2026-08-03T22:47:00Z,BATCH-MMTR-0177
PO_B01_000178,Cashfree Escrow,BBAS-INV-375214 PO_B01_000178,427582,7114,0,0,420468,INR,2026-08-03T18:01:00Z,BATCH-BBAS-0178
PO_B01_000179,PayU Enterprise,FLPK-INV-830972 PO_B01_000179,339510,7567,0,0,331943,INR,2026-08-03T13:11:00Z,BATCH-FLPK-0179
PO_B01_000180,Stripe India,FLPK-ORD-983263 FLPK-ORD-966483 FLPK-ORD-101394 BATCH-FLPK-0180,437400,8748,0,0,428652,INR,2026-08-03T16:06:00Z,BATCH-FLPK-0180
PO_B01_000181,Cashfree Escrow,SWIG-INV-931525 PO_B01_000181,130302,2210,0,0,128092,INR,2026-08-03T11:48:00Z,BATCH-SWIG-0181
PO_B01_000182,Razorpay Nodal,JIOO-ORD-623667 JIOO-ORD-792868 BATCH-JIOO-0182,219868,4397,0,0,215471,INR,2026-08-03T06:45:00Z,BATCH-JIOO-0182
PO_B01_000183,Cashfree Escrow,ZOMA-INV-957788 PO_B01_000183,272871,4823,0,0,268048,INR,2026-08-03T11:40:00Z,BATCH-ZOMA-0183
PO_B01_000184,BillDesk Settlement,FLPK-ORD-321464 FLPK-ORD-245403 BATCH-FLPK-0184,306570,6131,0,0,300439,INR,2026-08-03T10:08:00Z,BATCH-FLPK-0184
PO_B01_000185,Razorpay Nodal,PAYT-INV-286713 PO_B01_000185,371923,6753,0,0,365170,INR,2026-08-03T08:29:00Z,BATCH-PAYT-0185
PO_B01_000186,Razorpay Nodal,BLNK-INV-825093 PO_B01_000186,226115,4789,0,0,221326,INR,2026-08-03T15:55:00Z,BATCH-BLNK-0186
PO_B01_000187,Cashfree Escrow,MMTR-INV-491335 PO_B01_000187,338089,6697,0,0,331392,INR,2026-08-03T05:55:00Z,BATCH-MMTR-0187
PO_B01_000188,Razorpay Nodal,PAYT-ORD-380323 PAYT-ORD-911848 PAYT-ORD-864826 BATCH-PAYT-0188,328042,6560,0,0,321482,INR,2026-08-03T09:09:00Z,BATCH-PAYT-0188
PO_B01_000189,Cashfree Escrow,BBAS-INV-619894 PO_B01_000189,205551,4171,0,0,201380,INR,2026-08-03T13:36:00Z,BATCH-BBAS-0189
PO_B01_000190,Cashfree Escrow,BLNK-INV-388708 PO_B01_000190,177294,3646,0,0,173648,INR,2026-08-03T18:49:00Z,BATCH-BLNK-0190
PO_B01_000191,Razorpay Nodal,UBER-ORD-735695 UBER-ORD-790646 UBER-ORD-898457 BATCH-UBER-0191,492961,9859,0,0,483102,INR,2026-08-03T17:41:00Z,BATCH-UBER-0191
PO_B01_000192,Razorpay Nodal,JIOO-ORD-383793 JIOO-ORD-866889 BATCH-JIOO-0192,182281,3645,0,0,178636,INR,2026-08-03T14:05:00Z,BATCH-JIOO-0192
PO_B01_000193,Cashfree Escrow,BBAS-INV-424910 PO_B01_000193,246474,5229,0,0,241245,INR,2026-08-02T17:59:00Z,BATCH-BBAS-0193
PO_B01_000194,Cashfree Escrow,OLAA-INV-495379 PO_B01_000194,411643,9130,0,0,402513,INR,2026-08-03T20:04:00Z,BATCH-OLAA-0194
PO_B01_000195,Stripe India,MMTR-INV-785806 PO_B01_000195,214055,3875,0,0,210180,INR,2026-08-03T09:13:00Z,BATCH-MMTR-0195
PO_B01_000196,Razorpay Nodal,PAYT-INV-439095 PO_B01_000196,257686,6409,0,0,251277,INR,2026-08-03T03:55:00Z,BATCH-PAYT-0196
PO_B01_000197,Cashfree Escrow,MYNT-ORD-117723 MYNT-ORD-739091 BATCH-MYNT-0197,99824,1996,0,0,97828,INR,2026-08-03T09:01:00Z,BATCH-MYNT-0197
PO_B01_000198,Stripe India,NYKA-INV-606220 PO_B01_000198,413078,7211,0,0,405867,INR,2026-08-03T00:36:00Z,BATCH-NYKA-0198
PO_B01_000199,Razorpay Nodal,FLPK-INV-686168 PO_B01_000199,384410,7188,0,0,377222,INR,2026-08-03T09:14:00Z,BATCH-FLPK-0199
PO_B01_000200,PayU Enterprise,MYNT-INV-785433 PO_B01_000200,142213,2522,0,0,139691,INR,2026-08-03T13:37:00Z,BATCH-MYNT-0200
PO_B01_000201,BillDesk Settlement,SWIG-INV-158485 PO_B01_000201,388014,9686,0,0,378328,INR,2026-08-03T16:35:00Z,BATCH-SWIG-0201
PO_B01_000202,Razorpay Nodal,TATA-ORD-517520 TATA-ORD-383486 BATCH-TATA-0202,423614,8472,0,0,415142,INR,2026-08-03T12:57:00Z,BATCH-TATA-0202
PO_B01_000203,BillDesk Settlement,JIOO-INV-496417 PO_B01_000203,48463,866,0,0,47597,INR,2026-08-02T22:38:00Z,BATCH-JIOO-0203
PO_B01_000204,PayU Enterprise,NYKA-EXC-528704-UNRESOLVED,115880,2307,0,0,113573,INR,2026-08-04T03:45:00Z,HOLD-ESCROW
PO_B01_000205,Stripe India,ZOMA-INV-165036 PO_B01_000205,26133,606,0,0,25527,INR,2026-08-03T15:58:00Z,BATCH-ZOMA-0205
PO_B01_000206,Razorpay Nodal,BKMS-ORD-643435 BKMS-ORD-419257 BATCH-BKMS-0206,194799,3895,0,0,190904,INR,2026-08-03T03:02:00Z,BATCH-BKMS-0206
PO_B01_000207,Cashfree Escrow,ZOMA-EXC-936797-UNRESOLVED,252843,5046,0,0,247797,INR,2026-08-04T06:06:00Z,HOLD-ESCROW
PO_B01_000208,Stripe India,AMZN-ORD-210595 AMZN-ORD-734200 BATCH-AMZN-0208,79803,1596,0,0,78207,INR,2026-08-03T05:00:00Z,BATCH-AMZN-0208
PO_B01_000209,Razorpay Nodal,MYNT-INV-607248 PO_B01_000209,278077,6181,0,0,271896,INR,2026-08-03T21:49:00Z,BATCH-MYNT-0209
PO_B01_000210,PayU Enterprise,BBAS-INV-990293 PO_B01_000210,209611,4032,0,0,205579,INR,2026-08-03T20:57:00Z,BATCH-BBAS-0210
PO_B01_000211,Razorpay Nodal,UBER-ORD-178957 UBER-ORD-415458 BATCH-UBER-0211,189849,3796,0,0,186053,INR,2026-08-03T02:55:00Z,BATCH-UBER-0211
PO_B01_000212,Cashfree Escrow,AMZN-INV-114921 PO_B01_000212,445201,9011,0,0,436190,INR,2026-08-03T00:01:00Z,BATCH-AMZN-0212
PO_B01_000213,Razorpay Nodal,UBER-INV-288547 PO_B01_000213,88559,2188,0,0,86371,INR,2026-08-04T01:04:00Z,BATCH-UBER-0213
PO_B01_000214,PayU Enterprise,BKMS-INV-848929 PO_B01_000214,332484,5840,0,0,326644,INR,2026-08-03T14:08:00Z,BATCH-BKMS-0214
PO_B01_000215,Stripe India,PHNP-INV-100342 PO_B01_000215,326981,7384,0,0,319597,INR,2026-08-03T03:22:00Z,BATCH-PHNP-0215
PO_B01_000216,PayU Enterprise,AMZN-INV-703843 PO_B01_000216,366764,5508,0,0,361256,INR,2026-08-03T11:47:00Z,BATCH-AMZN-0216
PO_B01_000217,Razorpay Nodal,MYNT-INV-573413 PO_B01_000217,309625,6205,0,0,303420,INR,2026-08-02T23:20:00Z,BATCH-MYNT-0217
PO_B01_000218,Cashfree Escrow,BBAS-EXC-486599-UNRESOLVED,73829,1466,0,0,72363,INR,2026-08-04T03:28:00Z,HOLD-ESCROW
PO_B01_000219,Razorpay Nodal,PHNP-ORD-593080 PHNP-ORD-776105 BATCH-PHNP-0219,274459,5489,0,0,268970,INR,2026-08-03T13:34:00Z,BATCH-PHNP-0219
PO_B01_000220,Razorpay Nodal,UBER-INV-891232 PO_B01_000220,143717,2499,0,0,141218,INR,2026-08-02T21:17:00Z,BATCH-UBER-0220
PO_B01_000221,Razorpay Nodal,SWIG-ORD-733796 SWIG-ORD-973634 BATCH-SWIG-0221,231509,4630,0,0,226879,INR,2026-08-03T18:50:00Z,BATCH-SWIG-0221
PO_B01_000222,Razorpay Nodal,MMTR-INV-874494 PO_B01_000222,37990,751,0,0,37239,INR,2026-08-02T18:42:00Z,BATCH-MMTR-0222
PO_B01_000223,Razorpay Nodal,UBER-INV-976668 PO_B01_000223,375637,8470,0,0,367167,INR,2026-08-03T18:51:00Z,BATCH-UBER-0223
PO_B01_000224,Stripe India,SWIG-INV-234399 PO_B01_000224,331753,5248,0,0,326505,INR,2026-08-03T08:15:00Z,BATCH-SWIG-0224
PO_B01_000225,BillDesk Settlement,SWIG-EXC-264663-UNRESOLVED,74470,1479,0,0,72991,INR,2026-08-03T23:21:00Z,HOLD-ESCROW
PO_B01_000226,Cashfree Escrow,NYKA-ORD-491344 NYKA-ORD-866366 BATCH-NYKA-0226,265662,5313,0,0,260349,INR,2026-08-03T14:19:00Z,BATCH-NYKA-0226
PO_B01_000227,BillDesk Settlement,MYNT-INV-661053 PO_B01_000227,68299,1265,0,0,67034,INR,2026-08-03T04:58:00Z,BATCH-MYNT-0227
PO_B01_000228,PayU Enterprise,MYNT-INV-326923 PO_B01_000228,188280,3101,0,0,185179,INR,2026-08-03T05:31:00Z,BATCH-MYNT-0228
PO_B01_000229,PayU Enterprise,BKMS-INV-472470 PO_B01_000229,312714,6174,0,0,306540,INR,2026-08-03T21:34:00Z,BATCH-BKMS-0229
PO_B01_000230,Razorpay Nodal,MMTR-ORD-617072 MMTR-ORD-129510 MMTR-ORD-350959 BATCH-MMTR-0230,473470,9469,0,0,464001,INR,2026-08-03T01:24:00Z,BATCH-MMTR-0230
PO_B01_000231,PayU Enterprise,PHNP-INV-513116 PO_B01_000231,141085,2435,0,0,138650,INR,2026-08-03T08:06:00Z,BATCH-PHNP-0231
PO_B01_000232,Cashfree Escrow,FLPK-INV-926888 PO_B01_000232,416861,10106,0,0,406755,INR,2026-08-02T19:16:00Z,BATCH-FLPK-0232
PO_B01_000233,Razorpay Nodal,BKMS-INV-145071 PO_B01_000233,88051,1763,0,0,86288,INR,2026-08-03T08:22:00Z,BATCH-BKMS-0233
PO_B01_000234,BillDesk Settlement,BBAS-INV-244880 PO_B01_000234,421134,9518,0,0,411616,INR,2026-08-03T14:10:00Z,BATCH-BBAS-0234
PO_B01_000235,Cashfree Escrow,FLPK-INV-583756 PO_B01_000235,402448,7153,0,0,395295,INR,2026-08-03T02:07:00Z,BATCH-FLPK-0235
PO_B01_000236,Stripe India,PHNP-INV-177760 PO_B01_000236,44246,1044,0,0,43202,INR,2026-08-03T00:42:00Z,BATCH-PHNP-0236
PO_B01_000237,Cashfree Escrow,FLPK-INV-386963 PO_B01_000237,372883,9028,0,0,363855,INR,2026-08-03T12:23:00Z,BATCH-FLPK-0237
PO_B01_000238,PayU Enterprise,OLAA-INV-179764 PO_B01_000238,249396,4882,0,0,244514,INR,2026-08-02T17:22:00Z,BATCH-OLAA-0238
PO_B01_000239,Stripe India,MMTR-INV-736006 PO_B01_000239,151505,3292,0,0,148213,INR,2026-08-03T04:54:00Z,BATCH-MMTR-0239
PO_B01_000240,BillDesk Settlement,TATA-INV-991529 PO_B01_000240,161496,3581,0,0,157915,INR,2026-08-02T15:31:00Z,BATCH-TATA-0240
PO_B01_000241,Stripe India,SWIG-ORD-493580 SWIG-ORD-229732 SWIG-ORD-554536 BATCH-SWIG-0241,474206,9484,0,0,464722,INR,2026-08-03T08:20:00Z,BATCH-SWIG-0241
PO_B01_000242,Cashfree Escrow,BKMS-INV-470460 PO_B01_000242,274715,5667,0,0,269048,INR,2026-08-03T07:11:00Z,BATCH-BKMS-0242
PO_B01_000243,Razorpay Nodal,NYKA-INV-278080 PO_B01_000243,130889,2355,0,0,128534,INR,2026-08-03T10:34:00Z,BATCH-NYKA-0243
PO_B01_000244,PayU Enterprise,MYNT-ORD-643088 MYNT-ORD-959529 MYNT-ORD-523316 BATCH-MYNT-0244,528526,10570,0,0,517956,INR,2026-08-02T23:03:00Z,BATCH-MYNT-0244
PO_B01_000245,Stripe India,ZOMA-ORD-991673 ZOMA-ORD-868949 BATCH-ZOMA-0245,134117,2682,0,0,131435,INR,2026-08-03T03:11:00Z,BATCH-ZOMA-0245
PO_B01_000246,Razorpay Nodal,BLNK-ORD-642947 BLNK-ORD-937859 BATCH-BLNK-0246,306696,6133,0,0,300563,INR,2026-08-03T17:43:00Z,BATCH-BLNK-0246
PO_B01_000247,Razorpay Nodal,PAYT-INV-517290 PO_B01_000247,60922,1217,0,0,59705,INR,2026-08-02T19:35:00Z,BATCH-PAYT-0247
PO_B01_000248,Cashfree Escrow,MYNT-EXC-604888-UNRESOLVED,187240,3734,0,0,183506,INR,2026-08-03T20:18:00Z,HOLD-ESCROW
PO_B01_000249,Cashfree Escrow,NYKA-INV-951435 PO_B01_000249,163247,3245,0,0,160002,INR,2026-08-03T04:02:00Z,BATCH-NYKA-0249
PO_B01_000250,Razorpay Nodal,BLNK-EXC-505927-UNRESOLVED,290914,5808,0,0,285106,INR,2026-08-03T12:20:00Z,HOLD-ESCROW
PO_B01_000251,Razorpay Nodal,FLPK-INV-500451 PO_B01_000251,246251,3773,0,0,242478,INR,2026-08-03T03:29:00Z,BATCH-FLPK-0251
PO_B01_000252,PayU Enterprise,TATA-EXC-624427-UNRESOLVED,269941,5388,0,0,264553,INR,2026-08-04T02:22:00Z,HOLD-ESCROW
PO_B01_000253,BillDesk Settlement,MYNT-INV-857678 PO_B01_000253,206531,4817,0,0,201714,INR,2026-08-03T12:36:00Z,BATCH-MYNT-0253
PO_B01_000254,Stripe India,BLNK-INV-579978 PO_B01_000254,130377,3005,0,0,127372,INR,2026-08-03T00:50:00Z,BATCH-BLNK-0254
PO_B01_000255,Stripe India,JIOO-EXC-577800-UNRESOLVED,153906,3068,0,0,150838,INR,2026-08-03T13:20:00Z,HOLD-ESCROW
PO_B01_000256,PayU Enterprise,TATA-INV-947984 PO_B01_000256,60727,1303,0,0,59424,INR,2026-08-03T14:01:00Z,BATCH-TATA-0256
PO_B01_000257,BillDesk Settlement,JIOO-INV-320042 PO_B01_000257,433785,7945,0,0,425840,INR,2026-08-04T02:11:00Z,BATCH-JIOO-0257
PO_B01_000258,Stripe India,BLNK-INV-731157 PO_B01_000258,327880,5483,0,0,322397,INR,2026-08-03T05:40:00Z,BATCH-BLNK-0258
PO_B01_000259,BillDesk Settlement,PHNP-EXC-721362-UNRESOLVED,238600,4762,0,0,233838,INR,2026-08-04T01:29:00Z,HOLD-ESCROW
PO_B01_000260,BillDesk Settlement,PAYT-INV-226003 PO_B01_000260,419642,7358,0,0,412284,INR,2026-08-03T01:49:00Z,BATCH-PAYT-0260
PO_B01_000261,PayU Enterprise,NYKA-INV-935901 PO_B01_000261,205746,3359,0,0,202387,INR,2026-08-03T04:15:00Z,BATCH-NYKA-0261
PO_B01_000262,Cashfree Escrow,BBAS-INV-332892 PO_B01_000262,394457,6150,0,0,388307,INR,2026-08-03T13:47:00Z,BATCH-BBAS-0262
PO_B01_000263,Razorpay Nodal,NYKA-INV-597671 PO_B01_000263,129146,2888,0,0,126258,INR,2026-08-03T09:46:00Z,BATCH-NYKA-0263
PO_B01_000264,Stripe India,AMZN-INV-195616 PO_B01_000264,435504,8512,0,0,426992,INR,2026-08-03T14:16:00Z,BATCH-AMZN-0264
PO_B01_000265,Razorpay Nodal,PHNP-ORD-135577 PHNP-ORD-428504 BATCH-PHNP-0265,475118,9502,0,0,465616,INR,2026-08-02T21:18:00Z,BATCH-PHNP-0265
PO_B01_000266,BillDesk Settlement,PAYT-INV-127147 PO_B01_000266,377391,7670,0,0,369721,INR,2026-08-03T22:03:00Z,BATCH-PAYT-0266
PO_B01_000267,Stripe India,NYKA-INV-591522 PO_B01_000267,100897,1555,0,0,99342,INR,2026-08-03T08:22:00Z,BATCH-NYKA-0267
PO_B01_000268,Stripe India,SWIG-INV-660543 PO_B01_000268,369645,5944,0,0,363701,INR,2026-08-03T06:59:00Z,BATCH-SWIG-0268
PO_B01_000269,Stripe India,MMTR-INV-929592 PO_B01_000269,90883,1793,0,0,89090,INR,2026-08-03T18:16:00Z,BATCH-MMTR-0269
PO_B01_000270,BillDesk Settlement,NYKA-INV-839358 PO_B01_000270,143724,2622,0,0,141102,INR,2026-08-03T00:59:00Z,BATCH-NYKA-0270
PO_B01_000271,Stripe India,UBER-INV-622835 PO_B01_000271,374643,6390,0,0,368253,INR,2026-08-03T16:06:00Z,BATCH-UBER-0271
PO_B01_000272,BillDesk Settlement,FLPK-INV-887609 PO_B01_000272,224691,4866,0,0,219825,INR,2026-08-03T13:54:00Z,BATCH-FLPK-0272
PO_B01_000273,Stripe India,TATA-INV-480268 PO_B01_000273,178325,4037,0,0,174288,INR,2026-08-03T16:48:00Z,BATCH-TATA-0273
PO_B01_000274,Stripe India,MYNT-INV-846916 PO_B01_000274,29173,526,0,0,28647,INR,2026-08-03T06:45:00Z,BATCH-MYNT-0274
PO_B01_000275,BillDesk Settlement,BBAS-INV-912166 PO_B01_000275,63799,1214,0,0,62585,INR,2026-08-03T06:50:00Z,BATCH-BBAS-0275
PO_B01_000276,Stripe India,OLAA-INV-256039 PO_B01_000276,237862,5389,0,0,232473,INR,2026-08-03T07:45:00Z,BATCH-OLAA-0276
PO_B01_000277,Stripe India,AMZN-INV-770500 PO_B01_000277,441961,10190,0,0,431771,INR,2026-08-03T15:00:00Z,BATCH-AMZN-0277
PO_B01_000278,BillDesk Settlement,SWIG-ORD-951332 SWIG-ORD-489993 SWIG-ORD-299205 BATCH-SWIG-0278,372487,7449,0,0,365038,INR,2026-08-03T07:17:00Z,BATCH-SWIG-0278
PO_B01_000279,BillDesk Settlement,AMZN-INV-146966 PO_B01_000279,173790,2991,0,0,170799,INR,2026-08-02T16:01:00Z,BATCH-AMZN-0279
PO_B01_000280,PayU Enterprise,JIOO-INV-415016 PO_B01_000280,182512,3592,0,0,178920,INR,2026-08-03T11:20:00Z,BATCH-JIOO-0280
PO_B01_000281,PayU Enterprise,MYNT-INV-923259 PO_B01_000281,405825,7852,0,0,397973,INR,2026-08-03T05:25:00Z,BATCH-MYNT-0281
PO_B01_000282,Razorpay Nodal,JIOO-ORD-502328 JIOO-ORD-475643 BATCH-JIOO-0282,250946,5018,0,0,245928,INR,2026-08-02T22:53:00Z,BATCH-JIOO-0282
PO_B01_000283,Cashfree Escrow,ZOMA-EXC-445264-UNRESOLVED,238125,4752,0,0,233373,INR,2026-08-03T19:07:00Z,HOLD-ESCROW
PO_B01_000284,Cashfree Escrow,TATA-INV-769667 PO_B01_000284,263842,5016,0,0,258826,INR,2026-08-03T00:08:00Z,BATCH-TATA-0284
PO_B01_000285,Razorpay Nodal,PHNP-INV-691822 PO_B01_000285,124255,2433,0,0,121822,INR,2026-08-02T18:33:00Z,BATCH-PHNP-0285
PO_B01_000286,Razorpay Nodal,BKMS-ORD-916553 BKMS-ORD-945774 BATCH-BKMS-0286,288024,5760,0,0,282264,INR,2026-08-03T03:16:00Z,BATCH-BKMS-0286
PO_B01_000287,Cashfree Escrow,SWIG-INV-458078 PO_B01_000287,411272,9174,0,0,402098,INR,2026-08-03T17:47:00Z,BATCH-SWIG-0287
PO_B01_000288,BillDesk Settlement,NYKA-INV-289810 PO_B01_000288,171257,3840,0,0,167417,INR,2026-08-03T05:00:00Z,BATCH-NYKA-0288
PO_B01_000289,BillDesk Settlement,MMTR-INV-993049 PO_B01_000289,192317,4061,0,0,188256,INR,2026-08-03T09:23:00Z,BATCH-MMTR-0289
PO_B01_000290,BillDesk Settlement,FLPK-INV-107787 PO_B01_000290,383731,9316,0,0,374415,INR,2026-08-03T10:29:00Z,BATCH-FLPK-0290
PO_B01_000291,Razorpay Nodal,FLPK-INV-456077 PO_B01_000291,215734,4859,0,0,210875,INR,2026-08-03T11:20:00Z,BATCH-FLPK-0291
PO_B01_000292,Razorpay Nodal,NYKA-INV-661163 PO_B01_000292,33026,785,0,0,32241,INR,2026-08-03T13:44:00Z,BATCH-NYKA-0292
PO_B01_000293,PayU Enterprise,JIOO-INV-863278 PO_B01_000293,335206,8357,0,0,326849,INR,2026-08-03T03:26:00Z,BATCH-JIOO-0293
PO_B01_000294,PayU Enterprise,PHNP-ORD-328668 PHNP-ORD-890274 PHNP-ORD-545768 BATCH-PHNP-0294,257594,5151,0,0,252443,INR,2026-08-03T06:02:00Z,BATCH-PHNP-0294
PO_B01_000295,BillDesk Settlement,PAYT-INV-821437 PO_B01_000295,43416,905,0,0,42511,INR,2026-08-03T15:25:00Z,BATCH-PAYT-0295
PO_B01_000296,BillDesk Settlement,MYNT-ORD-667318 MYNT-ORD-964190 BATCH-MYNT-0296,202837,4056,0,0,198781,INR,2026-08-03T01:30:00Z,BATCH-MYNT-0296
PO_B01_000297,Razorpay Nodal,ZOMA-ORD-333125 ZOMA-ORD-818386 BATCH-ZOMA-0297,168491,3369,0,0,165122,INR,2026-08-03T10:39:00Z,BATCH-ZOMA-0297
PO_B01_000298,Stripe India,OLAA-ORD-652620 OLAA-ORD-117455 OLAA-ORD-276293 BATCH-OLAA-0298,494584,9891,0,0,484693,INR,2026-08-03T13:17:00Z,BATCH-OLAA-0298
PO_B01_000299,PayU Enterprise,NYKA-INV-426953 PO_B01_000299,240116,3908,0,0,236208,INR,2026-08-03T12:53:00Z,BATCH-NYKA-0299
PO_B01_000300,Razorpay Nodal,BKMS-INV-626803 PO_B01_000300,375290,7042,0,0,368248,INR,2026-08-03T02:55:00Z,BATCH-BKMS-0300
PO_B01_000301,Cashfree Escrow,OLAA-INV-348707 PO_B01_000301,173067,4215,0,0,168852,INR,2026-08-03T02:07:00Z,BATCH-OLAA-0301
PO_B01_000302,PayU Enterprise,MMTR-INV-766428 PO_B01_000302,307743,6355,0,0,301388,INR,2026-08-02T23:23:00Z,BATCH-MMTR-0302
PO_B01_000303,PayU Enterprise,TATA-INV-779051 PO_B01_000303,133833,2295,0,0,131538,INR,2026-08-03T05:49:00Z,BATCH-TATA-0303
PO_B01_000304,PayU Enterprise,UBER-INV-818253 PO_B01_000304,35956,844,0,0,35112,INR,2026-08-03T09:08:00Z,BATCH-UBER-0304
PO_B01_000305,BillDesk Settlement,FLPK-INV-551251 PO_B01_000305,340222,6093,0,0,334129,INR,2026-08-03T00:10:00Z,BATCH-FLPK-0305
PO_B01_000306,BillDesk Settlement,PHNP-INV-494142 PO_B01_000306,102109,2310,0,0,99799,INR,2026-08-03T07:18:00Z,BATCH-PHNP-0306
PO_B01_000307,BillDesk Settlement,ZOMA-INV-344160 PO_B01_000307,180630,3102,0,0,177528,INR,2026-08-03T05:06:00Z,BATCH-ZOMA-0307
PO_B01_000308,Cashfree Escrow,UBER-INV-805303 PO_B01_000308,328414,7151,0,0,321263,INR,2026-08-03T08:16:00Z,BATCH-UBER-0308
PO_B01_000309,Cashfree Escrow,BKMS-EXC-551352-UNRESOLVED,119071,2371,0,0,116700,INR,2026-08-04T02:22:00Z,HOLD-ESCROW
PO_B01_000310,BillDesk Settlement,ZOMA-INV-142360 PO_B01_000310,264507,6245,0,0,258262,INR,2026-08-03T01:38:00Z,BATCH-ZOMA-0310
PO_B01_000311,BillDesk Settlement,AMZN-INV-587632 PO_B01_000311,71745,1725,0,0,70020,INR,2026-08-02T23:41:00Z,BATCH-AMZN-0311
PO_B01_000312,Razorpay Nodal,PHNP-INV-696335 PO_B01_000312,157915,3701,0,0,154214,INR,2026-08-03T01:28:00Z,BATCH-PHNP-0312
PO_B01_000313,PayU Enterprise,AMZN-INV-241602 PO_B01_000313,307798,7632,0,0,300166,INR,2026-08-03T16:21:00Z,BATCH-AMZN-0313
PO_B01_000314,Cashfree Escrow,BLNK-ORD-123371 BLNK-ORD-731367 BATCH-BLNK-0314,353989,7079,0,0,346910,INR,2026-08-03T15:55:00Z,BATCH-BLNK-0314
PO_B01_000315,Cashfree Escrow,JIOO-ORD-958672 JIOO-ORD-190875 JIOO-ORD-679926 BATCH-JIOO-0315,631283,12625,0,0,618658,INR,2026-08-03T04:38:00Z,BATCH-JIOO-0315
PO_B01_000316,PayU Enterprise,PAYT-INV-469303 PO_B01_000316,364550,6448,0,0,358102,INR,2026-08-02T14:18:00Z,BATCH-PAYT-0316
PO_B01_000317,Stripe India,BLNK-INV-295152 PO_B01_000317,287468,4695,0,0,282773,INR,2026-08-03T22:09:00Z,BATCH-BLNK-0317
PO_B01_000318,BillDesk Settlement,SWIG-INV-800132 PO_B01_000318,93983,2209,0,0,91774,INR,2026-08-03T02:10:00Z,BATCH-SWIG-0318
PO_B01_000319,Stripe India,JIOO-INV-842601 PO_B01_000319,434873,9535,0,0,425338,INR,2026-08-02T16:12:00Z,BATCH-JIOO-0319
PO_B01_000320,Razorpay Nodal,JIOO-INV-284133 PO_B01_000320,74174,1388,0,0,72786,INR,2026-08-03T13:46:00Z,BATCH-JIOO-0320
PO_B01_000321,Cashfree Escrow,BLNK-INV-171945 PO_B01_000321,300780,6085,0,0,294695,INR,2026-08-03T23:52:00Z,BATCH-BLNK-0321
PO_B01_000322,Cashfree Escrow,OLAA-INV-807038 PO_B01_000322,60176,1189,0,0,58987,INR,2026-08-03T02:23:00Z,BATCH-OLAA-0322
PO_B01_000323,Stripe India,PHNP-INV-260920 PO_B01_000323,78074,1585,0,0,76489,INR,2026-08-03T07:24:00Z,BATCH-PHNP-0323
PO_B01_000324,BillDesk Settlement,OLAA-ORD-209980 OLAA-ORD-973271 BATCH-OLAA-0324,291448,5828,0,0,285620,INR,2026-08-03T02:56:00Z,BATCH-OLAA-0324
PO_B01_000325,Razorpay Nodal,MMTR-INV-197601 PO_B01_000325,311623,6414,0,0,305209,INR,2026-08-03T08:48:00Z,BATCH-MMTR-0325
PO_B01_000326,Cashfree Escrow,JIOO-ORD-605958 JIOO-ORD-335798 JIOO-ORD-573959 BATCH-JIOO-0326,315981,6319,0,0,309662,INR,2026-08-03T07:33:00Z,BATCH-JIOO-0326
PO_B01_000327,BillDesk Settlement,AMZN-INV-450312 PO_B01_000327,304493,5187,0,0,299306,INR,2026-08-04T02:19:00Z,BATCH-AMZN-0327
PO_B01_000328,Cashfree Escrow,NYKA-INV-881143 PO_B01_000328,385730,9235,0,0,376495,INR,2026-08-03T23:00:00Z,BATCH-NYKA-0328
PO_B01_000329,Cashfree Escrow,BLNK-INV-505790 PO_B01_000329,425005,9616,0,0,415389,INR,2026-08-03T06:52:00Z,BATCH-BLNK-0329
PO_B01_000330,Cashfree Escrow,BBAS-INV-339151 PO_B01_000330,187222,4171,0,0,183051,INR,2026-08-03T02:34:00Z,BATCH-BBAS-0330
PO_B01_000331,PayU Enterprise,SWIG-INV-178306 PO_B01_000331,130298,2917,0,0,127381,INR,2026-08-02T22:31:00Z,BATCH-SWIG-0331
PO_B01_000332,Stripe India,TATA-INV-349931 PO_B01_000332,109669,2242,0,0,107427,INR,2026-08-03T01:46:00Z,BATCH-TATA-0332
PO_B01_000333,PayU Enterprise,BKMS-INV-604021 PO_B01_000333,277413,5505,0,0,271908,INR,2026-08-03T16:58:00Z,BATCH-BKMS-0333
PO_B01_000334,Razorpay Nodal,FLPK-INV-107313 PO_B01_000334,51735,845,0,0,50890,INR,2026-08-03T13:07:00Z,BATCH-FLPK-0334
PO_B01_000335,Razorpay Nodal,ZOMA-INV-205808 PO_B01_000335,403137,6910,0,0,396227,INR,2026-08-03T01:56:00Z,BATCH-ZOMA-0335
PO_B01_000336,Stripe India,MYNT-ORD-414080 MYNT-ORD-911476 BATCH-MYNT-0336,442469,8849,0,0,433620,INR,2026-08-03T16:12:00Z,BATCH-MYNT-0336
PO_B01_000337,Razorpay Nodal,BKMS-INV-837901 PO_B01_000337,243235,5689,0,0,237546,INR,2026-08-03T08:11:00Z,BATCH-BKMS-0337
PO_B01_000338,PayU Enterprise,NYKA-INV-925117 PO_B01_000338,427551,7921,0,0,419630,INR,2026-08-03T12:50:00Z,BATCH-NYKA-0338
PO_B01_000339,Razorpay Nodal,AMZN-INV-286630 PO_B01_000339,119538,1846,0,0,117692,INR,2026-08-03T16:01:00Z,BATCH-AMZN-0339
PO_B01_000340,Cashfree Escrow,UBER-INV-723114 PO_B01_000340,329925,7210,0,0,322715,INR,2026-08-03T16:49:00Z,BATCH-UBER-0340
PO_B01_000341,Stripe India,JIOO-INV-591914 PO_B01_000341,345537,8066,0,0,337471,INR,2026-08-03T07:54:00Z,BATCH-JIOO-0341
PO_B01_000342,Stripe India,PHNP-ORD-844915 PHNP-ORD-769750 PHNP-ORD-622612 BATCH-PHNP-0342,321257,6425,0,0,314832,INR,2026-08-03T00:11:00Z,BATCH-PHNP-0342
PO_B01_000343,Razorpay Nodal,BBAS-INV-535435 PO_B01_000343,325609,7106,0,0,318503,INR,2026-08-03T08:54:00Z,BATCH-BBAS-0343
PO_B01_000344,PayU Enterprise,MYNT-INV-380247 PO_B01_000344,234810,5222,0,0,229588,INR,2026-08-02T22:53:00Z,BATCH-MYNT-0344
PO_B01_000345,PayU Enterprise,MMTR-INV-174044 PO_B01_000345,390856,9343,0,0,381513,INR,2026-08-03T04:09:00Z,BATCH-MMTR-0345
PO_B01_000346,Razorpay Nodal,TATA-ORD-199048 TATA-ORD-477195 BATCH-TATA-0346,361849,7236,0,0,354613,INR,2026-08-03T01:48:00Z,BATCH-TATA-0346
PO_B01_000347,BillDesk Settlement,SWIG-INV-931072 PO_B01_000347,250309,4429,0,0,245880,INR,2026-08-03T11:25:00Z,BATCH-SWIG-0347
PO_B01_000348,Stripe India,ZOMA-INV-206937 PO_B01_000348,133219,2429,0,0,130790,INR,2026-08-03T15:18:00Z,BATCH-ZOMA-0348
PO_B01_000349,Stripe India,JIOO-INV-923862 PO_B01_000349,112697,2749,0,0,109948,INR,2026-08-03T08:11:00Z,BATCH-JIOO-0349
PO_B01_000350,PayU Enterprise,PAYT-ORD-333422 PAYT-ORD-887161 BATCH-PAYT-0350,289854,5797,0,0,284057,INR,2026-08-03T03:32:00Z,BATCH-PAYT-0350
PO_B01_000351,BillDesk Settlement,BBAS-INV-562921 PO_B01_000351,195782,3994,0,0,191788,INR,2026-08-03T22:03:00Z,BATCH-BBAS-0351
PO_B01_000352,BillDesk Settlement,TATA-INV-651241 PO_B01_000352,135362,3168,0,0,132194,INR,2026-08-03T06:27:00Z,BATCH-TATA-0352
PO_B01_000353,BillDesk Settlement,TATA-ORD-991487 TATA-ORD-699858 BATCH-TATA-0353,204851,4097,0,0,200754,INR,2026-08-03T00:39:00Z,BATCH-TATA-0353
PO_B01_000354,PayU Enterprise,OLAA-ORD-857311 OLAA-ORD-423452 BATCH-OLAA-0354,130518,2610,0,0,127908,INR,2026-08-03T08:50:00Z,BATCH-OLAA-0354
PO_B01_000355,Cashfree Escrow,ZOMA-INV-540291 PO_B01_000355,343876,5942,0,0,337934,INR,2026-08-02T22:40:00Z,BATCH-ZOMA-0355
PO_B01_000356,Stripe India,AMZN-INV-683579 PO_B01_000356,208761,4282,0,0,204479,INR,2026-08-03T22:52:00Z,BATCH-AMZN-0356
PO_B01_000357,Stripe India,OLAA-INV-269159 PO_B01_000357,53907,843,0,0,53064,INR,2026-08-03T08:20:00Z,BATCH-OLAA-0357
PO_B01_000358,Razorpay Nodal,OLAA-INV-114863 PO_B01_000358,122844,2512,0,0,120332,INR,2026-08-03T03:41:00Z,BATCH-OLAA-0358
PO_B01_000359,Stripe India,MMTR-INV-260362 PO_B01_000359,441424,6902,0,0,434522,INR,2026-08-03T07:33:00Z,BATCH-MMTR-0359
PO_B01_000360,Stripe India,PAYT-ORD-336290 PAYT-ORD-898156 BATCH-PAYT-0360,151989,3039,0,0,148950,INR,2026-08-03T01:03:00Z,BATCH-PAYT-0360
PO_B01_000361,Razorpay Nodal,MMTR-INV-487265 PO_B01_000361,245695,4524,0,0,241171,INR,2026-08-02T16:05:00Z,BATCH-MMTR-0361
PO_B01_000362,BillDesk Settlement,SWIG-INV-441158 PO_B01_000362,360900,7607,0,0,353293,INR,2026-08-02T19:45:00Z,BATCH-SWIG-0362
PO_B01_000363,Razorpay Nodal,BLNK-INV-106708 PO_B01_000363,207238,4486,0,0,202752,INR,2026-08-03T08:57:00Z,BATCH-BLNK-0363
PO_B01_000364,Stripe India,ZOMA-ORD-757618 ZOMA-ORD-291872 ZOMA-ORD-258710 BATCH-ZOMA-0364,490528,9810,0,0,480718,INR,2026-08-03T01:01:00Z,BATCH-ZOMA-0364
PO_B01_000365,Razorpay Nodal,SWIG-INV-313776 PO_B01_000365,198490,3742,0,0,194748,INR,2026-08-03T01:10:00Z,BATCH-SWIG-0365
PO_B01_000366,Razorpay Nodal,AMZN-INV-280568 PO_B01_000366,222449,3599,0,0,218850,INR,2026-08-03T01:00:00Z,BATCH-AMZN-0366
PO_B01_000367,BillDesk Settlement,JIOO-ORD-503779 JIOO-ORD-256753 BATCH-JIOO-0367,125659,2513,0,0,123146,INR,2026-08-03T08:15:00Z,BATCH-JIOO-0367
PO_B01_000368,PayU Enterprise,UBER-INV-197884 PO_B01_000368,118278,2613,0,0,115665,INR,2026-08-03T01:17:00Z,BATCH-UBER-0368
PO_B01_000369,Stripe India,PAYT-INV-506763 PO_B01_000369,132776,3168,0,0,129608,INR,2026-08-03T18:12:00Z,BATCH-PAYT-0369
PO_B01_000370,Stripe India,PHNP-INV-539451 PO_B01_000370,348528,7810,0,0,340718,INR,2026-08-03T10:43:00Z,BATCH-PHNP-0370
PO_B01_000371,BillDesk Settlement,ZOMA-INV-691312 PO_B01_000371,407712,7576,0,0,400136,INR,2026-08-03T17:23:00Z,BATCH-ZOMA-0371
PO_B01_000372,Stripe India,BKMS-INV-384790 PO_B01_000372,430455,6715,0,0,423740,INR,2026-08-02T21:47:00Z,BATCH-BKMS-0372
PO_B01_000373,Razorpay Nodal,ZOMA-INV-695122 PO_B01_000373,347458,6373,0,0,341085,INR,2026-08-03T21:44:00Z,BATCH-ZOMA-0373
PO_B01_000374,BillDesk Settlement,SWIG-INV-838137 PO_B01_000374,418563,6279,0,0,412284,INR,2026-08-03T19:39:00Z,BATCH-SWIG-0374
PO_B01_000375,Razorpay Nodal,BKMS-INV-420151 PO_B01_000375,139336,2957,0,0,136379,INR,2026-08-02T22:40:00Z,BATCH-BKMS-0375
PO_B01_000376,Cashfree Escrow,NYKA-ORD-407238 NYKA-ORD-893228 BATCH-NYKA-0376,102420,2048,0,0,100372,INR,2026-08-03T20:27:00Z,BATCH-NYKA-0376
PO_B01_000377,Cashfree Escrow,MYNT-INV-377589 PO_B01_000377,396187,8367,0,0,387820,INR,2026-08-03T10:42:00Z,BATCH-MYNT-0377
PO_B01_000378,PayU Enterprise,MYNT-ORD-898648 MYNT-ORD-439924 BATCH-MYNT-0378,294852,5897,0,0,288955,INR,2026-08-03T08:12:00Z,BATCH-MYNT-0378
PO_B01_000379,Razorpay Nodal,SWIG-INV-572512 PO_B01_000379,151326,2482,0,0,148844,INR,2026-08-03T02:23:00Z,BATCH-SWIG-0379
PO_B01_000380,BillDesk Settlement,FLPK-INV-418855 PO_B01_000380,321638,7727,0,0,313911,INR,2026-08-02T21:47:00Z,BATCH-FLPK-0380
PO_B01_000381,PayU Enterprise,FLPK-INV-626452 PO_B01_000381,432087,7603,0,0,424484,INR,2026-08-03T16:13:00Z,BATCH-FLPK-0381
PO_B01_000382,BillDesk Settlement,MYNT-INV-923230 PO_B01_000382,363838,7415,0,0,356423,INR,2026-08-03T00:21:00Z,BATCH-MYNT-0382
PO_B01_000383,BillDesk Settlement,PAYT-INV-548704 PO_B01_000383,76563,1614,0,0,74949,INR,2026-08-02T21:30:00Z,BATCH-PAYT-0383
PO_B01_000384,Razorpay Nodal,TATA-ORD-426090 TATA-ORD-477282 TATA-ORD-854003 BATCH-TATA-0384,252903,5058,0,0,247845,INR,2026-08-03T20:11:00Z,BATCH-TATA-0384
PO_B01_000385,BillDesk Settlement,SWIG-INV-605003 PO_B01_000385,167549,4063,0,0,163486,INR,2026-08-03T05:43:00Z,BATCH-SWIG-0385
PO_B01_000386,BillDesk Settlement,BLNK-INV-158670 PO_B01_000386,198961,4918,0,0,194043,INR,2026-08-03T12:15:00Z,BATCH-BLNK-0386
PO_B01_000387,Stripe India,OLAA-ORD-486854 OLAA-ORD-545223 BATCH-OLAA-0387,370152,7403,0,0,362749,INR,2026-08-03T13:37:00Z,BATCH-OLAA-0387
PO_B01_000388,Razorpay Nodal,BKMS-INV-414937 PO_B01_000388,142081,2760,0,0,139321,INR,2026-08-03T02:20:00Z,BATCH-BKMS-0388
PO_B01_000389,PayU Enterprise,TATA-EXC-928209-UNRESOLVED,246851,4927,0,0,241924,INR,2026-08-03T17:18:00Z,HOLD-ESCROW
PO_B01_000390,Cashfree Escrow,AMZN-INV-958097 PO_B01_000390,26158,504,0,0,25654,INR,2026-08-03T03:02:00Z,BATCH-AMZN-0390
PO_B01_000391,BillDesk Settlement,BBAS-ORD-359352 BBAS-ORD-411998 BBAS-ORD-103754 BATCH-BBAS-0391,348673,6973,0,0,341700,INR,2026-08-03T09:07:00Z,BATCH-BBAS-0391
PO_B01_000392,Stripe India,NYKA-INV-911964 PO_B01_000392,127727,2801,0,0,124926,INR,2026-08-03T04:48:00Z,BATCH-NYKA-0392
PO_B01_000393,Stripe India,TATA-EXC-778380-UNRESOLVED,174994,3489,0,0,171505,INR,2026-08-04T07:49:00Z,HOLD-ESCROW
PO_B01_000394,PayU Enterprise,MYNT-ORD-469787 MYNT-ORD-871339 BATCH-MYNT-0394,261991,5239,0,0,256752,INR,2026-08-03T17:10:00Z,BATCH-MYNT-0394
PO_B01_000395,Razorpay Nodal,UBER-INV-811204 PO_B01_000395,277510,5251,0,0,272259,INR,2026-08-02T20:02:00Z,BATCH-UBER-0395
PO_B01_000396,Cashfree Escrow,PAYT-INV-449263 PO_B01_000396,340735,7349,0,0,333386,INR,2026-08-03T17:37:00Z,BATCH-PAYT-0396
PO_B01_000397,PayU Enterprise,UBER-INV-301093 PO_B01_000397,348819,6989,0,0,341830,INR,2026-08-03T02:32:00Z,BATCH-UBER-0397
PO_B01_000398,PayU Enterprise,FLPK-EXC-197115-UNRESOLVED,157036,3130,0,0,153906,INR,2026-08-03T17:57:00Z,HOLD-ESCROW
PO_B01_000399,PayU Enterprise,PHNP-INV-240357 PO_B01_000399,99342,2429,0,0,96913,INR,2026-08-03T04:00:00Z,BATCH-PHNP-0399
PO_B01_000400,PayU Enterprise,UBER-INV-354414 PO_B01_000400,268606,4846,0,0,263760,INR,2026-08-03T20:00:00Z,BATCH-UBER-0400
PO_B01_000401,Stripe India,PAYT-EXC-871562-UNRESOLVED,227078,4531,0,0,222547,INR,2026-08-03T10:21:00Z,HOLD-ESCROW
PO_B01_000402,BillDesk Settlement,FLPK-INV-834733 PO_B01_000402,75839,1575,0,0,74264,INR,2026-08-03T03:50:00Z,BATCH-FLPK-0402
PO_B01_000403,Razorpay Nodal,BKMS-INV-668008 PO_B01_000403,189296,4253,0,0,185043,INR,2026-08-03T05:07:00Z,BATCH-BKMS-0403
PO_B01_000404,Stripe India,PAYT-INV-995315 PO_B01_000404,417450,6331,0,0,411119,INR,2026-08-03T15:09:00Z,BATCH-PAYT-0404
PO_B01_000405,PayU Enterprise,MMTR-INV-482645 PO_B01_000405,401866,8965,0,0,392901,INR,2026-08-03T00:12:00Z,BATCH-MMTR-0405
PO_B01_000406,Stripe India,BKMS-INV-362054 PO_B01_000406,335531,6547,0,0,328984,INR,2026-08-02T21:19:00Z,BATCH-BKMS-0406
PO_B01_000407,PayU Enterprise,PAYT-INV-210613 PO_B01_000407,400081,6681,0,0,393400,INR,2026-08-03T05:42:00Z,BATCH-PAYT-0407
PO_B01_000408,Razorpay Nodal,JIOO-INV-509044 PO_B01_000408,188035,2891,0,0,185144,INR,2026-08-03T23:21:00Z,BATCH-JIOO-0408
PO_B01_000409,BillDesk Settlement,NYKA-INV-523930 PO_B01_000409,271275,5530,0,0,265745,INR,2026-08-03T03:07:00Z,BATCH-NYKA-0409
PO_B01_000410,Stripe India,BBAS-INV-710839 PO_B01_000410,142568,2927,0,0,139641,INR,2026-08-03T09:25:00Z,BATCH-BBAS-0410
PO_B01_000411,Stripe India,BKMS-ORD-826108 BKMS-ORD-499268 BATCH-BKMS-0411,136499,2729,0,0,133770,INR,2026-08-03T00:24:00Z,BATCH-BKMS-0411
PO_B01_000412,Razorpay Nodal,BBAS-INV-141428 PO_B01_000412,352695,6564,0,0,346131,INR,2026-08-03T13:39:00Z,BATCH-BBAS-0412
PO_B01_000413,BillDesk Settlement,MYNT-INV-339972 PO_B01_000413,317940,6031,0,0,311909,INR,2026-08-03T10:31:00Z,BATCH-MYNT-0413
PO_B01_000414,PayU Enterprise,SWIG-INV-989806 PO_B01_000414,191368,3202,0,0,188166,INR,2026-08-03T14:54:00Z,BATCH-SWIG-0414
PO_B01_000415,Cashfree Escrow,BKMS-INV-372413 PO_B01_000415,26380,544,0,0,25836,INR,2026-08-03T16:00:00Z,BATCH-BKMS-0415
PO_B01_000416,BillDesk Settlement,MYNT-INV-488410 PO_B01_000416,185240,2823,0,0,182417,INR,2026-08-03T02:29:00Z,BATCH-MYNT-0416
PO_B01_000417,Cashfree Escrow,BBAS-INV-478471 PO_B01_000417,350526,5576,0,0,344950,INR,2026-08-04T00:46:00Z,BATCH-BBAS-0417
PO_B01_000418,PayU Enterprise,UBER-INV-162659 PO_B01_000418,180313,3045,0,0,177268,INR,2026-08-03T17:19:00Z,BATCH-UBER-0418
PO_B01_000419,PayU Enterprise,SWIG-INV-346638 PO_B01_000419,33288,818,0,0,32470,INR,2026-08-03T07:02:00Z,BATCH-SWIG-0419
PO_B01_000420,BillDesk Settlement,PAYT-INV-593652 PO_B01_000420,33802,779,0,0,33023,INR,2026-08-02T19:07:00Z,BATCH-PAYT-0420
PO_B01_000421,PayU Enterprise,TATA-INV-133472 PO_B01_000421,249323,4106,0,0,245217,INR,2026-08-03T01:06:00Z,BATCH-TATA-0421
PO_B01_000422,BillDesk Settlement,FLPK-INV-452302 PO_B01_000422,164671,3295,0,0,161376,INR,2026-08-03T01:09:00Z,BATCH-FLPK-0422
PO_B01_000423,Stripe India,PHNP-ORD-493861 PHNP-ORD-491471 BATCH-PHNP-0423,218498,4369,0,0,214129,INR,2026-08-02T22:22:00Z,BATCH-PHNP-0423
PO_B01_000424,Stripe India,MYNT-INV-948275 PO_B01_000424,331674,5508,0,0,326166,INR,2026-08-03T07:50:00Z,BATCH-MYNT-0424
PO_B01_000425,Razorpay Nodal,AMZN-INV-555418 PO_B01_000425,40980,710,0,0,40270,INR,2026-08-03T18:36:00Z,BATCH-AMZN-0425
PO_B01_000426,BillDesk Settlement,ZOMA-INV-345416 PO_B01_000426,63021,1252,0,0,61769,INR,2026-08-03T10:09:00Z,BATCH-ZOMA-0426
PO_B01_000427,PayU Enterprise,MYNT-ORD-795702 MYNT-ORD-893406 MYNT-ORD-354052 BATCH-MYNT-0427,155618,3112,0,0,152506,INR,2026-08-03T19:00:00Z,BATCH-MYNT-0427
PO_B01_000428,BillDesk Settlement,BLNK-INV-375606 PO_B01_000428,147608,3311,0,0,144297,INR,2026-08-03T11:13:00Z,BATCH-BLNK-0428
PO_B01_000429,Stripe India,PHNP-ORD-603828 PHNP-ORD-158340 BATCH-PHNP-0429,280061,5601,0,0,274460,INR,2026-08-03T17:35:00Z,BATCH-PHNP-0429
PO_B01_000430,BillDesk Settlement,NYKA-INV-935391 PO_B01_000430,100377,1606,0,0,98771,INR,2026-08-03T12:37:00Z,BATCH-NYKA-0430
PO_B01_000431,PayU Enterprise,NYKA-ORD-676662 NYKA-ORD-131242 BATCH-NYKA-0431,196512,3930,0,0,192582,INR,2026-08-03T18:52:00Z,BATCH-NYKA-0431
PO_B01_000432,Stripe India,AMZN-INV-275371 PO_B01_000432,445034,9205,0,0,435829,INR,2026-08-03T12:03:00Z,BATCH-AMZN-0432
PO_B01_000433,Stripe India,ZOMA-INV-389820 PO_B01_000433,445572,10406,0,0,435166,INR,2026-08-03T14:18:00Z,BATCH-ZOMA-0433
PO_B01_000434,Razorpay Nodal,AMZN-ORD-916469 AMZN-ORD-556932 BATCH-AMZN-0434,299581,5991,0,0,293590,INR,2026-08-03T15:43:00Z,BATCH-AMZN-0434
PO_B01_000435,Cashfree Escrow,FLPK-INV-745562 PO_B01_000435,407837,6321,0,0,401516,INR,2026-08-03T09:51:00Z,BATCH-FLPK-0435
PO_B01_000436,BillDesk Settlement,JIOO-EXC-667829-UNRESOLVED,58092,1151,0,0,56941,INR,2026-08-04T02:34:00Z,HOLD-ESCROW
PO_B01_000437,PayU Enterprise,MYNT-ORD-732241 MYNT-ORD-731690 MYNT-ORD-252780 BATCH-MYNT-0437,540075,10801,0,0,529274,INR,2026-08-03T17:27:00Z,BATCH-MYNT-0437
PO_B01_000438,Stripe India,BLNK-ORD-585778 BLNK-ORD-157515 BLNK-ORD-965189 BATCH-BLNK-0438,243722,4874,0,0,238848,INR,2026-08-03T03:19:00Z,BATCH-BLNK-0438
PO_B01_000439,Stripe India,SWIG-INV-549843 PO_B01_000439,32310,764,0,0,31546,INR,2026-08-03T05:49:00Z,BATCH-SWIG-0439
PO_B01_000440,Razorpay Nodal,SWIG-INV-388309 PO_B01_000440,118498,2284,0,0,116214,INR,2026-08-03T19:17:00Z,BATCH-SWIG-0440
PO_B01_000441,Cashfree Escrow,NYKA-INV-587907 PO_B01_000441,191256,3419,0,0,187837,INR,2026-08-03T08:39:00Z,BATCH-NYKA-0441
PO_B01_000442,PayU Enterprise,MYNT-INV-569478 PO_B01_000442,346320,6386,0,0,339934,INR,2026-08-03T14:27:00Z,BATCH-MYNT-0442
PO_B01_000443,Cashfree Escrow,PHNP-INV-543225 PO_B01_000443,120209,2929,0,0,117280,INR,2026-08-03T11:27:00Z,BATCH-PHNP-0443
PO_B01_000444,BillDesk Settlement,PAYT-INV-653593 PO_B01_000444,98723,2043,0,0,96680,INR,2026-08-03T01:11:00Z,BATCH-PAYT-0444
PO_B01_000445,Stripe India,NYKA-INV-518385 PO_B01_000445,165454,3801,0,0,161653,INR,2026-08-03T09:47:00Z,BATCH-NYKA-0445
PO_B01_000446,PayU Enterprise,BKMS-INV-522708 PO_B01_000446,57469,1031,0,0,56438,INR,2026-08-02T22:47:00Z,BATCH-BKMS-0446
PO_B01_000447,BillDesk Settlement,FLPK-INV-347445 PO_B01_000447,237310,5650,0,0,231660,INR,2026-08-03T00:32:00Z,BATCH-FLPK-0447
PO_B01_000448,Stripe India,BLNK-INV-749848 PO_B01_000448,331248,6545,0,0,324703,INR,2026-08-03T14:27:00Z,BATCH-BLNK-0448
PO_B01_000449,PayU Enterprise,OLAA-INV-587444 PO_B01_000449,386943,7609,0,0,379334,INR,2026-08-03T10:27:00Z,BATCH-OLAA-0449
PO_B01_000450,PayU Enterprise,TATA-ORD-683176 TATA-ORD-297508 TATA-ORD-477807 BATCH-TATA-0450,428238,8564,0,0,419674,INR,2026-08-02T23:21:00Z,BATCH-TATA-0450
PO_B01_000451,Razorpay Nodal,PHNP-ORD-358061 PHNP-ORD-107947 BATCH-PHNP-0451,313273,6265,0,0,307008,INR,2026-08-03T00:58:00Z,BATCH-PHNP-0451
PO_B01_000452,Stripe India,BKMS-ORD-158700 BKMS-ORD-920138 BATCH-BKMS-0452,235262,4705,0,0,230557,INR,2026-08-03T01:50:00Z,BATCH-BKMS-0452
PO_B01_000453,BillDesk Settlement,SWIG-INV-720959 PO_B01_000453,432928,9618,0,0,423310,INR,2026-08-02T19:28:00Z,BATCH-SWIG-0453
PO_B01_000454,BillDesk Settlement,BKMS-INV-977389 PO_B01_000454,226459,3580,0,0,222879,INR,2026-08-03T12:36:00Z,BATCH-BKMS-0454
PO_B01_000455,BillDesk Settlement,OLAA-INV-882220 PO_B01_000455,343917,6780,0,0,337137,INR,2026-08-03T16:01:00Z,BATCH-OLAA-0455
PO_B01_000456,PayU Enterprise,MMTR-INV-888588 PO_B01_000456,237020,5162,0,0,231858,INR,2026-08-03T08:24:00Z,BATCH-MMTR-0456
PO_B01_000457,BillDesk Settlement,PHNP-ORD-597960 PHNP-ORD-872845 BATCH-PHNP-0457,243228,4864,0,0,238364,INR,2026-08-03T02:00:00Z,BATCH-PHNP-0457
PO_B01_000458,BillDesk Settlement,OLAA-INV-216989 PO_B01_000458,220669,5173,0,0,215496,INR,2026-08-02T15:50:00Z,BATCH-OLAA-0458
PO_B01_000459,Razorpay Nodal,BKMS-INV-978498 PO_B01_000459,41371,893,0,0,40478,INR,2026-08-02T22:39:00Z,BATCH-BKMS-0459
PO_B01_000460,Cashfree Escrow,BBAS-ORD-470532 BBAS-ORD-716101 BATCH-BBAS-0460,402944,8058,0,0,394886,INR,2026-08-03T14:27:00Z,BATCH-BBAS-0460
PO_B01_000461,Stripe India,ZOMA-INV-231414 PO_B01_000461,153199,2846,0,0,150353,INR,2026-08-03T00:44:00Z,BATCH-ZOMA-0461
PO_B01_000462,BillDesk Settlement,MMTR-ORD-743573 MMTR-ORD-422571 BATCH-MMTR-0462,321923,6438,0,0,315485,INR,2026-08-02T22:37:00Z,BATCH-MMTR-0462
PO_B01_000463,PayU Enterprise,JIOO-INV-500176 PO_B01_000463,112589,1938,0,0,110651,INR,2026-08-03T18:20:00Z,BATCH-JIOO-0463
PO_B01_000464,BillDesk Settlement,ZOMA-ORD-103793 ZOMA-ORD-183960 BATCH-ZOMA-0464,250941,5018,0,0,245923,INR,2026-08-03T04:44:00Z,BATCH-ZOMA-0464
PO_B01_000465,Cashfree Escrow,ZOMA-INV-587421 PO_B01_000465,181947,3695,0,0,178252,INR,2026-08-03T01:04:00Z,BATCH-ZOMA-0465
PO_B01_000466,Cashfree Escrow,BKMS-ORD-105822 BKMS-ORD-835553 BATCH-BKMS-0466,151496,3029,0,0,148467,INR,2026-08-03T18:08:00Z,BATCH-BKMS-0466
PO_B01_000467,Cashfree Escrow,BKMS-ORD-822275 BKMS-ORD-196327 BATCH-BKMS-0467,238155,4763,0,0,233392,INR,2026-08-03T01:54:00Z,BATCH-BKMS-0467
PO_B01_000468,Cashfree Escrow,MMTR-INV-862544 PO_B01_000468,385700,6576,0,0,379124,INR,2026-08-03T08:08:00Z,BATCH-MMTR-0468
PO_B01_000469,Razorpay Nodal,MYNT-INV-279312 PO_B01_000469,126898,2290,0,0,124608,INR,2026-08-03T11:17:00Z,BATCH-MYNT-0469
PO_B01_000470,Razorpay Nodal,ZOMA-INV-938959 PO_B01_000470,383781,7410,0,0,376371,INR,2026-08-02T16:52:00Z,BATCH-ZOMA-0470
PO_B01_000471,BillDesk Settlement,OLAA-INV-226729 PO_B01_000471,400234,9414,0,0,390820,INR,2026-08-03T14:32:00Z,BATCH-OLAA-0471
PO_B01_000472,Cashfree Escrow,SWIG-INV-219012 PO_B01_000472,101697,2355,0,0,99342,INR,2026-08-03T21:12:00Z,BATCH-SWIG-0472
PO_B01_000473,Stripe India,PAYT-INV-628601 PO_B01_000473,205910,3119,0,0,202791,INR,2026-08-03T12:25:00Z,BATCH-PAYT-0473
PO_B01_000474,BillDesk Settlement,OLAA-INV-260430 PO_B01_000474,324383,7756,0,0,316627,INR,2026-08-03T10:27:00Z,BATCH-OLAA-0474
PO_B01_000475,Razorpay Nodal,SWIG-INV-962725 PO_B01_000475,130837,2071,0,0,128766,INR,2026-08-03T09:40:00Z,BATCH-SWIG-0475
PO_B01_000476,Cashfree Escrow,FLPK-ORD-272144 FLPK-ORD-696652 FLPK-ORD-810264 BATCH-FLPK-0476,580757,11615,0,0,569142,INR,2026-08-03T11:36:00Z,BATCH-FLPK-0476
PO_B01_000477,Stripe India,MYNT-INV-129275 PO_B01_000477,206432,4753,0,0,201679,INR,2026-08-02T15:48:00Z,BATCH-MYNT-0477
PO_B01_000478,Stripe India,SWIG-INV-169122 PO_B01_000478,444184,6707,0,0,437477,INR,2026-08-03T10:13:00Z,BATCH-SWIG-0478
PO_B01_000479,BillDesk Settlement,BLNK-INV-746043 PO_B01_000479,362895,6225,0,0,356670,INR,2026-08-03T01:51:00Z,BATCH-BLNK-0479
PO_B01_000480,BillDesk Settlement,UBER-INV-663076 PO_B01_000480,54616,1328,0,0,53288,INR,2026-08-04T01:16:00Z,BATCH-UBER-0480
PO_B01_000481,Razorpay Nodal,OLAA-INV-685383 PO_B01_000481,42159,890,0,0,41269,INR,2026-08-03T01:44:00Z,BATCH-OLAA-0481
PO_B01_000482,PayU Enterprise,BLNK-INV-871226 PO_B01_000482,428208,8801,0,0,419407,INR,2026-08-03T01:13:00Z,BATCH-BLNK-0482
PO_B01_000483,Razorpay Nodal,FLPK-INV-955670 PO_B01_000483,37230,602,0,0,36628,INR,2026-08-03T01:23:00Z,BATCH-FLPK-0483
PO_B01_000484,Stripe India,BBAS-INV-225571 PO_B01_000484,393226,7194,0,0,386032,INR,2026-08-04T02:15:00Z,BATCH-BBAS-0484
PO_B01_000485,Razorpay Nodal,PHNP-INV-999253 PO_B01_000485,326725,6488,0,0,320237,INR,2026-08-02T18:17:00Z,BATCH-PHNP-0485
PO_B01_000486,BillDesk Settlement,MYNT-ORD-789625 MYNT-ORD-557316 MYNT-ORD-340450 BATCH-MYNT-0486,229589,4591,0,0,224998,INR,2026-08-03T10:56:00Z,BATCH-MYNT-0486
PO_B01_000487,BillDesk Settlement,OLAA-INV-367698 PO_B01_000487,372906,7009,0,0,365897,INR,2026-08-03T00:29:00Z,BATCH-OLAA-0487
PO_B01_000488,BillDesk Settlement,JIOO-INV-750785 PO_B01_000488,305124,5670,0,0,299454,INR,2026-08-03T17:47:00Z,BATCH-JIOO-0488
PO_B01_000489,Razorpay Nodal,UBER-INV-105025 PO_B01_000489,269657,5529,0,0,264128,INR,2026-08-03T10:33:00Z,BATCH-UBER-0489
PO_B01_000490,Stripe India,PHNP-INV-838372 PO_B01_000490,42191,817,0,0,41374,INR,2026-08-03T12:58:00Z,BATCH-PHNP-0490
PO_B01_000491,PayU Enterprise,MYNT-INV-998861 PO_B01_000491,415553,9787,0,0,405766,INR,2026-08-03T15:02:00Z,BATCH-MYNT-0491
PO_B01_000492,Stripe India,OLAA-ORD-552830 OLAA-ORD-423102 BATCH-OLAA-0492,266770,5335,0,0,261435,INR,2026-08-02T22:24:00Z,BATCH-OLAA-0492
PO_B01_000493,Stripe India,AMZN-INV-446228 PO_B01_000493,29102,560,0,0,28542,INR,2026-08-03T12:18:00Z,BATCH-AMZN-0493
PO_B01_000494,Razorpay Nodal,UBER-ORD-742059 UBER-ORD-455513 BATCH-UBER-0494,267729,5354,0,0,262375,INR,2026-08-03T11:19:00Z,BATCH-UBER-0494
PO_B01_000495,PayU Enterprise,BBAS-INV-670494 PO_B01_000495,210445,5199,0,0,205246,INR,2026-08-03T20:22:00Z,BATCH-BBAS-0495
PO_B01_000496,Cashfree Escrow,BKMS-INV-580706 PO_B01_000496,306731,5911,0,0,300820,INR,2026-08-03T11:49:00Z,BATCH-BKMS-0496
PO_B01_000497,BillDesk Settlement,NYKA-INV-679305 PO_B01_000497,246327,3905,0,0,242422,INR,2026-08-03T07:34:00Z,BATCH-NYKA-0497
PO_B01_000498,Cashfree Escrow,PHNP-INV-987146 PO_B01_000498,223564,3614,0,0,219950,INR,2026-08-03T04:40:00Z,BATCH-PHNP-0498
PO_B01_000499,Cashfree Escrow,ZOMA-ORD-923092 ZOMA-ORD-393680 BATCH-ZOMA-0499,294588,5891,0,0,288697,INR,2026-08-03T02:42:00Z,BATCH-ZOMA-0499
PO_B01_000500,BillDesk Settlement,BLNK-INV-755087 PO_B01_000500,215452,4494,0,0,210958,INR,2026-08-02T23:22:00Z,BATCH-BLNK-0500
PO_B01_000501,Stripe India,AMZN-EXC-750802-UNRESOLVED,52818,1046,0,0,51772,INR,2026-08-03T11:10:00Z,HOLD-ESCROW
PO_B01_000502,Cashfree Escrow,JIOO-ORD-702902 JIOO-ORD-747819 JIOO-ORD-134397 BATCH-JIOO-0502,531450,10629,0,0,520821,INR,2026-08-02T22:12:00Z,BATCH-JIOO-0502
PO_B01_000503,BillDesk Settlement,UBER-ORD-613541 UBER-ORD-713796 BATCH-UBER-0503,377620,7552,0,0,370068,INR,2026-08-03T05:48:00Z,BATCH-UBER-0503
PO_B01_000504,Stripe India,MYNT-ORD-720581 MYNT-ORD-575010 BATCH-MYNT-0504,250100,5002,0,0,245098,INR,2026-08-03T14:56:00Z,BATCH-MYNT-0504
PO_B01_000505,BillDesk Settlement,SWIG-ORD-495485 SWIG-ORD-641849 SWIG-ORD-794122 BATCH-SWIG-0505,391860,7837,0,0,384023,INR,2026-08-03T20:16:00Z,BATCH-SWIG-0505
PO_B01_000506,Cashfree Escrow,BBAS-INV-212478 PO_B01_000506,80177,1689,0,0,78488,INR,2026-08-03T10:50:00Z,BATCH-BBAS-0506
PO_B01_000507,BillDesk Settlement,MYNT-INV-913593 PO_B01_000507,348172,7202,0,0,340970,INR,2026-08-02T21:43:00Z,BATCH-MYNT-0507
PO_B01_000508,Cashfree Escrow,UBER-ORD-833204 UBER-ORD-898276 BATCH-UBER-0508,283872,5677,0,0,278195,INR,2026-08-03T02:08:00Z,BATCH-UBER-0508
PO_B01_000509,PayU Enterprise,MYNT-INV-491779 PO_B01_000509,102981,1619,0,0,101362,INR,2026-08-03T18:12:00Z,BATCH-MYNT-0509
PO_B01_000510,PayU Enterprise,TATA-INV-381136 PO_B01_000510,265146,6235,0,0,258911,INR,2026-08-03T17:19:00Z,BATCH-TATA-0510
PO_B01_000511,Razorpay Nodal,PAYT-INV-872962 PO_B01_000511,221824,4874,0,0,216950,INR,2026-08-03T09:19:00Z,BATCH-PAYT-0511
PO_B01_000512,PayU Enterprise,UBER-INV-534901 PO_B01_000512,57362,1028,0,0,56334,INR,2026-08-03T13:29:00Z,BATCH-UBER-0512
PO_B01_000513,Cashfree Escrow,TATA-INV-371500 PO_B01_000513,195976,3589,0,0,192387,INR,2026-08-03T08:21:00Z,BATCH-TATA-0513
PO_B01_000514,PayU Enterprise,PHNP-INV-867728 PO_B01_000514,306387,6286,0,0,300101,INR,2026-08-03T23:35:00Z,BATCH-PHNP-0514
PO_B01_000515,Stripe India,PAYT-INV-121211 PO_B01_000515,134997,2489,0,0,132508,INR,2026-08-02T20:33:00Z,BATCH-PAYT-0515
PO_B01_000516,BillDesk Settlement,OLAA-INV-755906 PO_B01_000516,419083,8321,0,0,410762,INR,2026-08-03T06:35:00Z,BATCH-OLAA-0516
PO_B01_000517,Stripe India,JIOO-INV-704160 PO_B01_000517,45873,880,0,0,44993,INR,2026-08-02T22:16:00Z,BATCH-JIOO-0517
PO_B01_000518,Razorpay Nodal,BLNK-INV-623877 PO_B01_000518,223188,3788,0,0,219400,INR,2026-08-02T18:18:00Z,BATCH-BLNK-0518
PO_B01_000519,Cashfree Escrow,FLPK-ORD-576429 FLPK-ORD-442915 FLPK-ORD-608905 BATCH-FLPK-0519,486712,9734,0,0,476978,INR,2026-08-03T19:16:00Z,BATCH-FLPK-0519
PO_B01_000520,Stripe India,SWIG-INV-519991 PO_B01_000520,347512,8159,0,0,339353,INR,2026-08-02T22:37:00Z,BATCH-SWIG-0520
PO_B01_000521,Cashfree Escrow,BBAS-INV-212951 PO_B01_000521,227830,3546,0,0,224284,INR,2026-08-03T10:31:00Z,BATCH-BBAS-0521
PO_B01_000522,Stripe India,FLPK-ORD-317841 FLPK-ORD-460271 BATCH-FLPK-0522,164297,3285,0,0,161012,INR,2026-08-03T01:44:00Z,BATCH-FLPK-0522
PO_B01_000523,BillDesk Settlement,MMTR-INV-481111 PO_B01_000523,430818,10104,0,0,420714,INR,2026-08-03T15:53:00Z,BATCH-MMTR-0523
PO_B01_000524,PayU Enterprise,OLAA-ORD-925086 OLAA-ORD-383138 BATCH-OLAA-0524,287026,5740,0,0,281286,INR,2026-08-03T10:20:00Z,BATCH-OLAA-0524
PO_B01_000525,Razorpay Nodal,PAYT-ORD-768075 PAYT-ORD-175250 BATCH-PAYT-0525,130435,2608,0,0,127827,INR,2026-08-03T16:44:00Z,BATCH-PAYT-0525
PO_B01_000526,BillDesk Settlement,ZOMA-INV-448159 PO_B01_000526,127414,3017,0,0,124397,INR,2026-08-03T15:49:00Z,BATCH-ZOMA-0526
PO_B01_000527,Cashfree Escrow,FLPK-INV-572748 PO_B01_000527,92841,1933,0,0,90908,INR,2026-08-03T09:39:00Z,BATCH-FLPK-0527
PO_B01_000528,BillDesk Settlement,BBAS-INV-253410 PO_B01_000528,300922,6748,0,0,294174,INR,2026-08-03T10:46:00Z,BATCH-BBAS-0528
PO_B01_000529,Stripe India,NYKA-ORD-219383 NYKA-ORD-355216 BATCH-NYKA-0529,214156,4283,0,0,209873,INR,2026-08-03T04:56:00Z,BATCH-NYKA-0529
PO_B01_000530,Cashfree Escrow,SWIG-INV-841817 PO_B01_000530,448836,8411,0,0,440425,INR,2026-08-03T11:02:00Z,BATCH-SWIG-0530
PO_B01_000531,BillDesk Settlement,PAYT-INV-973586 PO_B01_000531,343671,7872,0,0,335799,INR,2026-08-03T10:38:00Z,BATCH-PAYT-0531
PO_B01_000532,BillDesk Settlement,MYNT-EXC-798306-UNRESOLVED,289933,5788,0,0,284145,INR,2026-08-03T12:43:00Z,HOLD-ESCROW
PO_B01_000533,Cashfree Escrow,TATA-INV-844672 PO_B01_000533,193485,3813,0,0,189672,INR,2026-08-03T09:13:00Z,BATCH-TATA-0533
PO_B01_000534,PayU Enterprise,NYKA-EXC-774293-UNRESOLVED,232957,4649,0,0,228308,INR,2026-08-04T05:53:00Z,HOLD-ESCROW
PO_B01_000535,Razorpay Nodal,PHNP-INV-709894 PO_B01_000535,170898,2805,0,0,168093,INR,2026-08-03T01:32:00Z,BATCH-PHNP-0535
PO_B01_000536,BillDesk Settlement,PHNP-ORD-207936 PHNP-ORD-438527 PHNP-ORD-788082 BATCH-PHNP-0536,253238,5064,0,0,248174,INR,2026-08-03T12:01:00Z,BATCH-PHNP-0536
PO_B01_000537,Cashfree Escrow,BKMS-INV-592894 PO_B01_000537,27835,478,0,0,27357,INR,2026-08-03T02:37:00Z,BATCH-BKMS-0537
PO_B01_000538,Razorpay Nodal,FLPK-ORD-208521 FLPK-ORD-616762 FLPK-ORD-931333 BATCH-FLPK-0538,307164,6143,0,0,301021,INR,2026-08-03T12:22:00Z,BATCH-FLPK-0538
PO_B01_000539,PayU Enterprise,MMTR-INV-562774 PO_B01_000539,82812,1380,0,0,81432,INR,2026-08-04T00:46:00Z,BATCH-MMTR-0539
PO_B01_000540,Cashfree Escrow,TATA-ORD-419302 TATA-ORD-410241 BATCH-TATA-0540,340238,6804,0,0,333434,INR,2026-08-02T21:48:00Z,BATCH-TATA-0540
PO_B01_000541,Cashfree Escrow,MYNT-INV-818122 PO_B01_000541,83119,1521,0,0,81598,INR,2026-08-03T01:59:00Z,BATCH-MYNT-0541
PO_B01_000542,Cashfree Escrow,PHNP-ORD-335780 PHNP-ORD-366574 BATCH-PHNP-0542,194617,3892,0,0,190725,INR,2026-08-02T21:11:00Z,BATCH-PHNP-0542
PO_B01_000543,Razorpay Nodal,TATA-ORD-234744 TATA-ORD-644417 BATCH-TATA-0543,321129,6422,0,0,314707,INR,2026-08-03T08:44:00Z,BATCH-TATA-0543
PO_B01_000544,Cashfree Escrow,MMTR-INV-580312 PO_B01_000544,113607,1858,0,0,111749,INR,2026-08-03T03:57:00Z,BATCH-MMTR-0544
PO_B01_000545,PayU Enterprise,BKMS-ORD-974941 BKMS-ORD-322530 BATCH-BKMS-0545,319043,6380,0,0,312663,INR,2026-08-03T15:00:00Z,BATCH-BKMS-0545
PO_B01_000546,Razorpay Nodal,UBER-EXC-716728-UNRESOLVED,183664,3663,0,0,180001,INR,2026-08-03T10:14:00Z,HOLD-ESCROW
PO_B01_000547,Cashfree Escrow,AMZN-INV-644256 PO_B01_000547,381554,5831,0,0,375723,INR,2026-08-03T05:13:00Z,BATCH-AMZN-0547
PO_B01_000548,Cashfree Escrow,TATA-ORD-212701 TATA-ORD-635317 TATA-ORD-756688 BATCH-TATA-0548,394997,7899,0,0,387098,INR,2026-08-02T23:37:00Z,BATCH-TATA-0548
PO_B01_000549,Cashfree Escrow,JIOO-INV-195341 PO_B01_000549,52693,1223,0,0,51470,INR,2026-08-03T07:31:00Z,BATCH-JIOO-0549
PO_B01_000550,PayU Enterprise,BKMS-INV-716437 PO_B01_000550,375414,6766,0,0,368648,INR,2026-08-03T05:07:00Z,BATCH-BKMS-0550
PO_B01_000551,PayU Enterprise,TATA-INV-358904 PO_B01_000551,340531,7007,0,0,333524,INR,2026-08-03T04:48:00Z,BATCH-TATA-0551
PO_B01_000552,BillDesk Settlement,PHNP-INV-160788 PO_B01_000552,226736,4368,0,0,222368,INR,2026-08-03T05:01:00Z,BATCH-PHNP-0552
PO_B01_000553,BillDesk Settlement,SWIG-ORD-223279 SWIG-ORD-592137 BATCH-SWIG-0553,340796,6815,0,0,333981,INR,2026-08-03T01:32:00Z,BATCH-SWIG-0553
PO_B01_000554,BillDesk Settlement,ZOMA-INV-779775 PO_B01_000554,213955,4432,0,0,209523,INR,2026-08-03T16:38:00Z,BATCH-ZOMA-0554
PO_B01_000555,PayU Enterprise,TATA-INV-872281 PO_B01_000555,253352,4311,0,0,249041,INR,2026-08-03T08:08:00Z,BATCH-TATA-0555
PO_B01_000556,PayU Enterprise,JIOO-INV-889759 PO_B01_000556,397998,7727,0,0,390271,INR,2026-08-02T21:33:00Z,BATCH-JIOO-0556
PO_B01_000557,BillDesk Settlement,FLPK-ORD-900421 FLPK-ORD-607886 BATCH-FLPK-0557,166824,3336,0,0,163488,INR,2026-08-03T14:50:00Z,BATCH-FLPK-0557
PO_B01_000558,BillDesk Settlement,PAYT-INV-305591 PO_B01_000558,89124,1551,0,0,87573,INR,2026-08-03T03:03:00Z,BATCH-PAYT-0558
PO_B01_000559,Razorpay Nodal,BLNK-INV-186154 PO_B01_000559,35534,763,0,0,34771,INR,2026-08-03T20:08:00Z,BATCH-BLNK-0559
PO_B01_000560,Stripe India,UBER-INV-600409 PO_B01_000560,143963,3398,0,0,140565,INR,2026-08-03T03:18:00Z,BATCH-UBER-0560
PO_B01_000561,Razorpay Nodal,NYKA-INV-674457 PO_B01_000561,84847,1764,0,0,83083,INR,2026-08-03T20:02:00Z,BATCH-NYKA-0561
PO_B01_000562,Stripe India,MMTR-INV-428913 PO_B01_000562,307020,5464,0,0,301556,INR,2026-08-03T10:20:00Z,BATCH-MMTR-0562
PO_B01_000563,Razorpay Nodal,MYNT-ORD-909499 MYNT-ORD-422763 BATCH-MYNT-0563,376509,7530,0,0,368979,INR,2026-08-03T20:27:00Z,BATCH-MYNT-0563
PO_B01_000564,Razorpay Nodal,BKMS-ORD-201646 BKMS-ORD-131713 BATCH-BKMS-0564,206924,4138,0,0,202786,INR,2026-08-03T01:22:00Z,BATCH-BKMS-0564
PO_B01_000565,Razorpay Nodal,ZOMA-ORD-108365 ZOMA-ORD-886867 ZOMA-ORD-312151 BATCH-ZOMA-0565,412032,8240,0,0,403792,INR,2026-08-03T04:04:00Z,BATCH-ZOMA-0565
PO_B01_000566,Cashfree Escrow,PAYT-INV-807681 PO_B01_000566,377180,7688,0,0,369492,INR,2026-08-03T11:09:00Z,BATCH-PAYT-0566
PO_B01_000567,Razorpay Nodal,MMTR-ORD-726800 MMTR-ORD-594235 BATCH-MMTR-0567,250285,5005,0,0,245280,INR,2026-08-03T11:39:00Z,BATCH-MMTR-0567
PO_B01_000568,PayU Enterprise,FLPK-INV-188725 PO_B01_000568,378968,8400,0,0,370568,INR,2026-08-03T12:52:00Z,BATCH-FLPK-0568
PO_B01_000569,PayU Enterprise,BBAS-INV-539532 PO_B01_000569,48427,890,0,0,47537,INR,2026-08-03T07:07:00Z,BATCH-BBAS-0569
PO_B01_000570,Razorpay Nodal,SWIG-INV-520850 PO_B01_000570,211375,3628,0,0,207747,INR,2026-08-03T02:01:00Z,BATCH-SWIG-0570
PO_B01_000571,Cashfree Escrow,BLNK-INV-720501 PO_B01_000571,244636,5875,0,0,238761,INR,2026-08-03T12:59:00Z,BATCH-BLNK-0571
PO_B01_000572,BillDesk Settlement,PHNP-INV-151121 PO_B01_000572,376450,8332,0,0,368118,INR,2026-08-03T07:25:00Z,BATCH-PHNP-0572
PO_B01_000573,BillDesk Settlement,SWIG-INV-785065 PO_B01_000573,63477,1078,0,0,62399,INR,2026-08-02T23:23:00Z,BATCH-SWIG-0573
PO_B01_000574,PayU Enterprise,NYKA-INV-933937 PO_B01_000574,95321,2188,0,0,93133,INR,2026-08-03T00:52:00Z,BATCH-NYKA-0574
PO_B01_000575,PayU Enterprise,MYNT-ORD-740165 MYNT-ORD-722450 MYNT-ORD-994259 BATCH-MYNT-0575,577371,11547,0,0,565824,INR,2026-08-03T14:44:00Z,BATCH-MYNT-0575
PO_B01_000576,Razorpay Nodal,TATA-ORD-373452 TATA-ORD-106599 BATCH-TATA-0576,297019,5940,0,0,291079,INR,2026-08-03T10:11:00Z,BATCH-TATA-0576
PO_B01_000577,Cashfree Escrow,BKMS-ORD-238919 BKMS-ORD-974094 BATCH-BKMS-0577,307467,6149,0,0,301318,INR,2026-08-03T02:41:00Z,BATCH-BKMS-0577
PO_B01_000578,BillDesk Settlement,PAYT-INV-537083 PO_B01_000578,243739,4245,0,0,239494,INR,2026-08-03T05:49:00Z,BATCH-PAYT-0578
PO_B01_000579,PayU Enterprise,BKMS-INV-880024 PO_B01_000579,198420,3630,0,0,194790,INR,2026-08-03T14:29:00Z,BATCH-BKMS-0579
PO_B01_000580,Stripe India,AMZN-INV-420471 PO_B01_000580,123823,2581,0,0,121242,INR,2026-08-03T19:57:00Z,BATCH-AMZN-0580
PO_B01_000581,PayU Enterprise,BKMS-INV-252959 PO_B01_000581,126241,2278,0,0,123963,INR,2026-08-02T20:34:00Z,BATCH-BKMS-0581
PO_B01_000582,BillDesk Settlement,BKMS-INV-942736 PO_B01_000582,409713,8016,0,0,401697,INR,2026-08-03T12:54:00Z,BATCH-BKMS-0582
PO_B01_000583,PayU Enterprise,SWIG-INV-212535 PO_B01_000583,407170,6593,0,0,400577,INR,2026-08-03T18:21:00Z,BATCH-SWIG-0583
PO_B01_000584,Razorpay Nodal,BKMS-INV-754034 PO_B01_000584,200963,4853,0,0,196110,INR,2026-08-03T19:54:00Z,BATCH-BKMS-0584
PO_B01_000585,BillDesk Settlement,SWIG-ORD-909222 SWIG-ORD-522075 BATCH-SWIG-0585,324576,6491,0,0,318085,INR,2026-08-03T12:47:00Z,BATCH-SWIG-0585
PO_B01_000586,Cashfree Escrow,MYNT-INV-825713 PO_B01_000586,63550,1281,0,0,62269,INR,2026-08-03T09:11:00Z,BATCH-MYNT-0586
PO_B01_000587,Cashfree Escrow,ZOMA-INV-161689 PO_B01_000587,432960,10327,0,0,422633,INR,2026-08-03T08:54:00Z,BATCH-ZOMA-0587
PO_B01_000588,Cashfree Escrow,TATA-ORD-327072 TATA-ORD-306290 BATCH-TATA-0588,293966,5879,0,0,288087,INR,2026-08-03T01:28:00Z,BATCH-TATA-0588
PO_B01_000589,PayU Enterprise,MMTR-INV-982362 PO_B01_000589,206733,3802,0,0,202931,INR,2026-08-03T11:13:00Z,BATCH-MMTR-0589
PO_B01_000590,Razorpay Nodal,OLAA-ORD-758066 OLAA-ORD-222109 BATCH-OLAA-0590,337394,6747,0,0,330647,INR,2026-08-03T11:43:00Z,BATCH-OLAA-0590
PO_B01_000591,PayU Enterprise,MYNT-INV-658351 PO_B01_000591,370590,8138,0,0,362452,INR,2026-08-03T10:29:00Z,BATCH-MYNT-0591
PO_B01_000592,BillDesk Settlement,ZOMA-INV-445707 PO_B01_000592,442273,6914,0,0,435359,INR,2026-08-03T19:17:00Z,BATCH-ZOMA-0592
PO_B01_000593,Cashfree Escrow,ZOMA-INV-377991 PO_B01_000593,394180,7080,0,0,387100,INR,2026-08-03T04:58:00Z,BATCH-ZOMA-0593
PO_B01_000594,BillDesk Settlement,FLPK-INV-914853 PO_B01_000594,435810,9875,0,0,425935,INR,2026-08-03T04:50:00Z,BATCH-FLPK-0594
PO_B01_000595,BillDesk Settlement,BLNK-INV-854663 PO_B01_000595,97591,1820,0,0,95771,INR,2026-08-03T07:51:00Z,BATCH-BLNK-0595
PO_B01_000596,Stripe India,JIOO-INV-803847 PO_B01_000596,81048,1567,0,0,79481,INR,2026-08-02T23:16:00Z,BATCH-JIOO-0596
PO_B01_000597,Stripe India,BLNK-INV-725764 PO_B01_000597,346840,6012,0,0,340828,INR,2026-08-03T06:06:00Z,BATCH-BLNK-0597
PO_B01_000598,Cashfree Escrow,NYKA-ORD-634907 NYKA-ORD-461924 NYKA-ORD-322771 BATCH-NYKA-0598,335075,6701,0,0,328374,INR,2026-08-03T19:57:00Z,BATCH-NYKA-0598
PO_B01_000599,Razorpay Nodal,BLNK-INV-869963 PO_B01_000599,260469,5584,0,0,254885,INR,2026-08-03T01:05:00Z,BATCH-BLNK-0599
PO_B01_000600,BillDesk Settlement,ZOMA-INV-344230 PO_B01_000600,119817,1852,0,0,117965,INR,2026-08-03T07:09:00Z,BATCH-ZOMA-0600
PO_B01_000601,PayU Enterprise,FLPK-INV-722757 PO_B01_000601,134235,3231,0,0,131004,INR,2026-08-03T09:21:00Z,BATCH-FLPK-0601
PO_B01_000602,Razorpay Nodal,BLNK-ORD-327654 BLNK-ORD-186179 BATCH-BLNK-0602,204702,4094,0,0,200608,INR,2026-08-03T10:24:00Z,BATCH-BLNK-0602
PO_B01_000603,PayU Enterprise,PHNP-ORD-553235 PHNP-ORD-990530 BATCH-PHNP-0603,330164,6603,0,0,323561,INR,2026-08-03T15:47:00Z,BATCH-PHNP-0603
PO_B01_000604,BillDesk Settlement,MYNT-INV-457341 PO_B01_000604,272835,5855,0,0,266980,INR,2026-08-03T18:38:00Z,BATCH-MYNT-0604
PO_B01_000605,Razorpay Nodal,BKMS-ORD-662442 BKMS-ORD-527115 BKMS-ORD-243637 BATCH-BKMS-0605,467268,9345,0,0,457923,INR,2026-08-03T03:38:00Z,BATCH-BKMS-0605
PO_B01_000606,BillDesk Settlement,MMTR-INV-690596 PO_B01_000606,250083,5812,0,0,244271,INR,2026-08-03T10:55:00Z,BATCH-MMTR-0606
PO_B01_000607,PayU Enterprise,BLNK-INV-838672 PO_B01_000607,370415,7819,0,0,362596,INR,2026-08-03T20:13:00Z,BATCH-BLNK-0607
PO_B01_000608,BillDesk Settlement,BKMS-INV-928705 PO_B01_000608,26670,640,0,0,26030,INR,2026-08-03T23:52:00Z,BATCH-BKMS-0608
PO_B01_000609,Cashfree Escrow,MMTR-INV-495669 PO_B01_000609,65262,1292,0,0,63970,INR,2026-08-02T19:27:00Z,BATCH-MMTR-0609
PO_B01_000610,PayU Enterprise,AMZN-INV-991268 PO_B01_000610,256127,4332,0,0,251795,INR,2026-08-03T00:25:00Z,BATCH-AMZN-0610
PO_B01_000611,BillDesk Settlement,PAYT-INV-732219 PO_B01_000611,410651,8738,0,0,401913,INR,2026-08-03T19:07:00Z,BATCH-PAYT-0611
PO_B01_000612,Cashfree Escrow,BBAS-INV-343468 PO_B01_000612,276242,6289,0,0,269953,INR,2026-08-02T18:52:00Z,BATCH-BBAS-0612
PO_B01_000613,BillDesk Settlement,UBER-INV-259230 PO_B01_000613,139894,3438,0,0,136456,INR,2026-08-03T03:00:00Z,BATCH-UBER-0613
PO_B01_000614,BillDesk Settlement,PHNP-INV-756414 PO_B01_000614,378046,8403,0,0,369643,INR,2026-08-03T11:23:00Z,BATCH-PHNP-0614
PO_B01_000615,Cashfree Escrow,AMZN-ORD-646271 AMZN-ORD-600697 BATCH-AMZN-0615,232386,4647,0,0,227739,INR,2026-08-03T06:31:00Z,BATCH-AMZN-0615
PO_B01_000616,Cashfree Escrow,PHNP-ORD-259689 PHNP-ORD-407449 BATCH-PHNP-0616,128373,2567,0,0,125806,INR,2026-08-03T03:38:00Z,BATCH-PHNP-0616
PO_B01_000617,PayU Enterprise,PAYT-INV-256229 PO_B01_000617,258962,5266,0,0,253696,INR,2026-08-03T05:49:00Z,BATCH-PAYT-0617
PO_B01_000618,Cashfree Escrow,FLPK-INV-518569 PO_B01_000618,50246,963,0,0,49283,INR,2026-08-03T08:10:00Z,BATCH-FLPK-0618
PO_B01_000619,PayU Enterprise,BLNK-INV-616215 PO_B01_000619,207016,3698,0,0,203318,INR,2026-08-02T17:42:00Z,BATCH-BLNK-0619
PO_B01_000620,Cashfree Escrow,PAYT-INV-595960 PO_B01_000620,206941,5084,0,0,201857,INR,2026-08-03T09:46:00Z,BATCH-PAYT-0620
PO_B01_000621,Stripe India,AMZN-INV-973734 PO_B01_000621,225500,3501,0,0,221999,INR,2026-08-02T21:48:00Z,BATCH-AMZN-0621
PO_B01_000622,BillDesk Settlement,PHNP-ORD-920040 PHNP-ORD-244339 BATCH-PHNP-0622,331964,6639,0,0,325325,INR,2026-08-03T14:04:00Z,BATCH-PHNP-0622
PO_B01_000623,PayU Enterprise,SWIG-EXC-608131-UNRESOLVED,195689,3903,0,0,191786,INR,2026-08-03T14:59:00Z,HOLD-ESCROW
PO_B01_000624,BillDesk Settlement,SWIG-ORD-362473 SWIG-ORD-327326 BATCH-SWIG-0624,206852,4137,0,0,202715,INR,2026-08-03T17:34:00Z,BATCH-SWIG-0624
PO_B01_000625,Stripe India,AMZN-INV-771611 PO_B01_000625,50074,1061,0,0,49013,INR,2026-08-03T08:58:00Z,BATCH-AMZN-0625
PO_B01_000626,Cashfree Escrow,PHNP-EXC-643881-UNRESOLVED,171389,3417,0,0,167972,INR,2026-08-03T23:23:00Z,HOLD-ESCROW
PO_B01_000627,Cashfree Escrow,TATA-INV-526636 PO_B01_000627,59992,1134,0,0,58858,INR,2026-08-03T07:55:00Z,BATCH-TATA-0627
PO_B01_000628,Stripe India,PAYT-INV-454264 PO_B01_000628,171533,2807,0,0,168726,INR,2026-08-03T08:52:00Z,BATCH-PAYT-0628
PO_B01_000629,Stripe India,BLNK-INV-828398 PO_B01_000629,34185,657,0,0,33528,INR,2026-08-03T06:07:00Z,BATCH-BLNK-0629
PO_B01_000630,PayU Enterprise,MYNT-INV-619431 PO_B01_000630,260562,5116,0,0,255446,INR,2026-08-02T23:07:00Z,BATCH-MYNT-0630
PO_B01_000631,Cashfree Escrow,ZOMA-INV-787451 PO_B01_000631,230443,4702,0,0,225741,INR,2026-08-02T22:22:00Z,BATCH-ZOMA-0631
PO_B01_000632,Stripe India,BKMS-INV-373129 PO_B01_000632,31926,684,0,0,31242,INR,2026-08-03T16:48:00Z,BATCH-BKMS-0632
PO_B01_000633,Stripe India,BKMS-INV-875388 PO_B01_000633,153648,3657,0,0,149991,INR,2026-08-03T05:55:00Z,BATCH-BKMS-0633
PO_B01_000634,Stripe India,UBER-INV-582640 PO_B01_000634,199887,4934,0,0,194953,INR,2026-08-03T12:54:00Z,BATCH-UBER-0634
PO_B01_000635,BillDesk Settlement,UBER-ORD-997921 UBER-ORD-115479 BATCH-UBER-0635,207930,4158,0,0,203772,INR,2026-08-02T23:05:00Z,BATCH-UBER-0635
PO_B01_000636,Cashfree Escrow,JIOO-EXC-634841-UNRESOLVED,165139,3292,0,0,161847,INR,2026-08-03T21:25:00Z,HOLD-ESCROW
PO_B01_000637,Stripe India,JIOO-INV-243049 PO_B01_000637,348314,6784,0,0,341530,INR,2026-08-03T22:04:00Z,BATCH-JIOO-0637
PO_B01_000638,PayU Enterprise,UBER-INV-889882 PO_B01_000638,372253,5689,0,0,366564,INR,2026-08-03T11:42:00Z,BATCH-UBER-0638
PO_B01_000639,PayU Enterprise,TATA-INV-547952 PO_B01_000639,409211,7908,0,0,401303,INR,2026-08-02T23:03:00Z,BATCH-TATA-0639
PO_B01_000640,Razorpay Nodal,BKMS-INV-184253 PO_B01_000640,95554,1835,0,0,93719,INR,2026-08-02T20:01:00Z,BATCH-BKMS-0640
PO_B01_000641,PayU Enterprise,MYNT-INV-823702 PO_B01_000641,386437,7363,0,0,379074,INR,2026-08-03T11:52:00Z,BATCH-MYNT-0641
PO_B01_000642,PayU Enterprise,UBER-INV-942785 PO_B01_000642,69106,1428,0,0,67678,INR,2026-08-02T16:07:00Z,BATCH-UBER-0642
PO_B01_000643,PayU Enterprise,MMTR-EXC-514596-UNRESOLVED,164430,3278,0,0,161152,INR,2026-08-04T05:12:00Z,HOLD-ESCROW
PO_B01_000644,Razorpay Nodal,MYNT-ORD-666862 MYNT-ORD-765936 BATCH-MYNT-0644,313414,6268,0,0,307146,INR,2026-08-03T09:43:00Z,BATCH-MYNT-0644
PO_B01_000645,Razorpay Nodal,NYKA-ORD-486792 NYKA-ORD-891718 NYKA-ORD-401555 BATCH-NYKA-0645,427392,8547,0,0,418845,INR,2026-08-03T20:29:00Z,BATCH-NYKA-0645
PO_B01_000646,Cashfree Escrow,UBER-INV-192667 PO_B01_000646,383396,8358,0,0,375038,INR,2026-08-02T21:13:00Z,BATCH-UBER-0646
PO_B01_000647,PayU Enterprise,BLNK-INV-826219 PO_B01_000647,67228,1603,0,0,65625,INR,2026-08-02T19:53:00Z,BATCH-BLNK-0647
PO_B01_000648,BillDesk Settlement,AMZN-INV-905279 PO_B01_000648,109627,1898,0,0,107729,INR,2026-08-03T19:15:00Z,BATCH-AMZN-0648
PO_B01_000649,BillDesk Settlement,BBAS-ORD-411049 BBAS-ORD-815667 BATCH-BBAS-0649,455290,9105,0,0,446185,INR,2026-08-03T15:27:00Z,BATCH-BBAS-0649
PO_B01_000650,Razorpay Nodal,BLNK-ORD-118098 BLNK-ORD-449799 BATCH-BLNK-0650,260114,5202,0,0,254912,INR,2026-08-03T18:06:00Z,BATCH-BLNK-0650
PO_B01_000651,Razorpay Nodal,MMTR-INV-417165 PO_B01_000651,217698,4021,0,0,213677,INR,2026-08-03T20:07:00Z,BATCH-MMTR-0651
PO_B01_000652,Stripe India,BLNK-INV-158457 PO_B01_000652,78693,1457,0,0,77236,INR,2026-08-02T18:33:00Z,BATCH-BLNK-0652
PO_B01_000653,PayU Enterprise,PHNP-INV-744002 PO_B01_000653,439156,7185,0,0,431971,INR,2026-08-03T13:35:00Z,BATCH-PHNP-0653
PO_B01_000654,Cashfree Escrow,FLPK-INV-418898 PO_B01_000654,311780,7201,0,0,304579,INR,2026-08-03T09:41:00Z,BATCH-FLPK-0654
PO_B01_000655,Cashfree Escrow,BKMS-INV-365366 PO_B01_000655,55595,1345,0,0,54250,INR,2026-08-03T10:08:00Z,BATCH-BKMS-0655
PO_B01_000656,BillDesk Settlement,FLPK-INV-438969 PO_B01_000656,263098,4782,0,0,258316,INR,2026-08-02T22:59:00Z,BATCH-FLPK-0656
PO_B01_000657,BillDesk Settlement,FLPK-INV-194130 PO_B01_000657,185692,4098,0,0,181594,INR,2026-08-03T11:30:00Z,BATCH-FLPK-0657
PO_B01_000658,Razorpay Nodal,BKMS-INV-862047 PO_B01_000658,257904,6361,0,0,251543,INR,2026-08-03T05:59:00Z,BATCH-BKMS-0658
PO_B01_000659,Razorpay Nodal,ZOMA-INV-925090 PO_B01_000659,262715,4329,0,0,258386,INR,2026-08-03T14:18:00Z,BATCH-ZOMA-0659
PO_B01_000660,PayU Enterprise,OLAA-INV-575883 PO_B01_000660,191341,3851,0,0,187490,INR,2026-08-03T08:55:00Z,BATCH-OLAA-0660
PO_B01_000661,Cashfree Escrow,NYKA-ORD-106086 NYKA-ORD-768294 NYKA-ORD-353247 BATCH-NYKA-0661,283255,5665,0,0,277590,INR,2026-08-03T15:35:00Z,BATCH-NYKA-0661
PO_B01_000662,Stripe India,BLNK-INV-117508 PO_B01_000662,307040,6875,0,0,300165,INR,2026-08-03T19:31:00Z,BATCH-BLNK-0662
PO_B01_000663,Stripe India,AMZN-INV-455717 PO_B01_000663,257972,5488,0,0,252484,INR,2026-08-03T16:48:00Z,BATCH-AMZN-0663
PO_B01_000664,PayU Enterprise,MYNT-INV-914319 PO_B01_000664,309702,6695,0,0,303007,INR,2026-08-03T16:20:00Z,BATCH-MYNT-0664
PO_B01_000665,Cashfree Escrow,ZOMA-INV-378305 PO_B01_000665,411403,7349,0,0,404054,INR,2026-08-03T07:19:00Z,BATCH-ZOMA-0665
PO_B01_000666,Cashfree Escrow,MMTR-INV-751909 PO_B01_000666,220756,3626,0,0,217130,INR,2026-08-03T21:10:00Z,BATCH-MMTR-0666
PO_B01_000667,Stripe India,BKMS-INV-198369 PO_B01_000667,194154,4273,0,0,189881,INR,2026-08-03T05:19:00Z,BATCH-BKMS-0667
PO_B01_000668,BillDesk Settlement,JIOO-ORD-362602 JIOO-ORD-338610 JIOO-ORD-353371 BATCH-JIOO-0668,525400,10508,0,0,514892,INR,2026-08-03T12:37:00Z,BATCH-JIOO-0668
PO_B01_000669,Stripe India,SWIG-INV-915274 PO_B01_000669,30409,581,0,0,29828,INR,2026-08-03T12:41:00Z,BATCH-SWIG-0669
PO_B01_000670,Cashfree Escrow,PAYT-ORD-505488 PAYT-ORD-780923 BATCH-PAYT-0670,345475,6909,0,0,338566,INR,2026-08-03T13:15:00Z,BATCH-PAYT-0670
PO_B01_000671,PayU Enterprise,TATA-INV-738328 PO_B01_000671,162216,3190,0,0,159026,INR,2026-08-03T02:34:00Z,BATCH-TATA-0671
PO_B01_000672,Stripe India,MMTR-ORD-111622 MMTR-ORD-702229 BATCH-MMTR-0672,378992,7579,0,0,371413,INR,2026-08-03T14:32:00Z,BATCH-MMTR-0672
PO_B01_000673,Razorpay Nodal,SWIG-ORD-167737 SWIG-ORD-563422 BATCH-SWIG-0673,172374,3447,0,0,168927,INR,2026-08-03T13:19:00Z,BATCH-SWIG-0673
PO_B01_000674,Stripe India,FLPK-INV-879062 PO_B01_000674,361485,5637,0,0,355848,INR,2026-08-03T09:53:00Z,BATCH-FLPK-0674
PO_B01_000675,Cashfree Escrow,UBER-INV-307749 PO_B01_000675,333433,7547,0,0,325886,INR,2026-08-03T04:47:00Z,BATCH-UBER-0675
PO_B01_000676,Cashfree Escrow,FLPK-INV-519203 PO_B01_000676,95865,1534,0,0,94331,INR,2026-08-03T18:26:00Z,BATCH-FLPK-0676
PO_B01_000677,BillDesk Settlement,BLNK-INV-419925 PO_B01_000677,308798,4930,0,0,303868,INR,2026-08-03T11:29:00Z,BATCH-BLNK-0677
PO_B01_000678,PayU Enterprise,PAYT-ORD-699147 PAYT-ORD-729456 PAYT-ORD-659152 BATCH-PAYT-0678,286603,5732,0,0,280871,INR,2026-08-03T02:10:00Z,BATCH-PAYT-0678
PO_B01_000679,BillDesk Settlement,AMZN-INV-483645 PO_B01_000679,174066,3351,0,0,170715,INR,2026-08-02T21:20:00Z,BATCH-AMZN-0679
PO_B01_000680,BillDesk Settlement,MYNT-INV-216310 PO_B01_000680,44821,797,0,0,44024,INR,2026-08-02T19:48:00Z,BATCH-MYNT-0680
PO_B01_000681,Cashfree Escrow,TATA-INV-197048 PO_B01_000681,396207,7974,0,0,388233,INR,2026-08-03T16:06:00Z,BATCH-TATA-0681
PO_B01_000682,Stripe India,FLPK-INV-276745 PO_B01_000682,325906,6709,0,0,319197,INR,2026-08-03T20:58:00Z,BATCH-FLPK-0682
PO_B01_000683,BillDesk Settlement,TATA-ORD-208552 TATA-ORD-186950 TATA-ORD-736442 BATCH-TATA-0683,273636,5472,0,0,268164,INR,2026-08-03T18:33:00Z,BATCH-TATA-0683
PO_B01_000684,Cashfree Escrow,PHNP-ORD-462375 PHNP-ORD-682715 BATCH-PHNP-0684,168437,3368,0,0,165069,INR,2026-08-03T10:20:00Z,BATCH-PHNP-0684
PO_B01_000685,Stripe India,UBER-INV-246764 PO_B01_000685,443489,8078,0,0,435411,INR,2026-08-02T22:01:00Z,BATCH-UBER-0685
PO_B01_000686,Razorpay Nodal,SWIG-INV-345546 PO_B01_000686,116129,1959,0,0,114170,INR,2026-08-04T01:54:00Z,BATCH-SWIG-0686
PO_B01_000687,Cashfree Escrow,SWIG-INV-823390 PO_B01_000687,285697,5147,0,0,280550,INR,2026-08-03T00:24:00Z,BATCH-SWIG-0687
PO_B01_000688,BillDesk Settlement,BBAS-INV-394762 PO_B01_000688,339557,5358,0,0,334199,INR,2026-08-03T02:32:00Z,BATCH-BBAS-0688
PO_B01_000689,PayU Enterprise,SWIG-EXC-462353-UNRESOLVED,89621,1782,0,0,87839,INR,2026-08-03T19:28:00Z,HOLD-ESCROW
PO_B01_000690,Cashfree Escrow,NYKA-INV-100893 PO_B01_000690,367248,8111,0,0,359137,INR,2026-08-03T22:35:00Z,BATCH-NYKA-0690
PO_B01_000691,Razorpay Nodal,ZOMA-INV-309966 PO_B01_000691,100057,1939,0,0,98118,INR,2026-08-03T02:10:00Z,BATCH-ZOMA-0691
PO_B01_000692,Cashfree Escrow,UBER-INV-464709 PO_B01_000692,180083,4045,0,0,176038,INR,2026-08-03T08:59:00Z,BATCH-UBER-0692
PO_B01_000693,Stripe India,TATA-INV-509401 PO_B01_000693,286368,5843,0,0,280525,INR,2026-08-03T01:58:00Z,BATCH-TATA-0693
PO_B01_000694,Cashfree Escrow,SWIG-INV-888618 PO_B01_000694,226603,4143,0,0,222460,INR,2026-08-03T09:22:00Z,BATCH-SWIG-0694
PO_B01_000695,Stripe India,PAYT-INV-235560 PO_B01_000695,226761,4358,0,0,222403,INR,2026-08-03T22:34:00Z,BATCH-PAYT-0695
PO_B01_000696,Stripe India,TATA-INV-838175 PO_B01_000696,182886,4456,0,0,178430,INR,2026-08-03T09:05:00Z,BATCH-TATA-0696
PO_B01_000697,Cashfree Escrow,FLPK-EXC-924125-UNRESOLVED,160486,3199,0,0,157287,INR,2026-08-03T16:07:00Z,HOLD-ESCROW
PO_B01_000698,Cashfree Escrow,ZOMA-ORD-336998 ZOMA-ORD-373494 BATCH-ZOMA-0698,180734,3614,0,0,177120,INR,2026-08-03T00:28:00Z,BATCH-ZOMA-0698
PO_B01_000699,Cashfree Escrow,JIOO-INV-813685 PO_B01_000699,379585,8535,0,0,371050,INR,2026-08-03T10:42:00Z,BATCH-JIOO-0699
PO_B01_000700,PayU Enterprise,FLPK-INV-890385 PO_B01_000700,41862,746,0,0,41116,INR,2026-08-03T01:13:00Z,BATCH-FLPK-0700
PO_B01_000701,Cashfree Escrow,NYKA-ORD-698507 NYKA-ORD-984060 BATCH-NYKA-0701,277840,5556,0,0,272284,INR,2026-08-03T15:28:00Z,BATCH-NYKA-0701
PO_B01_000702,Stripe India,OLAA-ORD-971249 OLAA-ORD-688012 OLAA-ORD-539207 BATCH-OLAA-0702,431892,8637,0,0,423255,INR,2026-08-03T20:59:00Z,BATCH-OLAA-0702
PO_B01_000703,BillDesk Settlement,JIOO-INV-800075 PO_B01_000703,193640,3101,0,0,190539,INR,2026-08-03T03:38:00Z,BATCH-JIOO-0703
PO_B01_000704,Razorpay Nodal,BBAS-INV-811689 PO_B01_000704,354861,7393,0,0,347468,INR,2026-08-03T18:42:00Z,BATCH-BBAS-0704
PO_B01_000705,Stripe India,BKMS-INV-231827 PO_B01_000705,237606,4804,0,0,232802,INR,2026-08-02T22:35:00Z,BATCH-BKMS-0705
PO_B01_000706,PayU Enterprise,MMTR-INV-254432 PO_B01_000706,111912,2687,0,0,109225,INR,2026-08-03T11:42:00Z,BATCH-MMTR-0706
PO_B01_000707,PayU Enterprise,BKMS-INV-864024 PO_B01_000707,150202,3740,0,0,146462,INR,2026-08-03T14:47:00Z,BATCH-BKMS-0707
PO_B01_000708,Cashfree Escrow,SWIG-ORD-463141 SWIG-ORD-795157 SWIG-ORD-376520 BATCH-SWIG-0708,637172,12743,0,0,624429,INR,2026-08-03T13:08:00Z,BATCH-SWIG-0708
PO_B01_000709,PayU Enterprise,JIOO-ORD-269839 JIOO-ORD-707392 BATCH-JIOO-0709,312357,6247,0,0,306110,INR,2026-08-03T14:46:00Z,BATCH-JIOO-0709
PO_B01_000710,BillDesk Settlement,OLAA-INV-956074 PO_B01_000710,39774,852,0,0,38922,INR,2026-08-02T22:28:00Z,BATCH-OLAA-0710
PO_B01_000711,BillDesk Settlement,BLNK-INV-371835 PO_B01_000711,364791,5660,0,0,359131,INR,2026-08-03T03:30:00Z,BATCH-BLNK-0711
PO_B01_000712,Razorpay Nodal,MMTR-INV-737983 PO_B01_000712,260396,5554,0,0,254842,INR,2026-08-03T09:23:00Z,BATCH-MMTR-0712
PO_B01_000713,Stripe India,SWIG-EXC-856402-UNRESOLVED,283636,5662,0,0,277974,INR,2026-08-03T13:53:00Z,HOLD-ESCROW
PO_B01_000714,BillDesk Settlement,PHNP-ORD-322766 PHNP-ORD-194659 BATCH-PHNP-0714,374607,7492,0,0,367115,INR,2026-08-03T11:32:00Z,BATCH-PHNP-0714
PO_B01_000715,Razorpay Nodal,FLPK-ORD-886450 FLPK-ORD-406301 FLPK-ORD-679183 BATCH-FLPK-0715,516430,10328,0,0,506102,INR,2026-08-03T18:20:00Z,BATCH-FLPK-0715
PO_B01_000716,Cashfree Escrow,UBER-ORD-418183 UBER-ORD-621757 UBER-ORD-873322 BATCH-UBER-0716,183268,3665,0,0,179603,INR,2026-08-03T13:11:00Z,BATCH-UBER-0716
PO_B01_000717,PayU Enterprise,UBER-ORD-916395 UBER-ORD-112994 UBER-ORD-371074 BATCH-UBER-0717,463097,9261,0,0,453836,INR,2026-08-03T16:26:00Z,BATCH-UBER-0717
PO_B01_000718,BillDesk Settlement,MMTR-INV-948006 PO_B01_000718,290433,4695,0,0,285738,INR,2026-08-03T09:16:00Z,BATCH-MMTR-0718
PO_B01_000719,Cashfree Escrow,TATA-INV-168591 PO_B01_000719,397156,6794,0,0,390362,INR,2026-08-03T09:03:00Z,BATCH-TATA-0719
PO_B01_000720,Cashfree Escrow,JIOO-INV-437179 PO_B01_000720,269151,6113,0,0,263038,INR,2026-08-03T06:16:00Z,BATCH-JIOO-0720
PO_B01_000721,Stripe India,OLAA-INV-649752 PO_B01_000721,175744,3223,0,0,172521,INR,2026-08-03T17:49:00Z,BATCH-OLAA-0721
PO_B01_000722,Cashfree Escrow,MMTR-INV-593809 PO_B01_000722,423146,8031,0,0,415115,INR,2026-08-03T08:55:00Z,BATCH-MMTR-0722
PO_B01_000723,PayU Enterprise,MMTR-INV-757601 PO_B01_000723,394197,9539,0,0,384658,INR,2026-08-03T17:14:00Z,BATCH-MMTR-0723
PO_B01_000724,PayU Enterprise,FLPK-ORD-325918 FLPK-ORD-192344 FLPK-ORD-725435 BATCH-FLPK-0724,618759,12375,0,0,606384,INR,2026-08-02T23:11:00Z,BATCH-FLPK-0724
PO_B01_000725,Razorpay Nodal,NYKA-ORD-874368 NYKA-ORD-155020 NYKA-ORD-636897 BATCH-NYKA-0725,480567,9611,0,0,470956,INR,2026-08-02T21:33:00Z,BATCH-NYKA-0725
PO_B01_000726,PayU Enterprise,MMTR-INV-963052 PO_B01_000726,85084,1368,0,0,83716,INR,2026-08-02T19:13:00Z,BATCH-MMTR-0726
PO_B01_000727,Cashfree Escrow,NYKA-ORD-783564 NYKA-ORD-514433 BATCH-NYKA-0727,262147,5242,0,0,256905,INR,2026-08-03T19:50:00Z,BATCH-NYKA-0727
PO_B01_000728,Cashfree Escrow,NYKA-EXC-506198-UNRESOLVED,162924,3248,0,0,159676,INR,2026-08-03T14:35:00Z,HOLD-ESCROW
PO_B01_000729,Razorpay Nodal,BLNK-INV-655021 PO_B01_000729,300283,6761,0,0,293522,INR,2026-08-03T21:57:00Z,BATCH-BLNK-0729
PO_B01_000730,Cashfree Escrow,BBAS-INV-694662 PO_B01_000730,175596,2674,0,0,172922,INR,2026-08-03T15:22:00Z,BATCH-BBAS-0730
PO_B01_000731,PayU Enterprise,MMTR-INV-335604 PO_B01_000731,216004,4850,0,0,211154,INR,2026-08-03T07:57:00Z,BATCH-MMTR-0731
PO_B01_000732,Razorpay Nodal,BKMS-INV-659033 PO_B01_000732,346717,5378,0,0,341339,INR,2026-08-03T14:48:00Z,BATCH-BKMS-0732
PO_B01_000733,Razorpay Nodal,TATA-INV-255548 PO_B01_000733,316762,6176,0,0,310586,INR,2026-08-03T00:32:00Z,BATCH-TATA-0733
PO_B01_000734,Razorpay Nodal,BBAS-INV-107087 PO_B01_000734,234213,4313,0,0,229900,INR,2026-08-03T16:48:00Z,BATCH-BBAS-0734
PO_B01_000735,Stripe India,SWIG-INV-267995 PO_B01_000735,325426,6723,0,0,318703,INR,2026-08-02T21:47:00Z,BATCH-SWIG-0735
PO_B01_000736,Cashfree Escrow,TATA-ORD-753045 TATA-ORD-550733 TATA-ORD-865865 BATCH-TATA-0736,302676,6053,0,0,296623,INR,2026-08-03T12:45:00Z,BATCH-TATA-0736
PO_B01_000737,Cashfree Escrow,PAYT-INV-791669 PO_B01_000737,54746,944,0,0,53802,INR,2026-08-03T06:34:00Z,BATCH-PAYT-0737
PO_B01_000738,Stripe India,TATA-ORD-657852 TATA-ORD-164573 TATA-ORD-845190 BATCH-TATA-0738,149645,2992,0,0,146653,INR,2026-08-03T01:25:00Z,BATCH-TATA-0738
PO_B01_000739,Cashfree Escrow,TATA-ORD-427218 TATA-ORD-954618 BATCH-TATA-0739,231224,4624,0,0,226600,INR,2026-08-03T09:04:00Z,BATCH-TATA-0739
PO_B01_000740,Cashfree Escrow,JIOO-ORD-403682 JIOO-ORD-192436 JIOO-ORD-208484 BATCH-JIOO-0740,344363,6887,0,0,337476,INR,2026-08-03T18:37:00Z,BATCH-JIOO-0740
PO_B01_000741,Stripe India,PHNP-INV-890642 PO_B01_000741,397004,7413,0,0,389591,INR,2026-08-03T01:00:00Z,BATCH-PHNP-0741
PO_B01_000742,Razorpay Nodal,BKMS-INV-564364 PO_B01_000742,367992,6900,0,0,361092,INR,2026-08-03T11:06:00Z,BATCH-BKMS-0742
PO_B01_000743,PayU Enterprise,BKMS-INV-975655 PO_B01_000743,190888,4383,0,0,186505,INR,2026-08-03T02:35:00Z,BATCH-BKMS-0743
PO_B01_000744,Cashfree Escrow,NYKA-ORD-634605 NYKA-ORD-171768 BATCH-NYKA-0744,403901,8078,0,0,395823,INR,2026-08-02T23:49:00Z,BATCH-NYKA-0744
PO_B01_000745,Cashfree Escrow,ZOMA-INV-424079 PO_B01_000745,295630,7029,0,0,288601,INR,2026-08-02T22:15:00Z,BATCH-ZOMA-0745
PO_B01_000746,BillDesk Settlement,BLNK-INV-422077 PO_B01_000746,214385,3614,0,0,210771,INR,2026-08-03T08:00:00Z,BATCH-BLNK-0746
PO_B01_000747,Stripe India,BBAS-INV-995269 PO_B01_000747,229377,4473,0,0,224904,INR,2026-08-03T14:54:00Z,BATCH-BBAS-0747
PO_B01_000748,Cashfree Escrow,PHNP-INV-815851 PO_B01_000748,35458,580,0,0,34878,INR,2026-08-03T12:26:00Z,BATCH-PHNP-0748
PO_B01_000749,PayU Enterprise,MMTR-INV-278174 PO_B01_000749,131342,3184,0,0,128158,INR,2026-08-03T08:53:00Z,BATCH-MMTR-0749
PO_B01_000750,Stripe India,TATA-INV-801713 PO_B01_000750,75434,1387,0,0,74047,INR,2026-08-02T22:04:00Z,BATCH-TATA-0750
PO_B01_000751,Razorpay Nodal,BKMS-INV-738533 PO_B01_000751,196076,4093,0,0,191983,INR,2026-08-03T21:46:00Z,BATCH-BKMS-0751
PO_B01_000752,Razorpay Nodal,JIOO-INV-263071 PO_B01_000752,94806,1470,0,0,93336,INR,2026-08-03T18:59:00Z,BATCH-JIOO-0752
PO_B01_000753,PayU Enterprise,PHNP-ORD-366921 PHNP-ORD-408737 BATCH-PHNP-0753,296107,5922,0,0,290185,INR,2026-08-03T09:39:00Z,BATCH-PHNP-0753
PO_B01_000754,BillDesk Settlement,MMTR-ORD-717732 MMTR-ORD-610253 BATCH-MMTR-0754,305877,6117,0,0,299760,INR,2026-08-03T02:45:00Z,BATCH-MMTR-0754
PO_B01_000755,Cashfree Escrow,JIOO-EXC-290455-UNRESOLVED,248705,4964,0,0,243741,INR,2026-08-03T22:56:00Z,HOLD-ESCROW
PO_B01_000756,Stripe India,OLAA-INV-525891 PO_B01_000756,370997,8496,0,0,362501,INR,2026-08-03T04:17:00Z,BATCH-OLAA-0756
PO_B01_000757,Cashfree Escrow,MMTR-INV-951960 PO_B01_000757,172970,2657,0,0,170313,INR,2026-08-03T08:06:00Z,BATCH-MMTR-0757
PO_B01_000758,Cashfree Escrow,PHNP-INV-504400 PO_B01_000758,75772,1347,0,0,74425,INR,2026-08-03T07:52:00Z,BATCH-PHNP-0758
PO_B01_000759,PayU Enterprise,UBER-INV-622759 PO_B01_000759,77581,1441,0,0,76140,INR,2026-08-03T06:13:00Z,BATCH-UBER-0759
PO_B01_000760,Cashfree Escrow,AMZN-INV-595490 PO_B01_000760,101823,1861,0,0,99962,INR,2026-08-03T05:24:00Z,BATCH-AMZN-0760
PO_B01_000761,Razorpay Nodal,PAYT-EXC-980646-UNRESOLVED,292450,5839,0,0,286611,INR,2026-08-03T17:13:00Z,HOLD-ESCROW
PO_B01_000762,Razorpay Nodal,NYKA-INV-128985 PO_B01_000762,147564,2739,0,0,144825,INR,2026-08-03T13:46:00Z,BATCH-NYKA-0762
PO_B01_000763,Cashfree Escrow,UBER-INV-527058 PO_B01_000763,194045,3840,0,0,190205,INR,2026-08-03T01:10:00Z,BATCH-UBER-0763
PO_B01_000764,Cashfree Escrow,MYNT-INV-741002 PO_B01_000764,220297,4612,0,0,215685,INR,2026-08-03T00:45:00Z,BATCH-MYNT-0764
PO_B01_000765,Stripe India,OLAA-EXC-411167-UNRESOLVED,64677,1283,0,0,63394,INR,2026-08-03T17:06:00Z,HOLD-ESCROW
PO_B01_000766,Cashfree Escrow,JIOO-INV-501511 PO_B01_000766,261763,5285,0,0,256478,INR,2026-08-04T01:14:00Z,BATCH-JIOO-0766
PO_B01_000767,Cashfree Escrow,JIOO-INV-274059 PO_B01_000767,250166,6145,0,0,244021,INR,2026-08-03T23:50:00Z,BATCH-JIOO-0767
PO_B01_000768,Razorpay Nodal,BLNK-INV-156222 PO_B01_000768,254998,4781,0,0,250217,INR,2026-08-02T20:27:00Z,BATCH-BLNK-0768
PO_B01_000769,PayU Enterprise,UBER-EXC-790681-UNRESOLVED,77625,1542,0,0,76083,INR,2026-08-04T04:29:00Z,HOLD-ESCROW
PO_B01_000770,BillDesk Settlement,MYNT-INV-334369 PO_B01_000770,448385,8059,0,0,440326,INR,2026-08-03T22:38:00Z,BATCH-MYNT-0770
PO_B01_000771,Cashfree Escrow,JIOO-ORD-544567 JIOO-ORD-650942 BATCH-JIOO-0771,222537,4450,0,0,218087,INR,2026-08-03T01:58:00Z,BATCH-JIOO-0771
PO_B01_000772,PayU Enterprise,MYNT-INV-160243 PO_B01_000772,341280,5592,0,0,335688,INR,2026-08-03T03:54:00Z,BATCH-MYNT-0772
PO_B01_000773,BillDesk Settlement,OLAA-INV-295614 PO_B01_000773,187231,3507,0,0,183724,INR,2026-08-03T04:58:00Z,BATCH-OLAA-0773
PO_B01_000774,Cashfree Escrow,BLNK-INV-415385 PO_B01_000774,384457,6387,0,0,378070,INR,2026-08-03T04:40:00Z,BATCH-BLNK-0774
PO_B01_000775,Cashfree Escrow,FLPK-EXC-140464-UNRESOLVED,235311,4696,0,0,230615,INR,2026-08-03T22:47:00Z,HOLD-ESCROW
PO_B01_000776,Stripe India,PAYT-INV-394863 PO_B01_000776,320534,7283,0,0,313251,INR,2026-08-03T12:51:00Z,BATCH-PAYT-0776
PO_B01_000777,BillDesk Settlement,PHNP-INV-411654 PO_B01_000777,120807,2486,0,0,118321,INR,2026-08-03T20:11:00Z,BATCH-PHNP-0777
PO_B01_000778,Cashfree Escrow,BLNK-INV-162037 PO_B01_000778,137687,3034,0,0,134653,INR,2026-08-03T06:46:00Z,BATCH-BLNK-0778
PO_B01_000779,Razorpay Nodal,PAYT-INV-685938 PO_B01_000779,327120,6449,0,0,320671,INR,2026-08-02T22:57:00Z,BATCH-PAYT-0779
PO_B01_000780,Stripe India,BKMS-ORD-510541 BKMS-ORD-983318 BATCH-BKMS-0780,269505,5390,0,0,264115,INR,2026-08-03T05:38:00Z,BATCH-BKMS-0780
PO_B01_000781,Stripe India,BKMS-INV-916968 PO_B01_000781,446655,9274,0,0,437381,INR,2026-08-03T05:29:00Z,BATCH-BKMS-0781
PO_B01_000782,Cashfree Escrow,NYKA-INV-699948 PO_B01_000782,271649,5313,0,0,266336,INR,2026-08-03T08:10:00Z,BATCH-NYKA-0782
PO_B01_000783,Razorpay Nodal,UBER-INV-930477 PO_B01_000783,42790,899,0,0,41891,INR,2026-08-03T11:20:00Z,BATCH-UBER-0783
PO_B01_000784,Stripe India,NYKA-INV-253387 PO_B01_000784,157985,2860,0,0,155125,INR,2026-08-03T14:49:00Z,BATCH-NYKA-0784
PO_B01_000785,Stripe India,PAYT-INV-774213 PO_B01_000785,107575,2350,0,0,105225,INR,2026-08-03T06:35:00Z,BATCH-PAYT-0785
PO_B01_000786,PayU Enterprise,PHNP-ORD-698858 PHNP-ORD-182142 BATCH-PHNP-0786,265131,5302,0,0,259829,INR,2026-08-03T08:59:00Z,BATCH-PHNP-0786
PO_B01_000787,Razorpay Nodal,OLAA-ORD-635177 OLAA-ORD-602821 BATCH-OLAA-0787,282208,5644,0,0,276564,INR,2026-08-03T19:17:00Z,BATCH-OLAA-0787
PO_B01_000788,BillDesk Settlement,JIOO-INV-741546 PO_B01_000788,274336,4717,0,0,269619,INR,2026-08-03T07:58:00Z,BATCH-JIOO-0788
PO_B01_000789,Cashfree Escrow,JIOO-INV-109720 PO_B01_000789,333637,8219,0,0,325418,INR,2026-08-03T09:55:00Z,BATCH-JIOO-0789
PO_B01_000790,Cashfree Escrow,BLNK-ORD-879068 BLNK-ORD-526880 BLNK-ORD-872444 BATCH-BLNK-0790,531872,10637,0,0,521235,INR,2026-08-03T06:19:00Z,BATCH-BLNK-0790
PO_B01_000791,Cashfree Escrow,BLNK-INV-886421 PO_B01_000791,33853,692,0,0,33161,INR,2026-08-02T21:59:00Z,BATCH-BLNK-0791
PO_B01_000792,Cashfree Escrow,AMZN-INV-929235 PO_B01_000792,285286,6541,0,0,278745,INR,2026-08-03T21:54:00Z,BATCH-AMZN-0792
PO_B01_000793,Cashfree Escrow,BBAS-INV-978808 PO_B01_000793,52954,917,0,0,52037,INR,2026-08-03T15:16:00Z,BATCH-BBAS-0793
PO_B01_000794,Stripe India,SWIG-ORD-306559 SWIG-ORD-392375 SWIG-ORD-666269 BATCH-SWIG-0794,384261,7685,0,0,376576,INR,2026-08-03T12:09:00Z,BATCH-SWIG-0794
PO_B01_000795,BillDesk Settlement,PAYT-INV-310130 PO_B01_000795,342189,6382,0,0,335807,INR,2026-08-03T00:27:00Z,BATCH-PAYT-0795
PO_B01_000796,Stripe India,BBAS-INV-460670 PO_B01_000796,359114,5631,0,0,353483,INR,2026-08-03T17:51:00Z,BATCH-BBAS-0796
PO_B01_000797,Stripe India,MMTR-INV-979099 PO_B01_000797,323054,7658,0,0,315396,INR,2026-08-03T13:06:00Z,BATCH-MMTR-0797
PO_B01_000798,BillDesk Settlement,PHNP-INV-810392 PO_B01_000798,202505,3944,0,0,198561,INR,2026-08-02T17:29:00Z,BATCH-PHNP-0798
PO_B01_000799,Razorpay Nodal,ZOMA-ORD-378121 ZOMA-ORD-498658 ZOMA-ORD-342300 BATCH-ZOMA-0799,294659,5893,0,0,288766,INR,2026-08-02T21:13:00Z,BATCH-ZOMA-0799
PO_B01_000800,Razorpay Nodal,PHNP-EXC-882106-UNRESOLVED,81492,1619,0,0,79873,INR,2026-08-03T12:31:00Z,HOLD-ESCROW
PO_B01_000801,PayU Enterprise,BLNK-ORD-235353 BLNK-ORD-971947 BLNK-ORD-369594 BATCH-BLNK-0801,474580,9491,0,0,465089,INR,2026-08-03T19:27:00Z,BATCH-BLNK-0801
PO_B01_000802,Stripe India,TATA-EXC-930797-UNRESOLVED,67279,1335,0,0,65944,INR,2026-08-04T06:41:00Z,HOLD-ESCROW
PO_B01_000803,PayU Enterprise,PAYT-INV-382642 PO_B01_000803,103724,2078,0,0,101646,INR,2026-08-02T21:21:00Z,BATCH-PAYT-0803
PO_B01_000804,BillDesk Settlement,SWIG-INV-768117 PO_B01_000804,31572,751,0,0,30821,INR,2026-08-03T21:26:00Z,BATCH-SWIG-0804
PO_B01_000805,Cashfree Escrow,JIOO-INV-345765 PO_B01_000805,244707,5754,0,0,238953,INR,2026-08-03T01:06:00Z,BATCH-JIOO-0805
PO_B01_000806,BillDesk Settlement,PHNP-INV-753291 PO_B01_000806,342804,7731,0,0,335073,INR,2026-08-03T05:59:00Z,BATCH-PHNP-0806
PO_B01_000807,BillDesk Settlement,MYNT-INV-290746 PO_B01_000807,205162,3885,0,0,201277,INR,2026-08-03T01:32:00Z,BATCH-MYNT-0807
PO_B01_000808,BillDesk Settlement,SWIG-INV-509454 PO_B01_000808,306837,6159,0,0,300678,INR,2026-08-03T03:14:00Z,BATCH-SWIG-0808
PO_B01_000809,Stripe India,MMTR-INV-249984 PO_B01_000809,260218,5283,0,0,254935,INR,2026-08-02T18:08:00Z,BATCH-MMTR-0809
PO_B01_000810,Razorpay Nodal,OLAA-ORD-261984 OLAA-ORD-164467 BATCH-OLAA-0810,370318,7406,0,0,362912,INR,2026-08-02T21:04:00Z,BATCH-OLAA-0810
PO_B01_000811,Cashfree Escrow,BBAS-INV-541418 PO_B01_000811,158873,2600,0,0,156273,INR,2026-08-03T19:50:00Z,BATCH-BBAS-0811
PO_B01_000812,BillDesk Settlement,MMTR-ORD-512468 MMTR-ORD-705656 MMTR-ORD-209584 BATCH-MMTR-0812,514273,10285,0,0,503988,INR,2026-08-03T17:28:00Z,BATCH-MMTR-0812
PO_B01_000813,Cashfree Escrow,ZOMA-INV-217479 PO_B01_000813,25570,637,0,0,24933,INR,2026-08-03T16:03:00Z,BATCH-ZOMA-0813
PO_B01_000814,Razorpay Nodal,JIOO-ORD-535843 JIOO-ORD-238825 BATCH-JIOO-0814,164177,3283,0,0,160894,INR,2026-08-03T18:27:00Z,BATCH-JIOO-0814
PO_B01_000815,Cashfree Escrow,PHNP-INV-955987 PO_B01_000815,408647,7731,0,0,400916,INR,2026-08-02T19:48:00Z,BATCH-PHNP-0815
PO_B01_000816,PayU Enterprise,UBER-INV-660920 PO_B01_000816,110111,2326,0,0,107785,INR,2026-08-03T10:10:00Z,BATCH-UBER-0816
PO_B01_000817,Stripe India,BBAS-ORD-253872 BBAS-ORD-995427 BATCH-BBAS-0817,102795,2055,0,0,100740,INR,2026-08-03T12:56:00Z,BATCH-BBAS-0817
PO_B01_000818,Razorpay Nodal,ZOMA-INV-971508 PO_B01_000818,30163,681,0,0,29482,INR,2026-08-03T21:52:00Z,BATCH-ZOMA-0818
PO_B01_000819,PayU Enterprise,MYNT-EXC-559029-UNRESOLVED,247635,4942,0,0,242693,INR,2026-08-03T19:27:00Z,HOLD-ESCROW
PO_B01_000820,Razorpay Nodal,SWIG-INV-255896 PO_B01_000820,132448,2631,0,0,129817,INR,2026-08-03T22:21:00Z,BATCH-SWIG-0820
PO_B01_000821,Cashfree Escrow,MMTR-INV-952614 PO_B01_000821,437167,9363,0,0,427804,INR,2026-08-03T13:17:00Z,BATCH-MMTR-0821
PO_B01_000822,Cashfree Escrow,PAYT-INV-844126 PO_B01_000822,164281,3488,0,0,160793,INR,2026-08-02T15:59:00Z,BATCH-PAYT-0822
PO_B01_000823,Stripe India,BKMS-ORD-274662 BKMS-ORD-437370 BATCH-BKMS-0823,145789,2915,0,0,142874,INR,2026-08-02T22:57:00Z,BATCH-BKMS-0823
PO_B01_000824,PayU Enterprise,PHNP-INV-587380 PO_B01_000824,209429,3356,0,0,206073,INR,2026-08-03T20:35:00Z,BATCH-PHNP-0824
PO_B01_000825,BillDesk Settlement,PAYT-INV-674254 PO_B01_000825,246961,5094,0,0,241867,INR,2026-08-03T04:45:00Z,BATCH-PAYT-0825
PO_B01_000826,Stripe India,BBAS-INV-990548 PO_B01_000826,120562,2155,0,0,118407,INR,2026-08-03T12:38:00Z,BATCH-BBAS-0826
PO_B01_000827,Stripe India,UBER-EXC-603357-UNRESOLVED,206292,4115,0,0,202177,INR,2026-08-03T21:50:00Z,HOLD-ESCROW
PO_B01_000828,Cashfree Escrow,UBER-ORD-673916 UBER-ORD-695078 UBER-ORD-746434 BATCH-UBER-0828,445964,8919,0,0,437045,INR,2026-08-02T23:48:00Z,BATCH-UBER-0828
PO_B01_000829,PayU Enterprise,BLNK-ORD-757320 BLNK-ORD-539302 BATCH-BLNK-0829,143912,2878,0,0,141034,INR,2026-08-03T06:28:00Z,BATCH-BLNK-0829
PO_B01_000830,Cashfree Escrow,NYKA-EXC-227613-UNRESOLVED,74558,1481,0,0,73077,INR,2026-08-03T23:17:00Z,HOLD-ESCROW
PO_B01_000831,Stripe India,TATA-INV-463246 PO_B01_000831,397126,6204,0,0,390922,INR,2026-08-03T07:57:00Z,BATCH-TATA-0831
PO_B01_000832,BillDesk Settlement,BBAS-INV-353405 PO_B01_000832,377689,6122,0,0,371567,INR,2026-08-04T01:41:00Z,BATCH-BBAS-0832
PO_B01_000833,Razorpay Nodal,MMTR-INV-518003 PO_B01_000833,108461,1835,0,0,106626,INR,2026-08-02T23:13:00Z,BATCH-MMTR-0833
PO_B01_000834,Stripe India,BKMS-INV-271139 PO_B01_000834,256853,4868,0,0,251985,INR,2026-08-03T05:58:00Z,BATCH-BKMS-0834
PO_B01_000835,Cashfree Escrow,AMZN-ORD-620406 AMZN-ORD-717351 BATCH-AMZN-0835,379692,7593,0,0,372099,INR,2026-08-03T15:50:00Z,BATCH-AMZN-0835
PO_B01_000836,Stripe India,BBAS-ORD-881806 BBAS-ORD-321158 BATCH-BBAS-0836,267179,5343,0,0,261836,INR,2026-08-03T05:27:00Z,BATCH-BBAS-0836
PO_B01_000837,Razorpay Nodal,MMTR-ORD-226057 MMTR-ORD-495280 MMTR-ORD-472216 BATCH-MMTR-0837,370074,7401,0,0,362673,INR,2026-08-03T20:33:00Z,BATCH-MMTR-0837
PO_B01_000838,BillDesk Settlement,BBAS-INV-481037 PO_B01_000838,212441,5113,0,0,207328,INR,2026-08-03T05:51:00Z,BATCH-BBAS-0838
PO_B01_000839,Razorpay Nodal,BKMS-ORD-463172 BKMS-ORD-907293 BKMS-ORD-742600 BATCH-BKMS-0839,331289,6625,0,0,324664,INR,2026-08-03T09:12:00Z,BATCH-BKMS-0839
PO_B01_000840,Stripe India,ZOMA-INV-371322 PO_B01_000840,381069,5764,0,0,375305,INR,2026-08-03T09:51:00Z,BATCH-ZOMA-0840
PO_B01_000841,Cashfree Escrow,BLNK-INV-638385 PO_B01_000841,315875,5778,0,0,310097,INR,2026-08-03T06:02:00Z,BATCH-BLNK-0841
PO_B01_000842,BillDesk Settlement,SWIG-ORD-746311 SWIG-ORD-854905 BATCH-SWIG-0842,254463,5089,0,0,249374,INR,2026-08-03T04:42:00Z,BATCH-SWIG-0842
PO_B01_000843,Razorpay Nodal,MYNT-ORD-422408 MYNT-ORD-110772 BATCH-MYNT-0843,359949,7198,0,0,352751,INR,2026-08-03T20:57:00Z,BATCH-MYNT-0843
PO_B01_000844,Stripe India,OLAA-INV-259635 PO_B01_000844,325119,6137,0,0,318982,INR,2026-08-02T19:04:00Z,BATCH-OLAA-0844
PO_B01_000845,PayU Enterprise,MMTR-INV-618832 PO_B01_000845,295289,6239,0,0,289050,INR,2026-08-03T00:31:00Z,BATCH-MMTR-0845
PO_B01_000846,PayU Enterprise,TATA-ORD-798136 TATA-ORD-441251 BATCH-TATA-0846,205680,4113,0,0,201567,INR,2026-08-03T00:33:00Z,BATCH-TATA-0846
PO_B01_000847,PayU Enterprise,UBER-INV-996636 PO_B01_000847,439222,7893,0,0,431329,INR,2026-08-02T22:03:00Z,BATCH-UBER-0847
PO_B01_000848,PayU Enterprise,MMTR-INV-324760 PO_B01_000848,331931,5967,0,0,325964,INR,2026-08-03T05:46:00Z,BATCH-MMTR-0848
PO_B01_000849,BillDesk Settlement,FLPK-INV-953619 PO_B01_000849,440219,7846,0,0,432373,INR,2026-08-03T02:27:00Z,BATCH-FLPK-0849
PO_B01_000850,BillDesk Settlement,AMZN-ORD-192293 AMZN-ORD-312302 BATCH-AMZN-0850,263223,5264,0,0,257959,INR,2026-08-03T05:59:00Z,BATCH-AMZN-0850
PO_B01_000851,PayU Enterprise,MMTR-INV-234621 PO_B01_000851,313577,5743,0,0,307834,INR,2026-08-02T22:15:00Z,BATCH-MMTR-0851
PO_B01_000852,PayU Enterprise,TATA-INV-548658 PO_B01_000852,113462,2376,0,0,111086,INR,2026-08-03T06:28:00Z,BATCH-TATA-0852
PO_B01_000853,BillDesk Settlement,ZOMA-EXC-926987-UNRESOLVED,270799,5405,0,0,265394,INR,2026-08-04T03:38:00Z,HOLD-ESCROW
PO_B01_000854,PayU Enterprise,OLAA-INV-431842 PO_B01_000854,391704,6807,0,0,384897,INR,2026-08-03T12:13:00Z,BATCH-OLAA-0854
PO_B01_000855,PayU Enterprise,AMZN-INV-538746 PO_B01_000855,360968,8856,0,0,352112,INR,2026-08-03T02:31:00Z,BATCH-AMZN-0855
PO_B01_000856,Razorpay Nodal,AMZN-ORD-428655 AMZN-ORD-167879 BATCH-AMZN-0856,327367,6547,0,0,320820,INR,2026-08-03T02:19:00Z,BATCH-AMZN-0856
PO_B01_000857,Cashfree Escrow,SWIG-INV-953790 PO_B01_000857,214161,3321,0,0,210840,INR,2026-08-03T01:50:00Z,BATCH-SWIG-0857
PO_B01_000858,PayU Enterprise,UBER-INV-423772 PO_B01_000858,398183,7960,0,0,390223,INR,2026-08-04T00:57:00Z,BATCH-UBER-0858
PO_B01_000859,Stripe India,BKMS-INV-779126 PO_B01_000859,300994,5477,0,0,295517,INR,2026-08-03T02:38:00Z,BATCH-BKMS-0859
PO_B01_000860,BillDesk Settlement,BBAS-ORD-762244 BBAS-ORD-360199 BATCH-BBAS-0860,305430,6108,0,0,299322,INR,2026-08-03T19:40:00Z,BATCH-BBAS-0860
PO_B01_000861,Cashfree Escrow,MYNT-INV-191497 PO_B01_000861,435355,7388,0,0,427967,INR,2026-08-02T23:11:00Z,BATCH-MYNT-0861
PO_B01_000862,Razorpay Nodal,PHNP-INV-343281 PO_B01_000862,445639,10690,0,0,434949,INR,2026-08-03T10:53:00Z,BATCH-PHNP-0862
PO_B01_000863,BillDesk Settlement,OLAA-INV-493485 PO_B01_000863,312440,5556,0,0,306884,INR,2026-08-03T07:25:00Z,BATCH-OLAA-0863
PO_B01_000864,Cashfree Escrow,MYNT-INV-653925 PO_B01_000864,38210,618,0,0,37592,INR,2026-08-03T06:48:00Z,BATCH-MYNT-0864
PO_B01_000865,Razorpay Nodal,AMZN-INV-643364 PO_B01_000865,214197,3385,0,0,210812,INR,2026-08-03T21:53:00Z,BATCH-AMZN-0865
PO_B01_000866,BillDesk Settlement,BKMS-INV-345329 PO_B01_000866,134907,2342,0,0,132565,INR,2026-08-03T19:06:00Z,BATCH-BKMS-0866
PO_B01_000867,Razorpay Nodal,MYNT-INV-998152 PO_B01_000867,382415,6775,0,0,375640,INR,2026-08-04T02:55:00Z,BATCH-MYNT-0867
PO_B01_000868,PayU Enterprise,BKMS-ORD-349322 BKMS-ORD-690920 BATCH-BKMS-0868,301437,6028,0,0,295409,INR,2026-08-03T20:30:00Z,BATCH-BKMS-0868
PO_B01_000869,Cashfree Escrow,NYKA-INV-699082 PO_B01_000869,164716,2889,0,0,161827,INR,2026-08-03T06:27:00Z,BATCH-NYKA-0869
PO_B01_000870,PayU Enterprise,OLAA-INV-574791 PO_B01_000870,86932,1481,0,0,85451,INR,2026-08-03T00:51:00Z,BATCH-OLAA-0870
PO_B01_000871,Cashfree Escrow,BBAS-EXC-681707-UNRESOLVED,184248,3674,0,0,180574,INR,2026-08-04T05:34:00Z,HOLD-ESCROW
PO_B01_000872,PayU Enterprise,MYNT-EXC-305545-UNRESOLVED,164509,3280,0,0,161229,INR,2026-08-03T15:31:00Z,HOLD-ESCROW
PO_B01_000873,Razorpay Nodal,MMTR-INV-747039 PO_B01_000873,117162,2337,0,0,114825,INR,2026-08-03T08:43:00Z,BATCH-MMTR-0873
PO_B01_000874,Cashfree Escrow,AMZN-INV-953323 PO_B01_000874,425058,9155,0,0,415903,INR,2026-08-03T10:21:00Z,BATCH-AMZN-0874
PO_B01_000875,PayU Enterprise,PHNP-INV-166438 PO_B01_000875,77933,1686,0,0,76247,INR,2026-08-03T17:03:00Z,BATCH-PHNP-0875
PO_B01_000876,BillDesk Settlement,FLPK-ORD-390047 FLPK-ORD-184673 FLPK-ORD-965434 BATCH-FLPK-0876,580636,11612,0,0,569024,INR,2026-08-03T04:11:00Z,BATCH-FLPK-0876
PO_B01_000877,Cashfree Escrow,BLNK-INV-942812 PO_B01_000877,108315,2189,0,0,106126,INR,2026-08-03T05:02:00Z,BATCH-BLNK-0877
PO_B01_000878,Stripe India,FLPK-INV-149424 PO_B01_000878,26106,500,0,0,25606,INR,2026-08-03T18:41:00Z,BATCH-FLPK-0878
PO_B01_000879,PayU Enterprise,AMZN-INV-493375 PO_B01_000879,131046,2719,0,0,128327,INR,2026-08-03T11:45:00Z,BATCH-AMZN-0879
PO_B01_000880,PayU Enterprise,BBAS-ORD-501829 BBAS-ORD-674258 BATCH-BBAS-0880,402013,8040,0,0,393973,INR,2026-08-03T06:52:00Z,BATCH-BBAS-0880
PO_B01_000881,PayU Enterprise,BBAS-INV-335695 PO_B01_000881,267640,6586,0,0,261054,INR,2026-08-03T12:02:00Z,BATCH-BBAS-0881
PO_B01_000882,Stripe India,MYNT-INV-272113 PO_B01_000882,51073,1187,0,0,49886,INR,2026-08-03T20:48:00Z,BATCH-MYNT-0882
PO_B01_000883,Stripe India,FLPK-INV-591930 PO_B01_000883,79887,1849,0,0,78038,INR,2026-08-03T09:41:00Z,BATCH-FLPK-0883
PO_B01_000884,PayU Enterprise,SWIG-INV-120691 PO_B01_000884,91272,1397,0,0,89875,INR,2026-08-03T08:18:00Z,BATCH-SWIG-0884
PO_B01_000885,BillDesk Settlement,FLPK-ORD-922067 FLPK-ORD-642879 BATCH-FLPK-0885,294062,5881,0,0,288181,INR,2026-08-03T01:30:00Z,BATCH-FLPK-0885
PO_B01_000886,PayU Enterprise,AMZN-ORD-849981 AMZN-ORD-432549 AMZN-ORD-983918 BATCH-AMZN-0886,395442,7908,0,0,387534,INR,2026-08-03T09:44:00Z,BATCH-AMZN-0886
PO_B01_000887,PayU Enterprise,MYNT-INV-912075 PO_B01_000887,311436,7349,0,0,304087,INR,2026-08-02T20:33:00Z,BATCH-MYNT-0887
PO_B01_000888,BillDesk Settlement,BLNK-ORD-668527 BLNK-ORD-797191 BLNK-ORD-641586 BATCH-BLNK-0888,614910,12298,0,0,602612,INR,2026-08-03T19:38:00Z,BATCH-BLNK-0888
PO_B01_000889,Cashfree Escrow,TATA-INV-702276 PO_B01_000889,112941,1696,0,0,111245,INR,2026-08-03T05:01:00Z,BATCH-TATA-0889
PO_B01_000890,Cashfree Escrow,BLNK-INV-427037 PO_B01_000890,411072,9850,0,0,401222,INR,2026-08-03T10:53:00Z,BATCH-BLNK-0890
PO_B01_000891,Cashfree Escrow,MYNT-ORD-236037 MYNT-ORD-425451 BATCH-MYNT-0891,261687,5233,0,0,256454,INR,2026-08-03T17:05:00Z,BATCH-MYNT-0891
PO_B01_000892,PayU Enterprise,JIOO-INV-484666 PO_B01_000892,446751,9689,0,0,437062,INR,2026-08-03T04:58:00Z,BATCH-JIOO-0892
PO_B01_000893,BillDesk Settlement,BBAS-ORD-650280 BBAS-ORD-201188 BBAS-ORD-728872 BATCH-BBAS-0893,581173,11623,0,0,569550,INR,2026-08-03T03:52:00Z,BATCH-BBAS-0893
PO_B01_000894,BillDesk Settlement,PAYT-ORD-786430 PAYT-ORD-625734 PAYT-ORD-825232 BATCH-PAYT-0894,550192,11003,0,0,539189,INR,2026-08-03T08:53:00Z,BATCH-PAYT-0894
PO_B01_000895,PayU Enterprise,FLPK-INV-163199 PO_B01_000895,109569,2497,0,0,107072,INR,2026-08-02T22:29:00Z,BATCH-FLPK-0895
PO_B01_000896,Razorpay Nodal,MMTR-INV-789799 PO_B01_000896,259865,4667,0,0,255198,INR,2026-08-03T04:26:00Z,BATCH-MMTR-0896
PO_B01_000897,Stripe India,FLPK-INV-486016 PO_B01_000897,253785,5551,0,0,248234,INR,2026-08-03T13:28:00Z,BATCH-FLPK-0897
PO_B01_000898,BillDesk Settlement,PAYT-INV-903517 PO_B01_000898,223943,5501,0,0,218442,INR,2026-08-02T23:55:00Z,BATCH-PAYT-0898
PO_B01_000899,BillDesk Settlement,JIOO-INV-288554 PO_B01_000899,133807,2869,0,0,130938,INR,2026-08-03T17:14:00Z,BATCH-JIOO-0899
PO_B01_000900,Cashfree Escrow,MYNT-INV-670028 PO_B01_000900,187383,3187,0,0,184196,INR,2026-08-03T11:18:00Z,BATCH-MYNT-0900
PO_B01_000901,Stripe India,SWIG-ORD-713990 SWIG-ORD-705256 SWIG-ORD-505550 BATCH-SWIG-0901,304139,6082,0,0,298057,INR,2026-08-03T18:49:00Z,BATCH-SWIG-0901
PO_B01_000902,BillDesk Settlement,BBAS-INV-279454 PO_B01_000902,445236,8359,0,0,436877,INR,2026-08-03T08:02:00Z,BATCH-BBAS-0902
PO_B01_000903,BillDesk Settlement,UBER-INV-881581 PO_B01_000903,393679,6745,0,0,386934,INR,2026-08-03T11:13:00Z,BATCH-UBER-0903
PO_B01_000904,Stripe India,NYKA-ORD-163983 NYKA-ORD-352955 NYKA-ORD-471315 BATCH-NYKA-0904,644980,12899,0,0,632081,INR,2026-08-03T08:49:00Z,BATCH-NYKA-0904
PO_B01_000905,PayU Enterprise,PAYT-ORD-198502 PAYT-ORD-842330 BATCH-PAYT-0905,270383,5407,0,0,264976,INR,2026-08-03T07:44:00Z,BATCH-PAYT-0905
PO_B01_000906,Stripe India,JIOO-INV-777580 PO_B01_000906,57668,1033,0,0,56635,INR,2026-08-02T23:39:00Z,BATCH-JIOO-0906
PO_B01_000907,Cashfree Escrow,BBAS-INV-533709 PO_B01_000907,325146,5056,0,0,320090,INR,2026-08-03T14:06:00Z,BATCH-BBAS-0907
PO_B01_000908,Razorpay Nodal,MMTR-INV-708676 PO_B01_000908,168421,3016,0,0,165405,INR,2026-08-02T23:43:00Z,BATCH-MMTR-0908
PO_B01_000909,Razorpay Nodal,NYKA-ORD-346132 NYKA-ORD-622651 NYKA-ORD-811062 BATCH-NYKA-0909,376012,7520,0,0,368492,INR,2026-08-02T21:35:00Z,BATCH-NYKA-0909
PO_B01_000910,Razorpay Nodal,FLPK-INV-571751 PO_B01_000910,412523,7302,0,0,405221,INR,2026-08-03T03:28:00Z,BATCH-FLPK-0910
PO_B01_000911,PayU Enterprise,NYKA-INV-766208 PO_B01_000911,392821,8763,0,0,384058,INR,2026-08-03T19:48:00Z,BATCH-NYKA-0911
PO_B01_000912,Stripe India,ZOMA-INV-130954 PO_B01_000912,265803,4953,0,0,260850,INR,2026-08-03T03:27:00Z,BATCH-ZOMA-0912
PO_B01_000913,Cashfree Escrow,PAYT-ORD-145397 PAYT-ORD-180568 BATCH-PAYT-0913,172195,3443,0,0,168752,INR,2026-08-03T17:56:00Z,BATCH-PAYT-0913
PO_B01_000914,BillDesk Settlement,BLNK-INV-329455 PO_B01_000914,254523,4111,0,0,250412,INR,2026-08-03T09:10:00Z,BATCH-BLNK-0914
PO_B01_000915,BillDesk Settlement,UBER-INV-795095 PO_B01_000915,199186,4200,0,0,194986,INR,2026-08-03T15:56:00Z,BATCH-UBER-0915
PO_B01_000916,PayU Enterprise,MMTR-INV-798273 PO_B01_000916,341946,8296,0,0,333650,INR,2026-08-03T05:50:00Z,BATCH-MMTR-0916
PO_B01_000917,Stripe India,BKMS-EXC-423400-UNRESOLVED,241985,4829,0,0,237156,INR,2026-08-04T08:47:00Z,HOLD-ESCROW
PO_B01_000918,Stripe India,UBER-ORD-393287 UBER-ORD-672300 UBER-ORD-591047 BATCH-UBER-0918,354906,7098,0,0,347808,INR,2026-08-03T17:34:00Z,BATCH-UBER-0918
PO_B01_000919,BillDesk Settlement,TATA-INV-746156 PO_B01_000919,244156,4945,0,0,239211,INR,2026-08-03T02:50:00Z,BATCH-TATA-0919
PO_B01_000920,Razorpay Nodal,NYKA-INV-151863 PO_B01_000920,350440,7203,0,0,343237,INR,2026-08-02T15:31:00Z,BATCH-NYKA-0920
PO_B01_000921,BillDesk Settlement,NYKA-INV-191109 PO_B01_000921,387239,7420,0,0,379819,INR,2026-08-03T10:02:00Z,BATCH-NYKA-0921
PO_B01_000922,BillDesk Settlement,BLNK-ORD-185841 BLNK-ORD-261657 BATCH-BLNK-0922,249233,4984,0,0,244249,INR,2026-08-03T05:26:00Z,BATCH-BLNK-0922
PO_B01_000923,PayU Enterprise,OLAA-INV-460812 PO_B01_000923,221193,3702,0,0,217491,INR,2026-08-03T04:54:00Z,BATCH-OLAA-0923
PO_B01_000924,BillDesk Settlement,UBER-INV-239698 PO_B01_000924,43218,723,0,0,42495,INR,2026-08-03T10:18:00Z,BATCH-UBER-0924
PO_B01_000925,Razorpay Nodal,BBAS-INV-696461 PO_B01_000925,436697,7565,0,0,429132,INR,2026-08-03T23:27:00Z,BATCH-BBAS-0925
PO_B01_000926,Razorpay Nodal,BKMS-INV-989502 PO_B01_000926,352972,7924,0,0,345048,INR,2026-08-03T14:54:00Z,BATCH-BKMS-0926
PO_B01_000927,Stripe India,BKMS-INV-999514 PO_B01_000927,250958,5165,0,0,245793,INR,2026-08-02T23:25:00Z,BATCH-BKMS-0927
PO_B01_000928,PayU Enterprise,PHNP-INV-501372 PO_B01_000928,268350,5185,0,0,263165,INR,2026-08-03T01:19:00Z,BATCH-PHNP-0928
PO_B01_000929,Cashfree Escrow,ZOMA-ORD-727933 ZOMA-ORD-933904 BATCH-ZOMA-0929,143546,2870,0,0,140676,INR,2026-08-03T16:06:00Z,BATCH-ZOMA-0929
PO_B01_000930,Stripe India,UBER-INV-354468 PO_B01_000930,304601,5927,0,0,298674,INR,2026-08-03T00:43:00Z,BATCH-UBER-0930
PO_B01_000931,Razorpay Nodal,SWIG-EXC-424318-UNRESOLVED,260537,5200,0,0,255337,INR,2026-08-03T11:27:00Z,HOLD-ESCROW
PO_B01_000932,Cashfree Escrow,BBAS-EXC-581290-UNRESOLVED,193355,3857,0,0,189498,INR,2026-08-03T17:57:00Z,HOLD-ESCROW
PO_B01_000933,Cashfree Escrow,BLNK-EXC-740021-UNRESOLVED,84372,1677,0,0,82695,INR,2026-08-03T18:31:00Z,HOLD-ESCROW
PO_B01_000934,Razorpay Nodal,ZOMA-ORD-668602 ZOMA-ORD-360678 BATCH-ZOMA-0934,334490,6689,0,0,327801,INR,2026-08-03T08:37:00Z,BATCH-ZOMA-0934
PO_B01_000935,Stripe India,MMTR-ORD-560287 MMTR-ORD-357708 BATCH-MMTR-0935,261660,5233,0,0,256427,INR,2026-08-03T07:58:00Z,BATCH-MMTR-0935
PO_B01_000936,Razorpay Nodal,ZOMA-ORD-461670 ZOMA-ORD-264531 BATCH-ZOMA-0936,437091,8741,0,0,428350,INR,2026-08-03T04:51:00Z,BATCH-ZOMA-0936
PO_B01_000937,PayU Enterprise,UBER-INV-361639 PO_B01_000937,80397,1531,0,0,78866,INR,2026-08-03T05:37:00Z,BATCH-UBER-0937
PO_B01_000938,BillDesk Settlement,SWIG-INV-259459 PO_B01_000938,416800,8770,0,0,408030,INR,2026-08-03T17:45:00Z,BATCH-SWIG-0938
PO_B01_000939,Razorpay Nodal,MYNT-INV-687030 PO_B01_000939,40480,957,0,0,39523,INR,2026-08-02T18:27:00Z,BATCH-MYNT-0939
PO_B01_000940,BillDesk Settlement,FLPK-INV-583646 PO_B01_000940,417146,8463,0,0,408683,INR,2026-08-03T02:51:00Z,BATCH-FLPK-0940
PO_B01_000941,Cashfree Escrow,AMZN-INV-218700 PO_B01_000941,154082,3164,0,0,150918,INR,2026-08-03T09:43:00Z,BATCH-AMZN-0941
PO_B01_000942,Stripe India,PHNP-INV-560764 PO_B01_000942,407573,9546,0,0,398027,INR,2026-08-02T15:04:00Z,BATCH-PHNP-0942
PO_B01_000943,Razorpay Nodal,BLNK-INV-153826 PO_B01_000943,133859,2285,0,0,131574,INR,2026-08-03T07:26:00Z,BATCH-BLNK-0943
PO_B01_000944,PayU Enterprise,OLAA-INV-678392 PO_B01_000944,252985,3920,0,0,249065,INR,2026-08-02T17:17:00Z,BATCH-OLAA-0944
PO_B01_000945,BillDesk Settlement,BBAS-INV-226450 PO_B01_000945,330453,6707,0,0,323746,INR,2026-08-03T02:01:00Z,BATCH-BBAS-0945
PO_B01_000946,BillDesk Settlement,NYKA-INV-451597 PO_B01_000946,232292,5443,0,0,226849,INR,2026-08-03T08:39:00Z,BATCH-NYKA-0946
PO_B01_000947,Stripe India,JIOO-INV-847312 PO_B01_000947,359008,6276,0,0,352732,INR,2026-08-03T03:16:00Z,BATCH-JIOO-0947
PO_B01_000948,PayU Enterprise,SWIG-INV-237990 PO_B01_000948,147551,2347,0,0,145204,INR,2026-08-03T00:14:00Z,BATCH-SWIG-0948
PO_B01_000949,Stripe India,SWIG-INV-218565 PO_B01_000949,112705,2477,0,0,110228,INR,2026-08-03T20:50:00Z,BATCH-SWIG-0949
PO_B01_000950,BillDesk Settlement,OLAA-INV-954471 PO_B01_000950,363691,6459,0,0,357232,INR,2026-08-02T22:15:00Z,BATCH-OLAA-0950
PO_B01_000951,Stripe India,UBER-INV-261251 PO_B01_000951,180396,2786,0,0,177610,INR,2026-08-03T02:55:00Z,BATCH-UBER-0951
PO_B01_000952,BillDesk Settlement,PHNP-INV-471758 PO_B01_000952,248201,3892,0,0,244309,INR,2026-08-03T16:44:00Z,BATCH-PHNP-0952
PO_B01_000953,Cashfree Escrow,AMZN-INV-377974 PO_B01_000953,89151,1371,0,0,87780,INR,2026-08-03T13:50:00Z,BATCH-AMZN-0953
PO_B01_000954,Cashfree Escrow,MYNT-INV-280911 PO_B01_000954,388740,6364,0,0,382376,INR,2026-08-03T10:49:00Z,BATCH-MYNT-0954
PO_B01_000955,BillDesk Settlement,BKMS-INV-299295 PO_B01_000955,85017,1868,0,0,83149,INR,2026-08-03T23:06:00Z,BATCH-BKMS-0955
PO_B01_000956,Cashfree Escrow,ZOMA-ORD-962171 ZOMA-ORD-318077 ZOMA-ORD-194850 BATCH-ZOMA-0956,480584,9611,0,0,470973,INR,2026-08-03T07:10:00Z,BATCH-ZOMA-0956
PO_B01_000957,Cashfree Escrow,AMZN-INV-888674 PO_B01_000957,201553,4714,0,0,196839,INR,2026-08-03T04:42:00Z,BATCH-AMZN-0957
PO_B01_000958,Stripe India,JIOO-ORD-174645 JIOO-ORD-745645 BATCH-JIOO-0958,265451,5309,0,0,260142,INR,2026-08-03T10:08:00Z,BATCH-JIOO-0958
PO_B01_000959,Razorpay Nodal,BBAS-ORD-371824 BBAS-ORD-275696 BBAS-ORD-362241 BATCH-BBAS-0959,478558,9571,0,0,468987,INR,2026-08-03T06:07:00Z,BATCH-BBAS-0959
PO_B01_000960,BillDesk Settlement,OLAA-INV-354130 PO_B01_000960,352489,6917,0,0,345572,INR,2026-08-03T19:14:00Z,BATCH-OLAA-0960
PO_B01_000961,BillDesk Settlement,PHNP-ORD-120507 PHNP-ORD-133047 PHNP-ORD-583916 BATCH-PHNP-0961,154809,3096,0,0,151713,INR,2026-08-03T05:00:00Z,BATCH-PHNP-0961
PO_B01_000962,BillDesk Settlement,BKMS-INV-669481 PO_B01_000962,38841,855,0,0,37986,INR,2026-08-02T19:47:00Z,BATCH-BKMS-0962
PO_B01_000963,Razorpay Nodal,TATA-ORD-647272 TATA-ORD-774334 TATA-ORD-628922 BATCH-TATA-0963,623141,12462,0,0,610679,INR,2026-08-03T07:17:00Z,BATCH-TATA-0963
PO_B01_000964,Stripe India,BLNK-ORD-989293 BLNK-ORD-172930 BATCH-BLNK-0964,292116,5842,0,0,286274,INR,2026-08-03T15:17:00Z,BATCH-BLNK-0964
PO_B01_000965,Cashfree Escrow,PHNP-INV-927359 PO_B01_000965,423673,10439,0,0,413234,INR,2026-08-03T15:17:00Z,BATCH-PHNP-0965
PO_B01_000966,Razorpay Nodal,UBER-ORD-512103 UBER-ORD-754983 BATCH-UBER-0966,377842,7556,0,0,370286,INR,2026-08-03T13:40:00Z,BATCH-UBER-0966
PO_B01_000967,Cashfree Escrow,BBAS-INV-257987 PO_B01_000967,445373,10503,0,0,434870,INR,2026-08-02T19:34:00Z,BATCH-BBAS-0967
PO_B01_000968,BillDesk Settlement,BLNK-INV-985037 PO_B01_000968,338104,5190,0,0,332914,INR,2026-08-03T10:39:00Z,BATCH-BLNK-0968
PO_B01_000969,BillDesk Settlement,ZOMA-INV-312112 PO_B01_000969,125690,2350,0,0,123340,INR,2026-08-03T03:06:00Z,BATCH-ZOMA-0969
PO_B01_000970,PayU Enterprise,ZOMA-INV-671423 PO_B01_000970,85685,1315,0,0,84370,INR,2026-08-02T20:58:00Z,BATCH-ZOMA-0970
PO_B01_000971,PayU Enterprise,PAYT-INV-615804 PO_B01_000971,390442,9031,0,0,381411,INR,2026-08-03T03:35:00Z,BATCH-PAYT-0971
PO_B01_000972,PayU Enterprise,BBAS-INV-752590 PO_B01_000972,402136,6067,0,0,396069,INR,2026-08-03T19:07:00Z,BATCH-BBAS-0972
PO_B01_000973,Stripe India,MYNT-INV-401448 PO_B01_000973,290773,5654,0,0,285119,INR,2026-08-03T13:03:00Z,BATCH-MYNT-0973
PO_B01_000974,Cashfree Escrow,PHNP-INV-467079 PO_B01_000974,286114,4842,0,0,281272,INR,2026-08-03T18:21:00Z,BATCH-PHNP-0974
PO_B01_000975,BillDesk Settlement,PAYT-INV-935899 PO_B01_000975,405707,9544,0,0,396163,INR,2026-08-02T14:24:00Z,BATCH-PAYT-0975
PO_B01_000976,Stripe India,PHNP-INV-588068 PO_B01_000976,364860,5906,0,0,358954,INR,2026-08-03T14:22:00Z,BATCH-PHNP-0976
PO_B01_000977,BillDesk Settlement,BLNK-ORD-592060 BLNK-ORD-982543 BLNK-ORD-874893 BATCH-BLNK-0977,475259,9505,0,0,465754,INR,2026-08-03T14:31:00Z,BATCH-BLNK-0977
PO_B01_000978,Cashfree Escrow,OLAA-ORD-204455 OLAA-ORD-606125 BATCH-OLAA-0978,255676,5113,0,0,250563,INR,2026-08-03T11:38:00Z,BATCH-OLAA-0978
PO_B01_000979,PayU Enterprise,BBAS-INV-953180 PO_B01_000979,229681,4525,0,0,225156,INR,2026-08-03T09:12:00Z,BATCH-BBAS-0979
PO_B01_000980,BillDesk Settlement,PHNP-ORD-912985 PHNP-ORD-279051 PHNP-ORD-879411 BATCH-PHNP-0980,455176,9103,0,0,446073,INR,2026-08-03T02:37:00Z,BATCH-PHNP-0980
PO_B01_000981,Cashfree Escrow,PAYT-INV-801597 PO_B01_000981,57963,1250,0,0,56713,INR,2026-08-03T12:14:00Z,BATCH-PAYT-0981
PO_B01_000982,BillDesk Settlement,PAYT-INV-614180 PO_B01_000982,315058,5056,0,0,310002,INR,2026-08-03T23:05:00Z,BATCH-PAYT-0982
PO_B01_000983,PayU Enterprise,AMZN-INV-868171 PO_B01_000983,149350,2425,0,0,146925,INR,2026-08-03T19:41:00Z,BATCH-AMZN-0983
PO_B01_000984,Stripe India,UBER-INV-532634 PO_B01_000984,258156,4048,0,0,254108,INR,2026-08-03T18:38:00Z,BATCH-UBER-0984
PO_B01_000985,Razorpay Nodal,UBER-ORD-415907 UBER-ORD-556249 BATCH-UBER-0985,136779,2735,0,0,134044,INR,2026-08-03T05:58:00Z,BATCH-UBER-0985
PO_B01_000986,Stripe India,ZOMA-INV-137105 PO_B01_000986,110188,2728,0,0,107460,INR,2026-08-03T09:23:00Z,BATCH-ZOMA-0986
PO_B01_000987,BillDesk Settlement,BKMS-INV-236599 PO_B01_000987,202875,3378,0,0,199497,INR,2026-08-03T17:30:00Z,BATCH-BKMS-0987
PO_B01_000988,Cashfree Escrow,PAYT-INV-353892 PO_B01_000988,419199,9843,0,0,409356,INR,2026-08-03T09:48:00Z,BATCH-PAYT-0988
PO_B01_000989,PayU Enterprise,UBER-INV-386118 PO_B01_000989,248129,4246,0,0,243883,INR,2026-08-03T03:49:00Z,BATCH-UBER-0989
PO_B01_000990,Cashfree Escrow,UBER-INV-322508 PO_B01_000990,392836,9307,0,0,383529,INR,2026-08-03T09:02:00Z,BATCH-UBER-0990
PO_B01_000991,BillDesk Settlement,PAYT-INV-315589 PO_B01_000991,416778,7369,0,0,409409,INR,2026-08-03T10:10:00Z,BATCH-PAYT-0991
PO_B01_000992,PayU Enterprise,UBER-EXC-549721-UNRESOLVED,68900,1368,0,0,67532,INR,2026-08-04T02:49:00Z,HOLD-ESCROW
PO_B01_000993,PayU Enterprise,OLAA-INV-246180 PO_B01_000993,214384,5036,0,0,209348,INR,2026-08-03T07:34:00Z,BATCH-OLAA-0993
PO_B01_000994,Cashfree Escrow,TATA-ORD-997944 TATA-ORD-392791 BATCH-TATA-0994,255954,5119,0,0,250835,INR,2026-08-03T10:02:00Z,BATCH-TATA-0994
PO_B01_000995,Razorpay Nodal,NYKA-ORD-854787 NYKA-ORD-291880 BATCH-NYKA-0995,322453,6449,0,0,316004,INR,2026-08-03T05:08:00Z,BATCH-NYKA-0995
PO_B01_000996,Cashfree Escrow,UBER-ORD-997940 UBER-ORD-502896 BATCH-UBER-0996,178320,3566,0,0,174754,INR,2026-08-03T15:27:00Z,BATCH-UBER-0996
PO_B01_000997,Cashfree Escrow,BLNK-INV-553038 PO_B01_000997,112391,2521,0,0,109870,INR,2026-08-03T11:44:00Z,BATCH-BLNK-0997
PO_B01_000998,Razorpay Nodal,BBAS-INV-711539 PO_B01_000998,89998,2229,0,0,87769,INR,2026-08-03T02:51:00Z,BATCH-BBAS-0998
PO_B01_000999,Stripe India,SWIG-INV-193262 PO_B01_000999,286301,6010,0,0,280291,INR,2026-08-03T08:28:00Z,BATCH-SWIG-0999
PO_B01_001000,Cashfree Escrow,BBAS-INV-304268 PO_B01_001000,233893,5049,0,0,228844,INR,2026-08-03T21:04:00Z,BATCH-BBAS-1000
PO_B01_001001,Stripe India,NYKA-INV-844843 PO_B01_001001,299246,6948,0,0,292298,INR,2026-08-02T19:58:00Z,BATCH-NYKA-1001
PO_B01_001002,Cashfree Escrow,SWIG-INV-931805 PO_B01_001002,265704,4512,0,0,261192,INR,2026-08-03T11:13:00Z,BATCH-SWIG-1002
PO_B01_001003,Cashfree Escrow,MYNT-INV-740018 PO_B01_001003,165920,3685,0,0,162235,INR,2026-08-03T05:43:00Z,BATCH-MYNT-1003
PO_B01_001004,BillDesk Settlement,PHNP-ORD-605138 PHNP-ORD-768276 PHNP-ORD-612520 BATCH-PHNP-1004,395678,7913,0,0,387765,INR,2026-08-03T18:07:00Z,BATCH-PHNP-1004
PO_B01_001005,PayU Enterprise,PAYT-INV-961249 PO_B01_001005,102256,2479,0,0,99777,INR,2026-08-02T18:09:00Z,BATCH-PAYT-1005
PO_B01_001006,BillDesk Settlement,MMTR-INV-419911 PO_B01_001006,92139,1931,0,0,90208,INR,2026-08-03T19:18:00Z,BATCH-MMTR-1006
PO_B01_001007,Stripe India,FLPK-INV-942714 PO_B01_001007,389943,6842,0,0,383101,INR,2026-08-03T11:26:00Z,BATCH-FLPK-1007
PO_B01_001008,Stripe India,BLNK-INV-598331 PO_B01_001008,289694,7143,0,0,282551,INR,2026-08-03T10:49:00Z,BATCH-BLNK-1008
PO_B01_001009,BillDesk Settlement,MYNT-INV-943377 PO_B01_001009,122047,3040,0,0,119007,INR,2026-08-03T09:38:00Z,BATCH-MYNT-1009
PO_B01_001010,Cashfree Escrow,BKMS-INV-197607 PO_B01_001010,322926,6566,0,0,316360,INR,2026-08-03T05:05:00Z,BATCH-BKMS-1010
PO_B01_001011,Razorpay Nodal,MYNT-INV-890009 PO_B01_001011,305980,5292,0,0,300688,INR,2026-08-03T05:17:00Z,BATCH-MYNT-1011
PO_B01_001012,Razorpay Nodal,PAYT-INV-468244 PO_B01_001012,52136,906,0,0,51230,INR,2026-08-02T23:36:00Z,BATCH-PAYT-1012
PO_B01_001013,BillDesk Settlement,SWIG-INV-416258 PO_B01_001013,115019,1745,0,0,113274,INR,2026-08-02T21:01:00Z,BATCH-SWIG-1013
PO_B01_001014,BillDesk Settlement,FLPK-ORD-838347 FLPK-ORD-870136 BATCH-FLPK-1014,247624,4952,0,0,242672,INR,2026-08-03T09:17:00Z,BATCH-FLPK-1014
PO_B01_001015,Stripe India,MMTR-EXC-909777-UNRESOLVED,146889,2927,0,0,143962,INR,2026-08-03T19:37:00Z,HOLD-ESCROW
PO_B01_001016,PayU Enterprise,BLNK-INV-316359 PO_B01_001016,420492,10366,0,0,410126,INR,2026-08-03T04:29:00Z,BATCH-BLNK-1016
PO_B01_001017,Stripe India,MMTR-INV-611434 PO_B01_001017,49608,862,0,0,48746,INR,2026-08-03T01:23:00Z,BATCH-MMTR-1017
PO_B01_001018,Cashfree Escrow,MMTR-INV-475281 PO_B01_001018,371554,5679,0,0,365875,INR,2026-08-03T02:38:00Z,BATCH-MMTR-1018
PO_B01_001019,Razorpay Nodal,PAYT-INV-395286 PO_B01_001019,207977,4553,0,0,203424,INR,2026-08-03T12:28:00Z,BATCH-PAYT-1019
PO_B01_001020,PayU Enterprise,FLPK-INV-485174 PO_B01_001020,273493,4597,0,0,268896,INR,2026-08-03T14:36:00Z,BATCH-FLPK-1020
PO_B01_001021,PayU Enterprise,ZOMA-ORD-925280 ZOMA-ORD-358046 ZOMA-ORD-319349 BATCH-ZOMA-1021,384332,7686,0,0,376646,INR,2026-08-03T01:25:00Z,BATCH-ZOMA-1021
PO_B01_001022,PayU Enterprise,MYNT-INV-406439 PO_B01_001022,400445,9338,0,0,391107,INR,2026-08-03T20:01:00Z,BATCH-MYNT-1022
PO_B01_001023,Razorpay Nodal,SWIG-ORD-629167 SWIG-ORD-681159 BATCH-SWIG-1023,406524,8130,0,0,398394,INR,2026-08-03T02:17:00Z,BATCH-SWIG-1023
PO_B01_001024,BillDesk Settlement,BKMS-INV-693966 PO_B01_001024,93568,1929,0,0,91639,INR,2026-08-03T14:45:00Z,BATCH-BKMS-1024
PO_B01_001025,Cashfree Escrow,ZOMA-INV-754653 PO_B01_001025,200784,4661,0,0,196123,INR,2026-08-03T01:31:00Z,BATCH-ZOMA-1025
PO_B01_001026,Razorpay Nodal,OLAA-ORD-179254 OLAA-ORD-706911 BATCH-OLAA-1026,209015,4180,0,0,204835,INR,2026-08-03T06:52:00Z,BATCH-OLAA-1026
PO_B01_001027,Razorpay Nodal,PHNP-INV-817884 PO_B01_001027,117462,2032,0,0,115430,INR,2026-08-03T13:32:00Z,BATCH-PHNP-1027
PO_B01_001028,Stripe India,PHNP-INV-726359 PO_B01_001028,255715,5740,0,0,249975,INR,2026-08-03T07:27:00Z,BATCH-PHNP-1028
PO_B01_001029,Razorpay Nodal,JIOO-EXC-832337-UNRESOLVED,118268,2355,0,0,115913,INR,2026-08-04T05:38:00Z,HOLD-ESCROW
PO_B01_001030,Cashfree Escrow,PAYT-INV-972985 PO_B01_001030,397140,9022,0,0,388118,INR,2026-08-03T02:05:00Z,BATCH-PAYT-1030
PO_B01_001031,BillDesk Settlement,MMTR-INV-321433 PO_B01_001031,282266,5408,0,0,276858,INR,2026-08-03T23:35:00Z,BATCH-MMTR-1031
PO_B01_001032,Stripe India,NYKA-ORD-648347 NYKA-ORD-492825 BATCH-NYKA-1032,304922,6098,0,0,298824,INR,2026-08-03T06:25:00Z,BATCH-NYKA-1032
PO_B01_001033,PayU Enterprise,BBAS-INV-567514 PO_B01_001033,398732,8018,0,0,390714,INR,2026-08-02T23:01:00Z,BATCH-BBAS-1033
PO_B01_001034,PayU Enterprise,PAYT-ORD-969139 PAYT-ORD-953636 BATCH-PAYT-1034,135144,2702,0,0,132442,INR,2026-08-02T23:10:00Z,BATCH-PAYT-1034
PO_B01_001035,Razorpay Nodal,JIOO-INV-536548 PO_B01_001035,196959,3049,0,0,193910,INR,2026-08-02T21:52:00Z,BATCH-JIOO-1035
PO_B01_001036,Stripe India,SWIG-INV-176753 PO_B01_001036,165664,3995,0,0,161669,INR,2026-08-03T00:43:00Z,BATCH-SWIG-1036
PO_B01_001037,PayU Enterprise,MYNT-INV-370692 PO_B01_001037,124178,2683,0,0,121495,INR,2026-08-02T21:41:00Z,BATCH-MYNT-1037
PO_B01_001038,Cashfree Escrow,BLNK-INV-659995 PO_B01_001038,43621,959,0,0,42662,INR,2026-08-03T15:40:00Z,BATCH-BLNK-1038
PO_B01_001039,BillDesk Settlement,BKMS-ORD-603275 BKMS-ORD-732510 BATCH-BKMS-1039,347603,6952,0,0,340651,INR,2026-08-03T19:21:00Z,BATCH-BKMS-1039
PO_B01_001040,Stripe India,MYNT-INV-721872 PO_B01_001040,342842,5929,0,0,336913,INR,2026-08-03T03:21:00Z,BATCH-MYNT-1040
PO_B01_001041,Razorpay Nodal,FLPK-INV-470258 PO_B01_001041,149239,2363,0,0,146876,INR,2026-08-02T19:58:00Z,BATCH-FLPK-1041
PO_B01_001042,Stripe India,PHNP-EXC-415767-UNRESOLVED,254987,5089,0,0,249898,INR,2026-08-04T08:56:00Z,HOLD-ESCROW
PO_B01_001043,PayU Enterprise,ZOMA-INV-782046 PO_B01_001043,156416,3882,0,0,152534,INR,2026-08-03T02:59:00Z,BATCH-ZOMA-1043
PO_B01_001044,Cashfree Escrow,BKMS-INV-560254 PO_B01_001044,419444,8746,0,0,410698,INR,2026-08-03T02:57:00Z,BATCH-BKMS-1044
PO_B01_001045,Razorpay Nodal,MMTR-INV-550916 PO_B01_001045,234512,4791,0,0,229721,INR,2026-08-03T09:08:00Z,BATCH-MMTR-1045
PO_B01_001046,Cashfree Escrow,MYNT-INV-716370 PO_B01_001046,167216,3648,0,0,163568,INR,2026-08-03T01:21:00Z,BATCH-MYNT-1046
PO_B01_001047,Razorpay Nodal,MMTR-INV-591085 PO_B01_001047,65432,1257,0,0,64175,INR,2026-08-03T13:31:00Z,BATCH-MMTR-1047
PO_B01_001048,Stripe India,NYKA-INV-767957 PO_B01_001048,163539,2846,0,0,160693,INR,2026-08-03T23:24:00Z,BATCH-NYKA-1048
PO_B01_001049,BillDesk Settlement,OLAA-INV-165337 PO_B01_001049,63086,1293,0,0,61793,INR,2026-08-03T17:16:00Z,BATCH-OLAA-1049
PO_B01_001050,Stripe India,BBAS-INV-293511 PO_B01_001050,174380,3440,0,0,170940,INR,2026-08-02T18:10:00Z,BATCH-BBAS-1050
PO_B01_001051,PayU Enterprise,BKMS-ORD-108093 BKMS-ORD-893443 BATCH-BKMS-1051,158370,3167,0,0,155203,INR,2026-08-03T11:37:00Z,BATCH-BKMS-1051
PO_B01_001052,PayU Enterprise,NYKA-INV-174796 PO_B01_001052,157750,2886,0,0,154864,INR,2026-08-02T20:57:00Z,BATCH-NYKA-1052
PO_B01_001053,Razorpay Nodal,AMZN-INV-759514 PO_B01_001053,282500,5001,0,0,277499,INR,2026-08-03T22:19:00Z,BATCH-AMZN-1053
PO_B01_001054,BillDesk Settlement,NYKA-INV-329463 PO_B01_001054,49111,869,0,0,48242,INR,2026-08-02T18:41:00Z,BATCH-NYKA-1054
PO_B01_001055,BillDesk Settlement,OLAA-INV-641694 PO_B01_001055,169562,4221,0,0,165341,INR,2026-08-02T20:48:00Z,BATCH-OLAA-1055
PO_B01_001056,Stripe India,MMTR-INV-185753 PO_B01_001056,43529,704,0,0,42825,INR,2026-08-03T07:29:00Z,BATCH-MMTR-1056
PO_B01_001057,PayU Enterprise,BKMS-ORD-397524 BKMS-ORD-928754 BATCH-BKMS-1057,331262,6625,0,0,324637,INR,2026-08-03T15:23:00Z,BATCH-BKMS-1057
PO_B01_001058,Stripe India,FLPK-INV-240888 PO_B01_001058,382579,7295,0,0,375284,INR,2026-08-03T09:14:00Z,BATCH-FLPK-1058
PO_B01_001059,Cashfree Escrow,OLAA-INV-204983 PO_B01_001059,77903,1873,0,0,76030,INR,2026-08-04T00:53:00Z,BATCH-OLAA-1059
PO_B01_001060,BillDesk Settlement,MYNT-ORD-963618 MYNT-ORD-868337 MYNT-ORD-115353 BATCH-MYNT-1060,162388,3247,0,0,159141,INR,2026-08-03T06:12:00Z,BATCH-MYNT-1060
PO_B01_001061,Razorpay Nodal,BKMS-ORD-273426 BKMS-ORD-845814 BATCH-BKMS-1061,441028,8820,0,0,432208,INR,2026-08-03T03:01:00Z,BATCH-BKMS-1061
PO_B01_001062,BillDesk Settlement,MYNT-INV-242281 PO_B01_001062,420415,10061,0,0,410354,INR,2026-08-03T07:35:00Z,BATCH-MYNT-1062
PO_B01_001063,Stripe India,JIOO-INV-331117 PO_B01_001063,63204,1022,0,0,62182,INR,2026-08-03T08:05:00Z,BATCH-JIOO-1063
PO_B01_001064,Stripe India,AMZN-INV-893520 PO_B01_001064,280284,4337,0,0,275947,INR,2026-08-03T10:00:00Z,BATCH-AMZN-1064
PO_B01_001065,BillDesk Settlement,MYNT-INV-961605 PO_B01_001065,187736,3977,0,0,183759,INR,2026-08-03T23:47:00Z,BATCH-MYNT-1065
PO_B01_001066,Stripe India,PHNP-ORD-925888 PHNP-ORD-812743 PHNP-ORD-421585 BATCH-PHNP-1066,516992,10339,0,0,506653,INR,2026-08-03T07:08:00Z,BATCH-PHNP-1066
PO_B01_001067,BillDesk Settlement,MMTR-INV-860685 PO_B01_001067,320888,7508,0,0,313380,INR,2026-08-02T20:27:00Z,BATCH-MMTR-1067
PO_B01_001068,BillDesk Settlement,FLPK-ORD-680378 FLPK-ORD-862669 BATCH-FLPK-1068,339214,6784,0,0,332430,INR,2026-08-03T02:01:00Z,BATCH-FLPK-1068
PO_B01_001069,Razorpay Nodal,SWIG-INV-122354 PO_B01_001069,76062,1896,0,0,74166,INR,2026-08-03T16:23:00Z,BATCH-SWIG-1069
PO_B01_001070,BillDesk Settlement,UBER-INV-621412 PO_B01_001070,139052,3202,0,0,135850,INR,2026-08-04T00:40:00Z,BATCH-UBER-1070
PO_B01_001071,BillDesk Settlement,BKMS-INV-953924 PO_B01_001071,146588,3253,0,0,143335,INR,2026-08-03T10:10:00Z,BATCH-BKMS-1071
PO_B01_001072,Razorpay Nodal,UBER-EXC-664927-UNRESOLVED,179069,3571,0,0,175498,INR,2026-08-03T16:29:00Z,HOLD-ESCROW
PO_B01_001073,Razorpay Nodal,MYNT-ORD-475367 MYNT-ORD-775119 BATCH-MYNT-1073,265070,5301,0,0,259769,INR,2026-08-03T01:52:00Z,BATCH-MYNT-1073
PO_B01_001074,BillDesk Settlement,MMTR-INV-274030 PO_B01_001074,379517,6040,0,0,373477,INR,2026-08-03T13:22:00Z,BATCH-MMTR-1074
PO_B01_001075,Razorpay Nodal,SWIG-ORD-229753 SWIG-ORD-637488 BATCH-SWIG-1075,296461,5929,0,0,290532,INR,2026-08-03T03:40:00Z,BATCH-SWIG-1075
PO_B01_001076,Stripe India,UBER-ORD-734359 UBER-ORD-382404 BATCH-UBER-1076,382420,7648,0,0,374772,INR,2026-08-02T23:03:00Z,BATCH-UBER-1076
PO_B01_001077,BillDesk Settlement,ZOMA-EXC-117759-UNRESOLVED,88711,1764,0,0,86947,INR,2026-08-04T03:18:00Z,HOLD-ESCROW
PO_B01_001078,PayU Enterprise,PAYT-INV-584247 PO_B01_001078,387796,7297,0,0,380499,INR,2026-08-03T01:39:00Z,BATCH-PAYT-1078
PO_B01_001079,Cashfree Escrow,NYKA-INV-860633 PO_B01_001079,271159,5574,0,0,265585,INR,2026-08-02T22:07:00Z,BATCH-NYKA-1079
PO_B01_001080,Cashfree Escrow,BKMS-ORD-656033 BKMS-ORD-606720 BKMS-ORD-724482 BATCH-BKMS-1080,417139,8342,0,0,408797,INR,2026-08-03T02:08:00Z,BATCH-BKMS-1080
PO_B01_001081,PayU Enterprise,TATA-INV-610406 PO_B01_001081,176519,3291,0,0,173228,INR,2026-08-03T16:51:00Z,BATCH-TATA-1081
PO_B01_001082,Stripe India,AMZN-INV-397425 PO_B01_001082,86847,2094,0,0,84753,INR,2026-08-02T23:51:00Z,BATCH-AMZN-1082
PO_B01_001083,BillDesk Settlement,PHNP-EXC-249647-UNRESOLVED,85751,1705,0,0,84046,INR,2026-08-03T17:11:00Z,HOLD-ESCROW
PO_B01_001084,Cashfree Escrow,PAYT-INV-392876 PO_B01_001084,71645,1157,0,0,70488,INR,2026-08-03T11:45:00Z,BATCH-PAYT-1084
PO_B01_001085,Cashfree Escrow,MYNT-INV-143284 PO_B01_001085,148285,2400,0,0,145885,INR,2026-08-03T03:39:00Z,BATCH-MYNT-1085
PO_B01_001086,PayU Enterprise,AMZN-ORD-328253 AMZN-ORD-363531 BATCH-AMZN-1086,139800,2796,0,0,137004,INR,2026-08-03T02:34:00Z,BATCH-AMZN-1086
PO_B01_001087,Stripe India,JIOO-INV-361944 PO_B01_001087,374405,7779,0,0,366626,INR,2026-08-03T11:24:00Z,BATCH-JIOO-1087
PO_B01_001088,Cashfree Escrow,MYNT-INV-315380 PO_B01_001088,269333,4757,0,0,264576,INR,2026-08-02T21:18:00Z,BATCH-MYNT-1088
PO_B01_001089,Cashfree Escrow,BKMS-INV-211706 PO_B01_001089,109734,2183,0,0,107551,INR,2026-08-03T05:38:00Z,BATCH-BKMS-1089
PO_B01_001090,Razorpay Nodal,AMZN-INV-862847 PO_B01_001090,363801,6459,0,0,357342,INR,2026-08-02T21:48:00Z,BATCH-AMZN-1090
PO_B01_001091,Cashfree Escrow,JIOO-INV-458822 PO_B01_001091,132991,2696,0,0,130295,INR,2026-08-03T01:48:00Z,BATCH-JIOO-1091
PO_B01_001092,BillDesk Settlement,NYKA-ORD-910135 NYKA-ORD-380716 BATCH-NYKA-1092,419404,8388,0,0,411016,INR,2026-08-03T16:56:00Z,BATCH-NYKA-1092
PO_B01_001093,Razorpay Nodal,MMTR-INV-384891 PO_B01_001093,191408,3107,0,0,188301,INR,2026-08-03T08:51:00Z,BATCH-MMTR-1093
PO_B01_001094,Stripe India,JIOO-INV-771146 PO_B01_001094,64702,1234,0,0,63468,INR,2026-08-03T07:32:00Z,BATCH-JIOO-1094
PO_B01_001095,Cashfree Escrow,MMTR-INV-153880 PO_B01_001095,210543,3821,0,0,206722,INR,2026-08-02T21:54:00Z,BATCH-MMTR-1095
PO_B01_001096,Razorpay Nodal,PHNP-ORD-532625 PHNP-ORD-676809 BATCH-PHNP-1096,397908,7958,0,0,389950,INR,2026-08-03T14:44:00Z,BATCH-PHNP-1096
PO_B01_001097,PayU Enterprise,MYNT-INV-506498 PO_B01_001097,362011,7385,0,0,354626,INR,2026-08-03T04:25:00Z,BATCH-MYNT-1097
PO_B01_001098,Razorpay Nodal,PHNP-ORD-918587 PHNP-ORD-648999 BATCH-PHNP-1098,145444,2908,0,0,142536,INR,2026-08-03T07:04:00Z,BATCH-PHNP-1098
PO_B01_001099,BillDesk Settlement,BKMS-INV-941736 PO_B01_001099,136157,3145,0,0,133012,INR,2026-08-02T19:01:00Z,BATCH-BKMS-1099
PO_B01_001100,Cashfree Escrow,NYKA-INV-988334 PO_B01_001100,287230,4781,0,0,282449,INR,2026-08-03T01:35:00Z,BATCH-NYKA-1100
PO_B01_001101,Razorpay Nodal,FLPK-ORD-562703 FLPK-ORD-244308 BATCH-FLPK-1101,328634,6572,0,0,322062,INR,2026-08-03T20:23:00Z,BATCH-FLPK-1101
PO_B01_001102,BillDesk Settlement,FLPK-INV-318997 PO_B01_001102,168666,2628,0,0,166038,INR,2026-08-02T23:52:00Z,BATCH-FLPK-1102
PO_B01_001103,PayU Enterprise,PAYT-INV-284339 PO_B01_001103,424081,10440,0,0,413641,INR,2026-08-03T03:29:00Z,BATCH-PAYT-1103
PO_B01_001104,Razorpay Nodal,MYNT-ORD-652824 MYNT-ORD-156046 BATCH-MYNT-1104,192325,3846,0,0,188479,INR,2026-08-03T12:05:00Z,BATCH-MYNT-1104
PO_B01_001105,Cashfree Escrow,NYKA-ORD-747705 NYKA-ORD-811055 BATCH-NYKA-1105,50358,1007,0,0,49351,INR,2026-08-03T09:12:00Z,BATCH-NYKA-1105
PO_B01_001106,PayU Enterprise,NYKA-INV-199095 PO_B01_001106,437144,6773,0,0,430371,INR,2026-08-03T13:56:00Z,BATCH-NYKA-1106
PO_B01_001107,BillDesk Settlement,PHNP-INV-127495 PO_B01_001107,168102,2817,0,0,165285,INR,2026-08-03T02:27:00Z,BATCH-PHNP-1107
PO_B01_001108,Cashfree Escrow,BLNK-INV-449089 PO_B01_001108,234865,4126,0,0,230739,INR,2026-08-03T16:23:00Z,BATCH-BLNK-1108
PO_B01_001109,Cashfree Escrow,MYNT-INV-245671 PO_B01_001109,203073,3804,0,0,199269,INR,2026-08-03T06:50:00Z,BATCH-MYNT-1109
PO_B01_001110,Cashfree Escrow,UBER-INV-423802 PO_B01_001110,313773,5143,0,0,308630,INR,2026-08-03T07:08:00Z,BATCH-UBER-1110
PO_B01_001111,BillDesk Settlement,BLNK-ORD-310552 BLNK-ORD-552256 BATCH-BLNK-1111,368370,7367,0,0,361003,INR,2026-08-03T04:15:00Z,BATCH-BLNK-1111
PO_B01_001112,Stripe India,PAYT-INV-738662 PO_B01_001112,177787,4407,0,0,173380,INR,2026-08-02T14:01:00Z,BATCH-PAYT-1112
PO_B01_001113,BillDesk Settlement,OLAA-INV-342292 PO_B01_001113,265843,4053,0,0,261790,INR,2026-08-03T08:58:00Z,BATCH-OLAA-1113
PO_B01_001114,Stripe India,MMTR-INV-283832 PO_B01_001114,339482,5789,0,0,333693,INR,2026-08-02T19:14:00Z,BATCH-MMTR-1114
PO_B01_001115,PayU Enterprise,PHNP-ORD-725501 PHNP-ORD-826985 PHNP-ORD-553861 BATCH-PHNP-1115,442679,8853,0,0,433826,INR,2026-08-02T21:46:00Z,BATCH-PHNP-1115
PO_B01_001116,Cashfree Escrow,TATA-INV-902997 PO_B01_001116,144038,3343,0,0,140695,INR,2026-08-03T03:52:00Z,BATCH-TATA-1116
PO_B01_001117,PayU Enterprise,NYKA-INV-381034 PO_B01_001117,234410,4232,0,0,230178,INR,2026-08-03T08:44:00Z,BATCH-NYKA-1117
PO_B01_001118,Razorpay Nodal,OLAA-INV-923704 PO_B01_001118,49904,1118,0,0,48786,INR,2026-08-03T01:25:00Z,BATCH-OLAA-1118
PO_B01_001119,Stripe India,MYNT-ORD-985314 MYNT-ORD-639148 MYNT-ORD-346336 BATCH-MYNT-1119,190170,3803,0,0,186367,INR,2026-08-03T09:45:00Z,BATCH-MYNT-1119
PO_B01_001120,PayU Enterprise,NYKA-INV-201218 PO_B01_001120,309849,5810,0,0,304039,INR,2026-08-03T04:23:00Z,BATCH-NYKA-1120
PO_B01_001121,BillDesk Settlement,ZOMA-INV-808389 PO_B01_001121,386095,7607,0,0,378488,INR,2026-08-03T03:10:00Z,BATCH-ZOMA-1121
PO_B01_001122,BillDesk Settlement,NYKA-INV-686586 PO_B01_001122,139395,2241,0,0,137154,INR,2026-08-03T22:09:00Z,BATCH-NYKA-1122
PO_B01_001123,BillDesk Settlement,MYNT-INV-520191 PO_B01_001123,309786,6665,0,0,303121,INR,2026-08-03T14:10:00Z,BATCH-MYNT-1123
PO_B01_001124,Cashfree Escrow,MMTR-INV-868445 PO_B01_001124,373405,8658,0,0,364747,INR,2026-08-03T19:21:00Z,BATCH-MMTR-1124
PO_B01_001125,Razorpay Nodal,FLPK-INV-514264 PO_B01_001125,127633,3002,0,0,124631,INR,2026-08-03T03:31:00Z,BATCH-FLPK-1125
PO_B01_001126,Cashfree Escrow,BBAS-INV-101545 PO_B01_001126,245241,4905,0,0,240336,INR,2026-08-03T01:34:00Z,BATCH-BBAS-1126
PO_B01_001127,Cashfree Escrow,FLPK-ORD-400580 FLPK-ORD-967319 BATCH-FLPK-1127,292881,5857,0,0,287024,INR,2026-08-03T16:25:00Z,BATCH-FLPK-1127
PO_B01_001128,Stripe India,SWIG-ORD-679249 SWIG-ORD-113366 BATCH-SWIG-1128,360942,7218,0,0,353724,INR,2026-08-03T19:55:00Z,BATCH-SWIG-1128
PO_B01_001129,Cashfree Escrow,BKMS-ORD-728763 BKMS-ORD-719726 BATCH-BKMS-1129,261127,5222,0,0,255905,INR,2026-08-03T01:35:00Z,BATCH-BKMS-1129
PO_B01_001130,Cashfree Escrow,PHNP-INV-885418 PO_B01_001130,167821,2540,0,0,165281,INR,2026-08-03T10:27:00Z,BATCH-PHNP-1130
PO_B01_001131,Stripe India,TATA-INV-529636 PO_B01_001131,432861,6640,0,0,426221,INR,2026-08-03T00:04:00Z,BATCH-TATA-1131
PO_B01_001132,BillDesk Settlement,MYNT-ORD-935667 MYNT-ORD-785418 MYNT-ORD-344945 BATCH-MYNT-1132,437955,8759,0,0,429196,INR,2026-08-03T17:27:00Z,BATCH-MYNT-1132
PO_B01_001133,Stripe India,ZOMA-ORD-250375 ZOMA-ORD-735836 ZOMA-ORD-606053 BATCH-ZOMA-1133,359238,7184,0,0,352054,INR,2026-08-03T07:09:00Z,BATCH-ZOMA-1133
PO_B01_001134,BillDesk Settlement,BKMS-INV-235136 PO_B01_001134,308798,7452,0,0,301346,INR,2026-08-03T16:43:00Z,BATCH-BKMS-1134
PO_B01_001135,Razorpay Nodal,BLNK-INV-130106 PO_B01_001135,277964,6219,0,0,271745,INR,2026-08-03T14:02:00Z,BATCH-BLNK-1135
PO_B01_001136,Cashfree Escrow,BLNK-INV-851110 PO_B01_001136,174410,3854,0,0,170556,INR,2026-08-03T05:05:00Z,BATCH-BLNK-1136
PO_B01_001137,BillDesk Settlement,BKMS-INV-631105 PO_B01_001137,436707,8444,0,0,428263,INR,2026-08-02T15:18:00Z,BATCH-BKMS-1137
PO_B01_001138,PayU Enterprise,PHNP-INV-828733 PO_B01_001138,399291,7649,0,0,391642,INR,2026-08-03T22:23:00Z,BATCH-PHNP-1138
PO_B01_001139,Razorpay Nodal,FLPK-INV-484857 PO_B01_001139,297390,4933,0,0,292457,INR,2026-08-03T15:51:00Z,BATCH-FLPK-1139
PO_B01_001140,PayU Enterprise,PAYT-INV-812145 PO_B01_001140,136207,3045,0,0,133162,INR,2026-08-03T04:42:00Z,BATCH-PAYT-1140
PO_B01_001141,Stripe India,BKMS-INV-700727 PO_B01_001141,419763,7590,0,0,412173,INR,2026-08-03T06:06:00Z,BATCH-BKMS-1141
PO_B01_001142,Cashfree Escrow,UBER-ORD-151863 UBER-ORD-966931 UBER-ORD-151568 BATCH-UBER-1142,315970,6319,0,0,309651,INR,2026-08-03T05:25:00Z,BATCH-UBER-1142
PO_B01_001143,PayU Enterprise,MYNT-INV-251624 PO_B01_001143,76210,1376,0,0,74834,INR,2026-08-03T19:53:00Z,BATCH-MYNT-1143
PO_B01_001144,BillDesk Settlement,MYNT-INV-469791 PO_B01_001144,255429,6323,0,0,249106,INR,2026-08-03T03:02:00Z,BATCH-MYNT-1144
PO_B01_001145,PayU Enterprise,MYNT-INV-340926 PO_B01_001145,367497,5704,0,0,361793,INR,2026-08-03T18:01:00Z,BATCH-MYNT-1145
PO_B01_001146,Cashfree Escrow,AMZN-INV-865195 PO_B01_001146,172883,3829,0,0,169054,INR,2026-08-02T23:37:00Z,BATCH-AMZN-1146
PO_B01_001147,Cashfree Escrow,BLNK-INV-751986 PO_B01_001147,147561,3662,0,0,143899,INR,2026-08-03T09:22:00Z,BATCH-BLNK-1147
PO_B01_001148,Stripe India,OLAA-ORD-457623 OLAA-ORD-184172 OLAA-ORD-631653 BATCH-OLAA-1148,399240,7984,0,0,391256,INR,2026-08-03T10:24:00Z,BATCH-OLAA-1148
PO_B01_001149,PayU Enterprise,UBER-INV-668565 PO_B01_001149,105344,2470,0,0,102874,INR,2026-08-03T08:18:00Z,BATCH-UBER-1149
PO_B01_001150,PayU Enterprise,MMTR-ORD-772170 MMTR-ORD-518657 BATCH-MMTR-1150,350101,7002,0,0,343099,INR,2026-08-03T09:47:00Z,BATCH-MMTR-1150
PO_B01_001151,Razorpay Nodal,OLAA-ORD-963909 OLAA-ORD-451038 BATCH-OLAA-1151,363348,7266,0,0,356082,INR,2026-08-03T18:45:00Z,BATCH-OLAA-1151
PO_B01_001152,PayU Enterprise,UBER-ORD-363598 UBER-ORD-338170 UBER-ORD-787975 BATCH-UBER-1152,222746,4454,0,0,218292,INR,2026-08-03T06:36:00Z,BATCH-UBER-1152
PO_B01_001153,Stripe India,BBAS-INV-638955 PO_B01_001153,303560,6035,0,0,297525,INR,2026-08-03T10:26:00Z,BATCH-BBAS-1153
PO_B01_001154,Stripe India,PHNP-INV-758511 PO_B01_001154,50154,791,0,0,49363,INR,2026-08-02T20:03:00Z,BATCH-PHNP-1154
PO_B01_001155,Cashfree Escrow,MYNT-ORD-471736 MYNT-ORD-723133 MYNT-ORD-829472 BATCH-MYNT-1155,304058,6081,0,0,297977,INR,2026-08-02T21:40:00Z,BATCH-MYNT-1155
PO_B01_001156,PayU Enterprise,ZOMA-INV-290886 PO_B01_001156,372819,5730,0,0,367089,INR,2026-08-03T02:03:00Z,BATCH-ZOMA-1156
PO_B01_001157,PayU Enterprise,PHNP-INV-888294 PO_B01_001157,246373,4211,0,0,242162,INR,2026-08-03T16:25:00Z,BATCH-PHNP-1157
PO_B01_001158,BillDesk Settlement,BLNK-INV-981594 PO_B01_001158,160869,3817,0,0,157052,INR,2026-08-03T05:40:00Z,BATCH-BLNK-1158
PO_B01_001159,Razorpay Nodal,BKMS-ORD-921941 BKMS-ORD-286482 BATCH-BKMS-1159,367288,7345,0,0,359943,INR,2026-08-03T10:55:00Z,BATCH-BKMS-1159
PO_B01_001160,Stripe India,MYNT-INV-116186 PO_B01_001160,33326,601,0,0,32725,INR,2026-08-03T03:56:00Z,BATCH-MYNT-1160
PO_B01_001161,Stripe India,JIOO-INV-342968 PO_B01_001161,153348,2427,0,0,150921,INR,2026-08-03T09:09:00Z,BATCH-JIOO-1161
PO_B01_001162,Cashfree Escrow,MYNT-INV-936431 PO_B01_001162,286003,5473,0,0,280530,INR,2026-08-02T22:07:00Z,BATCH-MYNT-1162
PO_B01_001163,BillDesk Settlement,FLPK-INV-357333 PO_B01_001163,449204,11208,0,0,437996,INR,2026-08-03T20:28:00Z,BATCH-FLPK-1163
PO_B01_001164,PayU Enterprise,ZOMA-INV-618965 PO_B01_001164,400464,9685,0,0,390779,INR,2026-08-03T12:58:00Z,BATCH-ZOMA-1164
PO_B01_001165,Razorpay Nodal,MMTR-ORD-613466 MMTR-ORD-343850 BATCH-MMTR-1165,99420,1988,0,0,97432,INR,2026-08-03T11:24:00Z,BATCH-MMTR-1165
PO_B01_001166,BillDesk Settlement,SWIG-INV-279060 PO_B01_001166,119943,2066,0,0,117877,INR,2026-08-03T09:10:00Z,BATCH-SWIG-1166
PO_B01_001167,Stripe India,MMTR-ORD-237632 MMTR-ORD-729680 MMTR-ORD-947672 BATCH-MMTR-1167,512084,10241,0,0,501843,INR,2026-08-03T08:29:00Z,BATCH-MMTR-1167
PO_B01_001168,Razorpay Nodal,PAYT-INV-964664 PO_B01_001168,97995,1875,0,0,96120,INR,2026-08-03T14:21:00Z,BATCH-PAYT-1168
PO_B01_001169,Stripe India,PAYT-INV-793544 PO_B01_001169,210185,3755,0,0,206430,INR,2026-08-02T20:54:00Z,BATCH-PAYT-1169
PO_B01_001170,Razorpay Nodal,PAYT-ORD-606552 PAYT-ORD-741248 PAYT-ORD-212223 BATCH-PAYT-1170,579600,11592,0,0,568008,INR,2026-08-03T15:40:00Z,BATCH-PAYT-1170
PO_B01_001171,Razorpay Nodal,FLPK-INV-555959 PO_B01_001171,106207,2228,0,0,103979,INR,2026-08-03T12:22:00Z,BATCH-FLPK-1171
PO_B01_001172,Razorpay Nodal,BKMS-INV-880546 PO_B01_001172,123205,2561,0,0,120644,INR,2026-08-02T14:14:00Z,BATCH-BKMS-1172
PO_B01_001173,PayU Enterprise,BLNK-INV-768477 PO_B01_001173,342539,5577,0,0,336962,INR,2026-08-02T21:11:00Z,BATCH-BLNK-1173
PO_B01_001174,BillDesk Settlement,PAYT-INV-962139 PO_B01_001174,186411,3849,0,0,182562,INR,2026-08-03T00:32:00Z,BATCH-PAYT-1174
PO_B01_001175,BillDesk Settlement,PHNP-ORD-222640 PHNP-ORD-464583 BATCH-PHNP-1175,234850,4697,0,0,230153,INR,2026-08-03T00:37:00Z,BATCH-PHNP-1175
PO_B01_001176,Stripe India,AMZN-INV-539340 PO_B01_001176,412297,8509,0,0,403788,INR,2026-08-03T01:30:00Z,BATCH-AMZN-1176
PO_B01_001177,Razorpay Nodal,BKMS-INV-604131 PO_B01_001177,313400,4968,0,0,308432,INR,2026-08-02T19:58:00Z,BATCH-BKMS-1177
PO_B01_001178,Stripe India,JIOO-ORD-727539 JIOO-ORD-165363 JIOO-ORD-225020 BATCH-JIOO-1178,474707,9494,0,0,465213,INR,2026-08-02T23:22:00Z,BATCH-JIOO-1178
PO_B01_001179,BillDesk Settlement,BKMS-INV-246568 PO_B01_001179,69709,1391,0,0,68318,INR,2026-08-03T10:18:00Z,BATCH-BKMS-1179
PO_B01_001180,Stripe India,FLPK-INV-946472 PO_B01_001180,168030,2857,0,0,165173,INR,2026-08-03T11:15:00Z,BATCH-FLPK-1180
PO_B01_001181,Razorpay Nodal,FLPK-ORD-872620 FLPK-ORD-639766 BATCH-FLPK-1181,254444,5088,0,0,249356,INR,2026-08-03T02:24:00Z,BATCH-FLPK-1181
PO_B01_001182,Stripe India,NYKA-ORD-575257 NYKA-ORD-758136 NYKA-ORD-364703 BATCH-NYKA-1182,401479,8029,0,0,393450,INR,2026-08-03T13:47:00Z,BATCH-NYKA-1182
PO_B01_001183,PayU Enterprise,PHNP-INV-893590 PO_B01_001183,298037,5890,0,0,292147,INR,2026-08-03T02:25:00Z,BATCH-PHNP-1183
PO_B01_001184,Razorpay Nodal,MYNT-INV-416908 PO_B01_001184,201596,4829,0,0,196767,INR,2026-08-03T13:02:00Z,BATCH-MYNT-1184
PO_B01_001185,PayU Enterprise,FLPK-ORD-183439 FLPK-ORD-658704 BATCH-FLPK-1185,466744,9334,0,0,457410,INR,2026-08-02T21:24:00Z,BATCH-FLPK-1185
PO_B01_001186,PayU Enterprise,PAYT-INV-575957 PO_B01_001186,352899,5785,0,0,347114,INR,2026-08-03T02:20:00Z,BATCH-PAYT-1186
PO_B01_001187,Razorpay Nodal,AMZN-ORD-340911 AMZN-ORD-414894 BATCH-AMZN-1187,269569,5391,0,0,264178,INR,2026-08-03T11:08:00Z,BATCH-AMZN-1187
PO_B01_001188,PayU Enterprise,MMTR-INV-854423 PO_B01_001188,303716,6411,0,0,297305,INR,2026-08-03T05:09:00Z,BATCH-MMTR-1188
PO_B01_001189,Stripe India,JIOO-INV-588003 PO_B01_001189,39053,904,0,0,38149,INR,2026-08-03T12:21:00Z,BATCH-JIOO-1189
PO_B01_001190,BillDesk Settlement,TATA-INV-550112 PO_B01_001190,116713,1819,0,0,114894,INR,2026-08-03T10:02:00Z,BATCH-TATA-1190
PO_B01_001191,Razorpay Nodal,JIOO-INV-168818 PO_B01_001191,60768,1015,0,0,59753,INR,2026-08-03T04:53:00Z,BATCH-JIOO-1191
PO_B01_001192,Stripe India,PHNP-INV-406536 PO_B01_001192,60809,1401,0,0,59408,INR,2026-08-03T05:45:00Z,BATCH-PHNP-1192
PO_B01_001193,Cashfree Escrow,BLNK-INV-757837 PO_B01_001193,419014,9825,0,0,409189,INR,2026-08-03T02:48:00Z,BATCH-BLNK-1193
PO_B01_001194,Razorpay Nodal,SWIG-INV-705645 PO_B01_001194,116351,2503,0,0,113848,INR,2026-08-03T02:23:00Z,BATCH-SWIG-1194
PO_B01_001195,Stripe India,MMTR-INV-390755 PO_B01_001195,162912,2504,0,0,160408,INR,2026-08-03T02:17:00Z,BATCH-MMTR-1195
PO_B01_001196,Razorpay Nodal,BKMS-ORD-678495 BKMS-ORD-210836 BATCH-BKMS-1196,327046,6540,0,0,320506,INR,2026-08-03T08:24:00Z,BATCH-BKMS-1196
PO_B01_001197,BillDesk Settlement,NYKA-ORD-656497 NYKA-ORD-111335 NYKA-ORD-241488 BATCH-NYKA-1197,429157,8583,0,0,420574,INR,2026-08-03T13:29:00Z,BATCH-NYKA-1197
PO_B01_001198,PayU Enterprise,BBAS-INV-390868 PO_B01_001198,354804,7311,0,0,347493,INR,2026-08-03T22:06:00Z,BATCH-BBAS-1198
PO_B01_001199,Stripe India,OLAA-INV-644080 PO_B01_001199,142593,2197,0,0,140396,INR,2026-08-03T23:47:00Z,BATCH-OLAA-1199
PO_B01_001200,PayU Enterprise,PAYT-INV-321249 PO_B01_001200,63793,1128,0,0,62665,INR,2026-08-03T07:57:00Z,BATCH-PAYT-1200
PO_B01_001201,Razorpay Nodal,PAYT-INV-666619 PO_B01_001201,434670,9779,0,0,424891,INR,2026-08-02T22:13:00Z,BATCH-PAYT-1201
PO_B01_001202,BillDesk Settlement,SWIG-INV-357742 PO_B01_001202,310669,5815,0,0,304854,INR,2026-08-03T02:18:00Z,BATCH-SWIG-1202
PO_B01_001203,BillDesk Settlement,OLAA-INV-234461 PO_B01_001203,137472,3023,0,0,134449,INR,2026-08-03T21:45:00Z,BATCH-OLAA-1203
PO_B01_001204,Cashfree Escrow,MMTR-INV-396507 PO_B01_001204,99487,2105,0,0,97382,INR,2026-08-03T17:23:00Z,BATCH-MMTR-1204
PO_B01_001205,BillDesk Settlement,JIOO-INV-122702 PO_B01_001205,173102,2692,0,0,170410,INR,2026-08-03T23:18:00Z,BATCH-JIOO-1205
PO_B01_001206,PayU Enterprise,MYNT-ORD-436677 MYNT-ORD-320575 BATCH-MYNT-1206,275546,5510,0,0,270036,INR,2026-08-03T04:26:00Z,BATCH-MYNT-1206
PO_B01_001207,BillDesk Settlement,NYKA-INV-853831 PO_B01_001207,332450,6840,0,0,325610,INR,2026-08-03T00:55:00Z,BATCH-NYKA-1207
PO_B01_001208,Stripe India,MYNT-INV-801255 PO_B01_001208,332761,5729,0,0,327032,INR,2026-08-03T06:46:00Z,BATCH-MYNT-1208
PO_B01_001209,Razorpay Nodal,OLAA-INV-792658 PO_B01_001209,255347,4335,0,0,251012,INR,2026-08-03T19:00:00Z,BATCH-OLAA-1209
PO_B01_001210,BillDesk Settlement,PHNP-INV-967178 PO_B01_001210,277416,6037,0,0,271379,INR,2026-08-03T17:48:00Z,BATCH-PHNP-1210
PO_B01_001211,Cashfree Escrow,BBAS-INV-707423 PO_B01_001211,262613,4576,0,0,258037,INR,2026-08-03T06:26:00Z,BATCH-BBAS-1211
PO_B01_001212,Cashfree Escrow,SWIG-INV-401911 PO_B01_001212,251296,4811,0,0,246485,INR,2026-08-03T17:53:00Z,BATCH-SWIG-1212
PO_B01_001213,PayU Enterprise,OLAA-INV-782220 PO_B01_001213,130835,3060,0,0,127775,INR,2026-08-03T13:58:00Z,BATCH-OLAA-1213
PO_B01_001214,PayU Enterprise,MMTR-ORD-625115 MMTR-ORD-802324 BATCH-MMTR-1214,281945,5638,0,0,276307,INR,2026-08-02T21:38:00Z,BATCH-MMTR-1214
PO_B01_001215,Razorpay Nodal,JIOO-ORD-450050 JIOO-ORD-622131 BATCH-JIOO-1215,146103,2922,0,0,143181,INR,2026-08-03T19:35:00Z,BATCH-JIOO-1215
PO_B01_001216,Stripe India,ZOMA-INV-301055 PO_B01_001216,108617,1753,0,0,106864,INR,2026-08-03T07:20:00Z,BATCH-ZOMA-1216
PO_B01_001217,Cashfree Escrow,UBER-ORD-322838 UBER-ORD-828270 BATCH-UBER-1217,269674,5393,0,0,264281,INR,2026-08-03T20:35:00Z,BATCH-UBER-1217
PO_B01_001218,Razorpay Nodal,MYNT-INV-554235 PO_B01_001218,444991,10948,0,0,434043,INR,2026-08-03T02:36:00Z,BATCH-MYNT-1218
PO_B01_001219,PayU Enterprise,BBAS-INV-932060 PO_B01_001219,423677,7009,0,0,416668,INR,2026-08-03T07:04:00Z,BATCH-BBAS-1219
PO_B01_001220,Razorpay Nodal,PAYT-INV-560848 PO_B01_001220,30467,558,0,0,29909,INR,2026-08-04T02:27:00Z,BATCH-PAYT-1220
PO_B01_001221,Stripe India,MYNT-INV-310470 PO_B01_001221,37093,659,0,0,36434,INR,2026-08-02T20:44:00Z,BATCH-MYNT-1221
PO_B01_001222,Razorpay Nodal,NYKA-EXC-282668-UNRESOLVED,232819,4646,0,0,228173,INR,2026-08-03T17:57:00Z,HOLD-ESCROW
PO_B01_001223,Stripe India,AMZN-INV-500657 PO_B01_001223,348790,6897,0,0,341893,INR,2026-08-03T10:36:00Z,BATCH-AMZN-1223
PO_B01_001224,BillDesk Settlement,ZOMA-ORD-182003 ZOMA-ORD-251464 ZOMA-ORD-990347 BATCH-ZOMA-1224,298456,5969,0,0,292487,INR,2026-08-03T06:21:00Z,BATCH-ZOMA-1224
PO_B01_001225,Stripe India,AMZN-INV-782229 PO_B01_001225,390086,8764,0,0,381322,INR,2026-08-03T06:32:00Z,BATCH-AMZN-1225
PO_B01_001226,PayU Enterprise,TATA-ORD-563041 TATA-ORD-711961 TATA-ORD-449599 BATCH-TATA-1226,527634,10552,0,0,517082,INR,2026-08-02T22:22:00Z,BATCH-TATA-1226
PO_B01_001227,Stripe India,FLPK-INV-886032 PO_B01_001227,30031,492,0,0,29539,INR,2026-08-03T00:04:00Z,BATCH-FLPK-1227
PO_B01_001228,BillDesk Settlement,SWIG-INV-652493 PO_B01_001228,320458,5033,0,0,315425,INR,2026-08-03T10:08:00Z,BATCH-SWIG-1228
PO_B01_001229,Cashfree Escrow,BKMS-INV-161006 PO_B01_001229,220024,3453,0,0,216571,INR,2026-08-03T04:50:00Z,BATCH-BKMS-1229
PO_B01_001230,BillDesk Settlement,NYKA-ORD-616120 NYKA-ORD-869462 BATCH-NYKA-1230,241556,4831,0,0,236725,INR,2026-08-02T22:19:00Z,BATCH-NYKA-1230
PO_B01_001231,Cashfree Escrow,NYKA-ORD-630144 NYKA-ORD-563584 NYKA-ORD-361400 BATCH-NYKA-1231,215836,4316,0,0,211520,INR,2026-08-03T15:21:00Z,BATCH-NYKA-1231
PO_B01_001232,BillDesk Settlement,ZOMA-INV-398124 PO_B01_001232,243383,3927,0,0,239456,INR,2026-08-02T17:31:00Z,BATCH-ZOMA-1232
PO_B01_001233,Stripe India,PAYT-INV-681005 PO_B01_001233,264160,5633,0,0,258527,INR,2026-08-03T10:42:00Z,BATCH-PAYT-1233
PO_B01_001234,Cashfree Escrow,OLAA-ORD-246063 OLAA-ORD-243720 OLAA-ORD-159355 BATCH-OLAA-1234,260024,5200,0,0,254824,INR,2026-08-03T02:15:00Z,BATCH-OLAA-1234
PO_B01_001235,Razorpay Nodal,PHNP-ORD-594183 PHNP-ORD-782865 BATCH-PHNP-1235,334281,6685,0,0,327596,INR,2026-08-02T21:38:00Z,BATCH-PHNP-1235
PO_B01_001236,Stripe India,TATA-ORD-937898 TATA-ORD-456294 TATA-ORD-412793 BATCH-TATA-1236,277327,5546,0,0,271781,INR,2026-08-03T08:32:00Z,BATCH-TATA-1236
PO_B01_001237,Cashfree Escrow,ZOMA-INV-523888 PO_B01_001237,131615,3057,0,0,128558,INR,2026-08-03T02:47:00Z,BATCH-ZOMA-1237
PO_B01_001238,Cashfree Escrow,TATA-ORD-787282 TATA-ORD-545017 BATCH-TATA-1238,312097,6241,0,0,305856,INR,2026-08-03T11:41:00Z,BATCH-TATA-1238
PO_B01_001239,Razorpay Nodal,SWIG-ORD-694206 SWIG-ORD-443847 SWIG-ORD-831035 BATCH-SWIG-1239,375622,7512,0,0,368110,INR,2026-08-03T13:52:00Z,BATCH-SWIG-1239
PO_B01_001240,Razorpay Nodal,MMTR-INV-550108 PO_B01_001240,395361,9597,0,0,385764,INR,2026-08-03T03:55:00Z,BATCH-MMTR-1240
PO_B01_001241,Cashfree Escrow,UBER-INV-469135 PO_B01_001241,319293,6885,0,0,312408,INR,2026-08-03T05:41:00Z,BATCH-UBER-1241
PO_B01_001242,BillDesk Settlement,TATA-ORD-395117 TATA-ORD-660704 BATCH-TATA-1242,271516,5430,0,0,266086,INR,2026-08-02T21:27:00Z,BATCH-TATA-1242
PO_B01_001243,Razorpay Nodal,PAYT-INV-802441 PO_B01_001243,275684,5160,0,0,270524,INR,2026-08-03T13:12:00Z,BATCH-PAYT-1243
PO_B01_001244,PayU Enterprise,PHNP-ORD-169719 PHNP-ORD-161988 BATCH-PHNP-1244,109740,2194,0,0,107546,INR,2026-08-02T21:46:00Z,BATCH-PHNP-1244
PO_B01_001245,Cashfree Escrow,BKMS-INV-829857 PO_B01_001245,261534,3998,0,0,257536,INR,2026-08-03T23:20:00Z,BATCH-BKMS-1245
PO_B01_001246,Cashfree Escrow,AMZN-INV-567119 PO_B01_001246,324817,5589,0,0,319228,INR,2026-08-02T17:52:00Z,BATCH-AMZN-1246
PO_B01_001247,PayU Enterprise,TATA-INV-834482 PO_B01_001247,198202,3843,0,0,194359,INR,2026-08-03T19:52:00Z,BATCH-TATA-1247
PO_B01_001248,Stripe India,MYNT-INV-379822 PO_B01_001248,55106,1031,0,0,54075,INR,2026-08-03T14:05:00Z,BATCH-MYNT-1248
PO_B01_001249,PayU Enterprise,PAYT-INV-923608 PO_B01_001249,169739,4086,0,0,165653,INR,2026-08-03T16:36:00Z,BATCH-PAYT-1249
PO_B01_001250,BillDesk Settlement,JIOO-ORD-153430 JIOO-ORD-229900 BATCH-JIOO-1250,188138,3762,0,0,184376,INR,2026-08-03T15:03:00Z,BATCH-JIOO-1250
PO_B01_001251,Stripe India,ZOMA-ORD-354890 ZOMA-ORD-632825 BATCH-ZOMA-1251,55747,1114,0,0,54633,INR,2026-08-02T22:43:00Z,BATCH-ZOMA-1251
PO_B01_001252,PayU Enterprise,ZOMA-ORD-318519 ZOMA-ORD-624896 ZOMA-ORD-312450 BATCH-ZOMA-1252,398492,7969,0,0,390523,INR,2026-08-03T11:38:00Z,BATCH-ZOMA-1252
PO_B01_001253,Razorpay Nodal,JIOO-INV-126104 PO_B01_001253,165125,2976,0,0,162149,INR,2026-08-03T14:12:00Z,BATCH-JIOO-1253
PO_B01_001254,Cashfree Escrow,BBAS-ORD-647006 BBAS-ORD-587700 BBAS-ORD-719412 BATCH-BBAS-1254,357860,7157,0,0,350703,INR,2026-08-02T21:22:00Z,BATCH-BBAS-1254
PO_B01_001255,Razorpay Nodal,TATA-INV-810542 PO_B01_001255,199556,4096,0,0,195460,INR,2026-08-03T15:49:00Z,BATCH-TATA-1255
PO_B01_001256,Stripe India,BLNK-INV-991496 PO_B01_001256,65453,1543,0,0,63910,INR,2026-08-03T16:38:00Z,BATCH-BLNK-1256
PO_B01_001257,BillDesk Settlement,MYNT-EXC-751530-UNRESOLVED,165170,3293,0,0,161877,INR,2026-08-03T14:31:00Z,HOLD-ESCROW
PO_B01_001258,Cashfree Escrow,SWIG-ORD-583303 SWIG-ORD-378212 SWIG-ORD-840350 BATCH-SWIG-1258,455771,9115,0,0,446656,INR,2026-08-02T23:53:00Z,BATCH-SWIG-1258
PO_B01_001259,Cashfree Escrow,UBER-INV-432116 PO_B01_001259,57787,891,0,0,56896,INR,2026-08-02T21:28:00Z,BATCH-UBER-1259
PO_B01_001260,Stripe India,AMZN-INV-242832 PO_B01_001260,253679,5486,0,0,248193,INR,2026-08-03T23:49:00Z,BATCH-AMZN-1260
PO_B01_001261,BillDesk Settlement,MYNT-INV-578831 PO_B01_001261,440555,7041,0,0,433514,INR,2026-08-03T08:17:00Z,BATCH-MYNT-1261
PO_B01_001262,BillDesk Settlement,UBER-ORD-975482 UBER-ORD-142175 BATCH-UBER-1262,272496,5449,0,0,267047,INR,2026-08-03T04:04:00Z,BATCH-UBER-1262
PO_B01_001263,Stripe India,MMTR-INV-857402 PO_B01_001263,96897,2094,0,0,94803,INR,2026-08-03T16:42:00Z,BATCH-MMTR-1263
PO_B01_001264,Razorpay Nodal,UBER-ORD-662903 UBER-ORD-316350 UBER-ORD-816148 BATCH-UBER-1264,318834,6376,0,0,312458,INR,2026-08-03T03:17:00Z,BATCH-UBER-1264
PO_B01_001265,Cashfree Escrow,SWIG-INV-140895 PO_B01_001265,243088,4492,0,0,238596,INR,2026-08-03T18:59:00Z,BATCH-SWIG-1265
PO_B01_001266,Stripe India,NYKA-ORD-208640 NYKA-ORD-825416 NYKA-ORD-470748 BATCH-NYKA-1266,296133,5922,0,0,290211,INR,2026-08-03T11:47:00Z,BATCH-NYKA-1266
PO_B01_001267,Stripe India,TATA-INV-472682 PO_B01_001267,166434,3207,0,0,163227,INR,2026-08-03T09:31:00Z,BATCH-TATA-1267
PO_B01_001268,Razorpay Nodal,SWIG-INV-992763 PO_B01_001268,402425,7955,0,0,394470,INR,2026-08-03T05:05:00Z,BATCH-SWIG-1268
PO_B01_001269,PayU Enterprise,PHNP-INV-353051 PO_B01_001269,58103,1255,0,0,56848,INR,2026-08-03T00:38:00Z,BATCH-PHNP-1269
PO_B01_001270,BillDesk Settlement,OLAA-INV-128636 PO_B01_001270,433672,7018,0,0,426654,INR,2026-08-03T18:01:00Z,BATCH-OLAA-1270
PO_B01_001271,Stripe India,NYKA-ORD-498352 NYKA-ORD-334745 BATCH-NYKA-1271,125203,2504,0,0,122699,INR,2026-08-03T09:20:00Z,BATCH-NYKA-1271
PO_B01_001272,Stripe India,ZOMA-INV-677988 PO_B01_001272,160662,3132,0,0,157530,INR,2026-08-03T04:17:00Z,BATCH-ZOMA-1272
PO_B01_001273,Stripe India,BLNK-INV-201209 PO_B01_001273,268867,5231,0,0,263636,INR,2026-08-03T02:34:00Z,BATCH-BLNK-1273
PO_B01_001274,Stripe India,PHNP-INV-909812 PO_B01_001274,390954,6691,0,0,384263,INR,2026-08-03T09:38:00Z,BATCH-PHNP-1274
PO_B01_001275,BillDesk Settlement,ZOMA-ORD-472258 ZOMA-ORD-109945 BATCH-ZOMA-1275,219454,4389,0,0,215065,INR,2026-08-03T16:43:00Z,BATCH-ZOMA-1275
PO_B01_001276,Stripe India,JIOO-ORD-434849 JIOO-ORD-584303 BATCH-JIOO-1276,333470,6669,0,0,326801,INR,2026-08-03T14:15:00Z,BATCH-JIOO-1276
PO_B01_001277,Stripe India,FLPK-INV-514683 PO_B01_001277,296979,4993,0,0,291986,INR,2026-08-03T10:34:00Z,BATCH-FLPK-1277
PO_B01_001278,Razorpay Nodal,NYKA-INV-445249 PO_B01_001278,174167,3770,0,0,170397,INR,2026-08-02T23:09:00Z,BATCH-NYKA-1278
PO_B01_001279,Razorpay Nodal,BLNK-INV-429602 PO_B01_001279,81864,1867,0,0,79997,INR,2026-08-03T23:03:00Z,BATCH-BLNK-1279
PO_B01_001280,Stripe India,FLPK-INV-601071 PO_B01_001280,71525,1631,0,0,69894,INR,2026-08-03T04:27:00Z,BATCH-FLPK-1280
PO_B01_001281,PayU Enterprise,OLAA-ORD-575063 OLAA-ORD-700526 BATCH-OLAA-1281,385597,7711,0,0,377886,INR,2026-08-03T14:05:00Z,BATCH-OLAA-1281
PO_B01_001282,PayU Enterprise,MMTR-INV-648421 PO_B01_001282,263516,6107,0,0,257409,INR,2026-08-03T06:50:00Z,BATCH-MMTR-1282
PO_B01_001283,PayU Enterprise,PAYT-ORD-214660 PAYT-ORD-525952 BATCH-PAYT-1283,400601,8012,0,0,392589,INR,2026-08-03T01:13:00Z,BATCH-PAYT-1283
PO_B01_001284,Stripe India,MMTR-INV-581213 PO_B01_001284,147908,2344,0,0,145564,INR,2026-08-03T03:23:00Z,BATCH-MMTR-1284
PO_B01_001285,Stripe India,TATA-INV-782812 PO_B01_001285,430293,9598,0,0,420695,INR,2026-08-03T07:58:00Z,BATCH-TATA-1285
PO_B01_001286,PayU Enterprise,PAYT-INV-865403 PO_B01_001286,114231,1786,0,0,112445,INR,2026-08-02T20:54:00Z,BATCH-PAYT-1286
PO_B01_001287,Razorpay Nodal,MMTR-INV-746745 PO_B01_001287,337656,5644,0,0,332012,INR,2026-08-03T06:28:00Z,BATCH-MMTR-1287
PO_B01_001288,PayU Enterprise,MMTR-ORD-835773 MMTR-ORD-103361 MMTR-ORD-788760 BATCH-MMTR-1288,599125,11982,0,0,587143,INR,2026-08-03T14:46:00Z,BATCH-MMTR-1288
PO_B01_001289,Stripe India,PHNP-INV-706493 PO_B01_001289,156815,2473,0,0,154342,INR,2026-08-03T13:58:00Z,BATCH-PHNP-1289
PO_B01_001290,PayU Enterprise,NYKA-INV-173631 PO_B01_001290,49346,915,0,0,48431,INR,2026-08-03T01:23:00Z,BATCH-NYKA-1290
PO_B01_001291,Razorpay Nodal,UBER-ORD-554954 UBER-ORD-393934 BATCH-UBER-1291,202428,4048,0,0,198380,INR,2026-08-03T03:37:00Z,BATCH-UBER-1291
PO_B01_001292,PayU Enterprise,NYKA-INV-862197 PO_B01_001292,113105,1719,0,0,111386,INR,2026-08-03T00:18:00Z,BATCH-NYKA-1292
PO_B01_001293,Razorpay Nodal,PHNP-INV-592653 PO_B01_001293,247273,4635,0,0,242638,INR,2026-08-03T12:26:00Z,BATCH-PHNP-1293
PO_B01_001294,Cashfree Escrow,ZOMA-INV-867691 PO_B01_001294,344481,7461,0,0,337020,INR,2026-08-03T05:21:00Z,BATCH-ZOMA-1294
PO_B01_001295,PayU Enterprise,JIOO-INV-964727 PO_B01_001295,295359,6524,0,0,288835,INR,2026-08-03T15:50:00Z,BATCH-JIOO-1295
PO_B01_001296,Stripe India,UBER-INV-578127 PO_B01_001296,37789,603,0,0,37186,INR,2026-08-03T13:02:00Z,BATCH-UBER-1296
PO_B01_001297,Stripe India,SWIG-INV-239358 PO_B01_001297,359295,6760,0,0,352535,INR,2026-08-03T22:26:00Z,BATCH-SWIG-1297
PO_B01_001298,Stripe India,BKMS-INV-499335 PO_B01_001298,218392,5124,0,0,213268,INR,2026-08-02T22:54:00Z,BATCH-BKMS-1298
PO_B01_001299,Cashfree Escrow,BLNK-INV-949351 PO_B01_001299,110601,1721,0,0,108880,INR,2026-08-03T16:53:00Z,BATCH-BLNK-1299
PO_B01_001300,PayU Enterprise,BKMS-ORD-310822 BKMS-ORD-309634 BKMS-ORD-836334 BATCH-BKMS-1300,608594,12171,0,0,596423,INR,2026-08-03T07:00:00Z,BATCH-BKMS-1300
PO_B01_001301,BillDesk Settlement,UBER-ORD-608583 UBER-ORD-980171 UBER-ORD-211810 BATCH-UBER-1301,238939,4778,0,0,234161,INR,2026-08-03T17:18:00Z,BATCH-UBER-1301
PO_B01_001302,Cashfree Escrow,FLPK-ORD-805309 FLPK-ORD-477560 BATCH-FLPK-1302,195900,3918,0,0,191982,INR,2026-08-03T13:52:00Z,BATCH-FLPK-1302
PO_B01_001303,BillDesk Settlement,PAYT-INV-346370 PO_B01_001303,86548,1531,0,0,85017,INR,2026-08-02T21:56:00Z,BATCH-PAYT-1303
PO_B01_001304,PayU Enterprise,BKMS-INV-812900 PO_B01_001304,323182,7927,0,0,315255,INR,2026-08-03T00:18:00Z,BATCH-BKMS-1304
PO_B01_001305,PayU Enterprise,JIOO-INV-988873 PO_B01_001305,190926,4316,0,0,186610,INR,2026-08-02T17:58:00Z,BATCH-JIOO-1305
PO_B01_001306,Cashfree Escrow,NYKA-INV-410603 PO_B01_001306,266421,5417,0,0,261004,INR,2026-08-03T20:15:00Z,BATCH-NYKA-1306
PO_B01_001307,Razorpay Nodal,UBER-ORD-726823 UBER-ORD-376930 UBER-ORD-254830 BATCH-UBER-1307,423088,8461,0,0,414627,INR,2026-08-03T15:42:00Z,BATCH-UBER-1307
PO_B01_001308,Razorpay Nodal,OLAA-ORD-185938 OLAA-ORD-701723 BATCH-OLAA-1308,391302,7826,0,0,383476,INR,2026-08-03T11:32:00Z,BATCH-OLAA-1308
PO_B01_001309,PayU Enterprise,JIOO-ORD-163641 JIOO-ORD-752360 BATCH-JIOO-1309,113292,2265,0,0,111027,INR,2026-08-03T07:36:00Z,BATCH-JIOO-1309
PO_B01_001310,BillDesk Settlement,BLNK-INV-331110 PO_B01_001310,298654,5663,0,0,292991,INR,2026-08-03T00:54:00Z,BATCH-BLNK-1310
PO_B01_001311,PayU Enterprise,NYKA-INV-680819 PO_B01_001311,250719,5117,0,0,245602,INR,2026-08-02T16:16:00Z,BATCH-NYKA-1311
PO_B01_001312,BillDesk Settlement,FLPK-INV-377670 PO_B01_001312,26743,421,0,0,26322,INR,2026-08-03T06:28:00Z,BATCH-FLPK-1312
PO_B01_001313,Cashfree Escrow,BBAS-INV-862951 PO_B01_001313,209407,5181,0,0,204226,INR,2026-08-03T10:18:00Z,BATCH-BBAS-1313
PO_B01_001314,Stripe India,JIOO-INV-574596 PO_B01_001314,390663,8241,0,0,382422,INR,2026-08-03T09:12:00Z,BATCH-JIOO-1314
PO_B01_001315,PayU Enterprise,JIOO-ORD-710812 JIOO-ORD-214418 BATCH-JIOO-1315,402699,8053,0,0,394646,INR,2026-08-02T22:35:00Z,BATCH-JIOO-1315
PO_B01_001316,Cashfree Escrow,PHNP-INV-383611 PO_B01_001316,222708,3651,0,0,219057,INR,2026-08-03T13:19:00Z,BATCH-PHNP-1316
PO_B01_001317,PayU Enterprise,MYNT-INV-873118 PO_B01_001317,297316,4541,0,0,292775,INR,2026-08-03T04:49:00Z,BATCH-MYNT-1317
PO_B01_001318,Cashfree Escrow,JIOO-ORD-296963 JIOO-ORD-994466 BATCH-JIOO-1318,201285,4025,0,0,197260,INR,2026-08-03T14:31:00Z,BATCH-JIOO-1318
PO_B01_001319,Cashfree Escrow,PAYT-ORD-724189 PAYT-ORD-893111 PAYT-ORD-578212 BATCH-PAYT-1319,345961,6919,0,0,339042,INR,2026-08-03T15:32:00Z,BATCH-PAYT-1319
PO_B01_001320,Cashfree Escrow,ZOMA-ORD-931763 ZOMA-ORD-787681 BATCH-ZOMA-1320,316069,6321,0,0,309748,INR,2026-08-03T15:14:00Z,BATCH-ZOMA-1320
PO_B01_001321,Stripe India,PAYT-EXC-136008-UNRESOLVED,87053,1731,0,0,85322,INR,2026-08-04T06:44:00Z,HOLD-ESCROW
PO_B01_001322,Cashfree Escrow,NYKA-EXC-485057-UNRESOLVED,109593,2181,0,0,107412,INR,2026-08-03T20:23:00Z,HOLD-ESCROW
PO_B01_001323,Stripe India,TATA-ORD-339293 TATA-ORD-910599 BATCH-TATA-1323,59264,1185,0,0,58079,INR,2026-08-03T03:12:00Z,BATCH-TATA-1323
PO_B01_001324,BillDesk Settlement,OLAA-INV-191399 PO_B01_001324,214061,5011,0,0,209050,INR,2026-08-03T02:34:00Z,BATCH-OLAA-1324
PO_B01_001325,Razorpay Nodal,UBER-EXC-868680-UNRESOLVED,135476,2699,0,0,132777,INR,2026-08-03T10:46:00Z,HOLD-ESCROW
PO_B01_001326,PayU Enterprise,AMZN-ORD-687204 AMZN-ORD-477184 AMZN-ORD-202243 BATCH-AMZN-1326,615125,12302,0,0,602823,INR,2026-08-03T12:07:00Z,BATCH-AMZN-1326
PO_B01_001327,Cashfree Escrow,NYKA-INV-745192 PO_B01_001327,63278,1401,0,0,61877,INR,2026-08-03T10:40:00Z,BATCH-NYKA-1327
PO_B01_001328,BillDesk Settlement,UBER-EXC-985340-UNRESOLVED,224978,4489,0,0,220489,INR,2026-08-03T23:25:00Z,HOLD-ESCROW
PO_B01_001329,Stripe India,SWIG-ORD-652053 SWIG-ORD-801052 SWIG-ORD-516580 BATCH-SWIG-1329,527975,10559,0,0,517416,INR,2026-08-03T03:05:00Z,BATCH-SWIG-1329
PO_B01_001330,Stripe India,UBER-INV-283712 PO_B01_001330,168849,3568,0,0,165281,INR,2026-08-03T21:56:00Z,BATCH-UBER-1330
PO_B01_001331,BillDesk Settlement,PAYT-INV-772800 PO_B01_001331,171198,3136,0,0,168062,INR,2026-08-03T00:23:00Z,BATCH-PAYT-1331
PO_B01_001332,PayU Enterprise,NYKA-INV-762319 PO_B01_001332,176422,2829,0,0,173593,INR,2026-08-03T11:44:00Z,BATCH-NYKA-1332
PO_B01_001333,Stripe India,ZOMA-INV-301486 PO_B01_001333,210096,4226,0,0,205870,INR,2026-08-03T13:56:00Z,BATCH-ZOMA-1333
PO_B01_001334,Cashfree Escrow,FLPK-INV-167130 PO_B01_001334,363125,5914,0,0,357211,INR,2026-08-03T04:04:00Z,BATCH-FLPK-1334
PO_B01_001335,Razorpay Nodal,JIOO-INV-759341 PO_B01_001335,215852,5069,0,0,210783,INR,2026-08-03T18:52:00Z,BATCH-JIOO-1335
PO_B01_001336,Razorpay Nodal,SWIG-ORD-270699 SWIG-ORD-263881 SWIG-ORD-338509 BATCH-SWIG-1336,296622,5932,0,0,290690,INR,2026-08-03T11:28:00Z,BATCH-SWIG-1336
PO_B01_001337,Cashfree Escrow,BBAS-INV-319273 PO_B01_001337,315371,6380,0,0,308991,INR,2026-08-03T21:15:00Z,BATCH-BBAS-1337
PO_B01_001338,BillDesk Settlement,NYKA-INV-615880 PO_B01_001338,240174,5392,0,0,234782,INR,2026-08-03T15:48:00Z,BATCH-NYKA-1338
PO_B01_001339,Razorpay Nodal,NYKA-ORD-884466 NYKA-ORD-314200 BATCH-NYKA-1339,189459,3789,0,0,185670,INR,2026-08-03T11:17:00Z,BATCH-NYKA-1339
PO_B01_001340,Razorpay Nodal,MYNT-INV-391102 PO_B01_001340,91490,1505,0,0,89985,INR,2026-08-03T16:15:00Z,BATCH-MYNT-1340
PO_B01_001341,Stripe India,SWIG-INV-965030 PO_B01_001341,113327,2202,0,0,111125,INR,2026-08-03T11:58:00Z,BATCH-SWIG-1341
PO_B01_001342,PayU Enterprise,MMTR-INV-475136 PO_B01_001342,311479,6735,0,0,304744,INR,2026-08-03T16:28:00Z,BATCH-MMTR-1342
PO_B01_001343,Stripe India,MMTR-INV-806737 PO_B01_001343,132340,2999,0,0,129341,INR,2026-08-03T07:30:00Z,BATCH-MMTR-1343
PO_B01_001344,Cashfree Escrow,UBER-INV-603846 PO_B01_001344,136958,2098,0,0,134860,INR,2026-08-02T23:42:00Z,BATCH-UBER-1344
PO_B01_001345,PayU Enterprise,BKMS-INV-113251 PO_B01_001345,449622,9805,0,0,439817,INR,2026-08-02T23:25:00Z,BATCH-BKMS-1345
PO_B01_001346,PayU Enterprise,SWIG-INV-598291 PO_B01_001346,142699,2476,0,0,140223,INR,2026-08-03T00:01:00Z,BATCH-SWIG-1346
PO_B01_001347,PayU Enterprise,BLNK-INV-274852 PO_B01_001347,387973,6116,0,0,381857,INR,2026-08-03T04:17:00Z,BATCH-BLNK-1347
PO_B01_001348,Stripe India,ZOMA-INV-945963 PO_B01_001348,298491,6207,0,0,292284,INR,2026-08-03T10:36:00Z,BATCH-ZOMA-1348
PO_B01_001349,Razorpay Nodal,PHNP-INV-133152 PO_B01_001349,168911,4047,0,0,164864,INR,2026-08-03T07:39:00Z,BATCH-PHNP-1349
PO_B01_001350,PayU Enterprise,UBER-INV-958905 PO_B01_001350,145987,3075,0,0,142912,INR,2026-08-03T15:05:00Z,BATCH-UBER-1350
PO_B01_001351,BillDesk Settlement,FLPK-ORD-782134 FLPK-ORD-304352 BATCH-FLPK-1351,127061,2541,0,0,124520,INR,2026-08-03T15:15:00Z,BATCH-FLPK-1351
PO_B01_001352,Stripe India,PAYT-INV-578702 PO_B01_001352,58194,1298,0,0,56896,INR,2026-08-03T20:04:00Z,BATCH-PAYT-1352
PO_B01_001353,BillDesk Settlement,NYKA-INV-841648 PO_B01_001353,252123,6267,0,0,245856,INR,2026-08-03T15:47:00Z,BATCH-NYKA-1353
PO_B01_001354,PayU Enterprise,PHNP-EXC-922962-UNRESOLVED,199454,3979,0,0,195475,INR,2026-08-03T23:00:00Z,HOLD-ESCROW
PO_B01_001355,Cashfree Escrow,JIOO-ORD-302541 JIOO-ORD-771564 BATCH-JIOO-1355,180248,3604,0,0,176644,INR,2026-08-02T22:25:00Z,BATCH-JIOO-1355
PO_B01_001356,Stripe India,FLPK-ORD-548515 FLPK-ORD-166575 FLPK-ORD-548654 BATCH-FLPK-1356,436650,8733,0,0,427917,INR,2026-08-02T22:05:00Z,BATCH-FLPK-1356
PO_B01_001357,Razorpay Nodal,MYNT-ORD-547841 MYNT-ORD-818927 BATCH-MYNT-1357,177602,3552,0,0,174050,INR,2026-08-03T02:21:00Z,BATCH-MYNT-1357
PO_B01_001358,BillDesk Settlement,AMZN-INV-605013 PO_B01_001358,354336,7505,0,0,346831,INR,2026-08-03T01:25:00Z,BATCH-AMZN-1358
PO_B01_001359,Stripe India,NYKA-INV-992265 PO_B01_001359,242462,5754,0,0,236708,INR,2026-08-03T10:33:00Z,BATCH-NYKA-1359
PO_B01_001360,Razorpay Nodal,TATA-INV-874896 PO_B01_001360,303939,7088,0,0,296851,INR,2026-08-03T02:29:00Z,BATCH-TATA-1360
PO_B01_001361,Razorpay Nodal,OLAA-INV-789203 PO_B01_001361,228653,3804,0,0,224849,INR,2026-08-02T17:33:00Z,BATCH-OLAA-1361
PO_B01_001362,PayU Enterprise,ZOMA-INV-623999 PO_B01_001362,367269,8176,0,0,359093,INR,2026-08-03T03:12:00Z,BATCH-ZOMA-1362
PO_B01_001363,Stripe India,MYNT-INV-341516 PO_B01_001363,163908,3036,0,0,160872,INR,2026-08-03T04:14:00Z,BATCH-MYNT-1363
PO_B01_001364,Razorpay Nodal,SWIG-INV-890578 PO_B01_001364,177669,4157,0,0,173512,INR,2026-08-03T07:51:00Z,BATCH-SWIG-1364
PO_B01_001365,Stripe India,BLNK-ORD-359803 BLNK-ORD-592105 BATCH-BLNK-1365,372561,7451,0,0,365110,INR,2026-08-02T22:27:00Z,BATCH-BLNK-1365
PO_B01_001366,BillDesk Settlement,MYNT-INV-398412 PO_B01_001366,254060,5183,0,0,248877,INR,2026-08-02T21:38:00Z,BATCH-MYNT-1366
PO_B01_001367,Razorpay Nodal,OLAA-INV-937038 PO_B01_001367,387606,6674,0,0,380932,INR,2026-08-03T12:57:00Z,BATCH-OLAA-1367
PO_B01_001368,Stripe India,OLAA-INV-249297 PO_B01_001368,168071,2722,0,0,165349,INR,2026-08-03T20:18:00Z,BATCH-OLAA-1368
PO_B01_001369,BillDesk Settlement,AMZN-INV-512203 PO_B01_001369,347450,6908,0,0,340542,INR,2026-08-02T15:19:00Z,BATCH-AMZN-1369
PO_B01_001370,Razorpay Nodal,BBAS-INV-438872 PO_B01_001370,421207,10109,0,0,411098,INR,2026-08-03T10:44:00Z,BATCH-BBAS-1370
PO_B01_001371,Razorpay Nodal,PAYT-INV-461689 PO_B01_001371,269038,6516,0,0,262522,INR,2026-08-03T04:22:00Z,BATCH-PAYT-1371
PO_B01_001372,Razorpay Nodal,MYNT-EXC-204399-UNRESOLVED,164993,3289,0,0,161704,INR,2026-08-03T16:32:00Z,HOLD-ESCROW
PO_B01_001373,BillDesk Settlement,TATA-INV-102014 PO_B01_001373,289153,7116,0,0,282037,INR,2026-08-03T05:58:00Z,BATCH-TATA-1373
PO_B01_001374,Razorpay Nodal,PAYT-ORD-408798 PAYT-ORD-378041 PAYT-ORD-546508 BATCH-PAYT-1374,666960,13339,0,0,653621,INR,2026-08-03T01:17:00Z,BATCH-PAYT-1374
PO_B01_001375,Razorpay Nodal,NYKA-INV-920346 PO_B01_001375,312603,5077,0,0,307526,INR,2026-08-03T22:46:00Z,BATCH-NYKA-1375
PO_B01_001376,Stripe India,MMTR-INV-884646 PO_B01_001376,105886,1678,0,0,104208,INR,2026-08-02T19:08:00Z,BATCH-MMTR-1376
PO_B01_001377,Stripe India,PHNP-INV-127715 PO_B01_001377,300985,5326,0,0,295659,INR,2026-08-03T09:19:00Z,BATCH-PHNP-1377
PO_B01_001378,Razorpay Nodal,AMZN-EXC-365349-UNRESOLVED,93094,1851,0,0,91243,INR,2026-08-03T19:29:00Z,HOLD-ESCROW
PO_B01_001379,PayU Enterprise,OLAA-INV-552543 PO_B01_001379,351101,5919,0,0,345182,INR,2026-08-02T23:57:00Z,BATCH-OLAA-1379
PO_B01_001380,Cashfree Escrow,BLNK-INV-974629 PO_B01_001380,251574,5808,0,0,245766,INR,2026-08-03T20:52:00Z,BATCH-BLNK-1380
PO_B01_001381,Cashfree Escrow,UBER-ORD-564357 UBER-ORD-743590 BATCH-UBER-1381,258729,5174,0,0,253555,INR,2026-08-03T11:16:00Z,BATCH-UBER-1381
PO_B01_001382,BillDesk Settlement,ZOMA-INV-737566 PO_B01_001382,404330,9696,0,0,394634,INR,2026-08-03T04:53:00Z,BATCH-ZOMA-1382
PO_B01_001383,Razorpay Nodal,ZOMA-ORD-659055 ZOMA-ORD-469039 BATCH-ZOMA-1383,349467,6989,0,0,342478,INR,2026-08-03T13:01:00Z,BATCH-ZOMA-1383
PO_B01_001384,Razorpay Nodal,OLAA-INV-955574 PO_B01_001384,33361,806,0,0,32555,INR,2026-08-03T15:25:00Z,BATCH-OLAA-1384
PO_B01_001385,BillDesk Settlement,FLPK-INV-180686 PO_B01_001385,55967,1078,0,0,54889,INR,2026-08-03T02:02:00Z,BATCH-FLPK-1385
PO_B01_001386,BillDesk Settlement,BBAS-INV-365024 PO_B01_001386,278495,6147,0,0,272348,INR,2026-08-03T05:31:00Z,BATCH-BBAS-1386
PO_B01_001387,Cashfree Escrow,UBER-INV-754351 PO_B01_001387,332295,5715,0,0,326580,INR,2026-08-03T16:04:00Z,BATCH-UBER-1387
PO_B01_001388,PayU Enterprise,FLPK-INV-230619 PO_B01_001388,31549,593,0,0,30956,INR,2026-08-02T16:11:00Z,BATCH-FLPK-1388
PO_B01_001389,PayU Enterprise,BLNK-EXC-475469-UNRESOLVED,289371,5777,0,0,283594,INR,2026-08-03T20:31:00Z,HOLD-ESCROW
PO_B01_001390,BillDesk Settlement,ZOMA-INV-922836 PO_B01_001390,287038,4655,0,0,282383,INR,2026-08-03T08:57:00Z,BATCH-ZOMA-1390
PO_B01_001391,Stripe India,NYKA-ORD-353903 NYKA-ORD-902495 BATCH-NYKA-1391,156185,3123,0,0,153062,INR,2026-08-03T06:50:00Z,BATCH-NYKA-1391
PO_B01_001392,BillDesk Settlement,FLPK-ORD-179846 FLPK-ORD-305235 BATCH-FLPK-1392,344044,6880,0,0,337164,INR,2026-08-03T02:23:00Z,BATCH-FLPK-1392
PO_B01_001393,Cashfree Escrow,MMTR-INV-892036 PO_B01_001393,147156,2752,0,0,144404,INR,2026-08-02T23:39:00Z,BATCH-MMTR-1393
PO_B01_001394,BillDesk Settlement,FLPK-ORD-905805 FLPK-ORD-851880 BATCH-FLPK-1394,134831,2696,0,0,132135,INR,2026-08-03T18:18:00Z,BATCH-FLPK-1394
PO_B01_001395,Stripe India,BKMS-INV-938891 PO_B01_001395,366488,8773,0,0,357715,INR,2026-08-03T00:34:00Z,BATCH-BKMS-1395
PO_B01_001396,Razorpay Nodal,BBAS-INV-314304 PO_B01_001396,431715,8425,0,0,423290,INR,2026-08-03T11:43:00Z,BATCH-BBAS-1396
PO_B01_001397,Razorpay Nodal,OLAA-INV-918341 PO_B01_001397,69240,1615,0,0,67625,INR,2026-08-03T00:26:00Z,BATCH-OLAA-1397
PO_B01_001398,Stripe India,FLPK-EXC-150994-UNRESOLVED,106242,2114,0,0,104128,INR,2026-08-04T01:51:00Z,HOLD-ESCROW
PO_B01_001399,Stripe India,MYNT-INV-932563 PO_B01_001399,431859,8686,0,0,423173,INR,2026-08-03T09:49:00Z,BATCH-MYNT-1399
PO_B01_001400,Razorpay Nodal,NYKA-ORD-295640 NYKA-ORD-322326 BATCH-NYKA-1400,227485,4549,0,0,222936,INR,2026-08-03T15:20:00Z,BATCH-NYKA-1400
PO_B01_001401,Stripe India,MYNT-INV-740482 PO_B01_001401,33497,733,0,0,32764,INR,2026-08-03T08:07:00Z,BATCH-MYNT-1401
PO_B01_001402,BillDesk Settlement,MYNT-ORD-911320 MYNT-ORD-283494 BATCH-MYNT-1402,145626,2912,0,0,142714,INR,2026-08-03T09:35:00Z,BATCH-MYNT-1402
PO_B01_001403,BillDesk Settlement,JIOO-INV-619757 PO_B01_001403,357367,8789,0,0,348578,INR,2026-08-03T22:33:00Z,BATCH-JIOO-1403
PO_B01_001404,BillDesk Settlement,UBER-INV-806107 PO_B01_001404,392853,9535,0,0,383318,INR,2026-08-02T22:20:00Z,BATCH-UBER-1404
PO_B01_001405,PayU Enterprise,NYKA-INV-491629 PO_B01_001405,101167,2332,0,0,98835,INR,2026-08-02T21:57:00Z,BATCH-NYKA-1405
PO_B01_001406,Stripe India,FLPK-INV-110430 PO_B01_001406,393730,7820,0,0,385910,INR,2026-08-03T03:11:00Z,BATCH-FLPK-1406
PO_B01_001407,Cashfree Escrow,SWIG-INV-699225 PO_B01_001407,298221,4948,0,0,293273,INR,2026-08-03T06:19:00Z,BATCH-SWIG-1407
PO_B01_001408,BillDesk Settlement,ZOMA-INV-863607 PO_B01_001408,341537,7607,0,0,333930,INR,2026-08-02T20:54:00Z,BATCH-ZOMA-1408
PO_B01_001409,Cashfree Escrow,SWIG-INV-683853 PO_B01_001409,269668,5975,0,0,263693,INR,2026-08-03T02:08:00Z,BATCH-SWIG-1409
PO_B01_001410,Cashfree Escrow,SWIG-INV-655511 PO_B01_001410,44968,694,0,0,44274,INR,2026-08-03T19:06:00Z,BATCH-SWIG-1410
PO_B01_001411,BillDesk Settlement,ZOMA-INV-909586 PO_B01_001411,154963,3098,0,0,151865,INR,2026-08-03T10:45:00Z,BATCH-ZOMA-1411
PO_B01_001412,BillDesk Settlement,ZOMA-INV-808483 PO_B01_001412,408790,8641,0,0,400149,INR,2026-08-03T09:48:00Z,BATCH-ZOMA-1412
PO_B01_001413,Cashfree Escrow,MMTR-ORD-226633 MMTR-ORD-954144 MMTR-ORD-410348 BATCH-MMTR-1413,422641,8452,0,0,414189,INR,2026-08-03T11:49:00Z,BATCH-MMTR-1413
PO_B01_001414,Cashfree Escrow,TATA-ORD-277035 TATA-ORD-486024 TATA-ORD-765490 BATCH-TATA-1414,365504,7310,0,0,358194,INR,2026-08-03T05:54:00Z,BATCH-TATA-1414
PO_B01_001415,Cashfree Escrow,MMTR-INV-198537 PO_B01_001415,343450,6922,0,0,336528,INR,2026-08-03T03:21:00Z,BATCH-MMTR-1415
PO_B01_001416,Razorpay Nodal,MYNT-EXC-299278-UNRESOLVED,162997,3249,0,0,159748,INR,2026-08-03T16:14:00Z,HOLD-ESCROW
PO_B01_001417,Stripe India,NYKA-INV-618510 PO_B01_001417,110421,2336,0,0,108085,INR,2026-08-02T22:25:00Z,BATCH-NYKA-1417
PO_B01_001418,Cashfree Escrow,PAYT-INV-369927 PO_B01_001418,27225,420,0,0,26805,INR,2026-08-03T20:28:00Z,BATCH-PAYT-1418
PO_B01_001419,BillDesk Settlement,MMTR-ORD-674408 MMTR-ORD-502147 BATCH-MMTR-1419,373563,7471,0,0,366092,INR,2026-08-03T15:38:00Z,BATCH-MMTR-1419
PO_B01_001420,Razorpay Nodal,PAYT-INV-131168 PO_B01_001420,76770,1587,0,0,75183,INR,2026-08-02T20:40:00Z,BATCH-PAYT-1420
PO_B01_001421,BillDesk Settlement,TATA-INV-404594 PO_B01_001421,365121,7547,0,0,357574,INR,2026-08-02T23:27:00Z,BATCH-TATA-1421
PO_B01_001422,Razorpay Nodal,UBER-ORD-897822 UBER-ORD-360275 BATCH-UBER-1422,239097,4781,0,0,234316,INR,2026-08-02T21:35:00Z,BATCH-UBER-1422
PO_B01_001423,Cashfree Escrow,FLPK-INV-360314 PO_B01_001423,314528,5617,0,0,308911,INR,2026-08-03T04:15:00Z,BATCH-FLPK-1423
PO_B01_001424,BillDesk Settlement,ZOMA-ORD-534621 ZOMA-ORD-919333 BATCH-ZOMA-1424,330332,6606,0,0,323726,INR,2026-08-03T10:49:00Z,BATCH-ZOMA-1424
PO_B01_001425,Razorpay Nodal,BBAS-INV-486428 PO_B01_001425,365380,8452,0,0,356928,INR,2026-08-03T08:32:00Z,BATCH-BBAS-1425
PO_B01_001426,Razorpay Nodal,FLPK-ORD-730179 FLPK-ORD-537995 BATCH-FLPK-1426,188616,3772,0,0,184844,INR,2026-08-03T14:15:00Z,BATCH-FLPK-1426
PO_B01_001427,PayU Enterprise,PAYT-INV-411236 PO_B01_001427,142361,2840,0,0,139521,INR,2026-08-03T13:02:00Z,BATCH-PAYT-1427
PO_B01_001428,Cashfree Escrow,NYKA-ORD-640679 NYKA-ORD-281961 BATCH-NYKA-1428,208401,4168,0,0,204233,INR,2026-08-03T01:20:00Z,BATCH-NYKA-1428
PO_B01_001429,Razorpay Nodal,ZOMA-INV-170459 PO_B01_001429,389805,7837,0,0,381968,INR,2026-08-03T10:43:00Z,BATCH-ZOMA-1429
PO_B01_001430,Cashfree Escrow,OLAA-INV-293065 PO_B01_001430,153831,2962,0,0,150869,INR,2026-08-03T01:20:00Z,BATCH-OLAA-1430
PO_B01_001431,PayU Enterprise,BBAS-INV-486612 PO_B01_001431,331199,5108,0,0,326091,INR,2026-08-02T13:07:00Z,BATCH-BBAS-1431
PO_B01_001432,BillDesk Settlement,SWIG-INV-314780 PO_B01_001432,151253,2744,0,0,148509,INR,2026-08-03T08:30:00Z,BATCH-SWIG-1432
PO_B01_001433,BillDesk Settlement,OLAA-INV-139165 PO_B01_001433,199975,3553,0,0,196422,INR,2026-08-03T03:55:00Z,BATCH-OLAA-1433
PO_B01_001434,Razorpay Nodal,SWIG-ORD-744419 SWIG-ORD-148723 SWIG-ORD-268924 BATCH-SWIG-1434,213697,4273,0,0,209424,INR,2026-08-03T05:58:00Z,BATCH-SWIG-1434
PO_B01_001435,Stripe India,ZOMA-INV-522524 PO_B01_001435,366865,7551,0,0,359314,INR,2026-08-03T18:11:00Z,BATCH-ZOMA-1435
PO_B01_001436,Stripe India,PAYT-INV-339780 PO_B01_001436,364566,8410,0,0,356156,INR,2026-08-03T09:11:00Z,BATCH-PAYT-1436
PO_B01_001437,Stripe India,SWIG-INV-432369 PO_B01_001437,233403,4497,0,0,228906,INR,2026-08-03T01:42:00Z,BATCH-SWIG-1437
PO_B01_001438,PayU Enterprise,JIOO-INV-195947 PO_B01_001438,323825,7378,0,0,316447,INR,2026-08-03T13:36:00Z,BATCH-JIOO-1438
PO_B01_001439,BillDesk Settlement,NYKA-INV-434800 PO_B01_001439,154019,3789,0,0,150230,INR,2026-08-02T19:50:00Z,BATCH-NYKA-1439
PO_B01_001440,Cashfree Escrow,JIOO-INV-522811 PO_B01_001440,319711,6379,0,0,313332,INR,2026-08-02T23:20:00Z,BATCH-JIOO-1440
PO_B01_001441,PayU Enterprise,OLAA-INV-572359 PO_B01_001441,307520,4758,0,0,302762,INR,2026-08-03T11:28:00Z,BATCH-OLAA-1441
PO_B01_001442,PayU Enterprise,BKMS-INV-220254 PO_B01_001442,291851,7112,0,0,284739,INR,2026-08-02T21:19:00Z,BATCH-BKMS-1442
PO_B01_001443,PayU Enterprise,UBER-INV-422740 PO_B01_001443,86258,2015,0,0,84243,INR,2026-08-03T00:00:00Z,BATCH-UBER-1443
PO_B01_001444,BillDesk Settlement,UBER-ORD-919710 UBER-ORD-474456 UBER-ORD-688992 BATCH-UBER-1444,245941,4918,0,0,241023,INR,2026-08-03T04:01:00Z,BATCH-UBER-1444
PO_B01_001445,Stripe India,BLNK-INV-787389 PO_B01_001445,81434,1227,0,0,80207,INR,2026-08-04T01:16:00Z,BATCH-BLNK-1445
PO_B01_001446,PayU Enterprise,JIOO-INV-958595 PO_B01_001446,231540,5344,0,0,226196,INR,2026-08-03T10:38:00Z,BATCH-JIOO-1446
PO_B01_001447,PayU Enterprise,BLNK-INV-772948 PO_B01_001447,143471,2468,0,0,141003,INR,2026-08-03T05:07:00Z,BATCH-BLNK-1447
PO_B01_001448,BillDesk Settlement,MYNT-INV-170621 PO_B01_001448,321636,6534,0,0,315102,INR,2026-08-02T23:05:00Z,BATCH-MYNT-1448
PO_B01_001449,Stripe India,MYNT-ORD-887096 MYNT-ORD-643117 MYNT-ORD-358454 BATCH-MYNT-1449,203400,4068,0,0,199332,INR,2026-08-03T12:18:00Z,BATCH-MYNT-1449
PO_B01_001450,Cashfree Escrow,BBAS-ORD-229368 BBAS-ORD-306671 BBAS-ORD-361420 BATCH-BBAS-1450,374418,7488,0,0,366930,INR,2026-08-02T22:15:00Z,BATCH-BBAS-1450
PO_B01_001451,Stripe India,PAYT-INV-110635 PO_B01_001451,303194,4756,0,0,298438,INR,2026-08-03T14:11:00Z,BATCH-PAYT-1451
PO_B01_001452,Cashfree Escrow,BLNK-INV-337211 PO_B01_001452,130072,2469,0,0,127603,INR,2026-08-03T13:33:00Z,BATCH-BLNK-1452
PO_B01_001453,Cashfree Escrow,MYNT-INV-559308 PO_B01_001453,358265,6960,0,0,351305,INR,2026-08-03T13:15:00Z,BATCH-MYNT-1453
PO_B01_001454,Cashfree Escrow,PHNP-ORD-246585 PHNP-ORD-196124 BATCH-PHNP-1454,110186,2203,0,0,107983,INR,2026-08-03T15:27:00Z,BATCH-PHNP-1454
PO_B01_001455,Cashfree Escrow,SWIG-INV-268379 PO_B01_001455,360955,5990,0,0,354965,INR,2026-08-03T12:03:00Z,BATCH-SWIG-1455
PO_B01_001456,PayU Enterprise,ZOMA-ORD-853868 ZOMA-ORD-671298 BATCH-ZOMA-1456,147018,2940,0,0,144078,INR,2026-08-03T12:38:00Z,BATCH-ZOMA-1456
PO_B01_001457,BillDesk Settlement,NYKA-INV-783894 PO_B01_001457,147336,2888,0,0,144448,INR,2026-08-02T20:00:00Z,BATCH-NYKA-1457
PO_B01_001458,BillDesk Settlement,MYNT-ORD-232283 MYNT-ORD-889213 MYNT-ORD-741867 BATCH-MYNT-1458,327617,6552,0,0,321065,INR,2026-08-03T18:35:00Z,BATCH-MYNT-1458
PO_B01_001459,Cashfree Escrow,JIOO-INV-556672 PO_B01_001459,96365,2316,0,0,94049,INR,2026-08-03T11:39:00Z,BATCH-JIOO-1459
PO_B01_001460,PayU Enterprise,MYNT-ORD-807819 MYNT-ORD-129930 BATCH-MYNT-1460,186152,3723,0,0,182429,INR,2026-08-03T15:27:00Z,BATCH-MYNT-1460
PO_B01_001461,BillDesk Settlement,MMTR-INV-655926 PO_B01_001461,99515,2449,0,0,97066,INR,2026-08-03T00:05:00Z,BATCH-MMTR-1461
PO_B01_001462,PayU Enterprise,UBER-ORD-383109 UBER-ORD-938577 BATCH-UBER-1462,133945,2678,0,0,131267,INR,2026-08-03T10:44:00Z,BATCH-UBER-1462
PO_B01_001463,Razorpay Nodal,JIOO-INV-974955 PO_B01_001463,87010,1369,0,0,85641,INR,2026-08-03T08:50:00Z,BATCH-JIOO-1463
PO_B01_001464,BillDesk Settlement,BBAS-INV-517801 PO_B01_001464,266663,4749,0,0,261914,INR,2026-08-03T07:58:00Z,BATCH-BBAS-1464
PO_B01_001465,Cashfree Escrow,JIOO-INV-130018 PO_B01_001465,213524,4265,0,0,209259,INR,2026-08-03T11:06:00Z,BATCH-JIOO-1465
PO_B01_001466,Stripe India,MMTR-INV-341917 PO_B01_001466,252167,4664,0,0,247503,INR,2026-08-03T12:42:00Z,BATCH-MMTR-1466
PO_B01_001467,Stripe India,FLPK-ORD-107421 FLPK-ORD-911430 BATCH-FLPK-1467,379445,7588,0,0,371857,INR,2026-08-02T22:38:00Z,BATCH-FLPK-1467
PO_B01_001468,BillDesk Settlement,PHNP-EXC-248948-UNRESOLVED,54091,1071,0,0,53020,INR,2026-08-03T13:05:00Z,HOLD-ESCROW
PO_B01_001469,Cashfree Escrow,JIOO-ORD-243542 JIOO-ORD-645291 BATCH-JIOO-1469,233765,4675,0,0,229090,INR,2026-08-02T23:17:00Z,BATCH-JIOO-1469
PO_B01_001470,Stripe India,MMTR-INV-952501 PO_B01_001470,328081,7021,0,0,321060,INR,2026-08-03T06:06:00Z,BATCH-MMTR-1470
PO_B01_001471,Cashfree Escrow,JIOO-INV-966275 PO_B01_001471,100798,2283,0,0,98515,INR,2026-08-03T16:28:00Z,BATCH-JIOO-1471
PO_B01_001472,Razorpay Nodal,SWIG-ORD-469200 SWIG-ORD-950614 BATCH-SWIG-1472,227514,4550,0,0,222964,INR,2026-08-02T23:22:00Z,BATCH-SWIG-1472
PO_B01_001473,BillDesk Settlement,AMZN-ORD-271878 AMZN-ORD-909001 BATCH-AMZN-1473,272042,5440,0,0,266602,INR,2026-08-03T16:56:00Z,BATCH-AMZN-1473
PO_B01_001474,Razorpay Nodal,PHNP-INV-250189 PO_B01_001474,363337,6971,0,0,356366,INR,2026-08-03T01:47:00Z,BATCH-PHNP-1474
PO_B01_001475,BillDesk Settlement,OLAA-INV-610929 PO_B01_001475,84386,1268,0,0,83118,INR,2026-08-03T13:07:00Z,BATCH-OLAA-1475
PO_B01_001476,Cashfree Escrow,PAYT-INV-702327 PO_B01_001476,226538,5343,0,0,221195,INR,2026-08-03T11:50:00Z,BATCH-PAYT-1476
PO_B01_001477,Razorpay Nodal,ZOMA-ORD-188111 ZOMA-ORD-820891 BATCH-ZOMA-1477,135158,2703,0,0,132455,INR,2026-08-02T22:08:00Z,BATCH-ZOMA-1477
PO_B01_001478,Razorpay Nodal,MMTR-INV-458243 PO_B01_001478,212408,5261,0,0,207147,INR,2026-08-03T13:22:00Z,BATCH-MMTR-1478
PO_B01_001479,BillDesk Settlement,JIOO-INV-852185 PO_B01_001479,399267,8475,0,0,390792,INR,2026-08-02T21:15:00Z,BATCH-JIOO-1479
PO_B01_001480,PayU Enterprise,FLPK-INV-921154 PO_B01_001480,401395,6827,0,0,394568,INR,2026-08-02T21:49:00Z,BATCH-FLPK-1480
PO_B01_001481,PayU Enterprise,AMZN-ORD-873067 AMZN-ORD-319406 BATCH-AMZN-1481,395381,7907,0,0,387474,INR,2026-08-03T14:37:00Z,BATCH-AMZN-1481
PO_B01_001482,BillDesk Settlement,BKMS-INV-642035 PO_B01_001482,118309,2611,0,0,115698,INR,2026-08-03T10:05:00Z,BATCH-BKMS-1482
PO_B01_001483,BillDesk Settlement,PAYT-INV-437530 PO_B01_001483,277635,6841,0,0,270794,INR,2026-08-04T00:50:00Z,BATCH-PAYT-1483
PO_B01_001484,Razorpay Nodal,JIOO-INV-829830 PO_B01_001484,340836,7374,0,0,333462,INR,2026-08-03T11:12:00Z,BATCH-JIOO-1484
PO_B01_001485,BillDesk Settlement,SWIG-INV-862306 PO_B01_001485,288945,5567,0,0,283378,INR,2026-08-02T23:21:00Z,BATCH-SWIG-1485
PO_B01_001486,Razorpay Nodal,MMTR-ORD-788887 MMTR-ORD-651074 MMTR-ORD-211022 BATCH-MMTR-1486,420059,8401,0,0,411658,INR,2026-08-03T17:58:00Z,BATCH-MMTR-1486
PO_B01_001487,PayU Enterprise,MMTR-INV-212821 PO_B01_001487,306923,4918,0,0,302005,INR,2026-08-03T20:57:00Z,BATCH-MMTR-1487
PO_B01_001488,BillDesk Settlement,NYKA-INV-988514 PO_B01_001488,338436,5379,0,0,333057,INR,2026-08-03T03:44:00Z,BATCH-NYKA-1488
PO_B01_001489,Cashfree Escrow,UBER-INV-477302 PO_B01_001489,64809,1553,0,0,63256,INR,2026-08-03T19:47:00Z,BATCH-UBER-1489
PO_B01_001490,PayU Enterprise,MYNT-INV-332444 PO_B01_001490,243413,5007,0,0,238406,INR,2026-08-03T09:53:00Z,BATCH-MYNT-1490
PO_B01_001491,PayU Enterprise,TATA-INV-796192 PO_B01_001491,242083,5335,0,0,236748,INR,2026-08-02T17:50:00Z,BATCH-TATA-1491
PO_B01_001492,Cashfree Escrow,PAYT-INV-981684 PO_B01_001492,111059,2590,0,0,108469,INR,2026-08-03T17:15:00Z,BATCH-PAYT-1492
PO_B01_001493,BillDesk Settlement,SWIG-INV-707570 PO_B01_001493,430405,8061,0,0,422344,INR,2026-08-03T08:52:00Z,BATCH-SWIG-1493
PO_B01_001494,Razorpay Nodal,PAYT-INV-793587 PO_B01_001494,353760,8414,0,0,345346,INR,2026-08-03T01:31:00Z,BATCH-PAYT-1494
PO_B01_001495,Stripe India,PHNP-INV-886854 PO_B01_001495,351006,6626,0,0,344380,INR,2026-08-03T00:56:00Z,BATCH-PHNP-1495
PO_B01_001496,Razorpay Nodal,BKMS-INV-381658 PO_B01_001496,215926,3313,0,0,212613,INR,2026-08-03T09:44:00Z,BATCH-BKMS-1496
PO_B01_001497,PayU Enterprise,PAYT-INV-440314 PO_B01_001497,386361,8097,0,0,378264,INR,2026-08-03T03:42:00Z,BATCH-PAYT-1497
PO_B01_001498,Razorpay Nodal,JIOO-EXC-235190-UNRESOLVED,56570,1121,0,0,55449,INR,2026-08-04T01:35:00Z,HOLD-ESCROW
PO_B01_001499,BillDesk Settlement,OLAA-INV-988660 PO_B01_001499,76034,1821,0,0,74213,INR,2026-08-03T14:38:00Z,BATCH-OLAA-1499
PO_B01_001500,PayU Enterprise,TATA-INV-280577 PO_B01_001500,198194,4081,0,0,194113,INR,2026-08-03T08:40:00Z,BATCH-TATA-1500
PO_B01_001501,Cashfree Escrow,FLPK-INV-201146 PO_B01_001501,307962,7472,0,0,300490,INR,2026-08-03T16:46:00Z,BATCH-FLPK-1501
PO_B01_001502,BillDesk Settlement,MMTR-INV-953332 PO_B01_001502,335686,7062,0,0,328624,INR,2026-08-02T22:32:00Z,BATCH-MMTR-1502
PO_B01_001503,Stripe India,BBAS-INV-722884 PO_B01_001503,92349,1749,0,0,90600,INR,2026-08-04T01:22:00Z,BATCH-BBAS-1503
PO_B01_001504,BillDesk Settlement,JIOO-ORD-752326 JIOO-ORD-882123 BATCH-JIOO-1504,123712,2474,0,0,121238,INR,2026-08-03T17:35:00Z,BATCH-JIOO-1504
PO_B01_001505,Razorpay Nodal,BBAS-INV-731487 PO_B01_001505,206602,3794,0,0,202808,INR,2026-08-03T14:05:00Z,BATCH-BBAS-1505
PO_B01_001506,Stripe India,TATA-ORD-919601 TATA-ORD-143329 TATA-ORD-262124 BATCH-TATA-1506,387716,7754,0,0,379962,INR,2026-08-02T21:06:00Z,BATCH-TATA-1506
PO_B01_001507,Stripe India,MYNT-INV-389137 PO_B01_001507,61898,1008,0,0,60890,INR,2026-08-03T13:16:00Z,BATCH-MYNT-1507
PO_B01_001508,PayU Enterprise,BKMS-INV-536702 PO_B01_001508,124177,2457,0,0,121720,INR,2026-08-03T07:45:00Z,BATCH-BKMS-1508
PO_B01_001509,BillDesk Settlement,BKMS-EXC-572317-UNRESOLVED,124139,2472,0,0,121667,INR,2026-08-03T18:59:00Z,HOLD-ESCROW
PO_B01_001510,BillDesk Settlement,TATA-INV-544566 PO_B01_001510,61103,1043,0,0,60060,INR,2026-08-03T00:28:00Z,BATCH-TATA-1510
PO_B01_001511,Cashfree Escrow,BBAS-INV-329770 PO_B01_001511,216395,4666,0,0,211729,INR,2026-08-03T05:47:00Z,BATCH-BBAS-1511
PO_B01_001512,PayU Enterprise,JIOO-INV-945763 PO_B01_001512,393915,7493,0,0,386422,INR,2026-08-03T07:34:00Z,BATCH-JIOO-1512
PO_B01_001513,Cashfree Escrow,MMTR-INV-121405 PO_B01_001513,421451,6438,0,0,415013,INR,2026-08-03T13:01:00Z,BATCH-MMTR-1513
PO_B01_001514,PayU Enterprise,SWIG-INV-103941 PO_B01_001514,195586,4052,0,0,191534,INR,2026-08-02T21:11:00Z,BATCH-SWIG-1514
PO_B01_001515,Razorpay Nodal,JIOO-INV-229721 PO_B01_001515,288529,4421,0,0,284108,INR,2026-08-03T09:08:00Z,BATCH-JIOO-1515
PO_B01_001516,Cashfree Escrow,BKMS-INV-222587 PO_B01_001516,80187,1776,0,0,78411,INR,2026-08-03T05:30:00Z,BATCH-BKMS-1516
PO_B01_001517,Razorpay Nodal,FLPK-ORD-289312 FLPK-ORD-268855 FLPK-ORD-950096 BATCH-FLPK-1517,486826,9736,0,0,477090,INR,2026-08-03T16:04:00Z,BATCH-FLPK-1517
PO_B01_001518,PayU Enterprise,BLNK-INV-379572 PO_B01_001518,39645,929,0,0,38716,INR,2026-08-03T04:07:00Z,BATCH-BLNK-1518
PO_B01_001519,BillDesk Settlement,PHNP-ORD-980703 PHNP-ORD-976960 PHNP-ORD-318614 BATCH-PHNP-1519,477675,9553,0,0,468122,INR,2026-08-03T03:14:00Z,BATCH-PHNP-1519
PO_B01_001520,Stripe India,MMTR-INV-320154 PO_B01_001520,119440,2511,0,0,116929,INR,2026-08-03T04:44:00Z,BATCH-MMTR-1520
PO_B01_001521,PayU Enterprise,MMTR-INV-585098 PO_B01_001521,277439,5486,0,0,271953,INR,2026-08-03T23:02:00Z,BATCH-MMTR-1521
PO_B01_001522,BillDesk Settlement,NYKA-INV-502671 PO_B01_001522,79676,1982,0,0,77694,INR,2026-08-03T02:28:00Z,BATCH-NYKA-1522
PO_B01_001523,PayU Enterprise,FLPK-ORD-728498 FLPK-ORD-986083 FLPK-ORD-610512 BATCH-FLPK-1523,266291,5325,0,0,260966,INR,2026-08-03T01:28:00Z,BATCH-FLPK-1523
PO_B01_001524,BillDesk Settlement,PAYT-ORD-637923 PAYT-ORD-914516 BATCH-PAYT-1524,293313,5866,0,0,287447,INR,2026-08-02T21:21:00Z,BATCH-PAYT-1524
PO_B01_001525,PayU Enterprise,BKMS-INV-726154 PO_B01_001525,65532,1360,0,0,64172,INR,2026-08-03T00:27:00Z,BATCH-BKMS-1525
PO_B01_001526,BillDesk Settlement,MYNT-INV-583094 PO_B01_001526,89787,1978,0,0,87809,INR,2026-08-02T21:22:00Z,BATCH-MYNT-1526
PO_B01_001527,BillDesk Settlement,NYKA-INV-813659 PO_B01_001527,83969,1510,0,0,82459,INR,2026-08-02T15:38:00Z,BATCH-NYKA-1527
PO_B01_001528,Stripe India,PAYT-INV-215610 PO_B01_001528,29188,555,0,0,28633,INR,2026-08-03T21:16:00Z,BATCH-PAYT-1528
PO_B01_001529,PayU Enterprise,MMTR-ORD-264642 MMTR-ORD-183036 MMTR-ORD-658138 BATCH-MMTR-1529,565085,11301,0,0,553784,INR,2026-08-03T18:13:00Z,BATCH-MMTR-1529
PO_B01_001530,BillDesk Settlement,BLNK-ORD-522070 BLNK-ORD-358664 BLNK-ORD-817909 BATCH-BLNK-1530,411466,8229,0,0,403237,INR,2026-08-03T16:00:00Z,BATCH-BLNK-1530
PO_B01_001531,Razorpay Nodal,MYNT-INV-420018 PO_B01_001531,147289,3533,0,0,143756,INR,2026-08-03T09:00:00Z,BATCH-MYNT-1531
PO_B01_001532,PayU Enterprise,MMTR-INV-155426 PO_B01_001532,114054,1922,0,0,112132,INR,2026-08-02T15:10:00Z,BATCH-MMTR-1532
PO_B01_001533,Cashfree Escrow,ZOMA-ORD-944695 ZOMA-ORD-789545 BATCH-ZOMA-1533,335610,6712,0,0,328898,INR,2026-08-03T06:43:00Z,BATCH-ZOMA-1533
PO_B01_001534,Stripe India,MMTR-INV-228885 PO_B01_001534,116991,2017,0,0,114974,INR,2026-08-03T01:07:00Z,BATCH-MMTR-1534
PO_B01_001535,Razorpay Nodal,JIOO-ORD-552544 JIOO-ORD-904028 BATCH-JIOO-1535,252250,5045,0,0,247205,INR,2026-08-03T15:16:00Z,BATCH-JIOO-1535
PO_B01_001536,Stripe India,BBAS-EXC-629817-UNRESOLVED,233236,4654,0,0,228582,INR,2026-08-04T02:13:00Z,HOLD-ESCROW
PO_B01_001537,Stripe India,MMTR-INV-563140 PO_B01_001537,77964,1638,0,0,76326,INR,2026-08-02T22:02:00Z,BATCH-MMTR-1537
PO_B01_001538,Stripe India,TATA-INV-473605 PO_B01_001538,163878,3131,0,0,160747,INR,2026-08-03T18:22:00Z,BATCH-TATA-1538
PO_B01_001539,Stripe India,ZOMA-INV-488545 PO_B01_001539,236160,3994,0,0,232166,INR,2026-08-03T21:05:00Z,BATCH-ZOMA-1539
PO_B01_001540,PayU Enterprise,TATA-INV-597407 PO_B01_001540,91233,1518,0,0,89715,INR,2026-08-03T05:47:00Z,BATCH-TATA-1540
PO_B01_001541,BillDesk Settlement,BKMS-INV-861155 PO_B01_001541,176350,3407,0,0,172943,INR,2026-08-03T05:12:00Z,BATCH-BKMS-1541
PO_B01_001542,BillDesk Settlement,BKMS-INV-713107 PO_B01_001542,85811,1332,0,0,84479,INR,2026-08-03T10:12:00Z,BATCH-BKMS-1542
PO_B01_001543,BillDesk Settlement,AMZN-INV-172304 PO_B01_001543,351459,5364,0,0,346095,INR,2026-08-03T02:28:00Z,BATCH-AMZN-1543
PO_B01_001544,Razorpay Nodal,TATA-INV-473750 PO_B01_001544,174592,3549,0,0,171043,INR,2026-08-03T12:48:00Z,BATCH-TATA-1544
PO_B01_001545,PayU Enterprise,JIOO-INV-332456 PO_B01_001545,331072,7170,0,0,323902,INR,2026-08-03T09:26:00Z,BATCH-JIOO-1545
PO_B01_001546,Cashfree Escrow,MMTR-INV-355432 PO_B01_001546,100077,2428,0,0,97649,INR,2026-08-03T11:02:00Z,BATCH-MMTR-1546
PO_B01_001547,BillDesk Settlement,FLPK-ORD-789443 FLPK-ORD-621750 BATCH-FLPK-1547,231029,4620,0,0,226409,INR,2026-08-03T19:51:00Z,BATCH-FLPK-1547
PO_B01_001548,PayU Enterprise,FLPK-EXC-958478-UNRESOLVED,117340,2336,0,0,115004,INR,2026-08-04T06:55:00Z,HOLD-ESCROW
PO_B01_001549,PayU Enterprise,TATA-INV-989979 PO_B01_001549,425326,7184,0,0,418142,INR,2026-08-03T11:12:00Z,BATCH-TATA-1549
PO_B01_001550,Cashfree Escrow,PHNP-INV-688608 PO_B01_001550,47803,1005,0,0,46798,INR,2026-08-02T23:37:00Z,BATCH-PHNP-1550
PO_B01_001551,Razorpay Nodal,BLNK-INV-340847 PO_B01_001551,135267,2312,0,0,132955,INR,2026-08-03T02:47:00Z,BATCH-BLNK-1551
PO_B01_001552,Razorpay Nodal,UBER-ORD-474117 UBER-ORD-854378 BATCH-UBER-1552,304930,6098,0,0,298832,INR,2026-08-03T01:08:00Z,BATCH-UBER-1552
PO_B01_001553,PayU Enterprise,AMZN-INV-411191 PO_B01_001553,164901,3023,0,0,161878,INR,2026-08-03T20:09:00Z,BATCH-AMZN-1553
PO_B01_001554,Stripe India,UBER-INV-359738 PO_B01_001554,277201,4423,0,0,272778,INR,2026-08-02T17:57:00Z,BATCH-UBER-1554
PO_B01_001555,Razorpay Nodal,FLPK-ORD-670130 FLPK-ORD-198034 BATCH-FLPK-1555,306420,6128,0,0,300292,INR,2026-08-02T23:52:00Z,BATCH-FLPK-1555
PO_B01_001556,Cashfree Escrow,MYNT-INV-796998 PO_B01_001556,382096,5745,0,0,376351,INR,2026-08-02T22:04:00Z,BATCH-MYNT-1556
PO_B01_001557,Stripe India,MMTR-INV-412893 PO_B01_001557,393914,6504,0,0,387410,INR,2026-08-03T11:28:00Z,BATCH-MMTR-1557
PO_B01_001558,BillDesk Settlement,BLNK-INV-774188 PO_B01_001558,88632,2120,0,0,86512,INR,2026-08-03T06:43:00Z,BATCH-BLNK-1558
PO_B01_001559,Razorpay Nodal,JIOO-INV-918332 PO_B01_001559,370386,8482,0,0,361904,INR,2026-08-03T08:20:00Z,BATCH-JIOO-1559
PO_B01_001560,PayU Enterprise,NYKA-INV-331637 PO_B01_001560,187855,3136,0,0,184719,INR,2026-08-03T01:34:00Z,BATCH-NYKA-1560
PO_B01_001561,Stripe India,MYNT-INV-444363 PO_B01_001561,328352,6066,0,0,322286,INR,2026-08-03T20:03:00Z,BATCH-MYNT-1561
PO_B01_001562,BillDesk Settlement,AMZN-INV-743426 PO_B01_001562,110105,2049,0,0,108056,INR,2026-08-03T06:32:00Z,BATCH-AMZN-1562
PO_B01_001563,Razorpay Nodal,MMTR-INV-446565 PO_B01_001563,165002,3501,0,0,161501,INR,2026-08-03T19:00:00Z,BATCH-MMTR-1563
PO_B01_001564,Razorpay Nodal,AMZN-INV-861683 PO_B01_001564,270283,6474,0,0,263809,INR,2026-08-03T06:20:00Z,BATCH-AMZN-1564
PO_B01_001565,Cashfree Escrow,JIOO-EXC-723430-UNRESOLVED,196619,3922,0,0,192697,INR,2026-08-04T06:44:00Z,HOLD-ESCROW
PO_B01_001566,PayU Enterprise,NYKA-INV-380268 PO_B01_001566,114979,2015,0,0,112964,INR,2026-08-03T02:39:00Z,BATCH-NYKA-1566
PO_B01_001567,Stripe India,MYNT-INV-941148 PO_B01_001567,117898,2780,0,0,115118,INR,2026-08-03T14:45:00Z,BATCH-MYNT-1567
PO_B01_001568,PayU Enterprise,FLPK-ORD-918860 FLPK-ORD-892515 BATCH-FLPK-1568,383860,7677,0,0,376183,INR,2026-08-03T06:34:00Z,BATCH-FLPK-1568
PO_B01_001569,Cashfree Escrow,JIOO-INV-568455 PO_B01_001569,190611,3379,0,0,187232,INR,2026-08-03T16:29:00Z,BATCH-JIOO-1569
PO_B01_001570,Stripe India,AMZN-EXC-594725-UNRESOLVED,154095,3071,0,0,151024,INR,2026-08-04T08:23:00Z,HOLD-ESCROW
PO_B01_001571,Stripe India,JIOO-INV-191161 PO_B01_001571,315702,6630,0,0,309072,INR,2026-08-03T14:21:00Z,BATCH-JIOO-1571
PO_B01_001572,Razorpay Nodal,NYKA-INV-851419 PO_B01_001572,120098,2846,0,0,117252,INR,2026-08-03T14:01:00Z,BATCH-NYKA-1572
PO_B01_001573,Cashfree Escrow,OLAA-INV-664229 PO_B01_001573,162096,3082,0,0,159014,INR,2026-08-03T04:57:00Z,BATCH-OLAA-1573
PO_B01_001574,BillDesk Settlement,SWIG-INV-460968 PO_B01_001574,118943,2117,0,0,116826,INR,2026-08-03T12:38:00Z,BATCH-SWIG-1574
PO_B01_001575,Stripe India,NYKA-EXC-601876-UNRESOLVED,220525,4400,0,0,216125,INR,2026-08-04T06:56:00Z,HOLD-ESCROW
PO_B01_001576,Cashfree Escrow,PAYT-INV-246223 PO_B01_001576,285932,5235,0,0,280697,INR,2026-08-03T07:07:00Z,BATCH-PAYT-1576
PO_B01_001577,PayU Enterprise,NYKA-INV-308154 PO_B01_001577,133505,2467,0,0,131038,INR,2026-08-03T09:41:00Z,BATCH-NYKA-1577
PO_B01_001578,Cashfree Escrow,BKMS-INV-393304 PO_B01_001578,117051,1986,0,0,115065,INR,2026-08-04T01:49:00Z,BATCH-BKMS-1578
PO_B01_001579,Razorpay Nodal,ZOMA-INV-290997 PO_B01_001579,183774,4512,0,0,179262,INR,2026-08-03T18:38:00Z,BATCH-ZOMA-1579
PO_B01_001580,Cashfree Escrow,PHNP-INV-398877 PO_B01_001580,117867,2609,0,0,115258,INR,2026-08-03T12:53:00Z,BATCH-PHNP-1580
PO_B01_001581,BillDesk Settlement,AMZN-ORD-275212 AMZN-ORD-853974 AMZN-ORD-259478 BATCH-AMZN-1581,558454,11169,0,0,547285,INR,2026-08-03T16:57:00Z,BATCH-AMZN-1581
PO_B01_001582,BillDesk Settlement,BBAS-ORD-106466 BBAS-ORD-108375 BATCH-BBAS-1582,421724,8434,0,0,413290,INR,2026-08-03T08:40:00Z,BATCH-BBAS-1582
PO_B01_001583,Razorpay Nodal,SWIG-INV-273982 PO_B01_001583,276592,5725,0,0,270867,INR,2026-08-03T13:30:00Z,BATCH-SWIG-1583
PO_B01_001584,Cashfree Escrow,PHNP-INV-444771 PO_B01_001584,366391,8338,0,0,358053,INR,2026-08-03T13:40:00Z,BATCH-PHNP-1584
PO_B01_001585,Razorpay Nodal,SWIG-INV-480173 PO_B01_001585,310294,5308,0,0,304986,INR,2026-08-03T16:08:00Z,BATCH-SWIG-1585
PO_B01_001586,Stripe India,BBAS-INV-860524 PO_B01_001586,82654,1729,0,0,80925,INR,2026-08-03T16:15:00Z,BATCH-BBAS-1586
PO_B01_001587,Razorpay Nodal,BBAS-INV-788499 PO_B01_001587,247068,5295,0,0,241773,INR,2026-08-02T20:04:00Z,BATCH-BBAS-1587
PO_B01_001588,Razorpay Nodal,FLPK-INV-893549 PO_B01_001588,375331,9299,0,0,366032,INR,2026-08-03T03:59:00Z,BATCH-FLPK-1588
PO_B01_001589,Stripe India,FLPK-INV-659321 PO_B01_001589,76049,1157,0,0,74892,INR,2026-08-03T13:43:00Z,BATCH-FLPK-1589
PO_B01_001590,Stripe India,TATA-INV-377378 PO_B01_001590,289624,5146,0,0,284478,INR,2026-08-03T17:30:00Z,BATCH-TATA-1590
PO_B01_001591,Cashfree Escrow,MMTR-INV-976771 PO_B01_001591,98473,2189,0,0,96284,INR,2026-08-03T21:59:00Z,BATCH-MMTR-1591
PO_B01_001592,Cashfree Escrow,UBER-INV-361277 PO_B01_001592,38662,737,0,0,37925,INR,2026-08-03T13:10:00Z,BATCH-UBER-1592
PO_B01_001593,Stripe India,BLNK-ORD-675724 BLNK-ORD-857885 BATCH-BLNK-1593,293985,5879,0,0,288106,INR,2026-08-03T13:01:00Z,BATCH-BLNK-1593
PO_B01_001594,Stripe India,PAYT-INV-896798 PO_B01_001594,384410,7951,0,0,376459,INR,2026-08-03T06:08:00Z,BATCH-PAYT-1594
PO_B01_001595,BillDesk Settlement,PHNP-INV-313397 PO_B01_001595,326063,5331,0,0,320732,INR,2026-08-02T15:36:00Z,BATCH-PHNP-1595
PO_B01_001596,Stripe India,UBER-EXC-191263-UNRESOLVED,274826,5486,0,0,269340,INR,2026-08-04T04:04:00Z,HOLD-ESCROW
PO_B01_001597,Stripe India,BBAS-INV-724792 PO_B01_001597,51262,808,0,0,50454,INR,2026-08-03T03:25:00Z,BATCH-BBAS-1597
PO_B01_001598,Cashfree Escrow,BKMS-INV-509629 PO_B01_001598,208908,4921,0,0,203987,INR,2026-08-03T20:32:00Z,BATCH-BKMS-1598
PO_B01_001599,Stripe India,BLNK-INV-164518 PO_B01_001599,165638,3537,0,0,162101,INR,2026-08-03T18:34:00Z,BATCH-BLNK-1599
PO_B01_001600,Razorpay Nodal,NYKA-INV-705485 PO_B01_001600,345399,6667,0,0,338732,INR,2026-08-03T02:04:00Z,BATCH-NYKA-1600
PO_B01_001601,BillDesk Settlement,JIOO-INV-740690 PO_B01_001601,86602,1977,0,0,84625,INR,2026-08-03T06:40:00Z,BATCH-JIOO-1601
PO_B01_001602,BillDesk Settlement,BLNK-INV-673960 PO_B01_001602,448537,7243,0,0,441294,INR,2026-08-02T22:45:00Z,BATCH-BLNK-1602
PO_B01_001603,Razorpay Nodal,BBAS-INV-355858 PO_B01_001603,36341,761,0,0,35580,INR,2026-08-02T19:42:00Z,BATCH-BBAS-1603
PO_B01_001604,Razorpay Nodal,TATA-INV-192587 PO_B01_001604,200621,4097,0,0,196524,INR,2026-08-02T19:11:00Z,BATCH-TATA-1604
PO_B01_001605,Cashfree Escrow,MMTR-INV-802933 PO_B01_001605,63001,1477,0,0,61524,INR,2026-08-03T19:34:00Z,BATCH-MMTR-1605
PO_B01_001606,PayU Enterprise,NYKA-INV-406292 PO_B01_001606,361565,8024,0,0,353541,INR,2026-08-03T11:42:00Z,BATCH-NYKA-1606
PO_B01_001607,Cashfree Escrow,NYKA-ORD-279361 NYKA-ORD-573381 BATCH-NYKA-1607,317945,6358,0,0,311587,INR,2026-08-03T15:42:00Z,BATCH-NYKA-1607
PO_B01_001608,Razorpay Nodal,BBAS-INV-487705 PO_B01_001608,442136,8765,0,0,433371,INR,2026-08-03T09:41:00Z,BATCH-BBAS-1608
PO_B01_001609,Razorpay Nodal,JIOO-INV-645812 PO_B01_001609,120401,2041,0,0,118360,INR,2026-08-03T13:02:00Z,BATCH-JIOO-1609
PO_B01_001610,PayU Enterprise,PAYT-INV-389884 PO_B01_001610,200135,3272,0,0,196863,INR,2026-08-03T04:29:00Z,BATCH-PAYT-1610
PO_B01_001611,PayU Enterprise,BKMS-INV-526872 PO_B01_001611,308292,5738,0,0,302554,INR,2026-08-03T00:02:00Z,BATCH-BKMS-1611
PO_B01_001612,Stripe India,PHNP-INV-557438 PO_B01_001612,79749,1235,0,0,78514,INR,2026-08-03T03:28:00Z,BATCH-PHNP-1612
PO_B01_001613,BillDesk Settlement,NYKA-INV-492413 PO_B01_001613,133386,2440,0,0,130946,INR,2026-08-02T23:48:00Z,BATCH-NYKA-1613
PO_B01_001614,PayU Enterprise,PAYT-INV-500506 PO_B01_001614,153936,3050,0,0,150886,INR,2026-08-03T08:11:00Z,BATCH-PAYT-1614
PO_B01_001615,Razorpay Nodal,PHNP-ORD-478220 PHNP-ORD-350028 BATCH-PHNP-1615,305820,6116,0,0,299704,INR,2026-08-03T11:25:00Z,BATCH-PHNP-1615
PO_B01_001616,BillDesk Settlement,BLNK-INV-298311 PO_B01_001616,269397,6446,0,0,262951,INR,2026-08-03T19:19:00Z,BATCH-BLNK-1616
PO_B01_001617,Razorpay Nodal,UBER-INV-748927 PO_B01_001617,34922,602,0,0,34320,INR,2026-08-03T23:29:00Z,BATCH-UBER-1617
PO_B01_001618,PayU Enterprise,UBER-INV-252306 PO_B01_001618,350468,6903,0,0,343565,INR,2026-08-03T20:39:00Z,BATCH-UBER-1618
PO_B01_001619,BillDesk Settlement,ZOMA-INV-759077 PO_B01_001619,417982,8627,0,0,409355,INR,2026-08-03T04:34:00Z,BATCH-ZOMA-1619
PO_B01_001620,BillDesk Settlement,PHNP-INV-556418 PO_B01_001620,415454,8490,0,0,406964,INR,2026-08-03T10:27:00Z,BATCH-PHNP-1620
PO_B01_001621,Cashfree Escrow,BLNK-INV-204825 PO_B01_001621,179304,4109,0,0,175195,INR,2026-08-03T04:40:00Z,BATCH-BLNK-1621
PO_B01_001622,Razorpay Nodal,ZOMA-INV-529764 PO_B01_001622,44417,994,0,0,43423,INR,2026-08-03T05:00:00Z,BATCH-ZOMA-1622
PO_B01_001623,Cashfree Escrow,NYKA-INV-112415 PO_B01_001623,289179,5709,0,0,283470,INR,2026-08-03T21:25:00Z,BATCH-NYKA-1623
PO_B01_001624,BillDesk Settlement,ZOMA-INV-648402 PO_B01_001624,178827,3659,0,0,175168,INR,2026-08-03T20:58:00Z,BATCH-ZOMA-1624
PO_B01_001625,Cashfree Escrow,MMTR-ORD-690844 MMTR-ORD-311258 BATCH-MMTR-1625,406561,8131,0,0,398430,INR,2026-08-03T00:20:00Z,BATCH-MMTR-1625
PO_B01_001626,Razorpay Nodal,TATA-EXC-454510-UNRESOLVED,88102,1752,0,0,86350,INR,2026-08-04T03:42:00Z,HOLD-ESCROW
PO_B01_001627,Cashfree Escrow,ZOMA-ORD-958033 ZOMA-ORD-805048 BATCH-ZOMA-1627,226778,4535,0,0,222243,INR,2026-08-03T13:35:00Z,BATCH-ZOMA-1627
PO_B01_001628,PayU Enterprise,MYNT-INV-355831 PO_B01_001628,232813,5091,0,0,227722,INR,2026-08-03T06:37:00Z,BATCH-MYNT-1628
PO_B01_001629,Stripe India,BLNK-INV-545538 PO_B01_001629,416817,7796,0,0,409021,INR,2026-08-02T22:01:00Z,BATCH-BLNK-1629
PO_B01_001630,PayU Enterprise,TATA-INV-152218 PO_B01_001630,282595,6537,0,0,276058,INR,2026-08-03T07:35:00Z,BATCH-TATA-1630
PO_B01_001631,PayU Enterprise,FLPK-ORD-228404 FLPK-ORD-758308 BATCH-FLPK-1631,388588,7771,0,0,380817,INR,2026-08-03T07:16:00Z,BATCH-FLPK-1631
PO_B01_001632,Razorpay Nodal,UBER-ORD-205355 UBER-ORD-509622 BATCH-UBER-1632,441251,8825,0,0,432426,INR,2026-08-02T23:05:00Z,BATCH-UBER-1632
PO_B01_001633,Stripe India,FLPK-INV-642485 PO_B01_001633,413512,10180,0,0,403332,INR,2026-08-03T09:13:00Z,BATCH-FLPK-1633
PO_B01_001634,BillDesk Settlement,PAYT-ORD-173789 PAYT-ORD-411952 PAYT-ORD-527089 BATCH-PAYT-1634,362145,7242,0,0,354903,INR,2026-08-03T07:04:00Z,BATCH-PAYT-1634
PO_B01_001635,Razorpay Nodal,BLNK-INV-765284 PO_B01_001635,447741,7522,0,0,440219,INR,2026-08-03T16:54:00Z,BATCH-BLNK-1635
PO_B01_001636,Razorpay Nodal,MYNT-INV-326611 PO_B01_001636,254878,3929,0,0,250949,INR,2026-08-02T18:18:00Z,BATCH-MYNT-1636
PO_B01_001637,BillDesk Settlement,TATA-INV-417120 PO_B01_001637,438369,8386,0,0,429983,INR,2026-08-03T13:54:00Z,BATCH-TATA-1637
PO_B01_001638,Razorpay Nodal,TATA-INV-354811 PO_B01_001638,342056,6625,0,0,335431,INR,2026-08-03T17:54:00Z,BATCH-TATA-1638
PO_B01_001639,Stripe India,OLAA-INV-745383 PO_B01_001639,237610,5619,0,0,231991,INR,2026-08-03T04:05:00Z,BATCH-OLAA-1639
PO_B01_001640,Cashfree Escrow,NYKA-INV-954661 PO_B01_001640,356434,6608,0,0,349826,INR,2026-08-03T08:10:00Z,BATCH-NYKA-1640
PO_B01_001641,BillDesk Settlement,PAYT-INV-305290 PO_B01_001641,448725,7707,0,0,441018,INR,2026-08-03T01:52:00Z,BATCH-PAYT-1641
PO_B01_001642,PayU Enterprise,BLNK-INV-503190 PO_B01_001642,277920,4818,0,0,273102,INR,2026-08-03T21:00:00Z,BATCH-BLNK-1642
PO_B01_001643,Stripe India,FLPK-INV-601716 PO_B01_001643,283421,7011,0,0,276410,INR,2026-08-03T17:34:00Z,BATCH-FLPK-1643
PO_B01_001644,Stripe India,UBER-INV-291757 PO_B01_001644,188113,3030,0,0,185083,INR,2026-08-03T10:31:00Z,BATCH-UBER-1644
PO_B01_001645,Stripe India,MYNT-ORD-102973 MYNT-ORD-535312 BATCH-MYNT-1645,185747,3714,0,0,182033,INR,2026-08-03T11:42:00Z,BATCH-MYNT-1645
PO_B01_001646,Stripe India,SWIG-ORD-787146 SWIG-ORD-470702 BATCH-SWIG-1646,262945,5258,0,0,257687,INR,2026-08-03T15:25:00Z,BATCH-SWIG-1646
PO_B01_001647,BillDesk Settlement,PAYT-INV-968192 PO_B01_001647,185342,4120,0,0,181222,INR,2026-08-03T08:11:00Z,BATCH-PAYT-1647
PO_B01_001648,PayU Enterprise,MMTR-INV-771103 PO_B01_001648,337883,7974,0,0,329909,INR,2026-08-03T14:39:00Z,BATCH-MMTR-1648
PO_B01_001649,PayU Enterprise,TATA-ORD-831836 TATA-ORD-990154 TATA-ORD-701908 BATCH-TATA-1649,442879,8857,0,0,434022,INR,2026-08-03T18:16:00Z,BATCH-TATA-1649
PO_B01_001650,Stripe India,TATA-INV-195830 PO_B01_001650,64094,1133,0,0,62961,INR,2026-08-02T23:44:00Z,BATCH-TATA-1650
PO_B01_001651,Stripe India,BLNK-INV-675497 PO_B01_001651,116381,2406,0,0,113975,INR,2026-08-03T04:18:00Z,BATCH-BLNK-1651
PO_B01_001652,PayU Enterprise,BKMS-INV-496549 PO_B01_001652,56483,1059,0,0,55424,INR,2026-08-02T19:16:00Z,BATCH-BKMS-1652
PO_B01_001653,PayU Enterprise,PHNP-INV-206954 PO_B01_001653,351738,7385,0,0,344353,INR,2026-08-02T23:40:00Z,BATCH-PHNP-1653
PO_B01_001654,Razorpay Nodal,BBAS-INV-306818 PO_B01_001654,49630,996,0,0,48634,INR,2026-08-03T14:23:00Z,BATCH-BBAS-1654
PO_B01_001655,PayU Enterprise,PHNP-INV-346522 PO_B01_001655,48447,758,0,0,47689,INR,2026-08-03T11:44:00Z,BATCH-PHNP-1655
PO_B01_001656,PayU Enterprise,TATA-ORD-846597 TATA-ORD-284627 BATCH-TATA-1656,244199,4883,0,0,239316,INR,2026-08-03T15:32:00Z,BATCH-TATA-1656
PO_B01_001657,Razorpay Nodal,TATA-EXC-467511-UNRESOLVED,89545,1780,0,0,87765,INR,2026-08-04T08:39:00Z,HOLD-ESCROW
PO_B01_001658,Cashfree Escrow,NYKA-INV-889228 PO_B01_001658,134168,2595,0,0,131573,INR,2026-08-03T19:53:00Z,BATCH-NYKA-1658
PO_B01_001659,PayU Enterprise,SWIG-INV-119907 PO_B01_001659,110911,2290,0,0,108621,INR,2026-08-03T06:50:00Z,BATCH-SWIG-1659
PO_B01_001660,Razorpay Nodal,FLPK-INV-466764 PO_B01_001660,140719,3391,0,0,137328,INR,2026-08-02T23:43:00Z,BATCH-FLPK-1660
PO_B01_001661,PayU Enterprise,BBAS-ORD-384248 BBAS-ORD-397050 BBAS-ORD-673142 BATCH-BBAS-1661,465320,9306,0,0,456014,INR,2026-08-03T10:52:00Z,BATCH-BBAS-1661
PO_B01_001662,Stripe India,AMZN-ORD-928685 AMZN-ORD-504217 BATCH-AMZN-1662,321906,6438,0,0,315468,INR,2026-08-03T05:52:00Z,BATCH-AMZN-1662
PO_B01_001663,Razorpay Nodal,NYKA-ORD-694275 NYKA-ORD-369707 BATCH-NYKA-1663,207754,4155,0,0,203599,INR,2026-08-03T17:25:00Z,BATCH-NYKA-1663
PO_B01_001664,Razorpay Nodal,TATA-INV-178981 PO_B01_001664,322741,6477,0,0,316264,INR,2026-08-03T03:01:00Z,BATCH-TATA-1664
PO_B01_001665,Cashfree Escrow,NYKA-INV-210271 PO_B01_001665,131273,2890,0,0,128383,INR,2026-08-03T06:32:00Z,BATCH-NYKA-1665
PO_B01_001666,PayU Enterprise,MYNT-INV-424802 PO_B01_001666,255451,4331,0,0,251120,INR,2026-08-03T10:28:00Z,BATCH-MYNT-1666
PO_B01_001667,Razorpay Nodal,BKMS-ORD-449720 BKMS-ORD-213978 BATCH-BKMS-1667,230460,4609,0,0,225851,INR,2026-08-03T15:10:00Z,BATCH-BKMS-1667
PO_B01_001668,BillDesk Settlement,ZOMA-INV-688801 PO_B01_001668,320569,5857,0,0,314712,INR,2026-08-03T01:24:00Z,BATCH-ZOMA-1668
PO_B01_001669,PayU Enterprise,ZOMA-INV-590115 PO_B01_001669,123302,2332,0,0,120970,INR,2026-08-02T17:58:00Z,BATCH-ZOMA-1669
PO_B01_001670,BillDesk Settlement,PHNP-ORD-328562 PHNP-ORD-177635 PHNP-ORD-365041 BATCH-PHNP-1670,365270,7305,0,0,357965,INR,2026-08-03T07:29:00Z,BATCH-PHNP-1670
PO_B01_001671,BillDesk Settlement,PAYT-ORD-774095 PAYT-ORD-328462 PAYT-ORD-803561 BATCH-PAYT-1671,392056,7841,0,0,384215,INR,2026-08-03T10:50:00Z,BATCH-PAYT-1671
PO_B01_001672,Stripe India,OLAA-INV-426715 PO_B01_001672,63767,1503,0,0,62264,INR,2026-08-03T08:13:00Z,BATCH-OLAA-1672
PO_B01_001673,Razorpay Nodal,JIOO-INV-131657 PO_B01_001673,302630,7130,0,0,295500,INR,2026-08-03T10:45:00Z,BATCH-JIOO-1673
PO_B01_001674,PayU Enterprise,AMZN-INV-230415 PO_B01_001674,274684,4270,0,0,270414,INR,2026-08-03T11:51:00Z,BATCH-AMZN-1674
PO_B01_001675,Razorpay Nodal,UBER-INV-459053 PO_B01_001675,392498,5977,0,0,386521,INR,2026-08-03T22:39:00Z,BATCH-UBER-1675
PO_B01_001676,Cashfree Escrow,AMZN-ORD-625603 AMZN-ORD-152820 BATCH-AMZN-1676,298383,5967,0,0,292416,INR,2026-08-03T20:10:00Z,BATCH-AMZN-1676
PO_B01_001677,Razorpay Nodal,JIOO-INV-354985 PO_B01_001677,206807,4876,0,0,201931,INR,2026-08-03T12:41:00Z,BATCH-JIOO-1677
PO_B01_001678,Razorpay Nodal,MMTR-INV-850474 PO_B01_001678,177171,2899,0,0,174272,INR,2026-08-02T19:17:00Z,BATCH-MMTR-1678
PO_B01_001679,PayU Enterprise,BLNK-INV-959582 PO_B01_001679,368522,8817,0,0,359705,INR,2026-08-02T18:13:00Z,BATCH-BLNK-1679
PO_B01_001680,Razorpay Nodal,MYNT-EXC-857306-UNRESOLVED,287987,5749,0,0,282238,INR,2026-08-03T12:45:00Z,HOLD-ESCROW
PO_B01_001681,Razorpay Nodal,PAYT-INV-582832 PO_B01_001681,381147,6730,0,0,374417,INR,2026-08-03T01:45:00Z,BATCH-PAYT-1681
PO_B01_001682,PayU Enterprise,JIOO-INV-266589 PO_B01_001682,448048,6769,0,0,441279,INR,2026-08-03T08:24:00Z,BATCH-JIOO-1682
PO_B01_001683,Razorpay Nodal,AMZN-INV-845156 PO_B01_001683,314697,7778,0,0,306919,INR,2026-08-03T01:22:00Z,BATCH-AMZN-1683
PO_B01_001684,Razorpay Nodal,ZOMA-ORD-881880 ZOMA-ORD-726593 BATCH-ZOMA-1684,127373,2547,0,0,124826,INR,2026-08-03T00:51:00Z,BATCH-ZOMA-1684
PO_B01_001685,PayU Enterprise,JIOO-INV-924380 PO_B01_001685,422730,6594,0,0,416136,INR,2026-08-03T09:58:00Z,BATCH-JIOO-1685
PO_B01_001686,Razorpay Nodal,MMTR-INV-917069 PO_B01_001686,298587,4587,0,0,294000,INR,2026-08-03T16:36:00Z,BATCH-MMTR-1686
PO_B01_001687,BillDesk Settlement,MYNT-INV-528286 PO_B01_001687,211258,4843,0,0,206415,INR,2026-08-03T06:09:00Z,BATCH-MYNT-1687
PO_B01_001688,Cashfree Escrow,JIOO-ORD-982037 JIOO-ORD-674890 BATCH-JIOO-1688,244176,4883,0,0,239293,INR,2026-08-02T23:12:00Z,BATCH-JIOO-1688
PO_B01_001689,Stripe India,MMTR-ORD-441182 MMTR-ORD-367018 BATCH-MMTR-1689,409263,8185,0,0,401078,INR,2026-08-03T09:20:00Z,BATCH-MMTR-1689
PO_B01_001690,Razorpay Nodal,PAYT-INV-299809 PO_B01_001690,264212,4903,0,0,259309,INR,2026-08-03T12:06:00Z,BATCH-PAYT-1690
PO_B01_001691,Razorpay Nodal,MMTR-INV-625792 PO_B01_001691,170844,3626,0,0,167218,INR,2026-08-03T00:35:00Z,BATCH-MMTR-1691
PO_B01_001692,PayU Enterprise,BBAS-INV-609282 PO_B01_001692,186434,4466,0,0,181968,INR,2026-08-03T09:26:00Z,BATCH-BBAS-1692
PO_B01_001693,Razorpay Nodal,FLPK-INV-699685 PO_B01_001693,372720,8351,0,0,364369,INR,2026-08-03T08:29:00Z,BATCH-FLPK-1693
PO_B01_001694,PayU Enterprise,MMTR-INV-586585 PO_B01_001694,195220,4347,0,0,190873,INR,2026-08-03T05:02:00Z,BATCH-MMTR-1694
PO_B01_001695,Stripe India,PHNP-ORD-210379 PHNP-ORD-561265 PHNP-ORD-362720 BATCH-PHNP-1695,655697,13113,0,0,642584,INR,2026-08-03T10:29:00Z,BATCH-PHNP-1695
PO_B01_001696,PayU Enterprise,NYKA-ORD-107648 NYKA-ORD-777313 BATCH-NYKA-1696,158275,3165,0,0,155110,INR,2026-08-03T17:40:00Z,BATCH-NYKA-1696
PO_B01_001697,Stripe India,MMTR-INV-785759 PO_B01_001697,54704,1126,0,0,53578,INR,2026-08-03T13:30:00Z,BATCH-MMTR-1697
PO_B01_001698,BillDesk Settlement,MMTR-ORD-660848 MMTR-ORD-228647 BATCH-MMTR-1698,356672,7133,0,0,349539,INR,2026-08-03T16:05:00Z,BATCH-MMTR-1698
PO_B01_001699,Stripe India,JIOO-INV-366280 PO_B01_001699,343768,7174,0,0,336594,INR,2026-08-03T08:43:00Z,BATCH-JIOO-1699
PO_B01_001700,Cashfree Escrow,ZOMA-ORD-899121 ZOMA-ORD-785376 ZOMA-ORD-428148 BATCH-ZOMA-1700,434741,8694,0,0,426047,INR,2026-08-02T22:00:00Z,BATCH-ZOMA-1700
PO_B01_001701,Stripe India,MYNT-ORD-195466 MYNT-ORD-202836 BATCH-MYNT-1701,371241,7424,0,0,363817,INR,2026-08-03T02:03:00Z,BATCH-MYNT-1701
PO_B01_001702,Cashfree Escrow,BKMS-INV-776069 PO_B01_001702,208135,4269,0,0,203866,INR,2026-08-03T10:23:00Z,BATCH-BKMS-1702
PO_B01_001703,Razorpay Nodal,FLPK-INV-262580 PO_B01_001703,417037,7035,0,0,410002,INR,2026-08-03T08:34:00Z,BATCH-FLPK-1703
PO_B01_001704,Cashfree Escrow,AMZN-INV-439098 PO_B01_001704,34855,830,0,0,34025,INR,2026-08-03T01:07:00Z,BATCH-AMZN-1704
PO_B01_001705,BillDesk Settlement,TATA-INV-173615 PO_B01_001705,52077,1061,0,0,51016,INR,2026-08-03T19:04:00Z,BATCH-TATA-1705
PO_B01_001706,BillDesk Settlement,AMZN-INV-369982 PO_B01_001706,74617,1582,0,0,73035,INR,2026-08-03T11:45:00Z,BATCH-AMZN-1706
PO_B01_001707,Cashfree Escrow,AMZN-EXC-755204-UNRESOLVED,151964,3029,0,0,148935,INR,2026-08-04T00:53:00Z,HOLD-ESCROW
PO_B01_001708,Cashfree Escrow,FLPK-ORD-819453 FLPK-ORD-319607 BATCH-FLPK-1708,286228,5724,0,0,280504,INR,2026-08-03T12:55:00Z,BATCH-FLPK-1708
PO_B01_001709,Cashfree Escrow,BKMS-INV-399198 PO_B01_001709,246029,4234,0,0,241795,INR,2026-08-03T04:58:00Z,BATCH-BKMS-1709
PO_B01_001710,BillDesk Settlement,SWIG-INV-286832 PO_B01_001710,311438,6119,0,0,305319,INR,2026-08-03T16:40:00Z,BATCH-SWIG-1710
PO_B01_001711,PayU Enterprise,SWIG-INV-442073 PO_B01_001711,278206,4887,0,0,273319,INR,2026-08-03T02:04:00Z,BATCH-SWIG-1711
PO_B01_001712,Razorpay Nodal,ZOMA-ORD-944754 ZOMA-ORD-440096 ZOMA-ORD-538478 BATCH-ZOMA-1712,332722,6654,0,0,326068,INR,2026-08-03T05:56:00Z,BATCH-ZOMA-1712
PO_B01_001713,BillDesk Settlement,PHNP-INV-770573 PO_B01_001713,100335,1752,0,0,98583,INR,2026-08-03T12:38:00Z,BATCH-PHNP-1713
PO_B01_001714,Stripe India,FLPK-INV-989557 PO_B01_001714,341756,7163,0,0,334593,INR,2026-08-03T09:00:00Z,BATCH-FLPK-1714
PO_B01_001715,Stripe India,FLPK-INV-206041 PO_B01_001715,442468,7634,0,0,434834,INR,2026-08-03T12:14:00Z,BATCH-FLPK-1715
PO_B01_001716,Razorpay Nodal,BLNK-ORD-240158 BLNK-ORD-738950 BATCH-BLNK-1716,115579,2311,0,0,113268,INR,2026-08-03T02:09:00Z,BATCH-BLNK-1716
PO_B01_001717,Stripe India,FLPK-INV-218552 PO_B01_001717,44850,713,0,0,44137,INR,2026-08-03T20:09:00Z,BATCH-FLPK-1717
PO_B01_001718,Stripe India,BKMS-INV-545508 PO_B01_001718,335636,5139,0,0,330497,INR,2026-08-03T02:41:00Z,BATCH-BKMS-1718
PO_B01_001719,PayU Enterprise,UBER-INV-905798 PO_B01_001719,333848,5313,0,0,328535,INR,2026-08-03T10:55:00Z,BATCH-UBER-1719
PO_B01_001720,Cashfree Escrow,UBER-INV-835404 PO_B01_001720,318466,5077,0,0,313389,INR,2026-08-03T12:26:00Z,BATCH-UBER-1720
PO_B01_001721,Stripe India,BKMS-INV-677882 PO_B01_001721,183683,4115,0,0,179568,INR,2026-08-04T02:52:00Z,BATCH-BKMS-1721
PO_B01_001722,Cashfree Escrow,TATA-INV-779891 PO_B01_001722,56958,1378,0,0,55580,INR,2026-08-02T23:51:00Z,BATCH-TATA-1722
PO_B01_001723,Cashfree Escrow,MMTR-INV-573621 PO_B01_001723,85041,1276,0,0,83765,INR,2026-08-03T08:51:00Z,BATCH-MMTR-1723
PO_B01_001724,Razorpay Nodal,JIOO-ORD-338100 JIOO-ORD-131746 BATCH-JIOO-1724,231828,4636,0,0,227192,INR,2026-08-03T00:13:00Z,BATCH-JIOO-1724
PO_B01_001725,PayU Enterprise,MYNT-INV-602069 PO_B01_001725,40667,805,0,0,39862,INR,2026-08-02T17:58:00Z,BATCH-MYNT-1725
PO_B01_001726,Stripe India,OLAA-EXC-674257-UNRESOLVED,298535,5960,0,0,292575,INR,2026-08-04T04:54:00Z,HOLD-ESCROW
PO_B01_001727,PayU Enterprise,UBER-INV-367827 PO_B01_001727,99760,1676,0,0,98084,INR,2026-08-03T17:26:00Z,BATCH-UBER-1727
PO_B01_001728,Cashfree Escrow,FLPK-INV-720225 PO_B01_001728,272708,6399,0,0,266309,INR,2026-08-03T22:49:00Z,BATCH-FLPK-1728
PO_B01_001729,Razorpay Nodal,NYKA-INV-223736 PO_B01_001729,162107,2786,0,0,159321,INR,2026-08-03T03:44:00Z,BATCH-NYKA-1729
PO_B01_001730,Razorpay Nodal,NYKA-INV-343454 PO_B01_001730,123470,2372,0,0,121098,INR,2026-08-03T01:52:00Z,BATCH-NYKA-1730
PO_B01_001731,Stripe India,BBAS-INV-392095 PO_B01_001731,348084,7408,0,0,340676,INR,2026-08-03T05:06:00Z,BATCH-BBAS-1731
PO_B01_001732,PayU Enterprise,FLPK-ORD-226692 FLPK-ORD-899661 BATCH-FLPK-1732,284546,5690,0,0,278856,INR,2026-08-03T16:29:00Z,BATCH-FLPK-1732
PO_B01_001733,BillDesk Settlement,TATA-INV-596361 PO_B01_001733,38365,836,0,0,37529,INR,2026-08-03T13:15:00Z,BATCH-TATA-1733
PO_B01_001734,PayU Enterprise,TATA-INV-282224 PO_B01_001734,112095,2674,0,0,109421,INR,2026-08-03T06:25:00Z,BATCH-TATA-1734
PO_B01_001735,BillDesk Settlement,UBER-INV-725168 PO_B01_001735,100928,2046,0,0,98882,INR,2026-08-03T01:56:00Z,BATCH-UBER-1735
PO_B01_001736,BillDesk Settlement,BBAS-INV-559898 PO_B01_001736,213043,5146,0,0,207897,INR,2026-08-02T20:37:00Z,BATCH-BBAS-1736
PO_B01_001737,PayU Enterprise,JIOO-INV-701686 PO_B01_001737,217039,5116,0,0,211923,INR,2026-08-02T21:48:00Z,BATCH-JIOO-1737
PO_B01_001738,BillDesk Settlement,JIOO-ORD-632631 JIOO-ORD-440553 BATCH-JIOO-1738,408759,8175,0,0,400584,INR,2026-08-03T02:05:00Z,BATCH-JIOO-1738
PO_B01_001739,Razorpay Nodal,MMTR-INV-749053 PO_B01_001739,45091,1075,0,0,44016,INR,2026-08-03T21:42:00Z,BATCH-MMTR-1739
PO_B01_001740,Cashfree Escrow,MYNT-INV-341530 PO_B01_001740,338816,8378,0,0,330438,INR,2026-08-03T12:33:00Z,BATCH-MYNT-1740
PO_B01_001741,Stripe India,BBAS-INV-449839 PO_B01_001741,140728,2853,0,0,137875,INR,2026-08-02T22:37:00Z,BATCH-BBAS-1741
PO_B01_001742,BillDesk Settlement,PAYT-INV-211022 PO_B01_001742,53616,1061,0,0,52555,INR,2026-08-02T21:17:00Z,BATCH-PAYT-1742
PO_B01_001743,PayU Enterprise,PAYT-INV-751951 PO_B01_001743,402497,8239,0,0,394258,INR,2026-08-03T10:43:00Z,BATCH-PAYT-1743
PO_B01_001744,BillDesk Settlement,SWIG-INV-494938 PO_B01_001744,349439,6415,0,0,343024,INR,2026-08-03T13:30:00Z,BATCH-SWIG-1744
PO_B01_001745,Stripe India,AMZN-INV-335225 PO_B01_001745,136559,3183,0,0,133376,INR,2026-08-03T21:52:00Z,BATCH-AMZN-1745
PO_B01_001746,Cashfree Escrow,AMZN-INV-444861 PO_B01_001746,227383,4313,0,0,223070,INR,2026-08-02T21:27:00Z,BATCH-AMZN-1746
PO_B01_001747,Cashfree Escrow,TATA-INV-118538 PO_B01_001747,73518,1834,0,0,71684,INR,2026-08-03T13:58:00Z,BATCH-TATA-1747
PO_B01_001748,BillDesk Settlement,UBER-ORD-887997 UBER-ORD-704525 BATCH-UBER-1748,242170,4843,0,0,237327,INR,2026-08-03T02:27:00Z,BATCH-UBER-1748
PO_B01_001749,Cashfree Escrow,BKMS-INV-660900 PO_B01_001749,348539,5412,0,0,343127,INR,2026-08-02T16:13:00Z,BATCH-BKMS-1749
PO_B01_001750,Stripe India,PHNP-INV-793831 PO_B01_001750,233087,4499,0,0,228588,INR,2026-08-03T02:13:00Z,BATCH-PHNP-1750
PO_B01_001751,Razorpay Nodal,SWIG-INV-248903 PO_B01_001751,135131,2824,0,0,132307,INR,2026-08-03T14:13:00Z,BATCH-SWIG-1751
PO_B01_001752,PayU Enterprise,BKMS-INV-898106 PO_B01_001752,367603,8006,0,0,359597,INR,2026-08-03T06:15:00Z,BATCH-BKMS-1752
PO_B01_001753,Stripe India,BBAS-INV-719940 PO_B01_001753,396806,9435,0,0,387371,INR,2026-08-02T17:38:00Z,BATCH-BBAS-1753
PO_B01_001754,Stripe India,PHNP-INV-692775 PO_B01_001754,159796,2954,0,0,156842,INR,2026-08-03T11:27:00Z,BATCH-PHNP-1754
PO_B01_001755,BillDesk Settlement,MYNT-INV-443650 PO_B01_001755,79401,1802,0,0,77599,INR,2026-08-03T04:38:00Z,BATCH-MYNT-1755
PO_B01_001756,PayU Enterprise,BKMS-EXC-491558-UNRESOLVED,67998,1349,0,0,66649,INR,2026-08-04T03:21:00Z,HOLD-ESCROW
PO_B01_001757,PayU Enterprise,PAYT-ORD-217499 PAYT-ORD-484601 BATCH-PAYT-1757,250719,5014,0,0,245705,INR,2026-08-03T01:36:00Z,BATCH-PAYT-1757
PO_B01_001758,Cashfree Escrow,ZOMA-INV-829296 PO_B01_001758,241053,4129,0,0,236924,INR,2026-08-03T20:42:00Z,BATCH-ZOMA-1758
PO_B01_001759,Cashfree Escrow,UBER-INV-994353 PO_B01_001759,231398,3516,0,0,227882,INR,2026-08-03T03:30:00Z,BATCH-UBER-1759
PO_B01_001760,Cashfree Escrow,OLAA-INV-220199 PO_B01_001760,172784,3192,0,0,169592,INR,2026-08-02T19:51:00Z,BATCH-OLAA-1760
PO_B01_001761,BillDesk Settlement,FLPK-INV-170545 PO_B01_001761,46928,1081,0,0,45847,INR,2026-08-03T07:25:00Z,BATCH-FLPK-1761
PO_B01_001762,PayU Enterprise,BLNK-INV-889041 PO_B01_001762,243825,4950,0,0,238875,INR,2026-08-03T18:54:00Z,BATCH-BLNK-1762
PO_B01_001763,BillDesk Settlement,TATA-ORD-252925 TATA-ORD-826241 BATCH-TATA-1763,345669,6913,0,0,338756,INR,2026-08-02T21:47:00Z,BATCH-TATA-1763
PO_B01_001764,Cashfree Escrow,MYNT-INV-244862 PO_B01_001764,322328,5862,0,0,316466,INR,2026-08-03T11:48:00Z,BATCH-MYNT-1764
PO_B01_001765,Cashfree Escrow,ZOMA-INV-429810 PO_B01_001765,47132,1133,0,0,45999,INR,2026-08-03T22:05:00Z,BATCH-ZOMA-1765
PO_B01_001766,Cashfree Escrow,SWIG-INV-305845 PO_B01_001766,413366,9448,0,0,403918,INR,2026-08-03T02:29:00Z,BATCH-SWIG-1766
PO_B01_001767,Stripe India,UBER-INV-663611 PO_B01_001767,304524,7292,0,0,297232,INR,2026-08-03T02:18:00Z,BATCH-UBER-1767
PO_B01_001768,BillDesk Settlement,BKMS-INV-732701 PO_B01_001768,268765,6611,0,0,262154,INR,2026-08-02T22:33:00Z,BATCH-BKMS-1768
PO_B01_001769,Cashfree Escrow,AMZN-INV-740449 PO_B01_001769,126495,2461,0,0,124034,INR,2026-08-03T13:36:00Z,BATCH-AMZN-1769
PO_B01_001770,Razorpay Nodal,OLAA-ORD-903313 OLAA-ORD-861662 BATCH-OLAA-1770,209772,4195,0,0,205577,INR,2026-08-03T18:53:00Z,BATCH-OLAA-1770
PO_B01_001771,Cashfree Escrow,BLNK-ORD-609356 BLNK-ORD-854633 BATCH-BLNK-1771,178162,3563,0,0,174599,INR,2026-08-03T03:31:00Z,BATCH-BLNK-1771
PO_B01_001772,Cashfree Escrow,PAYT-ORD-269129 PAYT-ORD-312723 BATCH-PAYT-1772,262541,5250,0,0,257291,INR,2026-08-03T07:13:00Z,BATCH-PAYT-1772
PO_B01_001773,Stripe India,ZOMA-INV-154805 PO_B01_001773,439133,8143,0,0,430990,INR,2026-08-02T15:06:00Z,BATCH-ZOMA-1773
PO_B01_001774,Razorpay Nodal,UBER-ORD-863551 UBER-ORD-453398 UBER-ORD-311064 BATCH-UBER-1774,359522,7190,0,0,352332,INR,2026-08-03T03:00:00Z,BATCH-UBER-1774
PO_B01_001775,Razorpay Nodal,JIOO-ORD-439153 JIOO-ORD-169776 JIOO-ORD-771581 BATCH-JIOO-1775,306636,6132,0,0,300504,INR,2026-08-03T09:39:00Z,BATCH-JIOO-1775
PO_B01_001776,Stripe India,FLPK-INV-737203 PO_B01_001776,71321,1409,0,0,69912,INR,2026-08-03T08:16:00Z,BATCH-FLPK-1776
PO_B01_001777,Stripe India,OLAA-ORD-861406 OLAA-ORD-234189 OLAA-ORD-655882 BATCH-OLAA-1777,448554,8971,0,0,439583,INR,2026-08-03T03:35:00Z,BATCH-OLAA-1777
PO_B01_001778,Stripe India,BKMS-INV-559234 PO_B01_001778,33514,531,0,0,32983,INR,2026-08-03T06:53:00Z,BATCH-BKMS-1778
PO_B01_001779,Stripe India,MYNT-INV-749093 PO_B01_001779,295058,6391,0,0,288667,INR,2026-08-03T05:38:00Z,BATCH-MYNT-1779
PO_B01_001780,PayU Enterprise,PAYT-INV-438279 PO_B01_001780,447250,8231,0,0,439019,INR,2026-08-03T22:51:00Z,BATCH-PAYT-1780
PO_B01_001781,BillDesk Settlement,TATA-ORD-313074 TATA-ORD-668161 BATCH-TATA-1781,168459,3369,0,0,165090,INR,2026-08-03T00:44:00Z,BATCH-TATA-1781
PO_B01_001782,BillDesk Settlement,SWIG-INV-548520 PO_B01_001782,232360,4931,0,0,227429,INR,2026-08-02T21:11:00Z,BATCH-SWIG-1782
PO_B01_001783,Stripe India,MYNT-INV-636363 PO_B01_001783,350926,6377,0,0,344549,INR,2026-08-03T20:30:00Z,BATCH-MYNT-1783
PO_B01_001784,Stripe India,TATA-INV-256250 PO_B01_001784,383352,5978,0,0,377374,INR,2026-08-03T03:23:00Z,BATCH-TATA-1784
PO_B01_001785,Stripe India,MYNT-ORD-709216 MYNT-ORD-775982 BATCH-MYNT-1785,457995,9159,0,0,448836,INR,2026-08-03T11:51:00Z,BATCH-MYNT-1785
PO_B01_001786,Razorpay Nodal,OLAA-ORD-255241 OLAA-ORD-490377 OLAA-ORD-420635 BATCH-OLAA-1786,290589,5811,0,0,284778,INR,2026-08-03T07:23:00Z,BATCH-OLAA-1786
PO_B01_001787,Cashfree Escrow,JIOO-EXC-656151-UNRESOLVED,100537,2000,0,0,98537,INR,2026-08-03T15:00:00Z,HOLD-ESCROW
PO_B01_001788,Razorpay Nodal,FLPK-INV-205981 PO_B01_001788,225357,5171,0,0,220186,INR,2026-08-03T11:14:00Z,BATCH-FLPK-1788
PO_B01_001789,Cashfree Escrow,BKMS-INV-600793 PO_B01_001789,92060,1711,0,0,90349,INR,2026-08-03T19:25:00Z,BATCH-BKMS-1789
PO_B01_001790,BillDesk Settlement,TATA-INV-938455 PO_B01_001790,29609,524,0,0,29085,INR,2026-08-03T08:10:00Z,BATCH-TATA-1790
PO_B01_001791,PayU Enterprise,FLPK-INV-526994 PO_B01_001791,61529,1421,0,0,60108,INR,2026-08-03T18:01:00Z,BATCH-FLPK-1791
PO_B01_001792,BillDesk Settlement,OLAA-ORD-789653 OLAA-ORD-371095 BATCH-OLAA-1792,278409,5568,0,0,272841,INR,2026-08-03T03:05:00Z,BATCH-OLAA-1792
PO_B01_001793,PayU Enterprise,BLNK-INV-862263 PO_B01_001793,40090,927,0,0,39163,INR,2026-08-02T19:21:00Z,BATCH-BLNK-1793
PO_B01_001794,BillDesk Settlement,UBER-INV-614583 PO_B01_001794,395429,9178,0,0,386251,INR,2026-08-03T03:19:00Z,BATCH-UBER-1794
PO_B01_001795,Razorpay Nodal,BLNK-ORD-649332 BLNK-ORD-839696 BATCH-BLNK-1795,329165,6583,0,0,322582,INR,2026-08-03T13:16:00Z,BATCH-BLNK-1795
PO_B01_001796,PayU Enterprise,PAYT-INV-125541 PO_B01_001796,332423,7274,0,0,325149,INR,2026-08-03T10:28:00Z,BATCH-PAYT-1796
PO_B01_001797,BillDesk Settlement,AMZN-ORD-164685 AMZN-ORD-172603 AMZN-ORD-300267 BATCH-AMZN-1797,248733,4974,0,0,243759,INR,2026-08-03T17:00:00Z,BATCH-AMZN-1797
PO_B01_001798,PayU Enterprise,MYNT-ORD-850187 MYNT-ORD-247965 MYNT-ORD-970207 BATCH-MYNT-1798,437055,8741,0,0,428314,INR,2026-08-02T23:38:00Z,BATCH-MYNT-1798
PO_B01_001799,Razorpay Nodal,NYKA-ORD-454799 NYKA-ORD-780706 BATCH-NYKA-1799,367929,7358,0,0,360571,INR,2026-08-03T16:45:00Z,BATCH-NYKA-1799
PO_B01_001800,Cashfree Escrow,SWIG-ORD-194920 SWIG-ORD-822944 BATCH-SWIG-1800,187375,3747,0,0,183628,INR,2026-08-03T02:53:00Z,BATCH-SWIG-1800
PO_B01_001801,BillDesk Settlement,JIOO-ORD-825268 JIOO-ORD-392611 BATCH-JIOO-1801,256510,5130,0,0,251380,INR,2026-08-03T05:51:00Z,BATCH-JIOO-1801
PO_B01_001802,PayU Enterprise,UBER-EXC-898241-UNRESOLVED,57571,1141,0,0,56430,INR,2026-08-04T02:02:00Z,HOLD-ESCROW
PO_B01_001803,Stripe India,BLNK-INV-126573 PO_B01_001803,400974,7917,0,0,393057,INR,2026-08-02T14:57:00Z,BATCH-BLNK-1803
PO_B01_001804,BillDesk Settlement,JIOO-INV-861298 PO_B01_001804,433883,8930,0,0,424953,INR,2026-08-03T17:02:00Z,BATCH-JIOO-1804
PO_B01_001805,PayU Enterprise,AMZN-ORD-167653 AMZN-ORD-810937 AMZN-ORD-431836 BATCH-AMZN-1805,415561,8311,0,0,407250,INR,2026-08-03T13:51:00Z,BATCH-AMZN-1805
PO_B01_001806,Razorpay Nodal,NYKA-INV-979383 PO_B01_001806,190027,4499,0,0,185528,INR,2026-08-03T11:01:00Z,BATCH-NYKA-1806
PO_B01_001807,PayU Enterprise,OLAA-ORD-826537 OLAA-ORD-972084 OLAA-ORD-655113 BATCH-OLAA-1807,168275,3365,0,0,164910,INR,2026-08-02T21:46:00Z,BATCH-OLAA-1807
PO_B01_001808,Stripe India,SWIG-ORD-626170 SWIG-ORD-534366 BATCH-SWIG-1808,363887,7277,0,0,356610,INR,2026-08-03T13:26:00Z,BATCH-SWIG-1808
PO_B01_001809,Cashfree Escrow,BKMS-EXC-111997-UNRESOLVED,244601,4882,0,0,239719,INR,2026-08-04T02:47:00Z,HOLD-ESCROW
PO_B01_001810,Stripe India,UBER-INV-583160 PO_B01_001810,268268,4259,0,0,264009,INR,2026-08-03T11:59:00Z,BATCH-UBER-1810
PO_B01_001811,Razorpay Nodal,NYKA-ORD-810132 NYKA-ORD-964639 NYKA-ORD-492606 BATCH-NYKA-1811,529712,10594,0,0,519118,INR,2026-08-03T00:38:00Z,BATCH-NYKA-1811
PO_B01_001812,BillDesk Settlement,ZOMA-ORD-172856 ZOMA-ORD-733427 BATCH-ZOMA-1812,225652,4513,0,0,221139,INR,2026-08-03T07:15:00Z,BATCH-ZOMA-1812
PO_B01_001813,BillDesk Settlement,PHNP-INV-855710 PO_B01_001813,126173,3023,0,0,123150,INR,2026-08-03T04:36:00Z,BATCH-PHNP-1813
PO_B01_001814,Stripe India,PHNP-INV-313312 PO_B01_001814,413929,7140,0,0,406789,INR,2026-08-02T21:40:00Z,BATCH-PHNP-1814
PO_B01_001815,Stripe India,BLNK-INV-777293 PO_B01_001815,410303,8817,0,0,401486,INR,2026-08-03T13:13:00Z,BATCH-BLNK-1815
PO_B01_001816,Razorpay Nodal,FLPK-INV-790870 PO_B01_001816,376555,8202,0,0,368353,INR,2026-08-02T22:56:00Z,BATCH-FLPK-1816
PO_B01_001817,BillDesk Settlement,MMTR-ORD-259568 MMTR-ORD-654250 MMTR-ORD-288765 BATCH-MMTR-1817,268663,5373,0,0,263290,INR,2026-08-03T07:49:00Z,BATCH-MMTR-1817
PO_B01_001818,BillDesk Settlement,TATA-INV-199025 PO_B01_001818,415313,7953,0,0,407360,INR,2026-08-03T02:26:00Z,BATCH-TATA-1818
PO_B01_001819,PayU Enterprise,JIOO-INV-289033 PO_B01_001819,123397,2896,0,0,120501,INR,2026-08-03T11:30:00Z,BATCH-JIOO-1819
PO_B01_001820,Cashfree Escrow,OLAA-INV-626964 PO_B01_001820,284160,5528,0,0,278632,INR,2026-08-03T21:14:00Z,BATCH-OLAA-1820
PO_B01_001821,Stripe India,BLNK-ORD-733327 BLNK-ORD-200019 BATCH-BLNK-1821,227901,4558,0,0,223343,INR,2026-08-03T09:12:00Z,BATCH-BLNK-1821
PO_B01_001822,Cashfree Escrow,SWIG-INV-187966 PO_B01_001822,316628,4934,0,0,311694,INR,2026-08-03T09:26:00Z,BATCH-SWIG-1822
PO_B01_001823,Razorpay Nodal,PHNP-INV-142257 PO_B01_001823,164997,2728,0,0,162269,INR,2026-08-03T20:14:00Z,BATCH-PHNP-1823
PO_B01_001824,BillDesk Settlement,OLAA-ORD-229224 OLAA-ORD-643098 BATCH-OLAA-1824,377011,7540,0,0,369471,INR,2026-08-03T08:55:00Z,BATCH-OLAA-1824
PO_B01_001825,BillDesk Settlement,OLAA-INV-703780 PO_B01_001825,29256,550,0,0,28706,INR,2026-08-03T19:28:00Z,BATCH-OLAA-1825
PO_B01_001826,Razorpay Nodal,UBER-INV-521269 PO_B01_001826,251396,4741,0,0,246655,INR,2026-08-02T21:53:00Z,BATCH-UBER-1826
PO_B01_001827,Cashfree Escrow,TATA-INV-693401 PO_B01_001827,212968,3416,0,0,209552,INR,2026-08-03T02:16:00Z,BATCH-TATA-1827
PO_B01_001828,PayU Enterprise,UBER-INV-782851 PO_B01_001828,197975,4868,0,0,193107,INR,2026-08-03T17:57:00Z,BATCH-UBER-1828
PO_B01_001829,PayU Enterprise,TATA-INV-917934 PO_B01_001829,119654,2614,0,0,117040,INR,2026-08-03T08:51:00Z,BATCH-TATA-1829
PO_B01_001830,Cashfree Escrow,NYKA-ORD-144849 NYKA-ORD-796488 BATCH-NYKA-1830,306098,6121,0,0,299977,INR,2026-08-03T16:27:00Z,BATCH-NYKA-1830
PO_B01_001831,Razorpay Nodal,MYNT-INV-544261 PO_B01_001831,344513,5940,0,0,338573,INR,2026-08-02T16:34:00Z,BATCH-MYNT-1831
PO_B01_001832,BillDesk Settlement,PHNP-ORD-960737 PHNP-ORD-264199 BATCH-PHNP-1832,390438,7808,0,0,382630,INR,2026-08-03T11:15:00Z,BATCH-PHNP-1832
PO_B01_001833,BillDesk Settlement,AMZN-ORD-791565 AMZN-ORD-346502 BATCH-AMZN-1833,193348,3866,0,0,189482,INR,2026-08-03T01:59:00Z,BATCH-AMZN-1833
PO_B01_001834,PayU Enterprise,PHNP-ORD-207679 PHNP-ORD-895594 PHNP-ORD-288987 BATCH-PHNP-1834,406351,8127,0,0,398224,INR,2026-08-02T22:20:00Z,BATCH-PHNP-1834
PO_B01_001835,Razorpay Nodal,OLAA-INV-487752 PO_B01_001835,67613,1293,0,0,66320,INR,2026-08-02T16:39:00Z,BATCH-OLAA-1835
PO_B01_001836,Razorpay Nodal,BKMS-ORD-467097 BKMS-ORD-462802 BKMS-ORD-235660 BATCH-BKMS-1836,419306,8386,0,0,410920,INR,2026-08-02T23:52:00Z,BATCH-BKMS-1836
PO_B01_001837,Razorpay Nodal,MMTR-INV-161185 PO_B01_001837,422264,7615,0,0,414649,INR,2026-08-03T07:16:00Z,BATCH-MMTR-1837
PO_B01_001838,Stripe India,BBAS-INV-348900 PO_B01_001838,354367,8090,0,0,346277,INR,2026-08-03T00:00:00Z,BATCH-BBAS-1838
PO_B01_001839,BillDesk Settlement,PHNP-INV-693383 PO_B01_001839,181874,4098,0,0,177776,INR,2026-08-03T02:48:00Z,BATCH-PHNP-1839
PO_B01_001840,PayU Enterprise,OLAA-ORD-543819 OLAA-ORD-379044 BATCH-OLAA-1840,225793,4515,0,0,221278,INR,2026-08-03T16:42:00Z,BATCH-OLAA-1840
PO_B01_001841,Razorpay Nodal,PAYT-INV-787714 PO_B01_001841,126167,2791,0,0,123376,INR,2026-08-02T23:37:00Z,BATCH-PAYT-1841
PO_B01_001842,Razorpay Nodal,MYNT-ORD-412541 MYNT-ORD-110015 MYNT-ORD-226453 BATCH-MYNT-1842,266602,5332,0,0,261270,INR,2026-08-03T02:03:00Z,BATCH-MYNT-1842
PO_B01_001843,BillDesk Settlement,FLPK-INV-357928 PO_B01_001843,448983,8844,0,0,440139,INR,2026-08-03T10:41:00Z,BATCH-FLPK-1843
PO_B01_001844,Razorpay Nodal,MYNT-ORD-601733 MYNT-ORD-150180 MYNT-ORD-806763 BATCH-MYNT-1844,434128,8682,0,0,425446,INR,2026-08-03T20:52:00Z,BATCH-MYNT-1844
PO_B01_001845,BillDesk Settlement,SWIG-ORD-491071 SWIG-ORD-856714 BATCH-SWIG-1845,94227,1884,0,0,92343,INR,2026-08-03T00:05:00Z,BATCH-SWIG-1845
PO_B01_001846,BillDesk Settlement,BLNK-EXC-917606-UNRESOLVED,163398,3257,0,0,160141,INR,2026-08-04T07:23:00Z,HOLD-ESCROW
PO_B01_001847,Stripe India,AMZN-INV-199240 PO_B01_001847,202974,4169,0,0,198805,INR,2026-08-03T09:33:00Z,BATCH-AMZN-1847
PO_B01_001848,BillDesk Settlement,AMZN-ORD-414034 AMZN-ORD-196756 AMZN-ORD-156444 BATCH-AMZN-1848,526837,10536,0,0,516301,INR,2026-08-02T23:54:00Z,BATCH-AMZN-1848
PO_B01_001849,PayU Enterprise,OLAA-ORD-788584 OLAA-ORD-487519 BATCH-OLAA-1849,342340,6846,0,0,335494,INR,2026-08-03T11:23:00Z,BATCH-OLAA-1849
PO_B01_001850,BillDesk Settlement,ZOMA-INV-445916 PO_B01_001850,354127,7381,0,0,346746,INR,2026-08-03T13:01:00Z,BATCH-ZOMA-1850
PO_B01_001851,BillDesk Settlement,UBER-INV-484360 PO_B01_001851,207876,4526,0,0,203350,INR,2026-08-03T15:31:00Z,BATCH-UBER-1851
PO_B01_001852,BillDesk Settlement,SWIG-INV-983782 PO_B01_001852,413937,8828,0,0,405109,INR,2026-08-03T00:52:00Z,BATCH-SWIG-1852
PO_B01_001853,Razorpay Nodal,BLNK-INV-265964 PO_B01_001853,269965,4094,0,0,265871,INR,2026-08-03T11:57:00Z,BATCH-BLNK-1853
PO_B01_001854,Stripe India,JIOO-INV-399815 PO_B01_001854,140033,2519,0,0,137514,INR,2026-08-03T16:12:00Z,BATCH-JIOO-1854
PO_B01_001855,BillDesk Settlement,PAYT-INV-255703 PO_B01_001855,402016,8115,0,0,393901,INR,2026-08-02T16:21:00Z,BATCH-PAYT-1855
PO_B01_001856,BillDesk Settlement,JIOO-ORD-872476 JIOO-ORD-573376 JIOO-ORD-202425 BATCH-JIOO-1856,394563,7891,0,0,386672,INR,2026-08-03T06:48:00Z,BATCH-JIOO-1856
PO_B01_001857,PayU Enterprise,BKMS-ORD-841404 BKMS-ORD-882097 BATCH-BKMS-1857,342426,6848,0,0,335578,INR,2026-08-03T17:00:00Z,BATCH-BKMS-1857
PO_B01_001858,PayU Enterprise,PHNP-INV-892933 PO_B01_001858,245210,4685,0,0,240525,INR,2026-08-03T04:02:00Z,BATCH-PHNP-1858
PO_B01_001859,Cashfree Escrow,UBER-INV-331935 PO_B01_001859,218534,5108,0,0,213426,INR,2026-08-03T03:13:00Z,BATCH-UBER-1859
PO_B01_001860,Stripe India,ZOMA-INV-121973 PO_B01_001860,123672,2198,0,0,121474,INR,2026-08-03T19:02:00Z,BATCH-ZOMA-1860
PO_B01_001861,BillDesk Settlement,ZOMA-INV-925625 PO_B01_001861,327798,5272,0,0,322526,INR,2026-08-03T15:46:00Z,BATCH-ZOMA-1861
PO_B01_001862,Cashfree Escrow,PHNP-INV-199252 PO_B01_001862,79205,1343,0,0,77862,INR,2026-08-03T06:00:00Z,BATCH-PHNP-1862
PO_B01_001863,PayU Enterprise,OLAA-INV-539138 PO_B01_001863,156933,3225,0,0,153708,INR,2026-08-03T16:20:00Z,BATCH-OLAA-1863
PO_B01_001864,BillDesk Settlement,MYNT-INV-611309 PO_B01_001864,319357,5137,0,0,314220,INR,2026-08-03T18:17:00Z,BATCH-MYNT-1864
PO_B01_001865,BillDesk Settlement,ZOMA-ORD-143522 ZOMA-ORD-227759 BATCH-ZOMA-1865,248787,4975,0,0,243812,INR,2026-08-03T09:57:00Z,BATCH-ZOMA-1865
PO_B01_001866,PayU Enterprise,BBAS-ORD-838613 BBAS-ORD-284756 BATCH-BBAS-1866,345597,6911,0,0,338686,INR,2026-08-03T16:28:00Z,BATCH-BBAS-1866
PO_B01_001867,Razorpay Nodal,ZOMA-ORD-823703 ZOMA-ORD-411916 BATCH-ZOMA-1867,112782,2255,0,0,110527,INR,2026-08-03T04:41:00Z,BATCH-ZOMA-1867
PO_B01_001868,Razorpay Nodal,PHNP-INV-807707 PO_B01_001868,378440,9055,0,0,369385,INR,2026-08-02T20:15:00Z,BATCH-PHNP-1868
PO_B01_001869,BillDesk Settlement,FLPK-INV-801707 PO_B01_001869,447935,8313,0,0,439622,INR,2026-08-03T01:51:00Z,BATCH-FLPK-1869
PO_B01_001870,Cashfree Escrow,MMTR-INV-368387 PO_B01_001870,180537,3173,0,0,177364,INR,2026-08-03T01:06:00Z,BATCH-MMTR-1870
PO_B01_001871,PayU Enterprise,BBAS-INV-838034 PO_B01_001871,137120,2918,0,0,134202,INR,2026-08-03T16:57:00Z,BATCH-BBAS-1871
PO_B01_001872,PayU Enterprise,BLNK-INV-800605 PO_B01_001872,36127,749,0,0,35378,INR,2026-08-03T04:13:00Z,BATCH-BLNK-1872
PO_B01_001873,Cashfree Escrow,PHNP-EXC-738626-UNRESOLVED,230094,4591,0,0,225503,INR,2026-08-03T20:59:00Z,HOLD-ESCROW
PO_B01_001874,Cashfree Escrow,BKMS-INV-855459 PO_B01_001874,323824,4865,0,0,318959,INR,2026-08-03T04:27:00Z,BATCH-BKMS-1874
PO_B01_001875,Cashfree Escrow,AMZN-INV-386376 PO_B01_001875,264361,4037,0,0,260324,INR,2026-08-02T21:24:00Z,BATCH-AMZN-1875
PO_B01_001876,PayU Enterprise,MYNT-ORD-131674 MYNT-ORD-523796 BATCH-MYNT-1876,300905,6018,0,0,294887,INR,2026-08-03T16:55:00Z,BATCH-MYNT-1876
PO_B01_001877,PayU Enterprise,JIOO-ORD-474482 JIOO-ORD-269067 JIOO-ORD-255632 BATCH-JIOO-1877,309656,6193,0,0,303463,INR,2026-08-03T12:17:00Z,BATCH-JIOO-1877
PO_B01_001878,PayU Enterprise,BKMS-INV-778474 PO_B01_001878,376560,8217,0,0,368343,INR,2026-08-03T17:55:00Z,BATCH-BKMS-1878
PO_B01_001879,PayU Enterprise,OLAA-INV-169255 PO_B01_001879,339560,7863,0,0,331697,INR,2026-08-03T08:51:00Z,BATCH-OLAA-1879
PO_B01_001880,BillDesk Settlement,MMTR-INV-606269 PO_B01_001880,186932,4436,0,0,182496,INR,2026-08-03T13:24:00Z,BATCH-MMTR-1880
PO_B01_001881,Cashfree Escrow,JIOO-INV-929986 PO_B01_001881,136404,2927,0,0,133477,INR,2026-08-03T15:18:00Z,BATCH-JIOO-1881
PO_B01_001882,PayU Enterprise,TATA-INV-959901 PO_B01_001882,320212,4869,0,0,315343,INR,2026-08-03T12:16:00Z,BATCH-TATA-1882
PO_B01_001883,PayU Enterprise,TATA-INV-559027 PO_B01_001883,49925,1021,0,0,48904,INR,2026-08-02T23:19:00Z,BATCH-TATA-1883
PO_B01_001884,PayU Enterprise,UBER-INV-341843 PO_B01_001884,258020,5016,0,0,253004,INR,2026-08-02T18:03:00Z,BATCH-UBER-1884
PO_B01_001885,Cashfree Escrow,TATA-INV-273898 PO_B01_001885,314242,5090,0,0,309152,INR,2026-08-03T09:52:00Z,BATCH-TATA-1885
PO_B01_001886,Stripe India,PAYT-ORD-792691 PAYT-ORD-775785 BATCH-PAYT-1886,223960,4479,0,0,219481,INR,2026-08-03T00:44:00Z,BATCH-PAYT-1886
PO_B01_001887,Razorpay Nodal,OLAA-INV-221866 PO_B01_001887,26425,555,0,0,25870,INR,2026-08-03T16:47:00Z,BATCH-OLAA-1887
PO_B01_001888,PayU Enterprise,PAYT-INV-720032 PO_B01_001888,199488,4662,0,0,194826,INR,2026-08-03T08:27:00Z,BATCH-PAYT-1888
PO_B01_001889,Stripe India,JIOO-ORD-305299 JIOO-ORD-209436 BATCH-JIOO-1889,143702,2874,0,0,140828,INR,2026-08-03T09:56:00Z,BATCH-JIOO-1889
PO_B01_001890,Stripe India,BLNK-INV-652068 PO_B01_001890,446547,10881,0,0,435666,INR,2026-08-03T08:54:00Z,BATCH-BLNK-1890
PO_B01_001891,Razorpay Nodal,SWIG-INV-387280 PO_B01_001891,168632,2628,0,0,166004,INR,2026-08-03T03:19:00Z,BATCH-SWIG-1891
PO_B01_001892,Cashfree Escrow,BKMS-INV-412551 PO_B01_001892,325383,5570,0,0,319813,INR,2026-08-03T03:20:00Z,BATCH-BKMS-1892
PO_B01_001893,Razorpay Nodal,SWIG-INV-415739 PO_B01_001893,276339,5485,0,0,270854,INR,2026-08-02T22:41:00Z,BATCH-SWIG-1893
PO_B01_001894,PayU Enterprise,ZOMA-ORD-204177 ZOMA-ORD-865642 BATCH-ZOMA-1894,209061,4181,0,0,204880,INR,2026-08-03T12:45:00Z,BATCH-ZOMA-1894
PO_B01_001895,Razorpay Nodal,BKMS-ORD-593758 BKMS-ORD-336002 BATCH-BKMS-1895,218316,4366,0,0,213950,INR,2026-08-03T09:46:00Z,BATCH-BKMS-1895
PO_B01_001896,PayU Enterprise,BLNK-INV-640339 PO_B01_001896,256822,5798,0,0,251024,INR,2026-08-03T14:30:00Z,BATCH-BLNK-1896
PO_B01_001897,Stripe India,PHNP-ORD-808433 PHNP-ORD-634008 BATCH-PHNP-1897,314517,6290,0,0,308227,INR,2026-08-03T03:45:00Z,BATCH-PHNP-1897
PO_B01_001898,Stripe India,BKMS-ORD-609444 BKMS-ORD-589466 BATCH-BKMS-1898,255427,5108,0,0,250319,INR,2026-08-03T00:50:00Z,BATCH-BKMS-1898
PO_B01_001899,PayU Enterprise,ZOMA-ORD-562816 ZOMA-ORD-685981 BATCH-ZOMA-1899,427693,8553,0,0,419140,INR,2026-08-03T11:47:00Z,BATCH-ZOMA-1899
PO_B01_001900,Razorpay Nodal,BKMS-INV-718815 PO_B01_001900,141766,2887,0,0,138879,INR,2026-08-03T09:57:00Z,BATCH-BKMS-1900
PO_B01_001901,Razorpay Nodal,ZOMA-INV-615447 PO_B01_001901,30443,511,0,0,29932,INR,2026-08-03T00:37:00Z,BATCH-ZOMA-1901
PO_B01_001902,BillDesk Settlement,TATA-INV-739147 PO_B01_001902,299741,6558,0,0,293183,INR,2026-08-03T10:40:00Z,BATCH-TATA-1902
PO_B01_001903,BillDesk Settlement,BLNK-ORD-527722 BLNK-ORD-327143 BATCH-BLNK-1903,320316,6406,0,0,313910,INR,2026-08-03T14:20:00Z,BATCH-BLNK-1903
PO_B01_001904,Razorpay Nodal,MYNT-ORD-613392 MYNT-ORD-919873 MYNT-ORD-341199 BATCH-MYNT-1904,397769,7955,0,0,389814,INR,2026-08-03T19:25:00Z,BATCH-MYNT-1904
PO_B01_001905,Cashfree Escrow,PAYT-INV-575838 PO_B01_001905,358506,5591,0,0,352915,INR,2026-08-03T01:57:00Z,BATCH-PAYT-1905
PO_B01_001906,BillDesk Settlement,OLAA-INV-355214 PO_B01_001906,124786,2970,0,0,121816,INR,2026-08-03T08:04:00Z,BATCH-OLAA-1906
PO_B01_001907,BillDesk Settlement,OLAA-INV-717140 PO_B01_001907,225667,4909,0,0,220758,INR,2026-08-02T22:24:00Z,BATCH-OLAA-1907
PO_B01_001908,Stripe India,JIOO-INV-656767 PO_B01_001908,356814,5794,0,0,351020,INR,2026-08-03T13:22:00Z,BATCH-JIOO-1908
PO_B01_001909,PayU Enterprise,MYNT-ORD-949300 MYNT-ORD-315082 BATCH-MYNT-1909,303811,6076,0,0,297735,INR,2026-08-02T21:27:00Z,BATCH-MYNT-1909
PO_B01_001910,BillDesk Settlement,UBER-INV-266489 PO_B01_001910,207189,4587,0,0,202602,INR,2026-08-03T06:59:00Z,BATCH-UBER-1910
PO_B01_001911,PayU Enterprise,UBER-ORD-232597 UBER-ORD-249813 BATCH-UBER-1911,211165,4223,0,0,206942,INR,2026-08-03T10:39:00Z,BATCH-UBER-1911
PO_B01_001912,BillDesk Settlement,SWIG-INV-481298 PO_B01_001912,442790,8975,0,0,433815,INR,2026-08-03T08:07:00Z,BATCH-SWIG-1912
PO_B01_001913,Stripe India,MMTR-INV-212800 PO_B01_001913,250732,5481,0,0,245251,INR,2026-08-03T06:10:00Z,BATCH-MMTR-1913
PO_B01_001914,PayU Enterprise,OLAA-ORD-588656 OLAA-ORD-755200 BATCH-OLAA-1914,211272,4225,0,0,207047,INR,2026-08-03T18:02:00Z,BATCH-OLAA-1914
PO_B01_001915,Cashfree Escrow,UBER-INV-353183 PO_B01_001915,394301,8953,0,0,385348,INR,2026-08-03T03:48:00Z,BATCH-UBER-1915
PO_B01_001916,PayU Enterprise,UBER-INV-821005 PO_B01_001916,212374,4303,0,0,208071,INR,2026-08-03T03:35:00Z,BATCH-UBER-1916
PO_B01_001917,Razorpay Nodal,ZOMA-ORD-867440 ZOMA-ORD-894213 ZOMA-ORD-687274 BATCH-ZOMA-1917,385556,7711,0,0,377845,INR,2026-08-02T22:52:00Z,BATCH-ZOMA-1917
PO_B01_001918,BillDesk Settlement,MMTR-ORD-564069 MMTR-ORD-426667 BATCH-MMTR-1918,284436,5688,0,0,278748,INR,2026-08-02T22:33:00Z,BATCH-MMTR-1918
PO_B01_001919,Razorpay Nodal,PAYT-INV-941305 PO_B01_001919,191835,3804,0,0,188031,INR,2026-08-03T02:00:00Z,BATCH-PAYT-1919
PO_B01_001920,Cashfree Escrow,BKMS-ORD-954452 BKMS-ORD-707036 BATCH-BKMS-1920,232274,4645,0,0,227629,INR,2026-08-03T02:33:00Z,BATCH-BKMS-1920
PO_B01_001921,PayU Enterprise,BKMS-INV-248195 PO_B01_001921,369222,6326,0,0,362896,INR,2026-08-02T14:48:00Z,BATCH-BKMS-1921
PO_B01_001922,BillDesk Settlement,BBAS-INV-423868 PO_B01_001922,445637,8325,0,0,437312,INR,2026-08-03T12:05:00Z,BATCH-BBAS-1922
PO_B01_001923,Stripe India,MMTR-ORD-719417 MMTR-ORD-988998 BATCH-MMTR-1923,116312,2326,0,0,113986,INR,2026-08-02T22:00:00Z,BATCH-MMTR-1923
PO_B01_001924,Razorpay Nodal,PHNP-INV-203788 PO_B01_001924,241909,4768,0,0,237141,INR,2026-08-03T23:04:00Z,BATCH-PHNP-1924
PO_B01_001925,Razorpay Nodal,AMZN-INV-945844 PO_B01_001925,348393,7405,0,0,340988,INR,2026-08-03T21:39:00Z,BATCH-AMZN-1925
PO_B01_001926,Razorpay Nodal,MMTR-INV-131863 PO_B01_001926,330335,6963,0,0,323372,INR,2026-08-04T03:00:00Z,BATCH-MMTR-1926
PO_B01_001927,Stripe India,UBER-INV-421313 PO_B01_001927,128886,2142,0,0,126744,INR,2026-08-03T04:51:00Z,BATCH-UBER-1927
PO_B01_001928,Cashfree Escrow,BKMS-ORD-985420 BKMS-ORD-382759 BATCH-BKMS-1928,303929,6078,0,0,297851,INR,2026-08-03T12:45:00Z,BATCH-BKMS-1928
PO_B01_001929,PayU Enterprise,BLNK-EXC-494330-UNRESOLVED,149268,2975,0,0,146293,INR,2026-08-03T19:28:00Z,HOLD-ESCROW
PO_B01_001930,Stripe India,NYKA-INV-504261 PO_B01_001930,157588,3464,0,0,154124,INR,2026-08-03T21:46:00Z,BATCH-NYKA-1930
PO_B01_001931,BillDesk Settlement,BLNK-INV-889699 PO_B01_001931,277392,4339,0,0,273053,INR,2026-08-03T02:48:00Z,BATCH-BLNK-1931
PO_B01_001932,PayU Enterprise,AMZN-INV-793500 PO_B01_001932,84211,1809,0,0,82402,INR,2026-08-03T06:13:00Z,BATCH-AMZN-1932
PO_B01_001933,Cashfree Escrow,ZOMA-INV-638337 PO_B01_001933,83136,1844,0,0,81292,INR,2026-08-02T19:08:00Z,BATCH-ZOMA-1933
PO_B01_001934,Stripe India,UBER-ORD-307417 UBER-ORD-537681 UBER-ORD-490757 BATCH-UBER-1934,449232,8984,0,0,440248,INR,2026-08-03T02:07:00Z,BATCH-UBER-1934
PO_B01_001935,Razorpay Nodal,FLPK-INV-313498 PO_B01_001935,317654,7840,0,0,309814,INR,2026-08-03T12:20:00Z,BATCH-FLPK-1935
PO_B01_001936,PayU Enterprise,TATA-INV-697074 PO_B01_001936,116875,2070,0,0,114805,INR,2026-08-03T14:04:00Z,BATCH-TATA-1936
PO_B01_001937,PayU Enterprise,SWIG-INV-689724 PO_B01_001937,137316,2561,0,0,134755,INR,2026-08-03T13:20:00Z,BATCH-SWIG-1937
PO_B01_001938,Stripe India,JIOO-INV-382612 PO_B01_001938,213182,3710,0,0,209472,INR,2026-08-03T06:05:00Z,BATCH-JIOO-1938
PO_B01_001939,Stripe India,JIOO-INV-165429 PO_B01_001939,184689,3257,0,0,181432,INR,2026-08-03T06:46:00Z,BATCH-JIOO-1939
PO_B01_001940,BillDesk Settlement,ZOMA-ORD-727544 ZOMA-ORD-764385 ZOMA-ORD-664289 BATCH-ZOMA-1940,408776,8175,0,0,400601,INR,2026-08-03T05:16:00Z,BATCH-ZOMA-1940
PO_B01_001941,Stripe India,JIOO-INV-893669 PO_B01_001941,44301,1083,0,0,43218,INR,2026-08-02T15:20:00Z,BATCH-JIOO-1941
PO_B01_001942,Cashfree Escrow,BKMS-ORD-931546 BKMS-ORD-796849 BATCH-BKMS-1942,307774,6155,0,0,301619,INR,2026-08-03T10:28:00Z,BATCH-BKMS-1942
PO_B01_001943,PayU Enterprise,PAYT-ORD-432671 PAYT-ORD-882963 PAYT-ORD-526602 BATCH-PAYT-1943,506366,10127,0,0,496239,INR,2026-08-02T23:53:00Z,BATCH-PAYT-1943
PO_B01_001944,Cashfree Escrow,TATA-INV-466068 PO_B01_001944,95906,1460,0,0,94446,INR,2026-08-03T06:30:00Z,BATCH-TATA-1944
PO_B01_001945,Cashfree Escrow,FLPK-INV-779078 PO_B01_001945,70358,1397,0,0,68961,INR,2026-08-02T16:38:00Z,BATCH-FLPK-1945
PO_B01_001946,BillDesk Settlement,FLPK-INV-768250 PO_B01_001946,207357,5109,0,0,202248,INR,2026-08-03T08:13:00Z,BATCH-FLPK-1946
PO_B01_001947,Cashfree Escrow,BKMS-EXC-485570-UNRESOLVED,297897,5947,0,0,291950,INR,2026-08-04T05:50:00Z,HOLD-ESCROW
PO_B01_001948,Stripe India,MYNT-INV-841908 PO_B01_001948,113465,2171,0,0,111294,INR,2026-08-03T14:20:00Z,BATCH-MYNT-1948
PO_B01_001949,BillDesk Settlement,UBER-ORD-128508 UBER-ORD-648684 BATCH-UBER-1949,257786,5155,0,0,252631,INR,2026-08-03T18:27:00Z,BATCH-UBER-1949
PO_B01_001950,BillDesk Settlement,ZOMA-ORD-819490 ZOMA-ORD-354571 BATCH-ZOMA-1950,129853,2597,0,0,127256,INR,2026-08-03T21:00:00Z,BATCH-ZOMA-1950
PO_B01_001951,Cashfree Escrow,SWIG-ORD-894587 SWIG-ORD-649095 BATCH-SWIG-1951,198716,3974,0,0,194742,INR,2026-08-03T02:56:00Z,BATCH-SWIG-1951
PO_B01_001952,Razorpay Nodal,PAYT-INV-485033 PO_B01_001952,34790,603,0,0,34187,INR,2026-08-03T07:27:00Z,BATCH-PAYT-1952
PO_B01_001953,BillDesk Settlement,PAYT-INV-713188 PO_B01_001953,201245,4303,0,0,196942,INR,2026-08-03T09:34:00Z,BATCH-PAYT-1953
PO_B01_001954,Cashfree Escrow,BBAS-INV-191505 PO_B01_001954,162225,3784,0,0,158441,INR,2026-08-03T23:39:00Z,BATCH-BBAS-1954
PO_B01_001955,Stripe India,BLNK-ORD-460042 BLNK-ORD-242015 BATCH-BLNK-1955,173137,3462,0,0,169675,INR,2026-08-03T09:21:00Z,BATCH-BLNK-1955
PO_B01_001956,Razorpay Nodal,NYKA-INV-209700 PO_B01_001956,86977,2015,0,0,84962,INR,2026-08-02T15:46:00Z,BATCH-NYKA-1956
PO_B01_001957,Razorpay Nodal,NYKA-INV-811490 PO_B01_001957,219932,4113,0,0,215819,INR,2026-08-03T05:25:00Z,BATCH-NYKA-1957
PO_B01_001958,PayU Enterprise,FLPK-INV-484595 PO_B01_001958,90121,2237,0,0,87884,INR,2026-08-03T09:41:00Z,BATCH-FLPK-1958
PO_B01_001959,BillDesk Settlement,BBAS-EXC-740380-UNRESOLVED,115020,2290,0,0,112730,INR,2026-08-03T11:05:00Z,HOLD-ESCROW
PO_B01_001960,Razorpay Nodal,ZOMA-INV-689666 PO_B01_001960,149578,3578,0,0,146000,INR,2026-08-03T22:56:00Z,BATCH-ZOMA-1960
PO_B01_001961,Razorpay Nodal,BBAS-INV-157363 PO_B01_001961,101715,2182,0,0,99533,INR,2026-08-03T15:41:00Z,BATCH-BBAS-1961
PO_B01_001962,BillDesk Settlement,MYNT-INV-247018 PO_B01_001962,167417,3366,0,0,164051,INR,2026-08-03T16:26:00Z,BATCH-MYNT-1962
PO_B01_001963,Stripe India,BBAS-INV-699469 PO_B01_001963,52314,1174,0,0,51140,INR,2026-08-02T15:02:00Z,BATCH-BBAS-1963
PO_B01_001964,Cashfree Escrow,BKMS-ORD-818851 BKMS-ORD-169906 BATCH-BKMS-1964,175028,3500,0,0,171528,INR,2026-08-03T02:48:00Z,BATCH-BKMS-1964
PO_B01_001965,PayU Enterprise,PAYT-INV-255987 PO_B01_001965,73491,1689,0,0,71802,INR,2026-08-03T02:27:00Z,BATCH-PAYT-1965
PO_B01_001966,PayU Enterprise,MYNT-INV-798865 PO_B01_001966,444118,9126,0,0,434992,INR,2026-08-03T09:07:00Z,BATCH-MYNT-1966
PO_B01_001967,Stripe India,BKMS-INV-706395 PO_B01_001967,130788,2975,0,0,127813,INR,2026-08-02T15:06:00Z,BATCH-BKMS-1967
PO_B01_001968,Stripe India,BBAS-INV-368347 PO_B01_001968,272050,4802,0,0,267248,INR,2026-08-03T14:37:00Z,BATCH-BBAS-1968
PO_B01_001969,BillDesk Settlement,JIOO-INV-978555 PO_B01_001969,239667,5808,0,0,233859,INR,2026-08-03T04:03:00Z,BATCH-JIOO-1969
PO_B01_001970,Razorpay Nodal,BLNK-INV-302554 PO_B01_001970,448420,7215,0,0,441205,INR,2026-08-03T03:32:00Z,BATCH-BLNK-1970
PO_B01_001971,Stripe India,UBER-INV-935340 PO_B01_001971,129463,2197,0,0,127266,INR,2026-08-03T11:24:00Z,BATCH-UBER-1971
PO_B01_001972,Cashfree Escrow,NYKA-INV-439477 PO_B01_001972,305477,6894,0,0,298583,INR,2026-08-03T21:08:00Z,BATCH-NYKA-1972
PO_B01_001973,Stripe India,PHNP-ORD-200220 PHNP-ORD-332827 BATCH-PHNP-1973,161273,3225,0,0,158048,INR,2026-08-03T08:10:00Z,BATCH-PHNP-1973
PO_B01_001974,BillDesk Settlement,AMZN-ORD-623742 AMZN-ORD-509705 AMZN-ORD-442066 BATCH-AMZN-1974,442659,8853,0,0,433806,INR,2026-08-03T01:07:00Z,BATCH-AMZN-1974
PO_B01_001975,PayU Enterprise,MMTR-INV-607234 PO_B01_001975,411925,7069,0,0,404856,INR,2026-08-03T17:43:00Z,BATCH-MMTR-1975
PO_B01_001976,PayU Enterprise,AMZN-INV-596864 PO_B01_001976,202856,4873,0,0,197983,INR,2026-08-03T00:59:00Z,BATCH-AMZN-1976
PO_B01_001977,PayU Enterprise,SWIG-ORD-176105 SWIG-ORD-434016 SWIG-ORD-444606 BATCH-SWIG-1977,369101,7382,0,0,361719,INR,2026-08-03T10:06:00Z,BATCH-SWIG-1977
PO_B01_001978,Stripe India,PAYT-ORD-736767 PAYT-ORD-596017 BATCH-PAYT-1978,353543,7070,0,0,346473,INR,2026-08-03T17:02:00Z,BATCH-PAYT-1978
PO_B01_001979,Stripe India,JIOO-INV-817980 PO_B01_001979,75012,1419,0,0,73593,INR,2026-08-03T01:13:00Z,BATCH-JIOO-1979
PO_B01_001980,Stripe India,BLNK-INV-178429 PO_B01_001980,447565,7038,0,0,440527,INR,2026-08-02T20:13:00Z,BATCH-BLNK-1980
PO_B01_001981,PayU Enterprise,ZOMA-INV-764627 PO_B01_001981,214695,3716,0,0,210979,INR,2026-08-03T07:35:00Z,BATCH-ZOMA-1981
PO_B01_001982,PayU Enterprise,AMZN-INV-349485 PO_B01_001982,191899,3107,0,0,188792,INR,2026-08-03T21:16:00Z,BATCH-AMZN-1982
PO_B01_001983,Cashfree Escrow,TATA-ORD-985759 TATA-ORD-554706 TATA-ORD-201289 BATCH-TATA-1983,652818,13056,0,0,639762,INR,2026-08-03T18:35:00Z,BATCH-TATA-1983
PO_B01_001984,BillDesk Settlement,UBER-INV-835203 PO_B01_001984,335744,7894,0,0,327850,INR,2026-08-03T07:27:00Z,BATCH-UBER-1984
PO_B01_001985,BillDesk Settlement,SWIG-INV-655720 PO_B01_001985,101296,1874,0,0,99422,INR,2026-08-03T08:01:00Z,BATCH-SWIG-1985
PO_B01_001986,Cashfree Escrow,PAYT-EXC-657109-UNRESOLVED,287407,5738,0,0,281669,INR,2026-08-03T10:10:00Z,HOLD-ESCROW
PO_B01_001987,Stripe India,MMTR-INV-951953 PO_B01_001987,336099,5373,0,0,330726,INR,2026-08-03T06:48:00Z,BATCH-MMTR-1987
PO_B01_001988,PayU Enterprise,FLPK-INV-394992 PO_B01_001988,354750,5589,0,0,349161,INR,2026-08-03T11:16:00Z,BATCH-FLPK-1988
PO_B01_001989,Cashfree Escrow,AMZN-ORD-553402 AMZN-ORD-748029 BATCH-AMZN-1989,245345,4906,0,0,240439,INR,2026-08-02T23:36:00Z,BATCH-AMZN-1989
PO_B01_001990,PayU Enterprise,UBER-INV-927920 PO_B01_001990,233447,4827,0,0,228620,INR,2026-08-02T18:46:00Z,BATCH-UBER-1990
PO_B01_001991,Cashfree Escrow,TATA-INV-677832 PO_B01_001991,81973,1572,0,0,80401,INR,2026-08-03T18:00:00Z,BATCH-TATA-1991
PO_B01_001992,BillDesk Settlement,OLAA-ORD-352860 OLAA-ORD-255304 OLAA-ORD-171856 BATCH-OLAA-1992,396236,7924,0,0,388312,INR,2026-08-02T23:04:00Z,BATCH-OLAA-1992
PO_B01_001993,Razorpay Nodal,PAYT-INV-765104 PO_B01_001993,346091,8313,0,0,337778,INR,2026-08-03T09:35:00Z,BATCH-PAYT-1993
PO_B01_001994,BillDesk Settlement,NYKA-ORD-592862 NYKA-ORD-109033 BATCH-NYKA-1994,181276,3625,0,0,177651,INR,2026-08-03T04:41:00Z,BATCH-NYKA-1994
PO_B01_001995,Stripe India,PAYT-INV-527460 PO_B01_001995,216531,3896,0,0,212635,INR,2026-08-03T04:18:00Z,BATCH-PAYT-1995
PO_B01_001996,BillDesk Settlement,BKMS-INV-720504 PO_B01_001996,129790,2574,0,0,127216,INR,2026-08-03T05:23:00Z,BATCH-BKMS-1996
PO_B01_001997,Stripe India,PHNP-ORD-199376 PHNP-ORD-588317 BATCH-PHNP-1997,245267,4905,0,0,240362,INR,2026-08-03T05:24:00Z,BATCH-PHNP-1997
PO_B01_001998,Stripe India,UBER-INV-921232 PO_B01_001998,446003,7949,0,0,438054,INR,2026-08-03T17:35:00Z,BATCH-UBER-1998
PO_B01_001999,PayU Enterprise,PAYT-INV-764691 PO_B01_001999,263928,5729,0,0,258199,INR,2026-08-03T23:55:00Z,BATCH-PAYT-1999
PO_B01_002000,BillDesk Settlement,MMTR-INV-326820 PO_B01_002000,418463,7996,0,0,410467,INR,2026-08-03T16:09:00Z,BATCH-MMTR-2000
PO_B01_002001,Stripe India,MYNT-INV-176688 PO_B01_002001,176384,4362,0,0,172022,INR,2026-08-03T03:54:00Z,BATCH-MYNT-2001
PO_B01_002002,BillDesk Settlement,BBAS-INV-284686 PO_B01_002002,375664,8972,0,0,366692,INR,2026-08-03T06:12:00Z,BATCH-BBAS-2002
PO_B01_002003,Cashfree Escrow,SWIG-INV-353294 PO_B01_002003,360090,8695,0,0,351395,INR,2026-08-03T04:18:00Z,BATCH-SWIG-2003
PO_B01_002004,Razorpay Nodal,MMTR-ORD-659996 MMTR-ORD-446649 BATCH-MMTR-2004,324156,6483,0,0,317673,INR,2026-08-02T21:39:00Z,BATCH-MMTR-2004
PO_B01_002005,PayU Enterprise,SWIG-INV-177576 PO_B01_002005,321771,7334,0,0,314437,INR,2026-08-03T11:30:00Z,BATCH-SWIG-2005
PO_B01_002006,Cashfree Escrow,MMTR-INV-134659 PO_B01_002006,171676,3061,0,0,168615,INR,2026-08-03T13:45:00Z,BATCH-MMTR-2006
PO_B01_002007,BillDesk Settlement,UBER-INV-192452 PO_B01_002007,249221,5917,0,0,243304,INR,2026-08-03T07:21:00Z,BATCH-UBER-2007
PO_B01_002008,BillDesk Settlement,TATA-INV-933983 PO_B01_002008,368673,6578,0,0,362095,INR,2026-08-03T12:18:00Z,BATCH-TATA-2008
PO_B01_002009,Cashfree Escrow,SWIG-INV-491039 PO_B01_002009,32303,522,0,0,31781,INR,2026-08-03T17:18:00Z,BATCH-SWIG-2009
PO_B01_002010,Stripe India,OLAA-ORD-106441 OLAA-ORD-194980 BATCH-OLAA-2010,241888,4837,0,0,237051,INR,2026-08-02T23:07:00Z,BATCH-OLAA-2010
PO_B01_002011,Razorpay Nodal,OLAA-INV-753798 PO_B01_002011,256970,3990,0,0,252980,INR,2026-08-03T15:19:00Z,BATCH-OLAA-2011
PO_B01_002012,PayU Enterprise,JIOO-INV-140427 PO_B01_002012,375907,8258,0,0,367649,INR,2026-08-03T10:47:00Z,BATCH-JIOO-2012
PO_B01_002013,Razorpay Nodal,PHNP-INV-799651 PO_B01_002013,369340,7685,0,0,361655,INR,2026-08-03T07:57:00Z,BATCH-PHNP-2013
PO_B01_002014,Razorpay Nodal,JIOO-ORD-150096 JIOO-ORD-659937 BATCH-JIOO-2014,193664,3873,0,0,189791,INR,2026-08-03T07:27:00Z,BATCH-JIOO-2014
PO_B01_002015,BillDesk Settlement,UBER-INV-656678 PO_B01_002015,57126,956,0,0,56170,INR,2026-08-03T03:16:00Z,BATCH-UBER-2015
PO_B01_002016,Razorpay Nodal,BLNK-INV-987974 PO_B01_002016,402910,9595,0,0,393315,INR,2026-08-03T18:01:00Z,BATCH-BLNK-2016
PO_B01_002017,Cashfree Escrow,BBAS-INV-566194 PO_B01_002017,316140,5635,0,0,310505,INR,2026-08-03T13:49:00Z,BATCH-BBAS-2017
PO_B01_002018,Razorpay Nodal,BKMS-INV-943170 PO_B01_002018,441230,9052,0,0,432178,INR,2026-08-03T08:27:00Z,BATCH-BKMS-2018
PO_B01_002019,Cashfree Escrow,JIOO-INV-361456 PO_B01_002019,351971,7668,0,0,344303,INR,2026-08-03T06:10:00Z,BATCH-JIOO-2019
PO_B01_002020,Stripe India,FLPK-ORD-267769 FLPK-ORD-441707 BATCH-FLPK-2020,253990,5079,0,0,248911,INR,2026-08-03T14:39:00Z,BATCH-FLPK-2020
PO_B01_002021,BillDesk Settlement,SWIG-ORD-963337 SWIG-ORD-180050 BATCH-SWIG-2021,300877,6017,0,0,294860,INR,2026-08-03T00:29:00Z,BATCH-SWIG-2021
PO_B01_002022,PayU Enterprise,UBER-ORD-811779 UBER-ORD-136268 BATCH-UBER-2022,435441,8708,0,0,426733,INR,2026-08-02T22:37:00Z,BATCH-UBER-2022
PO_B01_002023,Stripe India,BLNK-INV-544459 PO_B01_002023,275952,4788,0,0,271164,INR,2026-08-03T06:36:00Z,BATCH-BLNK-2023
PO_B01_002024,Razorpay Nodal,PAYT-INV-809869 PO_B01_002024,444987,7645,0,0,437342,INR,2026-08-03T08:54:00Z,BATCH-PAYT-2024
PO_B01_002025,Cashfree Escrow,SWIG-INV-371225 PO_B01_002025,396308,8897,0,0,387411,INR,2026-08-03T00:56:00Z,BATCH-SWIG-2025
PO_B01_002026,PayU Enterprise,MMTR-INV-783180 PO_B01_002026,327234,7661,0,0,319573,INR,2026-08-03T20:01:00Z,BATCH-MMTR-2026
PO_B01_002027,Stripe India,JIOO-ORD-609365 JIOO-ORD-397828 BATCH-JIOO-2027,279615,5592,0,0,274023,INR,2026-08-03T12:05:00Z,BATCH-JIOO-2027
PO_B01_002028,Razorpay Nodal,OLAA-ORD-845794 OLAA-ORD-835111 BATCH-OLAA-2028,257942,5158,0,0,252784,INR,2026-08-03T14:31:00Z,BATCH-OLAA-2028
PO_B01_002029,Cashfree Escrow,JIOO-INV-490465 PO_B01_002029,219424,5237,0,0,214187,INR,2026-08-03T06:00:00Z,BATCH-JIOO-2029
PO_B01_002030,Stripe India,FLPK-INV-817529 PO_B01_002030,145358,2219,0,0,143139,INR,2026-08-02T16:10:00Z,BATCH-FLPK-2030
PO_B01_002031,Razorpay Nodal,UBER-INV-879918 PO_B01_002031,174105,3823,0,0,170282,INR,2026-08-02T17:35:00Z,BATCH-UBER-2031
PO_B01_002032,Stripe India,PAYT-INV-775116 PO_B01_002032,385114,6111,0,0,379003,INR,2026-08-03T02:08:00Z,BATCH-PAYT-2032
PO_B01_002033,BillDesk Settlement,UBER-ORD-363756 UBER-ORD-568649 BATCH-UBER-2033,309351,6187,0,0,303164,INR,2026-08-03T15:07:00Z,BATCH-UBER-2033
PO_B01_002034,BillDesk Settlement,PAYT-INV-456469 PO_B01_002034,232283,4387,0,0,227896,INR,2026-08-03T01:40:00Z,BATCH-PAYT-2034
PO_B01_002035,BillDesk Settlement,JIOO-ORD-481349 JIOO-ORD-759433 BATCH-JIOO-2035,353487,7069,0,0,346418,INR,2026-08-02T22:10:00Z,BATCH-JIOO-2035
PO_B01_002036,Stripe India,PHNP-ORD-372707 PHNP-ORD-996786 PHNP-ORD-139078 BATCH-PHNP-2036,415568,8311,0,0,407257,INR,2026-08-03T05:25:00Z,BATCH-PHNP-2036
PO_B01_002037,Razorpay Nodal,MMTR-ORD-482796 MMTR-ORD-427123 MMTR-ORD-571268 BATCH-MMTR-2037,174164,3483,0,0,170681,INR,2026-08-03T01:30:00Z,BATCH-MMTR-2037
PO_B01_002038,BillDesk Settlement,MMTR-ORD-950267 MMTR-ORD-566896 BATCH-MMTR-2038,382858,7657,0,0,375201,INR,2026-08-03T13:07:00Z,BATCH-MMTR-2038
PO_B01_002039,Stripe India,OLAA-INV-143746 PO_B01_002039,442365,10700,0,0,431665,INR,2026-08-03T15:02:00Z,BATCH-OLAA-2039
PO_B01_002040,Stripe India,BLNK-ORD-966585 BLNK-ORD-204697 BLNK-ORD-966852 BATCH-BLNK-2040,190242,3804,0,0,186438,INR,2026-08-03T04:34:00Z,BATCH-BLNK-2040
PO_B01_002041,PayU Enterprise,BKMS-EXC-322152-UNRESOLVED,162173,3233,0,0,158940,INR,2026-08-03T22:16:00Z,HOLD-ESCROW
PO_B01_002042,Stripe India,MYNT-INV-534073 PO_B01_002042,404866,6333,0,0,398533,INR,2026-08-03T04:16:00Z,BATCH-MYNT-2042
PO_B01_002043,Cashfree Escrow,BLNK-INV-884182 PO_B01_002043,385387,6401,0,0,378986,INR,2026-08-03T15:03:00Z,BATCH-BLNK-2043
PO_B01_002044,PayU Enterprise,TATA-INV-381766 PO_B01_002044,90900,1680,0,0,89220,INR,2026-08-03T13:32:00Z,BATCH-TATA-2044
PO_B01_002045,PayU Enterprise,BLNK-INV-785739 PO_B01_002045,352812,6064,0,0,346748,INR,2026-08-03T07:51:00Z,BATCH-BLNK-2045
PO_B01_002046,Razorpay Nodal,SWIG-INV-975098 PO_B01_002046,313706,7030,0,0,306676,INR,2026-08-03T01:01:00Z,BATCH-SWIG-2046
PO_B01_002047,Stripe India,MMTR-INV-997004 PO_B01_002047,69929,1239,0,0,68690,INR,2026-08-03T16:25:00Z,BATCH-MMTR-2047
PO_B01_002048,PayU Enterprise,SWIG-INV-699850 PO_B01_002048,355848,6928,0,0,348920,INR,2026-08-03T06:04:00Z,BATCH-SWIG-2048
PO_B01_002049,Cashfree Escrow,BLNK-INV-801140 PO_B01_002049,343963,6136,0,0,337827,INR,2026-08-02T20:00:00Z,BATCH-BLNK-2049
PO_B01_002050,PayU Enterprise,FLPK-INV-114287 PO_B01_002050,263659,3982,0,0,259677,INR,2026-08-03T11:54:00Z,BATCH-FLPK-2050
PO_B01_002051,Cashfree Escrow,MYNT-INV-627367 PO_B01_002051,307240,6664,0,0,300576,INR,2026-08-03T00:57:00Z,BATCH-MYNT-2051
PO_B01_002052,Razorpay Nodal,SWIG-INV-288898 PO_B01_002052,125603,2553,0,0,123050,INR,2026-08-03T12:28:00Z,BATCH-SWIG-2052
PO_B01_002053,Razorpay Nodal,TATA-ORD-474592 TATA-ORD-995285 TATA-ORD-606495 BATCH-TATA-2053,279477,5589,0,0,273888,INR,2026-08-03T07:25:00Z,BATCH-TATA-2053
PO_B01_002054,BillDesk Settlement,PHNP-ORD-288544 PHNP-ORD-243913 BATCH-PHNP-2054,220499,4409,0,0,216090,INR,2026-08-02T21:39:00Z,BATCH-PHNP-2054
PO_B01_002055,PayU Enterprise,TATA-INV-695522 PO_B01_002055,273119,5313,0,0,267806,INR,2026-08-02T20:55:00Z,BATCH-TATA-2055
PO_B01_002056,Cashfree Escrow,OLAA-INV-837503 PO_B01_002056,130271,2207,0,0,128064,INR,2026-08-03T05:41:00Z,BATCH-OLAA-2056
PO_B01_002057,BillDesk Settlement,PAYT-ORD-995598 PAYT-ORD-480524 BATCH-PAYT-2057,280658,5613,0,0,275045,INR,2026-08-03T00:38:00Z,BATCH-PAYT-2057
PO_B01_002058,Cashfree Escrow,TATA-INV-851487 PO_B01_002058,399935,6461,0,0,393474,INR,2026-08-02T17:04:00Z,BATCH-TATA-2058
PO_B01_002059,BillDesk Settlement,NYKA-ORD-467743 NYKA-ORD-338230 BATCH-NYKA-2059,153304,3066,0,0,150238,INR,2026-08-03T01:58:00Z,BATCH-NYKA-2059
PO_B01_002060,Cashfree Escrow,PAYT-INV-327557 PO_B01_002060,427420,8003,0,0,419417,INR,2026-08-02T19:47:00Z,BATCH-PAYT-2060
PO_B01_002061,PayU Enterprise,MYNT-INV-262720 PO_B01_002061,319098,7443,0,0,311655,INR,2026-08-03T01:21:00Z,BATCH-MYNT-2061
PO_B01_002062,BillDesk Settlement,OLAA-INV-304877 PO_B01_002062,312181,7320,0,0,304861,INR,2026-08-03T13:30:00Z,BATCH-OLAA-2062
PO_B01_002063,PayU Enterprise,JIOO-INV-845752 PO_B01_002063,401372,6093,0,0,395279,INR,2026-08-03T06:25:00Z,BATCH-JIOO-2063
PO_B01_002064,BillDesk Settlement,JIOO-INV-725384 PO_B01_002064,225673,4665,0,0,221008,INR,2026-08-03T23:35:00Z,BATCH-JIOO-2064
PO_B01_002065,Stripe India,PHNP-ORD-950819 PHNP-ORD-812125 PHNP-ORD-124060 BATCH-PHNP-2065,383278,7665,0,0,375613,INR,2026-08-03T06:10:00Z,BATCH-PHNP-2065
PO_B01_002066,PayU Enterprise,PAYT-INV-501636 PO_B01_002066,118283,2695,0,0,115588,INR,2026-08-03T05:42:00Z,BATCH-PAYT-2066
PO_B01_002067,Cashfree Escrow,NYKA-INV-377815 PO_B01_002067,252885,6031,0,0,246854,INR,2026-08-02T21:11:00Z,BATCH-NYKA-2067
PO_B01_002068,Cashfree Escrow,JIOO-INV-987126 PO_B01_002068,250417,5886,0,0,244531,INR,2026-08-03T22:19:00Z,BATCH-JIOO-2068
PO_B01_002069,BillDesk Settlement,BLNK-INV-989721 PO_B01_002069,205348,4481,0,0,200867,INR,2026-08-04T02:00:00Z,BATCH-BLNK-2069
PO_B01_002070,Stripe India,MMTR-ORD-562008 MMTR-ORD-714103 BATCH-MMTR-2070,263969,5279,0,0,258690,INR,2026-08-02T21:31:00Z,BATCH-MMTR-2070
PO_B01_002071,PayU Enterprise,ZOMA-INV-631742 PO_B01_002071,403947,8751,0,0,395196,INR,2026-08-03T15:47:00Z,BATCH-ZOMA-2071
PO_B01_002072,Stripe India,BLNK-INV-609680 PO_B01_002072,249441,4676,0,0,244765,INR,2026-08-03T16:42:00Z,BATCH-BLNK-2072
PO_B01_002073,Cashfree Escrow,MMTR-INV-713051 PO_B01_002073,158208,3751,0,0,154457,INR,2026-08-03T09:58:00Z,BATCH-MMTR-2073
PO_B01_002074,PayU Enterprise,PAYT-ORD-360000 PAYT-ORD-679459 BATCH-PAYT-2074,162499,3249,0,0,159250,INR,2026-08-03T19:28:00Z,BATCH-PAYT-2074
PO_B01_002075,Razorpay Nodal,FLPK-INV-768359 PO_B01_002075,107525,2344,0,0,105181,INR,2026-08-03T06:57:00Z,BATCH-FLPK-2075
PO_B01_002076,Stripe India,JIOO-INV-244085 PO_B01_002076,382981,5828,0,0,377153,INR,2026-08-03T08:50:00Z,BATCH-JIOO-2076
PO_B01_002077,Cashfree Escrow,ZOMA-INV-972578 PO_B01_002077,95451,2349,0,0,93102,INR,2026-08-03T10:54:00Z,BATCH-ZOMA-2077
PO_B01_002078,Stripe India,BKMS-INV-182805 PO_B01_002078,30757,629,0,0,30128,INR,2026-08-03T03:49:00Z,BATCH-BKMS-2078
PO_B01_002079,BillDesk Settlement,FLPK-INV-168083 PO_B01_002079,273689,5539,0,0,268150,INR,2026-08-03T01:27:00Z,BATCH-FLPK-2079
PO_B01_002080,PayU Enterprise,AMZN-INV-479630 PO_B01_002080,366859,9127,0,0,357732,INR,2026-08-03T18:10:00Z,BATCH-AMZN-2080
PO_B01_002081,Razorpay Nodal,BKMS-INV-423471 PO_B01_002081,123240,1945,0,0,121295,INR,2026-08-03T12:57:00Z,BATCH-BKMS-2081
PO_B01_002082,Razorpay Nodal,BLNK-ORD-164269 BLNK-ORD-916972 BATCH-BLNK-2082,368661,7373,0,0,361288,INR,2026-08-03T14:00:00Z,BATCH-BLNK-2082
PO_B01_002083,Stripe India,MYNT-EXC-818078-UNRESOLVED,249170,4973,0,0,244197,INR,2026-08-04T01:00:00Z,HOLD-ESCROW
PO_B01_002084,PayU Enterprise,OLAA-INV-950064 PO_B01_002084,261293,5340,0,0,255953,INR,2026-08-03T13:39:00Z,BATCH-OLAA-2084
PO_B01_002085,Cashfree Escrow,ZOMA-INV-862660 PO_B01_002085,81336,1238,0,0,80098,INR,2026-08-03T16:07:00Z,BATCH-ZOMA-2085
PO_B01_002086,Razorpay Nodal,SWIG-ORD-727423 SWIG-ORD-870567 BATCH-SWIG-2086,205769,4115,0,0,201654,INR,2026-08-03T04:25:00Z,BATCH-SWIG-2086
PO_B01_002087,BillDesk Settlement,NYKA-ORD-580339 NYKA-ORD-441707 NYKA-ORD-680638 BATCH-NYKA-2087,405442,8108,0,0,397334,INR,2026-08-03T12:38:00Z,BATCH-NYKA-2087
PO_B01_002088,Cashfree Escrow,JIOO-INV-823004 PO_B01_002088,53839,1299,0,0,52540,INR,2026-08-03T09:09:00Z,BATCH-JIOO-2088
PO_B01_002089,PayU Enterprise,AMZN-INV-931312 PO_B01_002089,171731,3539,0,0,168192,INR,2026-08-03T23:41:00Z,BATCH-AMZN-2089
PO_B01_002090,Cashfree Escrow,JIOO-INV-956205 PO_B01_002090,44822,823,0,0,43999,INR,2026-08-03T18:57:00Z,BATCH-JIOO-2090
PO_B01_002091,PayU Enterprise,PHNP-ORD-404658 PHNP-ORD-559328 BATCH-PHNP-2091,269069,5381,0,0,263688,INR,2026-08-03T07:56:00Z,BATCH-PHNP-2091
PO_B01_002092,BillDesk Settlement,OLAA-INV-246613 PO_B01_002092,287751,5396,0,0,282355,INR,2026-08-03T18:12:00Z,BATCH-OLAA-2092
PO_B01_002093,Cashfree Escrow,BLNK-ORD-805503 BLNK-ORD-116436 BLNK-ORD-879336 BATCH-BLNK-2093,190955,3819,0,0,187136,INR,2026-08-03T01:34:00Z,BATCH-BLNK-2093
PO_B01_002094,Razorpay Nodal,PHNP-INV-901414 PO_B01_002094,311755,7728,0,0,304027,INR,2026-08-02T21:53:00Z,BATCH-PHNP-2094
PO_B01_002095,Stripe India,PHNP-INV-516416 PO_B01_002095,166072,2508,0,0,163564,INR,2026-08-03T05:06:00Z,BATCH-PHNP-2095
PO_B01_002096,PayU Enterprise,AMZN-INV-574792 PO_B01_002096,412596,6789,0,0,405807,INR,2026-08-03T06:56:00Z,BATCH-AMZN-2096
PO_B01_002097,BillDesk Settlement,JIOO-INV-709589 PO_B01_002097,52878,1030,0,0,51848,INR,2026-08-03T02:10:00Z,BATCH-JIOO-2097
PO_B01_002098,BillDesk Settlement,BLNK-INV-723080 PO_B01_002098,259412,3995,0,0,255417,INR,2026-08-03T01:01:00Z,BATCH-BLNK-2098
PO_B01_002099,Stripe India,BKMS-INV-411410 PO_B01_002099,125436,2835,0,0,122601,INR,2026-08-03T18:36:00Z,BATCH-BKMS-2099
PO_B01_002100,Razorpay Nodal,FLPK-INV-958068 PO_B01_002100,195160,4782,0,0,190378,INR,2026-08-03T18:15:00Z,BATCH-FLPK-2100
PO_B01_002101,PayU Enterprise,MYNT-INV-542325 PO_B01_002101,424119,6464,0,0,417655,INR,2026-08-03T03:21:00Z,BATCH-MYNT-2101
PO_B01_002102,Razorpay Nodal,BLNK-INV-674192 PO_B01_002102,335418,6131,0,0,329287,INR,2026-08-02T21:22:00Z,BATCH-BLNK-2102
PO_B01_002103,BillDesk Settlement,BKMS-INV-571425 PO_B01_002103,70799,1688,0,0,69111,INR,2026-08-03T14:29:00Z,BATCH-BKMS-2103
PO_B01_002104,Razorpay Nodal,PAYT-INV-420168 PO_B01_002104,426625,8169,0,0,418456,INR,2026-08-03T11:19:00Z,BATCH-PAYT-2104
PO_B01_002105,BillDesk Settlement,PAYT-INV-714415 PO_B01_002105,384620,7009,0,0,377611,INR,2026-08-03T03:36:00Z,BATCH-PAYT-2105
PO_B01_002106,BillDesk Settlement,OLAA-ORD-805724 OLAA-ORD-556870 OLAA-ORD-379220 BATCH-OLAA-2106,588727,11774,0,0,576953,INR,2026-08-02T22:12:00Z,BATCH-OLAA-2106
PO_B01_002107,BillDesk Settlement,OLAA-INV-811594 PO_B01_002107,437081,7704,0,0,429377,INR,2026-08-03T06:24:00Z,BATCH-OLAA-2107
PO_B01_002108,Stripe India,UBER-INV-532538 PO_B01_002108,269903,5773,0,0,264130,INR,2026-08-03T20:27:00Z,BATCH-UBER-2108
PO_B01_002109,Cashfree Escrow,FLPK-INV-480242 PO_B01_002109,398112,6059,0,0,392053,INR,2026-08-03T19:18:00Z,BATCH-FLPK-2109
PO_B01_002110,BillDesk Settlement,FLPK-INV-232124 PO_B01_002110,228353,3744,0,0,224609,INR,2026-08-03T09:44:00Z,BATCH-FLPK-2110
PO_B01_002111,Cashfree Escrow,BKMS-INV-922010 PO_B01_002111,302299,7219,0,0,295080,INR,2026-08-03T23:00:00Z,BATCH-BKMS-2111
PO_B01_002112,PayU Enterprise,AMZN-INV-326861 PO_B01_002112,239871,5353,0,0,234518,INR,2026-08-03T22:37:00Z,BATCH-AMZN-2112
PO_B01_002113,Cashfree Escrow,BKMS-INV-125027 PO_B01_002113,367421,7631,0,0,359790,INR,2026-08-03T05:26:00Z,BATCH-BKMS-2113
PO_B01_002114,Cashfree Escrow,MMTR-INV-685277 PO_B01_002114,331224,5304,0,0,325920,INR,2026-08-03T22:26:00Z,BATCH-MMTR-2114
PO_B01_002115,PayU Enterprise,MYNT-ORD-614112 MYNT-ORD-698938 MYNT-ORD-266780 BATCH-MYNT-2115,358707,7174,0,0,351533,INR,2026-08-03T12:58:00Z,BATCH-MYNT-2115
PO_B01_002116,BillDesk Settlement,JIOO-ORD-738414 JIOO-ORD-504837 BATCH-JIOO-2116,435869,8717,0,0,427152,INR,2026-08-03T15:14:00Z,BATCH-JIOO-2116
PO_B01_002117,PayU Enterprise,FLPK-INV-899244 PO_B01_002117,83396,2005,0,0,81391,INR,2026-08-03T13:41:00Z,BATCH-FLPK-2117
PO_B01_002118,Razorpay Nodal,FLPK-INV-352038 PO_B01_002118,183681,2966,0,0,180715,INR,2026-08-02T19:46:00Z,BATCH-FLPK-2118
PO_B01_002119,Cashfree Escrow,JIOO-ORD-266744 JIOO-ORD-752891 JIOO-ORD-636161 BATCH-JIOO-2119,354774,7095,0,0,347679,INR,2026-08-03T08:00:00Z,BATCH-JIOO-2119
PO_B01_002120,Razorpay Nodal,MMTR-ORD-814249 MMTR-ORD-584919 BATCH-MMTR-2120,391270,7825,0,0,383445,INR,2026-08-03T06:43:00Z,BATCH-MMTR-2120
PO_B01_002121,PayU Enterprise,MMTR-INV-711514 PO_B01_002121,108452,1850,0,0,106602,INR,2026-08-03T05:21:00Z,BATCH-MMTR-2121
PO_B01_002122,Cashfree Escrow,UBER-ORD-383686 UBER-ORD-543982 UBER-ORD-270935 BATCH-UBER-2122,363250,7265,0,0,355985,INR,2026-08-03T07:39:00Z,BATCH-UBER-2122
PO_B01_002123,Cashfree Escrow,BKMS-INV-221200 PO_B01_002123,81625,1560,0,0,80065,INR,2026-08-03T07:17:00Z,BATCH-BKMS-2123
PO_B01_002124,Stripe India,JIOO-INV-246132 PO_B01_002124,53510,1237,0,0,52273,INR,2026-08-03T12:53:00Z,BATCH-JIOO-2124
PO_B01_002125,Cashfree Escrow,BKMS-INV-653559 PO_B01_002125,33734,528,0,0,33206,INR,2026-08-03T13:45:00Z,BATCH-BKMS-2125
PO_B01_002126,Razorpay Nodal,TATA-INV-468742 PO_B01_002126,215418,5329,0,0,210089,INR,2026-08-02T21:39:00Z,BATCH-TATA-2126
PO_B01_002127,PayU Enterprise,BKMS-INV-726840 PO_B01_002127,212364,5254,0,0,207110,INR,2026-08-03T11:56:00Z,BATCH-BKMS-2127
PO_B01_002128,Stripe India,OLAA-ORD-999947 OLAA-ORD-108180 BATCH-OLAA-2128,234810,4696,0,0,230114,INR,2026-08-03T20:15:00Z,BATCH-OLAA-2128
PO_B01_002129,Razorpay Nodal,NYKA-INV-212648 PO_B01_002129,266933,5800,0,0,261133,INR,2026-08-03T06:10:00Z,BATCH-NYKA-2129
PO_B01_002130,Cashfree Escrow,BKMS-INV-733253 PO_B01_002130,386400,9064,0,0,377336,INR,2026-08-03T11:15:00Z,BATCH-BKMS-2130
PO_B01_002131,Cashfree Escrow,BKMS-INV-994079 PO_B01_002131,379482,6151,0,0,373331,INR,2026-08-03T15:00:00Z,BATCH-BKMS-2131
PO_B01_002132,Cashfree Escrow,PAYT-EXC-725367-UNRESOLVED,216752,4325,0,0,212427,INR,2026-08-03T11:11:00Z,HOLD-ESCROW
PO_B01_002133,Stripe India,TATA-INV-686059 PO_B01_002133,76137,1741,0,0,74396,INR,2026-08-03T07:49:00Z,BATCH-TATA-2133
PO_B01_002134,Cashfree Escrow,JIOO-INV-168930 PO_B01_002134,416427,6257,0,0,410170,INR,2026-08-03T03:05:00Z,BATCH-JIOO-2134
PO_B01_002135,Cashfree Escrow,BLNK-ORD-277600 BLNK-ORD-153929 BATCH-BLNK-2135,160436,3208,0,0,157228,INR,2026-08-03T04:34:00Z,BATCH-BLNK-2135
PO_B01_002136,BillDesk Settlement,MMTR-INV-124858 PO_B01_002136,29927,485,0,0,29442,INR,2026-08-03T13:48:00Z,BATCH-MMTR-2136
PO_B01_002137,Razorpay Nodal,AMZN-ORD-424089 AMZN-ORD-649506 AMZN-ORD-692281 BATCH-AMZN-2137,397633,7952,0,0,389681,INR,2026-08-02T21:09:00Z,BATCH-AMZN-2137
PO_B01_002138,Stripe India,JIOO-ORD-527999 JIOO-ORD-277497 JIOO-ORD-128512 BATCH-JIOO-2138,295159,5903,0,0,289256,INR,2026-08-03T14:00:00Z,BATCH-JIOO-2138
PO_B01_002139,Stripe India,ZOMA-ORD-944933 ZOMA-ORD-305240 BATCH-ZOMA-2139,391389,7827,0,0,383562,INR,2026-08-03T15:23:00Z,BATCH-ZOMA-2139
PO_B01_002140,Razorpay Nodal,BBAS-INV-984020 PO_B01_002140,54962,938,0,0,54024,INR,2026-08-03T20:59:00Z,BATCH-BBAS-2140
PO_B01_002141,PayU Enterprise,TATA-INV-787470 PO_B01_002141,147118,3097,0,0,144021,INR,2026-08-03T14:08:00Z,BATCH-TATA-2141
PO_B01_002142,Stripe India,SWIG-INV-345714 PO_B01_002142,322885,7542,0,0,315343,INR,2026-08-03T12:10:00Z,BATCH-SWIG-2142
PO_B01_002143,Razorpay Nodal,MMTR-INV-262573 PO_B01_002143,58335,1315,0,0,57020,INR,2026-08-03T13:59:00Z,BATCH-MMTR-2143
PO_B01_002144,Razorpay Nodal,MYNT-INV-576801 PO_B01_002144,135627,2701,0,0,132926,INR,2026-08-03T10:23:00Z,BATCH-MYNT-2144
PO_B01_002145,BillDesk Settlement,BBAS-ORD-920173 BBAS-ORD-174991 BBAS-ORD-945880 BATCH-BBAS-2145,348094,6961,0,0,341133,INR,2026-08-03T15:16:00Z,BATCH-BBAS-2145
PO_B01_002146,Cashfree Escrow,TATA-INV-109265 PO_B01_002146,33876,668,0,0,33208,INR,2026-08-03T10:55:00Z,BATCH-TATA-2146
PO_B01_002147,BillDesk Settlement,JIOO-INV-796610 PO_B01_002147,251934,4895,0,0,247039,INR,2026-08-02T17:18:00Z,BATCH-JIOO-2147
PO_B01_002148,PayU Enterprise,BLNK-EXC-587630-UNRESOLVED,61005,1210,0,0,59795,INR,2026-08-03T21:49:00Z,HOLD-ESCROW
PO_B01_002149,Cashfree Escrow,MYNT-INV-417439 PO_B01_002149,132320,2257,0,0,130063,INR,2026-08-04T00:07:00Z,BATCH-MYNT-2149
PO_B01_002150,BillDesk Settlement,AMZN-EXC-466271-UNRESOLVED,124948,2488,0,0,122460,INR,2026-08-03T15:48:00Z,HOLD-ESCROW
PO_B01_002151,Stripe India,MYNT-INV-951407 PO_B01_002151,245393,4174,0,0,241219,INR,2026-08-02T21:59:00Z,BATCH-MYNT-2151
PO_B01_002152,PayU Enterprise,MMTR-INV-813509 PO_B01_002152,262064,3989,0,0,258075,INR,2026-08-03T19:07:00Z,BATCH-MMTR-2152
PO_B01_002153,BillDesk Settlement,UBER-INV-954321 PO_B01_002153,178354,4114,0,0,174240,INR,2026-08-02T21:27:00Z,BATCH-UBER-2153
PO_B01_002154,Stripe India,BBAS-EXC-604403-UNRESOLVED,73853,1467,0,0,72386,INR,2026-08-03T18:50:00Z,HOLD-ESCROW
PO_B01_002155,Stripe India,OLAA-INV-386506 PO_B01_002155,350075,6631,0,0,343444,INR,2026-08-03T12:54:00Z,BATCH-OLAA-2155
PO_B01_002156,PayU Enterprise,NYKA-INV-934166 PO_B01_002156,372198,6512,0,0,365686,INR,2026-08-02T22:57:00Z,BATCH-NYKA-2156
PO_B01_002157,Stripe India,OLAA-ORD-562316 OLAA-ORD-579474 BATCH-OLAA-2157,429556,8591,0,0,420965,INR,2026-08-03T03:17:00Z,BATCH-OLAA-2157
PO_B01_002158,PayU Enterprise,PAYT-EXC-294440-UNRESOLVED,71418,1418,0,0,70000,INR,2026-08-03T19:29:00Z,HOLD-ESCROW
PO_B01_002159,BillDesk Settlement,FLPK-INV-521460 PO_B01_002159,55848,1133,0,0,54715,INR,2026-08-03T12:53:00Z,BATCH-FLPK-2159
PO_B01_002160,Razorpay Nodal,PAYT-ORD-342392 PAYT-ORD-220278 BATCH-PAYT-2160,161802,3236,0,0,158566,INR,2026-08-03T06:08:00Z,BATCH-PAYT-2160
PO_B01_002161,Stripe India,MYNT-ORD-535547 MYNT-ORD-907186 MYNT-ORD-411308 BATCH-MYNT-2161,495214,9904,0,0,485310,INR,2026-08-03T18:57:00Z,BATCH-MYNT-2161
PO_B01_002162,Cashfree Escrow,TATA-ORD-866947 TATA-ORD-415469 TATA-ORD-780422 BATCH-TATA-2162,533716,10674,0,0,523042,INR,2026-08-03T13:24:00Z,BATCH-TATA-2162
PO_B01_002163,BillDesk Settlement,SWIG-INV-147293 PO_B01_002163,132263,3160,0,0,129103,INR,2026-08-03T12:56:00Z,BATCH-SWIG-2163
PO_B01_002164,Razorpay Nodal,PAYT-INV-361714 PO_B01_002164,30198,643,0,0,29555,INR,2026-08-04T00:00:00Z,BATCH-PAYT-2164
PO_B01_002165,Stripe India,TATA-INV-470329 PO_B01_002165,421523,6891,0,0,414632,INR,2026-08-03T05:21:00Z,BATCH-TATA-2165
PO_B01_002166,Stripe India,MYNT-INV-521142 PO_B01_002166,232400,4629,0,0,227771,INR,2026-08-03T14:48:00Z,BATCH-MYNT-2166
PO_B01_002167,Cashfree Escrow,BBAS-INV-780152 PO_B01_002167,41862,746,0,0,41116,INR,2026-08-03T13:06:00Z,BATCH-BBAS-2167
PO_B01_002168,PayU Enterprise,SWIG-INV-781125 PO_B01_002168,163401,2931,0,0,160470,INR,2026-08-03T15:03:00Z,BATCH-SWIG-2168
PO_B01_002169,Cashfree Escrow,TATA-INV-562347 PO_B01_002169,115224,2097,0,0,113127,INR,2026-08-03T16:42:00Z,BATCH-TATA-2169
PO_B01_002170,Razorpay Nodal,SWIG-ORD-848151 SWIG-ORD-995791 BATCH-SWIG-2170,141212,2824,0,0,138388,INR,2026-08-03T07:10:00Z,BATCH-SWIG-2170
PO_B01_002171,Cashfree Escrow,NYKA-EXC-506474-UNRESOLVED,51708,1024,0,0,50684,INR,2026-08-04T08:42:00Z,HOLD-ESCROW
PO_B01_002172,Razorpay Nodal,ZOMA-INV-600109 PO_B01_002172,373936,7833,0,0,366103,INR,2026-08-03T07:12:00Z,BATCH-ZOMA-2172
PO_B01_002173,Razorpay Nodal,PHNP-ORD-228391 PHNP-ORD-351141 PHNP-ORD-108288 BATCH-PHNP-2173,475310,9506,0,0,465804,INR,2026-08-03T07:32:00Z,BATCH-PHNP-2173
PO_B01_002174,PayU Enterprise,TATA-INV-587165 PO_B01_002174,449850,7906,0,0,441944,INR,2026-08-03T03:21:00Z,BATCH-TATA-2174
PO_B01_002175,Stripe India,BKMS-INV-189889 PO_B01_002175,119235,2128,0,0,117107,INR,2026-08-03T08:22:00Z,BATCH-BKMS-2175
PO_B01_002176,Stripe India,BBAS-INV-346363 PO_B01_002176,448177,8625,0,0,439552,INR,2026-08-03T20:47:00Z,BATCH-BBAS-2176
PO_B01_002177,Stripe India,AMZN-INV-389005 PO_B01_002177,203368,4924,0,0,198444,INR,2026-08-03T18:05:00Z,BATCH-AMZN-2177
PO_B01_002178,PayU Enterprise,TATA-INV-684431 PO_B01_002178,229398,4133,0,0,225265,INR,2026-08-02T20:13:00Z,BATCH-TATA-2178
PO_B01_002179,Razorpay Nodal,MYNT-INV-369023 PO_B01_002179,200953,3652,0,0,197301,INR,2026-08-03T10:51:00Z,BATCH-MYNT-2179
PO_B01_002180,Razorpay Nodal,SWIG-INV-154230 PO_B01_002180,401436,9656,0,0,391780,INR,2026-08-03T00:02:00Z,BATCH-SWIG-2180
PO_B01_002181,Razorpay Nodal,SWIG-INV-636395 PO_B01_002181,414708,9672,0,0,405036,INR,2026-08-03T08:21:00Z,BATCH-SWIG-2181
PO_B01_002182,Stripe India,BLNK-INV-596242 PO_B01_002182,131399,2259,0,0,129140,INR,2026-08-03T23:04:00Z,BATCH-BLNK-2182
PO_B01_002183,BillDesk Settlement,PAYT-INV-529466 PO_B01_002183,385452,8292,0,0,377160,INR,2026-08-02T23:16:00Z,BATCH-PAYT-2183
PO_B01_002184,PayU Enterprise,PAYT-INV-484927 PO_B01_002184,93298,2185,0,0,91113,INR,2026-08-04T01:31:00Z,BATCH-PAYT-2184
PO_B01_002185,PayU Enterprise,PAYT-INV-364622 PO_B01_002185,406209,9360,0,0,396849,INR,2026-08-03T08:12:00Z,BATCH-PAYT-2185
PO_B01_002186,PayU Enterprise,PHNP-INV-416809 PO_B01_002186,245281,5355,0,0,239926,INR,2026-08-03T03:50:00Z,BATCH-PHNP-2186
PO_B01_002187,Cashfree Escrow,MMTR-ORD-225836 MMTR-ORD-692749 BATCH-MMTR-2187,373070,7461,0,0,365609,INR,2026-08-03T19:30:00Z,BATCH-MMTR-2187
PO_B01_002188,BillDesk Settlement,BBAS-INV-317590 PO_B01_002188,222822,3531,0,0,219291,INR,2026-08-02T22:18:00Z,BATCH-BBAS-2188
PO_B01_002189,Cashfree Escrow,SWIG-ORD-277065 SWIG-ORD-565312 BATCH-SWIG-2189,189493,3789,0,0,185704,INR,2026-08-02T23:53:00Z,BATCH-SWIG-2189
PO_B01_002190,PayU Enterprise,JIOO-INV-419821 PO_B01_002190,27434,682,0,0,26752,INR,2026-08-02T22:39:00Z,BATCH-JIOO-2190
PO_B01_002191,PayU Enterprise,OLAA-INV-144010 PO_B01_002191,115054,2332,0,0,112722,INR,2026-08-03T15:27:00Z,BATCH-OLAA-2191
PO_B01_002192,BillDesk Settlement,AMZN-INV-310220 PO_B01_002192,63435,1297,0,0,62138,INR,2026-08-03T16:26:00Z,BATCH-AMZN-2192
PO_B01_002193,Cashfree Escrow,ZOMA-INV-383189 PO_B01_002193,312468,5069,0,0,307399,INR,2026-08-03T22:08:00Z,BATCH-ZOMA-2193
PO_B01_002194,Stripe India,BLNK-INV-909477 PO_B01_002194,287207,5903,0,0,281304,INR,2026-08-03T13:12:00Z,BATCH-BLNK-2194
PO_B01_002195,BillDesk Settlement,MMTR-INV-478516 PO_B01_002195,323333,6231,0,0,317102,INR,2026-08-03T05:18:00Z,BATCH-MMTR-2195
PO_B01_002196,Stripe India,PHNP-INV-404917 PO_B01_002196,264722,4137,0,0,260585,INR,2026-08-03T11:53:00Z,BATCH-PHNP-2196
PO_B01_002197,Cashfree Escrow,MYNT-INV-940509 PO_B01_002197,374653,8229,0,0,366424,INR,2026-08-03T17:46:00Z,BATCH-MYNT-2197
PO_B01_002198,Razorpay Nodal,UBER-ORD-606932 UBER-ORD-966778 UBER-ORD-576295 BATCH-UBER-2198,210110,4202,0,0,205908,INR,2026-08-03T17:11:00Z,BATCH-UBER-2198
PO_B01_002199,BillDesk Settlement,BKMS-INV-481493 PO_B01_002199,151458,3578,0,0,147880,INR,2026-08-03T04:17:00Z,BATCH-BKMS-2199
PO_B01_002200,Cashfree Escrow,TATA-INV-771574 PO_B01_002200,193254,3544,0,0,189710,INR,2026-08-03T02:06:00Z,BATCH-TATA-2200
PO_B01_002201,Razorpay Nodal,ZOMA-INV-425304 PO_B01_002201,245409,3821,0,0,241588,INR,2026-08-03T03:49:00Z,BATCH-ZOMA-2201
PO_B01_002202,BillDesk Settlement,BLNK-INV-746663 PO_B01_002202,334434,5262,0,0,329172,INR,2026-08-03T09:23:00Z,BATCH-BLNK-2202
PO_B01_002203,Cashfree Escrow,BKMS-ORD-913940 BKMS-ORD-702808 BATCH-BKMS-2203,166096,3321,0,0,162775,INR,2026-08-02T22:42:00Z,BATCH-BKMS-2203
PO_B01_002204,Stripe India,BBAS-ORD-787594 BBAS-ORD-719462 BATCH-BBAS-2204,353491,7069,0,0,346422,INR,2026-08-03T15:17:00Z,BATCH-BBAS-2204
PO_B01_002205,PayU Enterprise,PAYT-INV-604979 PO_B01_002205,220154,4769,0,0,215385,INR,2026-08-03T02:49:00Z,BATCH-PAYT-2205
PO_B01_002206,Razorpay Nodal,PHNP-INV-401138 PO_B01_002206,393330,6976,0,0,386354,INR,2026-08-03T12:11:00Z,BATCH-PHNP-2206
PO_B01_002207,Razorpay Nodal,PAYT-INV-391185 PO_B01_002207,358383,6710,0,0,351673,INR,2026-08-03T06:27:00Z,BATCH-PAYT-2207
PO_B01_002208,Razorpay Nodal,FLPK-ORD-554303 FLPK-ORD-301645 BATCH-FLPK-2208,210677,4213,0,0,206464,INR,2026-08-03T02:34:00Z,BATCH-FLPK-2208
PO_B01_002209,BillDesk Settlement,PHNP-INV-943434 PO_B01_002209,341499,5646,0,0,335853,INR,2026-08-03T20:37:00Z,BATCH-PHNP-2209
PO_B01_002210,PayU Enterprise,UBER-ORD-183279 UBER-ORD-737279 UBER-ORD-147692 BATCH-UBER-2210,88001,1760,0,0,86241,INR,2026-08-02T21:01:00Z,BATCH-UBER-2210
PO_B01_002211,BillDesk Settlement,PAYT-INV-582669 PO_B01_002211,307543,7646,0,0,299897,INR,2026-08-03T20:53:00Z,BATCH-PAYT-2211
PO_B01_002212,BillDesk Settlement,BKMS-INV-401088 PO_B01_002212,48073,1111,0,0,46962,INR,2026-08-03T07:11:00Z,BATCH-BKMS-2212
PO_B01_002213,Stripe India,UBER-INV-202801 PO_B01_002213,26734,537,0,0,26197,INR,2026-08-03T14:34:00Z,BATCH-UBER-2213
PO_B01_002214,Razorpay Nodal,BLNK-INV-855314 PO_B01_002214,107079,1920,0,0,105159,INR,2026-08-03T05:43:00Z,BATCH-BLNK-2214
PO_B01_002215,Cashfree Escrow,BLNK-INV-431870 PO_B01_002215,50336,1032,0,0,49304,INR,2026-08-03T14:44:00Z,BATCH-BLNK-2215
PO_B01_002216,PayU Enterprise,BKMS-INV-761294 PO_B01_002216,361500,6064,0,0,355436,INR,2026-08-03T04:38:00Z,BATCH-BKMS-2216
PO_B01_002217,Razorpay Nodal,BBAS-INV-212785 PO_B01_002217,301381,4951,0,0,296430,INR,2026-08-03T15:23:00Z,BATCH-BBAS-2217
PO_B01_002218,PayU Enterprise,ZOMA-INV-405327 PO_B01_002218,448524,8125,0,0,440399,INR,2026-08-03T09:41:00Z,BATCH-ZOMA-2218
PO_B01_002219,Razorpay Nodal,UBER-ORD-376753 UBER-ORD-905005 BATCH-UBER-2219,204854,4097,0,0,200757,INR,2026-08-03T00:36:00Z,BATCH-UBER-2219
PO_B01_002220,Razorpay Nodal,NYKA-ORD-355465 NYKA-ORD-466004 BATCH-NYKA-2220,184721,3694,0,0,181027,INR,2026-08-03T07:04:00Z,BATCH-NYKA-2220
PO_B01_002221,PayU Enterprise,JIOO-INV-179735 PO_B01_002221,283448,5369,0,0,278079,INR,2026-08-03T09:22:00Z,BATCH-JIOO-2221
PO_B01_002222,PayU Enterprise,SWIG-INV-984294 PO_B01_002222,111137,2053,0,0,109084,INR,2026-08-03T02:28:00Z,BATCH-SWIG-2222
PO_B01_002223,Stripe India,FLPK-INV-515977 PO_B01_002223,133304,2731,0,0,130573,INR,2026-08-03T04:34:00Z,BATCH-FLPK-2223
PO_B01_002224,Razorpay Nodal,TATA-INV-403677 PO_B01_002224,145183,3123,0,0,142060,INR,2026-08-03T06:31:00Z,BATCH-TATA-2224
PO_B01_002225,PayU Enterprise,OLAA-INV-772803 PO_B01_002225,31642,656,0,0,30986,INR,2026-08-03T04:21:00Z,BATCH-OLAA-2225
PO_B01_002226,Razorpay Nodal,PHNP-EXC-732437-UNRESOLVED,278663,5563,0,0,273100,INR,2026-08-03T17:56:00Z,HOLD-ESCROW
PO_B01_002227,PayU Enterprise,UBER-INV-937733 PO_B01_002227,304826,6542,0,0,298284,INR,2026-08-03T02:21:00Z,BATCH-UBER-2227
PO_B01_002228,Stripe India,JIOO-INV-962855 PO_B01_002228,410220,9887,0,0,400333,INR,2026-08-03T21:44:00Z,BATCH-JIOO-2228
PO_B01_002229,Cashfree Escrow,BBAS-INV-856468 PO_B01_002229,264320,5808,0,0,258512,INR,2026-08-03T04:04:00Z,BATCH-BBAS-2229
PO_B01_002230,Razorpay Nodal,TATA-INV-805328 PO_B01_002230,396311,7480,0,0,388831,INR,2026-08-03T13:29:00Z,BATCH-TATA-2230
PO_B01_002231,BillDesk Settlement,NYKA-ORD-869834 NYKA-ORD-497195 BATCH-NYKA-2231,445206,8904,0,0,436302,INR,2026-08-03T14:02:00Z,BATCH-NYKA-2231
PO_B01_002232,Stripe India,OLAA-INV-960813 PO_B01_002232,49211,952,0,0,48259,INR,2026-08-03T12:11:00Z,BATCH-OLAA-2232
PO_B01_002233,Stripe India,MYNT-ORD-893430 MYNT-ORD-566528 BATCH-MYNT-2233,303477,6069,0,0,297408,INR,2026-08-03T10:03:00Z,BATCH-MYNT-2233
PO_B01_002234,PayU Enterprise,SWIG-INV-706411 PO_B01_002234,229474,4800,0,0,224674,INR,2026-08-03T06:45:00Z,BATCH-SWIG-2234
PO_B01_002235,Cashfree Escrow,SWIG-ORD-680527 SWIG-ORD-612586 SWIG-ORD-493205 BATCH-SWIG-2235,482976,9659,0,0,473317,INR,2026-08-03T02:42:00Z,BATCH-SWIG-2235
PO_B01_002236,Stripe India,FLPK-INV-893751 PO_B01_002236,317278,7134,0,0,310144,INR,2026-08-03T01:34:00Z,BATCH-FLPK-2236
PO_B01_002237,BillDesk Settlement,FLPK-INV-520449 PO_B01_002237,288232,4740,0,0,283492,INR,2026-08-03T08:36:00Z,BATCH-FLPK-2237
PO_B01_002238,PayU Enterprise,FLPK-INV-628541 PO_B01_002238,420820,9131,0,0,411689,INR,2026-08-02T18:08:00Z,BATCH-FLPK-2238
PO_B01_002239,Stripe India,JIOO-INV-151906 PO_B01_002239,83114,1329,0,0,81785,INR,2026-08-03T06:40:00Z,BATCH-JIOO-2239
PO_B01_002240,PayU Enterprise,PAYT-INV-452459 PO_B01_002240,365448,6985,0,0,358463,INR,2026-08-03T06:48:00Z,BATCH-PAYT-2240
PO_B01_002241,Razorpay Nodal,ZOMA-INV-283487 PO_B01_002241,350867,8476,0,0,342391,INR,2026-08-03T09:10:00Z,BATCH-ZOMA-2241
PO_B01_002242,Razorpay Nodal,SWIG-ORD-346064 SWIG-ORD-297961 BATCH-SWIG-2242,205483,4109,0,0,201374,INR,2026-08-03T12:23:00Z,BATCH-SWIG-2242
PO_B01_002243,BillDesk Settlement,PHNP-INV-791119 PO_B01_002243,189801,4057,0,0,185744,INR,2026-08-03T10:04:00Z,BATCH-PHNP-2243
PO_B01_002244,Cashfree Escrow,JIOO-INV-262469 PO_B01_002244,83422,1891,0,0,81531,INR,2026-08-02T21:04:00Z,BATCH-JIOO-2244
PO_B01_002245,PayU Enterprise,BKMS-INV-978895 PO_B01_002245,166876,4157,0,0,162719,INR,2026-08-03T07:05:00Z,BATCH-BKMS-2245
PO_B01_002246,Razorpay Nodal,FLPK-INV-193660 PO_B01_002246,164093,3133,0,0,160960,INR,2026-08-03T12:47:00Z,BATCH-FLPK-2246
PO_B01_002247,Cashfree Escrow,NYKA-ORD-999936 NYKA-ORD-857457 NYKA-ORD-618321 BATCH-NYKA-2247,354372,7087,0,0,347285,INR,2026-08-03T05:51:00Z,BATCH-NYKA-2247
PO_B01_002248,PayU Enterprise,SWIG-INV-334032 PO_B01_002248,49269,1076,0,0,48193,INR,2026-08-03T03:35:00Z,BATCH-SWIG-2248
PO_B01_002249,Stripe India,FLPK-INV-371826 PO_B01_002249,428474,8163,0,0,420311,INR,2026-08-03T10:25:00Z,BATCH-FLPK-2249
PO_B01_002250,PayU Enterprise,SWIG-INV-196235 PO_B01_002250,358717,8003,0,0,350714,INR,2026-08-03T17:24:00Z,BATCH-SWIG-2250
PO_B01_002251,Stripe India,MMTR-ORD-582694 MMTR-ORD-849706 MMTR-ORD-850530 BATCH-MMTR-2251,537895,10757,0,0,527138,INR,2026-08-03T06:10:00Z,BATCH-MMTR-2251
PO_B01_002252,PayU Enterprise,MYNT-ORD-991509 MYNT-ORD-113368 MYNT-ORD-463334 BATCH-MYNT-2252,155549,3110,0,0,152439,INR,2026-08-03T02:37:00Z,BATCH-MYNT-2252
PO_B01_002253,PayU Enterprise,ZOMA-ORD-413458 ZOMA-ORD-898646 BATCH-ZOMA-2253,189489,3789,0,0,185700,INR,2026-08-03T00:01:00Z,BATCH-ZOMA-2253
PO_B01_002254,PayU Enterprise,PHNP-INV-442067 PO_B01_002254,292344,6616,0,0,285728,INR,2026-08-02T22:44:00Z,BATCH-PHNP-2254
PO_B01_002255,PayU Enterprise,BKMS-EXC-451734-UNRESOLVED,51378,1017,0,0,50361,INR,2026-08-04T01:07:00Z,HOLD-ESCROW
PO_B01_002256,Cashfree Escrow,OLAA-ORD-690758 OLAA-ORD-912675 BATCH-OLAA-2256,338918,6778,0,0,332140,INR,2026-08-03T02:14:00Z,BATCH-OLAA-2256
PO_B01_002257,Cashfree Escrow,PAYT-INV-609010 PO_B01_002257,29506,475,0,0,29031,INR,2026-08-03T09:19:00Z,BATCH-PAYT-2257
PO_B01_002258,PayU Enterprise,AMZN-INV-639415 PO_B01_002258,371433,9188,0,0,362245,INR,2026-08-03T10:27:00Z,BATCH-AMZN-2258
PO_B01_002259,PayU Enterprise,AMZN-INV-491377 PO_B01_002259,128376,3096,0,0,125280,INR,2026-08-03T00:26:00Z,BATCH-AMZN-2259
PO_B01_002260,BillDesk Settlement,TATA-INV-618418 PO_B01_002260,402016,7085,0,0,394931,INR,2026-08-03T06:58:00Z,BATCH-TATA-2260
PO_B01_002261,BillDesk Settlement,AMZN-INV-518935 PO_B01_002261,68738,1052,0,0,67686,INR,2026-08-03T19:05:00Z,BATCH-AMZN-2261
PO_B01_002262,Razorpay Nodal,BBAS-INV-526139 PO_B01_002262,122042,1900,0,0,120142,INR,2026-08-03T20:03:00Z,BATCH-BBAS-2262
PO_B01_002263,Razorpay Nodal,NYKA-ORD-662959 NYKA-ORD-743883 BATCH-NYKA-2263,183192,3663,0,0,179529,INR,2026-08-03T07:09:00Z,BATCH-NYKA-2263
PO_B01_002264,Cashfree Escrow,BKMS-INV-252460 PO_B01_002264,227423,5568,0,0,221855,INR,2026-08-03T16:01:00Z,BATCH-BKMS-2264
PO_B01_002265,Stripe India,BLNK-INV-250622 PO_B01_002265,232713,4411,0,0,228302,INR,2026-08-03T22:04:00Z,BATCH-BLNK-2265
PO_B01_002266,PayU Enterprise,SWIG-INV-368690 PO_B01_002266,265996,5019,0,0,260977,INR,2026-08-03T09:48:00Z,BATCH-SWIG-2266
PO_B01_002267,Cashfree Escrow,NYKA-INV-692879 PO_B01_002267,66829,1078,0,0,65751,INR,2026-08-03T04:26:00Z,BATCH-NYKA-2267
PO_B01_002268,Stripe India,MMTR-INV-827252 PO_B01_002268,273101,4372,0,0,268729,INR,2026-08-02T16:05:00Z,BATCH-MMTR-2268
PO_B01_002269,PayU Enterprise,BBAS-INV-823421 PO_B01_002269,360800,5953,0,0,354847,INR,2026-08-03T12:56:00Z,BATCH-BBAS-2269
PO_B01_002270,Razorpay Nodal,PAYT-EXC-326418-UNRESOLVED,231572,4621,0,0,226951,INR,2026-08-03T14:55:00Z,HOLD-ESCROW
PO_B01_002271,Cashfree Escrow,SWIG-ORD-794393 SWIG-ORD-858285 BATCH-SWIG-2271,353575,7071,0,0,346504,INR,2026-08-03T12:20:00Z,BATCH-SWIG-2271
PO_B01_002272,Stripe India,MMTR-INV-677725 PO_B01_002272,339167,7414,0,0,331753,INR,2026-08-03T17:04:00Z,BATCH-MMTR-2272
PO_B01_002273,BillDesk Settlement,BKMS-INV-216959 PO_B01_002273,291988,6386,0,0,285602,INR,2026-08-03T08:44:00Z,BATCH-BKMS-2273
PO_B01_002274,Stripe India,BKMS-INV-232190 PO_B01_002274,202180,4366,0,0,197814,INR,2026-08-03T01:44:00Z,BATCH-BKMS-2274
PO_B01_002275,Cashfree Escrow,BLNK-INV-894580 PO_B01_002275,371837,6376,0,0,365461,INR,2026-08-03T16:36:00Z,BATCH-BLNK-2275
PO_B01_002276,Stripe India,OLAA-ORD-596609 OLAA-ORD-638877 OLAA-ORD-484120 BATCH-OLAA-2276,571722,11434,0,0,560288,INR,2026-08-03T10:44:00Z,BATCH-OLAA-2276
PO_B01_002277,BillDesk Settlement,OLAA-ORD-952580 OLAA-ORD-865688 BATCH-OLAA-2277,325702,6514,0,0,319188,INR,2026-08-03T19:41:00Z,BATCH-OLAA-2277
PO_B01_002278,PayU Enterprise,BLNK-INV-749479 PO_B01_002278,144103,3197,0,0,140906,INR,2026-08-03T05:16:00Z,BATCH-BLNK-2278
PO_B01_002279,PayU Enterprise,OLAA-ORD-979699 OLAA-ORD-796150 BATCH-OLAA-2279,239292,4785,0,0,234507,INR,2026-08-03T10:04:00Z,BATCH-OLAA-2279
PO_B01_002280,Cashfree Escrow,ZOMA-INV-485094 PO_B01_002280,200887,3163,0,0,197724,INR,2026-08-03T00:03:00Z,BATCH-ZOMA-2280
PO_B01_002281,Razorpay Nodal,ZOMA-EXC-380175-UNRESOLVED,129664,2583,0,0,127081,INR,2026-08-03T20:55:00Z,HOLD-ESCROW
PO_B01_002282,Razorpay Nodal,AMZN-ORD-871657 AMZN-ORD-871943 BATCH-AMZN-2282,357386,7147,0,0,350239,INR,2026-08-03T08:16:00Z,BATCH-AMZN-2282
PO_B01_002283,Razorpay Nodal,BBAS-ORD-240734 BBAS-ORD-335519 BATCH-BBAS-2283,342889,6857,0,0,336032,INR,2026-08-02T22:02:00Z,BATCH-BBAS-2283
PO_B01_002284,Stripe India,ZOMA-ORD-622036 ZOMA-ORD-674572 BATCH-ZOMA-2284,307481,6149,0,0,301332,INR,2026-08-03T04:47:00Z,BATCH-ZOMA-2284
PO_B01_002285,Stripe India,BBAS-INV-755770 PO_B01_002285,413920,8388,0,0,405532,INR,2026-08-02T22:00:00Z,BATCH-BBAS-2285
PO_B01_002286,Razorpay Nodal,BKMS-INV-414929 PO_B01_002286,211825,3425,0,0,208400,INR,2026-08-03T00:28:00Z,BATCH-BKMS-2286
PO_B01_002287,PayU Enterprise,FLPK-INV-525016 PO_B01_002287,199860,4771,0,0,195089,INR,2026-08-03T03:58:00Z,BATCH-FLPK-2287
PO_B01_002288,Razorpay Nodal,BLNK-ORD-292146 BLNK-ORD-225913 BATCH-BLNK-2288,375212,7504,0,0,367708,INR,2026-08-03T11:15:00Z,BATCH-BLNK-2288
PO_B01_002289,BillDesk Settlement,FLPK-INV-118592 PO_B01_002289,431431,7635,0,0,423796,INR,2026-08-03T11:22:00Z,BATCH-FLPK-2289
PO_B01_002290,BillDesk Settlement,BKMS-ORD-658339 BKMS-ORD-271445 BATCH-BKMS-2290,340509,6810,0,0,333699,INR,2026-08-03T06:00:00Z,BATCH-BKMS-2290
PO_B01_002291,Razorpay Nodal,MMTR-INV-465020 PO_B01_002291,302294,4971,0,0,297323,INR,2026-08-03T16:40:00Z,BATCH-MMTR-2291
PO_B01_002292,BillDesk Settlement,BKMS-INV-538093 PO_B01_002292,86745,1327,0,0,85418,INR,2026-08-03T12:47:00Z,BATCH-BKMS-2292
PO_B01_002293,BillDesk Settlement,PAYT-INV-375795 PO_B01_002293,139859,2655,0,0,137204,INR,2026-08-03T09:31:00Z,BATCH-PAYT-2293
PO_B01_002294,PayU Enterprise,AMZN-INV-324882 PO_B01_002294,372520,6280,0,0,366240,INR,2026-08-03T01:28:00Z,BATCH-AMZN-2294
PO_B01_002295,Cashfree Escrow,TATA-INV-857143 PO_B01_002295,402065,9905,0,0,392160,INR,2026-08-03T00:50:00Z,BATCH-TATA-2295
PO_B01_002296,BillDesk Settlement,JIOO-INV-576561 PO_B01_002296,290007,6345,0,0,283662,INR,2026-08-03T15:39:00Z,BATCH-JIOO-2296
PO_B01_002297,Stripe India,MMTR-INV-367338 PO_B01_002297,38989,917,0,0,38072,INR,2026-08-03T10:26:00Z,BATCH-MMTR-2297
PO_B01_002298,BillDesk Settlement,NYKA-INV-983225 PO_B01_002298,181500,3509,0,0,177991,INR,2026-08-03T11:59:00Z,BATCH-NYKA-2298
PO_B01_002299,Razorpay Nodal,PAYT-INV-560935 PO_B01_002299,264972,5219,0,0,259753,INR,2026-08-03T10:43:00Z,BATCH-PAYT-2299
PO_B01_002300,Razorpay Nodal,AMZN-ORD-161760 AMZN-ORD-116705 AMZN-ORD-252546 BATCH-AMZN-2300,541556,10831,0,0,530725,INR,2026-08-03T02:45:00Z,BATCH-AMZN-2300
PO_B01_002301,Stripe India,BLNK-ORD-811390 BLNK-ORD-889642 BATCH-BLNK-2301,270021,5400,0,0,264621,INR,2026-08-03T00:38:00Z,BATCH-BLNK-2301
PO_B01_002302,Cashfree Escrow,ZOMA-INV-324199 PO_B01_002302,269982,5182,0,0,264800,INR,2026-08-03T20:31:00Z,BATCH-ZOMA-2302
PO_B01_002303,BillDesk Settlement,FLPK-INV-771761 PO_B01_002303,300365,7483,0,0,292882,INR,2026-08-03T07:20:00Z,BATCH-FLPK-2303
PO_B01_002304,Cashfree Escrow,AMZN-INV-154969 PO_B01_002304,237728,5852,0,0,231876,INR,2026-08-03T06:44:00Z,BATCH-AMZN-2304
PO_B01_002305,Stripe India,UBER-EXC-210021-UNRESOLVED,54885,1087,0,0,53798,INR,2026-08-04T02:05:00Z,HOLD-ESCROW
PO_B01_002306,Stripe India,FLPK-INV-316800 PO_B01_002306,310112,5702,0,0,304410,INR,2026-08-03T12:32:00Z,BATCH-FLPK-2306
PO_B01_002307,BillDesk Settlement,UBER-INV-325926 PO_B01_002307,81150,1232,0,0,79918,INR,2026-08-03T09:25:00Z,BATCH-UBER-2307
PO_B01_002308,Razorpay Nodal,FLPK-INV-577493 PO_B01_002308,299623,4540,0,0,295083,INR,2026-08-02T21:17:00Z,BATCH-FLPK-2308
PO_B01_002309,Stripe India,MYNT-INV-569039 PO_B01_002309,98004,1724,0,0,96280,INR,2026-08-03T01:00:00Z,BATCH-MYNT-2309
PO_B01_002310,Stripe India,NYKA-INV-189168 PO_B01_002310,396629,8727,0,0,387902,INR,2026-08-03T03:00:00Z,BATCH-NYKA-2310
PO_B01_002311,Stripe India,ZOMA-INV-586220 PO_B01_002311,207222,4354,0,0,202868,INR,2026-08-03T08:06:00Z,BATCH-ZOMA-2311
PO_B01_002312,Stripe India,NYKA-INV-752433 PO_B01_002312,396233,8835,0,0,387398,INR,2026-08-03T11:18:00Z,BATCH-NYKA-2312
PO_B01_002313,Cashfree Escrow,PHNP-INV-312760 PO_B01_002313,251006,5523,0,0,245483,INR,2026-08-03T20:42:00Z,BATCH-PHNP-2313
PO_B01_002314,Cashfree Escrow,MMTR-INV-422963 PO_B01_002314,236403,5095,0,0,231308,INR,2026-08-03T04:11:00Z,BATCH-MMTR-2314
PO_B01_002315,Razorpay Nodal,TATA-INV-461201 PO_B01_002315,204620,3352,0,0,201268,INR,2026-08-03T02:05:00Z,BATCH-TATA-2315
PO_B01_002316,Stripe India,JIOO-INV-166761 PO_B01_002316,431741,7558,0,0,424183,INR,2026-08-03T18:17:00Z,BATCH-JIOO-2316
PO_B01_002317,Razorpay Nodal,JIOO-ORD-422558 JIOO-ORD-103837 BATCH-JIOO-2317,330453,6609,0,0,323844,INR,2026-08-03T12:43:00Z,BATCH-JIOO-2317
PO_B01_002318,Stripe India,OLAA-INV-142592 PO_B01_002318,299516,7402,0,0,292114,INR,2026-08-03T04:40:00Z,BATCH-OLAA-2318
PO_B01_002319,PayU Enterprise,UBER-INV-599842 PO_B01_002319,314198,7697,0,0,306501,INR,2026-08-03T01:48:00Z,BATCH-UBER-2319
PO_B01_002320,Cashfree Escrow,FLPK-INV-390884 PO_B01_002320,289033,5641,0,0,283392,INR,2026-08-02T21:05:00Z,BATCH-FLPK-2320
PO_B01_002321,PayU Enterprise,TATA-EXC-127432-UNRESOLVED,107031,2130,0,0,104901,INR,2026-08-03T10:32:00Z,HOLD-ESCROW
PO_B01_002322,Stripe India,FLPK-INV-236863 PO_B01_002322,197154,3787,0,0,193367,INR,2026-08-03T08:00:00Z,BATCH-FLPK-2322
PO_B01_002323,Cashfree Escrow,ZOMA-INV-281774 PO_B01_002323,250270,6146,0,0,244124,INR,2026-08-03T19:09:00Z,BATCH-ZOMA-2323
PO_B01_002324,PayU Enterprise,BBAS-ORD-762465 BBAS-ORD-423661 BATCH-BBAS-2324,334931,6698,0,0,328233,INR,2026-08-03T06:31:00Z,BATCH-BBAS-2324
PO_B01_002325,Stripe India,MYNT-INV-421560 PO_B01_002325,148943,3631,0,0,145312,INR,2026-08-03T03:48:00Z,BATCH-MYNT-2325
PO_B01_002326,BillDesk Settlement,MMTR-INV-813223 PO_B01_002326,248658,5507,0,0,243151,INR,2026-08-03T07:01:00Z,BATCH-MMTR-2326
PO_B01_002327,Stripe India,SWIG-ORD-761556 SWIG-ORD-808057 BATCH-SWIG-2327,445451,8909,0,0,436542,INR,2026-08-03T02:09:00Z,BATCH-SWIG-2327
PO_B01_002328,Stripe India,MYNT-INV-615239 PO_B01_002328,73657,1828,0,0,71829,INR,2026-08-03T13:14:00Z,BATCH-MYNT-2328
PO_B01_002329,Razorpay Nodal,AMZN-ORD-533235 AMZN-ORD-175203 AMZN-ORD-657047 BATCH-AMZN-2329,353692,7073,0,0,346619,INR,2026-08-02T23:30:00Z,BATCH-AMZN-2329
PO_B01_002330,Cashfree Escrow,PAYT-INV-709343 PO_B01_002330,268470,4411,0,0,264059,INR,2026-08-03T10:40:00Z,BATCH-PAYT-2330
PO_B01_002331,PayU Enterprise,ZOMA-ORD-275980 ZOMA-ORD-484858 ZOMA-ORD-815247 BATCH-ZOMA-2331,390351,7807,0,0,382544,INR,2026-08-03T07:44:00Z,BATCH-ZOMA-2331
PO_B01_002332,Stripe India,MMTR-INV-440974 PO_B01_002332,120255,2834,0,0,117421,INR,2026-08-03T00:19:00Z,BATCH-MMTR-2332
PO_B01_002333,Stripe India,BLNK-INV-403564 PO_B01_002333,249756,3911,0,0,245845,INR,2026-08-03T07:23:00Z,BATCH-BLNK-2333
PO_B01_002334,BillDesk Settlement,BLNK-INV-746168 PO_B01_002334,412269,8333,0,0,403936,INR,2026-08-03T15:54:00Z,BATCH-BLNK-2334
PO_B01_002335,BillDesk Settlement,BLNK-INV-991232 PO_B01_002335,244212,5122,0,0,239090,INR,2026-08-03T06:49:00Z,BATCH-BLNK-2335
PO_B01_002336,Cashfree Escrow,ZOMA-INV-689542 PO_B01_002336,67729,1042,0,0,66687,INR,2026-08-02T15:54:00Z,BATCH-ZOMA-2336
PO_B01_002337,BillDesk Settlement,ZOMA-ORD-264254 ZOMA-ORD-858175 ZOMA-ORD-879406 BATCH-ZOMA-2337,343763,6875,0,0,336888,INR,2026-08-03T19:41:00Z,BATCH-ZOMA-2337
PO_B01_002338,BillDesk Settlement,TATA-INV-750536 PO_B01_002338,289850,6964,0,0,282886,INR,2026-08-03T02:58:00Z,BATCH-TATA-2338
PO_B01_002339,PayU Enterprise,PAYT-ORD-322390 PAYT-ORD-378932 BATCH-PAYT-2339,234876,4697,0,0,230179,INR,2026-08-03T09:58:00Z,BATCH-PAYT-2339
PO_B01_002340,Razorpay Nodal,SWIG-ORD-445342 SWIG-ORD-510610 BATCH-SWIG-2340,348448,6968,0,0,341480,INR,2026-08-03T11:14:00Z,BATCH-SWIG-2340
PO_B01_002341,Cashfree Escrow,BBAS-INV-739865 PO_B01_002341,252420,5419,0,0,247001,INR,2026-08-03T15:10:00Z,BATCH-BBAS-2341
PO_B01_002342,BillDesk Settlement,FLPK-ORD-533783 FLPK-ORD-704680 BATCH-FLPK-2342,236828,4736,0,0,232092,INR,2026-08-03T03:45:00Z,BATCH-FLPK-2342
PO_B01_002343,Stripe India,UBER-ORD-758343 UBER-ORD-851334 BATCH-UBER-2343,321445,6428,0,0,315017,INR,2026-08-03T03:31:00Z,BATCH-UBER-2343
PO_B01_002344,PayU Enterprise,ZOMA-ORD-683545 ZOMA-ORD-907145 BATCH-ZOMA-2344,288181,5763,0,0,282418,INR,2026-08-03T17:58:00Z,BATCH-ZOMA-2344
PO_B01_002345,Razorpay Nodal,ZOMA-INV-390852 PO_B01_002345,145953,2661,0,0,143292,INR,2026-08-03T15:24:00Z,BATCH-ZOMA-2345
PO_B01_002346,Razorpay Nodal,BBAS-INV-223454 PO_B01_002346,316267,7144,0,0,309123,INR,2026-08-03T06:44:00Z,BATCH-BBAS-2346
PO_B01_002347,Cashfree Escrow,PHNP-INV-839087 PO_B01_002347,294222,5503,0,0,288719,INR,2026-08-03T04:24:00Z,BATCH-PHNP-2347
PO_B01_002348,Cashfree Escrow,JIOO-INV-760253 PO_B01_002348,346286,6994,0,0,339292,INR,2026-08-03T05:41:00Z,BATCH-JIOO-2348
PO_B01_002349,Razorpay Nodal,AMZN-INV-551354 PO_B01_002349,399064,6756,0,0,392308,INR,2026-08-03T04:06:00Z,BATCH-AMZN-2349
PO_B01_002350,Razorpay Nodal,BLNK-INV-665538 PO_B01_002350,76964,1535,0,0,75429,INR,2026-08-03T08:20:00Z,BATCH-BLNK-2350
PO_B01_002351,Razorpay Nodal,SWIG-INV-455494 PO_B01_002351,288446,5003,0,0,283443,INR,2026-08-03T07:01:00Z,BATCH-SWIG-2351
PO_B01_002352,PayU Enterprise,MYNT-INV-614781 PO_B01_002352,62824,1158,0,0,61666,INR,2026-08-03T18:12:00Z,BATCH-MYNT-2352
PO_B01_002353,Razorpay Nodal,NYKA-INV-945131 PO_B01_002353,391038,8532,0,0,382506,INR,2026-08-03T08:43:00Z,BATCH-NYKA-2353
PO_B01_002354,Stripe India,UBER-INV-751986 PO_B01_002354,188941,3007,0,0,185934,INR,2026-08-04T01:03:00Z,BATCH-UBER-2354
PO_B01_002355,Cashfree Escrow,BKMS-INV-483746 PO_B01_002355,97066,2222,0,0,94844,INR,2026-08-03T01:47:00Z,BATCH-BKMS-2355
PO_B01_002356,PayU Enterprise,OLAA-INV-176771 PO_B01_002356,406980,9700,0,0,397280,INR,2026-08-02T17:47:00Z,BATCH-OLAA-2356
PO_B01_002357,Stripe India,AMZN-ORD-230926 AMZN-ORD-111777 BATCH-AMZN-2357,120057,2401,0,0,117656,INR,2026-08-03T13:21:00Z,BATCH-AMZN-2357
PO_B01_002358,Razorpay Nodal,PAYT-INV-160720 PO_B01_002358,118429,2178,0,0,116251,INR,2026-08-03T08:27:00Z,BATCH-PAYT-2358
PO_B01_002359,Cashfree Escrow,UBER-ORD-227506 UBER-ORD-831071 BATCH-UBER-2359,252293,5045,0,0,247248,INR,2026-08-03T20:12:00Z,BATCH-UBER-2359
PO_B01_002360,BillDesk Settlement,TATA-ORD-950154 TATA-ORD-368294 TATA-ORD-540507 BATCH-TATA-2360,273030,5460,0,0,267570,INR,2026-08-03T18:46:00Z,BATCH-TATA-2360
PO_B01_002361,Cashfree Escrow,MMTR-INV-936962 PO_B01_002361,380129,8890,0,0,371239,INR,2026-08-02T20:02:00Z,BATCH-MMTR-2361
PO_B01_002362,BillDesk Settlement,JIOO-INV-366787 PO_B01_002362,226328,3559,0,0,222769,INR,2026-08-03T11:42:00Z,BATCH-JIOO-2362
PO_B01_002363,Cashfree Escrow,FLPK-EXC-428447-UNRESOLVED,54384,1077,0,0,53307,INR,2026-08-04T00:28:00Z,HOLD-ESCROW
PO_B01_002364,Stripe India,ZOMA-ORD-329186 ZOMA-ORD-555135 ZOMA-ORD-507261 BATCH-ZOMA-2364,461478,9229,0,0,452249,INR,2026-08-03T03:51:00Z,BATCH-ZOMA-2364
PO_B01_002365,Cashfree Escrow,BBAS-INV-440953 PO_B01_002365,93061,1586,0,0,91475,INR,2026-08-03T14:19:00Z,BATCH-BBAS-2365
PO_B01_002366,PayU Enterprise,MMTR-INV-438647 PO_B01_002366,139240,3226,0,0,136014,INR,2026-08-03T08:34:00Z,BATCH-MMTR-2366
PO_B01_002367,Stripe India,BKMS-ORD-587528 BKMS-ORD-902391 BKMS-ORD-273347 BATCH-BKMS-2367,319585,6391,0,0,313194,INR,2026-08-03T01:41:00Z,BATCH-BKMS-2367
PO_B01_002368,BillDesk Settlement,BBAS-INV-128484 PO_B01_002368,300667,5323,0,0,295344,INR,2026-08-04T02:34:00Z,BATCH-BBAS-2368
PO_B01_002369,Stripe India,AMZN-INV-680620 PO_B01_002369,265188,4966,0,0,260222,INR,2026-08-03T18:38:00Z,BATCH-AMZN-2369
PO_B01_002370,PayU Enterprise,FLPK-INV-948526 PO_B01_002370,223908,4226,0,0,219682,INR,2026-08-03T23:05:00Z,BATCH-FLPK-2370
PO_B01_002371,BillDesk Settlement,BBAS-ORD-707826 BBAS-ORD-602534 BATCH-BBAS-2371,279816,5596,0,0,274220,INR,2026-08-03T20:17:00Z,BATCH-BBAS-2371
PO_B01_002372,Razorpay Nodal,PAYT-INV-355052 PO_B01_002372,243673,5382,0,0,238291,INR,2026-08-03T23:12:00Z,BATCH-PAYT-2372
PO_B01_002373,Stripe India,TATA-INV-943311 PO_B01_002373,139698,2636,0,0,137062,INR,2026-08-03T07:53:00Z,BATCH-TATA-2373
PO_B01_002374,PayU Enterprise,TATA-INV-512227 PO_B01_002374,273194,6034,0,0,267160,INR,2026-08-03T11:46:00Z,BATCH-TATA-2374
PO_B01_002375,PayU Enterprise,MMTR-ORD-537074 MMTR-ORD-428179 BATCH-MMTR-2375,413925,8278,0,0,405647,INR,2026-08-03T15:58:00Z,BATCH-MMTR-2375
PO_B01_002376,Razorpay Nodal,ZOMA-INV-152941 PO_B01_002376,418083,6496,0,0,411587,INR,2026-08-02T22:40:00Z,BATCH-ZOMA-2376
PO_B01_002377,Cashfree Escrow,OLAA-INV-735067 PO_B01_002377,136379,2953,0,0,133426,INR,2026-08-03T23:07:00Z,BATCH-OLAA-2377
PO_B01_002378,Razorpay Nodal,OLAA-INV-800544 PO_B01_002378,61843,1171,0,0,60672,INR,2026-08-03T13:16:00Z,BATCH-OLAA-2378
PO_B01_002379,Cashfree Escrow,FLPK-ORD-138839 FLPK-ORD-540165 BATCH-FLPK-2379,138431,2768,0,0,135663,INR,2026-08-03T15:56:00Z,BATCH-FLPK-2379
PO_B01_002380,Razorpay Nodal,OLAA-INV-808228 PO_B01_002380,325850,6407,0,0,319443,INR,2026-08-03T06:56:00Z,BATCH-OLAA-2380
PO_B01_002381,Razorpay Nodal,MYNT-INV-229065 PO_B01_002381,362686,6011,0,0,356675,INR,2026-08-03T14:16:00Z,BATCH-MYNT-2381
PO_B01_002382,PayU Enterprise,BLNK-INV-113440 PO_B01_002382,385263,8057,0,0,377206,INR,2026-08-03T09:42:00Z,BATCH-BLNK-2382
PO_B01_002383,PayU Enterprise,AMZN-ORD-858858 AMZN-ORD-311841 AMZN-ORD-943672 BATCH-AMZN-2383,291483,5829,0,0,285654,INR,2026-08-02T21:01:00Z,BATCH-AMZN-2383
PO_B01_002384,Razorpay Nodal,BBAS-INV-900538 PO_B01_002384,247395,4387,0,0,243008,INR,2026-08-03T03:19:00Z,BATCH-BBAS-2384
PO_B01_002385,Stripe India,NYKA-ORD-611092 NYKA-ORD-705825 BATCH-NYKA-2385,224120,4482,0,0,219638,INR,2026-08-03T01:09:00Z,BATCH-NYKA-2385
PO_B01_002386,Razorpay Nodal,MYNT-INV-839238 PO_B01_002386,212680,5176,0,0,207504,INR,2026-08-03T08:16:00Z,BATCH-MYNT-2386
PO_B01_002387,PayU Enterprise,BKMS-EXC-609125-UNRESOLVED,276609,5522,0,0,271087,INR,2026-08-03T09:03:00Z,HOLD-ESCROW
PO_B01_002388,Stripe India,ZOMA-INV-492463 PO_B01_002388,131724,2712,0,0,129012,INR,2026-08-03T07:55:00Z,BATCH-ZOMA-2388
PO_B01_002389,Cashfree Escrow,BKMS-INV-680726 PO_B01_002389,318935,5700,0,0,313235,INR,2026-08-03T04:48:00Z,BATCH-BKMS-2389
PO_B01_002390,Razorpay Nodal,FLPK-ORD-880082 FLPK-ORD-149965 BATCH-FLPK-2390,165006,3300,0,0,161706,INR,2026-08-03T07:11:00Z,BATCH-FLPK-2390
PO_B01_002391,PayU Enterprise,ZOMA-INV-678953 PO_B01_002391,411318,10198,0,0,401120,INR,2026-08-04T00:38:00Z,BATCH-ZOMA-2391
PO_B01_002392,Cashfree Escrow,TATA-ORD-217346 TATA-ORD-728591 BATCH-TATA-2392,324526,6490,0,0,318036,INR,2026-08-03T16:43:00Z,BATCH-TATA-2392
PO_B01_002393,Cashfree Escrow,UBER-INV-615171 PO_B01_002393,83192,1700,0,0,81492,INR,2026-08-03T14:56:00Z,BATCH-UBER-2393
PO_B01_002394,PayU Enterprise,PAYT-INV-965020 PO_B01_002394,285587,5228,0,0,280359,INR,2026-08-03T01:13:00Z,BATCH-PAYT-2394
PO_B01_002395,Razorpay Nodal,PHNP-INV-555641 PO_B01_002395,47637,1027,0,0,46610,INR,2026-08-03T01:36:00Z,BATCH-PHNP-2395
PO_B01_002396,Stripe India,FLPK-ORD-336293 FLPK-ORD-900941 BATCH-FLPK-2396,380645,7612,0,0,373033,INR,2026-08-03T19:23:00Z,BATCH-FLPK-2396
PO_B01_002397,Stripe India,ZOMA-INV-880740 PO_B01_002397,382233,7193,0,0,375040,INR,2026-08-03T06:23:00Z,BATCH-ZOMA-2397
PO_B01_002398,Cashfree Escrow,AMZN-ORD-870195 AMZN-ORD-757365 BATCH-AMZN-2398,266213,5324,0,0,260889,INR,2026-08-03T07:46:00Z,BATCH-AMZN-2398
PO_B01_002399,Cashfree Escrow,OLAA-ORD-515571 OLAA-ORD-952247 OLAA-ORD-522640 BATCH-OLAA-2399,315697,6313,0,0,309384,INR,2026-08-03T09:52:00Z,BATCH-OLAA-2399
PO_B01_002400,BillDesk Settlement,FLPK-INV-910983 PO_B01_002400,419175,8851,0,0,410324,INR,2026-08-03T11:19:00Z,BATCH-FLPK-2400
PO_B01_002401,BillDesk Settlement,TATA-INV-431862 PO_B01_002401,323581,6951,0,0,316630,INR,2026-08-03T02:47:00Z,BATCH-TATA-2401
PO_B01_002402,BillDesk Settlement,PHNP-INV-941328 PO_B01_002402,290527,4665,0,0,285862,INR,2026-08-03T08:35:00Z,BATCH-PHNP-2402
PO_B01_002403,BillDesk Settlement,MMTR-ORD-479706 MMTR-ORD-616902 MMTR-ORD-314728 BATCH-MMTR-2403,471272,9425,0,0,461847,INR,2026-08-03T05:03:00Z,BATCH-MMTR-2403
PO_B01_002404,Cashfree Escrow,JIOO-INV-188813 PO_B01_002404,35352,837,0,0,34515,INR,2026-08-02T23:28:00Z,BATCH-JIOO-2404
PO_B01_002405,Razorpay Nodal,ZOMA-INV-659631 PO_B01_002405,161167,3590,0,0,157577,INR,2026-08-02T16:13:00Z,BATCH-ZOMA-2405
PO_B01_002406,BillDesk Settlement,PAYT-INV-775697 PO_B01_002406,132410,2806,0,0,129604,INR,2026-08-03T04:55:00Z,BATCH-PAYT-2406
PO_B01_002407,PayU Enterprise,BLNK-ORD-349387 BLNK-ORD-685412 BLNK-ORD-275773 BATCH-BLNK-2407,382298,7645,0,0,374653,INR,2026-08-03T03:07:00Z,BATCH-BLNK-2407
PO_B01_002408,PayU Enterprise,PAYT-ORD-586888 PAYT-ORD-401725 BATCH-PAYT-2408,256420,5128,0,0,251292,INR,2026-08-03T01:42:00Z,BATCH-PAYT-2408
PO_B01_002409,PayU Enterprise,BBAS-INV-611187 PO_B01_002409,277848,6194,0,0,271654,INR,2026-08-03T03:46:00Z,BATCH-BBAS-2409
PO_B01_002410,PayU Enterprise,OLAA-INV-696281 PO_B01_002410,400092,9337,0,0,390755,INR,2026-08-03T02:50:00Z,BATCH-OLAA-2410
PO_B01_002411,Stripe India,SWIG-ORD-490414 SWIG-ORD-711377 BATCH-SWIG-2411,193198,3863,0,0,189335,INR,2026-08-02T23:02:00Z,BATCH-SWIG-2411
PO_B01_002412,Stripe India,OLAA-INV-959841 PO_B01_002412,131899,2513,0,0,129386,INR,2026-08-03T09:04:00Z,BATCH-OLAA-2412
PO_B01_002413,Cashfree Escrow,BLNK-INV-932556 PO_B01_002413,325798,7130,0,0,318668,INR,2026-08-03T10:11:00Z,BATCH-BLNK-2413
PO_B01_002414,BillDesk Settlement,TATA-INV-406158 PO_B01_002414,304894,7037,0,0,297857,INR,2026-08-02T22:43:00Z,BATCH-TATA-2414
PO_B01_002415,BillDesk Settlement,TATA-ORD-531642 TATA-ORD-413906 TATA-ORD-108899 BATCH-TATA-2415,605083,12101,0,0,592982,INR,2026-08-03T17:52:00Z,BATCH-TATA-2415
PO_B01_002416,Stripe India,FLPK-INV-880974 PO_B01_002416,126493,3152,0,0,123341,INR,2026-08-03T03:25:00Z,BATCH-FLPK-2416
PO_B01_002417,PayU Enterprise,BKMS-INV-631739 PO_B01_002417,58409,904,0,0,57505,INR,2026-08-03T14:32:00Z,BATCH-BKMS-2417
PO_B01_002418,Razorpay Nodal,MYNT-INV-406657 PO_B01_002418,386138,9252,0,0,376886,INR,2026-08-02T23:41:00Z,BATCH-MYNT-2418
PO_B01_002419,Stripe India,FLPK-INV-446576 PO_B01_002419,286591,5593,0,0,280998,INR,2026-08-03T12:54:00Z,BATCH-FLPK-2419
PO_B01_002420,Cashfree Escrow,TATA-INV-226706 PO_B01_002420,75330,1582,0,0,73748,INR,2026-08-02T20:28:00Z,BATCH-TATA-2420
PO_B01_002421,PayU Enterprise,AMZN-INV-107472 PO_B01_002421,175842,3052,0,0,172790,INR,2026-08-03T12:25:00Z,BATCH-AMZN-2421
PO_B01_002422,Cashfree Escrow,PAYT-INV-644671 PO_B01_002422,439408,8234,0,0,431174,INR,2026-08-03T08:38:00Z,BATCH-PAYT-2422
PO_B01_002423,Stripe India,BLNK-EXC-397085-UNRESOLVED,90310,1796,0,0,88514,INR,2026-08-03T16:39:00Z,HOLD-ESCROW
PO_B01_002424,Stripe India,OLAA-INV-488995 PO_B01_002424,272100,4384,0,0,267716,INR,2026-08-03T01:13:00Z,BATCH-OLAA-2424
PO_B01_002425,Cashfree Escrow,AMZN-ORD-401146 AMZN-ORD-153728 BATCH-AMZN-2425,433481,8669,0,0,424812,INR,2026-08-03T10:42:00Z,BATCH-AMZN-2425
PO_B01_002426,PayU Enterprise,OLAA-INV-236993 PO_B01_002426,321395,5071,0,0,316324,INR,2026-08-03T22:56:00Z,BATCH-OLAA-2426
PO_B01_002427,Stripe India,FLPK-INV-280061 PO_B01_002427,83410,1692,0,0,81718,INR,2026-08-03T12:51:00Z,BATCH-FLPK-2427
PO_B01_002428,Stripe India,AMZN-INV-386737 PO_B01_002428,380497,8631,0,0,371866,INR,2026-08-02T20:12:00Z,BATCH-AMZN-2428
PO_B01_002429,PayU Enterprise,SWIG-INV-990574 PO_B01_002429,343338,8058,0,0,335280,INR,2026-08-02T16:08:00Z,BATCH-SWIG-2429
PO_B01_002430,Razorpay Nodal,FLPK-ORD-424386 FLPK-ORD-540453 BATCH-FLPK-2430,300955,6019,0,0,294936,INR,2026-08-03T05:30:00Z,BATCH-FLPK-2430
PO_B01_002431,Cashfree Escrow,BBAS-ORD-866581 BBAS-ORD-136811 BBAS-ORD-267207 BATCH-BBAS-2431,427590,8551,0,0,419039,INR,2026-08-03T18:21:00Z,BATCH-BBAS-2431
PO_B01_002432,PayU Enterprise,PAYT-INV-200161 PO_B01_002432,264224,5636,0,0,258588,INR,2026-08-02T14:13:00Z,BATCH-PAYT-2432
PO_B01_002433,PayU Enterprise,NYKA-INV-742361 PO_B01_002433,318015,6400,0,0,311615,INR,2026-08-03T16:58:00Z,BATCH-NYKA-2433
PO_B01_002434,Razorpay Nodal,SWIG-INV-693302 PO_B01_002434,348882,8104,0,0,340778,INR,2026-08-03T08:44:00Z,BATCH-SWIG-2434
PO_B01_002435,BillDesk Settlement,AMZN-EXC-494525-UNRESOLVED,155038,3090,0,0,151948,INR,2026-08-04T01:46:00Z,HOLD-ESCROW
PO_B01_002436,Cashfree Escrow,BLNK-INV-610477 PO_B01_002436,403125,6167,0,0,396958,INR,2026-08-02T20:16:00Z,BATCH-BLNK-2436
PO_B01_002437,Stripe India,MYNT-INV-304716 PO_B01_002437,363419,6877,0,0,356542,INR,2026-08-03T18:19:00Z,BATCH-MYNT-2437
PO_B01_002438,Cashfree Escrow,ZOMA-ORD-759511 ZOMA-ORD-417808 BATCH-ZOMA-2438,301723,6034,0,0,295689,INR,2026-08-03T09:43:00Z,BATCH-ZOMA-2438
PO_B01_002439,BillDesk Settlement,AMZN-ORD-115622 AMZN-ORD-153063 BATCH-AMZN-2439,249374,4987,0,0,244387,INR,2026-08-03T01:57:00Z,BATCH-AMZN-2439
PO_B01_002440,Stripe India,PAYT-INV-472110 PO_B01_002440,313187,6807,0,0,306380,INR,2026-08-03T02:43:00Z,BATCH-PAYT-2440
PO_B01_002441,Cashfree Escrow,FLPK-ORD-526990 FLPK-ORD-140960 FLPK-ORD-944717 BATCH-FLPK-2441,396359,7927,0,0,388432,INR,2026-08-03T08:06:00Z,BATCH-FLPK-2441
PO_B01_002442,Cashfree Escrow,UBER-ORD-347946 UBER-ORD-849066 BATCH-UBER-2442,362122,7242,0,0,354880,INR,2026-08-03T12:30:00Z,BATCH-UBER-2442
PO_B01_002443,Razorpay Nodal,PHNP-INV-812631 PO_B01_002443,268007,6272,0,0,261735,INR,2026-08-02T23:45:00Z,BATCH-PHNP-2443
PO_B01_002444,PayU Enterprise,BBAS-INV-917277 PO_B01_002444,298886,5685,0,0,293201,INR,2026-08-03T00:59:00Z,BATCH-BBAS-2444
PO_B01_002445,Razorpay Nodal,BBAS-INV-445696 PO_B01_002445,223605,4200,0,0,219405,INR,2026-08-03T07:29:00Z,BATCH-BBAS-2445
PO_B01_002446,BillDesk Settlement,PHNP-INV-877502 PO_B01_002446,113245,2611,0,0,110634,INR,2026-08-03T19:21:00Z,BATCH-PHNP-2446
PO_B01_002447,BillDesk Settlement,MYNT-INV-449010 PO_B01_002447,173207,4246,0,0,168961,INR,2026-08-02T16:15:00Z,BATCH-MYNT-2447
PO_B01_002448,Cashfree Escrow,BBAS-INV-709322 PO_B01_002448,438693,10345,0,0,428348,INR,2026-08-03T11:13:00Z,BATCH-BBAS-2448
PO_B01_002449,BillDesk Settlement,BKMS-INV-667070 PO_B01_002449,357136,5724,0,0,351412,INR,2026-08-02T22:59:00Z,BATCH-BKMS-2449
PO_B01_002450,Stripe India,TATA-ORD-580399 TATA-ORD-441446 TATA-ORD-299653 BATCH-TATA-2450,425594,8511,0,0,417083,INR,2026-08-03T01:27:00Z,BATCH-TATA-2450
PO_B01_002451,Stripe India,BKMS-ORD-521569 BKMS-ORD-175464 BATCH-BKMS-2451,329160,6583,0,0,322577,INR,2026-08-03T04:03:00Z,BATCH-BKMS-2451
PO_B01_002452,Stripe India,MYNT-ORD-396478 MYNT-ORD-519389 MYNT-ORD-470527 BATCH-MYNT-2452,508520,10170,0,0,498350,INR,2026-08-03T01:47:00Z,BATCH-MYNT-2452
PO_B01_002453,PayU Enterprise,MYNT-INV-805399 PO_B01_002453,358385,6720,0,0,351665,INR,2026-08-03T15:51:00Z,BATCH-MYNT-2453
PO_B01_002454,Cashfree Escrow,PAYT-INV-631063 PO_B01_002454,148005,2656,0,0,145349,INR,2026-08-03T03:33:00Z,BATCH-PAYT-2454
PO_B01_002455,PayU Enterprise,AMZN-INV-654958 PO_B01_002455,237952,4725,0,0,233227,INR,2026-08-03T08:22:00Z,BATCH-AMZN-2455
PO_B01_002456,PayU Enterprise,BKMS-INV-558927 PO_B01_002456,222338,3453,0,0,218885,INR,2026-08-03T18:58:00Z,BATCH-BKMS-2456
PO_B01_002457,PayU Enterprise,MMTR-INV-884572 PO_B01_002457,159802,3480,0,0,156322,INR,2026-08-03T17:23:00Z,BATCH-MMTR-2457
PO_B01_002458,BillDesk Settlement,PAYT-INV-365805 PO_B01_002458,273891,4961,0,0,268930,INR,2026-08-03T07:35:00Z,BATCH-PAYT-2458
PO_B01_002459,BillDesk Settlement,UBER-ORD-984593 UBER-ORD-482879 UBER-ORD-742063 BATCH-UBER-2459,584721,11694,0,0,573027,INR,2026-08-03T18:06:00Z,BATCH-UBER-2459
PO_B01_002460,PayU Enterprise,BBAS-INV-879553 PO_B01_002460,216712,4610,0,0,212102,INR,2026-08-02T21:12:00Z,BATCH-BBAS-2460
PO_B01_002461,Razorpay Nodal,PAYT-INV-755839 PO_B01_002461,80536,1637,0,0,78899,INR,2026-08-02T22:58:00Z,BATCH-PAYT-2461
PO_B01_002462,Stripe India,TATA-INV-751165 PO_B01_002462,202866,4120,0,0,198746,INR,2026-08-03T02:49:00Z,BATCH-TATA-2462
PO_B01_002463,BillDesk Settlement,SWIG-ORD-785765 SWIG-ORD-689864 BATCH-SWIG-2463,210128,4202,0,0,205926,INR,2026-08-03T12:52:00Z,BATCH-SWIG-2463
PO_B01_002464,BillDesk Settlement,PAYT-INV-151330 PO_B01_002464,378671,7504,0,0,371167,INR,2026-08-02T20:40:00Z,BATCH-PAYT-2464
PO_B01_002465,Stripe India,BKMS-INV-308844 PO_B01_002465,339591,8048,0,0,331543,INR,2026-08-03T12:14:00Z,BATCH-BKMS-2465
PO_B01_002466,Stripe India,PHNP-INV-883223 PO_B01_002466,362788,6550,0,0,356238,INR,2026-08-03T02:30:00Z,BATCH-PHNP-2466
PO_B01_002467,BillDesk Settlement,PAYT-INV-427010 PO_B01_002467,227575,3483,0,0,224092,INR,2026-08-03T23:52:00Z,BATCH-PAYT-2467
PO_B01_002468,BillDesk Settlement,PHNP-INV-495399 PO_B01_002468,273534,5129,0,0,268405,INR,2026-08-03T03:52:00Z,BATCH-PHNP-2468
PO_B01_002469,Cashfree Escrow,PHNP-ORD-957189 PHNP-ORD-324573 BATCH-PHNP-2469,70212,1404,0,0,68808,INR,2026-08-03T09:37:00Z,BATCH-PHNP-2469
PO_B01_002470,BillDesk Settlement,BLNK-INV-125567 PO_B01_002470,408231,9239,0,0,398992,INR,2026-08-03T07:56:00Z,BATCH-BLNK-2470
PO_B01_002471,BillDesk Settlement,MYNT-INV-532549 PO_B01_002471,290303,5821,0,0,284482,INR,2026-08-03T15:13:00Z,BATCH-MYNT-2471
PO_B01_002472,Cashfree Escrow,AMZN-INV-542053 PO_B01_002472,96336,1756,0,0,94580,INR,2026-08-03T04:45:00Z,BATCH-AMZN-2472
PO_B01_002473,PayU Enterprise,JIOO-ORD-495533 JIOO-ORD-260829 JIOO-ORD-986467 BATCH-JIOO-2473,589651,11793,0,0,577858,INR,2026-08-02T21:28:00Z,BATCH-JIOO-2473
PO_B01_002474,PayU Enterprise,UBER-INV-621367 PO_B01_002474,202952,4418,0,0,198534,INR,2026-08-03T00:44:00Z,BATCH-UBER-2474
PO_B01_002475,PayU Enterprise,AMZN-INV-359675 PO_B01_002475,270004,6464,0,0,263540,INR,2026-08-03T11:45:00Z,BATCH-AMZN-2475
PO_B01_002476,BillDesk Settlement,MYNT-INV-984967 PO_B01_002476,241890,5584,0,0,236306,INR,2026-08-03T11:23:00Z,BATCH-MYNT-2476
PO_B01_002477,Stripe India,BBAS-INV-881831 PO_B01_002477,437357,9897,0,0,427460,INR,2026-08-03T04:02:00Z,BATCH-BBAS-2477
PO_B01_002478,BillDesk Settlement,AMZN-INV-483834 PO_B01_002478,328400,6631,0,0,321769,INR,2026-08-03T00:08:00Z,BATCH-AMZN-2478
PO_B01_002479,Cashfree Escrow,PAYT-INV-276079 PO_B01_002479,137059,3191,0,0,133868,INR,2026-08-03T02:19:00Z,BATCH-PAYT-2479
PO_B01_002480,PayU Enterprise,BBAS-ORD-666824 BBAS-ORD-314947 BBAS-ORD-139805 BATCH-BBAS-2480,317082,6341,0,0,310741,INR,2026-08-03T02:12:00Z,BATCH-BBAS-2480
PO_B01_002481,Razorpay Nodal,JIOO-ORD-668934 JIOO-ORD-361981 BATCH-JIOO-2481,334290,6685,0,0,327605,INR,2026-08-03T10:14:00Z,BATCH-JIOO-2481
PO_B01_002482,PayU Enterprise,PAYT-INV-201598 PO_B01_002482,280835,4421,0,0,276414,INR,2026-08-03T04:19:00Z,BATCH-PAYT-2482
PO_B01_002483,PayU Enterprise,AMZN-INV-261215 PO_B01_002483,376895,8753,0,0,368142,INR,2026-08-02T23:09:00Z,BATCH-AMZN-2483
PO_B01_002484,Cashfree Escrow,TATA-INV-975307 PO_B01_002484,46242,710,0,0,45532,INR,2026-08-03T10:20:00Z,BATCH-TATA-2484
PO_B01_002485,Razorpay Nodal,ZOMA-INV-747788 PO_B01_002485,426356,6736,0,0,419620,INR,2026-08-02T21:55:00Z,BATCH-ZOMA-2485
PO_B01_002486,BillDesk Settlement,ZOMA-INV-234146 PO_B01_002486,344269,5441,0,0,338828,INR,2026-08-03T12:26:00Z,BATCH-ZOMA-2486
PO_B01_002487,Cashfree Escrow,AMZN-INV-691744 PO_B01_002487,263975,4167,0,0,259808,INR,2026-08-03T09:54:00Z,BATCH-AMZN-2487
PO_B01_002488,BillDesk Settlement,OLAA-INV-212435 PO_B01_002488,164214,3373,0,0,160841,INR,2026-08-03T11:14:00Z,BATCH-OLAA-2488
PO_B01_002489,BillDesk Settlement,UBER-INV-905276 PO_B01_002489,443783,6896,0,0,436887,INR,2026-08-03T00:06:00Z,BATCH-UBER-2489
PO_B01_002490,Cashfree Escrow,ZOMA-INV-798201 PO_B01_002490,89909,1395,0,0,88514,INR,2026-08-03T01:51:00Z,BATCH-ZOMA-2490
PO_B01_002491,BillDesk Settlement,ZOMA-ORD-654976 ZOMA-ORD-551232 BATCH-ZOMA-2491,162725,3254,0,0,159471,INR,2026-08-03T07:51:00Z,BATCH-ZOMA-2491
PO_B01_002492,BillDesk Settlement,SWIG-ORD-342325 SWIG-ORD-832123 SWIG-ORD-394731 BATCH-SWIG-2492,373670,7473,0,0,366197,INR,2026-08-03T08:47:00Z,BATCH-SWIG-2492
PO_B01_002493,Stripe India,UBER-EXC-791762-UNRESOLVED,238760,4765,0,0,233995,INR,2026-08-04T05:55:00Z,HOLD-ESCROW
PO_B01_002494,Stripe India,NYKA-INV-691763 PO_B01_002494,427177,8230,0,0,418947,INR,2026-08-03T11:45:00Z,BATCH-NYKA-2494
PO_B01_002495,Razorpay Nodal,FLPK-INV-586608 PO_B01_002495,181536,3134,0,0,178402,INR,2026-08-03T04:34:00Z,BATCH-FLPK-2495
PO_B01_002496,Razorpay Nodal,BBAS-INV-740395 PO_B01_002496,430086,9638,0,0,420448,INR,2026-08-03T07:59:00Z,BATCH-BBAS-2496
PO_B01_002497,Cashfree Escrow,ZOMA-INV-121829 PO_B01_002497,435022,8967,0,0,426055,INR,2026-08-03T13:30:00Z,BATCH-ZOMA-2497
PO_B01_002498,Razorpay Nodal,BKMS-INV-395004 PO_B01_002498,256664,5052,0,0,251612,INR,2026-08-03T21:00:00Z,BATCH-BKMS-2498
PO_B01_002499,BillDesk Settlement,NYKA-ORD-204012 NYKA-ORD-728420 NYKA-ORD-839640 BATCH-NYKA-2499,264114,5282,0,0,258832,INR,2026-08-03T11:10:00Z,BATCH-NYKA-2499
PO_B01_002500,Razorpay Nodal,JIOO-ORD-509559 JIOO-ORD-814878 JIOO-ORD-491800 BATCH-JIOO-2500,447257,8945,0,0,438312,INR,2026-08-03T08:52:00Z,BATCH-JIOO-2500
PO_B01_002501,Razorpay Nodal,PHNP-INV-137404 PO_B01_002501,170288,2902,0,0,167386,INR,2026-08-02T16:05:00Z,BATCH-PHNP-2501
PO_B01_002502,Razorpay Nodal,OLAA-INV-691481 PO_B01_002502,169961,3248,0,0,166713,INR,2026-08-03T21:52:00Z,BATCH-OLAA-2502
PO_B01_002503,Cashfree Escrow,BBAS-INV-723293 PO_B01_002503,409556,6397,0,0,403159,INR,2026-08-03T17:30:00Z,BATCH-BBAS-2503
PO_B01_002504,BillDesk Settlement,PHNP-ORD-599632 PHNP-ORD-453786 PHNP-ORD-441299 BATCH-PHNP-2504,467231,9344,0,0,457887,INR,2026-08-03T09:50:00Z,BATCH-PHNP-2504
PO_B01_002505,Razorpay Nodal,BLNK-INV-583899 PO_B01_002505,37615,606,0,0,37009,INR,2026-08-03T07:46:00Z,BATCH-BLNK-2505
PO_B01_002506,PayU Enterprise,BLNK-INV-894497 PO_B01_002506,138118,3175,0,0,134943,INR,2026-08-02T19:12:00Z,BATCH-BLNK-2506
PO_B01_002507,Razorpay Nodal,OLAA-INV-194895 PO_B01_002507,333455,6086,0,0,327369,INR,2026-08-03T15:15:00Z,BATCH-OLAA-2507
PO_B01_002508,Razorpay Nodal,JIOO-INV-676559 PO_B01_002508,417959,7919,0,0,410040,INR,2026-08-03T06:53:00Z,BATCH-JIOO-2508
PO_B01_002509,Stripe India,AMZN-INV-873797 PO_B01_002509,43854,786,0,0,43068,INR,2026-08-03T08:50:00Z,BATCH-AMZN-2509
PO_B01_002510,BillDesk Settlement,BBAS-INV-479989 PO_B01_002510,411096,10189,0,0,400907,INR,2026-08-02T22:15:00Z,BATCH-BBAS-2510
PO_B01_002511,Cashfree Escrow,JIOO-INV-507845 PO_B01_002511,428472,10219,0,0,418253,INR,2026-08-03T06:08:00Z,BATCH-JIOO-2511
PO_B01_002512,Stripe India,SWIG-ORD-154746 SWIG-ORD-870894 SWIG-ORD-777004 BATCH-SWIG-2512,422145,8442,0,0,413703,INR,2026-08-03T03:22:00Z,BATCH-SWIG-2512
PO_B01_002513,BillDesk Settlement,PHNP-INV-707483 PO_B01_002513,281859,6868,0,0,274991,INR,2026-08-03T10:37:00Z,BATCH-PHNP-2513
PO_B01_002514,PayU Enterprise,PAYT-INV-707211 PO_B01_002514,105228,1617,0,0,103611,INR,2026-08-03T11:35:00Z,BATCH-PAYT-2514
PO_B01_002515,Razorpay Nodal,SWIG-ORD-851402 SWIG-ORD-971635 SWIG-ORD-847919 BATCH-SWIG-2515,594820,11896,0,0,582924,INR,2026-08-03T11:25:00Z,BATCH-SWIG-2515
PO_B01_002516,PayU Enterprise,PAYT-INV-800363 PO_B01_002516,209428,5014,0,0,204414,INR,2026-08-02T22:38:00Z,BATCH-PAYT-2516
PO_B01_002517,Stripe India,BLNK-EXC-666558-UNRESOLVED,262832,5246,0,0,257586,INR,2026-08-03T23:35:00Z,HOLD-ESCROW
PO_B01_002518,Razorpay Nodal,ZOMA-INV-306884 PO_B01_002518,428878,8309,0,0,420569,INR,2026-08-02T22:33:00Z,BATCH-ZOMA-2518
PO_B01_002519,Razorpay Nodal,MMTR-ORD-175279 MMTR-ORD-663731 BATCH-MMTR-2519,249199,4983,0,0,244216,INR,2026-08-03T09:35:00Z,BATCH-MMTR-2519
PO_B01_002520,Stripe India,BBAS-ORD-280993 BBAS-ORD-320761 BBAS-ORD-454431 BATCH-BBAS-2520,471724,9434,0,0,462290,INR,2026-08-03T18:27:00Z,BATCH-BBAS-2520
PO_B01_002521,Cashfree Escrow,BBAS-INV-782610 PO_B01_002521,240457,4679,0,0,235778,INR,2026-08-03T15:26:00Z,BATCH-BBAS-2521
PO_B01_002522,BillDesk Settlement,MMTR-ORD-545974 MMTR-ORD-413765 MMTR-ORD-528372 BATCH-MMTR-2522,475748,9514,0,0,466234,INR,2026-08-03T05:27:00Z,BATCH-MMTR-2522
PO_B01_002523,PayU Enterprise,MMTR-INV-932387 PO_B01_002523,226023,3400,0,0,222623,INR,2026-08-02T22:19:00Z,BATCH-MMTR-2523
PO_B01_002524,BillDesk Settlement,UBER-INV-505338 PO_B01_002524,427780,6763,0,0,421017,INR,2026-08-03T08:59:00Z,BATCH-UBER-2524
PO_B01_002525,Cashfree Escrow,BKMS-INV-359680 PO_B01_002525,218172,4028,0,0,214144,INR,2026-08-03T10:27:00Z,BATCH-BKMS-2525
PO_B01_002526,BillDesk Settlement,OLAA-INV-213464 PO_B01_002526,89930,1646,0,0,88284,INR,2026-08-02T21:05:00Z,BATCH-OLAA-2526
PO_B01_002527,PayU Enterprise,BBAS-ORD-795203 BBAS-ORD-320882 BATCH-BBAS-2527,122719,2454,0,0,120265,INR,2026-08-03T11:08:00Z,BATCH-BBAS-2527
PO_B01_002528,Cashfree Escrow,FLPK-ORD-343384 FLPK-ORD-630957 BATCH-FLPK-2528,313732,6274,0,0,307458,INR,2026-08-03T18:03:00Z,BATCH-FLPK-2528
PO_B01_002529,BillDesk Settlement,AMZN-INV-114206 PO_B01_002529,126706,2980,0,0,123726,INR,2026-08-03T14:47:00Z,BATCH-AMZN-2529
PO_B01_002530,BillDesk Settlement,MYNT-INV-488122 PO_B01_002530,269659,5352,0,0,264307,INR,2026-08-02T23:39:00Z,BATCH-MYNT-2530
PO_B01_002531,PayU Enterprise,BKMS-INV-603822 PO_B01_002531,65871,1646,0,0,64225,INR,2026-08-03T04:49:00Z,BATCH-BKMS-2531
PO_B01_002532,Stripe India,FLPK-INV-417816 PO_B01_002532,263810,6533,0,0,257277,INR,2026-08-03T07:30:00Z,BATCH-FLPK-2532
PO_B01_002533,BillDesk Settlement,PAYT-INV-643708 PO_B01_002533,83569,1723,0,0,81846,INR,2026-08-03T07:00:00Z,BATCH-PAYT-2533
PO_B01_002534,Razorpay Nodal,TATA-EXC-376556-UNRESOLVED,57445,1138,0,0,56307,INR,2026-08-04T06:15:00Z,HOLD-ESCROW
PO_B01_002535,Stripe India,TATA-ORD-474487 TATA-ORD-159722 TATA-ORD-947797 BATCH-TATA-2535,505598,10111,0,0,495487,INR,2026-08-03T17:00:00Z,BATCH-TATA-2535
PO_B01_002536,PayU Enterprise,AMZN-INV-147440 PO_B01_002536,109894,1962,0,0,107932,INR,2026-08-03T09:39:00Z,BATCH-AMZN-2536
PO_B01_002537,Razorpay Nodal,TATA-INV-966873 PO_B01_002537,253154,5486,0,0,247668,INR,2026-08-02T20:04:00Z,BATCH-TATA-2537
PO_B01_002538,Stripe India,JIOO-INV-960444 PO_B01_002538,351941,8652,0,0,343289,INR,2026-08-03T00:32:00Z,BATCH-JIOO-2538
PO_B01_002539,Stripe India,SWIG-INV-825294 PO_B01_002539,170418,2876,0,0,167542,INR,2026-08-03T16:37:00Z,BATCH-SWIG-2539
PO_B01_002540,PayU Enterprise,MMTR-INV-807131 PO_B01_002540,321654,6711,0,0,314943,INR,2026-08-03T12:35:00Z,BATCH-MMTR-2540
PO_B01_002541,BillDesk Settlement,BLNK-INV-247243 PO_B01_002541,270881,4742,0,0,266139,INR,2026-08-03T11:32:00Z,BATCH-BLNK-2541
PO_B01_002542,Razorpay Nodal,ZOMA-INV-998028 PO_B01_002542,264345,4839,0,0,259506,INR,2026-08-03T02:15:00Z,BATCH-ZOMA-2542
PO_B01_002543,Cashfree Escrow,PAYT-INV-285463 PO_B01_002543,262278,5474,0,0,256804,INR,2026-08-03T08:51:00Z,BATCH-PAYT-2543
PO_B01_002544,BillDesk Settlement,SWIG-ORD-454029 SWIG-ORD-572281 SWIG-ORD-971134 BATCH-SWIG-2544,200955,4019,0,0,196936,INR,2026-08-03T08:29:00Z,BATCH-SWIG-2544
PO_B01_002545,Cashfree Escrow,PAYT-INV-355863 PO_B01_002545,39245,790,0,0,38455,INR,2026-08-03T14:42:00Z,BATCH-PAYT-2545
PO_B01_002546,Razorpay Nodal,BBAS-INV-790245 PO_B01_002546,106153,2603,0,0,103550,INR,2026-08-03T04:42:00Z,BATCH-BBAS-2546
PO_B01_002547,BillDesk Settlement,TATA-INV-399568 PO_B01_002547,392677,7350,0,0,385327,INR,2026-08-03T10:17:00Z,BATCH-TATA-2547
PO_B01_002548,Razorpay Nodal,FLPK-INV-261981 PO_B01_002548,411052,6469,0,0,404583,INR,2026-08-03T10:02:00Z,BATCH-FLPK-2548
PO_B01_002549,PayU Enterprise,BKMS-INV-700706 PO_B01_002549,380788,5989,0,0,374799,INR,2026-08-03T16:16:00Z,BATCH-BKMS-2549
PO_B01_002550,Razorpay Nodal,MMTR-EXC-570382-UNRESOLVED,197121,3932,0,0,193189,INR,2026-08-04T00:43:00Z,HOLD-ESCROW
PO_B01_002551,BillDesk Settlement,SWIG-INV-920227 PO_B01_002551,67614,1181,0,0,66433,INR,2026-08-02T19:12:00Z,BATCH-SWIG-2551
PO_B01_002552,Cashfree Escrow,UBER-INV-370016 PO_B01_002552,97412,2056,0,0,95356,INR,2026-08-03T04:03:00Z,BATCH-UBER-2552
PO_B01_002553,Cashfree Escrow,BLNK-ORD-812893 BLNK-ORD-309718 BATCH-BLNK-2553,342456,6849,0,0,335607,INR,2026-08-03T02:13:00Z,BATCH-BLNK-2553
PO_B01_002554,Cashfree Escrow,UBER-INV-309149 PO_B01_002554,345063,5859,0,0,339204,INR,2026-08-03T16:58:00Z,BATCH-UBER-2554
PO_B01_002555,BillDesk Settlement,MYNT-ORD-897081 MYNT-ORD-225687 BATCH-MYNT-2555,95866,1917,0,0,93949,INR,2026-08-03T18:20:00Z,BATCH-MYNT-2555
PO_B01_002556,Razorpay Nodal,AMZN-ORD-376197 AMZN-ORD-428340 BATCH-AMZN-2556,176784,3535,0,0,173249,INR,2026-08-02T21:59:00Z,BATCH-AMZN-2556
PO_B01_002557,BillDesk Settlement,JIOO-EXC-369515-UNRESOLVED,132320,2636,0,0,129684,INR,2026-08-03T10:35:00Z,HOLD-ESCROW
PO_B01_002558,Cashfree Escrow,FLPK-INV-384538 PO_B01_002558,368311,7109,0,0,361202,INR,2026-08-02T22:03:00Z,BATCH-FLPK-2558
PO_B01_002559,PayU Enterprise,NYKA-INV-948542 PO_B01_002559,431523,8651,0,0,422872,INR,2026-08-03T08:36:00Z,BATCH-NYKA-2559
PO_B01_002560,BillDesk Settlement,FLPK-INV-627332 PO_B01_002560,170415,3928,0,0,166487,INR,2026-08-03T15:57:00Z,BATCH-FLPK-2560
PO_B01_002561,BillDesk Settlement,PAYT-INV-568523 PO_B01_002561,154748,2858,0,0,151890,INR,2026-08-02T20:57:00Z,BATCH-PAYT-2561
PO_B01_002562,Stripe India,BLNK-INV-453686 PO_B01_002562,384857,6799,0,0,378058,INR,2026-08-03T07:04:00Z,BATCH-BLNK-2562
PO_B01_002563,BillDesk Settlement,MMTR-INV-659403 PO_B01_002563,396323,9163,0,0,387160,INR,2026-08-02T23:12:00Z,BATCH-MMTR-2563
PO_B01_002564,BillDesk Settlement,TATA-INV-321104 PO_B01_002564,189623,4696,0,0,184927,INR,2026-08-03T01:34:00Z,BATCH-TATA-2564
PO_B01_002565,Stripe India,UBER-INV-431563 PO_B01_002565,255008,4242,0,0,250766,INR,2026-08-02T23:55:00Z,BATCH-UBER-2565
PO_B01_002566,Razorpay Nodal,ZOMA-INV-106525 PO_B01_002566,370364,7788,0,0,362576,INR,2026-08-03T22:00:00Z,BATCH-ZOMA-2566
PO_B01_002567,Cashfree Escrow,NYKA-ORD-670255 NYKA-ORD-844350 BATCH-NYKA-2567,393810,7876,0,0,385934,INR,2026-08-03T14:06:00Z,BATCH-NYKA-2567
PO_B01_002568,Cashfree Escrow,PHNP-ORD-269184 PHNP-ORD-776203 BATCH-PHNP-2568,312254,6245,0,0,306009,INR,2026-08-03T08:50:00Z,BATCH-PHNP-2568
PO_B01_002569,BillDesk Settlement,BBAS-INV-497547 PO_B01_002569,239263,4849,0,0,234414,INR,2026-08-03T06:00:00Z,BATCH-BBAS-2569
PO_B01_002570,BillDesk Settlement,PHNP-ORD-355807 PHNP-ORD-154971 PHNP-ORD-420989 BATCH-PHNP-2570,470610,9412,0,0,461198,INR,2026-08-03T19:47:00Z,BATCH-PHNP-2570
PO_B01_002571,BillDesk Settlement,UBER-INV-792649 PO_B01_002571,336032,8217,0,0,327815,INR,2026-08-03T06:56:00Z,BATCH-UBER-2571
PO_B01_002572,Stripe India,BLNK-ORD-736877 BLNK-ORD-349709 BATCH-BLNK-2572,76831,1536,0,0,75295,INR,2026-08-03T07:28:00Z,BATCH-BLNK-2572
PO_B01_002573,Razorpay Nodal,NYKA-INV-309545 PO_B01_002573,57054,1056,0,0,55998,INR,2026-08-03T04:42:00Z,BATCH-NYKA-2573
PO_B01_002574,Cashfree Escrow,MYNT-INV-656519 PO_B01_002574,298272,5063,0,0,293209,INR,2026-08-03T10:46:00Z,BATCH-MYNT-2574
PO_B01_002575,PayU Enterprise,BLNK-INV-633160 PO_B01_002575,242687,5904,0,0,236783,INR,2026-08-02T22:42:00Z,BATCH-BLNK-2575
PO_B01_002576,PayU Enterprise,SWIG-ORD-647265 SWIG-ORD-978895 SWIG-ORD-850036 BATCH-SWIG-2576,294809,5896,0,0,288913,INR,2026-08-03T18:12:00Z,BATCH-SWIG-2576
PO_B01_002577,Stripe India,NYKA-INV-657313 PO_B01_002577,231112,5724,0,0,225388,INR,2026-08-03T15:07:00Z,BATCH-NYKA-2577
PO_B01_002578,Cashfree Escrow,FLPK-INV-456900 PO_B01_002578,248900,4006,0,0,244894,INR,2026-08-03T20:33:00Z,BATCH-FLPK-2578
PO_B01_002579,Razorpay Nodal,OLAA-INV-362618 PO_B01_002579,274970,4765,0,0,270205,INR,2026-08-02T19:32:00Z,BATCH-OLAA-2579
PO_B01_002580,Stripe India,JIOO-INV-109227 PO_B01_002580,123015,2304,0,0,120711,INR,2026-08-03T06:54:00Z,BATCH-JIOO-2580
PO_B01_002581,Razorpay Nodal,MYNT-ORD-786787 MYNT-ORD-294407 BATCH-MYNT-2581,384874,7697,0,0,377177,INR,2026-08-03T14:18:00Z,BATCH-MYNT-2581
PO_B01_002582,Stripe India,MYNT-INV-272304 PO_B01_002582,131257,2946,0,0,128311,INR,2026-08-03T06:34:00Z,BATCH-MYNT-2582
PO_B01_002583,PayU Enterprise,OLAA-INV-267733 PO_B01_002583,193219,3348,0,0,189871,INR,2026-08-02T21:08:00Z,BATCH-OLAA-2583
PO_B01_002584,Cashfree Escrow,UBER-EXC-429951-UNRESOLVED,223275,4455,0,0,218820,INR,2026-08-03T10:14:00Z,HOLD-ESCROW
PO_B01_002585,BillDesk Settlement,SWIG-INV-535722 PO_B01_002585,352139,8621,0,0,343518,INR,2026-08-03T09:05:00Z,BATCH-SWIG-2585
PO_B01_002586,Razorpay Nodal,PHNP-INV-488429 PO_B01_002586,310620,7039,0,0,303581,INR,2026-08-03T13:43:00Z,BATCH-PHNP-2586
PO_B01_002587,BillDesk Settlement,MMTR-INV-112999 PO_B01_002587,226230,5397,0,0,220833,INR,2026-08-03T13:05:00Z,BATCH-MMTR-2587
PO_B01_002588,Stripe India,BBAS-INV-106303 PO_B01_002588,216839,4489,0,0,212350,INR,2026-08-03T03:00:00Z,BATCH-BBAS-2588
PO_B01_002589,PayU Enterprise,ZOMA-INV-235638 PO_B01_002589,78953,1726,0,0,77227,INR,2026-08-03T08:42:00Z,BATCH-ZOMA-2589
PO_B01_002590,BillDesk Settlement,BBAS-INV-493659 PO_B01_002590,87534,2112,0,0,85422,INR,2026-08-02T22:48:00Z,BATCH-BBAS-2590
PO_B01_002591,PayU Enterprise,MYNT-INV-229849 PO_B01_002591,78700,1512,0,0,77188,INR,2026-08-02T23:39:00Z,BATCH-MYNT-2591
PO_B01_002592,PayU Enterprise,UBER-INV-804291 PO_B01_002592,333769,5801,0,0,327968,INR,2026-08-03T08:30:00Z,BATCH-UBER-2592
PO_B01_002593,Cashfree Escrow,PAYT-INV-251248 PO_B01_002593,222785,5470,0,0,217315,INR,2026-08-03T10:56:00Z,BATCH-PAYT-2593
PO_B01_002594,Cashfree Escrow,TATA-INV-615691 PO_B01_002594,295378,7096,0,0,288282,INR,2026-08-03T20:38:00Z,BATCH-TATA-2594
PO_B01_002595,BillDesk Settlement,MMTR-INV-439208 PO_B01_002595,340693,6536,0,0,334157,INR,2026-08-03T14:23:00Z,BATCH-MMTR-2595
PO_B01_002596,BillDesk Settlement,TATA-INV-280361 PO_B01_002596,140672,3367,0,0,137305,INR,2026-08-03T08:21:00Z,BATCH-TATA-2596
PO_B01_002597,Razorpay Nodal,BLNK-INV-365673 PO_B01_002597,70374,1192,0,0,69182,INR,2026-08-03T01:52:00Z,BATCH-BLNK-2597
PO_B01_002598,PayU Enterprise,OLAA-INV-408118 PO_B01_002598,235966,3865,0,0,232101,INR,2026-08-03T14:08:00Z,BATCH-OLAA-2598
PO_B01_002599,Stripe India,TATA-INV-901914 PO_B01_002599,122826,2804,0,0,120022,INR,2026-08-03T09:53:00Z,BATCH-TATA-2599
PO_B01_002600,Razorpay Nodal,TATA-ORD-648410 TATA-ORD-155621 BATCH-TATA-2600,484990,9699,0,0,475291,INR,2026-08-03T18:43:00Z,BATCH-TATA-2600
PO_B01_002601,Cashfree Escrow,ZOMA-ORD-589644 ZOMA-ORD-212135 BATCH-ZOMA-2601,331865,6637,0,0,325228,INR,2026-08-03T08:25:00Z,BATCH-ZOMA-2601
PO_B01_002602,Cashfree Escrow,BKMS-INV-942445 PO_B01_002602,432302,7613,0,0,424689,INR,2026-08-03T12:20:00Z,BATCH-BKMS-2602
PO_B01_002603,PayU Enterprise,BLNK-INV-479367 PO_B01_002603,60435,1473,0,0,58962,INR,2026-08-03T11:32:00Z,BATCH-BLNK-2603
PO_B01_002604,BillDesk Settlement,ZOMA-EXC-950130-UNRESOLVED,203549,4060,0,0,199489,INR,2026-08-03T12:20:00Z,HOLD-ESCROW
PO_B01_002605,Stripe India,FLPK-ORD-845279 FLPK-ORD-327793 FLPK-ORD-155368 BATCH-FLPK-2605,508378,10167,0,0,498211,INR,2026-08-03T07:13:00Z,BATCH-FLPK-2605
PO_B01_002606,Stripe India,OLAA-INV-195598 PO_B01_002606,74092,1724,0,0,72368,INR,2026-08-02T22:26:00Z,BATCH-OLAA-2606
PO_B01_002607,PayU Enterprise,OLAA-INV-162869 PO_B01_002607,111178,1784,0,0,109394,INR,2026-08-02T20:38:00Z,BATCH-OLAA-2607
PO_B01_002608,Cashfree Escrow,PAYT-EXC-809901-UNRESOLVED,281537,5620,0,0,275917,INR,2026-08-03T12:41:00Z,HOLD-ESCROW
PO_B01_002609,Razorpay Nodal,OLAA-INV-936744 PO_B01_002609,255258,4932,0,0,250326,INR,2026-08-03T11:32:00Z,BATCH-OLAA-2609
PO_B01_002610,Stripe India,OLAA-INV-408752 PO_B01_002610,286902,6410,0,0,280492,INR,2026-08-02T16:49:00Z,BATCH-OLAA-2610
PO_B01_002611,BillDesk Settlement,TATA-INV-285017 PO_B01_002611,337899,6713,0,0,331186,INR,2026-08-03T08:03:00Z,BATCH-TATA-2611
PO_B01_002612,Razorpay Nodal,FLPK-INV-730431 PO_B01_002612,424207,9789,0,0,414418,INR,2026-08-03T02:06:00Z,BATCH-FLPK-2612
PO_B01_002613,Cashfree Escrow,AMZN-INV-764583 PO_B01_002613,107605,2210,0,0,105395,INR,2026-08-03T04:28:00Z,BATCH-AMZN-2613
PO_B01_002614,PayU Enterprise,OLAA-INV-578495 PO_B01_002614,156872,3030,0,0,153842,INR,2026-08-03T03:26:00Z,BATCH-OLAA-2614
PO_B01_002615,Stripe India,MMTR-INV-627744 PO_B01_002615,130334,2928,0,0,127406,INR,2026-08-03T06:58:00Z,BATCH-MMTR-2615
PO_B01_002616,Stripe India,AMZN-INV-427107 PO_B01_002616,357996,6974,0,0,351022,INR,2026-08-03T04:20:00Z,BATCH-AMZN-2616
PO_B01_002617,Stripe India,AMZN-INV-746852 PO_B01_002617,444722,7084,0,0,437638,INR,2026-08-03T19:08:00Z,BATCH-AMZN-2617
PO_B01_002618,Cashfree Escrow,BKMS-INV-141457 PO_B01_002618,27889,440,0,0,27449,INR,2026-08-03T23:33:00Z,BATCH-BKMS-2618
PO_B01_002619,Cashfree Escrow,ZOMA-INV-849332 PO_B01_002619,241953,5571,0,0,236382,INR,2026-08-03T11:23:00Z,BATCH-ZOMA-2619
PO_B01_002620,Razorpay Nodal,OLAA-ORD-771439 OLAA-ORD-588660 BATCH-OLAA-2620,340894,6817,0,0,334077,INR,2026-08-03T09:20:00Z,BATCH-OLAA-2620
PO_B01_002621,Cashfree Escrow,BKMS-ORD-653077 BKMS-ORD-994427 BKMS-ORD-417280 BATCH-BKMS-2621,303192,6063,0,0,297129,INR,2026-08-02T22:29:00Z,BATCH-BKMS-2621
PO_B01_002622,Cashfree Escrow,BBAS-INV-431025 PO_B01_002622,356824,7895,0,0,348929,INR,2026-08-03T14:54:00Z,BATCH-BBAS-2622
PO_B01_002623,Stripe India,PHNP-ORD-819230 PHNP-ORD-481300 PHNP-ORD-396527 BATCH-PHNP-2623,343629,6872,0,0,336757,INR,2026-08-03T11:07:00Z,BATCH-PHNP-2623
PO_B01_002624,BillDesk Settlement,JIOO-INV-927206 PO_B01_002624,266277,6172,0,0,260105,INR,2026-08-03T09:06:00Z,BATCH-JIOO-2624
PO_B01_002625,PayU Enterprise,TATA-INV-647236 PO_B01_002625,189974,3992,0,0,185982,INR,2026-08-02T21:08:00Z,BATCH-TATA-2625
PO_B01_002626,Cashfree Escrow,PHNP-INV-196475 PO_B01_002626,433827,8121,0,0,425706,INR,2026-08-03T04:54:00Z,BATCH-PHNP-2626
PO_B01_002627,PayU Enterprise,MYNT-INV-787074 PO_B01_002627,136404,2448,0,0,133956,INR,2026-08-03T15:11:00Z,BATCH-MYNT-2627
PO_B01_002628,Razorpay Nodal,PHNP-INV-728221 PO_B01_002628,74858,1542,0,0,73316,INR,2026-08-02T19:40:00Z,BATCH-PHNP-2628
PO_B01_002629,Razorpay Nodal,PAYT-INV-624644 PO_B01_002629,251318,6203,0,0,245115,INR,2026-08-03T03:18:00Z,BATCH-PAYT-2629
PO_B01_002630,Cashfree Escrow,BBAS-ORD-802728 BBAS-ORD-607823 BATCH-BBAS-2630,211286,4225,0,0,207061,INR,2026-08-03T06:02:00Z,BATCH-BBAS-2630
PO_B01_002631,PayU Enterprise,ZOMA-ORD-626307 ZOMA-ORD-769117 BATCH-ZOMA-2631,280141,5602,0,0,274539,INR,2026-08-03T14:46:00Z,BATCH-ZOMA-2631
PO_B01_002632,Razorpay Nodal,OLAA-INV-334577 PO_B01_002632,403384,8838,0,0,394546,INR,2026-08-03T00:12:00Z,BATCH-OLAA-2632
PO_B01_002633,Cashfree Escrow,BKMS-ORD-662904 BKMS-ORD-303987 BATCH-BKMS-2633,299740,5994,0,0,293746,INR,2026-08-03T06:46:00Z,BATCH-BKMS-2633
PO_B01_002634,PayU Enterprise,BKMS-INV-125503 PO_B01_002634,310945,4825,0,0,306120,INR,2026-08-03T08:36:00Z,BATCH-BKMS-2634
PO_B01_002635,PayU Enterprise,OLAA-ORD-461989 OLAA-ORD-246307 BATCH-OLAA-2635,274129,5482,0,0,268647,INR,2026-08-03T06:37:00Z,BATCH-OLAA-2635
PO_B01_002636,BillDesk Settlement,TATA-ORD-316328 TATA-ORD-575026 BATCH-TATA-2636,269349,5386,0,0,263963,INR,2026-08-03T18:12:00Z,BATCH-TATA-2636
PO_B01_002637,Razorpay Nodal,TATA-INV-247233 PO_B01_002637,391865,8623,0,0,383242,INR,2026-08-03T01:47:00Z,BATCH-TATA-2637
PO_B01_002638,BillDesk Settlement,OLAA-ORD-534391 OLAA-ORD-723124 OLAA-ORD-917954 BATCH-OLAA-2638,303847,6076,0,0,297771,INR,2026-08-03T10:36:00Z,BATCH-OLAA-2638
PO_B01_002639,PayU Enterprise,BLNK-INV-280028 PO_B01_002639,94087,2199,0,0,91888,INR,2026-08-03T12:55:00Z,BATCH-BLNK-2639
PO_B01_002640,Stripe India,BKMS-INV-966808 PO_B01_002640,120154,2310,0,0,117844,INR,2026-08-02T13:27:00Z,BATCH-BKMS-2640
PO_B01_002641,Stripe India,BKMS-INV-900444 PO_B01_002641,111107,2669,0,0,108438,INR,2026-08-02T23:58:00Z,BATCH-BKMS-2641
PO_B01_002642,PayU Enterprise,PAYT-INV-627685 PO_B01_002642,196414,4620,0,0,191794,INR,2026-08-03T02:30:00Z,BATCH-PAYT-2642
PO_B01_002643,BillDesk Settlement,ZOMA-ORD-619097 ZOMA-ORD-304038 ZOMA-ORD-897666 BATCH-ZOMA-2643,363630,7272,0,0,356358,INR,2026-08-02T21:18:00Z,BATCH-ZOMA-2643
PO_B01_002644,PayU Enterprise,MMTR-INV-377461 PO_B01_002644,418791,7489,0,0,411302,INR,2026-08-03T06:56:00Z,BATCH-MMTR-2644
PO_B01_002645,Cashfree Escrow,BKMS-INV-121608 PO_B01_002645,348187,8645,0,0,339542,INR,2026-08-03T08:08:00Z,BATCH-BKMS-2645
PO_B01_002646,BillDesk Settlement,PHNP-ORD-817758 PHNP-ORD-137334 PHNP-ORD-502711 BATCH-PHNP-2646,335072,6701,0,0,328371,INR,2026-08-03T01:26:00Z,BATCH-PHNP-2646
PO_B01_002647,Razorpay Nodal,MMTR-ORD-824243 MMTR-ORD-752535 BATCH-MMTR-2647,349921,6998,0,0,342923,INR,2026-08-03T03:33:00Z,BATCH-MMTR-2647
PO_B01_002648,BillDesk Settlement,NYKA-INV-853752 PO_B01_002648,241246,4357,0,0,236889,INR,2026-08-03T18:49:00Z,BATCH-NYKA-2648
PO_B01_002649,BillDesk Settlement,UBER-ORD-286167 UBER-ORD-845661 BATCH-UBER-2649,155222,3104,0,0,152118,INR,2026-08-03T11:29:00Z,BATCH-UBER-2649
PO_B01_002650,Stripe India,TATA-INV-409626 PO_B01_002650,324392,6867,0,0,317525,INR,2026-08-03T13:14:00Z,BATCH-TATA-2650
PO_B01_002651,Razorpay Nodal,NYKA-INV-803170 PO_B01_002651,297224,6554,0,0,290670,INR,2026-08-03T05:24:00Z,BATCH-NYKA-2651
PO_B01_002652,Cashfree Escrow,FLPK-EXC-628960-UNRESOLVED,266802,5326,0,0,261476,INR,2026-08-03T22:47:00Z,HOLD-ESCROW
PO_B01_002653,Stripe India,AMZN-INV-849155 PO_B01_002653,222925,4929,0,0,217996,INR,2026-08-03T09:01:00Z,BATCH-AMZN-2653
PO_B01_002654,Stripe India,SWIG-INV-506749 PO_B01_002654,156342,3178,0,0,153164,INR,2026-08-03T02:00:00Z,BATCH-SWIG-2654
PO_B01_002655,Cashfree Escrow,FLPK-INV-173917 PO_B01_002655,132510,2640,0,0,129870,INR,2026-08-03T14:41:00Z,BATCH-FLPK-2655
PO_B01_002656,BillDesk Settlement,AMZN-INV-483313 PO_B01_002656,443625,8140,0,0,435485,INR,2026-08-02T19:31:00Z,BATCH-AMZN-2656
PO_B01_002657,Stripe India,PAYT-INV-820961 PO_B01_002657,344533,6300,0,0,338233,INR,2026-08-02T16:58:00Z,BATCH-PAYT-2657
PO_B01_002658,Razorpay Nodal,MMTR-INV-638282 PO_B01_002658,79325,1483,0,0,77842,INR,2026-08-03T06:04:00Z,BATCH-MMTR-2658
PO_B01_002659,Stripe India,FLPK-INV-885878 PO_B01_002659,410382,8833,0,0,401549,INR,2026-08-03T04:13:00Z,BATCH-FLPK-2659
PO_B01_002660,Cashfree Escrow,OLAA-INV-650849 PO_B01_002660,370093,8071,0,0,362022,INR,2026-08-03T07:53:00Z,BATCH-OLAA-2660
PO_B01_002661,BillDesk Settlement,SWIG-INV-677290 PO_B01_002661,370655,6570,0,0,364085,INR,2026-08-03T20:14:00Z,BATCH-SWIG-2661
PO_B01_002662,Stripe India,FLPK-INV-123483 PO_B01_002662,61121,1487,0,0,59634,INR,2026-08-03T12:19:00Z,BATCH-FLPK-2662
PO_B01_002663,Razorpay Nodal,ZOMA-INV-242756 PO_B01_002663,52201,1265,0,0,50936,INR,2026-08-03T00:46:00Z,BATCH-ZOMA-2663
PO_B01_002664,BillDesk Settlement,AMZN-ORD-197946 AMZN-ORD-240741 BATCH-AMZN-2664,271290,5425,0,0,265865,INR,2026-08-03T03:16:00Z,BATCH-AMZN-2664
PO_B01_002665,PayU Enterprise,ZOMA-INV-339349 PO_B01_002665,336001,7038,0,0,328963,INR,2026-08-03T17:06:00Z,BATCH-ZOMA-2665
PO_B01_002666,Razorpay Nodal,NYKA-ORD-881124 NYKA-ORD-783419 NYKA-ORD-914530 BATCH-NYKA-2666,408438,8168,0,0,400270,INR,2026-08-03T00:38:00Z,BATCH-NYKA-2666
PO_B01_002667,PayU Enterprise,MMTR-ORD-893824 MMTR-ORD-646329 BATCH-MMTR-2667,428516,8570,0,0,419946,INR,2026-08-03T06:28:00Z,BATCH-MMTR-2667
PO_B01_002668,PayU Enterprise,ZOMA-INV-565044 PO_B01_002668,136228,2793,0,0,133435,INR,2026-08-03T06:48:00Z,BATCH-ZOMA-2668
PO_B01_002669,BillDesk Settlement,BBAS-INV-240413 PO_B01_002669,397268,7072,0,0,390196,INR,2026-08-02T18:44:00Z,BATCH-BBAS-2669
PO_B01_002670,Cashfree Escrow,UBER-INV-261087 PO_B01_002670,121851,2109,0,0,119742,INR,2026-08-02T21:57:00Z,BATCH-UBER-2670
PO_B01_002671,Stripe India,AMZN-INV-815328 PO_B01_002671,386468,8176,0,0,378292,INR,2026-08-02T14:41:00Z,BATCH-AMZN-2671
PO_B01_002672,BillDesk Settlement,AMZN-ORD-365055 AMZN-ORD-968247 BATCH-AMZN-2672,395353,7907,0,0,387446,INR,2026-08-03T17:48:00Z,BATCH-AMZN-2672
PO_B01_002673,Cashfree Escrow,NYKA-INV-779295 PO_B01_002673,146083,3003,0,0,143080,INR,2026-08-02T22:35:00Z,BATCH-NYKA-2673
PO_B01_002674,Cashfree Escrow,ZOMA-INV-634716 PO_B01_002674,359337,5866,0,0,353471,INR,2026-08-02T22:59:00Z,BATCH-ZOMA-2674
PO_B01_002675,Razorpay Nodal,SWIG-ORD-938258 SWIG-ORD-374499 BATCH-SWIG-2675,268154,5363,0,0,262791,INR,2026-08-03T03:23:00Z,BATCH-SWIG-2675
PO_B01_002676,BillDesk Settlement,FLPK-INV-138481 PO_B01_002676,193633,4342,0,0,189291,INR,2026-08-03T08:55:00Z,BATCH-FLPK-2676
PO_B01_002677,BillDesk Settlement,UBER-ORD-602238 UBER-ORD-656653 BATCH-UBER-2677,317353,6347,0,0,311006,INR,2026-08-03T02:45:00Z,BATCH-UBER-2677
PO_B01_002678,Cashfree Escrow,JIOO-INV-570595 PO_B01_002678,144784,3045,0,0,141739,INR,2026-08-03T05:16:00Z,BATCH-JIOO-2678
PO_B01_002679,Stripe India,SWIG-ORD-173741 SWIG-ORD-368297 BATCH-SWIG-2679,375627,7512,0,0,368115,INR,2026-08-03T05:02:00Z,BATCH-SWIG-2679
PO_B01_002680,Razorpay Nodal,PAYT-ORD-993189 PAYT-ORD-612239 BATCH-PAYT-2680,261789,5235,0,0,256554,INR,2026-08-03T03:09:00Z,BATCH-PAYT-2680
PO_B01_002681,Razorpay Nodal,TATA-INV-541563 PO_B01_002681,114773,2467,0,0,112306,INR,2026-08-03T13:27:00Z,BATCH-TATA-2681
PO_B01_002682,PayU Enterprise,JIOO-INV-576049 PO_B01_002682,318238,6939,0,0,311299,INR,2026-08-03T16:54:00Z,BATCH-JIOO-2682
PO_B01_002683,PayU Enterprise,OLAA-INV-446761 PO_B01_002683,40667,870,0,0,39797,INR,2026-08-03T09:04:00Z,BATCH-OLAA-2683
PO_B01_002684,BillDesk Settlement,PAYT-INV-108211 PO_B01_002684,109957,1821,0,0,108136,INR,2026-08-03T03:46:00Z,BATCH-PAYT-2684
PO_B01_002685,Cashfree Escrow,MYNT-ORD-338625 MYNT-ORD-970356 MYNT-ORD-266453 BATCH-MYNT-2685,275162,5503,0,0,269659,INR,2026-08-03T01:24:00Z,BATCH-MYNT-2685
PO_B01_002686,Stripe India,SWIG-INV-111256 PO_B01_002686,253590,4455,0,0,249135,INR,2026-08-03T12:53:00Z,BATCH-SWIG-2686
PO_B01_002687,Stripe India,PAYT-INV-210571 PO_B01_002687,281835,4825,0,0,277010,INR,2026-08-03T17:25:00Z,BATCH-PAYT-2687
PO_B01_002688,Stripe India,PHNP-INV-726451 PO_B01_002688,259593,4325,0,0,255268,INR,2026-08-03T22:21:00Z,BATCH-PHNP-2688
PO_B01_002689,BillDesk Settlement,BLNK-ORD-838245 BLNK-ORD-439185 BATCH-BLNK-2689,165330,3306,0,0,162024,INR,2026-08-02T22:14:00Z,BATCH-BLNK-2689
PO_B01_002690,Stripe India,AMZN-INV-191470 PO_B01_002690,226321,3675,0,0,222646,INR,2026-08-03T14:09:00Z,BATCH-AMZN-2690
PO_B01_002691,Razorpay Nodal,PHNP-EXC-600146-UNRESOLVED,58220,1154,0,0,57066,INR,2026-08-03T20:00:00Z,HOLD-ESCROW
PO_B01_002692,PayU Enterprise,BLNK-INV-255638 PO_B01_002692,180329,2784,0,0,177545,INR,2026-08-03T08:02:00Z,BATCH-BLNK-2692
PO_B01_002693,Cashfree Escrow,TATA-INV-999368 PO_B01_002693,256846,5671,0,0,251175,INR,2026-08-03T07:50:00Z,BATCH-TATA-2693
PO_B01_002694,BillDesk Settlement,FLPK-ORD-165695 FLPK-ORD-612260 FLPK-ORD-406473 BATCH-FLPK-2694,227633,4552,0,0,223081,INR,2026-08-03T03:52:00Z,BATCH-FLPK-2694
PO_B01_002695,Stripe India,BBAS-INV-335293 PO_B01_002695,446239,9811,0,0,436428,INR,2026-08-03T18:53:00Z,BATCH-BBAS-2695
PO_B01_002696,Cashfree Escrow,FLPK-INV-395777 PO_B01_002696,437661,10238,0,0,427423,INR,2026-08-03T16:48:00Z,BATCH-FLPK-2696
PO_B01_002697,Razorpay Nodal,SWIG-INV-369602 PO_B01_002697,362742,7948,0,0,354794,INR,2026-08-03T14:32:00Z,BATCH-SWIG-2697
PO_B01_002698,BillDesk Settlement,TATA-INV-711532 PO_B01_002698,157448,3628,0,0,153820,INR,2026-08-03T11:54:00Z,BATCH-TATA-2698
PO_B01_002699,BillDesk Settlement,MYNT-INV-938623 PO_B01_002699,421574,8460,0,0,413114,INR,2026-08-03T00:34:00Z,BATCH-MYNT-2699
PO_B01_002700,Cashfree Escrow,NYKA-INV-635473 PO_B01_002700,213837,3431,0,0,210406,INR,2026-08-03T07:16:00Z,BATCH-NYKA-2700
PO_B01_002701,Stripe India,PAYT-INV-297272 PO_B01_002701,414449,7850,0,0,406599,INR,2026-08-03T17:22:00Z,BATCH-PAYT-2701
PO_B01_002702,Razorpay Nodal,NYKA-ORD-989572 NYKA-ORD-682290 BATCH-NYKA-2702,424649,8492,0,0,416157,INR,2026-08-03T14:53:00Z,BATCH-NYKA-2702
PO_B01_002703,Razorpay Nodal,PAYT-INV-740040 PO_B01_002703,351380,7813,0,0,343567,INR,2026-08-03T22:44:00Z,BATCH-PAYT-2703
PO_B01_002704,Stripe India,TATA-INV-626479 PO_B01_002704,328205,6639,0,0,321566,INR,2026-08-03T01:32:00Z,BATCH-TATA-2704
PO_B01_002705,PayU Enterprise,FLPK-EXC-869853-UNRESOLVED,177032,3530,0,0,173502,INR,2026-08-04T06:56:00Z,HOLD-ESCROW
PO_B01_002706,BillDesk Settlement,NYKA-INV-537908 PO_B01_002706,359514,7675,0,0,351839,INR,2026-08-03T17:19:00Z,BATCH-NYKA-2706
PO_B01_002707,Razorpay Nodal,PAYT-INV-333712 PO_B01_002707,431621,9632,0,0,421989,INR,2026-08-03T01:24:00Z,BATCH-PAYT-2707
PO_B01_002708,Stripe India,OLAA-ORD-556269 OLAA-ORD-107040 BATCH-OLAA-2708,116173,2323,0,0,113850,INR,2026-08-03T09:46:00Z,BATCH-OLAA-2708
PO_B01_002709,Cashfree Escrow,MYNT-ORD-954713 MYNT-ORD-850907 MYNT-ORD-197496 BATCH-MYNT-2709,526716,10534,0,0,516182,INR,2026-08-03T19:12:00Z,BATCH-MYNT-2709
PO_B01_002710,BillDesk Settlement,AMZN-ORD-240591 AMZN-ORD-108646 BATCH-AMZN-2710,408315,8166,0,0,400149,INR,2026-08-03T02:44:00Z,BATCH-AMZN-2710
PO_B01_002711,Razorpay Nodal,BKMS-INV-828667 PO_B01_002711,245992,3780,0,0,242212,INR,2026-08-03T17:35:00Z,BATCH-BKMS-2711
PO_B01_002712,Cashfree Escrow,FLPK-EXC-375818-UNRESOLVED,219694,4383,0,0,215311,INR,2026-08-03T10:34:00Z,HOLD-ESCROW
PO_B01_002713,Stripe India,FLPK-INV-780148 PO_B01_002713,117857,1913,0,0,115944,INR,2026-08-03T10:28:00Z,BATCH-FLPK-2713
PO_B01_002714,PayU Enterprise,OLAA-INV-711540 PO_B01_002714,314897,6821,0,0,308076,INR,2026-08-03T04:50:00Z,BATCH-OLAA-2714
PO_B01_002715,Razorpay Nodal,OLAA-ORD-764705 OLAA-ORD-254013 BATCH-OLAA-2715,268699,5373,0,0,263326,INR,2026-08-03T16:27:00Z,BATCH-OLAA-2715
PO_B01_002716,Stripe India,TATA-ORD-330389 TATA-ORD-471566 TATA-ORD-162120 BATCH-TATA-2716,144799,2895,0,0,141904,INR,2026-08-03T15:13:00Z,BATCH-TATA-2716
PO_B01_002717,BillDesk Settlement,PHNP-ORD-737170 PHNP-ORD-662541 PHNP-ORD-817272 BATCH-PHNP-2717,358881,7177,0,0,351704,INR,2026-08-03T20:50:00Z,BATCH-PHNP-2717
PO_B01_002718,Stripe India,AMZN-ORD-162571 AMZN-ORD-905454 BATCH-AMZN-2718,487228,9744,0,0,477484,INR,2026-08-02T23:43:00Z,BATCH-AMZN-2718
PO_B01_002719,BillDesk Settlement,ZOMA-INV-533924 PO_B01_002719,342970,7772,0,0,335198,INR,2026-08-03T01:36:00Z,BATCH-ZOMA-2719
PO_B01_002720,Stripe India,UBER-INV-489964 PO_B01_002720,288438,5848,0,0,282590,INR,2026-08-03T12:49:00Z,BATCH-UBER-2720
PO_B01_002721,PayU Enterprise,OLAA-INV-322627 PO_B01_002721,203295,3979,0,0,199316,INR,2026-08-03T10:41:00Z,BATCH-OLAA-2721
PO_B01_002722,Razorpay Nodal,FLPK-INV-805158 PO_B01_002722,333766,7347,0,0,326419,INR,2026-08-03T14:02:00Z,BATCH-FLPK-2722
PO_B01_002723,PayU Enterprise,MMTR-ORD-394248 MMTR-ORD-780432 BATCH-MMTR-2723,277095,5541,0,0,271554,INR,2026-08-03T11:53:00Z,BATCH-MMTR-2723
PO_B01_002724,PayU Enterprise,FLPK-INV-340826 PO_B01_002724,431059,10117,0,0,420942,INR,2026-08-02T15:56:00Z,BATCH-FLPK-2724
PO_B01_002725,Cashfree Escrow,BBAS-ORD-702254 BBAS-ORD-381836 BBAS-ORD-342095 BATCH-BBAS-2725,358823,7176,0,0,351647,INR,2026-08-03T16:58:00Z,BATCH-BBAS-2725
PO_B01_002726,Stripe India,PAYT-INV-870279 PO_B01_002726,224901,4477,0,0,220424,INR,2026-08-03T11:08:00Z,BATCH-PAYT-2726
PO_B01_002727,BillDesk Settlement,ZOMA-INV-907647 PO_B01_002727,372062,9012,0,0,363050,INR,2026-08-03T01:10:00Z,BATCH-ZOMA-2727
PO_B01_002728,Cashfree Escrow,TATA-INV-965520 PO_B01_002728,226347,5022,0,0,221325,INR,2026-08-03T20:02:00Z,BATCH-TATA-2728
PO_B01_002729,Cashfree Escrow,TATA-EXC-704526-UNRESOLVED,205217,4094,0,0,201123,INR,2026-08-03T21:36:00Z,HOLD-ESCROW
PO_B01_002730,Cashfree Escrow,MMTR-EXC-515027-UNRESOLVED,252981,5049,0,0,247932,INR,2026-08-03T10:35:00Z,HOLD-ESCROW
PO_B01_002731,Stripe India,UBER-EXC-779917-UNRESOLVED,232517,4640,0,0,227877,INR,2026-08-03T11:27:00Z,HOLD-ESCROW
PO_B01_002732,BillDesk Settlement,AMZN-EXC-205360-UNRESOLVED,174503,3480,0,0,171023,INR,2026-08-04T01:06:00Z,HOLD-ESCROW
PO_B01_002733,Stripe India,MMTR-ORD-141697 MMTR-ORD-170844 MMTR-ORD-995253 BATCH-MMTR-2733,449547,8990,0,0,440557,INR,2026-08-03T03:30:00Z,BATCH-MMTR-2733
PO_B01_002734,BillDesk Settlement,BLNK-INV-703540 PO_B01_002734,286485,4620,0,0,281865,INR,2026-08-03T12:51:00Z,BATCH-BLNK-2734
PO_B01_002735,PayU Enterprise,AMZN-INV-859376 PO_B01_002735,264109,6180,0,0,257929,INR,2026-08-03T02:16:00Z,BATCH-AMZN-2735
PO_B01_002736,Stripe India,UBER-INV-234440 PO_B01_002736,283951,6630,0,0,277321,INR,2026-08-03T02:37:00Z,BATCH-UBER-2736
PO_B01_002737,Stripe India,ZOMA-INV-457525 PO_B01_002737,160846,3484,0,0,157362,INR,2026-08-03T06:29:00Z,BATCH-ZOMA-2737
PO_B01_002738,Cashfree Escrow,MYNT-INV-423255 PO_B01_002738,290999,7190,0,0,283809,INR,2026-08-03T00:58:00Z,BATCH-MYNT-2738
PO_B01_002739,BillDesk Settlement,MMTR-ORD-115502 MMTR-ORD-936946 BATCH-MMTR-2739,280772,5615,0,0,275157,INR,2026-08-02T22:12:00Z,BATCH-MMTR-2739
PO_B01_002740,Razorpay Nodal,SWIG-INV-817552 PO_B01_002740,271979,4491,0,0,267488,INR,2026-08-02T19:44:00Z,BATCH-SWIG-2740
PO_B01_002741,Razorpay Nodal,NYKA-INV-962864 PO_B01_002741,335945,7948,0,0,327997,INR,2026-08-03T04:28:00Z,BATCH-NYKA-2741
PO_B01_002742,Razorpay Nodal,FLPK-EXC-984601-UNRESOLVED,185243,3694,0,0,181549,INR,2026-08-04T08:35:00Z,HOLD-ESCROW
PO_B01_002743,Stripe India,MYNT-INV-174708 PO_B01_002743,297087,6326,0,0,290761,INR,2026-08-03T06:05:00Z,BATCH-MYNT-2743
PO_B01_002744,Razorpay Nodal,MYNT-INV-724662 PO_B01_002744,148209,2614,0,0,145595,INR,2026-08-03T19:27:00Z,BATCH-MYNT-2744
PO_B01_002745,BillDesk Settlement,MYNT-INV-454738 PO_B01_002745,326559,4985,0,0,321574,INR,2026-08-03T13:19:00Z,BATCH-MYNT-2745
PO_B01_002746,Cashfree Escrow,PHNP-INV-602056 PO_B01_002746,425352,7491,0,0,417861,INR,2026-08-02T13:48:00Z,BATCH-PHNP-2746
PO_B01_002747,Stripe India,BKMS-INV-849169 PO_B01_002747,270679,4999,0,0,265680,INR,2026-08-02T21:32:00Z,BATCH-BKMS-2747
PO_B01_002748,Razorpay Nodal,AMZN-INV-413748 PO_B01_002748,353864,7400,0,0,346464,INR,2026-08-03T01:41:00Z,BATCH-AMZN-2748
PO_B01_002749,BillDesk Settlement,JIOO-INV-364621 PO_B01_002749,364244,7619,0,0,356625,INR,2026-08-03T16:36:00Z,BATCH-JIOO-2749
PO_B01_002750,PayU Enterprise,NYKA-INV-224133 PO_B01_002750,157603,3936,0,0,153667,INR,2026-08-03T12:18:00Z,BATCH-NYKA-2750
PO_B01_002751,Stripe India,TATA-ORD-109946 TATA-ORD-989457 BATCH-TATA-2751,313089,6261,0,0,306828,INR,2026-08-03T08:05:00Z,BATCH-TATA-2751
PO_B01_002752,BillDesk Settlement,MMTR-INV-457104 PO_B01_002752,62248,1294,0,0,60954,INR,2026-08-02T16:48:00Z,BATCH-MMTR-2752
PO_B01_002753,Stripe India,FLPK-INV-874929 PO_B01_002753,327490,7732,0,0,319758,INR,2026-08-02T20:04:00Z,BATCH-FLPK-2753
PO_B01_002754,Cashfree Escrow,FLPK-INV-398679 PO_B01_002754,214091,5175,0,0,208916,INR,2026-08-03T10:55:00Z,BATCH-FLPK-2754
PO_B01_002755,BillDesk Settlement,TATA-INV-295820 PO_B01_002755,147753,3564,0,0,144189,INR,2026-08-02T20:39:00Z,BATCH-TATA-2755
PO_B01_002756,Cashfree Escrow,ZOMA-INV-815778 PO_B01_002756,388803,6539,0,0,382264,INR,2026-08-03T01:34:00Z,BATCH-ZOMA-2756
PO_B01_002757,PayU Enterprise,ZOMA-INV-667863 PO_B01_002757,114517,2277,0,0,112240,INR,2026-08-03T06:53:00Z,BATCH-ZOMA-2757
PO_B01_002758,Razorpay Nodal,JIOO-INV-335802 PO_B01_002758,422594,7966,0,0,414628,INR,2026-08-03T05:03:00Z,BATCH-JIOO-2758
PO_B01_002759,Stripe India,MYNT-INV-780263 PO_B01_002759,380713,7767,0,0,372946,INR,2026-08-03T22:56:00Z,BATCH-MYNT-2759
PO_B01_002760,Razorpay Nodal,OLAA-ORD-305862 OLAA-ORD-316187 BATCH-OLAA-2760,239655,4793,0,0,234862,INR,2026-08-03T18:36:00Z,BATCH-OLAA-2760
PO_B01_002761,Stripe India,ZOMA-INV-536249 PO_B01_002761,246945,5708,0,0,241237,INR,2026-08-03T01:41:00Z,BATCH-ZOMA-2761
PO_B01_002762,Razorpay Nodal,MYNT-INV-976419 PO_B01_002762,340374,6051,0,0,334323,INR,2026-08-03T00:01:00Z,BATCH-MYNT-2762
PO_B01_002763,Stripe India,MYNT-INV-234359 PO_B01_002763,426694,7428,0,0,419266,INR,2026-08-03T09:42:00Z,BATCH-MYNT-2763
PO_B01_002764,Stripe India,JIOO-INV-524086 PO_B01_002764,27592,658,0,0,26934,INR,2026-08-02T20:38:00Z,BATCH-JIOO-2764
PO_B01_002765,PayU Enterprise,NYKA-ORD-165204 NYKA-ORD-268299 NYKA-ORD-912784 BATCH-NYKA-2765,547181,10943,0,0,536238,INR,2026-08-03T10:38:00Z,BATCH-NYKA-2765
PO_B01_002766,BillDesk Settlement,PAYT-INV-423304 PO_B01_002766,209703,3827,0,0,205876,INR,2026-08-03T10:47:00Z,BATCH-PAYT-2766
PO_B01_002767,PayU Enterprise,PAYT-INV-182109 PO_B01_002767,297216,4676,0,0,292540,INR,2026-08-03T17:12:00Z,BATCH-PAYT-2767
PO_B01_002768,BillDesk Settlement,UBER-INV-833047 PO_B01_002768,390553,8711,0,0,381842,INR,2026-08-03T18:25:00Z,BATCH-UBER-2768
PO_B01_002769,PayU Enterprise,UBER-INV-473369 PO_B01_002769,393550,7312,0,0,386238,INR,2026-08-03T12:47:00Z,BATCH-UBER-2769
PO_B01_002770,Razorpay Nodal,BKMS-INV-480088 PO_B01_002770,75033,1382,0,0,73651,INR,2026-08-03T12:40:00Z,BATCH-BKMS-2770
PO_B01_002771,Cashfree Escrow,OLAA-INV-370474 PO_B01_002771,436337,9795,0,0,426542,INR,2026-08-03T17:24:00Z,BATCH-OLAA-2771
PO_B01_002772,Stripe India,JIOO-INV-620174 PO_B01_002772,109045,2406,0,0,106639,INR,2026-08-02T23:18:00Z,BATCH-JIOO-2772
PO_B01_002773,Stripe India,BBAS-INV-315929 PO_B01_002773,365774,8117,0,0,357657,INR,2026-08-03T07:37:00Z,BATCH-BBAS-2773
PO_B01_002774,BillDesk Settlement,PAYT-INV-606730 PO_B01_002774,82813,1637,0,0,81176,INR,2026-08-03T16:03:00Z,BATCH-PAYT-2774
PO_B01_002775,Cashfree Escrow,MYNT-INV-503371 PO_B01_002775,421690,7494,0,0,414196,INR,2026-08-03T04:00:00Z,BATCH-MYNT-2775
PO_B01_002776,PayU Enterprise,FLPK-ORD-274627 FLPK-ORD-870195 BATCH-FLPK-2776,239449,4788,0,0,234661,INR,2026-08-03T13:25:00Z,BATCH-FLPK-2776
PO_B01_002777,Razorpay Nodal,PHNP-ORD-736780 PHNP-ORD-350294 PHNP-ORD-692345 BATCH-PHNP-2777,347546,6950,0,0,340596,INR,2026-08-03T14:28:00Z,BATCH-PHNP-2777
PO_B01_002778,Cashfree Escrow,FLPK-EXC-958143-UNRESOLVED,105704,2104,0,0,103600,INR,2026-08-04T07:23:00Z,HOLD-ESCROW
PO_B01_002779,BillDesk Settlement,BKMS-INV-450385 PO_B01_002779,58173,1406,0,0,56767,INR,2026-08-03T15:18:00Z,BATCH-BKMS-2779
PO_B01_002780,BillDesk Settlement,BBAS-INV-185658 PO_B01_002780,388986,6889,0,0,382097,INR,2026-08-03T19:28:00Z,BATCH-BBAS-2780
PO_B01_002781,Cashfree Escrow,UBER-INV-884133 PO_B01_002781,350671,7698,0,0,342973,INR,2026-08-03T07:28:00Z,BATCH-UBER-2781
PO_B01_002782,PayU Enterprise,ZOMA-INV-121802 PO_B01_002782,400756,6329,0,0,394427,INR,2026-08-02T22:37:00Z,BATCH-ZOMA-2782
PO_B01_002783,Cashfree Escrow,BBAS-INV-189111 PO_B01_002783,135301,2709,0,0,132592,INR,2026-08-03T09:22:00Z,BATCH-BBAS-2783
PO_B01_002784,Cashfree Escrow,TATA-ORD-130988 TATA-ORD-551109 TATA-ORD-567782 BATCH-TATA-2784,447615,8952,0,0,438663,INR,2026-08-03T20:51:00Z,BATCH-TATA-2784
PO_B01_002785,Cashfree Escrow,SWIG-ORD-905296 SWIG-ORD-399036 BATCH-SWIG-2785,132783,2655,0,0,130128,INR,2026-08-03T19:13:00Z,BATCH-SWIG-2785
PO_B01_002786,PayU Enterprise,MYNT-EXC-505949-UNRESOLVED,142662,2843,0,0,139819,INR,2026-08-03T12:01:00Z,HOLD-ESCROW
PO_B01_002787,BillDesk Settlement,OLAA-INV-974535 PO_B01_002787,169624,3748,0,0,165876,INR,2026-08-02T17:42:00Z,BATCH-OLAA-2787
PO_B01_002788,Cashfree Escrow,PAYT-INV-600644 PO_B01_002788,305581,7297,0,0,298284,INR,2026-08-03T09:45:00Z,BATCH-PAYT-2788
PO_B01_002789,Razorpay Nodal,FLPK-INV-809731 PO_B01_002789,153947,3733,0,0,150214,INR,2026-08-03T20:48:00Z,BATCH-FLPK-2789
PO_B01_002790,PayU Enterprise,UBER-INV-714096 PO_B01_002790,287517,5601,0,0,281916,INR,2026-08-03T05:57:00Z,BATCH-UBER-2790
PO_B01_002791,Razorpay Nodal,PHNP-ORD-775762 PHNP-ORD-368058 BATCH-PHNP-2791,422128,8442,0,0,413686,INR,2026-08-03T06:41:00Z,BATCH-PHNP-2791
PO_B01_002792,Stripe India,MYNT-ORD-476663 MYNT-ORD-989277 BATCH-MYNT-2792,254549,5090,0,0,249459,INR,2026-08-03T06:28:00Z,BATCH-MYNT-2792
PO_B01_002793,PayU Enterprise,PHNP-INV-488054 PO_B01_002793,277446,5393,0,0,272053,INR,2026-08-03T08:43:00Z,BATCH-PHNP-2793
PO_B01_002794,BillDesk Settlement,BKMS-INV-851463 PO_B01_002794,37088,608,0,0,36480,INR,2026-08-03T17:38:00Z,BATCH-BKMS-2794
PO_B01_002795,BillDesk Settlement,FLPK-ORD-395587 FLPK-ORD-311322 FLPK-ORD-196242 BATCH-FLPK-2795,372603,7452,0,0,365151,INR,2026-08-02T23:40:00Z,BATCH-FLPK-2795
PO_B01_002796,Stripe India,MYNT-ORD-555691 MYNT-ORD-886441 BATCH-MYNT-2796,225851,4517,0,0,221334,INR,2026-08-03T13:27:00Z,BATCH-MYNT-2796
PO_B01_002797,Cashfree Escrow,SWIG-INV-857791 PO_B01_002797,381345,6231,0,0,375114,INR,2026-08-03T14:28:00Z,BATCH-SWIG-2797
PO_B01_002798,Cashfree Escrow,UBER-INV-520453 PO_B01_002798,346812,6885,0,0,339927,INR,2026-08-03T16:15:00Z,BATCH-UBER-2798
PO_B01_002799,BillDesk Settlement,MYNT-INV-283221 PO_B01_002799,203751,3550,0,0,200201,INR,2026-08-02T21:29:00Z,BATCH-MYNT-2799
PO_B01_002800,Razorpay Nodal,UBER-INV-982461 PO_B01_002800,375632,8976,0,0,366656,INR,2026-08-03T10:22:00Z,BATCH-UBER-2800
PO_B01_002801,Cashfree Escrow,NYKA-ORD-370337 NYKA-ORD-874562 NYKA-ORD-455679 BATCH-NYKA-2801,327131,6542,0,0,320589,INR,2026-08-03T11:24:00Z,BATCH-NYKA-2801
PO_B01_002802,Razorpay Nodal,MMTR-ORD-699451 MMTR-ORD-361263 MMTR-ORD-493261 BATCH-MMTR-2802,308761,6175,0,0,302586,INR,2026-08-03T00:07:00Z,BATCH-MMTR-2802
PO_B01_002803,Razorpay Nodal,MYNT-INV-376895 PO_B01_002803,204846,4751,0,0,200095,INR,2026-08-03T17:51:00Z,BATCH-MYNT-2803
PO_B01_002804,Razorpay Nodal,BLNK-EXC-774619-UNRESOLVED,95923,1908,0,0,94015,INR,2026-08-03T23:06:00Z,HOLD-ESCROW
PO_B01_002805,Razorpay Nodal,UBER-INV-753306 PO_B01_002805,27684,544,0,0,27140,INR,2026-08-03T13:51:00Z,BATCH-UBER-2805
PO_B01_002806,BillDesk Settlement,BLNK-INV-976505 PO_B01_002806,225322,4304,0,0,221018,INR,2026-08-02T18:41:00Z,BATCH-BLNK-2806
PO_B01_002807,Cashfree Escrow,BBAS-ORD-299206 BBAS-ORD-600818 BATCH-BBAS-2807,226773,4535,0,0,222238,INR,2026-08-03T15:02:00Z,BATCH-BBAS-2807
PO_B01_002808,Razorpay Nodal,JIOO-INV-196228 PO_B01_002808,116617,2526,0,0,114091,INR,2026-08-02T17:11:00Z,BATCH-JIOO-2808
PO_B01_002809,Stripe India,MYNT-INV-853949 PO_B01_002809,441557,10020,0,0,431537,INR,2026-08-03T08:47:00Z,BATCH-MYNT-2809
PO_B01_002810,Razorpay Nodal,AMZN-EXC-994809-UNRESOLVED,75592,1501,0,0,74091,INR,2026-08-03T20:18:00Z,HOLD-ESCROW
PO_B01_002811,Cashfree Escrow,MMTR-INV-617927 PO_B01_002811,324188,5083,0,0,319105,INR,2026-08-04T00:21:00Z,BATCH-MMTR-2811
PO_B01_002812,Cashfree Escrow,NYKA-INV-902022 PO_B01_002812,113582,1797,0,0,111785,INR,2026-08-03T12:13:00Z,BATCH-NYKA-2812
PO_B01_002813,PayU Enterprise,SWIG-INV-848904 PO_B01_002813,395327,9287,0,0,386040,INR,2026-08-03T19:30:00Z,BATCH-SWIG-2813
PO_B01_002814,Cashfree Escrow,PHNP-ORD-508360 PHNP-ORD-161559 BATCH-PHNP-2814,344618,6892,0,0,337726,INR,2026-08-03T10:24:00Z,BATCH-PHNP-2814
PO_B01_002815,Razorpay Nodal,SWIG-INV-877029 PO_B01_002815,375145,9095,0,0,366050,INR,2026-08-03T01:36:00Z,BATCH-SWIG-2815
PO_B01_002816,Stripe India,PAYT-INV-213876 PO_B01_002816,38910,654,0,0,38256,INR,2026-08-03T11:23:00Z,BATCH-PAYT-2816
PO_B01_002817,Razorpay Nodal,OLAA-INV-914427 PO_B01_002817,337319,7673,0,0,329646,INR,2026-08-03T12:38:00Z,BATCH-OLAA-2817
PO_B01_002818,Cashfree Escrow,ZOMA-INV-489507 PO_B01_002818,299596,6652,0,0,292944,INR,2026-08-03T10:17:00Z,BATCH-ZOMA-2818
PO_B01_002819,Razorpay Nodal,FLPK-ORD-588754 FLPK-ORD-289538 FLPK-ORD-661483 BATCH-FLPK-2819,133506,2670,0,0,130836,INR,2026-08-03T07:17:00Z,BATCH-FLPK-2819
PO_B01_002820,PayU Enterprise,PHNP-ORD-545267 PHNP-ORD-133124 BATCH-PHNP-2820,204282,4085,0,0,200197,INR,2026-08-03T17:08:00Z,BATCH-PHNP-2820
PO_B01_002821,PayU Enterprise,OLAA-INV-280717 PO_B01_002821,274076,6694,0,0,267382,INR,2026-08-02T21:27:00Z,BATCH-OLAA-2821
PO_B01_002822,PayU Enterprise,FLPK-INV-400203 PO_B01_002822,158075,2478,0,0,155597,INR,2026-08-03T07:25:00Z,BATCH-FLPK-2822
PO_B01_002823,Razorpay Nodal,NYKA-INV-242185 PO_B01_002823,219582,3675,0,0,215907,INR,2026-08-03T04:23:00Z,BATCH-NYKA-2823
PO_B01_002824,Razorpay Nodal,BKMS-ORD-811433 BKMS-ORD-488393 BATCH-BKMS-2824,159240,3184,0,0,156056,INR,2026-08-03T20:34:00Z,BATCH-BKMS-2824
PO_B01_002825,Razorpay Nodal,UBER-INV-864852 PO_B01_002825,253188,6277,0,0,246911,INR,2026-08-02T23:23:00Z,BATCH-UBER-2825
PO_B01_002826,Stripe India,PAYT-ORD-225427 PAYT-ORD-492103 BATCH-PAYT-2826,341974,6839,0,0,335135,INR,2026-08-03T15:34:00Z,BATCH-PAYT-2826
PO_B01_002827,BillDesk Settlement,FLPK-INV-883324 PO_B01_002827,80395,1848,0,0,78547,INR,2026-08-03T15:16:00Z,BATCH-FLPK-2827
PO_B01_002828,BillDesk Settlement,JIOO-INV-195667 PO_B01_002828,118471,2859,0,0,115612,INR,2026-08-03T04:27:00Z,BATCH-JIOO-2828
PO_B01_002829,Stripe India,SWIG-INV-789811 PO_B01_002829,327495,5835,0,0,321660,INR,2026-08-03T08:50:00Z,BATCH-SWIG-2829
PO_B01_002830,BillDesk Settlement,TATA-INV-851753 PO_B01_002830,179101,4360,0,0,174741,INR,2026-08-03T12:19:00Z,BATCH-TATA-2830
PO_B01_002831,Stripe India,OLAA-INV-966269 PO_B01_002831,116543,1910,0,0,114633,INR,2026-08-03T13:27:00Z,BATCH-OLAA-2831
PO_B01_002832,PayU Enterprise,BBAS-INV-429154 PO_B01_002832,334452,5721,0,0,328731,INR,2026-08-03T22:27:00Z,BATCH-BBAS-2832
PO_B01_002833,BillDesk Settlement,SWIG-ORD-648018 SWIG-ORD-771700 SWIG-ORD-949803 BATCH-SWIG-2833,388721,7774,0,0,380947,INR,2026-08-03T02:23:00Z,BATCH-SWIG-2833
PO_B01_002834,BillDesk Settlement,PHNP-INV-353251 PO_B01_002834,164470,4055,0,0,160415,INR,2026-08-03T15:10:00Z,BATCH-PHNP-2834
PO_B01_002835,Cashfree Escrow,TATA-INV-195952 PO_B01_002835,30809,667,0,0,30142,INR,2026-08-03T21:50:00Z,BATCH-TATA-2835
PO_B01_002836,PayU Enterprise,AMZN-ORD-968396 AMZN-ORD-951561 BATCH-AMZN-2836,348850,6977,0,0,341873,INR,2026-08-03T07:56:00Z,BATCH-AMZN-2836
PO_B01_002837,Razorpay Nodal,NYKA-INV-587971 PO_B01_002837,214187,3622,0,0,210565,INR,2026-08-03T01:56:00Z,BATCH-NYKA-2837
PO_B01_002838,PayU Enterprise,SWIG-INV-471533 PO_B01_002838,335560,8159,0,0,327401,INR,2026-08-03T02:28:00Z,BATCH-SWIG-2838
PO_B01_002839,Razorpay Nodal,PAYT-ORD-951732 PAYT-ORD-223048 PAYT-ORD-700822 BATCH-PAYT-2839,417638,8352,0,0,409286,INR,2026-08-03T09:48:00Z,BATCH-PAYT-2839
PO_B01_002840,BillDesk Settlement,AMZN-ORD-104919 AMZN-ORD-814651 BATCH-AMZN-2840,299003,5980,0,0,293023,INR,2026-08-03T14:07:00Z,BATCH-AMZN-2840
PO_B01_002841,Cashfree Escrow,UBER-INV-891628 PO_B01_002841,322876,7741,0,0,315135,INR,2026-08-03T09:48:00Z,BATCH-UBER-2841
PO_B01_002842,Cashfree Escrow,TATA-INV-639996 PO_B01_002842,206194,3338,0,0,202856,INR,2026-08-03T06:50:00Z,BATCH-TATA-2842
PO_B01_002843,Cashfree Escrow,MMTR-INV-239163 PO_B01_002843,117037,2228,0,0,114809,INR,2026-08-03T13:18:00Z,BATCH-MMTR-2843
PO_B01_002844,Cashfree Escrow,BLNK-INV-390122 PO_B01_002844,438954,8420,0,0,430534,INR,2026-08-03T02:58:00Z,BATCH-BLNK-2844
PO_B01_002845,Cashfree Escrow,OLAA-INV-341470 PO_B01_002845,240339,3975,0,0,236364,INR,2026-08-03T06:56:00Z,BATCH-OLAA-2845
PO_B01_002846,BillDesk Settlement,PHNP-ORD-996774 PHNP-ORD-343685 PHNP-ORD-242403 BATCH-PHNP-2846,419630,8392,0,0,411238,INR,2026-08-03T06:48:00Z,BATCH-PHNP-2846
PO_B01_002847,Cashfree Escrow,BLNK-ORD-973316 BLNK-ORD-551502 BLNK-ORD-919421 BATCH-BLNK-2847,459980,9199,0,0,450781,INR,2026-08-02T23:54:00Z,BATCH-BLNK-2847
PO_B01_002848,Cashfree Escrow,BLNK-ORD-344607 BLNK-ORD-182903 BATCH-BLNK-2848,339458,6789,0,0,332669,INR,2026-08-03T16:52:00Z,BATCH-BLNK-2848
PO_B01_002849,Cashfree Escrow,NYKA-EXC-965388-UNRESOLVED,231304,4616,0,0,226688,INR,2026-08-03T11:53:00Z,HOLD-ESCROW
PO_B01_002850,Cashfree Escrow,MMTR-INV-996859 PO_B01_002850,436734,9770,0,0,426964,INR,2026-08-03T04:53:00Z,BATCH-MMTR-2850
PO_B01_002851,Cashfree Escrow,NYKA-INV-532123 PO_B01_002851,248898,4746,0,0,244152,INR,2026-08-03T11:09:00Z,BATCH-NYKA-2851
PO_B01_002852,PayU Enterprise,ZOMA-ORD-112778 ZOMA-ORD-843292 BATCH-ZOMA-2852,315057,6301,0,0,308756,INR,2026-08-03T20:44:00Z,BATCH-ZOMA-2852
PO_B01_002853,Razorpay Nodal,SWIG-ORD-796991 SWIG-ORD-386233 SWIG-ORD-898038 BATCH-SWIG-2853,397097,7941,0,0,389156,INR,2026-08-03T19:07:00Z,BATCH-SWIG-2853
PO_B01_002854,PayU Enterprise,SWIG-ORD-934240 SWIG-ORD-997013 BATCH-SWIG-2854,288254,5765,0,0,282489,INR,2026-08-03T07:42:00Z,BATCH-SWIG-2854
PO_B01_002855,Cashfree Escrow,NYKA-ORD-464226 NYKA-ORD-423155 BATCH-NYKA-2855,237851,4757,0,0,233094,INR,2026-08-03T05:22:00Z,BATCH-NYKA-2855
PO_B01_002856,Razorpay Nodal,MYNT-INV-532465 PO_B01_002856,152082,2623,0,0,149459,INR,2026-08-03T13:35:00Z,BATCH-MYNT-2856
PO_B01_002857,Cashfree Escrow,BKMS-ORD-772411 BKMS-ORD-980544 BKMS-ORD-975952 BATCH-BKMS-2857,547602,10952,0,0,536650,INR,2026-08-03T05:09:00Z,BATCH-BKMS-2857
PO_B01_002858,Stripe India,TATA-INV-563798 PO_B01_002858,107745,2560,0,0,105185,INR,2026-08-03T03:32:00Z,BATCH-TATA-2858
PO_B01_002859,BillDesk Settlement,SWIG-INV-118528 PO_B01_002859,335746,5103,0,0,330643,INR,2026-08-03T08:14:00Z,BATCH-SWIG-2859
PO_B01_002860,Stripe India,BKMS-INV-812639 PO_B01_002860,30956,541,0,0,30415,INR,2026-08-03T11:59:00Z,BATCH-BKMS-2860
PO_B01_002861,BillDesk Settlement,JIOO-INV-740587 PO_B01_002861,426729,8638,0,0,418091,INR,2026-08-03T02:46:00Z,BATCH-JIOO-2861
PO_B01_002862,Razorpay Nodal,PHNP-INV-416480 PO_B01_002862,190048,4397,0,0,185651,INR,2026-08-03T05:45:00Z,BATCH-PHNP-2862
PO_B01_002863,Razorpay Nodal,FLPK-INV-593599 PO_B01_002863,351896,5330,0,0,346566,INR,2026-08-03T14:36:00Z,BATCH-FLPK-2863
PO_B01_002864,Razorpay Nodal,MYNT-INV-609701 PO_B01_002864,415372,8080,0,0,407292,INR,2026-08-03T05:53:00Z,BATCH-MYNT-2864
PO_B01_002865,Stripe India,OLAA-INV-650294 PO_B01_002865,377240,9243,0,0,367997,INR,2026-08-02T20:21:00Z,BATCH-OLAA-2865
PO_B01_002866,Razorpay Nodal,MMTR-INV-884571 PO_B01_002866,448294,7841,0,0,440453,INR,2026-08-03T19:23:00Z,BATCH-MMTR-2866
PO_B01_002867,Cashfree Escrow,AMZN-INV-910786 PO_B01_002867,270536,5722,0,0,264814,INR,2026-08-02T22:34:00Z,BATCH-AMZN-2867
PO_B01_002868,BillDesk Settlement,SWIG-INV-990087 PO_B01_002868,387463,6106,0,0,381357,INR,2026-08-03T20:54:00Z,BATCH-SWIG-2868
PO_B01_002869,PayU Enterprise,TATA-INV-768649 PO_B01_002869,318306,7607,0,0,310699,INR,2026-08-03T05:40:00Z,BATCH-TATA-2869
PO_B01_002870,Stripe India,MMTR-ORD-216425 MMTR-ORD-618522 BATCH-MMTR-2870,227977,4559,0,0,223418,INR,2026-08-03T16:24:00Z,BATCH-MMTR-2870
PO_B01_002871,Razorpay Nodal,BBAS-ORD-159535 BBAS-ORD-682006 BBAS-ORD-605176 BATCH-BBAS-2871,339716,6794,0,0,332922,INR,2026-08-03T02:32:00Z,BATCH-BBAS-2871
PO_B01_002872,Cashfree Escrow,PAYT-ORD-763237 PAYT-ORD-844428 PAYT-ORD-148751 BATCH-PAYT-2872,388671,7773,0,0,380898,INR,2026-08-02T23:27:00Z,BATCH-PAYT-2872
PO_B01_002873,Stripe India,MMTR-EXC-626404-UNRESOLVED,194262,3875,0,0,190387,INR,2026-08-03T10:35:00Z,HOLD-ESCROW
PO_B01_002874,BillDesk Settlement,UBER-INV-410804 PO_B01_002874,367021,6330,0,0,360691,INR,2026-08-03T08:22:00Z,BATCH-UBER-2874
PO_B01_002875,BillDesk Settlement,MYNT-ORD-484743 MYNT-ORD-111069 BATCH-MYNT-2875,235357,4707,0,0,230650,INR,2026-08-03T09:49:00Z,BATCH-MYNT-2875
PO_B01_002876,Cashfree Escrow,ZOMA-INV-237217 PO_B01_002876,349584,5253,0,0,344331,INR,2026-08-02T20:04:00Z,BATCH-ZOMA-2876
PO_B01_002877,Razorpay Nodal,BKMS-INV-870729 PO_B01_002877,249407,5937,0,0,243470,INR,2026-08-03T04:24:00Z,BATCH-BKMS-2877
PO_B01_002878,PayU Enterprise,JIOO-INV-331984 PO_B01_002878,143033,3503,0,0,139530,INR,2026-08-03T06:25:00Z,BATCH-JIOO-2878
PO_B01_002879,PayU Enterprise,MMTR-INV-790595 PO_B01_002879,429429,10621,0,0,418808,INR,2026-08-03T02:07:00Z,BATCH-MMTR-2879
PO_B01_002880,Razorpay Nodal,BLNK-INV-673182 PO_B01_002880,111885,2500,0,0,109385,INR,2026-08-03T02:35:00Z,BATCH-BLNK-2880
PO_B01_002881,Stripe India,BKMS-INV-881544 PO_B01_002881,258533,4326,0,0,254207,INR,2026-08-02T21:38:00Z,BATCH-BKMS-2881
PO_B01_002882,Stripe India,BLNK-EXC-187442-UNRESOLVED,135693,2703,0,0,132990,INR,2026-08-03T19:23:00Z,HOLD-ESCROW
PO_B01_002883,Stripe India,SWIG-INV-760862 PO_B01_002883,72910,1156,0,0,71754,INR,2026-08-02T23:19:00Z,BATCH-SWIG-2883
PO_B01_002884,Stripe India,BBAS-INV-292022 PO_B01_002884,84578,1754,0,0,82824,INR,2026-08-03T03:40:00Z,BATCH-BBAS-2884
PO_B01_002885,Stripe India,BKMS-INV-415106 PO_B01_002885,64533,1126,0,0,63407,INR,2026-08-03T05:53:00Z,BATCH-BKMS-2885
PO_B01_002886,Stripe India,NYKA-INV-645601 PO_B01_002886,72862,1529,0,0,71333,INR,2026-08-03T13:38:00Z,BATCH-NYKA-2886
PO_B01_002887,Razorpay Nodal,FLPK-INV-210951 PO_B01_002887,137566,2067,0,0,135499,INR,2026-08-03T02:34:00Z,BATCH-FLPK-2887
PO_B01_002888,Stripe India,ZOMA-ORD-121544 ZOMA-ORD-339070 BATCH-ZOMA-2888,90147,1802,0,0,88345,INR,2026-08-03T05:42:00Z,BATCH-ZOMA-2888
PO_B01_002889,PayU Enterprise,TATA-INV-376786 PO_B01_002889,60892,1439,0,0,59453,INR,2026-08-03T19:15:00Z,BATCH-TATA-2889
PO_B01_002890,BillDesk Settlement,TATA-INV-795835 PO_B01_002890,351680,6638,0,0,345042,INR,2026-08-03T05:34:00Z,BATCH-TATA-2890
PO_B01_002891,Stripe India,BKMS-ORD-107544 BKMS-ORD-122990 BATCH-BKMS-2891,209006,4180,0,0,204826,INR,2026-08-02T23:29:00Z,BATCH-BKMS-2891
PO_B01_002892,Cashfree Escrow,MYNT-INV-963992 PO_B01_002892,306068,5206,0,0,300862,INR,2026-08-02T21:38:00Z,BATCH-MYNT-2892
PO_B01_002893,Stripe India,BLNK-INV-228330 PO_B01_002893,332999,5510,0,0,327489,INR,2026-08-03T07:13:00Z,BATCH-BLNK-2893
PO_B01_002894,Cashfree Escrow,JIOO-INV-750435 PO_B01_002894,60666,1308,0,0,59358,INR,2026-08-03T07:57:00Z,BATCH-JIOO-2894
PO_B01_002895,PayU Enterprise,TATA-ORD-470362 TATA-ORD-671056 TATA-ORD-142258 BATCH-TATA-2895,453396,9067,0,0,444329,INR,2026-08-03T15:20:00Z,BATCH-TATA-2895
PO_B01_002896,PayU Enterprise,UBER-ORD-704913 UBER-ORD-189140 BATCH-UBER-2896,441740,8834,0,0,432906,INR,2026-08-03T15:04:00Z,BATCH-UBER-2896
PO_B01_002897,BillDesk Settlement,SWIG-ORD-880321 SWIG-ORD-232577 BATCH-SWIG-2897,406663,8133,0,0,398530,INR,2026-08-03T13:52:00Z,BATCH-SWIG-2897
PO_B01_002898,Razorpay Nodal,ZOMA-ORD-472433 ZOMA-ORD-320053 BATCH-ZOMA-2898,231758,4635,0,0,227123,INR,2026-08-03T15:19:00Z,BATCH-ZOMA-2898
PO_B01_002899,Cashfree Escrow,PAYT-INV-193955 PO_B01_002899,190596,3721,0,0,186875,INR,2026-08-02T16:06:00Z,BATCH-PAYT-2899
PO_B01_002900,Cashfree Escrow,AMZN-ORD-165260 AMZN-ORD-851992 AMZN-ORD-596259 BATCH-AMZN-2900,405604,8112,0,0,397492,INR,2026-08-03T07:30:00Z,BATCH-AMZN-2900
PO_B01_002901,Stripe India,SWIG-ORD-383373 SWIG-ORD-737979 BATCH-SWIG-2901,336629,6732,0,0,329897,INR,2026-08-03T20:05:00Z,BATCH-SWIG-2901
PO_B01_002902,PayU Enterprise,MYNT-ORD-797119 MYNT-ORD-906307 MYNT-ORD-469208 BATCH-MYNT-2902,288889,5777,0,0,283112,INR,2026-08-03T13:43:00Z,BATCH-MYNT-2902
PO_B01_002903,Razorpay Nodal,PHNP-INV-334119 PO_B01_002903,99660,2168,0,0,97492,INR,2026-08-03T05:58:00Z,BATCH-PHNP-2903
PO_B01_002904,Razorpay Nodal,FLPK-INV-197310 PO_B01_002904,333828,6136,0,0,327692,INR,2026-08-03T16:35:00Z,BATCH-FLPK-2904
PO_B01_002905,Razorpay Nodal,JIOO-INV-959373 PO_B01_002905,131042,2317,0,0,128725,INR,2026-08-03T08:43:00Z,BATCH-JIOO-2905
PO_B01_002906,Cashfree Escrow,ZOMA-INV-296904 PO_B01_002906,236809,5794,0,0,231015,INR,2026-08-03T13:23:00Z,BATCH-ZOMA-2906
PO_B01_002907,BillDesk Settlement,UBER-INV-597405 PO_B01_002907,35398,850,0,0,34548,INR,2026-08-03T09:20:00Z,BATCH-UBER-2907
PO_B01_002908,Razorpay Nodal,PAYT-INV-489306 PO_B01_002908,120585,2608,0,0,117977,INR,2026-08-02T22:45:00Z,BATCH-PAYT-2908
PO_B01_002909,Razorpay Nodal,BKMS-INV-446418 PO_B01_002909,151678,2554,0,0,149124,INR,2026-08-02T17:57:00Z,BATCH-BKMS-2909
PO_B01_002910,PayU Enterprise,AMZN-INV-874179 PO_B01_002910,37508,593,0,0,36915,INR,2026-08-02T23:14:00Z,BATCH-AMZN-2910
PO_B01_002911,Cashfree Escrow,TATA-INV-999775 PO_B01_002911,405039,7501,0,0,397538,INR,2026-08-03T15:35:00Z,BATCH-TATA-2911
PO_B01_002912,PayU Enterprise,JIOO-ORD-301359 JIOO-ORD-173484 BATCH-JIOO-2912,143426,2868,0,0,140558,INR,2026-08-03T18:25:00Z,BATCH-JIOO-2912
PO_B01_002913,Cashfree Escrow,PAYT-INV-730666 PO_B01_002913,260815,4223,0,0,256592,INR,2026-08-03T20:02:00Z,BATCH-PAYT-2913
PO_B01_002914,PayU Enterprise,BKMS-INV-676198 PO_B01_002914,269807,5965,0,0,263842,INR,2026-08-03T01:49:00Z,BATCH-BKMS-2914
PO_B01_002915,BillDesk Settlement,PHNP-INV-693115 PO_B01_002915,391862,6831,0,0,385031,INR,2026-08-03T01:12:00Z,BATCH-PHNP-2915
PO_B01_002916,Razorpay Nodal,BKMS-INV-995955 PO_B01_002916,406804,9239,0,0,397565,INR,2026-08-03T20:27:00Z,BATCH-BKMS-2916
PO_B01_002917,Cashfree Escrow,JIOO-INV-289604 PO_B01_002917,402206,8170,0,0,394036,INR,2026-08-02T23:27:00Z,BATCH-JIOO-2917
PO_B01_002918,Cashfree Escrow,MMTR-INV-152429 PO_B01_002918,404355,9349,0,0,395006,INR,2026-08-03T13:01:00Z,BATCH-MMTR-2918
PO_B01_002919,Razorpay Nodal,MYNT-ORD-975890 MYNT-ORD-227018 BATCH-MYNT-2919,297591,5951,0,0,291640,INR,2026-08-03T16:20:00Z,BATCH-MYNT-2919
PO_B01_002920,Cashfree Escrow,TATA-INV-100839 PO_B01_002920,400028,7020,0,0,393008,INR,2026-08-03T15:22:00Z,BATCH-TATA-2920
PO_B01_002921,BillDesk Settlement,MMTR-INV-915088 PO_B01_002921,355671,6626,0,0,349045,INR,2026-08-03T21:53:00Z,BATCH-MMTR-2921
PO_B01_002922,Cashfree Escrow,MMTR-INV-673233 PO_B01_002922,214151,5030,0,0,209121,INR,2026-08-02T23:41:00Z,BATCH-MMTR-2922
PO_B01_002923,BillDesk Settlement,ZOMA-ORD-254997 ZOMA-ORD-723686 BATCH-ZOMA-2923,345612,6912,0,0,338700,INR,2026-08-03T16:25:00Z,BATCH-ZOMA-2923
PO_B01_002924,Razorpay Nodal,OLAA-INV-226968 PO_B01_002924,306076,6622,0,0,299454,INR,2026-08-03T20:15:00Z,BATCH-OLAA-2924
PO_B01_002925,PayU Enterprise,JIOO-ORD-664959 JIOO-ORD-306554 BATCH-JIOO-2925,184245,3684,0,0,180561,INR,2026-08-03T03:11:00Z,BATCH-JIOO-2925
PO_B01_002926,Stripe India,MYNT-INV-438698 PO_B01_002926,98707,1628,0,0,97079,INR,2026-08-03T20:10:00Z,BATCH-MYNT-2926
PO_B01_002927,BillDesk Settlement,BKMS-ORD-433743 BKMS-ORD-838204 BATCH-BKMS-2927,380655,7613,0,0,373042,INR,2026-08-03T11:35:00Z,BATCH-BKMS-2927
PO_B01_002928,PayU Enterprise,PHNP-INV-190861 PO_B01_002928,202190,5011,0,0,197179,INR,2026-08-03T12:30:00Z,BATCH-PHNP-2928
PO_B01_002929,Stripe India,SWIG-INV-200460 PO_B01_002929,417401,8731,0,0,408670,INR,2026-08-03T06:30:00Z,BATCH-SWIG-2929
PO_B01_002930,PayU Enterprise,PHNP-INV-531613 PO_B01_002930,51874,1128,0,0,50746,INR,2026-08-03T04:15:00Z,BATCH-PHNP-2930
PO_B01_002931,Razorpay Nodal,BBAS-INV-511000 PO_B01_002931,77062,1684,0,0,75378,INR,2026-08-03T09:18:00Z,BATCH-BBAS-2931
PO_B01_002932,Razorpay Nodal,JIOO-INV-964341 PO_B01_002932,213839,4013,0,0,209826,INR,2026-08-03T12:24:00Z,BATCH-JIOO-2932
PO_B01_002933,BillDesk Settlement,MYNT-INV-899274 PO_B01_002933,419552,7476,0,0,412076,INR,2026-08-03T14:32:00Z,BATCH-MYNT-2933
PO_B01_002934,Stripe India,MYNT-INV-952350 PO_B01_002934,202286,3262,0,0,199024,INR,2026-08-03T06:32:00Z,BATCH-MYNT-2934
PO_B01_002935,PayU Enterprise,NYKA-ORD-765061 NYKA-ORD-859219 BATCH-NYKA-2935,294484,5889,0,0,288595,INR,2026-08-03T01:18:00Z,BATCH-NYKA-2935
PO_B01_002936,Razorpay Nodal,MYNT-INV-590607 PO_B01_002936,259573,4841,0,0,254732,INR,2026-08-03T01:10:00Z,BATCH-MYNT-2936
PO_B01_002937,PayU Enterprise,MMTR-INV-703005 PO_B01_002937,257369,4785,0,0,252584,INR,2026-08-02T23:31:00Z,BATCH-MMTR-2937
PO_B01_002938,Cashfree Escrow,UBER-INV-553764 PO_B01_002938,125224,3111,0,0,122113,INR,2026-08-03T12:38:00Z,BATCH-UBER-2938
PO_B01_002939,Stripe India,JIOO-INV-202907 PO_B01_002939,433992,9375,0,0,424617,INR,2026-08-03T16:29:00Z,BATCH-JIOO-2939
PO_B01_002940,BillDesk Settlement,FLPK-INV-282728 PO_B01_002940,88587,2069,0,0,86518,INR,2026-08-02T14:47:00Z,BATCH-FLPK-2940
PO_B01_002941,Razorpay Nodal,JIOO-ORD-209134 JIOO-ORD-115959 BATCH-JIOO-2941,343885,6877,0,0,337008,INR,2026-08-03T07:29:00Z,BATCH-JIOO-2941
PO_B01_002942,BillDesk Settlement,FLPK-INV-429119 PO_B01_002942,239298,3929,0,0,235369,INR,2026-08-03T01:15:00Z,BATCH-FLPK-2942
PO_B01_002943,Cashfree Escrow,PAYT-INV-697819 PO_B01_002943,297033,5105,0,0,291928,INR,2026-08-03T06:55:00Z,BATCH-PAYT-2943
PO_B01_002944,Stripe India,MMTR-INV-413307 PO_B01_002944,122595,2519,0,0,120076,INR,2026-08-02T16:15:00Z,BATCH-MMTR-2944
PO_B01_002945,Stripe India,NYKA-INV-887243 PO_B01_002945,63727,1588,0,0,62139,INR,2026-08-03T12:25:00Z,BATCH-NYKA-2945
PO_B01_002946,PayU Enterprise,ZOMA-INV-477371 PO_B01_002946,199109,4087,0,0,195022,INR,2026-08-03T06:16:00Z,BATCH-ZOMA-2946
PO_B01_002947,BillDesk Settlement,ZOMA-ORD-884966 ZOMA-ORD-190578 BATCH-ZOMA-2947,190137,3802,0,0,186335,INR,2026-08-03T07:54:00Z,BATCH-ZOMA-2947
PO_B01_002948,Stripe India,BKMS-INV-842393 PO_B01_002948,401292,6443,0,0,394849,INR,2026-08-03T01:05:00Z,BATCH-BKMS-2948
PO_B01_002949,Stripe India,PAYT-INV-600991 PO_B01_002949,237465,5629,0,0,231836,INR,2026-08-03T01:08:00Z,BATCH-PAYT-2949
PO_B01_002950,BillDesk Settlement,TATA-INV-206140 PO_B01_002950,79829,1974,0,0,77855,INR,2026-08-03T02:02:00Z,BATCH-TATA-2950
PO_B01_002951,Stripe India,UBER-INV-651615 PO_B01_002951,387663,8542,0,0,379121,INR,2026-08-03T08:38:00Z,BATCH-UBER-2951
PO_B01_002952,PayU Enterprise,AMZN-INV-656532 PO_B01_002952,258927,3936,0,0,254991,INR,2026-08-03T15:35:00Z,BATCH-AMZN-2952
PO_B01_002953,PayU Enterprise,FLPK-INV-768507 PO_B01_002953,265976,4198,0,0,261778,INR,2026-08-03T07:22:00Z,BATCH-FLPK-2953
PO_B01_002954,PayU Enterprise,PHNP-INV-647388 PO_B01_002954,252016,5052,0,0,246964,INR,2026-08-03T21:35:00Z,BATCH-PHNP-2954
PO_B01_002955,Cashfree Escrow,BBAS-INV-490038 PO_B01_002955,128618,2122,0,0,126496,INR,2026-08-03T09:52:00Z,BATCH-BBAS-2955
PO_B01_002956,Stripe India,PAYT-ORD-323664 PAYT-ORD-919820 BATCH-PAYT-2956,191212,3824,0,0,187388,INR,2026-08-03T05:01:00Z,BATCH-PAYT-2956
PO_B01_002957,PayU Enterprise,SWIG-INV-817273 PO_B01_002957,225372,4350,0,0,221022,INR,2026-08-03T08:43:00Z,BATCH-SWIG-2957
PO_B01_002958,PayU Enterprise,BKMS-INV-735853 PO_B01_002958,197909,3964,0,0,193945,INR,2026-08-03T15:15:00Z,BATCH-BKMS-2958
PO_B01_002959,Stripe India,FLPK-INV-847131 PO_B01_002959,214422,4092,0,0,210330,INR,2026-08-03T03:07:00Z,BATCH-FLPK-2959
PO_B01_002960,BillDesk Settlement,MYNT-INV-838052 PO_B01_002960,99883,1727,0,0,98156,INR,2026-08-03T18:20:00Z,BATCH-MYNT-2960
PO_B01_002961,BillDesk Settlement,PHNP-INV-715877 PO_B01_002961,217209,3731,0,0,213478,INR,2026-08-03T02:46:00Z,BATCH-PHNP-2961
PO_B01_002962,BillDesk Settlement,UBER-INV-676745 PO_B01_002962,200060,3693,0,0,196367,INR,2026-08-03T07:13:00Z,BATCH-UBER-2962
PO_B01_002963,Stripe India,NYKA-ORD-401382 NYKA-ORD-129829 BATCH-NYKA-2963,220693,4413,0,0,216280,INR,2026-08-03T19:06:00Z,BATCH-NYKA-2963
PO_B01_002964,Razorpay Nodal,NYKA-INV-753829 PO_B01_002964,222702,4786,0,0,217916,INR,2026-08-03T14:24:00Z,BATCH-NYKA-2964
PO_B01_002965,PayU Enterprise,NYKA-INV-309871 PO_B01_002965,80547,1988,0,0,78559,INR,2026-08-02T18:29:00Z,BATCH-NYKA-2965
PO_B01_002966,Stripe India,JIOO-INV-610284 PO_B01_002966,414910,6917,0,0,407993,INR,2026-08-03T15:20:00Z,BATCH-JIOO-2966
PO_B01_002967,PayU Enterprise,AMZN-INV-532953 PO_B01_002967,185521,3999,0,0,181522,INR,2026-08-03T15:06:00Z,BATCH-AMZN-2967
PO_B01_002968,Cashfree Escrow,BKMS-EXC-290937-UNRESOLVED,184099,3671,0,0,180428,INR,2026-08-03T20:46:00Z,HOLD-ESCROW
PO_B01_002969,Stripe India,BKMS-INV-380711 PO_B01_002969,52458,978,0,0,51480,INR,2026-08-03T05:59:00Z,BATCH-BKMS-2969
PO_B01_002970,Stripe India,NYKA-INV-778413 PO_B01_002970,207620,3472,0,0,204148,INR,2026-08-03T08:08:00Z,BATCH-NYKA-2970
PO_B01_002971,BillDesk Settlement,BLNK-ORD-382407 BLNK-ORD-294405 BATCH-BLNK-2971,255072,5101,0,0,249971,INR,2026-08-03T16:59:00Z,BATCH-BLNK-2971
PO_B01_002972,Stripe India,MYNT-INV-781577 PO_B01_002972,294864,6353,0,0,288511,INR,2026-08-03T12:28:00Z,BATCH-MYNT-2972
PO_B01_002973,Cashfree Escrow,MMTR-ORD-555815 MMTR-ORD-542863 BATCH-MMTR-2973,297766,5955,0,0,291811,INR,2026-08-03T20:23:00Z,BATCH-MMTR-2973
PO_B01_002974,Razorpay Nodal,BLNK-INV-226483 PO_B01_002974,249931,3861,0,0,246070,INR,2026-08-03T14:10:00Z,BATCH-BLNK-2974
PO_B01_002975,PayU Enterprise,BKMS-INV-126823 PO_B01_002975,58435,1321,0,0,57114,INR,2026-08-03T12:52:00Z,BATCH-BKMS-2975
PO_B01_002976,Stripe India,OLAA-ORD-148153 OLAA-ORD-656971 BATCH-OLAA-2976,222537,4450,0,0,218087,INR,2026-08-03T10:43:00Z,BATCH-OLAA-2976
PO_B01_002977,PayU Enterprise,JIOO-INV-818325 PO_B01_002977,283035,6445,0,0,276590,INR,2026-08-03T10:23:00Z,BATCH-JIOO-2977
PO_B01_002978,Cashfree Escrow,NYKA-INV-588633 PO_B01_002978,253352,5618,0,0,247734,INR,2026-08-03T23:54:00Z,BATCH-NYKA-2978
PO_B01_002979,Razorpay Nodal,BBAS-INV-408791 PO_B01_002979,203932,3060,0,0,200872,INR,2026-08-03T17:10:00Z,BATCH-BBAS-2979
PO_B01_002980,Cashfree Escrow,BLNK-INV-209039 PO_B01_002980,338675,8032,0,0,330643,INR,2026-08-03T17:05:00Z,BATCH-BLNK-2980
PO_B01_002981,BillDesk Settlement,PAYT-INV-723796 PO_B01_002981,339403,5424,0,0,333979,INR,2026-08-03T14:46:00Z,BATCH-PAYT-2981
PO_B01_002982,BillDesk Settlement,BKMS-INV-316624 PO_B01_002982,386956,8859,0,0,378097,INR,2026-08-03T06:15:00Z,BATCH-BKMS-2982
PO_B01_002983,Stripe India,SWIG-INV-445188 PO_B01_002983,163921,2754,0,0,161167,INR,2026-08-03T20:30:00Z,BATCH-SWIG-2983
PO_B01_002984,Razorpay Nodal,PHNP-ORD-301640 PHNP-ORD-442564 BATCH-PHNP-2984,305012,6100,0,0,298912,INR,2026-08-03T20:03:00Z,BATCH-PHNP-2984
PO_B01_002985,PayU Enterprise,OLAA-INV-410939 PO_B01_002985,170716,3245,0,0,167471,INR,2026-08-03T12:20:00Z,BATCH-OLAA-2985
PO_B01_002986,Stripe India,UBER-INV-740690 PO_B01_002986,293530,5934,0,0,287596,INR,2026-08-03T04:27:00Z,BATCH-UBER-2986
PO_B01_002987,PayU Enterprise,PHNP-INV-103521 PO_B01_002987,47559,963,0,0,46596,INR,2026-08-03T06:02:00Z,BATCH-PHNP-2987
PO_B01_002988,PayU Enterprise,SWIG-INV-920582 PO_B01_002988,266056,4836,0,0,261220,INR,2026-08-02T20:00:00Z,BATCH-SWIG-2988
PO_B01_002989,Razorpay Nodal,UBER-INV-566154 PO_B01_002989,149605,3716,0,0,145889,INR,2026-08-02T19:35:00Z,BATCH-UBER-2989
PO_B01_002990,Razorpay Nodal,AMZN-ORD-973350 AMZN-ORD-208761 BATCH-AMZN-2990,297694,5953,0,0,291741,INR,2026-08-03T08:46:00Z,BATCH-AMZN-2990
PO_B01_002991,Razorpay Nodal,NYKA-ORD-428876 NYKA-ORD-809013 NYKA-ORD-386768 BATCH-NYKA-2991,375638,7512,0,0,368126,INR,2026-08-03T07:33:00Z,BATCH-NYKA-2991
PO_B01_002992,BillDesk Settlement,AMZN-INV-852754 PO_B01_002992,148623,2912,0,0,145711,INR,2026-08-03T08:55:00Z,BATCH-AMZN-2992
PO_B01_002993,PayU Enterprise,JIOO-INV-973113 PO_B01_002993,409822,6701,0,0,403121,INR,2026-08-03T18:08:00Z,BATCH-JIOO-2993
PO_B01_002994,BillDesk Settlement,BLNK-ORD-482579 BLNK-ORD-795417 BLNK-ORD-597735 BATCH-BLNK-2994,426401,8528,0,0,417873,INR,2026-08-02T21:37:00Z,BATCH-BLNK-2994
PO_B01_002995,BillDesk Settlement,ZOMA-ORD-674171 ZOMA-ORD-857096 BATCH-ZOMA-2995,187639,3752,0,0,183887,INR,2026-08-02T22:39:00Z,BATCH-ZOMA-2995
PO_B01_002996,Razorpay Nodal,MYNT-INV-242390 PO_B01_002996,211693,3625,0,0,208068,INR,2026-08-03T21:35:00Z,BATCH-MYNT-2996
PO_B01_002997,Stripe India,PAYT-INV-325718 PO_B01_002997,197228,3923,0,0,193305,INR,2026-08-03T04:16:00Z,BATCH-PAYT-2997
PO_B01_002998,BillDesk Settlement,FLPK-ORD-417585 FLPK-ORD-329598 BATCH-FLPK-2998,223220,4464,0,0,218756,INR,2026-08-03T20:51:00Z,BATCH-FLPK-2998
PO_B01_002999,Razorpay Nodal,BLNK-INV-120610 PO_B01_002999,234436,5158,0,0,229278,INR,2026-08-03T20:15:00Z,BATCH-BLNK-2999
PO_B01_003000,PayU Enterprise,FLPK-INV-480457 PO_B01_003000,37130,896,0,0,36234,INR,2026-08-03T00:01:00Z,BATCH-FLPK-3000
PO_B01_003001,Cashfree Escrow,OLAA-INV-323047 PO_B01_003001,214532,4272,0,0,210260,INR,2026-08-02T14:10:00Z,BATCH-OLAA-3001
PO_B01_003002,Razorpay Nodal,AMZN-INV-483233 PO_B01_003002,92295,2215,0,0,90080,INR,2026-08-03T02:56:00Z,BATCH-AMZN-3002
PO_B01_003003,PayU Enterprise,OLAA-INV-263820 PO_B01_003003,339018,7957,0,0,331061,INR,2026-08-03T14:07:00Z,BATCH-OLAA-3003
PO_B01_003004,Cashfree Escrow,MMTR-INV-535363 PO_B01_003004,60685,1294,0,0,59391,INR,2026-08-02T21:47:00Z,BATCH-MMTR-3004
PO_B01_003005,Stripe India,TATA-INV-620063 PO_B01_003005,430339,9976,0,0,420363,INR,2026-08-03T22:09:00Z,BATCH-TATA-3005
PO_B01_003006,Stripe India,BKMS-INV-553101 PO_B01_003006,378291,6519,0,0,371772,INR,2026-08-03T21:16:00Z,BATCH-BKMS-3006
PO_B01_003007,Razorpay Nodal,UBER-INV-395560 PO_B01_003007,83799,1415,0,0,82384,INR,2026-08-02T18:31:00Z,BATCH-UBER-3007
PO_B01_003008,PayU Enterprise,ZOMA-ORD-782227 ZOMA-ORD-763584 BATCH-ZOMA-3008,470170,9403,0,0,460767,INR,2026-08-03T16:03:00Z,BATCH-ZOMA-3008
PO_B01_003009,Stripe India,SWIG-INV-107838 PO_B01_003009,302090,5364,0,0,296726,INR,2026-08-03T07:55:00Z,BATCH-SWIG-3009
PO_B01_003010,PayU Enterprise,PHNP-ORD-166213 PHNP-ORD-374532 BATCH-PHNP-3010,239077,4781,0,0,234296,INR,2026-08-03T20:16:00Z,BATCH-PHNP-3010
PO_B01_003011,Cashfree Escrow,MMTR-INV-814394 PO_B01_003011,273698,5443,0,0,268255,INR,2026-08-03T19:32:00Z,BATCH-MMTR-3011
PO_B01_003012,PayU Enterprise,BKMS-INV-926057 PO_B01_003012,269571,5704,0,0,263867,INR,2026-08-02T23:57:00Z,BATCH-BKMS-3012
PO_B01_003013,Cashfree Escrow,BLNK-INV-312767 PO_B01_003013,199099,4442,0,0,194657,INR,2026-08-03T08:26:00Z,BATCH-BLNK-3013
PO_B01_003014,Stripe India,BLNK-INV-113502 PO_B01_003014,233010,5270,0,0,227740,INR,2026-08-03T19:16:00Z,BATCH-BLNK-3014
PO_B01_003015,Stripe India,UBER-INV-410234 PO_B01_003015,413598,9480,0,0,404118,INR,2026-08-03T01:27:00Z,BATCH-UBER-3015
PO_B01_003016,Cashfree Escrow,UBER-ORD-613589 UBER-ORD-112144 UBER-ORD-380721 BATCH-UBER-3016,651610,13032,0,0,638578,INR,2026-08-03T16:02:00Z,BATCH-UBER-3016
PO_B01_003017,Stripe India,ZOMA-EXC-169662-UNRESOLVED,293100,5852,0,0,287248,INR,2026-08-04T00:04:00Z,HOLD-ESCROW
PO_B01_003018,Cashfree Escrow,MYNT-ORD-221020 MYNT-ORD-355107 MYNT-ORD-890499 BATCH-MYNT-3018,401514,8030,0,0,393484,INR,2026-08-03T07:10:00Z,BATCH-MYNT-3018
PO_B01_003019,Cashfree Escrow,AMZN-INV-569478 PO_B01_003019,67812,1571,0,0,66241,INR,2026-08-02T20:38:00Z,BATCH-AMZN-3019
PO_B01_003020,BillDesk Settlement,AMZN-ORD-702942 AMZN-ORD-835029 AMZN-ORD-556090 BATCH-AMZN-3020,323338,6466,0,0,316872,INR,2026-08-03T11:00:00Z,BATCH-AMZN-3020
PO_B01_003021,PayU Enterprise,MMTR-INV-569152 PO_B01_003021,215550,4820,0,0,210730,INR,2026-08-03T09:04:00Z,BATCH-MMTR-3021
PO_B01_003022,BillDesk Settlement,TATA-INV-287666 PO_B01_003022,33127,511,0,0,32616,INR,2026-08-03T08:21:00Z,BATCH-TATA-3022
PO_B01_003023,Razorpay Nodal,JIOO-INV-149405 PO_B01_003023,257455,5387,0,0,252068,INR,2026-08-03T12:07:00Z,BATCH-JIOO-3023
PO_B01_003024,PayU Enterprise,JIOO-ORD-352446 JIOO-ORD-857990 BATCH-JIOO-3024,224438,4488,0,0,219950,INR,2026-08-03T14:20:00Z,BATCH-JIOO-3024
PO_B01_003025,BillDesk Settlement,PHNP-ORD-941530 PHNP-ORD-109872 PHNP-ORD-935350 BATCH-PHNP-3025,467136,9342,0,0,457794,INR,2026-08-03T19:11:00Z,BATCH-PHNP-3025
PO_B01_003026,BillDesk Settlement,ZOMA-INV-295421 PO_B01_003026,96924,2068,0,0,94856,INR,2026-08-03T05:59:00Z,BATCH-ZOMA-3026
PO_B01_003027,PayU Enterprise,MMTR-INV-849600 PO_B01_003027,92602,1499,0,0,91103,INR,2026-08-03T11:55:00Z,BATCH-MMTR-3027
PO_B01_003028,BillDesk Settlement,BBAS-INV-789414 PO_B01_003028,60195,956,0,0,59239,INR,2026-08-03T12:45:00Z,BATCH-BBAS-3028
PO_B01_003029,BillDesk Settlement,TATA-INV-904203 PO_B01_003029,367617,8917,0,0,358700,INR,2026-08-03T22:06:00Z,BATCH-TATA-3029
PO_B01_003030,Cashfree Escrow,PHNP-INV-967603 PO_B01_003030,246238,4589,0,0,241649,INR,2026-08-03T05:43:00Z,BATCH-PHNP-3030
PO_B01_003031,PayU Enterprise,BBAS-INV-628720 PO_B01_003031,260874,4015,0,0,256859,INR,2026-08-03T23:32:00Z,BATCH-BBAS-3031
PO_B01_003032,Stripe India,MMTR-INV-925052 PO_B01_003032,432644,8521,0,0,424123,INR,2026-08-03T01:53:00Z,BATCH-MMTR-3032
PO_B01_003033,Stripe India,PAYT-INV-319484 PO_B01_003033,434561,9787,0,0,424774,INR,2026-08-02T23:45:00Z,BATCH-PAYT-3033
PO_B01_003034,BillDesk Settlement,ZOMA-INV-945887 PO_B01_003034,167400,2724,0,0,164676,INR,2026-08-02T22:51:00Z,BATCH-ZOMA-3034
PO_B01_003035,BillDesk Settlement,PHNP-ORD-624868 PHNP-ORD-771403 BATCH-PHNP-3035,268763,5375,0,0,263388,INR,2026-08-02T21:35:00Z,BATCH-PHNP-3035
PO_B01_003036,BillDesk Settlement,SWIG-ORD-327765 SWIG-ORD-212275 SWIG-ORD-540116 BATCH-SWIG-3036,538821,10776,0,0,528045,INR,2026-08-03T17:11:00Z,BATCH-SWIG-3036
PO_B01_003037,PayU Enterprise,JIOO-INV-742546 PO_B01_003037,33605,594,0,0,33011,INR,2026-08-03T07:52:00Z,BATCH-JIOO-3037
PO_B01_003038,Razorpay Nodal,SWIG-INV-989649 PO_B01_003038,179156,2866,0,0,176290,INR,2026-08-03T04:25:00Z,BATCH-SWIG-3038
PO_B01_003039,Stripe India,FLPK-INV-833632 PO_B01_003039,258681,6121,0,0,252560,INR,2026-08-03T02:16:00Z,BATCH-FLPK-3039
PO_B01_003040,Cashfree Escrow,JIOO-INV-605388 PO_B01_003040,250518,3878,0,0,246640,INR,2026-08-03T02:23:00Z,BATCH-JIOO-3040
PO_B01_003041,BillDesk Settlement,OLAA-EXC-756380-UNRESOLVED,110455,2199,0,0,108256,INR,2026-08-03T12:59:00Z,HOLD-ESCROW
PO_B01_003042,BillDesk Settlement,JIOO-ORD-773404 JIOO-ORD-960238 BATCH-JIOO-3042,283430,5668,0,0,277762,INR,2026-08-02T21:05:00Z,BATCH-JIOO-3042
PO_B01_003043,Stripe India,JIOO-INV-799216 PO_B01_003043,337745,5394,0,0,332351,INR,2026-08-03T20:08:00Z,BATCH-JIOO-3043
PO_B01_003044,Stripe India,TATA-INV-828745 PO_B01_003044,25384,449,0,0,24935,INR,2026-08-02T22:28:00Z,BATCH-TATA-3044
PO_B01_003045,Razorpay Nodal,UBER-INV-469056 PO_B01_003045,242501,5612,0,0,236889,INR,2026-08-02T23:24:00Z,BATCH-UBER-3045
PO_B01_003046,PayU Enterprise,UBER-INV-938452 PO_B01_003046,56329,1046,0,0,55283,INR,2026-08-03T17:18:00Z,BATCH-UBER-3046
PO_B01_003047,PayU Enterprise,AMZN-INV-759941 PO_B01_003047,135981,2376,0,0,133605,INR,2026-08-02T23:52:00Z,BATCH-AMZN-3047
PO_B01_003048,BillDesk Settlement,PAYT-INV-267191 PO_B01_003048,393467,7007,0,0,386460,INR,2026-08-03T05:36:00Z,BATCH-PAYT-3048
PO_B01_003049,Cashfree Escrow,PAYT-ORD-735839 PAYT-ORD-118562 PAYT-ORD-221776 BATCH-PAYT-3049,543348,10866,0,0,532482,INR,2026-08-03T04:43:00Z,BATCH-PAYT-3049
PO_B01_003050,Stripe India,FLPK-INV-644573 PO_B01_003050,346193,8154,0,0,338039,INR,2026-08-03T03:15:00Z,BATCH-FLPK-3050
PO_B01_003051,Stripe India,NYKA-INV-969653 PO_B01_003051,296166,5264,0,0,290902,INR,2026-08-03T02:41:00Z,BATCH-NYKA-3051
PO_B01_003052,PayU Enterprise,PAYT-INV-390290 PO_B01_003052,187915,3794,0,0,184121,INR,2026-08-03T13:01:00Z,BATCH-PAYT-3052
PO_B01_003053,Stripe India,MMTR-INV-512568 PO_B01_003053,342978,5821,0,0,337157,INR,2026-08-03T00:01:00Z,BATCH-MMTR-3053
PO_B01_003054,PayU Enterprise,FLPK-INV-650784 PO_B01_003054,153681,3001,0,0,150680,INR,2026-08-03T19:25:00Z,BATCH-FLPK-3054
PO_B01_003055,Cashfree Escrow,MMTR-INV-263716 PO_B01_003055,340528,8478,0,0,332050,INR,2026-08-03T12:34:00Z,BATCH-MMTR-3055
PO_B01_003056,Stripe India,PAYT-INV-791630 PO_B01_003056,256320,5855,0,0,250465,INR,2026-08-02T23:54:00Z,BATCH-PAYT-3056
PO_B01_003057,Stripe India,AMZN-ORD-455594 AMZN-ORD-174520 BATCH-AMZN-3057,403936,8078,0,0,395858,INR,2026-08-03T06:25:00Z,BATCH-AMZN-3057
PO_B01_003058,Razorpay Nodal,PHNP-INV-376761 PO_B01_003058,151496,2338,0,0,149158,INR,2026-08-03T08:16:00Z,BATCH-PHNP-3058
PO_B01_003059,Cashfree Escrow,UBER-INV-945142 PO_B01_003059,193638,4271,0,0,189367,INR,2026-08-03T21:04:00Z,BATCH-UBER-3059
PO_B01_003060,PayU Enterprise,ZOMA-INV-723745 PO_B01_003060,407581,9415,0,0,398166,INR,2026-08-02T14:22:00Z,BATCH-ZOMA-3060
PO_B01_003061,BillDesk Settlement,NYKA-INV-858579 PO_B01_003061,361803,6184,0,0,355619,INR,2026-08-03T11:56:00Z,BATCH-NYKA-3061
PO_B01_003062,Razorpay Nodal,TATA-INV-621607 PO_B01_003062,27279,440,0,0,26839,INR,2026-08-02T21:12:00Z,BATCH-TATA-3062
PO_B01_003063,PayU Enterprise,BBAS-INV-847860 PO_B01_003063,428766,9822,0,0,418944,INR,2026-08-03T11:58:00Z,BATCH-BBAS-3063
PO_B01_003064,Cashfree Escrow,SWIG-INV-904061 PO_B01_003064,103780,2305,0,0,101475,INR,2026-08-03T01:37:00Z,BATCH-SWIG-3064
PO_B01_003065,Stripe India,PHNP-INV-838064 PO_B01_003065,253946,5119,0,0,248827,INR,2026-08-03T05:41:00Z,BATCH-PHNP-3065
PO_B01_003066,Razorpay Nodal,JIOO-INV-783125 PO_B01_003066,358380,8296,0,0,350084,INR,2026-08-03T09:01:00Z,BATCH-JIOO-3066
PO_B01_003067,Razorpay Nodal,PHNP-INV-984978 PO_B01_003067,307687,6732,0,0,300955,INR,2026-08-03T02:07:00Z,BATCH-PHNP-3067
PO_B01_003068,Cashfree Escrow,FLPK-INV-980758 PO_B01_003068,322540,7311,0,0,315229,INR,2026-08-03T14:07:00Z,BATCH-FLPK-3068
PO_B01_003069,BillDesk Settlement,BBAS-INV-572364 PO_B01_003069,205294,3501,0,0,201793,INR,2026-08-03T18:36:00Z,BATCH-BBAS-3069
PO_B01_003070,Cashfree Escrow,NYKA-ORD-941199 NYKA-ORD-174820 BATCH-NYKA-3070,372992,7459,0,0,365533,INR,2026-08-03T12:47:00Z,BATCH-NYKA-3070
PO_B01_003071,BillDesk Settlement,NYKA-ORD-830000 NYKA-ORD-411025 BATCH-NYKA-3071,272536,5450,0,0,267086,INR,2026-08-03T09:20:00Z,BATCH-NYKA-3071
PO_B01_003072,Cashfree Escrow,JIOO-INV-978104 PO_B01_003072,417539,7854,0,0,409685,INR,2026-08-03T15:17:00Z,BATCH-JIOO-3072
PO_B01_003073,Stripe India,UBER-EXC-492678-UNRESOLVED,230252,4595,0,0,225657,INR,2026-08-03T20:16:00Z,HOLD-ESCROW
PO_B01_003074,BillDesk Settlement,FLPK-INV-389545 PO_B01_003074,339846,8430,0,0,331416,INR,2026-08-03T05:08:00Z,BATCH-FLPK-3074
PO_B01_003075,Stripe India,BLNK-ORD-450774 BLNK-ORD-357828 BATCH-BLNK-3075,240679,4813,0,0,235866,INR,2026-08-02T21:52:00Z,BATCH-BLNK-3075
PO_B01_003076,BillDesk Settlement,BKMS-INV-119140 PO_B01_003076,259101,4985,0,0,254116,INR,2026-08-03T14:02:00Z,BATCH-BKMS-3076
PO_B01_003077,BillDesk Settlement,JIOO-INV-750634 PO_B01_003077,226402,4430,0,0,221972,INR,2026-08-03T10:11:00Z,BATCH-JIOO-3077
PO_B01_003078,Stripe India,ZOMA-ORD-487448 ZOMA-ORD-646841 BATCH-ZOMA-3078,367994,7359,0,0,360635,INR,2026-08-03T01:52:00Z,BATCH-ZOMA-3078
PO_B01_003079,Cashfree Escrow,PHNP-INV-341680 PO_B01_003079,288372,6337,0,0,282035,INR,2026-08-03T18:50:00Z,BATCH-PHNP-3079
PO_B01_003080,Cashfree Escrow,UBER-ORD-181411 UBER-ORD-894776 BATCH-UBER-3080,356368,7127,0,0,349241,INR,2026-08-03T09:17:00Z,BATCH-UBER-3080
PO_B01_003081,Stripe India,SWIG-INV-171140 PO_B01_003081,157582,3821,0,0,153761,INR,2026-08-03T20:49:00Z,BATCH-SWIG-3081
PO_B01_003082,Cashfree Escrow,BKMS-INV-960596 PO_B01_003082,339320,7558,0,0,331762,INR,2026-08-03T03:26:00Z,BATCH-BKMS-3082
PO_B01_003083,Stripe India,PHNP-INV-770510 PO_B01_003083,219259,4835,0,0,214424,INR,2026-08-03T02:45:00Z,BATCH-PHNP-3083
PO_B01_003084,Stripe India,AMZN-INV-284524 PO_B01_003084,128954,2891,0,0,126063,INR,2026-08-03T08:02:00Z,BATCH-AMZN-3084
PO_B01_003085,BillDesk Settlement,TATA-INV-439139 PO_B01_003085,192046,3401,0,0,188645,INR,2026-08-03T18:44:00Z,BATCH-TATA-3085
PO_B01_003086,Razorpay Nodal,PAYT-ORD-899595 PAYT-ORD-761791 BATCH-PAYT-3086,398551,7971,0,0,390580,INR,2026-08-02T23:35:00Z,BATCH-PAYT-3086
PO_B01_003087,Cashfree Escrow,OLAA-INV-641432 PO_B01_003087,418813,8329,0,0,410484,INR,2026-08-03T01:07:00Z,BATCH-OLAA-3087
PO_B01_003088,Razorpay Nodal,JIOO-INV-175702 PO_B01_003088,306933,4846,0,0,302087,INR,2026-08-03T10:27:00Z,BATCH-JIOO-3088
PO_B01_003089,Razorpay Nodal,FLPK-INV-849625 PO_B01_003089,26480,567,0,0,25913,INR,2026-08-03T10:13:00Z,BATCH-FLPK-3089
PO_B01_003090,Stripe India,SWIG-ORD-132150 SWIG-ORD-890077 BATCH-SWIG-3090,333771,6675,0,0,327096,INR,2026-08-03T03:28:00Z,BATCH-SWIG-3090
PO_B01_003091,PayU Enterprise,SWIG-INV-668241 PO_B01_003091,375142,6966,0,0,368176,INR,2026-08-03T05:25:00Z,BATCH-SWIG-3091
PO_B01_003092,BillDesk Settlement,MYNT-INV-305247 PO_B01_003092,55945,1371,0,0,54574,INR,2026-08-03T15:29:00Z,BATCH-MYNT-3092
PO_B01_003093,Cashfree Escrow,TATA-ORD-385278 TATA-ORD-465495 BATCH-TATA-3093,106384,2127,0,0,104257,INR,2026-08-03T12:44:00Z,BATCH-TATA-3093
PO_B01_003094,PayU Enterprise,BLNK-INV-914340 PO_B01_003094,191202,4470,0,0,186732,INR,2026-08-03T04:16:00Z,BATCH-BLNK-3094
PO_B01_003095,PayU Enterprise,BBAS-INV-953277 PO_B01_003095,181507,3688,0,0,177819,INR,2026-08-03T02:32:00Z,BATCH-BBAS-3095
PO_B01_003096,BillDesk Settlement,BLNK-INV-850758 PO_B01_003096,288274,6942,0,0,281332,INR,2026-08-03T11:13:00Z,BATCH-BLNK-3096
PO_B01_003097,Cashfree Escrow,AMZN-ORD-670339 AMZN-ORD-515624 BATCH-AMZN-3097,277655,5553,0,0,272102,INR,2026-08-03T18:51:00Z,BATCH-AMZN-3097
PO_B01_003098,Stripe India,UBER-INV-879249 PO_B01_003098,306636,5088,0,0,301548,INR,2026-08-03T12:53:00Z,BATCH-UBER-3098
PO_B01_003099,Stripe India,BBAS-INV-515688 PO_B01_003099,309227,5325,0,0,303902,INR,2026-08-03T02:51:00Z,BATCH-BBAS-3099
PO_B01_003100,Stripe India,SWIG-INV-121653 PO_B01_003100,348248,5589,0,0,342659,INR,2026-08-02T20:44:00Z,BATCH-SWIG-3100
PO_B01_003101,BillDesk Settlement,BLNK-ORD-187562 BLNK-ORD-647473 BLNK-ORD-183926 BATCH-BLNK-3101,330821,6616,0,0,324205,INR,2026-08-03T19:34:00Z,BATCH-BLNK-3101
PO_B01_003102,Razorpay Nodal,SWIG-INV-603789 PO_B01_003102,52207,1040,0,0,51167,INR,2026-08-03T01:48:00Z,BATCH-SWIG-3102
PO_B01_003103,BillDesk Settlement,MMTR-INV-107387 PO_B01_003103,352554,8330,0,0,344224,INR,2026-08-03T05:32:00Z,BATCH-MMTR-3103
PO_B01_003104,Razorpay Nodal,BKMS-INV-183915 PO_B01_003104,268986,5065,0,0,263921,INR,2026-08-03T18:01:00Z,BATCH-BKMS-3104
PO_B01_003105,Stripe India,NYKA-INV-223788 PO_B01_003105,214656,4700,0,0,209956,INR,2026-08-03T13:40:00Z,BATCH-NYKA-3105
PO_B01_003106,Cashfree Escrow,BLNK-ORD-111512 BLNK-ORD-746673 BATCH-BLNK-3106,285234,5704,0,0,279530,INR,2026-08-03T10:17:00Z,BATCH-BLNK-3106
PO_B01_003107,PayU Enterprise,OLAA-INV-765772 PO_B01_003107,444957,6883,0,0,438074,INR,2026-08-03T13:04:00Z,BATCH-OLAA-3107
PO_B01_003108,Stripe India,PAYT-ORD-330398 PAYT-ORD-963315 PAYT-ORD-130727 BATCH-PAYT-3108,482292,9645,0,0,472647,INR,2026-08-03T19:29:00Z,BATCH-PAYT-3108
PO_B01_003109,Stripe India,OLAA-INV-517896 PO_B01_003109,266367,5431,0,0,260936,INR,2026-08-03T03:15:00Z,BATCH-OLAA-3109
PO_B01_003110,BillDesk Settlement,UBER-ORD-659803 UBER-ORD-754493 BATCH-UBER-3110,310133,6202,0,0,303931,INR,2026-08-03T02:13:00Z,BATCH-UBER-3110
PO_B01_003111,Cashfree Escrow,JIOO-INV-680367 PO_B01_003111,229410,3817,0,0,225593,INR,2026-08-03T12:41:00Z,BATCH-JIOO-3111
PO_B01_003112,Razorpay Nodal,FLPK-INV-822477 PO_B01_003112,386569,7107,0,0,379462,INR,2026-08-03T07:07:00Z,BATCH-FLPK-3112
PO_B01_003113,Razorpay Nodal,BBAS-INV-880099 PO_B01_003113,221079,4749,0,0,216330,INR,2026-08-03T19:04:00Z,BATCH-BBAS-3113
PO_B01_003114,PayU Enterprise,AMZN-INV-720827 PO_B01_003114,339100,7731,0,0,331369,INR,2026-08-03T16:25:00Z,BATCH-AMZN-3114
PO_B01_003115,BillDesk Settlement,MMTR-ORD-227623 MMTR-ORD-696435 MMTR-ORD-674408 BATCH-MMTR-3115,386676,7733,0,0,378943,INR,2026-08-03T09:44:00Z,BATCH-MMTR-3115
PO_B01_003116,Razorpay Nodal,TATA-INV-655086 PO_B01_003116,287512,5810,0,0,281702,INR,2026-08-03T01:31:00Z,BATCH-TATA-3116
PO_B01_003117,Razorpay Nodal,BLNK-ORD-344339 BLNK-ORD-141554 BLNK-ORD-748568 BATCH-BLNK-3117,357190,7143,0,0,350047,INR,2026-08-02T22:35:00Z,BATCH-BLNK-3117
PO_B01_003118,Stripe India,MYNT-EXC-250352-UNRESOLVED,100344,1996,0,0,98348,INR,2026-08-04T04:40:00Z,HOLD-ESCROW
PO_B01_003119,BillDesk Settlement,MMTR-INV-828292 PO_B01_003119,303152,5012,0,0,298140,INR,2026-08-03T07:17:00Z,BATCH-MMTR-3119
PO_B01_003120,Stripe India,BKMS-INV-491788 PO_B01_003120,177521,4358,0,0,173163,INR,2026-08-03T14:12:00Z,BATCH-BKMS-3120
PO_B01_003121,Stripe India,TATA-ORD-887889 TATA-ORD-466032 BATCH-TATA-3121,356593,7131,0,0,349462,INR,2026-08-03T04:20:00Z,BATCH-TATA-3121
PO_B01_003122,PayU Enterprise,NYKA-INV-905120 PO_B01_003122,203710,3639,0,0,200071,INR,2026-08-03T15:59:00Z,BATCH-NYKA-3122
PO_B01_003123,BillDesk Settlement,OLAA-ORD-598963 OLAA-ORD-516081 BATCH-OLAA-3123,254187,5083,0,0,249104,INR,2026-08-03T11:36:00Z,BATCH-OLAA-3123
PO_B01_003124,Stripe India,JIOO-INV-986161 PO_B01_003124,449857,10453,0,0,439404,INR,2026-08-03T18:51:00Z,BATCH-JIOO-3124
PO_B01_003125,BillDesk Settlement,MYNT-INV-314078 PO_B01_003125,396301,7312,0,0,388989,INR,2026-08-03T20:18:00Z,BATCH-MYNT-3125
PO_B01_003126,BillDesk Settlement,OLAA-INV-350556 PO_B01_003126,40474,871,0,0,39603,INR,2026-08-03T09:37:00Z,BATCH-OLAA-3126
PO_B01_003127,Razorpay Nodal,AMZN-ORD-855329 AMZN-ORD-264662 AMZN-ORD-283012 BATCH-AMZN-3127,268581,5371,0,0,263210,INR,2026-08-02T21:32:00Z,BATCH-AMZN-3127
PO_B01_003128,Cashfree Escrow,BBAS-INV-323796 PO_B01_003128,143415,3306,0,0,140109,INR,2026-08-03T13:34:00Z,BATCH-BBAS-3128
PO_B01_003129,Razorpay Nodal,UBER-ORD-131541 UBER-ORD-350873 UBER-ORD-536343 BATCH-UBER-3129,518952,10379,0,0,508573,INR,2026-08-03T11:38:00Z,BATCH-UBER-3129
PO_B01_003130,PayU Enterprise,JIOO-EXC-801040-UNRESOLVED,84337,1676,0,0,82661,INR,2026-08-04T02:57:00Z,HOLD-ESCROW
PO_B01_003131,Stripe India,FLPK-INV-102289 PO_B01_003131,104297,2505,0,0,101792,INR,2026-08-02T23:46:00Z,BATCH-FLPK-3131
PO_B01_003132,Cashfree Escrow,PAYT-ORD-436818 PAYT-ORD-550986 PAYT-ORD-502507 BATCH-PAYT-3132,243060,4861,0,0,238199,INR,2026-08-03T16:15:00Z,BATCH-PAYT-3132
PO_B01_003133,Stripe India,MYNT-EXC-370367-UNRESOLVED,64948,1288,0,0,63660,INR,2026-08-03T17:51:00Z,HOLD-ESCROW
PO_B01_003134,Razorpay Nodal,BLNK-INV-734899 PO_B01_003134,281752,4636,0,0,277116,INR,2026-08-03T15:02:00Z,BATCH-BLNK-3134
PO_B01_003135,Razorpay Nodal,JIOO-INV-799347 PO_B01_003135,48632,1155,0,0,47477,INR,2026-08-03T02:48:00Z,BATCH-JIOO-3135
PO_B01_003136,Stripe India,BBAS-INV-147252 PO_B01_003136,444064,9359,0,0,434705,INR,2026-08-03T05:50:00Z,BATCH-BBAS-3136
PO_B01_003137,BillDesk Settlement,BLNK-INV-877086 PO_B01_003137,340376,5609,0,0,334767,INR,2026-08-02T22:23:00Z,BATCH-BLNK-3137
PO_B01_003138,Stripe India,PHNP-INV-174023 PO_B01_003138,53460,866,0,0,52594,INR,2026-08-03T10:44:00Z,BATCH-PHNP-3138
PO_B01_003139,Stripe India,NYKA-ORD-423744 NYKA-ORD-152997 BATCH-NYKA-3139,292916,5858,0,0,287058,INR,2026-08-03T00:56:00Z,BATCH-NYKA-3139
PO_B01_003140,PayU Enterprise,ZOMA-ORD-754990 ZOMA-ORD-841998 ZOMA-ORD-204861 BATCH-ZOMA-3140,413835,8276,0,0,405559,INR,2026-08-03T08:03:00Z,BATCH-ZOMA-3140
PO_B01_003141,Cashfree Escrow,JIOO-ORD-859005 JIOO-ORD-469011 JIOO-ORD-468037 BATCH-JIOO-3141,463319,9266,0,0,454053,INR,2026-08-03T06:34:00Z,BATCH-JIOO-3141
PO_B01_003142,Razorpay Nodal,PHNP-ORD-549211 PHNP-ORD-704739 BATCH-PHNP-3142,405147,8102,0,0,397045,INR,2026-08-03T16:35:00Z,BATCH-PHNP-3142
PO_B01_003143,BillDesk Settlement,ZOMA-INV-959099 PO_B01_003143,410754,9630,0,0,401124,INR,2026-08-02T21:27:00Z,BATCH-ZOMA-3143
PO_B01_003144,BillDesk Settlement,SWIG-ORD-238601 SWIG-ORD-751718 BATCH-SWIG-3144,295358,5907,0,0,289451,INR,2026-08-03T02:18:00Z,BATCH-SWIG-3144
PO_B01_003145,BillDesk Settlement,OLAA-INV-175180 PO_B01_003145,132613,3214,0,0,129399,INR,2026-08-03T01:11:00Z,BATCH-OLAA-3145
PO_B01_003146,Cashfree Escrow,SWIG-EXC-239515-UNRESOLVED,266520,5320,0,0,261200,INR,2026-08-03T09:10:00Z,HOLD-ESCROW
PO_B01_003147,PayU Enterprise,PHNP-INV-629741 PO_B01_003147,345837,7628,0,0,338209,INR,2026-08-03T08:19:00Z,BATCH-PHNP-3147
PO_B01_003148,Stripe India,JIOO-INV-195290 PO_B01_003148,339970,6912,0,0,333058,INR,2026-08-03T13:02:00Z,BATCH-JIOO-3148
PO_B01_003149,Stripe India,BKMS-INV-718760 PO_B01_003149,283307,4594,0,0,278713,INR,2026-08-03T11:50:00Z,BATCH-BKMS-3149
PO_B01_003150,BillDesk Settlement,NYKA-INV-324218 PO_B01_003150,128380,2514,0,0,125866,INR,2026-08-03T15:01:00Z,BATCH-NYKA-3150
PO_B01_003151,Cashfree Escrow,BBAS-INV-574287 PO_B01_003151,43555,675,0,0,42880,INR,2026-08-03T05:36:00Z,BATCH-BBAS-3151
PO_B01_003152,PayU Enterprise,OLAA-INV-249703 PO_B01_003152,61505,979,0,0,60526,INR,2026-08-02T20:46:00Z,BATCH-OLAA-3152
PO_B01_003153,Cashfree Escrow,BKMS-INV-590515 PO_B01_003153,390590,9321,0,0,381269,INR,2026-08-03T19:46:00Z,BATCH-BKMS-3153
PO_B01_003154,PayU Enterprise,AMZN-INV-756494 PO_B01_003154,290456,6116,0,0,284340,INR,2026-08-02T19:24:00Z,BATCH-AMZN-3154
PO_B01_003155,Razorpay Nodal,TATA-ORD-433192 TATA-ORD-461842 BATCH-TATA-3155,383038,7660,0,0,375378,INR,2026-08-03T18:43:00Z,BATCH-TATA-3155
PO_B01_003156,Stripe India,MMTR-ORD-549850 MMTR-ORD-653247 MMTR-ORD-156569 BATCH-MMTR-3156,478706,9574,0,0,469132,INR,2026-08-03T04:31:00Z,BATCH-MMTR-3156
PO_B01_003157,PayU Enterprise,SWIG-ORD-655834 SWIG-ORD-976791 SWIG-ORD-567307 BATCH-SWIG-3157,591919,11838,0,0,580081,INR,2026-08-02T23:59:00Z,BATCH-SWIG-3157
PO_B01_003158,BillDesk Settlement,JIOO-ORD-590140 JIOO-ORD-525402 BATCH-JIOO-3158,222038,4440,0,0,217598,INR,2026-08-03T19:10:00Z,BATCH-JIOO-3158
PO_B01_003159,Stripe India,BLNK-INV-688157 PO_B01_003159,310962,6203,0,0,304759,INR,2026-08-03T13:28:00Z,BATCH-BLNK-3159
PO_B01_003160,Razorpay Nodal,SWIG-ORD-127481 SWIG-ORD-459229 BATCH-SWIG-3160,305462,6109,0,0,299353,INR,2026-08-02T21:39:00Z,BATCH-SWIG-3160
PO_B01_003161,Stripe India,UBER-INV-771205 PO_B01_003161,116527,2325,0,0,114202,INR,2026-08-03T08:14:00Z,BATCH-UBER-3161
PO_B01_003162,PayU Enterprise,BBAS-INV-660789 PO_B01_003162,312458,6365,0,0,306093,INR,2026-08-03T01:00:00Z,BATCH-BBAS-3162
PO_B01_003163,BillDesk Settlement,UBER-INV-150747 PO_B01_003163,387575,6625,0,0,380950,INR,2026-08-03T04:20:00Z,BATCH-UBER-3163
PO_B01_003164,Stripe India,SWIG-INV-702815 PO_B01_003164,428024,7143,0,0,420881,INR,2026-08-03T12:25:00Z,BATCH-SWIG-3164
PO_B01_003165,BillDesk Settlement,UBER-INV-478700 PO_B01_003165,36599,588,0,0,36011,INR,2026-08-02T17:14:00Z,BATCH-UBER-3165
PO_B01_003166,BillDesk Settlement,BKMS-INV-788091 PO_B01_003166,289060,7003,0,0,282057,INR,2026-08-03T15:24:00Z,BATCH-BKMS-3166
PO_B01_003167,Cashfree Escrow,FLPK-INV-675390 PO_B01_003167,399884,9009,0,0,390875,INR,2026-08-03T22:43:00Z,BATCH-FLPK-3167
PO_B01_003168,PayU Enterprise,PHNP-ORD-765081 PHNP-ORD-515794 BATCH-PHNP-3168,325550,6511,0,0,319039,INR,2026-08-03T16:36:00Z,BATCH-PHNP-3168
PO_B01_003169,Stripe India,BBAS-INV-607598 PO_B01_003169,296813,5141,0,0,291672,INR,2026-08-03T05:49:00Z,BATCH-BBAS-3169
PO_B01_003170,PayU Enterprise,SWIG-ORD-469993 SWIG-ORD-998544 SWIG-ORD-222295 BATCH-SWIG-3170,247995,4959,0,0,243036,INR,2026-08-02T23:23:00Z,BATCH-SWIG-3170
PO_B01_003171,PayU Enterprise,UBER-EXC-900699-UNRESOLVED,202325,4036,0,0,198289,INR,2026-08-03T15:19:00Z,HOLD-ESCROW
PO_B01_003172,Stripe India,JIOO-INV-366947 PO_B01_003172,379417,8532,0,0,370885,INR,2026-08-03T08:48:00Z,BATCH-JIOO-3172
PO_B01_003173,Razorpay Nodal,JIOO-INV-534849 PO_B01_003173,392986,6900,0,0,386086,INR,2026-08-03T00:01:00Z,BATCH-JIOO-3173
PO_B01_003174,BillDesk Settlement,NYKA-INV-512758 PO_B01_003174,339668,7092,0,0,332576,INR,2026-08-02T19:46:00Z,BATCH-NYKA-3174
PO_B01_003175,Razorpay Nodal,BLNK-INV-741667 PO_B01_003175,386812,9374,0,0,377438,INR,2026-08-03T17:21:00Z,BATCH-BLNK-3175
PO_B01_003176,Cashfree Escrow,JIOO-INV-631560 PO_B01_003176,61320,1154,0,0,60166,INR,2026-08-03T08:44:00Z,BATCH-JIOO-3176
PO_B01_003177,Stripe India,BLNK-ORD-411152 BLNK-ORD-149898 BATCH-BLNK-3177,136024,2720,0,0,133304,INR,2026-08-03T10:45:00Z,BATCH-BLNK-3177
PO_B01_003178,BillDesk Settlement,BKMS-INV-144486 PO_B01_003178,82499,1832,0,0,80667,INR,2026-08-02T20:13:00Z,BATCH-BKMS-3178
PO_B01_003179,PayU Enterprise,AMZN-INV-748805 PO_B01_003179,52139,1165,0,0,50974,INR,2026-08-03T22:01:00Z,BATCH-AMZN-3179
PO_B01_003180,PayU Enterprise,FLPK-ORD-554653 FLPK-ORD-236771 FLPK-ORD-810387 BATCH-FLPK-3180,596154,11923,0,0,584231,INR,2026-08-03T01:56:00Z,BATCH-FLPK-3180
PO_B01_003181,Razorpay Nodal,OLAA-INV-456626 PO_B01_003181,279789,5822,0,0,273967,INR,2026-08-03T16:35:00Z,BATCH-OLAA-3181
PO_B01_003182,PayU Enterprise,TATA-ORD-735242 TATA-ORD-255057 TATA-ORD-124690 BATCH-TATA-3182,348443,6968,0,0,341475,INR,2026-08-03T00:10:00Z,BATCH-TATA-3182
PO_B01_003183,Cashfree Escrow,UBER-INV-272048 PO_B01_003183,69689,1088,0,0,68601,INR,2026-08-03T18:47:00Z,BATCH-UBER-3183
PO_B01_003184,BillDesk Settlement,MYNT-INV-632759 PO_B01_003184,388237,6744,0,0,381493,INR,2026-08-03T02:53:00Z,BATCH-MYNT-3184
PO_B01_003185,Stripe India,ZOMA-EXC-406706-UNRESOLVED,176832,3526,0,0,173306,INR,2026-08-03T18:31:00Z,HOLD-ESCROW
PO_B01_003186,Stripe India,PHNP-INV-459638 PO_B01_003186,231089,5609,0,0,225480,INR,2026-08-03T06:22:00Z,BATCH-PHNP-3186
PO_B01_003187,PayU Enterprise,OLAA-INV-901471 PO_B01_003187,160708,3038,0,0,157670,INR,2026-08-03T14:39:00Z,BATCH-OLAA-3187
PO_B01_003188,Stripe India,PHNP-INV-553745 PO_B01_003188,446657,9751,0,0,436906,INR,2026-08-03T07:13:00Z,BATCH-PHNP-3188
PO_B01_003189,Razorpay Nodal,JIOO-INV-291685 PO_B01_003189,148831,3211,0,0,145620,INR,2026-08-03T12:06:00Z,BATCH-JIOO-3189
PO_B01_003190,Razorpay Nodal,NYKA-INV-211604 PO_B01_003190,227921,4015,0,0,223906,INR,2026-08-03T13:25:00Z,BATCH-NYKA-3190
PO_B01_003191,PayU Enterprise,BBAS-ORD-202320 BBAS-ORD-854061 BBAS-ORD-943128 BATCH-BBAS-3191,276386,5527,0,0,270859,INR,2026-08-03T16:09:00Z,BATCH-BBAS-3191
PO_B01_003192,Razorpay Nodal,TATA-ORD-359525 TATA-ORD-619263 BATCH-TATA-3192,298263,5965,0,0,292298,INR,2026-08-03T20:06:00Z,BATCH-TATA-3192
PO_B01_003193,BillDesk Settlement,OLAA-ORD-218056 OLAA-ORD-532851 OLAA-ORD-883563 BATCH-OLAA-3193,339364,6787,0,0,332577,INR,2026-08-03T19:07:00Z,BATCH-OLAA-3193
PO_B01_003194,Razorpay Nodal,PAYT-ORD-882669 PAYT-ORD-990424 PAYT-ORD-570313 BATCH-PAYT-3194,500441,10008,0,0,490433,INR,2026-08-03T12:44:00Z,BATCH-PAYT-3194
PO_B01_003195,BillDesk Settlement,MYNT-INV-154770 PO_B01_003195,228471,4826,0,0,223645,INR,2026-08-03T18:24:00Z,BATCH-MYNT-3195
PO_B01_003196,Razorpay Nodal,BKMS-INV-475061 PO_B01_003196,237071,4864,0,0,232207,INR,2026-08-03T00:34:00Z,BATCH-BKMS-3196
PO_B01_003197,PayU Enterprise,OLAA-ORD-427444 OLAA-ORD-989460 BATCH-OLAA-3197,100481,2009,0,0,98472,INR,2026-08-03T08:07:00Z,BATCH-OLAA-3197
PO_B01_003198,Cashfree Escrow,PAYT-ORD-850452 PAYT-ORD-432962 PAYT-ORD-478192 BATCH-PAYT-3198,416657,8333,0,0,408324,INR,2026-08-02T23:37:00Z,BATCH-PAYT-3198
PO_B01_003199,Razorpay Nodal,MMTR-INV-979373 PO_B01_003199,149013,2442,0,0,146571,INR,2026-08-03T21:52:00Z,BATCH-MMTR-3199
PO_B01_003200,PayU Enterprise,PAYT-INV-682019 PO_B01_003200,395258,8427,0,0,386831,INR,2026-08-02T22:06:00Z,BATCH-PAYT-3200
PO_B01_003201,Cashfree Escrow,UBER-INV-479091 PO_B01_003201,176802,3180,0,0,173622,INR,2026-08-03T14:42:00Z,BATCH-UBER-3201
PO_B01_003202,Razorpay Nodal,AMZN-INV-887919 PO_B01_003202,178814,3872,0,0,174942,INR,2026-08-02T23:30:00Z,BATCH-AMZN-3202
PO_B01_003203,Cashfree Escrow,BLNK-INV-888651 PO_B01_003203,418432,8806,0,0,409626,INR,2026-08-03T16:40:00Z,BATCH-BLNK-3203
PO_B01_003204,BillDesk Settlement,JIOO-ORD-245236 JIOO-ORD-286481 BATCH-JIOO-3204,375666,7513,0,0,368153,INR,2026-08-02T22:26:00Z,BATCH-JIOO-3204
PO_B01_003205,BillDesk Settlement,BKMS-INV-389327 PO_B01_003205,238668,5787,0,0,232881,INR,2026-08-03T09:21:00Z,BATCH-BKMS-3205
PO_B01_003206,BillDesk Settlement,UBER-INV-192405 PO_B01_003206,114874,1951,0,0,112923,INR,2026-08-03T08:28:00Z,BATCH-UBER-3206
PO_B01_003207,PayU Enterprise,BKMS-INV-647995 PO_B01_003207,127084,2033,0,0,125051,INR,2026-08-03T08:39:00Z,BATCH-BKMS-3207
PO_B01_003208,Cashfree Escrow,ZOMA-ORD-607404 ZOMA-ORD-906307 BATCH-ZOMA-3208,361624,7232,0,0,354392,INR,2026-08-03T20:10:00Z,BATCH-ZOMA-3208
PO_B01_003209,Stripe India,ZOMA-ORD-973390 ZOMA-ORD-978776 ZOMA-ORD-677126 BATCH-ZOMA-3209,466285,9325,0,0,456960,INR,2026-08-03T13:11:00Z,BATCH-ZOMA-3209
PO_B01_003210,BillDesk Settlement,JIOO-INV-415838 PO_B01_003210,324736,4910,0,0,319826,INR,2026-08-02T20:31:00Z,BATCH-JIOO-3210
PO_B01_003211,Stripe India,BBAS-INV-136402 PO_B01_003211,359957,8015,0,0,351942,INR,2026-08-02T23:56:00Z,BATCH-BBAS-3211
PO_B01_003212,Razorpay Nodal,PAYT-INV-890203 PO_B01_003212,201181,4270,0,0,196911,INR,2026-08-03T11:45:00Z,BATCH-PAYT-3212
PO_B01_003213,BillDesk Settlement,JIOO-INV-449290 PO_B01_003213,55875,1103,0,0,54772,INR,2026-08-03T02:18:00Z,BATCH-JIOO-3213
PO_B01_003214,Razorpay Nodal,JIOO-ORD-840348 JIOO-ORD-476168 BATCH-JIOO-3214,313125,6262,0,0,306863,INR,2026-08-03T20:36:00Z,BATCH-JIOO-3214
PO_B01_003215,BillDesk Settlement,OLAA-ORD-548792 OLAA-ORD-696306 BATCH-OLAA-3215,268760,5375,0,0,263385,INR,2026-08-03T00:48:00Z,BATCH-OLAA-3215
PO_B01_003216,Stripe India,MYNT-INV-964579 PO_B01_003216,405579,7965,0,0,397614,INR,2026-08-03T06:07:00Z,BATCH-MYNT-3216
PO_B01_003217,Stripe India,BLNK-EXC-637002-UNRESOLVED,184542,3680,0,0,180862,INR,2026-08-04T00:54:00Z,HOLD-ESCROW
PO_B01_003218,Razorpay Nodal,ZOMA-ORD-160197 ZOMA-ORD-861290 BATCH-ZOMA-3218,191878,3837,0,0,188041,INR,2026-08-02T23:39:00Z,BATCH-ZOMA-3218
PO_B01_003219,Cashfree Escrow,AMZN-ORD-323069 AMZN-ORD-682432 AMZN-ORD-878775 BATCH-AMZN-3219,372601,7452,0,0,365149,INR,2026-08-03T11:09:00Z,BATCH-AMZN-3219
PO_B01_003220,PayU Enterprise,NYKA-EXC-395331-UNRESOLVED,64430,1278,0,0,63152,INR,2026-08-03T09:45:00Z,HOLD-ESCROW
PO_B01_003221,Razorpay Nodal,MMTR-INV-191929 PO_B01_003221,186286,3741,0,0,182545,INR,2026-08-02T15:41:00Z,BATCH-MMTR-3221
PO_B01_003222,BillDesk Settlement,UBER-INV-351017 PO_B01_003222,117862,2382,0,0,115480,INR,2026-08-03T19:49:00Z,BATCH-UBER-3222
PO_B01_003223,Stripe India,BLNK-INV-845862 PO_B01_003223,235690,5258,0,0,230432,INR,2026-08-02T22:00:00Z,BATCH-BLNK-3223
PO_B01_003224,Stripe India,BLNK-INV-333231 PO_B01_003224,309581,5056,0,0,304525,INR,2026-08-03T02:10:00Z,BATCH-BLNK-3224
PO_B01_003225,Cashfree Escrow,MMTR-ORD-287599 MMTR-ORD-195388 BATCH-MMTR-3225,471175,9423,0,0,461752,INR,2026-08-03T09:16:00Z,BATCH-MMTR-3225
PO_B01_003226,Stripe India,PAYT-ORD-190351 PAYT-ORD-567079 BATCH-PAYT-3226,363794,7275,0,0,356519,INR,2026-08-02T22:04:00Z,BATCH-PAYT-3226
PO_B01_003227,Stripe India,BKMS-INV-480356 PO_B01_003227,26137,414,0,0,25723,INR,2026-08-03T08:26:00Z,BATCH-BKMS-3227
PO_B01_003228,BillDesk Settlement,BBAS-INV-572447 PO_B01_003228,424990,8738,0,0,416252,INR,2026-08-03T11:55:00Z,BATCH-BBAS-3228
PO_B01_003229,PayU Enterprise,PAYT-INV-272837 PO_B01_003229,135744,2418,0,0,133326,INR,2026-08-03T14:25:00Z,BATCH-PAYT-3229
PO_B01_003230,Cashfree Escrow,JIOO-ORD-502949 JIOO-ORD-253255 BATCH-JIOO-3230,205181,4103,0,0,201078,INR,2026-08-03T19:24:00Z,BATCH-JIOO-3230
PO_B01_003231,BillDesk Settlement,UBER-ORD-469491 UBER-ORD-452524 BATCH-UBER-3231,242279,4845,0,0,237434,INR,2026-08-03T19:55:00Z,BATCH-UBER-3231
PO_B01_003232,Stripe India,PHNP-INV-697987 PO_B01_003232,324612,7793,0,0,316819,INR,2026-08-03T13:59:00Z,BATCH-PHNP-3232
PO_B01_003233,Razorpay Nodal,ZOMA-ORD-522787 ZOMA-ORD-478537 ZOMA-ORD-977029 BATCH-ZOMA-3233,289427,5788,0,0,283639,INR,2026-08-03T11:36:00Z,BATCH-ZOMA-3233
PO_B01_003234,PayU Enterprise,NYKA-INV-134587 PO_B01_003234,78828,1317,0,0,77511,INR,2026-08-02T16:02:00Z,BATCH-NYKA-3234
PO_B01_003235,PayU Enterprise,AMZN-INV-762791 PO_B01_003235,333802,7304,0,0,326498,INR,2026-08-03T07:25:00Z,BATCH-AMZN-3235
PO_B01_003236,Razorpay Nodal,TATA-EXC-782483-UNRESOLVED,83754,1665,0,0,82089,INR,2026-08-04T07:42:00Z,HOLD-ESCROW
PO_B01_003237,Cashfree Escrow,AMZN-ORD-594934 AMZN-ORD-742703 BATCH-AMZN-3237,196420,3928,0,0,192492,INR,2026-08-03T03:33:00Z,BATCH-AMZN-3237
PO_B01_003238,PayU Enterprise,BLNK-ORD-915322 BLNK-ORD-169989 BATCH-BLNK-3238,378476,7569,0,0,370907,INR,2026-08-03T16:31:00Z,BATCH-BLNK-3238
PO_B01_003239,PayU Enterprise,PHNP-INV-373216 PO_B01_003239,25521,470,0,0,25051,INR,2026-08-03T16:50:00Z,BATCH-PHNP-3239
PO_B01_003240,PayU Enterprise,UBER-INV-721412 PO_B01_003240,335700,7413,0,0,328287,INR,2026-08-02T21:37:00Z,BATCH-UBER-3240
PO_B01_003241,BillDesk Settlement,ZOMA-INV-303340 PO_B01_003241,376134,7990,0,0,368144,INR,2026-08-03T04:10:00Z,BATCH-ZOMA-3241
PO_B01_003242,Razorpay Nodal,BLNK-INV-139444 PO_B01_003242,379447,8919,0,0,370528,INR,2026-08-03T07:41:00Z,BATCH-BLNK-3242
PO_B01_003243,Stripe India,FLPK-INV-905907 PO_B01_003243,197553,3045,0,0,194508,INR,2026-08-03T07:38:00Z,BATCH-FLPK-3243
PO_B01_003244,Razorpay Nodal,MYNT-INV-227594 PO_B01_003244,325149,6970,0,0,318179,INR,2026-08-03T12:06:00Z,BATCH-MYNT-3244
PO_B01_003245,Razorpay Nodal,BLNK-ORD-475663 BLNK-ORD-210363 BATCH-BLNK-3245,283948,5678,0,0,278270,INR,2026-08-03T13:59:00Z,BATCH-BLNK-3245
PO_B01_003246,Cashfree Escrow,MYNT-INV-816716 PO_B01_003246,204833,3980,0,0,200853,INR,2026-08-03T05:34:00Z,BATCH-MYNT-3246
PO_B01_003247,PayU Enterprise,NYKA-INV-528860 PO_B01_003247,146943,2470,0,0,144473,INR,2026-08-03T08:39:00Z,BATCH-NYKA-3247
PO_B01_003248,Stripe India,BLNK-INV-513452 PO_B01_003248,101759,2262,0,0,99497,INR,2026-08-03T05:18:00Z,BATCH-BLNK-3248
PO_B01_003249,PayU Enterprise,SWIG-INV-257378 PO_B01_003249,90871,1975,0,0,88896,INR,2026-08-03T12:43:00Z,BATCH-SWIG-3249
PO_B01_003250,Stripe India,BBAS-INV-269603 PO_B01_003250,296219,6884,0,0,289335,INR,2026-08-03T11:20:00Z,BATCH-BBAS-3250
PO_B01_003251,Cashfree Escrow,FLPK-ORD-274793 FLPK-ORD-143477 BATCH-FLPK-3251,225651,4513,0,0,221138,INR,2026-08-03T07:28:00Z,BATCH-FLPK-3251
PO_B01_003252,Cashfree Escrow,BBAS-INV-508683 PO_B01_003252,144966,3338,0,0,141628,INR,2026-08-03T14:54:00Z,BATCH-BBAS-3252
PO_B01_003253,Stripe India,BKMS-ORD-952510 BKMS-ORD-192391 BATCH-BKMS-3253,374523,7490,0,0,367033,INR,2026-08-03T11:53:00Z,BATCH-BKMS-3253
PO_B01_003254,Razorpay Nodal,MMTR-INV-855285 PO_B01_003254,141959,2689,0,0,139270,INR,2026-08-03T14:18:00Z,BATCH-MMTR-3254
PO_B01_003255,Razorpay Nodal,ZOMA-ORD-711792 ZOMA-ORD-342801 ZOMA-ORD-324896 BATCH-ZOMA-3255,454169,9083,0,0,445086,INR,2026-08-03T04:16:00Z,BATCH-ZOMA-3255
PO_B01_003256,PayU Enterprise,JIOO-INV-901158 PO_B01_003256,39519,684,0,0,38835,INR,2026-08-02T17:27:00Z,BATCH-JIOO-3256
PO_B01_003257,PayU Enterprise,BKMS-INV-270762 PO_B01_003257,422398,6506,0,0,415892,INR,2026-08-03T08:35:00Z,BATCH-BKMS-3257
PO_B01_003258,Cashfree Escrow,BLNK-INV-282490 PO_B01_003258,59679,1050,0,0,58629,INR,2026-08-03T01:41:00Z,BATCH-BLNK-3258
PO_B01_003259,Stripe India,MYNT-INV-444789 PO_B01_003259,335388,5939,0,0,329449,INR,2026-08-03T07:07:00Z,BATCH-MYNT-3259
PO_B01_003260,PayU Enterprise,OLAA-ORD-504914 OLAA-ORD-406564 BATCH-OLAA-3260,313255,6265,0,0,306990,INR,2026-08-03T19:42:00Z,BATCH-OLAA-3260
PO_B01_003261,BillDesk Settlement,NYKA-ORD-955595 NYKA-ORD-534857 BATCH-NYKA-3261,197458,3949,0,0,193509,INR,2026-08-03T20:34:00Z,BATCH-NYKA-3261
PO_B01_003262,BillDesk Settlement,JIOO-INV-456984 PO_B01_003262,321520,7216,0,0,314304,INR,2026-08-03T05:22:00Z,BATCH-JIOO-3262
PO_B01_003263,BillDesk Settlement,SWIG-INV-588605 PO_B01_003263,82735,1385,0,0,81350,INR,2026-08-03T21:30:00Z,BATCH-SWIG-3263
PO_B01_003264,Cashfree Escrow,OLAA-INV-113716 PO_B01_003264,347500,6290,0,0,341210,INR,2026-08-03T02:11:00Z,BATCH-OLAA-3264
PO_B01_003265,BillDesk Settlement,MMTR-INV-241674 PO_B01_003265,250779,5276,0,0,245503,INR,2026-08-04T00:19:00Z,BATCH-MMTR-3265
PO_B01_003266,Cashfree Escrow,TATA-INV-136560 PO_B01_003266,360000,6022,0,0,353978,INR,2026-08-02T22:13:00Z,BATCH-TATA-3266
PO_B01_003267,Razorpay Nodal,ZOMA-EXC-872878-UNRESOLVED,162829,3246,0,0,159583,INR,2026-08-04T01:24:00Z,HOLD-ESCROW
PO_B01_003268,Stripe India,BLNK-INV-913947 PO_B01_003268,47506,801,0,0,46705,INR,2026-08-04T00:22:00Z,BATCH-BLNK-3268
PO_B01_003269,Razorpay Nodal,JIOO-INV-515350 PO_B01_003269,388952,9010,0,0,379942,INR,2026-08-03T14:59:00Z,BATCH-JIOO-3269
PO_B01_003270,Stripe India,UBER-ORD-626776 UBER-ORD-317035 BATCH-UBER-3270,236328,4726,0,0,231602,INR,2026-08-03T08:18:00Z,BATCH-UBER-3270
PO_B01_003271,Cashfree Escrow,ZOMA-INV-688087 PO_B01_003271,222478,3713,0,0,218765,INR,2026-08-03T09:18:00Z,BATCH-ZOMA-3271
PO_B01_003272,PayU Enterprise,BKMS-INV-181491 PO_B01_003272,174906,2751,0,0,172155,INR,2026-08-03T11:23:00Z,BATCH-BKMS-3272
PO_B01_003273,Razorpay Nodal,OLAA-INV-935555 PO_B01_003273,126364,2329,0,0,124035,INR,2026-08-03T01:11:00Z,BATCH-OLAA-3273
PO_B01_003274,Cashfree Escrow,BLNK-ORD-307811 BLNK-ORD-666393 BATCH-BLNK-3274,261891,5237,0,0,256654,INR,2026-08-03T02:49:00Z,BATCH-BLNK-3274
PO_B01_003275,Stripe India,NYKA-INV-975661 PO_B01_003275,445605,7594,0,0,438011,INR,2026-08-03T10:27:00Z,BATCH-NYKA-3275
PO_B01_003276,Stripe India,BKMS-INV-290947 PO_B01_003276,129563,3087,0,0,126476,INR,2026-08-03T07:46:00Z,BATCH-BKMS-3276
PO_B01_003277,Stripe India,PHNP-INV-827594 PO_B01_003277,211845,3626,0,0,208219,INR,2026-08-03T08:55:00Z,BATCH-PHNP-3277
PO_B01_003278,BillDesk Settlement,MMTR-INV-925458 PO_B01_003278,146306,2386,0,0,143920,INR,2026-08-03T20:46:00Z,BATCH-MMTR-3278
PO_B01_003279,PayU Enterprise,BKMS-INV-367830 PO_B01_003279,358892,6976,0,0,351916,INR,2026-08-03T05:04:00Z,BATCH-BKMS-3279
PO_B01_003280,Razorpay Nodal,MMTR-ORD-758669 MMTR-ORD-943978 BATCH-MMTR-3280,302515,6050,0,0,296465,INR,2026-08-03T06:15:00Z,BATCH-MMTR-3280
PO_B01_003281,Razorpay Nodal,BBAS-INV-140065 PO_B01_003281,244179,4807,0,0,239372,INR,2026-08-02T23:25:00Z,BATCH-BBAS-3281
PO_B01_003282,PayU Enterprise,ZOMA-INV-978131 PO_B01_003282,116488,2224,0,0,114264,INR,2026-08-03T11:25:00Z,BATCH-ZOMA-3282
PO_B01_003283,PayU Enterprise,MYNT-INV-916347 PO_B01_003283,98846,1914,0,0,96932,INR,2026-08-02T22:58:00Z,BATCH-MYNT-3283
PO_B01_003284,PayU Enterprise,BLNK-INV-597857 PO_B01_003284,289598,4649,0,0,284949,INR,2026-08-03T06:43:00Z,BATCH-BLNK-3284
PO_B01_003285,PayU Enterprise,MYNT-INV-805559 PO_B01_003285,49214,844,0,0,48370,INR,2026-08-03T07:58:00Z,BATCH-MYNT-3285
PO_B01_003286,PayU Enterprise,PAYT-INV-489787 PO_B01_003286,78100,1525,0,0,76575,INR,2026-08-03T07:19:00Z,BATCH-PAYT-3286
PO_B01_003287,BillDesk Settlement,AMZN-INV-815320 PO_B01_003287,336242,6078,0,0,330164,INR,2026-08-03T06:21:00Z,BATCH-AMZN-3287
PO_B01_003288,Razorpay Nodal,UBER-INV-787730 PO_B01_003288,400556,8609,0,0,391947,INR,2026-08-03T11:35:00Z,BATCH-UBER-3288
PO_B01_003289,Razorpay Nodal,MYNT-INV-894639 PO_B01_003289,110236,2694,0,0,107542,INR,2026-08-03T08:33:00Z,BATCH-MYNT-3289
PO_B01_003290,BillDesk Settlement,SWIG-INV-397596 PO_B01_003290,449594,7158,0,0,442436,INR,2026-08-03T09:58:00Z,BATCH-SWIG-3290
PO_B01_003291,Razorpay Nodal,SWIG-INV-639520 PO_B01_003291,363964,8448,0,0,355516,INR,2026-08-03T08:33:00Z,BATCH-SWIG-3291
PO_B01_003292,Stripe India,OLAA-INV-746516 PO_B01_003292,425553,9624,0,0,415929,INR,2026-08-02T20:35:00Z,BATCH-OLAA-3292
PO_B01_003293,Stripe India,BBAS-INV-599832 PO_B01_003293,55212,1076,0,0,54136,INR,2026-08-04T02:25:00Z,BATCH-BBAS-3293
PO_B01_003294,PayU Enterprise,PHNP-EXC-828371-UNRESOLVED,216869,4327,0,0,212542,INR,2026-08-03T16:52:00Z,HOLD-ESCROW
PO_B01_003295,PayU Enterprise,BLNK-INV-162628 PO_B01_003295,230508,4712,0,0,225796,INR,2026-08-03T08:30:00Z,BATCH-BLNK-3295
PO_B01_003296,Razorpay Nodal,PHNP-ORD-996358 PHNP-ORD-312838 PHNP-ORD-558005 BATCH-PHNP-3296,603764,12075,0,0,591689,INR,2026-08-03T04:03:00Z,BATCH-PHNP-3296
PO_B01_003297,BillDesk Settlement,NYKA-ORD-395987 NYKA-ORD-617719 NYKA-ORD-433841 BATCH-NYKA-3297,453489,9069,0,0,444420,INR,2026-08-03T01:07:00Z,BATCH-NYKA-3297
PO_B01_003298,PayU Enterprise,BKMS-INV-199786 PO_B01_003298,40912,658,0,0,40254,INR,2026-08-03T09:55:00Z,BATCH-BKMS-3298
PO_B01_003299,Stripe India,PAYT-INV-952812 PO_B01_003299,249672,5667,0,0,244005,INR,2026-08-03T14:54:00Z,BATCH-PAYT-3299
PO_B01_003300,Razorpay Nodal,PHNP-INV-546586 PO_B01_003300,265130,5704,0,0,259426,INR,2026-08-02T21:20:00Z,BATCH-PHNP-3300
PO_B01_003301,Cashfree Escrow,NYKA-ORD-712103 NYKA-ORD-581020 BATCH-NYKA-3301,156926,3138,0,0,153788,INR,2026-08-03T07:13:00Z,BATCH-NYKA-3301
PO_B01_003302,Stripe India,BLNK-INV-811917 PO_B01_003302,428411,6734,0,0,421677,INR,2026-08-03T22:16:00Z,BATCH-BLNK-3302
PO_B01_003303,Razorpay Nodal,BKMS-INV-405096 PO_B01_003303,390145,6531,0,0,383614,INR,2026-08-03T23:25:00Z,BATCH-BKMS-3303
PO_B01_003304,Cashfree Escrow,PHNP-ORD-584586 PHNP-ORD-721738 PHNP-ORD-793047 BATCH-PHNP-3304,404558,8091,0,0,396467,INR,2026-08-03T09:16:00Z,BATCH-PHNP-3304
PO_B01_003305,Stripe India,NYKA-INV-881827 PO_B01_003305,181414,3363,0,0,178051,INR,2026-08-02T22:27:00Z,BATCH-NYKA-3305
PO_B01_003306,PayU Enterprise,ZOMA-ORD-653286 ZOMA-ORD-335934 BATCH-ZOMA-3306,191224,3824,0,0,187400,INR,2026-08-03T13:48:00Z,BATCH-ZOMA-3306
PO_B01_003307,Stripe India,ZOMA-ORD-161737 ZOMA-ORD-553955 BATCH-ZOMA-3307,334670,6693,0,0,327977,INR,2026-08-03T17:35:00Z,BATCH-ZOMA-3307
PO_B01_003308,PayU Enterprise,OLAA-INV-334998 PO_B01_003308,254110,6255,0,0,247855,INR,2026-08-03T03:13:00Z,BATCH-OLAA-3308
PO_B01_003309,Razorpay Nodal,OLAA-INV-418774 PO_B01_003309,432313,10758,0,0,421555,INR,2026-08-03T15:43:00Z,BATCH-OLAA-3309
PO_B01_003310,BillDesk Settlement,FLPK-INV-788457 PO_B01_003310,194784,4408,0,0,190376,INR,2026-08-03T13:22:00Z,BATCH-FLPK-3310
PO_B01_003311,Razorpay Nodal,PAYT-INV-234133 PO_B01_003311,313249,7020,0,0,306229,INR,2026-08-03T05:46:00Z,BATCH-PAYT-3311
PO_B01_003312,PayU Enterprise,OLAA-ORD-791994 OLAA-ORD-894445 BATCH-OLAA-3312,141504,2830,0,0,138674,INR,2026-08-03T15:13:00Z,BATCH-OLAA-3312
PO_B01_003313,PayU Enterprise,BLNK-INV-497362 PO_B01_003313,400785,6140,0,0,394645,INR,2026-08-03T19:01:00Z,BATCH-BLNK-3313
PO_B01_003314,PayU Enterprise,PHNP-INV-195961 PO_B01_003314,435863,9963,0,0,425900,INR,2026-08-02T19:38:00Z,BATCH-PHNP-3314
PO_B01_003315,BillDesk Settlement,BBAS-INV-688679 PO_B01_003315,337709,8385,0,0,329324,INR,2026-08-03T06:42:00Z,BATCH-BBAS-3315
PO_B01_003316,PayU Enterprise,TATA-INV-260604 PO_B01_003316,393234,8267,0,0,384967,INR,2026-08-03T13:24:00Z,BATCH-TATA-3316
PO_B01_003317,Stripe India,BLNK-ORD-128785 BLNK-ORD-401815 BLNK-ORD-870053 BATCH-BLNK-3317,557249,11144,0,0,546105,INR,2026-08-03T01:53:00Z,BATCH-BLNK-3317
PO_B01_003318,Cashfree Escrow,PHNP-INV-993279 PO_B01_003318,403247,7692,0,0,395555,INR,2026-08-03T02:25:00Z,BATCH-PHNP-3318
PO_B01_003319,Stripe India,ZOMA-ORD-776063 ZOMA-ORD-808696 ZOMA-ORD-191464 BATCH-ZOMA-3319,570821,11416,0,0,559405,INR,2026-08-03T17:48:00Z,BATCH-ZOMA-3319
PO_B01_003320,BillDesk Settlement,NYKA-INV-458282 PO_B01_003320,186558,4203,0,0,182355,INR,2026-08-03T08:29:00Z,BATCH-NYKA-3320
PO_B01_003321,Stripe India,BBAS-INV-222926 PO_B01_003321,375200,6467,0,0,368733,INR,2026-08-03T13:08:00Z,BATCH-BBAS-3321
PO_B01_003322,Razorpay Nodal,BKMS-ORD-502431 BKMS-ORD-437754 BATCH-BKMS-3322,274043,5480,0,0,268563,INR,2026-08-03T19:41:00Z,BATCH-BKMS-3322
PO_B01_003323,Stripe India,PHNP-INV-887626 PO_B01_003323,250728,4744,0,0,245984,INR,2026-08-02T17:30:00Z,BATCH-PHNP-3323
PO_B01_003324,Cashfree Escrow,JIOO-INV-940814 PO_B01_003324,328278,5028,0,0,323250,INR,2026-08-02T15:10:00Z,BATCH-JIOO-3324
PO_B01_003325,BillDesk Settlement,MMTR-INV-780975 PO_B01_003325,358816,7203,0,0,351613,INR,2026-08-03T06:59:00Z,BATCH-MMTR-3325
PO_B01_003326,Razorpay Nodal,PHNP-ORD-776234 PHNP-ORD-724625 BATCH-PHNP-3326,279059,5581,0,0,273478,INR,2026-08-03T13:30:00Z,BATCH-PHNP-3326
PO_B01_003327,Stripe India,AMZN-INV-522620 PO_B01_003327,449036,10664,0,0,438372,INR,2026-08-03T12:15:00Z,BATCH-AMZN-3327
PO_B01_003328,Cashfree Escrow,TATA-INV-867753 PO_B01_003328,103985,1799,0,0,102186,INR,2026-08-03T09:12:00Z,BATCH-TATA-3328
PO_B01_003329,PayU Enterprise,PAYT-INV-690600 PO_B01_003329,287530,4606,0,0,282924,INR,2026-08-03T08:10:00Z,BATCH-PAYT-3329
PO_B01_003330,Stripe India,TATA-INV-530187 PO_B01_003330,69677,1582,0,0,68095,INR,2026-08-03T14:00:00Z,BATCH-TATA-3330
PO_B01_003331,Stripe India,MMTR-ORD-186314 MMTR-ORD-739357 MMTR-ORD-399956 BATCH-MMTR-3331,358656,7173,0,0,351483,INR,2026-08-03T05:48:00Z,BATCH-MMTR-3331
PO_B01_003332,Cashfree Escrow,TATA-INV-111377 PO_B01_003332,312045,7068,0,0,304977,INR,2026-08-03T09:36:00Z,BATCH-TATA-3332
PO_B01_003333,PayU Enterprise,BLNK-ORD-776900 BLNK-ORD-605659 BLNK-ORD-894200 BATCH-BLNK-3333,386337,7726,0,0,378611,INR,2026-08-03T04:04:00Z,BATCH-BLNK-3333
PO_B01_003334,PayU Enterprise,SWIG-INV-940355 PO_B01_003334,35797,794,0,0,35003,INR,2026-08-03T09:59:00Z,BATCH-SWIG-3334
PO_B01_003335,PayU Enterprise,OLAA-INV-328023 PO_B01_003335,432279,7737,0,0,424542,INR,2026-08-03T11:47:00Z,BATCH-OLAA-3335
PO_B01_003336,Stripe India,OLAA-ORD-795944 OLAA-ORD-841612 BATCH-OLAA-3336,221915,4438,0,0,217477,INR,2026-08-03T11:37:00Z,BATCH-OLAA-3336
PO_B01_003337,Stripe India,FLPK-INV-184753 PO_B01_003337,93226,1838,0,0,91388,INR,2026-08-03T15:55:00Z,BATCH-FLPK-3337
PO_B01_003338,Stripe India,UBER-INV-963926 PO_B01_003338,119268,2609,0,0,116659,INR,2026-08-03T01:41:00Z,BATCH-UBER-3338
PO_B01_003339,PayU Enterprise,FLPK-INV-963386 PO_B01_003339,431496,6735,0,0,424761,INR,2026-08-03T11:13:00Z,BATCH-FLPK-3339
PO_B01_003340,Cashfree Escrow,SWIG-INV-306641 PO_B01_003340,358405,5884,0,0,352521,INR,2026-08-03T11:08:00Z,BATCH-SWIG-3340
PO_B01_003341,Stripe India,BBAS-INV-951011 PO_B01_003341,166874,3930,0,0,162944,INR,2026-08-03T08:23:00Z,BATCH-BBAS-3341
PO_B01_003342,Stripe India,NYKA-INV-934554 PO_B01_003342,112758,2449,0,0,110309,INR,2026-08-03T11:37:00Z,BATCH-NYKA-3342
PO_B01_003343,BillDesk Settlement,BBAS-INV-809761 PO_B01_003343,416479,9366,0,0,407113,INR,2026-08-02T17:48:00Z,BATCH-BBAS-3343
PO_B01_003344,BillDesk Settlement,UBER-INV-388350 PO_B01_003344,315608,5026,0,0,310582,INR,2026-08-03T13:53:00Z,BATCH-UBER-3344
PO_B01_003345,Cashfree Escrow,FLPK-INV-251036 PO_B01_003345,33289,651,0,0,32638,INR,2026-08-03T17:19:00Z,BATCH-FLPK-3345
PO_B01_003346,PayU Enterprise,MMTR-INV-195212 PO_B01_003346,258195,4855,0,0,253340,INR,2026-08-03T03:54:00Z,BATCH-MMTR-3346
PO_B01_003347,PayU Enterprise,OLAA-INV-610964 PO_B01_003347,188676,4549,0,0,184127,INR,2026-08-03T08:17:00Z,BATCH-OLAA-3347
PO_B01_003348,PayU Enterprise,BKMS-ORD-771984 BKMS-ORD-682977 BATCH-BKMS-3348,225568,4511,0,0,221057,INR,2026-08-03T12:29:00Z,BATCH-BKMS-3348
PO_B01_003349,PayU Enterprise,BKMS-INV-442433 PO_B01_003349,276242,5117,0,0,271125,INR,2026-08-02T23:05:00Z,BATCH-BKMS-3349
PO_B01_003350,PayU Enterprise,BLNK-INV-973232 PO_B01_003350,252860,5697,0,0,247163,INR,2026-08-03T13:49:00Z,BATCH-BLNK-3350
PO_B01_003351,BillDesk Settlement,UBER-INV-304100 PO_B01_003351,386284,8317,0,0,377967,INR,2026-08-02T22:29:00Z,BATCH-UBER-3351
PO_B01_003352,BillDesk Settlement,FLPK-INV-293473 PO_B01_003352,67809,1483,0,0,66326,INR,2026-08-03T02:29:00Z,BATCH-FLPK-3352
PO_B01_003353,Stripe India,ZOMA-INV-854767 PO_B01_003353,37278,715,0,0,36563,INR,2026-08-03T10:17:00Z,BATCH-ZOMA-3353
PO_B01_003354,Cashfree Escrow,AMZN-INV-596853 PO_B01_003354,367331,6367,0,0,360964,INR,2026-08-03T00:56:00Z,BATCH-AMZN-3354
PO_B01_003355,Cashfree Escrow,PHNP-INV-790294 PO_B01_003355,323006,7078,0,0,315928,INR,2026-08-03T13:26:00Z,BATCH-PHNP-3355
PO_B01_003356,Cashfree Escrow,BKMS-ORD-401512 BKMS-ORD-398633 BKMS-ORD-246116 BATCH-BKMS-3356,449980,8999,0,0,440981,INR,2026-08-02T21:15:00Z,BATCH-BKMS-3356
PO_B01_003357,BillDesk Settlement,BKMS-INV-728597 PO_B01_003357,111554,1794,0,0,109760,INR,2026-08-03T05:28:00Z,BATCH-BKMS-3357
PO_B01_003358,PayU Enterprise,PHNP-ORD-364131 PHNP-ORD-547108 BATCH-PHNP-3358,66051,1321,0,0,64730,INR,2026-08-03T02:02:00Z,BATCH-PHNP-3358
PO_B01_003359,Cashfree Escrow,UBER-INV-167812 PO_B01_003359,397297,8589,0,0,388708,INR,2026-08-03T04:31:00Z,BATCH-UBER-3359
PO_B01_003360,BillDesk Settlement,PAYT-INV-333637 PO_B01_003360,283789,6647,0,0,277142,INR,2026-08-03T12:17:00Z,BATCH-PAYT-3360
PO_B01_003361,PayU Enterprise,JIOO-INV-686997 PO_B01_003361,391268,9144,0,0,382124,INR,2026-08-03T08:23:00Z,BATCH-JIOO-3361
PO_B01_003362,Razorpay Nodal,MYNT-ORD-760229 MYNT-ORD-215876 BATCH-MYNT-3362,259339,5186,0,0,254153,INR,2026-08-03T03:24:00Z,BATCH-MYNT-3362
PO_B01_003363,PayU Enterprise,PAYT-INV-532084 PO_B01_003363,227067,4813,0,0,222254,INR,2026-08-03T01:58:00Z,BATCH-PAYT-3363
PO_B01_003364,Cashfree Escrow,NYKA-INV-827834 PO_B01_003364,207438,3888,0,0,203550,INR,2026-08-03T16:32:00Z,BATCH-NYKA-3364
PO_B01_003365,Cashfree Escrow,BBAS-INV-775277 PO_B01_003365,328072,5491,0,0,322581,INR,2026-08-02T23:21:00Z,BATCH-BBAS-3365
PO_B01_003366,Cashfree Escrow,MMTR-INV-818467 PO_B01_003366,296145,6508,0,0,289637,INR,2026-08-03T07:46:00Z,BATCH-MMTR-3366
PO_B01_003367,Cashfree Escrow,SWIG-ORD-210158 SWIG-ORD-941017 BATCH-SWIG-3367,233247,4664,0,0,228583,INR,2026-08-03T16:53:00Z,BATCH-SWIG-3367
PO_B01_003368,Razorpay Nodal,AMZN-INV-519515 PO_B01_003368,58122,1157,0,0,56965,INR,2026-08-02T18:13:00Z,BATCH-AMZN-3368
PO_B01_003369,Stripe India,MYNT-ORD-494062 MYNT-ORD-166051 BATCH-MYNT-3369,252489,5049,0,0,247440,INR,2026-08-03T12:12:00Z,BATCH-MYNT-3369
PO_B01_003370,BillDesk Settlement,SWIG-INV-959257 PO_B01_003370,221428,4967,0,0,216461,INR,2026-08-02T22:44:00Z,BATCH-SWIG-3370
PO_B01_003371,BillDesk Settlement,PHNP-INV-290970 PO_B01_003371,226008,4667,0,0,221341,INR,2026-08-03T21:31:00Z,BATCH-PHNP-3371
PO_B01_003372,Razorpay Nodal,MYNT-ORD-285015 MYNT-ORD-641927 MYNT-ORD-199586 BATCH-MYNT-3372,330577,6611,0,0,323966,INR,2026-08-03T00:39:00Z,BATCH-MYNT-3372
PO_B01_003373,Stripe India,NYKA-ORD-109173 NYKA-ORD-980267 BATCH-NYKA-3373,209651,4193,0,0,205458,INR,2026-08-03T16:49:00Z,BATCH-NYKA-3373
PO_B01_003374,Razorpay Nodal,MMTR-ORD-871923 MMTR-ORD-451580 MMTR-ORD-287572 BATCH-MMTR-3374,525606,10512,0,0,515094,INR,2026-08-03T02:43:00Z,BATCH-MMTR-3374
PO_B01_003375,Cashfree Escrow,TATA-INV-210171 PO_B01_003375,28446,613,0,0,27833,INR,2026-08-03T14:54:00Z,BATCH-TATA-3375
PO_B01_003376,BillDesk Settlement,OLAA-INV-223160 PO_B01_003376,263085,4918,0,0,258167,INR,2026-08-03T11:55:00Z,BATCH-OLAA-3376
PO_B01_003377,Razorpay Nodal,TATA-ORD-935582 TATA-ORD-671346 BATCH-TATA-3377,203832,4076,0,0,199756,INR,2026-08-03T15:45:00Z,BATCH-TATA-3377
PO_B01_003378,Razorpay Nodal,PHNP-INV-427593 PO_B01_003378,141822,2968,0,0,138854,INR,2026-08-03T00:24:00Z,BATCH-PHNP-3378
PO_B01_003379,BillDesk Settlement,TATA-INV-526629 PO_B01_003379,107978,2574,0,0,105404,INR,2026-08-03T09:56:00Z,BATCH-TATA-3379
PO_B01_003380,Razorpay Nodal,MMTR-ORD-734384 MMTR-ORD-516668 MMTR-ORD-957030 BATCH-MMTR-3380,334043,6680,0,0,327363,INR,2026-08-02T22:39:00Z,BATCH-MMTR-3380
PO_B01_003381,BillDesk Settlement,AMZN-EXC-717231-UNRESOLVED,280790,5605,0,0,275185,INR,2026-08-03T18:09:00Z,HOLD-ESCROW
PO_B01_003382,Razorpay Nodal,JIOO-INV-465276 PO_B01_003382,311668,5834,0,0,305834,INR,2026-08-03T15:39:00Z,BATCH-JIOO-3382
PO_B01_003383,Razorpay Nodal,TATA-INV-379785 PO_B01_003383,267420,4811,0,0,262609,INR,2026-08-03T09:12:00Z,BATCH-TATA-3383
PO_B01_003384,Cashfree Escrow,BBAS-INV-211239 PO_B01_003384,116407,1908,0,0,114499,INR,2026-08-03T09:32:00Z,BATCH-BBAS-3384
PO_B01_003385,Cashfree Escrow,TATA-ORD-442116 TATA-ORD-169656 BATCH-TATA-3385,245203,4904,0,0,240299,INR,2026-08-03T09:22:00Z,BATCH-TATA-3385
PO_B01_003386,BillDesk Settlement,ZOMA-INV-179866 PO_B01_003386,379650,7811,0,0,371839,INR,2026-08-03T03:40:00Z,BATCH-ZOMA-3386
PO_B01_003387,PayU Enterprise,AMZN-INV-724294 PO_B01_003387,130005,2283,0,0,127722,INR,2026-08-02T20:21:00Z,BATCH-AMZN-3387
PO_B01_003388,Cashfree Escrow,UBER-INV-188961 PO_B01_003388,313251,7387,0,0,305864,INR,2026-08-03T01:23:00Z,BATCH-UBER-3388
PO_B01_003389,Stripe India,UBER-ORD-856782 UBER-ORD-140527 BATCH-UBER-3389,391295,7825,0,0,383470,INR,2026-08-03T06:06:00Z,BATCH-UBER-3389
PO_B01_003390,Razorpay Nodal,PHNP-INV-159882 PO_B01_003390,366667,7209,0,0,359458,INR,2026-08-02T17:46:00Z,BATCH-PHNP-3390
PO_B01_003391,PayU Enterprise,PAYT-INV-952039 PO_B01_003391,313960,4732,0,0,309228,INR,2026-08-02T18:17:00Z,BATCH-PAYT-3391
PO_B01_003392,PayU Enterprise,BKMS-ORD-604105 BKMS-ORD-444076 BKMS-ORD-286209 BATCH-BKMS-3392,540477,10809,0,0,529668,INR,2026-08-03T02:38:00Z,BATCH-BKMS-3392
PO_B01_003393,Razorpay Nodal,NYKA-INV-306185 PO_B01_003393,267259,6391,0,0,260868,INR,2026-08-03T10:45:00Z,BATCH-NYKA-3393
PO_B01_003394,Razorpay Nodal,MMTR-ORD-899802 MMTR-ORD-465950 MMTR-ORD-576220 BATCH-MMTR-3394,259388,5187,0,0,254201,INR,2026-08-03T11:46:00Z,BATCH-MMTR-3394
PO_B01_003395,Razorpay Nodal,NYKA-ORD-821324 NYKA-ORD-617685 BATCH-NYKA-3395,304658,6093,0,0,298565,INR,2026-08-02T23:41:00Z,BATCH-NYKA-3395
PO_B01_003396,Razorpay Nodal,BKMS-INV-441290 PO_B01_003396,347245,5260,0,0,341985,INR,2026-08-03T01:24:00Z,BATCH-BKMS-3396
PO_B01_003397,BillDesk Settlement,AMZN-INV-105019 PO_B01_003397,426500,7494,0,0,419006,INR,2026-08-03T19:48:00Z,BATCH-AMZN-3397
PO_B01_003398,BillDesk Settlement,ZOMA-ORD-464329 ZOMA-ORD-707894 BATCH-ZOMA-3398,201064,4021,0,0,197043,INR,2026-08-03T16:48:00Z,BATCH-ZOMA-3398
PO_B01_003399,Razorpay Nodal,TATA-INV-741753 PO_B01_003399,256112,6392,0,0,249720,INR,2026-08-03T06:40:00Z,BATCH-TATA-3399
PO_B01_003400,BillDesk Settlement,OLAA-INV-511193 PO_B01_003400,240496,5834,0,0,234662,INR,2026-08-03T08:43:00Z,BATCH-OLAA-3400
PO_B01_003401,Stripe India,FLPK-INV-582559 PO_B01_003401,225176,3567,0,0,221609,INR,2026-08-02T21:17:00Z,BATCH-FLPK-3401
PO_B01_003402,PayU Enterprise,BBAS-INV-152476 PO_B01_003402,243352,4424,0,0,238928,INR,2026-08-03T09:00:00Z,BATCH-BBAS-3402
PO_B01_003403,BillDesk Settlement,UBER-INV-749971 PO_B01_003403,228725,4816,0,0,223909,INR,2026-08-03T16:57:00Z,BATCH-UBER-3403
PO_B01_003404,Razorpay Nodal,NYKA-INV-717265 PO_B01_003404,230451,5204,0,0,225247,INR,2026-08-02T14:50:00Z,BATCH-NYKA-3404
PO_B01_003405,BillDesk Settlement,BKMS-INV-103398 PO_B01_003405,88742,1423,0,0,87319,INR,2026-08-02T21:41:00Z,BATCH-BKMS-3405
PO_B01_003406,PayU Enterprise,AMZN-INV-515690 PO_B01_003406,378850,7341,0,0,371509,INR,2026-08-03T15:25:00Z,BATCH-AMZN-3406
PO_B01_003407,PayU Enterprise,NYKA-INV-901293 PO_B01_003407,309287,5453,0,0,303834,INR,2026-08-02T20:34:00Z,BATCH-NYKA-3407
PO_B01_003408,Razorpay Nodal,PHNP-INV-820273 PO_B01_003408,199625,4198,0,0,195427,INR,2026-08-03T00:18:00Z,BATCH-PHNP-3408
PO_B01_003409,Stripe India,FLPK-INV-467059 PO_B01_003409,123694,2148,0,0,121546,INR,2026-08-03T03:05:00Z,BATCH-FLPK-3409
PO_B01_003410,PayU Enterprise,JIOO-INV-465877 PO_B01_003410,419196,6548,0,0,412648,INR,2026-08-02T18:38:00Z,BATCH-JIOO-3410
PO_B01_003411,Razorpay Nodal,PHNP-INV-770292 PO_B01_003411,243483,3697,0,0,239786,INR,2026-08-03T13:21:00Z,BATCH-PHNP-3411
PO_B01_003412,PayU Enterprise,NYKA-INV-712840 PO_B01_003412,140878,2442,0,0,138436,INR,2026-08-02T22:24:00Z,BATCH-NYKA-3412
PO_B01_003413,BillDesk Settlement,AMZN-INV-300348 PO_B01_003413,307676,4773,0,0,302903,INR,2026-08-03T03:33:00Z,BATCH-AMZN-3413
PO_B01_003414,Stripe India,SWIG-INV-813005 PO_B01_003414,84055,1305,0,0,82750,INR,2026-08-03T10:09:00Z,BATCH-SWIG-3414
PO_B01_003415,Cashfree Escrow,MMTR-INV-794575 PO_B01_003415,401349,6601,0,0,394748,INR,2026-08-03T15:41:00Z,BATCH-MMTR-3415
PO_B01_003416,Cashfree Escrow,OLAA-INV-187778 PO_B01_003416,336582,6247,0,0,330335,INR,2026-08-03T08:47:00Z,BATCH-OLAA-3416
PO_B01_003417,BillDesk Settlement,OLAA-INV-888872 PO_B01_003417,318042,4880,0,0,313162,INR,2026-08-02T21:07:00Z,BATCH-OLAA-3417
PO_B01_003418,Razorpay Nodal,OLAA-INV-407130 PO_B01_003418,202870,3780,0,0,199090,INR,2026-08-03T07:28:00Z,BATCH-OLAA-3418
PO_B01_003419,Cashfree Escrow,OLAA-INV-355848 PO_B01_003419,408626,7608,0,0,401018,INR,2026-08-02T23:13:00Z,BATCH-OLAA-3419
PO_B01_003420,Stripe India,PAYT-ORD-878409 PAYT-ORD-495779 PAYT-ORD-448380 BATCH-PAYT-3420,558839,11176,0,0,547663,INR,2026-08-03T12:20:00Z,BATCH-PAYT-3420
PO_B01_003421,Razorpay Nodal,MYNT-INV-476542 PO_B01_003421,172223,3893,0,0,168330,INR,2026-08-03T11:51:00Z,BATCH-MYNT-3421
PO_B01_003422,Cashfree Escrow,NYKA-INV-457051 PO_B01_003422,169104,3592,0,0,165512,INR,2026-08-03T17:28:00Z,BATCH-NYKA-3422
PO_B01_003423,Cashfree Escrow,PAYT-ORD-665872 PAYT-ORD-939456 PAYT-ORD-758370 BATCH-PAYT-3423,408832,8176,0,0,400656,INR,2026-08-03T08:25:00Z,BATCH-PAYT-3423
PO_B01_003424,Cashfree Escrow,AMZN-INV-455527 PO_B01_003424,52679,893,0,0,51786,INR,2026-08-03T10:14:00Z,BATCH-AMZN-3424
PO_B01_003425,PayU Enterprise,OLAA-ORD-308113 OLAA-ORD-394513 OLAA-ORD-287967 BATCH-OLAA-3425,276729,5534,0,0,271195,INR,2026-08-03T03:41:00Z,BATCH-OLAA-3425
PO_B01_003426,Razorpay Nodal,BLNK-INV-756265 PO_B01_003426,421699,8969,0,0,412730,INR,2026-08-02T19:30:00Z,BATCH-BLNK-3426
PO_B01_003427,Stripe India,SWIG-INV-593213 PO_B01_003427,159782,2736,0,0,157046,INR,2026-08-03T01:42:00Z,BATCH-SWIG-3427
PO_B01_003428,BillDesk Settlement,SWIG-INV-298861 PO_B01_003428,349848,7613,0,0,342235,INR,2026-08-03T07:44:00Z,BATCH-SWIG-3428
PO_B01_003429,PayU Enterprise,SWIG-INV-535424 PO_B01_003429,146966,2348,0,0,144618,INR,2026-08-03T19:00:00Z,BATCH-SWIG-3429
PO_B01_003430,Razorpay Nodal,PHNP-INV-699572 PO_B01_003430,339567,7771,0,0,331796,INR,2026-08-03T06:50:00Z,BATCH-PHNP-3430
PO_B01_003431,PayU Enterprise,OLAA-INV-463521 PO_B01_003431,368929,9106,0,0,359823,INR,2026-08-03T08:24:00Z,BATCH-OLAA-3431
PO_B01_003432,Razorpay Nodal,MYNT-ORD-818648 MYNT-ORD-376767 BATCH-MYNT-3432,245415,4908,0,0,240507,INR,2026-08-03T08:36:00Z,BATCH-MYNT-3432
PO_B01_003433,Cashfree Escrow,MMTR-INV-752160 PO_B01_003433,142015,3268,0,0,138747,INR,2026-08-03T20:17:00Z,BATCH-MMTR-3433
PO_B01_003434,Cashfree Escrow,TATA-EXC-487083-UNRESOLVED,215172,4293,0,0,210879,INR,2026-08-04T04:33:00Z,HOLD-ESCROW
PO_B01_003435,PayU Enterprise,AMZN-INV-702821 PO_B01_003435,38132,586,0,0,37546,INR,2026-08-02T20:46:00Z,BATCH-AMZN-3435
PO_B01_003436,Cashfree Escrow,OLAA-ORD-899489 OLAA-ORD-460257 OLAA-ORD-149212 BATCH-OLAA-3436,235643,4712,0,0,230931,INR,2026-08-03T17:11:00Z,BATCH-OLAA-3436
PO_B01_003437,Cashfree Escrow,FLPK-INV-123875 PO_B01_003437,428108,10180,0,0,417928,INR,2026-08-03T02:39:00Z,BATCH-FLPK-3437
PO_B01_003438,Razorpay Nodal,PAYT-INV-601272 PO_B01_003438,223088,3515,0,0,219573,INR,2026-08-03T05:41:00Z,BATCH-PAYT-3438
PO_B01_003439,Cashfree Escrow,MYNT-INV-909446 PO_B01_003439,147497,2797,0,0,144700,INR,2026-08-03T15:27:00Z,BATCH-MYNT-3439
PO_B01_003440,Razorpay Nodal,NYKA-INV-269666 PO_B01_003440,433176,8236,0,0,424940,INR,2026-08-03T13:14:00Z,BATCH-NYKA-3440
PO_B01_003441,Stripe India,BKMS-ORD-798124 BKMS-ORD-712527 BATCH-BKMS-3441,241707,4834,0,0,236873,INR,2026-08-03T15:50:00Z,BATCH-BKMS-3441
PO_B01_003442,Stripe India,NYKA-INV-740615 PO_B01_003442,121295,2687,0,0,118608,INR,2026-08-03T15:31:00Z,BATCH-NYKA-3442
PO_B01_003443,PayU Enterprise,PHNP-INV-539559 PO_B01_003443,383053,5988,0,0,377065,INR,2026-08-02T22:38:00Z,BATCH-PHNP-3443
PO_B01_003444,BillDesk Settlement,UBER-INV-251667 PO_B01_003444,195067,4837,0,0,190230,INR,2026-08-03T13:47:00Z,BATCH-UBER-3444
PO_B01_003445,PayU Enterprise,UBER-ORD-351378 UBER-ORD-868407 BATCH-UBER-3445,185499,3709,0,0,181790,INR,2026-08-03T09:31:00Z,BATCH-UBER-3445
PO_B01_003446,Stripe India,NYKA-EXC-729214-UNRESOLVED,266033,5310,0,0,260723,INR,2026-08-03T22:04:00Z,HOLD-ESCROW
PO_B01_003447,Cashfree Escrow,TATA-INV-770464 PO_B01_003447,129273,2207,0,0,127066,INR,2026-08-03T17:10:00Z,BATCH-TATA-3447
PO_B01_003448,Stripe India,MMTR-EXC-197899-UNRESOLVED,178749,3564,0,0,175185,INR,2026-08-03T18:13:00Z,HOLD-ESCROW
PO_B01_003449,Razorpay Nodal,FLPK-INV-206790 PO_B01_003449,396381,8928,0,0,387453,INR,2026-08-02T14:57:00Z,BATCH-FLPK-3449
PO_B01_003450,Stripe India,PHNP-INV-795915 PO_B01_003450,132102,2734,0,0,129368,INR,2026-08-03T15:43:00Z,BATCH-PHNP-3450
PO_B01_003451,Stripe India,JIOO-INV-845578 PO_B01_003451,92644,1499,0,0,91145,INR,2026-08-03T19:54:00Z,BATCH-JIOO-3451
PO_B01_003452,BillDesk Settlement,BBAS-ORD-170218 BBAS-ORD-152089 BATCH-BBAS-3452,323825,6476,0,0,317349,INR,2026-08-03T20:23:00Z,BATCH-BBAS-3452
PO_B01_003453,Razorpay Nodal,MMTR-ORD-289135 MMTR-ORD-891907 MMTR-ORD-823590 BATCH-MMTR-3453,461767,9235,0,0,452532,INR,2026-08-03T14:47:00Z,BATCH-MMTR-3453
PO_B01_003454,Cashfree Escrow,TATA-INV-177198 PO_B01_003454,330635,6808,0,0,323827,INR,2026-08-03T07:39:00Z,BATCH-TATA-3454
PO_B01_003455,Razorpay Nodal,PAYT-INV-182999 PO_B01_003455,339703,6576,0,0,333127,INR,2026-08-02T20:11:00Z,BATCH-PAYT-3455
PO_B01_003456,BillDesk Settlement,MYNT-ORD-677340 MYNT-ORD-939783 MYNT-ORD-813602 BATCH-MYNT-3456,564917,11298,0,0,553619,INR,2026-08-03T10:57:00Z,BATCH-MYNT-3456
PO_B01_003457,Stripe India,BKMS-INV-978298 PO_B01_003457,209677,3461,0,0,206216,INR,2026-08-03T16:38:00Z,BATCH-BKMS-3457
PO_B01_003458,Razorpay Nodal,AMZN-INV-476067 PO_B01_003458,236905,3927,0,0,232978,INR,2026-08-03T20:36:00Z,BATCH-AMZN-3458
PO_B01_003459,BillDesk Settlement,OLAA-ORD-324916 OLAA-ORD-113879 BATCH-OLAA-3459,102404,2048,0,0,100356,INR,2026-08-03T13:09:00Z,BATCH-OLAA-3459
PO_B01_003460,Cashfree Escrow,ZOMA-ORD-453844 ZOMA-ORD-116676 BATCH-ZOMA-3460,282206,5644,0,0,276562,INR,2026-08-02T22:11:00Z,BATCH-ZOMA-3460
PO_B01_003461,PayU Enterprise,MMTR-INV-976294 PO_B01_003461,104132,1664,0,0,102468,INR,2026-08-03T13:02:00Z,BATCH-MMTR-3461
PO_B01_003462,BillDesk Settlement,SWIG-INV-881815 PO_B01_003462,39364,799,0,0,38565,INR,2026-08-03T09:31:00Z,BATCH-SWIG-3462
PO_B01_003463,PayU Enterprise,FLPK-INV-367907 PO_B01_003463,287427,7016,0,0,280411,INR,2026-08-02T16:35:00Z,BATCH-FLPK-3463
PO_B01_003464,PayU Enterprise,NYKA-INV-658473 PO_B01_003464,225203,5188,0,0,220015,INR,2026-08-03T00:07:00Z,BATCH-NYKA-3464
PO_B01_003465,Cashfree Escrow,NYKA-INV-324869 PO_B01_003465,340871,7140,0,0,333731,INR,2026-08-02T22:29:00Z,BATCH-NYKA-3465
PO_B01_003466,BillDesk Settlement,BBAS-INV-495611 PO_B01_003466,351030,5497,0,0,345533,INR,2026-08-03T06:43:00Z,BATCH-BBAS-3466
PO_B01_003467,Razorpay Nodal,FLPK-INV-227869 PO_B01_003467,375814,7815,0,0,367999,INR,2026-08-02T18:36:00Z,BATCH-FLPK-3467
PO_B01_003468,Stripe India,AMZN-ORD-139425 AMZN-ORD-749606 AMZN-ORD-494323 BATCH-AMZN-3468,291226,5824,0,0,285402,INR,2026-08-03T07:45:00Z,BATCH-AMZN-3468
PO_B01_003469,Cashfree Escrow,TATA-INV-211685 PO_B01_003469,321585,6960,0,0,314625,INR,2026-08-03T10:54:00Z,BATCH-TATA-3469
PO_B01_003470,BillDesk Settlement,OLAA-ORD-909292 OLAA-ORD-712794 OLAA-ORD-118299 BATCH-OLAA-3470,547591,10951,0,0,536640,INR,2026-08-03T14:10:00Z,BATCH-OLAA-3470
PO_B01_003471,Cashfree Escrow,ZOMA-INV-698711 PO_B01_003471,333322,6428,0,0,326894,INR,2026-08-03T02:04:00Z,BATCH-ZOMA-3471
PO_B01_003472,Stripe India,TATA-ORD-656905 TATA-ORD-759029 TATA-ORD-452489 BATCH-TATA-3472,351122,7022,0,0,344100,INR,2026-08-03T14:16:00Z,BATCH-TATA-3472
PO_B01_003473,Stripe India,BBAS-INV-921980 PO_B01_003473,141881,3186,0,0,138695,INR,2026-08-03T08:12:00Z,BATCH-BBAS-3473
PO_B01_003474,BillDesk Settlement,NYKA-INV-364843 PO_B01_003474,256990,4746,0,0,252244,INR,2026-08-04T00:26:00Z,BATCH-NYKA-3474
PO_B01_003475,Cashfree Escrow,MYNT-INV-737520 PO_B01_003475,120366,1922,0,0,118444,INR,2026-08-03T11:15:00Z,BATCH-MYNT-3475
PO_B01_003476,Razorpay Nodal,JIOO-INV-141245 PO_B01_003476,327692,6787,0,0,320905,INR,2026-08-03T07:32:00Z,BATCH-JIOO-3476
PO_B01_003477,Razorpay Nodal,BKMS-INV-413366 PO_B01_003477,161865,3085,0,0,158780,INR,2026-08-03T11:37:00Z,BATCH-BKMS-3477
PO_B01_003478,Stripe India,PAYT-INV-575759 PO_B01_003478,70792,1353,0,0,69439,INR,2026-08-02T19:09:00Z,BATCH-PAYT-3478
PO_B01_003479,Stripe India,AMZN-INV-854262 PO_B01_003479,65443,1535,0,0,63908,INR,2026-08-03T07:55:00Z,BATCH-AMZN-3479
PO_B01_003480,Stripe India,UBER-INV-823439 PO_B01_003480,296061,4666,0,0,291395,INR,2026-08-02T16:54:00Z,BATCH-UBER-3480
PO_B01_003481,Stripe India,PAYT-INV-802410 PO_B01_003481,266032,6034,0,0,259998,INR,2026-08-03T21:31:00Z,BATCH-PAYT-3481
PO_B01_003482,Razorpay Nodal,NYKA-INV-743420 PO_B01_003482,38020,754,0,0,37266,INR,2026-08-03T00:07:00Z,BATCH-NYKA-3482
PO_B01_003483,BillDesk Settlement,MYNT-INV-641115 PO_B01_003483,220473,3333,0,0,217140,INR,2026-08-03T01:23:00Z,BATCH-MYNT-3483
PO_B01_003484,Razorpay Nodal,PHNP-INV-873175 PO_B01_003484,422778,9755,0,0,413023,INR,2026-08-03T11:28:00Z,BATCH-PHNP-3484
PO_B01_003485,Razorpay Nodal,ZOMA-INV-594284 PO_B01_003485,159135,2425,0,0,156710,INR,2026-08-03T03:33:00Z,BATCH-ZOMA-3485
PO_B01_003486,BillDesk Settlement,MYNT-INV-425953 PO_B01_003486,186067,3507,0,0,182560,INR,2026-08-03T13:11:00Z,BATCH-MYNT-3486
PO_B01_003487,Razorpay Nodal,MYNT-INV-679885 PO_B01_003487,298375,7189,0,0,291186,INR,2026-08-03T14:01:00Z,BATCH-MYNT-3487
PO_B01_003488,Cashfree Escrow,UBER-INV-675125 PO_B01_003488,195080,3579,0,0,191501,INR,2026-08-03T15:00:00Z,BATCH-UBER-3488
PO_B01_003489,Stripe India,NYKA-INV-881071 PO_B01_003489,379556,9072,0,0,370484,INR,2026-08-03T09:07:00Z,BATCH-NYKA-3489
PO_B01_003490,Cashfree Escrow,JIOO-INV-998733 PO_B01_003490,280014,4696,0,0,275318,INR,2026-08-03T11:06:00Z,BATCH-JIOO-3490
PO_B01_003491,Cashfree Escrow,UBER-INV-952813 PO_B01_003491,424673,6500,0,0,418173,INR,2026-08-03T09:10:00Z,BATCH-UBER-3491
PO_B01_003492,Cashfree Escrow,MYNT-ORD-672413 MYNT-ORD-644381 MYNT-ORD-178324 BATCH-MYNT-3492,290287,5805,0,0,284482,INR,2026-08-03T06:07:00Z,BATCH-MYNT-3492
PO_B01_003493,PayU Enterprise,PHNP-INV-463375 PO_B01_003493,246854,5443,0,0,241411,INR,2026-08-03T17:28:00Z,BATCH-PHNP-3493
PO_B01_003494,BillDesk Settlement,MMTR-INV-114044 PO_B01_003494,377850,7892,0,0,369958,INR,2026-08-02T17:14:00Z,BATCH-MMTR-3494
PO_B01_003495,Razorpay Nodal,TATA-ORD-492799 TATA-ORD-667937 TATA-ORD-956259 BATCH-TATA-3495,320696,6413,0,0,314283,INR,2026-08-03T04:03:00Z,BATCH-TATA-3495
PO_B01_003496,Razorpay Nodal,TATA-INV-326014 PO_B01_003496,302073,4872,0,0,297201,INR,2026-08-03T16:39:00Z,BATCH-TATA-3496
PO_B01_003497,Stripe India,MMTR-INV-597415 PO_B01_003497,96439,1533,0,0,94906,INR,2026-08-02T21:09:00Z,BATCH-MMTR-3497
PO_B01_003498,Razorpay Nodal,TATA-INV-915788 PO_B01_003498,218161,4013,0,0,214148,INR,2026-08-03T04:26:00Z,BATCH-TATA-3498
PO_B01_003499,PayU Enterprise,FLPK-INV-858356 PO_B01_003499,426591,8363,0,0,418228,INR,2026-08-03T14:36:00Z,BATCH-FLPK-3499
PO_B01_003500,Stripe India,FLPK-INV-398935 PO_B01_003500,397130,8338,0,0,388792,INR,2026-08-02T15:29:00Z,BATCH-FLPK-3500
PO_B01_003501,PayU Enterprise,BLNK-ORD-987396 BLNK-ORD-835861 BATCH-BLNK-3501,314981,6299,0,0,308682,INR,2026-08-03T06:59:00Z,BATCH-BLNK-3501
PO_B01_003502,Cashfree Escrow,NYKA-INV-542162 PO_B01_003502,345762,8503,0,0,337259,INR,2026-08-02T19:10:00Z,BATCH-NYKA-3502
PO_B01_003503,BillDesk Settlement,PHNP-INV-296495 PO_B01_003503,26860,457,0,0,26403,INR,2026-08-03T03:24:00Z,BATCH-PHNP-3503
PO_B01_003504,BillDesk Settlement,FLPK-INV-879093 PO_B01_003504,387717,6723,0,0,380994,INR,2026-08-02T23:37:00Z,BATCH-FLPK-3504
PO_B01_003505,Razorpay Nodal,FLPK-ORD-465713 FLPK-ORD-558391 BATCH-FLPK-3505,457597,9151,0,0,448446,INR,2026-08-03T12:34:00Z,BATCH-FLPK-3505
PO_B01_003506,Cashfree Escrow,PHNP-EXC-429920-UNRESOLVED,103159,2053,0,0,101106,INR,2026-08-03T12:21:00Z,HOLD-ESCROW
PO_B01_003507,PayU Enterprise,MYNT-ORD-667493 MYNT-ORD-685225 BATCH-MYNT-3507,253192,5063,0,0,248129,INR,2026-08-03T06:16:00Z,BATCH-MYNT-3507
PO_B01_003508,Razorpay Nodal,TATA-INV-821234 PO_B01_003508,203457,4772,0,0,198685,INR,2026-08-03T03:40:00Z,BATCH-TATA-3508
PO_B01_003509,Stripe India,ZOMA-INV-900889 PO_B01_003509,170178,3353,0,0,166825,INR,2026-08-03T12:35:00Z,BATCH-ZOMA-3509
PO_B01_003510,PayU Enterprise,NYKA-INV-611217 PO_B01_003510,170549,3067,0,0,167482,INR,2026-08-03T13:13:00Z,BATCH-NYKA-3510
PO_B01_003511,BillDesk Settlement,BKMS-INV-330485 PO_B01_003511,266411,5741,0,0,260670,INR,2026-08-03T10:44:00Z,BATCH-BKMS-3511
PO_B01_003512,Cashfree Escrow,ZOMA-INV-775910 PO_B01_003512,265577,4481,0,0,261096,INR,2026-08-03T08:03:00Z,BATCH-ZOMA-3512
PO_B01_003513,Stripe India,UBER-INV-535920 PO_B01_003513,144906,2778,0,0,142128,INR,2026-08-03T03:29:00Z,BATCH-UBER-3513
PO_B01_003514,Razorpay Nodal,MMTR-ORD-170757 MMTR-ORD-717491 MMTR-ORD-193995 BATCH-MMTR-3514,544736,10894,0,0,533842,INR,2026-08-03T06:47:00Z,BATCH-MMTR-3514
PO_B01_003515,Razorpay Nodal,PHNP-INV-883385 PO_B01_003515,367011,6196,0,0,360815,INR,2026-08-02T20:01:00Z,BATCH-PHNP-3515
PO_B01_003516,PayU Enterprise,PAYT-ORD-514892 PAYT-ORD-884309 PAYT-ORD-444485 BATCH-PAYT-3516,307105,6142,0,0,300963,INR,2026-08-03T09:50:00Z,BATCH-PAYT-3516
PO_B01_003517,Stripe India,MMTR-INV-122496 PO_B01_003517,435452,9902,0,0,425550,INR,2026-08-03T20:07:00Z,BATCH-MMTR-3517
PO_B01_003518,Stripe India,MMTR-INV-911469 PO_B01_003518,61933,1055,0,0,60878,INR,2026-08-03T06:14:00Z,BATCH-MMTR-3518
PO_B01_003519,BillDesk Settlement,MMTR-INV-832088 PO_B01_003519,230869,5263,0,0,225606,INR,2026-08-03T12:01:00Z,BATCH-MMTR-3519
PO_B01_003520,Razorpay Nodal,PAYT-INV-790363 PO_B01_003520,317840,5081,0,0,312759,INR,2026-08-03T03:46:00Z,BATCH-PAYT-3520
PO_B01_003521,PayU Enterprise,OLAA-ORD-946957 OLAA-ORD-500363 OLAA-ORD-893435 BATCH-OLAA-3521,489243,9784,0,0,479459,INR,2026-08-03T14:23:00Z,BATCH-OLAA-3521
PO_B01_003522,BillDesk Settlement,OLAA-ORD-615156 OLAA-ORD-558754 OLAA-ORD-747521 BATCH-OLAA-3522,357828,7156,0,0,350672,INR,2026-08-03T00:57:00Z,BATCH-OLAA-3522
PO_B01_003523,Razorpay Nodal,BLNK-INV-760226 PO_B01_003523,183674,2904,0,0,180770,INR,2026-08-03T15:41:00Z,BATCH-BLNK-3523
PO_B01_003524,PayU Enterprise,FLPK-ORD-790852 FLPK-ORD-393740 BATCH-FLPK-3524,90336,1806,0,0,88530,INR,2026-08-03T04:38:00Z,BATCH-FLPK-3524
PO_B01_003525,BillDesk Settlement,FLPK-INV-508127 PO_B01_003525,331021,6324,0,0,324697,INR,2026-08-02T14:34:00Z,BATCH-FLPK-3525
PO_B01_003526,Cashfree Escrow,OLAA-INV-238120 PO_B01_003526,57122,1048,0,0,56074,INR,2026-08-03T04:18:00Z,BATCH-OLAA-3526
PO_B01_003527,Cashfree Escrow,AMZN-INV-881759 PO_B01_003527,338962,8269,0,0,330693,INR,2026-08-02T22:10:00Z,BATCH-AMZN-3527
PO_B01_003528,BillDesk Settlement,ZOMA-INV-180544 PO_B01_003528,26253,586,0,0,25667,INR,2026-08-03T03:00:00Z,BATCH-ZOMA-3528
PO_B01_003529,Stripe India,NYKA-INV-501389 PO_B01_003529,425799,9327,0,0,416472,INR,2026-08-03T15:40:00Z,BATCH-NYKA-3529
PO_B01_003530,Razorpay Nodal,AMZN-ORD-328625 AMZN-ORD-843111 BATCH-AMZN-3530,300174,6003,0,0,294171,INR,2026-08-02T22:33:00Z,BATCH-AMZN-3530
PO_B01_003531,Stripe India,AMZN-INV-537675 PO_B01_003531,441131,10861,0,0,430270,INR,2026-08-03T17:16:00Z,BATCH-AMZN-3531
PO_B01_003532,Cashfree Escrow,FLPK-ORD-315172 FLPK-ORD-890276 FLPK-ORD-720914 BATCH-FLPK-3532,500793,10015,0,0,490778,INR,2026-08-03T06:46:00Z,BATCH-FLPK-3532
PO_B01_003533,Razorpay Nodal,PAYT-INV-813564 PO_B01_003533,362171,5487,0,0,356684,INR,2026-08-02T22:40:00Z,BATCH-PAYT-3533
PO_B01_003534,BillDesk Settlement,JIOO-INV-964084 PO_B01_003534,289693,5049,0,0,284644,INR,2026-08-02T23:24:00Z,BATCH-JIOO-3534
PO_B01_003535,Cashfree Escrow,MYNT-INV-593213 PO_B01_003535,438316,10403,0,0,427913,INR,2026-08-03T05:05:00Z,BATCH-MYNT-3535
PO_B01_003536,PayU Enterprise,SWIG-INV-810368 PO_B01_003536,276157,5554,0,0,270603,INR,2026-08-03T05:04:00Z,BATCH-SWIG-3536
PO_B01_003537,Cashfree Escrow,NYKA-INV-997713 PO_B01_003537,215477,3599,0,0,211878,INR,2026-08-03T21:35:00Z,BATCH-NYKA-3537
PO_B01_003538,Razorpay Nodal,UBER-INV-847220 PO_B01_003538,126887,2279,0,0,124608,INR,2026-08-02T20:41:00Z,BATCH-UBER-3538
PO_B01_003539,Cashfree Escrow,UBER-ORD-270469 UBER-ORD-791876 BATCH-UBER-3539,214787,4295,0,0,210492,INR,2026-08-03T06:00:00Z,BATCH-UBER-3539
PO_B01_003540,Stripe India,SWIG-INV-565593 PO_B01_003540,261219,4864,0,0,256355,INR,2026-08-03T03:24:00Z,BATCH-SWIG-3540
PO_B01_003541,PayU Enterprise,ZOMA-INV-716999 PO_B01_003541,153866,2678,0,0,151188,INR,2026-08-03T10:05:00Z,BATCH-ZOMA-3541
PO_B01_003542,PayU Enterprise,PHNP-EXC-434357-UNRESOLVED,79997,1589,0,0,78408,INR,2026-08-03T11:08:00Z,HOLD-ESCROW
PO_B01_003543,Razorpay Nodal,MYNT-ORD-776916 MYNT-ORD-601375 BATCH-MYNT-3543,200741,4014,0,0,196727,INR,2026-08-03T02:57:00Z,BATCH-MYNT-3543
PO_B01_003544,Razorpay Nodal,SWIG-INV-372384 PO_B01_003544,164637,3140,0,0,161497,INR,2026-08-03T09:50:00Z,BATCH-SWIG-3544
PO_B01_003545,BillDesk Settlement,PHNP-ORD-588751 PHNP-ORD-897050 PHNP-ORD-197826 BATCH-PHNP-3545,385792,7715,0,0,378077,INR,2026-08-03T03:03:00Z,BATCH-PHNP-3545
PO_B01_003546,PayU Enterprise,OLAA-INV-178917 PO_B01_003546,300328,6921,0,0,293407,INR,2026-08-02T22:47:00Z,BATCH-OLAA-3546
PO_B01_003547,PayU Enterprise,OLAA-ORD-761317 OLAA-ORD-238198 OLAA-ORD-204512 BATCH-OLAA-3547,481769,9635,0,0,472134,INR,2026-08-03T07:31:00Z,BATCH-OLAA-3547
PO_B01_003548,Cashfree Escrow,AMZN-INV-422703 PO_B01_003548,327719,8079,0,0,319640,INR,2026-08-03T15:47:00Z,BATCH-AMZN-3548
PO_B01_003549,Razorpay Nodal,BKMS-INV-466302 PO_B01_003549,269744,5286,0,0,264458,INR,2026-08-03T15:31:00Z,BATCH-BKMS-3549
PO_B01_003550,Stripe India,BLNK-INV-162043 PO_B01_003550,246860,3835,0,0,243025,INR,2026-08-03T05:58:00Z,BATCH-BLNK-3550
PO_B01_003551,Razorpay Nodal,OLAA-INV-676731 PO_B01_003551,76997,1753,0,0,75244,INR,2026-08-03T09:20:00Z,BATCH-OLAA-3551
PO_B01_003552,PayU Enterprise,AMZN-ORD-847610 AMZN-ORD-675267 BATCH-AMZN-3552,98912,1978,0,0,96934,INR,2026-08-03T19:59:00Z,BATCH-AMZN-3552
PO_B01_003553,BillDesk Settlement,ZOMA-ORD-345471 ZOMA-ORD-685509 BATCH-ZOMA-3553,210551,4211,0,0,206340,INR,2026-08-03T00:59:00Z,BATCH-ZOMA-3553
PO_B01_003554,Razorpay Nodal,NYKA-INV-793229 PO_B01_003554,306242,5831,0,0,300411,INR,2026-08-03T07:33:00Z,BATCH-NYKA-3554
PO_B01_003555,Cashfree Escrow,AMZN-ORD-976228 AMZN-ORD-473815 AMZN-ORD-924143 BATCH-AMZN-3555,269347,5386,0,0,263961,INR,2026-08-03T16:31:00Z,BATCH-AMZN-3555
PO_B01_003556,BillDesk Settlement,BLNK-INV-829569 PO_B01_003556,448148,6925,0,0,441223,INR,2026-08-03T17:26:00Z,BATCH-BLNK-3556
PO_B01_003557,Razorpay Nodal,OLAA-INV-441420 PO_B01_003557,433781,10734,0,0,423047,INR,2026-08-03T07:20:00Z,BATCH-OLAA-3557
PO_B01_003558,PayU Enterprise,NYKA-INV-187411 PO_B01_003558,407969,7384,0,0,400585,INR,2026-08-03T14:35:00Z,BATCH-NYKA-3558
PO_B01_003559,PayU Enterprise,PHNP-INV-614950 PO_B01_003559,308931,5950,0,0,302981,INR,2026-08-03T10:33:00Z,BATCH-PHNP-3559
PO_B01_003560,BillDesk Settlement,MMTR-INV-770928 PO_B01_003560,424014,9644,0,0,414370,INR,2026-08-03T09:41:00Z,BATCH-MMTR-3560
PO_B01_003561,PayU Enterprise,MYNT-INV-865511 PO_B01_003561,212050,3253,0,0,208797,INR,2026-08-03T16:53:00Z,BATCH-MYNT-3561
PO_B01_003562,BillDesk Settlement,TATA-INV-551980 PO_B01_003562,373722,8372,0,0,365350,INR,2026-08-03T15:03:00Z,BATCH-TATA-3562
PO_B01_003563,BillDesk Settlement,AMZN-ORD-531445 AMZN-ORD-999779 BATCH-AMZN-3563,260938,5218,0,0,255720,INR,2026-08-03T12:05:00Z,BATCH-AMZN-3563
PO_B01_003564,Stripe India,ZOMA-INV-883618 PO_B01_003564,344613,6814,0,0,337799,INR,2026-08-03T09:42:00Z,BATCH-ZOMA-3564
PO_B01_003565,Cashfree Escrow,NYKA-INV-888670 PO_B01_003565,118196,1980,0,0,116216,INR,2026-08-03T16:00:00Z,BATCH-NYKA-3565
PO_B01_003566,Cashfree Escrow,MYNT-ORD-619531 MYNT-ORD-956621 MYNT-ORD-751596 BATCH-MYNT-3566,294650,5893,0,0,288757,INR,2026-08-03T06:05:00Z,BATCH-MYNT-3566
PO_B01_003567,Stripe India,UBER-INV-307314 PO_B01_003567,374333,6055,0,0,368278,INR,2026-08-04T02:28:00Z,BATCH-UBER-3567
PO_B01_003568,PayU Enterprise,SWIG-EXC-485547-UNRESOLVED,258533,5160,0,0,253373,INR,2026-08-04T00:15:00Z,HOLD-ESCROW
PO_B01_003569,Razorpay Nodal,BLNK-INV-675882 PO_B01_003569,127921,3165,0,0,124756,INR,2026-08-03T21:39:00Z,BATCH-BLNK-3569
PO_B01_003570,Stripe India,TATA-INV-107604 PO_B01_003570,420090,7483,0,0,412607,INR,2026-08-03T08:23:00Z,BATCH-TATA-3570
PO_B01_003571,Cashfree Escrow,BKMS-INV-443934 PO_B01_003571,178977,3721,0,0,175256,INR,2026-08-03T02:10:00Z,BATCH-BKMS-3571
PO_B01_003572,Cashfree Escrow,PHNP-INV-149870 PO_B01_003572,192648,4215,0,0,188433,INR,2026-08-02T21:16:00Z,BATCH-PHNP-3572
PO_B01_003573,Cashfree Escrow,ZOMA-ORD-302723 ZOMA-ORD-699742 BATCH-ZOMA-3573,323765,6475,0,0,317290,INR,2026-08-03T17:15:00Z,BATCH-ZOMA-3573
PO_B01_003574,BillDesk Settlement,SWIG-INV-932083 PO_B01_003574,179312,4291,0,0,175021,INR,2026-08-03T05:27:00Z,BATCH-SWIG-3574
PO_B01_003575,Razorpay Nodal,ZOMA-INV-706087 PO_B01_003575,334539,6518,0,0,328021,INR,2026-08-03T05:32:00Z,BATCH-ZOMA-3575
PO_B01_003576,BillDesk Settlement,PAYT-INV-598989 PO_B01_003576,152217,3251,0,0,148966,INR,2026-08-03T12:48:00Z,BATCH-PAYT-3576
PO_B01_003577,Razorpay Nodal,BKMS-INV-141569 PO_B01_003577,281492,4981,0,0,276511,INR,2026-08-03T12:01:00Z,BATCH-BKMS-3577
PO_B01_003578,Razorpay Nodal,BLNK-INV-961557 PO_B01_003578,193938,4063,0,0,189875,INR,2026-08-02T16:21:00Z,BATCH-BLNK-3578
PO_B01_003579,BillDesk Settlement,OLAA-INV-793995 PO_B01_003579,111240,2504,0,0,108736,INR,2026-08-03T17:52:00Z,BATCH-OLAA-3579
PO_B01_003580,BillDesk Settlement,FLPK-ORD-901518 FLPK-ORD-603174 BATCH-FLPK-3580,259807,5196,0,0,254611,INR,2026-08-03T15:43:00Z,BATCH-FLPK-3580
PO_B01_003581,Cashfree Escrow,NYKA-ORD-608949 NYKA-ORD-974957 NYKA-ORD-578759 BATCH-NYKA-3581,385854,7717,0,0,378137,INR,2026-08-03T16:19:00Z,BATCH-NYKA-3581
PO_B01_003582,PayU Enterprise,BBAS-INV-337438 PO_B01_003582,395094,8363,0,0,386731,INR,2026-08-03T04:11:00Z,BATCH-BBAS-3582
PO_B01_003583,Stripe India,FLPK-ORD-611592 FLPK-ORD-952865 BATCH-FLPK-3583,265293,5305,0,0,259988,INR,2026-08-03T20:05:00Z,BATCH-FLPK-3583
PO_B01_003584,Razorpay Nodal,MMTR-INV-523591 PO_B01_003584,252245,4393,0,0,247852,INR,2026-08-03T02:53:00Z,BATCH-MMTR-3584
PO_B01_003585,Cashfree Escrow,MMTR-ORD-836553 MMTR-ORD-389444 MMTR-ORD-801293 BATCH-MMTR-3585,501196,10023,0,0,491173,INR,2026-08-03T17:13:00Z,BATCH-MMTR-3585
PO_B01_003586,Razorpay Nodal,BBAS-INV-909803 PO_B01_003586,437426,9011,0,0,428415,INR,2026-08-03T10:45:00Z,BATCH-BBAS-3586
PO_B01_003587,Stripe India,MYNT-ORD-679360 MYNT-ORD-669915 BATCH-MYNT-3587,285318,5706,0,0,279612,INR,2026-08-03T19:56:00Z,BATCH-MYNT-3587
PO_B01_003588,BillDesk Settlement,BKMS-INV-181091 PO_B01_003588,439969,7957,0,0,432012,INR,2026-08-03T07:21:00Z,BATCH-BKMS-3588
PO_B01_003589,Razorpay Nodal,SWIG-INV-542756 PO_B01_003589,65585,1120,0,0,64465,INR,2026-08-02T19:09:00Z,BATCH-SWIG-3589
PO_B01_003590,PayU Enterprise,TATA-INV-713003 PO_B01_003590,340240,6606,0,0,333634,INR,2026-08-02T19:55:00Z,BATCH-TATA-3590
PO_B01_003591,Cashfree Escrow,NYKA-INV-668908 PO_B01_003591,256569,4031,0,0,252538,INR,2026-08-03T08:04:00Z,BATCH-NYKA-3591
PO_B01_003592,Razorpay Nodal,BBAS-INV-758874 PO_B01_003592,143501,3264,0,0,140237,INR,2026-08-03T02:09:00Z,BATCH-BBAS-3592
PO_B01_003593,Stripe India,OLAA-INV-690385 PO_B01_003593,97016,1585,0,0,95431,INR,2026-08-02T16:35:00Z,BATCH-OLAA-3593
PO_B01_003594,Razorpay Nodal,NYKA-ORD-793296 NYKA-ORD-278536 NYKA-ORD-928737 BATCH-NYKA-3594,397354,7947,0,0,389407,INR,2026-08-03T03:13:00Z,BATCH-NYKA-3594
PO_B01_003595,Cashfree Escrow,SWIG-ORD-977100 SWIG-ORD-434129 SWIG-ORD-595917 BATCH-SWIG-3595,563273,11265,0,0,552008,INR,2026-08-03T00:52:00Z,BATCH-SWIG-3595
PO_B01_003596,PayU Enterprise,AMZN-INV-508625 PO_B01_003596,124776,1891,0,0,122885,INR,2026-08-03T09:38:00Z,BATCH-AMZN-3596
PO_B01_003597,BillDesk Settlement,PAYT-INV-373039 PO_B01_003597,260340,5252,0,0,255088,INR,2026-08-03T17:46:00Z,BATCH-PAYT-3597
PO_B01_003598,Razorpay Nodal,ZOMA-INV-614496 PO_B01_003598,373232,8550,0,0,364682,INR,2026-08-02T16:09:00Z,BATCH-ZOMA-3598
PO_B01_003599,Razorpay Nodal,TATA-INV-563352 PO_B01_003599,301255,5745,0,0,295510,INR,2026-08-03T04:05:00Z,BATCH-TATA-3599
PO_B01_003600,BillDesk Settlement,BLNK-INV-670866 PO_B01_003600,51095,1033,0,0,50062,INR,2026-08-03T08:47:00Z,BATCH-BLNK-3600
PO_B01_003601,Stripe India,NYKA-EXC-641086-UNRESOLVED,85407,1698,0,0,83709,INR,2026-08-04T03:11:00Z,HOLD-ESCROW
PO_B01_003602,BillDesk Settlement,NYKA-INV-616537 PO_B01_003602,118241,2198,0,0,116043,INR,2026-08-03T09:55:00Z,BATCH-NYKA-3602
PO_B01_003603,BillDesk Settlement,AMZN-INV-902038 PO_B01_003603,287365,5350,0,0,282015,INR,2026-08-03T03:35:00Z,BATCH-AMZN-3603
PO_B01_003604,PayU Enterprise,FLPK-ORD-617893 FLPK-ORD-646940 BATCH-FLPK-3604,310759,6215,0,0,304544,INR,2026-08-03T09:34:00Z,BATCH-FLPK-3604
PO_B01_003605,Razorpay Nodal,JIOO-INV-100405 PO_B01_003605,43257,1079,0,0,42178,INR,2026-08-03T01:18:00Z,BATCH-JIOO-3605
PO_B01_003606,PayU Enterprise,PHNP-INV-263213 PO_B01_003606,139113,2673,0,0,136440,INR,2026-08-03T05:27:00Z,BATCH-PHNP-3606
PO_B01_003607,BillDesk Settlement,JIOO-ORD-284902 JIOO-ORD-923956 BATCH-JIOO-3607,147659,2953,0,0,144706,INR,2026-08-03T15:55:00Z,BATCH-JIOO-3607
PO_B01_003608,Razorpay Nodal,BKMS-INV-481251 PO_B01_003608,252969,4765,0,0,248204,INR,2026-08-04T01:13:00Z,BATCH-BKMS-3608
PO_B01_003609,Razorpay Nodal,BKMS-ORD-980097 BKMS-ORD-731864 BATCH-BKMS-3609,264017,5280,0,0,258737,INR,2026-08-03T12:40:00Z,BATCH-BKMS-3609
PO_B01_003610,Razorpay Nodal,MYNT-INV-530713 PO_B01_003610,415035,9417,0,0,405618,INR,2026-08-03T16:12:00Z,BATCH-MYNT-3610
PO_B01_003611,Cashfree Escrow,JIOO-ORD-933763 JIOO-ORD-206652 BATCH-JIOO-3611,97104,1942,0,0,95162,INR,2026-08-03T18:06:00Z,BATCH-JIOO-3611
PO_B01_003612,PayU Enterprise,NYKA-INV-902532 PO_B01_003612,250020,5583,0,0,244437,INR,2026-08-03T07:21:00Z,BATCH-NYKA-3612
PO_B01_003613,Cashfree Escrow,BBAS-INV-192713 PO_B01_003613,177683,3402,0,0,174281,INR,2026-08-03T04:42:00Z,BATCH-BBAS-3613
PO_B01_003614,PayU Enterprise,BBAS-INV-283991 PO_B01_003614,169827,3781,0,0,166046,INR,2026-08-02T20:43:00Z,BATCH-BBAS-3614
PO_B01_003615,PayU Enterprise,ZOMA-ORD-870421 ZOMA-ORD-324022 BATCH-ZOMA-3615,183341,3666,0,0,179675,INR,2026-08-02T22:53:00Z,BATCH-ZOMA-3615
PO_B01_003616,Cashfree Escrow,JIOO-INV-700036 PO_B01_003616,43133,1074,0,0,42059,INR,2026-08-03T10:30:00Z,BATCH-JIOO-3616
PO_B01_003617,Cashfree Escrow,JIOO-INV-318707 PO_B01_003617,283504,5676,0,0,277828,INR,2026-08-02T13:48:00Z,BATCH-JIOO-3617
PO_B01_003618,Razorpay Nodal,FLPK-INV-828165 PO_B01_003618,55225,979,0,0,54246,INR,2026-08-02T23:42:00Z,BATCH-FLPK-3618
PO_B01_003619,Razorpay Nodal,NYKA-INV-325626 PO_B01_003619,32686,574,0,0,32112,INR,2026-08-02T16:26:00Z,BATCH-NYKA-3619
PO_B01_003620,Cashfree Escrow,SWIG-ORD-636913 SWIG-ORD-715756 BATCH-SWIG-3620,446870,8937,0,0,437933,INR,2026-08-03T07:55:00Z,BATCH-SWIG-3620
PO_B01_003621,Stripe India,FLPK-ORD-976125 FLPK-ORD-653571 BATCH-FLPK-3621,415692,8313,0,0,407379,INR,2026-08-03T13:15:00Z,BATCH-FLPK-3621
PO_B01_003622,BillDesk Settlement,BBAS-INV-955073 PO_B01_003622,249972,3970,0,0,246002,INR,2026-08-03T16:01:00Z,BATCH-BBAS-3622
PO_B01_003623,Stripe India,FLPK-ORD-197236 FLPK-ORD-544286 BATCH-FLPK-3623,246886,4937,0,0,241949,INR,2026-08-03T02:28:00Z,BATCH-FLPK-3623
PO_B01_003624,PayU Enterprise,BBAS-INV-410036 PO_B01_003624,307086,5858,0,0,301228,INR,2026-08-03T01:48:00Z,BATCH-BBAS-3624
PO_B01_003625,Stripe India,MYNT-INV-598929 PO_B01_003625,168102,3448,0,0,164654,INR,2026-08-03T00:32:00Z,BATCH-MYNT-3625
PO_B01_003626,PayU Enterprise,PHNP-INV-381286 PO_B01_003626,34151,798,0,0,33353,INR,2026-08-03T16:46:00Z,BATCH-PHNP-3626
PO_B01_003627,PayU Enterprise,ZOMA-EXC-466001-UNRESOLVED,204589,4081,0,0,200508,INR,2026-08-03T21:58:00Z,HOLD-ESCROW
PO_B01_003628,BillDesk Settlement,FLPK-INV-854533 PO_B01_003628,392974,6983,0,0,385991,INR,2026-08-03T08:54:00Z,BATCH-FLPK-3628
PO_B01_003629,PayU Enterprise,ZOMA-INV-866926 PO_B01_003629,428458,10417,0,0,418041,INR,2026-08-02T16:59:00Z,BATCH-ZOMA-3629
PO_B01_003630,Stripe India,PAYT-ORD-776923 PAYT-ORD-569594 BATCH-PAYT-3630,405770,8115,0,0,397655,INR,2026-08-03T09:57:00Z,BATCH-PAYT-3630
PO_B01_003631,Stripe India,ZOMA-INV-977963 PO_B01_003631,219492,4198,0,0,215294,INR,2026-08-02T21:35:00Z,BATCH-ZOMA-3631
PO_B01_003632,BillDesk Settlement,BLNK-INV-705317 PO_B01_003632,232218,3995,0,0,228223,INR,2026-08-03T21:57:00Z,BATCH-BLNK-3632
PO_B01_003633,Cashfree Escrow,PHNP-INV-187679 PO_B01_003633,390456,8166,0,0,382290,INR,2026-08-03T15:25:00Z,BATCH-PHNP-3633
PO_B01_003634,Razorpay Nodal,TATA-INV-374163 PO_B01_003634,317350,6986,0,0,310364,INR,2026-08-03T11:38:00Z,BATCH-TATA-3634
PO_B01_003635,Razorpay Nodal,JIOO-EXC-896216-UNRESOLVED,165288,3295,0,0,161993,INR,2026-08-04T07:49:00Z,HOLD-ESCROW
PO_B01_003636,Stripe India,ZOMA-INV-885504 PO_B01_003636,386356,8536,0,0,377820,INR,2026-08-03T08:51:00Z,BATCH-ZOMA-3636
PO_B01_003637,Stripe India,TATA-INV-670457 PO_B01_003637,442104,10604,0,0,431500,INR,2026-08-03T14:30:00Z,BATCH-TATA-3637
PO_B01_003638,Stripe India,JIOO-ORD-444434 JIOO-ORD-554434 BATCH-JIOO-3638,215199,4303,0,0,210896,INR,2026-08-03T13:59:00Z,BATCH-JIOO-3638
PO_B01_003639,BillDesk Settlement,AMZN-INV-351547 PO_B01_003639,182962,2858,0,0,180104,INR,2026-08-03T19:27:00Z,BATCH-AMZN-3639
PO_B01_003640,Razorpay Nodal,BLNK-INV-838628 PO_B01_003640,252344,3907,0,0,248437,INR,2026-08-03T04:37:00Z,BATCH-BLNK-3640
PO_B01_003641,Razorpay Nodal,OLAA-EXC-141315-UNRESOLVED,245759,4905,0,0,240854,INR,2026-08-03T17:28:00Z,HOLD-ESCROW
PO_B01_003642,Stripe India,PHNP-INV-619605 PO_B01_003642,369675,7091,0,0,362584,INR,2026-08-03T10:58:00Z,BATCH-PHNP-3642
PO_B01_003643,PayU Enterprise,NYKA-INV-599697 PO_B01_003643,285313,5639,0,0,279674,INR,2026-08-03T18:51:00Z,BATCH-NYKA-3643
PO_B01_003644,Cashfree Escrow,OLAA-ORD-493754 OLAA-ORD-516094 OLAA-ORD-200504 BATCH-OLAA-3644,196211,3924,0,0,192287,INR,2026-08-03T00:34:00Z,BATCH-OLAA-3644
PO_B01_003645,Stripe India,MYNT-INV-408575 PO_B01_003645,357157,8051,0,0,349106,INR,2026-08-03T04:54:00Z,BATCH-MYNT-3645
PO_B01_003646,PayU Enterprise,PHNP-EXC-950480-UNRESOLVED,103583,2061,0,0,101522,INR,2026-08-03T22:40:00Z,HOLD-ESCROW
PO_B01_003647,Cashfree Escrow,TATA-ORD-604309 TATA-ORD-642360 BATCH-TATA-3647,203363,4067,0,0,199296,INR,2026-08-03T03:48:00Z,BATCH-TATA-3647
PO_B01_003648,BillDesk Settlement,PHNP-INV-640203 PO_B01_003648,380150,8145,0,0,372005,INR,2026-08-03T15:12:00Z,BATCH-PHNP-3648
PO_B01_003649,Razorpay Nodal,BKMS-INV-481720 PO_B01_003649,63527,1097,0,0,62430,INR,2026-08-03T19:09:00Z,BATCH-BKMS-3649
PO_B01_003650,Stripe India,FLPK-INV-438739 PO_B01_003650,361525,7284,0,0,354241,INR,2026-08-03T12:09:00Z,BATCH-FLPK-3650
PO_B01_003651,BillDesk Settlement,MYNT-INV-805109 PO_B01_003651,317569,5934,0,0,311635,INR,2026-08-03T04:58:00Z,BATCH-MYNT-3651
PO_B01_003652,Stripe India,SWIG-ORD-688342 SWIG-ORD-512305 BATCH-SWIG-3652,218392,4367,0,0,214025,INR,2026-08-03T12:57:00Z,BATCH-SWIG-3652
PO_B01_003653,PayU Enterprise,BLNK-ORD-987237 BLNK-ORD-117016 BLNK-ORD-561765 BATCH-BLNK-3653,461185,9223,0,0,451962,INR,2026-08-03T07:08:00Z,BATCH-BLNK-3653
PO_B01_003654,BillDesk Settlement,MMTR-INV-537973 PO_B01_003654,233374,3978,0,0,229396,INR,2026-08-03T06:01:00Z,BATCH-MMTR-3654
PO_B01_003655,Stripe India,JIOO-INV-143896 PO_B01_003655,251152,6043,0,0,245109,INR,2026-08-03T00:18:00Z,BATCH-JIOO-3655
PO_B01_003656,Cashfree Escrow,AMZN-INV-493545 PO_B01_003656,431419,8538,0,0,422881,INR,2026-08-03T12:12:00Z,BATCH-AMZN-3656
PO_B01_003657,Cashfree Escrow,BKMS-INV-999703 PO_B01_003657,249017,4463,0,0,244554,INR,2026-08-03T15:59:00Z,BATCH-BKMS-3657
PO_B01_003658,Stripe India,BBAS-ORD-397960 BBAS-ORD-884883 BBAS-ORD-695894 BATCH-BBAS-3658,574370,11487,0,0,562883,INR,2026-08-03T15:42:00Z,BATCH-BBAS-3658
PO_B01_003659,Razorpay Nodal,AMZN-INV-249323 PO_B01_003659,32022,551,0,0,31471,INR,2026-08-03T02:11:00Z,BATCH-AMZN-3659
PO_B01_003660,PayU Enterprise,BLNK-INV-706142 PO_B01_003660,327805,7749,0,0,320056,INR,2026-08-03T17:08:00Z,BATCH-BLNK-3660
PO_B01_003661,Cashfree Escrow,SWIG-INV-713809 PO_B01_003661,305353,7381,0,0,297972,INR,2026-08-03T03:13:00Z,BATCH-SWIG-3661
PO_B01_003662,PayU Enterprise,PAYT-INV-422531 PO_B01_003662,390458,9572,0,0,380886,INR,2026-08-03T04:58:00Z,BATCH-PAYT-3662
PO_B01_003663,Stripe India,BLNK-INV-777529 PO_B01_003663,240495,5624,0,0,234871,INR,2026-08-03T14:29:00Z,BATCH-BLNK-3663
PO_B01_003664,BillDesk Settlement,UBER-ORD-638359 UBER-ORD-478119 UBER-ORD-116754 BATCH-UBER-3664,560943,11218,0,0,549725,INR,2026-08-03T19:59:00Z,BATCH-UBER-3664
PO_B01_003665,PayU Enterprise,BBAS-INV-178301 PO_B01_003665,144476,2175,0,0,142301,INR,2026-08-03T06:53:00Z,BATCH-BBAS-3665
PO_B01_003666,Cashfree Escrow,NYKA-EXC-438327-UNRESOLVED,258122,5152,0,0,252970,INR,2026-08-03T23:53:00Z,HOLD-ESCROW
PO_B01_003667,PayU Enterprise,AMZN-ORD-161605 AMZN-ORD-126539 BATCH-AMZN-3667,352930,7058,0,0,345872,INR,2026-08-03T11:36:00Z,BATCH-AMZN-3667
PO_B01_003668,Cashfree Escrow,BLNK-INV-248958 PO_B01_003668,27773,583,0,0,27190,INR,2026-08-02T20:59:00Z,BATCH-BLNK-3668
PO_B01_003669,BillDesk Settlement,TATA-INV-385487 PO_B01_003669,31898,755,0,0,31143,INR,2026-08-03T12:51:00Z,BATCH-TATA-3669
PO_B01_003670,Razorpay Nodal,MYNT-INV-839411 PO_B01_003670,343557,7353,0,0,336204,INR,2026-08-03T03:48:00Z,BATCH-MYNT-3670
PO_B01_003671,Cashfree Escrow,PHNP-ORD-966177 PHNP-ORD-793873 BATCH-PHNP-3671,375809,7516,0,0,368293,INR,2026-08-03T13:34:00Z,BATCH-PHNP-3671
PO_B01_003672,Razorpay Nodal,BKMS-INV-233249 PO_B01_003672,335380,6111,0,0,329269,INR,2026-08-03T06:58:00Z,BATCH-BKMS-3672
PO_B01_003673,Razorpay Nodal,PHNP-INV-792642 PO_B01_003673,186429,4327,0,0,182102,INR,2026-08-03T22:32:00Z,BATCH-PHNP-3673
PO_B01_003674,Stripe India,TATA-INV-733901 PO_B01_003674,130426,2720,0,0,127706,INR,2026-08-03T21:24:00Z,BATCH-TATA-3674
PO_B01_003675,Stripe India,BKMS-INV-712326 PO_B01_003675,56445,929,0,0,55516,INR,2026-08-03T11:40:00Z,BATCH-BKMS-3675
PO_B01_003676,Razorpay Nodal,JIOO-INV-119536 PO_B01_003676,152891,2722,0,0,150169,INR,2026-08-03T12:36:00Z,BATCH-JIOO-3676
PO_B01_003677,PayU Enterprise,PHNP-INV-176484 PO_B01_003677,188968,4352,0,0,184616,INR,2026-08-02T21:57:00Z,BATCH-PHNP-3677
PO_B01_003678,PayU Enterprise,NYKA-INV-687155 PO_B01_003678,280874,4308,0,0,276566,INR,2026-08-03T01:21:00Z,BATCH-NYKA-3678
PO_B01_003679,PayU Enterprise,JIOO-INV-262078 PO_B01_003679,72786,1452,0,0,71334,INR,2026-08-03T18:26:00Z,BATCH-JIOO-3679
PO_B01_003680,BillDesk Settlement,NYKA-INV-395118 PO_B01_003680,394666,7164,0,0,387502,INR,2026-08-03T11:09:00Z,BATCH-NYKA-3680
PO_B01_003681,Cashfree Escrow,BLNK-INV-709405 PO_B01_003681,200009,4605,0,0,195404,INR,2026-08-03T15:40:00Z,BATCH-BLNK-3681
PO_B01_003682,PayU Enterprise,MYNT-INV-864602 PO_B01_003682,198081,3107,0,0,194974,INR,2026-08-03T13:01:00Z,BATCH-MYNT-3682
PO_B01_003683,Razorpay Nodal,PHNP-ORD-112392 PHNP-ORD-120218 PHNP-ORD-876384 BATCH-PHNP-3683,366448,7328,0,0,359120,INR,2026-08-02T23:30:00Z,BATCH-PHNP-3683
PO_B01_003684,Razorpay Nodal,NYKA-ORD-923529 NYKA-ORD-832585 NYKA-ORD-777749 BATCH-NYKA-3684,580880,11617,0,0,569263,INR,2026-08-03T17:28:00Z,BATCH-NYKA-3684
PO_B01_003685,Stripe India,OLAA-EXC-312045-UNRESOLVED,185695,3703,0,0,181992,INR,2026-08-03T22:38:00Z,HOLD-ESCROW
PO_B01_003686,BillDesk Settlement,JIOO-ORD-943985 JIOO-ORD-881475 JIOO-ORD-999177 BATCH-JIOO-3686,276321,5526,0,0,270795,INR,2026-08-03T12:39:00Z,BATCH-JIOO-3686
PO_B01_003687,BillDesk Settlement,UBER-INV-560520 PO_B01_003687,246043,4632,0,0,241411,INR,2026-08-04T00:34:00Z,BATCH-UBER-3687
PO_B01_003688,Razorpay Nodal,JIOO-EXC-415009-UNRESOLVED,84707,1684,0,0,83023,INR,2026-08-03T21:12:00Z,HOLD-ESCROW
PO_B01_003689,BillDesk Settlement,MYNT-EXC-252474-UNRESOLVED,190935,3808,0,0,187127,INR,2026-08-03T17:23:00Z,HOLD-ESCROW
PO_B01_003690,Razorpay Nodal,PAYT-INV-842936 PO_B01_003690,265689,4123,0,0,261566,INR,2026-08-03T16:20:00Z,BATCH-PAYT-3690
PO_B01_003691,BillDesk Settlement,TATA-INV-198200 PO_B01_003691,309303,4756,0,0,304547,INR,2026-08-03T04:38:00Z,BATCH-TATA-3691
PO_B01_003692,PayU Enterprise,FLPK-INV-261172 PO_B01_003692,157702,3597,0,0,154105,INR,2026-08-03T06:04:00Z,BATCH-FLPK-3692
PO_B01_003693,BillDesk Settlement,PHNP-ORD-434800 PHNP-ORD-983801 BATCH-PHNP-3693,194794,3895,0,0,190899,INR,2026-08-03T06:56:00Z,BATCH-PHNP-3693
PO_B01_003694,BillDesk Settlement,ZOMA-INV-685326 PO_B01_003694,130367,2527,0,0,127840,INR,2026-08-02T19:32:00Z,BATCH-ZOMA-3694
PO_B01_003695,Razorpay Nodal,MYNT-INV-817670 PO_B01_003695,220248,4461,0,0,215787,INR,2026-08-03T06:40:00Z,BATCH-MYNT-3695
PO_B01_003696,BillDesk Settlement,BKMS-INV-148168 PO_B01_003696,405454,6863,0,0,398591,INR,2026-08-03T00:36:00Z,BATCH-BKMS-3696
PO_B01_003697,PayU Enterprise,SWIG-INV-276116 PO_B01_003697,343725,7099,0,0,336626,INR,2026-08-04T00:03:00Z,BATCH-SWIG-3697
PO_B01_003698,PayU Enterprise,ZOMA-INV-324624 PO_B01_003698,339404,5525,0,0,333879,INR,2026-08-03T14:09:00Z,BATCH-ZOMA-3698
PO_B01_003699,Cashfree Escrow,JIOO-ORD-592996 JIOO-ORD-288856 BATCH-JIOO-3699,321711,6434,0,0,315277,INR,2026-08-02T23:57:00Z,BATCH-JIOO-3699
PO_B01_003700,Cashfree Escrow,PAYT-INV-961368 PO_B01_003700,396222,9333,0,0,386889,INR,2026-08-03T15:24:00Z,BATCH-PAYT-3700
PO_B01_003701,Cashfree Escrow,BLNK-ORD-608322 BLNK-ORD-344411 BLNK-ORD-870393 BATCH-BLNK-3701,303888,6077,0,0,297811,INR,2026-08-03T02:45:00Z,BATCH-BLNK-3701
PO_B01_003702,Cashfree Escrow,OLAA-INV-506638 PO_B01_003702,169871,3225,0,0,166646,INR,2026-08-03T09:44:00Z,BATCH-OLAA-3702
PO_B01_003703,Razorpay Nodal,ZOMA-ORD-655913 ZOMA-ORD-598370 BATCH-ZOMA-3703,234983,4699,0,0,230284,INR,2026-08-02T22:26:00Z,BATCH-ZOMA-3703
PO_B01_003704,Stripe India,BLNK-INV-292429 PO_B01_003704,36798,797,0,0,36001,INR,2026-08-03T09:13:00Z,BATCH-BLNK-3704
PO_B01_003705,Cashfree Escrow,JIOO-ORD-234734 JIOO-ORD-651123 BATCH-JIOO-3705,277792,5555,0,0,272237,INR,2026-08-03T17:42:00Z,BATCH-JIOO-3705
PO_B01_003706,Razorpay Nodal,MMTR-ORD-658893 MMTR-ORD-821195 BATCH-MMTR-3706,176318,3526,0,0,172792,INR,2026-08-03T20:32:00Z,BATCH-MMTR-3706
PO_B01_003707,Stripe India,MMTR-ORD-200881 MMTR-ORD-808634 BATCH-MMTR-3707,206736,4134,0,0,202602,INR,2026-08-03T08:25:00Z,BATCH-MMTR-3707
PO_B01_003708,PayU Enterprise,PHNP-INV-725479 PO_B01_003708,427126,10029,0,0,417097,INR,2026-08-03T11:00:00Z,BATCH-PHNP-3708
PO_B01_003709,Stripe India,BLNK-ORD-904651 BLNK-ORD-712636 BLNK-ORD-133175 BATCH-BLNK-3709,370954,7419,0,0,363535,INR,2026-08-02T21:11:00Z,BATCH-BLNK-3709
PO_B01_003710,Cashfree Escrow,BLNK-INV-780037 PO_B01_003710,393002,8181,0,0,384821,INR,2026-08-03T04:45:00Z,BATCH-BLNK-3710
PO_B01_003711,Razorpay Nodal,MYNT-INV-336717 PO_B01_003711,176233,4003,0,0,172230,INR,2026-08-02T14:03:00Z,BATCH-MYNT-3711
PO_B01_003712,Cashfree Escrow,PHNP-EXC-785654-UNRESOLVED,298424,5958,0,0,292466,INR,2026-08-03T20:37:00Z,HOLD-ESCROW
PO_B01_003713,BillDesk Settlement,PHNP-INV-217901 PO_B01_003713,138190,3238,0,0,134952,INR,2026-08-03T14:06:00Z,BATCH-PHNP-3713
PO_B01_003714,Stripe India,BLNK-INV-343807 PO_B01_003714,378095,9421,0,0,368674,INR,2026-08-03T16:51:00Z,BATCH-BLNK-3714
PO_B01_003715,Stripe India,JIOO-INV-316047 PO_B01_003715,435057,7450,0,0,427607,INR,2026-08-03T12:09:00Z,BATCH-JIOO-3715
PO_B01_003716,Stripe India,OLAA-INV-424630 PO_B01_003716,287632,6456,0,0,281176,INR,2026-08-03T11:57:00Z,BATCH-OLAA-3716
PO_B01_003717,Razorpay Nodal,AMZN-INV-189894 PO_B01_003717,205758,3817,0,0,201941,INR,2026-08-03T01:11:00Z,BATCH-AMZN-3717
PO_B01_003718,PayU Enterprise,BKMS-INV-140129 PO_B01_003718,346179,6136,0,0,340043,INR,2026-08-03T12:13:00Z,BATCH-BKMS-3718
PO_B01_003719,Cashfree Escrow,NYKA-INV-181812 PO_B01_003719,45894,964,0,0,44930,INR,2026-08-03T12:51:00Z,BATCH-NYKA-3719
PO_B01_003720,Stripe India,BKMS-INV-520386 PO_B01_003720,131482,3265,0,0,128217,INR,2026-08-03T14:00:00Z,BATCH-BKMS-3720
PO_B01_003721,PayU Enterprise,BBAS-INV-990729 PO_B01_003721,261099,5536,0,0,255563,INR,2026-08-03T02:59:00Z,BATCH-BBAS-3721
PO_B01_003722,Razorpay Nodal,MYNT-INV-467052 PO_B01_003722,232089,4139,0,0,227950,INR,2026-08-02T18:40:00Z,BATCH-MYNT-3722
PO_B01_003723,PayU Enterprise,OLAA-INV-587195 PO_B01_003723,332019,7349,0,0,324670,INR,2026-08-02T18:20:00Z,BATCH-OLAA-3723
PO_B01_003724,Razorpay Nodal,ZOMA-INV-439661 PO_B01_003724,363974,7380,0,0,356594,INR,2026-08-03T14:53:00Z,BATCH-ZOMA-3724
PO_B01_003725,BillDesk Settlement,UBER-ORD-126319 UBER-ORD-571560 BATCH-UBER-3725,372514,7450,0,0,365064,INR,2026-08-03T13:19:00Z,BATCH-UBER-3725
PO_B01_003726,Razorpay Nodal,NYKA-ORD-258620 NYKA-ORD-738264 BATCH-NYKA-3726,291752,5835,0,0,285917,INR,2026-08-03T09:02:00Z,BATCH-NYKA-3726
PO_B01_003727,PayU Enterprise,JIOO-INV-642057 PO_B01_003727,241292,4214,0,0,237078,INR,2026-08-03T04:35:00Z,BATCH-JIOO-3727
PO_B01_003728,PayU Enterprise,PHNP-INV-398844 PO_B01_003728,214870,5114,0,0,209756,INR,2026-08-03T03:00:00Z,BATCH-PHNP-3728
PO_B01_003729,PayU Enterprise,UBER-INV-236853 PO_B01_003729,285876,6326,0,0,279550,INR,2026-08-03T13:37:00Z,BATCH-UBER-3729
PO_B01_003730,Cashfree Escrow,JIOO-INV-632815 PO_B01_003730,242394,4308,0,0,238086,INR,2026-08-03T14:51:00Z,BATCH-JIOO-3730
PO_B01_003731,Cashfree Escrow,NYKA-INV-177363 PO_B01_003731,137275,2107,0,0,135168,INR,2026-08-02T17:14:00Z,BATCH-NYKA-3731
PO_B01_003732,PayU Enterprise,FLPK-ORD-158387 FLPK-ORD-730165 FLPK-ORD-731447 BATCH-FLPK-3732,576450,11529,0,0,564921,INR,2026-08-02T23:51:00Z,BATCH-FLPK-3732
PO_B01_003733,Stripe India,FLPK-INV-550484 PO_B01_003733,401951,6368,0,0,395583,INR,2026-08-03T03:07:00Z,BATCH-FLPK-3733
PO_B01_003734,Stripe India,BLNK-INV-525531 PO_B01_003734,79527,1561,0,0,77966,INR,2026-08-03T01:25:00Z,BATCH-BLNK-3734
PO_B01_003735,BillDesk Settlement,JIOO-INV-237126 PO_B01_003735,96621,1838,0,0,94783,INR,2026-08-03T13:23:00Z,BATCH-JIOO-3735
PO_B01_003736,BillDesk Settlement,PAYT-INV-684171 PO_B01_003736,343764,8258,0,0,335506,INR,2026-08-03T14:25:00Z,BATCH-PAYT-3736
PO_B01_003737,Razorpay Nodal,FLPK-INV-119773 PO_B01_003737,438783,9012,0,0,429771,INR,2026-08-02T14:10:00Z,BATCH-FLPK-3737
PO_B01_003738,Razorpay Nodal,FLPK-INV-550326 PO_B01_003738,67868,1339,0,0,66529,INR,2026-08-02T18:54:00Z,BATCH-FLPK-3738
PO_B01_003739,Cashfree Escrow,NYKA-INV-406735 PO_B01_003739,392237,8563,0,0,383674,INR,2026-08-02T23:56:00Z,BATCH-NYKA-3739
PO_B01_003740,BillDesk Settlement,BLNK-ORD-939431 BLNK-ORD-507450 BATCH-BLNK-3740,407325,8146,0,0,399179,INR,2026-08-03T00:45:00Z,BATCH-BLNK-3740
PO_B01_003741,BillDesk Settlement,MYNT-ORD-237033 MYNT-ORD-530391 BATCH-MYNT-3741,321485,6429,0,0,315056,INR,2026-08-03T12:10:00Z,BATCH-MYNT-3741
PO_B01_003742,Stripe India,JIOO-INV-197811 PO_B01_003742,230772,5617,0,0,225155,INR,2026-08-03T13:21:00Z,BATCH-JIOO-3742
PO_B01_003743,Razorpay Nodal,OLAA-ORD-493556 OLAA-ORD-798463 OLAA-ORD-342440 BATCH-OLAA-3743,450750,9015,0,0,441735,INR,2026-08-03T08:47:00Z,BATCH-OLAA-3743
PO_B01_003744,PayU Enterprise,BBAS-INV-442488 PO_B01_003744,278193,5341,0,0,272852,INR,2026-08-03T07:21:00Z,BATCH-BBAS-3744
PO_B01_003745,BillDesk Settlement,PAYT-INV-961720 PO_B01_003745,339518,7991,0,0,331527,INR,2026-08-03T10:48:00Z,BATCH-PAYT-3745
PO_B01_003746,Cashfree Escrow,BBAS-INV-342442 PO_B01_003746,171526,3853,0,0,167673,INR,2026-08-03T01:15:00Z,BATCH-BBAS-3746
PO_B01_003747,Razorpay Nodal,SWIG-INV-280269 PO_B01_003747,281125,4489,0,0,276636,INR,2026-08-02T22:38:00Z,BATCH-SWIG-3747
PO_B01_003748,Razorpay Nodal,ZOMA-INV-579984 PO_B01_003748,365811,8742,0,0,357069,INR,2026-08-03T19:06:00Z,BATCH-ZOMA-3748
PO_B01_003749,BillDesk Settlement,MYNT-ORD-327315 MYNT-ORD-973178 BATCH-MYNT-3749,378781,7575,0,0,371206,INR,2026-08-03T01:42:00Z,BATCH-MYNT-3749
PO_B01_003750,Razorpay Nodal,BLNK-ORD-980966 BLNK-ORD-281114 BATCH-BLNK-3750,325149,6502,0,0,318647,INR,2026-08-03T03:12:00Z,BATCH-BLNK-3750
PO_B01_003751,Razorpay Nodal,MMTR-INV-740797 PO_B01_003751,387493,8655,0,0,378838,INR,2026-08-03T11:22:00Z,BATCH-MMTR-3751
PO_B01_003752,Razorpay Nodal,JIOO-INV-647553 PO_B01_003752,59387,1118,0,0,58269,INR,2026-08-03T01:14:00Z,BATCH-JIOO-3752
PO_B01_003753,BillDesk Settlement,PHNP-INV-611375 PO_B01_003753,265388,6575,0,0,258813,INR,2026-08-03T00:19:00Z,BATCH-PHNP-3753
PO_B01_003754,Cashfree Escrow,PHNP-ORD-363409 PHNP-ORD-864191 PHNP-ORD-441319 BATCH-PHNP-3754,418020,8360,0,0,409660,INR,2026-08-03T14:55:00Z,BATCH-PHNP-3754
PO_B01_003755,BillDesk Settlement,SWIG-INV-458906 PO_B01_003755,97647,1898,0,0,95749,INR,2026-08-03T01:36:00Z,BATCH-SWIG-3755
PO_B01_003756,BillDesk Settlement,FLPK-INV-993707 PO_B01_003756,106564,2301,0,0,104263,INR,2026-08-03T11:38:00Z,BATCH-FLPK-3756
PO_B01_003757,PayU Enterprise,BKMS-INV-154182 PO_B01_003757,72605,1190,0,0,71415,INR,2026-08-02T21:44:00Z,BATCH-BKMS-3757
PO_B01_003758,Cashfree Escrow,SWIG-INV-641806 PO_B01_003758,239138,5004,0,0,234134,INR,2026-08-03T12:19:00Z,BATCH-SWIG-3758
PO_B01_003759,Razorpay Nodal,NYKA-INV-257769 PO_B01_003759,80132,1568,0,0,78564,INR,2026-08-03T08:45:00Z,BATCH-NYKA-3759
PO_B01_003760,BillDesk Settlement,SWIG-INV-393637 PO_B01_003760,123171,2475,0,0,120696,INR,2026-08-02T23:41:00Z,BATCH-SWIG-3760
PO_B01_003761,BillDesk Settlement,UBER-INV-880718 PO_B01_003761,377398,7620,0,0,369778,INR,2026-08-03T04:04:00Z,BATCH-UBER-3761
PO_B01_003762,BillDesk Settlement,NYKA-INV-178502 PO_B01_003762,37358,850,0,0,36508,INR,2026-08-03T09:37:00Z,BATCH-NYKA-3762
PO_B01_003763,BillDesk Settlement,UBER-INV-782889 PO_B01_003763,429637,8855,0,0,420782,INR,2026-08-02T21:15:00Z,BATCH-UBER-3763
PO_B01_003764,Stripe India,BLNK-INV-374666 PO_B01_003764,133067,3165,0,0,129902,INR,2026-08-03T23:21:00Z,BATCH-BLNK-3764
PO_B01_003765,Stripe India,NYKA-ORD-526241 NYKA-ORD-592106 BATCH-NYKA-3765,260291,5205,0,0,255086,INR,2026-08-03T14:00:00Z,BATCH-NYKA-3765
PO_B01_003766,PayU Enterprise,MYNT-ORD-918496 MYNT-ORD-692753 BATCH-MYNT-3766,125156,2503,0,0,122653,INR,2026-08-02T21:57:00Z,BATCH-MYNT-3766
PO_B01_003767,PayU Enterprise,AMZN-ORD-672848 AMZN-ORD-533718 AMZN-ORD-181102 BATCH-AMZN-3767,389491,7789,0,0,381702,INR,2026-08-02T23:31:00Z,BATCH-AMZN-3767
PO_B01_003768,Stripe India,TATA-ORD-450502 TATA-ORD-391776 BATCH-TATA-3768,248070,4961,0,0,243109,INR,2026-08-03T13:28:00Z,BATCH-TATA-3768
PO_B01_003769,PayU Enterprise,BKMS-INV-371712 PO_B01_003769,443060,7242,0,0,435818,INR,2026-08-03T19:27:00Z,BATCH-BKMS-3769
PO_B01_003770,Cashfree Escrow,TATA-INV-245082 PO_B01_003770,86718,1691,0,0,85027,INR,2026-08-03T01:31:00Z,BATCH-TATA-3770
PO_B01_003771,Razorpay Nodal,OLAA-ORD-923401 OLAA-ORD-468626 BATCH-OLAA-3771,262337,5246,0,0,257091,INR,2026-08-03T20:20:00Z,BATCH-OLAA-3771
PO_B01_003772,Razorpay Nodal,PAYT-ORD-713852 PAYT-ORD-711951 BATCH-PAYT-3772,242185,4843,0,0,237342,INR,2026-08-03T04:55:00Z,BATCH-PAYT-3772
PO_B01_003773,Cashfree Escrow,PAYT-INV-370991 PO_B01_003773,172553,3425,0,0,169128,INR,2026-08-03T12:22:00Z,BATCH-PAYT-3773
PO_B01_003774,Razorpay Nodal,FLPK-EXC-169528-UNRESOLVED,289303,5776,0,0,283527,INR,2026-08-03T15:44:00Z,HOLD-ESCROW
PO_B01_003775,PayU Enterprise,FLPK-ORD-875101 FLPK-ORD-759259 BATCH-FLPK-3775,391908,7838,0,0,384070,INR,2026-08-03T07:33:00Z,BATCH-FLPK-3775
PO_B01_003776,BillDesk Settlement,AMZN-INV-829481 PO_B01_003776,329099,5507,0,0,323592,INR,2026-08-02T21:02:00Z,BATCH-AMZN-3776
PO_B01_003777,Razorpay Nodal,FLPK-ORD-565809 FLPK-ORD-741853 BATCH-FLPK-3777,252686,5053,0,0,247633,INR,2026-08-03T11:09:00Z,BATCH-FLPK-3777
PO_B01_003778,Stripe India,UBER-EXC-685974-UNRESOLVED,89311,1776,0,0,87535,INR,2026-08-04T07:24:00Z,HOLD-ESCROW
PO_B01_003779,BillDesk Settlement,OLAA-INV-492151 PO_B01_003779,162030,3435,0,0,158595,INR,2026-08-03T08:08:00Z,BATCH-OLAA-3779
PO_B01_003780,BillDesk Settlement,BKMS-ORD-738856 BKMS-ORD-434548 BATCH-BKMS-3780,387811,7756,0,0,380055,INR,2026-08-02T22:13:00Z,BATCH-BKMS-3780
PO_B01_003781,Cashfree Escrow,MYNT-INV-320890 PO_B01_003781,181299,4099,0,0,177200,INR,2026-08-03T08:40:00Z,BATCH-MYNT-3781
PO_B01_003782,Cashfree Escrow,TATA-ORD-349562 TATA-ORD-988857 BATCH-TATA-3782,196771,3935,0,0,192836,INR,2026-08-03T02:32:00Z,BATCH-TATA-3782
PO_B01_003783,Cashfree Escrow,NYKA-ORD-697557 NYKA-ORD-811160 BATCH-NYKA-3783,339285,6785,0,0,332500,INR,2026-08-03T00:52:00Z,BATCH-NYKA-3783
PO_B01_003784,Stripe India,MYNT-INV-309862 PO_B01_003784,426956,8530,0,0,418426,INR,2026-08-03T20:39:00Z,BATCH-MYNT-3784
PO_B01_003785,Cashfree Escrow,AMZN-INV-509731 PO_B01_003785,149427,2370,0,0,147057,INR,2026-08-02T19:28:00Z,BATCH-AMZN-3785
PO_B01_003786,BillDesk Settlement,NYKA-ORD-769351 NYKA-ORD-871939 NYKA-ORD-231517 BATCH-NYKA-3786,469118,9382,0,0,459736,INR,2026-08-03T18:24:00Z,BATCH-NYKA-3786
PO_B01_003787,Razorpay Nodal,NYKA-INV-710725 PO_B01_003787,242992,4601,0,0,238391,INR,2026-08-03T04:07:00Z,BATCH-NYKA-3787
PO_B01_003788,BillDesk Settlement,FLPK-INV-312765 PO_B01_003788,311318,6461,0,0,304857,INR,2026-08-03T14:39:00Z,BATCH-FLPK-3788
PO_B01_003789,BillDesk Settlement,BBAS-INV-907030 PO_B01_003789,209001,4969,0,0,204032,INR,2026-08-03T01:47:00Z,BATCH-BBAS-3789
PO_B01_003790,Stripe India,JIOO-INV-988206 PO_B01_003790,103069,2494,0,0,100575,INR,2026-08-03T12:53:00Z,BATCH-JIOO-3790
PO_B01_003791,BillDesk Settlement,NYKA-EXC-822090-UNRESOLVED,253259,5055,0,0,248204,INR,2026-08-03T21:00:00Z,HOLD-ESCROW
PO_B01_003792,Razorpay Nodal,OLAA-INV-894583 PO_B01_003792,261239,5701,0,0,255538,INR,2026-08-03T08:16:00Z,BATCH-OLAA-3792
PO_B01_003793,BillDesk Settlement,PHNP-INV-276605 PO_B01_003793,153217,3299,0,0,149918,INR,2026-08-03T15:58:00Z,BATCH-PHNP-3793
PO_B01_003794,Cashfree Escrow,OLAA-INV-406103 PO_B01_003794,312010,4755,0,0,307255,INR,2026-08-03T07:45:00Z,BATCH-OLAA-3794
PO_B01_003795,PayU Enterprise,TATA-INV-482577 PO_B01_003795,184089,2954,0,0,181135,INR,2026-08-03T10:48:00Z,BATCH-TATA-3795
PO_B01_003796,Cashfree Escrow,JIOO-INV-413715 PO_B01_003796,302370,6228,0,0,296142,INR,2026-08-03T01:02:00Z,BATCH-JIOO-3796
PO_B01_003797,PayU Enterprise,NYKA-INV-254251 PO_B01_003797,76846,1784,0,0,75062,INR,2026-08-03T17:43:00Z,BATCH-NYKA-3797
PO_B01_003798,PayU Enterprise,NYKA-INV-714314 PO_B01_003798,38161,723,0,0,37438,INR,2026-08-02T21:53:00Z,BATCH-NYKA-3798
PO_B01_003799,PayU Enterprise,BBAS-INV-510930 PO_B01_003799,295656,6339,0,0,289317,INR,2026-08-03T13:22:00Z,BATCH-BBAS-3799
PO_B01_003800,Stripe India,BBAS-INV-715340 PO_B01_003800,315469,6128,0,0,309341,INR,2026-08-02T18:03:00Z,BATCH-BBAS-3800
PO_B01_003801,Cashfree Escrow,JIOO-ORD-210845 JIOO-ORD-502933 BATCH-JIOO-3801,190328,3806,0,0,186522,INR,2026-08-02T23:37:00Z,BATCH-JIOO-3801
PO_B01_003802,Razorpay Nodal,NYKA-INV-554332 PO_B01_003802,267057,6459,0,0,260598,INR,2026-08-03T05:06:00Z,BATCH-NYKA-3802
PO_B01_003803,Razorpay Nodal,NYKA-INV-176933 PO_B01_003803,379327,8646,0,0,370681,INR,2026-08-03T09:23:00Z,BATCH-NYKA-3803
PO_B01_003804,PayU Enterprise,NYKA-INV-189975 PO_B01_003804,35440,660,0,0,34780,INR,2026-08-03T03:03:00Z,BATCH-NYKA-3804
PO_B01_003805,BillDesk Settlement,TATA-INV-368964 PO_B01_003805,140668,2893,0,0,137775,INR,2026-08-03T21:29:00Z,BATCH-TATA-3805
PO_B01_003806,Stripe India,FLPK-ORD-244015 FLPK-ORD-643155 BATCH-FLPK-3806,276693,5533,0,0,271160,INR,2026-08-03T13:35:00Z,BATCH-FLPK-3806
PO_B01_003807,Cashfree Escrow,BLNK-ORD-952377 BLNK-ORD-592516 BATCH-BLNK-3807,358201,7164,0,0,351037,INR,2026-08-03T20:06:00Z,BATCH-BLNK-3807
PO_B01_003808,Razorpay Nodal,SWIG-ORD-176252 SWIG-ORD-778844 BATCH-SWIG-3808,410779,8215,0,0,402564,INR,2026-08-03T12:53:00Z,BATCH-SWIG-3808
PO_B01_003809,Razorpay Nodal,AMZN-ORD-997133 AMZN-ORD-345458 BATCH-AMZN-3809,395714,7914,0,0,387800,INR,2026-08-03T07:34:00Z,BATCH-AMZN-3809
PO_B01_003810,Cashfree Escrow,BLNK-ORD-948055 BLNK-ORD-819155 BATCH-BLNK-3810,460964,9219,0,0,451745,INR,2026-08-03T11:50:00Z,BATCH-BLNK-3810
PO_B01_003811,Cashfree Escrow,SWIG-INV-346344 PO_B01_003811,344582,6845,0,0,337737,INR,2026-08-03T02:16:00Z,BATCH-SWIG-3811
PO_B01_003812,Razorpay Nodal,PHNP-INV-800788 PO_B01_003812,33050,790,0,0,32260,INR,2026-08-03T05:40:00Z,BATCH-PHNP-3812
PO_B01_003813,Cashfree Escrow,JIOO-INV-791784 PO_B01_003813,441904,7251,0,0,434653,INR,2026-08-03T05:43:00Z,BATCH-JIOO-3813
PO_B01_003814,BillDesk Settlement,BLNK-INV-498002 PO_B01_003814,405652,9997,0,0,395655,INR,2026-08-03T15:49:00Z,BATCH-BLNK-3814
PO_B01_003815,Cashfree Escrow,BKMS-ORD-890283 BKMS-ORD-283619 BATCH-BKMS-3815,338156,6763,0,0,331393,INR,2026-08-03T11:30:00Z,BATCH-BKMS-3815
PO_B01_003816,Razorpay Nodal,BBAS-INV-362187 PO_B01_003816,240231,4969,0,0,235262,INR,2026-08-02T20:53:00Z,BATCH-BBAS-3816
PO_B01_003817,Cashfree Escrow,OLAA-INV-565299 PO_B01_003817,190592,2958,0,0,187634,INR,2026-08-03T14:00:00Z,BATCH-OLAA-3817
PO_B01_003818,Stripe India,PAYT-INV-432532 PO_B01_003818,321200,6092,0,0,315108,INR,2026-08-03T02:19:00Z,BATCH-PAYT-3818
PO_B01_003819,PayU Enterprise,UBER-INV-244370 PO_B01_003819,444363,11003,0,0,433360,INR,2026-08-02T22:54:00Z,BATCH-UBER-3819
PO_B01_003820,PayU Enterprise,BKMS-INV-746823 PO_B01_003820,116378,1777,0,0,114601,INR,2026-08-03T01:27:00Z,BATCH-BKMS-3820
PO_B01_003821,PayU Enterprise,BLNK-INV-543724 PO_B01_003821,345869,6317,0,0,339552,INR,2026-08-03T03:09:00Z,BATCH-BLNK-3821
PO_B01_003822,PayU Enterprise,BBAS-INV-471544 PO_B01_003822,392674,8994,0,0,383680,INR,2026-08-03T09:06:00Z,BATCH-BBAS-3822
PO_B01_003823,BillDesk Settlement,UBER-INV-171150 PO_B01_003823,341080,6620,0,0,334460,INR,2026-08-02T23:15:00Z,BATCH-UBER-3823
PO_B01_003824,BillDesk Settlement,PAYT-ORD-505109 PAYT-ORD-160087 BATCH-PAYT-3824,367985,7359,0,0,360626,INR,2026-08-03T17:10:00Z,BATCH-PAYT-3824
PO_B01_003825,Stripe India,NYKA-ORD-511168 NYKA-ORD-674381 BATCH-NYKA-3825,378326,7566,0,0,370760,INR,2026-08-03T06:15:00Z,BATCH-NYKA-3825
PO_B01_003826,Cashfree Escrow,AMZN-INV-161503 PO_B01_003826,71739,1571,0,0,70168,INR,2026-08-02T22:56:00Z,BATCH-AMZN-3826
PO_B01_003827,PayU Enterprise,AMZN-INV-441480 PO_B01_003827,58892,887,0,0,58005,INR,2026-08-03T11:30:00Z,BATCH-AMZN-3827
PO_B01_003828,BillDesk Settlement,ZOMA-INV-135168 PO_B01_003828,49612,974,0,0,48638,INR,2026-08-03T03:25:00Z,BATCH-ZOMA-3828
PO_B01_003829,Razorpay Nodal,AMZN-ORD-633051 AMZN-ORD-803204 BATCH-AMZN-3829,406975,8139,0,0,398836,INR,2026-08-03T01:20:00Z,BATCH-AMZN-3829
PO_B01_003830,PayU Enterprise,JIOO-INV-563446 PO_B01_003830,257103,4056,0,0,253047,INR,2026-08-03T11:41:00Z,BATCH-JIOO-3830
PO_B01_003831,Razorpay Nodal,BKMS-INV-410305 PO_B01_003831,426241,10620,0,0,415621,INR,2026-08-03T14:26:00Z,BATCH-BKMS-3831
PO_B01_003832,Razorpay Nodal,OLAA-ORD-954859 OLAA-ORD-270643 BATCH-OLAA-3832,216475,4329,0,0,212146,INR,2026-08-03T14:52:00Z,BATCH-OLAA-3832
PO_B01_003833,Stripe India,UBER-INV-501227 PO_B01_003833,135287,2577,0,0,132710,INR,2026-08-03T16:16:00Z,BATCH-UBER-3833
PO_B01_003834,BillDesk Settlement,AMZN-EXC-896359-UNRESOLVED,185590,3701,0,0,181889,INR,2026-08-03T12:03:00Z,HOLD-ESCROW
PO_B01_003835,Stripe India,MYNT-ORD-896023 MYNT-ORD-604787 BATCH-MYNT-3835,347144,6942,0,0,340202,INR,2026-08-03T20:36:00Z,BATCH-MYNT-3835
PO_B01_003836,PayU Enterprise,FLPK-EXC-491134-UNRESOLVED,155330,3096,0,0,152234,INR,2026-08-03T09:02:00Z,HOLD-ESCROW
PO_B01_003837,Razorpay Nodal,MYNT-INV-558944 PO_B01_003837,31846,693,0,0,31153,INR,2026-08-04T00:07:00Z,BATCH-MYNT-3837
PO_B01_003838,Razorpay Nodal,JIOO-ORD-346763 JIOO-ORD-421321 JIOO-ORD-866076 BATCH-JIOO-3838,471571,9431,0,0,462140,INR,2026-08-03T16:52:00Z,BATCH-JIOO-3838
PO_B01_003839,Razorpay Nodal,OLAA-INV-571686 PO_B01_003839,313341,5083,0,0,308258,INR,2026-08-03T16:52:00Z,BATCH-OLAA-3839
PO_B01_003840,Cashfree Escrow,MMTR-INV-361593 PO_B01_003840,221209,5058,0,0,216151,INR,2026-08-03T12:25:00Z,BATCH-MMTR-3840
PO_B01_003841,Stripe India,FLPK-ORD-123272 FLPK-ORD-486849 FLPK-ORD-351468 BATCH-FLPK-3841,341394,6827,0,0,334567,INR,2026-08-02T23:22:00Z,BATCH-FLPK-3841
PO_B01_003842,PayU Enterprise,JIOO-ORD-391939 JIOO-ORD-729927 JIOO-ORD-401672 BATCH-JIOO-3842,447161,8943,0,0,438218,INR,2026-08-03T16:39:00Z,BATCH-JIOO-3842
PO_B01_003843,BillDesk Settlement,MMTR-INV-772052 PO_B01_003843,67128,1252,0,0,65876,INR,2026-08-03T08:36:00Z,BATCH-MMTR-3843
PO_B01_003844,Razorpay Nodal,FLPK-INV-420500 PO_B01_003844,147992,3584,0,0,144408,INR,2026-08-03T14:37:00Z,BATCH-FLPK-3844
PO_B01_003845,PayU Enterprise,JIOO-ORD-401593 JIOO-ORD-577764 JIOO-ORD-289097 BATCH-JIOO-3845,473460,9469,0,0,463991,INR,2026-08-02T21:30:00Z,BATCH-JIOO-3845
PO_B01_003846,Stripe India,ZOMA-INV-794193 PO_B01_003846,392593,9023,0,0,383570,INR,2026-08-03T14:39:00Z,BATCH-ZOMA-3846
PO_B01_003847,Cashfree Escrow,SWIG-INV-585555 PO_B01_003847,275585,5080,0,0,270505,INR,2026-08-03T18:20:00Z,BATCH-SWIG-3847
PO_B01_003848,Razorpay Nodal,MMTR-ORD-722183 MMTR-ORD-653262 BATCH-MMTR-3848,307327,6146,0,0,301181,INR,2026-08-03T03:43:00Z,BATCH-MMTR-3848
PO_B01_003849,Stripe India,AMZN-INV-167477 PO_B01_003849,54748,1137,0,0,53611,INR,2026-08-03T06:50:00Z,BATCH-AMZN-3849
PO_B01_003850,PayU Enterprise,BBAS-INV-221214 PO_B01_003850,387660,6977,0,0,380683,INR,2026-08-02T15:14:00Z,BATCH-BBAS-3850
PO_B01_003851,PayU Enterprise,BKMS-INV-431112 PO_B01_003851,190476,4465,0,0,186011,INR,2026-08-03T14:40:00Z,BATCH-BKMS-3851
PO_B01_003852,Razorpay Nodal,MYNT-INV-797020 PO_B01_003852,38528,599,0,0,37929,INR,2026-08-03T22:26:00Z,BATCH-MYNT-3852
PO_B01_003853,BillDesk Settlement,NYKA-INV-123758 PO_B01_003853,93862,2017,0,0,91845,INR,2026-08-02T20:55:00Z,BATCH-NYKA-3853
PO_B01_003854,Razorpay Nodal,ZOMA-INV-385930 PO_B01_003854,287190,5997,0,0,281193,INR,2026-08-02T18:47:00Z,BATCH-ZOMA-3854
PO_B01_003855,PayU Enterprise,PHNP-INV-702775 PO_B01_003855,438830,9205,0,0,429625,INR,2026-08-04T00:42:00Z,BATCH-PHNP-3855
PO_B01_003856,PayU Enterprise,BKMS-ORD-254204 BKMS-ORD-558829 BKMS-ORD-885620 BATCH-BKMS-3856,432320,8646,0,0,423674,INR,2026-08-03T11:44:00Z,BATCH-BKMS-3856
PO_B01_003857,Stripe India,BKMS-INV-575918 PO_B01_003857,63775,958,0,0,62817,INR,2026-08-03T13:35:00Z,BATCH-BKMS-3857
PO_B01_003858,BillDesk Settlement,TATA-INV-726539 PO_B01_003858,151442,3229,0,0,148213,INR,2026-08-03T07:04:00Z,BATCH-TATA-3858
PO_B01_003859,Cashfree Escrow,JIOO-INV-189933 PO_B01_003859,185751,3800,0,0,181951,INR,2026-08-03T08:30:00Z,BATCH-JIOO-3859
PO_B01_003860,BillDesk Settlement,MYNT-ORD-651900 MYNT-ORD-976968 BATCH-MYNT-3860,179184,3583,0,0,175601,INR,2026-08-03T19:26:00Z,BATCH-MYNT-3860
PO_B01_003861,PayU Enterprise,AMZN-ORD-685806 AMZN-ORD-777888 BATCH-AMZN-3861,334039,6680,0,0,327359,INR,2026-08-03T19:53:00Z,BATCH-AMZN-3861
PO_B01_003862,BillDesk Settlement,TATA-INV-762806 PO_B01_003862,438533,10265,0,0,428268,INR,2026-08-03T06:38:00Z,BATCH-TATA-3862
PO_B01_003863,BillDesk Settlement,MYNT-INV-604510 PO_B01_003863,266406,5294,0,0,261112,INR,2026-08-03T10:18:00Z,BATCH-MYNT-3863
PO_B01_003864,Razorpay Nodal,NYKA-INV-226239 PO_B01_003864,281189,4544,0,0,276645,INR,2026-08-03T15:16:00Z,BATCH-NYKA-3864
PO_B01_003865,Cashfree Escrow,TATA-ORD-148905 TATA-ORD-561377 BATCH-TATA-3865,204259,4085,0,0,200174,INR,2026-08-03T14:47:00Z,BATCH-TATA-3865
PO_B01_003866,Cashfree Escrow,AMZN-ORD-244211 AMZN-ORD-465072 BATCH-AMZN-3866,177131,3542,0,0,173589,INR,2026-08-03T16:48:00Z,BATCH-AMZN-3866
PO_B01_003867,Cashfree Escrow,PHNP-INV-329747 PO_B01_003867,370808,8056,0,0,362752,INR,2026-08-03T03:44:00Z,BATCH-PHNP-3867
PO_B01_003868,Stripe India,PAYT-INV-251112 PO_B01_003868,73563,1346,0,0,72217,INR,2026-08-03T14:39:00Z,BATCH-PAYT-3868
PO_B01_003869,Stripe India,SWIG-ORD-750797 SWIG-ORD-702087 BATCH-SWIG-3869,329573,6591,0,0,322982,INR,2026-08-03T01:06:00Z,BATCH-SWIG-3869
PO_B01_003870,Cashfree Escrow,MMTR-INV-674448 PO_B01_003870,57652,1272,0,0,56380,INR,2026-08-03T10:04:00Z,BATCH-MMTR-3870
PO_B01_003871,Razorpay Nodal,UBER-ORD-158259 UBER-ORD-320884 BATCH-UBER-3871,437517,8750,0,0,428767,INR,2026-08-03T04:33:00Z,BATCH-UBER-3871
PO_B01_003872,BillDesk Settlement,UBER-INV-881311 PO_B01_003872,54176,855,0,0,53321,INR,2026-08-02T20:03:00Z,BATCH-UBER-3872
PO_B01_003873,Cashfree Escrow,NYKA-INV-606137 PO_B01_003873,248908,4257,0,0,244651,INR,2026-08-03T17:45:00Z,BATCH-NYKA-3873
PO_B01_003874,BillDesk Settlement,UBER-ORD-416705 UBER-ORD-524919 UBER-ORD-728280 BATCH-UBER-3874,304382,6087,0,0,298295,INR,2026-08-03T12:56:00Z,BATCH-UBER-3874
PO_B01_003875,BillDesk Settlement,TATA-INV-749194 PO_B01_003875,90474,1624,0,0,88850,INR,2026-08-03T13:33:00Z,BATCH-TATA-3875
PO_B01_003876,PayU Enterprise,JIOO-INV-669040 PO_B01_003876,64756,1262,0,0,63494,INR,2026-08-03T05:26:00Z,BATCH-JIOO-3876
PO_B01_003877,Cashfree Escrow,SWIG-INV-354538 PO_B01_003877,201167,4501,0,0,196666,INR,2026-08-03T10:51:00Z,BATCH-SWIG-3877
PO_B01_003878,Stripe India,BLNK-INV-666774 PO_B01_003878,214230,4413,0,0,209817,INR,2026-08-03T00:46:00Z,BATCH-BLNK-3878
PO_B01_003879,Cashfree Escrow,UBER-INV-363777 PO_B01_003879,126338,3061,0,0,123277,INR,2026-08-03T11:21:00Z,BATCH-UBER-3879
PO_B01_003880,Razorpay Nodal,SWIG-ORD-550769 SWIG-ORD-968005 SWIG-ORD-714183 BATCH-SWIG-3880,358698,7173,0,0,351525,INR,2026-08-03T06:28:00Z,BATCH-SWIG-3880
PO_B01_003881,Razorpay Nodal,OLAA-INV-956049 PO_B01_003881,83984,1446,0,0,82538,INR,2026-08-03T05:25:00Z,BATCH-OLAA-3881
PO_B01_003882,BillDesk Settlement,MMTR-INV-167230 PO_B01_003882,211513,5270,0,0,206243,INR,2026-08-03T07:06:00Z,BATCH-MMTR-3882
PO_B01_003883,Razorpay Nodal,FLPK-ORD-739015 FLPK-ORD-575107 FLPK-ORD-793313 BATCH-FLPK-3883,193888,3877,0,0,190011,INR,2026-08-03T07:55:00Z,BATCH-FLPK-3883
PO_B01_003884,BillDesk Settlement,MYNT-INV-687485 PO_B01_003884,82046,1433,0,0,80613,INR,2026-08-03T10:03:00Z,BATCH-MYNT-3884
PO_B01_003885,Cashfree Escrow,PAYT-INV-792494 PO_B01_003885,277960,6387,0,0,271573,INR,2026-08-03T01:33:00Z,BATCH-PAYT-3885
PO_B01_003886,BillDesk Settlement,FLPK-INV-963797 PO_B01_003886,206935,3769,0,0,203166,INR,2026-08-03T09:34:00Z,BATCH-FLPK-3886
PO_B01_003887,BillDesk Settlement,MYNT-ORD-327564 MYNT-ORD-410226 MYNT-ORD-395665 BATCH-MYNT-3887,482196,9643,0,0,472553,INR,2026-08-03T09:43:00Z,BATCH-MYNT-3887
PO_B01_003888,PayU Enterprise,PAYT-ORD-505981 PAYT-ORD-158446 PAYT-ORD-585455 BATCH-PAYT-3888,354944,7098,0,0,347846,INR,2026-08-03T03:28:00Z,BATCH-PAYT-3888
PO_B01_003889,Cashfree Escrow,PHNP-INV-248240 PO_B01_003889,119090,2216,0,0,116874,INR,2026-08-03T20:30:00Z,BATCH-PHNP-3889
PO_B01_003890,Razorpay Nodal,SWIG-INV-168496 PO_B01_003890,304182,7305,0,0,296877,INR,2026-08-02T18:43:00Z,BATCH-SWIG-3890
PO_B01_003891,Cashfree Escrow,BKMS-ORD-417321 BKMS-ORD-265519 BATCH-BKMS-3891,98998,1979,0,0,97019,INR,2026-08-03T13:43:00Z,BATCH-BKMS-3891
PO_B01_003892,Stripe India,JIOO-ORD-377172 JIOO-ORD-207004 BATCH-JIOO-3892,346955,6939,0,0,340016,INR,2026-08-03T16:17:00Z,BATCH-JIOO-3892
PO_B01_003893,Stripe India,UBER-INV-605559 PO_B01_003893,355485,7623,0,0,347862,INR,2026-08-03T10:48:00Z,BATCH-UBER-3893
PO_B01_003894,PayU Enterprise,TATA-EXC-421248-UNRESOLVED,273161,5453,0,0,267708,INR,2026-08-03T15:42:00Z,HOLD-ESCROW
PO_B01_003895,BillDesk Settlement,PHNP-INV-794429 PO_B01_003895,72158,1668,0,0,70490,INR,2026-08-02T21:26:00Z,BATCH-PHNP-3895
PO_B01_003896,Razorpay Nodal,NYKA-ORD-129219 NYKA-ORD-268268 NYKA-ORD-962516 BATCH-NYKA-3896,544295,10885,0,0,533410,INR,2026-08-03T20:57:00Z,BATCH-NYKA-3896
PO_B01_003897,PayU Enterprise,BBAS-INV-924844 PO_B01_003897,427937,10351,0,0,417586,INR,2026-08-03T04:57:00Z,BATCH-BBAS-3897
PO_B01_003898,Razorpay Nodal,OLAA-INV-283866 PO_B01_003898,400233,6075,0,0,394158,INR,2026-08-04T01:04:00Z,BATCH-OLAA-3898
PO_B01_003899,Cashfree Escrow,PAYT-INV-519846 PO_B01_003899,138304,3387,0,0,134917,INR,2026-08-03T04:48:00Z,BATCH-PAYT-3899
PO_B01_003900,PayU Enterprise,MMTR-INV-733254 PO_B01_003900,231638,5271,0,0,226367,INR,2026-08-03T02:53:00Z,BATCH-MMTR-3900
PO_B01_003901,Razorpay Nodal,OLAA-INV-880325 PO_B01_003901,256495,4136,0,0,252359,INR,2026-08-02T16:13:00Z,BATCH-OLAA-3901
PO_B01_003902,PayU Enterprise,MYNT-ORD-901845 MYNT-ORD-416517 BATCH-MYNT-3902,261193,5223,0,0,255970,INR,2026-08-03T01:13:00Z,BATCH-MYNT-3902
PO_B01_003903,PayU Enterprise,ZOMA-INV-343708 PO_B01_003903,374818,6005,0,0,368813,INR,2026-08-03T08:29:00Z,BATCH-ZOMA-3903
PO_B01_003904,BillDesk Settlement,ZOMA-INV-315733 PO_B01_003904,393676,7935,0,0,385741,INR,2026-08-02T23:18:00Z,BATCH-ZOMA-3904
PO_B01_003905,BillDesk Settlement,MMTR-INV-686933 PO_B01_003905,247872,3994,0,0,243878,INR,2026-08-03T08:31:00Z,BATCH-MMTR-3905
PO_B01_003906,Razorpay Nodal,AMZN-INV-844675 PO_B01_003906,221490,5138,0,0,216352,INR,2026-08-03T12:31:00Z,BATCH-AMZN-3906
PO_B01_003907,Stripe India,ZOMA-INV-242956 PO_B01_003907,89827,2208,0,0,87619,INR,2026-08-03T01:21:00Z,BATCH-ZOMA-3907
PO_B01_003908,Stripe India,NYKA-INV-464403 PO_B01_003908,327755,7099,0,0,320656,INR,2026-08-02T22:02:00Z,BATCH-NYKA-3908
PO_B01_003909,Razorpay Nodal,UBER-INV-830879 PO_B01_003909,374900,9332,0,0,365568,INR,2026-08-03T08:55:00Z,BATCH-UBER-3909
PO_B01_003910,Cashfree Escrow,PAYT-ORD-402596 PAYT-ORD-532847 PAYT-ORD-351395 BATCH-PAYT-3910,491684,9833,0,0,481851,INR,2026-08-03T20:36:00Z,BATCH-PAYT-3910
PO_B01_003911,Stripe India,MYNT-ORD-380050 MYNT-ORD-512173 MYNT-ORD-891584 BATCH-MYNT-3911,339500,6790,0,0,332710,INR,2026-08-03T16:39:00Z,BATCH-MYNT-3911
PO_B01_003912,Stripe India,NYKA-INV-236714 PO_B01_003912,50091,1010,0,0,49081,INR,2026-08-03T10:40:00Z,BATCH-NYKA-3912
PO_B01_003913,Stripe India,MYNT-INV-544421 PO_B01_003913,200856,3468,0,0,197388,INR,2026-08-03T11:09:00Z,BATCH-MYNT-3913
PO_B01_003914,Cashfree Escrow,JIOO-INV-939512 PO_B01_003914,74541,1569,0,0,72972,INR,2026-08-03T16:06:00Z,BATCH-JIOO-3914
PO_B01_003915,Cashfree Escrow,BLNK-INV-129699 PO_B01_003915,141336,2286,0,0,139050,INR,2026-08-03T05:16:00Z,BATCH-BLNK-3915
PO_B01_003916,Stripe India,NYKA-INV-358321 PO_B01_003916,369067,7079,0,0,361988,INR,2026-08-02T18:29:00Z,BATCH-NYKA-3916
PO_B01_003917,Cashfree Escrow,AMZN-INV-444861 PO_B01_003917,407638,7702,0,0,399936,INR,2026-08-03T04:17:00Z,BATCH-AMZN-3917
PO_B01_003918,Cashfree Escrow,OLAA-ORD-166565 OLAA-ORD-722527 BATCH-OLAA-3918,214352,4287,0,0,210065,INR,2026-08-03T07:07:00Z,BATCH-OLAA-3918
PO_B01_003919,Razorpay Nodal,AMZN-ORD-887398 AMZN-ORD-724502 AMZN-ORD-385562 BATCH-AMZN-3919,566040,11320,0,0,554720,INR,2026-08-03T01:14:00Z,BATCH-AMZN-3919
PO_B01_003920,PayU Enterprise,MYNT-ORD-930577 MYNT-ORD-372674 BATCH-MYNT-3920,422620,8452,0,0,414168,INR,2026-08-03T19:56:00Z,BATCH-MYNT-3920
PO_B01_003921,Cashfree Escrow,BKMS-INV-617398 PO_B01_003921,332102,8066,0,0,324036,INR,2026-08-03T12:04:00Z,BATCH-BKMS-3921
PO_B01_003922,PayU Enterprise,BBAS-INV-349459 PO_B01_003922,248031,5707,0,0,242324,INR,2026-08-02T23:08:00Z,BATCH-BBAS-3922
PO_B01_003923,PayU Enterprise,MMTR-INV-165610 PO_B01_003923,157056,2970,0,0,154086,INR,2026-08-03T04:05:00Z,BATCH-MMTR-3923
PO_B01_003924,Razorpay Nodal,AMZN-ORD-920974 AMZN-ORD-770346 BATCH-AMZN-3924,310770,6215,0,0,304555,INR,2026-08-03T03:25:00Z,BATCH-AMZN-3924
PO_B01_003925,PayU Enterprise,AMZN-EXC-807527-UNRESOLVED,281010,5610,0,0,275400,INR,2026-08-03T22:57:00Z,HOLD-ESCROW
PO_B01_003926,BillDesk Settlement,SWIG-ORD-592267 SWIG-ORD-931698 SWIG-ORD-795676 BATCH-SWIG-3926,346896,6937,0,0,339959,INR,2026-08-03T10:32:00Z,BATCH-SWIG-3926
PO_B01_003927,Cashfree Escrow,TATA-ORD-850215 TATA-ORD-582485 TATA-ORD-644429 BATCH-TATA-3927,190431,3808,0,0,186623,INR,2026-08-02T21:17:00Z,BATCH-TATA-3927
PO_B01_003928,Razorpay Nodal,NYKA-INV-288713 PO_B01_003928,233382,5581,0,0,227801,INR,2026-08-03T06:53:00Z,BATCH-NYKA-3928
PO_B01_003929,Razorpay Nodal,PAYT-INV-144502 PO_B01_003929,159908,2621,0,0,157287,INR,2026-08-03T20:56:00Z,BATCH-PAYT-3929
PO_B01_003930,Razorpay Nodal,BBAS-INV-152380 PO_B01_003930,439409,8480,0,0,430929,INR,2026-08-03T04:40:00Z,BATCH-BBAS-3930
PO_B01_003931,Razorpay Nodal,OLAA-INV-179614 PO_B01_003931,287347,5286,0,0,282061,INR,2026-08-03T09:50:00Z,BATCH-OLAA-3931
PO_B01_003932,Stripe India,BKMS-INV-224635 PO_B01_003932,411099,9888,0,0,401211,INR,2026-08-02T23:50:00Z,BATCH-BKMS-3932
PO_B01_003933,BillDesk Settlement,MYNT-INV-577439 PO_B01_003933,99527,2245,0,0,97282,INR,2026-08-03T16:22:00Z,BATCH-MYNT-3933
PO_B01_003934,Cashfree Escrow,NYKA-ORD-613181 NYKA-ORD-394500 BATCH-NYKA-3934,285326,5706,0,0,279620,INR,2026-08-03T11:03:00Z,BATCH-NYKA-3934
PO_B01_003935,Cashfree Escrow,MYNT-INV-304812 PO_B01_003935,205599,4665,0,0,200934,INR,2026-08-03T17:31:00Z,BATCH-MYNT-3935
PO_B01_003936,PayU Enterprise,BLNK-INV-714122 PO_B01_003936,58351,974,0,0,57377,INR,2026-08-03T06:14:00Z,BATCH-BLNK-3936
PO_B01_003937,Cashfree Escrow,ZOMA-INV-172161 PO_B01_003937,170834,3271,0,0,167563,INR,2026-08-03T16:50:00Z,BATCH-ZOMA-3937
PO_B01_003938,BillDesk Settlement,BKMS-INV-367989 PO_B01_003938,137727,3033,0,0,134694,INR,2026-08-03T07:37:00Z,BATCH-BKMS-3938
PO_B01_003939,PayU Enterprise,BLNK-ORD-140386 BLNK-ORD-714060 BATCH-BLNK-3939,135964,2719,0,0,133245,INR,2026-08-03T13:14:00Z,BATCH-BLNK-3939
PO_B01_003940,Cashfree Escrow,OLAA-INV-322846 PO_B01_003940,417935,8756,0,0,409179,INR,2026-08-03T05:21:00Z,BATCH-OLAA-3940
PO_B01_003941,BillDesk Settlement,PHNP-INV-497757 PO_B01_003941,68912,1046,0,0,67866,INR,2026-08-03T06:40:00Z,BATCH-PHNP-3941
PO_B01_003942,Cashfree Escrow,FLPK-INV-414882 PO_B01_003942,386063,8788,0,0,377275,INR,2026-08-03T03:05:00Z,BATCH-FLPK-3942
PO_B01_003943,Razorpay Nodal,SWIG-INV-573106 PO_B01_003943,198934,3223,0,0,195711,INR,2026-08-03T13:49:00Z,BATCH-SWIG-3943
PO_B01_003944,PayU Enterprise,ZOMA-INV-109324 PO_B01_003944,166917,3978,0,0,162939,INR,2026-08-03T07:06:00Z,BATCH-ZOMA-3944
PO_B01_003945,PayU Enterprise,OLAA-INV-945499 PO_B01_003945,31188,589,0,0,30599,INR,2026-08-03T02:38:00Z,BATCH-OLAA-3945
PO_B01_003946,PayU Enterprise,UBER-INV-546400 PO_B01_003946,58043,876,0,0,57167,INR,2026-08-03T00:04:00Z,BATCH-UBER-3946
PO_B01_003947,Razorpay Nodal,BBAS-ORD-187133 BBAS-ORD-713303 BBAS-ORD-409691 BATCH-BBAS-3947,351269,7025,0,0,344244,INR,2026-08-03T04:47:00Z,BATCH-BBAS-3947
PO_B01_003948,Stripe India,BKMS-INV-721786 PO_B01_003948,314053,6180,0,0,307873,INR,2026-08-03T14:57:00Z,BATCH-BKMS-3948
PO_B01_003949,Stripe India,JIOO-INV-134069 PO_B01_003949,276976,5367,0,0,271609,INR,2026-08-03T00:09:00Z,BATCH-JIOO-3949
PO_B01_003950,Razorpay Nodal,FLPK-INV-490793 PO_B01_003950,198048,3884,0,0,194164,INR,2026-08-02T20:10:00Z,BATCH-FLPK-3950
PO_B01_003951,Razorpay Nodal,TATA-INV-398789 PO_B01_003951,114249,2055,0,0,112194,INR,2026-08-02T23:49:00Z,BATCH-TATA-3951
PO_B01_003952,BillDesk Settlement,UBER-INV-568971 PO_B01_003952,263045,4530,0,0,258515,INR,2026-08-03T01:47:00Z,BATCH-UBER-3952
PO_B01_003953,Cashfree Escrow,SWIG-ORD-958369 SWIG-ORD-610916 SWIG-ORD-746196 BATCH-SWIG-3953,443261,8865,0,0,434396,INR,2026-08-02T21:06:00Z,BATCH-SWIG-3953
PO_B01_003954,PayU Enterprise,SWIG-INV-493128 PO_B01_003954,41890,1042,0,0,40848,INR,2026-08-03T06:34:00Z,BATCH-SWIG-3954
PO_B01_003955,BillDesk Settlement,PAYT-INV-352138 PO_B01_003955,83185,1765,0,0,81420,INR,2026-08-03T08:23:00Z,BATCH-PAYT-3955
PO_B01_003956,Cashfree Escrow,BLNK-ORD-817100 BLNK-ORD-858748 BATCH-BLNK-3956,449855,8997,0,0,440858,INR,2026-08-03T11:11:00Z,BATCH-BLNK-3956
PO_B01_003957,BillDesk Settlement,AMZN-INV-449084 PO_B01_003957,403175,7318,0,0,395857,INR,2026-08-03T17:35:00Z,BATCH-AMZN-3957
PO_B01_003958,BillDesk Settlement,MMTR-EXC-328597-UNRESOLVED,127288,2535,0,0,124753,INR,2026-08-03T15:48:00Z,HOLD-ESCROW
PO_B01_003959,PayU Enterprise,AMZN-INV-469194 PO_B01_003959,229454,4152,0,0,225302,INR,2026-08-02T15:21:00Z,BATCH-AMZN-3959
PO_B01_003960,BillDesk Settlement,JIOO-INV-401311 PO_B01_003960,360325,7130,0,0,353195,INR,2026-08-02T15:32:00Z,BATCH-JIOO-3960
PO_B01_003961,BillDesk Settlement,PHNP-INV-146950 PO_B01_003961,197469,4469,0,0,193000,INR,2026-08-03T18:55:00Z,BATCH-PHNP-3961
PO_B01_003962,Razorpay Nodal,TATA-INV-939592 PO_B01_003962,50400,991,0,0,49409,INR,2026-08-03T09:55:00Z,BATCH-TATA-3962
PO_B01_003963,Cashfree Escrow,NYKA-ORD-739846 NYKA-ORD-867934 NYKA-ORD-796865 BATCH-NYKA-3963,215097,4301,0,0,210796,INR,2026-08-03T08:06:00Z,BATCH-NYKA-3963
PO_B01_003964,Stripe India,SWIG-INV-753990 PO_B01_003964,357486,5967,0,0,351519,INR,2026-08-03T16:26:00Z,BATCH-SWIG-3964
PO_B01_003965,BillDesk Settlement,MYNT-INV-324904 PO_B01_003965,36729,858,0,0,35871,INR,2026-08-03T05:50:00Z,BATCH-MYNT-3965
PO_B01_003966,Cashfree Escrow,MMTR-INV-888637 PO_B01_003966,152608,3441,0,0,149167,INR,2026-08-03T14:28:00Z,BATCH-MMTR-3966
PO_B01_003967,PayU Enterprise,NYKA-ORD-979831 NYKA-ORD-170234 BATCH-NYKA-3967,66995,1339,0,0,65656,INR,2026-08-03T15:58:00Z,BATCH-NYKA-3967
PO_B01_003968,PayU Enterprise,TATA-INV-234016 PO_B01_003968,446434,6970,0,0,439464,INR,2026-08-03T02:33:00Z,BATCH-TATA-3968
PO_B01_003969,BillDesk Settlement,BKMS-ORD-291586 BKMS-ORD-137372 BATCH-BKMS-3969,388673,7773,0,0,380900,INR,2026-08-03T00:38:00Z,BATCH-BKMS-3969
PO_B01_003970,Razorpay Nodal,TATA-INV-648640 PO_B01_003970,79532,1387,0,0,78145,INR,2026-08-03T03:13:00Z,BATCH-TATA-3970
PO_B01_003971,Razorpay Nodal,MYNT-INV-954792 PO_B01_003971,67432,1655,0,0,65777,INR,2026-08-02T21:49:00Z,BATCH-MYNT-3971
PO_B01_003972,PayU Enterprise,PAYT-ORD-461813 PAYT-ORD-686647 BATCH-PAYT-3972,181247,3624,0,0,177623,INR,2026-08-02T23:59:00Z,BATCH-PAYT-3972
PO_B01_003973,PayU Enterprise,UBER-INV-262361 PO_B01_003973,340639,8331,0,0,332308,INR,2026-08-03T05:54:00Z,BATCH-UBER-3973
PO_B01_003974,BillDesk Settlement,MYNT-INV-862580 PO_B01_003974,440016,8273,0,0,431743,INR,2026-08-03T11:03:00Z,BATCH-MYNT-3974
PO_B01_003975,Stripe India,NYKA-INV-111877 PO_B01_003975,181001,2913,0,0,178088,INR,2026-08-03T20:14:00Z,BATCH-NYKA-3975
PO_B01_003976,Razorpay Nodal,MMTR-INV-746625 PO_B01_003976,288432,5731,0,0,282701,INR,2026-08-03T02:46:00Z,BATCH-MMTR-3976
PO_B01_003977,Cashfree Escrow,AMZN-INV-476855 PO_B01_003977,387547,9426,0,0,378121,INR,2026-08-02T17:29:00Z,BATCH-AMZN-3977
PO_B01_003978,Razorpay Nodal,BKMS-INV-318935 PO_B01_003978,157826,2885,0,0,154941,INR,2026-08-03T14:17:00Z,BATCH-BKMS-3978
PO_B01_003979,Stripe India,UBER-INV-578141 PO_B01_003979,148969,2539,0,0,146430,INR,2026-08-03T01:34:00Z,BATCH-UBER-3979
PO_B01_003980,Stripe India,OLAA-INV-186240 PO_B01_003980,113753,2568,0,0,111185,INR,2026-08-03T04:18:00Z,BATCH-OLAA-3980
PO_B01_003981,BillDesk Settlement,SWIG-INV-809437 PO_B01_003981,247431,5579,0,0,241852,INR,2026-08-03T10:28:00Z,BATCH-SWIG-3981
PO_B01_003982,Cashfree Escrow,PAYT-INV-603501 PO_B01_003982,109178,2168,0,0,107010,INR,2026-08-03T18:48:00Z,BATCH-PAYT-3982
PO_B01_003983,Razorpay Nodal,BLNK-INV-766024 PO_B01_003983,84708,1886,0,0,82822,INR,2026-08-02T20:49:00Z,BATCH-BLNK-3983
PO_B01_003984,Razorpay Nodal,JIOO-ORD-706965 JIOO-ORD-424921 JIOO-ORD-139589 BATCH-JIOO-3984,290087,5801,0,0,284286,INR,2026-08-03T10:33:00Z,BATCH-JIOO-3984
PO_B01_003985,Stripe India,ZOMA-INV-202001 PO_B01_003985,394544,7963,0,0,386581,INR,2026-08-02T23:36:00Z,BATCH-ZOMA-3985
PO_B01_003986,BillDesk Settlement,UBER-ORD-239537 UBER-ORD-645654 UBER-ORD-245732 BATCH-UBER-3986,399424,7988,0,0,391436,INR,2026-08-03T05:19:00Z,BATCH-UBER-3986
PO_B01_003987,PayU Enterprise,JIOO-INV-651114 PO_B01_003987,58586,885,0,0,57701,INR,2026-08-03T22:34:00Z,BATCH-JIOO-3987
PO_B01_003988,PayU Enterprise,BLNK-ORD-241884 BLNK-ORD-152062 BATCH-BLNK-3988,132479,2649,0,0,129830,INR,2026-08-03T18:49:00Z,BATCH-BLNK-3988
PO_B01_003989,Stripe India,SWIG-ORD-814888 SWIG-ORD-780472 BATCH-SWIG-3989,327540,6550,0,0,320990,INR,2026-08-02T22:30:00Z,BATCH-SWIG-3989
PO_B01_003990,PayU Enterprise,NYKA-EXC-785987-UNRESOLVED,269474,5379,0,0,264095,INR,2026-08-04T00:33:00Z,HOLD-ESCROW
PO_B01_003991,Cashfree Escrow,AMZN-EXC-840436-UNRESOLVED,299968,5989,0,0,293979,INR,2026-08-03T22:04:00Z,HOLD-ESCROW
PO_B01_003992,Cashfree Escrow,BBAS-ORD-191706 BBAS-ORD-465313 BATCH-BBAS-3992,310090,6201,0,0,303889,INR,2026-08-03T17:40:00Z,BATCH-BBAS-3992
PO_B01_003993,Stripe India,MMTR-INV-755361 PO_B01_003993,441561,8793,0,0,432768,INR,2026-08-03T10:16:00Z,BATCH-MMTR-3993
PO_B01_003994,Razorpay Nodal,PAYT-INV-166615 PO_B01_003994,253398,5189,0,0,248209,INR,2026-08-03T05:55:00Z,BATCH-PAYT-3994
PO_B01_003995,Razorpay Nodal,PAYT-INV-519324 PO_B01_003995,198799,3316,0,0,195483,INR,2026-08-03T04:51:00Z,BATCH-PAYT-3995
PO_B01_003996,BillDesk Settlement,MYNT-EXC-443940-UNRESOLVED,108061,2151,0,0,105910,INR,2026-08-03T14:15:00Z,HOLD-ESCROW
PO_B01_003997,Cashfree Escrow,BKMS-INV-714458 PO_B01_003997,359085,8848,0,0,350237,INR,2026-08-03T06:13:00Z,BATCH-BKMS-3997
PO_B01_003998,Stripe India,OLAA-INV-668927 PO_B01_003998,388349,5983,0,0,382366,INR,2026-08-03T19:01:00Z,BATCH-OLAA-3998
PO_B01_003999,PayU Enterprise,UBER-INV-508190 PO_B01_003999,67434,1189,0,0,66245,INR,2026-08-03T12:20:00Z,BATCH-UBER-3999
PO_B01_004000,Stripe India,BLNK-INV-571442 PO_B01_004000,417151,9323,0,0,407828,INR,2026-08-03T08:18:00Z,BATCH-BLNK-4000
PO_B01_004001,Razorpay Nodal,BLNK-ORD-603990 BLNK-ORD-568954 BLNK-ORD-316860 BATCH-BLNK-4001,445388,8907,0,0,436481,INR,2026-08-03T01:05:00Z,BATCH-BLNK-4001
PO_B01_004002,PayU Enterprise,MMTR-INV-380563 PO_B01_004002,428086,10189,0,0,417897,INR,2026-08-02T21:06:00Z,BATCH-MMTR-4002
PO_B01_004003,BillDesk Settlement,OLAA-INV-865234 PO_B01_004003,413206,6503,0,0,406703,INR,2026-08-03T05:03:00Z,BATCH-OLAA-4003
PO_B01_004004,Stripe India,PHNP-INV-887286 PO_B01_004004,43583,1002,0,0,42581,INR,2026-08-03T03:55:00Z,BATCH-PHNP-4004
PO_B01_004005,Razorpay Nodal,UBER-INV-614559 PO_B01_004005,38830,694,0,0,38136,INR,2026-08-03T11:35:00Z,BATCH-UBER-4005
PO_B01_004006,Razorpay Nodal,MYNT-ORD-677447 MYNT-ORD-215215 BATCH-MYNT-4006,380445,7608,0,0,372837,INR,2026-08-03T16:17:00Z,BATCH-MYNT-4006
PO_B01_004007,BillDesk Settlement,BBAS-EXC-406262-UNRESOLVED,298995,5969,0,0,293026,INR,2026-08-03T13:36:00Z,HOLD-ESCROW
PO_B01_004008,Stripe India,MMTR-INV-992902 PO_B01_004008,305620,7152,0,0,298468,INR,2026-08-03T17:50:00Z,BATCH-MMTR-4008
PO_B01_004009,PayU Enterprise,NYKA-ORD-423078 NYKA-ORD-129161 BATCH-NYKA-4009,103520,2070,0,0,101450,INR,2026-08-03T07:36:00Z,BATCH-NYKA-4009
PO_B01_004010,BillDesk Settlement,OLAA-ORD-907835 OLAA-ORD-771934 BATCH-OLAA-4010,232078,4641,0,0,227437,INR,2026-08-03T10:35:00Z,BATCH-OLAA-4010
PO_B01_004011,PayU Enterprise,NYKA-INV-317807 PO_B01_004011,220466,4850,0,0,215616,INR,2026-08-03T03:38:00Z,BATCH-NYKA-4011
PO_B01_004012,PayU Enterprise,SWIG-INV-796736 PO_B01_004012,294527,7288,0,0,287239,INR,2026-08-03T07:30:00Z,BATCH-SWIG-4012
PO_B01_004013,Cashfree Escrow,JIOO-INV-331436 PO_B01_004013,266014,4266,0,0,261748,INR,2026-08-03T02:42:00Z,BATCH-JIOO-4013
PO_B01_004014,PayU Enterprise,BLNK-ORD-668533 BLNK-ORD-104394 BLNK-ORD-627833 BATCH-BLNK-4014,319141,6382,0,0,312759,INR,2026-08-03T00:10:00Z,BATCH-BLNK-4014
PO_B01_004015,Stripe India,BLNK-INV-389057 PO_B01_004015,208529,4605,0,0,203924,INR,2026-08-03T02:46:00Z,BATCH-BLNK-4015
PO_B01_004016,BillDesk Settlement,MMTR-ORD-571258 MMTR-ORD-282206 MMTR-ORD-380735 BATCH-MMTR-4016,535763,10715,0,0,525048,INR,2026-08-03T03:35:00Z,BATCH-MMTR-4016
PO_B01_004017,Stripe India,ZOMA-INV-930861 PO_B01_004017,89032,1999,0,0,87033,INR,2026-08-03T08:03:00Z,BATCH-ZOMA-4017
PO_B01_004018,Razorpay Nodal,MMTR-INV-304971 PO_B01_004018,231056,4977,0,0,226079,INR,2026-08-03T05:17:00Z,BATCH-MMTR-4018
PO_B01_004019,BillDesk Settlement,BKMS-ORD-112756 BKMS-ORD-672481 BATCH-BKMS-4019,208421,4168,0,0,204253,INR,2026-08-03T16:31:00Z,BATCH-BKMS-4019
PO_B01_004020,Stripe India,MYNT-ORD-484415 MYNT-ORD-143997 BATCH-MYNT-4020,347064,6941,0,0,340123,INR,2026-08-03T09:10:00Z,BATCH-MYNT-4020
PO_B01_004021,BillDesk Settlement,TATA-ORD-330797 TATA-ORD-445898 BATCH-TATA-4021,277812,5556,0,0,272256,INR,2026-08-03T16:10:00Z,BATCH-TATA-4021
PO_B01_004022,BillDesk Settlement,BBAS-ORD-904973 BBAS-ORD-951754 BBAS-ORD-696399 BATCH-BBAS-4022,323590,6471,0,0,317119,INR,2026-08-03T04:58:00Z,BATCH-BBAS-4022
PO_B01_004023,Razorpay Nodal,JIOO-INV-153366 PO_B01_004023,75795,1564,0,0,74231,INR,2026-08-04T02:48:00Z,BATCH-JIOO-4023
PO_B01_004024,Cashfree Escrow,OLAA-INV-766460 PO_B01_004024,131108,3196,0,0,127912,INR,2026-08-02T18:39:00Z,BATCH-OLAA-4024
PO_B01_004025,Razorpay Nodal,BBAS-INV-284527 PO_B01_004025,409640,7688,0,0,401952,INR,2026-08-03T07:39:00Z,BATCH-BBAS-4025
PO_B01_004026,PayU Enterprise,PAYT-ORD-479949 PAYT-ORD-245192 BATCH-PAYT-4026,216973,4339,0,0,212634,INR,2026-08-02T23:00:00Z,BATCH-PAYT-4026
PO_B01_004027,Stripe India,PHNP-EXC-925530-UNRESOLVED,285547,5700,0,0,279847,INR,2026-08-03T09:41:00Z,HOLD-ESCROW
PO_B01_004028,Razorpay Nodal,SWIG-INV-147669 PO_B01_004028,324262,5718,0,0,318544,INR,2026-08-03T06:48:00Z,BATCH-SWIG-4028
PO_B01_004029,Cashfree Escrow,PHNP-EXC-608659-UNRESOLVED,226681,4523,0,0,222158,INR,2026-08-04T05:48:00Z,HOLD-ESCROW
PO_B01_004030,BillDesk Settlement,PHNP-INV-863646 PO_B01_004030,49538,987,0,0,48551,INR,2026-08-03T13:05:00Z,BATCH-PHNP-4030
PO_B01_004031,Razorpay Nodal,ZOMA-INV-672012 PO_B01_004031,365419,5811,0,0,359608,INR,2026-08-03T00:10:00Z,BATCH-ZOMA-4031
PO_B01_004032,PayU Enterprise,MMTR-ORD-575122 MMTR-ORD-670555 BATCH-MMTR-4032,100024,2000,0,0,98024,INR,2026-08-03T14:59:00Z,BATCH-MMTR-4032
PO_B01_004033,Razorpay Nodal,JIOO-INV-560631 PO_B01_004033,171801,4243,0,0,167558,INR,2026-08-03T10:20:00Z,BATCH-JIOO-4033
PO_B01_004034,Razorpay Nodal,TATA-INV-745675 PO_B01_004034,257333,4131,0,0,253202,INR,2026-08-02T21:32:00Z,BATCH-TATA-4034
PO_B01_004035,PayU Enterprise,BBAS-INV-450544 PO_B01_004035,335954,5553,0,0,330401,INR,2026-08-03T14:02:00Z,BATCH-BBAS-4035
PO_B01_004036,BillDesk Settlement,UBER-INV-269811 PO_B01_004036,413569,8356,0,0,405213,INR,2026-08-03T02:02:00Z,BATCH-UBER-4036
PO_B01_004037,Cashfree Escrow,UBER-INV-647231 PO_B01_004037,27985,610,0,0,27375,INR,2026-08-03T09:17:00Z,BATCH-UBER-4037
PO_B01_004038,Razorpay Nodal,PAYT-INV-128179 PO_B01_004038,306455,7418,0,0,299037,INR,2026-08-02T22:17:00Z,BATCH-PAYT-4038
PO_B01_004039,Razorpay Nodal,AMZN-ORD-880398 AMZN-ORD-390131 AMZN-ORD-971197 BATCH-AMZN-4039,514807,10296,0,0,504511,INR,2026-08-03T06:41:00Z,BATCH-AMZN-4039
PO_B01_004040,Razorpay Nodal,OLAA-INV-452408 PO_B01_004040,433400,7662,0,0,425738,INR,2026-08-03T02:07:00Z,BATCH-OLAA-4040
PO_B01_004041,Stripe India,ZOMA-INV-862520 PO_B01_004041,28513,457,0,0,28056,INR,2026-08-03T18:50:00Z,BATCH-ZOMA-4041
PO_B01_004042,Stripe India,BLNK-ORD-570403 BLNK-ORD-575706 BLNK-ORD-306204 BATCH-BLNK-4042,422132,8442,0,0,413690,INR,2026-08-03T17:54:00Z,BATCH-BLNK-4042
PO_B01_004043,BillDesk Settlement,BLNK-INV-495912 PO_B01_004043,107414,1656,0,0,105758,INR,2026-08-03T12:44:00Z,BATCH-BLNK-4043
PO_B01_004044,PayU Enterprise,NYKA-INV-690970 PO_B01_004044,265877,5432,0,0,260445,INR,2026-08-03T12:26:00Z,BATCH-NYKA-4044
PO_B01_004045,Razorpay Nodal,UBER-INV-807582 PO_B01_004045,70651,1294,0,0,69357,INR,2026-08-03T15:14:00Z,BATCH-UBER-4045
PO_B01_004046,BillDesk Settlement,AMZN-INV-556097 PO_B01_004046,176208,3403,0,0,172805,INR,2026-08-03T01:17:00Z,BATCH-AMZN-4046
PO_B01_004047,Cashfree Escrow,TATA-INV-792718 PO_B01_004047,426806,8992,0,0,417814,INR,2026-08-03T15:17:00Z,BATCH-TATA-4047
PO_B01_004048,Razorpay Nodal,ZOMA-INV-284604 PO_B01_004048,139119,3016,0,0,136103,INR,2026-08-02T22:56:00Z,BATCH-ZOMA-4048
PO_B01_004049,PayU Enterprise,MMTR-ORD-376344 MMTR-ORD-671755 MMTR-ORD-506871 BATCH-MMTR-4049,283415,5668,0,0,277747,INR,2026-08-03T09:02:00Z,BATCH-MMTR-4049
PO_B01_004050,Stripe India,BLNK-INV-689288 PO_B01_004050,177645,4298,0,0,173347,INR,2026-08-03T05:13:00Z,BATCH-BLNK-4050
PO_B01_004051,Razorpay Nodal,TATA-INV-870636 PO_B01_004051,448768,10499,0,0,438269,INR,2026-08-02T23:59:00Z,BATCH-TATA-4051
PO_B01_004052,Cashfree Escrow,JIOO-INV-705832 PO_B01_004052,247950,5745,0,0,242205,INR,2026-08-03T16:38:00Z,BATCH-JIOO-4052
PO_B01_004053,PayU Enterprise,PAYT-ORD-685929 PAYT-ORD-928619 BATCH-PAYT-4053,134518,2690,0,0,131828,INR,2026-08-03T01:47:00Z,BATCH-PAYT-4053
PO_B01_004054,BillDesk Settlement,SWIG-INV-949866 PO_B01_004054,106936,2098,0,0,104838,INR,2026-08-03T02:01:00Z,BATCH-SWIG-4054
PO_B01_004055,BillDesk Settlement,MYNT-ORD-305554 MYNT-ORD-726471 MYNT-ORD-261547 BATCH-MYNT-4055,263499,5269,0,0,258230,INR,2026-08-03T12:43:00Z,BATCH-MYNT-4055
PO_B01_004056,Cashfree Escrow,BKMS-INV-471151 PO_B01_004056,419630,7006,0,0,412624,INR,2026-08-02T19:00:00Z,BATCH-BKMS-4056
PO_B01_004057,Stripe India,PAYT-INV-265781 PO_B01_004057,261664,6017,0,0,255647,INR,2026-08-03T07:36:00Z,BATCH-PAYT-4057
PO_B01_004058,Razorpay Nodal,UBER-INV-864138 PO_B01_004058,319028,6693,0,0,312335,INR,2026-08-03T13:47:00Z,BATCH-UBER-4058
PO_B01_004059,Cashfree Escrow,BBAS-INV-750481 PO_B01_004059,111149,2773,0,0,108376,INR,2026-08-03T08:28:00Z,BATCH-BBAS-4059
PO_B01_004060,Stripe India,BLNK-INV-446482 PO_B01_004060,128552,2093,0,0,126459,INR,2026-08-03T13:25:00Z,BATCH-BLNK-4060
PO_B01_004061,Cashfree Escrow,BLNK-ORD-589153 BLNK-ORD-381357 BATCH-BLNK-4061,242673,4853,0,0,237820,INR,2026-08-03T03:26:00Z,BATCH-BLNK-4061
PO_B01_004062,Cashfree Escrow,JIOO-INV-553357 PO_B01_004062,155857,2811,0,0,153046,INR,2026-08-03T09:03:00Z,BATCH-JIOO-4062
PO_B01_004063,PayU Enterprise,JIOO-ORD-384819 JIOO-ORD-765407 JIOO-ORD-553878 BATCH-JIOO-4063,605819,12116,0,0,593703,INR,2026-08-03T16:59:00Z,BATCH-JIOO-4063
PO_B01_004064,Cashfree Escrow,UBER-INV-318391 PO_B01_004064,172237,3836,0,0,168401,INR,2026-08-03T11:28:00Z,BATCH-UBER-4064
PO_B01_004065,BillDesk Settlement,UBER-INV-894807 PO_B01_004065,137027,3353,0,0,133674,INR,2026-08-03T04:30:00Z,BATCH-UBER-4065
PO_B01_004066,Cashfree Escrow,OLAA-INV-906040 PO_B01_004066,166254,3814,0,0,162440,INR,2026-08-03T05:30:00Z,BATCH-OLAA-4066
PO_B01_004067,PayU Enterprise,OLAA-INV-130044 PO_B01_004067,278054,6692,0,0,271362,INR,2026-08-03T04:53:00Z,BATCH-OLAA-4067
PO_B01_004068,PayU Enterprise,JIOO-ORD-653954 JIOO-ORD-682490 BATCH-JIOO-4068,446921,8938,0,0,437983,INR,2026-08-03T13:51:00Z,BATCH-JIOO-4068
PO_B01_004069,BillDesk Settlement,ZOMA-INV-910722 PO_B01_004069,138453,2803,0,0,135650,INR,2026-08-03T13:22:00Z,BATCH-ZOMA-4069
PO_B01_004070,Stripe India,BKMS-INV-361154 PO_B01_004070,302843,7386,0,0,295457,INR,2026-08-03T07:51:00Z,BATCH-BKMS-4070
PO_B01_004071,Razorpay Nodal,PHNP-ORD-757424 PHNP-ORD-303161 BATCH-PHNP-4071,135918,2718,0,0,133200,INR,2026-08-02T22:40:00Z,BATCH-PHNP-4071
PO_B01_004072,Cashfree Escrow,JIOO-INV-371711 PO_B01_004072,187378,3887,0,0,183491,INR,2026-08-03T01:15:00Z,BATCH-JIOO-4072
PO_B01_004073,Stripe India,TATA-INV-466178 PO_B01_004073,188681,3739,0,0,184942,INR,2026-08-03T08:48:00Z,BATCH-TATA-4073
PO_B01_004074,PayU Enterprise,OLAA-ORD-820920 OLAA-ORD-152427 BATCH-OLAA-4074,359321,7186,0,0,352135,INR,2026-08-02T21:38:00Z,BATCH-OLAA-4074
PO_B01_004075,Razorpay Nodal,SWIG-INV-272378 PO_B01_004075,369974,5937,0,0,364037,INR,2026-08-03T02:29:00Z,BATCH-SWIG-4075
PO_B01_004076,Stripe India,NYKA-INV-787476 PO_B01_004076,352578,6556,0,0,346022,INR,2026-08-03T11:31:00Z,BATCH-NYKA-4076
PO_B01_004077,BillDesk Settlement,BKMS-ORD-297757 BKMS-ORD-209698 BKMS-ORD-346931 BATCH-BKMS-4077,668953,13379,0,0,655574,INR,2026-08-03T10:27:00Z,BATCH-BKMS-4077
PO_B01_004078,Cashfree Escrow,MYNT-INV-656678 PO_B01_004078,294471,6196,0,0,288275,INR,2026-08-03T14:59:00Z,BATCH-MYNT-4078
PO_B01_004079,Razorpay Nodal,JIOO-INV-333771 PO_B01_004079,131496,2309,0,0,129187,INR,2026-08-03T01:06:00Z,BATCH-JIOO-4079
PO_B01_004080,BillDesk Settlement,TATA-INV-323307 PO_B01_004080,216997,3439,0,0,213558,INR,2026-08-03T07:29:00Z,BATCH-TATA-4080
PO_B01_004081,BillDesk Settlement,FLPK-INV-562174 PO_B01_004081,329732,6975,0,0,322757,INR,2026-08-02T17:49:00Z,BATCH-FLPK-4081
PO_B01_004082,BillDesk Settlement,AMZN-INV-917616 PO_B01_004082,182909,3109,0,0,179800,INR,2026-08-02T20:51:00Z,BATCH-AMZN-4082
PO_B01_004083,Razorpay Nodal,MMTR-INV-118125 PO_B01_004083,246457,6001,0,0,240456,INR,2026-08-04T02:00:00Z,BATCH-MMTR-4083
PO_B01_004084,BillDesk Settlement,MMTR-INV-767317 PO_B01_004084,404839,6646,0,0,398193,INR,2026-08-02T22:00:00Z,BATCH-MMTR-4084
PO_B01_004085,Cashfree Escrow,UBER-INV-509631 PO_B01_004085,266177,4262,0,0,261915,INR,2026-08-03T06:01:00Z,BATCH-UBER-4085
PO_B01_004086,Cashfree Escrow,BBAS-ORD-319346 BBAS-ORD-785097 BBAS-ORD-217301 BATCH-BBAS-4086,540680,10813,0,0,529867,INR,2026-08-03T02:33:00Z,BATCH-BBAS-4086
PO_B01_004087,Cashfree Escrow,PHNP-ORD-139651 PHNP-ORD-944154 BATCH-PHNP-4087,138345,2766,0,0,135579,INR,2026-08-03T12:56:00Z,BATCH-PHNP-4087
PO_B01_004088,BillDesk Settlement,BLNK-INV-888802 PO_B01_004088,189184,3442,0,0,185742,INR,2026-08-03T05:07:00Z,BATCH-BLNK-4088
PO_B01_004089,Cashfree Escrow,AMZN-ORD-247596 AMZN-ORD-144474 BATCH-AMZN-4089,435663,8713,0,0,426950,INR,2026-08-03T16:18:00Z,BATCH-AMZN-4089
PO_B01_004090,BillDesk Settlement,SWIG-ORD-934534 SWIG-ORD-901674 BATCH-SWIG-4090,373648,7472,0,0,366176,INR,2026-08-03T10:05:00Z,BATCH-SWIG-4090
PO_B01_004091,PayU Enterprise,ZOMA-ORD-399635 ZOMA-ORD-500756 BATCH-ZOMA-4091,376629,7532,0,0,369097,INR,2026-08-03T12:35:00Z,BATCH-ZOMA-4091
PO_B01_004092,Razorpay Nodal,AMZN-INV-256390 PO_B01_004092,325689,5662,0,0,320027,INR,2026-08-03T23:05:00Z,BATCH-AMZN-4092
PO_B01_004093,Stripe India,ZOMA-ORD-148546 ZOMA-ORD-335549 ZOMA-ORD-715040 BATCH-ZOMA-4093,280778,5615,0,0,275163,INR,2026-08-03T00:08:00Z,BATCH-ZOMA-4093
PO_B01_004094,Razorpay Nodal,PHNP-ORD-177923 PHNP-ORD-700597 PHNP-ORD-639823 BATCH-PHNP-4094,393244,7864,0,0,385380,INR,2026-08-02T23:43:00Z,BATCH-PHNP-4094
PO_B01_004095,Cashfree Escrow,TATA-ORD-590868 TATA-ORD-514451 BATCH-TATA-4095,172699,3453,0,0,169246,INR,2026-08-03T13:54:00Z,BATCH-TATA-4095
PO_B01_004096,Razorpay Nodal,MMTR-INV-799231 PO_B01_004096,78511,1940,0,0,76571,INR,2026-08-03T02:19:00Z,BATCH-MMTR-4096
PO_B01_004097,Cashfree Escrow,MMTR-INV-689545 PO_B01_004097,235910,5514,0,0,230396,INR,2026-08-02T20:12:00Z,BATCH-MMTR-4097
PO_B01_004098,BillDesk Settlement,PAYT-INV-582830 PO_B01_004098,82847,1931,0,0,80916,INR,2026-08-03T13:08:00Z,BATCH-PAYT-4098
PO_B01_004099,Cashfree Escrow,BLNK-INV-337309 PO_B01_004099,211691,4526,0,0,207165,INR,2026-08-03T11:30:00Z,BATCH-BLNK-4099
PO_B01_004100,Razorpay Nodal,ZOMA-INV-125837 PO_B01_004100,139094,2373,0,0,136721,INR,2026-08-02T15:27:00Z,BATCH-ZOMA-4100
PO_B01_004101,Stripe India,BKMS-INV-181266 PO_B01_004101,388387,9580,0,0,378807,INR,2026-08-03T05:27:00Z,BATCH-BKMS-4101
PO_B01_004102,Stripe India,OLAA-INV-489125 PO_B01_004102,376019,9136,0,0,366883,INR,2026-08-03T05:44:00Z,BATCH-OLAA-4102
PO_B01_004103,BillDesk Settlement,PAYT-INV-974694 PO_B01_004103,183944,3394,0,0,180550,INR,2026-08-03T09:37:00Z,BATCH-PAYT-4103
PO_B01_004104,Cashfree Escrow,SWIG-ORD-189038 SWIG-ORD-871612 BATCH-SWIG-4104,232172,4643,0,0,227529,INR,2026-08-03T09:40:00Z,BATCH-SWIG-4104
PO_B01_004105,Stripe India,UBER-INV-141822 PO_B01_004105,411045,8237,0,0,402808,INR,2026-08-03T01:51:00Z,BATCH-UBER-4105
PO_B01_004106,PayU Enterprise,UBER-INV-186762 PO_B01_004106,412850,7797,0,0,405053,INR,2026-08-03T08:55:00Z,BATCH-UBER-4106
PO_B01_004107,PayU Enterprise,NYKA-INV-725275 PO_B01_004107,317583,6558,0,0,311025,INR,2026-08-03T06:52:00Z,BATCH-NYKA-4107
PO_B01_004108,PayU Enterprise,TATA-INV-798562 PO_B01_004108,97108,2167,0,0,94941,INR,2026-08-03T16:31:00Z,BATCH-TATA-4108
PO_B01_004109,Stripe India,PAYT-INV-673360 PO_B01_004109,154948,3497,0,0,151451,INR,2026-08-03T20:12:00Z,BATCH-PAYT-4109
PO_B01_004110,Razorpay Nodal,BBAS-INV-354408 PO_B01_004110,351081,8756,0,0,342325,INR,2026-08-02T22:15:00Z,BATCH-BBAS-4110
PO_B01_004111,Stripe India,PAYT-EXC-561257-UNRESOLVED,108928,2168,0,0,106760,INR,2026-08-03T23:57:00Z,HOLD-ESCROW
PO_B01_004112,PayU Enterprise,SWIG-INV-988750 PO_B01_004112,139368,3146,0,0,136222,INR,2026-08-03T05:00:00Z,BATCH-SWIG-4112
PO_B01_004113,Razorpay Nodal,UBER-ORD-663488 UBER-ORD-652288 BATCH-UBER-4113,227832,4556,0,0,223276,INR,2026-08-03T20:17:00Z,BATCH-UBER-4113
PO_B01_004114,PayU Enterprise,MMTR-ORD-300752 MMTR-ORD-554838 MMTR-ORD-796556 BATCH-MMTR-4114,356351,7127,0,0,349224,INR,2026-08-03T11:21:00Z,BATCH-MMTR-4114
PO_B01_004115,Razorpay Nodal,MMTR-EXC-181999-UNRESOLVED,151530,3020,0,0,148510,INR,2026-08-03T15:08:00Z,HOLD-ESCROW
PO_B01_004116,Cashfree Escrow,ZOMA-INV-848633 PO_B01_004116,168508,4174,0,0,164334,INR,2026-08-03T16:46:00Z,BATCH-ZOMA-4116
PO_B01_004117,PayU Enterprise,TATA-INV-122579 PO_B01_004117,418351,8375,0,0,409976,INR,2026-08-03T15:59:00Z,BATCH-TATA-4117
PO_B01_004118,PayU Enterprise,BBAS-INV-939241 PO_B01_004118,372920,6399,0,0,366521,INR,2026-08-03T16:52:00Z,BATCH-BBAS-4118
PO_B01_004119,Cashfree Escrow,TATA-INV-284429 PO_B01_004119,353513,5495,0,0,348018,INR,2026-08-03T03:40:00Z,BATCH-TATA-4119
PO_B01_004120,Cashfree Escrow,MMTR-INV-643363 PO_B01_004120,317667,6742,0,0,310925,INR,2026-08-03T09:40:00Z,BATCH-MMTR-4120
PO_B01_004121,Razorpay Nodal,BLNK-INV-639386 PO_B01_004121,38765,802,0,0,37963,INR,2026-08-03T12:36:00Z,BATCH-BLNK-4121
PO_B01_004122,Stripe India,TATA-ORD-392699 TATA-ORD-959420 TATA-ORD-341914 BATCH-TATA-4122,506939,10138,0,0,496801,INR,2026-08-03T13:07:00Z,BATCH-TATA-4122
PO_B01_004123,Razorpay Nodal,FLPK-INV-964705 PO_B01_004123,398367,7695,0,0,390672,INR,2026-08-02T21:23:00Z,BATCH-FLPK-4123
PO_B01_004124,Cashfree Escrow,MYNT-EXC-980756-UNRESOLVED,281950,5629,0,0,276321,INR,2026-08-03T23:22:00Z,HOLD-ESCROW
PO_B01_004125,BillDesk Settlement,ZOMA-INV-149546 PO_B01_004125,379152,8903,0,0,370249,INR,2026-08-02T20:45:00Z,BATCH-ZOMA-4125
PO_B01_004126,PayU Enterprise,MMTR-ORD-746102 MMTR-ORD-803900 MMTR-ORD-885454 BATCH-MMTR-4126,168550,3371,0,0,165179,INR,2026-08-03T07:36:00Z,BATCH-MMTR-4126
PO_B01_004127,PayU Enterprise,BBAS-INV-575622 PO_B01_004127,61898,1344,0,0,60554,INR,2026-08-03T10:24:00Z,BATCH-BBAS-4127
PO_B01_004128,PayU Enterprise,MMTR-INV-454774 PO_B01_004128,221018,3432,0,0,217586,INR,2026-08-03T10:49:00Z,BATCH-MMTR-4128
PO_B01_004129,PayU Enterprise,FLPK-ORD-271757 FLPK-ORD-662042 BATCH-FLPK-4129,201971,4039,0,0,197932,INR,2026-08-03T06:40:00Z,BATCH-FLPK-4129
PO_B01_004130,Razorpay Nodal,BKMS-INV-216780 PO_B01_004130,65633,1328,0,0,64305,INR,2026-08-02T21:14:00Z,BATCH-BKMS-4130
PO_B01_004131,Stripe India,MYNT-INV-775678 PO_B01_004131,35213,710,0,0,34503,INR,2026-08-03T02:27:00Z,BATCH-MYNT-4131
PO_B01_004132,BillDesk Settlement,AMZN-ORD-515488 AMZN-ORD-465422 AMZN-ORD-228819 BATCH-AMZN-4132,425194,8503,0,0,416691,INR,2026-08-03T13:05:00Z,BATCH-AMZN-4132
PO_B01_004133,Cashfree Escrow,MMTR-INV-460441 PO_B01_004133,135191,2423,0,0,132768,INR,2026-08-03T18:34:00Z,BATCH-MMTR-4133
PO_B01_004134,Cashfree Escrow,BBAS-ORD-139235 BBAS-ORD-151214 BBAS-ORD-816073 BATCH-BBAS-4134,282552,5651,0,0,276901,INR,2026-08-03T05:33:00Z,BATCH-BBAS-4134
PO_B01_004135,Cashfree Escrow,MMTR-INV-852717 PO_B01_004135,25749,598,0,0,25151,INR,2026-08-03T03:19:00Z,BATCH-MMTR-4135
PO_B01_004136,PayU Enterprise,FLPK-ORD-900854 FLPK-ORD-286226 BATCH-FLPK-4136,345347,6906,0,0,338441,INR,2026-08-03T00:55:00Z,BATCH-FLPK-4136
PO_B01_004137,PayU Enterprise,MYNT-ORD-660709 MYNT-ORD-581701 BATCH-MYNT-4137,183927,3678,0,0,180249,INR,2026-08-03T18:31:00Z,BATCH-MYNT-4137
PO_B01_004138,BillDesk Settlement,FLPK-ORD-175089 FLPK-ORD-135997 FLPK-ORD-747081 BATCH-FLPK-4138,448585,8971,0,0,439614,INR,2026-08-03T11:59:00Z,BATCH-FLPK-4138
PO_B01_004139,Cashfree Escrow,FLPK-INV-276575 PO_B01_004139,271581,4445,0,0,267136,INR,2026-08-03T00:15:00Z,BATCH-FLPK-4139
PO_B01_004140,Cashfree Escrow,NYKA-ORD-342747 NYKA-ORD-164754 BATCH-NYKA-4140,189123,3782,0,0,185341,INR,2026-08-03T05:34:00Z,BATCH-NYKA-4140
PO_B01_004141,Stripe India,TATA-INV-608423 PO_B01_004141,328985,7860,0,0,321125,INR,2026-08-04T00:35:00Z,BATCH-TATA-4141
PO_B01_004142,Cashfree Escrow,PAYT-INV-455439 PO_B01_004142,296651,5005,0,0,291646,INR,2026-08-03T05:58:00Z,BATCH-PAYT-4142
PO_B01_004143,Razorpay Nodal,JIOO-EXC-911431-UNRESOLVED,199442,3978,0,0,195464,INR,2026-08-03T19:17:00Z,HOLD-ESCROW
PO_B01_004144,Razorpay Nodal,BLNK-INV-344854 PO_B01_004144,402398,7311,0,0,395087,INR,2026-08-03T16:57:00Z,BATCH-BLNK-4144
PO_B01_004145,Cashfree Escrow,UBER-INV-220761 PO_B01_004145,345192,8604,0,0,336588,INR,2026-08-03T06:24:00Z,BATCH-UBER-4145
PO_B01_004146,Stripe India,UBER-INV-760199 PO_B01_004146,146207,2776,0,0,143431,INR,2026-08-03T06:43:00Z,BATCH-UBER-4146
PO_B01_004147,PayU Enterprise,SWIG-INV-947522 PO_B01_004147,139237,2518,0,0,136719,INR,2026-08-03T08:17:00Z,BATCH-SWIG-4147
PO_B01_004148,Cashfree Escrow,ZOMA-INV-138009 PO_B01_004148,370315,5670,0,0,364645,INR,2026-08-03T08:59:00Z,BATCH-ZOMA-4148
PO_B01_004149,PayU Enterprise,JIOO-INV-146039 PO_B01_004149,401961,9297,0,0,392664,INR,2026-08-03T09:41:00Z,BATCH-JIOO-4149
PO_B01_004150,Razorpay Nodal,JIOO-ORD-125947 JIOO-ORD-522693 BATCH-JIOO-4150,138927,2778,0,0,136149,INR,2026-08-03T00:39:00Z,BATCH-JIOO-4150
PO_B01_004151,Cashfree Escrow,FLPK-EXC-133871-UNRESOLVED,85410,1698,0,0,83712,INR,2026-08-03T17:04:00Z,HOLD-ESCROW
PO_B01_004152,Cashfree Escrow,UBER-ORD-305387 UBER-ORD-446908 BATCH-UBER-4152,373524,7470,0,0,366054,INR,2026-08-03T11:02:00Z,BATCH-UBER-4152
PO_B01_004153,PayU Enterprise,AMZN-ORD-820314 AMZN-ORD-101583 AMZN-ORD-238895 BATCH-AMZN-4153,523470,10469,0,0,513001,INR,2026-08-03T04:07:00Z,BATCH-AMZN-4153
PO_B01_004154,BillDesk Settlement,TATA-INV-237222 PO_B01_004154,91140,1632,0,0,89508,INR,2026-08-03T10:42:00Z,BATCH-TATA-4154
PO_B01_004155,BillDesk Settlement,OLAA-INV-645826 PO_B01_004155,94775,1528,0,0,93247,INR,2026-08-02T21:16:00Z,BATCH-OLAA-4155
PO_B01_004156,Cashfree Escrow,MMTR-INV-811469 PO_B01_004156,408344,6893,0,0,401451,INR,2026-08-03T09:30:00Z,BATCH-MMTR-4156
PO_B01_004157,Razorpay Nodal,JIOO-INV-508977 PO_B01_004157,93119,2061,0,0,91058,INR,2026-08-03T13:20:00Z,BATCH-JIOO-4157
PO_B01_004158,Cashfree Escrow,SWIG-INV-838906 PO_B01_004158,223838,3756,0,0,220082,INR,2026-08-03T15:21:00Z,BATCH-SWIG-4158
PO_B01_004159,PayU Enterprise,BBAS-ORD-122845 BBAS-ORD-645388 BBAS-ORD-295731 BATCH-BBAS-4159,507488,10149,0,0,497339,INR,2026-08-02T21:04:00Z,BATCH-BBAS-4159
PO_B01_004160,Razorpay Nodal,TATA-INV-737827 PO_B01_004160,71648,1604,0,0,70044,INR,2026-08-03T13:10:00Z,BATCH-TATA-4160
PO_B01_004161,Razorpay Nodal,TATA-EXC-204708-UNRESOLVED,188165,3753,0,0,184412,INR,2026-08-04T00:34:00Z,HOLD-ESCROW
PO_B01_004162,Stripe India,ZOMA-INV-525465 PO_B01_004162,398495,6685,0,0,391810,INR,2026-08-03T06:35:00Z,BATCH-ZOMA-4162
PO_B01_004163,Razorpay Nodal,SWIG-INV-656485 PO_B01_004163,260560,4292,0,0,256268,INR,2026-08-03T10:56:00Z,BATCH-SWIG-4163
PO_B01_004164,Stripe India,UBER-INV-439986 PO_B01_004164,95771,2278,0,0,93493,INR,2026-08-03T14:10:00Z,BATCH-UBER-4164
PO_B01_004165,BillDesk Settlement,BLNK-INV-180504 PO_B01_004165,209562,5021,0,0,204541,INR,2026-08-03T06:22:00Z,BATCH-BLNK-4165
PO_B01_004166,Stripe India,OLAA-ORD-989443 OLAA-ORD-641735 OLAA-ORD-676600 BATCH-OLAA-4166,228774,4575,0,0,224199,INR,2026-08-03T12:36:00Z,BATCH-OLAA-4166
PO_B01_004167,PayU Enterprise,JIOO-INV-172090 PO_B01_004167,253524,4144,0,0,249380,INR,2026-08-03T01:43:00Z,BATCH-JIOO-4167
PO_B01_004168,Razorpay Nodal,BBAS-INV-802986 PO_B01_004168,379089,8435,0,0,370654,INR,2026-08-03T17:29:00Z,BATCH-BBAS-4168
PO_B01_004169,Cashfree Escrow,PAYT-INV-713908 PO_B01_004169,62317,942,0,0,61375,INR,2026-08-03T22:56:00Z,BATCH-PAYT-4169
PO_B01_004170,PayU Enterprise,PAYT-ORD-561447 PAYT-ORD-488002 PAYT-ORD-445875 BATCH-PAYT-4170,298304,5966,0,0,292338,INR,2026-08-03T19:47:00Z,BATCH-PAYT-4170
PO_B01_004171,Cashfree Escrow,TATA-INV-480092 PO_B01_004171,241894,5529,0,0,236365,INR,2026-08-02T18:18:00Z,BATCH-TATA-4171
PO_B01_004172,PayU Enterprise,BBAS-INV-102170 PO_B01_004172,347366,6007,0,0,341359,INR,2026-08-03T13:17:00Z,BATCH-BBAS-4172
PO_B01_004173,Razorpay Nodal,BBAS-INV-420370 PO_B01_004173,247541,3824,0,0,243717,INR,2026-08-03T02:17:00Z,BATCH-BBAS-4173
PO_B01_004174,Cashfree Escrow,TATA-EXC-843947-UNRESOLVED,53599,1061,0,0,52538,INR,2026-08-03T16:13:00Z,HOLD-ESCROW
PO_B01_004175,PayU Enterprise,ZOMA-INV-795272 PO_B01_004175,242773,5733,0,0,237040,INR,2026-08-03T05:19:00Z,BATCH-ZOMA-4175
PO_B01_004176,Razorpay Nodal,FLPK-INV-964844 PO_B01_004176,317631,5922,0,0,311709,INR,2026-08-02T19:21:00Z,BATCH-FLPK-4176
PO_B01_004177,Cashfree Escrow,FLPK-INV-415686 PO_B01_004177,146392,3474,0,0,142918,INR,2026-08-03T22:54:00Z,BATCH-FLPK-4177
PO_B01_004178,PayU Enterprise,PHNP-EXC-635758-UNRESOLVED,277527,5540,0,0,271987,INR,2026-08-03T16:08:00Z,HOLD-ESCROW
PO_B01_004179,Cashfree Escrow,BLNK-ORD-583068 BLNK-ORD-558587 BLNK-ORD-687074 BATCH-BLNK-4179,367585,7351,0,0,360234,INR,2026-08-03T13:58:00Z,BATCH-BLNK-4179
PO_B01_004180,Cashfree Escrow,OLAA-INV-952510 PO_B01_004180,394195,8301,0,0,385894,INR,2026-08-03T01:36:00Z,BATCH-OLAA-4180
PO_B01_004181,Razorpay Nodal,SWIG-INV-897667 PO_B01_004181,76534,1513,0,0,75021,INR,2026-08-03T11:18:00Z,BATCH-SWIG-4181
PO_B01_004182,PayU Enterprise,PHNP-INV-410415 PO_B01_004182,379806,8460,0,0,371346,INR,2026-08-03T04:01:00Z,BATCH-PHNP-4182
PO_B01_004183,Razorpay Nodal,SWIG-INV-363471 PO_B01_004183,369252,7748,0,0,361504,INR,2026-08-03T11:48:00Z,BATCH-SWIG-4183
PO_B01_004184,Stripe India,MMTR-INV-444191 PO_B01_004184,251064,4413,0,0,246651,INR,2026-08-03T21:46:00Z,BATCH-MMTR-4184
PO_B01_004185,BillDesk Settlement,PHNP-ORD-262472 PHNP-ORD-602738 BATCH-PHNP-4185,228825,4576,0,0,224249,INR,2026-08-03T19:28:00Z,BATCH-PHNP-4185
PO_B01_004186,PayU Enterprise,BBAS-INV-919222 PO_B01_004186,30521,759,0,0,29762,INR,2026-08-03T02:31:00Z,BATCH-BBAS-4186
PO_B01_004187,Stripe India,BLNK-ORD-293472 BLNK-ORD-528416 BLNK-ORD-193299 BATCH-BLNK-4187,485482,9709,0,0,475773,INR,2026-08-03T13:08:00Z,BATCH-BLNK-4187
PO_B01_004188,Stripe India,MYNT-INV-408272 PO_B01_004188,164189,2545,0,0,161644,INR,2026-08-03T19:52:00Z,BATCH-MYNT-4188
PO_B01_004189,Razorpay Nodal,BBAS-ORD-370829 BBAS-ORD-558310 BATCH-BBAS-4189,292877,5857,0,0,287020,INR,2026-08-03T20:07:00Z,BATCH-BBAS-4189
PO_B01_004190,PayU Enterprise,JIOO-INV-463426 PO_B01_004190,99842,2376,0,0,97466,INR,2026-08-02T21:17:00Z,BATCH-JIOO-4190
PO_B01_004191,Cashfree Escrow,TATA-INV-230013 PO_B01_004191,316842,7044,0,0,309798,INR,2026-08-02T20:16:00Z,BATCH-TATA-4191
PO_B01_004192,Cashfree Escrow,ZOMA-INV-234708 PO_B01_004192,207359,3177,0,0,204182,INR,2026-08-03T07:38:00Z,BATCH-ZOMA-4192
PO_B01_004193,Stripe India,SWIG-INV-106846 PO_B01_004193,88052,1387,0,0,86665,INR,2026-08-03T12:16:00Z,BATCH-SWIG-4193
PO_B01_004194,BillDesk Settlement,BLNK-INV-893703 PO_B01_004194,312730,7462,0,0,305268,INR,2026-08-02T15:08:00Z,BATCH-BLNK-4194
PO_B01_004195,Cashfree Escrow,PHNP-INV-113298 PO_B01_004195,348718,7449,0,0,341269,INR,2026-08-03T02:39:00Z,BATCH-PHNP-4195
PO_B01_004196,Cashfree Escrow,MMTR-INV-981634 PO_B01_004196,404376,7120,0,0,397256,INR,2026-08-03T05:57:00Z,BATCH-MMTR-4196
PO_B01_004197,Razorpay Nodal,BKMS-INV-682291 PO_B01_004197,26499,661,0,0,25838,INR,2026-08-02T19:43:00Z,BATCH-BKMS-4197
PO_B01_004198,Cashfree Escrow,UBER-ORD-407068 UBER-ORD-497632 UBER-ORD-456181 BATCH-UBER-4198,560827,11216,0,0,549611,INR,2026-08-03T03:08:00Z,BATCH-UBER-4198
PO_B01_004199,Cashfree Escrow,ZOMA-INV-827929 PO_B01_004199,65194,1219,0,0,63975,INR,2026-08-02T22:58:00Z,BATCH-ZOMA-4199
PO_B01_004200,Stripe India,NYKA-INV-385729 PO_B01_004200,249578,6170,0,0,243408,INR,2026-08-03T03:00:00Z,BATCH-NYKA-4200
PO_B01_004201,Stripe India,PAYT-INV-389955 PO_B01_004201,178370,2724,0,0,175646,INR,2026-08-03T13:45:00Z,BATCH-PAYT-4201
PO_B01_004202,Razorpay Nodal,OLAA-INV-621357 PO_B01_004202,109858,2142,0,0,107716,INR,2026-08-03T16:19:00Z,BATCH-OLAA-4202
PO_B01_004203,PayU Enterprise,AMZN-ORD-364447 AMZN-ORD-776599 BATCH-AMZN-4203,204115,4082,0,0,200033,INR,2026-08-03T06:05:00Z,BATCH-AMZN-4203
PO_B01_004204,BillDesk Settlement,AMZN-INV-208851 PO_B01_004204,108270,2473,0,0,105797,INR,2026-08-03T13:36:00Z,BATCH-AMZN-4204
PO_B01_004205,Cashfree Escrow,MMTR-ORD-749118 MMTR-ORD-595401 MMTR-ORD-115634 BATCH-MMTR-4205,663825,13276,0,0,650549,INR,2026-08-03T10:57:00Z,BATCH-MMTR-4205
PO_B01_004206,PayU Enterprise,BKMS-EXC-775731-UNRESOLVED,276381,5517,0,0,270864,INR,2026-08-04T04:02:00Z,HOLD-ESCROW
PO_B01_004207,Cashfree Escrow,JIOO-INV-188401 PO_B01_004207,250962,4609,0,0,246353,INR,2026-08-03T03:28:00Z,BATCH-JIOO-4207
PO_B01_004208,PayU Enterprise,MYNT-INV-409722 PO_B01_004208,191820,3897,0,0,187923,INR,2026-08-03T08:04:00Z,BATCH-MYNT-4208
PO_B01_004209,Cashfree Escrow,MYNT-INV-665806 PO_B01_004209,295558,6802,0,0,288756,INR,2026-08-02T23:23:00Z,BATCH-MYNT-4209
PO_B01_004210,PayU Enterprise,MMTR-ORD-660657 MMTR-ORD-738406 BATCH-MMTR-4210,205787,4115,0,0,201672,INR,2026-08-02T23:02:00Z,BATCH-MMTR-4210
PO_B01_004211,Razorpay Nodal,PAYT-INV-796991 PO_B01_004211,124785,2766,0,0,122019,INR,2026-08-03T01:43:00Z,BATCH-PAYT-4211
PO_B01_004212,Stripe India,AMZN-INV-926908 PO_B01_004212,177377,2917,0,0,174460,INR,2026-08-03T04:58:00Z,BATCH-AMZN-4212
PO_B01_004213,PayU Enterprise,TATA-INV-369380 PO_B01_004213,73935,1125,0,0,72810,INR,2026-08-03T03:43:00Z,BATCH-TATA-4213
PO_B01_004214,Razorpay Nodal,SWIG-ORD-866829 SWIG-ORD-250723 BATCH-SWIG-4214,417767,8355,0,0,409412,INR,2026-08-03T10:02:00Z,BATCH-SWIG-4214
PO_B01_004215,PayU Enterprise,FLPK-INV-207999 PO_B01_004215,368987,5956,0,0,363031,INR,2026-08-03T13:44:00Z,BATCH-FLPK-4215
PO_B01_004216,BillDesk Settlement,AMZN-INV-891707 PO_B01_004216,283009,4913,0,0,278096,INR,2026-08-02T22:20:00Z,BATCH-AMZN-4216
PO_B01_004217,Razorpay Nodal,PHNP-INV-328849 PO_B01_004217,170413,4000,0,0,166413,INR,2026-08-03T08:59:00Z,BATCH-PHNP-4217
PO_B01_004218,PayU Enterprise,PAYT-INV-544775 PO_B01_004218,171112,3454,0,0,167658,INR,2026-08-03T12:44:00Z,BATCH-PAYT-4218
PO_B01_004219,Stripe India,ZOMA-EXC-411621-UNRESOLVED,150695,3003,0,0,147692,INR,2026-08-04T01:16:00Z,HOLD-ESCROW
PO_B01_004220,Cashfree Escrow,MYNT-INV-155208 PO_B01_004220,88030,1691,0,0,86339,INR,2026-08-03T15:00:00Z,BATCH-MYNT-4220
PO_B01_004221,Cashfree Escrow,OLAA-INV-613863 PO_B01_004221,140204,2763,0,0,137441,INR,2026-08-03T14:38:00Z,BATCH-OLAA-4221
PO_B01_004222,PayU Enterprise,PHNP-INV-513771 PO_B01_004222,171337,3433,0,0,167904,INR,2026-08-03T20:45:00Z,BATCH-PHNP-4222
PO_B01_004223,BillDesk Settlement,PAYT-INV-395012 PO_B01_004223,110207,2019,0,0,108188,INR,2026-08-03T12:03:00Z,BATCH-PAYT-4223
PO_B01_004224,PayU Enterprise,FLPK-INV-284330 PO_B01_004224,214401,4613,0,0,209788,INR,2026-08-02T19:01:00Z,BATCH-FLPK-4224
PO_B01_004225,Cashfree Escrow,TATA-ORD-934628 TATA-ORD-394070 BATCH-TATA-4225,402906,8058,0,0,394848,INR,2026-08-03T14:45:00Z,BATCH-TATA-4225
PO_B01_004226,PayU Enterprise,UBER-INV-569087 PO_B01_004226,227245,5677,0,0,221568,INR,2026-08-03T13:07:00Z,BATCH-UBER-4226
PO_B01_004227,PayU Enterprise,FLPK-INV-515744 PO_B01_004227,436080,9746,0,0,426334,INR,2026-08-03T10:11:00Z,BATCH-FLPK-4227
PO_B01_004228,Razorpay Nodal,UBER-INV-849790 PO_B01_004228,422237,8267,0,0,413970,INR,2026-08-02T19:41:00Z,BATCH-UBER-4228
PO_B01_004229,Razorpay Nodal,MYNT-EXC-413352-UNRESOLVED,103020,2050,0,0,100970,INR,2026-08-04T05:59:00Z,HOLD-ESCROW
PO_B01_004230,BillDesk Settlement,TATA-INV-116140 PO_B01_004230,168565,3200,0,0,165365,INR,2026-08-03T08:47:00Z,BATCH-TATA-4230
PO_B01_004231,Stripe India,AMZN-INV-523958 PO_B01_004231,90892,2042,0,0,88850,INR,2026-08-03T03:25:00Z,BATCH-AMZN-4231
PO_B01_004232,PayU Enterprise,MYNT-INV-971899 PO_B01_004232,284289,6439,0,0,277850,INR,2026-08-03T23:53:00Z,BATCH-MYNT-4232
PO_B01_004233,Cashfree Escrow,UBER-INV-914997 PO_B01_004233,356673,7890,0,0,348783,INR,2026-08-02T16:47:00Z,BATCH-UBER-4233
PO_B01_004234,BillDesk Settlement,UBER-INV-289663 PO_B01_004234,327972,7848,0,0,320124,INR,2026-08-03T12:21:00Z,BATCH-UBER-4234
PO_B01_004235,PayU Enterprise,OLAA-INV-865571 PO_B01_004235,152059,2567,0,0,149492,INR,2026-08-03T02:31:00Z,BATCH-OLAA-4235
PO_B01_004236,PayU Enterprise,BLNK-INV-631812 PO_B01_004236,33819,531,0,0,33288,INR,2026-08-03T12:01:00Z,BATCH-BLNK-4236
PO_B01_004237,Cashfree Escrow,MYNT-INV-452148 PO_B01_004237,400508,6854,0,0,393654,INR,2026-08-03T06:37:00Z,BATCH-MYNT-4237
PO_B01_004238,Cashfree Escrow,BLNK-INV-486961 PO_B01_004238,393845,6671,0,0,387174,INR,2026-08-02T23:50:00Z,BATCH-BLNK-4238
PO_B01_004239,Cashfree Escrow,BKMS-INV-256027 PO_B01_004239,434305,9028,0,0,425277,INR,2026-08-03T03:19:00Z,BATCH-BKMS-4239
PO_B01_004240,Razorpay Nodal,NYKA-ORD-479636 NYKA-ORD-479017 NYKA-ORD-565817 BATCH-NYKA-4240,500298,10005,0,0,490293,INR,2026-08-03T05:30:00Z,BATCH-NYKA-4240
PO_B01_004241,BillDesk Settlement,BLNK-INV-962883 PO_B01_004241,246805,3914,0,0,242891,INR,2026-08-03T01:10:00Z,BATCH-BLNK-4241
PO_B01_004242,PayU Enterprise,PAYT-ORD-326794 PAYT-ORD-319828 PAYT-ORD-210578 BATCH-PAYT-4242,335414,6708,0,0,328706,INR,2026-08-03T03:51:00Z,BATCH-PAYT-4242
PO_B01_004243,BillDesk Settlement,BKMS-INV-269929 PO_B01_004243,287804,6966,0,0,280838,INR,2026-08-03T18:00:00Z,BATCH-BKMS-4243
PO_B01_004244,PayU Enterprise,TATA-EXC-987392-UNRESOLVED,172277,3435,0,0,168842,INR,2026-08-03T23:19:00Z,HOLD-ESCROW
PO_B01_004245,Cashfree Escrow,ZOMA-ORD-158185 ZOMA-ORD-512315 ZOMA-ORD-890864 BATCH-ZOMA-4245,287906,5758,0,0,282148,INR,2026-08-03T15:58:00Z,BATCH-ZOMA-4245
PO_B01_004246,Razorpay Nodal,MYNT-INV-756886 PO_B01_004246,252347,4070,0,0,248277,INR,2026-08-03T01:15:00Z,BATCH-MYNT-4246
PO_B01_004247,PayU Enterprise,ZOMA-INV-387283 PO_B01_004247,74704,1732,0,0,72972,INR,2026-08-02T20:51:00Z,BATCH-ZOMA-4247
PO_B01_004248,Cashfree Escrow,NYKA-INV-909547 PO_B01_004248,362992,6922,0,0,356070,INR,2026-08-03T05:14:00Z,BATCH-NYKA-4248
PO_B01_004249,Cashfree Escrow,JIOO-ORD-570786 JIOO-ORD-410913 JIOO-ORD-579359 BATCH-JIOO-4249,439746,8794,0,0,430952,INR,2026-08-03T16:44:00Z,BATCH-JIOO-4249
PO_B01_004250,Razorpay Nodal,PHNP-EXC-918393-UNRESOLVED,113297,2255,0,0,111042,INR,2026-08-03T16:19:00Z,HOLD-ESCROW
PO_B01_004251,Cashfree Escrow,NYKA-INV-811343 PO_B01_004251,299663,5621,0,0,294042,INR,2026-08-03T11:00:00Z,BATCH-NYKA-4251
PO_B01_004252,BillDesk Settlement,NYKA-INV-205805 PO_B01_004252,404351,8015,0,0,396336,INR,2026-08-03T07:57:00Z,BATCH-NYKA-4252
PO_B01_004253,BillDesk Settlement,SWIG-INV-516736 PO_B01_004253,270963,5841,0,0,265122,INR,2026-08-03T11:08:00Z,BATCH-SWIG-4253
PO_B01_004254,Razorpay Nodal,MYNT-INV-385866 PO_B01_004254,332120,7926,0,0,324194,INR,2026-08-03T09:02:00Z,BATCH-MYNT-4254
PO_B01_004255,Stripe India,UBER-INV-916767 PO_B01_004255,234556,5422,0,0,229134,INR,2026-08-03T15:01:00Z,BATCH-UBER-4255
PO_B01_004256,PayU Enterprise,BLNK-ORD-883691 BLNK-ORD-701137 BATCH-BLNK-4256,96842,1936,0,0,94906,INR,2026-08-02T22:34:00Z,BATCH-BLNK-4256
PO_B01_004257,PayU Enterprise,PHNP-INV-679841 PO_B01_004257,83801,1909,0,0,81892,INR,2026-08-03T12:46:00Z,BATCH-PHNP-4257
PO_B01_004258,BillDesk Settlement,UBER-INV-154645 PO_B01_004258,408339,10165,0,0,398174,INR,2026-08-03T12:06:00Z,BATCH-UBER-4258
PO_B01_004259,Cashfree Escrow,SWIG-INV-449125 PO_B01_004259,207031,4862,0,0,202169,INR,2026-08-03T16:35:00Z,BATCH-SWIG-4259
PO_B01_004260,BillDesk Settlement,PAYT-INV-826538 PO_B01_004260,92040,1739,0,0,90301,INR,2026-08-03T04:33:00Z,BATCH-PAYT-4260
PO_B01_004261,Razorpay Nodal,MMTR-INV-498789 PO_B01_004261,226116,4362,0,0,221754,INR,2026-08-03T01:51:00Z,BATCH-MMTR-4261
PO_B01_004262,Stripe India,BKMS-ORD-638449 BKMS-ORD-183171 BATCH-BKMS-4262,216009,4320,0,0,211689,INR,2026-08-03T12:56:00Z,BATCH-BKMS-4262
PO_B01_004263,Cashfree Escrow,PAYT-INV-808492 PO_B01_004263,433883,9250,0,0,424633,INR,2026-08-03T18:30:00Z,BATCH-PAYT-4263
PO_B01_004264,Razorpay Nodal,MYNT-ORD-331768 MYNT-ORD-817685 BATCH-MYNT-4264,357285,7145,0,0,350140,INR,2026-08-03T16:31:00Z,BATCH-MYNT-4264
PO_B01_004265,Razorpay Nodal,UBER-ORD-577217 UBER-ORD-977321 BATCH-UBER-4265,362403,7248,0,0,355155,INR,2026-08-03T17:04:00Z,BATCH-UBER-4265
PO_B01_004266,PayU Enterprise,BBAS-ORD-670519 BBAS-ORD-249937 BBAS-ORD-256815 BATCH-BBAS-4266,343155,6863,0,0,336292,INR,2026-08-03T06:12:00Z,BATCH-BBAS-4266
PO_B01_004267,PayU Enterprise,NYKA-INV-532205 PO_B01_004267,274963,4210,0,0,270753,INR,2026-08-03T09:19:00Z,BATCH-NYKA-4267
PO_B01_004268,Stripe India,JIOO-INV-602274 PO_B01_004268,162417,2762,0,0,159655,INR,2026-08-03T01:50:00Z,BATCH-JIOO-4268
PO_B01_004269,Razorpay Nodal,OLAA-ORD-427726 OLAA-ORD-437797 OLAA-ORD-296319 BATCH-OLAA-4269,405029,8100,0,0,396929,INR,2026-08-03T02:30:00Z,BATCH-OLAA-4269
PO_B01_004270,Razorpay Nodal,SWIG-INV-166971 PO_B01_004270,88555,2160,0,0,86395,INR,2026-08-02T21:06:00Z,BATCH-SWIG-4270
PO_B01_004271,PayU Enterprise,TATA-ORD-601553 TATA-ORD-451544 BATCH-TATA-4271,247025,4940,0,0,242085,INR,2026-08-03T04:12:00Z,BATCH-TATA-4271
PO_B01_004272,BillDesk Settlement,PAYT-INV-881874 PO_B01_004272,366304,7127,0,0,359177,INR,2026-08-03T17:25:00Z,BATCH-PAYT-4272
PO_B01_004273,Cashfree Escrow,MMTR-INV-676874 PO_B01_004273,53458,1282,0,0,52176,INR,2026-08-02T21:37:00Z,BATCH-MMTR-4273
PO_B01_004274,Cashfree Escrow,UBER-INV-529453 PO_B01_004274,214095,4766,0,0,209329,INR,2026-08-03T10:15:00Z,BATCH-UBER-4274
PO_B01_004275,PayU Enterprise,PHNP-INV-706821 PO_B01_004275,426709,7022,0,0,419687,INR,2026-08-03T04:25:00Z,BATCH-PHNP-4275
PO_B01_004276,PayU Enterprise,ZOMA-INV-717589 PO_B01_004276,260187,5806,0,0,254381,INR,2026-08-03T05:54:00Z,BATCH-ZOMA-4276
PO_B01_004277,Razorpay Nodal,OLAA-ORD-120636 OLAA-ORD-729441 BATCH-OLAA-4277,401725,8034,0,0,393691,INR,2026-08-03T16:59:00Z,BATCH-OLAA-4277
PO_B01_004278,Razorpay Nodal,FLPK-INV-237034 PO_B01_004278,316734,7836,0,0,308898,INR,2026-08-03T01:38:00Z,BATCH-FLPK-4278
PO_B01_004279,Stripe India,SWIG-INV-556400 PO_B01_004279,223775,3615,0,0,220160,INR,2026-08-03T12:39:00Z,BATCH-SWIG-4279
PO_B01_004280,PayU Enterprise,PAYT-INV-688279 PO_B01_004280,316403,5437,0,0,310966,INR,2026-08-02T23:07:00Z,BATCH-PAYT-4280
PO_B01_004281,Razorpay Nodal,BKMS-ORD-612567 BKMS-ORD-715313 BKMS-ORD-690970 BATCH-BKMS-4281,439205,8784,0,0,430421,INR,2026-08-03T11:20:00Z,BATCH-BKMS-4281
PO_B01_004282,Cashfree Escrow,BLNK-INV-724134 PO_B01_004282,427698,6846,0,0,420852,INR,2026-08-03T18:57:00Z,BATCH-BLNK-4282
PO_B01_004283,Razorpay Nodal,JIOO-EXC-227238-UNRESOLVED,209609,4182,0,0,205427,INR,2026-08-03T15:49:00Z,HOLD-ESCROW
PO_B01_004284,Razorpay Nodal,MMTR-INV-177181 PO_B01_004284,98439,1485,0,0,96954,INR,2026-08-03T07:03:00Z,BATCH-MMTR-4284
PO_B01_004285,Razorpay Nodal,MYNT-INV-482871 PO_B01_004285,191072,3545,0,0,187527,INR,2026-08-03T04:27:00Z,BATCH-MYNT-4285
PO_B01_004286,Razorpay Nodal,BLNK-INV-775013 PO_B01_004286,143022,2450,0,0,140572,INR,2026-08-03T17:42:00Z,BATCH-BLNK-4286
PO_B01_004287,Cashfree Escrow,ZOMA-INV-373223 PO_B01_004287,89935,1497,0,0,88438,INR,2026-08-02T18:58:00Z,BATCH-ZOMA-4287
PO_B01_004288,Cashfree Escrow,TATA-INV-448778 PO_B01_004288,137402,3309,0,0,134093,INR,2026-08-03T09:41:00Z,BATCH-TATA-4288
PO_B01_004289,Cashfree Escrow,ZOMA-ORD-181928 ZOMA-ORD-667063 BATCH-ZOMA-4289,224088,4481,0,0,219607,INR,2026-08-03T09:42:00Z,BATCH-ZOMA-4289
PO_B01_004290,BillDesk Settlement,PHNP-INV-363803 PO_B01_004290,208040,4156,0,0,203884,INR,2026-08-03T15:56:00Z,BATCH-PHNP-4290
PO_B01_004291,Cashfree Escrow,OLAA-ORD-975970 OLAA-ORD-859698 OLAA-ORD-554280 BATCH-OLAA-4291,318199,6363,0,0,311836,INR,2026-08-03T10:07:00Z,BATCH-OLAA-4291
PO_B01_004292,Razorpay Nodal,BLNK-INV-214871 PO_B01_004292,100708,1591,0,0,99117,INR,2026-08-04T01:43:00Z,BATCH-BLNK-4292
PO_B01_004293,Stripe India,BKMS-INV-525659 PO_B01_004293,412410,9391,0,0,403019,INR,2026-08-03T01:27:00Z,BATCH-BKMS-4293
PO_B01_004294,PayU Enterprise,MYNT-INV-115775 PO_B01_004294,155945,2479,0,0,153466,INR,2026-08-03T19:05:00Z,BATCH-MYNT-4294
PO_B01_004295,Stripe India,ZOMA-ORD-184558 ZOMA-ORD-768033 BATCH-ZOMA-4295,219486,4389,0,0,215097,INR,2026-08-03T13:51:00Z,BATCH-ZOMA-4295
PO_B01_004296,Stripe India,ZOMA-EXC-900385-UNRESOLVED,70085,1391,0,0,68694,INR,2026-08-04T01:47:00Z,HOLD-ESCROW
PO_B01_004297,Razorpay Nodal,BKMS-INV-777085 PO_B01_004297,354072,6152,0,0,347920,INR,2026-08-02T21:06:00Z,BATCH-BKMS-4297
PO_B01_004298,Stripe India,MMTR-INV-931975 PO_B01_004298,189993,3715,0,0,186278,INR,2026-08-03T03:34:00Z,BATCH-MMTR-4298
PO_B01_004299,BillDesk Settlement,MYNT-INV-610305 PO_B01_004299,259113,6325,0,0,252788,INR,2026-08-02T22:21:00Z,BATCH-MYNT-4299
PO_B01_004300,PayU Enterprise,MYNT-INV-541507 PO_B01_004300,164662,3429,0,0,161233,INR,2026-08-02T23:21:00Z,BATCH-MYNT-4300
PO_B01_004301,PayU Enterprise,TATA-INV-938597 PO_B01_004301,99889,1740,0,0,98149,INR,2026-08-03T08:08:00Z,BATCH-TATA-4301
PO_B01_004302,PayU Enterprise,ZOMA-INV-715147 PO_B01_004302,341457,5180,0,0,336277,INR,2026-08-03T10:39:00Z,BATCH-ZOMA-4302
PO_B01_004303,Cashfree Escrow,MMTR-EXC-185781-UNRESOLVED,187991,3749,0,0,184242,INR,2026-08-04T06:00:00Z,HOLD-ESCROW
PO_B01_004304,BillDesk Settlement,OLAA-ORD-178929 OLAA-ORD-145635 BATCH-OLAA-4304,316761,6335,0,0,310426,INR,2026-08-03T08:36:00Z,BATCH-OLAA-4304
PO_B01_004305,BillDesk Settlement,OLAA-INV-432262 PO_B01_004305,57850,975,0,0,56875,INR,2026-08-02T23:18:00Z,BATCH-OLAA-4305
PO_B01_004306,BillDesk Settlement,SWIG-ORD-384235 SWIG-ORD-686594 BATCH-SWIG-4306,202576,4051,0,0,198525,INR,2026-08-03T01:05:00Z,BATCH-SWIG-4306
PO_B01_004307,Razorpay Nodal,PHNP-ORD-215310 PHNP-ORD-557525 PHNP-ORD-890739 BATCH-PHNP-4307,327111,6542,0,0,320569,INR,2026-08-03T01:43:00Z,BATCH-PHNP-4307
PO_B01_004308,PayU Enterprise,PAYT-INV-650911 PO_B01_004308,106076,2206,0,0,103870,INR,2026-08-03T03:03:00Z,BATCH-PAYT-4308
PO_B01_004309,Razorpay Nodal,MYNT-INV-897175 PO_B01_004309,89607,1663,0,0,87944,INR,2026-08-03T00:56:00Z,BATCH-MYNT-4309
PO_B01_004310,BillDesk Settlement,AMZN-INV-467657 PO_B01_004310,85792,1789,0,0,84003,INR,2026-08-03T11:46:00Z,BATCH-AMZN-4310
PO_B01_004311,Cashfree Escrow,JIOO-ORD-367754 JIOO-ORD-634512 BATCH-JIOO-4311,443131,8862,0,0,434269,INR,2026-08-03T08:47:00Z,BATCH-JIOO-4311
PO_B01_004312,BillDesk Settlement,OLAA-INV-263579 PO_B01_004312,167355,4181,0,0,163174,INR,2026-08-02T13:01:00Z,BATCH-OLAA-4312
PO_B01_004313,Stripe India,FLPK-INV-451549 PO_B01_004313,168826,3588,0,0,165238,INR,2026-08-03T07:50:00Z,BATCH-FLPK-4313
PO_B01_004314,Stripe India,TATA-INV-327119 PO_B01_004314,151455,2378,0,0,149077,INR,2026-08-03T18:04:00Z,BATCH-TATA-4314
PO_B01_004315,Stripe India,MYNT-INV-830839 PO_B01_004315,283255,6973,0,0,276282,INR,2026-08-03T13:33:00Z,BATCH-MYNT-4315
PO_B01_004316,PayU Enterprise,TATA-INV-716172 PO_B01_004316,55325,1234,0,0,54091,INR,2026-08-03T05:32:00Z,BATCH-TATA-4316
PO_B01_004317,Stripe India,OLAA-ORD-756906 OLAA-ORD-902232 BATCH-OLAA-4317,267068,5341,0,0,261727,INR,2026-08-03T01:12:00Z,BATCH-OLAA-4317
PO_B01_004318,Cashfree Escrow,PHNP-ORD-605876 PHNP-ORD-761801 BATCH-PHNP-4318,62243,1244,0,0,60999,INR,2026-08-03T17:36:00Z,BATCH-PHNP-4318
PO_B01_004319,BillDesk Settlement,BKMS-INV-762676 PO_B01_004319,447299,11119,0,0,436180,INR,2026-08-03T12:42:00Z,BATCH-BKMS-4319
PO_B01_004320,BillDesk Settlement,BKMS-INV-108464 PO_B01_004320,137150,3213,0,0,133937,INR,2026-08-03T14:41:00Z,BATCH-BKMS-4320
PO_B01_004321,PayU Enterprise,FLPK-INV-362323 PO_B01_004321,35074,779,0,0,34295,INR,2026-08-03T01:40:00Z,BATCH-FLPK-4321
PO_B01_004322,BillDesk Settlement,JIOO-EXC-990744-UNRESOLVED,283437,5658,0,0,277779,INR,2026-08-03T15:46:00Z,HOLD-ESCROW
PO_B01_004323,BillDesk Settlement,JIOO-INV-169590 PO_B01_004323,222845,5456,0,0,217389,INR,2026-08-03T09:00:00Z,BATCH-JIOO-4323
PO_B01_004324,BillDesk Settlement,UBER-ORD-987591 UBER-ORD-221330 BATCH-UBER-4324,205526,4110,0,0,201416,INR,2026-08-03T09:14:00Z,BATCH-UBER-4324
PO_B01_004325,Stripe India,MMTR-INV-117027 PO_B01_004325,349171,5359,0,0,343812,INR,2026-08-03T12:27:00Z,BATCH-MMTR-4325
PO_B01_004326,BillDesk Settlement,BBAS-INV-882475 PO_B01_004326,353427,8318,0,0,345109,INR,2026-08-03T02:34:00Z,BATCH-BBAS-4326
PO_B01_004327,PayU Enterprise,MYNT-INV-167117 PO_B01_004327,51362,1024,0,0,50338,INR,2026-08-03T15:30:00Z,BATCH-MYNT-4327
PO_B01_004328,BillDesk Settlement,UBER-ORD-702836 UBER-ORD-250731 BATCH-UBER-4328,407678,8153,0,0,399525,INR,2026-08-03T10:42:00Z,BATCH-UBER-4328
PO_B01_004329,Cashfree Escrow,JIOO-INV-323853 PO_B01_004329,187885,4487,0,0,183398,INR,2026-08-03T04:42:00Z,BATCH-JIOO-4329
PO_B01_004330,Razorpay Nodal,TATA-INV-619094 PO_B01_004330,328264,7564,0,0,320700,INR,2026-08-03T02:09:00Z,BATCH-TATA-4330
PO_B01_004331,BillDesk Settlement,MMTR-INV-940689 PO_B01_004331,409615,6522,0,0,403093,INR,2026-08-03T13:39:00Z,BATCH-MMTR-4331
PO_B01_004332,Razorpay Nodal,JIOO-ORD-201652 JIOO-ORD-498579 BATCH-JIOO-4332,108261,2165,0,0,106096,INR,2026-08-03T20:01:00Z,BATCH-JIOO-4332
PO_B01_004333,BillDesk Settlement,BBAS-ORD-224285 BBAS-ORD-510346 BATCH-BBAS-4333,316059,6321,0,0,309738,INR,2026-08-03T07:26:00Z,BATCH-BBAS-4333
PO_B01_004334,Razorpay Nodal,FLPK-INV-802077 PO_B01_004334,35586,763,0,0,34823,INR,2026-08-02T23:05:00Z,BATCH-FLPK-4334
PO_B01_004335,Stripe India,UBER-INV-337621 PO_B01_004335,59592,1049,0,0,58543,INR,2026-08-03T13:41:00Z,BATCH-UBER-4335
PO_B01_004336,PayU Enterprise,AMZN-ORD-422954 AMZN-ORD-917103 AMZN-ORD-251304 BATCH-AMZN-4336,359608,7192,0,0,352416,INR,2026-08-03T04:21:00Z,BATCH-AMZN-4336
PO_B01_004337,Razorpay Nodal,FLPK-INV-782648 PO_B01_004337,397015,9440,0,0,387575,INR,2026-08-02T17:23:00Z,BATCH-FLPK-4337
PO_B01_004338,Cashfree Escrow,TATA-ORD-230858 TATA-ORD-803100 BATCH-TATA-4338,323391,6467,0,0,316924,INR,2026-08-03T02:03:00Z,BATCH-TATA-4338
PO_B01_004339,Cashfree Escrow,OLAA-INV-630982 PO_B01_004339,162839,3575,0,0,159264,INR,2026-08-03T03:57:00Z,BATCH-OLAA-4339
PO_B01_004340,Stripe India,BKMS-INV-487839 PO_B01_004340,355492,6557,0,0,348935,INR,2026-08-02T23:21:00Z,BATCH-BKMS-4340
PO_B01_004341,BillDesk Settlement,BLNK-INV-215608 PO_B01_004341,439487,6907,0,0,432580,INR,2026-08-03T13:42:00Z,BATCH-BLNK-4341
PO_B01_004342,Cashfree Escrow,BLNK-ORD-585784 BLNK-ORD-434525 BATCH-BLNK-4342,233984,4679,0,0,229305,INR,2026-08-03T00:04:00Z,BATCH-BLNK-4342
PO_B01_004343,BillDesk Settlement,SWIG-INV-746115 PO_B01_004343,444959,9642,0,0,435317,INR,2026-08-03T00:54:00Z,BATCH-SWIG-4343
PO_B01_004344,Stripe India,BLNK-ORD-873001 BLNK-ORD-579889 BATCH-BLNK-4344,481567,9631,0,0,471936,INR,2026-08-03T02:33:00Z,BATCH-BLNK-4344
PO_B01_004345,Razorpay Nodal,PAYT-INV-845189 PO_B01_004345,159868,2833,0,0,157035,INR,2026-08-03T20:24:00Z,BATCH-PAYT-4345
PO_B01_004346,PayU Enterprise,FLPK-INV-192283 PO_B01_004346,306469,7648,0,0,298821,INR,2026-08-02T22:04:00Z,BATCH-FLPK-4346
PO_B01_004347,Stripe India,ZOMA-INV-527297 PO_B01_004347,134255,2232,0,0,132023,INR,2026-08-03T10:54:00Z,BATCH-ZOMA-4347
PO_B01_004348,PayU Enterprise,ZOMA-ORD-192447 ZOMA-ORD-270832 ZOMA-ORD-407561 BATCH-ZOMA-4348,557478,11149,0,0,546329,INR,2026-08-03T18:59:00Z,BATCH-ZOMA-4348
PO_B01_004349,Stripe India,AMZN-INV-442915 PO_B01_004349,141612,2291,0,0,139321,INR,2026-08-03T08:52:00Z,BATCH-AMZN-4349
PO_B01_004350,Stripe India,OLAA-EXC-152582-UNRESOLVED,219480,4379,0,0,215101,INR,2026-08-04T01:22:00Z,HOLD-ESCROW
PO_B01_004351,PayU Enterprise,BKMS-ORD-488217 BKMS-ORD-217482 BATCH-BKMS-4351,326486,6529,0,0,319957,INR,2026-08-02T22:24:00Z,BATCH-BKMS-4351
PO_B01_004352,Cashfree Escrow,BBAS-ORD-849505 BBAS-ORD-328058 BBAS-ORD-568365 BATCH-BBAS-4352,672905,13458,0,0,659447,INR,2026-08-03T15:34:00Z,BATCH-BBAS-4352
PO_B01_004353,Cashfree Escrow,OLAA-INV-153140 PO_B01_004353,307883,6263,0,0,301620,INR,2026-08-03T14:48:00Z,BATCH-OLAA-4353
PO_B01_004354,PayU Enterprise,SWIG-ORD-454486 SWIG-ORD-121466 BATCH-SWIG-4354,264083,5281,0,0,258802,INR,2026-08-02T22:54:00Z,BATCH-SWIG-4354
PO_B01_004355,Razorpay Nodal,MYNT-ORD-478075 MYNT-ORD-784505 BATCH-MYNT-4355,320577,6411,0,0,314166,INR,2026-08-03T05:39:00Z,BATCH-MYNT-4355
PO_B01_004356,PayU Enterprise,FLPK-ORD-817094 FLPK-ORD-675587 FLPK-ORD-540369 BATCH-FLPK-4356,589557,11791,0,0,577766,INR,2026-08-02T21:34:00Z,BATCH-FLPK-4356
PO_B01_004357,Stripe India,PAYT-ORD-557188 PAYT-ORD-143303 BATCH-PAYT-4357,287250,5745,0,0,281505,INR,2026-08-03T12:23:00Z,BATCH-PAYT-4357
PO_B01_004358,Cashfree Escrow,TATA-ORD-313931 TATA-ORD-183070 TATA-ORD-226528 BATCH-TATA-4358,458158,9163,0,0,448995,INR,2026-08-03T04:06:00Z,BATCH-TATA-4358
PO_B01_004359,PayU Enterprise,BBAS-INV-256106 PO_B01_004359,116083,1773,0,0,114310,INR,2026-08-02T17:27:00Z,BATCH-BBAS-4359
PO_B01_004360,Stripe India,FLPK-INV-154533 PO_B01_004360,381304,8288,0,0,373016,INR,2026-08-03T09:17:00Z,BATCH-FLPK-4360
PO_B01_004361,Cashfree Escrow,BBAS-ORD-496778 BBAS-ORD-360223 BATCH-BBAS-4361,237325,4746,0,0,232579,INR,2026-08-03T17:51:00Z,BATCH-BBAS-4361
PO_B01_004362,PayU Enterprise,PAYT-ORD-782897 PAYT-ORD-647221 BATCH-PAYT-4362,298419,5968,0,0,292451,INR,2026-08-03T19:46:00Z,BATCH-PAYT-4362
PO_B01_004363,BillDesk Settlement,SWIG-INV-623333 PO_B01_004363,436635,10755,0,0,425880,INR,2026-08-04T00:40:00Z,BATCH-SWIG-4363
PO_B01_004364,PayU Enterprise,BBAS-INV-985319 PO_B01_004364,150596,2363,0,0,148233,INR,2026-08-03T06:21:00Z,BATCH-BBAS-4364
PO_B01_004365,BillDesk Settlement,BBAS-INV-889429 PO_B01_004365,44357,821,0,0,43536,INR,2026-08-03T10:37:00Z,BATCH-BBAS-4365
PO_B01_004366,Cashfree Escrow,TATA-EXC-790515-UNRESOLVED,237987,4749,0,0,233238,INR,2026-08-04T07:38:00Z,HOLD-ESCROW
PO_B01_004367,Stripe India,ZOMA-EXC-928634-UNRESOLVED,205880,4107,0,0,201773,INR,2026-08-04T06:03:00Z,HOLD-ESCROW
PO_B01_004368,Cashfree Escrow,PHNP-ORD-939840 PHNP-ORD-808244 PHNP-ORD-778183 BATCH-PHNP-4368,377042,7540,0,0,369502,INR,2026-08-03T03:16:00Z,BATCH-PHNP-4368
PO_B01_004369,Stripe India,UBER-INV-924969 PO_B01_004369,277079,4365,0,0,272714,INR,2026-08-03T02:37:00Z,BATCH-UBER-4369
PO_B01_004370,BillDesk Settlement,BKMS-INV-453700 PO_B01_004370,387361,6674,0,0,380687,INR,2026-08-03T00:57:00Z,BATCH-BKMS-4370
PO_B01_004371,BillDesk Settlement,PAYT-INV-933974 PO_B01_004371,430336,7750,0,0,422586,INR,2026-08-03T11:25:00Z,BATCH-PAYT-4371
PO_B01_004372,Razorpay Nodal,NYKA-EXC-473118-UNRESOLVED,297862,5947,0,0,291915,INR,2026-08-03T13:44:00Z,HOLD-ESCROW
PO_B01_004373,Razorpay Nodal,MYNT-ORD-924165 MYNT-ORD-624140 MYNT-ORD-783888 BATCH-MYNT-4373,393508,7870,0,0,385638,INR,2026-08-03T11:10:00Z,BATCH-MYNT-4373
PO_B01_004374,Razorpay Nodal,MYNT-INV-354612 PO_B01_004374,311914,4761,0,0,307153,INR,2026-08-03T19:24:00Z,BATCH-MYNT-4374
PO_B01_004375,Razorpay Nodal,JIOO-INV-152627 PO_B01_004375,371568,6981,0,0,364587,INR,2026-08-03T10:34:00Z,BATCH-JIOO-4375
PO_B01_004376,PayU Enterprise,BKMS-INV-394834 PO_B01_004376,64974,1333,0,0,63641,INR,2026-08-03T08:54:00Z,BATCH-BKMS-4376
PO_B01_004377,Razorpay Nodal,MYNT-INV-621388 PO_B01_004377,414651,8321,0,0,406330,INR,2026-08-03T11:11:00Z,BATCH-MYNT-4377
PO_B01_004378,Razorpay Nodal,OLAA-ORD-252696 OLAA-ORD-691759 BATCH-OLAA-4378,314290,6285,0,0,308005,INR,2026-08-03T13:38:00Z,BATCH-OLAA-4378
PO_B01_004379,BillDesk Settlement,BBAS-INV-166073 PO_B01_004379,386037,9596,0,0,376441,INR,2026-08-04T02:13:00Z,BATCH-BBAS-4379
PO_B01_004380,Cashfree Escrow,BKMS-INV-358031 PO_B01_004380,249146,5966,0,0,243180,INR,2026-08-03T13:36:00Z,BATCH-BKMS-4380
PO_B01_004381,PayU Enterprise,MMTR-INV-960921 PO_B01_004381,112026,2157,0,0,109869,INR,2026-08-03T15:44:00Z,BATCH-MMTR-4381
PO_B01_004382,Stripe India,BBAS-INV-170826 PO_B01_004382,262315,5275,0,0,257040,INR,2026-08-03T22:50:00Z,BATCH-BBAS-4382
PO_B01_004383,Razorpay Nodal,FLPK-INV-847692 PO_B01_004383,38677,705,0,0,37972,INR,2026-08-03T11:22:00Z,BATCH-FLPK-4383
PO_B01_004384,Stripe India,JIOO-INV-472376 PO_B01_004384,287012,6147,0,0,280865,INR,2026-08-03T03:22:00Z,BATCH-JIOO-4384
PO_B01_004385,Cashfree Escrow,BBAS-INV-821019 PO_B01_004385,147679,3357,0,0,144322,INR,2026-08-03T17:33:00Z,BATCH-BBAS-4385
PO_B01_004386,Cashfree Escrow,NYKA-ORD-728295 NYKA-ORD-638015 NYKA-ORD-318988 BATCH-NYKA-4386,316072,6321,0,0,309751,INR,2026-08-02T21:34:00Z,BATCH-NYKA-4386
PO_B01_004387,Stripe India,BLNK-INV-692917 PO_B01_004387,30579,701,0,0,29878,INR,2026-08-03T00:10:00Z,BATCH-BLNK-4387
PO_B01_004388,Razorpay Nodal,MMTR-INV-611735 PO_B01_004388,359217,7123,0,0,352094,INR,2026-08-03T18:05:00Z,BATCH-MMTR-4388
PO_B01_004389,Razorpay Nodal,AMZN-ORD-848168 AMZN-ORD-281410 AMZN-ORD-656045 BATCH-AMZN-4389,385431,7708,0,0,377723,INR,2026-08-03T12:39:00Z,BATCH-AMZN-4389
PO_B01_004390,Razorpay Nodal,SWIG-ORD-724921 SWIG-ORD-750778 SWIG-ORD-522920 BATCH-SWIG-4390,339120,6782,0,0,332338,INR,2026-08-03T03:53:00Z,BATCH-SWIG-4390
PO_B01_004391,Razorpay Nodal,PHNP-INV-767823 PO_B01_004391,422547,7804,0,0,414743,INR,2026-08-03T02:44:00Z,BATCH-PHNP-4391
PO_B01_004392,Cashfree Escrow,PAYT-ORD-676685 PAYT-ORD-990343 BATCH-PAYT-4392,206114,4122,0,0,201992,INR,2026-08-03T13:57:00Z,BATCH-PAYT-4392
PO_B01_004393,Stripe India,BKMS-INV-603065 PO_B01_004393,51572,1002,0,0,50570,INR,2026-08-03T06:22:00Z,BATCH-BKMS-4393
PO_B01_004394,BillDesk Settlement,UBER-INV-661324 PO_B01_004394,161765,3741,0,0,158024,INR,2026-08-03T15:50:00Z,BATCH-UBER-4394
PO_B01_004395,Stripe India,OLAA-INV-211391 PO_B01_004395,213046,4887,0,0,208159,INR,2026-08-03T13:33:00Z,BATCH-OLAA-4395
PO_B01_004396,Cashfree Escrow,PHNP-ORD-558033 PHNP-ORD-630686 PHNP-ORD-773051 BATCH-PHNP-4396,298837,5976,0,0,292861,INR,2026-08-02T22:53:00Z,BATCH-PHNP-4396
PO_B01_004397,PayU Enterprise,PAYT-ORD-611821 PAYT-ORD-508817 PAYT-ORD-121516 BATCH-PAYT-4397,509019,10180,0,0,498839,INR,2026-08-03T01:58:00Z,BATCH-PAYT-4397
PO_B01_004398,PayU Enterprise,OLAA-INV-291546 PO_B01_004398,291152,4401,0,0,286751,INR,2026-08-02T14:51:00Z,BATCH-OLAA-4398
PO_B01_004399,BillDesk Settlement,SWIG-INV-565775 PO_B01_004399,274936,5414,0,0,269522,INR,2026-08-02T18:08:00Z,BATCH-SWIG-4399
PO_B01_004400,Stripe India,JIOO-INV-951037 PO_B01_004400,197071,4304,0,0,192767,INR,2026-08-03T08:04:00Z,BATCH-JIOO-4400
PO_B01_004401,BillDesk Settlement,PHNP-ORD-737896 PHNP-ORD-984899 BATCH-PHNP-4401,226243,4524,0,0,221719,INR,2026-08-03T18:14:00Z,BATCH-PHNP-4401
PO_B01_004402,BillDesk Settlement,NYKA-ORD-725924 NYKA-ORD-325210 NYKA-ORD-587891 BATCH-NYKA-4402,565984,11319,0,0,554665,INR,2026-08-03T00:31:00Z,BATCH-NYKA-4402
PO_B01_004403,PayU Enterprise,JIOO-EXC-506453-UNRESOLVED,93524,1860,0,0,91664,INR,2026-08-03T18:32:00Z,HOLD-ESCROW
PO_B01_004404,PayU Enterprise,OLAA-INV-805474 PO_B01_004404,221936,3636,0,0,218300,INR,2026-08-03T07:25:00Z,BATCH-OLAA-4404
PO_B01_004405,Cashfree Escrow,AMZN-INV-740665 PO_B01_004405,129052,2759,0,0,126293,INR,2026-08-03T06:27:00Z,BATCH-AMZN-4405
PO_B01_004406,PayU Enterprise,PAYT-INV-662693 PO_B01_004406,118675,2530,0,0,116145,INR,2026-08-03T08:28:00Z,BATCH-PAYT-4406
PO_B01_004407,PayU Enterprise,JIOO-ORD-863466 JIOO-ORD-887201 BATCH-JIOO-4407,271240,5424,0,0,265816,INR,2026-08-03T09:23:00Z,BATCH-JIOO-4407
PO_B01_004408,PayU Enterprise,MYNT-INV-158566 PO_B01_004408,50044,869,0,0,49175,INR,2026-08-03T03:08:00Z,BATCH-MYNT-4408
PO_B01_004409,Cashfree Escrow,JIOO-INV-896532 PO_B01_004409,187370,3484,0,0,183886,INR,2026-08-03T11:24:00Z,BATCH-JIOO-4409
PO_B01_004410,Cashfree Escrow,FLPK-INV-593986 PO_B01_004410,252391,5223,0,0,247168,INR,2026-08-03T05:10:00Z,BATCH-FLPK-4410
PO_B01_004411,Razorpay Nodal,ZOMA-ORD-644269 ZOMA-ORD-409044 ZOMA-ORD-446801 BATCH-ZOMA-4411,382352,7647,0,0,374705,INR,2026-08-02T22:54:00Z,BATCH-ZOMA-4411
PO_B01_004412,Cashfree Escrow,FLPK-INV-632527 PO_B01_004412,290327,5179,0,0,285148,INR,2026-08-03T10:21:00Z,BATCH-FLPK-4412
PO_B01_004413,Cashfree Escrow,NYKA-INV-418210 PO_B01_004413,222013,5111,0,0,216902,INR,2026-08-03T09:17:00Z,BATCH-NYKA-4413
PO_B01_004414,Razorpay Nodal,TATA-ORD-842589 TATA-ORD-236390 TATA-ORD-115225 BATCH-TATA-4414,523358,10467,0,0,512891,INR,2026-08-03T19:49:00Z,BATCH-TATA-4414
PO_B01_004415,Stripe India,JIOO-INV-809105 PO_B01_004415,444788,8979,0,0,435809,INR,2026-08-03T17:18:00Z,BATCH-JIOO-4415
PO_B01_004416,Razorpay Nodal,BBAS-EXC-627255-UNRESOLVED,226285,4515,0,0,221770,INR,2026-08-04T08:28:00Z,HOLD-ESCROW
PO_B01_004417,Razorpay Nodal,ZOMA-INV-303213 PO_B01_004417,263107,4433,0,0,258674,INR,2026-08-02T17:00:00Z,BATCH-ZOMA-4417
PO_B01_004418,PayU Enterprise,AMZN-INV-441058 PO_B01_004418,447723,8295,0,0,439428,INR,2026-08-03T09:35:00Z,BATCH-AMZN-4418
PO_B01_004419,Razorpay Nodal,PAYT-INV-781857 PO_B01_004419,128117,2241,0,0,125876,INR,2026-08-03T06:44:00Z,BATCH-PAYT-4419
PO_B01_004420,Razorpay Nodal,TATA-INV-495444 PO_B01_004420,174728,3309,0,0,171419,INR,2026-08-03T12:46:00Z,BATCH-TATA-4420
PO_B01_004421,PayU Enterprise,UBER-INV-861912 PO_B01_004421,406210,8210,0,0,398000,INR,2026-08-03T12:21:00Z,BATCH-UBER-4421
PO_B01_004422,Razorpay Nodal,MMTR-EXC-596538-UNRESOLVED,57652,1143,0,0,56509,INR,2026-08-03T16:20:00Z,HOLD-ESCROW
PO_B01_004423,Stripe India,NYKA-INV-431340 PO_B01_004423,424557,6601,0,0,417956,INR,2026-08-03T11:59:00Z,BATCH-NYKA-4423
PO_B01_004424,Stripe India,OLAA-INV-178667 PO_B01_004424,384239,6335,0,0,377904,INR,2026-08-02T23:14:00Z,BATCH-OLAA-4424
PO_B01_004425,BillDesk Settlement,FLPK-ORD-286118 FLPK-ORD-693220 FLPK-ORD-650609 BATCH-FLPK-4425,354558,7091,0,0,347467,INR,2026-08-03T16:21:00Z,BATCH-FLPK-4425
PO_B01_004426,PayU Enterprise,NYKA-INV-347326 PO_B01_004426,437233,7256,0,0,429977,INR,2026-08-03T14:20:00Z,BATCH-NYKA-4426
PO_B01_004427,Razorpay Nodal,NYKA-INV-932814 PO_B01_004427,59289,1408,0,0,57881,INR,2026-08-03T04:21:00Z,BATCH-NYKA-4427
PO_B01_004428,Stripe India,MYNT-ORD-903551 MYNT-ORD-307998 BATCH-MYNT-4428,334501,6690,0,0,327811,INR,2026-08-03T09:02:00Z,BATCH-MYNT-4428
PO_B01_004429,BillDesk Settlement,MMTR-ORD-359761 MMTR-ORD-364425 BATCH-MMTR-4429,148413,2968,0,0,145445,INR,2026-08-03T12:41:00Z,BATCH-MMTR-4429
PO_B01_004430,Razorpay Nodal,JIOO-INV-634647 PO_B01_004430,162600,2792,0,0,159808,INR,2026-08-03T01:21:00Z,BATCH-JIOO-4430
PO_B01_004431,PayU Enterprise,TATA-ORD-619445 TATA-ORD-706037 BATCH-TATA-4431,119278,2385,0,0,116893,INR,2026-08-03T20:11:00Z,BATCH-TATA-4431
PO_B01_004432,Cashfree Escrow,NYKA-INV-540651 PO_B01_004432,332602,7892,0,0,324710,INR,2026-08-02T17:25:00Z,BATCH-NYKA-4432
PO_B01_004433,PayU Enterprise,BBAS-INV-154497 PO_B01_004433,399707,6918,0,0,392789,INR,2026-08-03T11:00:00Z,BATCH-BBAS-4433
PO_B01_004434,Razorpay Nodal,BKMS-EXC-936479-UNRESOLVED,112419,2238,0,0,110181,INR,2026-08-04T04:06:00Z,HOLD-ESCROW
PO_B01_004435,Razorpay Nodal,PAYT-INV-813690 PO_B01_004435,259852,6342,0,0,253510,INR,2026-08-03T13:56:00Z,BATCH-PAYT-4435
PO_B01_004436,Razorpay Nodal,AMZN-INV-245645 PO_B01_004436,437284,9305,0,0,427979,INR,2026-08-03T06:52:00Z,BATCH-AMZN-4436
PO_B01_004437,Stripe India,BLNK-ORD-262507 BLNK-ORD-787871 BATCH-BLNK-4437,236321,4726,0,0,231595,INR,2026-08-03T03:26:00Z,BATCH-BLNK-4437
PO_B01_004438,Stripe India,TATA-ORD-638558 TATA-ORD-719573 BATCH-TATA-4438,308561,6171,0,0,302390,INR,2026-08-03T03:13:00Z,BATCH-TATA-4438
PO_B01_004439,BillDesk Settlement,AMZN-INV-795758 PO_B01_004439,237817,4792,0,0,233025,INR,2026-08-03T08:34:00Z,BATCH-AMZN-4439
PO_B01_004440,Stripe India,TATA-INV-297682 PO_B01_004440,324770,7800,0,0,316970,INR,2026-08-03T02:04:00Z,BATCH-TATA-4440
PO_B01_004441,Cashfree Escrow,AMZN-INV-405429 PO_B01_004441,236278,4349,0,0,231929,INR,2026-08-03T02:51:00Z,BATCH-AMZN-4441
PO_B01_004442,Razorpay Nodal,BBAS-EXC-401984-UNRESOLVED,283121,5652,0,0,277469,INR,2026-08-04T00:57:00Z,HOLD-ESCROW
PO_B01_004443,Stripe India,JIOO-INV-615914 PO_B01_004443,68421,1143,0,0,67278,INR,2026-08-03T20:30:00Z,BATCH-JIOO-4443
PO_B01_004444,PayU Enterprise,PAYT-INV-456292 PO_B01_004444,201325,4932,0,0,196393,INR,2026-08-03T14:49:00Z,BATCH-PAYT-4444
PO_B01_004445,Stripe India,MYNT-INV-243910 PO_B01_004445,269596,6690,0,0,262906,INR,2026-08-03T08:15:00Z,BATCH-MYNT-4445
PO_B01_004446,Stripe India,OLAA-INV-726125 PO_B01_004446,222617,3803,0,0,218814,INR,2026-08-03T09:49:00Z,BATCH-OLAA-4446
PO_B01_004447,Razorpay Nodal,PAYT-INV-391499 PO_B01_004447,319293,5317,0,0,313976,INR,2026-08-03T06:29:00Z,BATCH-PAYT-4447
PO_B01_004448,BillDesk Settlement,AMZN-ORD-735137 AMZN-ORD-462589 BATCH-AMZN-4448,327881,6557,0,0,321324,INR,2026-08-03T07:07:00Z,BATCH-AMZN-4448
PO_B01_004449,Stripe India,UBER-INV-303198 PO_B01_004449,112639,2776,0,0,109863,INR,2026-08-03T03:01:00Z,BATCH-UBER-4449
PO_B01_004450,BillDesk Settlement,MYNT-INV-667978 PO_B01_004450,292538,6657,0,0,285881,INR,2026-08-02T21:52:00Z,BATCH-MYNT-4450
PO_B01_004451,BillDesk Settlement,PHNP-ORD-695998 PHNP-ORD-626043 BATCH-PHNP-4451,190904,3818,0,0,187086,INR,2026-08-03T20:59:00Z,BATCH-PHNP-4451
PO_B01_004452,Razorpay Nodal,MMTR-INV-594572 PO_B01_004452,108269,2666,0,0,105603,INR,2026-08-02T17:35:00Z,BATCH-MMTR-4452
PO_B01_004453,BillDesk Settlement,PAYT-INV-367743 PO_B01_004453,372624,6090,0,0,366534,INR,2026-08-03T14:15:00Z,BATCH-PAYT-4453
PO_B01_004454,Cashfree Escrow,BKMS-INV-743677 PO_B01_004454,121869,2580,0,0,119289,INR,2026-08-03T18:48:00Z,BATCH-BKMS-4454
PO_B01_004455,Cashfree Escrow,NYKA-INV-205251 PO_B01_004455,428768,10290,0,0,418478,INR,2026-08-02T17:32:00Z,BATCH-NYKA-4455
PO_B01_004456,Stripe India,FLPK-INV-905161 PO_B01_004456,26739,435,0,0,26304,INR,2026-08-03T05:01:00Z,BATCH-FLPK-4456
PO_B01_004457,BillDesk Settlement,NYKA-INV-313266 PO_B01_004457,172908,4101,0,0,168807,INR,2026-08-03T08:39:00Z,BATCH-NYKA-4457
PO_B01_004458,BillDesk Settlement,NYKA-INV-723832 PO_B01_004458,77767,1465,0,0,76302,INR,2026-08-02T23:57:00Z,BATCH-NYKA-4458
PO_B01_004459,BillDesk Settlement,PHNP-ORD-246167 PHNP-ORD-263608 BATCH-PHNP-4459,312368,6247,0,0,306121,INR,2026-08-03T11:17:00Z,BATCH-PHNP-4459
PO_B01_004460,Stripe India,AMZN-ORD-109612 AMZN-ORD-142904 BATCH-AMZN-4460,273922,5478,0,0,268444,INR,2026-08-03T07:19:00Z,BATCH-AMZN-4460
PO_B01_004461,Cashfree Escrow,PHNP-INV-282154 PO_B01_004461,334563,8241,0,0,326322,INR,2026-08-03T05:21:00Z,BATCH-PHNP-4461
PO_B01_004462,Cashfree Escrow,TATA-INV-611185 PO_B01_004462,379766,6560,0,0,373206,INR,2026-08-02T23:49:00Z,BATCH-TATA-4462
PO_B01_004463,Cashfree Escrow,MYNT-INV-471608 PO_B01_004463,339180,6305,0,0,332875,INR,2026-08-03T09:44:00Z,BATCH-MYNT-4463
PO_B01_004464,BillDesk Settlement,NYKA-INV-427748 PO_B01_004464,386407,7095,0,0,379312,INR,2026-08-03T00:52:00Z,BATCH-NYKA-4464
PO_B01_004465,Razorpay Nodal,AMZN-INV-500956 PO_B01_004465,280976,5016,0,0,275960,INR,2026-08-03T04:18:00Z,BATCH-AMZN-4465
PO_B01_004466,PayU Enterprise,BKMS-ORD-744000 BKMS-ORD-397086 BATCH-BKMS-4466,238881,4777,0,0,234104,INR,2026-08-03T15:01:00Z,BATCH-BKMS-4466
PO_B01_004467,PayU Enterprise,PHNP-INV-689331 PO_B01_004467,402432,6323,0,0,396109,INR,2026-08-02T22:51:00Z,BATCH-PHNP-4467
PO_B01_004468,Cashfree Escrow,AMZN-INV-608323 PO_B01_004468,233839,4774,0,0,229065,INR,2026-08-03T02:55:00Z,BATCH-AMZN-4468
PO_B01_004469,PayU Enterprise,BKMS-ORD-984958 BKMS-ORD-418622 BATCH-BKMS-4469,273601,5472,0,0,268129,INR,2026-08-03T01:17:00Z,BATCH-BKMS-4469
PO_B01_004470,Stripe India,UBER-INV-247828 PO_B01_004470,167640,3306,0,0,164334,INR,2026-08-03T18:10:00Z,BATCH-UBER-4470
PO_B01_004471,Razorpay Nodal,BLNK-INV-352013 PO_B01_004471,290128,6209,0,0,283919,INR,2026-08-03T09:29:00Z,BATCH-BLNK-4471
PO_B01_004472,Stripe India,UBER-INV-473791 PO_B01_004472,187808,4525,0,0,183283,INR,2026-08-02T22:54:00Z,BATCH-UBER-4472
PO_B01_004473,PayU Enterprise,BBAS-INV-267765 PO_B01_004473,271455,6307,0,0,265148,INR,2026-08-03T11:39:00Z,BATCH-BBAS-4473
PO_B01_004474,Stripe India,MMTR-ORD-493592 MMTR-ORD-759041 MMTR-ORD-602795 BATCH-MMTR-4474,492929,9858,0,0,483071,INR,2026-08-03T02:09:00Z,BATCH-MMTR-4474
PO_B01_004475,Stripe India,BKMS-INV-976910 PO_B01_004475,235621,4533,0,0,231088,INR,2026-08-03T07:39:00Z,BATCH-BKMS-4475
PO_B01_004476,Stripe India,NYKA-INV-894122 PO_B01_004476,91916,1884,0,0,90032,INR,2026-08-03T14:56:00Z,BATCH-NYKA-4476
PO_B01_004477,Cashfree Escrow,BKMS-INV-648549 PO_B01_004477,303775,7491,0,0,296284,INR,2026-08-02T23:12:00Z,BATCH-BKMS-4477
PO_B01_004478,BillDesk Settlement,TATA-INV-983010 PO_B01_004478,293478,6808,0,0,286670,INR,2026-08-03T05:31:00Z,BATCH-TATA-4478
PO_B01_004479,Razorpay Nodal,AMZN-INV-955893 PO_B01_004479,382533,6564,0,0,375969,INR,2026-08-03T06:59:00Z,BATCH-AMZN-4479
PO_B01_004480,PayU Enterprise,OLAA-INV-409556 PO_B01_004480,267965,6652,0,0,261313,INR,2026-08-03T05:51:00Z,BATCH-OLAA-4480
PO_B01_004481,Razorpay Nodal,FLPK-ORD-757114 FLPK-ORD-319937 BATCH-FLPK-4481,200664,4013,0,0,196651,INR,2026-08-03T08:05:00Z,BATCH-FLPK-4481
PO_B01_004482,Razorpay Nodal,ZOMA-INV-123094 PO_B01_004482,394314,8204,0,0,386110,INR,2026-08-03T06:31:00Z,BATCH-ZOMA-4482
PO_B01_004483,Razorpay Nodal,NYKA-INV-917785 PO_B01_004483,439825,7642,0,0,432183,INR,2026-08-03T11:02:00Z,BATCH-NYKA-4483
PO_B01_004484,Razorpay Nodal,MMTR-INV-147220 PO_B01_004484,123041,2791,0,0,120250,INR,2026-08-03T19:26:00Z,BATCH-MMTR-4484
PO_B01_004485,Stripe India,PAYT-INV-202573 PO_B01_004485,406681,6468,0,0,400213,INR,2026-08-03T13:28:00Z,BATCH-PAYT-4485
PO_B01_004486,Stripe India,NYKA-INV-268602 PO_B01_004486,40914,958,0,0,39956,INR,2026-08-03T05:58:00Z,BATCH-NYKA-4486
PO_B01_004487,BillDesk Settlement,FLPK-ORD-433914 FLPK-ORD-598959 FLPK-ORD-851616 BATCH-FLPK-4487,307043,6140,0,0,300903,INR,2026-08-02T21:51:00Z,BATCH-FLPK-4487
PO_B01_004488,PayU Enterprise,MYNT-INV-245338 PO_B01_004488,348042,8648,0,0,339394,INR,2026-08-03T14:02:00Z,BATCH-MYNT-4488
PO_B01_004489,Cashfree Escrow,OLAA-INV-621906 PO_B01_004489,290342,6960,0,0,283382,INR,2026-08-03T04:59:00Z,BATCH-OLAA-4489
PO_B01_004490,BillDesk Settlement,BBAS-INV-368209 PO_B01_004490,239499,4573,0,0,234926,INR,2026-08-03T18:08:00Z,BATCH-BBAS-4490
PO_B01_004491,BillDesk Settlement,AMZN-INV-437176 PO_B01_004491,148323,3064,0,0,145259,INR,2026-08-03T02:30:00Z,BATCH-AMZN-4491
PO_B01_004492,Cashfree Escrow,PHNP-ORD-692829 PHNP-ORD-950545 BATCH-PHNP-4492,279391,5587,0,0,273804,INR,2026-08-03T15:59:00Z,BATCH-PHNP-4492
PO_B01_004493,Stripe India,OLAA-INV-854383 PO_B01_004493,144415,3287,0,0,141128,INR,2026-08-03T20:24:00Z,BATCH-OLAA-4493
PO_B01_004494,Razorpay Nodal,FLPK-INV-550689 PO_B01_004494,47380,807,0,0,46573,INR,2026-08-03T14:03:00Z,BATCH-FLPK-4494
PO_B01_004495,BillDesk Settlement,BLNK-INV-654735 PO_B01_004495,337927,7107,0,0,330820,INR,2026-08-03T09:07:00Z,BATCH-BLNK-4495
PO_B01_004496,Stripe India,MMTR-INV-259334 PO_B01_004496,194098,3815,0,0,190283,INR,2026-08-03T13:39:00Z,BATCH-MMTR-4496
PO_B01_004497,BillDesk Settlement,AMZN-INV-150529 PO_B01_004497,113929,1741,0,0,112188,INR,2026-08-03T09:29:00Z,BATCH-AMZN-4497
PO_B01_004498,Stripe India,UBER-EXC-215561-UNRESOLVED,295667,5903,0,0,289764,INR,2026-08-03T23:32:00Z,HOLD-ESCROW
PO_B01_004499,Stripe India,BKMS-ORD-211627 BKMS-ORD-745237 BATCH-BKMS-4499,56594,1131,0,0,55463,INR,2026-08-03T11:55:00Z,BATCH-BKMS-4499
PO_B01_004500,BillDesk Settlement,PAYT-ORD-232159 PAYT-ORD-354996 BATCH-PAYT-4500,269897,5397,0,0,264500,INR,2026-08-03T16:36:00Z,BATCH-PAYT-4500
PO_B01_004501,Cashfree Escrow,ZOMA-INV-285714 PO_B01_004501,38572,819,0,0,37753,INR,2026-08-03T03:32:00Z,BATCH-ZOMA-4501
PO_B01_004502,Cashfree Escrow,UBER-INV-793846 PO_B01_004502,381195,7916,0,0,373279,INR,2026-08-03T09:57:00Z,BATCH-UBER-4502
PO_B01_004503,PayU Enterprise,BKMS-INV-650866 PO_B01_004503,179801,4258,0,0,175543,INR,2026-08-03T12:53:00Z,BATCH-BKMS-4503
PO_B01_004504,BillDesk Settlement,PHNP-INV-459542 PO_B01_004504,381233,6447,0,0,374786,INR,2026-08-03T15:43:00Z,BATCH-PHNP-4504
PO_B01_004505,Stripe India,TATA-INV-373267 PO_B01_004505,164743,3069,0,0,161674,INR,2026-08-03T06:42:00Z,BATCH-TATA-4505
PO_B01_004506,Cashfree Escrow,PHNP-INV-836215 PO_B01_004506,357615,5906,0,0,351709,INR,2026-08-03T04:43:00Z,BATCH-PHNP-4506
PO_B01_004507,Razorpay Nodal,TATA-ORD-116209 TATA-ORD-934522 BATCH-TATA-4507,369403,7388,0,0,362015,INR,2026-08-03T14:39:00Z,BATCH-TATA-4507
PO_B01_004508,PayU Enterprise,NYKA-ORD-143961 NYKA-ORD-710268 BATCH-NYKA-4508,234069,4681,0,0,229388,INR,2026-08-03T14:04:00Z,BATCH-NYKA-4508
PO_B01_004509,Stripe India,JIOO-INV-771235 PO_B01_004509,246927,5785,0,0,241142,INR,2026-08-03T09:34:00Z,BATCH-JIOO-4509
PO_B01_004510,Stripe India,ZOMA-INV-437908 PO_B01_004510,159145,3922,0,0,155223,INR,2026-08-03T14:37:00Z,BATCH-ZOMA-4510
PO_B01_004511,PayU Enterprise,OLAA-ORD-863290 OLAA-ORD-656274 OLAA-ORD-895394 BATCH-OLAA-4511,411072,8221,0,0,402851,INR,2026-08-02T21:38:00Z,BATCH-OLAA-4511
PO_B01_004512,Cashfree Escrow,JIOO-INV-288131 PO_B01_004512,423540,9826,0,0,413714,INR,2026-08-03T20:34:00Z,BATCH-JIOO-4512
PO_B01_004513,Cashfree Escrow,UBER-INV-931758 PO_B01_004513,247237,3964,0,0,243273,INR,2026-08-03T13:05:00Z,BATCH-UBER-4513
PO_B01_004514,PayU Enterprise,TATA-ORD-983592 TATA-ORD-234724 BATCH-TATA-4514,262527,5250,0,0,257277,INR,2026-08-03T02:27:00Z,BATCH-TATA-4514
PO_B01_004515,Razorpay Nodal,PAYT-INV-104932 PO_B01_004515,322122,7612,0,0,314510,INR,2026-08-03T00:52:00Z,BATCH-PAYT-4515
PO_B01_004516,PayU Enterprise,AMZN-INV-656565 PO_B01_004516,358761,6017,0,0,352744,INR,2026-08-03T01:50:00Z,BATCH-AMZN-4516
PO_B01_004517,Stripe India,BKMS-ORD-132826 BKMS-ORD-163406 BATCH-BKMS-4517,336361,6727,0,0,329634,INR,2026-08-03T14:56:00Z,BATCH-BKMS-4517
PO_B01_004518,BillDesk Settlement,MYNT-INV-658763 PO_B01_004518,243491,4750,0,0,238741,INR,2026-08-03T06:50:00Z,BATCH-MYNT-4518
PO_B01_004519,Cashfree Escrow,NYKA-INV-964373 PO_B01_004519,141297,3342,0,0,137955,INR,2026-08-03T21:35:00Z,BATCH-NYKA-4519
PO_B01_004520,Cashfree Escrow,OLAA-ORD-269159 OLAA-ORD-335900 OLAA-ORD-401733 BATCH-OLAA-4520,390071,7801,0,0,382270,INR,2026-08-03T04:29:00Z,BATCH-OLAA-4520
PO_B01_004521,PayU Enterprise,MYNT-INV-256849 PO_B01_004521,319675,7428,0,0,312247,INR,2026-08-02T21:59:00Z,BATCH-MYNT-4521
PO_B01_004522,Stripe India,BKMS-INV-978926 PO_B01_004522,433667,7920,0,0,425747,INR,2026-08-03T14:56:00Z,BATCH-BKMS-4522
PO_B01_004523,BillDesk Settlement,TATA-INV-936432 PO_B01_004523,109313,2304,0,0,107009,INR,2026-08-03T14:44:00Z,BATCH-TATA-4523
PO_B01_004524,BillDesk Settlement,AMZN-ORD-333191 AMZN-ORD-971667 AMZN-ORD-395068 BATCH-AMZN-4524,341736,6834,0,0,334902,INR,2026-08-03T04:06:00Z,BATCH-AMZN-4524
PO_B01_004525,Razorpay Nodal,BKMS-INV-390655 PO_B01_004525,79548,1371,0,0,78177,INR,2026-08-03T03:32:00Z,BATCH-BKMS-4525
PO_B01_004526,Razorpay Nodal,BBAS-INV-533746 PO_B01_004526,43750,712,0,0,43038,INR,2026-08-03T02:29:00Z,BATCH-BBAS-4526
PO_B01_004527,PayU Enterprise,ZOMA-INV-613393 PO_B01_004527,403445,8628,0,0,394817,INR,2026-08-02T16:13:00Z,BATCH-ZOMA-4527
PO_B01_004528,BillDesk Settlement,SWIG-INV-105494 PO_B01_004528,345483,8632,0,0,336851,INR,2026-08-03T17:34:00Z,BATCH-SWIG-4528
PO_B01_004529,PayU Enterprise,OLAA-INV-904563 PO_B01_004529,212357,4136,0,0,208221,INR,2026-08-03T02:59:00Z,BATCH-OLAA-4529
PO_B01_004530,BillDesk Settlement,SWIG-ORD-960502 SWIG-ORD-742637 BATCH-SWIG-4530,175119,3502,0,0,171617,INR,2026-08-03T06:43:00Z,BATCH-SWIG-4530
PO_B01_004531,Cashfree Escrow,PHNP-INV-211281 PO_B01_004531,176930,3720,0,0,173210,INR,2026-08-03T18:41:00Z,BATCH-PHNP-4531
PO_B01_004532,Razorpay Nodal,MMTR-INV-657518 PO_B01_004532,87555,2137,0,0,85418,INR,2026-08-02T18:54:00Z,BATCH-MMTR-4532
PO_B01_004533,Razorpay Nodal,UBER-INV-605015 PO_B01_004533,220153,4593,0,0,215560,INR,2026-08-03T10:04:00Z,BATCH-UBER-4533
PO_B01_004534,Stripe India,ZOMA-INV-624014 PO_B01_004534,318070,7585,0,0,310485,INR,2026-08-03T15:04:00Z,BATCH-ZOMA-4534
PO_B01_004535,Stripe India,PHNP-INV-112699 PO_B01_004535,78860,1895,0,0,76965,INR,2026-08-03T05:00:00Z,BATCH-PHNP-4535
PO_B01_004536,PayU Enterprise,BLNK-INV-629681 PO_B01_004536,49932,1199,0,0,48733,INR,2026-08-03T18:03:00Z,BATCH-BLNK-4536
PO_B01_004537,Cashfree Escrow,UBER-INV-677745 PO_B01_004537,265714,5650,0,0,260064,INR,2026-08-03T11:02:00Z,BATCH-UBER-4537
PO_B01_004538,Razorpay Nodal,TATA-INV-941702 PO_B01_004538,288015,6925,0,0,281090,INR,2026-08-02T22:50:00Z,BATCH-TATA-4538
PO_B01_004539,Stripe India,BKMS-ORD-313755 BKMS-ORD-178650 BKMS-ORD-627036 BATCH-BKMS-4539,229271,4585,0,0,224686,INR,2026-08-03T13:53:00Z,BATCH-BKMS-4539
PO_B01_004540,Stripe India,TATA-INV-913169 PO_B01_004540,49846,813,0,0,49033,INR,2026-08-03T02:19:00Z,BATCH-TATA-4540
PO_B01_004541,Stripe India,FLPK-ORD-549466 FLPK-ORD-249624 FLPK-ORD-321549 BATCH-FLPK-4541,261290,5225,0,0,256065,INR,2026-08-03T00:33:00Z,BATCH-FLPK-4541
PO_B01_004542,BillDesk Settlement,NYKA-INV-409105 PO_B01_004542,130218,2034,0,0,128184,INR,2026-08-03T09:48:00Z,BATCH-NYKA-4542
PO_B01_004543,PayU Enterprise,BKMS-INV-691038 PO_B01_004543,44659,1100,0,0,43559,INR,2026-08-03T01:20:00Z,BATCH-BKMS-4543
PO_B01_004544,Razorpay Nodal,JIOO-INV-156948 PO_B01_004544,427527,8410,0,0,419117,INR,2026-08-03T05:23:00Z,BATCH-JIOO-4544
PO_B01_004545,Cashfree Escrow,ZOMA-INV-679076 PO_B01_004545,315946,6364,0,0,309582,INR,2026-08-03T07:33:00Z,BATCH-ZOMA-4545
PO_B01_004546,Razorpay Nodal,ZOMA-INV-397482 PO_B01_004546,94595,2081,0,0,92514,INR,2026-08-03T00:44:00Z,BATCH-ZOMA-4546
PO_B01_004547,Stripe India,NYKA-INV-196304 PO_B01_004547,54050,1059,0,0,52991,INR,2026-08-03T09:54:00Z,BATCH-NYKA-4547
PO_B01_004548,BillDesk Settlement,BKMS-INV-449015 PO_B01_004548,182336,3865,0,0,178471,INR,2026-08-04T01:41:00Z,BATCH-BKMS-4548
PO_B01_004549,PayU Enterprise,NYKA-INV-453683 PO_B01_004549,297452,4515,0,0,292937,INR,2026-08-03T13:56:00Z,BATCH-NYKA-4549
PO_B01_004550,Stripe India,OLAA-INV-983411 PO_B01_004550,83218,1995,0,0,81223,INR,2026-08-03T14:29:00Z,BATCH-OLAA-4550
PO_B01_004551,Stripe India,BLNK-ORD-729292 BLNK-ORD-758911 BATCH-BLNK-4551,164941,3298,0,0,161643,INR,2026-08-03T06:14:00Z,BATCH-BLNK-4551
PO_B01_004552,BillDesk Settlement,MMTR-INV-138731 PO_B01_004552,436735,8766,0,0,427969,INR,2026-08-03T11:22:00Z,BATCH-MMTR-4552
PO_B01_004553,Stripe India,OLAA-ORD-221629 OLAA-ORD-387877 OLAA-ORD-180625 BATCH-OLAA-4553,240643,4812,0,0,235831,INR,2026-08-03T11:56:00Z,BATCH-OLAA-4553
PO_B01_004554,PayU Enterprise,ZOMA-INV-187872 PO_B01_004554,228445,4309,0,0,224136,INR,2026-08-03T13:30:00Z,BATCH-ZOMA-4554
PO_B01_004555,BillDesk Settlement,MMTR-INV-430223 PO_B01_004555,126448,2421,0,0,124027,INR,2026-08-03T19:52:00Z,BATCH-MMTR-4555
PO_B01_004556,BillDesk Settlement,SWIG-INV-328234 PO_B01_004556,410093,7537,0,0,402556,INR,2026-08-03T20:35:00Z,BATCH-SWIG-4556
PO_B01_004557,Razorpay Nodal,ZOMA-INV-666996 PO_B01_004557,448910,8729,0,0,440181,INR,2026-08-02T23:19:00Z,BATCH-ZOMA-4557
PO_B01_004558,Cashfree Escrow,OLAA-ORD-184677 OLAA-ORD-657998 OLAA-ORD-208922 BATCH-OLAA-4558,248892,4977,0,0,243915,INR,2026-08-03T10:30:00Z,BATCH-OLAA-4558
PO_B01_004559,PayU Enterprise,NYKA-INV-279765 PO_B01_004559,266333,5632,0,0,260701,INR,2026-08-02T22:41:00Z,BATCH-NYKA-4559
PO_B01_004560,Razorpay Nodal,PAYT-INV-125106 PO_B01_004560,128816,2452,0,0,126364,INR,2026-08-03T05:10:00Z,BATCH-PAYT-4560
PO_B01_004561,Stripe India,TATA-INV-535289 PO_B01_004561,448027,9091,0,0,438936,INR,2026-08-03T11:28:00Z,BATCH-TATA-4561
PO_B01_004562,BillDesk Settlement,UBER-INV-690058 PO_B01_004562,113528,2751,0,0,110777,INR,2026-08-03T16:14:00Z,BATCH-UBER-4562
PO_B01_004563,Cashfree Escrow,AMZN-INV-602162 PO_B01_004563,34231,530,0,0,33701,INR,2026-08-03T09:07:00Z,BATCH-AMZN-4563
PO_B01_004564,Cashfree Escrow,TATA-INV-674738 PO_B01_004564,87681,1416,0,0,86265,INR,2026-08-02T15:23:00Z,BATCH-TATA-4564
PO_B01_004565,Razorpay Nodal,ZOMA-INV-140087 PO_B01_004565,280273,4725,0,0,275548,INR,2026-08-03T03:19:00Z,BATCH-ZOMA-4565
PO_B01_004566,PayU Enterprise,OLAA-INV-413284 PO_B01_004566,277167,6656,0,0,270511,INR,2026-08-03T13:27:00Z,BATCH-OLAA-4566
PO_B01_004567,Stripe India,BKMS-INV-221843 PO_B01_004567,313849,6875,0,0,306974,INR,2026-08-02T22:22:00Z,BATCH-BKMS-4567
PO_B01_004568,PayU Enterprise,SWIG-INV-605724 PO_B01_004568,157603,3736,0,0,153867,INR,2026-08-03T10:46:00Z,BATCH-SWIG-4568
PO_B01_004569,Cashfree Escrow,UBER-INV-619577 PO_B01_004569,424712,7420,0,0,417292,INR,2026-08-03T11:58:00Z,BATCH-UBER-4569
PO_B01_004570,Cashfree Escrow,ZOMA-INV-354553 PO_B01_004570,315415,6951,0,0,308464,INR,2026-08-03T13:47:00Z,BATCH-ZOMA-4570
PO_B01_004571,Razorpay Nodal,TATA-ORD-792315 TATA-ORD-793011 TATA-ORD-689311 BATCH-TATA-4571,570594,11411,0,0,559183,INR,2026-08-03T15:16:00Z,BATCH-TATA-4571
PO_B01_004572,Stripe India,UBER-ORD-988518 UBER-ORD-839230 BATCH-UBER-4572,375269,7505,0,0,367764,INR,2026-08-03T20:49:00Z,BATCH-UBER-4572
PO_B01_004573,PayU Enterprise,BBAS-ORD-675719 BBAS-ORD-600000 BATCH-BBAS-4573,267767,5355,0,0,262412,INR,2026-08-03T19:31:00Z,BATCH-BBAS-4573
PO_B01_004574,Stripe India,FLPK-INV-668363 PO_B01_004574,315204,6616,0,0,308588,INR,2026-08-02T17:59:00Z,BATCH-FLPK-4574
PO_B01_004575,Razorpay Nodal,PAYT-INV-433579 PO_B01_004575,200959,4561,0,0,196398,INR,2026-08-02T21:37:00Z,BATCH-PAYT-4575
PO_B01_004576,Razorpay Nodal,ZOMA-INV-683127 PO_B01_004576,412012,6740,0,0,405272,INR,2026-08-02T23:26:00Z,BATCH-ZOMA-4576
PO_B01_004577,Razorpay Nodal,BLNK-INV-658184 PO_B01_004577,130659,2676,0,0,127983,INR,2026-08-02T20:30:00Z,BATCH-BLNK-4577
PO_B01_004578,PayU Enterprise,NYKA-INV-660371 PO_B01_004578,180599,3107,0,0,177492,INR,2026-08-02T15:51:00Z,BATCH-NYKA-4578
PO_B01_004579,Stripe India,BKMS-INV-826828 PO_B01_004579,357775,5972,0,0,351803,INR,2026-08-03T01:03:00Z,BATCH-BKMS-4579
PO_B01_004580,Razorpay Nodal,PAYT-ORD-341003 PAYT-ORD-835149 PAYT-ORD-556199 BATCH-PAYT-4580,380789,7615,0,0,373174,INR,2026-08-03T00:00:00Z,BATCH-PAYT-4580
PO_B01_004581,BillDesk Settlement,UBER-INV-965934 PO_B01_004581,289402,5900,0,0,283502,INR,2026-08-03T10:25:00Z,BATCH-UBER-4581
PO_B01_004582,Stripe India,PHNP-INV-364646 PO_B01_004582,189790,3959,0,0,185831,INR,2026-08-03T23:29:00Z,BATCH-PHNP-4582
PO_B01_004583,BillDesk Settlement,PAYT-INV-104651 PO_B01_004583,347035,6495,0,0,340540,INR,2026-08-03T05:10:00Z,BATCH-PAYT-4583
PO_B01_004584,PayU Enterprise,ZOMA-INV-802423 PO_B01_004584,442916,10979,0,0,431937,INR,2026-08-03T11:14:00Z,BATCH-ZOMA-4584
PO_B01_004585,Razorpay Nodal,MYNT-ORD-504710 MYNT-ORD-211012 MYNT-ORD-979583 BATCH-MYNT-4585,597285,11945,0,0,585340,INR,2026-08-02T23:50:00Z,BATCH-MYNT-4585
PO_B01_004586,Razorpay Nodal,AMZN-INV-254108 PO_B01_004586,49173,896,0,0,48277,INR,2026-08-03T07:57:00Z,BATCH-AMZN-4586
PO_B01_004587,Razorpay Nodal,BBAS-INV-321687 PO_B01_004587,280404,4224,0,0,276180,INR,2026-08-02T20:46:00Z,BATCH-BBAS-4587
PO_B01_004588,Razorpay Nodal,JIOO-INV-495216 PO_B01_004588,177564,3648,0,0,173916,INR,2026-08-03T04:01:00Z,BATCH-JIOO-4588
PO_B01_004589,Razorpay Nodal,MYNT-INV-547618 PO_B01_004589,99331,2036,0,0,97295,INR,2026-08-03T14:23:00Z,BATCH-MYNT-4589
PO_B01_004590,Stripe India,BKMS-INV-496957 PO_B01_004590,375344,7473,0,0,367871,INR,2026-08-03T05:07:00Z,BATCH-BKMS-4590
PO_B01_004591,Cashfree Escrow,ZOMA-INV-434884 PO_B01_004591,224912,4690,0,0,220222,INR,2026-08-02T19:44:00Z,BATCH-ZOMA-4591
PO_B01_004592,Stripe India,JIOO-INV-553153 PO_B01_004592,365826,5571,0,0,360255,INR,2026-08-03T10:34:00Z,BATCH-JIOO-4592
PO_B01_004593,Stripe India,PAYT-ORD-127328 PAYT-ORD-461241 BATCH-PAYT-4593,188193,3763,0,0,184430,INR,2026-08-03T19:26:00Z,BATCH-PAYT-4593
PO_B01_004594,Razorpay Nodal,PHNP-INV-727722 PO_B01_004594,154605,3409,0,0,151196,INR,2026-08-03T09:30:00Z,BATCH-PHNP-4594
PO_B01_004595,Cashfree Escrow,PAYT-INV-292209 PO_B01_004595,259535,4018,0,0,255517,INR,2026-08-03T10:33:00Z,BATCH-PAYT-4595
PO_B01_004596,Razorpay Nodal,TATA-ORD-161907 TATA-ORD-275217 BATCH-TATA-4596,463998,9279,0,0,454719,INR,2026-08-03T02:20:00Z,BATCH-TATA-4596
PO_B01_004597,PayU Enterprise,ZOMA-INV-203844 PO_B01_004597,65019,1253,0,0,63766,INR,2026-08-02T21:10:00Z,BATCH-ZOMA-4597
PO_B01_004598,Stripe India,BKMS-INV-451504 PO_B01_004598,289149,6011,0,0,283138,INR,2026-08-03T20:22:00Z,BATCH-BKMS-4598
PO_B01_004599,PayU Enterprise,OLAA-INV-562687 PO_B01_004599,139827,3126,0,0,136701,INR,2026-08-03T17:34:00Z,BATCH-OLAA-4599
PO_B01_004600,Stripe India,JIOO-INV-548892 PO_B01_004600,287120,4327,0,0,282793,INR,2026-08-02T21:01:00Z,BATCH-JIOO-4600
PO_B01_004601,Razorpay Nodal,OLAA-INV-786711 PO_B01_004601,319367,5682,0,0,313685,INR,2026-08-03T08:09:00Z,BATCH-OLAA-4601
PO_B01_004602,Razorpay Nodal,NYKA-ORD-552182 NYKA-ORD-502382 BATCH-NYKA-4602,425101,8502,0,0,416599,INR,2026-08-03T10:47:00Z,BATCH-NYKA-4602
PO_B01_004603,BillDesk Settlement,MYNT-ORD-701901 MYNT-ORD-151967 MYNT-ORD-440406 BATCH-MYNT-4603,441873,8837,0,0,433036,INR,2026-08-03T04:08:00Z,BATCH-MYNT-4603
PO_B01_004604,PayU Enterprise,OLAA-EXC-241867-UNRESOLVED,126398,2517,0,0,123881,INR,2026-08-03T20:43:00Z,HOLD-ESCROW
PO_B01_004605,Stripe India,AMZN-INV-134543 PO_B01_004605,189107,4078,0,0,185029,INR,2026-08-03T13:29:00Z,BATCH-AMZN-4605
PO_B01_004606,PayU Enterprise,SWIG-ORD-525843 SWIG-ORD-969726 BATCH-SWIG-4606,225279,4505,0,0,220774,INR,2026-08-02T23:59:00Z,BATCH-SWIG-4606
PO_B01_004607,PayU Enterprise,BBAS-INV-779412 PO_B01_004607,413219,9895,0,0,403324,INR,2026-08-03T10:15:00Z,BATCH-BBAS-4607
PO_B01_004608,PayU Enterprise,MYNT-INV-337095 PO_B01_004608,25991,428,0,0,25563,INR,2026-08-03T00:36:00Z,BATCH-MYNT-4608
PO_B01_004609,PayU Enterprise,TATA-EXC-486179-UNRESOLVED,132135,2632,0,0,129503,INR,2026-08-04T02:12:00Z,HOLD-ESCROW
PO_B01_004610,Razorpay Nodal,TATA-ORD-641411 TATA-ORD-479624 BATCH-TATA-4610,167880,3357,0,0,164523,INR,2026-08-03T11:55:00Z,BATCH-TATA-4610
PO_B01_004611,PayU Enterprise,NYKA-INV-357635 PO_B01_004611,189525,3824,0,0,185701,INR,2026-08-02T16:04:00Z,BATCH-NYKA-4611
PO_B01_004612,BillDesk Settlement,SWIG-INV-366204 PO_B01_004612,56189,1244,0,0,54945,INR,2026-08-03T10:10:00Z,BATCH-SWIG-4612
PO_B01_004613,BillDesk Settlement,BLNK-INV-224904 PO_B01_004613,182484,3193,0,0,179291,INR,2026-08-03T14:25:00Z,BATCH-BLNK-4613
PO_B01_004614,BillDesk Settlement,OLAA-ORD-686966 OLAA-ORD-533562 OLAA-ORD-539112 BATCH-OLAA-4614,363940,7278,0,0,356662,INR,2026-08-03T04:08:00Z,BATCH-OLAA-4614
PO_B01_004615,Razorpay Nodal,MYNT-EXC-665217-UNRESOLVED,278379,5557,0,0,272822,INR,2026-08-03T23:48:00Z,HOLD-ESCROW
PO_B01_004616,BillDesk Settlement,BBAS-INV-146661 PO_B01_004616,110808,1949,0,0,108859,INR,2026-08-02T16:26:00Z,BATCH-BBAS-4616
PO_B01_004617,BillDesk Settlement,FLPK-EXC-944050-UNRESOLVED,143109,2852,0,0,140257,INR,2026-08-03T20:27:00Z,HOLD-ESCROW
PO_B01_004618,BillDesk Settlement,ZOMA-INV-175335 PO_B01_004618,130694,2502,0,0,128192,INR,2026-08-03T01:03:00Z,BATCH-ZOMA-4618
PO_B01_004619,Razorpay Nodal,PAYT-INV-364871 PO_B01_004619,136404,3398,0,0,133006,INR,2026-08-03T06:11:00Z,BATCH-PAYT-4619
PO_B01_004620,Cashfree Escrow,MYNT-INV-569697 PO_B01_004620,39411,924,0,0,38487,INR,2026-08-03T21:33:00Z,BATCH-MYNT-4620
PO_B01_004621,PayU Enterprise,OLAA-INV-552052 PO_B01_004621,185445,3353,0,0,182092,INR,2026-08-03T01:35:00Z,BATCH-OLAA-4621
PO_B01_004622,Razorpay Nodal,OLAA-INV-105122 PO_B01_004622,288205,5423,0,0,282782,INR,2026-08-03T07:36:00Z,BATCH-OLAA-4622
PO_B01_004623,PayU Enterprise,PHNP-INV-384980 PO_B01_004623,326678,5569,0,0,321109,INR,2026-08-04T00:17:00Z,BATCH-PHNP-4623
PO_B01_004624,Razorpay Nodal,OLAA-ORD-187410 OLAA-ORD-771428 OLAA-ORD-440224 BATCH-OLAA-4624,251414,5028,0,0,246386,INR,2026-08-03T09:52:00Z,BATCH-OLAA-4624
PO_B01_004625,Stripe India,SWIG-ORD-411341 SWIG-ORD-284209 BATCH-SWIG-4625,263676,5273,0,0,258403,INR,2026-08-03T10:36:00Z,BATCH-SWIG-4625
PO_B01_004626,Razorpay Nodal,BKMS-ORD-835378 BKMS-ORD-641695 BATCH-BKMS-4626,436759,8735,0,0,428024,INR,2026-08-03T19:12:00Z,BATCH-BKMS-4626
PO_B01_004627,Cashfree Escrow,MMTR-ORD-682993 MMTR-ORD-901813 MMTR-ORD-427695 BATCH-MMTR-4627,531521,10630,0,0,520891,INR,2026-08-03T15:08:00Z,BATCH-MMTR-4627
PO_B01_004628,Cashfree Escrow,MMTR-INV-563717 PO_B01_004628,213421,4167,0,0,209254,INR,2026-08-03T13:17:00Z,BATCH-MMTR-4628
PO_B01_004629,PayU Enterprise,SWIG-INV-902870 PO_B01_004629,388428,9660,0,0,378768,INR,2026-08-03T01:46:00Z,BATCH-SWIG-4629
PO_B01_004630,Cashfree Escrow,PAYT-INV-989475 PO_B01_004630,135840,2542,0,0,133298,INR,2026-08-03T08:10:00Z,BATCH-PAYT-4630
PO_B01_004631,Razorpay Nodal,MYNT-INV-217678 PO_B01_004631,445825,10398,0,0,435427,INR,2026-08-03T20:17:00Z,BATCH-MYNT-4631
PO_B01_004632,Stripe India,JIOO-INV-243961 PO_B01_004632,218088,3547,0,0,214541,INR,2026-08-03T07:45:00Z,BATCH-JIOO-4632
PO_B01_004633,Razorpay Nodal,BKMS-INV-499788 PO_B01_004633,327005,4992,0,0,322013,INR,2026-08-03T16:16:00Z,BATCH-BKMS-4633
PO_B01_004634,BillDesk Settlement,MMTR-INV-500472 PO_B01_004634,202078,3480,0,0,198598,INR,2026-08-02T20:38:00Z,BATCH-MMTR-4634
PO_B01_004635,PayU Enterprise,SWIG-INV-505512 PO_B01_004635,275465,6206,0,0,269259,INR,2026-08-03T19:16:00Z,BATCH-SWIG-4635
PO_B01_004636,Razorpay Nodal,BLNK-ORD-727613 BLNK-ORD-148030 BLNK-ORD-379950 BATCH-BLNK-4636,292270,5845,0,0,286425,INR,2026-08-03T13:00:00Z,BATCH-BLNK-4636
PO_B01_004637,Cashfree Escrow,PAYT-ORD-259428 PAYT-ORD-444148 PAYT-ORD-176339 BATCH-PAYT-4637,691231,13824,0,0,677407,INR,2026-08-03T09:49:00Z,BATCH-PAYT-4637
PO_B01_004638,PayU Enterprise,PAYT-INV-337896 PO_B01_004638,418058,9791,0,0,408267,INR,2026-08-03T04:56:00Z,BATCH-PAYT-4638
PO_B01_004639,Stripe India,TATA-INV-139188 PO_B01_004639,231722,4738,0,0,226984,INR,2026-08-02T16:15:00Z,BATCH-TATA-4639
PO_B01_004640,PayU Enterprise,PHNP-INV-389468 PO_B01_004640,103748,2130,0,0,101618,INR,2026-08-03T01:55:00Z,BATCH-PHNP-4640
PO_B01_004641,Stripe India,SWIG-INV-246274 PO_B01_004641,305364,5829,0,0,299535,INR,2026-08-03T09:04:00Z,BATCH-SWIG-4641
PO_B01_004642,BillDesk Settlement,MYNT-INV-840183 PO_B01_004642,271641,5043,0,0,266598,INR,2026-08-03T09:06:00Z,BATCH-MYNT-4642
PO_B01_004643,Stripe India,AMZN-INV-975771 PO_B01_004643,71414,1737,0,0,69677,INR,2026-08-03T12:48:00Z,BATCH-AMZN-4643
PO_B01_004644,Cashfree Escrow,MMTR-INV-334317 PO_B01_004644,59898,1017,0,0,58881,INR,2026-08-03T06:42:00Z,BATCH-MMTR-4644
PO_B01_004645,Cashfree Escrow,JIOO-INV-734333 PO_B01_004645,368157,5977,0,0,362180,INR,2026-08-03T22:12:00Z,BATCH-JIOO-4645
PO_B01_004646,PayU Enterprise,NYKA-ORD-441733 NYKA-ORD-996134 BATCH-NYKA-4646,268666,5373,0,0,263293,INR,2026-08-03T10:15:00Z,BATCH-NYKA-4646
PO_B01_004647,PayU Enterprise,AMZN-EXC-483232-UNRESOLVED,226702,4524,0,0,222178,INR,2026-08-04T03:07:00Z,HOLD-ESCROW
PO_B01_004648,BillDesk Settlement,SWIG-INV-528800 PO_B01_004648,323411,4883,0,0,318528,INR,2026-08-02T16:54:00Z,BATCH-SWIG-4648
PO_B01_004649,Razorpay Nodal,TATA-INV-247720 PO_B01_004649,402758,9945,0,0,392813,INR,2026-08-03T12:14:00Z,BATCH-TATA-4649
PO_B01_004650,Razorpay Nodal,BLNK-INV-930103 PO_B01_004650,122113,2717,0,0,119396,INR,2026-08-02T22:46:00Z,BATCH-BLNK-4650
PO_B01_004651,Cashfree Escrow,PAYT-INV-169214 PO_B01_004651,312977,6551,0,0,306426,INR,2026-08-02T19:13:00Z,BATCH-PAYT-4651
PO_B01_004652,Razorpay Nodal,OLAA-INV-158074 PO_B01_004652,27206,505,0,0,26701,INR,2026-08-02T18:57:00Z,BATCH-OLAA-4652
PO_B01_004653,Stripe India,AMZN-ORD-672148 AMZN-ORD-326673 AMZN-ORD-575253 BATCH-AMZN-4653,474666,9493,0,0,465173,INR,2026-08-03T09:50:00Z,BATCH-AMZN-4653
PO_B01_004654,Razorpay Nodal,PHNP-INV-381396 PO_B01_004654,371094,8275,0,0,362819,INR,2026-08-03T17:20:00Z,BATCH-PHNP-4654
PO_B01_004655,Cashfree Escrow,ZOMA-INV-607648 PO_B01_004655,276786,6507,0,0,270279,INR,2026-08-03T03:13:00Z,BATCH-ZOMA-4655
PO_B01_004656,Cashfree Escrow,AMZN-INV-832975 PO_B01_004656,71179,1662,0,0,69517,INR,2026-08-02T22:35:00Z,BATCH-AMZN-4656
PO_B01_004657,PayU Enterprise,JIOO-EXC-701710-UNRESOLVED,298276,5955,0,0,292321,INR,2026-08-04T05:57:00Z,HOLD-ESCROW
PO_B01_004658,Stripe India,UBER-INV-949843 PO_B01_004658,207211,3368,0,0,203843,INR,2026-08-03T09:25:00Z,BATCH-UBER-4658
PO_B01_004659,Stripe India,UBER-INV-292499 PO_B01_004659,208101,4597,0,0,203504,INR,2026-08-02T22:43:00Z,BATCH-UBER-4659
PO_B01_004660,BillDesk Settlement,NYKA-INV-625368 PO_B01_004660,236766,3692,0,0,233074,INR,2026-08-03T14:44:00Z,BATCH-NYKA-4660
PO_B01_004661,PayU Enterprise,JIOO-INV-910536 PO_B01_004661,216787,5328,0,0,211459,INR,2026-08-03T11:57:00Z,BATCH-JIOO-4661
PO_B01_004662,Cashfree Escrow,PAYT-INV-715780 PO_B01_004662,31583,559,0,0,31024,INR,2026-08-03T05:50:00Z,BATCH-PAYT-4662
PO_B01_004663,PayU Enterprise,ZOMA-ORD-356893 ZOMA-ORD-165938 ZOMA-ORD-257802 BATCH-ZOMA-4663,457169,9143,0,0,448026,INR,2026-08-03T20:29:00Z,BATCH-ZOMA-4663
PO_B01_004664,PayU Enterprise,BLNK-ORD-772936 BLNK-ORD-185671 BLNK-ORD-758686 BATCH-BLNK-4664,444825,8896,0,0,435929,INR,2026-08-03T07:08:00Z,BATCH-BLNK-4664
PO_B01_004665,Razorpay Nodal,AMZN-INV-129100 PO_B01_004665,243103,5416,0,0,237687,INR,2026-08-02T15:23:00Z,BATCH-AMZN-4665
PO_B01_004666,Cashfree Escrow,FLPK-EXC-943370-UNRESOLVED,211540,4220,0,0,207320,INR,2026-08-03T10:46:00Z,HOLD-ESCROW
PO_B01_004667,PayU Enterprise,BLNK-INV-410184 PO_B01_004667,248988,5302,0,0,243686,INR,2026-08-03T10:18:00Z,BATCH-BLNK-4667
PO_B01_004668,BillDesk Settlement,MYNT-INV-954665 PO_B01_004668,174751,3375,0,0,171376,INR,2026-08-03T11:20:00Z,BATCH-MYNT-4668
PO_B01_004669,Razorpay Nodal,MYNT-INV-100742 PO_B01_004669,441780,7254,0,0,434526,INR,2026-08-03T14:49:00Z,BATCH-MYNT-4669
PO_B01_004670,PayU Enterprise,PHNP-INV-496490 PO_B01_004670,419310,8456,0,0,410854,INR,2026-08-03T20:59:00Z,BATCH-PHNP-4670
PO_B01_004671,PayU Enterprise,FLPK-INV-434092 PO_B01_004671,76814,1777,0,0,75037,INR,2026-08-03T08:26:00Z,BATCH-FLPK-4671
PO_B01_004672,Razorpay Nodal,PAYT-INV-897635 PO_B01_004672,186117,3131,0,0,182986,INR,2026-08-03T15:53:00Z,BATCH-PAYT-4672
PO_B01_004673,Cashfree Escrow,BBAS-INV-667664 PO_B01_004673,167523,3349,0,0,164174,INR,2026-08-03T19:10:00Z,BATCH-BBAS-4673
PO_B01_004674,PayU Enterprise,AMZN-INV-735965 PO_B01_004674,316864,7256,0,0,309608,INR,2026-08-03T19:00:00Z,BATCH-AMZN-4674
PO_B01_004675,Razorpay Nodal,OLAA-INV-940533 PO_B01_004675,441762,10511,0,0,431251,INR,2026-08-03T04:32:00Z,BATCH-OLAA-4675
PO_B01_004676,Cashfree Escrow,PHNP-INV-206020 PO_B01_004676,371729,6027,0,0,365702,INR,2026-08-03T00:08:00Z,BATCH-PHNP-4676
PO_B01_004677,Cashfree Escrow,JIOO-INV-663056 PO_B01_004677,99644,2474,0,0,97170,INR,2026-08-03T22:52:00Z,BATCH-JIOO-4677
PO_B01_004678,Cashfree Escrow,PHNP-INV-631346 PO_B01_004678,159996,2695,0,0,157301,INR,2026-08-03T14:33:00Z,BATCH-PHNP-4678
PO_B01_004679,PayU Enterprise,MMTR-INV-442410 PO_B01_004679,47570,1109,0,0,46461,INR,2026-08-03T10:40:00Z,BATCH-MMTR-4679
PO_B01_004680,Stripe India,BLNK-INV-268283 PO_B01_004680,245305,5391,0,0,239914,INR,2026-08-03T15:46:00Z,BATCH-BLNK-4680
PO_B01_004681,Stripe India,BBAS-INV-789438 PO_B01_004681,238062,4612,0,0,233450,INR,2026-08-03T14:57:00Z,BATCH-BBAS-4681
PO_B01_004682,Cashfree Escrow,SWIG-INV-988437 PO_B01_004682,444407,7288,0,0,437119,INR,2026-08-02T20:19:00Z,BATCH-SWIG-4682
PO_B01_004683,Razorpay Nodal,BKMS-INV-512643 PO_B01_004683,420664,8463,0,0,412201,INR,2026-08-03T21:36:00Z,BATCH-BKMS-4683
PO_B01_004684,BillDesk Settlement,JIOO-INV-301109 PO_B01_004684,379589,8917,0,0,370672,INR,2026-08-03T02:24:00Z,BATCH-JIOO-4684
PO_B01_004685,Razorpay Nodal,SWIG-ORD-433657 SWIG-ORD-109790 SWIG-ORD-894170 BATCH-SWIG-4685,236136,4722,0,0,231414,INR,2026-08-03T18:50:00Z,BATCH-SWIG-4685
PO_B01_004686,Stripe India,JIOO-INV-360647 PO_B01_004686,447228,10047,0,0,437181,INR,2026-08-03T17:30:00Z,BATCH-JIOO-4686
PO_B01_004687,PayU Enterprise,TATA-ORD-953288 TATA-ORD-552409 TATA-ORD-439220 BATCH-TATA-4687,360517,7210,0,0,353307,INR,2026-08-02T21:44:00Z,BATCH-TATA-4687
PO_B01_004688,Cashfree Escrow,NYKA-INV-944358 PO_B01_004688,226337,3782,0,0,222555,INR,2026-08-03T07:43:00Z,BATCH-NYKA-4688
PO_B01_004689,Cashfree Escrow,ZOMA-INV-735835 PO_B01_004689,206214,3923,0,0,202291,INR,2026-08-03T04:29:00Z,BATCH-ZOMA-4689
PO_B01_004690,Cashfree Escrow,PHNP-INV-237277 PO_B01_004690,147944,2480,0,0,145464,INR,2026-08-03T07:34:00Z,BATCH-PHNP-4690
PO_B01_004691,Cashfree Escrow,BKMS-ORD-653682 BKMS-ORD-907659 BATCH-BKMS-4691,311874,6237,0,0,305637,INR,2026-08-03T15:03:00Z,BATCH-BKMS-4691
PO_B01_004692,Razorpay Nodal,TATA-INV-228106 PO_B01_004692,174901,4091,0,0,170810,INR,2026-08-03T12:12:00Z,BATCH-TATA-4692
PO_B01_004693,BillDesk Settlement,PHNP-ORD-611405 PHNP-ORD-745303 BATCH-PHNP-4693,310277,6205,0,0,304072,INR,2026-08-03T06:22:00Z,BATCH-PHNP-4693
PO_B01_004694,BillDesk Settlement,BBAS-INV-589707 PO_B01_004694,176987,3686,0,0,173301,INR,2026-08-03T20:00:00Z,BATCH-BBAS-4694
PO_B01_004695,Stripe India,PHNP-INV-917270 PO_B01_004695,253439,5695,0,0,247744,INR,2026-08-03T04:06:00Z,BATCH-PHNP-4695
PO_B01_004696,PayU Enterprise,AMZN-ORD-934197 AMZN-ORD-244747 AMZN-ORD-873572 BATCH-AMZN-4696,326792,6535,0,0,320257,INR,2026-08-03T07:15:00Z,BATCH-AMZN-4696
PO_B01_004697,Cashfree Escrow,SWIG-INV-227753 PO_B01_004697,119695,2436,0,0,117259,INR,2026-08-03T09:44:00Z,BATCH-SWIG-4697
PO_B01_004698,Cashfree Escrow,OLAA-INV-581625 PO_B01_004698,262790,4469,0,0,258321,INR,2026-08-03T07:05:00Z,BATCH-OLAA-4698
PO_B01_004699,Stripe India,MMTR-INV-817666 PO_B01_004699,49984,774,0,0,49210,INR,2026-08-03T10:42:00Z,BATCH-MMTR-4699
PO_B01_004700,Cashfree Escrow,TATA-INV-201008 PO_B01_004700,158446,3092,0,0,155354,INR,2026-08-03T01:20:00Z,BATCH-TATA-4700
PO_B01_004701,BillDesk Settlement,AMZN-ORD-786097 AMZN-ORD-666968 BATCH-AMZN-4701,338110,6762,0,0,331348,INR,2026-08-03T12:08:00Z,BATCH-AMZN-4701
PO_B01_004702,PayU Enterprise,AMZN-INV-841649 PO_B01_004702,351382,6077,0,0,345305,INR,2026-08-02T15:10:00Z,BATCH-AMZN-4702
PO_B01_004703,BillDesk Settlement,NYKA-INV-854466 PO_B01_004703,414544,8748,0,0,405796,INR,2026-08-03T11:55:00Z,BATCH-NYKA-4703
PO_B01_004704,PayU Enterprise,PHNP-INV-615723 PO_B01_004704,32932,547,0,0,32385,INR,2026-08-02T21:50:00Z,BATCH-PHNP-4704
PO_B01_004705,Stripe India,FLPK-INV-373977 PO_B01_004705,226786,4297,0,0,222489,INR,2026-08-03T16:42:00Z,BATCH-FLPK-4705
PO_B01_004706,Stripe India,ZOMA-INV-959656 PO_B01_004706,35319,768,0,0,34551,INR,2026-08-03T10:13:00Z,BATCH-ZOMA-4706
PO_B01_004707,BillDesk Settlement,JIOO-INV-546493 PO_B01_004707,167451,3807,0,0,163644,INR,2026-08-03T03:02:00Z,BATCH-JIOO-4707
PO_B01_004708,BillDesk Settlement,SWIG-ORD-649467 SWIG-ORD-603832 BATCH-SWIG-4708,326269,6525,0,0,319744,INR,2026-08-03T08:44:00Z,BATCH-SWIG-4708
PO_B01_004709,Stripe India,PHNP-INV-430527 PO_B01_004709,68638,1150,0,0,67488,INR,2026-08-02T20:28:00Z,BATCH-PHNP-4709
PO_B01_004710,Stripe India,OLAA-ORD-767084 OLAA-ORD-593153 BATCH-OLAA-4710,448949,8978,0,0,439971,INR,2026-08-02T21:38:00Z,BATCH-OLAA-4710
PO_B01_004711,BillDesk Settlement,PHNP-INV-887070 PO_B01_004711,47375,746,0,0,46629,INR,2026-08-03T10:22:00Z,BATCH-PHNP-4711
PO_B01_004712,Razorpay Nodal,JIOO-ORD-747666 JIOO-ORD-875548 JIOO-ORD-929174 BATCH-JIOO-4712,324328,6486,0,0,317842,INR,2026-08-03T05:18:00Z,BATCH-JIOO-4712
PO_B01_004713,Razorpay Nodal,UBER-ORD-664518 UBER-ORD-388073 BATCH-UBER-4713,359824,7196,0,0,352628,INR,2026-08-03T13:43:00Z,BATCH-UBER-4713
PO_B01_004714,Stripe India,MYNT-ORD-764927 MYNT-ORD-506059 BATCH-MYNT-4714,251534,5030,0,0,246504,INR,2026-08-03T18:45:00Z,BATCH-MYNT-4714
PO_B01_004715,BillDesk Settlement,TATA-INV-803178 PO_B01_004715,245393,5517,0,0,239876,INR,2026-08-03T06:12:00Z,BATCH-TATA-4715
PO_B01_004716,Razorpay Nodal,BLNK-INV-558501 PO_B01_004716,73073,1445,0,0,71628,INR,2026-08-02T19:57:00Z,BATCH-BLNK-4716
PO_B01_004717,Razorpay Nodal,ZOMA-ORD-722725 ZOMA-ORD-929679 BATCH-ZOMA-4717,138184,2763,0,0,135421,INR,2026-08-03T12:46:00Z,BATCH-ZOMA-4717
PO_B01_004718,Stripe India,ZOMA-INV-101368 PO_B01_004718,388700,6675,0,0,382025,INR,2026-08-03T13:23:00Z,BATCH-ZOMA-4718
PO_B01_004719,PayU Enterprise,PAYT-INV-938410 PO_B01_004719,136361,2972,0,0,133389,INR,2026-08-03T08:25:00Z,BATCH-PAYT-4719
PO_B01_004720,BillDesk Settlement,MYNT-INV-404004 PO_B01_004720,179450,3569,0,0,175881,INR,2026-08-03T07:52:00Z,BATCH-MYNT-4720
PO_B01_004721,Stripe India,OLAA-INV-313611 PO_B01_004721,200302,4659,0,0,195643,INR,2026-08-02T15:30:00Z,BATCH-OLAA-4721
PO_B01_004722,Cashfree Escrow,ZOMA-INV-620001 PO_B01_004722,306170,7272,0,0,298898,INR,2026-08-03T12:34:00Z,BATCH-ZOMA-4722
PO_B01_004723,Stripe India,JIOO-INV-964450 PO_B01_004723,160322,2730,0,0,157592,INR,2026-08-03T03:22:00Z,BATCH-JIOO-4723
PO_B01_004724,Stripe India,SWIG-INV-643197 PO_B01_004724,188856,4048,0,0,184808,INR,2026-08-03T01:23:00Z,BATCH-SWIG-4724
PO_B01_004725,Stripe India,JIOO-INV-892868 PO_B01_004725,442992,7519,0,0,435473,INR,2026-08-03T15:55:00Z,BATCH-JIOO-4725
PO_B01_004726,BillDesk Settlement,FLPK-ORD-509286 FLPK-ORD-792097 BATCH-FLPK-4726,274580,5491,0,0,269089,INR,2026-08-02T23:04:00Z,BATCH-FLPK-4726
PO_B01_004727,BillDesk Settlement,TATA-ORD-235899 TATA-ORD-265655 TATA-ORD-688868 BATCH-TATA-4727,321787,6435,0,0,315352,INR,2026-08-03T00:42:00Z,BATCH-TATA-4727
PO_B01_004728,Cashfree Escrow,ZOMA-INV-808885 PO_B01_004728,77289,1885,0,0,75404,INR,2026-08-03T10:52:00Z,BATCH-ZOMA-4728
PO_B01_004729,BillDesk Settlement,BLNK-INV-347820 PO_B01_004729,139888,3395,0,0,136493,INR,2026-08-03T03:09:00Z,BATCH-BLNK-4729
PO_B01_004730,Cashfree Escrow,BLNK-INV-375442 PO_B01_004730,33054,687,0,0,32367,INR,2026-08-03T14:31:00Z,BATCH-BLNK-4730
PO_B01_004731,Stripe India,MYNT-INV-320843 PO_B01_004731,327732,6034,0,0,321698,INR,2026-08-03T13:18:00Z,BATCH-MYNT-4731
PO_B01_004732,BillDesk Settlement,JIOO-INV-202496 PO_B01_004732,440512,7863,0,0,432649,INR,2026-08-03T00:52:00Z,BATCH-JIOO-4732
PO_B01_004733,Razorpay Nodal,BLNK-INV-174586 PO_B01_004733,247829,4408,0,0,243421,INR,2026-08-03T06:46:00Z,BATCH-BLNK-4733
PO_B01_004734,Cashfree Escrow,BBAS-INV-160694 PO_B01_004734,260449,5653,0,0,254796,INR,2026-08-03T14:17:00Z,BATCH-BBAS-4734
PO_B01_004735,PayU Enterprise,UBER-INV-705833 PO_B01_004735,134048,3076,0,0,130972,INR,2026-08-03T03:26:00Z,BATCH-UBER-4735
PO_B01_004736,BillDesk Settlement,PAYT-INV-963661 PO_B01_004736,255290,6184,0,0,249106,INR,2026-08-03T20:10:00Z,BATCH-PAYT-4736
PO_B01_004737,Cashfree Escrow,AMZN-EXC-599711-UNRESOLVED,147760,2945,0,0,144815,INR,2026-08-03T11:12:00Z,HOLD-ESCROW
PO_B01_004738,PayU Enterprise,MYNT-ORD-609274 MYNT-ORD-795175 MYNT-ORD-482650 BATCH-MYNT-4738,463759,9275,0,0,454484,INR,2026-08-03T10:29:00Z,BATCH-MYNT-4738
PO_B01_004739,Cashfree Escrow,BBAS-ORD-276882 BBAS-ORD-978405 BATCH-BBAS-4739,452771,9055,0,0,443716,INR,2026-08-02T23:23:00Z,BATCH-BBAS-4739
PO_B01_004740,PayU Enterprise,JIOO-INV-363599 PO_B01_004740,208752,5079,0,0,203673,INR,2026-08-02T16:16:00Z,BATCH-JIOO-4740
PO_B01_004741,Stripe India,PAYT-INV-354830 PO_B01_004741,183120,4038,0,0,179082,INR,2026-08-03T03:03:00Z,BATCH-PAYT-4741
PO_B01_004742,Cashfree Escrow,BBAS-ORD-410866 BBAS-ORD-931443 BATCH-BBAS-4742,203412,4068,0,0,199344,INR,2026-08-03T18:56:00Z,BATCH-BBAS-4742
PO_B01_004743,Cashfree Escrow,BKMS-INV-244068 PO_B01_004743,414720,10031,0,0,404689,INR,2026-08-03T06:46:00Z,BATCH-BKMS-4743
PO_B01_004744,Stripe India,ZOMA-ORD-574304 ZOMA-ORD-951774 BATCH-ZOMA-4744,324311,6486,0,0,317825,INR,2026-08-02T23:37:00Z,BATCH-ZOMA-4744
PO_B01_004745,Cashfree Escrow,PAYT-INV-397804 PO_B01_004745,250405,4675,0,0,245730,INR,2026-08-03T10:55:00Z,BATCH-PAYT-4745
PO_B01_004746,Cashfree Escrow,PAYT-ORD-773836 PAYT-ORD-646715 BATCH-PAYT-4746,213311,4266,0,0,209045,INR,2026-08-03T12:08:00Z,BATCH-PAYT-4746
PO_B01_004747,BillDesk Settlement,MMTR-EXC-527432-UNRESOLVED,235519,4700,0,0,230819,INR,2026-08-04T08:37:00Z,HOLD-ESCROW
PO_B01_004748,PayU Enterprise,AMZN-INV-984197 PO_B01_004748,58372,1067,0,0,57305,INR,2026-08-03T10:18:00Z,BATCH-AMZN-4748
PO_B01_004749,BillDesk Settlement,SWIG-INV-151532 PO_B01_004749,305497,5488,0,0,300009,INR,2026-08-03T21:42:00Z,BATCH-SWIG-4749
PO_B01_004750,BillDesk Settlement,PHNP-INV-902266 PO_B01_004750,340609,5726,0,0,334883,INR,2026-08-02T23:49:00Z,BATCH-PHNP-4750
PO_B01_004751,Razorpay Nodal,AMZN-ORD-237942 AMZN-ORD-360774 BATCH-AMZN-4751,314696,6293,0,0,308403,INR,2026-08-03T09:10:00Z,BATCH-AMZN-4751
PO_B01_004752,BillDesk Settlement,NYKA-ORD-824713 NYKA-ORD-803249 NYKA-ORD-173301 BATCH-NYKA-4752,499668,9993,0,0,489675,INR,2026-08-03T02:39:00Z,BATCH-NYKA-4752
PO_B01_004753,Stripe India,OLAA-INV-391884 PO_B01_004753,248096,4241,0,0,243855,INR,2026-08-03T11:35:00Z,BATCH-OLAA-4753
PO_B01_004754,Stripe India,OLAA-INV-738133 PO_B01_004754,81665,1995,0,0,79670,INR,2026-08-03T07:50:00Z,BATCH-OLAA-4754
PO_B01_004755,Cashfree Escrow,MYNT-INV-299789 PO_B01_004755,169553,3886,0,0,165667,INR,2026-08-03T01:20:00Z,BATCH-MYNT-4755
PO_B01_004756,PayU Enterprise,FLPK-ORD-235476 FLPK-ORD-155460 BATCH-FLPK-4756,179295,3585,0,0,175710,INR,2026-08-03T17:37:00Z,BATCH-FLPK-4756
PO_B01_004757,Razorpay Nodal,SWIG-ORD-820974 SWIG-ORD-899498 BATCH-SWIG-4757,240876,4817,0,0,236059,INR,2026-08-02T21:04:00Z,BATCH-SWIG-4757
PO_B01_004758,BillDesk Settlement,ZOMA-INV-848598 PO_B01_004758,275728,6137,0,0,269591,INR,2026-08-02T23:48:00Z,BATCH-ZOMA-4758
PO_B01_004759,Stripe India,MMTR-INV-950682 PO_B01_004759,43347,915,0,0,42432,INR,2026-08-03T23:18:00Z,BATCH-MMTR-4759
PO_B01_004760,BillDesk Settlement,FLPK-INV-340558 PO_B01_004760,166004,2909,0,0,163095,INR,2026-08-03T05:16:00Z,BATCH-FLPK-4760
PO_B01_004761,Cashfree Escrow,OLAA-INV-812267 PO_B01_004761,438079,8637,0,0,429442,INR,2026-08-03T10:24:00Z,BATCH-OLAA-4761
PO_B01_004762,PayU Enterprise,TATA-ORD-542758 TATA-ORD-699448 BATCH-TATA-4762,262719,5254,0,0,257465,INR,2026-08-03T18:48:00Z,BATCH-TATA-4762
PO_B01_004763,PayU Enterprise,SWIG-INV-903514 PO_B01_004763,386855,9108,0,0,377747,INR,2026-08-03T14:20:00Z,BATCH-SWIG-4763
PO_B01_004764,Stripe India,JIOO-INV-993668 PO_B01_004764,347982,7623,0,0,340359,INR,2026-08-02T17:08:00Z,BATCH-JIOO-4764
PO_B01_004765,PayU Enterprise,PHNP-INV-469056 PO_B01_004765,248954,5004,0,0,243950,INR,2026-08-03T11:45:00Z,BATCH-PHNP-4765
PO_B01_004766,PayU Enterprise,PHNP-INV-744567 PO_B01_004766,138286,2689,0,0,135597,INR,2026-08-03T09:57:00Z,BATCH-PHNP-4766
PO_B01_004767,Cashfree Escrow,BKMS-ORD-329921 BKMS-ORD-955460 BATCH-BKMS-4767,169824,3396,0,0,166428,INR,2026-08-03T02:53:00Z,BATCH-BKMS-4767
PO_B01_004768,PayU Enterprise,BBAS-INV-947718 PO_B01_004768,411450,8482,0,0,402968,INR,2026-08-02T17:17:00Z,BATCH-BBAS-4768
PO_B01_004769,Stripe India,BLNK-INV-984430 PO_B01_004769,76806,1434,0,0,75372,INR,2026-08-03T20:46:00Z,BATCH-BLNK-4769
PO_B01_004770,Stripe India,ZOMA-INV-612872 PO_B01_004770,49843,1223,0,0,48620,INR,2026-08-03T06:27:00Z,BATCH-ZOMA-4770
PO_B01_004771,Cashfree Escrow,ZOMA-EXC-822126-UNRESOLVED,158176,3153,0,0,155023,INR,2026-08-03T14:03:00Z,HOLD-ESCROW
PO_B01_004772,BillDesk Settlement,MMTR-INV-611596 PO_B01_004772,228814,5318,0,0,223496,INR,2026-08-04T01:20:00Z,BATCH-MMTR-4772
PO_B01_004773,Cashfree Escrow,SWIG-INV-202898 PO_B01_004773,348967,8384,0,0,340583,INR,2026-08-02T19:56:00Z,BATCH-SWIG-4773
PO_B01_004774,PayU Enterprise,NYKA-ORD-976597 NYKA-ORD-188365 NYKA-ORD-168390 BATCH-NYKA-4774,384652,7693,0,0,376959,INR,2026-08-03T08:53:00Z,BATCH-NYKA-4774
PO_B01_004775,Razorpay Nodal,PAYT-INV-309876 PO_B01_004775,160883,3781,0,0,157102,INR,2026-08-03T10:15:00Z,BATCH-PAYT-4775
PO_B01_004776,PayU Enterprise,BKMS-ORD-565258 BKMS-ORD-470269 BKMS-ORD-637342 BATCH-BKMS-4776,253512,5070,0,0,248442,INR,2026-08-03T12:42:00Z,BATCH-BKMS-4776
PO_B01_004777,PayU Enterprise,AMZN-ORD-906710 AMZN-ORD-877767 AMZN-ORD-291276 BATCH-AMZN-4777,222916,4458,0,0,218458,INR,2026-08-02T21:21:00Z,BATCH-AMZN-4777
PO_B01_004778,Razorpay Nodal,PHNP-EXC-368413-UNRESOLVED,269989,5389,0,0,264600,INR,2026-08-03T13:10:00Z,HOLD-ESCROW
PO_B01_004779,BillDesk Settlement,SWIG-INV-605081 PO_B01_004779,93908,1635,0,0,92273,INR,2026-08-03T02:13:00Z,BATCH-SWIG-4779
PO_B01_004780,Cashfree Escrow,FLPK-INV-127423 PO_B01_004780,363390,6072,0,0,357318,INR,2026-08-04T02:07:00Z,BATCH-FLPK-4780
PO_B01_004781,Cashfree Escrow,BBAS-ORD-196457 BBAS-ORD-427432 BBAS-ORD-298142 BATCH-BBAS-4781,394593,7891,0,0,386702,INR,2026-08-03T15:34:00Z,BATCH-BBAS-4781
PO_B01_004782,Stripe India,TATA-INV-267001 PO_B01_004782,153285,2338,0,0,150947,INR,2026-08-04T00:07:00Z,BATCH-TATA-4782
PO_B01_004783,PayU Enterprise,PAYT-EXC-464661-UNRESOLVED,160780,3205,0,0,157575,INR,2026-08-03T16:35:00Z,HOLD-ESCROW
PO_B01_004784,BillDesk Settlement,TATA-INV-277665 PO_B01_004784,209149,3561,0,0,205588,INR,2026-08-03T23:42:00Z,BATCH-TATA-4784
PO_B01_004785,PayU Enterprise,PAYT-INV-860346 PO_B01_004785,208512,5192,0,0,203320,INR,2026-08-03T01:39:00Z,BATCH-PAYT-4785
PO_B01_004786,Cashfree Escrow,ZOMA-INV-162220 PO_B01_004786,125617,2373,0,0,123244,INR,2026-08-03T21:47:00Z,BATCH-ZOMA-4786
PO_B01_004787,Cashfree Escrow,PAYT-INV-884062 PO_B01_004787,354968,5790,0,0,349178,INR,2026-08-03T04:26:00Z,BATCH-PAYT-4787
PO_B01_004788,BillDesk Settlement,BBAS-INV-167599 PO_B01_004788,214679,3403,0,0,211276,INR,2026-08-02T21:59:00Z,BATCH-BBAS-4788
PO_B01_004789,PayU Enterprise,UBER-INV-709792 PO_B01_004789,361815,5720,0,0,356095,INR,2026-08-03T05:07:00Z,BATCH-UBER-4789
PO_B01_004790,PayU Enterprise,UBER-INV-338500 PO_B01_004790,324397,8011,0,0,316386,INR,2026-08-03T11:18:00Z,BATCH-UBER-4790
PO_B01_004791,PayU Enterprise,FLPK-INV-799200 PO_B01_004791,62541,1227,0,0,61314,INR,2026-08-03T04:38:00Z,BATCH-FLPK-4791
PO_B01_004792,Stripe India,BKMS-INV-513898 PO_B01_004792,79094,1342,0,0,77752,INR,2026-08-03T17:04:00Z,BATCH-BKMS-4792
PO_B01_004793,Stripe India,NYKA-INV-889361 PO_B01_004793,203625,4083,0,0,199542,INR,2026-08-03T00:17:00Z,BATCH-NYKA-4793
PO_B01_004794,PayU Enterprise,OLAA-ORD-769527 OLAA-ORD-174967 BATCH-OLAA-4794,215377,4307,0,0,211070,INR,2026-08-02T22:53:00Z,BATCH-OLAA-4794
PO_B01_004795,PayU Enterprise,BKMS-INV-105858 PO_B01_004795,120116,1918,0,0,118198,INR,2026-08-02T22:28:00Z,BATCH-BKMS-4795
PO_B01_004796,BillDesk Settlement,UBER-INV-564930 PO_B01_004796,420370,9980,0,0,410390,INR,2026-08-02T23:28:00Z,BATCH-UBER-4796
PO_B01_004797,BillDesk Settlement,NYKA-INV-329413 PO_B01_004797,341163,6478,0,0,334685,INR,2026-08-03T15:00:00Z,BATCH-NYKA-4797
PO_B01_004798,BillDesk Settlement,PHNP-EXC-864276-UNRESOLVED,205047,4090,0,0,200957,INR,2026-08-03T15:46:00Z,HOLD-ESCROW
PO_B01_004799,BillDesk Settlement,NYKA-INV-121473 PO_B01_004799,437462,9302,0,0,428160,INR,2026-08-02T22:00:00Z,BATCH-NYKA-4799
PO_B01_004800,Stripe India,MMTR-INV-443515 PO_B01_004800,267626,4368,0,0,263258,INR,2026-08-03T12:42:00Z,BATCH-MMTR-4800
PO_B01_004801,Stripe India,BKMS-ORD-292973 BKMS-ORD-563542 BATCH-BKMS-4801,362362,7247,0,0,355115,INR,2026-08-03T05:29:00Z,BATCH-BKMS-4801
PO_B01_004802,Razorpay Nodal,BLNK-INV-829132 PO_B01_004802,343226,7217,0,0,336009,INR,2026-08-03T00:14:00Z,BATCH-BLNK-4802
PO_B01_004803,Razorpay Nodal,AMZN-INV-461935 PO_B01_004803,400940,9501,0,0,391439,INR,2026-08-03T15:34:00Z,BATCH-AMZN-4803
PO_B01_004804,BillDesk Settlement,AMZN-INV-528066 PO_B01_004804,370903,6780,0,0,364123,INR,2026-08-03T07:08:00Z,BATCH-AMZN-4804
PO_B01_004805,Razorpay Nodal,UBER-INV-986849 PO_B01_004805,248760,4494,0,0,244266,INR,2026-08-03T04:35:00Z,BATCH-UBER-4805
PO_B01_004806,Stripe India,BLNK-ORD-219253 BLNK-ORD-263800 BATCH-BLNK-4806,339492,6789,0,0,332703,INR,2026-08-03T18:19:00Z,BATCH-BLNK-4806
PO_B01_004807,Razorpay Nodal,JIOO-INV-704988 PO_B01_004807,78752,1779,0,0,76973,INR,2026-08-03T02:17:00Z,BATCH-JIOO-4807
PO_B01_004808,BillDesk Settlement,BBAS-ORD-311273 BBAS-ORD-451130 BATCH-BBAS-4808,264941,5298,0,0,259643,INR,2026-08-03T19:07:00Z,BATCH-BBAS-4808
PO_B01_004809,Cashfree Escrow,FLPK-INV-308953 PO_B01_004809,141568,2757,0,0,138811,INR,2026-08-03T20:02:00Z,BATCH-FLPK-4809
PO_B01_004810,PayU Enterprise,SWIG-INV-158996 PO_B01_004810,112461,2725,0,0,109736,INR,2026-08-03T11:12:00Z,BATCH-SWIG-4810
PO_B01_004811,Stripe India,BKMS-INV-575543 PO_B01_004811,119328,2164,0,0,117164,INR,2026-08-02T22:14:00Z,BATCH-BKMS-4811
PO_B01_004812,PayU Enterprise,SWIG-INV-125542 PO_B01_004812,374622,6559,0,0,368063,INR,2026-08-03T05:50:00Z,BATCH-SWIG-4812
PO_B01_004813,Stripe India,AMZN-INV-331860 PO_B01_004813,120238,1943,0,0,118295,INR,2026-08-03T01:31:00Z,BATCH-AMZN-4813
PO_B01_004814,BillDesk Settlement,MYNT-INV-274853 PO_B01_004814,420920,9527,0,0,411393,INR,2026-08-04T00:36:00Z,BATCH-MYNT-4814
PO_B01_004815,Razorpay Nodal,AMZN-ORD-339099 AMZN-ORD-909922 BATCH-AMZN-4815,152636,3052,0,0,149584,INR,2026-08-03T02:30:00Z,BATCH-AMZN-4815
PO_B01_004816,Cashfree Escrow,OLAA-INV-530970 PO_B01_004816,341631,7033,0,0,334598,INR,2026-08-03T20:30:00Z,BATCH-OLAA-4816
PO_B01_004817,PayU Enterprise,NYKA-INV-767319 PO_B01_004817,115153,2875,0,0,112278,INR,2026-08-03T07:05:00Z,BATCH-NYKA-4817
PO_B01_004818,Stripe India,PAYT-INV-937421 PO_B01_004818,321204,6994,0,0,314210,INR,2026-08-03T10:32:00Z,BATCH-PAYT-4818
PO_B01_004819,PayU Enterprise,BLNK-ORD-491047 BLNK-ORD-424528 BATCH-BLNK-4819,246893,4937,0,0,241956,INR,2026-08-03T12:08:00Z,BATCH-BLNK-4819
PO_B01_004820,Cashfree Escrow,TATA-INV-647978 PO_B01_004820,110093,2105,0,0,107988,INR,2026-08-02T23:53:00Z,BATCH-TATA-4820
PO_B01_004821,PayU Enterprise,MMTR-INV-355475 PO_B01_004821,329365,5016,0,0,324349,INR,2026-08-03T15:33:00Z,BATCH-MMTR-4821
PO_B01_004822,Razorpay Nodal,PHNP-INV-614818 PO_B01_004822,362322,8644,0,0,353678,INR,2026-08-03T03:25:00Z,BATCH-PHNP-4822
PO_B01_004823,PayU Enterprise,OLAA-INV-369306 PO_B01_004823,363650,6107,0,0,357543,INR,2026-08-03T01:47:00Z,BATCH-OLAA-4823
PO_B01_004824,Cashfree Escrow,ZOMA-INV-828678 PO_B01_004824,70715,1545,0,0,69170,INR,2026-08-03T03:54:00Z,BATCH-ZOMA-4824
PO_B01_004825,Stripe India,FLPK-INV-370193 PO_B01_004825,230400,4134,0,0,226266,INR,2026-08-03T22:30:00Z,BATCH-FLPK-4825
PO_B01_004826,PayU Enterprise,BLNK-INV-326684 PO_B01_004826,205985,4494,0,0,201491,INR,2026-08-03T12:54:00Z,BATCH-BLNK-4826
PO_B01_004827,Cashfree Escrow,SWIG-INV-502417 PO_B01_004827,361247,5948,0,0,355299,INR,2026-08-03T00:54:00Z,BATCH-SWIG-4827
PO_B01_004828,PayU Enterprise,BLNK-INV-727458 PO_B01_004828,443438,8909,0,0,434529,INR,2026-08-03T09:45:00Z,BATCH-BLNK-4828
PO_B01_004829,Razorpay Nodal,TATA-INV-924473 PO_B01_004829,392915,6219,0,0,386696,INR,2026-08-03T04:47:00Z,BATCH-TATA-4829
PO_B01_004830,PayU Enterprise,NYKA-INV-213756 PO_B01_004830,210267,4221,0,0,206046,INR,2026-08-03T04:21:00Z,BATCH-NYKA-4830
PO_B01_004831,BillDesk Settlement,MYNT-ORD-150852 MYNT-ORD-432205 MYNT-ORD-744597 BATCH-MYNT-4831,260361,5207,0,0,255154,INR,2026-08-03T15:13:00Z,BATCH-MYNT-4831
PO_B01_004832,Cashfree Escrow,BLNK-INV-668544 PO_B01_004832,192372,3818,0,0,188554,INR,2026-08-03T09:27:00Z,BATCH-BLNK-4832
PO_B01_004833,Cashfree Escrow,AMZN-ORD-585797 AMZN-ORD-745370 AMZN-ORD-425403 BATCH-AMZN-4833,447996,8959,0,0,439037,INR,2026-08-03T03:35:00Z,BATCH-AMZN-4833
PO_B01_004834,Razorpay Nodal,UBER-INV-317536 PO_B01_004834,122659,2687,0,0,119972,INR,2026-08-03T09:21:00Z,BATCH-UBER-4834
PO_B01_004835,PayU Enterprise,AMZN-ORD-898261 AMZN-ORD-275357 BATCH-AMZN-4835,236065,4721,0,0,231344,INR,2026-08-03T06:38:00Z,BATCH-AMZN-4835
PO_B01_004836,Razorpay Nodal,MYNT-INV-679884 PO_B01_004836,108771,2267,0,0,106504,INR,2026-08-03T18:01:00Z,BATCH-MYNT-4836
PO_B01_004837,Razorpay Nodal,BBAS-ORD-912816 BBAS-ORD-493509 BATCH-BBAS-4837,426275,8525,0,0,417750,INR,2026-08-03T18:38:00Z,BATCH-BBAS-4837
PO_B01_004838,PayU Enterprise,AMZN-INV-747670 PO_B01_004838,51037,1208,0,0,49829,INR,2026-08-03T00:36:00Z,BATCH-AMZN-4838
PO_B01_004839,BillDesk Settlement,MYNT-INV-225834 PO_B01_004839,97198,2292,0,0,94906,INR,2026-08-02T20:20:00Z,BATCH-MYNT-4839
PO_B01_004840,PayU Enterprise,MMTR-INV-989051 PO_B01_004840,271177,5547,0,0,265630,INR,2026-08-03T07:13:00Z,BATCH-MMTR-4840
PO_B01_004841,PayU Enterprise,BLNK-EXC-908687-UNRESOLVED,240307,4796,0,0,235511,INR,2026-08-04T05:47:00Z,HOLD-ESCROW
PO_B01_004842,Stripe India,TATA-INV-474053 PO_B01_004842,389114,8461,0,0,380653,INR,2026-08-03T01:10:00Z,BATCH-TATA-4842
PO_B01_004843,Cashfree Escrow,BLNK-INV-421536 PO_B01_004843,193778,4259,0,0,189519,INR,2026-08-03T04:30:00Z,BATCH-BLNK-4843
PO_B01_004844,Cashfree Escrow,BKMS-INV-881057 PO_B01_004844,401885,8992,0,0,392893,INR,2026-08-02T21:22:00Z,BATCH-BKMS-4844
PO_B01_004845,Cashfree Escrow,TATA-INV-338891 PO_B01_004845,68405,1309,0,0,67096,INR,2026-08-03T02:35:00Z,BATCH-TATA-4845
PO_B01_004846,Stripe India,MMTR-INV-616794 PO_B01_004846,387093,8956,0,0,378137,INR,2026-08-03T10:56:00Z,BATCH-MMTR-4846
PO_B01_004847,BillDesk Settlement,TATA-INV-639545 PO_B01_004847,324525,4918,0,0,319607,INR,2026-08-03T08:45:00Z,BATCH-TATA-4847
PO_B01_004848,Razorpay Nodal,OLAA-INV-345528 PO_B01_004848,29096,474,0,0,28622,INR,2026-08-03T12:05:00Z,BATCH-OLAA-4848
PO_B01_004849,PayU Enterprise,SWIG-INV-767236 PO_B01_004849,77399,1437,0,0,75962,INR,2026-08-03T00:58:00Z,BATCH-SWIG-4849
PO_B01_004850,Cashfree Escrow,FLPK-INV-490814 PO_B01_004850,119732,2089,0,0,117643,INR,2026-08-03T01:46:00Z,BATCH-FLPK-4850
PO_B01_004851,Razorpay Nodal,JIOO-INV-244417 PO_B01_004851,117335,1807,0,0,115528,INR,2026-08-02T23:04:00Z,BATCH-JIOO-4851
PO_B01_004852,Cashfree Escrow,SWIG-INV-344086 PO_B01_004852,376074,8057,0,0,368017,INR,2026-08-03T03:21:00Z,BATCH-SWIG-4852
PO_B01_004853,BillDesk Settlement,BLNK-INV-411446 PO_B01_004853,90436,1626,0,0,88810,INR,2026-08-03T01:11:00Z,BATCH-BLNK-4853
PO_B01_004854,PayU Enterprise,BBAS-ORD-567215 BBAS-ORD-487959 BATCH-BBAS-4854,255239,5104,0,0,250135,INR,2026-08-03T10:18:00Z,BATCH-BBAS-4854
PO_B01_004855,PayU Enterprise,PAYT-ORD-225480 PAYT-ORD-986821 PAYT-ORD-337604 BATCH-PAYT-4855,392764,7855,0,0,384909,INR,2026-08-03T19:30:00Z,BATCH-PAYT-4855
PO_B01_004856,BillDesk Settlement,UBER-INV-524411 PO_B01_004856,326242,5957,0,0,320285,INR,2026-08-03T18:56:00Z,BATCH-UBER-4856
PO_B01_004857,PayU Enterprise,AMZN-INV-724818 PO_B01_004857,292047,6575,0,0,285472,INR,2026-08-03T10:11:00Z,BATCH-AMZN-4857
PO_B01_004858,Razorpay Nodal,NYKA-INV-417579 PO_B01_004858,65843,1257,0,0,64586,INR,2026-08-02T21:26:00Z,BATCH-NYKA-4858
PO_B01_004859,Cashfree Escrow,TATA-INV-705387 PO_B01_004859,426137,7011,0,0,419126,INR,2026-08-03T02:07:00Z,BATCH-TATA-4859
PO_B01_004860,PayU Enterprise,BKMS-INV-772078 PO_B01_004860,435410,9458,0,0,425952,INR,2026-08-03T15:00:00Z,BATCH-BKMS-4860
PO_B01_004861,Razorpay Nodal,SWIG-INV-186267 PO_B01_004861,448149,8757,0,0,439392,INR,2026-08-03T06:34:00Z,BATCH-SWIG-4861
PO_B01_004862,BillDesk Settlement,BLNK-INV-408619 PO_B01_004862,58523,919,0,0,57604,INR,2026-08-03T04:13:00Z,BATCH-BLNK-4862
PO_B01_004863,Stripe India,FLPK-INV-521921 PO_B01_004863,315697,5768,0,0,309929,INR,2026-08-02T20:35:00Z,BATCH-FLPK-4863
PO_B01_004864,BillDesk Settlement,UBER-INV-194886 PO_B01_004864,366661,7062,0,0,359599,INR,2026-08-03T19:54:00Z,BATCH-UBER-4864
PO_B01_004865,Stripe India,SWIG-ORD-740178 SWIG-ORD-797221 SWIG-ORD-574246 BATCH-SWIG-4865,459442,9188,0,0,450254,INR,2026-08-03T09:36:00Z,BATCH-SWIG-4865
PO_B01_004866,Stripe India,SWIG-INV-785750 PO_B01_004866,239663,4662,0,0,235001,INR,2026-08-03T06:20:00Z,BATCH-SWIG-4866
PO_B01_004867,Stripe India,MYNT-ORD-863332 MYNT-ORD-540401 BATCH-MYNT-4867,225232,4504,0,0,220728,INR,2026-08-03T04:37:00Z,BATCH-MYNT-4867
PO_B01_004868,BillDesk Settlement,BKMS-INV-375591 PO_B01_004868,98881,1781,0,0,97100,INR,2026-08-03T14:46:00Z,BATCH-BKMS-4868
PO_B01_004869,Razorpay Nodal,PHNP-INV-657428 PO_B01_004869,265621,5045,0,0,260576,INR,2026-08-03T18:02:00Z,BATCH-PHNP-4869
PO_B01_004870,PayU Enterprise,BKMS-INV-176968 PO_B01_004870,157046,2722,0,0,154324,INR,2026-08-03T05:21:00Z,BATCH-BKMS-4870
PO_B01_004871,Razorpay Nodal,ZOMA-INV-632151 PO_B01_004871,394007,9196,0,0,384811,INR,2026-08-03T01:46:00Z,BATCH-ZOMA-4871
PO_B01_004872,Stripe India,MYNT-INV-966983 PO_B01_004872,208378,3697,0,0,204681,INR,2026-08-03T08:59:00Z,BATCH-MYNT-4872
PO_B01_004873,Razorpay Nodal,BBAS-ORD-513953 BBAS-ORD-151427 BBAS-ORD-262780 BATCH-BBAS-4873,304564,6091,0,0,298473,INR,2026-08-03T04:43:00Z,BATCH-BBAS-4873
PO_B01_004874,Stripe India,UBER-INV-252819 PO_B01_004874,427838,8299,0,0,419539,INR,2026-08-03T05:25:00Z,BATCH-UBER-4874
PO_B01_004875,BillDesk Settlement,BKMS-INV-986665 PO_B01_004875,256787,5119,0,0,251668,INR,2026-08-02T21:36:00Z,BATCH-BKMS-4875
PO_B01_004876,PayU Enterprise,BKMS-INV-450604 PO_B01_004876,284715,6120,0,0,278595,INR,2026-08-03T04:24:00Z,BATCH-BKMS-4876
PO_B01_004877,Cashfree Escrow,MYNT-INV-885646 PO_B01_004877,213138,4942,0,0,208196,INR,2026-08-02T18:06:00Z,BATCH-MYNT-4877
PO_B01_004878,PayU Enterprise,PAYT-INV-742449 PO_B01_004878,396339,8723,0,0,387616,INR,2026-08-03T07:35:00Z,BATCH-PAYT-4878
PO_B01_004879,Stripe India,MMTR-ORD-384127 MMTR-ORD-887419 BATCH-MMTR-4879,308647,6172,0,0,302475,INR,2026-08-03T20:47:00Z,BATCH-MMTR-4879
PO_B01_004880,Cashfree Escrow,UBER-INV-261980 PO_B01_004880,420921,7642,0,0,413279,INR,2026-08-03T04:51:00Z,BATCH-UBER-4880
PO_B01_004881,Stripe India,FLPK-INV-795590 PO_B01_004881,135644,2985,0,0,132659,INR,2026-08-02T23:58:00Z,BATCH-FLPK-4881
PO_B01_004882,BillDesk Settlement,JIOO-EXC-773346-UNRESOLVED,238318,4756,0,0,233562,INR,2026-08-03T11:20:00Z,HOLD-ESCROW
PO_B01_004883,Razorpay Nodal,NYKA-INV-744770 PO_B01_004883,163436,2586,0,0,160850,INR,2026-08-03T07:55:00Z,BATCH-NYKA-4883
PO_B01_004884,PayU Enterprise,OLAA-INV-481192 PO_B01_004884,286315,7050,0,0,279265,INR,2026-08-03T12:54:00Z,BATCH-OLAA-4884
PO_B01_004885,PayU Enterprise,ZOMA-INV-298788 PO_B01_004885,342427,8001,0,0,334426,INR,2026-08-03T12:10:00Z,BATCH-ZOMA-4885
PO_B01_004886,Stripe India,NYKA-INV-231991 PO_B01_004886,132401,2970,0,0,129431,INR,2026-08-03T04:31:00Z,BATCH-NYKA-4886
PO_B01_004887,Razorpay Nodal,MMTR-INV-579358 PO_B01_004887,94292,1509,0,0,92783,INR,2026-08-03T13:36:00Z,BATCH-MMTR-4887
PO_B01_004888,Cashfree Escrow,ZOMA-INV-848113 PO_B01_004888,141806,3137,0,0,138669,INR,2026-08-03T03:21:00Z,BATCH-ZOMA-4888
PO_B01_004889,PayU Enterprise,FLPK-INV-445759 PO_B01_004889,239591,3841,0,0,235750,INR,2026-08-03T07:05:00Z,BATCH-FLPK-4889
PO_B01_004890,Razorpay Nodal,MYNT-INV-621226 PO_B01_004890,40552,718,0,0,39834,INR,2026-08-03T08:42:00Z,BATCH-MYNT-4890
PO_B01_004891,PayU Enterprise,TATA-ORD-646512 TATA-ORD-584216 BATCH-TATA-4891,266645,5332,0,0,261313,INR,2026-08-03T16:26:00Z,BATCH-TATA-4891
PO_B01_004892,Razorpay Nodal,BLNK-INV-311879 PO_B01_004892,294410,6963,0,0,287447,INR,2026-08-03T19:16:00Z,BATCH-BLNK-4892
PO_B01_004893,BillDesk Settlement,BLNK-ORD-115879 BLNK-ORD-716241 BATCH-BLNK-4893,281236,5624,0,0,275612,INR,2026-08-03T10:30:00Z,BATCH-BLNK-4893
PO_B01_004894,Cashfree Escrow,BBAS-INV-939171 PO_B01_004894,191101,4266,0,0,186835,INR,2026-08-03T14:29:00Z,BATCH-BBAS-4894
PO_B01_004895,Stripe India,TATA-INV-800193 PO_B01_004895,60778,1421,0,0,59357,INR,2026-08-03T05:49:00Z,BATCH-TATA-4895
PO_B01_004896,Cashfree Escrow,NYKA-EXC-880599-UNRESOLVED,185038,3690,0,0,181348,INR,2026-08-03T14:13:00Z,HOLD-ESCROW
PO_B01_004897,Stripe India,BBAS-ORD-610794 BBAS-ORD-106777 BATCH-BBAS-4897,275540,5510,0,0,270030,INR,2026-08-03T13:51:00Z,BATCH-BBAS-4897
PO_B01_004898,Cashfree Escrow,MYNT-ORD-667525 MYNT-ORD-687933 BATCH-MYNT-4898,90987,1819,0,0,89168,INR,2026-08-03T19:30:00Z,BATCH-MYNT-4898
PO_B01_004899,Stripe India,BLNK-INV-584205 PO_B01_004899,205532,5120,0,0,200412,INR,2026-08-03T11:32:00Z,BATCH-BLNK-4899
PO_B01_004900,Cashfree Escrow,ZOMA-INV-532470 PO_B01_004900,153405,2846,0,0,150559,INR,2026-08-02T23:41:00Z,BATCH-ZOMA-4900
PO_B01_004901,PayU Enterprise,BKMS-INV-789111 PO_B01_004901,447146,7876,0,0,439270,INR,2026-08-03T01:36:00Z,BATCH-BKMS-4901
PO_B01_004902,Cashfree Escrow,AMZN-INV-256240 PO_B01_004902,382333,7450,0,0,374883,INR,2026-08-03T08:33:00Z,BATCH-AMZN-4902
PO_B01_004903,Razorpay Nodal,ZOMA-INV-448138 PO_B01_004903,107026,2435,0,0,104591,INR,2026-08-03T10:16:00Z,BATCH-ZOMA-4903
PO_B01_004904,Razorpay Nodal,BKMS-INV-944392 PO_B01_004904,41377,940,0,0,40437,INR,2026-08-03T11:03:00Z,BATCH-BKMS-4904
PO_B01_004905,Stripe India,BBAS-ORD-862468 BBAS-ORD-802281 BATCH-BBAS-4905,166767,3335,0,0,163432,INR,2026-08-03T04:04:00Z,BATCH-BBAS-4905
PO_B01_004906,Razorpay Nodal,ZOMA-INV-171495 PO_B01_004906,135984,3354,0,0,132630,INR,2026-08-03T19:00:00Z,BATCH-ZOMA-4906
PO_B01_004907,BillDesk Settlement,NYKA-ORD-223544 NYKA-ORD-159736 BATCH-NYKA-4907,204432,4088,0,0,200344,INR,2026-08-03T15:33:00Z,BATCH-NYKA-4907
PO_B01_004908,PayU Enterprise,AMZN-EXC-576932-UNRESOLVED,288227,5754,0,0,282473,INR,2026-08-03T23:12:00Z,HOLD-ESCROW
PO_B01_004909,PayU Enterprise,BKMS-INV-549976 PO_B01_004909,296700,5301,0,0,291399,INR,2026-08-03T08:10:00Z,BATCH-BKMS-4909
PO_B01_004910,PayU Enterprise,JIOO-INV-647425 PO_B01_004910,342529,5510,0,0,337019,INR,2026-08-03T03:23:00Z,BATCH-JIOO-4910
PO_B01_004911,Cashfree Escrow,OLAA-INV-212759 PO_B01_004911,110455,2457,0,0,107998,INR,2026-08-02T20:35:00Z,BATCH-OLAA-4911
PO_B01_004912,Razorpay Nodal,MYNT-INV-116472 PO_B01_004912,266441,6572,0,0,259869,INR,2026-08-02T22:47:00Z,BATCH-MYNT-4912
PO_B01_004913,PayU Enterprise,PHNP-INV-247548 PO_B01_004913,162708,3706,0,0,159002,INR,2026-08-03T19:27:00Z,BATCH-PHNP-4913
PO_B01_004914,Cashfree Escrow,PAYT-INV-485234 PO_B01_004914,152460,2801,0,0,149659,INR,2026-08-03T12:14:00Z,BATCH-PAYT-4914
PO_B01_004915,Razorpay Nodal,ZOMA-INV-114613 PO_B01_004915,103572,2441,0,0,101131,INR,2026-08-03T06:34:00Z,BATCH-ZOMA-4915
PO_B01_004916,Razorpay Nodal,AMZN-INV-438661 PO_B01_004916,347939,6970,0,0,340969,INR,2026-08-03T04:25:00Z,BATCH-AMZN-4916
PO_B01_004917,PayU Enterprise,BBAS-INV-730704 PO_B01_004917,245822,4886,0,0,240936,INR,2026-08-03T13:19:00Z,BATCH-BBAS-4917
PO_B01_004918,BillDesk Settlement,ZOMA-INV-179693 PO_B01_004918,367828,7687,0,0,360141,INR,2026-08-02T22:50:00Z,BATCH-ZOMA-4918
PO_B01_004919,Stripe India,MYNT-ORD-747879 MYNT-ORD-438694 MYNT-ORD-438610 BATCH-MYNT-4919,467616,9352,0,0,458264,INR,2026-08-03T09:29:00Z,BATCH-MYNT-4919
PO_B01_004920,Cashfree Escrow,NYKA-INV-381583 PO_B01_004920,377070,7756,0,0,369314,INR,2026-08-03T05:23:00Z,BATCH-NYKA-4920
PO_B01_004921,Stripe India,BKMS-INV-819110 PO_B01_004921,138356,3238,0,0,135118,INR,2026-08-03T10:28:00Z,BATCH-BKMS-4921
PO_B01_004922,Stripe India,NYKA-INV-694695 PO_B01_004922,58692,1456,0,0,57236,INR,2026-08-03T01:05:00Z,BATCH-NYKA-4922
PO_B01_004923,Stripe India,BBAS-ORD-650358 BBAS-ORD-874290 BBAS-ORD-516544 BATCH-BBAS-4923,298937,5978,0,0,292959,INR,2026-08-03T20:27:00Z,BATCH-BBAS-4923
PO_B01_004924,BillDesk Settlement,UBER-INV-258837 PO_B01_004924,368981,7811,0,0,361170,INR,2026-08-03T19:40:00Z,BATCH-UBER-4924
PO_B01_004925,BillDesk Settlement,ZOMA-INV-972022 PO_B01_004925,198309,3735,0,0,194574,INR,2026-08-03T00:40:00Z,BATCH-ZOMA-4925
PO_B01_004926,PayU Enterprise,ZOMA-INV-533566 PO_B01_004926,372712,6628,0,0,366084,INR,2026-08-03T12:49:00Z,BATCH-ZOMA-4926
PO_B01_004927,Cashfree Escrow,BKMS-INV-803429 PO_B01_004927,239944,5836,0,0,234108,INR,2026-08-03T14:18:00Z,BATCH-BKMS-4927
PO_B01_004928,PayU Enterprise,SWIG-INV-939016 PO_B01_004928,391620,7566,0,0,384054,INR,2026-08-03T11:58:00Z,BATCH-SWIG-4928
PO_B01_004929,Razorpay Nodal,TATA-ORD-667597 TATA-ORD-576298 TATA-ORD-675159 BATCH-TATA-4929,233108,4662,0,0,228446,INR,2026-08-03T18:36:00Z,BATCH-TATA-4929
PO_B01_004930,Razorpay Nodal,UBER-INV-889510 PO_B01_004930,69707,1469,0,0,68238,INR,2026-08-03T19:15:00Z,BATCH-UBER-4930
PO_B01_004931,Stripe India,MYNT-EXC-531584-UNRESOLVED,231162,4613,0,0,226549,INR,2026-08-03T23:33:00Z,HOLD-ESCROW
PO_B01_004932,PayU Enterprise,AMZN-INV-743284 PO_B01_004932,86030,2081,0,0,83949,INR,2026-08-03T16:31:00Z,BATCH-AMZN-4932
PO_B01_004933,BillDesk Settlement,MMTR-INV-952232 PO_B01_004933,439831,10784,0,0,429047,INR,2026-08-03T01:38:00Z,BATCH-MMTR-4933
PO_B01_004934,BillDesk Settlement,BBAS-INV-285491 PO_B01_004934,313949,5222,0,0,308727,INR,2026-08-02T21:05:00Z,BATCH-BBAS-4934
PO_B01_004935,Cashfree Escrow,UBER-EXC-588776-UNRESOLVED,135461,2699,0,0,132762,INR,2026-08-03T21:00:00Z,HOLD-ESCROW
PO_B01_004936,Cashfree Escrow,MMTR-INV-365326 PO_B01_004936,189241,3060,0,0,186181,INR,2026-08-03T04:26:00Z,BATCH-MMTR-4936
PO_B01_004937,Cashfree Escrow,FLPK-ORD-966328 FLPK-ORD-650283 FLPK-ORD-507663 BATCH-FLPK-4937,255045,5100,0,0,249945,INR,2026-08-03T12:44:00Z,BATCH-FLPK-4937
PO_B01_004938,Cashfree Escrow,MYNT-INV-551173 PO_B01_004938,139405,3316,0,0,136089,INR,2026-08-03T07:46:00Z,BATCH-MYNT-4938
PO_B01_004939,Razorpay Nodal,SWIG-INV-988176 PO_B01_004939,38829,719,0,0,38110,INR,2026-08-03T16:16:00Z,BATCH-SWIG-4939
PO_B01_004940,Stripe India,NYKA-INV-371510 PO_B01_004940,213005,3431,0,0,209574,INR,2026-08-03T16:40:00Z,BATCH-NYKA-4940
PO_B01_004941,Razorpay Nodal,BBAS-INV-806677 PO_B01_004941,271557,5202,0,0,266355,INR,2026-08-03T00:19:00Z,BATCH-BBAS-4941
PO_B01_004942,Razorpay Nodal,BLNK-ORD-592942 BLNK-ORD-386871 BATCH-BLNK-4942,163830,3276,0,0,160554,INR,2026-08-03T06:55:00Z,BATCH-BLNK-4942
PO_B01_004943,Stripe India,BLNK-INV-274188 PO_B01_004943,56912,1226,0,0,55686,INR,2026-08-03T11:00:00Z,BATCH-BLNK-4943
PO_B01_004944,Stripe India,MMTR-INV-964187 PO_B01_004944,40498,835,0,0,39663,INR,2026-08-03T07:53:00Z,BATCH-MMTR-4944
PO_B01_004945,Razorpay Nodal,MYNT-INV-474970 PO_B01_004945,146847,2384,0,0,144463,INR,2026-08-03T00:19:00Z,BATCH-MYNT-4945
PO_B01_004946,Cashfree Escrow,FLPK-ORD-940812 FLPK-ORD-446125 BATCH-FLPK-4946,294912,5898,0,0,289014,INR,2026-08-03T01:02:00Z,BATCH-FLPK-4946
PO_B01_004947,PayU Enterprise,AMZN-INV-898080 PO_B01_004947,163150,2494,0,0,160656,INR,2026-08-03T12:56:00Z,BATCH-AMZN-4947
PO_B01_004948,Stripe India,BLNK-ORD-321324 BLNK-ORD-755543 BATCH-BLNK-4948,277570,5551,0,0,272019,INR,2026-08-03T14:21:00Z,BATCH-BLNK-4948
PO_B01_004949,Cashfree Escrow,TATA-INV-409656 PO_B01_004949,210230,3658,0,0,206572,INR,2026-08-03T22:19:00Z,BATCH-TATA-4949
PO_B01_004950,Razorpay Nodal,MMTR-EXC-984366-UNRESOLVED,300268,5995,0,0,294273,INR,2026-08-03T20:52:00Z,HOLD-ESCROW
PO_B01_004951,Razorpay Nodal,MYNT-INV-854496 PO_B01_004951,97486,1539,0,0,95947,INR,2026-08-03T14:50:00Z,BATCH-MYNT-4951
PO_B01_004952,Cashfree Escrow,BBAS-INV-274760 PO_B01_004952,153671,3249,0,0,150422,INR,2026-08-03T18:37:00Z,BATCH-BBAS-4952
PO_B01_004953,Razorpay Nodal,ZOMA-INV-589745 PO_B01_004953,383380,6343,0,0,377037,INR,2026-08-03T06:19:00Z,BATCH-ZOMA-4953
PO_B01_004954,BillDesk Settlement,BLNK-EXC-873475-UNRESOLVED,280505,5600,0,0,274905,INR,2026-08-03T11:38:00Z,HOLD-ESCROW
PO_B01_004955,Razorpay Nodal,BKMS-INV-479111 PO_B01_004955,63370,1131,0,0,62239,INR,2026-08-03T02:38:00Z,BATCH-BKMS-4955
PO_B01_004956,BillDesk Settlement,PAYT-INV-729386 PO_B01_004956,71783,1493,0,0,70290,INR,2026-08-02T22:08:00Z,BATCH-PAYT-4956
PO_B01_004957,Razorpay Nodal,PHNP-INV-956455 PO_B01_004957,118058,2888,0,0,115170,INR,2026-08-02T22:13:00Z,BATCH-PHNP-4957
PO_B01_004958,Stripe India,NYKA-ORD-214424 NYKA-ORD-988762 BATCH-NYKA-4958,257373,5147,0,0,252226,INR,2026-08-03T05:59:00Z,BATCH-NYKA-4958
PO_B01_004959,PayU Enterprise,TATA-INV-792597 PO_B01_004959,430908,10432,0,0,420476,INR,2026-08-03T18:07:00Z,BATCH-TATA-4959
PO_B01_004960,BillDesk Settlement,AMZN-INV-869501 PO_B01_004960,186558,3060,0,0,183498,INR,2026-08-03T10:02:00Z,BATCH-AMZN-4960
PO_B01_004961,BillDesk Settlement,ZOMA-ORD-659201 ZOMA-ORD-643350 ZOMA-ORD-795495 BATCH-ZOMA-4961,487767,9755,0,0,478012,INR,2026-08-02T22:35:00Z,BATCH-ZOMA-4961
PO_B01_004962,Stripe India,BLNK-INV-659979 PO_B01_004962,345425,7899,0,0,337526,INR,2026-08-03T07:49:00Z,BATCH-BLNK-4962
PO_B01_004963,Razorpay Nodal,AMZN-INV-476063 PO_B01_004963,339564,5529,0,0,334035,INR,2026-08-03T11:32:00Z,BATCH-AMZN-4963
PO_B01_004964,Cashfree Escrow,ZOMA-EXC-664512-UNRESOLVED,235653,4703,0,0,230950,INR,2026-08-03T17:10:00Z,HOLD-ESCROW
PO_B01_004965,Razorpay Nodal,BBAS-ORD-288132 BBAS-ORD-946724 BATCH-BBAS-4965,319820,6396,0,0,313424,INR,2026-08-03T07:24:00Z,BATCH-BBAS-4965
PO_B01_004966,Cashfree Escrow,BKMS-ORD-699496 BKMS-ORD-596268 BATCH-BKMS-4966,137359,2747,0,0,134612,INR,2026-08-03T17:29:00Z,BATCH-BKMS-4966
PO_B01_004967,PayU Enterprise,UBER-ORD-595556 UBER-ORD-951485 BATCH-UBER-4967,436080,8721,0,0,427359,INR,2026-08-03T12:01:00Z,BATCH-UBER-4967
PO_B01_004968,PayU Enterprise,AMZN-INV-697252 PO_B01_004968,189382,4053,0,0,185329,INR,2026-08-03T13:50:00Z,BATCH-AMZN-4968
PO_B01_004969,PayU Enterprise,OLAA-ORD-359868 OLAA-ORD-817807 BATCH-OLAA-4969,184723,3694,0,0,181029,INR,2026-08-03T13:00:00Z,BATCH-OLAA-4969
PO_B01_004970,PayU Enterprise,FLPK-INV-238289 PO_B01_004970,205303,3171,0,0,202132,INR,2026-08-03T03:33:00Z,BATCH-FLPK-4970
PO_B01_004971,Cashfree Escrow,PHNP-INV-439661 PO_B01_004971,321585,6014,0,0,315571,INR,2026-08-03T09:13:00Z,BATCH-PHNP-4971
PO_B01_004972,PayU Enterprise,BLNK-INV-302916 PO_B01_004972,217230,4057,0,0,213173,INR,2026-08-03T01:16:00Z,BATCH-BLNK-4972
PO_B01_004973,Stripe India,PHNP-ORD-580308 PHNP-ORD-940996 BATCH-PHNP-4973,276962,5539,0,0,271423,INR,2026-08-03T02:32:00Z,BATCH-PHNP-4973
PO_B01_004974,Razorpay Nodal,NYKA-ORD-910685 NYKA-ORD-108804 BATCH-NYKA-4974,328201,6564,0,0,321637,INR,2026-08-03T09:19:00Z,BATCH-NYKA-4974
PO_B01_004975,BillDesk Settlement,UBER-INV-670108 PO_B01_004975,313348,4709,0,0,308639,INR,2026-08-03T04:19:00Z,BATCH-UBER-4975
PO_B01_004976,Razorpay Nodal,BKMS-ORD-180607 BKMS-ORD-123002 BATCH-BKMS-4976,339298,6785,0,0,332513,INR,2026-08-03T11:37:00Z,BATCH-BKMS-4976
PO_B01_004977,Cashfree Escrow,SWIG-INV-556449 PO_B01_004977,285780,4621,0,0,281159,INR,2026-08-02T21:13:00Z,BATCH-SWIG-4977
PO_B01_004978,Razorpay Nodal,PHNP-ORD-480271 PHNP-ORD-110672 BATCH-PHNP-4978,405824,8116,0,0,397708,INR,2026-08-03T03:56:00Z,BATCH-PHNP-4978
PO_B01_004979,PayU Enterprise,ZOMA-INV-519669 PO_B01_004979,31009,580,0,0,30429,INR,2026-08-03T03:47:00Z,BATCH-ZOMA-4979
PO_B01_004980,PayU Enterprise,MMTR-ORD-966785 MMTR-ORD-665801 BATCH-MMTR-4980,407678,8153,0,0,399525,INR,2026-08-02T22:38:00Z,BATCH-MMTR-4980
PO_B01_004981,Stripe India,FLPK-EXC-671182-UNRESOLVED,183059,3651,0,0,179408,INR,2026-08-03T13:59:00Z,HOLD-ESCROW
PO_B01_004982,Stripe India,BKMS-INV-464398 PO_B01_004982,330282,6143,0,0,324139,INR,2026-08-03T05:54:00Z,BATCH-BKMS-4982
PO_B01_004983,Razorpay Nodal,MYNT-INV-635383 PO_B01_004983,327404,6326,0,0,321078,INR,2026-08-03T20:55:00Z,BATCH-MYNT-4983
PO_B01_004984,Cashfree Escrow,NYKA-EXC-532035-UNRESOLVED,253147,5052,0,0,248095,INR,2026-08-03T11:50:00Z,HOLD-ESCROW
PO_B01_004985,BillDesk Settlement,TATA-INV-849636 PO_B01_004985,410344,8525,0,0,401819,INR,2026-08-03T04:44:00Z,BATCH-TATA-4985
PO_B01_004986,Razorpay Nodal,PHNP-ORD-354879 PHNP-ORD-887214 BATCH-PHNP-4986,193352,3867,0,0,189485,INR,2026-08-02T23:45:00Z,BATCH-PHNP-4986
PO_B01_004987,Razorpay Nodal,OLAA-INV-398224 PO_B01_004987,287706,5576,0,0,282130,INR,2026-08-03T20:44:00Z,BATCH-OLAA-4987
PO_B01_004988,BillDesk Settlement,AMZN-EXC-118585-UNRESOLVED,273185,5453,0,0,267732,INR,2026-08-04T01:54:00Z,HOLD-ESCROW
PO_B01_004989,BillDesk Settlement,TATA-ORD-506765 TATA-ORD-630331 BATCH-TATA-4989,165958,3319,0,0,162639,INR,2026-08-03T12:20:00Z,BATCH-TATA-4989
PO_B01_004990,Cashfree Escrow,OLAA-INV-906343 PO_B01_004990,416628,9662,0,0,406966,INR,2026-08-03T09:56:00Z,BATCH-OLAA-4990
PO_B01_004991,Razorpay Nodal,PHNP-INV-291296 PO_B01_004991,45268,1126,0,0,44142,INR,2026-08-03T13:08:00Z,BATCH-PHNP-4991
PO_B01_004992,BillDesk Settlement,TATA-INV-615120 PO_B01_004992,234011,5569,0,0,228442,INR,2026-08-02T23:31:00Z,BATCH-TATA-4992
PO_B01_004993,BillDesk Settlement,ZOMA-INV-436245 PO_B01_004993,392036,7478,0,0,384558,INR,2026-08-03T14:34:00Z,BATCH-ZOMA-4993
PO_B01_004994,Razorpay Nodal,UBER-INV-484940 PO_B01_004994,196688,4325,0,0,192363,INR,2026-08-03T12:05:00Z,BATCH-UBER-4994
PO_B01_004995,Razorpay Nodal,FLPK-INV-122193 PO_B01_004995,92641,2062,0,0,90579,INR,2026-08-03T08:30:00Z,BATCH-FLPK-4995
PO_B01_004996,BillDesk Settlement,AMZN-INV-676575 PO_B01_004996,158822,3640,0,0,155182,INR,2026-08-03T07:39:00Z,BATCH-AMZN-4996
PO_B01_004997,Razorpay Nodal,ZOMA-INV-549021 PO_B01_004997,37271,677,0,0,36594,INR,2026-08-03T16:53:00Z,BATCH-ZOMA-4997
PO_B01_004998,Cashfree Escrow,FLPK-ORD-838805 FLPK-ORD-827001 FLPK-ORD-688371 BATCH-FLPK-4998,484342,9686,0,0,474656,INR,2026-08-02T21:33:00Z,BATCH-FLPK-4998
PO_B01_004999,Cashfree Escrow,AMZN-INV-754339 PO_B01_004999,390815,6594,0,0,384221,INR,2026-08-03T06:36:00Z,BATCH-AMZN-4999
PO_B01_005000,Cashfree Escrow,UBER-INV-469383 PO_B01_005000,446964,10944,0,0,436020,INR,2026-08-03T16:39:00Z,BATCH-UBER-5000
PO_B01_005001,Stripe India,SWIG-INV-969191 PO_B01_005001,248599,3821,0,0,244778,INR,2026-08-03T17:14:00Z,BATCH-SWIG-5001
PO_B01_005002,Stripe India,UBER-INV-402040 PO_B01_005002,159477,2775,0,0,156702,INR,2026-08-03T13:30:00Z,BATCH-UBER-5002
PO_B01_005003,BillDesk Settlement,BLNK-INV-736667 PO_B01_005003,374039,6538,0,0,367501,INR,2026-08-02T23:07:00Z,BATCH-BLNK-5003
PO_B01_005004,BillDesk Settlement,OLAA-INV-350473 PO_B01_005004,356911,5891,0,0,351020,INR,2026-08-03T02:26:00Z,BATCH-OLAA-5004
PO_B01_005005,PayU Enterprise,MMTR-INV-131540 PO_B01_005005,278870,4676,0,0,274194,INR,2026-08-03T21:29:00Z,BATCH-MMTR-5005
PO_B01_005006,BillDesk Settlement,TATA-INV-201918 PO_B01_005006,153607,3310,0,0,150297,INR,2026-08-03T08:06:00Z,BATCH-TATA-5006
PO_B01_005007,Cashfree Escrow,FLPK-ORD-362292 FLPK-ORD-389910 FLPK-ORD-937245 BATCH-FLPK-5007,279729,5594,0,0,274135,INR,2026-08-03T16:06:00Z,BATCH-FLPK-5007
PO_B01_005008,PayU Enterprise,OLAA-INV-734182 PO_B01_005008,73598,1426,0,0,72172,INR,2026-08-03T12:58:00Z,BATCH-OLAA-5008
PO_B01_005009,Cashfree Escrow,MYNT-INV-325392 PO_B01_005009,114097,2650,0,0,111447,INR,2026-08-03T04:08:00Z,BATCH-MYNT-5009
PO_B01_005010,Cashfree Escrow,BBAS-INV-737693 PO_B01_005010,438168,10433,0,0,427735,INR,2026-08-03T15:17:00Z,BATCH-BBAS-5010
PO_B01_005011,BillDesk Settlement,BBAS-INV-894646 PO_B01_005011,224051,4246,0,0,219805,INR,2026-08-03T11:27:00Z,BATCH-BBAS-5011
PO_B01_005012,BillDesk Settlement,MMTR-ORD-229055 MMTR-ORD-194473 BATCH-MMTR-5012,377573,7551,0,0,370022,INR,2026-08-02T22:18:00Z,BATCH-MMTR-5012
PO_B01_005013,Cashfree Escrow,PAYT-ORD-527582 PAYT-ORD-341511 PAYT-ORD-211018 BATCH-PAYT-5013,309011,6180,0,0,302831,INR,2026-08-02T22:03:00Z,BATCH-PAYT-5013
PO_B01_005014,Razorpay Nodal,MYNT-INV-274993 PO_B01_005014,99450,2279,0,0,97171,INR,2026-08-03T10:24:00Z,BATCH-MYNT-5014
PO_B01_005015,Cashfree Escrow,MMTR-INV-810415 PO_B01_005015,227731,3916,0,0,223815,INR,2026-08-03T04:18:00Z,BATCH-MMTR-5015
PO_B01_005016,PayU Enterprise,PAYT-INV-456553 PO_B01_005016,313505,4869,0,0,308636,INR,2026-08-03T06:00:00Z,BATCH-PAYT-5016
PO_B01_005017,Razorpay Nodal,MYNT-INV-750624 PO_B01_005017,401338,8317,0,0,393021,INR,2026-08-03T07:31:00Z,BATCH-MYNT-5017
PO_B01_005018,Stripe India,AMZN-INV-953181 PO_B01_005018,302756,4759,0,0,297997,INR,2026-08-03T14:57:00Z,BATCH-AMZN-5018
PO_B01_005019,PayU Enterprise,FLPK-INV-705532 PO_B01_005019,371897,6275,0,0,365622,INR,2026-08-02T22:15:00Z,BATCH-FLPK-5019
PO_B01_005020,PayU Enterprise,NYKA-INV-777417 PO_B01_005020,304242,4805,0,0,299437,INR,2026-08-03T14:24:00Z,BATCH-NYKA-5020
PO_B01_005021,BillDesk Settlement,MMTR-EXC-415841-UNRESOLVED,256411,5118,0,0,251293,INR,2026-08-03T19:05:00Z,HOLD-ESCROW
PO_B01_005022,PayU Enterprise,JIOO-ORD-987483 JIOO-ORD-192254 BATCH-JIOO-5022,70205,1404,0,0,68801,INR,2026-08-03T08:04:00Z,BATCH-JIOO-5022
PO_B01_005023,Stripe India,TATA-INV-257375 PO_B01_005023,269465,5826,0,0,263639,INR,2026-08-03T00:18:00Z,BATCH-TATA-5023
PO_B01_005024,Stripe India,UBER-INV-952224 PO_B01_005024,116379,2099,0,0,114280,INR,2026-08-03T19:06:00Z,BATCH-UBER-5024
PO_B01_005025,BillDesk Settlement,BBAS-INV-248968 PO_B01_005025,196975,3231,0,0,193744,INR,2026-08-03T14:55:00Z,BATCH-BBAS-5025
PO_B01_005026,BillDesk Settlement,TATA-INV-188605 PO_B01_005026,127836,2480,0,0,125356,INR,2026-08-03T08:40:00Z,BATCH-TATA-5026
PO_B01_005027,Cashfree Escrow,AMZN-INV-922608 PO_B01_005027,174862,3086,0,0,171776,INR,2026-08-03T13:57:00Z,BATCH-AMZN-5027
PO_B01_005028,Razorpay Nodal,FLPK-INV-762079 PO_B01_005028,260553,4338,0,0,256215,INR,2026-08-03T15:40:00Z,BATCH-FLPK-5028
PO_B01_005029,Stripe India,OLAA-ORD-848088 OLAA-ORD-297944 OLAA-ORD-517179 BATCH-OLAA-5029,238688,4773,0,0,233915,INR,2026-08-02T21:57:00Z,BATCH-OLAA-5029
PO_B01_005030,Razorpay Nodal,AMZN-INV-675898 PO_B01_005030,286523,5811,0,0,280712,INR,2026-08-03T14:14:00Z,BATCH-AMZN-5030
PO_B01_005031,BillDesk Settlement,ZOMA-INV-440593 PO_B01_005031,252617,4176,0,0,248441,INR,2026-08-02T19:48:00Z,BATCH-ZOMA-5031
PO_B01_005032,BillDesk Settlement,BKMS-INV-182823 PO_B01_005032,205865,3646,0,0,202219,INR,2026-08-03T15:40:00Z,BATCH-BKMS-5032
PO_B01_005033,PayU Enterprise,BLNK-ORD-279795 BLNK-ORD-642148 BATCH-BLNK-5033,294695,5893,0,0,288802,INR,2026-08-03T20:18:00Z,BATCH-BLNK-5033
PO_B01_005034,Razorpay Nodal,SWIG-INV-427236 PO_B01_005034,40674,676,0,0,39998,INR,2026-08-03T01:33:00Z,BATCH-SWIG-5034
PO_B01_005035,BillDesk Settlement,JIOO-INV-120062 PO_B01_005035,384260,6244,0,0,378016,INR,2026-08-03T11:21:00Z,BATCH-JIOO-5035
PO_B01_005036,Razorpay Nodal,UBER-INV-475323 PO_B01_005036,39146,820,0,0,38326,INR,2026-08-03T13:06:00Z,BATCH-UBER-5036
PO_B01_005037,Razorpay Nodal,FLPK-ORD-743584 FLPK-ORD-114128 BATCH-FLPK-5037,233984,4679,0,0,229305,INR,2026-08-02T22:08:00Z,BATCH-FLPK-5037
PO_B01_005038,BillDesk Settlement,PHNP-INV-103917 PO_B01_005038,216239,4912,0,0,211327,INR,2026-08-03T01:38:00Z,BATCH-PHNP-5038
PO_B01_005039,Cashfree Escrow,PAYT-ORD-991465 PAYT-ORD-344579 BATCH-PAYT-5039,416109,8322,0,0,407787,INR,2026-08-02T21:02:00Z,BATCH-PAYT-5039
PO_B01_005040,Razorpay Nodal,MMTR-INV-674829 PO_B01_005040,85308,1737,0,0,83571,INR,2026-08-03T05:30:00Z,BATCH-MMTR-5040
PO_B01_005041,Razorpay Nodal,ZOMA-INV-753810 PO_B01_005041,69373,1297,0,0,68076,INR,2026-08-03T20:17:00Z,BATCH-ZOMA-5041
PO_B01_005042,Cashfree Escrow,SWIG-INV-640012 PO_B01_005042,384819,6941,0,0,377878,INR,2026-08-03T05:30:00Z,BATCH-SWIG-5042
PO_B01_005043,PayU Enterprise,BLNK-INV-908142 PO_B01_005043,426215,9009,0,0,417206,INR,2026-08-03T16:02:00Z,BATCH-BLNK-5043
PO_B01_005044,PayU Enterprise,ZOMA-INV-371914 PO_B01_005044,392579,8745,0,0,383834,INR,2026-08-02T16:29:00Z,BATCH-ZOMA-5044
PO_B01_005045,Razorpay Nodal,NYKA-INV-658304 PO_B01_005045,234749,5291,0,0,229458,INR,2026-08-03T03:36:00Z,BATCH-NYKA-5045
PO_B01_005046,Cashfree Escrow,UBER-INV-937038 PO_B01_005046,449140,10790,0,0,438350,INR,2026-08-03T14:55:00Z,BATCH-UBER-5046
PO_B01_005047,Cashfree Escrow,JIOO-INV-630183 PO_B01_005047,318042,6629,0,0,311413,INR,2026-08-03T14:22:00Z,BATCH-JIOO-5047
PO_B01_005048,BillDesk Settlement,PAYT-INV-737363 PO_B01_005048,91960,1894,0,0,90066,INR,2026-08-03T22:29:00Z,BATCH-PAYT-5048
PO_B01_005049,BillDesk Settlement,ZOMA-INV-860106 PO_B01_005049,166652,3883,0,0,162769,INR,2026-08-02T19:30:00Z,BATCH-ZOMA-5049
PO_B01_005050,Cashfree Escrow,BLNK-INV-455587 PO_B01_005050,430759,9329,0,0,421430,INR,2026-08-03T07:14:00Z,BATCH-BLNK-5050
PO_B01_005051,Cashfree Escrow,SWIG-INV-637841 PO_B01_005051,303782,5671,0,0,298111,INR,2026-08-03T06:05:00Z,BATCH-SWIG-5051
PO_B01_005052,Razorpay Nodal,BLNK-INV-425997 PO_B01_005052,208842,5009,0,0,203833,INR,2026-08-03T08:18:00Z,BATCH-BLNK-5052
PO_B01_005053,Cashfree Escrow,UBER-INV-631920 PO_B01_005053,395056,9792,0,0,385264,INR,2026-08-03T04:58:00Z,BATCH-UBER-5053
PO_B01_005054,Razorpay Nodal,ZOMA-INV-724649 PO_B01_005054,195550,4740,0,0,190810,INR,2026-08-03T13:42:00Z,BATCH-ZOMA-5054
PO_B01_005055,PayU Enterprise,FLPK-INV-159324 PO_B01_005055,401790,8192,0,0,393598,INR,2026-08-03T23:39:00Z,BATCH-FLPK-5055
PO_B01_005056,BillDesk Settlement,BBAS-ORD-401258 BBAS-ORD-215712 BBAS-ORD-455804 BATCH-BBAS-5056,590293,11805,0,0,578488,INR,2026-08-03T11:52:00Z,BATCH-BBAS-5056
PO_B01_005057,Stripe India,ZOMA-ORD-111797 ZOMA-ORD-226071 ZOMA-ORD-981332 BATCH-ZOMA-5057,503505,10070,0,0,493435,INR,2026-08-03T15:08:00Z,BATCH-ZOMA-5057
PO_B01_005058,BillDesk Settlement,FLPK-ORD-439045 FLPK-ORD-688353 FLPK-ORD-216794 BATCH-FLPK-5058,629790,12595,0,0,617195,INR,2026-08-03T13:41:00Z,BATCH-FLPK-5058
PO_B01_005059,PayU Enterprise,BLNK-INV-911413 PO_B01_005059,301067,5097,0,0,295970,INR,2026-08-03T14:45:00Z,BATCH-BLNK-5059
PO_B01_005060,PayU Enterprise,FLPK-INV-866705 PO_B01_005060,304098,6194,0,0,297904,INR,2026-08-03T09:40:00Z,BATCH-FLPK-5060
PO_B01_005061,Razorpay Nodal,SWIG-EXC-934941-UNRESOLVED,284621,5682,0,0,278939,INR,2026-08-04T02:51:00Z,HOLD-ESCROW
PO_B01_005062,Cashfree Escrow,FLPK-INV-189346 PO_B01_005062,28856,642,0,0,28214,INR,2026-08-03T21:35:00Z,BATCH-FLPK-5062
PO_B01_005063,BillDesk Settlement,OLAA-INV-636674 PO_B01_005063,273415,4518,0,0,268897,INR,2026-08-02T21:33:00Z,BATCH-OLAA-5063
PO_B01_005064,Cashfree Escrow,JIOO-ORD-647952 JIOO-ORD-207873 BATCH-JIOO-5064,392504,7850,0,0,384654,INR,2026-08-02T22:18:00Z,BATCH-JIOO-5064
PO_B01_005065,Razorpay Nodal,JIOO-INV-585168 PO_B01_005065,439767,8136,0,0,431631,INR,2026-08-03T13:25:00Z,BATCH-JIOO-5065
PO_B01_005066,Stripe India,SWIG-ORD-195989 SWIG-ORD-102248 BATCH-SWIG-5066,320964,6419,0,0,314545,INR,2026-08-03T17:58:00Z,BATCH-SWIG-5066
PO_B01_005067,Razorpay Nodal,PHNP-INV-538283 PO_B01_005067,261420,5803,0,0,255617,INR,2026-08-03T17:43:00Z,BATCH-PHNP-5067
PO_B01_005068,PayU Enterprise,PAYT-INV-794053 PO_B01_005068,404077,8854,0,0,395223,INR,2026-08-03T00:17:00Z,BATCH-PAYT-5068
PO_B01_005069,Razorpay Nodal,BBAS-ORD-192963 BBAS-ORD-913276 BATCH-BBAS-5069,396346,7926,0,0,388420,INR,2026-08-03T09:43:00Z,BATCH-BBAS-5069
PO_B01_005070,PayU Enterprise,ZOMA-EXC-916232-UNRESOLVED,276272,5515,0,0,270757,INR,2026-08-03T12:53:00Z,HOLD-ESCROW
PO_B01_005071,PayU Enterprise,BKMS-ORD-166674 BKMS-ORD-317081 BATCH-BKMS-5071,104414,2088,0,0,102326,INR,2026-08-03T15:43:00Z,BATCH-BKMS-5071
PO_B01_005072,BillDesk Settlement,NYKA-INV-680851 PO_B01_005072,233601,4581,0,0,229020,INR,2026-08-03T12:25:00Z,BATCH-NYKA-5072
PO_B01_005073,BillDesk Settlement,MYNT-INV-851122 PO_B01_005073,237411,4865,0,0,232546,INR,2026-08-03T04:14:00Z,BATCH-MYNT-5073
PO_B01_005074,PayU Enterprise,AMZN-INV-918346 PO_B01_005074,28496,547,0,0,27949,INR,2026-08-03T06:07:00Z,BATCH-AMZN-5074
PO_B01_005075,BillDesk Settlement,PAYT-INV-981289 PO_B01_005075,66668,1321,0,0,65347,INR,2026-08-03T13:46:00Z,BATCH-PAYT-5075
PO_B01_005076,PayU Enterprise,PAYT-INV-498945 PO_B01_005076,192434,4153,0,0,188281,INR,2026-08-03T07:20:00Z,BATCH-PAYT-5076
PO_B01_005077,Razorpay Nodal,PHNP-EXC-574130-UNRESOLVED,115742,2304,0,0,113438,INR,2026-08-03T13:57:00Z,HOLD-ESCROW
PO_B01_005078,PayU Enterprise,SWIG-INV-882373 PO_B01_005078,39453,601,0,0,38852,INR,2026-08-03T12:33:00Z,BATCH-SWIG-5078
PO_B01_005079,BillDesk Settlement,MYNT-INV-627170 PO_B01_005079,73489,1598,0,0,71891,INR,2026-08-03T06:17:00Z,BATCH-MYNT-5079
PO_B01_005080,Cashfree Escrow,NYKA-INV-764532 PO_B01_005080,123578,2767,0,0,120811,INR,2026-08-02T19:45:00Z,BATCH-NYKA-5080
PO_B01_005081,PayU Enterprise,OLAA-INV-697008 PO_B01_005081,118871,2671,0,0,116200,INR,2026-08-03T04:10:00Z,BATCH-OLAA-5081
PO_B01_005082,Cashfree Escrow,PAYT-INV-127720 PO_B01_005082,287457,5267,0,0,282190,INR,2026-08-02T13:51:00Z,BATCH-PAYT-5082
PO_B01_005083,Cashfree Escrow,TATA-INV-166430 PO_B01_005083,52459,898,0,0,51561,INR,2026-08-03T13:49:00Z,BATCH-TATA-5083
PO_B01_005084,PayU Enterprise,AMZN-INV-753688 PO_B01_005084,351370,5529,0,0,345841,INR,2026-08-02T22:11:00Z,BATCH-AMZN-5084
PO_B01_005085,Razorpay Nodal,ZOMA-INV-384077 PO_B01_005085,388616,7421,0,0,381195,INR,2026-08-03T07:14:00Z,BATCH-ZOMA-5085
PO_B01_005086,PayU Enterprise,BKMS-INV-732505 PO_B01_005086,258517,5185,0,0,253332,INR,2026-08-02T23:36:00Z,BATCH-BKMS-5086
PO_B01_005087,Cashfree Escrow,TATA-EXC-558558-UNRESOLVED,177037,3530,0,0,173507,INR,2026-08-04T07:10:00Z,HOLD-ESCROW
PO_B01_005088,BillDesk Settlement,AMZN-ORD-178954 AMZN-ORD-104371 BATCH-AMZN-5088,107901,2158,0,0,105743,INR,2026-08-03T16:01:00Z,BATCH-AMZN-5088
PO_B01_005089,Stripe India,TATA-INV-746203 PO_B01_005089,355927,6789,0,0,349138,INR,2026-08-02T16:20:00Z,BATCH-TATA-5089
PO_B01_005090,Cashfree Escrow,ZOMA-EXC-857173-UNRESOLVED,203309,4056,0,0,199253,INR,2026-08-04T01:14:00Z,HOLD-ESCROW
PO_B01_005091,Cashfree Escrow,PHNP-INV-610750 PO_B01_005091,63280,1275,0,0,62005,INR,2026-08-02T21:33:00Z,BATCH-PHNP-5091
PO_B01_005092,PayU Enterprise,BKMS-INV-954160 PO_B01_005092,58934,1111,0,0,57823,INR,2026-08-02T20:28:00Z,BATCH-BKMS-5092
PO_B01_005093,BillDesk Settlement,BLNK-INV-752320 PO_B01_005093,383062,5819,0,0,377243,INR,2026-08-02T19:29:00Z,BATCH-BLNK-5093
PO_B01_005094,Stripe India,UBER-INV-942010 PO_B01_005094,127908,2146,0,0,125762,INR,2026-08-03T18:17:00Z,BATCH-UBER-5094
PO_B01_005095,PayU Enterprise,NYKA-INV-726133 PO_B01_005095,333712,7070,0,0,326642,INR,2026-08-03T14:51:00Z,BATCH-NYKA-5095
PO_B01_005096,Stripe India,AMZN-INV-262068 PO_B01_005096,383054,7535,0,0,375519,INR,2026-08-02T20:41:00Z,BATCH-AMZN-5096
PO_B01_005097,Razorpay Nodal,AMZN-ORD-763949 AMZN-ORD-555752 BATCH-AMZN-5097,365978,7319,0,0,358659,INR,2026-08-03T17:10:00Z,BATCH-AMZN-5097
PO_B01_005098,Stripe India,JIOO-EXC-163030-UNRESOLVED,157499,3139,0,0,154360,INR,2026-08-04T05:56:00Z,HOLD-ESCROW
PO_B01_005099,Razorpay Nodal,BKMS-INV-851538 PO_B01_005099,446257,8225,0,0,438032,INR,2026-08-03T15:37:00Z,BATCH-BKMS-5099
PO_B01_005100,Razorpay Nodal,TATA-ORD-737229 TATA-ORD-401143 TATA-ORD-289739 BATCH-TATA-5100,463981,9279,0,0,454702,INR,2026-08-03T13:20:00Z,BATCH-TATA-5100
PO_B01_005101,Stripe India,JIOO-INV-438651 PO_B01_005101,129742,2575,0,0,127167,INR,2026-08-03T03:45:00Z,BATCH-JIOO-5101
PO_B01_005102,PayU Enterprise,MMTR-ORD-649926 MMTR-ORD-985468 BATCH-MMTR-5102,308852,6177,0,0,302675,INR,2026-08-02T22:35:00Z,BATCH-MMTR-5102
PO_B01_005103,BillDesk Settlement,AMZN-ORD-961714 AMZN-ORD-131629 AMZN-ORD-346127 BATCH-AMZN-5103,551313,11026,0,0,540287,INR,2026-08-03T19:42:00Z,BATCH-AMZN-5103
PO_B01_005104,Stripe India,OLAA-ORD-676180 OLAA-ORD-427098 OLAA-ORD-131390 BATCH-OLAA-5104,380385,7607,0,0,372778,INR,2026-08-02T21:05:00Z,BATCH-OLAA-5104
PO_B01_005105,Razorpay Nodal,AMZN-INV-190484 PO_B01_005105,137580,2433,0,0,135147,INR,2026-08-03T14:05:00Z,BATCH-AMZN-5105
PO_B01_005106,BillDesk Settlement,SWIG-INV-790659 PO_B01_005106,355406,8663,0,0,346743,INR,2026-08-03T20:15:00Z,BATCH-SWIG-5106
PO_B01_005107,Stripe India,NYKA-ORD-934322 NYKA-ORD-263479 BATCH-NYKA-5107,232255,4645,0,0,227610,INR,2026-08-03T17:41:00Z,BATCH-NYKA-5107
PO_B01_005108,PayU Enterprise,ZOMA-ORD-697626 ZOMA-ORD-115734 ZOMA-ORD-565630 BATCH-ZOMA-5108,346781,6935,0,0,339846,INR,2026-08-03T06:53:00Z,BATCH-ZOMA-5108
PO_B01_005109,BillDesk Settlement,SWIG-INV-400362 PO_B01_005109,191926,4436,0,0,187490,INR,2026-08-03T07:40:00Z,BATCH-SWIG-5109
PO_B01_005110,Stripe India,JIOO-EXC-546925-UNRESOLVED,228097,4551,0,0,223546,INR,2026-08-03T10:45:00Z,HOLD-ESCROW
PO_B01_005111,Stripe India,NYKA-EXC-271874-UNRESOLVED,290483,5799,0,0,284684,INR,2026-08-03T14:39:00Z,HOLD-ESCROW
PO_B01_005112,Razorpay Nodal,TATA-INV-541122 PO_B01_005112,251269,4658,0,0,246611,INR,2026-08-03T15:02:00Z,BATCH-TATA-5112
PO_B01_005113,Stripe India,OLAA-ORD-508894 OLAA-ORD-672145 BATCH-OLAA-5113,74179,1483,0,0,72696,INR,2026-08-03T00:25:00Z,BATCH-OLAA-5113
PO_B01_005114,Cashfree Escrow,JIOO-INV-289960 PO_B01_005114,234708,5689,0,0,229019,INR,2026-08-03T00:49:00Z,BATCH-JIOO-5114
PO_B01_005115,Stripe India,FLPK-ORD-344245 FLPK-ORD-655357 FLPK-ORD-826161 BATCH-FLPK-5115,247686,4953,0,0,242733,INR,2026-08-03T02:31:00Z,BATCH-FLPK-5115
PO_B01_005116,PayU Enterprise,PAYT-INV-248036 PO_B01_005116,427283,10532,0,0,416751,INR,2026-08-03T05:07:00Z,BATCH-PAYT-5116
PO_B01_005117,BillDesk Settlement,FLPK-INV-970165 PO_B01_005117,34986,665,0,0,34321,INR,2026-08-02T18:39:00Z,BATCH-FLPK-5117
PO_B01_005118,Stripe India,SWIG-INV-723206 PO_B01_005118,55671,1117,0,0,54554,INR,2026-08-02T23:53:00Z,BATCH-SWIG-5118
PO_B01_005119,Stripe India,PAYT-ORD-543892 PAYT-ORD-760834 PAYT-ORD-562407 BATCH-PAYT-5119,408064,8161,0,0,399903,INR,2026-08-03T01:08:00Z,BATCH-PAYT-5119
PO_B01_005120,BillDesk Settlement,TATA-ORD-894602 TATA-ORD-360224 BATCH-TATA-5120,312055,6241,0,0,305814,INR,2026-08-02T23:43:00Z,BATCH-TATA-5120
PO_B01_005121,BillDesk Settlement,JIOO-INV-251694 PO_B01_005121,186032,3324,0,0,182708,INR,2026-08-03T02:08:00Z,BATCH-JIOO-5121
PO_B01_005122,PayU Enterprise,NYKA-INV-532789 PO_B01_005122,316633,6754,0,0,309879,INR,2026-08-03T11:06:00Z,BATCH-NYKA-5122
PO_B01_005123,Stripe India,MMTR-INV-878166 PO_B01_005123,60592,1448,0,0,59144,INR,2026-08-03T19:19:00Z,BATCH-MMTR-5123
PO_B01_005124,Stripe India,JIOO-INV-547147 PO_B01_005124,64038,1453,0,0,62585,INR,2026-08-03T07:35:00Z,BATCH-JIOO-5124
PO_B01_005125,Stripe India,BBAS-INV-813161 PO_B01_005125,228462,4832,0,0,223630,INR,2026-08-03T19:12:00Z,BATCH-BBAS-5125
PO_B01_005126,Cashfree Escrow,SWIG-INV-446966 PO_B01_005126,70897,1324,0,0,69573,INR,2026-08-03T05:38:00Z,BATCH-SWIG-5126
PO_B01_005127,Razorpay Nodal,JIOO-INV-659981 PO_B01_005127,40680,717,0,0,39963,INR,2026-08-03T06:34:00Z,BATCH-JIOO-5127
PO_B01_005128,PayU Enterprise,JIOO-INV-857237 PO_B01_005128,326070,5408,0,0,320662,INR,2026-08-03T20:26:00Z,BATCH-JIOO-5128
PO_B01_005129,Razorpay Nodal,UBER-ORD-827650 UBER-ORD-811208 BATCH-UBER-5129,375453,7509,0,0,367944,INR,2026-08-03T12:12:00Z,BATCH-UBER-5129
PO_B01_005130,BillDesk Settlement,BKMS-ORD-419667 BKMS-ORD-590711 BATCH-BKMS-5130,99280,1985,0,0,97295,INR,2026-08-03T18:29:00Z,BATCH-BKMS-5130
PO_B01_005131,BillDesk Settlement,JIOO-INV-217603 PO_B01_005131,353891,6593,0,0,347298,INR,2026-08-03T17:17:00Z,BATCH-JIOO-5131
PO_B01_005132,Stripe India,SWIG-ORD-224036 SWIG-ORD-709361 BATCH-SWIG-5132,302588,6051,0,0,296537,INR,2026-08-03T17:36:00Z,BATCH-SWIG-5132
PO_B01_005133,Cashfree Escrow,JIOO-ORD-785627 JIOO-ORD-911469 JIOO-ORD-434897 BATCH-JIOO-5133,327537,6550,0,0,320987,INR,2026-08-02T21:33:00Z,BATCH-JIOO-5133
PO_B01_005134,Stripe India,AMZN-INV-737426 PO_B01_005134,142988,3440,0,0,139548,INR,2026-08-03T03:37:00Z,BATCH-AMZN-5134
PO_B01_005135,Razorpay Nodal,UBER-INV-339262 PO_B01_005135,268452,6290,0,0,262162,INR,2026-08-03T19:38:00Z,BATCH-UBER-5135
PO_B01_005136,Cashfree Escrow,PHNP-INV-347908 PO_B01_005136,61549,1136,0,0,60413,INR,2026-08-03T10:21:00Z,BATCH-PHNP-5136
PO_B01_005137,Cashfree Escrow,JIOO-INV-944023 PO_B01_005137,67504,1608,0,0,65896,INR,2026-08-03T00:39:00Z,BATCH-JIOO-5137
PO_B01_005138,BillDesk Settlement,PAYT-INV-432623 PO_B01_005138,183342,3611,0,0,179731,INR,2026-08-03T16:47:00Z,BATCH-PAYT-5138
PO_B01_005139,Razorpay Nodal,TATA-INV-759993 PO_B01_005139,282442,6826,0,0,275616,INR,2026-08-03T16:27:00Z,BATCH-TATA-5139
PO_B01_005140,PayU Enterprise,UBER-INV-714688 PO_B01_005140,281851,6555,0,0,275296,INR,2026-08-02T18:19:00Z,BATCH-UBER-5140
PO_B01_005141,PayU Enterprise,BBAS-INV-582464 PO_B01_005141,351540,8599,0,0,342941,INR,2026-08-03T01:07:00Z,BATCH-BBAS-5141
PO_B01_005142,BillDesk Settlement,PAYT-INV-615084 PO_B01_005142,403128,8470,0,0,394658,INR,2026-08-03T15:11:00Z,BATCH-PAYT-5142
PO_B01_005143,PayU Enterprise,MYNT-ORD-606782 MYNT-ORD-504154 BATCH-MYNT-5143,423193,8463,0,0,414730,INR,2026-08-03T05:17:00Z,BATCH-MYNT-5143
PO_B01_005144,PayU Enterprise,OLAA-INV-988053 PO_B01_005144,74789,1834,0,0,72955,INR,2026-08-03T04:22:00Z,BATCH-OLAA-5144
PO_B01_005145,Stripe India,OLAA-INV-558975 PO_B01_005145,326243,5583,0,0,320660,INR,2026-08-03T21:03:00Z,BATCH-OLAA-5145
PO_B01_005146,Razorpay Nodal,NYKA-INV-262323 PO_B01_005146,95868,1895,0,0,93973,INR,2026-08-02T17:28:00Z,BATCH-NYKA-5146
PO_B01_005147,PayU Enterprise,AMZN-INV-287354 PO_B01_005147,286657,6132,0,0,280525,INR,2026-08-03T07:54:00Z,BATCH-AMZN-5147
PO_B01_005148,Razorpay Nodal,BKMS-INV-667461 PO_B01_005148,411721,6401,0,0,405320,INR,2026-08-03T18:00:00Z,BATCH-BKMS-5148
PO_B01_005149,PayU Enterprise,NYKA-INV-622014 PO_B01_005149,296660,5671,0,0,290989,INR,2026-08-02T17:09:00Z,BATCH-NYKA-5149
PO_B01_005150,Stripe India,TATA-ORD-591005 TATA-ORD-718606 BATCH-TATA-5150,231783,4635,0,0,227148,INR,2026-08-03T09:41:00Z,BATCH-TATA-5150
PO_B01_005151,Razorpay Nodal,BLNK-INV-949663 PO_B01_005151,133792,2493,0,0,131299,INR,2026-08-03T11:07:00Z,BATCH-BLNK-5151
PO_B01_005152,PayU Enterprise,ZOMA-INV-657261 PO_B01_005152,389686,8541,0,0,381145,INR,2026-08-03T14:09:00Z,BATCH-ZOMA-5152
PO_B01_005153,BillDesk Settlement,NYKA-INV-832349 PO_B01_005153,252071,5096,0,0,246975,INR,2026-08-03T15:11:00Z,BATCH-NYKA-5153
PO_B01_005154,PayU Enterprise,NYKA-EXC-280627-UNRESOLVED,72256,1435,0,0,70821,INR,2026-08-03T17:21:00Z,HOLD-ESCROW
PO_B01_005155,Cashfree Escrow,UBER-INV-295160 PO_B01_005155,139924,2601,0,0,137323,INR,2026-08-03T13:13:00Z,BATCH-UBER-5155
PO_B01_005156,Razorpay Nodal,ZOMA-INV-177363 PO_B01_005156,300496,7372,0,0,293124,INR,2026-08-03T17:03:00Z,BATCH-ZOMA-5156
PO_B01_005157,BillDesk Settlement,PAYT-INV-456176 PO_B01_005157,180348,4368,0,0,175980,INR,2026-08-03T07:42:00Z,BATCH-PAYT-5157
PO_B01_005158,BillDesk Settlement,MMTR-EXC-481215-UNRESOLVED,183189,3653,0,0,179536,INR,2026-08-03T12:54:00Z,HOLD-ESCROW
PO_B01_005159,PayU Enterprise,TATA-ORD-181557 TATA-ORD-789620 TATA-ORD-500469 BATCH-TATA-5159,441094,8821,0,0,432273,INR,2026-08-03T06:17:00Z,BATCH-TATA-5159
PO_B01_005160,PayU Enterprise,BBAS-INV-622957 PO_B01_005160,128862,2394,0,0,126468,INR,2026-08-03T01:54:00Z,BATCH-BBAS-5160
PO_B01_005161,Stripe India,AMZN-INV-343014 PO_B01_005161,323636,7188,0,0,316448,INR,2026-08-03T11:10:00Z,BATCH-AMZN-5161
PO_B01_005162,Stripe India,OLAA-ORD-769209 OLAA-ORD-783794 BATCH-OLAA-5162,316833,6336,0,0,310497,INR,2026-08-03T09:37:00Z,BATCH-OLAA-5162
PO_B01_005163,Stripe India,NYKA-INV-272995 PO_B01_005163,438127,9064,0,0,429063,INR,2026-08-03T06:33:00Z,BATCH-NYKA-5163
PO_B01_005164,BillDesk Settlement,ZOMA-INV-305974 PO_B01_005164,367076,7024,0,0,360052,INR,2026-08-03T00:24:00Z,BATCH-ZOMA-5164
PO_B01_005165,BillDesk Settlement,TATA-INV-122610 PO_B01_005165,299188,7134,0,0,292054,INR,2026-08-03T06:45:00Z,BATCH-TATA-5165
PO_B01_005166,PayU Enterprise,NYKA-INV-850571 PO_B01_005166,214715,5022,0,0,209693,INR,2026-08-03T11:05:00Z,BATCH-NYKA-5166
PO_B01_005167,BillDesk Settlement,FLPK-ORD-131167 FLPK-ORD-826208 BATCH-FLPK-5167,230477,4609,0,0,225868,INR,2026-08-02T21:12:00Z,BATCH-FLPK-5167
PO_B01_005168,PayU Enterprise,PHNP-INV-677986 PO_B01_005168,395313,8867,0,0,386446,INR,2026-08-03T11:38:00Z,BATCH-PHNP-5168
PO_B01_005169,Stripe India,SWIG-INV-319460 PO_B01_005169,144797,2488,0,0,142309,INR,2026-08-03T11:23:00Z,BATCH-SWIG-5169
PO_B01_005170,PayU Enterprise,BLNK-INV-520297 PO_B01_005170,445117,9846,0,0,435271,INR,2026-08-03T04:48:00Z,BATCH-BLNK-5170
PO_B01_005171,Razorpay Nodal,NYKA-INV-774723 PO_B01_005171,283993,5805,0,0,278188,INR,2026-08-03T14:40:00Z,BATCH-NYKA-5171
PO_B01_005172,Razorpay Nodal,FLPK-INV-231237 PO_B01_005172,90651,1516,0,0,89135,INR,2026-08-02T23:05:00Z,BATCH-FLPK-5172
PO_B01_005173,Cashfree Escrow,FLPK-ORD-897205 FLPK-ORD-926740 BATCH-FLPK-5173,96063,1921,0,0,94142,INR,2026-08-03T06:55:00Z,BATCH-FLPK-5173
PO_B01_005174,Cashfree Escrow,TATA-ORD-909269 TATA-ORD-919402 TATA-ORD-875144 BATCH-TATA-5174,463140,9262,0,0,453878,INR,2026-08-03T06:30:00Z,BATCH-TATA-5174
PO_B01_005175,BillDesk Settlement,PHNP-INV-972902 PO_B01_005175,180123,2722,0,0,177401,INR,2026-08-02T18:31:00Z,BATCH-PHNP-5175
PO_B01_005176,PayU Enterprise,BBAS-ORD-505720 BBAS-ORD-198102 BATCH-BBAS-5176,206873,4137,0,0,202736,INR,2026-08-03T20:57:00Z,BATCH-BBAS-5176
PO_B01_005177,BillDesk Settlement,TATA-ORD-599031 TATA-ORD-610705 BATCH-TATA-5177,153635,3072,0,0,150563,INR,2026-08-03T18:51:00Z,BATCH-TATA-5177
PO_B01_005178,BillDesk Settlement,MMTR-INV-735578 PO_B01_005178,256088,5273,0,0,250815,INR,2026-08-03T13:36:00Z,BATCH-MMTR-5178
PO_B01_005179,Razorpay Nodal,FLPK-INV-607022 PO_B01_005179,448401,7516,0,0,440885,INR,2026-08-02T22:03:00Z,BATCH-FLPK-5179
PO_B01_005180,PayU Enterprise,UBER-INV-620536 PO_B01_005180,323596,6936,0,0,316660,INR,2026-08-03T09:28:00Z,BATCH-UBER-5180
PO_B01_005181,Stripe India,BLNK-INV-773861 PO_B01_005181,444074,10004,0,0,434070,INR,2026-08-02T23:56:00Z,BATCH-BLNK-5181
PO_B01_005182,Razorpay Nodal,BBAS-ORD-998853 BBAS-ORD-274990 BATCH-BBAS-5182,414414,8288,0,0,406126,INR,2026-08-03T03:25:00Z,BATCH-BBAS-5182
PO_B01_005183,Cashfree Escrow,SWIG-ORD-449100 SWIG-ORD-305543 BATCH-SWIG-5183,292538,5850,0,0,286688,INR,2026-08-03T02:21:00Z,BATCH-SWIG-5183
PO_B01_005184,BillDesk Settlement,BBAS-INV-308712 PO_B01_005184,57448,1402,0,0,56046,INR,2026-08-03T02:41:00Z,BATCH-BBAS-5184
PO_B01_005185,Cashfree Escrow,AMZN-INV-195247 PO_B01_005185,150158,2715,0,0,147443,INR,2026-08-03T17:46:00Z,BATCH-AMZN-5185
PO_B01_005186,PayU Enterprise,MMTR-INV-382265 PO_B01_005186,425454,10109,0,0,415345,INR,2026-08-03T14:05:00Z,BATCH-MMTR-5186
PO_B01_005187,Cashfree Escrow,UBER-INV-749919 PO_B01_005187,188134,4620,0,0,183514,INR,2026-08-03T18:41:00Z,BATCH-UBER-5187
PO_B01_005188,PayU Enterprise,MMTR-ORD-883069 MMTR-ORD-712705 MMTR-ORD-446110 BATCH-MMTR-5188,339585,6791,0,0,332794,INR,2026-08-03T11:53:00Z,BATCH-MMTR-5188
PO_B01_005189,Razorpay Nodal,AMZN-EXC-279647-UNRESOLVED,250667,5003,0,0,245664,INR,2026-08-04T07:43:00Z,HOLD-ESCROW
PO_B01_005190,Stripe India,OLAA-INV-231680 PO_B01_005190,90446,1905,0,0,88541,INR,2026-08-03T14:32:00Z,BATCH-OLAA-5190
PO_B01_005191,Razorpay Nodal,SWIG-INV-978673 PO_B01_005191,237798,4015,0,0,233783,INR,2026-08-03T10:46:00Z,BATCH-SWIG-5191
PO_B01_005192,Stripe India,AMZN-INV-836437 PO_B01_005192,439171,8061,0,0,431110,INR,2026-08-03T08:35:00Z,BATCH-AMZN-5192
PO_B01_005193,Razorpay Nodal,FLPK-INV-662065 PO_B01_005193,93916,2153,0,0,91763,INR,2026-08-03T01:56:00Z,BATCH-FLPK-5193
PO_B01_005194,PayU Enterprise,PHNP-INV-395649 PO_B01_005194,424890,10364,0,0,414526,INR,2026-08-03T18:01:00Z,BATCH-PHNP-5194
PO_B01_005195,PayU Enterprise,BLNK-INV-896563 PO_B01_005195,277243,4208,0,0,273035,INR,2026-08-03T01:55:00Z,BATCH-BLNK-5195
PO_B01_005196,PayU Enterprise,MMTR-EXC-839110-UNRESOLVED,232700,4644,0,0,228056,INR,2026-08-03T22:03:00Z,HOLD-ESCROW
PO_B01_005197,Stripe India,PAYT-INV-973793 PO_B01_005197,388063,8169,0,0,379894,INR,2026-08-03T11:12:00Z,BATCH-PAYT-5197
PO_B01_005198,PayU Enterprise,NYKA-EXC-848647-UNRESOLVED,161787,3225,0,0,158562,INR,2026-08-03T18:58:00Z,HOLD-ESCROW
PO_B01_005199,Cashfree Escrow,MMTR-INV-818534 PO_B01_005199,430966,7944,0,0,423022,INR,2026-08-02T20:21:00Z,BATCH-MMTR-5199
PO_B01_005200,PayU Enterprise,FLPK-INV-224032 PO_B01_005200,55856,1016,0,0,54840,INR,2026-08-03T17:17:00Z,BATCH-FLPK-5200
PO_B01_005201,BillDesk Settlement,MMTR-INV-617108 PO_B01_005201,304560,4878,0,0,299682,INR,2026-08-03T10:38:00Z,BATCH-MMTR-5201
PO_B01_005202,PayU Enterprise,UBER-ORD-730676 UBER-ORD-860792 BATCH-UBER-5202,248522,4970,0,0,243552,INR,2026-08-03T11:49:00Z,BATCH-UBER-5202
PO_B01_005203,Cashfree Escrow,BLNK-INV-111313 PO_B01_005203,267457,6299,0,0,261158,INR,2026-08-03T13:08:00Z,BATCH-BLNK-5203
PO_B01_005204,BillDesk Settlement,BLNK-INV-519072 PO_B01_005204,251253,5150,0,0,246103,INR,2026-08-02T19:38:00Z,BATCH-BLNK-5204
PO_B01_005205,PayU Enterprise,NYKA-INV-128271 PO_B01_005205,277202,4806,0,0,272396,INR,2026-08-03T02:16:00Z,BATCH-NYKA-5205
PO_B01_005206,Razorpay Nodal,UBER-ORD-749613 UBER-ORD-143463 BATCH-UBER-5206,318633,6372,0,0,312261,INR,2026-08-03T01:05:00Z,BATCH-UBER-5206
PO_B01_005207,Cashfree Escrow,MMTR-INV-178367 PO_B01_005207,223115,4787,0,0,218328,INR,2026-08-02T19:19:00Z,BATCH-MMTR-5207
PO_B01_005208,PayU Enterprise,UBER-INV-750963 PO_B01_005208,437379,9915,0,0,427464,INR,2026-08-03T12:54:00Z,BATCH-UBER-5208
PO_B01_005209,Stripe India,BBAS-INV-115294 PO_B01_005209,130429,2511,0,0,127918,INR,2026-08-03T11:49:00Z,BATCH-BBAS-5209
PO_B01_005210,Razorpay Nodal,TATA-INV-925943 PO_B01_005210,126000,3006,0,0,122994,INR,2026-08-03T05:24:00Z,BATCH-TATA-5210
PO_B01_005211,Razorpay Nodal,OLAA-ORD-853902 OLAA-ORD-835251 OLAA-ORD-584668 BATCH-OLAA-5211,458561,9171,0,0,449390,INR,2026-08-03T05:31:00Z,BATCH-OLAA-5211
PO_B01_005212,Cashfree Escrow,MYNT-EXC-103054-UNRESOLVED,210160,4193,0,0,205967,INR,2026-08-03T18:00:00Z,HOLD-ESCROW
PO_B01_005213,PayU Enterprise,BLNK-INV-765861 PO_B01_005213,55121,1089,0,0,54032,INR,2026-08-03T09:12:00Z,BATCH-BLNK-5213
PO_B01_005214,BillDesk Settlement,BKMS-INV-475282 PO_B01_005214,313231,6326,0,0,306905,INR,2026-08-03T07:42:00Z,BATCH-BKMS-5214
PO_B01_005215,Stripe India,MMTR-INV-435881 PO_B01_005215,125338,2670,0,0,122668,INR,2026-08-03T18:33:00Z,BATCH-MMTR-5215
PO_B01_005216,PayU Enterprise,JIOO-ORD-749757 JIOO-ORD-940062 BATCH-JIOO-5216,269048,5380,0,0,263668,INR,2026-08-03T18:10:00Z,BATCH-JIOO-5216
PO_B01_005217,PayU Enterprise,JIOO-ORD-849780 JIOO-ORD-805564 JIOO-ORD-154231 BATCH-JIOO-5217,303999,6079,0,0,297920,INR,2026-08-03T18:15:00Z,BATCH-JIOO-5217
PO_B01_005218,Cashfree Escrow,MYNT-INV-557948 PO_B01_005218,125283,2931,0,0,122352,INR,2026-08-02T21:07:00Z,BATCH-MYNT-5218
PO_B01_005219,Cashfree Escrow,MYNT-INV-396248 PO_B01_005219,403377,9925,0,0,393452,INR,2026-08-03T15:15:00Z,BATCH-MYNT-5219
PO_B01_005220,Cashfree Escrow,PHNP-INV-803100 PO_B01_005220,412511,10100,0,0,402411,INR,2026-08-03T17:53:00Z,BATCH-PHNP-5220
PO_B01_005221,Cashfree Escrow,FLPK-ORD-310819 FLPK-ORD-492534 FLPK-ORD-163730 BATCH-FLPK-5221,431539,8630,0,0,422909,INR,2026-08-03T12:56:00Z,BATCH-FLPK-5221
PO_B01_005222,Stripe India,BLNK-INV-233249 PO_B01_005222,374011,6064,0,0,367947,INR,2026-08-03T06:56:00Z,BATCH-BLNK-5222
PO_B01_005223,Cashfree Escrow,JIOO-INV-117463 PO_B01_005223,147141,3496,0,0,143645,INR,2026-08-03T04:04:00Z,BATCH-JIOO-5223
PO_B01_005224,Stripe India,NYKA-INV-519994 PO_B01_005224,80757,1457,0,0,79300,INR,2026-08-03T23:32:00Z,BATCH-NYKA-5224
PO_B01_005225,BillDesk Settlement,NYKA-INV-648931 PO_B01_005225,167723,3153,0,0,164570,INR,2026-08-04T02:50:00Z,BATCH-NYKA-5225
PO_B01_005226,Stripe India,AMZN-ORD-817030 AMZN-ORD-829486 AMZN-ORD-651940 BATCH-AMZN-5226,260994,5219,0,0,255775,INR,2026-08-03T14:25:00Z,BATCH-AMZN-5226
PO_B01_005227,Cashfree Escrow,BKMS-INV-142832 PO_B01_005227,331985,7708,0,0,324277,INR,2026-08-03T01:04:00Z,BATCH-BKMS-5227
PO_B01_005228,BillDesk Settlement,JIOO-INV-420545 PO_B01_005228,342503,6516,0,0,335987,INR,2026-08-04T00:43:00Z,BATCH-JIOO-5228
PO_B01_005229,PayU Enterprise,NYKA-INV-118218 PO_B01_005229,441084,8395,0,0,432689,INR,2026-08-02T17:03:00Z,BATCH-NYKA-5229
PO_B01_005230,Cashfree Escrow,NYKA-INV-397299 PO_B01_005230,291094,6679,0,0,284415,INR,2026-08-02T17:12:00Z,BATCH-NYKA-5230
PO_B01_005231,BillDesk Settlement,NYKA-INV-300941 PO_B01_005231,334327,5442,0,0,328885,INR,2026-08-03T05:55:00Z,BATCH-NYKA-5231
PO_B01_005232,BillDesk Settlement,BBAS-INV-681515 PO_B01_005232,143393,3111,0,0,140282,INR,2026-08-03T12:16:00Z,BATCH-BBAS-5232
PO_B01_005233,Stripe India,PHNP-INV-764447 PO_B01_005233,255273,5724,0,0,249549,INR,2026-08-03T03:13:00Z,BATCH-PHNP-5233
PO_B01_005234,Stripe India,BBAS-ORD-447221 BBAS-ORD-773038 BBAS-ORD-784916 BATCH-BBAS-5234,402127,8042,0,0,394085,INR,2026-08-02T21:03:00Z,BATCH-BBAS-5234
PO_B01_005235,Cashfree Escrow,PAYT-INV-309292 PO_B01_005235,191936,3876,0,0,188060,INR,2026-08-03T20:13:00Z,BATCH-PAYT-5235
PO_B01_005236,PayU Enterprise,BBAS-INV-800914 PO_B01_005236,197745,4160,0,0,193585,INR,2026-08-03T18:16:00Z,BATCH-BBAS-5236
PO_B01_005237,BillDesk Settlement,OLAA-EXC-962379-UNRESOLVED,269560,5381,0,0,264179,INR,2026-08-03T10:30:00Z,HOLD-ESCROW
PO_B01_005238,BillDesk Settlement,FLPK-EXC-174899-UNRESOLVED,85808,1706,0,0,84102,INR,2026-08-03T17:02:00Z,HOLD-ESCROW
PO_B01_005239,BillDesk Settlement,MMTR-INV-845959 PO_B01_005239,266635,6158,0,0,260477,INR,2026-08-02T21:34:00Z,BATCH-MMTR-5239
PO_B01_005240,Stripe India,BLNK-EXC-904179-UNRESOLVED,78514,1560,0,0,76954,INR,2026-08-03T21:59:00Z,HOLD-ESCROW
PO_B01_005241,PayU Enterprise,JIOO-INV-116008 PO_B01_005241,133904,2685,0,0,131219,INR,2026-08-03T16:49:00Z,BATCH-JIOO-5241
PO_B01_005242,PayU Enterprise,BBAS-INV-464663 PO_B01_005242,291349,5330,0,0,286019,INR,2026-08-03T11:40:00Z,BATCH-BBAS-5242
PO_B01_005243,Stripe India,BLNK-INV-482532 PO_B01_005243,368247,6463,0,0,361784,INR,2026-08-02T21:28:00Z,BATCH-BLNK-5243
PO_B01_005244,Cashfree Escrow,JIOO-ORD-401716 JIOO-ORD-252941 JIOO-ORD-862301 BATCH-JIOO-5244,379199,7583,0,0,371616,INR,2026-08-03T14:12:00Z,BATCH-JIOO-5244
PO_B01_005245,Stripe India,AMZN-INV-817286 PO_B01_005245,198331,4261,0,0,194070,INR,2026-08-03T12:59:00Z,BATCH-AMZN-5245
PO_B01_005246,Cashfree Escrow,NYKA-INV-893897 PO_B01_005246,208560,5105,0,0,203455,INR,2026-08-02T18:35:00Z,BATCH-NYKA-5246
PO_B01_005247,Cashfree Escrow,SWIG-ORD-125221 SWIG-ORD-504999 BATCH-SWIG-5247,201092,4021,0,0,197071,INR,2026-08-03T19:54:00Z,BATCH-SWIG-5247
PO_B01_005248,Stripe India,BBAS-INV-638578 PO_B01_005248,47454,1097,0,0,46357,INR,2026-08-03T03:19:00Z,BATCH-BBAS-5248
PO_B01_005249,BillDesk Settlement,SWIG-INV-171007 PO_B01_005249,98990,2112,0,0,96878,INR,2026-08-03T03:38:00Z,BATCH-SWIG-5249
PO_B01_005250,Razorpay Nodal,UBER-EXC-156107-UNRESOLVED,160201,3194,0,0,157007,INR,2026-08-03T23:57:00Z,HOLD-ESCROW
PO_B01_005251,Stripe India,ZOMA-INV-502828 PO_B01_005251,440511,9102,0,0,431409,INR,2026-08-03T01:50:00Z,BATCH-ZOMA-5251
PO_B01_005252,Cashfree Escrow,ZOMA-INV-727507 PO_B01_005252,289947,5302,0,0,284645,INR,2026-08-03T03:41:00Z,BATCH-ZOMA-5252
PO_B01_005253,Razorpay Nodal,NYKA-INV-328890 PO_B01_005253,233657,5721,0,0,227936,INR,2026-08-03T17:22:00Z,BATCH-NYKA-5253
PO_B01_005254,Cashfree Escrow,PAYT-INV-222854 PO_B01_005254,176692,4165,0,0,172527,INR,2026-08-03T16:19:00Z,BATCH-PAYT-5254
PO_B01_005255,Razorpay Nodal,BKMS-INV-189008 PO_B01_005255,47419,884,0,0,46535,INR,2026-08-02T20:44:00Z,BATCH-BKMS-5255
PO_B01_005256,Cashfree Escrow,FLPK-ORD-290565 FLPK-ORD-422036 BATCH-FLPK-5256,209187,4183,0,0,205004,INR,2026-08-03T07:42:00Z,BATCH-FLPK-5256
PO_B01_005257,Razorpay Nodal,PHNP-INV-879738 PO_B01_005257,83469,1535,0,0,81934,INR,2026-08-03T00:43:00Z,BATCH-PHNP-5257
PO_B01_005258,Stripe India,PHNP-INV-731435 PO_B01_005258,99042,2081,0,0,96961,INR,2026-08-03T10:38:00Z,BATCH-PHNP-5258
PO_B01_005259,BillDesk Settlement,OLAA-INV-546657 PO_B01_005259,309742,5342,0,0,304400,INR,2026-08-03T06:52:00Z,BATCH-OLAA-5259
PO_B01_005260,BillDesk Settlement,PHNP-EXC-594346-UNRESOLVED,81215,1614,0,0,79601,INR,2026-08-04T00:41:00Z,HOLD-ESCROW
PO_B01_005261,Razorpay Nodal,AMZN-EXC-362345-UNRESOLVED,192731,3844,0,0,188887,INR,2026-08-03T11:16:00Z,HOLD-ESCROW
PO_B01_005262,PayU Enterprise,JIOO-INV-544810 PO_B01_005262,443553,9755,0,0,433798,INR,2026-08-03T13:07:00Z,BATCH-JIOO-5262
PO_B01_005263,BillDesk Settlement,BBAS-INV-855430 PO_B01_005263,416441,9684,0,0,406757,INR,2026-08-03T03:27:00Z,BATCH-BBAS-5263
PO_B01_005264,Stripe India,NYKA-INV-777931 PO_B01_005264,280697,6488,0,0,274209,INR,2026-08-03T13:00:00Z,BATCH-NYKA-5264
PO_B01_005265,Cashfree Escrow,BBAS-INV-490543 PO_B01_005265,117767,1801,0,0,115966,INR,2026-08-03T03:20:00Z,BATCH-BBAS-5265
PO_B01_005266,Stripe India,OLAA-INV-197536 PO_B01_005266,336810,6266,0,0,330544,INR,2026-08-03T18:30:00Z,BATCH-OLAA-5266
PO_B01_005267,BillDesk Settlement,JIOO-INV-805822 PO_B01_005267,375205,6071,0,0,369134,INR,2026-08-03T10:44:00Z,BATCH-JIOO-5267
PO_B01_005268,Stripe India,TATA-INV-549553 PO_B01_005268,270383,5783,0,0,264600,INR,2026-08-03T19:32:00Z,BATCH-TATA-5268
PO_B01_005269,PayU Enterprise,PAYT-INV-904787 PO_B01_005269,393850,9332,0,0,384518,INR,2026-08-03T09:02:00Z,BATCH-PAYT-5269
PO_B01_005270,PayU Enterprise,MMTR-INV-593597 PO_B01_005270,396157,6504,0,0,389653,INR,2026-08-02T21:44:00Z,BATCH-MMTR-5270
PO_B01_005271,Stripe India,ZOMA-INV-842382 PO_B01_005271,428341,8169,0,0,420172,INR,2026-08-03T10:32:00Z,BATCH-ZOMA-5271
PO_B01_005272,Razorpay Nodal,BKMS-INV-110139 PO_B01_005272,427651,6835,0,0,420816,INR,2026-08-03T17:05:00Z,BATCH-BKMS-5272
PO_B01_005273,Razorpay Nodal,PAYT-INV-494954 PO_B01_005273,182813,4022,0,0,178791,INR,2026-08-03T16:51:00Z,BATCH-PAYT-5273
PO_B01_005274,Stripe India,OLAA-INV-603817 PO_B01_005274,184908,3266,0,0,181642,INR,2026-08-03T12:28:00Z,BATCH-OLAA-5274
PO_B01_005275,BillDesk Settlement,UBER-INV-888509 PO_B01_005275,387153,8097,0,0,379056,INR,2026-08-03T00:45:00Z,BATCH-UBER-5275
PO_B01_005276,Stripe India,MMTR-ORD-315265 MMTR-ORD-296449 BATCH-MMTR-5276,393048,7860,0,0,385188,INR,2026-08-03T12:32:00Z,BATCH-MMTR-5276
PO_B01_005277,BillDesk Settlement,MYNT-INV-921228 PO_B01_005277,49833,906,0,0,48927,INR,2026-08-03T12:49:00Z,BATCH-MYNT-5277
PO_B01_005278,Razorpay Nodal,PHNP-INV-527399 PO_B01_005278,203397,3514,0,0,199883,INR,2026-08-02T23:13:00Z,BATCH-PHNP-5278
PO_B01_005279,BillDesk Settlement,PHNP-INV-872779 PO_B01_005279,279507,6946,0,0,272561,INR,2026-08-03T08:10:00Z,BATCH-PHNP-5279
PO_B01_005280,BillDesk Settlement,BLNK-INV-119288 PO_B01_005280,209497,4803,0,0,204694,INR,2026-08-03T14:28:00Z,BATCH-BLNK-5280
PO_B01_005281,Stripe India,BBAS-INV-633426 PO_B01_005281,179829,2869,0,0,176960,INR,2026-08-02T21:12:00Z,BATCH-BBAS-5281
PO_B01_005282,Razorpay Nodal,BBAS-ORD-828278 BBAS-ORD-931632 BATCH-BBAS-5282,399019,7980,0,0,391039,INR,2026-08-03T08:47:00Z,BATCH-BBAS-5282
PO_B01_005283,PayU Enterprise,JIOO-INV-205404 PO_B01_005283,194826,4147,0,0,190679,INR,2026-08-03T06:37:00Z,BATCH-JIOO-5283
PO_B01_005284,PayU Enterprise,OLAA-INV-927557 PO_B01_005284,46890,880,0,0,46010,INR,2026-08-03T08:17:00Z,BATCH-OLAA-5284
PO_B01_005285,PayU Enterprise,UBER-INV-575257 PO_B01_005285,230025,4918,0,0,225107,INR,2026-08-03T16:25:00Z,BATCH-UBER-5285
PO_B01_005286,Razorpay Nodal,AMZN-ORD-528773 AMZN-ORD-906139 BATCH-AMZN-5286,292438,5848,0,0,286590,INR,2026-08-03T13:16:00Z,BATCH-AMZN-5286
PO_B01_005287,BillDesk Settlement,NYKA-INV-719437 PO_B01_005287,386919,8983,0,0,377936,INR,2026-08-03T10:57:00Z,BATCH-NYKA-5287
PO_B01_005288,Stripe India,AMZN-INV-985943 PO_B01_005288,428969,8270,0,0,420699,INR,2026-08-03T21:21:00Z,BATCH-AMZN-5288
PO_B01_005289,PayU Enterprise,BBAS-ORD-971770 BBAS-ORD-864220 BATCH-BBAS-5289,216855,4337,0,0,212518,INR,2026-08-03T02:23:00Z,BATCH-BBAS-5289
PO_B01_005290,PayU Enterprise,FLPK-INV-742261 PO_B01_005290,409454,7129,0,0,402325,INR,2026-08-03T11:04:00Z,BATCH-FLPK-5290
PO_B01_005291,Stripe India,NYKA-INV-448432 PO_B01_005291,155612,3311,0,0,152301,INR,2026-08-03T14:48:00Z,BATCH-NYKA-5291
PO_B01_005292,Cashfree Escrow,PAYT-INV-606663 PO_B01_005292,291356,5855,0,0,285501,INR,2026-08-03T10:47:00Z,BATCH-PAYT-5292
PO_B01_005293,Razorpay Nodal,MMTR-INV-406232 PO_B01_005293,398004,8077,0,0,389927,INR,2026-08-03T11:59:00Z,BATCH-MMTR-5293
PO_B01_005294,PayU Enterprise,MMTR-INV-296164 PO_B01_005294,247460,5946,0,0,241514,INR,2026-08-03T11:09:00Z,BATCH-MMTR-5294
PO_B01_005295,BillDesk Settlement,BLNK-INV-715719 PO_B01_005295,430827,7825,0,0,423002,INR,2026-08-03T10:40:00Z,BATCH-BLNK-5295
PO_B01_005296,Stripe India,AMZN-INV-372851 PO_B01_005296,226812,3643,0,0,223169,INR,2026-08-02T14:45:00Z,BATCH-AMZN-5296
PO_B01_005297,PayU Enterprise,MMTR-ORD-763445 MMTR-ORD-710074 BATCH-MMTR-5297,277140,5542,0,0,271598,INR,2026-08-03T15:47:00Z,BATCH-MMTR-5297
PO_B01_005298,Stripe India,BLNK-INV-997324 PO_B01_005298,416000,6983,0,0,409017,INR,2026-08-03T15:45:00Z,BATCH-BLNK-5298
PO_B01_005299,Stripe India,OLAA-INV-171879 PO_B01_005299,315856,4878,0,0,310978,INR,2026-08-03T04:53:00Z,BATCH-OLAA-5299
PO_B01_005300,PayU Enterprise,BBAS-INV-893699 PO_B01_005300,49340,1203,0,0,48137,INR,2026-08-03T04:14:00Z,BATCH-BBAS-5300
PO_B01_005301,Razorpay Nodal,OLAA-INV-931990 PO_B01_005301,351090,6477,0,0,344613,INR,2026-08-03T02:36:00Z,BATCH-OLAA-5301
PO_B01_005302,BillDesk Settlement,BLNK-INV-604130 PO_B01_005302,357816,8426,0,0,349390,INR,2026-08-03T22:03:00Z,BATCH-BLNK-5302
PO_B01_005303,BillDesk Settlement,FLPK-INV-518358 PO_B01_005303,356996,6466,0,0,350530,INR,2026-08-03T07:52:00Z,BATCH-FLPK-5303
PO_B01_005304,Cashfree Escrow,JIOO-INV-796600 PO_B01_005304,66045,1229,0,0,64816,INR,2026-08-03T00:31:00Z,BATCH-JIOO-5304
PO_B01_005305,PayU Enterprise,BKMS-INV-979478 PO_B01_005305,138234,2523,0,0,135711,INR,2026-08-02T16:57:00Z,BATCH-BKMS-5305
PO_B01_005306,BillDesk Settlement,MMTR-ORD-721984 MMTR-ORD-818137 BATCH-MMTR-5306,304412,6088,0,0,298324,INR,2026-08-03T00:34:00Z,BATCH-MMTR-5306
PO_B01_005307,Stripe India,PHNP-INV-486980 PO_B01_005307,96328,1971,0,0,94357,INR,2026-08-03T08:42:00Z,BATCH-PHNP-5307
PO_B01_005308,Razorpay Nodal,JIOO-INV-170636 PO_B01_005308,207888,5004,0,0,202884,INR,2026-08-03T09:21:00Z,BATCH-JIOO-5308
PO_B01_005309,Cashfree Escrow,ZOMA-INV-597008 PO_B01_005309,46581,1142,0,0,45439,INR,2026-08-03T22:44:00Z,BATCH-ZOMA-5309
PO_B01_005310,Cashfree Escrow,AMZN-ORD-280597 AMZN-ORD-420579 AMZN-ORD-919358 BATCH-AMZN-5310,595626,11912,0,0,583714,INR,2026-08-03T14:10:00Z,BATCH-AMZN-5310
PO_B01_005311,Cashfree Escrow,MMTR-INV-699153 PO_B01_005311,346200,8140,0,0,338060,INR,2026-08-02T23:25:00Z,BATCH-MMTR-5311
PO_B01_005312,Razorpay Nodal,JIOO-INV-657078 PO_B01_005312,410054,7251,0,0,402803,INR,2026-08-03T10:31:00Z,BATCH-JIOO-5312
PO_B01_005313,BillDesk Settlement,TATA-ORD-614902 TATA-ORD-366649 BATCH-TATA-5313,356599,7131,0,0,349468,INR,2026-08-03T06:09:00Z,BATCH-TATA-5313
PO_B01_005314,Razorpay Nodal,PHNP-EXC-919469-UNRESOLVED,92713,1844,0,0,90869,INR,2026-08-03T16:08:00Z,HOLD-ESCROW
PO_B01_005315,Stripe India,MMTR-INV-229422 PO_B01_005315,323115,5104,0,0,318011,INR,2026-08-03T16:23:00Z,BATCH-MMTR-5315
PO_B01_005316,Razorpay Nodal,OLAA-INV-119324 PO_B01_005316,336883,5704,0,0,331179,INR,2026-08-03T00:44:00Z,BATCH-OLAA-5316
PO_B01_005317,PayU Enterprise,BKMS-INV-683477 PO_B01_005317,342389,7407,0,0,334982,INR,2026-08-03T21:07:00Z,BATCH-BKMS-5317
PO_B01_005318,Razorpay Nodal,MMTR-INV-702142 PO_B01_005318,294344,5947,0,0,288397,INR,2026-08-03T05:00:00Z,BATCH-MMTR-5318
PO_B01_005319,BillDesk Settlement,MYNT-INV-450975 PO_B01_005319,103903,2403,0,0,101500,INR,2026-08-03T03:14:00Z,BATCH-MYNT-5319
PO_B01_005320,PayU Enterprise,FLPK-INV-335270 PO_B01_005320,360059,6993,0,0,353066,INR,2026-08-03T17:50:00Z,BATCH-FLPK-5320
PO_B01_005321,Stripe India,BKMS-INV-124608 PO_B01_005321,295555,4732,0,0,290823,INR,2026-08-03T18:50:00Z,BATCH-BKMS-5321
PO_B01_005322,Cashfree Escrow,FLPK-INV-815398 PO_B01_005322,342144,6103,0,0,336041,INR,2026-08-03T14:26:00Z,BATCH-FLPK-5322
PO_B01_005323,Razorpay Nodal,BBAS-ORD-909627 BBAS-ORD-726414 BATCH-BBAS-5323,354872,7097,0,0,347775,INR,2026-08-03T16:07:00Z,BATCH-BBAS-5323
PO_B01_005324,Stripe India,AMZN-INV-932336 PO_B01_005324,191696,3382,0,0,188314,INR,2026-08-03T08:58:00Z,BATCH-AMZN-5324
PO_B01_005325,Stripe India,JIOO-INV-583197 PO_B01_005325,114821,2543,0,0,112278,INR,2026-08-03T15:07:00Z,BATCH-JIOO-5325
PO_B01_005326,Cashfree Escrow,OLAA-INV-210374 PO_B01_005326,90706,1727,0,0,88979,INR,2026-08-03T18:21:00Z,BATCH-OLAA-5326
PO_B01_005327,BillDesk Settlement,BKMS-INV-161804 PO_B01_005327,37969,703,0,0,37266,INR,2026-08-03T09:30:00Z,BATCH-BKMS-5327
PO_B01_005328,Razorpay Nodal,BLNK-EXC-524485-UNRESOLVED,133898,2667,0,0,131231,INR,2026-08-03T20:33:00Z,HOLD-ESCROW
PO_B01_005329,Stripe India,OLAA-INV-960944 PO_B01_005329,399372,6411,0,0,392961,INR,2026-08-04T00:00:00Z,BATCH-OLAA-5329
PO_B01_005330,Stripe India,UBER-INV-762956 PO_B01_005330,103562,1883,0,0,101679,INR,2026-08-04T00:37:00Z,BATCH-UBER-5330
PO_B01_005331,Cashfree Escrow,NYKA-INV-607686 PO_B01_005331,97574,1639,0,0,95935,INR,2026-08-03T10:55:00Z,BATCH-NYKA-5331
PO_B01_005332,PayU Enterprise,MMTR-INV-628506 PO_B01_005332,420019,7565,0,0,412454,INR,2026-08-03T17:00:00Z,BATCH-MMTR-5332
PO_B01_005333,Cashfree Escrow,MMTR-INV-199891 PO_B01_005333,199690,3779,0,0,195911,INR,2026-08-03T18:46:00Z,BATCH-MMTR-5333
PO_B01_005334,BillDesk Settlement,NYKA-INV-479089 PO_B01_005334,402728,9136,0,0,393592,INR,2026-08-03T01:53:00Z,BATCH-NYKA-5334
PO_B01_005335,Razorpay Nodal,AMZN-INV-111459 PO_B01_005335,353699,6024,0,0,347675,INR,2026-08-03T08:11:00Z,BATCH-AMZN-5335
PO_B01_005336,Stripe India,BKMS-INV-932801 PO_B01_005336,141836,3439,0,0,138397,INR,2026-08-03T01:00:00Z,BATCH-BKMS-5336
PO_B01_005337,Stripe India,JIOO-INV-886095 PO_B01_005337,206969,4349,0,0,202620,INR,2026-08-03T09:49:00Z,BATCH-JIOO-5337
PO_B01_005338,PayU Enterprise,AMZN-INV-176027 PO_B01_005338,29546,724,0,0,28822,INR,2026-08-03T13:29:00Z,BATCH-AMZN-5338
PO_B01_005339,PayU Enterprise,MMTR-INV-563668 PO_B01_005339,261198,5492,0,0,255706,INR,2026-08-04T02:20:00Z,BATCH-MMTR-5339
PO_B01_005340,Cashfree Escrow,MMTR-EXC-529740-UNRESOLVED,165341,3296,0,0,162045,INR,2026-08-04T05:58:00Z,HOLD-ESCROW
PO_B01_005341,PayU Enterprise,MMTR-INV-203478 PO_B01_005341,190557,3698,0,0,186859,INR,2026-08-03T03:56:00Z,BATCH-MMTR-5341
PO_B01_005342,BillDesk Settlement,JIOO-INV-939496 PO_B01_005342,245352,4244,0,0,241108,INR,2026-08-03T04:52:00Z,BATCH-JIOO-5342
PO_B01_005343,Stripe India,MMTR-INV-710352 PO_B01_005343,272361,4597,0,0,267764,INR,2026-08-03T16:05:00Z,BATCH-MMTR-5343
PO_B01_005344,Stripe India,MYNT-INV-446695 PO_B01_005344,107513,2656,0,0,104857,INR,2026-08-02T19:24:00Z,BATCH-MYNT-5344
PO_B01_005345,Cashfree Escrow,BKMS-INV-664102 PO_B01_005345,336064,6160,0,0,329904,INR,2026-08-03T09:23:00Z,BATCH-BKMS-5345
PO_B01_005346,Cashfree Escrow,AMZN-ORD-812091 AMZN-ORD-775526 AMZN-ORD-306086 BATCH-AMZN-5346,409827,8196,0,0,401631,INR,2026-08-03T14:04:00Z,BATCH-AMZN-5346
PO_B01_005347,Cashfree Escrow,MMTR-INV-713961 PO_B01_005347,428939,9887,0,0,419052,INR,2026-08-02T22:46:00Z,BATCH-MMTR-5347
PO_B01_005348,Cashfree Escrow,PAYT-INV-232473 PO_B01_005348,184878,2856,0,0,182022,INR,2026-08-03T06:07:00Z,BATCH-PAYT-5348
PO_B01_005349,PayU Enterprise,BBAS-ORD-210714 BBAS-ORD-595260 BATCH-BBAS-5349,197468,3949,0,0,193519,INR,2026-08-03T03:23:00Z,BATCH-BBAS-5349
PO_B01_005350,BillDesk Settlement,MYNT-INV-942834 PO_B01_005350,129721,2572,0,0,127149,INR,2026-08-02T18:56:00Z,BATCH-MYNT-5350
PO_B01_005351,Razorpay Nodal,OLAA-INV-552047 PO_B01_005351,418099,6738,0,0,411361,INR,2026-08-03T04:25:00Z,BATCH-OLAA-5351
PO_B01_005352,BillDesk Settlement,JIOO-ORD-736015 JIOO-ORD-460473 JIOO-ORD-126273 BATCH-JIOO-5352,451913,9038,0,0,442875,INR,2026-08-03T08:20:00Z,BATCH-JIOO-5352
PO_B01_005353,Cashfree Escrow,BKMS-INV-627109 PO_B01_005353,285992,5486,0,0,280506,INR,2026-08-03T22:17:00Z,BATCH-BKMS-5353
PO_B01_005354,Cashfree Escrow,OLAA-ORD-380266 OLAA-ORD-787183 OLAA-ORD-271407 BATCH-OLAA-5354,427767,8555,0,0,419212,INR,2026-08-03T17:37:00Z,BATCH-OLAA-5354
PO_B01_005355,Stripe India,PHNP-ORD-569496 PHNP-ORD-209726 BATCH-PHNP-5355,419154,8383,0,0,410771,INR,2026-08-03T11:18:00Z,BATCH-PHNP-5355
PO_B01_005356,BillDesk Settlement,BBAS-INV-314080 PO_B01_005356,256430,5698,0,0,250732,INR,2026-08-03T04:22:00Z,BATCH-BBAS-5356
PO_B01_005357,PayU Enterprise,BBAS-ORD-741523 BBAS-ORD-608889 BATCH-BBAS-5357,262889,5257,0,0,257632,INR,2026-08-03T02:41:00Z,BATCH-BBAS-5357
PO_B01_005358,Razorpay Nodal,AMZN-INV-665366 PO_B01_005358,161510,2468,0,0,159042,INR,2026-08-03T05:47:00Z,BATCH-AMZN-5358
PO_B01_005359,PayU Enterprise,UBER-INV-442782 PO_B01_005359,112568,2363,0,0,110205,INR,2026-08-03T15:27:00Z,BATCH-UBER-5359
PO_B01_005360,Razorpay Nodal,BBAS-INV-815422 PO_B01_005360,332820,5575,0,0,327245,INR,2026-08-03T04:42:00Z,BATCH-BBAS-5360
PO_B01_005361,PayU Enterprise,BKMS-INV-851455 PO_B01_005361,215680,3303,0,0,212377,INR,2026-08-03T09:49:00Z,BATCH-BKMS-5361
PO_B01_005362,Stripe India,SWIG-INV-740753 PO_B01_005362,78233,1666,0,0,76567,INR,2026-08-03T01:30:00Z,BATCH-SWIG-5362
PO_B01_005363,Razorpay Nodal,MMTR-EXC-818648-UNRESOLVED,224337,4476,0,0,219861,INR,2026-08-03T21:23:00Z,HOLD-ESCROW
PO_B01_005364,PayU Enterprise,FLPK-INV-944547 PO_B01_005364,64517,1400,0,0,63117,INR,2026-08-03T02:19:00Z,BATCH-FLPK-5364
PO_B01_005365,PayU Enterprise,TATA-ORD-559810 TATA-ORD-514088 BATCH-TATA-5365,275761,5515,0,0,270246,INR,2026-08-03T19:15:00Z,BATCH-TATA-5365
PO_B01_005366,BillDesk Settlement,NYKA-ORD-696068 NYKA-ORD-219273 NYKA-ORD-424994 BATCH-NYKA-5366,470353,9407,0,0,460946,INR,2026-08-03T08:28:00Z,BATCH-NYKA-5366
PO_B01_005367,PayU Enterprise,FLPK-INV-155141 PO_B01_005367,346804,5343,0,0,341461,INR,2026-08-03T14:54:00Z,BATCH-FLPK-5367
PO_B01_005368,Razorpay Nodal,MYNT-INV-824966 PO_B01_005368,251108,4017,0,0,247091,INR,2026-08-02T20:07:00Z,BATCH-MYNT-5368
PO_B01_005369,BillDesk Settlement,NYKA-INV-626563 PO_B01_005369,321285,7487,0,0,313798,INR,2026-08-04T00:49:00Z,BATCH-NYKA-5369
PO_B01_005370,Razorpay Nodal,MYNT-ORD-313211 MYNT-ORD-538000 BATCH-MYNT-5370,232604,4652,0,0,227952,INR,2026-08-03T09:16:00Z,BATCH-MYNT-5370
PO_B01_005371,BillDesk Settlement,AMZN-INV-408712 PO_B01_005371,195048,3822,0,0,191226,INR,2026-08-03T05:34:00Z,BATCH-AMZN-5371
PO_B01_005372,Stripe India,AMZN-INV-396214 PO_B01_005372,389853,7332,0,0,382521,INR,2026-08-03T12:45:00Z,BATCH-AMZN-5372
PO_B01_005373,Cashfree Escrow,BBAS-INV-252933 PO_B01_005373,397496,9909,0,0,387587,INR,2026-08-02T18:51:00Z,BATCH-BBAS-5373
PO_B01_005374,Razorpay Nodal,JIOO-ORD-341501 JIOO-ORD-228047 JIOO-ORD-301540 BATCH-JIOO-5374,543946,10878,0,0,533068,INR,2026-08-03T08:21:00Z,BATCH-JIOO-5374
PO_B01_005375,PayU Enterprise,BBAS-INV-663758 PO_B01_005375,36380,760,0,0,35620,INR,2026-08-02T23:23:00Z,BATCH-BBAS-5375
PO_B01_005376,PayU Enterprise,AMZN-INV-260407 PO_B01_005376,411427,8668,0,0,402759,INR,2026-08-03T06:49:00Z,BATCH-AMZN-5376
PO_B01_005377,Stripe India,MYNT-INV-265441 PO_B01_005377,26083,399,0,0,25684,INR,2026-08-03T21:02:00Z,BATCH-MYNT-5377
PO_B01_005378,PayU Enterprise,MMTR-INV-817117 PO_B01_005378,435252,9039,0,0,426213,INR,2026-08-02T15:14:00Z,BATCH-MMTR-5378
PO_B01_005379,PayU Enterprise,SWIG-ORD-354932 SWIG-ORD-978185 BATCH-SWIG-5379,164637,3292,0,0,161345,INR,2026-08-03T18:57:00Z,BATCH-SWIG-5379
PO_B01_005380,BillDesk Settlement,FLPK-INV-583435 PO_B01_005380,75041,1639,0,0,73402,INR,2026-08-03T13:50:00Z,BATCH-FLPK-5380
PO_B01_005381,Stripe India,AMZN-ORD-349833 AMZN-ORD-824781 AMZN-ORD-277895 BATCH-AMZN-5381,563693,11273,0,0,552420,INR,2026-08-03T17:02:00Z,BATCH-AMZN-5381
PO_B01_005382,PayU Enterprise,OLAA-INV-148293 PO_B01_005382,244063,4661,0,0,239402,INR,2026-08-03T13:32:00Z,BATCH-OLAA-5382
PO_B01_005383,Cashfree Escrow,PHNP-ORD-129916 PHNP-ORD-963549 BATCH-PHNP-5383,166852,3337,0,0,163515,INR,2026-08-03T13:21:00Z,BATCH-PHNP-5383
PO_B01_005384,Razorpay Nodal,JIOO-INV-584620 PO_B01_005384,441500,10324,0,0,431176,INR,2026-08-03T11:03:00Z,BATCH-JIOO-5384
PO_B01_005385,Stripe India,JIOO-INV-674867 PO_B01_005385,412829,6397,0,0,406432,INR,2026-08-03T04:13:00Z,BATCH-JIOO-5385
PO_B01_005386,BillDesk Settlement,TATA-INV-182398 PO_B01_005386,430494,8690,0,0,421804,INR,2026-08-03T18:02:00Z,BATCH-TATA-5386
PO_B01_005387,BillDesk Settlement,BLNK-INV-479067 PO_B01_005387,182730,3605,0,0,179125,INR,2026-08-03T00:39:00Z,BATCH-BLNK-5387
PO_B01_005388,BillDesk Settlement,PHNP-INV-771459 PO_B01_005388,372070,9300,0,0,362770,INR,2026-08-03T00:32:00Z,BATCH-PHNP-5388
PO_B01_005389,Razorpay Nodal,UBER-INV-653094 PO_B01_005389,228011,4353,0,0,223658,INR,2026-08-03T17:07:00Z,BATCH-UBER-5389
PO_B01_005390,PayU Enterprise,BBAS-INV-425639 PO_B01_005390,199724,4105,0,0,195619,INR,2026-08-03T02:29:00Z,BATCH-BBAS-5390
PO_B01_005391,BillDesk Settlement,ZOMA-INV-795345 PO_B01_005391,222769,4210,0,0,218559,INR,2026-08-03T10:37:00Z,BATCH-ZOMA-5391
PO_B01_005392,BillDesk Settlement,NYKA-INV-916378 PO_B01_005392,102826,2530,0,0,100296,INR,2026-08-03T06:08:00Z,BATCH-NYKA-5392
PO_B01_005393,Stripe India,PHNP-INV-727096 PO_B01_005393,320815,7254,0,0,313561,INR,2026-08-03T01:49:00Z,BATCH-PHNP-5393
PO_B01_005394,PayU Enterprise,TATA-INV-109642 PO_B01_005394,123350,2988,0,0,120362,INR,2026-08-03T14:46:00Z,BATCH-TATA-5394
PO_B01_005395,Cashfree Escrow,PHNP-ORD-410565 PHNP-ORD-550218 PHNP-ORD-462164 BATCH-PHNP-5395,590627,11812,0,0,578815,INR,2026-08-03T19:12:00Z,BATCH-PHNP-5395
PO_B01_005396,Razorpay Nodal,FLPK-INV-457664 PO_B01_005396,134250,2843,0,0,131407,INR,2026-08-03T13:46:00Z,BATCH-FLPK-5396
PO_B01_005397,Razorpay Nodal,PAYT-INV-280007 PO_B01_005397,439986,7989,0,0,431997,INR,2026-08-03T00:28:00Z,BATCH-PAYT-5397
PO_B01_005398,Cashfree Escrow,BBAS-INV-336035 PO_B01_005398,385984,6500,0,0,379484,INR,2026-08-03T19:55:00Z,BATCH-BBAS-5398
PO_B01_005399,PayU Enterprise,FLPK-INV-953453 PO_B01_005399,205192,3576,0,0,201616,INR,2026-08-03T07:40:00Z,BATCH-FLPK-5399
PO_B01_005400,Cashfree Escrow,BLNK-INV-690388 PO_B01_005400,311052,5043,0,0,306009,INR,2026-08-03T07:02:00Z,BATCH-BLNK-5400
PO_B01_005401,Cashfree Escrow,FLPK-INV-413299 PO_B01_005401,275444,5093,0,0,270351,INR,2026-08-03T05:37:00Z,BATCH-FLPK-5401
PO_B01_005402,PayU Enterprise,BBAS-INV-145973 PO_B01_005402,360854,6742,0,0,354112,INR,2026-08-03T12:04:00Z,BATCH-BBAS-5402
PO_B01_005403,Razorpay Nodal,PAYT-INV-318305 PO_B01_005403,72558,1432,0,0,71126,INR,2026-08-03T14:42:00Z,BATCH-PAYT-5403
PO_B01_005404,BillDesk Settlement,PAYT-INV-639433 PO_B01_005404,52301,949,0,0,51352,INR,2026-08-03T10:33:00Z,BATCH-PAYT-5404
PO_B01_005405,Razorpay Nodal,PHNP-EXC-278148-UNRESOLVED,53809,1066,0,0,52743,INR,2026-08-04T08:12:00Z,HOLD-ESCROW
PO_B01_005406,Razorpay Nodal,BLNK-INV-550256 PO_B01_005406,372225,8426,0,0,363799,INR,2026-08-03T10:20:00Z,BATCH-BLNK-5406
PO_B01_005407,Stripe India,TATA-INV-504967 PO_B01_005407,33295,588,0,0,32707,INR,2026-08-03T01:48:00Z,BATCH-TATA-5407
PO_B01_005408,Cashfree Escrow,PAYT-ORD-448364 PAYT-ORD-164018 BATCH-PAYT-5408,131378,2627,0,0,128751,INR,2026-08-03T09:15:00Z,BATCH-PAYT-5408
PO_B01_005409,Stripe India,FLPK-INV-403104 PO_B01_005409,64094,1552,0,0,62542,INR,2026-08-03T15:51:00Z,BATCH-FLPK-5409
PO_B01_005410,PayU Enterprise,MMTR-INV-228032 PO_B01_005410,104095,2539,0,0,101556,INR,2026-08-03T05:39:00Z,BATCH-MMTR-5410
PO_B01_005411,Stripe India,BBAS-ORD-565457 BBAS-ORD-328813 BBAS-ORD-990440 BATCH-BBAS-5411,374256,7485,0,0,366771,INR,2026-08-03T18:13:00Z,BATCH-BBAS-5411
PO_B01_005412,Razorpay Nodal,MYNT-INV-414886 PO_B01_005412,339840,7187,0,0,332653,INR,2026-08-03T22:22:00Z,BATCH-MYNT-5412
PO_B01_005413,Razorpay Nodal,TATA-ORD-867951 TATA-ORD-620052 BATCH-TATA-5413,306630,6132,0,0,300498,INR,2026-08-03T15:01:00Z,BATCH-TATA-5413
PO_B01_005414,Stripe India,BKMS-INV-796299 PO_B01_005414,47271,839,0,0,46432,INR,2026-08-03T05:01:00Z,BATCH-BKMS-5414
PO_B01_005415,PayU Enterprise,UBER-INV-498566 PO_B01_005415,227543,5459,0,0,222084,INR,2026-08-03T00:34:00Z,BATCH-UBER-5415
PO_B01_005416,BillDesk Settlement,PAYT-INV-764350 PO_B01_005416,314607,6099,0,0,308508,INR,2026-08-03T04:59:00Z,BATCH-PAYT-5416
PO_B01_005417,Stripe India,ZOMA-INV-388446 PO_B01_005417,232903,3795,0,0,229108,INR,2026-08-02T16:08:00Z,BATCH-ZOMA-5417
PO_B01_005418,BillDesk Settlement,PHNP-INV-809470 PO_B01_005418,60740,1098,0,0,59642,INR,2026-08-03T09:10:00Z,BATCH-PHNP-5418
PO_B01_005419,Razorpay Nodal,AMZN-INV-130120 PO_B01_005419,202484,4538,0,0,197946,INR,2026-08-03T11:55:00Z,BATCH-AMZN-5419
PO_B01_005420,Razorpay Nodal,NYKA-ORD-695156 NYKA-ORD-545040 BATCH-NYKA-5420,302356,6047,0,0,296309,INR,2026-08-03T17:12:00Z,BATCH-NYKA-5420
PO_B01_005421,Cashfree Escrow,PHNP-INV-170114 PO_B01_005421,292014,7088,0,0,284926,INR,2026-08-03T10:38:00Z,BATCH-PHNP-5421
PO_B01_005422,BillDesk Settlement,BKMS-INV-911345 PO_B01_005422,144082,3331,0,0,140751,INR,2026-08-03T04:28:00Z,BATCH-BKMS-5422
PO_B01_005423,BillDesk Settlement,SWIG-ORD-904507 SWIG-ORD-782974 BATCH-SWIG-5423,268677,5373,0,0,263304,INR,2026-08-03T03:37:00Z,BATCH-SWIG-5423
PO_B01_005424,Razorpay Nodal,ZOMA-INV-194474 PO_B01_005424,182620,3648,0,0,178972,INR,2026-08-03T00:57:00Z,BATCH-ZOMA-5424
PO_B01_005425,BillDesk Settlement,TATA-EXC-234311-UNRESOLVED,69906,1388,0,0,68518,INR,2026-08-04T04:53:00Z,HOLD-ESCROW
PO_B01_005426,Razorpay Nodal,MYNT-ORD-559303 MYNT-ORD-635397 MYNT-ORD-582109 BATCH-MYNT-5426,376222,7524,0,0,368698,INR,2026-08-03T16:35:00Z,BATCH-MYNT-5426
PO_B01_005427,Cashfree Escrow,FLPK-ORD-575412 FLPK-ORD-327200 FLPK-ORD-140261 BATCH-FLPK-5427,319186,6383,0,0,312803,INR,2026-08-03T18:16:00Z,BATCH-FLPK-5427
PO_B01_005428,BillDesk Settlement,PAYT-ORD-218838 PAYT-ORD-663247 BATCH-PAYT-5428,82563,1651,0,0,80912,INR,2026-08-02T22:48:00Z,BATCH-PAYT-5428
PO_B01_005429,PayU Enterprise,UBER-ORD-455708 UBER-ORD-996531 UBER-ORD-226243 BATCH-UBER-5429,273720,5474,0,0,268246,INR,2026-08-03T10:04:00Z,BATCH-UBER-5429
PO_B01_005430,Cashfree Escrow,NYKA-INV-513639 PO_B01_005430,188237,2874,0,0,185363,INR,2026-08-03T18:28:00Z,BATCH-NYKA-5430
PO_B01_005431,PayU Enterprise,AMZN-INV-356352 PO_B01_005431,203959,4136,0,0,199823,INR,2026-08-03T11:36:00Z,BATCH-AMZN-5431
PO_B01_005432,Stripe India,PAYT-EXC-325958-UNRESOLVED,58526,1160,0,0,57366,INR,2026-08-03T18:26:00Z,HOLD-ESCROW
PO_B01_005433,Razorpay Nodal,BLNK-INV-503666 PO_B01_005433,388851,7075,0,0,381776,INR,2026-08-03T03:53:00Z,BATCH-BLNK-5433
PO_B01_005434,Stripe India,BKMS-INV-572633 PO_B01_005434,235698,5394,0,0,230304,INR,2026-08-03T05:56:00Z,BATCH-BKMS-5434
PO_B01_005435,Razorpay Nodal,BBAS-EXC-393497-UNRESOLVED,120036,2390,0,0,117646,INR,2026-08-03T13:07:00Z,HOLD-ESCROW
PO_B01_005436,PayU Enterprise,MYNT-ORD-353177 MYNT-ORD-498205 MYNT-ORD-289119 BATCH-MYNT-5436,286181,5723,0,0,280458,INR,2026-08-03T15:49:00Z,BATCH-MYNT-5436
PO_B01_005437,PayU Enterprise,PHNP-INV-371705 PO_B01_005437,384020,6717,0,0,377303,INR,2026-08-03T15:23:00Z,BATCH-PHNP-5437
PO_B01_005438,PayU Enterprise,NYKA-INV-815027 PO_B01_005438,273099,4865,0,0,268234,INR,2026-08-03T03:25:00Z,BATCH-NYKA-5438
PO_B01_005439,PayU Enterprise,UBER-INV-348155 PO_B01_005439,320582,6785,0,0,313797,INR,2026-08-02T16:19:00Z,BATCH-UBER-5439
PO_B01_005440,Stripe India,JIOO-INV-633394 PO_B01_005440,52631,814,0,0,51817,INR,2026-08-03T14:08:00Z,BATCH-JIOO-5440
PO_B01_005441,Stripe India,FLPK-INV-448469 PO_B01_005441,264681,5765,0,0,258916,INR,2026-08-03T06:38:00Z,BATCH-FLPK-5441
PO_B01_005442,Stripe India,TATA-ORD-136698 TATA-ORD-365230 TATA-ORD-300695 BATCH-TATA-5442,549872,10997,0,0,538875,INR,2026-08-03T11:04:00Z,BATCH-TATA-5442
PO_B01_005443,PayU Enterprise,UBER-ORD-331301 UBER-ORD-798234 UBER-ORD-791387 BATCH-UBER-5443,485920,9718,0,0,476202,INR,2026-08-03T08:56:00Z,BATCH-UBER-5443
PO_B01_005444,Cashfree Escrow,ZOMA-ORD-767857 ZOMA-ORD-884284 ZOMA-ORD-776904 BATCH-ZOMA-5444,461918,9238,0,0,452680,INR,2026-08-03T11:38:00Z,BATCH-ZOMA-5444
PO_B01_005445,PayU Enterprise,BKMS-INV-203965 PO_B01_005445,370414,6304,0,0,364110,INR,2026-08-03T17:05:00Z,BATCH-BKMS-5445
PO_B01_005446,Stripe India,UBER-INV-531631 PO_B01_005446,207215,4603,0,0,202612,INR,2026-08-03T15:28:00Z,BATCH-UBER-5446
PO_B01_005447,Stripe India,NYKA-INV-643494 PO_B01_005447,89548,2173,0,0,87375,INR,2026-08-04T01:00:00Z,BATCH-NYKA-5447
PO_B01_005448,Razorpay Nodal,UBER-ORD-131636 UBER-ORD-416145 BATCH-UBER-5448,415463,8309,0,0,407154,INR,2026-08-03T18:00:00Z,BATCH-UBER-5448
PO_B01_005449,PayU Enterprise,TATA-EXC-546481-UNRESOLVED,199839,3986,0,0,195853,INR,2026-08-04T05:16:00Z,HOLD-ESCROW
PO_B01_005450,Cashfree Escrow,BLNK-EXC-768199-UNRESOLVED,168282,3355,0,0,164927,INR,2026-08-04T03:19:00Z,HOLD-ESCROW
PO_B01_005451,Razorpay Nodal,BBAS-INV-468643 PO_B01_005451,365758,6348,0,0,359410,INR,2026-08-03T20:23:00Z,BATCH-BBAS-5451
PO_B01_005452,Stripe India,UBER-ORD-784869 UBER-ORD-547042 BATCH-UBER-5452,133865,2677,0,0,131188,INR,2026-08-03T19:48:00Z,BATCH-UBER-5452
PO_B01_005453,BillDesk Settlement,BBAS-INV-242921 PO_B01_005453,330873,7971,0,0,322902,INR,2026-08-03T07:29:00Z,BATCH-BBAS-5453
PO_B01_005454,Stripe India,UBER-ORD-319268 UBER-ORD-858505 BATCH-UBER-5454,355899,7117,0,0,348782,INR,2026-08-03T00:14:00Z,BATCH-UBER-5454
PO_B01_005455,PayU Enterprise,BBAS-INV-685778 PO_B01_005455,140134,2884,0,0,137250,INR,2026-08-03T14:27:00Z,BATCH-BBAS-5455
PO_B01_005456,PayU Enterprise,PHNP-EXC-531213-UNRESOLVED,161947,3228,0,0,158719,INR,2026-08-04T04:42:00Z,HOLD-ESCROW
PO_B01_005457,BillDesk Settlement,BBAS-INV-718135 PO_B01_005457,261598,5090,0,0,256508,INR,2026-08-03T15:24:00Z,BATCH-BBAS-5457
PO_B01_005458,Stripe India,BBAS-INV-545180 PO_B01_005458,89724,1770,0,0,87954,INR,2026-08-03T07:24:00Z,BATCH-BBAS-5458
PO_B01_005459,Cashfree Escrow,BBAS-INV-327263 PO_B01_005459,339667,6101,0,0,333566,INR,2026-08-03T06:51:00Z,BATCH-BBAS-5459
PO_B01_005460,BillDesk Settlement,PHNP-INV-692488 PO_B01_005460,248484,4428,0,0,244056,INR,2026-08-03T08:53:00Z,BATCH-PHNP-5460
PO_B01_005461,Razorpay Nodal,TATA-ORD-251383 TATA-ORD-695735 BATCH-TATA-5461,363756,7275,0,0,356481,INR,2026-08-03T03:09:00Z,BATCH-TATA-5461
PO_B01_005462,Stripe India,NYKA-INV-869244 PO_B01_005462,116565,2735,0,0,113830,INR,2026-08-02T21:18:00Z,BATCH-NYKA-5462
PO_B01_005463,Razorpay Nodal,ZOMA-INV-668190 PO_B01_005463,228131,4055,0,0,224076,INR,2026-08-03T17:22:00Z,BATCH-ZOMA-5463
PO_B01_005464,BillDesk Settlement,PHNP-INV-728874 PO_B01_005464,400065,6974,0,0,393091,INR,2026-08-03T23:26:00Z,BATCH-PHNP-5464
PO_B01_005465,Cashfree Escrow,PAYT-INV-436151 PO_B01_005465,219386,4763,0,0,214623,INR,2026-08-03T14:21:00Z,BATCH-PAYT-5465
PO_B01_005466,PayU Enterprise,MMTR-EXC-139212-UNRESOLVED,120872,2407,0,0,118465,INR,2026-08-03T18:12:00Z,HOLD-ESCROW
PO_B01_005467,Cashfree Escrow,PAYT-ORD-872146 PAYT-ORD-649862 BATCH-PAYT-5467,253426,5068,0,0,248358,INR,2026-08-02T22:03:00Z,BATCH-PAYT-5467
PO_B01_005468,Stripe India,UBER-INV-584760 PO_B01_005468,166835,3778,0,0,163057,INR,2026-08-03T09:49:00Z,BATCH-UBER-5468
PO_B01_005469,BillDesk Settlement,AMZN-INV-221531 PO_B01_005469,247202,5432,0,0,241770,INR,2026-08-03T22:51:00Z,BATCH-AMZN-5469
PO_B01_005470,Stripe India,ZOMA-INV-269545 PO_B01_005470,331757,6080,0,0,325677,INR,2026-08-02T17:20:00Z,BATCH-ZOMA-5470
PO_B01_005471,PayU Enterprise,BKMS-INV-964104 PO_B01_005471,149411,3090,0,0,146321,INR,2026-08-03T10:05:00Z,BATCH-BKMS-5471
PO_B01_005472,Cashfree Escrow,FLPK-ORD-659740 FLPK-ORD-135827 BATCH-FLPK-5472,125317,2506,0,0,122811,INR,2026-08-03T05:34:00Z,BATCH-FLPK-5472
PO_B01_005473,BillDesk Settlement,PHNP-ORD-549699 PHNP-ORD-932316 BATCH-PHNP-5473,298958,5979,0,0,292979,INR,2026-08-03T02:38:00Z,BATCH-PHNP-5473
PO_B01_005474,Razorpay Nodal,BKMS-INV-881630 PO_B01_005474,70430,1344,0,0,69086,INR,2026-08-03T04:10:00Z,BATCH-BKMS-5474
PO_B01_005475,BillDesk Settlement,OLAA-INV-945119 PO_B01_005475,283384,7009,0,0,276375,INR,2026-08-03T05:43:00Z,BATCH-OLAA-5475
PO_B01_005476,Cashfree Escrow,NYKA-EXC-134959-UNRESOLVED,74343,1476,0,0,72867,INR,2026-08-04T00:47:00Z,HOLD-ESCROW
PO_B01_005477,Cashfree Escrow,FLPK-INV-990174 PO_B01_005477,76944,1448,0,0,75496,INR,2026-08-03T11:40:00Z,BATCH-FLPK-5477
PO_B01_005478,PayU Enterprise,AMZN-ORD-905546 AMZN-ORD-887997 BATCH-AMZN-5478,203987,4079,0,0,199908,INR,2026-08-03T05:44:00Z,BATCH-AMZN-5478
PO_B01_005479,Razorpay Nodal,PAYT-INV-841260 PO_B01_005479,134665,3360,0,0,131305,INR,2026-08-03T19:23:00Z,BATCH-PAYT-5479
PO_B01_005480,Stripe India,PHNP-INV-762797 PO_B01_005480,187622,3072,0,0,184550,INR,2026-08-03T12:47:00Z,BATCH-PHNP-5480
PO_B01_005481,Cashfree Escrow,MMTR-INV-406063 PO_B01_005481,111718,2723,0,0,108995,INR,2026-08-03T15:41:00Z,BATCH-MMTR-5481
PO_B01_005482,PayU Enterprise,SWIG-INV-986537 PO_B01_005482,378893,9463,0,0,369430,INR,2026-08-03T05:23:00Z,BATCH-SWIG-5482
PO_B01_005483,PayU Enterprise,PAYT-INV-618823 PO_B01_005483,449450,9997,0,0,439453,INR,2026-08-03T11:06:00Z,BATCH-PAYT-5483
PO_B01_005484,Cashfree Escrow,FLPK-INV-143139 PO_B01_005484,219334,5458,0,0,213876,INR,2026-08-03T01:22:00Z,BATCH-FLPK-5484
PO_B01_005485,PayU Enterprise,FLPK-INV-513336 PO_B01_005485,193673,4783,0,0,188890,INR,2026-08-03T07:36:00Z,BATCH-FLPK-5485
PO_B01_005486,BillDesk Settlement,MYNT-ORD-505817 MYNT-ORD-223090 MYNT-ORD-159709 BATCH-MYNT-5486,290923,5818,0,0,285105,INR,2026-08-03T10:05:00Z,BATCH-MYNT-5486
PO_B01_005487,BillDesk Settlement,NYKA-INV-416657 PO_B01_005487,417887,9393,0,0,408494,INR,2026-08-03T00:40:00Z,BATCH-NYKA-5487
PO_B01_005488,BillDesk Settlement,AMZN-INV-525168 PO_B01_005488,267290,5441,0,0,261849,INR,2026-08-03T12:34:00Z,BATCH-AMZN-5488
PO_B01_005489,BillDesk Settlement,OLAA-INV-366453 PO_B01_005489,67432,1266,0,0,66166,INR,2026-08-03T17:30:00Z,BATCH-OLAA-5489
PO_B01_005490,Stripe India,BBAS-INV-488864 PO_B01_005490,176810,3620,0,0,173190,INR,2026-08-03T16:21:00Z,BATCH-BBAS-5490
PO_B01_005491,BillDesk Settlement,UBER-INV-490604 PO_B01_005491,252293,6027,0,0,246266,INR,2026-08-03T17:52:00Z,BATCH-UBER-5491
PO_B01_005492,Stripe India,BBAS-INV-320529 PO_B01_005492,79607,1626,0,0,77981,INR,2026-08-03T14:00:00Z,BATCH-BBAS-5492
PO_B01_005493,PayU Enterprise,FLPK-INV-998425 PO_B01_005493,176691,3452,0,0,173239,INR,2026-08-03T05:42:00Z,BATCH-FLPK-5493
PO_B01_005494,Razorpay Nodal,PAYT-INV-801355 PO_B01_005494,407503,9376,0,0,398127,INR,2026-08-03T13:55:00Z,BATCH-PAYT-5494
PO_B01_005495,Stripe India,PAYT-INV-124783 PO_B01_005495,406132,8449,0,0,397683,INR,2026-08-03T16:55:00Z,BATCH-PAYT-5495
PO_B01_005496,PayU Enterprise,BKMS-ORD-463152 BKMS-ORD-133873 BATCH-BKMS-5496,101497,2029,0,0,99468,INR,2026-08-03T19:18:00Z,BATCH-BKMS-5496
PO_B01_005497,BillDesk Settlement,PHNP-INV-583023 PO_B01_005497,429645,7546,0,0,422099,INR,2026-08-03T17:39:00Z,BATCH-PHNP-5497
PO_B01_005498,Stripe India,UBER-INV-995949 PO_B01_005498,278621,4338,0,0,274283,INR,2026-08-03T07:06:00Z,BATCH-UBER-5498
PO_B01_005499,PayU Enterprise,UBER-ORD-613448 UBER-ORD-435212 UBER-ORD-625780 BATCH-UBER-5499,352238,7044,0,0,345194,INR,2026-08-03T06:51:00Z,BATCH-UBER-5499
PO_B01_005500,BillDesk Settlement,MMTR-ORD-753700 MMTR-ORD-333756 BATCH-MMTR-5500,183423,3668,0,0,179755,INR,2026-08-03T03:00:00Z,BATCH-MMTR-5500
PO_B01_005501,PayU Enterprise,PAYT-ORD-752838 PAYT-ORD-563318 PAYT-ORD-585040 BATCH-PAYT-5501,237207,4744,0,0,232463,INR,2026-08-03T03:08:00Z,BATCH-PAYT-5501
PO_B01_005502,Cashfree Escrow,TATA-INV-684483 PO_B01_005502,260458,5154,0,0,255304,INR,2026-08-03T20:09:00Z,BATCH-TATA-5502
PO_B01_005503,BillDesk Settlement,NYKA-INV-813686 PO_B01_005503,340852,6116,0,0,334736,INR,2026-08-03T18:22:00Z,BATCH-NYKA-5503
PO_B01_005504,Razorpay Nodal,ZOMA-INV-153257 PO_B01_005504,134150,2733,0,0,131417,INR,2026-08-02T22:35:00Z,BATCH-ZOMA-5504
PO_B01_005505,PayU Enterprise,ZOMA-ORD-552562 ZOMA-ORD-222696 ZOMA-ORD-975277 BATCH-ZOMA-5505,489264,9785,0,0,479479,INR,2026-08-03T20:43:00Z,BATCH-ZOMA-5505
PO_B01_005506,Stripe India,NYKA-ORD-524787 NYKA-ORD-217624 NYKA-ORD-639570 BATCH-NYKA-5506,260282,5205,0,0,255077,INR,2026-08-03T19:54:00Z,BATCH-NYKA-5506
PO_B01_005507,BillDesk Settlement,BLNK-INV-835248 PO_B01_005507,304399,5619,0,0,298780,INR,2026-08-03T18:21:00Z,BATCH-BLNK-5507
PO_B01_005508,BillDesk Settlement,AMZN-INV-133972 PO_B01_005508,168750,2780,0,0,165970,INR,2026-08-03T04:43:00Z,BATCH-AMZN-5508
PO_B01_005509,PayU Enterprise,UBER-INV-145186 PO_B01_005509,219177,4186,0,0,214991,INR,2026-08-03T19:15:00Z,BATCH-UBER-5509
PO_B01_005510,Cashfree Escrow,AMZN-ORD-607605 AMZN-ORD-385934 BATCH-AMZN-5510,152529,3050,0,0,149479,INR,2026-08-03T06:22:00Z,BATCH-AMZN-5510
PO_B01_005511,Cashfree Escrow,MMTR-INV-247927 PO_B01_005511,27698,660,0,0,27038,INR,2026-08-03T08:57:00Z,BATCH-MMTR-5511
PO_B01_005512,Stripe India,PHNP-INV-671080 PO_B01_005512,290879,5689,0,0,285190,INR,2026-08-03T02:26:00Z,BATCH-PHNP-5512
PO_B01_005513,BillDesk Settlement,OLAA-ORD-130611 OLAA-ORD-822439 BATCH-OLAA-5513,139811,2796,0,0,137015,INR,2026-08-02T21:19:00Z,BATCH-OLAA-5513
PO_B01_005514,PayU Enterprise,PAYT-INV-892105 PO_B01_005514,153936,2844,0,0,151092,INR,2026-08-03T05:48:00Z,BATCH-PAYT-5514
PO_B01_005515,Razorpay Nodal,MYNT-INV-599707 PO_B01_005515,192787,3103,0,0,189684,INR,2026-08-03T18:38:00Z,BATCH-MYNT-5515
PO_B01_005516,PayU Enterprise,MMTR-INV-907018 PO_B01_005516,388000,8545,0,0,379455,INR,2026-08-03T09:18:00Z,BATCH-MMTR-5516
PO_B01_005517,BillDesk Settlement,BBAS-INV-878697 PO_B01_005517,90004,1851,0,0,88153,INR,2026-08-03T06:23:00Z,BATCH-BBAS-5517
PO_B01_005518,Cashfree Escrow,ZOMA-INV-968680 PO_B01_005518,169468,3698,0,0,165770,INR,2026-08-03T11:14:00Z,BATCH-ZOMA-5518
PO_B01_005519,PayU Enterprise,NYKA-INV-992050 PO_B01_005519,139553,2766,0,0,136787,INR,2026-08-03T03:44:00Z,BATCH-NYKA-5519
PO_B01_005520,Cashfree Escrow,UBER-INV-301850 PO_B01_005520,424233,7142,0,0,417091,INR,2026-08-03T15:21:00Z,BATCH-UBER-5520
PO_B01_005521,Cashfree Escrow,UBER-INV-417978 PO_B01_005521,386116,7562,0,0,378554,INR,2026-08-03T06:09:00Z,BATCH-UBER-5521
PO_B01_005522,Razorpay Nodal,PHNP-INV-613645 PO_B01_005522,388123,5941,0,0,382182,INR,2026-08-03T08:19:00Z,BATCH-PHNP-5522
PO_B01_005523,Razorpay Nodal,NYKA-INV-130708 PO_B01_005523,441848,8806,0,0,433042,INR,2026-08-02T23:09:00Z,BATCH-NYKA-5523
PO_B01_005524,PayU Enterprise,BBAS-INV-409401 PO_B01_005524,120889,2920,0,0,117969,INR,2026-08-03T04:20:00Z,BATCH-BBAS-5524
PO_B01_005525,BillDesk Settlement,PAYT-INV-624000 PO_B01_005525,430196,9471,0,0,420725,INR,2026-08-02T19:13:00Z,BATCH-PAYT-5525
PO_B01_005526,Razorpay Nodal,SWIG-INV-222846 PO_B01_005526,91514,2200,0,0,89314,INR,2026-08-03T13:57:00Z,BATCH-SWIG-5526
PO_B01_005527,PayU Enterprise,NYKA-INV-682970 PO_B01_005527,261987,4533,0,0,257454,INR,2026-08-03T09:24:00Z,BATCH-NYKA-5527
PO_B01_005528,BillDesk Settlement,OLAA-INV-513297 PO_B01_005528,401180,8791,0,0,392389,INR,2026-08-02T17:45:00Z,BATCH-OLAA-5528
PO_B01_005529,Razorpay Nodal,AMZN-INV-732472 PO_B01_005529,336724,7890,0,0,328834,INR,2026-08-02T20:06:00Z,BATCH-AMZN-5529
PO_B01_005530,Cashfree Escrow,NYKA-INV-765695 PO_B01_005530,305252,4619,0,0,300633,INR,2026-08-03T03:10:00Z,BATCH-NYKA-5530
PO_B01_005531,PayU Enterprise,FLPK-INV-343067 PO_B01_005531,369354,8391,0,0,360963,INR,2026-08-03T07:17:00Z,BATCH-FLPK-5531
PO_B01_005532,Razorpay Nodal,BKMS-INV-325183 PO_B01_005532,268426,6019,0,0,262407,INR,2026-08-03T06:15:00Z,BATCH-BKMS-5532
PO_B01_005533,Stripe India,NYKA-EXC-242594-UNRESOLVED,109663,2183,0,0,107480,INR,2026-08-03T15:19:00Z,HOLD-ESCROW
PO_B01_005534,PayU Enterprise,PAYT-INV-597938 PO_B01_005534,197942,4566,0,0,193376,INR,2026-08-03T20:21:00Z,BATCH-PAYT-5534
PO_B01_005535,Stripe India,OLAA-INV-981936 PO_B01_005535,348162,8221,0,0,339941,INR,2026-08-03T05:47:00Z,BATCH-OLAA-5535
PO_B01_005536,Stripe India,NYKA-INV-677294 PO_B01_005536,389558,8938,0,0,380620,INR,2026-08-03T03:59:00Z,BATCH-NYKA-5536
PO_B01_005537,PayU Enterprise,OLAA-INV-171856 PO_B01_005537,136883,3098,0,0,133785,INR,2026-08-03T04:42:00Z,BATCH-OLAA-5537
PO_B01_005538,Razorpay Nodal,FLPK-INV-136873 PO_B01_005538,440050,8008,0,0,432042,INR,2026-08-03T05:16:00Z,BATCH-FLPK-5538
PO_B01_005539,Stripe India,OLAA-ORD-403416 OLAA-ORD-756946 BATCH-OLAA-5539,109476,2189,0,0,107287,INR,2026-08-03T18:29:00Z,BATCH-OLAA-5539
PO_B01_005540,Cashfree Escrow,PHNP-INV-952539 PO_B01_005540,114357,2590,0,0,111767,INR,2026-08-03T13:12:00Z,BATCH-PHNP-5540
PO_B01_005541,BillDesk Settlement,PHNP-INV-475646 PO_B01_005541,388906,7401,0,0,381505,INR,2026-08-03T10:23:00Z,BATCH-PHNP-5541
PO_B01_005542,BillDesk Settlement,JIOO-INV-964762 PO_B01_005542,53004,1101,0,0,51903,INR,2026-08-03T00:35:00Z,BATCH-JIOO-5542
PO_B01_005543,Cashfree Escrow,ZOMA-INV-500087 PO_B01_005543,224529,4306,0,0,220223,INR,2026-08-03T09:01:00Z,BATCH-ZOMA-5543
PO_B01_005544,Cashfree Escrow,UBER-INV-389194 PO_B01_005544,263309,4031,0,0,259278,INR,2026-08-03T11:49:00Z,BATCH-UBER-5544
PO_B01_005545,Razorpay Nodal,NYKA-INV-738232 PO_B01_005545,222426,3760,0,0,218666,INR,2026-08-03T03:22:00Z,BATCH-NYKA-5545
PO_B01_005546,PayU Enterprise,MMTR-INV-787482 PO_B01_005546,340320,5361,0,0,334959,INR,2026-08-02T21:48:00Z,BATCH-MMTR-5546
PO_B01_005547,Cashfree Escrow,NYKA-INV-231723 PO_B01_005547,138909,2186,0,0,136723,INR,2026-08-03T09:32:00Z,BATCH-NYKA-5547
PO_B01_005548,Stripe India,OLAA-INV-423904 PO_B01_005548,49211,1060,0,0,48151,INR,2026-08-03T07:14:00Z,BATCH-OLAA-5548
PO_B01_005549,Razorpay Nodal,OLAA-INV-529632 PO_B01_005549,403977,8709,0,0,395268,INR,2026-08-03T09:48:00Z,BATCH-OLAA-5549
PO_B01_005550,Razorpay Nodal,JIOO-INV-682629 PO_B01_005550,333135,6271,0,0,326864,INR,2026-08-03T00:43:00Z,BATCH-JIOO-5550
PO_B01_005551,Stripe India,SWIG-INV-301119 PO_B01_005551,268922,5922,0,0,263000,INR,2026-08-03T05:23:00Z,BATCH-SWIG-5551
PO_B01_005552,PayU Enterprise,FLPK-ORD-248363 FLPK-ORD-615064 FLPK-ORD-969118 BATCH-FLPK-5552,465330,9306,0,0,456024,INR,2026-08-03T09:01:00Z,BATCH-FLPK-5552
PO_B01_005553,Razorpay Nodal,BKMS-INV-261595 PO_B01_005553,82264,1619,0,0,80645,INR,2026-08-03T22:47:00Z,BATCH-BKMS-5553
PO_B01_005554,Razorpay Nodal,BLNK-INV-100616 PO_B01_005554,152879,3246,0,0,149633,INR,2026-08-03T11:32:00Z,BATCH-BLNK-5554
PO_B01_005555,Stripe India,PAYT-INV-738524 PO_B01_005555,206248,3785,0,0,202463,INR,2026-08-03T06:07:00Z,BATCH-PAYT-5555
PO_B01_005556,Stripe India,AMZN-ORD-493473 AMZN-ORD-903916 BATCH-AMZN-5556,296590,5931,0,0,290659,INR,2026-08-03T00:41:00Z,BATCH-AMZN-5556
PO_B01_005557,PayU Enterprise,TATA-INV-859992 PO_B01_005557,169845,3423,0,0,166422,INR,2026-08-03T13:46:00Z,BATCH-TATA-5557
PO_B01_005558,Stripe India,PAYT-INV-239740 PO_B01_005558,116812,2066,0,0,114746,INR,2026-08-03T20:55:00Z,BATCH-PAYT-5558
PO_B01_005559,Cashfree Escrow,BBAS-INV-778381 PO_B01_005559,325795,5933,0,0,319862,INR,2026-08-03T08:27:00Z,BATCH-BBAS-5559
PO_B01_005560,Cashfree Escrow,BKMS-EXC-618670-UNRESOLVED,263007,5250,0,0,257757,INR,2026-08-03T09:53:00Z,HOLD-ESCROW
PO_B01_005561,PayU Enterprise,AMZN-INV-827789 PO_B01_005561,212543,5047,0,0,207496,INR,2026-08-03T13:32:00Z,BATCH-AMZN-5561
PO_B01_005562,Stripe India,BKMS-INV-282574 PO_B01_005562,135568,3031,0,0,132537,INR,2026-08-02T22:40:00Z,BATCH-BKMS-5562
PO_B01_005563,PayU Enterprise,FLPK-INV-390426 PO_B01_005563,449372,7760,0,0,441612,INR,2026-08-02T22:47:00Z,BATCH-FLPK-5563
PO_B01_005564,PayU Enterprise,BLNK-INV-676393 PO_B01_005564,127576,2929,0,0,124647,INR,2026-08-03T09:18:00Z,BATCH-BLNK-5564
PO_B01_005565,BillDesk Settlement,ZOMA-ORD-609994 ZOMA-ORD-796426 BATCH-ZOMA-5565,258132,5162,0,0,252970,INR,2026-08-03T20:14:00Z,BATCH-ZOMA-5565
PO_B01_005566,Razorpay Nodal,UBER-INV-694826 PO_B01_005566,335535,7548,0,0,327987,INR,2026-08-03T13:48:00Z,BATCH-UBER-5566
PO_B01_005567,Stripe India,BKMS-INV-490692 PO_B01_005567,324410,5178,0,0,319232,INR,2026-08-02T23:14:00Z,BATCH-BKMS-5567
PO_B01_005568,Stripe India,PAYT-INV-996034 PO_B01_005568,267311,4165,0,0,263146,INR,2026-08-03T18:58:00Z,BATCH-PAYT-5568
PO_B01_005569,Stripe India,BKMS-INV-520000 PO_B01_005569,344077,7230,0,0,336847,INR,2026-08-03T13:25:00Z,BATCH-BKMS-5569
PO_B01_005570,Stripe India,MYNT-INV-843704 PO_B01_005570,217900,3796,0,0,214104,INR,2026-08-03T09:28:00Z,BATCH-MYNT-5570
PO_B01_005571,Cashfree Escrow,TATA-ORD-779409 TATA-ORD-306268 BATCH-TATA-5571,362204,7244,0,0,354960,INR,2026-08-03T15:15:00Z,BATCH-TATA-5571
PO_B01_005572,BillDesk Settlement,AMZN-INV-958381 PO_B01_005572,226946,3552,0,0,223394,INR,2026-08-03T00:10:00Z,BATCH-AMZN-5572
PO_B01_005573,Stripe India,BLNK-ORD-638370 BLNK-ORD-388796 BATCH-BLNK-5573,240624,4812,0,0,235812,INR,2026-08-03T19:37:00Z,BATCH-BLNK-5573
PO_B01_005574,PayU Enterprise,BKMS-INV-897036 PO_B01_005574,219074,3393,0,0,215681,INR,2026-08-03T03:51:00Z,BATCH-BKMS-5574
PO_B01_005575,Stripe India,UBER-ORD-935076 UBER-ORD-761425 BATCH-UBER-5575,173664,3473,0,0,170191,INR,2026-08-03T11:13:00Z,BATCH-UBER-5575
PO_B01_005576,PayU Enterprise,PAYT-INV-101642 PO_B01_005576,103575,2017,0,0,101558,INR,2026-08-02T23:52:00Z,BATCH-PAYT-5576
PO_B01_005577,Cashfree Escrow,PAYT-INV-417565 PO_B01_005577,36727,719,0,0,36008,INR,2026-08-02T19:41:00Z,BATCH-PAYT-5577
PO_B01_005578,Cashfree Escrow,BLNK-INV-264393 PO_B01_005578,97877,1696,0,0,96181,INR,2026-08-03T18:09:00Z,BATCH-BLNK-5578
PO_B01_005579,Razorpay Nodal,JIOO-INV-612752 PO_B01_005579,306437,6553,0,0,299884,INR,2026-08-03T06:25:00Z,BATCH-JIOO-5579
PO_B01_005580,Razorpay Nodal,PAYT-ORD-229697 PAYT-ORD-646181 PAYT-ORD-867350 BATCH-PAYT-5580,548030,10960,0,0,537070,INR,2026-08-03T08:57:00Z,BATCH-PAYT-5580
PO_B01_005581,PayU Enterprise,TATA-INV-357785 PO_B01_005581,52190,886,0,0,51304,INR,2026-08-03T10:05:00Z,BATCH-TATA-5581
PO_B01_005582,Razorpay Nodal,MYNT-INV-411770 PO_B01_005582,191136,3230,0,0,187906,INR,2026-08-03T14:15:00Z,BATCH-MYNT-5582
PO_B01_005583,Cashfree Escrow,AMZN-INV-427097 PO_B01_005583,416945,9915,0,0,407030,INR,2026-08-02T21:02:00Z,BATCH-AMZN-5583
PO_B01_005584,PayU Enterprise,NYKA-INV-619742 PO_B01_005584,404556,8826,0,0,395730,INR,2026-08-03T02:37:00Z,BATCH-NYKA-5584
PO_B01_005585,Cashfree Escrow,OLAA-INV-474778 PO_B01_005585,260056,5465,0,0,254591,INR,2026-08-03T10:55:00Z,BATCH-OLAA-5585
PO_B01_005586,Cashfree Escrow,NYKA-INV-870933 PO_B01_005586,437657,10267,0,0,427390,INR,2026-08-03T09:16:00Z,BATCH-NYKA-5586
PO_B01_005587,Stripe India,PAYT-INV-168823 PO_B01_005587,317336,5698,0,0,311638,INR,2026-08-03T11:44:00Z,BATCH-PAYT-5587
PO_B01_005588,Stripe India,UBER-INV-149540 PO_B01_005588,250342,3924,0,0,246418,INR,2026-08-03T16:49:00Z,BATCH-UBER-5588
PO_B01_005589,BillDesk Settlement,FLPK-ORD-449397 FLPK-ORD-459304 FLPK-ORD-971084 BATCH-FLPK-5589,359764,7195,0,0,352569,INR,2026-08-03T15:30:00Z,BATCH-FLPK-5589
PO_B01_005590,Stripe India,AMZN-INV-935072 PO_B01_005590,407477,7088,0,0,400389,INR,2026-08-03T12:08:00Z,BATCH-AMZN-5590
PO_B01_005591,Cashfree Escrow,BLNK-INV-336053 PO_B01_005591,257401,4224,0,0,253177,INR,2026-08-03T03:06:00Z,BATCH-BLNK-5591
PO_B01_005592,Stripe India,OLAA-INV-523609 PO_B01_005592,134415,2635,0,0,131780,INR,2026-08-03T00:20:00Z,BATCH-OLAA-5592
PO_B01_005593,Razorpay Nodal,NYKA-ORD-428465 NYKA-ORD-178455 NYKA-ORD-944748 BATCH-NYKA-5593,399193,7983,0,0,391210,INR,2026-08-03T06:00:00Z,BATCH-NYKA-5593
PO_B01_005594,BillDesk Settlement,MYNT-INV-483448 PO_B01_005594,340092,6415,0,0,333677,INR,2026-08-03T13:35:00Z,BATCH-MYNT-5594
PO_B01_005595,PayU Enterprise,MYNT-INV-279410 PO_B01_005595,411857,7020,0,0,404837,INR,2026-08-03T07:16:00Z,BATCH-MYNT-5595
PO_B01_005596,Cashfree Escrow,NYKA-INV-889199 PO_B01_005596,403562,8296,0,0,395266,INR,2026-08-03T14:00:00Z,BATCH-NYKA-5596
PO_B01_005597,PayU Enterprise,OLAA-ORD-212159 OLAA-ORD-444193 BATCH-OLAA-5597,357526,7150,0,0,350376,INR,2026-08-03T10:52:00Z,BATCH-OLAA-5597
PO_B01_005598,Cashfree Escrow,FLPK-INV-362013 PO_B01_005598,180417,2999,0,0,177418,INR,2026-08-03T03:58:00Z,BATCH-FLPK-5598
PO_B01_005599,PayU Enterprise,MMTR-INV-959194 PO_B01_005599,360001,7678,0,0,352323,INR,2026-08-03T08:59:00Z,BATCH-MMTR-5599
PO_B01_005600,Razorpay Nodal,SWIG-INV-921008 PO_B01_005600,314240,5167,0,0,309073,INR,2026-08-02T23:55:00Z,BATCH-SWIG-5600
PO_B01_005601,Razorpay Nodal,MMTR-ORD-448052 MMTR-ORD-421961 BATCH-MMTR-5601,339653,6793,0,0,332860,INR,2026-08-03T01:24:00Z,BATCH-MMTR-5601
PO_B01_005602,Stripe India,NYKA-INV-374702 PO_B01_005602,90109,1488,0,0,88621,INR,2026-08-03T01:34:00Z,BATCH-NYKA-5602
PO_B01_005603,Razorpay Nodal,BKMS-INV-209513 PO_B01_005603,416142,8528,0,0,407614,INR,2026-08-03T15:21:00Z,BATCH-BKMS-5603
PO_B01_005604,BillDesk Settlement,ZOMA-INV-450095 PO_B01_005604,368900,5541,0,0,363359,INR,2026-08-03T11:19:00Z,BATCH-ZOMA-5604
PO_B01_005605,Cashfree Escrow,FLPK-INV-927493 PO_B01_005605,172649,3061,0,0,169588,INR,2026-08-03T12:55:00Z,BATCH-FLPK-5605
PO_B01_005606,PayU Enterprise,UBER-INV-208999 PO_B01_005606,304596,7496,0,0,297100,INR,2026-08-03T07:21:00Z,BATCH-UBER-5606
PO_B01_005607,PayU Enterprise,AMZN-INV-764693 PO_B01_005607,254255,5685,0,0,248570,INR,2026-08-03T21:42:00Z,BATCH-AMZN-5607
PO_B01_005608,BillDesk Settlement,NYKA-EXC-739021-UNRESOLVED,215010,4290,0,0,210720,INR,2026-08-03T10:07:00Z,HOLD-ESCROW
PO_B01_005609,Razorpay Nodal,JIOO-ORD-601750 JIOO-ORD-970403 BATCH-JIOO-5609,320686,6413,0,0,314273,INR,2026-08-03T03:28:00Z,BATCH-JIOO-5609
PO_B01_005610,Cashfree Escrow,BLNK-INV-692786 PO_B01_005610,63155,1075,0,0,62080,INR,2026-08-03T06:51:00Z,BATCH-BLNK-5610
PO_B01_005611,Cashfree Escrow,NYKA-INV-998049 PO_B01_005611,179362,3515,0,0,175847,INR,2026-08-02T21:38:00Z,BATCH-NYKA-5611
PO_B01_005612,PayU Enterprise,BLNK-INV-180680 PO_B01_005612,31751,693,0,0,31058,INR,2026-08-02T22:08:00Z,BATCH-BLNK-5612
PO_B01_005613,BillDesk Settlement,MMTR-EXC-209964-UNRESOLVED,69670,1383,0,0,68287,INR,2026-08-03T18:08:00Z,HOLD-ESCROW
PO_B01_005614,Razorpay Nodal,TATA-EXC-294640-UNRESOLVED,154481,3079,0,0,151402,INR,2026-08-03T17:16:00Z,HOLD-ESCROW
PO_B01_005615,Cashfree Escrow,AMZN-INV-903518 PO_B01_005615,446383,7104,0,0,439279,INR,2026-08-02T17:18:00Z,BATCH-AMZN-5615
PO_B01_005616,Cashfree Escrow,PHNP-INV-691689 PO_B01_005616,30931,653,0,0,30278,INR,2026-08-03T16:40:00Z,BATCH-PHNP-5616
PO_B01_005617,Razorpay Nodal,BLNK-INV-593883 PO_B01_005617,354764,7007,0,0,347757,INR,2026-08-03T02:01:00Z,BATCH-BLNK-5617
PO_B01_005618,BillDesk Settlement,BBAS-INV-669016 PO_B01_005618,49804,1171,0,0,48633,INR,2026-08-03T15:29:00Z,BATCH-BBAS-5618
PO_B01_005619,Stripe India,PHNP-INV-597677 PO_B01_005619,449030,10661,0,0,438369,INR,2026-08-03T01:34:00Z,BATCH-PHNP-5619
PO_B01_005620,Stripe India,OLAA-INV-751047 PO_B01_005620,172369,4046,0,0,168323,INR,2026-08-03T18:53:00Z,BATCH-OLAA-5620
PO_B01_005621,PayU Enterprise,BBAS-EXC-870320-UNRESOLVED,186804,3726,0,0,183078,INR,2026-08-03T14:41:00Z,HOLD-ESCROW
PO_B01_005622,Cashfree Escrow,JIOO-ORD-965799 JIOO-ORD-342481 BATCH-JIOO-5622,441354,8827,0,0,432527,INR,2026-08-03T20:37:00Z,BATCH-JIOO-5622
PO_B01_005623,PayU Enterprise,OLAA-INV-577353 PO_B01_005623,227156,5603,0,0,221553,INR,2026-08-03T19:15:00Z,BATCH-OLAA-5623
PO_B01_005624,BillDesk Settlement,JIOO-INV-386668 PO_B01_005624,163330,2577,0,0,160753,INR,2026-08-03T08:55:00Z,BATCH-JIOO-5624
PO_B01_005625,BillDesk Settlement,MYNT-INV-404208 PO_B01_005625,70337,1447,0,0,68890,INR,2026-08-03T19:53:00Z,BATCH-MYNT-5625
PO_B01_005626,BillDesk Settlement,PHNP-INV-154875 PO_B01_005626,321789,5436,0,0,316353,INR,2026-08-03T08:30:00Z,BATCH-PHNP-5626
PO_B01_005627,Cashfree Escrow,FLPK-INV-411909 PO_B01_005627,27670,515,0,0,27155,INR,2026-08-03T08:23:00Z,BATCH-FLPK-5627
PO_B01_005628,Cashfree Escrow,NYKA-INV-610298 PO_B01_005628,433115,7192,0,0,425923,INR,2026-08-02T22:45:00Z,BATCH-NYKA-5628
PO_B01_005629,PayU Enterprise,TATA-EXC-968226-UNRESOLVED,55159,1093,0,0,54066,INR,2026-08-04T05:09:00Z,HOLD-ESCROW
PO_B01_005630,Razorpay Nodal,PAYT-INV-447021 PO_B01_005630,139012,2394,0,0,136618,INR,2026-08-03T10:07:00Z,BATCH-PAYT-5630
PO_B01_005631,PayU Enterprise,BLNK-INV-836202 PO_B01_005631,80978,1324,0,0,79654,INR,2026-08-03T11:29:00Z,BATCH-BLNK-5631
PO_B01_005632,Stripe India,MMTR-ORD-447286 MMTR-ORD-924010 MMTR-ORD-356751 BATCH-MMTR-5632,491994,9839,0,0,482155,INR,2026-08-02T22:44:00Z,BATCH-MMTR-5632
PO_B01_005633,BillDesk Settlement,SWIG-INV-594309 PO_B01_005633,378958,9167,0,0,369791,INR,2026-08-02T21:57:00Z,BATCH-SWIG-5633
PO_B01_005634,Razorpay Nodal,FLPK-INV-963645 PO_B01_005634,37049,620,0,0,36429,INR,2026-08-03T10:43:00Z,BATCH-FLPK-5634
PO_B01_005635,BillDesk Settlement,AMZN-INV-487316 PO_B01_005635,185560,2798,0,0,182762,INR,2026-08-03T12:26:00Z,BATCH-AMZN-5635
PO_B01_005636,Cashfree Escrow,BKMS-INV-690893 PO_B01_005636,340778,5229,0,0,335549,INR,2026-08-03T10:39:00Z,BATCH-BKMS-5636
PO_B01_005637,Razorpay Nodal,OLAA-INV-964389 PO_B01_005637,115275,2869,0,0,112406,INR,2026-08-03T01:14:00Z,BATCH-OLAA-5637
PO_B01_005638,Stripe India,TATA-INV-985445 PO_B01_005638,92630,1972,0,0,90658,INR,2026-08-02T16:09:00Z,BATCH-TATA-5638
PO_B01_005639,PayU Enterprise,PHNP-ORD-692036 PHNP-ORD-634138 PHNP-ORD-301733 BATCH-PHNP-5639,231592,4631,0,0,226961,INR,2026-08-03T01:16:00Z,BATCH-PHNP-5639
PO_B01_005640,PayU Enterprise,MYNT-INV-260730 PO_B01_005640,179144,3740,0,0,175404,INR,2026-08-02T16:47:00Z,BATCH-MYNT-5640
PO_B01_005641,Stripe India,PAYT-INV-544385 PO_B01_005641,25787,423,0,0,25364,INR,2026-08-03T11:17:00Z,BATCH-PAYT-5641
PO_B01_005642,BillDesk Settlement,PAYT-INV-323901 PO_B01_005642,440755,9329,0,0,431426,INR,2026-08-03T01:03:00Z,BATCH-PAYT-5642
PO_B01_005643,Razorpay Nodal,BBAS-INV-156968 PO_B01_005643,272458,4844,0,0,267614,INR,2026-08-02T23:51:00Z,BATCH-BBAS-5643
PO_B01_005644,Stripe India,MMTR-INV-109950 PO_B01_005644,351725,8770,0,0,342955,INR,2026-08-03T03:36:00Z,BATCH-MMTR-5644
PO_B01_005645,Stripe India,JIOO-INV-689816 PO_B01_005645,133171,2175,0,0,130996,INR,2026-08-03T04:49:00Z,BATCH-JIOO-5645
PO_B01_005646,PayU Enterprise,MYNT-INV-199686 PO_B01_005646,54880,1370,0,0,53510,INR,2026-08-04T01:40:00Z,BATCH-MYNT-5646
PO_B01_005647,Razorpay Nodal,MYNT-INV-476636 PO_B01_005647,289254,4562,0,0,284692,INR,2026-08-03T03:17:00Z,BATCH-MYNT-5647
PO_B01_005648,Stripe India,SWIG-ORD-943150 SWIG-ORD-966691 BATCH-SWIG-5648,375881,7517,0,0,368364,INR,2026-08-03T13:44:00Z,BATCH-SWIG-5648
PO_B01_005649,Cashfree Escrow,OLAA-INV-635126 PO_B01_005649,403864,7555,0,0,396309,INR,2026-08-02T23:25:00Z,BATCH-OLAA-5649
PO_B01_005650,BillDesk Settlement,ZOMA-ORD-953062 ZOMA-ORD-861141 BATCH-ZOMA-5650,386361,7727,0,0,378634,INR,2026-08-03T14:47:00Z,BATCH-ZOMA-5650
PO_B01_005651,PayU Enterprise,PHNP-INV-785179 PO_B01_005651,432732,8734,0,0,423998,INR,2026-08-03T11:21:00Z,BATCH-PHNP-5651
PO_B01_005652,Razorpay Nodal,PHNP-ORD-161338 PHNP-ORD-545390 PHNP-ORD-749659 BATCH-PHNP-5652,241784,4835,0,0,236949,INR,2026-08-03T15:45:00Z,BATCH-PHNP-5652
PO_B01_005653,Razorpay Nodal,BLNK-INV-363706 PO_B01_005653,72634,1349,0,0,71285,INR,2026-08-02T19:07:00Z,BATCH-BLNK-5653
PO_B01_005654,Razorpay Nodal,AMZN-INV-523077 PO_B01_005654,249454,5329,0,0,244125,INR,2026-08-03T21:55:00Z,BATCH-AMZN-5654
PO_B01_005655,BillDesk Settlement,BLNK-INV-247364 PO_B01_005655,423963,9948,0,0,414015,INR,2026-08-03T10:39:00Z,BATCH-BLNK-5655
PO_B01_005656,Razorpay Nodal,TATA-INV-248669 PO_B01_005656,321964,5565,0,0,316399,INR,2026-08-02T23:57:00Z,BATCH-TATA-5656
PO_B01_005657,Razorpay Nodal,TATA-INV-952416 PO_B01_005657,30494,712,0,0,29782,INR,2026-08-03T17:38:00Z,BATCH-TATA-5657
PO_B01_005658,PayU Enterprise,PAYT-EXC-840900-UNRESOLVED,183808,3666,0,0,180142,INR,2026-08-03T17:48:00Z,HOLD-ESCROW
PO_B01_005659,Razorpay Nodal,SWIG-ORD-150688 SWIG-ORD-282713 SWIG-ORD-580446 BATCH-SWIG-5659,532107,10642,0,0,521465,INR,2026-08-03T13:05:00Z,BATCH-SWIG-5659
PO_B01_005660,Stripe India,PAYT-INV-366007 PO_B01_005660,356742,5430,0,0,351312,INR,2026-08-03T16:00:00Z,BATCH-PAYT-5660
PO_B01_005661,Stripe India,MMTR-ORD-106421 MMTR-ORD-501770 MMTR-ORD-782788 BATCH-MMTR-5661,537237,10744,0,0,526493,INR,2026-08-03T08:37:00Z,BATCH-MMTR-5661
PO_B01_005662,Stripe India,JIOO-ORD-375277 JIOO-ORD-350456 BATCH-JIOO-5662,235525,4710,0,0,230815,INR,2026-08-03T18:32:00Z,BATCH-JIOO-5662
PO_B01_005663,Razorpay Nodal,PHNP-INV-372264 PO_B01_005663,140508,2607,0,0,137901,INR,2026-08-02T15:08:00Z,BATCH-PHNP-5663
PO_B01_005664,BillDesk Settlement,BKMS-INV-833971 PO_B01_005664,437580,9629,0,0,427951,INR,2026-08-03T18:36:00Z,BATCH-BKMS-5664
PO_B01_005665,Razorpay Nodal,NYKA-INV-760206 PO_B01_005665,197724,4407,0,0,193317,INR,2026-08-02T18:04:00Z,BATCH-NYKA-5665
PO_B01_005666,Cashfree Escrow,BBAS-INV-812742 PO_B01_005666,123779,3086,0,0,120693,INR,2026-08-03T04:07:00Z,BATCH-BBAS-5666
PO_B01_005667,PayU Enterprise,SWIG-ORD-855522 SWIG-ORD-821458 BATCH-SWIG-5667,388684,7773,0,0,380911,INR,2026-08-03T15:06:00Z,BATCH-SWIG-5667
PO_B01_005668,Stripe India,ZOMA-INV-442272 PO_B01_005668,284617,4850,0,0,279767,INR,2026-08-03T12:06:00Z,BATCH-ZOMA-5668
PO_B01_005669,BillDesk Settlement,MMTR-INV-698225 PO_B01_005669,352306,8383,0,0,343923,INR,2026-08-03T09:40:00Z,BATCH-MMTR-5669
PO_B01_005670,Cashfree Escrow,SWIG-INV-583495 PO_B01_005670,442414,8110,0,0,434304,INR,2026-08-03T08:12:00Z,BATCH-SWIG-5670
PO_B01_005671,PayU Enterprise,SWIG-ORD-511889 SWIG-ORD-540778 BATCH-SWIG-5671,338624,6772,0,0,331852,INR,2026-08-03T20:29:00Z,BATCH-SWIG-5671
PO_B01_005672,PayU Enterprise,PHNP-INV-101378 PO_B01_005672,171163,3460,0,0,167703,INR,2026-08-03T17:57:00Z,BATCH-PHNP-5672
PO_B01_005673,Cashfree Escrow,PHNP-INV-426149 PO_B01_005673,86595,1389,0,0,85206,INR,2026-08-03T06:27:00Z,BATCH-PHNP-5673
PO_B01_005674,Stripe India,ZOMA-INV-199823 PO_B01_005674,268070,5428,0,0,262642,INR,2026-08-03T12:02:00Z,BATCH-ZOMA-5674
PO_B01_005675,Stripe India,MMTR-INV-696574 PO_B01_005675,364088,7432,0,0,356656,INR,2026-08-03T17:00:00Z,BATCH-MMTR-5675
PO_B01_005676,Stripe India,JIOO-INV-769610 PO_B01_005676,357059,6940,0,0,350119,INR,2026-08-03T09:58:00Z,BATCH-JIOO-5676
PO_B01_005677,Razorpay Nodal,NYKA-INV-708923 PO_B01_005677,137001,2742,0,0,134259,INR,2026-08-02T19:07:00Z,BATCH-NYKA-5677
PO_B01_005678,Cashfree Escrow,MYNT-INV-195784 PO_B01_005678,34816,805,0,0,34011,INR,2026-08-03T04:28:00Z,BATCH-MYNT-5678
PO_B01_005679,Razorpay Nodal,MYNT-ORD-630460 MYNT-ORD-207037 MYNT-ORD-384807 BATCH-MYNT-5679,229018,4580,0,0,224438,INR,2026-08-03T05:04:00Z,BATCH-MYNT-5679
PO_B01_005680,Razorpay Nodal,OLAA-INV-235519 PO_B01_005680,255498,4050,0,0,251448,INR,2026-08-03T10:17:00Z,BATCH-OLAA-5680
PO_B01_005681,Razorpay Nodal,PHNP-INV-760897 PO_B01_005681,167640,2850,0,0,164790,INR,2026-08-03T03:56:00Z,BATCH-PHNP-5681
PO_B01_005682,Stripe India,UBER-ORD-244736 UBER-ORD-248908 UBER-ORD-757403 BATCH-UBER-5682,148245,2964,0,0,145281,INR,2026-08-03T12:52:00Z,BATCH-UBER-5682
PO_B01_005683,Stripe India,TATA-INV-514038 PO_B01_005683,157288,3019,0,0,154269,INR,2026-08-03T21:42:00Z,BATCH-TATA-5683
PO_B01_005684,PayU Enterprise,NYKA-INV-470237 PO_B01_005684,229934,3884,0,0,226050,INR,2026-08-02T17:02:00Z,BATCH-NYKA-5684
PO_B01_005685,BillDesk Settlement,JIOO-INV-481586 PO_B01_005685,174150,4013,0,0,170137,INR,2026-08-03T15:24:00Z,BATCH-JIOO-5685
PO_B01_005686,Cashfree Escrow,PHNP-EXC-644369-UNRESOLVED,132782,2645,0,0,130137,INR,2026-08-03T21:00:00Z,HOLD-ESCROW
PO_B01_005687,Cashfree Escrow,SWIG-INV-651604 PO_B01_005687,175826,3098,0,0,172728,INR,2026-08-03T07:49:00Z,BATCH-SWIG-5687
PO_B01_005688,Razorpay Nodal,UBER-INV-326560 PO_B01_005688,147615,2994,0,0,144621,INR,2026-08-03T10:15:00Z,BATCH-UBER-5688
PO_B01_005689,Stripe India,PHNP-INV-920814 PO_B01_005689,444323,10948,0,0,433375,INR,2026-08-03T03:46:00Z,BATCH-PHNP-5689
PO_B01_005690,Razorpay Nodal,BLNK-INV-790521 PO_B01_005690,198495,4626,0,0,193869,INR,2026-08-03T17:54:00Z,BATCH-BLNK-5690
PO_B01_005691,PayU Enterprise,ZOMA-INV-240273 PO_B01_005691,108166,2122,0,0,106044,INR,2026-08-03T06:30:00Z,BATCH-ZOMA-5691
PO_B01_005692,BillDesk Settlement,AMZN-INV-567531 PO_B01_005692,294831,5504,0,0,289327,INR,2026-08-03T01:45:00Z,BATCH-AMZN-5692
PO_B01_005693,Razorpay Nodal,MMTR-INV-616116 PO_B01_005693,235394,5865,0,0,229529,INR,2026-08-03T00:16:00Z,BATCH-MMTR-5693
PO_B01_005694,BillDesk Settlement,BBAS-INV-263474 PO_B01_005694,86106,2023,0,0,84083,INR,2026-08-03T05:34:00Z,BATCH-BBAS-5694
PO_B01_005695,Cashfree Escrow,OLAA-ORD-176750 OLAA-ORD-216965 OLAA-ORD-617089 BATCH-OLAA-5695,325107,6502,0,0,318605,INR,2026-08-03T13:04:00Z,BATCH-OLAA-5695
PO_B01_005696,Stripe India,BLNK-ORD-475632 BLNK-ORD-714314 BATCH-BLNK-5696,122941,2458,0,0,120483,INR,2026-08-03T11:00:00Z,BATCH-BLNK-5696
PO_B01_005697,Cashfree Escrow,MMTR-INV-787289 PO_B01_005697,379768,7955,0,0,371813,INR,2026-08-03T22:01:00Z,BATCH-MMTR-5697
PO_B01_005698,Razorpay Nodal,MMTR-INV-170215 PO_B01_005698,425346,8871,0,0,416475,INR,2026-08-03T11:35:00Z,BATCH-MMTR-5698
PO_B01_005699,Cashfree Escrow,PAYT-INV-947567 PO_B01_005699,171777,4075,0,0,167702,INR,2026-08-03T16:29:00Z,BATCH-PAYT-5699
PO_B01_005700,Stripe India,BBAS-ORD-262028 BBAS-ORD-609164 BBAS-ORD-731257 BATCH-BBAS-5700,232864,4657,0,0,228207,INR,2026-08-02T23:00:00Z,BATCH-BBAS-5700
PO_B01_005701,PayU Enterprise,SWIG-ORD-643326 SWIG-ORD-848462 BATCH-SWIG-5701,308818,6176,0,0,302642,INR,2026-08-02T21:27:00Z,BATCH-SWIG-5701
PO_B01_005702,Razorpay Nodal,SWIG-INV-467540 PO_B01_005702,259828,6406,0,0,253422,INR,2026-08-03T22:41:00Z,BATCH-SWIG-5702
PO_B01_005703,Stripe India,NYKA-INV-924937 PO_B01_005703,160660,2702,0,0,157958,INR,2026-08-03T21:15:00Z,BATCH-NYKA-5703
PO_B01_005704,Stripe India,ZOMA-INV-498813 PO_B01_005704,42987,927,0,0,42060,INR,2026-08-03T06:55:00Z,BATCH-ZOMA-5704
PO_B01_005705,Stripe India,BBAS-INV-633192 PO_B01_005705,86509,1712,0,0,84797,INR,2026-08-03T03:42:00Z,BATCH-BBAS-5705
PO_B01_005706,Razorpay Nodal,SWIG-INV-600511 PO_B01_005706,255503,6233,0,0,249270,INR,2026-08-03T06:12:00Z,BATCH-SWIG-5706
PO_B01_005707,Razorpay Nodal,FLPK-ORD-323242 FLPK-ORD-508531 FLPK-ORD-699596 BATCH-FLPK-5707,475866,9517,0,0,466349,INR,2026-08-02T23:07:00Z,BATCH-FLPK-5707
PO_B01_005708,PayU Enterprise,UBER-ORD-951478 UBER-ORD-563545 BATCH-UBER-5708,381629,7632,0,0,373997,INR,2026-08-03T03:02:00Z,BATCH-UBER-5708
PO_B01_005709,PayU Enterprise,OLAA-INV-865206 PO_B01_005709,308830,5284,0,0,303546,INR,2026-08-03T00:17:00Z,BATCH-OLAA-5709
PO_B01_005710,Stripe India,PAYT-INV-127187 PO_B01_005710,146562,2526,0,0,144036,INR,2026-08-03T08:27:00Z,BATCH-PAYT-5710
PO_B01_005711,Stripe India,NYKA-INV-243323 PO_B01_005711,213877,4363,0,0,209514,INR,2026-08-03T05:28:00Z,BATCH-NYKA-5711
PO_B01_005712,Razorpay Nodal,UBER-EXC-224105-UNRESOLVED,126191,2513,0,0,123678,INR,2026-08-04T01:06:00Z,HOLD-ESCROW
PO_B01_005713,Razorpay Nodal,BKMS-INV-111893 PO_B01_005713,207899,4117,0,0,203782,INR,2026-08-03T08:00:00Z,BATCH-BKMS-5713
PO_B01_005714,BillDesk Settlement,AMZN-INV-150251 PO_B01_005714,369254,8642,0,0,360612,INR,2026-08-03T06:53:00Z,BATCH-AMZN-5714
PO_B01_005715,PayU Enterprise,PAYT-INV-984228 PO_B01_005715,223019,3688,0,0,219331,INR,2026-08-02T20:23:00Z,BATCH-PAYT-5715
PO_B01_005716,PayU Enterprise,SWIG-ORD-321169 SWIG-ORD-766763 SWIG-ORD-356645 BATCH-SWIG-5716,375109,7502,0,0,367607,INR,2026-08-03T19:06:00Z,BATCH-SWIG-5716
PO_B01_005717,Cashfree Escrow,PHNP-ORD-692495 PHNP-ORD-136059 BATCH-PHNP-5717,363691,7273,0,0,356418,INR,2026-08-03T15:18:00Z,BATCH-PHNP-5717
PO_B01_005718,PayU Enterprise,BKMS-INV-104755 PO_B01_005718,428374,6516,0,0,421858,INR,2026-08-03T12:27:00Z,BATCH-BKMS-5718
PO_B01_005719,Cashfree Escrow,PHNP-INV-960520 PO_B01_005719,341193,6996,0,0,334197,INR,2026-08-03T21:53:00Z,BATCH-PHNP-5719
PO_B01_005720,Cashfree Escrow,MMTR-INV-584643 PO_B01_005720,336949,8225,0,0,328724,INR,2026-08-03T13:02:00Z,BATCH-MMTR-5720
PO_B01_005721,BillDesk Settlement,ZOMA-ORD-839229 ZOMA-ORD-158217 BATCH-ZOMA-5721,233723,4674,0,0,229049,INR,2026-08-03T07:01:00Z,BATCH-ZOMA-5721
PO_B01_005722,Razorpay Nodal,AMZN-INV-337558 PO_B01_005722,230762,4504,0,0,226258,INR,2026-08-03T14:14:00Z,BATCH-AMZN-5722
PO_B01_005723,PayU Enterprise,MMTR-INV-870329 PO_B01_005723,44928,901,0,0,44027,INR,2026-08-03T00:24:00Z,BATCH-MMTR-5723
PO_B01_005724,Cashfree Escrow,TATA-INV-459434 PO_B01_005724,157428,2907,0,0,154521,INR,2026-08-02T21:05:00Z,BATCH-TATA-5724
PO_B01_005725,Razorpay Nodal,MMTR-ORD-744502 MMTR-ORD-193116 BATCH-MMTR-5725,322590,6451,0,0,316139,INR,2026-08-03T03:41:00Z,BATCH-MMTR-5725
PO_B01_005726,PayU Enterprise,SWIG-INV-626145 PO_B01_005726,226671,3544,0,0,223127,INR,2026-08-03T00:36:00Z,BATCH-SWIG-5726
PO_B01_005727,Razorpay Nodal,BLNK-INV-964815 PO_B01_005727,35818,679,0,0,35139,INR,2026-08-03T14:41:00Z,BATCH-BLNK-5727
PO_B01_005728,BillDesk Settlement,ZOMA-INV-693104 PO_B01_005728,129938,2044,0,0,127894,INR,2026-08-03T06:29:00Z,BATCH-ZOMA-5728
PO_B01_005729,Razorpay Nodal,JIOO-INV-786945 PO_B01_005729,437980,7555,0,0,430425,INR,2026-08-03T06:29:00Z,BATCH-JIOO-5729
PO_B01_005730,Stripe India,PAYT-ORD-765090 PAYT-ORD-683986 BATCH-PAYT-5730,467798,9355,0,0,458443,INR,2026-08-03T02:38:00Z,BATCH-PAYT-5730
PO_B01_005731,PayU Enterprise,AMZN-EXC-794489-UNRESOLVED,202454,4039,0,0,198415,INR,2026-08-04T04:30:00Z,HOLD-ESCROW
PO_B01_005732,BillDesk Settlement,NYKA-INV-201640 PO_B01_005732,343610,5201,0,0,338409,INR,2026-08-03T06:56:00Z,BATCH-NYKA-5732
PO_B01_005733,BillDesk Settlement,FLPK-INV-330794 PO_B01_005733,406335,6437,0,0,399898,INR,2026-08-03T10:43:00Z,BATCH-FLPK-5733
PO_B01_005734,Stripe India,BLNK-EXC-306259-UNRESOLVED,187579,3741,0,0,183838,INR,2026-08-03T11:55:00Z,HOLD-ESCROW
PO_B01_005735,Cashfree Escrow,AMZN-ORD-543962 AMZN-ORD-211868 BATCH-AMZN-5735,228022,4560,0,0,223462,INR,2026-08-02T22:59:00Z,BATCH-AMZN-5735
PO_B01_005736,Razorpay Nodal,UBER-INV-868548 PO_B01_005736,281750,4454,0,0,277296,INR,2026-08-03T09:05:00Z,BATCH-UBER-5736
PO_B01_005737,Stripe India,SWIG-INV-849129 PO_B01_005737,293735,5836,0,0,287899,INR,2026-08-03T16:27:00Z,BATCH-SWIG-5737
PO_B01_005738,Razorpay Nodal,MMTR-INV-413522 PO_B01_005738,308590,5949,0,0,302641,INR,2026-08-03T21:32:00Z,BATCH-MMTR-5738
PO_B01_005739,Cashfree Escrow,FLPK-INV-978799 PO_B01_005739,224467,5275,0,0,219192,INR,2026-08-03T03:20:00Z,BATCH-FLPK-5739
PO_B01_005740,Stripe India,SWIG-INV-902291 PO_B01_005740,72608,1607,0,0,71001,INR,2026-08-03T02:22:00Z,BATCH-SWIG-5740
PO_B01_005741,Stripe India,ZOMA-INV-114114 PO_B01_005741,329990,7341,0,0,322649,INR,2026-08-03T14:51:00Z,BATCH-ZOMA-5741
PO_B01_005742,PayU Enterprise,PHNP-INV-129781 PO_B01_005742,136840,3158,0,0,133682,INR,2026-08-03T22:04:00Z,BATCH-PHNP-5742
PO_B01_005743,BillDesk Settlement,NYKA-INV-788977 PO_B01_005743,411714,9139,0,0,402575,INR,2026-08-03T20:04:00Z,BATCH-NYKA-5743
PO_B01_005744,Stripe India,BLNK-ORD-161634 BLNK-ORD-326947 BLNK-ORD-984385 BATCH-BLNK-5744,267652,5353,0,0,262299,INR,2026-08-02T21:09:00Z,BATCH-BLNK-5744
PO_B01_005745,Cashfree Escrow,OLAA-INV-683393 PO_B01_005745,102010,1707,0,0,100303,INR,2026-08-03T22:13:00Z,BATCH-OLAA-5745
PO_B01_005746,Razorpay Nodal,NYKA-INV-404205 PO_B01_005746,407760,8816,0,0,398944,INR,2026-08-03T16:03:00Z,BATCH-NYKA-5746
PO_B01_005747,Razorpay Nodal,FLPK-INV-356898 PO_B01_005747,91723,2220,0,0,89503,INR,2026-08-03T23:18:00Z,BATCH-FLPK-5747
PO_B01_005748,Razorpay Nodal,OLAA-INV-653284 PO_B01_005748,427435,6748,0,0,420687,INR,2026-08-03T12:02:00Z,BATCH-OLAA-5748
PO_B01_005749,Stripe India,BBAS-INV-235276 PO_B01_005749,155185,3344,0,0,151841,INR,2026-08-02T21:38:00Z,BATCH-BBAS-5749
PO_B01_005750,Razorpay Nodal,TATA-INV-432935 PO_B01_005750,218625,4956,0,0,213669,INR,2026-08-03T16:07:00Z,BATCH-TATA-5750
PO_B01_005751,Razorpay Nodal,TATA-INV-134193 PO_B01_005751,440112,10155,0,0,429957,INR,2026-08-03T17:56:00Z,BATCH-TATA-5751
PO_B01_005752,BillDesk Settlement,UBER-INV-979240 PO_B01_005752,244319,5030,0,0,239289,INR,2026-08-03T08:34:00Z,BATCH-UBER-5752
PO_B01_005753,Stripe India,TATA-INV-709958 PO_B01_005753,303417,5801,0,0,297616,INR,2026-08-03T16:39:00Z,BATCH-TATA-5753
PO_B01_005754,BillDesk Settlement,PHNP-EXC-822221-UNRESOLVED,221023,4410,0,0,216613,INR,2026-08-03T23:58:00Z,HOLD-ESCROW
PO_B01_005755,PayU Enterprise,BKMS-INV-624498 PO_B01_005755,288610,5055,0,0,283555,INR,2026-08-03T08:56:00Z,BATCH-BKMS-5755
PO_B01_005756,PayU Enterprise,BKMS-ORD-796738 BKMS-ORD-871591 BATCH-BKMS-5756,256340,5126,0,0,251214,INR,2026-08-03T12:44:00Z,BATCH-BKMS-5756
PO_B01_005757,Razorpay Nodal,UBER-INV-925452 PO_B01_005757,238942,4758,0,0,234184,INR,2026-08-03T13:55:00Z,BATCH-UBER-5757
PO_B01_005758,PayU Enterprise,TATA-INV-868117 PO_B01_005758,149928,2548,0,0,147380,INR,2026-08-03T07:17:00Z,BATCH-TATA-5758
PO_B01_005759,Cashfree Escrow,BLNK-INV-729228 PO_B01_005759,219503,5072,0,0,214431,INR,2026-08-03T13:49:00Z,BATCH-BLNK-5759
PO_B01_005760,Stripe India,PAYT-INV-244593 PO_B01_005760,117897,1928,0,0,115969,INR,2026-08-02T21:50:00Z,BATCH-PAYT-5760
PO_B01_005761,Stripe India,TATA-INV-822141 PO_B01_005761,253092,5806,0,0,247286,INR,2026-08-03T14:19:00Z,BATCH-TATA-5761
PO_B01_005762,PayU Enterprise,TATA-ORD-331292 TATA-ORD-275843 BATCH-TATA-5762,263766,5275,0,0,258491,INR,2026-08-02T22:55:00Z,BATCH-TATA-5762
PO_B01_005763,PayU Enterprise,BBAS-INV-438090 PO_B01_005763,277184,5653,0,0,271531,INR,2026-08-03T02:14:00Z,BATCH-BBAS-5763
PO_B01_005764,BillDesk Settlement,PHNP-ORD-554819 PHNP-ORD-776335 BATCH-PHNP-5764,198198,3963,0,0,194235,INR,2026-08-03T08:28:00Z,BATCH-PHNP-5764
PO_B01_005765,Razorpay Nodal,PHNP-EXC-435240-UNRESOLVED,273253,5455,0,0,267798,INR,2026-08-03T10:50:00Z,HOLD-ESCROW
PO_B01_005766,Cashfree Escrow,NYKA-INV-115130 PO_B01_005766,393201,7268,0,0,385933,INR,2026-08-02T21:26:00Z,BATCH-NYKA-5766
PO_B01_005767,Cashfree Escrow,UBER-ORD-932926 UBER-ORD-730911 UBER-ORD-274991 BATCH-UBER-5767,270179,5403,0,0,264776,INR,2026-08-03T17:26:00Z,BATCH-UBER-5767
PO_B01_005768,BillDesk Settlement,OLAA-INV-768694 PO_B01_005768,179007,4455,0,0,174552,INR,2026-08-03T00:15:00Z,BATCH-OLAA-5768
PO_B01_005769,Stripe India,BLNK-INV-751602 PO_B01_005769,46778,773,0,0,46005,INR,2026-08-03T23:27:00Z,BATCH-BLNK-5769
PO_B01_005770,BillDesk Settlement,BBAS-INV-121010 PO_B01_005770,439681,10175,0,0,429506,INR,2026-08-03T11:27:00Z,BATCH-BBAS-5770
PO_B01_005771,Razorpay Nodal,OLAA-ORD-469943 OLAA-ORD-509678 OLAA-ORD-745362 BATCH-OLAA-5771,306746,6134,0,0,300612,INR,2026-08-03T13:00:00Z,BATCH-OLAA-5771
PO_B01_005772,Stripe India,OLAA-INV-228007 PO_B01_005772,253339,3879,0,0,249460,INR,2026-08-03T08:46:00Z,BATCH-OLAA-5772
PO_B01_005773,Stripe India,PHNP-INV-243842 PO_B01_005773,258247,4093,0,0,254154,INR,2026-08-03T13:29:00Z,BATCH-PHNP-5773
PO_B01_005774,Razorpay Nodal,BLNK-INV-600301 PO_B01_005774,55891,1377,0,0,54514,INR,2026-08-03T04:09:00Z,BATCH-BLNK-5774
PO_B01_005775,Razorpay Nodal,BKMS-INV-418722 PO_B01_005775,61716,1242,0,0,60474,INR,2026-08-03T08:05:00Z,BATCH-BKMS-5775
PO_B01_005776,Stripe India,JIOO-INV-916435 PO_B01_005776,303488,5798,0,0,297690,INR,2026-08-03T09:37:00Z,BATCH-JIOO-5776
PO_B01_005777,Razorpay Nodal,NYKA-INV-557098 PO_B01_005777,141963,3342,0,0,138621,INR,2026-08-03T09:57:00Z,BATCH-NYKA-5777
PO_B01_005778,Razorpay Nodal,AMZN-INV-932715 PO_B01_005778,29579,548,0,0,29031,INR,2026-08-03T21:38:00Z,BATCH-AMZN-5778
PO_B01_005779,PayU Enterprise,OLAA-INV-612057 PO_B01_005779,146701,2640,0,0,144061,INR,2026-08-03T03:26:00Z,BATCH-OLAA-5779
PO_B01_005780,Cashfree Escrow,FLPK-INV-419649 PO_B01_005780,168078,2753,0,0,165325,INR,2026-08-02T20:00:00Z,BATCH-FLPK-5780
PO_B01_005781,Cashfree Escrow,SWIG-INV-413500 PO_B01_005781,31694,728,0,0,30966,INR,2026-08-03T05:03:00Z,BATCH-SWIG-5781
PO_B01_005782,Cashfree Escrow,MYNT-INV-729628 PO_B01_005782,255564,5341,0,0,250223,INR,2026-08-02T19:53:00Z,BATCH-MYNT-5782
PO_B01_005783,Razorpay Nodal,BKMS-ORD-821637 BKMS-ORD-266707 BKMS-ORD-416490 BATCH-BKMS-5783,377640,7552,0,0,370088,INR,2026-08-03T05:23:00Z,BATCH-BKMS-5783
PO_B01_005784,Razorpay Nodal,MYNT-INV-388475 PO_B01_005784,307932,6417,0,0,301515,INR,2026-08-03T04:48:00Z,BATCH-MYNT-5784
PO_B01_005785,Cashfree Escrow,AMZN-INV-450108 PO_B01_005785,276408,5794,0,0,270614,INR,2026-08-02T21:58:00Z,BATCH-AMZN-5785
PO_B01_005786,Stripe India,BLNK-INV-681626 PO_B01_005786,210415,4942,0,0,205473,INR,2026-08-03T11:51:00Z,BATCH-BLNK-5786
PO_B01_005787,PayU Enterprise,SWIG-INV-377203 PO_B01_005787,82000,1786,0,0,80214,INR,2026-08-03T09:28:00Z,BATCH-SWIG-5787
PO_B01_005788,Cashfree Escrow,BBAS-INV-187270 PO_B01_005788,278365,5003,0,0,273362,INR,2026-08-03T09:51:00Z,BATCH-BBAS-5788
PO_B01_005789,BillDesk Settlement,AMZN-INV-169355 PO_B01_005789,66943,1633,0,0,65310,INR,2026-08-03T02:37:00Z,BATCH-AMZN-5789
PO_B01_005790,BillDesk Settlement,BLNK-ORD-777720 BLNK-ORD-789599 BLNK-ORD-650252 BATCH-BLNK-5790,580205,11604,0,0,568601,INR,2026-08-03T03:15:00Z,BATCH-BLNK-5790
PO_B01_005791,BillDesk Settlement,MYNT-INV-762878 PO_B01_005791,30468,748,0,0,29720,INR,2026-08-03T16:28:00Z,BATCH-MYNT-5791
PO_B01_005792,PayU Enterprise,BLNK-INV-979209 PO_B01_005792,31022,773,0,0,30249,INR,2026-08-03T13:40:00Z,BATCH-BLNK-5792
PO_B01_005793,BillDesk Settlement,MYNT-INV-130805 PO_B01_005793,439382,6805,0,0,432577,INR,2026-08-03T05:27:00Z,BATCH-MYNT-5793
PO_B01_005794,Stripe India,NYKA-INV-486815 PO_B01_005794,137380,3165,0,0,134215,INR,2026-08-03T14:15:00Z,BATCH-NYKA-5794
PO_B01_005795,BillDesk Settlement,PAYT-INV-922026 PO_B01_005795,385850,6208,0,0,379642,INR,2026-08-03T07:26:00Z,BATCH-PAYT-5795
PO_B01_005796,Stripe India,NYKA-INV-865826 PO_B01_005796,263130,4225,0,0,258905,INR,2026-08-03T10:01:00Z,BATCH-NYKA-5796
PO_B01_005797,Cashfree Escrow,UBER-INV-610860 PO_B01_005797,229973,4861,0,0,225112,INR,2026-08-02T17:03:00Z,BATCH-UBER-5797
PO_B01_005798,Stripe India,ZOMA-INV-397939 PO_B01_005798,285473,5048,0,0,280425,INR,2026-08-03T08:42:00Z,BATCH-ZOMA-5798
PO_B01_005799,BillDesk Settlement,BLNK-EXC-401855-UNRESOLVED,261844,5226,0,0,256618,INR,2026-08-03T10:44:00Z,HOLD-ESCROW
PO_B01_005800,BillDesk Settlement,NYKA-INV-412226 PO_B01_005800,280483,5491,0,0,274992,INR,2026-08-03T01:48:00Z,BATCH-NYKA-5800
PO_B01_005801,Razorpay Nodal,TATA-ORD-635130 TATA-ORD-603329 TATA-ORD-137642 BATCH-TATA-5801,439592,8791,0,0,430801,INR,2026-08-02T23:47:00Z,BATCH-TATA-5801
PO_B01_005802,BillDesk Settlement,FLPK-ORD-169581 FLPK-ORD-944729 FLPK-ORD-536242 BATCH-FLPK-5802,583002,11660,0,0,571342,INR,2026-08-03T05:47:00Z,BATCH-FLPK-5802
PO_B01_005803,Cashfree Escrow,SWIG-INV-963302 PO_B01_005803,318190,5208,0,0,312982,INR,2026-08-03T01:39:00Z,BATCH-SWIG-5803
PO_B01_005804,Cashfree Escrow,TATA-ORD-299385 TATA-ORD-575976 BATCH-TATA-5804,399083,7981,0,0,391102,INR,2026-08-02T23:38:00Z,BATCH-TATA-5804
PO_B01_005805,BillDesk Settlement,BKMS-ORD-294114 BKMS-ORD-595264 BATCH-BKMS-5805,222525,4450,0,0,218075,INR,2026-08-03T19:38:00Z,BATCH-BKMS-5805
PO_B01_005806,Cashfree Escrow,MYNT-INV-993739 PO_B01_005806,160127,2450,0,0,157677,INR,2026-08-03T18:36:00Z,BATCH-MYNT-5806
PO_B01_005807,PayU Enterprise,BKMS-INV-627262 PO_B01_005807,325295,5705,0,0,319590,INR,2026-08-02T19:52:00Z,BATCH-BKMS-5807
PO_B01_005808,Razorpay Nodal,BKMS-INV-961719 PO_B01_005808,246441,5629,0,0,240812,INR,2026-08-02T22:33:00Z,BATCH-BKMS-5808
PO_B01_005809,Razorpay Nodal,BBAS-ORD-126904 BBAS-ORD-132977 BBAS-ORD-516428 BATCH-BBAS-5809,470604,9412,0,0,461192,INR,2026-08-02T22:53:00Z,BATCH-BBAS-5809
PO_B01_005810,Razorpay Nodal,BLNK-INV-420845 PO_B01_005810,101603,2526,0,0,99077,INR,2026-08-03T11:10:00Z,BATCH-BLNK-5810
PO_B01_005811,Cashfree Escrow,BKMS-INV-312686 PO_B01_005811,140193,2455,0,0,137738,INR,2026-08-03T23:36:00Z,BATCH-BKMS-5811
PO_B01_005812,Razorpay Nodal,NYKA-INV-814758 PO_B01_005812,346616,5549,0,0,341067,INR,2026-08-03T08:23:00Z,BATCH-NYKA-5812
PO_B01_005813,Cashfree Escrow,SWIG-INV-148813 PO_B01_005813,35699,727,0,0,34972,INR,2026-08-02T22:55:00Z,BATCH-SWIG-5813
PO_B01_005814,Stripe India,AMZN-INV-580752 PO_B01_005814,181002,3279,0,0,177723,INR,2026-08-03T01:58:00Z,BATCH-AMZN-5814
PO_B01_005815,BillDesk Settlement,BLNK-INV-415179 PO_B01_005815,96011,2152,0,0,93859,INR,2026-08-03T22:12:00Z,BATCH-BLNK-5815
PO_B01_005816,BillDesk Settlement,OLAA-INV-644985 PO_B01_005816,333792,5254,0,0,328538,INR,2026-08-03T04:15:00Z,BATCH-OLAA-5816
PO_B01_005817,BillDesk Settlement,MYNT-INV-592819 PO_B01_005817,217972,3429,0,0,214543,INR,2026-08-03T05:18:00Z,BATCH-MYNT-5817
PO_B01_005818,PayU Enterprise,BBAS-ORD-718919 BBAS-ORD-974161 BATCH-BBAS-5818,85405,1708,0,0,83697,INR,2026-08-02T21:11:00Z,BATCH-BBAS-5818
PO_B01_005819,PayU Enterprise,FLPK-EXC-104047-UNRESOLVED,103125,2052,0,0,101073,INR,2026-08-04T04:44:00Z,HOLD-ESCROW
PO_B01_005820,BillDesk Settlement,MMTR-EXC-830447-UNRESOLVED,131051,2611,0,0,128440,INR,2026-08-03T21:17:00Z,HOLD-ESCROW
PO_B01_005821,BillDesk Settlement,MMTR-INV-310959 PO_B01_005821,57173,912,0,0,56261,INR,2026-08-03T00:28:00Z,BATCH-MMTR-5821
PO_B01_005822,Stripe India,BLNK-INV-264676 PO_B01_005822,151076,3741,0,0,147335,INR,2026-08-03T09:22:00Z,BATCH-BLNK-5822
PO_B01_005823,Cashfree Escrow,SWIG-INV-135752 PO_B01_005823,322431,6130,0,0,316301,INR,2026-08-02T21:26:00Z,BATCH-SWIG-5823
PO_B01_005824,Razorpay Nodal,BLNK-INV-960417 PO_B01_005824,160438,2510,0,0,157928,INR,2026-08-03T03:52:00Z,BATCH-BLNK-5824
PO_B01_005825,Stripe India,BLNK-INV-911088 PO_B01_005825,305606,5122,0,0,300484,INR,2026-08-03T00:42:00Z,BATCH-BLNK-5825
PO_B01_005826,Razorpay Nodal,NYKA-INV-827791 PO_B01_005826,106049,2573,0,0,103476,INR,2026-08-03T10:53:00Z,BATCH-NYKA-5826
PO_B01_005827,Cashfree Escrow,TATA-INV-900718 PO_B01_005827,354074,8720,0,0,345354,INR,2026-08-03T00:18:00Z,BATCH-TATA-5827
PO_B01_005828,Razorpay Nodal,BLNK-INV-831833 PO_B01_005828,79231,1615,0,0,77616,INR,2026-08-03T21:33:00Z,BATCH-BLNK-5828
PO_B01_005829,Razorpay Nodal,FLPK-INV-896782 PO_B01_005829,290825,5728,0,0,285097,INR,2026-08-02T17:21:00Z,BATCH-FLPK-5829
PO_B01_005830,Stripe India,BKMS-ORD-182206 BKMS-ORD-510983 BKMS-ORD-283690 BATCH-BKMS-5830,275904,5518,0,0,270386,INR,2026-08-02T22:01:00Z,BATCH-BKMS-5830
PO_B01_005831,Cashfree Escrow,MMTR-EXC-914121-UNRESOLVED,286110,5712,0,0,280398,INR,2026-08-03T23:06:00Z,HOLD-ESCROW
PO_B01_005832,Razorpay Nodal,SWIG-INV-157732 PO_B01_005832,158322,2447,0,0,155875,INR,2026-08-03T12:37:00Z,BATCH-SWIG-5832
PO_B01_005833,Stripe India,MMTR-INV-526400 PO_B01_005833,106690,1812,0,0,104878,INR,2026-08-03T22:53:00Z,BATCH-MMTR-5833
PO_B01_005834,BillDesk Settlement,PHNP-INV-117408 PO_B01_005834,129865,2460,0,0,127405,INR,2026-08-03T10:20:00Z,BATCH-PHNP-5834
PO_B01_005835,Razorpay Nodal,TATA-INV-378050 PO_B01_005835,138713,3358,0,0,135355,INR,2026-08-02T23:36:00Z,BATCH-TATA-5835
PO_B01_005836,BillDesk Settlement,PHNP-ORD-446573 PHNP-ORD-671514 BATCH-PHNP-5836,220140,4402,0,0,215738,INR,2026-08-03T20:27:00Z,BATCH-PHNP-5836
PO_B01_005837,BillDesk Settlement,NYKA-ORD-879257 NYKA-ORD-354615 BATCH-NYKA-5837,373151,7463,0,0,365688,INR,2026-08-03T07:01:00Z,BATCH-NYKA-5837
PO_B01_005838,Cashfree Escrow,MMTR-INV-639057 PO_B01_005838,427138,9012,0,0,418126,INR,2026-08-03T18:55:00Z,BATCH-MMTR-5838
PO_B01_005839,Cashfree Escrow,BKMS-EXC-751980-UNRESOLVED,187892,3747,0,0,184145,INR,2026-08-03T19:36:00Z,HOLD-ESCROW
PO_B01_005840,BillDesk Settlement,MYNT-INV-254518 PO_B01_005840,315168,6613,0,0,308555,INR,2026-08-03T04:37:00Z,BATCH-MYNT-5840
PO_B01_005841,Stripe India,MYNT-INV-176002 PO_B01_005841,274651,5825,0,0,268826,INR,2026-08-03T17:42:00Z,BATCH-MYNT-5841
PO_B01_005842,BillDesk Settlement,SWIG-INV-169522 PO_B01_005842,81738,1614,0,0,80124,INR,2026-08-03T06:52:00Z,BATCH-SWIG-5842
PO_B01_005843,Razorpay Nodal,MYNT-INV-978690 PO_B01_005843,410226,10098,0,0,400128,INR,2026-08-02T20:23:00Z,BATCH-MYNT-5843
PO_B01_005844,Stripe India,AMZN-INV-590989 PO_B01_005844,431491,10216,0,0,421275,INR,2026-08-03T09:16:00Z,BATCH-AMZN-5844
PO_B01_005845,Stripe India,MYNT-ORD-854789 MYNT-ORD-341014 BATCH-MYNT-5845,111403,2228,0,0,109175,INR,2026-08-03T16:23:00Z,BATCH-MYNT-5845
PO_B01_005846,BillDesk Settlement,SWIG-INV-968603 PO_B01_005846,365550,5911,0,0,359639,INR,2026-08-03T02:05:00Z,BATCH-SWIG-5846
PO_B01_005847,Razorpay Nodal,MYNT-ORD-174736 MYNT-ORD-722181 BATCH-MYNT-5847,267672,5353,0,0,262319,INR,2026-08-03T00:22:00Z,BATCH-MYNT-5847
PO_B01_005848,PayU Enterprise,SWIG-INV-864598 PO_B01_005848,350720,7328,0,0,343392,INR,2026-08-03T07:04:00Z,BATCH-SWIG-5848
PO_B01_005849,Cashfree Escrow,PAYT-EXC-935557-UNRESOLVED,77680,1543,0,0,76137,INR,2026-08-03T20:07:00Z,HOLD-ESCROW
PO_B01_005850,BillDesk Settlement,FLPK-INV-794778 PO_B01_005850,129573,3067,0,0,126506,INR,2026-08-03T20:24:00Z,BATCH-FLPK-5850
PO_B01_005851,BillDesk Settlement,JIOO-ORD-970214 JIOO-ORD-421242 BATCH-JIOO-5851,342505,6850,0,0,335655,INR,2026-08-03T20:39:00Z,BATCH-JIOO-5851
PO_B01_005852,BillDesk Settlement,FLPK-INV-381719 PO_B01_005852,237701,3950,0,0,233751,INR,2026-08-03T06:58:00Z,BATCH-FLPK-5852
PO_B01_005853,Cashfree Escrow,AMZN-ORD-848176 AMZN-ORD-506047 BATCH-AMZN-5853,340150,6803,0,0,333347,INR,2026-08-03T06:59:00Z,BATCH-AMZN-5853
PO_B01_005854,PayU Enterprise,JIOO-INV-477426 PO_B01_005854,260472,5596,0,0,254876,INR,2026-08-03T14:48:00Z,BATCH-JIOO-5854
PO_B01_005855,PayU Enterprise,PHNP-INV-341075 PO_B01_005855,335270,5323,0,0,329947,INR,2026-08-02T21:40:00Z,BATCH-PHNP-5855
PO_B01_005856,Razorpay Nodal,AMZN-ORD-232461 AMZN-ORD-906396 BATCH-AMZN-5856,413012,8260,0,0,404752,INR,2026-08-02T21:48:00Z,BATCH-AMZN-5856
PO_B01_005857,Cashfree Escrow,OLAA-INV-973743 PO_B01_005857,422633,8203,0,0,414430,INR,2026-08-03T22:55:00Z,BATCH-OLAA-5857
PO_B01_005858,Cashfree Escrow,NYKA-ORD-321017 NYKA-ORD-984273 NYKA-ORD-412165 BATCH-NYKA-5858,247658,4953,0,0,242705,INR,2026-08-03T10:24:00Z,BATCH-NYKA-5858
PO_B01_005859,PayU Enterprise,MMTR-INV-723903 PO_B01_005859,279384,6599,0,0,272785,INR,2026-08-03T18:27:00Z,BATCH-MMTR-5859
PO_B01_005860,PayU Enterprise,NYKA-INV-938640 PO_B01_005860,291828,5471,0,0,286357,INR,2026-08-03T01:10:00Z,BATCH-NYKA-5860
PO_B01_005861,BillDesk Settlement,AMZN-INV-277727 PO_B01_005861,291015,6405,0,0,284610,INR,2026-08-02T20:12:00Z,BATCH-AMZN-5861
PO_B01_005862,PayU Enterprise,BBAS-ORD-700294 BBAS-ORD-899499 BBAS-ORD-274323 BATCH-BBAS-5862,513329,10266,0,0,503063,INR,2026-08-03T16:24:00Z,BATCH-BBAS-5862
PO_B01_005863,BillDesk Settlement,PAYT-INV-951671 PO_B01_005863,433215,9450,0,0,423765,INR,2026-08-03T20:52:00Z,BATCH-PAYT-5863
PO_B01_005864,Razorpay Nodal,OLAA-INV-527732 PO_B01_005864,263112,4177,0,0,258935,INR,2026-08-03T08:23:00Z,BATCH-OLAA-5864
PO_B01_005865,Razorpay Nodal,OLAA-ORD-542773 OLAA-ORD-862971 BATCH-OLAA-5865,276317,5526,0,0,270791,INR,2026-08-03T01:10:00Z,BATCH-OLAA-5865
PO_B01_005866,Cashfree Escrow,MMTR-INV-629558 PO_B01_005866,35985,668,0,0,35317,INR,2026-08-03T15:36:00Z,BATCH-MMTR-5866
PO_B01_005867,Stripe India,ZOMA-ORD-526843 ZOMA-ORD-353021 BATCH-ZOMA-5867,266849,5336,0,0,261513,INR,2026-08-03T15:36:00Z,BATCH-ZOMA-5867
PO_B01_005868,BillDesk Settlement,OLAA-INV-439528 PO_B01_005868,269228,6697,0,0,262531,INR,2026-08-03T00:59:00Z,BATCH-OLAA-5868
PO_B01_005869,Stripe India,UBER-ORD-337217 UBER-ORD-157566 BATCH-UBER-5869,305167,6103,0,0,299064,INR,2026-08-02T21:18:00Z,BATCH-UBER-5869
PO_B01_005870,Stripe India,BKMS-INV-754528 PO_B01_005870,50710,840,0,0,49870,INR,2026-08-02T22:38:00Z,BATCH-BKMS-5870
PO_B01_005871,PayU Enterprise,OLAA-INV-425931 PO_B01_005871,150083,2869,0,0,147214,INR,2026-08-03T04:21:00Z,BATCH-OLAA-5871
PO_B01_005872,PayU Enterprise,MMTR-INV-445795 PO_B01_005872,264300,6202,0,0,258098,INR,2026-08-03T22:45:00Z,BATCH-MMTR-5872
PO_B01_005873,Razorpay Nodal,UBER-INV-488221 PO_B01_005873,324416,6804,0,0,317612,INR,2026-08-02T18:50:00Z,BATCH-UBER-5873
PO_B01_005874,Razorpay Nodal,UBER-INV-902968 PO_B01_005874,128928,3131,0,0,125797,INR,2026-08-03T15:19:00Z,BATCH-UBER-5874
PO_B01_005875,Razorpay Nodal,ZOMA-INV-770075 PO_B01_005875,418313,6789,0,0,411524,INR,2026-08-03T10:54:00Z,BATCH-ZOMA-5875
PO_B01_005876,Cashfree Escrow,MMTR-INV-426481 PO_B01_005876,48151,958,0,0,47193,INR,2026-08-02T21:16:00Z,BATCH-MMTR-5876
PO_B01_005877,PayU Enterprise,MMTR-INV-795466 PO_B01_005877,216248,4382,0,0,211866,INR,2026-08-03T01:36:00Z,BATCH-MMTR-5877
PO_B01_005878,Razorpay Nodal,TATA-ORD-397563 TATA-ORD-764518 BATCH-TATA-5878,243793,4875,0,0,238918,INR,2026-08-03T14:20:00Z,BATCH-TATA-5878
PO_B01_005879,BillDesk Settlement,MMTR-EXC-925572-UNRESOLVED,85736,1704,0,0,84032,INR,2026-08-03T13:53:00Z,HOLD-ESCROW
PO_B01_005880,Stripe India,BBAS-INV-251715 PO_B01_005880,344531,7150,0,0,337381,INR,2026-08-02T20:37:00Z,BATCH-BBAS-5880
PO_B01_005881,Cashfree Escrow,NYKA-INV-612074 PO_B01_005881,303605,4562,0,0,299043,INR,2026-08-03T03:57:00Z,BATCH-NYKA-5881
PO_B01_005882,BillDesk Settlement,ZOMA-INV-797604 PO_B01_005882,187820,3626,0,0,184194,INR,2026-08-03T17:57:00Z,BATCH-ZOMA-5882
PO_B01_005883,Stripe India,AMZN-INV-438005 PO_B01_005883,151938,2754,0,0,149184,INR,2026-08-03T02:49:00Z,BATCH-AMZN-5883
PO_B01_005884,PayU Enterprise,TATA-INV-871940 PO_B01_005884,28602,551,0,0,28051,INR,2026-08-03T10:31:00Z,BATCH-TATA-5884
PO_B01_005885,Stripe India,PAYT-INV-939615 PO_B01_005885,45646,775,0,0,44871,INR,2026-08-03T08:11:00Z,BATCH-PAYT-5885
PO_B01_005886,Stripe India,BKMS-INV-189915 PO_B01_005886,131908,2099,0,0,129809,INR,2026-08-03T15:46:00Z,BATCH-BKMS-5886
PO_B01_005887,Stripe India,AMZN-INV-862206 PO_B01_005887,356371,5612,0,0,350759,INR,2026-08-03T13:45:00Z,BATCH-AMZN-5887
PO_B01_005888,Razorpay Nodal,BLNK-INV-639145 PO_B01_005888,255726,4263,0,0,251463,INR,2026-08-02T20:36:00Z,BATCH-BLNK-5888
PO_B01_005889,Cashfree Escrow,AMZN-INV-903244 PO_B01_005889,235446,3579,0,0,231867,INR,2026-08-03T07:35:00Z,BATCH-AMZN-5889
PO_B01_005890,Razorpay Nodal,ZOMA-INV-161778 PO_B01_005890,86143,1899,0,0,84244,INR,2026-08-03T14:43:00Z,BATCH-ZOMA-5890
PO_B01_005891,Stripe India,ZOMA-INV-887709 PO_B01_005891,180459,3237,0,0,177222,INR,2026-08-03T22:33:00Z,BATCH-ZOMA-5891
PO_B01_005892,Cashfree Escrow,ZOMA-ORD-539485 ZOMA-ORD-986767 BATCH-ZOMA-5892,349916,6998,0,0,342918,INR,2026-08-03T16:02:00Z,BATCH-ZOMA-5892
PO_B01_005893,PayU Enterprise,JIOO-INV-423978 PO_B01_005893,224103,4007,0,0,220096,INR,2026-08-03T16:22:00Z,BATCH-JIOO-5893
PO_B01_005894,Cashfree Escrow,PAYT-INV-704083 PO_B01_005894,33794,510,0,0,33284,INR,2026-08-03T17:55:00Z,BATCH-PAYT-5894
PO_B01_005895,Razorpay Nodal,JIOO-ORD-446313 JIOO-ORD-482246 JIOO-ORD-687151 BATCH-JIOO-5895,158605,3172,0,0,155433,INR,2026-08-03T12:02:00Z,BATCH-JIOO-5895
PO_B01_005896,Stripe India,FLPK-INV-321268 PO_B01_005896,291854,5024,0,0,286830,INR,2026-08-03T18:18:00Z,BATCH-FLPK-5896
PO_B01_005897,Cashfree Escrow,UBER-ORD-484627 UBER-ORD-719388 UBER-ORD-437390 BATCH-UBER-5897,389587,7791,0,0,381796,INR,2026-08-03T04:19:00Z,BATCH-UBER-5897
PO_B01_005898,Cashfree Escrow,BBAS-ORD-998028 BBAS-ORD-344810 BATCH-BBAS-5898,160431,3208,0,0,157223,INR,2026-08-03T07:22:00Z,BATCH-BBAS-5898
PO_B01_005899,Cashfree Escrow,UBER-INV-647883 PO_B01_005899,250720,6154,0,0,244566,INR,2026-08-03T20:03:00Z,BATCH-UBER-5899
PO_B01_005900,Cashfree Escrow,TATA-INV-919112 PO_B01_005900,92188,1544,0,0,90644,INR,2026-08-03T22:31:00Z,BATCH-TATA-5900
PO_B01_005901,Razorpay Nodal,PAYT-INV-283382 PO_B01_005901,268970,6091,0,0,262879,INR,2026-08-03T07:44:00Z,BATCH-PAYT-5901
PO_B01_005902,Cashfree Escrow,BKMS-EXC-940128-UNRESOLVED,261698,5223,0,0,256475,INR,2026-08-03T10:35:00Z,HOLD-ESCROW
PO_B01_005903,PayU Enterprise,MYNT-INV-612963 PO_B01_005903,218150,4166,0,0,213984,INR,2026-08-03T01:33:00Z,BATCH-MYNT-5903
PO_B01_005904,PayU Enterprise,SWIG-INV-775821 PO_B01_005904,263706,4400,0,0,259306,INR,2026-08-04T01:18:00Z,BATCH-SWIG-5904
PO_B01_005905,Stripe India,ZOMA-ORD-660251 ZOMA-ORD-904950 ZOMA-ORD-961497 BATCH-ZOMA-5905,350995,7019,0,0,343976,INR,2026-08-03T18:40:00Z,BATCH-ZOMA-5905
PO_B01_005906,BillDesk Settlement,PAYT-INV-976387 PO_B01_005906,36230,592,0,0,35638,INR,2026-08-03T05:06:00Z,BATCH-PAYT-5906
PO_B01_005907,BillDesk Settlement,ZOMA-INV-440598 PO_B01_005907,85885,2119,0,0,83766,INR,2026-08-02T22:47:00Z,BATCH-ZOMA-5907
PO_B01_005908,PayU Enterprise,MMTR-EXC-572296-UNRESOLVED,148718,2964,0,0,145754,INR,2026-08-03T20:35:00Z,HOLD-ESCROW
PO_B01_005909,BillDesk Settlement,AMZN-INV-821716 PO_B01_005909,284461,4959,0,0,279502,INR,2026-08-03T00:26:00Z,BATCH-AMZN-5909
PO_B01_005910,Cashfree Escrow,SWIG-INV-937389 PO_B01_005910,203534,3582,0,0,199952,INR,2026-08-03T06:41:00Z,BATCH-SWIG-5910
PO_B01_005911,Stripe India,TATA-INV-924606 PO_B01_005911,163315,3448,0,0,159867,INR,2026-08-03T15:16:00Z,BATCH-TATA-5911
PO_B01_005912,Cashfree Escrow,SWIG-INV-531191 PO_B01_005912,231943,4705,0,0,227238,INR,2026-08-03T16:34:00Z,BATCH-SWIG-5912
PO_B01_005913,Cashfree Escrow,BKMS-INV-637346 PO_B01_005913,176295,4194,0,0,172101,INR,2026-08-02T16:45:00Z,BATCH-BKMS-5913
PO_B01_005914,Cashfree Escrow,UBER-INV-552984 PO_B01_005914,312926,4740,0,0,308186,INR,2026-08-02T21:38:00Z,BATCH-UBER-5914
PO_B01_005915,Stripe India,SWIG-INV-676032 PO_B01_005915,293247,6670,0,0,286577,INR,2026-08-03T02:21:00Z,BATCH-SWIG-5915
PO_B01_005916,BillDesk Settlement,BBAS-INV-500805 PO_B01_005916,433138,9360,0,0,423778,INR,2026-08-03T20:30:00Z,BATCH-BBAS-5916
PO_B01_005917,BillDesk Settlement,PAYT-INV-132264 PO_B01_005917,423575,10408,0,0,413167,INR,2026-08-03T01:36:00Z,BATCH-PAYT-5917
PO_B01_005918,Cashfree Escrow,UBER-INV-966685 PO_B01_005918,248198,3990,0,0,244208,INR,2026-08-03T11:19:00Z,BATCH-UBER-5918
PO_B01_005919,Cashfree Escrow,TATA-INV-946436 PO_B01_005919,129451,3011,0,0,126440,INR,2026-08-03T11:54:00Z,BATCH-TATA-5919
PO_B01_005920,Cashfree Escrow,UBER-INV-100049 PO_B01_005920,160909,3153,0,0,157756,INR,2026-08-03T07:24:00Z,BATCH-UBER-5920
PO_B01_005921,Stripe India,ZOMA-INV-904933 PO_B01_005921,189233,3862,0,0,185371,INR,2026-08-03T02:28:00Z,BATCH-ZOMA-5921
PO_B01_005922,PayU Enterprise,AMZN-ORD-736101 AMZN-ORD-107218 BATCH-AMZN-5922,190987,3819,0,0,187168,INR,2026-08-03T06:25:00Z,BATCH-AMZN-5922
PO_B01_005923,Razorpay Nodal,AMZN-ORD-310867 AMZN-ORD-738351 BATCH-AMZN-5923,273471,5469,0,0,268002,INR,2026-08-03T17:36:00Z,BATCH-AMZN-5923
PO_B01_005924,BillDesk Settlement,UBER-INV-990112 PO_B01_005924,43226,926,0,0,42300,INR,2026-08-02T23:38:00Z,BATCH-UBER-5924
PO_B01_005925,Razorpay Nodal,UBER-INV-105205 PO_B01_005925,86340,1741,0,0,84599,INR,2026-08-03T18:46:00Z,BATCH-UBER-5925
PO_B01_005926,Stripe India,SWIG-ORD-451183 SWIG-ORD-900866 SWIG-ORD-842178 BATCH-SWIG-5926,437167,8743,0,0,428424,INR,2026-08-03T19:10:00Z,BATCH-SWIG-5926
PO_B01_005927,Cashfree Escrow,NYKA-INV-791092 PO_B01_005927,152686,2501,0,0,150185,INR,2026-08-03T11:18:00Z,BATCH-NYKA-5927
PO_B01_005928,BillDesk Settlement,BLNK-INV-876193 PO_B01_005928,212602,3487,0,0,209115,INR,2026-08-03T13:19:00Z,BATCH-BLNK-5928
PO_B01_005929,Cashfree Escrow,FLPK-INV-296280 PO_B01_005929,334790,5918,0,0,328872,INR,2026-08-03T19:51:00Z,BATCH-FLPK-5929
PO_B01_005930,Razorpay Nodal,OLAA-INV-238812 PO_B01_005930,140952,2540,0,0,138412,INR,2026-08-03T10:49:00Z,BATCH-OLAA-5930
PO_B01_005931,Stripe India,MYNT-INV-416734 PO_B01_005931,185176,2932,0,0,182244,INR,2026-08-03T12:53:00Z,BATCH-MYNT-5931
PO_B01_005932,Stripe India,OLAA-ORD-240640 OLAA-ORD-569139 BATCH-OLAA-5932,313654,6273,0,0,307381,INR,2026-08-03T04:14:00Z,BATCH-OLAA-5932
PO_B01_005933,Cashfree Escrow,MYNT-INV-668639 PO_B01_005933,405441,8944,0,0,396497,INR,2026-08-03T17:23:00Z,BATCH-MYNT-5933
PO_B01_005934,PayU Enterprise,MMTR-INV-586322 PO_B01_005934,251002,4818,0,0,246184,INR,2026-08-03T10:05:00Z,BATCH-MMTR-5934
PO_B01_005935,Razorpay Nodal,MYNT-ORD-786304 MYNT-ORD-774667 MYNT-ORD-854340 BATCH-MYNT-5935,269569,5391,0,0,264178,INR,2026-08-02T21:25:00Z,BATCH-MYNT-5935
PO_B01_005936,Cashfree Escrow,JIOO-INV-248507 PO_B01_005936,234905,5613,0,0,229292,INR,2026-08-03T02:32:00Z,BATCH-JIOO-5936
PO_B01_005937,Razorpay Nodal,JIOO-EXC-938631-UNRESOLVED,83074,1651,0,0,81423,INR,2026-08-03T11:57:00Z,HOLD-ESCROW
PO_B01_005938,BillDesk Settlement,NYKA-INV-615687 PO_B01_005938,251551,4561,0,0,246990,INR,2026-08-03T22:40:00Z,BATCH-NYKA-5938
PO_B01_005939,Stripe India,PHNP-INV-342612 PO_B01_005939,288494,5000,0,0,283494,INR,2026-08-03T17:36:00Z,BATCH-PHNP-5939
PO_B01_005940,BillDesk Settlement,OLAA-INV-516871 PO_B01_005940,29819,609,0,0,29210,INR,2026-08-02T19:10:00Z,BATCH-OLAA-5940
PO_B01_005941,BillDesk Settlement,JIOO-INV-544252 PO_B01_005941,439483,9692,0,0,429791,INR,2026-08-02T23:01:00Z,BATCH-JIOO-5941
PO_B01_005942,BillDesk Settlement,OLAA-INV-897583 PO_B01_005942,43331,829,0,0,42502,INR,2026-08-03T10:50:00Z,BATCH-OLAA-5942
PO_B01_005943,Razorpay Nodal,BBAS-INV-168957 PO_B01_005943,181437,4259,0,0,177178,INR,2026-08-03T07:29:00Z,BATCH-BBAS-5943
PO_B01_005944,BillDesk Settlement,PAYT-INV-614283 PO_B01_005944,250700,4189,0,0,246511,INR,2026-08-03T20:24:00Z,BATCH-PAYT-5944
PO_B01_005945,PayU Enterprise,ZOMA-ORD-185784 ZOMA-ORD-736280 BATCH-ZOMA-5945,327692,6553,0,0,321139,INR,2026-08-03T11:48:00Z,BATCH-ZOMA-5945
PO_B01_005946,PayU Enterprise,PAYT-ORD-963637 PAYT-ORD-291961 PAYT-ORD-482808 BATCH-PAYT-5946,560848,11216,0,0,549632,INR,2026-08-03T05:26:00Z,BATCH-PAYT-5946
PO_B01_005947,Cashfree Escrow,BKMS-INV-117338 PO_B01_005947,363890,5695,0,0,358195,INR,2026-08-03T02:35:00Z,BATCH-BKMS-5947
PO_B01_005948,Cashfree Escrow,SWIG-ORD-655374 SWIG-ORD-711067 BATCH-SWIG-5948,334974,6699,0,0,328275,INR,2026-08-03T00:04:00Z,BATCH-SWIG-5948
PO_B01_005949,Razorpay Nodal,PAYT-INV-324652 PO_B01_005949,151110,2343,0,0,148767,INR,2026-08-03T11:56:00Z,BATCH-PAYT-5949
PO_B01_005950,PayU Enterprise,OLAA-INV-154704 PO_B01_005950,372723,7357,0,0,365366,INR,2026-08-03T13:59:00Z,BATCH-OLAA-5950
PO_B01_005951,BillDesk Settlement,NYKA-INV-679613 PO_B01_005951,298500,5635,0,0,292865,INR,2026-08-02T20:08:00Z,BATCH-NYKA-5951
PO_B01_005952,Stripe India,PAYT-EXC-527531-UNRESOLVED,199766,3985,0,0,195781,INR,2026-08-03T12:58:00Z,HOLD-ESCROW
PO_B01_005953,Stripe India,TATA-ORD-566258 TATA-ORD-333748 TATA-ORD-484506 BATCH-TATA-5953,201259,4025,0,0,197234,INR,2026-08-03T08:17:00Z,BATCH-TATA-5953
PO_B01_005954,Stripe India,PAYT-INV-885439 PO_B01_005954,309678,4671,0,0,305007,INR,2026-08-03T20:40:00Z,BATCH-PAYT-5954
PO_B01_005955,Razorpay Nodal,BLNK-INV-826423 PO_B01_005955,294023,7131,0,0,286892,INR,2026-08-03T03:49:00Z,BATCH-BLNK-5955
PO_B01_005956,Razorpay Nodal,BKMS-INV-320176 PO_B01_005956,194781,4687,0,0,190094,INR,2026-08-03T16:49:00Z,BATCH-BKMS-5956
PO_B01_005957,PayU Enterprise,MYNT-INV-356253 PO_B01_005957,96951,2193,0,0,94758,INR,2026-08-03T01:55:00Z,BATCH-MYNT-5957
PO_B01_005958,Cashfree Escrow,OLAA-INV-474182 PO_B01_005958,319456,6330,0,0,313126,INR,2026-08-03T19:30:00Z,BATCH-OLAA-5958
PO_B01_005959,BillDesk Settlement,SWIG-INV-452708 PO_B01_005959,359169,8006,0,0,351163,INR,2026-08-03T08:17:00Z,BATCH-SWIG-5959
PO_B01_005960,Stripe India,NYKA-INV-282100 PO_B01_005960,311038,7411,0,0,303627,INR,2026-08-02T23:00:00Z,BATCH-NYKA-5960
PO_B01_005961,Stripe India,OLAA-INV-265532 PO_B01_005961,351199,6684,0,0,344515,INR,2026-08-03T03:26:00Z,BATCH-OLAA-5961
PO_B01_005962,Razorpay Nodal,UBER-INV-946591 PO_B01_005962,364999,8186,0,0,356813,INR,2026-08-03T18:14:00Z,BATCH-UBER-5962
PO_B01_005963,Razorpay Nodal,PAYT-INV-947803 PO_B01_005963,228471,5245,0,0,223226,INR,2026-08-03T02:12:00Z,BATCH-PAYT-5963
PO_B01_005964,Cashfree Escrow,NYKA-INV-759196 PO_B01_005964,412109,8935,0,0,403174,INR,2026-08-03T16:15:00Z,BATCH-NYKA-5964
PO_B01_005965,PayU Enterprise,MMTR-INV-479694 PO_B01_005965,380698,6445,0,0,374253,INR,2026-08-03T18:23:00Z,BATCH-MMTR-5965
PO_B01_005966,PayU Enterprise,BKMS-INV-691685 PO_B01_005966,341731,5549,0,0,336182,INR,2026-08-03T00:07:00Z,BATCH-BKMS-5966
PO_B01_005967,Stripe India,MYNT-INV-216149 PO_B01_005967,306549,4770,0,0,301779,INR,2026-08-03T08:22:00Z,BATCH-MYNT-5967
PO_B01_005968,BillDesk Settlement,MMTR-ORD-544915 MMTR-ORD-217530 BATCH-MMTR-5968,437350,8747,0,0,428603,INR,2026-08-02T23:39:00Z,BATCH-MMTR-5968
PO_B01_005969,Razorpay Nodal,FLPK-INV-415890 PO_B01_005969,382319,9163,0,0,373156,INR,2026-08-03T01:28:00Z,BATCH-FLPK-5969
PO_B01_005970,PayU Enterprise,FLPK-ORD-637895 FLPK-ORD-227312 BATCH-FLPK-5970,242438,4848,0,0,237590,INR,2026-08-02T21:23:00Z,BATCH-FLPK-5970
PO_B01_005971,Stripe India,JIOO-INV-661656 PO_B01_005971,213309,3510,0,0,209799,INR,2026-08-03T07:18:00Z,BATCH-JIOO-5971
PO_B01_005972,BillDesk Settlement,SWIG-INV-296532 PO_B01_005972,292676,6977,0,0,285699,INR,2026-08-03T19:06:00Z,BATCH-SWIG-5972
PO_B01_005973,Cashfree Escrow,ZOMA-INV-521290 PO_B01_005973,408655,8712,0,0,399943,INR,2026-08-03T09:11:00Z,BATCH-ZOMA-5973
PO_B01_005974,Stripe India,AMZN-ORD-783712 AMZN-ORD-962742 BATCH-AMZN-5974,192862,3857,0,0,189005,INR,2026-08-02T22:22:00Z,BATCH-AMZN-5974
PO_B01_005975,Cashfree Escrow,NYKA-INV-651839 PO_B01_005975,363681,7357,0,0,356324,INR,2026-08-02T17:43:00Z,BATCH-NYKA-5975
PO_B01_005976,Razorpay Nodal,BBAS-INV-729562 PO_B01_005976,408023,7099,0,0,400924,INR,2026-08-03T08:16:00Z,BATCH-BBAS-5976
PO_B01_005977,PayU Enterprise,PHNP-INV-145832 PO_B01_005977,184054,3562,0,0,180492,INR,2026-08-03T06:48:00Z,BATCH-PHNP-5977
PO_B01_005978,Razorpay Nodal,FLPK-INV-412240 PO_B01_005978,195922,4079,0,0,191843,INR,2026-08-02T19:47:00Z,BATCH-FLPK-5978
PO_B01_005979,PayU Enterprise,JIOO-INV-611729 PO_B01_005979,372919,9253,0,0,363666,INR,2026-08-03T18:15:00Z,BATCH-JIOO-5979
PO_B01_005980,Stripe India,SWIG-INV-435630 PO_B01_005980,292448,6784,0,0,285664,INR,2026-08-03T17:11:00Z,BATCH-SWIG-5980
PO_B01_005981,Cashfree Escrow,PHNP-INV-441206 PO_B01_005981,349244,7383,0,0,341861,INR,2026-08-03T13:32:00Z,BATCH-PHNP-5981
PO_B01_005982,PayU Enterprise,BBAS-INV-936123 PO_B01_005982,373239,7582,0,0,365657,INR,2026-08-03T01:44:00Z,BATCH-BBAS-5982
PO_B01_005983,Razorpay Nodal,NYKA-ORD-960099 NYKA-ORD-890744 BATCH-NYKA-5983,181187,3623,0,0,177564,INR,2026-08-03T02:19:00Z,BATCH-NYKA-5983
PO_B01_005984,Stripe India,JIOO-ORD-142993 JIOO-ORD-467367 BATCH-JIOO-5984,229001,4580,0,0,224421,INR,2026-08-03T08:44:00Z,BATCH-JIOO-5984
PO_B01_005985,Cashfree Escrow,NYKA-ORD-456548 NYKA-ORD-360985 BATCH-NYKA-5985,423217,8464,0,0,414753,INR,2026-08-03T11:39:00Z,BATCH-NYKA-5985
PO_B01_005986,BillDesk Settlement,UBER-INV-214576 PO_B01_005986,331366,6443,0,0,324923,INR,2026-08-03T06:15:00Z,BATCH-UBER-5986
PO_B01_005987,Cashfree Escrow,JIOO-ORD-951259 JIOO-ORD-318768 JIOO-ORD-386613 BATCH-JIOO-5987,459534,9190,0,0,450344,INR,2026-08-03T00:38:00Z,BATCH-JIOO-5987
PO_B01_005988,Stripe India,SWIG-INV-497388 PO_B01_005988,327904,8126,0,0,319778,INR,2026-08-03T06:50:00Z,BATCH-SWIG-5988
PO_B01_005989,PayU Enterprise,MMTR-EXC-642972-UNRESOLVED,83033,1650,0,0,81383,INR,2026-08-03T18:34:00Z,HOLD-ESCROW
PO_B01_005990,BillDesk Settlement,BBAS-ORD-583033 BBAS-ORD-701157 BATCH-BBAS-5990,170244,3404,0,0,166840,INR,2026-08-03T04:26:00Z,BATCH-BBAS-5990
PO_B01_005991,Stripe India,TATA-ORD-101095 TATA-ORD-764917 BATCH-TATA-5991,199988,3999,0,0,195989,INR,2026-08-03T19:18:00Z,BATCH-TATA-5991
PO_B01_005992,Cashfree Escrow,TATA-INV-999659 PO_B01_005992,235781,4200,0,0,231581,INR,2026-08-02T13:40:00Z,BATCH-TATA-5992
PO_B01_005993,Razorpay Nodal,BBAS-INV-844110 PO_B01_005993,141454,3023,0,0,138431,INR,2026-08-03T16:57:00Z,BATCH-BBAS-5993
PO_B01_005994,Stripe India,AMZN-INV-734248 PO_B01_005994,329168,5084,0,0,324084,INR,2026-08-02T23:48:00Z,BATCH-AMZN-5994
PO_B01_005995,PayU Enterprise,MMTR-INV-743084 PO_B01_005995,285252,5536,0,0,279716,INR,2026-08-03T03:34:00Z,BATCH-MMTR-5995
PO_B01_005996,PayU Enterprise,UBER-INV-149911 PO_B01_005996,445627,11135,0,0,434492,INR,2026-08-03T15:32:00Z,BATCH-UBER-5996
PO_B01_005997,Stripe India,TATA-INV-880566 PO_B01_005997,429593,7480,0,0,422113,INR,2026-08-03T10:23:00Z,BATCH-TATA-5997
PO_B01_005998,PayU Enterprise,PAYT-INV-959209 PO_B01_005998,432470,7684,0,0,424786,INR,2026-08-03T00:52:00Z,BATCH-PAYT-5998
PO_B01_005999,PayU Enterprise,BBAS-ORD-167576 BBAS-ORD-324144 BBAS-ORD-450247 BATCH-BBAS-5999,226329,4526,0,0,221803,INR,2026-08-03T17:36:00Z,BATCH-BBAS-5999
PO_B01_006000,BillDesk Settlement,ZOMA-INV-457615 PO_B01_006000,166615,3296,0,0,163319,INR,2026-08-02T23:32:00Z,BATCH-ZOMA-6000
PO_B01_006001,Cashfree Escrow,MMTR-INV-918821 PO_B01_006001,41484,666,0,0,40818,INR,2026-08-02T21:25:00Z,BATCH-MMTR-6001
PO_B01_006002,Razorpay Nodal,BLNK-INV-300923 PO_B01_006002,356048,7380,0,0,348668,INR,2026-08-03T19:44:00Z,BATCH-BLNK-6002
PO_B01_006003,Stripe India,MMTR-INV-576022 PO_B01_006003,397112,6021,0,0,391091,INR,2026-08-02T16:48:00Z,BATCH-MMTR-6003
PO_B01_006004,Stripe India,BBAS-INV-501750 PO_B01_006004,124103,2550,0,0,121553,INR,2026-08-03T00:07:00Z,BATCH-BBAS-6004
PO_B01_006005,Razorpay Nodal,PHNP-INV-409553 PO_B01_006005,364070,8835,0,0,355235,INR,2026-08-02T16:40:00Z,BATCH-PHNP-6005
PO_B01_006006,BillDesk Settlement,JIOO-INV-799929 PO_B01_006006,39687,796,0,0,38891,INR,2026-08-03T10:55:00Z,BATCH-JIOO-6006
PO_B01_006007,Stripe India,BLNK-ORD-613220 BLNK-ORD-454049 BATCH-BLNK-6007,172607,3452,0,0,169155,INR,2026-08-03T13:01:00Z,BATCH-BLNK-6007
PO_B01_006008,Stripe India,AMZN-ORD-792054 AMZN-ORD-156283 BATCH-AMZN-6008,299215,5984,0,0,293231,INR,2026-08-03T00:43:00Z,BATCH-AMZN-6008
PO_B01_006009,Stripe India,OLAA-INV-376898 PO_B01_006009,340345,5562,0,0,334783,INR,2026-08-03T08:20:00Z,BATCH-OLAA-6009
PO_B01_006010,BillDesk Settlement,NYKA-INV-503647 PO_B01_006010,42394,640,0,0,41754,INR,2026-08-02T18:24:00Z,BATCH-NYKA-6010
PO_B01_006011,Cashfree Escrow,MMTR-INV-655477 PO_B01_006011,122842,3034,0,0,119808,INR,2026-08-02T20:15:00Z,BATCH-MMTR-6011
PO_B01_006012,Cashfree Escrow,SWIG-INV-178871 PO_B01_006012,301009,6320,0,0,294689,INR,2026-08-03T03:10:00Z,BATCH-SWIG-6012
PO_B01_006013,BillDesk Settlement,MMTR-ORD-865892 MMTR-ORD-144205 BATCH-MMTR-6013,205450,4109,0,0,201341,INR,2026-08-02T23:15:00Z,BATCH-MMTR-6013
PO_B01_006014,Razorpay Nodal,BBAS-INV-384912 PO_B01_006014,221355,3587,0,0,217768,INR,2026-08-03T23:58:00Z,BATCH-BBAS-6014
PO_B01_006015,Stripe India,OLAA-ORD-842507 OLAA-ORD-542906 OLAA-ORD-344813 BATCH-OLAA-6015,403768,8075,0,0,395693,INR,2026-08-03T15:59:00Z,BATCH-OLAA-6015
PO_B01_006016,BillDesk Settlement,TATA-ORD-769269 TATA-ORD-645548 BATCH-TATA-6016,234399,4687,0,0,229712,INR,2026-08-03T06:15:00Z,BATCH-TATA-6016
PO_B01_006017,PayU Enterprise,MMTR-INV-109761 PO_B01_006017,85716,2131,0,0,83585,INR,2026-08-02T17:36:00Z,BATCH-MMTR-6017
PO_B01_006018,Razorpay Nodal,SWIG-ORD-425678 SWIG-ORD-169835 BATCH-SWIG-6018,279600,5592,0,0,274008,INR,2026-08-03T07:38:00Z,BATCH-SWIG-6018
PO_B01_006019,PayU Enterprise,JIOO-INV-398355 PO_B01_006019,432503,10503,0,0,422000,INR,2026-08-03T05:55:00Z,BATCH-JIOO-6019
PO_B01_006020,BillDesk Settlement,PAYT-INV-806014 PO_B01_006020,364944,8717,0,0,356227,INR,2026-08-03T10:59:00Z,BATCH-PAYT-6020
PO_B01_006021,Razorpay Nodal,OLAA-INV-866905 PO_B01_006021,100348,2330,0,0,98018,INR,2026-08-03T09:33:00Z,BATCH-OLAA-6021
PO_B01_006022,PayU Enterprise,ZOMA-INV-531214 PO_B01_006022,285549,6291,0,0,279258,INR,2026-08-03T12:50:00Z,BATCH-ZOMA-6022
PO_B01_006023,BillDesk Settlement,FLPK-INV-408984 PO_B01_006023,313549,5294,0,0,308255,INR,2026-08-02T16:23:00Z,BATCH-FLPK-6023
PO_B01_006024,Razorpay Nodal,FLPK-INV-661605 PO_B01_006024,417225,9444,0,0,407781,INR,2026-08-03T12:16:00Z,BATCH-FLPK-6024
PO_B01_006025,Cashfree Escrow,PAYT-INV-925276 PO_B01_006025,255495,4306,0,0,251189,INR,2026-08-03T09:22:00Z,BATCH-PAYT-6025
PO_B01_006026,Razorpay Nodal,BKMS-ORD-245829 BKMS-ORD-674983 BATCH-BKMS-6026,442602,8852,0,0,433750,INR,2026-08-03T16:34:00Z,BATCH-BKMS-6026
PO_B01_006027,BillDesk Settlement,MYNT-INV-715976 PO_B01_006027,26103,405,0,0,25698,INR,2026-08-03T13:16:00Z,BATCH-MYNT-6027
PO_B01_006028,BillDesk Settlement,JIOO-INV-982591 PO_B01_006028,126650,3032,0,0,123618,INR,2026-08-03T04:13:00Z,BATCH-JIOO-6028
PO_B01_006029,BillDesk Settlement,ZOMA-INV-987477 PO_B01_006029,411391,6548,0,0,404843,INR,2026-08-03T05:12:00Z,BATCH-ZOMA-6029
PO_B01_006030,Stripe India,PHNP-INV-392912 PO_B01_006030,41580,645,0,0,40935,INR,2026-08-03T05:58:00Z,BATCH-PHNP-6030
PO_B01_006031,PayU Enterprise,NYKA-INV-113562 PO_B01_006031,240992,5427,0,0,235565,INR,2026-08-02T23:40:00Z,BATCH-NYKA-6031
PO_B01_006032,BillDesk Settlement,MMTR-INV-742223 PO_B01_006032,390973,9486,0,0,381487,INR,2026-08-03T21:16:00Z,BATCH-MMTR-6032
PO_B01_006033,PayU Enterprise,MYNT-EXC-800830-UNRESOLVED,180310,3596,0,0,176714,INR,2026-08-03T11:39:00Z,HOLD-ESCROW
PO_B01_006034,Stripe India,BKMS-INV-496078 PO_B01_006034,245379,3695,0,0,241684,INR,2026-08-02T21:42:00Z,BATCH-BKMS-6034
PO_B01_006035,Cashfree Escrow,BKMS-INV-480086 PO_B01_006035,122582,2289,0,0,120293,INR,2026-08-03T05:29:00Z,BATCH-BKMS-6035
PO_B01_006036,Cashfree Escrow,UBER-INV-288589 PO_B01_006036,67761,1520,0,0,66241,INR,2026-08-03T03:06:00Z,BATCH-UBER-6036
PO_B01_006037,Cashfree Escrow,AMZN-INV-742016 PO_B01_006037,382443,6311,0,0,376132,INR,2026-08-02T23:17:00Z,BATCH-AMZN-6037
PO_B01_006038,Stripe India,SWIG-INV-420215 PO_B01_006038,26758,434,0,0,26324,INR,2026-08-03T21:13:00Z,BATCH-SWIG-6038
PO_B01_006039,BillDesk Settlement,JIOO-INV-637763 PO_B01_006039,186334,3390,0,0,182944,INR,2026-08-03T05:16:00Z,BATCH-JIOO-6039
PO_B01_006040,BillDesk Settlement,NYKA-INV-716826 PO_B01_006040,107968,2272,0,0,105696,INR,2026-08-02T20:12:00Z,BATCH-NYKA-6040
PO_B01_006041,PayU Enterprise,AMZN-INV-322064 PO_B01_006041,257470,5683,0,0,251787,INR,2026-08-03T00:47:00Z,BATCH-AMZN-6041
PO_B01_006042,Razorpay Nodal,JIOO-INV-573964 PO_B01_006042,210056,4838,0,0,205218,INR,2026-08-03T01:33:00Z,BATCH-JIOO-6042
PO_B01_006043,Cashfree Escrow,SWIG-INV-578980 PO_B01_006043,190666,3401,0,0,187265,INR,2026-08-02T19:11:00Z,BATCH-SWIG-6043
PO_B01_006044,Stripe India,PAYT-ORD-173195 PAYT-ORD-236832 PAYT-ORD-274154 BATCH-PAYT-6044,459881,9197,0,0,450684,INR,2026-08-03T20:19:00Z,BATCH-PAYT-6044
PO_B01_006045,BillDesk Settlement,BBAS-EXC-219434-UNRESOLVED,265950,5309,0,0,260641,INR,2026-08-04T01:48:00Z,HOLD-ESCROW
PO_B01_006046,PayU Enterprise,NYKA-ORD-444910 NYKA-ORD-739989 NYKA-ORD-747057 BATCH-NYKA-6046,553966,11079,0,0,542887,INR,2026-08-03T04:57:00Z,BATCH-NYKA-6046
PO_B01_006047,PayU Enterprise,FLPK-INV-701885 PO_B01_006047,149942,2554,0,0,147388,INR,2026-08-03T18:48:00Z,BATCH-FLPK-6047
PO_B01_006048,BillDesk Settlement,AMZN-INV-563022 PO_B01_006048,242987,5772,0,0,237215,INR,2026-08-03T12:19:00Z,BATCH-AMZN-6048
PO_B01_006049,PayU Enterprise,MYNT-ORD-643811 MYNT-ORD-278452 BATCH-MYNT-6049,216418,4328,0,0,212090,INR,2026-08-03T16:17:00Z,BATCH-MYNT-6049
PO_B01_006050,Cashfree Escrow,SWIG-ORD-710445 SWIG-ORD-181539 SWIG-ORD-762140 BATCH-SWIG-6050,349162,6983,0,0,342179,INR,2026-08-03T00:36:00Z,BATCH-SWIG-6050
PO_B01_006051,PayU Enterprise,OLAA-INV-641322 PO_B01_006051,176125,3127,0,0,172998,INR,2026-08-03T11:25:00Z,BATCH-OLAA-6051
PO_B01_006052,Cashfree Escrow,UBER-ORD-498891 UBER-ORD-204264 BATCH-UBER-6052,142719,2854,0,0,139865,INR,2026-08-03T09:11:00Z,BATCH-UBER-6052
PO_B01_006053,Stripe India,ZOMA-ORD-634916 ZOMA-ORD-687283 ZOMA-ORD-517926 BATCH-ZOMA-6053,334735,6694,0,0,328041,INR,2026-08-03T19:39:00Z,BATCH-ZOMA-6053
PO_B01_006054,Cashfree Escrow,FLPK-ORD-771732 FLPK-ORD-667018 FLPK-ORD-121045 BATCH-FLPK-6054,260155,5203,0,0,254952,INR,2026-08-03T19:47:00Z,BATCH-FLPK-6054
PO_B01_006055,PayU Enterprise,JIOO-INV-305191 PO_B01_006055,358570,7144,0,0,351426,INR,2026-08-02T14:06:00Z,BATCH-JIOO-6055
PO_B01_006056,Stripe India,NYKA-ORD-153092 NYKA-ORD-101202 NYKA-ORD-371209 BATCH-NYKA-6056,291016,5820,0,0,285196,INR,2026-08-03T17:55:00Z,BATCH-NYKA-6056
PO_B01_006057,BillDesk Settlement,SWIG-INV-735226 PO_B01_006057,98961,2099,0,0,96862,INR,2026-08-03T07:55:00Z,BATCH-SWIG-6057
PO_B01_006058,Razorpay Nodal,PHNP-INV-273091 PO_B01_006058,225312,4248,0,0,221064,INR,2026-08-03T13:41:00Z,BATCH-PHNP-6058
PO_B01_006059,Cashfree Escrow,FLPK-ORD-311570 FLPK-ORD-705060 FLPK-ORD-804004 BATCH-FLPK-6059,501653,10033,0,0,491620,INR,2026-08-03T02:23:00Z,BATCH-FLPK-6059
PO_B01_006060,Razorpay Nodal,JIOO-INV-565766 PO_B01_006060,267519,6668,0,0,260851,INR,2026-08-02T17:37:00Z,BATCH-JIOO-6060
PO_B01_006061,Razorpay Nodal,JIOO-ORD-873942 JIOO-ORD-607205 BATCH-JIOO-6061,200869,4017,0,0,196852,INR,2026-08-03T05:14:00Z,BATCH-JIOO-6061
PO_B01_006062,BillDesk Settlement,MYNT-ORD-522175 MYNT-ORD-551794 BATCH-MYNT-6062,270587,5411,0,0,265176,INR,2026-08-03T03:46:00Z,BATCH-MYNT-6062
PO_B01_006063,BillDesk Settlement,AMZN-INV-571559 PO_B01_006063,32354,797,0,0,31557,INR,2026-08-02T18:22:00Z,BATCH-AMZN-6063
PO_B01_006064,BillDesk Settlement,SWIG-INV-603709 PO_B01_006064,224342,3925,0,0,220417,INR,2026-08-03T01:06:00Z,BATCH-SWIG-6064
PO_B01_006065,Stripe India,PAYT-INV-393686 PO_B01_006065,327857,5006,0,0,322851,INR,2026-08-02T20:48:00Z,BATCH-PAYT-6065
PO_B01_006066,PayU Enterprise,SWIG-INV-304943 PO_B01_006066,348772,7780,0,0,340992,INR,2026-08-03T15:41:00Z,BATCH-SWIG-6066
PO_B01_006067,Stripe India,PAYT-INV-573240 PO_B01_006067,216713,3567,0,0,213146,INR,2026-08-02T23:25:00Z,BATCH-PAYT-6067
PO_B01_006068,BillDesk Settlement,FLPK-INV-830861 PO_B01_006068,121036,1925,0,0,119111,INR,2026-08-03T01:22:00Z,BATCH-FLPK-6068
PO_B01_006069,BillDesk Settlement,SWIG-INV-984986 PO_B01_006069,173651,3396,0,0,170255,INR,2026-08-03T15:14:00Z,BATCH-SWIG-6069
PO_B01_006070,Cashfree Escrow,FLPK-INV-780268 PO_B01_006070,26758,609,0,0,26149,INR,2026-08-03T03:33:00Z,BATCH-FLPK-6070
PO_B01_006071,Stripe India,MYNT-ORD-506235 MYNT-ORD-524208 MYNT-ORD-378630 BATCH-MYNT-6071,175438,3508,0,0,171930,INR,2026-08-03T12:03:00Z,BATCH-MYNT-6071
PO_B01_006072,Razorpay Nodal,PAYT-ORD-940549 PAYT-ORD-723686 BATCH-PAYT-6072,342793,6855,0,0,335938,INR,2026-08-03T10:49:00Z,BATCH-PAYT-6072
PO_B01_006073,PayU Enterprise,PHNP-INV-425934 PO_B01_006073,205587,4531,0,0,201056,INR,2026-08-03T11:34:00Z,BATCH-PHNP-6073
PO_B01_006074,BillDesk Settlement,BBAS-INV-348876 PO_B01_006074,304157,5577,0,0,298580,INR,2026-08-03T22:06:00Z,BATCH-BBAS-6074
PO_B01_006075,Razorpay Nodal,ZOMA-INV-177741 PO_B01_006075,420285,9834,0,0,410451,INR,2026-08-04T00:53:00Z,BATCH-ZOMA-6075
PO_B01_006076,Cashfree Escrow,ZOMA-INV-255190 PO_B01_006076,389481,9535,0,0,379946,INR,2026-08-03T14:47:00Z,BATCH-ZOMA-6076
PO_B01_006077,Cashfree Escrow,BBAS-INV-689774 PO_B01_006077,172917,3223,0,0,169694,INR,2026-08-03T19:49:00Z,BATCH-BBAS-6077
PO_B01_006078,Razorpay Nodal,PAYT-INV-872524 PO_B01_006078,27041,621,0,0,26420,INR,2026-08-03T10:12:00Z,BATCH-PAYT-6078
PO_B01_006079,PayU Enterprise,SWIG-INV-190734 PO_B01_006079,392892,8662,0,0,384230,INR,2026-08-03T09:01:00Z,BATCH-SWIG-6079
PO_B01_006080,Cashfree Escrow,NYKA-INV-796144 PO_B01_006080,257723,5959,0,0,251764,INR,2026-08-03T09:19:00Z,BATCH-NYKA-6080
PO_B01_006081,BillDesk Settlement,PAYT-ORD-427228 PAYT-ORD-807913 BATCH-PAYT-6081,258385,5167,0,0,253218,INR,2026-08-03T10:58:00Z,BATCH-PAYT-6081
PO_B01_006082,Cashfree Escrow,MMTR-INV-576338 PO_B01_006082,372196,9235,0,0,362961,INR,2026-08-03T03:54:00Z,BATCH-MMTR-6082
PO_B01_006083,Stripe India,PHNP-ORD-735710 PHNP-ORD-372699 BATCH-PHNP-6083,117512,2350,0,0,115162,INR,2026-08-02T21:16:00Z,BATCH-PHNP-6083
PO_B01_006084,Stripe India,SWIG-INV-593420 PO_B01_006084,154316,3650,0,0,150666,INR,2026-08-03T16:20:00Z,BATCH-SWIG-6084
PO_B01_006085,Stripe India,ZOMA-INV-110695 PO_B01_006085,157764,2991,0,0,154773,INR,2026-08-03T09:28:00Z,BATCH-ZOMA-6085
PO_B01_006086,Stripe India,BKMS-EXC-616994-UNRESOLVED,151971,3029,0,0,148942,INR,2026-08-03T12:56:00Z,HOLD-ESCROW
PO_B01_006087,Razorpay Nodal,TATA-ORD-263661 TATA-ORD-507384 BATCH-TATA-6087,212943,4258,0,0,208685,INR,2026-08-03T09:08:00Z,BATCH-TATA-6087
PO_B01_006088,Razorpay Nodal,SWIG-EXC-631750-UNRESOLVED,123232,2454,0,0,120778,INR,2026-08-03T21:49:00Z,HOLD-ESCROW
PO_B01_006089,Stripe India,PHNP-INV-566630 PO_B01_006089,147621,3143,0,0,144478,INR,2026-08-03T02:08:00Z,BATCH-PHNP-6089
PO_B01_006090,Razorpay Nodal,NYKA-INV-526987 PO_B01_006090,312942,5435,0,0,307507,INR,2026-08-03T14:38:00Z,BATCH-NYKA-6090
PO_B01_006091,Stripe India,PHNP-INV-999858 PO_B01_006091,252793,4207,0,0,248586,INR,2026-08-02T22:13:00Z,BATCH-PHNP-6091
PO_B01_006092,Razorpay Nodal,OLAA-INV-125140 PO_B01_006092,369262,6734,0,0,362528,INR,2026-08-02T21:11:00Z,BATCH-OLAA-6092
PO_B01_006093,Stripe India,AMZN-INV-501133 PO_B01_006093,351237,6901,0,0,344336,INR,2026-08-03T14:27:00Z,BATCH-AMZN-6093
PO_B01_006094,BillDesk Settlement,TATA-INV-344240 PO_B01_006094,129404,1974,0,0,127430,INR,2026-08-03T09:25:00Z,BATCH-TATA-6094
PO_B01_006095,PayU Enterprise,NYKA-INV-418411 PO_B01_006095,441085,7815,0,0,433270,INR,2026-08-03T04:11:00Z,BATCH-NYKA-6095
PO_B01_006096,Razorpay Nodal,SWIG-EXC-693107-UNRESOLVED,141988,2829,0,0,139159,INR,2026-08-03T17:49:00Z,HOLD-ESCROW
PO_B01_006097,Razorpay Nodal,TATA-INV-853958 PO_B01_006097,212906,4767,0,0,208139,INR,2026-08-03T09:26:00Z,BATCH-TATA-6097
PO_B01_006098,Cashfree Escrow,FLPK-INV-921692 PO_B01_006098,252502,5868,0,0,246634,INR,2026-08-03T01:56:00Z,BATCH-FLPK-6098
PO_B01_006099,Razorpay Nodal,TATA-EXC-606402-UNRESOLVED,138044,2750,0,0,135294,INR,2026-08-04T04:20:00Z,HOLD-ESCROW
PO_B01_006100,BillDesk Settlement,UBER-INV-694848 PO_B01_006100,116333,2783,0,0,113550,INR,2026-08-03T18:10:00Z,BATCH-UBER-6100
PO_B01_006101,Razorpay Nodal,MYNT-INV-652865 PO_B01_006101,325947,7743,0,0,318204,INR,2026-08-03T06:07:00Z,BATCH-MYNT-6101
PO_B01_006102,Cashfree Escrow,MMTR-ORD-654547 MMTR-ORD-275086 MMTR-ORD-500527 BATCH-MMTR-6102,430067,8601,0,0,421466,INR,2026-08-03T05:08:00Z,BATCH-MMTR-6102
PO_B01_006103,PayU Enterprise,JIOO-ORD-378211 JIOO-ORD-448173 BATCH-JIOO-6103,189323,3786,0,0,185537,INR,2026-08-03T18:06:00Z,BATCH-JIOO-6103
PO_B01_006104,BillDesk Settlement,TATA-INV-416890 PO_B01_006104,448682,9506,0,0,439176,INR,2026-08-03T11:44:00Z,BATCH-TATA-6104
PO_B01_006105,PayU Enterprise,AMZN-INV-175555 PO_B01_006105,128267,2145,0,0,126122,INR,2026-08-03T14:47:00Z,BATCH-AMZN-6105
PO_B01_006106,Razorpay Nodal,SWIG-ORD-219607 SWIG-ORD-754575 BATCH-SWIG-6106,227122,4542,0,0,222580,INR,2026-08-03T00:48:00Z,BATCH-SWIG-6106
PO_B01_006107,BillDesk Settlement,MYNT-INV-585869 PO_B01_006107,95244,1890,0,0,93354,INR,2026-08-03T18:48:00Z,BATCH-MYNT-6107
PO_B01_006108,Cashfree Escrow,FLPK-ORD-304001 FLPK-ORD-255723 BATCH-FLPK-6108,159141,3182,0,0,155959,INR,2026-08-03T05:04:00Z,BATCH-FLPK-6108
PO_B01_006109,Stripe India,PAYT-INV-271570 PO_B01_006109,141984,2409,0,0,139575,INR,2026-08-02T23:23:00Z,BATCH-PAYT-6109
PO_B01_006110,Razorpay Nodal,BKMS-INV-114274 PO_B01_006110,52910,984,0,0,51926,INR,2026-08-03T22:21:00Z,BATCH-BKMS-6110
PO_B01_006111,Razorpay Nodal,PHNP-INV-487858 PO_B01_006111,249556,4985,0,0,244571,INR,2026-08-03T11:11:00Z,BATCH-PHNP-6111
PO_B01_006112,PayU Enterprise,PHNP-ORD-466199 PHNP-ORD-533957 BATCH-PHNP-6112,411326,8226,0,0,403100,INR,2026-08-02T22:09:00Z,BATCH-PHNP-6112
PO_B01_006113,BillDesk Settlement,MYNT-ORD-459348 MYNT-ORD-812273 BATCH-MYNT-6113,163407,3268,0,0,160139,INR,2026-08-03T13:06:00Z,BATCH-MYNT-6113
PO_B01_006114,PayU Enterprise,TATA-INV-205825 PO_B01_006114,369543,5762,0,0,363781,INR,2026-08-03T16:36:00Z,BATCH-TATA-6114
PO_B01_006115,Cashfree Escrow,AMZN-INV-488310 PO_B01_006115,232512,3669,0,0,228843,INR,2026-08-03T14:33:00Z,BATCH-AMZN-6115
PO_B01_006116,Cashfree Escrow,SWIG-ORD-120534 SWIG-ORD-888640 BATCH-SWIG-6116,375180,7503,0,0,367677,INR,2026-08-03T16:05:00Z,BATCH-SWIG-6116
PO_B01_006117,BillDesk Settlement,AMZN-EXC-587442-UNRESOLVED,90693,1803,0,0,88890,INR,2026-08-04T00:07:00Z,HOLD-ESCROW
PO_B01_006118,Cashfree Escrow,NYKA-INV-669315 PO_B01_006118,37513,575,0,0,36938,INR,2026-08-03T05:06:00Z,BATCH-NYKA-6118
PO_B01_006119,BillDesk Settlement,BBAS-INV-267167 PO_B01_006119,448804,9320,0,0,439484,INR,2026-08-03T09:41:00Z,BATCH-BBAS-6119
PO_B01_006120,PayU Enterprise,MYNT-INV-608436 PO_B01_006120,256403,4769,0,0,251634,INR,2026-08-03T13:31:00Z,BATCH-MYNT-6120
PO_B01_006121,Razorpay Nodal,BLNK-INV-485146 PO_B01_006121,182341,3987,0,0,178354,INR,2026-08-03T19:33:00Z,BATCH-BLNK-6121
PO_B01_006122,Razorpay Nodal,ZOMA-INV-484556 PO_B01_006122,292132,5722,0,0,286410,INR,2026-08-03T08:26:00Z,BATCH-ZOMA-6122
PO_B01_006123,Razorpay Nodal,BKMS-INV-314042 PO_B01_006123,238743,5919,0,0,232824,INR,2026-08-03T04:29:00Z,BATCH-BKMS-6123
PO_B01_006124,Stripe India,OLAA-INV-326031 PO_B01_006124,259147,3953,0,0,255194,INR,2026-08-02T17:43:00Z,BATCH-OLAA-6124
PO_B01_006125,BillDesk Settlement,OLAA-INV-273710 PO_B01_006125,103758,1670,0,0,102088,INR,2026-08-03T11:18:00Z,BATCH-OLAA-6125
PO_B01_006126,Cashfree Escrow,PHNP-INV-900148 PO_B01_006126,260776,5585,0,0,255191,INR,2026-08-03T21:01:00Z,BATCH-PHNP-6126
PO_B01_006127,PayU Enterprise,SWIG-ORD-444340 SWIG-ORD-204507 BATCH-SWIG-6127,159214,3184,0,0,156030,INR,2026-08-03T15:02:00Z,BATCH-SWIG-6127
PO_B01_006128,Stripe India,PHNP-ORD-404599 PHNP-ORD-230291 BATCH-PHNP-6128,323666,6473,0,0,317193,INR,2026-08-03T01:31:00Z,BATCH-PHNP-6128
PO_B01_006129,Stripe India,MMTR-ORD-400879 MMTR-ORD-187404 MMTR-ORD-466533 BATCH-MMTR-6129,427125,8542,0,0,418583,INR,2026-08-03T04:07:00Z,BATCH-MMTR-6129
PO_B01_006130,Cashfree Escrow,OLAA-ORD-334362 OLAA-ORD-975272 OLAA-ORD-405263 BATCH-OLAA-6130,470815,9416,0,0,461399,INR,2026-08-03T15:11:00Z,BATCH-OLAA-6130
PO_B01_006131,PayU Enterprise,ZOMA-INV-815444 PO_B01_006131,279381,5475,0,0,273906,INR,2026-08-03T06:08:00Z,BATCH-ZOMA-6131
PO_B01_006132,Stripe India,OLAA-ORD-734620 OLAA-ORD-479768 OLAA-ORD-117496 BATCH-OLAA-6132,353023,7060,0,0,345963,INR,2026-08-02T22:32:00Z,BATCH-OLAA-6132
PO_B01_006133,PayU Enterprise,MMTR-INV-988602 PO_B01_006133,52060,1224,0,0,50836,INR,2026-08-03T14:02:00Z,BATCH-MMTR-6133
PO_B01_006134,BillDesk Settlement,BLNK-ORD-391289 BLNK-ORD-730834 BATCH-BLNK-6134,297976,5959,0,0,292017,INR,2026-08-03T14:38:00Z,BATCH-BLNK-6134
PO_B01_006135,Razorpay Nodal,UBER-INV-222639 PO_B01_006135,26487,575,0,0,25912,INR,2026-08-03T16:05:00Z,BATCH-UBER-6135
PO_B01_006136,PayU Enterprise,NYKA-ORD-944520 NYKA-ORD-929259 NYKA-ORD-665196 BATCH-NYKA-6136,522636,10452,0,0,512184,INR,2026-08-02T22:58:00Z,BATCH-NYKA-6136
PO_B01_006137,Razorpay Nodal,SWIG-ORD-679701 SWIG-ORD-802524 BATCH-SWIG-6137,184009,3680,0,0,180329,INR,2026-08-02T22:41:00Z,BATCH-SWIG-6137
PO_B01_006138,PayU Enterprise,TATA-INV-344540 PO_B01_006138,374934,9368,0,0,365566,INR,2026-08-03T16:16:00Z,BATCH-TATA-6138
PO_B01_006139,Razorpay Nodal,BKMS-INV-203472 PO_B01_006139,417877,7994,0,0,409883,INR,2026-08-03T20:48:00Z,BATCH-BKMS-6139
PO_B01_006140,Cashfree Escrow,UBER-EXC-312237-UNRESOLVED,128647,2562,0,0,126085,INR,2026-08-03T17:37:00Z,HOLD-ESCROW
PO_B01_006141,BillDesk Settlement,AMZN-INV-454236 PO_B01_006141,408876,7861,0,0,401015,INR,2026-08-03T10:24:00Z,BATCH-AMZN-6141
PO_B01_006142,BillDesk Settlement,SWIG-ORD-962703 SWIG-ORD-258031 SWIG-ORD-869201 BATCH-SWIG-6142,389494,7789,0,0,381705,INR,2026-08-03T11:53:00Z,BATCH-SWIG-6142
PO_B01_006143,Razorpay Nodal,BLNK-INV-699430 PO_B01_006143,212630,3332,0,0,209298,INR,2026-08-02T19:31:00Z,BATCH-BLNK-6143
PO_B01_006144,Stripe India,OLAA-INV-702343 PO_B01_006144,440007,9572,0,0,430435,INR,2026-08-03T13:35:00Z,BATCH-OLAA-6144
PO_B01_006145,Razorpay Nodal,PHNP-ORD-723066 PHNP-ORD-188198 PHNP-ORD-677296 BATCH-PHNP-6145,406037,8120,0,0,397917,INR,2026-08-03T19:27:00Z,BATCH-PHNP-6145
PO_B01_006146,Razorpay Nodal,MYNT-INV-348033 PO_B01_006146,109269,2024,0,0,107245,INR,2026-08-02T22:10:00Z,BATCH-MYNT-6146
PO_B01_006147,Cashfree Escrow,UBER-INV-965462 PO_B01_006147,302060,7103,0,0,294957,INR,2026-08-03T21:53:00Z,BATCH-UBER-6147
PO_B01_006148,Razorpay Nodal,BKMS-INV-800302 PO_B01_006148,256682,5344,0,0,251338,INR,2026-08-03T13:28:00Z,BATCH-BKMS-6148
PO_B01_006149,PayU Enterprise,BLNK-ORD-152868 BLNK-ORD-537751 BATCH-BLNK-6149,369087,7381,0,0,361706,INR,2026-08-03T19:48:00Z,BATCH-BLNK-6149
PO_B01_006150,PayU Enterprise,MMTR-INV-658955 PO_B01_006150,55769,1044,0,0,54725,INR,2026-08-03T07:25:00Z,BATCH-MMTR-6150
PO_B01_006151,Cashfree Escrow,ZOMA-INV-983035 PO_B01_006151,226188,4468,0,0,221720,INR,2026-08-03T01:38:00Z,BATCH-ZOMA-6151
PO_B01_006152,BillDesk Settlement,OLAA-INV-378519 PO_B01_006152,122170,2536,0,0,119634,INR,2026-08-02T16:54:00Z,BATCH-OLAA-6152
PO_B01_006153,Cashfree Escrow,ZOMA-INV-957644 PO_B01_006153,237236,4247,0,0,232989,INR,2026-08-03T20:51:00Z,BATCH-ZOMA-6153
PO_B01_006154,BillDesk Settlement,BBAS-INV-665993 PO_B01_006154,221740,3654,0,0,218086,INR,2026-08-03T06:30:00Z,BATCH-BBAS-6154
PO_B01_006155,BillDesk Settlement,UBER-ORD-184287 UBER-ORD-735164 UBER-ORD-503707 BATCH-UBER-6155,502541,10050,0,0,492491,INR,2026-08-03T07:44:00Z,BATCH-UBER-6155
PO_B01_006156,BillDesk Settlement,JIOO-INV-612900 PO_B01_006156,350968,6359,0,0,344609,INR,2026-08-03T15:10:00Z,BATCH-JIOO-6156
PO_B01_006157,Razorpay Nodal,OLAA-INV-386369 PO_B01_006157,333768,7270,0,0,326498,INR,2026-08-03T12:20:00Z,BATCH-OLAA-6157
PO_B01_006158,PayU Enterprise,BLNK-ORD-655156 BLNK-ORD-226365 BATCH-BLNK-6158,188898,3777,0,0,185121,INR,2026-08-03T03:55:00Z,BATCH-BLNK-6158
PO_B01_006159,Razorpay Nodal,AMZN-INV-318715 PO_B01_006159,105218,2195,0,0,103023,INR,2026-08-03T04:23:00Z,BATCH-AMZN-6159
PO_B01_006160,PayU Enterprise,SWIG-ORD-694430 SWIG-ORD-938733 SWIG-ORD-849476 BATCH-SWIG-6160,319552,6391,0,0,313161,INR,2026-08-03T08:19:00Z,BATCH-SWIG-6160
PO_B01_006161,Cashfree Escrow,BKMS-INV-460513 PO_B01_006161,82396,1445,0,0,80951,INR,2026-08-03T13:25:00Z,BATCH-BKMS-6161
PO_B01_006162,PayU Enterprise,NYKA-INV-701833 PO_B01_006162,189213,4321,0,0,184892,INR,2026-08-03T06:52:00Z,BATCH-NYKA-6162
PO_B01_006163,Cashfree Escrow,PAYT-INV-559414 PO_B01_006163,106323,1807,0,0,104516,INR,2026-08-02T20:09:00Z,BATCH-PAYT-6163
PO_B01_006164,Stripe India,PHNP-ORD-520661 PHNP-ORD-411435 BATCH-PHNP-6164,223739,4474,0,0,219265,INR,2026-08-03T06:24:00Z,BATCH-PHNP-6164
PO_B01_006165,Razorpay Nodal,MYNT-INV-646216 PO_B01_006165,301036,4716,0,0,296320,INR,2026-08-03T16:45:00Z,BATCH-MYNT-6165
PO_B01_006166,Stripe India,SWIG-ORD-755183 SWIG-ORD-554033 SWIG-ORD-182106 BATCH-SWIG-6166,281501,5630,0,0,275871,INR,2026-08-02T23:19:00Z,BATCH-SWIG-6166
PO_B01_006167,PayU Enterprise,BBAS-INV-978735 PO_B01_006167,437194,9361,0,0,427833,INR,2026-08-03T12:06:00Z,BATCH-BBAS-6167
PO_B01_006168,BillDesk Settlement,FLPK-INV-932125 PO_B01_006168,278067,6874,0,0,271193,INR,2026-08-03T13:44:00Z,BATCH-FLPK-6168
PO_B01_006169,Cashfree Escrow,ZOMA-ORD-106206 ZOMA-ORD-448957 BATCH-ZOMA-6169,366736,7334,0,0,359402,INR,2026-08-03T20:15:00Z,BATCH-ZOMA-6169
PO_B01_006170,BillDesk Settlement,PHNP-ORD-453515 PHNP-ORD-580466 PHNP-ORD-303777 BATCH-PHNP-6170,216613,4332,0,0,212281,INR,2026-08-02T21:38:00Z,BATCH-PHNP-6170
PO_B01_006171,Cashfree Escrow,OLAA-INV-601514 PO_B01_006171,114098,1912,0,0,112186,INR,2026-08-03T13:22:00Z,BATCH-OLAA-6171
PO_B01_006172,PayU Enterprise,OLAA-INV-544296 PO_B01_006172,238063,4247,0,0,233816,INR,2026-08-03T04:00:00Z,BATCH-OLAA-6172
PO_B01_006173,Cashfree Escrow,BLNK-ORD-638907 BLNK-ORD-783575 BATCH-BLNK-6173,402513,8050,0,0,394463,INR,2026-08-03T09:11:00Z,BATCH-BLNK-6173
PO_B01_006174,Stripe India,JIOO-ORD-563663 JIOO-ORD-842886 JIOO-ORD-919070 BATCH-JIOO-6174,173574,3471,0,0,170103,INR,2026-08-03T05:08:00Z,BATCH-JIOO-6174
PO_B01_006175,PayU Enterprise,PAYT-INV-243208 PO_B01_006175,161264,3336,0,0,157928,INR,2026-08-03T16:54:00Z,BATCH-PAYT-6175
PO_B01_006176,PayU Enterprise,PHNP-INV-213753 PO_B01_006176,220554,3852,0,0,216702,INR,2026-08-03T07:14:00Z,BATCH-PHNP-6176
PO_B01_006177,Stripe India,ZOMA-ORD-740159 ZOMA-ORD-132247 BATCH-ZOMA-6177,292108,5842,0,0,286266,INR,2026-08-03T07:06:00Z,BATCH-ZOMA-6177
PO_B01_006178,PayU Enterprise,UBER-INV-829138 PO_B01_006178,344690,7461,0,0,337229,INR,2026-08-03T15:23:00Z,BATCH-UBER-6178
PO_B01_006179,Stripe India,SWIG-INV-874509 PO_B01_006179,228798,3788,0,0,225010,INR,2026-08-03T09:35:00Z,BATCH-SWIG-6179
PO_B01_006180,PayU Enterprise,FLPK-INV-419416 PO_B01_006180,305538,5348,0,0,300190,INR,2026-08-03T04:29:00Z,BATCH-FLPK-6180
PO_B01_006181,Cashfree Escrow,FLPK-INV-891134 PO_B01_006181,375190,7389,0,0,367801,INR,2026-08-03T12:44:00Z,BATCH-FLPK-6181
PO_B01_006182,Stripe India,MMTR-ORD-164011 MMTR-ORD-183943 BATCH-MMTR-6182,161037,3220,0,0,157817,INR,2026-08-03T00:46:00Z,BATCH-MMTR-6182
PO_B01_006183,Razorpay Nodal,UBER-INV-430500 PO_B01_006183,194738,3161,0,0,191577,INR,2026-08-03T04:12:00Z,BATCH-UBER-6183
PO_B01_006184,PayU Enterprise,BLNK-INV-791421 PO_B01_006184,369814,7377,0,0,362437,INR,2026-08-03T14:24:00Z,BATCH-BLNK-6184
PO_B01_006185,BillDesk Settlement,JIOO-ORD-408396 JIOO-ORD-719786 BATCH-JIOO-6185,184837,3696,0,0,181141,INR,2026-08-03T11:22:00Z,BATCH-JIOO-6185
PO_B01_006186,PayU Enterprise,JIOO-INV-240024 PO_B01_006186,445820,11138,0,0,434682,INR,2026-08-03T18:18:00Z,BATCH-JIOO-6186
PO_B01_006187,Razorpay Nodal,BKMS-INV-578118 PO_B01_006187,94223,1574,0,0,92649,INR,2026-08-03T10:27:00Z,BATCH-BKMS-6187
PO_B01_006188,BillDesk Settlement,JIOO-ORD-711214 JIOO-ORD-434824 JIOO-ORD-645843 BATCH-JIOO-6188,301836,6036,0,0,295800,INR,2026-08-03T15:14:00Z,BATCH-JIOO-6188
PO_B01_006189,Cashfree Escrow,UBER-INV-900059 PO_B01_006189,87531,1579,0,0,85952,INR,2026-08-03T12:37:00Z,BATCH-UBER-6189
PO_B01_006190,Razorpay Nodal,SWIG-INV-627248 PO_B01_006190,58878,1388,0,0,57490,INR,2026-08-03T14:29:00Z,BATCH-SWIG-6190
PO_B01_006191,BillDesk Settlement,MYNT-INV-130640 PO_B01_006191,448488,6730,0,0,441758,INR,2026-08-03T13:40:00Z,BATCH-MYNT-6191
PO_B01_006192,Cashfree Escrow,BLNK-INV-314620 PO_B01_006192,374271,6149,0,0,368122,INR,2026-08-03T00:40:00Z,BATCH-BLNK-6192
PO_B01_006193,BillDesk Settlement,FLPK-INV-825088 PO_B01_006193,238463,4888,0,0,233575,INR,2026-08-02T14:52:00Z,BATCH-FLPK-6193
PO_B01_006194,Cashfree Escrow,MYNT-INV-965228 PO_B01_006194,121654,2558,0,0,119096,INR,2026-08-03T23:13:00Z,BATCH-MYNT-6194
PO_B01_006195,PayU Enterprise,JIOO-ORD-960781 JIOO-ORD-996334 BATCH-JIOO-6195,237591,4751,0,0,232840,INR,2026-08-03T01:39:00Z,BATCH-JIOO-6195
PO_B01_006196,Razorpay Nodal,MMTR-ORD-657967 MMTR-ORD-228770 BATCH-MMTR-6196,408506,8170,0,0,400336,INR,2026-08-03T09:01:00Z,BATCH-MMTR-6196
PO_B01_006197,Razorpay Nodal,PAYT-INV-687094 PO_B01_006197,337643,6217,0,0,331426,INR,2026-08-03T09:59:00Z,BATCH-PAYT-6197
PO_B01_006198,Cashfree Escrow,MMTR-ORD-242890 MMTR-ORD-740520 BATCH-MMTR-6198,61507,1230,0,0,60277,INR,2026-08-03T15:35:00Z,BATCH-MMTR-6198
PO_B01_006199,Razorpay Nodal,UBER-INV-638661 PO_B01_006199,220635,4940,0,0,215695,INR,2026-08-03T08:09:00Z,BATCH-UBER-6199
PO_B01_006200,Stripe India,JIOO-INV-250836 PO_B01_006200,61943,1462,0,0,60481,INR,2026-08-02T23:10:00Z,BATCH-JIOO-6200
PO_B01_006201,PayU Enterprise,OLAA-INV-293002 PO_B01_006201,305452,6411,0,0,299041,INR,2026-08-03T03:11:00Z,BATCH-OLAA-6201
PO_B01_006202,BillDesk Settlement,TATA-ORD-153712 TATA-ORD-422626 BATCH-TATA-6202,205654,4113,0,0,201541,INR,2026-08-03T19:46:00Z,BATCH-TATA-6202
PO_B01_006203,Razorpay Nodal,AMZN-INV-161898 PO_B01_006203,271904,5560,0,0,266344,INR,2026-08-03T22:38:00Z,BATCH-AMZN-6203
PO_B01_006204,Stripe India,BBAS-ORD-748365 BBAS-ORD-657749 BBAS-ORD-620618 BATCH-BBAS-6204,478163,9563,0,0,468600,INR,2026-08-03T09:06:00Z,BATCH-BBAS-6204
PO_B01_006205,PayU Enterprise,BBAS-INV-930319 PO_B01_006205,170451,3482,0,0,166969,INR,2026-08-03T00:34:00Z,BATCH-BBAS-6205
PO_B01_006206,Razorpay Nodal,SWIG-INV-268886 PO_B01_006206,120755,2026,0,0,118729,INR,2026-08-02T20:52:00Z,BATCH-SWIG-6206
PO_B01_006207,Cashfree Escrow,MYNT-ORD-136569 MYNT-ORD-733397 MYNT-ORD-989252 BATCH-MYNT-6207,341481,6829,0,0,334652,INR,2026-08-03T16:56:00Z,BATCH-MYNT-6207
PO_B01_006208,PayU Enterprise,ZOMA-INV-580174 PO_B01_006208,177156,4320,0,0,172836,INR,2026-08-03T04:00:00Z,BATCH-ZOMA-6208
PO_B01_006209,Stripe India,ZOMA-INV-799767 PO_B01_006209,237949,4483,0,0,233466,INR,2026-08-03T00:23:00Z,BATCH-ZOMA-6209
PO_B01_006210,Stripe India,MYNT-ORD-763135 MYNT-ORD-176367 BATCH-MYNT-6210,265281,5305,0,0,259976,INR,2026-08-03T14:42:00Z,BATCH-MYNT-6210
PO_B01_006211,BillDesk Settlement,NYKA-INV-574306 PO_B01_006211,187639,4574,0,0,183065,INR,2026-08-03T05:32:00Z,BATCH-NYKA-6211
PO_B01_006212,Cashfree Escrow,MYNT-INV-531440 PO_B01_006212,373413,9218,0,0,364195,INR,2026-08-02T23:59:00Z,BATCH-MYNT-6212
PO_B01_006213,BillDesk Settlement,TATA-INV-870848 PO_B01_006213,266791,5880,0,0,260911,INR,2026-08-03T10:28:00Z,BATCH-TATA-6213
PO_B01_006214,Cashfree Escrow,BBAS-INV-564356 PO_B01_006214,173522,3086,0,0,170436,INR,2026-08-03T21:52:00Z,BATCH-BBAS-6214
PO_B01_006215,Cashfree Escrow,BBAS-INV-293381 PO_B01_006215,51872,860,0,0,51012,INR,2026-08-03T11:36:00Z,BATCH-BBAS-6215
PO_B01_006216,Razorpay Nodal,ZOMA-INV-890164 PO_B01_006216,335483,5429,0,0,330054,INR,2026-08-03T01:52:00Z,BATCH-ZOMA-6216
PO_B01_006217,BillDesk Settlement,MMTR-INV-906098 PO_B01_006217,118426,2670,0,0,115756,INR,2026-08-03T03:09:00Z,BATCH-MMTR-6217
PO_B01_006218,Razorpay Nodal,JIOO-INV-917285 PO_B01_006218,413393,8070,0,0,405323,INR,2026-08-03T11:10:00Z,BATCH-JIOO-6218
PO_B01_006219,Razorpay Nodal,OLAA-EXC-295616-UNRESOLVED,154405,3078,0,0,151327,INR,2026-08-03T21:26:00Z,HOLD-ESCROW
PO_B01_006220,BillDesk Settlement,ZOMA-INV-592343 PO_B01_006220,165824,3958,0,0,161866,INR,2026-08-03T19:12:00Z,BATCH-ZOMA-6220
PO_B01_006221,PayU Enterprise,PAYT-INV-574893 PO_B01_006221,71300,1752,0,0,69548,INR,2026-08-03T00:50:00Z,BATCH-PAYT-6221
PO_B01_006222,Cashfree Escrow,MYNT-EXC-807579-UNRESOLVED,202880,4047,0,0,198833,INR,2026-08-03T21:42:00Z,HOLD-ESCROW
PO_B01_006223,Cashfree Escrow,AMZN-INV-683727 PO_B01_006223,320077,7013,0,0,313064,INR,2026-08-03T07:43:00Z,BATCH-AMZN-6223
PO_B01_006224,Razorpay Nodal,JIOO-INV-380692 PO_B01_006224,351862,6963,0,0,344899,INR,2026-08-03T02:11:00Z,BATCH-JIOO-6224
PO_B01_006225,BillDesk Settlement,OLAA-ORD-720569 OLAA-ORD-124362 OLAA-ORD-276439 BATCH-OLAA-6225,317778,6355,0,0,311423,INR,2026-08-03T01:58:00Z,BATCH-OLAA-6225
PO_B01_006226,Stripe India,MYNT-INV-663937 PO_B01_006226,198391,3754,0,0,194637,INR,2026-08-02T17:38:00Z,BATCH-MYNT-6226
PO_B01_006227,PayU Enterprise,BKMS-INV-140971 PO_B01_006227,193075,4332,0,0,188743,INR,2026-08-03T09:42:00Z,BATCH-BKMS-6227
PO_B01_006228,BillDesk Settlement,ZOMA-INV-454402 PO_B01_006228,103456,1949,0,0,101507,INR,2026-08-03T09:47:00Z,BATCH-ZOMA-6228
PO_B01_006229,Stripe India,BBAS-INV-755592 PO_B01_006229,30348,733,0,0,29615,INR,2026-08-03T17:54:00Z,BATCH-BBAS-6229
PO_B01_006230,Cashfree Escrow,BKMS-EXC-741792-UNRESOLVED,141669,2823,0,0,138846,INR,2026-08-03T12:55:00Z,HOLD-ESCROW
PO_B01_006231,PayU Enterprise,JIOO-INV-742636 PO_B01_006231,236270,3616,0,0,232654,INR,2026-08-03T09:03:00Z,BATCH-JIOO-6231
PO_B01_006232,BillDesk Settlement,NYKA-ORD-989895 NYKA-ORD-348882 NYKA-ORD-899228 BATCH-NYKA-6232,471208,9424,0,0,461784,INR,2026-08-03T00:52:00Z,BATCH-NYKA-6232
PO_B01_006233,BillDesk Settlement,ZOMA-INV-262528 PO_B01_006233,131595,2709,0,0,128886,INR,2026-08-03T18:45:00Z,BATCH-ZOMA-6233
PO_B01_006234,PayU Enterprise,FLPK-INV-789625 PO_B01_006234,328946,7586,0,0,321360,INR,2026-08-03T10:07:00Z,BATCH-FLPK-6234
PO_B01_006235,Razorpay Nodal,FLPK-INV-936974 PO_B01_006235,413908,8935,0,0,404973,INR,2026-08-04T00:06:00Z,BATCH-FLPK-6235
PO_B01_006236,PayU Enterprise,UBER-ORD-371349 UBER-ORD-888154 UBER-ORD-516415 BATCH-UBER-6236,250271,5005,0,0,245266,INR,2026-08-03T02:45:00Z,BATCH-UBER-6236
PO_B01_006237,PayU Enterprise,PAYT-INV-815440 PO_B01_006237,401903,9913,0,0,391990,INR,2026-08-04T00:12:00Z,BATCH-PAYT-6237
PO_B01_006238,PayU Enterprise,OLAA-INV-277986 PO_B01_006238,357800,6362,0,0,351438,INR,2026-08-03T20:39:00Z,BATCH-OLAA-6238
PO_B01_006239,Stripe India,MMTR-INV-802309 PO_B01_006239,301786,6202,0,0,295584,INR,2026-08-03T11:02:00Z,BATCH-MMTR-6239
PO_B01_006240,Stripe India,BKMS-INV-108873 PO_B01_006240,52049,1165,0,0,50884,INR,2026-08-02T19:54:00Z,BATCH-BKMS-6240
PO_B01_006241,BillDesk Settlement,PHNP-INV-659027 PO_B01_006241,267005,5569,0,0,261436,INR,2026-08-03T10:40:00Z,BATCH-PHNP-6241
PO_B01_006242,Cashfree Escrow,BKMS-ORD-463855 BKMS-ORD-293113 BATCH-BKMS-6242,433164,8663,0,0,424501,INR,2026-08-03T12:59:00Z,BATCH-BKMS-6242
PO_B01_006243,PayU Enterprise,BKMS-EXC-225560-UNRESOLVED,292645,5842,0,0,286803,INR,2026-08-04T01:39:00Z,HOLD-ESCROW
PO_B01_006244,BillDesk Settlement,ZOMA-INV-538577 PO_B01_006244,90691,1825,0,0,88866,INR,2026-08-02T21:31:00Z,BATCH-ZOMA-6244
PO_B01_006245,BillDesk Settlement,OLAA-INV-828498 PO_B01_006245,44030,736,0,0,43294,INR,2026-08-02T15:30:00Z,BATCH-OLAA-6245
PO_B01_006246,Razorpay Nodal,PAYT-ORD-503330 PAYT-ORD-867159 BATCH-PAYT-6246,113965,2279,0,0,111686,INR,2026-08-03T00:22:00Z,BATCH-PAYT-6246
PO_B01_006247,Cashfree Escrow,BBAS-INV-895852 PO_B01_006247,384831,7673,0,0,377158,INR,2026-08-02T18:07:00Z,BATCH-BBAS-6247
PO_B01_006248,PayU Enterprise,AMZN-INV-502029 PO_B01_006248,145378,2410,0,0,142968,INR,2026-08-03T00:34:00Z,BATCH-AMZN-6248
PO_B01_006249,Stripe India,MYNT-INV-638351 PO_B01_006249,140068,2560,0,0,137508,INR,2026-08-03T01:33:00Z,BATCH-MYNT-6249
PO_B01_006250,Razorpay Nodal,PAYT-INV-281743 PO_B01_006250,372205,7286,0,0,364919,INR,2026-08-02T21:44:00Z,BATCH-PAYT-6250
PO_B01_006251,BillDesk Settlement,BKMS-INV-309264 PO_B01_006251,389464,5867,0,0,383597,INR,2026-08-03T07:41:00Z,BATCH-BKMS-6251
PO_B01_006252,Cashfree Escrow,FLPK-EXC-976967-UNRESOLVED,210875,4207,0,0,206668,INR,2026-08-03T09:20:00Z,HOLD-ESCROW
PO_B01_006253,BillDesk Settlement,MYNT-INV-142091 PO_B01_006253,58748,1374,0,0,57374,INR,2026-08-03T17:13:00Z,BATCH-MYNT-6253
PO_B01_006254,Cashfree Escrow,TATA-INV-382966 PO_B01_006254,343681,7471,0,0,336210,INR,2026-08-03T11:34:00Z,BATCH-TATA-6254
PO_B01_006255,Razorpay Nodal,MMTR-ORD-313876 MMTR-ORD-202095 MMTR-ORD-111952 BATCH-MMTR-6255,167178,3343,0,0,163835,INR,2026-08-03T17:29:00Z,BATCH-MMTR-6255
PO_B01_006256,Cashfree Escrow,JIOO-INV-836284 PO_B01_006256,284382,5711,0,0,278671,INR,2026-08-02T22:04:00Z,BATCH-JIOO-6256
PO_B01_006257,Stripe India,FLPK-ORD-550782 FLPK-ORD-179335 FLPK-ORD-149360 BATCH-FLPK-6257,423355,8467,0,0,414888,INR,2026-08-02T21:53:00Z,BATCH-FLPK-6257
PO_B01_006258,PayU Enterprise,JIOO-ORD-352848 JIOO-ORD-466070 JIOO-ORD-371703 BATCH-JIOO-6258,126718,2534,0,0,124184,INR,2026-08-03T03:43:00Z,BATCH-JIOO-6258
PO_B01_006259,Cashfree Escrow,OLAA-INV-997532 PO_B01_006259,190417,3444,0,0,186973,INR,2026-08-03T15:25:00Z,BATCH-OLAA-6259
PO_B01_006260,PayU Enterprise,ZOMA-INV-826994 PO_B01_006260,423265,10466,0,0,412799,INR,2026-08-02T22:08:00Z,BATCH-ZOMA-6260
PO_B01_006261,Razorpay Nodal,ZOMA-INV-536018 PO_B01_006261,281922,6802,0,0,275120,INR,2026-08-03T02:28:00Z,BATCH-ZOMA-6261
PO_B01_006262,Stripe India,JIOO-INV-352238 PO_B01_006262,138605,2736,0,0,135869,INR,2026-08-03T09:17:00Z,BATCH-JIOO-6262
PO_B01_006263,PayU Enterprise,BLNK-INV-935094 PO_B01_006263,61174,933,0,0,60241,INR,2026-08-03T12:43:00Z,BATCH-BLNK-6263
PO_B01_006264,Razorpay Nodal,AMZN-INV-876907 PO_B01_006264,413270,9739,0,0,403531,INR,2026-08-03T10:33:00Z,BATCH-AMZN-6264
PO_B01_006265,Stripe India,JIOO-INV-554425 PO_B01_006265,134850,2195,0,0,132655,INR,2026-08-02T22:19:00Z,BATCH-JIOO-6265
PO_B01_006266,PayU Enterprise,JIOO-EXC-684122-UNRESOLVED,242088,4831,0,0,237257,INR,2026-08-04T07:20:00Z,HOLD-ESCROW
PO_B01_006267,Razorpay Nodal,AMZN-INV-633248 PO_B01_006267,295263,6315,0,0,288948,INR,2026-08-03T03:09:00Z,BATCH-AMZN-6267
PO_B01_006268,Razorpay Nodal,SWIG-INV-206480 PO_B01_006268,343669,7847,0,0,335822,INR,2026-08-02T20:45:00Z,BATCH-SWIG-6268
PO_B01_006269,BillDesk Settlement,FLPK-INV-161283 PO_B01_006269,253301,4303,0,0,248998,INR,2026-08-03T10:08:00Z,BATCH-FLPK-6269
PO_B01_006270,PayU Enterprise,AMZN-INV-982777 PO_B01_006270,418538,8837,0,0,409701,INR,2026-08-02T20:20:00Z,BATCH-AMZN-6270
PO_B01_006271,BillDesk Settlement,MYNT-INV-383140 PO_B01_006271,357623,8462,0,0,349161,INR,2026-08-03T02:16:00Z,BATCH-MYNT-6271
PO_B01_006272,Stripe India,PAYT-INV-287725 PO_B01_006272,105888,2245,0,0,103643,INR,2026-08-02T22:21:00Z,BATCH-PAYT-6272
PO_B01_006273,Stripe India,BLNK-INV-985600 PO_B01_006273,342903,8071,0,0,334832,INR,2026-08-03T06:13:00Z,BATCH-BLNK-6273
PO_B01_006274,PayU Enterprise,NYKA-INV-299540 PO_B01_006274,248736,4540,0,0,244196,INR,2026-08-03T05:42:00Z,BATCH-NYKA-6274
PO_B01_006275,PayU Enterprise,BLNK-INV-606505 PO_B01_006275,141479,2216,0,0,139263,INR,2026-08-03T06:09:00Z,BATCH-BLNK-6275
PO_B01_006276,BillDesk Settlement,JIOO-INV-915151 PO_B01_006276,97858,1568,0,0,96290,INR,2026-08-03T07:25:00Z,BATCH-JIOO-6276
PO_B01_006277,Cashfree Escrow,ZOMA-INV-493527 PO_B01_006277,120524,1878,0,0,118646,INR,2026-08-03T06:47:00Z,BATCH-ZOMA-6277
PO_B01_006278,Stripe India,BBAS-ORD-166135 BBAS-ORD-285068 BATCH-BBAS-6278,348752,6975,0,0,341777,INR,2026-08-03T07:42:00Z,BATCH-BBAS-6278
PO_B01_006279,BillDesk Settlement,BKMS-INV-241057 PO_B01_006279,251197,4222,0,0,246975,INR,2026-08-02T20:47:00Z,BATCH-BKMS-6279
PO_B01_006280,BillDesk Settlement,AMZN-INV-226689 PO_B01_006280,120312,2115,0,0,118197,INR,2026-08-03T04:08:00Z,BATCH-AMZN-6280
PO_B01_006281,PayU Enterprise,MMTR-INV-156251 PO_B01_006281,73289,1260,0,0,72029,INR,2026-08-03T02:12:00Z,BATCH-MMTR-6281
PO_B01_006282,PayU Enterprise,AMZN-INV-542181 PO_B01_006282,442596,9497,0,0,433099,INR,2026-08-03T15:03:00Z,BATCH-AMZN-6282
PO_B01_006283,Razorpay Nodal,ZOMA-INV-834037 PO_B01_006283,114592,2231,0,0,112361,INR,2026-08-02T23:02:00Z,BATCH-ZOMA-6283
PO_B01_006284,Stripe India,TATA-INV-816483 PO_B01_006284,38483,858,0,0,37625,INR,2026-08-03T10:25:00Z,BATCH-TATA-6284
PO_B01_006285,Razorpay Nodal,OLAA-INV-710367 PO_B01_006285,97187,2121,0,0,95066,INR,2026-08-03T07:42:00Z,BATCH-OLAA-6285
PO_B01_006286,BillDesk Settlement,OLAA-INV-852493 PO_B01_006286,248421,4146,0,0,244275,INR,2026-08-03T18:21:00Z,BATCH-OLAA-6286
PO_B01_006287,BillDesk Settlement,BKMS-INV-408064 PO_B01_006287,124810,1906,0,0,122904,INR,2026-08-03T10:24:00Z,BATCH-BKMS-6287
PO_B01_006288,BillDesk Settlement,TATA-INV-227430 PO_B01_006288,130835,2244,0,0,128591,INR,2026-08-03T14:54:00Z,BATCH-TATA-6288
PO_B01_006289,BillDesk Settlement,MYNT-INV-553356 PO_B01_006289,147361,3058,0,0,144303,INR,2026-08-03T10:33:00Z,BATCH-MYNT-6289
PO_B01_006290,BillDesk Settlement,OLAA-INV-267191 PO_B01_006290,208649,3570,0,0,205079,INR,2026-08-03T03:04:00Z,BATCH-OLAA-6290
PO_B01_006291,BillDesk Settlement,NYKA-INV-612668 PO_B01_006291,185912,2808,0,0,183104,INR,2026-08-03T03:46:00Z,BATCH-NYKA-6291
PO_B01_006292,PayU Enterprise,AMZN-ORD-281773 AMZN-ORD-564418 BATCH-AMZN-6292,197610,3952,0,0,193658,INR,2026-08-03T19:29:00Z,BATCH-AMZN-6292
PO_B01_006293,PayU Enterprise,TATA-ORD-299776 TATA-ORD-940591 BATCH-TATA-6293,302439,6048,0,0,296391,INR,2026-08-03T14:12:00Z,BATCH-TATA-6293
PO_B01_006294,PayU Enterprise,AMZN-ORD-474813 AMZN-ORD-372190 AMZN-ORD-128739 BATCH-AMZN-6294,391843,7836,0,0,384007,INR,2026-08-03T00:59:00Z,BATCH-AMZN-6294
PO_B01_006295,Cashfree Escrow,PHNP-INV-348220 PO_B01_006295,89340,1540,0,0,87800,INR,2026-08-03T01:16:00Z,BATCH-PHNP-6295
PO_B01_006296,Stripe India,PAYT-ORD-215163 PAYT-ORD-299283 BATCH-PAYT-6296,314997,6299,0,0,308698,INR,2026-08-02T23:37:00Z,BATCH-PAYT-6296
PO_B01_006297,PayU Enterprise,MMTR-INV-751663 PO_B01_006297,424948,8697,0,0,416251,INR,2026-08-03T21:56:00Z,BATCH-MMTR-6297
PO_B01_006298,Razorpay Nodal,MMTR-ORD-770056 MMTR-ORD-175450 BATCH-MMTR-6298,318057,6361,0,0,311696,INR,2026-08-03T15:52:00Z,BATCH-MMTR-6298
PO_B01_006299,Cashfree Escrow,OLAA-INV-523709 PO_B01_006299,162487,4040,0,0,158447,INR,2026-08-03T23:04:00Z,BATCH-OLAA-6299
PO_B01_006300,Razorpay Nodal,UBER-INV-945389 PO_B01_006300,367463,8780,0,0,358683,INR,2026-08-03T05:39:00Z,BATCH-UBER-6300
PO_B01_006301,PayU Enterprise,NYKA-ORD-263533 NYKA-ORD-247473 NYKA-ORD-561550 BATCH-NYKA-6301,249386,4987,0,0,244399,INR,2026-08-03T16:41:00Z,BATCH-NYKA-6301
PO_B01_006302,Cashfree Escrow,AMZN-ORD-601144 AMZN-ORD-880126 AMZN-ORD-830546 BATCH-AMZN-6302,517941,10358,0,0,507583,INR,2026-08-02T22:40:00Z,BATCH-AMZN-6302
PO_B01_006303,Razorpay Nodal,JIOO-ORD-157913 JIOO-ORD-730085 BATCH-JIOO-6303,234693,4693,0,0,230000,INR,2026-08-03T18:49:00Z,BATCH-JIOO-6303
PO_B01_006304,Razorpay Nodal,UBER-ORD-345473 UBER-ORD-274705 BATCH-UBER-6304,371168,7423,0,0,363745,INR,2026-08-03T08:21:00Z,BATCH-UBER-6304
PO_B01_006305,PayU Enterprise,FLPK-INV-625331 PO_B01_006305,196530,3567,0,0,192963,INR,2026-08-02T22:43:00Z,BATCH-FLPK-6305
PO_B01_006306,Razorpay Nodal,TATA-INV-465409 PO_B01_006306,148331,3588,0,0,144743,INR,2026-08-02T20:54:00Z,BATCH-TATA-6306
PO_B01_006307,PayU Enterprise,FLPK-INV-565253 PO_B01_006307,305211,6295,0,0,298916,INR,2026-08-03T11:54:00Z,BATCH-FLPK-6307
PO_B01_006308,Cashfree Escrow,BKMS-INV-800255 PO_B01_006308,319889,7137,0,0,312752,INR,2026-08-03T22:10:00Z,BATCH-BKMS-6308
PO_B01_006309,PayU Enterprise,BBAS-INV-151199 PO_B01_006309,157027,3115,0,0,153912,INR,2026-08-03T08:22:00Z,BATCH-BBAS-6309
PO_B01_006310,BillDesk Settlement,PAYT-ORD-538327 PAYT-ORD-159582 BATCH-PAYT-6310,431593,8631,0,0,422962,INR,2026-08-03T19:05:00Z,BATCH-PAYT-6310
PO_B01_006311,Stripe India,FLPK-ORD-342897 FLPK-ORD-727283 FLPK-ORD-821575 BATCH-FLPK-6311,556247,11124,0,0,545123,INR,2026-08-03T01:09:00Z,BATCH-FLPK-6311
PO_B01_006312,Razorpay Nodal,BLNK-INV-634417 PO_B01_006312,113001,2527,0,0,110474,INR,2026-08-03T15:59:00Z,BATCH-BLNK-6312
PO_B01_006313,Stripe India,AMZN-INV-300708 PO_B01_006313,259347,5644,0,0,253703,INR,2026-08-03T20:25:00Z,BATCH-AMZN-6313
PO_B01_006314,BillDesk Settlement,BBAS-INV-977828 PO_B01_006314,394542,8402,0,0,386140,INR,2026-08-02T20:58:00Z,BATCH-BBAS-6314
PO_B01_006315,Stripe India,BLNK-ORD-173049 BLNK-ORD-202852 BLNK-ORD-671457 BATCH-BLNK-6315,379168,7583,0,0,371585,INR,2026-08-03T11:34:00Z,BATCH-BLNK-6315
PO_B01_006316,PayU Enterprise,AMZN-INV-662375 PO_B01_006316,137141,2124,0,0,135017,INR,2026-08-02T22:15:00Z,BATCH-AMZN-6316
PO_B01_006317,Razorpay Nodal,JIOO-INV-496944 PO_B01_006317,313954,4928,0,0,309026,INR,2026-08-03T08:15:00Z,BATCH-JIOO-6317
PO_B01_006318,BillDesk Settlement,OLAA-INV-882992 PO_B01_006318,288072,5188,0,0,282884,INR,2026-08-02T19:19:00Z,BATCH-OLAA-6318
PO_B01_006319,Cashfree Escrow,JIOO-INV-413385 PO_B01_006319,107402,2305,0,0,105097,INR,2026-08-02T19:11:00Z,BATCH-JIOO-6319
PO_B01_006320,Razorpay Nodal,JIOO-ORD-738193 JIOO-ORD-243886 JIOO-ORD-863182 BATCH-JIOO-6320,276254,5525,0,0,270729,INR,2026-08-03T11:24:00Z,BATCH-JIOO-6320
PO_B01_006321,Razorpay Nodal,BLNK-ORD-276249 BLNK-ORD-794692 BATCH-BLNK-6321,324897,6497,0,0,318400,INR,2026-08-03T18:58:00Z,BATCH-BLNK-6321
PO_B01_006322,Razorpay Nodal,PHNP-EXC-121196-UNRESOLVED,188784,3765,0,0,185019,INR,2026-08-03T19:16:00Z,HOLD-ESCROW
PO_B01_006323,Cashfree Escrow,BBAS-ORD-358252 BBAS-ORD-779202 BATCH-BBAS-6323,312256,6245,0,0,306011,INR,2026-08-02T22:06:00Z,BATCH-BBAS-6323
PO_B01_006324,PayU Enterprise,BBAS-INV-185152 PO_B01_006324,207582,4895,0,0,202687,INR,2026-08-03T09:48:00Z,BATCH-BBAS-6324
PO_B01_006325,Cashfree Escrow,AMZN-INV-730083 PO_B01_006325,205893,4425,0,0,201468,INR,2026-08-02T22:14:00Z,BATCH-AMZN-6325
PO_B01_006326,BillDesk Settlement,PHNP-INV-390383 PO_B01_006326,224012,3707,0,0,220305,INR,2026-08-02T21:21:00Z,BATCH-PHNP-6326
PO_B01_006327,Stripe India,BKMS-INV-929716 PO_B01_006327,150298,3645,0,0,146653,INR,2026-08-03T06:55:00Z,BATCH-BKMS-6327
PO_B01_006328,Stripe India,NYKA-INV-197639 PO_B01_006328,153707,3413,0,0,150294,INR,2026-08-03T04:17:00Z,BATCH-NYKA-6328
PO_B01_006329,Stripe India,TATA-INV-625098 PO_B01_006329,45461,708,0,0,44753,INR,2026-08-03T12:07:00Z,BATCH-TATA-6329
PO_B01_006330,Razorpay Nodal,TATA-INV-584937 PO_B01_006330,114032,1970,0,0,112062,INR,2026-08-03T08:58:00Z,BATCH-TATA-6330
PO_B01_006331,Razorpay Nodal,SWIG-INV-260870 PO_B01_006331,108418,2509,0,0,105909,INR,2026-08-03T19:17:00Z,BATCH-SWIG-6331
PO_B01_006332,Razorpay Nodal,JIOO-INV-238752 PO_B01_006332,367092,9065,0,0,358027,INR,2026-08-04T02:42:00Z,BATCH-JIOO-6332
PO_B01_006333,PayU Enterprise,PHNP-INV-233982 PO_B01_006333,413712,7648,0,0,406064,INR,2026-08-03T03:45:00Z,BATCH-PHNP-6333
PO_B01_006334,BillDesk Settlement,BKMS-INV-379219 PO_B01_006334,297326,6213,0,0,291113,INR,2026-08-02T22:58:00Z,BATCH-BKMS-6334
PO_B01_006335,Razorpay Nodal,FLPK-INV-983111 PO_B01_006335,288727,6230,0,0,282497,INR,2026-08-03T07:10:00Z,BATCH-FLPK-6335
PO_B01_006336,Razorpay Nodal,UBER-INV-848900 PO_B01_006336,200040,4283,0,0,195757,INR,2026-08-03T12:17:00Z,BATCH-UBER-6336
PO_B01_006337,Razorpay Nodal,PAYT-INV-735294 PO_B01_006337,309707,6007,0,0,303700,INR,2026-08-03T23:02:00Z,BATCH-PAYT-6337
PO_B01_006338,Razorpay Nodal,TATA-INV-533711 PO_B01_006338,52158,995,0,0,51163,INR,2026-08-03T18:33:00Z,BATCH-TATA-6338
PO_B01_006339,Stripe India,PAYT-EXC-528713-UNRESOLVED,84528,1680,0,0,82848,INR,2026-08-03T09:46:00Z,HOLD-ESCROW
PO_B01_006340,Stripe India,MMTR-INV-805481 PO_B01_006340,211881,4807,0,0,207074,INR,2026-08-03T23:10:00Z,BATCH-MMTR-6340
PO_B01_006341,PayU Enterprise,NYKA-INV-506621 PO_B01_006341,296811,7389,0,0,289422,INR,2026-08-03T12:48:00Z,BATCH-NYKA-6341
PO_B01_006342,Stripe India,ZOMA-INV-380912 PO_B01_006342,287424,6782,0,0,280642,INR,2026-08-03T13:02:00Z,BATCH-ZOMA-6342
PO_B01_006343,Razorpay Nodal,ZOMA-INV-588626 PO_B01_006343,285664,6701,0,0,278963,INR,2026-08-03T10:11:00Z,BATCH-ZOMA-6343
PO_B01_006344,BillDesk Settlement,BKMS-ORD-133623 BKMS-ORD-987345 BKMS-ORD-894233 BATCH-BKMS-6344,683709,13674,0,0,670035,INR,2026-08-03T04:03:00Z,BATCH-BKMS-6344
PO_B01_006345,BillDesk Settlement,ZOMA-INV-119485 PO_B01_006345,54954,890,0,0,54064,INR,2026-08-03T03:31:00Z,BATCH-ZOMA-6345
PO_B01_006346,Stripe India,ZOMA-ORD-727367 ZOMA-ORD-896775 ZOMA-ORD-618412 BATCH-ZOMA-6346,128325,2566,0,0,125759,INR,2026-08-03T11:56:00Z,BATCH-ZOMA-6346
PO_B01_006347,PayU Enterprise,PAYT-EXC-738364-UNRESOLVED,296717,5924,0,0,290793,INR,2026-08-04T05:52:00Z,HOLD-ESCROW
PO_B01_006348,Cashfree Escrow,TATA-INV-158062 PO_B01_006348,101001,2393,0,0,98608,INR,2026-08-03T06:11:00Z,BATCH-TATA-6348
PO_B01_006349,BillDesk Settlement,MMTR-INV-321312 PO_B01_006349,348619,7354,0,0,341265,INR,2026-08-03T04:39:00Z,BATCH-MMTR-6349
PO_B01_006350,Cashfree Escrow,BLNK-INV-129495 PO_B01_006350,357291,6507,0,0,350784,INR,2026-08-03T08:13:00Z,BATCH-BLNK-6350
PO_B01_006351,Stripe India,PAYT-INV-272349 PO_B01_006351,248730,5033,0,0,243697,INR,2026-08-03T23:44:00Z,BATCH-PAYT-6351
PO_B01_006352,BillDesk Settlement,TATA-INV-707573 PO_B01_006352,234455,4467,0,0,229988,INR,2026-08-03T20:08:00Z,BATCH-TATA-6352
PO_B01_006353,Stripe India,OLAA-ORD-159740 OLAA-ORD-527341 OLAA-ORD-162119 BATCH-OLAA-6353,588639,11772,0,0,576867,INR,2026-08-03T05:38:00Z,BATCH-OLAA-6353
PO_B01_006354,Cashfree Escrow,SWIG-INV-497370 PO_B01_006354,139689,2466,0,0,137223,INR,2026-08-03T02:47:00Z,BATCH-SWIG-6354
PO_B01_006355,PayU Enterprise,ZOMA-INV-857222 PO_B01_006355,244954,5108,0,0,239846,INR,2026-08-03T14:33:00Z,BATCH-ZOMA-6355
PO_B01_006356,Cashfree Escrow,UBER-INV-572771 PO_B01_006356,162566,2790,0,0,159776,INR,2026-08-03T08:44:00Z,BATCH-UBER-6356
PO_B01_006357,PayU Enterprise,TATA-INV-489969 PO_B01_006357,73667,1144,0,0,72523,INR,2026-08-03T08:03:00Z,BATCH-TATA-6357
PO_B01_006358,PayU Enterprise,TATA-ORD-612428 TATA-ORD-340305 BATCH-TATA-6358,219843,4396,0,0,215447,INR,2026-08-03T14:22:00Z,BATCH-TATA-6358
PO_B01_006359,Cashfree Escrow,NYKA-INV-818629 PO_B01_006359,261122,6152,0,0,254970,INR,2026-08-03T10:49:00Z,BATCH-NYKA-6359
PO_B01_006360,Cashfree Escrow,PHNP-INV-306987 PO_B01_006360,393696,7933,0,0,385763,INR,2026-08-03T04:44:00Z,BATCH-PHNP-6360
PO_B01_006361,Razorpay Nodal,PAYT-ORD-990642 PAYT-ORD-146320 PAYT-ORD-871277 BATCH-PAYT-6361,196470,3929,0,0,192541,INR,2026-08-03T20:36:00Z,BATCH-PAYT-6361
PO_B01_006362,Cashfree Escrow,BBAS-INV-498161 PO_B01_006362,78633,1849,0,0,76784,INR,2026-08-03T12:33:00Z,BATCH-BBAS-6362
PO_B01_006363,BillDesk Settlement,BKMS-INV-210081 PO_B01_006363,361839,5469,0,0,356370,INR,2026-08-02T19:16:00Z,BATCH-BKMS-6363
PO_B01_006364,Razorpay Nodal,TATA-INV-981394 PO_B01_006364,399426,7447,0,0,391979,INR,2026-08-03T07:10:00Z,BATCH-TATA-6364
PO_B01_006365,BillDesk Settlement,BKMS-INV-824311 PO_B01_006365,271615,6058,0,0,265557,INR,2026-08-03T03:43:00Z,BATCH-BKMS-6365
PO_B01_006366,BillDesk Settlement,AMZN-INV-548269 PO_B01_006366,46316,910,0,0,45406,INR,2026-08-03T03:00:00Z,BATCH-AMZN-6366
PO_B01_006367,Razorpay Nodal,BKMS-ORD-491458 BKMS-ORD-526154 BKMS-ORD-788216 BATCH-BKMS-6367,312627,6252,0,0,306375,INR,2026-08-03T03:57:00Z,BATCH-BKMS-6367
PO_B01_006368,Stripe India,JIOO-INV-389074 PO_B01_006368,422054,8569,0,0,413485,INR,2026-08-03T03:47:00Z,BATCH-JIOO-6368
PO_B01_006369,Cashfree Escrow,AMZN-INV-196607 PO_B01_006369,311650,6960,0,0,304690,INR,2026-08-03T15:26:00Z,BATCH-AMZN-6369
PO_B01_006370,Stripe India,OLAA-INV-925061 PO_B01_006370,391096,6929,0,0,384167,INR,2026-08-03T05:17:00Z,BATCH-OLAA-6370
PO_B01_006371,BillDesk Settlement,BBAS-INV-121545 PO_B01_006371,164326,3732,0,0,160594,INR,2026-08-03T07:38:00Z,BATCH-BBAS-6371
PO_B01_006372,Cashfree Escrow,MMTR-ORD-324395 MMTR-ORD-395911 MMTR-ORD-464428 BATCH-MMTR-6372,371305,7426,0,0,363879,INR,2026-08-03T16:07:00Z,BATCH-MMTR-6372
PO_B01_006373,BillDesk Settlement,BLNK-INV-366392 PO_B01_006373,301231,6924,0,0,294307,INR,2026-08-02T23:15:00Z,BATCH-BLNK-6373
PO_B01_006374,PayU Enterprise,OLAA-ORD-291648 OLAA-ORD-832589 OLAA-ORD-773556 BATCH-OLAA-6374,442423,8848,0,0,433575,INR,2026-08-03T12:02:00Z,BATCH-OLAA-6374
PO_B01_006375,Razorpay Nodal,TATA-ORD-532083 TATA-ORD-151220 BATCH-TATA-6375,251719,5034,0,0,246685,INR,2026-08-03T00:49:00Z,BATCH-TATA-6375
PO_B01_006376,PayU Enterprise,AMZN-ORD-110894 AMZN-ORD-640425 BATCH-AMZN-6376,302312,6046,0,0,296266,INR,2026-08-03T16:40:00Z,BATCH-AMZN-6376
PO_B01_006377,BillDesk Settlement,SWIG-INV-559484 PO_B01_006377,71934,1639,0,0,70295,INR,2026-08-03T08:09:00Z,BATCH-SWIG-6377
PO_B01_006378,Stripe India,PHNP-INV-839437 PO_B01_006378,405646,9274,0,0,396372,INR,2026-08-03T05:24:00Z,BATCH-PHNP-6378
PO_B01_006379,Razorpay Nodal,BLNK-ORD-725921 BLNK-ORD-830146 BATCH-BLNK-6379,293848,5876,0,0,287972,INR,2026-08-03T02:48:00Z,BATCH-BLNK-6379
PO_B01_006380,Cashfree Escrow,BBAS-ORD-712644 BBAS-ORD-226284 BBAS-ORD-482632 BATCH-BBAS-6380,314636,6292,0,0,308344,INR,2026-08-03T08:33:00Z,BATCH-BBAS-6380
PO_B01_006381,BillDesk Settlement,AMZN-ORD-788025 AMZN-ORD-175310 BATCH-AMZN-6381,134211,2684,0,0,131527,INR,2026-08-03T06:59:00Z,BATCH-AMZN-6381
PO_B01_006382,BillDesk Settlement,FLPK-INV-962720 PO_B01_006382,179362,3874,0,0,175488,INR,2026-08-03T06:28:00Z,BATCH-FLPK-6382
PO_B01_006383,Cashfree Escrow,BLNK-ORD-849522 BLNK-ORD-810609 BATCH-BLNK-6383,374812,7496,0,0,367316,INR,2026-08-03T07:16:00Z,BATCH-BLNK-6383
PO_B01_006384,BillDesk Settlement,BKMS-INV-120199 PO_B01_006384,198055,4876,0,0,193179,INR,2026-08-02T23:27:00Z,BATCH-BKMS-6384
PO_B01_006385,PayU Enterprise,AMZN-ORD-583440 AMZN-ORD-183756 BATCH-AMZN-6385,303063,6061,0,0,297002,INR,2026-08-03T12:18:00Z,BATCH-AMZN-6385
PO_B01_006386,BillDesk Settlement,TATA-INV-511243 PO_B01_006386,142058,2705,0,0,139353,INR,2026-08-03T06:55:00Z,BATCH-TATA-6386
PO_B01_006387,BillDesk Settlement,FLPK-INV-151808 PO_B01_006387,202108,4163,0,0,197945,INR,2026-08-02T21:49:00Z,BATCH-FLPK-6387
PO_B01_006388,Razorpay Nodal,PHNP-ORD-792314 PHNP-ORD-402931 BATCH-PHNP-6388,283154,5663,0,0,277491,INR,2026-08-03T00:02:00Z,BATCH-PHNP-6388
PO_B01_006389,Stripe India,BBAS-INV-194777 PO_B01_006389,265962,5434,0,0,260528,INR,2026-08-03T13:12:00Z,BATCH-BBAS-6389
PO_B01_006390,Stripe India,JIOO-INV-478536 PO_B01_006390,362990,6737,0,0,356253,INR,2026-08-03T17:24:00Z,BATCH-JIOO-6390
PO_B01_006391,Cashfree Escrow,UBER-INV-445974 PO_B01_006391,336551,6517,0,0,330034,INR,2026-08-03T19:06:00Z,BATCH-UBER-6391
PO_B01_006392,Razorpay Nodal,PAYT-INV-152283 PO_B01_006392,250202,4099,0,0,246103,INR,2026-08-03T06:41:00Z,BATCH-PAYT-6392
PO_B01_006393,Stripe India,PAYT-INV-101278 PO_B01_006393,339053,5177,0,0,333876,INR,2026-08-03T15:54:00Z,BATCH-PAYT-6393
PO_B01_006394,PayU Enterprise,JIOO-INV-258691 PO_B01_006394,342365,6609,0,0,335756,INR,2026-08-02T20:37:00Z,BATCH-JIOO-6394
PO_B01_006395,PayU Enterprise,MYNT-INV-925502 PO_B01_006395,71387,1452,0,0,69935,INR,2026-08-02T18:04:00Z,BATCH-MYNT-6395
PO_B01_006396,Razorpay Nodal,BLNK-INV-525065 PO_B01_006396,357663,8789,0,0,348874,INR,2026-08-02T13:52:00Z,BATCH-BLNK-6396
PO_B01_006397,Stripe India,JIOO-ORD-490149 JIOO-ORD-224523 BATCH-JIOO-6397,273024,5460,0,0,267564,INR,2026-08-03T03:50:00Z,BATCH-JIOO-6397
PO_B01_006398,Stripe India,BKMS-INV-964442 PO_B01_006398,232879,3742,0,0,229137,INR,2026-08-02T23:28:00Z,BATCH-BKMS-6398
PO_B01_006399,Stripe India,OLAA-INV-452065 PO_B01_006399,381794,5747,0,0,376047,INR,2026-08-02T19:26:00Z,BATCH-OLAA-6399
PO_B01_006400,Cashfree Escrow,PHNP-INV-105683 PO_B01_006400,415002,7811,0,0,407191,INR,2026-08-03T04:44:00Z,BATCH-PHNP-6400
PO_B01_006401,Razorpay Nodal,MYNT-INV-870692 PO_B01_006401,321694,7973,0,0,313721,INR,2026-08-02T23:58:00Z,BATCH-MYNT-6401
PO_B01_006402,BillDesk Settlement,FLPK-INV-250503 PO_B01_006402,393076,6364,0,0,386712,INR,2026-08-03T03:49:00Z,BATCH-FLPK-6402
PO_B01_006403,Stripe India,ZOMA-ORD-891301 ZOMA-ORD-811164 BATCH-ZOMA-6403,262447,5248,0,0,257199,INR,2026-08-03T12:48:00Z,BATCH-ZOMA-6403
PO_B01_006404,PayU Enterprise,BLNK-EXC-877997-UNRESOLVED,154670,3083,0,0,151587,INR,2026-08-04T05:36:00Z,HOLD-ESCROW
PO_B01_006405,Razorpay Nodal,PHNP-INV-871153 PO_B01_006405,214490,4190,0,0,210300,INR,2026-08-03T22:32:00Z,BATCH-PHNP-6405
PO_B01_006406,Razorpay Nodal,OLAA-INV-493952 PO_B01_006406,51419,785,0,0,50634,INR,2026-08-03T20:04:00Z,BATCH-OLAA-6406
PO_B01_006407,PayU Enterprise,BKMS-INV-639413 PO_B01_006407,91692,2011,0,0,89681,INR,2026-08-03T04:05:00Z,BATCH-BKMS-6407
PO_B01_006408,Razorpay Nodal,NYKA-INV-541802 PO_B01_006408,363883,9000,0,0,354883,INR,2026-08-03T11:39:00Z,BATCH-NYKA-6408
PO_B01_006409,BillDesk Settlement,PHNP-INV-650561 PO_B01_006409,351835,8582,0,0,343253,INR,2026-08-02T22:31:00Z,BATCH-PHNP-6409
PO_B01_006410,Stripe India,AMZN-INV-850895 PO_B01_006410,54420,1290,0,0,53130,INR,2026-08-03T08:11:00Z,BATCH-AMZN-6410
PO_B01_006411,Cashfree Escrow,UBER-INV-127686 PO_B01_006411,261773,4874,0,0,256899,INR,2026-08-03T01:36:00Z,BATCH-UBER-6411
PO_B01_006412,Stripe India,BKMS-ORD-399173 BKMS-ORD-161237 BKMS-ORD-700151 BATCH-BKMS-6412,444998,8899,0,0,436099,INR,2026-08-03T20:33:00Z,BATCH-BKMS-6412
PO_B01_006413,PayU Enterprise,BBAS-INV-683280 PO_B01_006413,65248,1101,0,0,64147,INR,2026-08-03T05:16:00Z,BATCH-BBAS-6413
PO_B01_006414,Razorpay Nodal,PHNP-ORD-562791 PHNP-ORD-327689 PHNP-ORD-234996 BATCH-PHNP-6414,464334,9286,0,0,455048,INR,2026-08-03T07:46:00Z,BATCH-PHNP-6414
PO_B01_006415,Razorpay Nodal,TATA-INV-333708 PO_B01_006415,314520,7026,0,0,307494,INR,2026-08-03T01:21:00Z,BATCH-TATA-6415
PO_B01_006416,BillDesk Settlement,MMTR-INV-856714 PO_B01_006416,359158,8399,0,0,350759,INR,2026-08-03T16:44:00Z,BATCH-MMTR-6416
PO_B01_006417,BillDesk Settlement,MYNT-INV-956195 PO_B01_006417,331375,8219,0,0,323156,INR,2026-08-03T01:23:00Z,BATCH-MYNT-6417
PO_B01_006418,PayU Enterprise,ZOMA-INV-656351 PO_B01_006418,342105,5550,0,0,336555,INR,2026-08-02T19:58:00Z,BATCH-ZOMA-6418
PO_B01_006419,Razorpay Nodal,MMTR-INV-595268 PO_B01_006419,334297,5181,0,0,329116,INR,2026-08-03T12:22:00Z,BATCH-MMTR-6419
PO_B01_006420,BillDesk Settlement,SWIG-INV-279894 PO_B01_006420,206859,3605,0,0,203254,INR,2026-08-03T09:07:00Z,BATCH-SWIG-6420
PO_B01_006421,Razorpay Nodal,JIOO-INV-173846 PO_B01_006421,142071,3300,0,0,138771,INR,2026-08-03T14:23:00Z,BATCH-JIOO-6421
PO_B01_006422,BillDesk Settlement,JIOO-ORD-513960 JIOO-ORD-941647 BATCH-JIOO-6422,435618,8712,0,0,426906,INR,2026-08-03T03:35:00Z,BATCH-JIOO-6422
PO_B01_006423,Razorpay Nodal,PAYT-INV-882503 PO_B01_006423,328807,7417,0,0,321390,INR,2026-08-03T10:29:00Z,BATCH-PAYT-6423
PO_B01_006424,Razorpay Nodal,ZOMA-INV-544695 PO_B01_006424,33795,637,0,0,33158,INR,2026-08-03T04:21:00Z,BATCH-ZOMA-6424
PO_B01_006425,Stripe India,BKMS-INV-422470 PO_B01_006425,147061,2216,0,0,144845,INR,2026-08-03T08:56:00Z,BATCH-BKMS-6425
PO_B01_006426,Cashfree Escrow,PHNP-INV-676933 PO_B01_006426,111771,2575,0,0,109196,INR,2026-08-03T00:34:00Z,BATCH-PHNP-6426
PO_B01_006427,PayU Enterprise,PHNP-ORD-283801 PHNP-ORD-665531 BATCH-PHNP-6427,301495,6029,0,0,295466,INR,2026-08-03T13:08:00Z,BATCH-PHNP-6427
PO_B01_006428,PayU Enterprise,PHNP-INV-246729 PO_B01_006428,276376,5370,0,0,271006,INR,2026-08-02T18:50:00Z,BATCH-PHNP-6428
PO_B01_006429,Cashfree Escrow,BBAS-INV-825998 PO_B01_006429,80889,1999,0,0,78890,INR,2026-08-03T07:01:00Z,BATCH-BBAS-6429
PO_B01_006430,PayU Enterprise,ZOMA-INV-629102 PO_B01_006430,245859,5083,0,0,240776,INR,2026-08-03T08:42:00Z,BATCH-ZOMA-6430
PO_B01_006431,Razorpay Nodal,AMZN-ORD-491308 AMZN-ORD-916030 AMZN-ORD-164717 BATCH-AMZN-6431,139049,2780,0,0,136269,INR,2026-08-02T23:29:00Z,BATCH-AMZN-6431
PO_B01_006432,BillDesk Settlement,AMZN-INV-655167 PO_B01_006432,123383,2346,0,0,121037,INR,2026-08-03T19:19:00Z,BATCH-AMZN-6432
PO_B01_006433,Razorpay Nodal,JIOO-INV-592291 PO_B01_006433,318383,5320,0,0,313063,INR,2026-08-02T19:05:00Z,BATCH-JIOO-6433
PO_B01_006434,PayU Enterprise,FLPK-INV-807596 PO_B01_006434,62036,1240,0,0,60796,INR,2026-08-03T01:50:00Z,BATCH-FLPK-6434
PO_B01_006435,Razorpay Nodal,NYKA-INV-295211 PO_B01_006435,97285,1515,0,0,95770,INR,2026-08-03T11:42:00Z,BATCH-NYKA-6435
PO_B01_006436,PayU Enterprise,BLNK-INV-920966 PO_B01_006436,178164,4317,0,0,173847,INR,2026-08-03T18:01:00Z,BATCH-BLNK-6436
PO_B01_006437,Cashfree Escrow,OLAA-ORD-251361 OLAA-ORD-923995 OLAA-ORD-372829 BATCH-OLAA-6437,272365,5447,0,0,266918,INR,2026-08-03T17:03:00Z,BATCH-OLAA-6437
PO_B01_006438,Stripe India,JIOO-INV-692990 PO_B01_006438,388440,8022,0,0,380418,INR,2026-08-03T16:25:00Z,BATCH-JIOO-6438
PO_B01_006439,Razorpay Nodal,ZOMA-INV-265953 PO_B01_006439,359616,6861,0,0,352755,INR,2026-08-03T19:23:00Z,BATCH-ZOMA-6439
PO_B01_006440,Stripe India,FLPK-ORD-186525 FLPK-ORD-783124 FLPK-ORD-244055 BATCH-FLPK-6440,414408,8288,0,0,406120,INR,2026-08-03T19:27:00Z,BATCH-FLPK-6440
PO_B01_006441,Stripe India,PAYT-INV-767529 PO_B01_006441,435575,9021,0,0,426554,INR,2026-08-03T07:37:00Z,BATCH-PAYT-6441
PO_B01_006442,Razorpay Nodal,AMZN-INV-613080 PO_B01_006442,200420,3507,0,0,196913,INR,2026-08-02T23:59:00Z,BATCH-AMZN-6442
PO_B01_006443,BillDesk Settlement,AMZN-INV-736378 PO_B01_006443,211368,4393,0,0,206975,INR,2026-08-03T23:46:00Z,BATCH-AMZN-6443
PO_B01_006444,BillDesk Settlement,BKMS-INV-821745 PO_B01_006444,154039,3714,0,0,150325,INR,2026-08-03T12:53:00Z,BATCH-BKMS-6444
PO_B01_006445,PayU Enterprise,OLAA-INV-688226 PO_B01_006445,259847,5589,0,0,254258,INR,2026-08-02T20:38:00Z,BATCH-OLAA-6445
PO_B01_006446,Cashfree Escrow,UBER-ORD-129272 UBER-ORD-871137 BATCH-UBER-6446,339437,6788,0,0,332649,INR,2026-08-03T02:45:00Z,BATCH-UBER-6446
PO_B01_006447,BillDesk Settlement,TATA-INV-863144 PO_B01_006447,57750,1087,0,0,56663,INR,2026-08-03T12:49:00Z,BATCH-TATA-6447
PO_B01_006448,Stripe India,TATA-ORD-686237 TATA-ORD-152078 TATA-ORD-756702 BATCH-TATA-6448,432596,8651,0,0,423945,INR,2026-08-03T13:24:00Z,BATCH-TATA-6448
PO_B01_006449,PayU Enterprise,BBAS-INV-179464 PO_B01_006449,236178,3912,0,0,232266,INR,2026-08-03T15:51:00Z,BATCH-BBAS-6449
PO_B01_006450,Razorpay Nodal,SWIG-INV-972012 PO_B01_006450,401932,9351,0,0,392581,INR,2026-08-03T13:52:00Z,BATCH-SWIG-6450
PO_B01_006451,BillDesk Settlement,SWIG-INV-255725 PO_B01_006451,226122,5209,0,0,220913,INR,2026-08-02T23:16:00Z,BATCH-SWIG-6451
PO_B01_006452,Cashfree Escrow,SWIG-ORD-137748 SWIG-ORD-669015 BATCH-SWIG-6452,226284,4525,0,0,221759,INR,2026-08-03T20:23:00Z,BATCH-SWIG-6452
PO_B01_006453,PayU Enterprise,PAYT-INV-890947 PO_B01_006453,432314,7133,0,0,425181,INR,2026-08-03T09:15:00Z,BATCH-PAYT-6453
PO_B01_006454,BillDesk Settlement,PAYT-ORD-439859 PAYT-ORD-177174 BATCH-PAYT-6454,268882,5377,0,0,263505,INR,2026-08-03T09:21:00Z,BATCH-PAYT-6454
PO_B01_006455,BillDesk Settlement,UBER-ORD-558228 UBER-ORD-837412 UBER-ORD-225687 BATCH-UBER-6455,315371,6307,0,0,309064,INR,2026-08-03T07:49:00Z,BATCH-UBER-6455
PO_B01_006456,Razorpay Nodal,AMZN-ORD-351988 AMZN-ORD-206767 BATCH-AMZN-6456,269175,5383,0,0,263792,INR,2026-08-03T02:34:00Z,BATCH-AMZN-6456
PO_B01_006457,Stripe India,BKMS-INV-479837 PO_B01_006457,220977,3473,0,0,217504,INR,2026-08-03T03:11:00Z,BATCH-BKMS-6457
PO_B01_006458,Razorpay Nodal,PAYT-INV-115742 PO_B01_006458,43226,662,0,0,42564,INR,2026-08-03T06:49:00Z,BATCH-PAYT-6458
PO_B01_006459,BillDesk Settlement,TATA-INV-499143 PO_B01_006459,388394,8103,0,0,380291,INR,2026-08-03T06:32:00Z,BATCH-TATA-6459
PO_B01_006460,Razorpay Nodal,MYNT-ORD-643661 MYNT-ORD-789523 BATCH-MYNT-6460,104119,2082,0,0,102037,INR,2026-08-03T13:06:00Z,BATCH-MYNT-6460
PO_B01_006461,Cashfree Escrow,OLAA-ORD-831817 OLAA-ORD-554508 BATCH-OLAA-6461,256279,5125,0,0,251154,INR,2026-08-02T23:31:00Z,BATCH-OLAA-6461
PO_B01_006462,Cashfree Escrow,OLAA-INV-756489 PO_B01_006462,178063,3680,0,0,174383,INR,2026-08-02T23:06:00Z,BATCH-OLAA-6462
PO_B01_006463,Cashfree Escrow,FLPK-INV-813573 PO_B01_006463,55450,1354,0,0,54096,INR,2026-08-03T10:00:00Z,BATCH-FLPK-6463
PO_B01_006464,BillDesk Settlement,OLAA-ORD-481305 OLAA-ORD-844180 OLAA-ORD-706688 BATCH-OLAA-6464,494628,9892,0,0,484736,INR,2026-08-03T11:16:00Z,BATCH-OLAA-6464
PO_B01_006465,PayU Enterprise,ZOMA-ORD-156525 ZOMA-ORD-782097 ZOMA-ORD-778947 BATCH-ZOMA-6465,368017,7360,0,0,360657,INR,2026-08-03T04:31:00Z,BATCH-ZOMA-6465
PO_B01_006466,Stripe India,TATA-INV-313489 PO_B01_006466,308923,5477,0,0,303446,INR,2026-08-03T23:46:00Z,BATCH-TATA-6466
PO_B01_006467,Stripe India,NYKA-ORD-576372 NYKA-ORD-571653 BATCH-NYKA-6467,277687,5553,0,0,272134,INR,2026-08-03T06:12:00Z,BATCH-NYKA-6467
PO_B01_006468,Stripe India,FLPK-ORD-864472 FLPK-ORD-833014 BATCH-FLPK-6468,372183,7443,0,0,364740,INR,2026-08-03T17:37:00Z,BATCH-FLPK-6468
PO_B01_006469,PayU Enterprise,SWIG-ORD-338513 SWIG-ORD-345642 BATCH-SWIG-6469,373011,7460,0,0,365551,INR,2026-08-03T01:02:00Z,BATCH-SWIG-6469
PO_B01_006470,Razorpay Nodal,BBAS-INV-930627 PO_B01_006470,180910,3594,0,0,177316,INR,2026-08-02T16:40:00Z,BATCH-BBAS-6470
PO_B01_006471,Stripe India,MMTR-ORD-643213 MMTR-ORD-767029 BATCH-MMTR-6471,77856,1557,0,0,76299,INR,2026-08-02T22:33:00Z,BATCH-MMTR-6471
PO_B01_006472,Razorpay Nodal,UBER-INV-740543 PO_B01_006472,253451,5931,0,0,247520,INR,2026-08-03T09:21:00Z,BATCH-UBER-6472
PO_B01_006473,BillDesk Settlement,BBAS-INV-298630 PO_B01_006473,322402,7266,0,0,315136,INR,2026-08-02T19:58:00Z,BATCH-BBAS-6473
PO_B01_006474,BillDesk Settlement,MYNT-INV-826100 PO_B01_006474,215938,3414,0,0,212524,INR,2026-08-03T16:43:00Z,BATCH-MYNT-6474
PO_B01_006475,PayU Enterprise,PHNP-EXC-189054-UNRESOLVED,251875,5027,0,0,246848,INR,2026-08-04T08:32:00Z,HOLD-ESCROW
PO_B01_006476,Stripe India,PAYT-INV-919915 PO_B01_006476,235064,3996,0,0,231068,INR,2026-08-03T10:51:00Z,BATCH-PAYT-6476
PO_B01_006477,Razorpay Nodal,PAYT-INV-877788 PO_B01_006477,241201,5992,0,0,235209,INR,2026-08-03T15:28:00Z,BATCH-PAYT-6477
PO_B01_006478,Cashfree Escrow,AMZN-ORD-415496 AMZN-ORD-172599 BATCH-AMZN-6478,328400,6568,0,0,321832,INR,2026-08-03T12:31:00Z,BATCH-AMZN-6478
PO_B01_006479,Cashfree Escrow,BBAS-INV-665272 PO_B01_006479,106917,2611,0,0,104306,INR,2026-08-03T01:52:00Z,BATCH-BBAS-6479
PO_B01_006480,Cashfree Escrow,PHNP-ORD-828829 PHNP-ORD-927439 BATCH-PHNP-6480,211978,4239,0,0,207739,INR,2026-08-03T19:34:00Z,BATCH-PHNP-6480
PO_B01_006481,PayU Enterprise,TATA-INV-982316 PO_B01_006481,154100,2736,0,0,151364,INR,2026-08-03T03:16:00Z,BATCH-TATA-6481
PO_B01_006482,Stripe India,AMZN-INV-569705 PO_B01_006482,290638,5212,0,0,285426,INR,2026-08-02T18:26:00Z,BATCH-AMZN-6482
PO_B01_006483,Stripe India,MYNT-INV-146704 PO_B01_006483,275388,4191,0,0,271197,INR,2026-08-03T14:00:00Z,BATCH-MYNT-6483
PO_B01_006484,Stripe India,MYNT-INV-148951 PO_B01_006484,349661,5934,0,0,343727,INR,2026-08-03T08:02:00Z,BATCH-MYNT-6484
PO_B01_006485,PayU Enterprise,BKMS-INV-321493 PO_B01_006485,270536,4839,0,0,265697,INR,2026-08-03T02:57:00Z,BATCH-BKMS-6485
PO_B01_006486,Stripe India,ZOMA-INV-199040 PO_B01_006486,376760,9262,0,0,367498,INR,2026-08-03T07:38:00Z,BATCH-ZOMA-6486
PO_B01_006487,Razorpay Nodal,BKMS-ORD-296034 BKMS-ORD-440754 BKMS-ORD-855388 BATCH-BKMS-6487,480883,9617,0,0,471266,INR,2026-08-02T21:49:00Z,BATCH-BKMS-6487
PO_B01_006488,PayU Enterprise,NYKA-INV-463413 PO_B01_006488,272301,5860,0,0,266441,INR,2026-08-03T04:05:00Z,BATCH-NYKA-6488
PO_B01_006489,Razorpay Nodal,BKMS-INV-141924 PO_B01_006489,53836,1158,0,0,52678,INR,2026-08-03T04:59:00Z,BATCH-BKMS-6489
PO_B01_006490,Cashfree Escrow,UBER-INV-142612 PO_B01_006490,449235,8749,0,0,440486,INR,2026-08-04T00:36:00Z,BATCH-UBER-6490
PO_B01_006491,BillDesk Settlement,TATA-EXC-735201-UNRESOLVED,87198,1733,0,0,85465,INR,2026-08-03T20:25:00Z,HOLD-ESCROW
PO_B01_006492,PayU Enterprise,BLNK-INV-792945 PO_B01_006492,350011,7857,0,0,342154,INR,2026-08-02T21:48:00Z,BATCH-BLNK-6492
PO_B01_006493,BillDesk Settlement,SWIG-INV-712717 PO_B01_006493,324996,5404,0,0,319592,INR,2026-08-03T14:48:00Z,BATCH-SWIG-6493
PO_B01_006494,PayU Enterprise,OLAA-ORD-273970 OLAA-ORD-274382 OLAA-ORD-499901 BATCH-OLAA-6494,210737,4214,0,0,206523,INR,2026-08-03T10:58:00Z,BATCH-OLAA-6494
PO_B01_006495,BillDesk Settlement,BBAS-ORD-592442 BBAS-ORD-806539 BATCH-BBAS-6495,312331,6246,0,0,306085,INR,2026-08-03T09:35:00Z,BATCH-BBAS-6495
PO_B01_006496,Stripe India,BKMS-ORD-918618 BKMS-ORD-736020 BKMS-ORD-188331 BATCH-BKMS-6496,379751,7595,0,0,372156,INR,2026-08-03T16:41:00Z,BATCH-BKMS-6496
PO_B01_006497,Stripe India,AMZN-INV-524665 PO_B01_006497,178765,4219,0,0,174546,INR,2026-08-02T15:22:00Z,BATCH-AMZN-6497
PO_B01_006498,Cashfree Escrow,SWIG-ORD-955560 SWIG-ORD-677485 BATCH-SWIG-6498,200526,4010,0,0,196516,INR,2026-08-03T01:48:00Z,BATCH-SWIG-6498
PO_B01_006499,Razorpay Nodal,BKMS-INV-124697 PO_B01_006499,95569,1791,0,0,93778,INR,2026-08-03T05:09:00Z,BATCH-BKMS-6499
PO_B01_006500,Cashfree Escrow,FLPK-ORD-927176 FLPK-ORD-100449 BATCH-FLPK-6500,317706,6354,0,0,311352,INR,2026-08-03T18:22:00Z,BATCH-FLPK-6500
PO_B01_006501,Razorpay Nodal,NYKA-ORD-334435 NYKA-ORD-552331 BATCH-NYKA-6501,237354,4747,0,0,232607,INR,2026-08-03T18:57:00Z,BATCH-NYKA-6501
PO_B01_006502,Stripe India,TATA-INV-488704 PO_B01_006502,361962,7354,0,0,354608,INR,2026-08-03T16:47:00Z,BATCH-TATA-6502
PO_B01_006503,PayU Enterprise,UBER-ORD-218008 UBER-ORD-749826 UBER-ORD-132130 BATCH-UBER-6503,271516,5430,0,0,266086,INR,2026-08-03T20:44:00Z,BATCH-UBER-6503
PO_B01_006504,BillDesk Settlement,TATA-ORD-120096 TATA-ORD-391681 BATCH-TATA-6504,275521,5510,0,0,270011,INR,2026-08-03T10:49:00Z,BATCH-TATA-6504
PO_B01_006505,Stripe India,PAYT-INV-330441 PO_B01_006505,212878,4036,0,0,208842,INR,2026-08-03T03:59:00Z,BATCH-PAYT-6505
PO_B01_006506,Stripe India,PAYT-INV-724242 PO_B01_006506,125899,3014,0,0,122885,INR,2026-08-03T05:24:00Z,BATCH-PAYT-6506
PO_B01_006507,PayU Enterprise,BBAS-INV-797157 PO_B01_006507,282150,5496,0,0,276654,INR,2026-08-03T20:41:00Z,BATCH-BBAS-6507
PO_B01_006508,PayU Enterprise,BBAS-INV-657469 PO_B01_006508,440822,9129,0,0,431693,INR,2026-08-03T19:50:00Z,BATCH-BBAS-6508
PO_B01_006509,PayU Enterprise,SWIG-INV-608728 PO_B01_006509,128267,2915,0,0,125352,INR,2026-08-03T03:36:00Z,BATCH-SWIG-6509
PO_B01_006510,PayU Enterprise,PHNP-ORD-531385 PHNP-ORD-785165 BATCH-PHNP-6510,206462,4129,0,0,202333,INR,2026-08-03T06:38:00Z,BATCH-PHNP-6510
PO_B01_006511,Razorpay Nodal,BBAS-ORD-761849 BBAS-ORD-201557 BATCH-BBAS-6511,227308,4546,0,0,222762,INR,2026-08-03T20:04:00Z,BATCH-BBAS-6511
PO_B01_006512,PayU Enterprise,TATA-INV-594676 PO_B01_006512,197672,4787,0,0,192885,INR,2026-08-02T17:35:00Z,BATCH-TATA-6512
PO_B01_006513,Stripe India,ZOMA-INV-345849 PO_B01_006513,67160,1575,0,0,65585,INR,2026-08-02T16:57:00Z,BATCH-ZOMA-6513
PO_B01_006514,Razorpay Nodal,SWIG-INV-995595 PO_B01_006514,55450,1012,0,0,54438,INR,2026-08-03T00:05:00Z,BATCH-SWIG-6514
PO_B01_006515,BillDesk Settlement,PHNP-INV-158850 PO_B01_006515,69516,1431,0,0,68085,INR,2026-08-03T12:50:00Z,BATCH-PHNP-6515
PO_B01_006516,PayU Enterprise,SWIG-INV-184012 PO_B01_006516,160171,2411,0,0,157760,INR,2026-08-03T05:06:00Z,BATCH-SWIG-6516
PO_B01_006517,Cashfree Escrow,MYNT-INV-385573 PO_B01_006517,175436,2836,0,0,172600,INR,2026-08-03T17:24:00Z,BATCH-MYNT-6517
PO_B01_006518,Stripe India,ZOMA-INV-775301 PO_B01_006518,414783,9853,0,0,404930,INR,2026-08-03T17:33:00Z,BATCH-ZOMA-6518
PO_B01_006519,Cashfree Escrow,SWIG-INV-566377 PO_B01_006519,212558,4978,0,0,207580,INR,2026-08-03T19:23:00Z,BATCH-SWIG-6519
PO_B01_006520,Razorpay Nodal,MYNT-INV-329695 PO_B01_006520,449776,6986,0,0,442790,INR,2026-08-03T05:17:00Z,BATCH-MYNT-6520
PO_B01_006521,Razorpay Nodal,SWIG-INV-872740 PO_B01_006521,89052,1899,0,0,87153,INR,2026-08-02T20:18:00Z,BATCH-SWIG-6521
PO_B01_006522,Stripe India,TATA-INV-777143 PO_B01_006522,249888,4498,0,0,245390,INR,2026-08-02T19:16:00Z,BATCH-TATA-6522
PO_B01_006523,Razorpay Nodal,BLNK-INV-534633 PO_B01_006523,315979,7270,0,0,308709,INR,2026-08-03T02:54:00Z,BATCH-BLNK-6523
PO_B01_006524,PayU Enterprise,NYKA-INV-271547 PO_B01_006524,390657,6704,0,0,383953,INR,2026-08-03T20:15:00Z,BATCH-NYKA-6524
PO_B01_006525,Razorpay Nodal,NYKA-INV-453602 PO_B01_006525,225542,5269,0,0,220273,INR,2026-08-03T01:19:00Z,BATCH-NYKA-6525
PO_B01_006526,Razorpay Nodal,FLPK-ORD-977567 FLPK-ORD-763558 BATCH-FLPK-6526,353702,7074,0,0,346628,INR,2026-08-03T12:01:00Z,BATCH-FLPK-6526
PO_B01_006527,BillDesk Settlement,MMTR-INV-928034 PO_B01_006527,141021,3158,0,0,137863,INR,2026-08-02T19:19:00Z,BATCH-MMTR-6527
PO_B01_006528,Cashfree Escrow,PAYT-ORD-343558 PAYT-ORD-648794 BATCH-PAYT-6528,122171,2443,0,0,119728,INR,2026-08-02T22:33:00Z,BATCH-PAYT-6528
PO_B01_006529,PayU Enterprise,NYKA-INV-351075 PO_B01_006529,163470,3919,0,0,159551,INR,2026-08-03T05:50:00Z,BATCH-NYKA-6529
PO_B01_006530,Stripe India,JIOO-INV-489189 PO_B01_006530,344498,6412,0,0,338086,INR,2026-08-02T21:51:00Z,BATCH-JIOO-6530
PO_B01_006531,BillDesk Settlement,OLAA-ORD-685450 OLAA-ORD-464856 BATCH-OLAA-6531,288669,5773,0,0,282896,INR,2026-08-03T03:21:00Z,BATCH-OLAA-6531
PO_B01_006532,Razorpay Nodal,JIOO-INV-471096 PO_B01_006532,115194,2252,0,0,112942,INR,2026-08-03T11:19:00Z,BATCH-JIOO-6532
PO_B01_006533,Cashfree Escrow,BBAS-INV-180879 PO_B01_006533,397872,9758,0,0,388114,INR,2026-08-03T16:58:00Z,BATCH-BBAS-6533
PO_B01_006534,Cashfree Escrow,AMZN-INV-100665 PO_B01_006534,103592,1825,0,0,101767,INR,2026-08-03T04:47:00Z,BATCH-AMZN-6534
PO_B01_006535,Stripe India,BBAS-INV-563471 PO_B01_006535,139958,3298,0,0,136660,INR,2026-08-02T23:03:00Z,BATCH-BBAS-6535
PO_B01_006536,Cashfree Escrow,OLAA-INV-906790 PO_B01_006536,117725,2739,0,0,114986,INR,2026-08-03T03:57:00Z,BATCH-OLAA-6536
PO_B01_006537,Cashfree Escrow,FLPK-INV-265293 PO_B01_006537,411883,8158,0,0,403725,INR,2026-08-03T01:12:00Z,BATCH-FLPK-6537
PO_B01_006538,BillDesk Settlement,FLPK-INV-305946 PO_B01_006538,271035,6403,0,0,264632,INR,2026-08-03T17:46:00Z,BATCH-FLPK-6538
PO_B01_006539,Cashfree Escrow,SWIG-INV-523897 PO_B01_006539,377062,7967,0,0,369095,INR,2026-08-03T10:05:00Z,BATCH-SWIG-6539
PO_B01_006540,Razorpay Nodal,BBAS-INV-880024 PO_B01_006540,112865,2469,0,0,110396,INR,2026-08-03T06:34:00Z,BATCH-BBAS-6540
PO_B01_006541,PayU Enterprise,BLNK-INV-664893 PO_B01_006541,432594,9699,0,0,422895,INR,2026-08-03T16:00:00Z,BATCH-BLNK-6541
PO_B01_006542,Cashfree Escrow,TATA-INV-468319 PO_B01_006542,334413,6725,0,0,327688,INR,2026-08-02T19:35:00Z,BATCH-TATA-6542
PO_B01_006543,Stripe India,BKMS-INV-607305 PO_B01_006543,398720,8876,0,0,389844,INR,2026-08-03T02:04:00Z,BATCH-BKMS-6543
PO_B01_006544,PayU Enterprise,OLAA-INV-118104 PO_B01_006544,305244,6507,0,0,298737,INR,2026-08-03T08:58:00Z,BATCH-OLAA-6544
PO_B01_006545,Cashfree Escrow,PAYT-ORD-699761 PAYT-ORD-670311 PAYT-ORD-630261 BATCH-PAYT-6545,467309,9346,0,0,457963,INR,2026-08-03T07:33:00Z,BATCH-PAYT-6545
PO_B01_006546,BillDesk Settlement,SWIG-INV-490219 PO_B01_006546,269984,6494,0,0,263490,INR,2026-08-03T17:38:00Z,BATCH-SWIG-6546
PO_B01_006547,Cashfree Escrow,SWIG-INV-751663 PO_B01_006547,195180,3382,0,0,191798,INR,2026-08-02T21:58:00Z,BATCH-SWIG-6547
PO_B01_006548,Cashfree Escrow,MYNT-INV-741177 PO_B01_006548,426901,7230,0,0,419671,INR,2026-08-03T12:07:00Z,BATCH-MYNT-6548
PO_B01_006549,Cashfree Escrow,MMTR-INV-406128 PO_B01_006549,42078,963,0,0,41115,INR,2026-08-02T18:05:00Z,BATCH-MMTR-6549
PO_B01_006550,PayU Enterprise,BKMS-ORD-690645 BKMS-ORD-951562 BKMS-ORD-889629 BATCH-BKMS-6550,449092,8981,0,0,440111,INR,2026-08-03T16:31:00Z,BATCH-BKMS-6550
PO_B01_006551,BillDesk Settlement,PHNP-ORD-299899 PHNP-ORD-191471 BATCH-PHNP-6551,128352,2567,0,0,125785,INR,2026-08-03T05:16:00Z,BATCH-PHNP-6551
PO_B01_006552,Stripe India,ZOMA-INV-402001 PO_B01_006552,305975,4836,0,0,301139,INR,2026-08-03T11:23:00Z,BATCH-ZOMA-6552
PO_B01_006553,Razorpay Nodal,NYKA-INV-258377 PO_B01_006553,265476,5237,0,0,260239,INR,2026-08-02T23:37:00Z,BATCH-NYKA-6553
PO_B01_006554,Razorpay Nodal,UBER-ORD-228653 UBER-ORD-391698 UBER-ORD-789300 BATCH-UBER-6554,434752,8695,0,0,426057,INR,2026-08-02T22:26:00Z,BATCH-UBER-6554
PO_B01_006555,PayU Enterprise,JIOO-INV-978297 PO_B01_006555,180767,3203,0,0,177564,INR,2026-08-03T03:46:00Z,BATCH-JIOO-6555
PO_B01_006556,PayU Enterprise,MYNT-INV-207611 PO_B01_006556,375271,8211,0,0,367060,INR,2026-08-03T17:57:00Z,BATCH-MYNT-6556
PO_B01_006557,BillDesk Settlement,PAYT-ORD-742496 PAYT-ORD-585087 PAYT-ORD-536433 BATCH-PAYT-6557,548268,10965,0,0,537303,INR,2026-08-03T19:48:00Z,BATCH-PAYT-6557
PO_B01_006558,BillDesk Settlement,UBER-ORD-625926 UBER-ORD-202479 BATCH-UBER-6558,272304,5446,0,0,266858,INR,2026-08-03T15:28:00Z,BATCH-UBER-6558
PO_B01_006559,Razorpay Nodal,NYKA-INV-339883 PO_B01_006559,70192,1572,0,0,68620,INR,2026-08-03T18:42:00Z,BATCH-NYKA-6559
PO_B01_006560,BillDesk Settlement,ZOMA-INV-209551 PO_B01_006560,184379,4222,0,0,180157,INR,2026-08-02T20:48:00Z,BATCH-ZOMA-6560
PO_B01_006561,BillDesk Settlement,NYKA-ORD-267595 NYKA-ORD-333576 BATCH-NYKA-6561,253123,5062,0,0,248061,INR,2026-08-03T08:51:00Z,BATCH-NYKA-6561
PO_B01_006562,PayU Enterprise,PHNP-INV-434667 PO_B01_006562,173507,3299,0,0,170208,INR,2026-08-03T10:41:00Z,BATCH-PHNP-6562
PO_B01_006563,Stripe India,SWIG-INV-899110 PO_B01_006563,288081,6786,0,0,281295,INR,2026-08-03T22:08:00Z,BATCH-SWIG-6563
PO_B01_006564,PayU Enterprise,MYNT-INV-688990 PO_B01_006564,97965,2437,0,0,95528,INR,2026-08-03T10:16:00Z,BATCH-MYNT-6564
PO_B01_006565,Razorpay Nodal,MYNT-INV-516467 PO_B01_006565,430154,7707,0,0,422447,INR,2026-08-02T20:10:00Z,BATCH-MYNT-6565
PO_B01_006566,Cashfree Escrow,BBAS-INV-548436 PO_B01_006566,319392,5286,0,0,314106,INR,2026-08-03T12:49:00Z,BATCH-BBAS-6566
PO_B01_006567,Stripe India,OLAA-ORD-852275 OLAA-ORD-247350 OLAA-ORD-993601 BATCH-OLAA-6567,427548,8550,0,0,418998,INR,2026-08-03T07:36:00Z,BATCH-OLAA-6567
PO_B01_006568,Razorpay Nodal,BBAS-INV-660281 PO_B01_006568,448213,9144,0,0,439069,INR,2026-08-03T22:23:00Z,BATCH-BBAS-6568
PO_B01_006569,Cashfree Escrow,BBAS-INV-340546 PO_B01_006569,354665,8646,0,0,346019,INR,2026-08-03T17:45:00Z,BATCH-BBAS-6569
PO_B01_006570,Stripe India,UBER-INV-495933 PO_B01_006570,248932,4484,0,0,244448,INR,2026-08-02T15:34:00Z,BATCH-UBER-6570
PO_B01_006571,BillDesk Settlement,OLAA-INV-737532 PO_B01_006571,36702,637,0,0,36065,INR,2026-08-03T03:09:00Z,BATCH-OLAA-6571
PO_B01_006572,Cashfree Escrow,OLAA-EXC-515759-UNRESOLVED,122125,2432,0,0,119693,INR,2026-08-03T09:04:00Z,HOLD-ESCROW
PO_B01_006573,Stripe India,NYKA-INV-872034 PO_B01_006573,262761,4526,0,0,258235,INR,2026-08-02T19:55:00Z,BATCH-NYKA-6573
PO_B01_006574,BillDesk Settlement,BKMS-INV-540716 PO_B01_006574,302902,7028,0,0,295874,INR,2026-08-03T10:59:00Z,BATCH-BKMS-6574
PO_B01_006575,BillDesk Settlement,PAYT-ORD-126769 PAYT-ORD-411180 BATCH-PAYT-6575,450429,9008,0,0,441421,INR,2026-08-03T01:55:00Z,BATCH-PAYT-6575
PO_B01_006576,Stripe India,OLAA-INV-283371 PO_B01_006576,331028,6198,0,0,324830,INR,2026-08-03T04:06:00Z,BATCH-OLAA-6576
PO_B01_006577,BillDesk Settlement,JIOO-INV-158760 PO_B01_006577,431633,7554,0,0,424079,INR,2026-08-03T13:49:00Z,BATCH-JIOO-6577
PO_B01_006578,BillDesk Settlement,MYNT-INV-678144 PO_B01_006578,69273,1331,0,0,67942,INR,2026-08-03T00:44:00Z,BATCH-MYNT-6578
PO_B01_006579,BillDesk Settlement,AMZN-INV-541051 PO_B01_006579,377897,7870,0,0,370027,INR,2026-08-03T16:05:00Z,BATCH-AMZN-6579
PO_B01_006580,Cashfree Escrow,FLPK-ORD-547729 FLPK-ORD-671099 FLPK-ORD-380190 BATCH-FLPK-6580,456193,9123,0,0,447070,INR,2026-08-03T08:54:00Z,BATCH-FLPK-6580
PO_B01_006581,Cashfree Escrow,MMTR-INV-464145 PO_B01_006581,73171,1823,0,0,71348,INR,2026-08-03T04:39:00Z,BATCH-MMTR-6581
PO_B01_006582,PayU Enterprise,JIOO-ORD-146137 JIOO-ORD-355560 BATCH-JIOO-6582,34947,698,0,0,34249,INR,2026-08-03T01:02:00Z,BATCH-JIOO-6582
PO_B01_006583,Razorpay Nodal,MYNT-EXC-908919-UNRESOLVED,175018,3490,0,0,171528,INR,2026-08-03T18:06:00Z,HOLD-ESCROW
PO_B01_006584,BillDesk Settlement,TATA-INV-292749 PO_B01_006584,308357,4685,0,0,303672,INR,2026-08-03T18:35:00Z,BATCH-TATA-6584
PO_B01_006585,Razorpay Nodal,AMZN-INV-231313 PO_B01_006585,204787,4228,0,0,200559,INR,2026-08-03T12:05:00Z,BATCH-AMZN-6585
PO_B01_006586,BillDesk Settlement,FLPK-INV-844438 PO_B01_006586,314468,7809,0,0,306659,INR,2026-08-03T16:24:00Z,BATCH-FLPK-6586
PO_B01_006587,Stripe India,MYNT-EXC-115903-UNRESOLVED,220526,4400,0,0,216126,INR,2026-08-04T06:45:00Z,HOLD-ESCROW
PO_B01_006588,Stripe India,NYKA-ORD-286854 NYKA-ORD-883095 BATCH-NYKA-6588,171458,3429,0,0,168029,INR,2026-08-03T02:47:00Z,BATCH-NYKA-6588
PO_B01_006589,Razorpay Nodal,MYNT-ORD-762820 MYNT-ORD-485992 BATCH-MYNT-6589,295989,5919,0,0,290070,INR,2026-08-03T16:58:00Z,BATCH-MYNT-6589
PO_B01_006590,Cashfree Escrow,PHNP-ORD-985657 PHNP-ORD-382501 BATCH-PHNP-6590,182179,3643,0,0,178536,INR,2026-08-03T20:07:00Z,BATCH-PHNP-6590
PO_B01_006591,Stripe India,ZOMA-INV-304211 PO_B01_006591,131349,2838,0,0,128511,INR,2026-08-03T15:28:00Z,BATCH-ZOMA-6591
PO_B01_006592,PayU Enterprise,TATA-INV-836147 PO_B01_006592,300590,4740,0,0,295850,INR,2026-08-03T15:37:00Z,BATCH-TATA-6592
PO_B01_006593,PayU Enterprise,AMZN-INV-110916 PO_B01_006593,341740,6635,0,0,335105,INR,2026-08-03T06:16:00Z,BATCH-AMZN-6593
PO_B01_006594,Stripe India,MMTR-EXC-703849-UNRESOLVED,282049,5630,0,0,276419,INR,2026-08-04T04:29:00Z,HOLD-ESCROW
PO_B01_006595,Cashfree Escrow,BBAS-ORD-275558 BBAS-ORD-473003 BBAS-ORD-429594 BATCH-BBAS-6595,376151,7523,0,0,368628,INR,2026-08-03T20:31:00Z,BATCH-BBAS-6595
PO_B01_006596,PayU Enterprise,OLAA-INV-381563 PO_B01_006596,255436,4660,0,0,250776,INR,2026-08-03T16:46:00Z,BATCH-OLAA-6596
PO_B01_006597,BillDesk Settlement,NYKA-INV-567725 PO_B01_006597,98853,2116,0,0,96737,INR,2026-08-03T11:49:00Z,BATCH-NYKA-6597
PO_B01_006598,BillDesk Settlement,MYNT-INV-594452 PO_B01_006598,97686,1692,0,0,95994,INR,2026-08-03T01:58:00Z,BATCH-MYNT-6598
PO_B01_006599,Stripe India,MMTR-INV-593453 PO_B01_006599,282270,6188,0,0,276082,INR,2026-08-02T18:32:00Z,BATCH-MMTR-6599
PO_B01_006600,Cashfree Escrow,OLAA-EXC-558672-UNRESOLVED,151234,3014,0,0,148220,INR,2026-08-03T16:05:00Z,HOLD-ESCROW
PO_B01_006601,Cashfree Escrow,MMTR-INV-497136 PO_B01_006601,95887,1831,0,0,94056,INR,2026-08-03T14:18:00Z,BATCH-MMTR-6601
PO_B01_006602,BillDesk Settlement,JIOO-ORD-578609 JIOO-ORD-638236 BATCH-JIOO-6602,457015,9140,0,0,447875,INR,2026-08-03T09:54:00Z,BATCH-JIOO-6602
PO_B01_006603,Razorpay Nodal,AMZN-INV-789504 PO_B01_006603,308336,5690,0,0,302646,INR,2026-08-03T13:05:00Z,BATCH-AMZN-6603
PO_B01_006604,Razorpay Nodal,BLNK-ORD-421232 BLNK-ORD-290396 BATCH-BLNK-6604,342282,6845,0,0,335437,INR,2026-08-03T10:14:00Z,BATCH-BLNK-6604
PO_B01_006605,BillDesk Settlement,FLPK-INV-213433 PO_B01_006605,182821,3471,0,0,179350,INR,2026-08-02T20:13:00Z,BATCH-FLPK-6605
PO_B01_006606,PayU Enterprise,TATA-INV-468704 PO_B01_006606,107281,2241,0,0,105040,INR,2026-08-03T00:21:00Z,BATCH-TATA-6606
PO_B01_006607,Cashfree Escrow,AMZN-INV-344910 PO_B01_006607,389446,7933,0,0,381513,INR,2026-08-02T21:46:00Z,BATCH-AMZN-6607
PO_B01_006608,Stripe India,ZOMA-INV-419507 PO_B01_006608,161938,3281,0,0,158657,INR,2026-08-03T02:32:00Z,BATCH-ZOMA-6608
PO_B01_006609,Cashfree Escrow,MYNT-ORD-711185 MYNT-ORD-634439 BATCH-MYNT-6609,365599,7311,0,0,358288,INR,2026-08-03T20:22:00Z,BATCH-MYNT-6609
PO_B01_006610,Razorpay Nodal,BKMS-INV-172721 PO_B01_006610,90377,1693,0,0,88684,INR,2026-08-03T19:38:00Z,BATCH-BKMS-6610
PO_B01_006611,BillDesk Settlement,BLNK-INV-536511 PO_B01_006611,308929,5359,0,0,303570,INR,2026-08-03T12:38:00Z,BATCH-BLNK-6611
PO_B01_006612,BillDesk Settlement,MYNT-INV-525065 PO_B01_006612,81728,1628,0,0,80100,INR,2026-08-03T11:27:00Z,BATCH-MYNT-6612
PO_B01_006613,Razorpay Nodal,UBER-ORD-458832 UBER-ORD-533916 BATCH-UBER-6613,261341,5226,0,0,256115,INR,2026-08-03T06:25:00Z,BATCH-UBER-6613
PO_B01_006614,Stripe India,PAYT-ORD-872013 PAYT-ORD-568840 BATCH-PAYT-6614,392717,7854,0,0,384863,INR,2026-08-03T02:51:00Z,BATCH-PAYT-6614
PO_B01_006615,Cashfree Escrow,JIOO-ORD-105250 JIOO-ORD-761189 BATCH-JIOO-6615,356638,7132,0,0,349506,INR,2026-08-02T21:58:00Z,BATCH-JIOO-6615
PO_B01_006616,Stripe India,SWIG-INV-632752 PO_B01_006616,260967,4768,0,0,256199,INR,2026-08-03T05:26:00Z,BATCH-SWIG-6616
PO_B01_006617,PayU Enterprise,SWIG-INV-295076 PO_B01_006617,215999,4004,0,0,211995,INR,2026-08-03T02:55:00Z,BATCH-SWIG-6617
PO_B01_006618,PayU Enterprise,BBAS-ORD-244176 BBAS-ORD-957267 BATCH-BBAS-6618,285715,5714,0,0,280001,INR,2026-08-03T09:45:00Z,BATCH-BBAS-6618
PO_B01_006619,Cashfree Escrow,PAYT-INV-515672 PO_B01_006619,66500,1032,0,0,65468,INR,2026-08-03T01:38:00Z,BATCH-PAYT-6619
PO_B01_006620,Stripe India,UBER-INV-430602 PO_B01_006620,285703,7011,0,0,278692,INR,2026-08-03T12:45:00Z,BATCH-UBER-6620
PO_B01_006621,Stripe India,UBER-ORD-800248 UBER-ORD-858768 UBER-ORD-334383 BATCH-UBER-6621,591780,11835,0,0,579945,INR,2026-08-03T09:38:00Z,BATCH-UBER-6621
PO_B01_006622,BillDesk Settlement,UBER-INV-358051 PO_B01_006622,27090,653,0,0,26437,INR,2026-08-03T06:54:00Z,BATCH-UBER-6622
PO_B01_006623,Cashfree Escrow,UBER-INV-703184 PO_B01_006623,377977,6471,0,0,371506,INR,2026-08-02T23:59:00Z,BATCH-UBER-6623
PO_B01_006624,Razorpay Nodal,MMTR-INV-454660 PO_B01_006624,393857,7394,0,0,386463,INR,2026-08-03T08:20:00Z,BATCH-MMTR-6624
PO_B01_006625,BillDesk Settlement,MMTR-INV-885192 PO_B01_006625,229615,3760,0,0,225855,INR,2026-08-02T22:08:00Z,BATCH-MMTR-6625
PO_B01_006626,Razorpay Nodal,UBER-INV-136350 PO_B01_006626,86107,1368,0,0,84739,INR,2026-08-02T13:22:00Z,BATCH-UBER-6626
PO_B01_006627,Cashfree Escrow,BBAS-INV-704593 PO_B01_006627,155096,3009,0,0,152087,INR,2026-08-03T01:44:00Z,BATCH-BBAS-6627
PO_B01_006628,Stripe India,JIOO-ORD-183761 JIOO-ORD-962286 BATCH-JIOO-6628,169299,3385,0,0,165914,INR,2026-08-03T05:34:00Z,BATCH-JIOO-6628
PO_B01_006629,Stripe India,ZOMA-INV-357198 PO_B01_006629,42571,687,0,0,41884,INR,2026-08-03T06:05:00Z,BATCH-ZOMA-6629
PO_B01_006630,PayU Enterprise,JIOO-EXC-277742-UNRESOLVED,128415,2558,0,0,125857,INR,2026-08-03T21:05:00Z,HOLD-ESCROW
PO_B01_006631,Cashfree Escrow,TATA-INV-315809 PO_B01_006631,414431,6491,0,0,407940,INR,2026-08-03T15:25:00Z,BATCH-TATA-6631
PO_B01_006632,Cashfree Escrow,ZOMA-INV-876941 PO_B01_006632,62163,1502,0,0,60661,INR,2026-08-03T18:59:00Z,BATCH-ZOMA-6632
PO_B01_006633,Stripe India,MMTR-INV-499742 PO_B01_006633,253255,4812,0,0,248443,INR,2026-08-03T09:11:00Z,BATCH-MMTR-6633
PO_B01_006634,Stripe India,ZOMA-INV-717105 PO_B01_006634,125839,2994,0,0,122845,INR,2026-08-03T02:36:00Z,BATCH-ZOMA-6634
PO_B01_006635,BillDesk Settlement,BLNK-INV-406112 PO_B01_006635,37707,704,0,0,37003,INR,2026-08-03T06:34:00Z,BATCH-BLNK-6635
PO_B01_006636,PayU Enterprise,UBER-INV-176341 PO_B01_006636,386701,7885,0,0,378816,INR,2026-08-02T22:59:00Z,BATCH-UBER-6636
PO_B01_006637,BillDesk Settlement,BKMS-INV-961017 PO_B01_006637,411091,9374,0,0,401717,INR,2026-08-03T16:27:00Z,BATCH-BKMS-6637
PO_B01_006638,BillDesk Settlement,SWIG-ORD-905699 SWIG-ORD-975949 BATCH-SWIG-6638,351474,7029,0,0,344445,INR,2026-08-03T03:26:00Z,BATCH-SWIG-6638
PO_B01_006639,Cashfree Escrow,FLPK-INV-285036 PO_B01_006639,193785,3178,0,0,190607,INR,2026-08-02T21:44:00Z,BATCH-FLPK-6639
PO_B01_006640,Stripe India,AMZN-ORD-109582 AMZN-ORD-968350 AMZN-ORD-669356 BATCH-AMZN-6640,536115,10722,0,0,525393,INR,2026-08-03T00:44:00Z,BATCH-AMZN-6640
PO_B01_006641,Razorpay Nodal,BBAS-INV-382634 PO_B01_006641,27016,600,0,0,26416,INR,2026-08-03T13:57:00Z,BATCH-BBAS-6641
PO_B01_006642,Razorpay Nodal,JIOO-INV-190604 PO_B01_006642,395038,8966,0,0,386072,INR,2026-08-03T07:25:00Z,BATCH-JIOO-6642
PO_B01_006643,PayU Enterprise,UBER-INV-271711 PO_B01_006643,352418,7537,0,0,344881,INR,2026-08-04T00:13:00Z,BATCH-UBER-6643
PO_B01_006644,BillDesk Settlement,JIOO-INV-202258 PO_B01_006644,136040,2688,0,0,133352,INR,2026-08-02T18:18:00Z,BATCH-JIOO-6644
PO_B01_006645,Razorpay Nodal,PAYT-ORD-106680 PAYT-ORD-452727 BATCH-PAYT-6645,237512,4750,0,0,232762,INR,2026-08-03T05:34:00Z,BATCH-PAYT-6645
PO_B01_006646,BillDesk Settlement,PHNP-INV-163699 PO_B01_006646,26642,623,0,0,26019,INR,2026-08-02T23:11:00Z,BATCH-PHNP-6646
PO_B01_006647,BillDesk Settlement,PHNP-ORD-864953 PHNP-ORD-499093 BATCH-PHNP-6647,169018,3380,0,0,165638,INR,2026-08-02T23:35:00Z,BATCH-PHNP-6647
PO_B01_006648,BillDesk Settlement,MYNT-INV-655750 PO_B01_006648,210266,3904,0,0,206362,INR,2026-08-03T05:13:00Z,BATCH-MYNT-6648
PO_B01_006649,Stripe India,BBAS-INV-664709 PO_B01_006649,393140,7084,0,0,386056,INR,2026-08-03T18:31:00Z,BATCH-BBAS-6649
PO_B01_006650,PayU Enterprise,SWIG-ORD-688517 SWIG-ORD-642991 BATCH-SWIG-6650,193559,3871,0,0,189688,INR,2026-08-03T18:54:00Z,BATCH-SWIG-6650
PO_B01_006651,PayU Enterprise,OLAA-INV-155649 PO_B01_006651,86497,1410,0,0,85087,INR,2026-08-03T13:58:00Z,BATCH-OLAA-6651
PO_B01_006652,BillDesk Settlement,AMZN-INV-292190 PO_B01_006652,266586,4945,0,0,261641,INR,2026-08-03T12:55:00Z,BATCH-AMZN-6652
PO_B01_006653,BillDesk Settlement,BKMS-INV-540083 PO_B01_006653,430973,7907,0,0,423066,INR,2026-08-03T03:44:00Z,BATCH-BKMS-6653
PO_B01_006654,PayU Enterprise,MMTR-INV-436111 PO_B01_006654,93469,1464,0,0,92005,INR,2026-08-03T00:09:00Z,BATCH-MMTR-6654
PO_B01_006655,PayU Enterprise,MYNT-INV-965273 PO_B01_006655,333296,6736,0,0,326560,INR,2026-08-03T11:33:00Z,BATCH-MYNT-6655
PO_B01_006656,PayU Enterprise,UBER-INV-121148 PO_B01_006656,46609,876,0,0,45733,INR,2026-08-03T15:53:00Z,BATCH-UBER-6656
PO_B01_006657,Razorpay Nodal,BKMS-INV-624204 PO_B01_006657,382667,8303,0,0,374364,INR,2026-08-02T20:06:00Z,BATCH-BKMS-6657
PO_B01_006658,BillDesk Settlement,PHNP-INV-529791 PO_B01_006658,196564,3196,0,0,193368,INR,2026-08-03T01:32:00Z,BATCH-PHNP-6658
PO_B01_006659,Razorpay Nodal,NYKA-ORD-553492 NYKA-ORD-445608 BATCH-NYKA-6659,50981,1019,0,0,49962,INR,2026-08-03T16:03:00Z,BATCH-NYKA-6659
PO_B01_006660,BillDesk Settlement,PHNP-INV-271664 PO_B01_006660,339974,5358,0,0,334616,INR,2026-08-03T05:15:00Z,BATCH-PHNP-6660
PO_B01_006661,Stripe India,PAYT-ORD-802311 PAYT-ORD-223235 PAYT-ORD-844482 BATCH-PAYT-6661,402613,8052,0,0,394561,INR,2026-08-03T13:27:00Z,BATCH-PAYT-6661
PO_B01_006662,BillDesk Settlement,MYNT-INV-228947 PO_B01_006662,210983,3965,0,0,207018,INR,2026-08-02T23:03:00Z,BATCH-MYNT-6662
PO_B01_006663,BillDesk Settlement,BKMS-ORD-240805 BKMS-ORD-546636 BATCH-BKMS-6663,329712,6594,0,0,323118,INR,2026-08-03T09:27:00Z,BATCH-BKMS-6663
PO_B01_006664,Stripe India,MYNT-INV-130396 PO_B01_006664,253534,6177,0,0,247357,INR,2026-08-03T01:56:00Z,BATCH-MYNT-6664
PO_B01_006665,Stripe India,SWIG-INV-355498 PO_B01_006665,324728,5672,0,0,319056,INR,2026-08-03T10:32:00Z,BATCH-SWIG-6665
PO_B01_006666,PayU Enterprise,SWIG-INV-625043 PO_B01_006666,85801,1954,0,0,83847,INR,2026-08-03T00:54:00Z,BATCH-SWIG-6666
PO_B01_006667,Cashfree Escrow,BLNK-ORD-395596 BLNK-ORD-743264 BATCH-BLNK-6667,253374,5067,0,0,248307,INR,2026-08-03T11:15:00Z,BATCH-BLNK-6667
PO_B01_006668,BillDesk Settlement,AMZN-ORD-792897 AMZN-ORD-324472 BATCH-AMZN-6668,408699,8173,0,0,400526,INR,2026-08-03T18:49:00Z,BATCH-AMZN-6668
PO_B01_006669,Stripe India,JIOO-INV-817599 PO_B01_006669,321336,6652,0,0,314684,INR,2026-08-03T11:18:00Z,BATCH-JIOO-6669
PO_B01_006670,Razorpay Nodal,MYNT-EXC-834071-UNRESOLVED,171996,3429,0,0,168567,INR,2026-08-04T07:35:00Z,HOLD-ESCROW
PO_B01_006671,Razorpay Nodal,NYKA-INV-178330 PO_B01_006671,82087,1611,0,0,80476,INR,2026-08-03T16:14:00Z,BATCH-NYKA-6671
PO_B01_006672,Razorpay Nodal,JIOO-EXC-199817-UNRESOLVED,221611,4422,0,0,217189,INR,2026-08-03T16:17:00Z,HOLD-ESCROW
PO_B01_006673,BillDesk Settlement,TATA-INV-244850 PO_B01_006673,195509,3700,0,0,191809,INR,2026-08-03T07:10:00Z,BATCH-TATA-6673
PO_B01_006674,BillDesk Settlement,BKMS-INV-712803 PO_B01_006674,274565,5951,0,0,268614,INR,2026-08-02T17:33:00Z,BATCH-BKMS-6674
PO_B01_006675,Cashfree Escrow,OLAA-EXC-971548-UNRESOLVED,146113,2912,0,0,143201,INR,2026-08-04T04:41:00Z,HOLD-ESCROW
PO_B01_006676,PayU Enterprise,BBAS-INV-453267 PO_B01_006676,271718,4899,0,0,266819,INR,2026-08-03T13:29:00Z,BATCH-BBAS-6676
PO_B01_006677,Stripe India,JIOO-ORD-474642 JIOO-ORD-540528 BATCH-JIOO-6677,219934,4398,0,0,215536,INR,2026-08-03T00:29:00Z,BATCH-JIOO-6677
PO_B01_006678,Stripe India,ZOMA-INV-863522 PO_B01_006678,68043,1140,0,0,66903,INR,2026-08-03T17:59:00Z,BATCH-ZOMA-6678
PO_B01_006679,Razorpay Nodal,NYKA-ORD-570593 NYKA-ORD-497388 BATCH-NYKA-6679,279468,5589,0,0,273879,INR,2026-08-03T18:40:00Z,BATCH-NYKA-6679
PO_B01_006680,Razorpay Nodal,PHNP-INV-568599 PO_B01_006680,368826,6774,0,0,362052,INR,2026-08-04T00:16:00Z,BATCH-PHNP-6680
PO_B01_006681,Cashfree Escrow,NYKA-INV-479272 PO_B01_006681,163106,3240,0,0,159866,INR,2026-08-02T14:13:00Z,BATCH-NYKA-6681
PO_B01_006682,PayU Enterprise,BLNK-INV-703346 PO_B01_006682,350440,7755,0,0,342685,INR,2026-08-03T01:21:00Z,BATCH-BLNK-6682
PO_B01_006683,Cashfree Escrow,MMTR-INV-508740 PO_B01_006683,198790,3891,0,0,194899,INR,2026-08-03T00:16:00Z,BATCH-MMTR-6683
PO_B01_006684,Razorpay Nodal,BKMS-INV-605629 PO_B01_006684,95327,1502,0,0,93825,INR,2026-08-03T13:09:00Z,BATCH-BKMS-6684
PO_B01_006685,BillDesk Settlement,BLNK-ORD-164808 BLNK-ORD-975547 BATCH-BLNK-6685,368436,7368,0,0,361068,INR,2026-08-03T12:59:00Z,BATCH-BLNK-6685
PO_B01_006686,Stripe India,JIOO-ORD-866665 JIOO-ORD-643497 BATCH-JIOO-6686,160391,3207,0,0,157184,INR,2026-08-03T05:48:00Z,BATCH-JIOO-6686
PO_B01_006687,Razorpay Nodal,AMZN-INV-657241 PO_B01_006687,337125,7425,0,0,329700,INR,2026-08-03T00:55:00Z,BATCH-AMZN-6687
PO_B01_006688,BillDesk Settlement,SWIG-INV-193587 PO_B01_006688,206538,4330,0,0,202208,INR,2026-08-03T04:56:00Z,BATCH-SWIG-6688
PO_B01_006689,Stripe India,BKMS-INV-764746 PO_B01_006689,226379,4199,0,0,222180,INR,2026-08-03T19:06:00Z,BATCH-BKMS-6689
PO_B01_006690,Stripe India,TATA-INV-574209 PO_B01_006690,323088,6253,0,0,316835,INR,2026-08-03T20:21:00Z,BATCH-TATA-6690
PO_B01_006691,PayU Enterprise,MMTR-ORD-711927 MMTR-ORD-374565 BATCH-MMTR-6691,370642,7412,0,0,363230,INR,2026-08-03T07:57:00Z,BATCH-MMTR-6691
PO_B01_006692,BillDesk Settlement,BLNK-INV-603491 PO_B01_006692,376031,8335,0,0,367696,INR,2026-08-03T11:28:00Z,BATCH-BLNK-6692
PO_B01_006693,Stripe India,MMTR-INV-952005 PO_B01_006693,40655,832,0,0,39823,INR,2026-08-03T06:13:00Z,BATCH-MMTR-6693
PO_B01_006694,Stripe India,FLPK-ORD-367650 FLPK-ORD-825416 BATCH-FLPK-6694,432015,8640,0,0,423375,INR,2026-08-03T11:53:00Z,BATCH-FLPK-6694
PO_B01_006695,BillDesk Settlement,OLAA-ORD-803124 OLAA-ORD-397315 BATCH-OLAA-6695,259357,5187,0,0,254170,INR,2026-08-03T00:05:00Z,BATCH-OLAA-6695
PO_B01_006696,Cashfree Escrow,TATA-INV-425311 PO_B01_006696,386482,8600,0,0,377882,INR,2026-08-03T16:32:00Z,BATCH-TATA-6696
PO_B01_006697,Razorpay Nodal,PHNP-INV-920907 PO_B01_006697,257246,5880,0,0,251366,INR,2026-08-03T09:00:00Z,BATCH-PHNP-6697
PO_B01_006698,Cashfree Escrow,OLAA-INV-189465 PO_B01_006698,86069,1504,0,0,84565,INR,2026-08-03T08:51:00Z,BATCH-OLAA-6698
PO_B01_006699,BillDesk Settlement,OLAA-ORD-886582 OLAA-ORD-432846 BATCH-OLAA-6699,121900,2438,0,0,119462,INR,2026-08-03T01:57:00Z,BATCH-OLAA-6699
PO_B01_006700,BillDesk Settlement,AMZN-INV-751668 PO_B01_006700,99844,1974,0,0,97870,INR,2026-08-03T14:11:00Z,BATCH-AMZN-6700
PO_B01_006701,Stripe India,ZOMA-INV-295612 PO_B01_006701,172961,3209,0,0,169752,INR,2026-08-02T19:01:00Z,BATCH-ZOMA-6701
PO_B01_006702,PayU Enterprise,JIOO-INV-930013 PO_B01_006702,149228,2544,0,0,146684,INR,2026-08-03T14:28:00Z,BATCH-JIOO-6702
PO_B01_006703,Stripe India,ZOMA-ORD-662837 ZOMA-ORD-811302 BATCH-ZOMA-6703,250438,5008,0,0,245430,INR,2026-08-02T21:06:00Z,BATCH-ZOMA-6703
PO_B01_006704,Cashfree Escrow,ZOMA-ORD-549130 ZOMA-ORD-633437 BATCH-ZOMA-6704,339705,6794,0,0,332911,INR,2026-08-02T21:49:00Z,BATCH-ZOMA-6704
PO_B01_006705,Cashfree Escrow,PHNP-INV-608374 PO_B01_006705,253926,4564,0,0,249362,INR,2026-08-03T01:42:00Z,BATCH-PHNP-6705
PO_B01_006706,Stripe India,ZOMA-INV-767382 PO_B01_006706,276629,5973,0,0,270656,INR,2026-08-03T12:58:00Z,BATCH-ZOMA-6706
PO_B01_006707,Cashfree Escrow,BBAS-INV-285458 PO_B01_006707,53047,1178,0,0,51869,INR,2026-08-03T09:24:00Z,BATCH-BBAS-6707
PO_B01_006708,Stripe India,PHNP-INV-873696 PO_B01_006708,329074,5064,0,0,324010,INR,2026-08-03T05:35:00Z,BATCH-PHNP-6708
PO_B01_006709,Stripe India,UBER-INV-810739 PO_B01_006709,427995,10422,0,0,417573,INR,2026-08-03T15:26:00Z,BATCH-UBER-6709
PO_B01_006710,Cashfree Escrow,NYKA-INV-671468 PO_B01_006710,239043,3906,0,0,235137,INR,2026-08-03T18:37:00Z,BATCH-NYKA-6710
PO_B01_006711,Cashfree Escrow,PHNP-INV-434381 PO_B01_006711,335447,6139,0,0,329308,INR,2026-08-03T00:29:00Z,BATCH-PHNP-6711
PO_B01_006712,Cashfree Escrow,BKMS-INV-109539 PO_B01_006712,190787,3397,0,0,187390,INR,2026-08-03T09:11:00Z,BATCH-BKMS-6712
PO_B01_006713,Cashfree Escrow,PHNP-ORD-290114 PHNP-ORD-155629 BATCH-PHNP-6713,246439,4928,0,0,241511,INR,2026-08-03T08:58:00Z,BATCH-PHNP-6713
PO_B01_006714,BillDesk Settlement,AMZN-INV-316975 PO_B01_006714,426299,6521,0,0,419778,INR,2026-08-02T22:46:00Z,BATCH-AMZN-6714
PO_B01_006715,Razorpay Nodal,JIOO-INV-701019 PO_B01_006715,161820,3538,0,0,158282,INR,2026-08-02T22:44:00Z,BATCH-JIOO-6715
PO_B01_006716,Stripe India,FLPK-INV-729650 PO_B01_006716,133440,2751,0,0,130689,INR,2026-08-02T22:30:00Z,BATCH-FLPK-6716
PO_B01_006717,Razorpay Nodal,BKMS-INV-537451 PO_B01_006717,401794,9663,0,0,392131,INR,2026-08-03T08:40:00Z,BATCH-BKMS-6717
PO_B01_006718,Stripe India,JIOO-EXC-880017-UNRESOLVED,88775,1765,0,0,87010,INR,2026-08-03T23:01:00Z,HOLD-ESCROW
PO_B01_006719,Cashfree Escrow,ZOMA-INV-565774 PO_B01_006719,79616,1901,0,0,77715,INR,2026-08-03T03:44:00Z,BATCH-ZOMA-6719
PO_B01_006720,Cashfree Escrow,ZOMA-ORD-594274 ZOMA-ORD-890000 BATCH-ZOMA-6720,352450,7049,0,0,345401,INR,2026-08-03T09:56:00Z,BATCH-ZOMA-6720
PO_B01_006721,BillDesk Settlement,OLAA-ORD-492028 OLAA-ORD-331113 OLAA-ORD-416318 BATCH-OLAA-6721,317311,6346,0,0,310965,INR,2026-08-02T23:10:00Z,BATCH-OLAA-6721
PO_B01_006722,Razorpay Nodal,NYKA-ORD-993500 NYKA-ORD-301594 BATCH-NYKA-6722,368760,7375,0,0,361385,INR,2026-08-03T13:52:00Z,BATCH-NYKA-6722
PO_B01_006723,Stripe India,NYKA-INV-473949 PO_B01_006723,321639,7800,0,0,313839,INR,2026-08-03T05:25:00Z,BATCH-NYKA-6723
PO_B01_006724,Stripe India,OLAA-INV-678735 PO_B01_006724,155851,3055,0,0,152796,INR,2026-08-03T01:27:00Z,BATCH-OLAA-6724
PO_B01_006725,Razorpay Nodal,TATA-INV-366715 PO_B01_006725,304154,4595,0,0,299559,INR,2026-08-03T00:53:00Z,BATCH-TATA-6725
PO_B01_006726,BillDesk Settlement,UBER-ORD-290944 UBER-ORD-761913 UBER-ORD-896162 BATCH-UBER-6726,415997,8319,0,0,407678,INR,2026-08-03T11:41:00Z,BATCH-UBER-6726
PO_B01_006727,Cashfree Escrow,AMZN-INV-341073 PO_B01_006727,171562,3292,0,0,168270,INR,2026-08-03T01:22:00Z,BATCH-AMZN-6727
PO_B01_006728,Stripe India,UBER-INV-342605 PO_B01_006728,307428,7667,0,0,299761,INR,2026-08-03T03:53:00Z,BATCH-UBER-6728
PO_B01_006729,BillDesk Settlement,SWIG-ORD-980286 SWIG-ORD-506580 BATCH-SWIG-6729,195630,3912,0,0,191718,INR,2026-08-03T05:24:00Z,BATCH-SWIG-6729
PO_B01_006730,PayU Enterprise,BBAS-INV-648207 PO_B01_006730,351797,5318,0,0,346479,INR,2026-08-03T10:16:00Z,BATCH-BBAS-6730
PO_B01_006731,Razorpay Nodal,ZOMA-INV-145657 PO_B01_006731,130703,3045,0,0,127658,INR,2026-08-03T12:57:00Z,BATCH-ZOMA-6731
PO_B01_006732,Cashfree Escrow,ZOMA-INV-928117 PO_B01_006732,199315,3286,0,0,196029,INR,2026-08-03T11:23:00Z,BATCH-ZOMA-6732
PO_B01_006733,PayU Enterprise,ZOMA-INV-479195 PO_B01_006733,145811,2447,0,0,143364,INR,2026-08-03T10:46:00Z,BATCH-ZOMA-6733
PO_B01_006734,PayU Enterprise,FLPK-EXC-573955-UNRESOLVED,103867,2067,0,0,101800,INR,2026-08-03T10:11:00Z,HOLD-ESCROW
PO_B01_006735,BillDesk Settlement,UBER-ORD-343278 UBER-ORD-540937 UBER-ORD-779046 BATCH-UBER-6735,316888,6337,0,0,310551,INR,2026-08-03T11:21:00Z,BATCH-UBER-6735
PO_B01_006736,Stripe India,TATA-INV-412128 PO_B01_006736,424892,6672,0,0,418220,INR,2026-08-03T12:36:00Z,BATCH-TATA-6736
PO_B01_006737,BillDesk Settlement,AMZN-ORD-800328 AMZN-ORD-950705 BATCH-AMZN-6737,150546,3010,0,0,147536,INR,2026-08-03T19:28:00Z,BATCH-AMZN-6737
PO_B01_006738,PayU Enterprise,BLNK-INV-434566 PO_B01_006738,151758,3139,0,0,148619,INR,2026-08-02T21:51:00Z,BATCH-BLNK-6738
PO_B01_006739,BillDesk Settlement,PHNP-INV-759510 PO_B01_006739,416391,6626,0,0,409765,INR,2026-08-02T13:33:00Z,BATCH-PHNP-6739
PO_B01_006740,PayU Enterprise,BLNK-ORD-149385 BLNK-ORD-838785 BLNK-ORD-905649 BATCH-BLNK-6740,404537,8090,0,0,396447,INR,2026-08-03T11:07:00Z,BATCH-BLNK-6740
PO_B01_006741,Cashfree Escrow,NYKA-INV-512783 PO_B01_006741,32433,645,0,0,31788,INR,2026-08-03T10:50:00Z,BATCH-NYKA-6741
PO_B01_006742,PayU Enterprise,TATA-INV-189266 PO_B01_006742,271807,6371,0,0,265436,INR,2026-08-03T21:08:00Z,BATCH-TATA-6742
PO_B01_006743,PayU Enterprise,BKMS-ORD-263907 BKMS-ORD-198793 BKMS-ORD-675438 BATCH-BKMS-6743,412421,8248,0,0,404173,INR,2026-08-03T12:53:00Z,BATCH-BKMS-6743
PO_B01_006744,Stripe India,MMTR-EXC-615413-UNRESOLVED,191510,3820,0,0,187690,INR,2026-08-03T22:22:00Z,HOLD-ESCROW
PO_B01_006745,Razorpay Nodal,AMZN-INV-556956 PO_B01_006745,291665,5388,0,0,286277,INR,2026-08-03T03:26:00Z,BATCH-AMZN-6745
PO_B01_006746,Razorpay Nodal,MYNT-ORD-412883 MYNT-ORD-439764 BATCH-MYNT-6746,234980,4699,0,0,230281,INR,2026-08-03T09:29:00Z,BATCH-MYNT-6746
PO_B01_006747,BillDesk Settlement,PHNP-INV-422851 PO_B01_006747,365597,7765,0,0,357832,INR,2026-08-03T16:56:00Z,BATCH-PHNP-6747
PO_B01_006748,BillDesk Settlement,NYKA-ORD-336952 NYKA-ORD-559187 NYKA-ORD-114429 BATCH-NYKA-6748,604534,12090,0,0,592444,INR,2026-08-03T19:45:00Z,BATCH-NYKA-6748
PO_B01_006749,BillDesk Settlement,ZOMA-INV-715347 PO_B01_006749,408033,7552,0,0,400481,INR,2026-08-02T22:09:00Z,BATCH-ZOMA-6749
PO_B01_006750,Cashfree Escrow,PAYT-ORD-215414 PAYT-ORD-511104 PAYT-ORD-305359 BATCH-PAYT-6750,420750,8415,0,0,412335,INR,2026-08-03T08:05:00Z,BATCH-PAYT-6750
PO_B01_006751,Razorpay Nodal,PHNP-INV-330342 PO_B01_006751,389764,6221,0,0,383543,INR,2026-08-03T07:04:00Z,BATCH-PHNP-6751
PO_B01_006752,Stripe India,UBER-ORD-569953 UBER-ORD-604245 BATCH-UBER-6752,231318,4626,0,0,226692,INR,2026-08-03T19:36:00Z,BATCH-UBER-6752
PO_B01_006753,BillDesk Settlement,BLNK-ORD-166966 BLNK-ORD-226019 BLNK-ORD-375526 BATCH-BLNK-6753,508747,10174,0,0,498573,INR,2026-08-03T06:05:00Z,BATCH-BLNK-6753
PO_B01_006754,BillDesk Settlement,SWIG-INV-973573 PO_B01_006754,324573,5389,0,0,319184,INR,2026-08-03T09:14:00Z,BATCH-SWIG-6754
PO_B01_006755,BillDesk Settlement,NYKA-ORD-832690 NYKA-ORD-530964 BATCH-NYKA-6755,207950,4159,0,0,203791,INR,2026-08-03T17:44:00Z,BATCH-NYKA-6755
PO_B01_006756,Cashfree Escrow,FLPK-EXC-296521-UNRESOLVED,218295,4355,0,0,213940,INR,2026-08-03T16:25:00Z,HOLD-ESCROW
PO_B01_006757,Stripe India,FLPK-INV-501218 PO_B01_006757,243006,5358,0,0,237648,INR,2026-08-02T20:15:00Z,BATCH-FLPK-6757
PO_B01_006758,Stripe India,BLNK-ORD-981330 BLNK-ORD-540183 BATCH-BLNK-6758,174621,3492,0,0,171129,INR,2026-08-03T12:06:00Z,BATCH-BLNK-6758
PO_B01_006759,Stripe India,OLAA-INV-473773 PO_B01_006759,438291,9619,0,0,428672,INR,2026-08-03T03:42:00Z,BATCH-OLAA-6759
PO_B01_006760,BillDesk Settlement,ZOMA-EXC-901097-UNRESOLVED,73056,1451,0,0,71605,INR,2026-08-03T20:22:00Z,HOLD-ESCROW
PO_B01_006761,PayU Enterprise,BLNK-INV-136027 PO_B01_006761,137530,2952,0,0,134578,INR,2026-08-03T22:04:00Z,BATCH-BLNK-6761
PO_B01_006762,Razorpay Nodal,SWIG-ORD-428003 SWIG-ORD-741510 SWIG-ORD-746173 BATCH-SWIG-6762,353220,7064,0,0,346156,INR,2026-08-03T11:39:00Z,BATCH-SWIG-6762
PO_B01_006763,BillDesk Settlement,BKMS-INV-388439 PO_B01_006763,207337,5113,0,0,202224,INR,2026-08-02T16:15:00Z,BATCH-BKMS-6763
PO_B01_006764,Razorpay Nodal,AMZN-INV-208566 PO_B01_006764,58175,1194,0,0,56981,INR,2026-08-03T07:12:00Z,BATCH-AMZN-6764
PO_B01_006765,Stripe India,PHNP-INV-422484 PO_B01_006765,424864,8472,0,0,416392,INR,2026-08-03T13:14:00Z,BATCH-PHNP-6765
PO_B01_006766,Cashfree Escrow,ZOMA-INV-891145 PO_B01_006766,197888,3539,0,0,194349,INR,2026-08-02T22:30:00Z,BATCH-ZOMA-6766
PO_B01_006767,Cashfree Escrow,MYNT-INV-698796 PO_B01_006767,340638,7160,0,0,333478,INR,2026-08-03T03:49:00Z,BATCH-MYNT-6767
PO_B01_006768,PayU Enterprise,ZOMA-INV-817049 PO_B01_006768,448472,6752,0,0,441720,INR,2026-08-02T22:15:00Z,BATCH-ZOMA-6768
PO_B01_006769,BillDesk Settlement,OLAA-INV-725874 PO_B01_006769,422897,7711,0,0,415186,INR,2026-08-03T09:17:00Z,BATCH-OLAA-6769
PO_B01_006770,BillDesk Settlement,ZOMA-ORD-561894 ZOMA-ORD-224481 BATCH-ZOMA-6770,474708,9494,0,0,465214,INR,2026-08-03T04:54:00Z,BATCH-ZOMA-6770
PO_B01_006771,Cashfree Escrow,PAYT-INV-268451 PO_B01_006771,101538,2373,0,0,99165,INR,2026-08-03T03:38:00Z,BATCH-PAYT-6771
PO_B01_006772,PayU Enterprise,BBAS-INV-869755 PO_B01_006772,412872,8310,0,0,404562,INR,2026-08-03T12:23:00Z,BATCH-BBAS-6772
PO_B01_006773,Razorpay Nodal,JIOO-INV-512209 PO_B01_006773,406669,6490,0,0,400179,INR,2026-08-03T00:19:00Z,BATCH-JIOO-6773
PO_B01_006774,Razorpay Nodal,AMZN-INV-619971 PO_B01_006774,218310,4821,0,0,213489,INR,2026-08-03T11:04:00Z,BATCH-AMZN-6774
PO_B01_006775,BillDesk Settlement,JIOO-INV-305617 PO_B01_006775,241010,4307,0,0,236703,INR,2026-08-03T17:31:00Z,BATCH-JIOO-6775
PO_B01_006776,BillDesk Settlement,FLPK-INV-728001 PO_B01_006776,33886,802,0,0,33084,INR,2026-08-03T13:06:00Z,BATCH-FLPK-6776
PO_B01_006777,Razorpay Nodal,PAYT-INV-938987 PO_B01_006777,380650,6598,0,0,374052,INR,2026-08-03T05:01:00Z,BATCH-PAYT-6777
PO_B01_006778,Stripe India,BKMS-ORD-662586 BKMS-ORD-284641 BKMS-ORD-824196 BATCH-BKMS-6778,485203,9704,0,0,475499,INR,2026-08-03T04:13:00Z,BATCH-BKMS-6778
PO_B01_006779,PayU Enterprise,NYKA-ORD-337590 NYKA-ORD-544231 BATCH-NYKA-6779,241314,4826,0,0,236488,INR,2026-08-03T12:27:00Z,BATCH-NYKA-6779
PO_B01_006780,Cashfree Escrow,SWIG-INV-286208 PO_B01_006780,313929,7235,0,0,306694,INR,2026-08-03T11:55:00Z,BATCH-SWIG-6780
PO_B01_006781,PayU Enterprise,MYNT-INV-500997 PO_B01_006781,331635,6446,0,0,325189,INR,2026-08-03T17:55:00Z,BATCH-MYNT-6781
PO_B01_006782,BillDesk Settlement,NYKA-INV-356753 PO_B01_006782,131281,2502,0,0,128779,INR,2026-08-03T04:17:00Z,BATCH-NYKA-6782
PO_B01_006783,Stripe India,UBER-INV-577187 PO_B01_006783,242426,4038,0,0,238388,INR,2026-08-03T04:42:00Z,BATCH-UBER-6783
PO_B01_006784,Cashfree Escrow,TATA-INV-120684 PO_B01_006784,316669,5389,0,0,311280,INR,2026-08-03T01:03:00Z,BATCH-TATA-6784
PO_B01_006785,BillDesk Settlement,BKMS-ORD-594080 BKMS-ORD-771590 BATCH-BKMS-6785,296574,5931,0,0,290643,INR,2026-08-03T03:35:00Z,BATCH-BKMS-6785
PO_B01_006786,Razorpay Nodal,OLAA-INV-481522 PO_B01_006786,432146,7431,0,0,424715,INR,2026-08-03T15:29:00Z,BATCH-OLAA-6786
PO_B01_006787,Cashfree Escrow,NYKA-INV-391194 PO_B01_006787,447197,7127,0,0,440070,INR,2026-08-03T20:00:00Z,BATCH-NYKA-6787
PO_B01_006788,Razorpay Nodal,UBER-INV-785607 PO_B01_006788,81248,1915,0,0,79333,INR,2026-08-02T16:32:00Z,BATCH-UBER-6788
PO_B01_006789,PayU Enterprise,JIOO-ORD-410944 JIOO-ORD-760564 BATCH-JIOO-6789,174633,3492,0,0,171141,INR,2026-08-03T08:29:00Z,BATCH-JIOO-6789
PO_B01_006790,Razorpay Nodal,PAYT-ORD-419828 PAYT-ORD-330644 BATCH-PAYT-6790,303011,6060,0,0,296951,INR,2026-08-03T04:38:00Z,BATCH-PAYT-6790
PO_B01_006791,Cashfree Escrow,SWIG-INV-859804 PO_B01_006791,321642,6725,0,0,314917,INR,2026-08-03T10:09:00Z,BATCH-SWIG-6791
PO_B01_006792,BillDesk Settlement,NYKA-INV-542214 PO_B01_006792,96848,1977,0,0,94871,INR,2026-08-03T17:25:00Z,BATCH-NYKA-6792
PO_B01_006793,Stripe India,PAYT-ORD-399954 PAYT-ORD-988054 BATCH-PAYT-6793,246383,4927,0,0,241456,INR,2026-08-03T07:49:00Z,BATCH-PAYT-6793
PO_B01_006794,PayU Enterprise,UBER-ORD-588468 UBER-ORD-468073 BATCH-UBER-6794,238691,4773,0,0,233918,INR,2026-08-03T14:05:00Z,BATCH-UBER-6794
PO_B01_006795,Stripe India,PAYT-ORD-434326 PAYT-ORD-970443 BATCH-PAYT-6795,177661,3553,0,0,174108,INR,2026-08-03T04:01:00Z,BATCH-PAYT-6795
PO_B01_006796,BillDesk Settlement,UBER-INV-374903 PO_B01_006796,43075,935,0,0,42140,INR,2026-08-03T08:18:00Z,BATCH-UBER-6796
PO_B01_006797,BillDesk Settlement,BLNK-INV-353003 PO_B01_006797,219562,3664,0,0,215898,INR,2026-08-03T03:22:00Z,BATCH-BLNK-6797
PO_B01_006798,BillDesk Settlement,MYNT-INV-311205 PO_B01_006798,325717,7870,0,0,317847,INR,2026-08-03T07:00:00Z,BATCH-MYNT-6798
PO_B01_006799,Stripe India,ZOMA-INV-880428 PO_B01_006799,325632,5561,0,0,320071,INR,2026-08-03T10:45:00Z,BATCH-ZOMA-6799
PO_B01_006800,BillDesk Settlement,ZOMA-INV-283296 PO_B01_006800,30758,496,0,0,30262,INR,2026-08-02T22:01:00Z,BATCH-ZOMA-6800
PO_B01_006801,Razorpay Nodal,PHNP-ORD-563972 PHNP-ORD-363759 BATCH-PHNP-6801,119578,2391,0,0,117187,INR,2026-08-03T00:50:00Z,BATCH-PHNP-6801
PO_B01_006802,Stripe India,BBAS-ORD-180931 BBAS-ORD-142503 BATCH-BBAS-6802,102134,2042,0,0,100092,INR,2026-08-03T19:10:00Z,BATCH-BBAS-6802
PO_B01_006803,Razorpay Nodal,TATA-INV-191397 PO_B01_006803,108296,2418,0,0,105878,INR,2026-08-03T14:12:00Z,BATCH-TATA-6803
PO_B01_006804,Cashfree Escrow,UBER-ORD-641127 UBER-ORD-304927 BATCH-UBER-6804,259593,5191,0,0,254402,INR,2026-08-03T20:46:00Z,BATCH-UBER-6804
PO_B01_006805,Cashfree Escrow,TATA-EXC-423841-UNRESOLVED,122195,2433,0,0,119762,INR,2026-08-04T00:17:00Z,HOLD-ESCROW
PO_B01_006806,Razorpay Nodal,PAYT-INV-359029 PO_B01_006806,320574,5377,0,0,315197,INR,2026-08-04T02:23:00Z,BATCH-PAYT-6806
PO_B01_006807,Razorpay Nodal,NYKA-INV-274348 PO_B01_006807,234137,3678,0,0,230459,INR,2026-08-03T10:04:00Z,BATCH-NYKA-6807
PO_B01_006808,Cashfree Escrow,SWIG-INV-897185 PO_B01_006808,398218,7321,0,0,390897,INR,2026-08-03T02:58:00Z,BATCH-SWIG-6808
PO_B01_006809,Cashfree Escrow,AMZN-ORD-897117 AMZN-ORD-868952 AMZN-ORD-469340 BATCH-AMZN-6809,500332,10006,0,0,490326,INR,2026-08-03T06:23:00Z,BATCH-AMZN-6809
PO_B01_006810,Razorpay Nodal,BKMS-INV-976070 PO_B01_006810,360041,8530,0,0,351511,INR,2026-08-03T12:21:00Z,BATCH-BKMS-6810
PO_B01_006811,PayU Enterprise,SWIG-INV-194792 PO_B01_006811,73119,1231,0,0,71888,INR,2026-08-03T11:53:00Z,BATCH-SWIG-6811
PO_B01_006812,Razorpay Nodal,JIOO-INV-320969 PO_B01_006812,32917,675,0,0,32242,INR,2026-08-03T01:21:00Z,BATCH-JIOO-6812
PO_B01_006813,BillDesk Settlement,OLAA-INV-327047 PO_B01_006813,336433,6789,0,0,329644,INR,2026-08-03T03:01:00Z,BATCH-OLAA-6813
PO_B01_006814,Stripe India,PAYT-INV-825013 PO_B01_006814,78303,1641,0,0,76662,INR,2026-08-03T17:12:00Z,BATCH-PAYT-6814
PO_B01_006815,PayU Enterprise,TATA-INV-776576 PO_B01_006815,281116,5137,0,0,275979,INR,2026-08-03T06:49:00Z,BATCH-TATA-6815
PO_B01_006816,Razorpay Nodal,MYNT-ORD-471522 MYNT-ORD-578142 MYNT-ORD-352033 BATCH-MYNT-6816,650705,13014,0,0,637691,INR,2026-08-03T04:33:00Z,BATCH-MYNT-6816
PO_B01_006817,Stripe India,ZOMA-INV-704069 PO_B01_006817,230749,3756,0,0,226993,INR,2026-08-03T09:54:00Z,BATCH-ZOMA-6817
PO_B01_006818,BillDesk Settlement,AMZN-INV-453583 PO_B01_006818,75305,1359,0,0,73946,INR,2026-08-03T05:36:00Z,BATCH-AMZN-6818
PO_B01_006819,PayU Enterprise,BBAS-INV-688209 PO_B01_006819,428458,8649,0,0,419809,INR,2026-08-03T08:10:00Z,BATCH-BBAS-6819
PO_B01_006820,BillDesk Settlement,PHNP-INV-424726 PO_B01_006820,357258,5866,0,0,351392,INR,2026-08-03T08:41:00Z,BATCH-PHNP-6820
PO_B01_006821,BillDesk Settlement,TATA-INV-886740 PO_B01_006821,130896,2708,0,0,128188,INR,2026-08-02T20:41:00Z,BATCH-TATA-6821
PO_B01_006822,Stripe India,AMZN-EXC-435563-UNRESOLVED,296841,5926,0,0,290915,INR,2026-08-03T20:19:00Z,HOLD-ESCROW
PO_B01_006823,PayU Enterprise,UBER-ORD-167919 UBER-ORD-942634 BATCH-UBER-6823,209440,4188,0,0,205252,INR,2026-08-03T18:19:00Z,BATCH-UBER-6823
PO_B01_006824,BillDesk Settlement,ZOMA-INV-481787 PO_B01_006824,54950,825,0,0,54125,INR,2026-08-03T13:56:00Z,BATCH-ZOMA-6824
PO_B01_006825,Razorpay Nodal,UBER-INV-715955 PO_B01_006825,417559,8773,0,0,408786,INR,2026-08-03T14:59:00Z,BATCH-UBER-6825
PO_B01_006826,PayU Enterprise,ZOMA-INV-763686 PO_B01_006826,157886,3731,0,0,154155,INR,2026-08-03T14:12:00Z,BATCH-ZOMA-6826
PO_B01_006827,Stripe India,NYKA-INV-554001 PO_B01_006827,153514,3805,0,0,149709,INR,2026-08-03T09:13:00Z,BATCH-NYKA-6827
PO_B01_006828,Razorpay Nodal,UBER-INV-530743 PO_B01_006828,386389,6233,0,0,380156,INR,2026-08-03T02:14:00Z,BATCH-UBER-6828
PO_B01_006829,PayU Enterprise,BBAS-INV-941594 PO_B01_006829,326456,7817,0,0,318639,INR,2026-08-03T05:44:00Z,BATCH-BBAS-6829
PO_B01_006830,Razorpay Nodal,NYKA-ORD-854465 NYKA-ORD-651125 NYKA-ORD-487594 BATCH-NYKA-6830,439599,8791,0,0,430808,INR,2026-08-02T21:59:00Z,BATCH-NYKA-6830
PO_B01_006831,Razorpay Nodal,BKMS-INV-529664 PO_B01_006831,228872,4984,0,0,223888,INR,2026-08-03T01:24:00Z,BATCH-BKMS-6831
PO_B01_006832,Cashfree Escrow,AMZN-INV-190804 PO_B01_006832,128665,2021,0,0,126644,INR,2026-08-03T14:39:00Z,BATCH-AMZN-6832
PO_B01_006833,BillDesk Settlement,UBER-INV-810124 PO_B01_006833,153697,2546,0,0,151151,INR,2026-08-03T07:06:00Z,BATCH-UBER-6833
PO_B01_006834,Razorpay Nodal,MMTR-ORD-835067 MMTR-ORD-957709 BATCH-MMTR-6834,270264,5405,0,0,264859,INR,2026-08-03T20:46:00Z,BATCH-MMTR-6834
PO_B01_006835,BillDesk Settlement,UBER-INV-962522 PO_B01_006835,285634,4343,0,0,281291,INR,2026-08-03T02:01:00Z,BATCH-UBER-6835
PO_B01_006836,PayU Enterprise,BLNK-INV-623905 PO_B01_006836,111256,2029,0,0,109227,INR,2026-08-03T19:45:00Z,BATCH-BLNK-6836
PO_B01_006837,PayU Enterprise,PAYT-ORD-956002 PAYT-ORD-702097 BATCH-PAYT-6837,305614,6112,0,0,299502,INR,2026-08-02T23:54:00Z,BATCH-PAYT-6837
PO_B01_006838,Razorpay Nodal,ZOMA-INV-670749 PO_B01_006838,447373,9381,0,0,437992,INR,2026-08-03T11:56:00Z,BATCH-ZOMA-6838
PO_B01_006839,Razorpay Nodal,TATA-INV-240799 PO_B01_006839,190136,3720,0,0,186416,INR,2026-08-03T07:11:00Z,BATCH-TATA-6839
PO_B01_006840,Cashfree Escrow,SWIG-ORD-446287 SWIG-ORD-453893 BATCH-SWIG-6840,340601,6812,0,0,333789,INR,2026-08-03T14:37:00Z,BATCH-SWIG-6840
PO_B01_006841,Razorpay Nodal,UBER-INV-828282 PO_B01_006841,407583,7280,0,0,400303,INR,2026-08-03T15:10:00Z,BATCH-UBER-6841
PO_B01_006842,Razorpay Nodal,ZOMA-ORD-792825 ZOMA-ORD-263149 BATCH-ZOMA-6842,244720,4894,0,0,239826,INR,2026-08-03T18:20:00Z,BATCH-ZOMA-6842
PO_B01_006843,Stripe India,UBER-INV-583029 PO_B01_006843,306005,5938,0,0,300067,INR,2026-08-03T10:42:00Z,BATCH-UBER-6843
PO_B01_006844,BillDesk Settlement,PAYT-INV-527107 PO_B01_006844,31647,646,0,0,31001,INR,2026-08-03T02:22:00Z,BATCH-PAYT-6844
PO_B01_006845,PayU Enterprise,UBER-ORD-576652 UBER-ORD-335029 UBER-ORD-918085 BATCH-UBER-6845,274527,5490,0,0,269037,INR,2026-08-03T14:02:00Z,BATCH-UBER-6845
PO_B01_006846,Cashfree Escrow,UBER-INV-679082 PO_B01_006846,162203,3099,0,0,159104,INR,2026-08-03T12:25:00Z,BATCH-UBER-6846
PO_B01_006847,PayU Enterprise,JIOO-INV-538549 PO_B01_006847,33123,743,0,0,32380,INR,2026-08-03T06:39:00Z,BATCH-JIOO-6847
PO_B01_006848,Razorpay Nodal,OLAA-INV-808108 PO_B01_006848,60050,1011,0,0,59039,INR,2026-08-03T07:19:00Z,BATCH-OLAA-6848
PO_B01_006849,BillDesk Settlement,AMZN-INV-986500 PO_B01_006849,248917,5233,0,0,243684,INR,2026-08-03T15:06:00Z,BATCH-AMZN-6849
PO_B01_006850,Razorpay Nodal,BLNK-INV-989020 PO_B01_006850,310840,4710,0,0,306130,INR,2026-08-03T18:48:00Z,BATCH-BLNK-6850
PO_B01_006851,Razorpay Nodal,PHNP-ORD-237347 PHNP-ORD-186753 BATCH-PHNP-6851,244056,4881,0,0,239175,INR,2026-08-03T04:00:00Z,BATCH-PHNP-6851
PO_B01_006852,BillDesk Settlement,MMTR-INV-287803 PO_B01_006852,112888,2701,0,0,110187,INR,2026-08-03T00:01:00Z,BATCH-MMTR-6852
PO_B01_006853,Stripe India,UBER-INV-577851 PO_B01_006853,438709,8310,0,0,430399,INR,2026-08-02T21:52:00Z,BATCH-UBER-6853
PO_B01_006854,Cashfree Escrow,BBAS-INV-125626 PO_B01_006854,138394,2481,0,0,135913,INR,2026-08-03T06:42:00Z,BATCH-BBAS-6854
PO_B01_006855,PayU Enterprise,OLAA-INV-217394 PO_B01_006855,384155,6730,0,0,377425,INR,2026-08-03T11:38:00Z,BATCH-OLAA-6855
PO_B01_006856,PayU Enterprise,AMZN-INV-490938 PO_B01_006856,102952,1737,0,0,101215,INR,2026-08-03T20:11:00Z,BATCH-AMZN-6856
PO_B01_006857,Stripe India,TATA-ORD-737287 TATA-ORD-180997 TATA-ORD-597387 BATCH-TATA-6857,522547,10450,0,0,512097,INR,2026-08-03T06:47:00Z,BATCH-TATA-6857
PO_B01_006858,Razorpay Nodal,AMZN-INV-498867 PO_B01_006858,372805,5728,0,0,367077,INR,2026-08-02T19:02:00Z,BATCH-AMZN-6858
PO_B01_006859,PayU Enterprise,FLPK-INV-207428 PO_B01_006859,226755,5182,0,0,221573,INR,2026-08-03T15:23:00Z,BATCH-FLPK-6859
PO_B01_006860,Stripe India,BLNK-INV-188458 PO_B01_006860,351016,5567,0,0,345449,INR,2026-08-02T23:45:00Z,BATCH-BLNK-6860
PO_B01_006861,Razorpay Nodal,MMTR-INV-965254 PO_B01_006861,163725,2860,0,0,160865,INR,2026-08-03T06:09:00Z,BATCH-MMTR-6861
PO_B01_006862,Cashfree Escrow,TATA-INV-747293 PO_B01_006862,439631,7782,0,0,431849,INR,2026-08-03T14:36:00Z,BATCH-TATA-6862
PO_B01_006863,PayU Enterprise,OLAA-INV-191160 PO_B01_006863,432641,8367,0,0,424274,INR,2026-08-03T11:02:00Z,BATCH-OLAA-6863
PO_B01_006864,Cashfree Escrow,BLNK-INV-159167 PO_B01_006864,72637,1193,0,0,71444,INR,2026-08-02T20:12:00Z,BATCH-BLNK-6864
PO_B01_006865,Stripe India,ZOMA-INV-930813 PO_B01_006865,132508,2453,0,0,130055,INR,2026-08-03T06:01:00Z,BATCH-ZOMA-6865
PO_B01_006866,Razorpay Nodal,BKMS-ORD-966244 BKMS-ORD-554450 BKMS-ORD-326116 BATCH-BKMS-6866,368484,7369,0,0,361115,INR,2026-08-02T21:13:00Z,BATCH-BKMS-6866
PO_B01_006867,PayU Enterprise,FLPK-INV-443954 PO_B01_006867,169807,2953,0,0,166854,INR,2026-08-04T01:55:00Z,BATCH-FLPK-6867
PO_B01_006868,PayU Enterprise,MYNT-INV-790875 PO_B01_006868,94779,2362,0,0,92417,INR,2026-08-03T10:04:00Z,BATCH-MYNT-6868
PO_B01_006869,PayU Enterprise,NYKA-ORD-829640 NYKA-ORD-280982 BATCH-NYKA-6869,446447,8928,0,0,437519,INR,2026-08-02T22:55:00Z,BATCH-NYKA-6869
PO_B01_006870,PayU Enterprise,UBER-INV-710077 PO_B01_006870,304952,5554,0,0,299398,INR,2026-08-03T06:50:00Z,BATCH-UBER-6870
PO_B01_006871,BillDesk Settlement,PHNP-ORD-558462 PHNP-ORD-111509 BATCH-PHNP-6871,100621,2012,0,0,98609,INR,2026-08-03T02:47:00Z,BATCH-PHNP-6871
PO_B01_006872,PayU Enterprise,AMZN-INV-569498 PO_B01_006872,49455,760,0,0,48695,INR,2026-08-03T20:15:00Z,BATCH-AMZN-6872
PO_B01_006873,Cashfree Escrow,MMTR-INV-148273 PO_B01_006873,132566,3019,0,0,129547,INR,2026-08-03T02:12:00Z,BATCH-MMTR-6873
PO_B01_006874,PayU Enterprise,OLAA-INV-171921 PO_B01_006874,307918,5399,0,0,302519,INR,2026-08-03T09:26:00Z,BATCH-OLAA-6874
PO_B01_006875,PayU Enterprise,PAYT-INV-550938 PO_B01_006875,403141,8611,0,0,394530,INR,2026-08-03T10:07:00Z,BATCH-PAYT-6875
PO_B01_006876,Cashfree Escrow,FLPK-INV-789821 PO_B01_006876,183575,4008,0,0,179567,INR,2026-08-03T16:50:00Z,BATCH-FLPK-6876
PO_B01_006877,BillDesk Settlement,UBER-INV-268608 PO_B01_006877,132248,2214,0,0,130034,INR,2026-08-03T07:17:00Z,BATCH-UBER-6877
PO_B01_006878,Stripe India,BKMS-INV-220737 PO_B01_006878,355719,7128,0,0,348591,INR,2026-08-02T17:26:00Z,BATCH-BKMS-6878
PO_B01_006879,BillDesk Settlement,MYNT-INV-303111 PO_B01_006879,202969,3200,0,0,199769,INR,2026-08-03T19:17:00Z,BATCH-MYNT-6879
PO_B01_006880,BillDesk Settlement,PAYT-INV-765681 PO_B01_006880,196414,3026,0,0,193388,INR,2026-08-03T19:49:00Z,BATCH-PAYT-6880
PO_B01_006881,Stripe India,PAYT-INV-334998 PO_B01_006881,200224,4047,0,0,196177,INR,2026-08-03T16:30:00Z,BATCH-PAYT-6881
PO_B01_006882,Stripe India,ZOMA-ORD-254658 ZOMA-ORD-647826 ZOMA-ORD-279953 BATCH-ZOMA-6882,230306,4606,0,0,225700,INR,2026-08-03T15:42:00Z,BATCH-ZOMA-6882
PO_B01_006883,Razorpay Nodal,BKMS-ORD-997311 BKMS-ORD-798722 BATCH-BKMS-6883,281431,5628,0,0,275803,INR,2026-08-03T05:16:00Z,BATCH-BKMS-6883
PO_B01_006884,Razorpay Nodal,BBAS-EXC-935327-UNRESOLVED,121481,2419,0,0,119062,INR,2026-08-03T11:01:00Z,HOLD-ESCROW
PO_B01_006885,Razorpay Nodal,TATA-INV-536995 PO_B01_006885,26062,537,0,0,25525,INR,2026-08-03T21:14:00Z,BATCH-TATA-6885
PO_B01_006886,Cashfree Escrow,MYNT-INV-143254 PO_B01_006886,296064,5576,0,0,290488,INR,2026-08-03T04:20:00Z,BATCH-MYNT-6886
PO_B01_006887,BillDesk Settlement,PHNP-INV-165452 PO_B01_006887,244514,5445,0,0,239069,INR,2026-08-03T04:50:00Z,BATCH-PHNP-6887
PO_B01_006888,PayU Enterprise,PAYT-EXC-235887-UNRESOLVED,100529,2000,0,0,98529,INR,2026-08-03T21:29:00Z,HOLD-ESCROW
PO_B01_006889,Stripe India,MYNT-INV-121293 PO_B01_006889,378484,7220,0,0,371264,INR,2026-08-03T18:23:00Z,BATCH-MYNT-6889
PO_B01_006890,Stripe India,FLPK-INV-280027 PO_B01_006890,362092,5848,0,0,356244,INR,2026-08-03T06:32:00Z,BATCH-FLPK-6890
PO_B01_006891,Cashfree Escrow,FLPK-INV-245226 PO_B01_006891,420675,8784,0,0,411891,INR,2026-08-03T19:45:00Z,BATCH-FLPK-6891
PO_B01_006892,PayU Enterprise,ZOMA-INV-279572 PO_B01_006892,283753,5283,0,0,278470,INR,2026-08-03T12:35:00Z,BATCH-ZOMA-6892
PO_B01_006893,Cashfree Escrow,MYNT-INV-309108 PO_B01_006893,440216,9310,0,0,430906,INR,2026-08-03T08:42:00Z,BATCH-MYNT-6893
PO_B01_006894,PayU Enterprise,NYKA-ORD-260659 NYKA-ORD-860177 NYKA-ORD-530775 BATCH-NYKA-6894,401965,8039,0,0,393926,INR,2026-08-03T00:09:00Z,BATCH-NYKA-6894
PO_B01_006895,Stripe India,JIOO-INV-111412 PO_B01_006895,232480,4530,0,0,227950,INR,2026-08-03T19:35:00Z,BATCH-JIOO-6895
PO_B01_006896,Stripe India,OLAA-ORD-670847 OLAA-ORD-315343 BATCH-OLAA-6896,291851,5837,0,0,286014,INR,2026-08-03T20:23:00Z,BATCH-OLAA-6896
PO_B01_006897,Razorpay Nodal,BLNK-INV-750880 PO_B01_006897,142069,2311,0,0,139758,INR,2026-08-03T10:53:00Z,BATCH-BLNK-6897
PO_B01_006898,Cashfree Escrow,PHNP-ORD-723290 PHNP-ORD-417915 BATCH-PHNP-6898,324790,6495,0,0,318295,INR,2026-08-03T19:22:00Z,BATCH-PHNP-6898
PO_B01_006899,PayU Enterprise,NYKA-INV-698466 PO_B01_006899,428031,10454,0,0,417577,INR,2026-08-03T03:18:00Z,BATCH-NYKA-6899
PO_B01_006900,Cashfree Escrow,SWIG-INV-670134 PO_B01_006900,50550,1246,0,0,49304,INR,2026-08-03T21:56:00Z,BATCH-SWIG-6900
PO_B01_006901,Cashfree Escrow,ZOMA-EXC-659174-UNRESOLVED,105351,2097,0,0,103254,INR,2026-08-04T02:59:00Z,HOLD-ESCROW
PO_B01_006902,Stripe India,PAYT-INV-935097 PO_B01_006902,315380,5656,0,0,309724,INR,2026-08-03T13:55:00Z,BATCH-PAYT-6902
PO_B01_006903,PayU Enterprise,MMTR-INV-808905 PO_B01_006903,316633,6599,0,0,310034,INR,2026-08-03T05:20:00Z,BATCH-MMTR-6903
PO_B01_006904,Stripe India,ZOMA-INV-272660 PO_B01_006904,112697,1833,0,0,110864,INR,2026-08-03T00:51:00Z,BATCH-ZOMA-6904
PO_B01_006905,Razorpay Nodal,AMZN-ORD-192733 AMZN-ORD-858575 BATCH-AMZN-6905,244090,4881,0,0,239209,INR,2026-08-03T18:19:00Z,BATCH-AMZN-6905
PO_B01_006906,PayU Enterprise,FLPK-ORD-203916 FLPK-ORD-122766 FLPK-ORD-323848 BATCH-FLPK-6906,455965,9119,0,0,446846,INR,2026-08-03T16:34:00Z,BATCH-FLPK-6906
PO_B01_006907,BillDesk Settlement,MMTR-INV-631058 PO_B01_006907,384660,7351,0,0,377309,INR,2026-08-03T06:51:00Z,BATCH-MMTR-6907
PO_B01_006908,Stripe India,ZOMA-ORD-225393 ZOMA-ORD-607498 ZOMA-ORD-660434 BATCH-ZOMA-6908,480647,9612,0,0,471035,INR,2026-08-03T02:45:00Z,BATCH-ZOMA-6908
PO_B01_006909,Stripe India,MYNT-ORD-490055 MYNT-ORD-965147 BATCH-MYNT-6909,195590,3911,0,0,191679,INR,2026-08-03T13:01:00Z,BATCH-MYNT-6909
PO_B01_006910,Stripe India,MYNT-INV-257443 PO_B01_006910,46267,706,0,0,45561,INR,2026-08-03T06:56:00Z,BATCH-MYNT-6910
PO_B01_006911,Stripe India,BLNK-INV-103065 PO_B01_006911,412524,8930,0,0,403594,INR,2026-08-03T18:35:00Z,BATCH-BLNK-6911
PO_B01_006912,PayU Enterprise,SWIG-INV-707266 PO_B01_006912,210084,4332,0,0,205752,INR,2026-08-03T16:47:00Z,BATCH-SWIG-6912
PO_B01_006913,Stripe India,UBER-INV-325233 PO_B01_006913,397411,8155,0,0,389256,INR,2026-08-03T05:04:00Z,BATCH-UBER-6913
PO_B01_006914,BillDesk Settlement,TATA-ORD-153942 TATA-ORD-912459 TATA-ORD-800918 BATCH-TATA-6914,357168,7143,0,0,350025,INR,2026-08-03T07:22:00Z,BATCH-TATA-6914
PO_B01_006915,Razorpay Nodal,BBAS-INV-859490 PO_B01_006915,326057,5883,0,0,320174,INR,2026-08-03T05:04:00Z,BATCH-BBAS-6915
PO_B01_006916,BillDesk Settlement,BLNK-INV-751820 PO_B01_006916,273773,5337,0,0,268436,INR,2026-08-02T16:20:00Z,BATCH-BLNK-6916
PO_B01_006917,Razorpay Nodal,SWIG-INV-912624 PO_B01_006917,181311,3942,0,0,177369,INR,2026-08-02T15:52:00Z,BATCH-SWIG-6917
PO_B01_006918,BillDesk Settlement,PHNP-INV-212374 PO_B01_006918,101719,1604,0,0,100115,INR,2026-08-03T22:44:00Z,BATCH-PHNP-6918
PO_B01_006919,BillDesk Settlement,MMTR-ORD-282900 MMTR-ORD-452646 MMTR-ORD-236189 BATCH-MMTR-6919,569534,11390,0,0,558144,INR,2026-08-03T10:45:00Z,BATCH-MMTR-6919
PO_B01_006920,PayU Enterprise,BLNK-INV-816979 PO_B01_006920,210196,4399,0,0,205797,INR,2026-08-03T04:29:00Z,BATCH-BLNK-6920
PO_B01_006921,Razorpay Nodal,BLNK-INV-942313 PO_B01_006921,129506,2479,0,0,127027,INR,2026-08-03T08:57:00Z,BATCH-BLNK-6921
PO_B01_006922,Razorpay Nodal,NYKA-ORD-845202 NYKA-ORD-888668 BATCH-NYKA-6922,326459,6529,0,0,319930,INR,2026-08-02T23:55:00Z,BATCH-NYKA-6922
PO_B01_006923,Stripe India,AMZN-INV-251129 PO_B01_006923,185386,3962,0,0,181424,INR,2026-08-03T07:11:00Z,BATCH-AMZN-6923
PO_B01_006924,Cashfree Escrow,UBER-INV-998127 PO_B01_006924,37914,643,0,0,37271,INR,2026-08-02T22:51:00Z,BATCH-UBER-6924
PO_B01_006925,Stripe India,MMTR-INV-900620 PO_B01_006925,72410,1758,0,0,70652,INR,2026-08-03T05:09:00Z,BATCH-MMTR-6925
PO_B01_006926,BillDesk Settlement,AMZN-INV-700458 PO_B01_006926,42901,1016,0,0,41885,INR,2026-08-02T16:17:00Z,BATCH-AMZN-6926
PO_B01_006927,Stripe India,ZOMA-INV-607183 PO_B01_006927,102585,2164,0,0,100421,INR,2026-08-03T03:25:00Z,BATCH-ZOMA-6927
PO_B01_006928,PayU Enterprise,BLNK-INV-848491 PO_B01_006928,273670,4243,0,0,269427,INR,2026-08-03T10:56:00Z,BATCH-BLNK-6928
PO_B01_006929,PayU Enterprise,NYKA-INV-400115 PO_B01_006929,187816,4071,0,0,183745,INR,2026-08-03T22:02:00Z,BATCH-NYKA-6929
PO_B01_006930,PayU Enterprise,PAYT-EXC-792847-UNRESOLVED,114657,2283,0,0,112374,INR,2026-08-04T06:15:00Z,HOLD-ESCROW
PO_B01_006931,BillDesk Settlement,UBER-ORD-403612 UBER-ORD-916555 BATCH-UBER-6931,243019,4860,0,0,238159,INR,2026-08-03T05:21:00Z,BATCH-UBER-6931
PO_B01_006932,Razorpay Nodal,BBAS-ORD-279067 BBAS-ORD-896663 BBAS-ORD-564347 BATCH-BBAS-6932,201028,4020,0,0,197008,INR,2026-08-03T00:29:00Z,BATCH-BBAS-6932
PO_B01_006933,Stripe India,JIOO-INV-639094 PO_B01_006933,342078,7617,0,0,334461,INR,2026-08-03T11:55:00Z,BATCH-JIOO-6933
PO_B01_006934,Cashfree Escrow,BLNK-INV-861842 PO_B01_006934,247695,4525,0,0,243170,INR,2026-08-03T14:49:00Z,BATCH-BLNK-6934
PO_B01_006935,Razorpay Nodal,OLAA-INV-788615 PO_B01_006935,347230,8326,0,0,338904,INR,2026-08-03T03:05:00Z,BATCH-OLAA-6935
PO_B01_006936,BillDesk Settlement,MMTR-INV-731725 PO_B01_006936,429903,8677,0,0,421226,INR,2026-08-03T01:00:00Z,BATCH-MMTR-6936
PO_B01_006937,BillDesk Settlement,AMZN-ORD-390318 AMZN-ORD-743125 BATCH-AMZN-6937,113107,2262,0,0,110845,INR,2026-08-02T21:13:00Z,BATCH-AMZN-6937
PO_B01_006938,Stripe India,SWIG-ORD-467518 SWIG-ORD-953438 BATCH-SWIG-6938,170992,3419,0,0,167573,INR,2026-08-02T21:07:00Z,BATCH-SWIG-6938
PO_B01_006939,Stripe India,FLPK-INV-344539 PO_B01_006939,80092,1491,0,0,78601,INR,2026-08-03T18:14:00Z,BATCH-FLPK-6939
PO_B01_006940,Stripe India,JIOO-INV-134791 PO_B01_006940,286461,6782,0,0,279679,INR,2026-08-02T15:57:00Z,BATCH-JIOO-6940
PO_B01_006941,PayU Enterprise,MMTR-INV-357771 PO_B01_006941,162633,2969,0,0,159664,INR,2026-08-03T14:15:00Z,BATCH-MMTR-6941
PO_B01_006942,Cashfree Escrow,FLPK-INV-365783 PO_B01_006942,307646,6660,0,0,300986,INR,2026-08-03T16:37:00Z,BATCH-FLPK-6942
PO_B01_006943,Cashfree Escrow,SWIG-INV-281795 PO_B01_006943,388657,8045,0,0,380612,INR,2026-08-03T07:24:00Z,BATCH-SWIG-6943
PO_B01_006944,BillDesk Settlement,BLNK-INV-507711 PO_B01_006944,211956,4903,0,0,207053,INR,2026-08-03T02:32:00Z,BATCH-BLNK-6944
PO_B01_006945,BillDesk Settlement,FLPK-INV-907531 PO_B01_006945,294974,4979,0,0,289995,INR,2026-08-03T02:49:00Z,BATCH-FLPK-6945
PO_B01_006946,Stripe India,PHNP-ORD-653710 PHNP-ORD-831078 PHNP-ORD-818968 BATCH-PHNP-6946,226108,4522,0,0,221586,INR,2026-08-03T20:50:00Z,BATCH-PHNP-6946
PO_B01_006947,PayU Enterprise,PHNP-ORD-125310 PHNP-ORD-725399 BATCH-PHNP-6947,222191,4443,0,0,217748,INR,2026-08-02T21:47:00Z,BATCH-PHNP-6947
PO_B01_006948,Razorpay Nodal,PAYT-INV-935203 PO_B01_006948,435477,6700,0,0,428777,INR,2026-08-03T18:56:00Z,BATCH-PAYT-6948
PO_B01_006949,Razorpay Nodal,SWIG-INV-754771 PO_B01_006949,287809,6706,0,0,281103,INR,2026-08-03T14:56:00Z,BATCH-SWIG-6949
PO_B01_006950,BillDesk Settlement,BKMS-INV-369227 PO_B01_006950,392224,7301,0,0,384923,INR,2026-08-02T16:59:00Z,BATCH-BKMS-6950
PO_B01_006951,Stripe India,NYKA-INV-196337 PO_B01_006951,76913,1359,0,0,75554,INR,2026-08-03T21:56:00Z,BATCH-NYKA-6951
PO_B01_006952,Stripe India,FLPK-INV-524445 PO_B01_006952,71629,1308,0,0,70321,INR,2026-08-02T23:38:00Z,BATCH-FLPK-6952
PO_B01_006953,Stripe India,PAYT-ORD-320497 PAYT-ORD-825566 PAYT-ORD-971299 BATCH-PAYT-6953,282015,5640,0,0,276375,INR,2026-08-03T10:07:00Z,BATCH-PAYT-6953
PO_B01_006954,Stripe India,TATA-EXC-466844-UNRESOLVED,235213,4694,0,0,230519,INR,2026-08-04T07:58:00Z,HOLD-ESCROW
PO_B01_006955,PayU Enterprise,PAYT-EXC-818403-UNRESOLVED,68105,1352,0,0,66753,INR,2026-08-03T16:54:00Z,HOLD-ESCROW
PO_B01_006956,Stripe India,BKMS-INV-147844 PO_B01_006956,125892,2146,0,0,123746,INR,2026-08-03T12:53:00Z,BATCH-BKMS-6956
PO_B01_006957,BillDesk Settlement,TATA-ORD-523793 TATA-ORD-154988 BATCH-TATA-6957,182071,3641,0,0,178430,INR,2026-08-03T03:08:00Z,BATCH-TATA-6957
PO_B01_006958,Cashfree Escrow,UBER-INV-510815 PO_B01_006958,91133,1541,0,0,89592,INR,2026-08-03T00:35:00Z,BATCH-UBER-6958
PO_B01_006959,PayU Enterprise,BBAS-INV-744955 PO_B01_006959,324413,7138,0,0,317275,INR,2026-08-03T14:36:00Z,BATCH-BBAS-6959
PO_B01_006960,Cashfree Escrow,MYNT-INV-779079 PO_B01_006960,144017,3182,0,0,140835,INR,2026-08-03T00:00:00Z,BATCH-MYNT-6960
PO_B01_006961,Razorpay Nodal,UBER-INV-651432 PO_B01_006961,96128,1747,0,0,94381,INR,2026-08-03T08:37:00Z,BATCH-UBER-6961
PO_B01_006962,Stripe India,TATA-INV-948855 PO_B01_006962,273341,6485,0,0,266856,INR,2026-08-03T05:14:00Z,BATCH-TATA-6962
PO_B01_006963,PayU Enterprise,PAYT-INV-679568 PO_B01_006963,137999,2980,0,0,135019,INR,2026-08-03T17:47:00Z,BATCH-PAYT-6963
PO_B01_006964,Razorpay Nodal,NYKA-INV-927021 PO_B01_006964,222204,3920,0,0,218284,INR,2026-08-03T13:09:00Z,BATCH-NYKA-6964
PO_B01_006965,Stripe India,SWIG-ORD-609406 SWIG-ORD-490329 BATCH-SWIG-6965,368766,7375,0,0,361391,INR,2026-08-03T18:03:00Z,BATCH-SWIG-6965
PO_B01_006966,BillDesk Settlement,MYNT-INV-737122 PO_B01_006966,417826,9356,0,0,408470,INR,2026-08-03T08:08:00Z,BATCH-MYNT-6966
PO_B01_006967,Cashfree Escrow,BBAS-INV-682145 PO_B01_006967,58464,1421,0,0,57043,INR,2026-08-03T17:57:00Z,BATCH-BBAS-6967
PO_B01_006968,Razorpay Nodal,OLAA-INV-195768 PO_B01_006968,215620,4844,0,0,210776,INR,2026-08-02T14:54:00Z,BATCH-OLAA-6968
PO_B01_006969,PayU Enterprise,BLNK-ORD-202867 BLNK-ORD-959516 BATCH-BLNK-6969,293612,5872,0,0,287740,INR,2026-08-03T03:33:00Z,BATCH-BLNK-6969
PO_B01_006970,Cashfree Escrow,FLPK-EXC-155297-UNRESOLVED,284350,5677,0,0,278673,INR,2026-08-04T02:31:00Z,HOLD-ESCROW
PO_B01_006971,BillDesk Settlement,AMZN-ORD-706154 AMZN-ORD-532662 AMZN-ORD-498758 BATCH-AMZN-6971,405954,8119,0,0,397835,INR,2026-08-03T19:07:00Z,BATCH-AMZN-6971
PO_B01_006972,PayU Enterprise,TATA-INV-764240 PO_B01_006972,128659,2604,0,0,126055,INR,2026-08-03T21:55:00Z,BATCH-TATA-6972
PO_B01_006973,PayU Enterprise,FLPK-INV-606425 PO_B01_006973,226342,4405,0,0,221937,INR,2026-08-03T13:42:00Z,BATCH-FLPK-6973
PO_B01_006974,Razorpay Nodal,NYKA-INV-142492 PO_B01_006974,163023,3911,0,0,159112,INR,2026-08-02T18:34:00Z,BATCH-NYKA-6974
PO_B01_006975,Razorpay Nodal,ZOMA-INV-781137 PO_B01_006975,275927,4693,0,0,271234,INR,2026-08-03T19:28:00Z,BATCH-ZOMA-6975
PO_B01_006976,BillDesk Settlement,ZOMA-INV-547119 PO_B01_006976,293477,7112,0,0,286365,INR,2026-08-03T04:47:00Z,BATCH-ZOMA-6976
PO_B01_006977,Cashfree Escrow,BLNK-INV-240522 PO_B01_006977,146702,2762,0,0,143940,INR,2026-08-03T12:24:00Z,BATCH-BLNK-6977
PO_B01_006978,Razorpay Nodal,PAYT-INV-476500 PO_B01_006978,412859,6237,0,0,406622,INR,2026-08-03T03:12:00Z,BATCH-PAYT-6978
PO_B01_006979,BillDesk Settlement,UBER-ORD-505837 UBER-ORD-161048 BATCH-UBER-6979,55938,1118,0,0,54820,INR,2026-08-03T12:26:00Z,BATCH-UBER-6979
PO_B01_006980,Stripe India,NYKA-ORD-726574 NYKA-ORD-788613 BATCH-NYKA-6980,389324,7786,0,0,381538,INR,2026-08-03T05:05:00Z,BATCH-NYKA-6980
PO_B01_006981,BillDesk Settlement,AMZN-ORD-185275 AMZN-ORD-883524 AMZN-ORD-377937 BATCH-AMZN-6981,332396,6647,0,0,325749,INR,2026-08-03T18:54:00Z,BATCH-AMZN-6981
PO_B01_006982,Stripe India,ZOMA-ORD-950984 ZOMA-ORD-383632 BATCH-ZOMA-6982,271738,5434,0,0,266304,INR,2026-08-03T12:15:00Z,BATCH-ZOMA-6982
PO_B01_006983,BillDesk Settlement,JIOO-INV-789394 PO_B01_006983,207026,3751,0,0,203275,INR,2026-08-03T18:49:00Z,BATCH-JIOO-6983
PO_B01_006984,BillDesk Settlement,SWIG-ORD-801246 SWIG-ORD-774843 BATCH-SWIG-6984,313701,6274,0,0,307427,INR,2026-08-03T20:04:00Z,BATCH-SWIG-6984
PO_B01_006985,Cashfree Escrow,PAYT-INV-402042 PO_B01_006985,229798,5130,0,0,224668,INR,2026-08-03T09:28:00Z,BATCH-PAYT-6985
PO_B01_006986,PayU Enterprise,NYKA-INV-938502 PO_B01_006986,340541,6346,0,0,334195,INR,2026-08-03T13:27:00Z,BATCH-NYKA-6986
PO_B01_006987,Razorpay Nodal,JIOO-INV-199420 PO_B01_006987,342746,6194,0,0,336552,INR,2026-08-02T20:50:00Z,BATCH-JIOO-6987
PO_B01_006988,Stripe India,FLPK-INV-238751 PO_B01_006988,201230,3737,0,0,197493,INR,2026-08-02T19:00:00Z,BATCH-FLPK-6988
PO_B01_006989,Cashfree Escrow,MMTR-ORD-708422 MMTR-ORD-548507 MMTR-ORD-709627 BATCH-MMTR-6989,264875,5297,0,0,259578,INR,2026-08-03T15:27:00Z,BATCH-MMTR-6989
PO_B01_006990,Stripe India,BKMS-INV-186678 PO_B01_006990,120436,2750,0,0,117686,INR,2026-08-03T17:00:00Z,BATCH-BKMS-6990
PO_B01_006991,BillDesk Settlement,NYKA-INV-313480 PO_B01_006991,445104,8987,0,0,436117,INR,2026-08-03T09:02:00Z,BATCH-NYKA-6991
PO_B01_006992,PayU Enterprise,OLAA-INV-721758 PO_B01_006992,370445,7939,0,0,362506,INR,2026-08-02T17:57:00Z,BATCH-OLAA-6992
PO_B01_006993,Stripe India,JIOO-ORD-711799 JIOO-ORD-722973 BATCH-JIOO-6993,309773,6195,0,0,303578,INR,2026-08-03T12:52:00Z,BATCH-JIOO-6993
PO_B01_006994,Razorpay Nodal,MYNT-INV-191280 PO_B01_006994,413018,8207,0,0,404811,INR,2026-08-02T16:59:00Z,BATCH-MYNT-6994
PO_B01_006995,Razorpay Nodal,MYNT-INV-683234 PO_B01_006995,172029,3435,0,0,168594,INR,2026-08-03T09:39:00Z,BATCH-MYNT-6995
PO_B01_006996,Cashfree Escrow,MYNT-INV-143383 PO_B01_006996,389311,8790,0,0,380521,INR,2026-08-03T04:06:00Z,BATCH-MYNT-6996
PO_B01_006997,PayU Enterprise,PHNP-ORD-544292 PHNP-ORD-700498 BATCH-PHNP-6997,230093,4601,0,0,225492,INR,2026-08-03T13:42:00Z,BATCH-PHNP-6997
PO_B01_006998,PayU Enterprise,BLNK-ORD-954322 BLNK-ORD-882276 BLNK-ORD-380193 BATCH-BLNK-6998,592586,11851,0,0,580735,INR,2026-08-02T22:47:00Z,BATCH-BLNK-6998
PO_B01_006999,PayU Enterprise,BKMS-INV-755975 PO_B01_006999,369155,5612,0,0,363543,INR,2026-08-03T05:16:00Z,BATCH-BKMS-6999
PO_B01_007000,Cashfree Escrow,UBER-INV-283423 PO_B01_007000,313221,6228,0,0,306993,INR,2026-08-03T22:00:00Z,BATCH-UBER-7000
PO_B01_007001,Stripe India,BLNK-INV-479398 PO_B01_007001,344284,5316,0,0,338968,INR,2026-08-03T07:00:00Z,BATCH-BLNK-7001
PO_B01_007002,Stripe India,BLNK-INV-391974 PO_B01_007002,198738,4815,0,0,193923,INR,2026-08-03T00:15:00Z,BATCH-BLNK-7002
PO_B01_007003,PayU Enterprise,SWIG-INV-505228 PO_B01_007003,399229,8198,0,0,391031,INR,2026-08-03T14:46:00Z,BATCH-SWIG-7003
PO_B01_007004,BillDesk Settlement,PAYT-INV-848074 PO_B01_007004,212951,4964,0,0,207987,INR,2026-08-02T21:37:00Z,BATCH-PAYT-7004
PO_B01_007005,PayU Enterprise,NYKA-INV-656263 PO_B01_007005,429828,10078,0,0,419750,INR,2026-08-03T16:51:00Z,BATCH-NYKA-7005
PO_B01_007006,PayU Enterprise,BKMS-INV-510778 PO_B01_007006,197164,3242,0,0,193922,INR,2026-08-02T19:11:00Z,BATCH-BKMS-7006
PO_B01_007007,Stripe India,AMZN-ORD-700233 AMZN-ORD-249319 BATCH-AMZN-7007,288692,5773,0,0,282919,INR,2026-08-03T11:40:00Z,BATCH-AMZN-7007
PO_B01_007008,Razorpay Nodal,PHNP-ORD-749191 PHNP-ORD-167562 BATCH-PHNP-7008,115750,2315,0,0,113435,INR,2026-08-03T05:57:00Z,BATCH-PHNP-7008
PO_B01_007009,BillDesk Settlement,FLPK-INV-631094 PO_B01_007009,32473,536,0,0,31937,INR,2026-08-02T23:40:00Z,BATCH-FLPK-7009
PO_B01_007010,Stripe India,ZOMA-INV-752723 PO_B01_007010,447666,8535,0,0,439131,INR,2026-08-03T15:43:00Z,BATCH-ZOMA-7010
PO_B01_007011,Cashfree Escrow,PHNP-ORD-552151 PHNP-ORD-800631 BATCH-PHNP-7011,270220,5404,0,0,264816,INR,2026-08-03T04:35:00Z,BATCH-PHNP-7011
PO_B01_007012,PayU Enterprise,PAYT-INV-842294 PO_B01_007012,293849,5504,0,0,288345,INR,2026-08-03T03:38:00Z,BATCH-PAYT-7012
PO_B01_007013,BillDesk Settlement,TATA-INV-452805 PO_B01_007013,427900,7890,0,0,420010,INR,2026-08-03T02:43:00Z,BATCH-TATA-7013
PO_B01_007014,PayU Enterprise,MMTR-ORD-430190 MMTR-ORD-507702 BATCH-MMTR-7014,265726,5314,0,0,260412,INR,2026-08-03T13:29:00Z,BATCH-MMTR-7014
PO_B01_007015,Razorpay Nodal,BLNK-INV-335892 PO_B01_007015,133277,2200,0,0,131077,INR,2026-08-03T08:51:00Z,BATCH-BLNK-7015
PO_B01_007016,Stripe India,MYNT-INV-430482 PO_B01_007016,66938,1618,0,0,65320,INR,2026-08-03T07:23:00Z,BATCH-MYNT-7016
PO_B01_007017,BillDesk Settlement,UBER-INV-446867 PO_B01_007017,203732,3762,0,0,199970,INR,2026-08-02T17:16:00Z,BATCH-UBER-7017
PO_B01_007018,Cashfree Escrow,TATA-INV-927193 PO_B01_007018,107019,1848,0,0,105171,INR,2026-08-03T00:00:00Z,BATCH-TATA-7018
PO_B01_007019,Cashfree Escrow,OLAA-INV-928304 PO_B01_007019,82989,1649,0,0,81340,INR,2026-08-03T14:14:00Z,BATCH-OLAA-7019
PO_B01_007020,PayU Enterprise,BKMS-INV-879386 PO_B01_007020,424408,7167,0,0,417241,INR,2026-08-02T21:36:00Z,BATCH-BKMS-7020
PO_B01_007021,Cashfree Escrow,AMZN-ORD-471187 AMZN-ORD-502950 AMZN-ORD-880243 BATCH-AMZN-7021,605607,12112,0,0,593495,INR,2026-08-03T15:47:00Z,BATCH-AMZN-7021
PO_B01_007022,Stripe India,MYNT-INV-232814 PO_B01_007022,316617,7164,0,0,309453,INR,2026-08-03T01:54:00Z,BATCH-MYNT-7022
PO_B01_007023,Stripe India,BBAS-INV-455921 PO_B01_007023,40292,841,0,0,39451,INR,2026-08-02T23:19:00Z,BATCH-BBAS-7023
PO_B01_007024,Razorpay Nodal,ZOMA-ORD-571392 ZOMA-ORD-314925 BATCH-ZOMA-7024,361221,7224,0,0,353997,INR,2026-08-03T20:36:00Z,BATCH-ZOMA-7024
PO_B01_007025,PayU Enterprise,PAYT-ORD-851421 PAYT-ORD-900710 BATCH-PAYT-7025,162739,3254,0,0,159485,INR,2026-08-03T01:11:00Z,BATCH-PAYT-7025
PO_B01_007026,Cashfree Escrow,MMTR-ORD-915091 MMTR-ORD-127884 MMTR-ORD-293795 BATCH-MMTR-7026,222830,4456,0,0,218374,INR,2026-08-03T03:19:00Z,BATCH-MMTR-7026
PO_B01_007027,PayU Enterprise,MMTR-INV-273290 PO_B01_007027,54063,982,0,0,53081,INR,2026-08-03T05:17:00Z,BATCH-MMTR-7027
PO_B01_007028,BillDesk Settlement,BBAS-ORD-789974 BBAS-ORD-575438 BATCH-BBAS-7028,100392,2007,0,0,98385,INR,2026-08-03T16:55:00Z,BATCH-BBAS-7028
PO_B01_007029,Stripe India,PHNP-INV-793450 PO_B01_007029,218192,4723,0,0,213469,INR,2026-08-02T19:35:00Z,BATCH-PHNP-7029
PO_B01_007030,Stripe India,TATA-INV-717284 PO_B01_007030,142913,2462,0,0,140451,INR,2026-08-03T22:05:00Z,BATCH-TATA-7030
PO_B01_007031,Stripe India,UBER-INV-157379 PO_B01_007031,445656,8643,0,0,437013,INR,2026-08-03T13:27:00Z,BATCH-UBER-7031
PO_B01_007032,BillDesk Settlement,BBAS-INV-567707 PO_B01_007032,279384,5036,0,0,274348,INR,2026-08-02T19:54:00Z,BATCH-BBAS-7032
PO_B01_007033,Stripe India,BBAS-INV-193872 PO_B01_007033,103409,1601,0,0,101808,INR,2026-08-03T00:13:00Z,BATCH-BBAS-7033
PO_B01_007034,PayU Enterprise,NYKA-ORD-318397 NYKA-ORD-887706 NYKA-ORD-825783 BATCH-NYKA-7034,281515,5630,0,0,275885,INR,2026-08-03T05:44:00Z,BATCH-NYKA-7034
PO_B01_007035,PayU Enterprise,FLPK-ORD-375681 FLPK-ORD-158585 FLPK-ORD-359052 BATCH-FLPK-7035,201187,4023,0,0,197164,INR,2026-08-03T14:06:00Z,BATCH-FLPK-7035
PO_B01_007036,BillDesk Settlement,BLNK-INV-781200 PO_B01_007036,410282,7546,0,0,402736,INR,2026-08-02T20:20:00Z,BATCH-BLNK-7036
PO_B01_007037,Cashfree Escrow,ZOMA-ORD-727439 ZOMA-ORD-984028 BATCH-ZOMA-7037,281790,5635,0,0,276155,INR,2026-08-03T13:28:00Z,BATCH-ZOMA-7037
PO_B01_007038,Cashfree Escrow,JIOO-ORD-591834 JIOO-ORD-353008 BATCH-JIOO-7038,303542,6070,0,0,297472,INR,2026-08-03T10:33:00Z,BATCH-JIOO-7038
PO_B01_007039,Stripe India,JIOO-INV-607423 PO_B01_007039,381744,7122,0,0,374622,INR,2026-08-03T08:49:00Z,BATCH-JIOO-7039
PO_B01_007040,BillDesk Settlement,JIOO-INV-376606 PO_B01_007040,232690,4976,0,0,227714,INR,2026-08-03T04:31:00Z,BATCH-JIOO-7040
PO_B01_007041,Cashfree Escrow,BKMS-ORD-707787 BKMS-ORD-862068 BATCH-BKMS-7041,351704,7034,0,0,344670,INR,2026-08-03T02:34:00Z,BATCH-BKMS-7041
PO_B01_007042,BillDesk Settlement,TATA-INV-604665 PO_B01_007042,100420,1637,0,0,98783,INR,2026-08-03T14:10:00Z,BATCH-TATA-7042
PO_B01_007043,PayU Enterprise,UBER-INV-534484 PO_B01_007043,377877,8915,0,0,368962,INR,2026-08-02T23:59:00Z,BATCH-UBER-7043
PO_B01_007044,Razorpay Nodal,MYNT-INV-975512 PO_B01_007044,305894,4841,0,0,301053,INR,2026-08-03T04:30:00Z,BATCH-MYNT-7044
PO_B01_007045,BillDesk Settlement,BKMS-INV-924894 PO_B01_007045,421208,9643,0,0,411565,INR,2026-08-03T18:03:00Z,BATCH-BKMS-7045
PO_B01_007046,Stripe India,TATA-INV-449199 PO_B01_007046,232682,4303,0,0,228379,INR,2026-08-02T16:30:00Z,BATCH-TATA-7046
PO_B01_007047,PayU Enterprise,PAYT-INV-982886 PO_B01_007047,156422,3160,0,0,153262,INR,2026-08-03T18:03:00Z,BATCH-PAYT-7047
PO_B01_007048,Razorpay Nodal,BKMS-INV-662510 PO_B01_007048,171807,3621,0,0,168186,INR,2026-08-03T15:46:00Z,BATCH-BKMS-7048
PO_B01_007049,PayU Enterprise,MYNT-ORD-981157 MYNT-ORD-656022 BATCH-MYNT-7049,306916,6138,0,0,300778,INR,2026-08-03T13:13:00Z,BATCH-MYNT-7049
PO_B01_007050,BillDesk Settlement,FLPK-INV-744859 PO_B01_007050,61410,1492,0,0,59918,INR,2026-08-02T18:16:00Z,BATCH-FLPK-7050
PO_B01_007051,Cashfree Escrow,TATA-ORD-426035 TATA-ORD-644899 BATCH-TATA-7051,237940,4758,0,0,233182,INR,2026-08-03T01:33:00Z,BATCH-TATA-7051
PO_B01_007052,BillDesk Settlement,UBER-INV-124642 PO_B01_007052,306630,7627,0,0,299003,INR,2026-08-03T10:20:00Z,BATCH-UBER-7052
PO_B01_007053,Razorpay Nodal,MMTR-INV-910140 PO_B01_007053,437488,10650,0,0,426838,INR,2026-08-03T06:42:00Z,BATCH-MMTR-7053
PO_B01_007054,Cashfree Escrow,BBAS-ORD-556168 BBAS-ORD-184751 BBAS-ORD-893243 BATCH-BBAS-7054,340732,6814,0,0,333918,INR,2026-08-03T00:05:00Z,BATCH-BBAS-7054
PO_B01_007055,Cashfree Escrow,OLAA-ORD-544875 OLAA-ORD-722339 BATCH-OLAA-7055,313666,6273,0,0,307393,INR,2026-08-03T10:10:00Z,BATCH-OLAA-7055
PO_B01_007056,PayU Enterprise,BKMS-INV-842119 PO_B01_007056,234339,5359,0,0,228980,INR,2026-08-03T10:23:00Z,BATCH-BKMS-7056
PO_B01_007057,Razorpay Nodal,TATA-INV-850252 PO_B01_007057,270486,4075,0,0,266411,INR,2026-08-03T06:01:00Z,BATCH-TATA-7057
PO_B01_007058,Cashfree Escrow,NYKA-ORD-191483 NYKA-ORD-521070 BATCH-NYKA-7058,263669,5273,0,0,258396,INR,2026-08-02T23:23:00Z,BATCH-NYKA-7058
PO_B01_007059,Stripe India,FLPK-INV-249492 PO_B01_007059,132884,2932,0,0,129952,INR,2026-08-03T02:02:00Z,BATCH-FLPK-7059
PO_B01_007060,Razorpay Nodal,BLNK-ORD-393903 BLNK-ORD-218493 BLNK-ORD-108803 BATCH-BLNK-7060,605246,12104,0,0,593142,INR,2026-08-03T08:13:00Z,BATCH-BLNK-7060
PO_B01_007061,Razorpay Nodal,SWIG-INV-665475 PO_B01_007061,86933,2035,0,0,84898,INR,2026-08-03T20:40:00Z,BATCH-SWIG-7061
PO_B01_007062,Stripe India,NYKA-INV-728648 PO_B01_007062,62703,1480,0,0,61223,INR,2026-08-03T01:34:00Z,BATCH-NYKA-7062
PO_B01_007063,Razorpay Nodal,AMZN-ORD-898691 AMZN-ORD-720971 BATCH-AMZN-7063,196613,3932,0,0,192681,INR,2026-08-03T03:52:00Z,BATCH-AMZN-7063
PO_B01_007064,PayU Enterprise,NYKA-INV-416240 PO_B01_007064,245843,5903,0,0,239940,INR,2026-08-03T12:59:00Z,BATCH-NYKA-7064
PO_B01_007065,Stripe India,PHNP-INV-948297 PO_B01_007065,132334,3189,0,0,129145,INR,2026-08-03T00:57:00Z,BATCH-PHNP-7065
PO_B01_007066,BillDesk Settlement,JIOO-INV-380639 PO_B01_007066,64207,1065,0,0,63142,INR,2026-08-03T13:37:00Z,BATCH-JIOO-7066
PO_B01_007067,PayU Enterprise,MYNT-EXC-652722-UNRESOLVED,297288,5935,0,0,291353,INR,2026-08-03T19:41:00Z,HOLD-ESCROW
PO_B01_007068,BillDesk Settlement,BKMS-INV-852679 PO_B01_007068,285129,5721,0,0,279408,INR,2026-08-03T14:46:00Z,BATCH-BKMS-7068
PO_B01_007069,BillDesk Settlement,BKMS-INV-128714 PO_B01_007069,368187,8542,0,0,359645,INR,2026-08-03T09:19:00Z,BATCH-BKMS-7069
PO_B01_007070,Razorpay Nodal,AMZN-INV-955425 PO_B01_007070,90619,1900,0,0,88719,INR,2026-08-02T23:31:00Z,BATCH-AMZN-7070
PO_B01_007071,BillDesk Settlement,FLPK-ORD-431491 FLPK-ORD-773777 BATCH-FLPK-7071,181423,3628,0,0,177795,INR,2026-08-03T15:24:00Z,BATCH-FLPK-7071
PO_B01_007072,BillDesk Settlement,BBAS-INV-259645 PO_B01_007072,441416,10912,0,0,430504,INR,2026-08-03T17:23:00Z,BATCH-BBAS-7072
PO_B01_007073,Stripe India,BBAS-INV-275529 PO_B01_007073,39380,707,0,0,38673,INR,2026-08-03T11:12:00Z,BATCH-BBAS-7073
PO_B01_007074,Stripe India,SWIG-EXC-842291-UNRESOLVED,289938,5788,0,0,284150,INR,2026-08-03T22:33:00Z,HOLD-ESCROW
PO_B01_007075,Cashfree Escrow,PHNP-INV-499727 PO_B01_007075,83064,1540,0,0,81524,INR,2026-08-03T02:51:00Z,BATCH-PHNP-7075
PO_B01_007076,BillDesk Settlement,BKMS-EXC-942146-UNRESOLVED,112349,2236,0,0,110113,INR,2026-08-04T01:19:00Z,HOLD-ESCROW
PO_B01_007077,BillDesk Settlement,TATA-INV-897221 PO_B01_007077,49868,1036,0,0,48832,INR,2026-08-02T20:12:00Z,BATCH-TATA-7077
PO_B01_007078,BillDesk Settlement,MYNT-INV-993699 PO_B01_007078,336707,8009,0,0,328698,INR,2026-08-03T02:59:00Z,BATCH-MYNT-7078
PO_B01_007079,Cashfree Escrow,BLNK-INV-444784 PO_B01_007079,59499,1394,0,0,58105,INR,2026-08-03T08:14:00Z,BATCH-BLNK-7079
PO_B01_007080,BillDesk Settlement,FLPK-INV-863528 PO_B01_007080,32058,706,0,0,31352,INR,2026-08-03T19:20:00Z,BATCH-FLPK-7080
PO_B01_007081,Stripe India,ZOMA-INV-870670 PO_B01_007081,408271,7986,0,0,400285,INR,2026-08-02T21:24:00Z,BATCH-ZOMA-7081
PO_B01_007082,Razorpay Nodal,BBAS-ORD-744819 BBAS-ORD-504070 BATCH-BBAS-7082,263722,5274,0,0,258448,INR,2026-08-03T20:35:00Z,BATCH-BBAS-7082
PO_B01_007083,PayU Enterprise,BBAS-INV-581192 PO_B01_007083,436580,8675,0,0,427905,INR,2026-08-03T10:44:00Z,BATCH-BBAS-7083
PO_B01_007084,Razorpay Nodal,MYNT-EXC-951118-UNRESOLVED,138296,2755,0,0,135541,INR,2026-08-03T14:25:00Z,HOLD-ESCROW
PO_B01_007085,Cashfree Escrow,MYNT-INV-760099 PO_B01_007085,70803,1419,0,0,69384,INR,2026-08-03T14:08:00Z,BATCH-MYNT-7085
PO_B01_007086,Stripe India,JIOO-ORD-468833 JIOO-ORD-461293 BATCH-JIOO-7086,246867,4937,0,0,241930,INR,2026-08-03T09:53:00Z,BATCH-JIOO-7086
PO_B01_007087,PayU Enterprise,OLAA-ORD-793128 OLAA-ORD-996291 BATCH-OLAA-7087,226018,4520,0,0,221498,INR,2026-08-03T16:39:00Z,BATCH-OLAA-7087
PO_B01_007088,Cashfree Escrow,MYNT-INV-456921 PO_B01_007088,90197,1782,0,0,88415,INR,2026-08-03T04:37:00Z,BATCH-MYNT-7088
PO_B01_007089,Cashfree Escrow,OLAA-INV-661010 PO_B01_007089,428290,7409,0,0,420881,INR,2026-08-03T14:41:00Z,BATCH-OLAA-7089
PO_B01_007090,PayU Enterprise,BLNK-ORD-154477 BLNK-ORD-590119 BATCH-BLNK-7090,289663,5793,0,0,283870,INR,2026-08-03T02:59:00Z,BATCH-BLNK-7090
PO_B01_007091,Razorpay Nodal,MMTR-INV-230356 PO_B01_007091,205239,3481,0,0,201758,INR,2026-08-03T10:45:00Z,BATCH-MMTR-7091
PO_B01_007092,Razorpay Nodal,TATA-INV-197787 PO_B01_007092,49212,1012,0,0,48200,INR,2026-08-03T21:48:00Z,BATCH-TATA-7092
PO_B01_007093,Razorpay Nodal,BBAS-INV-164489 PO_B01_007093,194109,3139,0,0,190970,INR,2026-08-03T19:05:00Z,BATCH-BBAS-7093
PO_B01_007094,Razorpay Nodal,ZOMA-INV-338538 PO_B01_007094,194063,4134,0,0,189929,INR,2026-08-03T17:26:00Z,BATCH-ZOMA-7094
PO_B01_007095,BillDesk Settlement,TATA-INV-244253 PO_B01_007095,292409,6367,0,0,286042,INR,2026-08-03T03:42:00Z,BATCH-TATA-7095
PO_B01_007096,BillDesk Settlement,SWIG-ORD-172912 SWIG-ORD-486760 BATCH-SWIG-7096,52369,1047,0,0,51322,INR,2026-08-03T11:09:00Z,BATCH-SWIG-7096
PO_B01_007097,Razorpay Nodal,PHNP-INV-587485 PO_B01_007097,220031,4946,0,0,215085,INR,2026-08-03T05:21:00Z,BATCH-PHNP-7097
PO_B01_007098,Razorpay Nodal,PHNP-ORD-658519 PHNP-ORD-136321 BATCH-PHNP-7098,320284,6405,0,0,313879,INR,2026-08-03T18:40:00Z,BATCH-PHNP-7098
PO_B01_007099,PayU Enterprise,BKMS-ORD-854909 BKMS-ORD-251491 BATCH-BKMS-7099,279716,5594,0,0,274122,INR,2026-08-03T01:03:00Z,BATCH-BKMS-7099
PO_B01_007100,Cashfree Escrow,JIOO-ORD-681817 JIOO-ORD-426326 BATCH-JIOO-7100,333973,6679,0,0,327294,INR,2026-08-03T19:48:00Z,BATCH-JIOO-7100
PO_B01_007101,BillDesk Settlement,NYKA-INV-645968 PO_B01_007101,361023,6186,0,0,354837,INR,2026-08-03T17:52:00Z,BATCH-NYKA-7101
PO_B01_007102,Cashfree Escrow,FLPK-ORD-269565 FLPK-ORD-191958 FLPK-ORD-285488 BATCH-FLPK-7102,404174,8083,0,0,396091,INR,2026-08-03T16:32:00Z,BATCH-FLPK-7102
PO_B01_007103,Cashfree Escrow,UBER-INV-669026 PO_B01_007103,140729,3300,0,0,137429,INR,2026-08-03T15:18:00Z,BATCH-UBER-7103
PO_B01_007104,Stripe India,ZOMA-INV-628291 PO_B01_007104,351624,5741,0,0,345883,INR,2026-08-03T12:59:00Z,BATCH-ZOMA-7104
PO_B01_007105,Stripe India,ZOMA-INV-857459 PO_B01_007105,82559,1532,0,0,81027,INR,2026-08-03T05:35:00Z,BATCH-ZOMA-7105
PO_B01_007106,Cashfree Escrow,BLNK-ORD-330401 BLNK-ORD-549519 BATCH-BLNK-7106,204148,4082,0,0,200066,INR,2026-08-03T12:01:00Z,BATCH-BLNK-7106
PO_B01_007107,Razorpay Nodal,ZOMA-INV-532708 PO_B01_007107,63053,1343,0,0,61710,INR,2026-08-03T08:05:00Z,BATCH-ZOMA-7107
PO_B01_007108,BillDesk Settlement,NYKA-INV-324373 PO_B01_007108,231953,5252,0,0,226701,INR,2026-08-03T12:02:00Z,BATCH-NYKA-7108
PO_B01_007109,Razorpay Nodal,JIOO-ORD-820285 JIOO-ORD-716787 BATCH-JIOO-7109,318569,6371,0,0,312198,INR,2026-08-03T09:47:00Z,BATCH-JIOO-7109
PO_B01_007110,Razorpay Nodal,PHNP-INV-736129 PO_B01_007110,437570,7909,0,0,429661,INR,2026-08-03T13:12:00Z,BATCH-PHNP-7110
PO_B01_007111,BillDesk Settlement,ZOMA-INV-854103 PO_B01_007111,444670,6830,0,0,437840,INR,2026-08-03T14:01:00Z,BATCH-ZOMA-7111
PO_B01_007112,Cashfree Escrow,TATA-INV-553302 PO_B01_007112,192820,3885,0,0,188935,INR,2026-08-03T12:22:00Z,BATCH-TATA-7112
PO_B01_007113,Cashfree Escrow,MMTR-INV-768956 PO_B01_007113,144427,2713,0,0,141714,INR,2026-08-02T17:21:00Z,BATCH-MMTR-7113
PO_B01_007114,BillDesk Settlement,PHNP-INV-454167 PO_B01_007114,394744,7613,0,0,387131,INR,2026-08-03T01:40:00Z,BATCH-PHNP-7114
PO_B01_007115,BillDesk Settlement,JIOO-EXC-480638-UNRESOLVED,153502,3060,0,0,150442,INR,2026-08-03T11:21:00Z,HOLD-ESCROW
PO_B01_007116,PayU Enterprise,UBER-INV-851889 PO_B01_007116,146478,2931,0,0,143547,INR,2026-08-03T03:00:00Z,BATCH-UBER-7116
PO_B01_007117,Cashfree Escrow,BBAS-ORD-405060 BBAS-ORD-125668 BATCH-BBAS-7117,239940,4798,0,0,235142,INR,2026-08-03T08:01:00Z,BATCH-BBAS-7117
PO_B01_007118,BillDesk Settlement,OLAA-INV-156490 PO_B01_007118,153212,2371,0,0,150841,INR,2026-08-03T15:50:00Z,BATCH-OLAA-7118
PO_B01_007119,Razorpay Nodal,MYNT-INV-417043 PO_B01_007119,414596,8265,0,0,406331,INR,2026-08-03T08:33:00Z,BATCH-MYNT-7119
PO_B01_007120,Cashfree Escrow,OLAA-ORD-204797 OLAA-ORD-757524 BATCH-OLAA-7120,225366,4507,0,0,220859,INR,2026-08-03T14:13:00Z,BATCH-OLAA-7120
PO_B01_007121,Razorpay Nodal,PAYT-ORD-295219 PAYT-ORD-709220 PAYT-ORD-188077 BATCH-PAYT-7121,306367,6127,0,0,300240,INR,2026-08-03T09:45:00Z,BATCH-PAYT-7121
PO_B01_007122,Razorpay Nodal,FLPK-INV-302243 PO_B01_007122,391908,9658,0,0,382250,INR,2026-08-03T14:45:00Z,BATCH-FLPK-7122
PO_B01_007123,PayU Enterprise,AMZN-INV-221232 PO_B01_007123,429731,8294,0,0,421437,INR,2026-08-03T21:13:00Z,BATCH-AMZN-7123
PO_B01_007124,Cashfree Escrow,TATA-INV-949828 PO_B01_007124,114278,2831,0,0,111447,INR,2026-08-03T20:48:00Z,BATCH-TATA-7124
PO_B01_007125,Stripe India,UBER-INV-571141 PO_B01_007125,199200,3853,0,0,195347,INR,2026-08-03T10:39:00Z,BATCH-UBER-7125
PO_B01_007126,PayU Enterprise,NYKA-INV-157089 PO_B01_007126,421252,7557,0,0,413695,INR,2026-08-03T13:17:00Z,BATCH-NYKA-7126
PO_B01_007127,Razorpay Nodal,UBER-INV-104304 PO_B01_007127,161847,3152,0,0,158695,INR,2026-08-03T12:48:00Z,BATCH-UBER-7127
PO_B01_007128,Cashfree Escrow,BLNK-ORD-496214 BLNK-ORD-104773 BLNK-ORD-636466 BATCH-BLNK-7128,307031,6140,0,0,300891,INR,2026-08-03T12:57:00Z,BATCH-BLNK-7128
PO_B01_007129,Razorpay Nodal,NYKA-INV-390987 PO_B01_007129,167794,4156,0,0,163638,INR,2026-08-03T10:55:00Z,BATCH-NYKA-7129
PO_B01_007130,BillDesk Settlement,PAYT-INV-926725 PO_B01_007130,303621,6580,0,0,297041,INR,2026-08-04T00:21:00Z,BATCH-PAYT-7130
PO_B01_007131,Razorpay Nodal,TATA-INV-699307 PO_B01_007131,32093,704,0,0,31389,INR,2026-08-03T14:08:00Z,BATCH-TATA-7131
PO_B01_007132,Razorpay Nodal,MMTR-INV-825667 PO_B01_007132,235313,3671,0,0,231642,INR,2026-08-03T02:25:00Z,BATCH-MMTR-7132
PO_B01_007133,Stripe India,MYNT-INV-956852 PO_B01_007133,403348,7487,0,0,395861,INR,2026-08-03T19:14:00Z,BATCH-MYNT-7133
PO_B01_007134,Razorpay Nodal,NYKA-INV-524777 PO_B01_007134,236557,4537,0,0,232020,INR,2026-08-03T16:16:00Z,BATCH-NYKA-7134
PO_B01_007135,BillDesk Settlement,BLNK-INV-434907 PO_B01_007135,434033,8774,0,0,425259,INR,2026-08-02T22:40:00Z,BATCH-BLNK-7135
PO_B01_007136,BillDesk Settlement,ZOMA-INV-400218 PO_B01_007136,40958,863,0,0,40095,INR,2026-08-03T12:18:00Z,BATCH-ZOMA-7136
PO_B01_007137,Razorpay Nodal,MYNT-INV-925476 PO_B01_007137,189037,3203,0,0,185834,INR,2026-08-02T21:49:00Z,BATCH-MYNT-7137
PO_B01_007138,Stripe India,SWIG-ORD-914949 SWIG-ORD-460576 BATCH-SWIG-7138,408659,8173,0,0,400486,INR,2026-08-03T00:43:00Z,BATCH-SWIG-7138
PO_B01_007139,Stripe India,MYNT-INV-336391 PO_B01_007139,440902,9292,0,0,431610,INR,2026-08-03T18:56:00Z,BATCH-MYNT-7139
PO_B01_007140,BillDesk Settlement,PAYT-ORD-594984 PAYT-ORD-632401 BATCH-PAYT-7140,239695,4793,0,0,234902,INR,2026-08-03T03:59:00Z,BATCH-PAYT-7140
PO_B01_007141,Razorpay Nodal,NYKA-INV-965947 PO_B01_007141,282246,5306,0,0,276940,INR,2026-08-03T00:22:00Z,BATCH-NYKA-7141
PO_B01_007142,Cashfree Escrow,NYKA-INV-525349 PO_B01_007142,224805,5359,0,0,219446,INR,2026-08-03T21:39:00Z,BATCH-NYKA-7142
PO_B01_007143,Stripe India,MMTR-EXC-347641-UNRESOLVED,108476,2159,0,0,106317,INR,2026-08-03T20:12:00Z,HOLD-ESCROW
PO_B01_007144,Stripe India,MYNT-ORD-255982 MYNT-ORD-270989 BATCH-MYNT-7144,216646,4332,0,0,212314,INR,2026-08-03T15:46:00Z,BATCH-MYNT-7144
PO_B01_007145,Stripe India,TATA-INV-953785 PO_B01_007145,195263,4267,0,0,190996,INR,2026-08-03T12:45:00Z,BATCH-TATA-7145
PO_B01_007146,Stripe India,TATA-INV-429701 PO_B01_007146,51465,984,0,0,50481,INR,2026-08-03T11:44:00Z,BATCH-TATA-7146
PO_B01_007147,PayU Enterprise,BBAS-INV-402307 PO_B01_007147,350258,7780,0,0,342478,INR,2026-08-03T01:21:00Z,BATCH-BBAS-7147
PO_B01_007148,Stripe India,ZOMA-ORD-229651 ZOMA-ORD-399908 ZOMA-ORD-782913 BATCH-ZOMA-7148,416606,8332,0,0,408274,INR,2026-08-02T23:39:00Z,BATCH-ZOMA-7148
PO_B01_007149,BillDesk Settlement,UBER-INV-933266 PO_B01_007149,56914,900,0,0,56014,INR,2026-08-02T14:05:00Z,BATCH-UBER-7149
PO_B01_007150,Cashfree Escrow,PHNP-ORD-899379 PHNP-ORD-253436 BATCH-PHNP-7150,121802,2436,0,0,119366,INR,2026-08-03T07:15:00Z,BATCH-PHNP-7150
PO_B01_007151,BillDesk Settlement,FLPK-INV-380271 PO_B01_007151,68809,1230,0,0,67579,INR,2026-08-03T13:12:00Z,BATCH-FLPK-7151
PO_B01_007152,Stripe India,MMTR-ORD-869458 MMTR-ORD-240259 BATCH-MMTR-7152,307137,6142,0,0,300995,INR,2026-08-03T07:41:00Z,BATCH-MMTR-7152
PO_B01_007153,BillDesk Settlement,PHNP-INV-880720 PO_B01_007153,445579,10238,0,0,435341,INR,2026-08-03T10:38:00Z,BATCH-PHNP-7153
PO_B01_007154,Razorpay Nodal,MYNT-ORD-316992 MYNT-ORD-722775 BATCH-MYNT-7154,243585,4871,0,0,238714,INR,2026-08-03T09:42:00Z,BATCH-MYNT-7154
PO_B01_007155,Cashfree Escrow,MYNT-ORD-737973 MYNT-ORD-829270 BATCH-MYNT-7155,180381,3607,0,0,176774,INR,2026-08-03T12:58:00Z,BATCH-MYNT-7155
PO_B01_007156,Cashfree Escrow,FLPK-INV-559529 PO_B01_007156,168609,3107,0,0,165502,INR,2026-08-03T22:37:00Z,BATCH-FLPK-7156
PO_B01_007157,Stripe India,AMZN-INV-649574 PO_B01_007157,280065,6526,0,0,273539,INR,2026-08-03T02:53:00Z,BATCH-AMZN-7157
PO_B01_007158,Cashfree Escrow,ZOMA-ORD-920819 ZOMA-ORD-543713 ZOMA-ORD-488587 BATCH-ZOMA-7158,386985,7739,0,0,379246,INR,2026-08-02T22:11:00Z,BATCH-ZOMA-7158
PO_B01_007159,Stripe India,BBAS-INV-385532 PO_B01_007159,144200,3039,0,0,141161,INR,2026-08-03T12:26:00Z,BATCH-BBAS-7159
PO_B01_007160,BillDesk Settlement,BBAS-INV-636840 PO_B01_007160,153601,2759,0,0,150842,INR,2026-08-03T20:02:00Z,BATCH-BBAS-7160
PO_B01_007161,Razorpay Nodal,BKMS-ORD-160719 BKMS-ORD-345635 BKMS-ORD-487214 BATCH-BKMS-7161,280593,5611,0,0,274982,INR,2026-08-03T10:32:00Z,BATCH-BKMS-7161
PO_B01_007162,BillDesk Settlement,BLNK-INV-486854 PO_B01_007162,282165,6370,0,0,275795,INR,2026-08-03T22:53:00Z,BATCH-BLNK-7162
PO_B01_007163,BillDesk Settlement,SWIG-INV-905538 PO_B01_007163,239944,5216,0,0,234728,INR,2026-08-02T16:38:00Z,BATCH-SWIG-7163
PO_B01_007164,PayU Enterprise,BBAS-INV-125470 PO_B01_007164,264838,5261,0,0,259577,INR,2026-08-03T22:24:00Z,BATCH-BBAS-7164
PO_B01_007165,Stripe India,ZOMA-INV-624203 PO_B01_007165,32583,621,0,0,31962,INR,2026-08-03T04:42:00Z,BATCH-ZOMA-7165
PO_B01_007166,Stripe India,ZOMA-INV-394333 PO_B01_007166,236814,4093,0,0,232721,INR,2026-08-03T15:43:00Z,BATCH-ZOMA-7166
PO_B01_007167,PayU Enterprise,SWIG-ORD-344293 SWIG-ORD-359261 BATCH-SWIG-7167,442034,8840,0,0,433194,INR,2026-08-03T05:15:00Z,BATCH-SWIG-7167
PO_B01_007168,Cashfree Escrow,UBER-INV-814071 PO_B01_007168,415202,8167,0,0,407035,INR,2026-08-03T16:28:00Z,BATCH-UBER-7168
PO_B01_007169,Razorpay Nodal,MYNT-INV-276194 PO_B01_007169,364212,6008,0,0,358204,INR,2026-08-03T02:06:00Z,BATCH-MYNT-7169
PO_B01_007170,BillDesk Settlement,UBER-INV-822103 PO_B01_007170,159770,2545,0,0,157225,INR,2026-08-03T11:30:00Z,BATCH-UBER-7170
PO_B01_007171,PayU Enterprise,MMTR-ORD-108400 MMTR-ORD-658459 BATCH-MMTR-7171,246724,4934,0,0,241790,INR,2026-08-03T16:08:00Z,BATCH-MMTR-7171
PO_B01_007172,Razorpay Nodal,PAYT-INV-642024 PO_B01_007172,240791,4691,0,0,236100,INR,2026-08-03T06:14:00Z,BATCH-PAYT-7172
PO_B01_007173,BillDesk Settlement,PHNP-ORD-911342 PHNP-ORD-901243 PHNP-ORD-419081 BATCH-PHNP-7173,455555,9111,0,0,446444,INR,2026-08-03T05:24:00Z,BATCH-PHNP-7173
PO_B01_007174,Razorpay Nodal,BKMS-ORD-644123 BKMS-ORD-543015 BKMS-ORD-502930 BATCH-BKMS-7174,312265,6245,0,0,306020,INR,2026-08-03T01:31:00Z,BATCH-BKMS-7174
PO_B01_007175,BillDesk Settlement,MMTR-ORD-331561 MMTR-ORD-129652 BATCH-MMTR-7175,263933,5278,0,0,258655,INR,2026-08-03T18:35:00Z,BATCH-MMTR-7175
PO_B01_007176,PayU Enterprise,ZOMA-INV-403743 PO_B01_007176,217919,3647,0,0,214272,INR,2026-08-03T15:51:00Z,BATCH-ZOMA-7176
PO_B01_007177,Stripe India,PAYT-INV-685493 PO_B01_007177,378621,8484,0,0,370137,INR,2026-08-03T10:00:00Z,BATCH-PAYT-7177
PO_B01_007178,Cashfree Escrow,BKMS-INV-891563 PO_B01_007178,270607,4755,0,0,265852,INR,2026-08-03T00:03:00Z,BATCH-BKMS-7178
PO_B01_007179,Razorpay Nodal,ZOMA-INV-202773 PO_B01_007179,268359,4119,0,0,264240,INR,2026-08-03T20:19:00Z,BATCH-ZOMA-7179
PO_B01_007180,Razorpay Nodal,TATA-INV-739574 PO_B01_007180,114293,2802,0,0,111491,INR,2026-08-03T05:51:00Z,BATCH-TATA-7180
PO_B01_007181,PayU Enterprise,ZOMA-ORD-139785 ZOMA-ORD-306164 ZOMA-ORD-238802 BATCH-ZOMA-7181,324806,6496,0,0,318310,INR,2026-08-03T11:57:00Z,BATCH-ZOMA-7181
PO_B01_007182,Razorpay Nodal,SWIG-INV-433211 PO_B01_007182,337705,7019,0,0,330686,INR,2026-08-03T10:01:00Z,BATCH-SWIG-7182
PO_B01_007183,Stripe India,NYKA-INV-694980 PO_B01_007183,35717,538,0,0,35179,INR,2026-08-02T22:38:00Z,BATCH-NYKA-7183
PO_B01_007184,Stripe India,ZOMA-ORD-958747 ZOMA-ORD-130601 BATCH-ZOMA-7184,124979,2499,0,0,122480,INR,2026-08-03T20:32:00Z,BATCH-ZOMA-7184
PO_B01_007185,PayU Enterprise,BLNK-INV-634521 PO_B01_007185,266817,6468,0,0,260349,INR,2026-08-03T10:02:00Z,BATCH-BLNK-7185
PO_B01_007186,BillDesk Settlement,TATA-INV-334579 PO_B01_007186,85240,1633,0,0,83607,INR,2026-08-03T01:07:00Z,BATCH-TATA-7186
PO_B01_007187,BillDesk Settlement,BLNK-ORD-910586 BLNK-ORD-988551 BLNK-ORD-891329 BATCH-BLNK-7187,288536,5770,0,0,282766,INR,2026-08-03T15:07:00Z,BATCH-BLNK-7187
PO_B01_007188,BillDesk Settlement,BBAS-INV-585334 PO_B01_007188,447672,9778,0,0,437894,INR,2026-08-03T00:53:00Z,BATCH-BBAS-7188
PO_B01_007189,BillDesk Settlement,BKMS-INV-845510 PO_B01_007189,134111,2604,0,0,131507,INR,2026-08-03T07:00:00Z,BATCH-BKMS-7189
PO_B01_007190,PayU Enterprise,BLNK-INV-346848 PO_B01_007190,108972,2613,0,0,106359,INR,2026-08-02T20:49:00Z,BATCH-BLNK-7190
PO_B01_007191,BillDesk Settlement,NYKA-INV-981959 PO_B01_007191,51677,1152,0,0,50525,INR,2026-08-03T12:34:00Z,BATCH-NYKA-7191
PO_B01_007192,BillDesk Settlement,PAYT-INV-707355 PO_B01_007192,412357,8810,0,0,403547,INR,2026-08-03T22:45:00Z,BATCH-PAYT-7192
PO_B01_007193,PayU Enterprise,ZOMA-EXC-621756-UNRESOLVED,170999,3409,0,0,167590,INR,2026-08-03T18:31:00Z,HOLD-ESCROW
PO_B01_007194,PayU Enterprise,AMZN-INV-818929 PO_B01_007194,133992,3205,0,0,130787,INR,2026-08-03T17:09:00Z,BATCH-AMZN-7194
PO_B01_007195,BillDesk Settlement,MMTR-INV-500177 PO_B01_007195,147254,2215,0,0,145039,INR,2026-08-02T21:37:00Z,BATCH-MMTR-7195
PO_B01_007196,Razorpay Nodal,OLAA-INV-171878 PO_B01_007196,147924,2573,0,0,145351,INR,2026-08-03T07:36:00Z,BATCH-OLAA-7196
PO_B01_007197,BillDesk Settlement,SWIG-INV-995944 PO_B01_007197,244732,3713,0,0,241019,INR,2026-08-03T18:40:00Z,BATCH-SWIG-7197
PO_B01_007198,Razorpay Nodal,MYNT-INV-687673 PO_B01_007198,258201,5960,0,0,252241,INR,2026-08-03T08:22:00Z,BATCH-MYNT-7198
PO_B01_007199,Stripe India,AMZN-EXC-844300-UNRESOLVED,107426,2138,0,0,105288,INR,2026-08-03T12:48:00Z,HOLD-ESCROW
PO_B01_007200,Cashfree Escrow,MYNT-INV-316435 PO_B01_007200,119326,1798,0,0,117528,INR,2026-08-03T04:30:00Z,BATCH-MYNT-7200
PO_B01_007201,PayU Enterprise,MYNT-ORD-270145 MYNT-ORD-659819 MYNT-ORD-176395 BATCH-MYNT-7201,427470,8549,0,0,418921,INR,2026-08-03T03:03:00Z,BATCH-MYNT-7201
PO_B01_007202,Razorpay Nodal,BBAS-ORD-239782 BBAS-ORD-216700 BBAS-ORD-502337 BATCH-BBAS-7202,327606,6552,0,0,321054,INR,2026-08-03T11:51:00Z,BATCH-BBAS-7202
PO_B01_007203,PayU Enterprise,ZOMA-ORD-666767 ZOMA-ORD-922013 BATCH-ZOMA-7203,115668,2313,0,0,113355,INR,2026-08-03T03:39:00Z,BATCH-ZOMA-7203
PO_B01_007204,Cashfree Escrow,MYNT-INV-483560 PO_B01_007204,433718,9098,0,0,424620,INR,2026-08-03T21:51:00Z,BATCH-MYNT-7204
PO_B01_007205,Cashfree Escrow,AMZN-ORD-463657 AMZN-ORD-673796 BATCH-AMZN-7205,370008,7400,0,0,362608,INR,2026-08-03T17:19:00Z,BATCH-AMZN-7205
PO_B01_007206,PayU Enterprise,FLPK-INV-954363 PO_B01_007206,394606,8989,0,0,385617,INR,2026-08-03T03:26:00Z,BATCH-FLPK-7206
PO_B01_007207,BillDesk Settlement,MYNT-ORD-980078 MYNT-ORD-261509 BATCH-MYNT-7207,479139,9582,0,0,469557,INR,2026-08-03T15:23:00Z,BATCH-MYNT-7207
PO_B01_007208,PayU Enterprise,BLNK-INV-335705 PO_B01_007208,428943,6570,0,0,422373,INR,2026-08-03T19:50:00Z,BATCH-BLNK-7208
PO_B01_007209,BillDesk Settlement,AMZN-INV-139609 PO_B01_007209,91132,1991,0,0,89141,INR,2026-08-03T01:19:00Z,BATCH-AMZN-7209
PO_B01_007210,Stripe India,AMZN-EXC-943152-UNRESOLVED,192662,3843,0,0,188819,INR,2026-08-03T17:40:00Z,HOLD-ESCROW
PO_B01_007211,Stripe India,MMTR-INV-658472 PO_B01_007211,357584,7537,0,0,350047,INR,2026-08-03T17:31:00Z,BATCH-MMTR-7211
PO_B01_007212,PayU Enterprise,PHNP-EXC-368439-UNRESOLVED,117585,2341,0,0,115244,INR,2026-08-03T18:41:00Z,HOLD-ESCROW
PO_B01_007213,PayU Enterprise,PHNP-INV-862256 PO_B01_007213,84859,1379,0,0,83480,INR,2026-08-03T12:33:00Z,BATCH-PHNP-7213
PO_B01_007214,BillDesk Settlement,ZOMA-ORD-693979 ZOMA-ORD-289670 BATCH-ZOMA-7214,185897,3717,0,0,182180,INR,2026-08-03T06:54:00Z,BATCH-ZOMA-7214
PO_B01_007215,Stripe India,UBER-INV-460793 PO_B01_007215,356087,5549,0,0,350538,INR,2026-08-03T02:03:00Z,BATCH-UBER-7215
PO_B01_007216,Razorpay Nodal,FLPK-ORD-512660 FLPK-ORD-361376 FLPK-ORD-111246 BATCH-FLPK-7216,343900,6878,0,0,337022,INR,2026-08-02T21:08:00Z,BATCH-FLPK-7216
PO_B01_007217,Stripe India,NYKA-INV-205968 PO_B01_007217,360244,6829,0,0,353415,INR,2026-08-03T03:05:00Z,BATCH-NYKA-7217
PO_B01_007218,PayU Enterprise,ZOMA-INV-447338 PO_B01_007218,139549,3094,0,0,136455,INR,2026-08-03T06:07:00Z,BATCH-ZOMA-7218
PO_B01_007219,Cashfree Escrow,PAYT-INV-211873 PO_B01_007219,218164,4468,0,0,213696,INR,2026-08-03T06:42:00Z,BATCH-PAYT-7219
PO_B01_007220,Razorpay Nodal,BBAS-INV-857290 PO_B01_007220,103545,2235,0,0,101310,INR,2026-08-03T20:07:00Z,BATCH-BBAS-7220
PO_B01_007221,PayU Enterprise,BBAS-ORD-771815 BBAS-ORD-439535 BATCH-BBAS-7221,160628,3212,0,0,157416,INR,2026-08-03T02:35:00Z,BATCH-BBAS-7221
PO_B01_007222,Razorpay Nodal,NYKA-ORD-345679 NYKA-ORD-874472 BATCH-NYKA-7222,79405,1588,0,0,77817,INR,2026-08-03T16:46:00Z,BATCH-NYKA-7222
PO_B01_007223,Stripe India,MMTR-ORD-513874 MMTR-ORD-884832 BATCH-MMTR-7223,384972,7699,0,0,377273,INR,2026-08-03T13:54:00Z,BATCH-MMTR-7223
PO_B01_007224,Razorpay Nodal,UBER-ORD-794861 UBER-ORD-358972 UBER-ORD-547675 BATCH-UBER-7224,323539,6470,0,0,317069,INR,2026-08-03T02:16:00Z,BATCH-UBER-7224
PO_B01_007225,BillDesk Settlement,BBAS-INV-155623 PO_B01_007225,54492,922,0,0,53570,INR,2026-08-03T10:39:00Z,BATCH-BBAS-7225
PO_B01_007226,Stripe India,PAYT-INV-925192 PO_B01_007226,216279,5131,0,0,211148,INR,2026-08-03T08:25:00Z,BATCH-PAYT-7226
PO_B01_007227,BillDesk Settlement,BKMS-INV-507175 PO_B01_007227,84677,1777,0,0,82900,INR,2026-08-03T06:43:00Z,BATCH-BKMS-7227
PO_B01_007228,Cashfree Escrow,UBER-INV-511644 PO_B01_007228,194000,3015,0,0,190985,INR,2026-08-03T14:54:00Z,BATCH-UBER-7228
PO_B01_007229,PayU Enterprise,MMTR-ORD-660417 MMTR-ORD-712444 MMTR-ORD-973456 BATCH-MMTR-7229,440853,8817,0,0,432036,INR,2026-08-03T09:11:00Z,BATCH-MMTR-7229
PO_B01_007230,BillDesk Settlement,OLAA-INV-162166 PO_B01_007230,32651,597,0,0,32054,INR,2026-08-03T20:47:00Z,BATCH-OLAA-7230
PO_B01_007231,Razorpay Nodal,BLNK-INV-886883 PO_B01_007231,415747,9906,0,0,405841,INR,2026-08-03T13:27:00Z,BATCH-BLNK-7231
PO_B01_007232,Razorpay Nodal,JIOO-INV-594849 PO_B01_007232,320703,6249,0,0,314454,INR,2026-08-03T11:19:00Z,BATCH-JIOO-7232
PO_B01_007233,BillDesk Settlement,PAYT-INV-863002 PO_B01_007233,431727,9636,0,0,422091,INR,2026-08-03T19:27:00Z,BATCH-PAYT-7233
PO_B01_007234,Cashfree Escrow,JIOO-INV-769684 PO_B01_007234,314641,4911,0,0,309730,INR,2026-08-03T19:17:00Z,BATCH-JIOO-7234
PO_B01_007235,Razorpay Nodal,NYKA-INV-868869 PO_B01_007235,241687,4029,0,0,237658,INR,2026-08-03T15:31:00Z,BATCH-NYKA-7235
PO_B01_007236,Razorpay Nodal,AMZN-INV-132087 PO_B01_007236,122245,2426,0,0,119819,INR,2026-08-03T12:40:00Z,BATCH-AMZN-7236
PO_B01_007237,PayU Enterprise,AMZN-INV-414198 PO_B01_007237,158512,3917,0,0,154595,INR,2026-08-03T20:49:00Z,BATCH-AMZN-7237
PO_B01_007238,Razorpay Nodal,TATA-ORD-946805 TATA-ORD-588325 BATCH-TATA-7238,343625,6872,0,0,336753,INR,2026-08-03T06:26:00Z,BATCH-TATA-7238
PO_B01_007239,Stripe India,TATA-INV-673553 PO_B01_007239,95089,1960,0,0,93129,INR,2026-08-03T10:21:00Z,BATCH-TATA-7239
PO_B01_007240,Cashfree Escrow,BBAS-INV-629396 PO_B01_007240,131740,2300,0,0,129440,INR,2026-08-03T07:44:00Z,BATCH-BBAS-7240
PO_B01_007241,BillDesk Settlement,PAYT-ORD-802843 PAYT-ORD-675662 BATCH-PAYT-7241,128926,2578,0,0,126348,INR,2026-08-02T23:33:00Z,BATCH-PAYT-7241
PO_B01_007242,Cashfree Escrow,SWIG-EXC-212912-UNRESOLVED,130055,2591,0,0,127464,INR,2026-08-03T09:45:00Z,HOLD-ESCROW
PO_B01_007243,Cashfree Escrow,BKMS-INV-487754 PO_B01_007243,178643,4121,0,0,174522,INR,2026-08-03T11:04:00Z,BATCH-BKMS-7243
PO_B01_007244,PayU Enterprise,JIOO-INV-260604 PO_B01_007244,428034,8728,0,0,419306,INR,2026-08-03T07:49:00Z,BATCH-JIOO-7244
PO_B01_007245,Cashfree Escrow,BKMS-ORD-151436 BKMS-ORD-100887 BKMS-ORD-729746 BATCH-BKMS-7245,488065,9761,0,0,478304,INR,2026-08-03T14:02:00Z,BATCH-BKMS-7245
PO_B01_007246,PayU Enterprise,UBER-INV-131864 PO_B01_007246,159681,3604,0,0,156077,INR,2026-08-03T14:25:00Z,BATCH-UBER-7246
PO_B01_007247,Stripe India,MMTR-INV-136175 PO_B01_007247,270381,4978,0,0,265403,INR,2026-08-02T21:21:00Z,BATCH-MMTR-7247
PO_B01_007248,PayU Enterprise,BBAS-INV-605969 PO_B01_007248,445730,8384,0,0,437346,INR,2026-08-03T07:00:00Z,BATCH-BBAS-7248
PO_B01_007249,BillDesk Settlement,FLPK-ORD-397952 FLPK-ORD-915379 BATCH-FLPK-7249,143709,2874,0,0,140835,INR,2026-08-02T22:34:00Z,BATCH-FLPK-7249
PO_B01_007250,BillDesk Settlement,UBER-INV-933390 PO_B01_007250,437190,9831,0,0,427359,INR,2026-08-03T06:19:00Z,BATCH-UBER-7250
PO_B01_007251,BillDesk Settlement,BLNK-INV-655196 PO_B01_007251,83710,1379,0,0,82331,INR,2026-08-03T12:03:00Z,BATCH-BLNK-7251
PO_B01_007252,BillDesk Settlement,ZOMA-INV-714970 PO_B01_007252,327584,7248,0,0,320336,INR,2026-08-03T01:38:00Z,BATCH-ZOMA-7252
PO_B01_007253,Stripe India,FLPK-ORD-998866 FLPK-ORD-712272 BATCH-FLPK-7253,210086,4201,0,0,205885,INR,2026-08-02T21:01:00Z,BATCH-FLPK-7253
PO_B01_007254,PayU Enterprise,FLPK-INV-386037 PO_B01_007254,288115,6395,0,0,281720,INR,2026-08-03T08:48:00Z,BATCH-FLPK-7254
PO_B01_007255,BillDesk Settlement,PAYT-INV-162990 PO_B01_007255,154064,2399,0,0,151665,INR,2026-08-03T00:42:00Z,BATCH-PAYT-7255
PO_B01_007256,Cashfree Escrow,NYKA-ORD-730342 NYKA-ORD-284859 BATCH-NYKA-7256,225177,4503,0,0,220674,INR,2026-08-03T04:46:00Z,BATCH-NYKA-7256
PO_B01_007257,Stripe India,BBAS-ORD-569081 BBAS-ORD-553337 BATCH-BBAS-7257,174841,3496,0,0,171345,INR,2026-08-03T14:31:00Z,BATCH-BBAS-7257
PO_B01_007258,Cashfree Escrow,PAYT-ORD-471156 PAYT-ORD-368133 PAYT-ORD-854999 BATCH-PAYT-7258,295487,5909,0,0,289578,INR,2026-08-03T18:49:00Z,BATCH-PAYT-7258
PO_B01_007259,BillDesk Settlement,FLPK-INV-941236 PO_B01_007259,419262,8945,0,0,410317,INR,2026-08-03T14:15:00Z,BATCH-FLPK-7259
PO_B01_007260,BillDesk Settlement,PHNP-INV-125881 PO_B01_007260,314079,7407,0,0,306672,INR,2026-08-03T11:05:00Z,BATCH-PHNP-7260
PO_B01_007261,Stripe India,ZOMA-ORD-236425 ZOMA-ORD-552671 ZOMA-ORD-747398 BATCH-ZOMA-7261,526044,10520,0,0,515524,INR,2026-08-03T13:04:00Z,BATCH-ZOMA-7261
PO_B01_007262,BillDesk Settlement,MMTR-INV-720467 PO_B01_007262,245493,3982,0,0,241511,INR,2026-08-02T23:52:00Z,BATCH-MMTR-7262
PO_B01_007263,Cashfree Escrow,ZOMA-INV-156759 PO_B01_007263,405225,8379,0,0,396846,INR,2026-08-03T18:56:00Z,BATCH-ZOMA-7263
PO_B01_007264,BillDesk Settlement,MMTR-INV-526458 PO_B01_007264,126761,2362,0,0,124399,INR,2026-08-03T09:50:00Z,BATCH-MMTR-7264
PO_B01_007265,PayU Enterprise,OLAA-INV-417000 PO_B01_007265,183154,3898,0,0,179256,INR,2026-08-04T01:03:00Z,BATCH-OLAA-7265
PO_B01_007266,PayU Enterprise,ZOMA-EXC-763305-UNRESOLVED,117161,2333,0,0,114828,INR,2026-08-03T21:31:00Z,HOLD-ESCROW
PO_B01_007267,BillDesk Settlement,UBER-EXC-696859-UNRESOLVED,136865,2727,0,0,134138,INR,2026-08-03T12:48:00Z,HOLD-ESCROW
PO_B01_007268,Stripe India,MYNT-INV-968695 PO_B01_007268,246081,3881,0,0,242200,INR,2026-08-03T18:42:00Z,BATCH-MYNT-7268
PO_B01_007269,Razorpay Nodal,NYKA-INV-600089 PO_B01_007269,161075,3210,0,0,157865,INR,2026-08-03T03:17:00Z,BATCH-NYKA-7269
PO_B01_007270,Razorpay Nodal,OLAA-INV-973159 PO_B01_007270,353268,5721,0,0,347547,INR,2026-08-03T10:41:00Z,BATCH-OLAA-7270
PO_B01_007271,PayU Enterprise,TATA-INV-986829 PO_B01_007271,366548,7797,0,0,358751,INR,2026-08-03T06:17:00Z,BATCH-TATA-7271
PO_B01_007272,PayU Enterprise,OLAA-INV-568126 PO_B01_007272,355608,6610,0,0,348998,INR,2026-08-03T06:46:00Z,BATCH-OLAA-7272
PO_B01_007273,BillDesk Settlement,SWIG-INV-688837 PO_B01_007273,235320,5616,0,0,229704,INR,2026-08-03T18:12:00Z,BATCH-SWIG-7273
PO_B01_007274,Razorpay Nodal,PHNP-INV-990912 PO_B01_007274,162372,2475,0,0,159897,INR,2026-08-03T00:09:00Z,BATCH-PHNP-7274
PO_B01_007275,Cashfree Escrow,FLPK-ORD-878066 FLPK-ORD-871932 BATCH-FLPK-7275,317352,6347,0,0,311005,INR,2026-08-02T22:04:00Z,BATCH-FLPK-7275
PO_B01_007276,Stripe India,BBAS-INV-863642 PO_B01_007276,198571,4759,0,0,193812,INR,2026-08-03T11:06:00Z,BATCH-BBAS-7276
PO_B01_007277,PayU Enterprise,JIOO-INV-311264 PO_B01_007277,413432,8511,0,0,404921,INR,2026-08-03T12:25:00Z,BATCH-JIOO-7277
PO_B01_007278,Cashfree Escrow,AMZN-ORD-563441 AMZN-ORD-437905 AMZN-ORD-850276 BATCH-AMZN-7278,638150,12763,0,0,625387,INR,2026-08-03T15:55:00Z,BATCH-AMZN-7278
PO_B01_007279,PayU Enterprise,UBER-ORD-600930 UBER-ORD-432478 BATCH-UBER-7279,305050,6101,0,0,298949,INR,2026-08-03T00:04:00Z,BATCH-UBER-7279
PO_B01_007280,Cashfree Escrow,ZOMA-INV-678663 PO_B01_007280,34805,828,0,0,33977,INR,2026-08-03T07:45:00Z,BATCH-ZOMA-7280
PO_B01_007281,BillDesk Settlement,AMZN-ORD-893728 AMZN-ORD-697039 BATCH-AMZN-7281,292695,5853,0,0,286842,INR,2026-08-03T10:48:00Z,BATCH-AMZN-7281
PO_B01_007282,PayU Enterprise,FLPK-INV-778049 PO_B01_007282,96017,1979,0,0,94038,INR,2026-08-03T08:43:00Z,BATCH-FLPK-7282
PO_B01_007283,Cashfree Escrow,FLPK-INV-243634 PO_B01_007283,422820,10006,0,0,412814,INR,2026-08-03T12:46:00Z,BATCH-FLPK-7283
PO_B01_007284,Stripe India,BBAS-INV-882372 PO_B01_007284,299281,5797,0,0,293484,INR,2026-08-03T07:34:00Z,BATCH-BBAS-7284
PO_B01_007285,Cashfree Escrow,BKMS-INV-860897 PO_B01_007285,124129,2150,0,0,121979,INR,2026-08-03T05:16:00Z,BATCH-BKMS-7285
PO_B01_007286,PayU Enterprise,BBAS-EXC-843224-UNRESOLVED,165703,3304,0,0,162399,INR,2026-08-03T20:33:00Z,HOLD-ESCROW
PO_B01_007287,BillDesk Settlement,PAYT-INV-891395 PO_B01_007287,158308,2696,0,0,155612,INR,2026-08-03T02:28:00Z,BATCH-PAYT-7287
PO_B01_007288,PayU Enterprise,MYNT-INV-454558 PO_B01_007288,328572,7635,0,0,320937,INR,2026-08-03T09:34:00Z,BATCH-MYNT-7288
PO_B01_007289,BillDesk Settlement,JIOO-INV-360111 PO_B01_007289,160924,3714,0,0,157210,INR,2026-08-03T17:06:00Z,BATCH-JIOO-7289
PO_B01_007290,Stripe India,PHNP-EXC-864166-UNRESOLVED,180713,3604,0,0,177109,INR,2026-08-04T08:16:00Z,HOLD-ESCROW
PO_B01_007291,PayU Enterprise,BKMS-INV-436396 PO_B01_007291,170843,3911,0,0,166932,INR,2026-08-03T07:25:00Z,BATCH-BKMS-7291
PO_B01_007292,Razorpay Nodal,PHNP-EXC-975676-UNRESOLVED,104034,2070,0,0,101964,INR,2026-08-04T08:32:00Z,HOLD-ESCROW
PO_B01_007293,Stripe India,OLAA-ORD-860886 OLAA-ORD-244728 OLAA-ORD-225718 BATCH-OLAA-7293,446759,8935,0,0,437824,INR,2026-08-03T19:13:00Z,BATCH-OLAA-7293
PO_B01_007294,PayU Enterprise,PHNP-INV-247893 PO_B01_007294,297880,7037,0,0,290843,INR,2026-08-03T18:23:00Z,BATCH-PHNP-7294
PO_B01_007295,PayU Enterprise,PAYT-ORD-138237 PAYT-ORD-111205 BATCH-PAYT-7295,152518,3050,0,0,149468,INR,2026-08-03T13:31:00Z,BATCH-PAYT-7295
PO_B01_007296,BillDesk Settlement,NYKA-INV-603099 PO_B01_007296,186367,4470,0,0,181897,INR,2026-08-03T15:02:00Z,BATCH-NYKA-7296
PO_B01_007297,PayU Enterprise,MYNT-INV-648524 PO_B01_007297,434863,8238,0,0,426625,INR,2026-08-03T13:32:00Z,BATCH-MYNT-7297
PO_B01_007298,Cashfree Escrow,PAYT-EXC-789929-UNRESOLVED,298047,5950,0,0,292097,INR,2026-08-04T05:02:00Z,HOLD-ESCROW
PO_B01_007299,Razorpay Nodal,PAYT-ORD-488266 PAYT-ORD-486263 PAYT-ORD-445077 BATCH-PAYT-7299,327760,6555,0,0,321205,INR,2026-08-03T04:59:00Z,BATCH-PAYT-7299
PO_B01_007300,Stripe India,UBER-INV-644951 PO_B01_007300,106185,2494,0,0,103691,INR,2026-08-03T05:44:00Z,BATCH-UBER-7300
PO_B01_007301,Stripe India,MMTR-INV-339392 PO_B01_007301,33001,615,0,0,32386,INR,2026-08-03T13:32:00Z,BATCH-MMTR-7301
PO_B01_007302,BillDesk Settlement,BBAS-INV-639740 PO_B01_007302,422075,8818,0,0,413257,INR,2026-08-03T09:43:00Z,BATCH-BBAS-7302
PO_B01_007303,BillDesk Settlement,BBAS-ORD-649428 BBAS-ORD-700008 BBAS-ORD-847238 BATCH-BBAS-7303,452469,9049,0,0,443420,INR,2026-08-03T17:21:00Z,BATCH-BBAS-7303
PO_B01_007304,Cashfree Escrow,PHNP-INV-375631 PO_B01_007304,125476,3034,0,0,122442,INR,2026-08-03T11:16:00Z,BATCH-PHNP-7304
PO_B01_007305,BillDesk Settlement,OLAA-INV-583529 PO_B01_007305,193889,4023,0,0,189866,INR,2026-08-03T17:22:00Z,BATCH-OLAA-7305
PO_B01_007306,Cashfree Escrow,PAYT-ORD-853937 PAYT-ORD-410041 PAYT-ORD-908420 BATCH-PAYT-7306,236516,4730,0,0,231786,INR,2026-08-03T17:40:00Z,BATCH-PAYT-7306
PO_B01_007307,BillDesk Settlement,MYNT-ORD-709798 MYNT-ORD-230260 MYNT-ORD-793944 BATCH-MYNT-7307,243934,4878,0,0,239056,INR,2026-08-03T16:22:00Z,BATCH-MYNT-7307
PO_B01_007308,PayU Enterprise,TATA-INV-504119 PO_B01_007308,444871,9719,0,0,435152,INR,2026-08-03T08:36:00Z,BATCH-TATA-7308
PO_B01_007309,BillDesk Settlement,PAYT-INV-712951 PO_B01_007309,204402,3746,0,0,200656,INR,2026-08-03T21:12:00Z,BATCH-PAYT-7309
PO_B01_007310,Cashfree Escrow,BLNK-INV-876011 PO_B01_007310,218619,3489,0,0,215130,INR,2026-08-03T17:30:00Z,BATCH-BLNK-7310
PO_B01_007311,Stripe India,MYNT-INV-114404 PO_B01_007311,100721,1733,0,0,98988,INR,2026-08-02T22:10:00Z,BATCH-MYNT-7311
PO_B01_007312,Stripe India,PHNP-INV-843788 PO_B01_007312,419561,8545,0,0,411016,INR,2026-08-03T02:17:00Z,BATCH-PHNP-7312
PO_B01_007313,BillDesk Settlement,BKMS-INV-860567 PO_B01_007313,78170,1568,0,0,76602,INR,2026-08-03T04:16:00Z,BATCH-BKMS-7313
PO_B01_007314,Stripe India,NYKA-INV-235891 PO_B01_007314,169896,3176,0,0,166720,INR,2026-08-02T17:32:00Z,BATCH-NYKA-7314
PO_B01_007315,Cashfree Escrow,BLNK-ORD-371903 BLNK-ORD-688563 BATCH-BLNK-7315,68123,1362,0,0,66761,INR,2026-08-03T07:06:00Z,BATCH-BLNK-7315
PO_B01_007316,BillDesk Settlement,SWIG-INV-267507 PO_B01_007316,302195,6905,0,0,295290,INR,2026-08-03T02:23:00Z,BATCH-SWIG-7316
PO_B01_007317,Cashfree Escrow,AMZN-INV-970203 PO_B01_007317,60791,1090,0,0,59701,INR,2026-08-03T10:31:00Z,BATCH-AMZN-7317
PO_B01_007318,Stripe India,PHNP-INV-474690 PO_B01_007318,95532,2255,0,0,93277,INR,2026-08-03T09:40:00Z,BATCH-PHNP-7318
PO_B01_007319,PayU Enterprise,PAYT-INV-828368 PO_B01_007319,101686,2335,0,0,99351,INR,2026-08-03T18:58:00Z,BATCH-PAYT-7319
PO_B01_007320,Razorpay Nodal,AMZN-INV-827220 PO_B01_007320,271529,5687,0,0,265842,INR,2026-08-03T05:01:00Z,BATCH-AMZN-7320
PO_B01_007321,Cashfree Escrow,BLNK-INV-239794 PO_B01_007321,285162,5747,0,0,279415,INR,2026-08-03T12:27:00Z,BATCH-BLNK-7321
PO_B01_007322,Stripe India,AMZN-INV-488040 PO_B01_007322,345626,6219,0,0,339407,INR,2026-08-03T16:51:00Z,BATCH-AMZN-7322
PO_B01_007323,Stripe India,FLPK-INV-422499 PO_B01_007323,213899,4397,0,0,209502,INR,2026-08-03T14:07:00Z,BATCH-FLPK-7323
PO_B01_007324,Cashfree Escrow,JIOO-INV-634238 PO_B01_007324,257091,5219,0,0,251872,INR,2026-08-03T02:25:00Z,BATCH-JIOO-7324
PO_B01_007325,Cashfree Escrow,PHNP-INV-926877 PO_B01_007325,395577,9357,0,0,386220,INR,2026-08-03T06:59:00Z,BATCH-PHNP-7325
PO_B01_007326,Stripe India,OLAA-INV-705790 PO_B01_007326,82942,1800,0,0,81142,INR,2026-08-02T23:15:00Z,BATCH-OLAA-7326
PO_B01_007327,Stripe India,BKMS-INV-440033 PO_B01_007327,407070,8741,0,0,398329,INR,2026-08-03T06:40:00Z,BATCH-BKMS-7327
PO_B01_007328,Stripe India,PAYT-INV-154900 PO_B01_007328,96994,1936,0,0,95058,INR,2026-08-03T13:09:00Z,BATCH-PAYT-7328
PO_B01_007329,Cashfree Escrow,MYNT-ORD-831891 MYNT-ORD-941852 MYNT-ORD-489294 BATCH-MYNT-7329,569219,11384,0,0,557835,INR,2026-08-03T14:55:00Z,BATCH-MYNT-7329
PO_B01_007330,Razorpay Nodal,TATA-INV-483184 PO_B01_007330,435449,10667,0,0,424782,INR,2026-08-03T04:48:00Z,BATCH-TATA-7330
PO_B01_007331,Razorpay Nodal,JIOO-INV-228211 PO_B01_007331,194778,3070,0,0,191708,INR,2026-08-02T22:04:00Z,BATCH-JIOO-7331
PO_B01_007332,Stripe India,UBER-INV-418631 PO_B01_007332,42274,724,0,0,41550,INR,2026-08-03T04:51:00Z,BATCH-UBER-7332
PO_B01_007333,Cashfree Escrow,ZOMA-ORD-894765 ZOMA-ORD-340688 ZOMA-ORD-360039 BATCH-ZOMA-7333,583874,11677,0,0,572197,INR,2026-08-03T14:13:00Z,BATCH-ZOMA-7333
PO_B01_007334,Stripe India,FLPK-INV-460254 PO_B01_007334,231753,5717,0,0,226036,INR,2026-08-02T20:54:00Z,BATCH-FLPK-7334
PO_B01_007335,Stripe India,BBAS-INV-913779 PO_B01_007335,207107,3298,0,0,203809,INR,2026-08-03T03:32:00Z,BATCH-BBAS-7335
PO_B01_007336,Cashfree Escrow,ZOMA-ORD-216243 ZOMA-ORD-646323 ZOMA-ORD-577927 BATCH-ZOMA-7336,414456,8289,0,0,406167,INR,2026-08-03T18:09:00Z,BATCH-ZOMA-7336
PO_B01_007337,PayU Enterprise,PHNP-INV-489354 PO_B01_007337,151090,3279,0,0,147811,INR,2026-08-03T11:49:00Z,BATCH-PHNP-7337
PO_B01_007338,Stripe India,FLPK-INV-289775 PO_B01_007338,56974,1390,0,0,55584,INR,2026-08-02T20:49:00Z,BATCH-FLPK-7338
PO_B01_007339,BillDesk Settlement,SWIG-ORD-128950 SWIG-ORD-857705 SWIG-ORD-378780 BATCH-SWIG-7339,569962,11399,0,0,558563,INR,2026-08-03T15:16:00Z,BATCH-SWIG-7339
PO_B01_007340,Stripe India,BKMS-INV-651668 PO_B01_007340,56896,1286,0,0,55610,INR,2026-08-03T06:17:00Z,BATCH-BKMS-7340
PO_B01_007341,Stripe India,PHNP-INV-881239 PO_B01_007341,104559,1995,0,0,102564,INR,2026-08-03T11:41:00Z,BATCH-PHNP-7341
PO_B01_007342,PayU Enterprise,PAYT-INV-713697 PO_B01_007342,285544,6358,0,0,279186,INR,2026-08-03T12:04:00Z,BATCH-PAYT-7342
PO_B01_007343,PayU Enterprise,NYKA-ORD-679622 NYKA-ORD-752708 NYKA-ORD-726212 BATCH-NYKA-7343,196584,3931,0,0,192653,INR,2026-08-02T23:01:00Z,BATCH-NYKA-7343
PO_B01_007344,BillDesk Settlement,TATA-INV-183579 PO_B01_007344,236888,4437,0,0,232451,INR,2026-08-03T13:32:00Z,BATCH-TATA-7344
PO_B01_007345,PayU Enterprise,BLNK-INV-243748 PO_B01_007345,124892,2552,0,0,122340,INR,2026-08-03T23:47:00Z,BATCH-BLNK-7345
PO_B01_007346,BillDesk Settlement,MMTR-ORD-867157 MMTR-ORD-643286 MMTR-ORD-972131 BATCH-MMTR-7346,343950,6879,0,0,337071,INR,2026-08-03T09:41:00Z,BATCH-MMTR-7346
PO_B01_007347,BillDesk Settlement,MMTR-EXC-397235-UNRESOLVED,241532,4820,0,0,236712,INR,2026-08-03T22:21:00Z,HOLD-ESCROW
PO_B01_007348,PayU Enterprise,JIOO-INV-515546 PO_B01_007348,279207,6552,0,0,272655,INR,2026-08-03T16:53:00Z,BATCH-JIOO-7348
PO_B01_007349,Cashfree Escrow,PAYT-INV-263994 PO_B01_007349,218775,4543,0,0,214232,INR,2026-08-02T21:25:00Z,BATCH-PAYT-7349
PO_B01_007350,Cashfree Escrow,JIOO-INV-576635 PO_B01_007350,397088,8231,0,0,388857,INR,2026-08-02T23:32:00Z,BATCH-JIOO-7350
PO_B01_007351,Razorpay Nodal,NYKA-ORD-459091 NYKA-ORD-549753 BATCH-NYKA-7351,344328,6886,0,0,337442,INR,2026-08-03T16:19:00Z,BATCH-NYKA-7351
PO_B01_007352,BillDesk Settlement,TATA-ORD-683399 TATA-ORD-507271 BATCH-TATA-7352,266835,5336,0,0,261499,INR,2026-08-03T04:19:00Z,BATCH-TATA-7352
PO_B01_007353,Razorpay Nodal,PAYT-INV-807282 PO_B01_007353,435570,8003,0,0,427567,INR,2026-08-03T20:22:00Z,BATCH-PAYT-7353
PO_B01_007354,Cashfree Escrow,JIOO-ORD-388762 JIOO-ORD-529550 BATCH-JIOO-7354,251800,5036,0,0,246764,INR,2026-08-02T23:55:00Z,BATCH-JIOO-7354
PO_B01_007355,BillDesk Settlement,BKMS-INV-624493 PO_B01_007355,151177,2325,0,0,148852,INR,2026-08-03T19:21:00Z,BATCH-BKMS-7355
PO_B01_007356,Stripe India,AMZN-ORD-842558 AMZN-ORD-608816 BATCH-AMZN-7356,362466,7249,0,0,355217,INR,2026-08-03T03:31:00Z,BATCH-AMZN-7356
PO_B01_007357,Stripe India,OLAA-INV-128893 PO_B01_007357,54716,1119,0,0,53597,INR,2026-08-03T03:14:00Z,BATCH-OLAA-7357
PO_B01_007358,BillDesk Settlement,SWIG-INV-396017 PO_B01_007358,48982,1201,0,0,47781,INR,2026-08-02T20:35:00Z,BATCH-SWIG-7358
PO_B01_007359,PayU Enterprise,JIOO-INV-663463 PO_B01_007359,401639,10004,0,0,391635,INR,2026-08-03T03:11:00Z,BATCH-JIOO-7359
PO_B01_007360,Cashfree Escrow,OLAA-ORD-977025 OLAA-ORD-246632 OLAA-ORD-727075 BATCH-OLAA-7360,460124,9202,0,0,450922,INR,2026-08-03T03:57:00Z,BATCH-OLAA-7360
PO_B01_007361,BillDesk Settlement,NYKA-ORD-367019 NYKA-ORD-876934 NYKA-ORD-143488 BATCH-NYKA-7361,252404,5048,0,0,247356,INR,2026-08-03T01:42:00Z,BATCH-NYKA-7361
PO_B01_007362,Stripe India,MMTR-INV-151546 PO_B01_007362,346595,5766,0,0,340829,INR,2026-08-03T04:31:00Z,BATCH-MMTR-7362
PO_B01_007363,PayU Enterprise,TATA-INV-298327 PO_B01_007363,350372,7299,0,0,343073,INR,2026-08-03T12:40:00Z,BATCH-TATA-7363
PO_B01_007364,BillDesk Settlement,BKMS-INV-127336 PO_B01_007364,175471,3513,0,0,171958,INR,2026-08-03T13:19:00Z,BATCH-BKMS-7364
PO_B01_007365,Razorpay Nodal,PAYT-ORD-821344 PAYT-ORD-813431 BATCH-PAYT-7365,392033,7840,0,0,384193,INR,2026-08-03T08:49:00Z,BATCH-PAYT-7365
PO_B01_007366,BillDesk Settlement,NYKA-INV-242405 PO_B01_007366,262917,5944,0,0,256973,INR,2026-08-03T21:30:00Z,BATCH-NYKA-7366
PO_B01_007367,BillDesk Settlement,UBER-INV-731604 PO_B01_007367,357866,7758,0,0,350108,INR,2026-08-03T19:45:00Z,BATCH-UBER-7367
PO_B01_007368,PayU Enterprise,AMZN-ORD-335962 AMZN-ORD-371620 BATCH-AMZN-7368,280275,5605,0,0,274670,INR,2026-08-03T15:43:00Z,BATCH-AMZN-7368
PO_B01_007369,Stripe India,TATA-INV-599169 PO_B01_007369,97388,1940,0,0,95448,INR,2026-08-03T04:07:00Z,BATCH-TATA-7369
PO_B01_007370,Stripe India,ZOMA-ORD-980250 ZOMA-ORD-591712 ZOMA-ORD-453179 BATCH-ZOMA-7370,422434,8448,0,0,413986,INR,2026-08-03T12:01:00Z,BATCH-ZOMA-7370
PO_B01_007371,Razorpay Nodal,MYNT-INV-276824 PO_B01_007371,262919,6337,0,0,256582,INR,2026-08-03T19:33:00Z,BATCH-MYNT-7371
PO_B01_007372,Stripe India,SWIG-INV-126379 PO_B01_007372,145605,3039,0,0,142566,INR,2026-08-03T14:49:00Z,BATCH-SWIG-7372
PO_B01_007373,Stripe India,TATA-INV-273708 PO_B01_007373,358579,8930,0,0,349649,INR,2026-08-03T09:27:00Z,BATCH-TATA-7373
PO_B01_007374,PayU Enterprise,SWIG-INV-581822 PO_B01_007374,51176,1185,0,0,49991,INR,2026-08-03T12:37:00Z,BATCH-SWIG-7374
PO_B01_007375,PayU Enterprise,UBER-EXC-580999-UNRESOLVED,273034,5450,0,0,267584,INR,2026-08-04T01:55:00Z,HOLD-ESCROW
PO_B01_007376,Cashfree Escrow,OLAA-INV-599446 PO_B01_007376,281107,5420,0,0,275687,INR,2026-08-03T07:26:00Z,BATCH-OLAA-7376
PO_B01_007377,BillDesk Settlement,BBAS-ORD-807742 BBAS-ORD-856194 BBAS-ORD-772451 BATCH-BBAS-7377,352712,7054,0,0,345658,INR,2026-08-03T05:24:00Z,BATCH-BBAS-7377
PO_B01_007378,Razorpay Nodal,MYNT-ORD-354729 MYNT-ORD-772703 BATCH-MYNT-7378,187880,3757,0,0,184123,INR,2026-08-03T12:19:00Z,BATCH-MYNT-7378
PO_B01_007379,Cashfree Escrow,PAYT-ORD-863961 PAYT-ORD-142871 PAYT-ORD-516398 BATCH-PAYT-7379,317619,6352,0,0,311267,INR,2026-08-03T00:42:00Z,BATCH-PAYT-7379
PO_B01_007380,Cashfree Escrow,PHNP-ORD-958514 PHNP-ORD-961004 BATCH-PHNP-7380,265637,5312,0,0,260325,INR,2026-08-03T07:23:00Z,BATCH-PHNP-7380
PO_B01_007381,Cashfree Escrow,SWIG-ORD-625111 SWIG-ORD-288307 BATCH-SWIG-7381,286864,5737,0,0,281127,INR,2026-08-03T16:27:00Z,BATCH-SWIG-7381
PO_B01_007382,Cashfree Escrow,BLNK-ORD-775446 BLNK-ORD-828045 BATCH-BLNK-7382,96541,1930,0,0,94611,INR,2026-08-03T09:22:00Z,BATCH-BLNK-7382
PO_B01_007383,Stripe India,MYNT-EXC-331826-UNRESOLVED,290636,5802,0,0,284834,INR,2026-08-04T02:26:00Z,HOLD-ESCROW
PO_B01_007384,Razorpay Nodal,TATA-ORD-590504 TATA-ORD-550567 BATCH-TATA-7384,211755,4235,0,0,207520,INR,2026-08-03T02:32:00Z,BATCH-TATA-7384
PO_B01_007385,PayU Enterprise,MYNT-ORD-552322 MYNT-ORD-192215 BATCH-MYNT-7385,278303,5566,0,0,272737,INR,2026-08-03T04:37:00Z,BATCH-MYNT-7385
PO_B01_007386,Stripe India,SWIG-INV-773571 PO_B01_007386,67476,1254,0,0,66222,INR,2026-08-03T10:54:00Z,BATCH-SWIG-7386
PO_B01_007387,Cashfree Escrow,AMZN-INV-850856 PO_B01_007387,116129,1858,0,0,114271,INR,2026-08-02T16:07:00Z,BATCH-AMZN-7387
PO_B01_007388,BillDesk Settlement,ZOMA-INV-787479 PO_B01_007388,375607,8826,0,0,366781,INR,2026-08-03T10:33:00Z,BATCH-ZOMA-7388
PO_B01_007389,Razorpay Nodal,BBAS-EXC-595602-UNRESOLVED,170005,3390,0,0,166615,INR,2026-08-03T23:35:00Z,HOLD-ESCROW
PO_B01_007390,Stripe India,NYKA-INV-332851 PO_B01_007390,41628,862,0,0,40766,INR,2026-08-03T23:40:00Z,BATCH-NYKA-7390
PO_B01_007391,BillDesk Settlement,JIOO-INV-243493 PO_B01_007391,437937,8474,0,0,429463,INR,2026-08-03T02:18:00Z,BATCH-JIOO-7391
PO_B01_007392,Stripe India,NYKA-INV-677540 PO_B01_007392,294916,6776,0,0,288140,INR,2026-08-03T06:45:00Z,BATCH-NYKA-7392
PO_B01_007393,PayU Enterprise,AMZN-INV-965362 PO_B01_007393,322266,7779,0,0,314487,INR,2026-08-02T19:20:00Z,BATCH-AMZN-7393
PO_B01_007394,Razorpay Nodal,SWIG-ORD-526119 SWIG-ORD-742467 SWIG-ORD-397549 BATCH-SWIG-7394,403706,8074,0,0,395632,INR,2026-08-03T19:14:00Z,BATCH-SWIG-7394
PO_B01_007395,Cashfree Escrow,MYNT-INV-118458 PO_B01_007395,300661,7515,0,0,293146,INR,2026-08-02T21:01:00Z,BATCH-MYNT-7395
PO_B01_007396,PayU Enterprise,FLPK-INV-576680 PO_B01_007396,398354,8097,0,0,390257,INR,2026-08-03T11:29:00Z,BATCH-FLPK-7396
PO_B01_007397,Stripe India,OLAA-ORD-136315 OLAA-ORD-315612 OLAA-ORD-564841 BATCH-OLAA-7397,247090,4941,0,0,242149,INR,2026-08-03T02:04:00Z,BATCH-OLAA-7397
PO_B01_007398,PayU Enterprise,PAYT-INV-679793 PO_B01_007398,446066,9981,0,0,436085,INR,2026-08-02T16:49:00Z,BATCH-PAYT-7398
PO_B01_007399,BillDesk Settlement,UBER-INV-765129 PO_B01_007399,365026,7665,0,0,357361,INR,2026-08-03T23:15:00Z,BATCH-UBER-7399
PO_B01_007400,BillDesk Settlement,OLAA-INV-617067 PO_B01_007400,247244,5579,0,0,241665,INR,2026-08-03T10:31:00Z,BATCH-OLAA-7400
PO_B01_007401,Stripe India,NYKA-ORD-671827 NYKA-ORD-405032 BATCH-NYKA-7401,350014,7000,0,0,343014,INR,2026-08-03T07:52:00Z,BATCH-NYKA-7401
PO_B01_007402,Cashfree Escrow,BKMS-INV-809417 PO_B01_007402,94141,1713,0,0,92428,INR,2026-08-02T21:45:00Z,BATCH-BKMS-7402
PO_B01_007403,Cashfree Escrow,UBER-INV-281459 PO_B01_007403,111524,2495,0,0,109029,INR,2026-08-03T00:14:00Z,BATCH-UBER-7403
PO_B01_007404,PayU Enterprise,AMZN-INV-532091 PO_B01_007404,415594,6510,0,0,409084,INR,2026-08-02T20:03:00Z,BATCH-AMZN-7404
PO_B01_007405,Cashfree Escrow,AMZN-INV-680849 PO_B01_007405,353857,7733,0,0,346124,INR,2026-08-03T07:49:00Z,BATCH-AMZN-7405
PO_B01_007406,PayU Enterprise,ZOMA-INV-822780 PO_B01_007406,220444,4491,0,0,215953,INR,2026-08-03T05:17:00Z,BATCH-ZOMA-7406
PO_B01_007407,BillDesk Settlement,PAYT-ORD-719543 PAYT-ORD-175534 BATCH-PAYT-7407,197843,3956,0,0,193887,INR,2026-08-03T00:59:00Z,BATCH-PAYT-7407
PO_B01_007408,Stripe India,MMTR-INV-514156 PO_B01_007408,188451,3101,0,0,185350,INR,2026-08-03T02:28:00Z,BATCH-MMTR-7408
PO_B01_007409,Stripe India,MMTR-EXC-765841-UNRESOLVED,213802,4266,0,0,209536,INR,2026-08-04T06:03:00Z,HOLD-ESCROW
PO_B01_007410,Cashfree Escrow,UBER-INV-977087 PO_B01_007410,323166,7344,0,0,315822,INR,2026-08-03T13:48:00Z,BATCH-UBER-7410
PO_B01_007411,Razorpay Nodal,BBAS-EXC-831488-UNRESOLVED,128002,2550,0,0,125452,INR,2026-08-04T07:48:00Z,HOLD-ESCROW
PO_B01_007412,BillDesk Settlement,BKMS-ORD-435090 BKMS-ORD-722160 BATCH-BKMS-7412,449167,8983,0,0,440184,INR,2026-08-02T22:38:00Z,BATCH-BKMS-7412
PO_B01_007413,PayU Enterprise,TATA-INV-735937 PO_B01_007413,349457,7228,0,0,342229,INR,2026-08-03T00:06:00Z,BATCH-TATA-7413
PO_B01_007414,Razorpay Nodal,SWIG-ORD-527127 SWIG-ORD-295304 SWIG-ORD-323436 BATCH-SWIG-7414,381134,7622,0,0,373512,INR,2026-08-03T14:36:00Z,BATCH-SWIG-7414
PO_B01_007415,Cashfree Escrow,PHNP-INV-806690 PO_B01_007415,165138,2631,0,0,162507,INR,2026-08-02T22:33:00Z,BATCH-PHNP-7415
PO_B01_007416,PayU Enterprise,ZOMA-EXC-468801-UNRESOLVED,171057,3411,0,0,167646,INR,2026-08-04T04:37:00Z,HOLD-ESCROW
PO_B01_007417,PayU Enterprise,FLPK-INV-176385 PO_B01_007417,115391,2146,0,0,113245,INR,2026-08-03T19:28:00Z,BATCH-FLPK-7417
PO_B01_007418,Stripe India,MYNT-INV-394175 PO_B01_007418,251573,4804,0,0,246769,INR,2026-08-02T18:24:00Z,BATCH-MYNT-7418
PO_B01_007419,PayU Enterprise,UBER-INV-421801 PO_B01_007419,166555,2948,0,0,163607,INR,2026-08-03T08:07:00Z,BATCH-UBER-7419
PO_B01_007420,Cashfree Escrow,AMZN-ORD-510479 AMZN-ORD-854688 AMZN-ORD-435294 BATCH-AMZN-7420,511336,10226,0,0,501110,INR,2026-08-03T14:37:00Z,BATCH-AMZN-7420
PO_B01_007421,Stripe India,NYKA-INV-373600 PO_B01_007421,38980,770,0,0,38210,INR,2026-08-03T10:06:00Z,BATCH-NYKA-7421
PO_B01_007422,Stripe India,BLNK-INV-312731 PO_B01_007422,84577,1699,0,0,82878,INR,2026-08-03T17:36:00Z,BATCH-BLNK-7422
PO_B01_007423,Razorpay Nodal,PAYT-INV-628724 PO_B01_007423,94662,1649,0,0,93013,INR,2026-08-03T20:38:00Z,BATCH-PAYT-7423
PO_B01_007424,Cashfree Escrow,SWIG-ORD-573459 SWIG-ORD-222153 BATCH-SWIG-7424,263356,5267,0,0,258089,INR,2026-08-03T08:49:00Z,BATCH-SWIG-7424
PO_B01_007425,Razorpay Nodal,BLNK-INV-618128 PO_B01_007425,123745,2740,0,0,121005,INR,2026-08-03T18:29:00Z,BATCH-BLNK-7425
PO_B01_007426,PayU Enterprise,NYKA-ORD-138691 NYKA-ORD-138145 NYKA-ORD-933159 BATCH-NYKA-7426,371893,7437,0,0,364456,INR,2026-08-03T14:04:00Z,BATCH-NYKA-7426
PO_B01_007427,Cashfree Escrow,SWIG-ORD-265684 SWIG-ORD-569340 SWIG-ORD-649342 BATCH-SWIG-7427,230599,4611,0,0,225988,INR,2026-08-03T02:17:00Z,BATCH-SWIG-7427
PO_B01_007428,Cashfree Escrow,OLAA-INV-341528 PO_B01_007428,192499,4366,0,0,188133,INR,2026-08-03T04:44:00Z,BATCH-OLAA-7428
PO_B01_007429,BillDesk Settlement,ZOMA-INV-217629 PO_B01_007429,95462,1924,0,0,93538,INR,2026-08-03T06:06:00Z,BATCH-ZOMA-7429
PO_B01_007430,PayU Enterprise,PAYT-INV-679985 PO_B01_007430,231213,4915,0,0,226298,INR,2026-08-03T19:57:00Z,BATCH-PAYT-7430
PO_B01_007431,PayU Enterprise,PHNP-INV-696611 PO_B01_007431,280428,6506,0,0,273922,INR,2026-08-02T22:34:00Z,BATCH-PHNP-7431
PO_B01_007432,Razorpay Nodal,BLNK-INV-674704 PO_B01_007432,245970,3708,0,0,242262,INR,2026-08-03T13:14:00Z,BATCH-BLNK-7432
PO_B01_007433,Razorpay Nodal,AMZN-ORD-831764 AMZN-ORD-525483 BATCH-AMZN-7433,415229,8304,0,0,406925,INR,2026-08-03T11:12:00Z,BATCH-AMZN-7433
PO_B01_007434,Cashfree Escrow,SWIG-INV-940475 PO_B01_007434,373409,6049,0,0,367360,INR,2026-08-04T01:32:00Z,BATCH-SWIG-7434
PO_B01_007435,PayU Enterprise,TATA-INV-994787 PO_B01_007435,251509,3967,0,0,247542,INR,2026-08-02T23:17:00Z,BATCH-TATA-7435
PO_B01_007436,BillDesk Settlement,SWIG-INV-569747 PO_B01_007436,276411,4179,0,0,272232,INR,2026-08-03T00:45:00Z,BATCH-SWIG-7436
PO_B01_007437,Razorpay Nodal,MYNT-INV-466779 PO_B01_007437,156160,3599,0,0,152561,INR,2026-08-03T16:32:00Z,BATCH-MYNT-7437
PO_B01_007438,Stripe India,SWIG-INV-595280 PO_B01_007438,272174,5845,0,0,266329,INR,2026-08-02T20:17:00Z,BATCH-SWIG-7438
PO_B01_007439,PayU Enterprise,FLPK-INV-922752 PO_B01_007439,193206,4211,0,0,188995,INR,2026-08-03T16:38:00Z,BATCH-FLPK-7439
PO_B01_007440,Razorpay Nodal,PHNP-INV-316570 PO_B01_007440,117960,2864,0,0,115096,INR,2026-08-02T23:17:00Z,BATCH-PHNP-7440
PO_B01_007441,Stripe India,TATA-INV-182659 PO_B01_007441,65655,1038,0,0,64617,INR,2026-08-03T02:22:00Z,BATCH-TATA-7441
PO_B01_007442,Razorpay Nodal,TATA-ORD-562752 TATA-ORD-735336 TATA-ORD-668775 BATCH-TATA-7442,468090,9361,0,0,458729,INR,2026-08-02T21:22:00Z,BATCH-TATA-7442
PO_B01_007443,Cashfree Escrow,MYNT-ORD-258588 MYNT-ORD-703145 BATCH-MYNT-7443,98838,1976,0,0,96862,INR,2026-08-03T05:11:00Z,BATCH-MYNT-7443
PO_B01_007444,PayU Enterprise,FLPK-INV-230376 PO_B01_007444,56060,1273,0,0,54787,INR,2026-08-03T15:15:00Z,BATCH-FLPK-7444
PO_B01_007445,Cashfree Escrow,SWIG-INV-881013 PO_B01_007445,422641,6899,0,0,415742,INR,2026-08-03T16:38:00Z,BATCH-SWIG-7445
PO_B01_007446,Cashfree Escrow,TATA-INV-359929 PO_B01_007446,92110,1941,0,0,90169,INR,2026-08-02T23:15:00Z,BATCH-TATA-7446
PO_B01_007447,Razorpay Nodal,SWIG-INV-872314 PO_B01_007447,339114,6110,0,0,333004,INR,2026-08-03T15:14:00Z,BATCH-SWIG-7447
PO_B01_007448,Cashfree Escrow,MMTR-INV-750119 PO_B01_007448,438250,7208,0,0,431042,INR,2026-08-03T19:10:00Z,BATCH-MMTR-7448
PO_B01_007449,Cashfree Escrow,OLAA-INV-732393 PO_B01_007449,89522,1958,0,0,87564,INR,2026-08-03T07:28:00Z,BATCH-OLAA-7449
PO_B01_007450,Cashfree Escrow,MMTR-ORD-516706 MMTR-ORD-584338 BATCH-MMTR-7450,255679,5113,0,0,250566,INR,2026-08-03T07:32:00Z,BATCH-MMTR-7450
PO_B01_007451,Stripe India,NYKA-INV-455044 PO_B01_007451,372362,7791,0,0,364571,INR,2026-08-03T16:37:00Z,BATCH-NYKA-7451
PO_B01_007452,Cashfree Escrow,BBAS-EXC-530044-UNRESOLVED,154038,3070,0,0,150968,INR,2026-08-03T19:50:00Z,HOLD-ESCROW
PO_B01_007453,Cashfree Escrow,OLAA-INV-655602 PO_B01_007453,385792,6421,0,0,379371,INR,2026-08-02T21:30:00Z,BATCH-OLAA-7453
PO_B01_007454,PayU Enterprise,PAYT-INV-209405 PO_B01_007454,240476,3861,0,0,236615,INR,2026-08-03T09:09:00Z,BATCH-PAYT-7454
PO_B01_007455,Cashfree Escrow,UBER-EXC-578896-UNRESOLVED,147295,2935,0,0,144360,INR,2026-08-04T00:45:00Z,HOLD-ESCROW
PO_B01_007456,BillDesk Settlement,TATA-ORD-985702 TATA-ORD-960167 BATCH-TATA-7456,400971,8019,0,0,392952,INR,2026-08-03T07:12:00Z,BATCH-TATA-7456
PO_B01_007457,Stripe India,BKMS-INV-245228 PO_B01_007457,403590,6087,0,0,397503,INR,2026-08-03T19:13:00Z,BATCH-BKMS-7457
PO_B01_007458,BillDesk Settlement,NYKA-INV-877409 PO_B01_007458,187490,4087,0,0,183403,INR,2026-08-03T13:43:00Z,BATCH-NYKA-7458
PO_B01_007459,PayU Enterprise,BLNK-INV-846945 PO_B01_007459,74261,1753,0,0,72508,INR,2026-08-03T02:35:00Z,BATCH-BLNK-7459
PO_B01_007460,Stripe India,JIOO-INV-966760 PO_B01_007460,154822,2340,0,0,152482,INR,2026-08-03T08:28:00Z,BATCH-JIOO-7460
PO_B01_007461,Stripe India,BKMS-INV-557590 PO_B01_007461,248559,3735,0,0,244824,INR,2026-08-03T07:51:00Z,BATCH-BKMS-7461
PO_B01_007462,Cashfree Escrow,BBAS-INV-608193 PO_B01_007462,365448,8904,0,0,356544,INR,2026-08-03T17:40:00Z,BATCH-BBAS-7462
PO_B01_007463,PayU Enterprise,AMZN-INV-821380 PO_B01_007463,90982,2209,0,0,88773,INR,2026-08-02T20:00:00Z,BATCH-AMZN-7463
PO_B01_007464,Stripe India,AMZN-INV-133283 PO_B01_007464,349518,7883,0,0,341635,INR,2026-08-03T07:44:00Z,BATCH-AMZN-7464
PO_B01_007465,Cashfree Escrow,TATA-INV-340943 PO_B01_007465,260127,6428,0,0,253699,INR,2026-08-02T23:36:00Z,BATCH-TATA-7465
PO_B01_007466,BillDesk Settlement,UBER-INV-607376 PO_B01_007466,227323,3466,0,0,223857,INR,2026-08-03T05:41:00Z,BATCH-UBER-7466
PO_B01_007467,PayU Enterprise,PHNP-INV-569510 PO_B01_007467,393560,6809,0,0,386751,INR,2026-08-02T23:47:00Z,BATCH-PHNP-7467
PO_B01_007468,Cashfree Escrow,PAYT-INV-885165 PO_B01_007468,37088,910,0,0,36178,INR,2026-08-03T08:13:00Z,BATCH-PAYT-7468
PO_B01_007469,BillDesk Settlement,BKMS-INV-913323 PO_B01_007469,242482,5807,0,0,236675,INR,2026-08-03T21:39:00Z,BATCH-BKMS-7469
PO_B01_007470,Stripe India,AMZN-ORD-663060 AMZN-ORD-858117 AMZN-ORD-769417 BATCH-AMZN-7470,465215,9304,0,0,455911,INR,2026-08-03T17:26:00Z,BATCH-AMZN-7470
PO_B01_007471,Razorpay Nodal,OLAA-INV-309465 PO_B01_007471,112850,1738,0,0,111112,INR,2026-08-02T19:27:00Z,BATCH-OLAA-7471
PO_B01_007472,Razorpay Nodal,NYKA-INV-576378 PO_B01_007472,92761,1449,0,0,91312,INR,2026-08-03T11:38:00Z,BATCH-NYKA-7472
PO_B01_007473,Cashfree Escrow,AMZN-INV-374581 PO_B01_007473,333059,5190,0,0,327869,INR,2026-08-03T18:18:00Z,BATCH-AMZN-7473
PO_B01_007474,Stripe India,PHNP-INV-947258 PO_B01_007474,99234,1636,0,0,97598,INR,2026-08-03T11:26:00Z,BATCH-PHNP-7474
PO_B01_007475,Cashfree Escrow,MMTR-INV-583257 PO_B01_007475,117557,1920,0,0,115637,INR,2026-08-03T00:43:00Z,BATCH-MMTR-7475
PO_B01_007476,Stripe India,ZOMA-INV-623155 PO_B01_007476,112384,2095,0,0,110289,INR,2026-08-03T01:44:00Z,BATCH-ZOMA-7476
PO_B01_007477,BillDesk Settlement,AMZN-ORD-819236 AMZN-ORD-924589 BATCH-AMZN-7477,58299,1165,0,0,57134,INR,2026-08-03T10:24:00Z,BATCH-AMZN-7477
PO_B01_007478,BillDesk Settlement,FLPK-EXC-555121-UNRESOLVED,65127,1292,0,0,63835,INR,2026-08-03T14:34:00Z,HOLD-ESCROW
PO_B01_007479,Stripe India,MYNT-ORD-345562 MYNT-ORD-455619 BATCH-MYNT-7479,306419,6128,0,0,300291,INR,2026-08-03T19:36:00Z,BATCH-MYNT-7479
PO_B01_007480,BillDesk Settlement,OLAA-ORD-822564 BATCH-OLAA-7480,30750,615,0,0,30135,INR,2026-08-02T22:26:00Z,BATCH-OLAA-7480
